sample_key,run_id,sample_id,split,group,generation,fitness_band,actual_mean_torque,predicted_mean_torque,residual_mean_torque
improved_dataset_1000_20260807_001:S000002,improved_dataset_1000_20260807_001,S000002,train,TOPO-0000,0,B6,0.07443322059187024,0.06664068505684845,-0.007792535535021794
improved_dataset_1000_20260807_001:S000003,improved_dataset_1000_20260807_001,S000003,train,TOPO-0001,0,B1,0.051153971383218644,0.04603824500624626,-0.005115726376972385
improved_dataset_1000_20260807_001:S000004,improved_dataset_1000_20260807_001,S000004,train,TOPO-0002,0,B3,0.09164278164690956,0.08183392869317202,-0.00980885295373754
improved_dataset_1000_20260807_001:S000005,improved_dataset_1000_20260807_001,S000005,train,TOPO-0003,0,B1,0.5709940077167563,0.554852640029811,-0.016141367686945296
improved_dataset_1000_20260807_001:S000008,improved_dataset_1000_20260807_001,S000008,train,TOPO-0006,0,B1,0.7143149326727893,0.7092410095704582,-0.005073923102331124
improved_dataset_1000_20260807_001:S000009,improved_dataset_1000_20260807_001,S000009,train,TOPO-0007,0,B1,0.4478046650898859,0.4573994097737477,0.009594744683861789
improved_dataset_1000_20260807_001:S000010,improved_dataset_1000_20260807_001,S000010,train,TOPO-0008,0,B1,0.08014903573865056,0.08045333411317662,0.00030429837452605746
improved_dataset_1000_20260807_001:S000011,improved_dataset_1000_20260807_001,S000011,train,TOPO-0009,0,B1,0.054645299852892903,0.06675692394210675,0.012111624089213846
improved_dataset_1000_20260807_001:S000012,improved_dataset_1000_20260807_001,S000012,train,TOPO-0010,0,B1,0.8657992452980855,0.8750774728969698,0.009278227598884303
improved_dataset_1000_20260807_001:S000013,improved_dataset_1000_20260807_001,S000013,train,TOPO-0011,0,B1,0.06451050435746858,0.054806362161268884,-0.009704142196199694
improved_dataset_1000_20260807_001:S000015,improved_dataset_1000_20260807_001,S000015,train,TOPO-0013,0,B1,0.7643331584940025,0.7436256209595333,-0.02070753753446919
improved_dataset_1000_20260807_001:S000016,improved_dataset_1000_20260807_001,S000016,train,TOPO-0014,0,B1,0.10679499546125032,0.11186624831035533,0.005071252849105007
improved_dataset_1000_20260807_001:S000017,improved_dataset_1000_20260807_001,S000017,train,TOPO-0015,0,B1,0.05764456510740518,0.07068044670806228,0.013035881600657107
improved_dataset_1000_20260807_001:S000019,improved_dataset_1000_20260807_001,S000019,train,TOPO-0017,0,B1,0.05673115434872128,0.06605682037733085,0.00932566602860957
improved_dataset_1000_20260807_001:S000020,improved_dataset_1000_20260807_001,S000020,train,TOPO-0018,0,B1,0.5169578058275455,0.5153655246211171,-0.001592281206428403
improved_dataset_1000_20260807_001:S000021,improved_dataset_1000_20260807_001,S000021,train,TOPO-0019,0,B1,0.06031885133654458,0.05739488722300523,-0.0029239641135393457
improved_dataset_1000_20260807_001:S000022,improved_dataset_1000_20260807_001,S000022,train,TOPO-0020,0,B1,0.041405042594980235,0.04388839651069154,0.002483353915711306
improved_dataset_1000_20260807_001:S000023,improved_dataset_1000_20260807_001,S000023,train,TOPO-0021,0,B1,0.6203579294199044,0.5927256149867025,-0.02763231443320191
improved_dataset_1000_20260807_001:S000024,improved_dataset_1000_20260807_001,S000024,train,TOPO-0022,0,B1,0.6446661837286161,0.6575379092102629,0.012871725481646834
improved_dataset_1000_20260807_001:S000025,improved_dataset_1000_20260807_001,S000025,train,TOPO-0023,0,B1,0.3980632156194315,0.38577756468204094,-0.012285650937390535
improved_dataset_1000_20260807_001:S000027,improved_dataset_1000_20260807_001,S000027,train,TOPO-0025,0,B1,0.04383733021968689,0.054302770818386414,0.010465440598699527
improved_dataset_1000_20260807_001:S000028,improved_dataset_1000_20260807_001,S000028,train,TOPO-0026,0,B1,0.14974749184447764,0.15002996780470854,0.00028247596023089905
improved_dataset_1000_20260807_001:S000029,improved_dataset_1000_20260807_001,S000029,train,TOPO-0027,0,B3,0.3184193819745474,0.3130425485689794,-0.005376833405567993
improved_dataset_1000_20260807_001:S000030,improved_dataset_1000_20260807_001,S000030,train,TOPO-0028,0,B1,0.7984044478942017,0.838273096450041,0.03986864855583927
improved_dataset_1000_20260807_001:S000031,improved_dataset_1000_20260807_001,S000031,train,TOPO-0029,0,B1,0.8862148597005657,0.8945368788269923,0.008322019126426605
improved_dataset_1000_20260807_001:S000032,improved_dataset_1000_20260807_001,S000032,train,TOPO-0030,0,B1,0.0608766396121449,0.05464854098784305,-0.006228098624301848
improved_dataset_1000_20260807_001:S000034,improved_dataset_1000_20260807_001,S000034,train,TOPO-0032,0,B1,0.5734403095670146,0.5769043277916257,0.003464018224611065
improved_dataset_1000_20260807_001:S000035,improved_dataset_1000_20260807_001,S000035,train,TOPO-0033,0,B1,0.44320485005171456,0.4197589494184519,-0.023445900633262684
improved_dataset_1000_20260807_001:S000036,improved_dataset_1000_20260807_001,S000036,train,TOPO-0034,0,B1,0.051298478121593494,0.0362689486313324,-0.015029529490261095
improved_dataset_1000_20260807_001:S000038,improved_dataset_1000_20260807_001,S000038,train,TOPO-0036,0,B1,0.43854862821608653,0.4465756119843504,0.008026983768263884
improved_dataset_1000_20260807_001:S000040,improved_dataset_1000_20260807_001,S000040,train,TOPO-0038,0,B1,0.5549469828386162,0.5866466454011874,0.031699662562571174
improved_dataset_1000_20260807_001:S000041,improved_dataset_1000_20260807_001,S000041,train,TOPO-0039,0,B1,0.859579323173317,0.8804138174370275,0.020834494263710535
improved_dataset_1000_20260807_001:S000042,improved_dataset_1000_20260807_001,S000042,train,TOPO-0040,0,B1,0.03551496119800995,0.0523374644440569,0.01682250324604695
improved_dataset_1000_20260807_001:S000043,improved_dataset_1000_20260807_001,S000043,train,TOPO-0041,0,B1,0.7118374164830962,0.6864840066461921,-0.02535340983690404
improved_dataset_1000_20260807_001:S000045,improved_dataset_1000_20260807_001,S000045,train,TOPO-0043,0,B1,0.8869626410970801,0.9041091657604465,0.017146524663366414
improved_dataset_1000_20260807_001:S000046,improved_dataset_1000_20260807_001,S000046,train,TOPO-0044,0,B1,0.03667467979736716,0.05916810110491877,0.02249342130755161
improved_dataset_1000_20260807_001:S000047,improved_dataset_1000_20260807_001,S000047,train,TOPO-0045,0,B1,0.8560296174434607,0.8763362486832416,0.020306631239780826
improved_dataset_1000_20260807_001:S000049,improved_dataset_1000_20260807_001,S000049,train,TOPO-0047,0,B1,0.8661893232555541,0.8904695859442415,0.024280262688687437
improved_dataset_1000_20260807_001:S000050,improved_dataset_1000_20260807_001,S000050,train,TOPO-0048,0,B1,0.0751378543793606,0.07589576432259437,0.0007579099432337699
improved_dataset_1000_20260807_001:S000051,improved_dataset_1000_20260807_001,S000051,train,TOPO-0049,0,B1,0.05305408674775497,0.06318957612541948,0.010135489377664508
improved_dataset_1000_20260807_001:S000052,improved_dataset_1000_20260807_001,S000052,train,TOPO-0050,0,B1,0.8301138338616234,0.8675406923743795,0.03742685851275607
improved_dataset_1000_20260807_001:S000053,improved_dataset_1000_20260807_001,S000053,train,TOPO-0051,0,B1,0.8475982836746239,0.8620474842689494,0.014449200594325529
improved_dataset_1000_20260807_001:S000054,improved_dataset_1000_20260807_001,S000054,train,TOPO-0052,0,B1,0.19646022040500624,0.19981775998028856,0.0033575395752823145
improved_dataset_1000_20260807_001:S000055,improved_dataset_1000_20260807_001,S000055,train,TOPO-0053,0,B1,0.09139363781315482,0.08218085904161648,-0.009212778771538338
improved_dataset_1000_20260807_001:S000056,improved_dataset_1000_20260807_001,S000056,train,TOPO-0054,0,B1,0.05374647420148476,0.04792495385803419,-0.00582152034345057
improved_dataset_1000_20260807_001:S000057,improved_dataset_1000_20260807_001,S000057,train,TOPO-0055,0,B1,0.03986414074372796,0.04973048701175198,0.009866346268024018
improved_dataset_1000_20260807_001:S000060,improved_dataset_1000_20260807_001,S000060,train,TOPO-0058,0,B1,0.08396996553410957,0.0879159184271634,0.003945952893053828
improved_dataset_1000_20260807_001:S000061,improved_dataset_1000_20260807_001,S000061,train,TOPO-0059,0,B1,0.6644308824722971,0.6918004624036009,0.027369579931303845
improved_dataset_1000_20260807_001:S000062,improved_dataset_1000_20260807_001,S000062,train,TOPO-0060,1,B1,0.7072497741165273,0.7044121972987338,-0.002837576817793508
improved_dataset_1000_20260807_001:S000063,improved_dataset_1000_20260807_001,S000063,train,TOPO-0000,1,B5,0.7049712562465589,0.7144570638065699,0.00948580756001105
improved_dataset_1000_20260807_001:S000065,improved_dataset_1000_20260807_001,S000065,train,TOPO-0000,1,B6,0.054365181081716674,0.0603828085051919,0.006017627423475225
improved_dataset_1000_20260807_001:S000066,improved_dataset_1000_20260807_001,S000066,train,TOPO-0061,1,B1,0.5501814647761174,0.5751256260789444,0.02494416130282695
improved_dataset_1000_20260807_001:S000067,improved_dataset_1000_20260807_001,S000067,train,TOPO-0062,1,B1,0.6980134602855214,0.707439859315139,0.009426399029617616
improved_dataset_1000_20260807_001:S000068,improved_dataset_1000_20260807_001,S000068,train,TOPO-0011,1,B1,0.06276141483228637,0.05329672989606987,-0.009464684936216494
improved_dataset_1000_20260807_001:S000069,improved_dataset_1000_20260807_001,S000069,train,TOPO-0018,1,B1,0.6818051336969919,0.6686438422724106,-0.013161291424581334
improved_dataset_1000_20260807_001:S000070,improved_dataset_1000_20260807_001,S000070,train,TOPO-0063,1,B1,0.613263895297723,0.6106831415936511,-0.0025807537040718476
improved_dataset_1000_20260807_001:S000071,improved_dataset_1000_20260807_001,S000071,train,TOPO-0064,1,B1,0.6210296914694058,0.5719903620653014,-0.04903932940410438
improved_dataset_1000_20260807_001:S000073,improved_dataset_1000_20260807_001,S000073,train,TOPO-0029,1,B1,0.8661498771699673,0.9009698687436554,0.03481999157368809
improved_dataset_1000_20260807_001:S000074,improved_dataset_1000_20260807_001,S000074,train,TOPO-0027,1,B3,0.5116755293114291,0.5065733199404421,-0.005102209370987043
improved_dataset_1000_20260807_001:S000075,improved_dataset_1000_20260807_001,S000075,train,TOPO-0028,1,B1,0.06387875927527803,0.050506720416777895,-0.013372038858500135
improved_dataset_1000_20260807_001:S000077,improved_dataset_1000_20260807_001,S000077,train,TOPO-0036,1,B1,0.6129176831553185,0.5916923006504018,-0.02122538250491668
improved_dataset_1000_20260807_001:S000078,improved_dataset_1000_20260807_001,S000078,train,TOPO-0036,1,B1,0.09856380177558635,0.0894009107005253,-0.009162891075061047
improved_dataset_1000_20260807_001:S000079,improved_dataset_1000_20260807_001,S000079,train,TOPO-0032,1,B1,0.5124885569643552,0.49592609955144085,-0.0165624574129144
improved_dataset_1000_20260807_001:S000080,improved_dataset_1000_20260807_001,S000080,train,TOPO-0034,1,B1,0.8860645888983306,0.9064392103099069,0.02037462141157631
improved_dataset_1000_20260807_001:S000081,improved_dataset_1000_20260807_001,S000081,train,TOPO-0066,1,B1,0.8654807669581525,0.8816013619165535,0.016120594958401013
improved_dataset_1000_20260807_001:S000082,improved_dataset_1000_20260807_001,S000082,train,TOPO-0044,1,B1,0.04808356689965809,0.06028411962906716,0.012200552729409064
improved_dataset_1000_20260807_001:S000083,improved_dataset_1000_20260807_001,S000083,train,TOPO-0067,1,B1,0.052641836480740944,0.07036099234453624,0.0177191558637953
improved_dataset_1000_20260807_001:S000084,improved_dataset_1000_20260807_001,S000084,train,TOPO-0040,1,B1,0.04848156353910721,0.04737699948052132,-0.0011045640585858885
improved_dataset_1000_20260807_001:S000085,improved_dataset_1000_20260807_001,S000085,train,TOPO-0048,1,B1,0.7102657238498173,0.729142462110389,0.01887673826057168
improved_dataset_1000_20260807_001:S000086,improved_dataset_1000_20260807_001,S000086,train,TOPO-0045,1,B1,0.058426617822909754,0.05982336283103751,0.0013967450081277533
improved_dataset_1000_20260807_001:S000087,improved_dataset_1000_20260807_001,S000087,train,TOPO-0053,1,B1,0.04831961728483569,0.05574542576646174,0.0074258084816260506
improved_dataset_1000_20260807_001:S000091,improved_dataset_1000_20260807_001,S000091,train,TOPO-0068,1,B1,0.07138576187051371,0.07109453852902531,-0.00029122334148840023
improved_dataset_1000_20260807_001:S000092,improved_dataset_1000_20260807_001,S000092,train,TOPO-0002,2,B3,0.06840386246974012,0.06548890355501125,-0.0029149589147288713
improved_dataset_1000_20260807_001:S000093,improved_dataset_1000_20260807_001,S000093,train,TOPO-0000,2,B3,0.035357968723861155,0.04314838647184166,0.007790417747980505
improved_dataset_1000_20260807_001:S000094,improved_dataset_1000_20260807_001,S000094,train,TOPO-0000,2,B5,0.5940169126157129,0.635147688586011,0.04113077597029813
improved_dataset_1000_20260807_001:S000095,improved_dataset_1000_20260807_001,S000095,train,TOPO-0001,2,B1,0.5370634867004157,0.5602229059936086,0.023159419293192873
improved_dataset_1000_20260807_001:S000096,improved_dataset_1000_20260807_001,S000096,train,TOPO-0000,2,B6,0.05300451211544899,0.048084340352316624,-0.004920171763132364
improved_dataset_1000_20260807_001:S000097,improved_dataset_1000_20260807_001,S000097,train,TOPO-0015,2,B1,0.8645926591507272,0.8779870544741678,0.013394395323440556
improved_dataset_1000_20260807_001:S000100,improved_dataset_1000_20260807_001,S000100,train,TOPO-0070,2,B1,0.03806674725846454,0.0583028101509212,0.020236062892456663
improved_dataset_1000_20260807_001:S000101,improved_dataset_1000_20260807_001,S000101,train,TOPO-0015,2,B1,0.07106862786496343,0.07043145019862346,-0.000637177666339972
improved_dataset_1000_20260807_001:S000102,improved_dataset_1000_20260807_001,S000102,train,TOPO-0025,2,B1,0.07202166886462891,0.08337729822671597,0.01135562936208706
improved_dataset_1000_20260807_001:S000108,improved_dataset_1000_20260807_001,S000108,train,TOPO-0039,2,B1,0.05659583696455173,0.06039476019032064,0.003798923225768913
improved_dataset_1000_20260807_001:S000109,improved_dataset_1000_20260807_001,S000109,train,TOPO-0030,2,B1,0.3603755032917478,0.34417042704593814,-0.016205076245809635
improved_dataset_1000_20260807_001:S000110,improved_dataset_1000_20260807_001,S000110,train,TOPO-0072,2,B1,0.8670135291409503,0.8602894263760358,-0.00672410276491453
improved_dataset_1000_20260807_001:S000111,improved_dataset_1000_20260807_001,S000111,train,TOPO-0066,2,B1,0.05402902382387359,0.05306086366628715,-0.0009681601575864396
improved_dataset_1000_20260807_001:S000112,improved_dataset_1000_20260807_001,S000112,train,TOPO-0073,2,B1,0.07278532445618341,0.08137935951641084,0.008594035060227434
improved_dataset_1000_20260807_001:S000114,improved_dataset_1000_20260807_001,S000114,train,TOPO-0049,2,B1,0.61269465255656,0.6172608039885444,0.0045661514319844665
improved_dataset_1000_20260807_001:S000116,improved_dataset_1000_20260807_001,S000116,train,TOPO-0040,2,B1,0.08443873309181715,0.07756741650422277,-0.006871316587594378
improved_dataset_1000_20260807_001:S000117,improved_dataset_1000_20260807_001,S000117,train,TOPO-0074,2,B1,0.8539552174131949,0.8837057424451085,0.029750525031913555
improved_dataset_1000_20260807_001:S000118,improved_dataset_1000_20260807_001,S000118,train,TOPO-0052,2,B1,0.5175559793812464,0.5148132057607452,-0.0027427736205012376
improved_dataset_1000_20260807_001:S000120,improved_dataset_1000_20260807_001,S000120,train,TOPO-0053,2,B1,0.33148564374824907,0.30809283597856324,-0.02339280776968583
improved_dataset_1000_20260807_001:S000122,improved_dataset_1000_20260807_001,S000122,train,TOPO-0076,3,B3,0.048238920390792306,0.08821139575827394,0.039972475367481636
improved_dataset_1000_20260807_001:S000124,improved_dataset_1000_20260807_001,S000124,train,TOPO-0008,3,B1,0.8454136113938943,0.8500335914478068,0.004619980053912509
improved_dataset_1000_20260807_001:S000125,improved_dataset_1000_20260807_001,S000125,train,TOPO-0077,3,B6,0.0818181649913689,0.07451673506345557,-0.007301429927913328
improved_dataset_1000_20260807_001:S000127,improved_dataset_1000_20260807_001,S000127,train,TOPO-0079,3,B1,0.06430892786221548,0.06774616989240878,0.0034372420301932993
improved_dataset_1000_20260807_001:S000128,improved_dataset_1000_20260807_001,S000128,train,TOPO-0017,3,B1,0.4703333061167114,0.45617562351250623,-0.01415768260420519
improved_dataset_1000_20260807_001:S000130,improved_dataset_1000_20260807_001,S000130,train,TOPO-0070,3,B1,0.030338960760288136,0.03980038614601494,0.009461425385726807
improved_dataset_1000_20260807_001:S000133,improved_dataset_1000_20260807_001,S000133,train,TOPO-0025,3,B1,0.05464714140684185,0.06030664183386297,0.005659500427021125
improved_dataset_1000_20260807_001:S000134,improved_dataset_1000_20260807_001,S000134,train,TOPO-0080,3,B1,0.12668092370139133,0.1283803465165701,0.0016994228151787638
improved_dataset_1000_20260807_001:S000135,improved_dataset_1000_20260807_001,S000135,train,TOPO-0021,3,B1,0.6120820043888202,0.6164034501320669,0.004321445743246666
improved_dataset_1000_20260807_001:S000136,improved_dataset_1000_20260807_001,S000136,train,TOPO-0021,3,B1,0.39753119989134683,0.39404655626250734,-0.00348464362883949
improved_dataset_1000_20260807_001:S000138,improved_dataset_1000_20260807_001,S000138,train,TOPO-0036,3,B1,0.06846444959466091,0.06946211144650966,0.0009976618518487412
improved_dataset_1000_20260807_001:S000139,improved_dataset_1000_20260807_001,S000139,train,TOPO-0039,3,B1,0.8380911877509628,0.8456746332506198,0.007583445499656949
improved_dataset_1000_20260807_001:S000140,improved_dataset_1000_20260807_001,S000140,train,TOPO-0030,3,B1,0.1285657909992303,0.10938945032670233,-0.019176340672527964
improved_dataset_1000_20260807_001:S000141,improved_dataset_1000_20260807_001,S000141,train,TOPO-0082,3,B1,0.6224759190321422,0.6400274566555032,0.017551537623361035
improved_dataset_1000_20260807_001:S000143,improved_dataset_1000_20260807_001,S000143,train,TOPO-0044,3,B1,0.328973359883228,0.3550838348504918,0.026110474967263764
improved_dataset_1000_20260807_001:S000144,improved_dataset_1000_20260807_001,S000144,train,TOPO-0083,3,B2,0.033999380713555793,0.05897227025798646,0.024972889544430665
improved_dataset_1000_20260807_001:S000145,improved_dataset_1000_20260807_001,S000145,train,TOPO-0073,3,B1,0.11164526183648021,0.097957378060194,-0.013687883776286214
improved_dataset_1000_20260807_001:S000146,improved_dataset_1000_20260807_001,S000146,train,TOPO-0043,3,B1,0.07503456161836347,0.056685483810787085,-0.018349077807576386
improved_dataset_1000_20260807_001:S000147,improved_dataset_1000_20260807_001,S000147,train,TOPO-0084,3,B1,0.44715813232948526,0.4526221425970546,0.005464010267569319
improved_dataset_1000_20260807_001:S000148,improved_dataset_1000_20260807_001,S000148,train,TOPO-0054,3,B1,0.03809628578380586,0.01334108633168174,-0.02475519945212412
improved_dataset_1000_20260807_001:S000149,improved_dataset_1000_20260807_001,S000149,train,TOPO-0085,3,B1,0.07041474730430641,0.07133557952540459,0.0009208322210981779
improved_dataset_1000_20260807_001:S000150,improved_dataset_1000_20260807_001,S000150,train,TOPO-0074,3,B1,0.8557414142504486,0.8733920827228822,0.017650668472433573
improved_dataset_1000_20260807_001:S000151,improved_dataset_1000_20260807_001,S000151,train,TOPO-0055,3,B1,0.3876142937596541,0.38323980205490765,-0.004374491704746464
improved_dataset_1000_20260807_001:S000152,improved_dataset_1000_20260807_001,S000152,train,TOPO-0061,4,B1,0.2368295230251794,0.2254609107077522,-0.011368612317427196
improved_dataset_1000_20260807_001:S000153,improved_dataset_1000_20260807_001,S000153,train,TOPO-0009,4,B1,0.19798170306986676,0.21054170871457328,0.012560005644706523
improved_dataset_1000_20260807_001:S000154,improved_dataset_1000_20260807_001,S000154,train,TOPO-0002,4,B3,0.06294844305134273,0.058872715851505664,-0.004075727199837065
improved_dataset_1000_20260807_001:S000158,improved_dataset_1000_20260807_001,S000158,train,TOPO-0087,4,B1,0.5485743038137816,0.5353960700928699,-0.013178233720911647
improved_dataset_1000_20260807_001:S000159,improved_dataset_1000_20260807_001,S000159,train,TOPO-0088,4,B1,0.09810490494704516,0.08808659364715296,-0.010018311299892196
improved_dataset_1000_20260807_001:S000161,improved_dataset_1000_20260807_001,S000161,train,TOPO-0089,4,B1,0.06396173969621816,0.0703492616458814,0.006387521949663244
improved_dataset_1000_20260807_001:S000164,improved_dataset_1000_20260807_001,S000164,train,TOPO-0091,4,B1,0.07523956340396165,0.08194276453155552,0.006703201127593872
improved_dataset_1000_20260807_001:S000165,improved_dataset_1000_20260807_001,S000165,train,TOPO-0022,4,B1,0.18861044937325072,0.1910439340080242,0.0024334846347734695
improved_dataset_1000_20260807_001:S000169,improved_dataset_1000_20260807_001,S000169,train,TOPO-0038,4,B1,0.04138449085290985,0.03709941580015513,-0.0042850750527547166
improved_dataset_1000_20260807_001:S000170,improved_dataset_1000_20260807_001,S000170,train,TOPO-0092,4,B1,0.563097184981605,0.577089735443207,0.013992550461601971
improved_dataset_1000_20260807_001:S000171,improved_dataset_1000_20260807_001,S000171,train,TOPO-0093,4,B1,0.059418534026437764,0.056308922859303834,-0.00310961116713393
improved_dataset_1000_20260807_001:S000172,improved_dataset_1000_20260807_001,S000172,train,TOPO-0094,4,B1,0.4458659599623492,0.4383990664121218,-0.007466893550227394
improved_dataset_1000_20260807_001:S000174,improved_dataset_1000_20260807_001,S000174,train,TOPO-0095,4,B1,0.1142840060744047,0.11785586569826692,0.0035718596238622224
improved_dataset_1000_20260807_001:S000175,improved_dataset_1000_20260807_001,S000175,train,TOPO-0096,4,B3,0.05219327076985342,0.053028691718798815,0.0008354209489453979
improved_dataset_1000_20260807_001:S000177,improved_dataset_1000_20260807_001,S000177,train,TOPO-0059,4,B1,0.0901211976965818,0.08008784090092663,-0.010033356795655174
improved_dataset_1000_20260807_001:S000178,improved_dataset_1000_20260807_001,S000178,train,TOPO-0084,4,B1,0.0872418360196863,0.07895178626981358,-0.008290049749872713
improved_dataset_1000_20260807_001:S000179,improved_dataset_1000_20260807_001,S000179,train,TOPO-0084,4,B1,0.1419931869694362,0.14153716296505536,-0.00045602400438082835
improved_dataset_1000_20260807_001:S000183,improved_dataset_1000_20260807_001,S000183,train,TOPO-0099,5,B6,0.8651993775147514,0.8821678239112535,0.01696844639650208
improved_dataset_1000_20260807_001:S000184,improved_dataset_1000_20260807_001,S000184,train,TOPO-0000,5,B6,0.0713018975036781,0.07187561522093694,0.000573717717258837
improved_dataset_1000_20260807_001:S000185,improved_dataset_1000_20260807_001,S000185,train,TOPO-0100,5,B3,0.7267134524517116,0.71841434225641,-0.008299110195301607
improved_dataset_1000_20260807_001:S000186,improved_dataset_1000_20260807_001,S000186,train,TOPO-0000,5,B6,0.1059080662483525,0.1058069833520941,-0.00010108289625840317
improved_dataset_1000_20260807_001:S000188,improved_dataset_1000_20260807_001,S000188,train,TOPO-0101,5,B1,0.0548476866318835,0.06443334324700717,0.009585656615123672
improved_dataset_1000_20260807_001:S000189,improved_dataset_1000_20260807_001,S000189,train,TOPO-0102,5,B1,0.046602607629444404,0.04585593116529929,-0.0007466764641451129
improved_dataset_1000_20260807_001:S000190,improved_dataset_1000_20260807_001,S000190,train,TOPO-0103,5,B1,0.5540455605961401,0.5673262767943114,0.013280716198171283
improved_dataset_1000_20260807_001:S000191,improved_dataset_1000_20260807_001,S000191,train,TOPO-0010,5,B1,0.8721120922351184,0.8868634918324682,0.014751399597349724
improved_dataset_1000_20260807_001:S000193,improved_dataset_1000_20260807_001,S000193,train,TOPO-0023,5,B1,0.09366445798761672,0.08722669844622585,-0.006437759541390864
improved_dataset_1000_20260807_001:S000194,improved_dataset_1000_20260807_001,S000194,train,TOPO-0104,5,B1,0.05951978266255159,0.06558917616753207,0.00606939350498048
improved_dataset_1000_20260807_001:S000196,improved_dataset_1000_20260807_001,S000196,train,TOPO-0027,5,B3,0.567028589598462,0.6112955503593775,0.04426696076091552
improved_dataset_1000_20260807_001:S000197,improved_dataset_1000_20260807_001,S000197,train,TOPO-0105,5,B1,0.1660037540822986,0.15807689560223961,-0.007926858480058974
improved_dataset_1000_20260807_001:S000199,improved_dataset_1000_20260807_001,S000199,train,TOPO-0092,5,B1,0.03748210912628841,0.049049498776966294,0.011567389650677884
improved_dataset_1000_20260807_001:S000201,improved_dataset_1000_20260807_001,S000201,train,TOPO-0106,5,B1,0.39817376410298755,0.3909469217138919,-0.007226842389095656
improved_dataset_1000_20260807_001:S000202,improved_dataset_1000_20260807_001,S000202,train,TOPO-0107,5,B1,0.05215516901864942,0.05168498346440109,-0.00047018555424832575
improved_dataset_1000_20260807_001:S000203,improved_dataset_1000_20260807_001,S000203,train,TOPO-0041,5,B1,0.8692393417368997,0.8746628654409011,0.005423523704001454
improved_dataset_1000_20260807_001:S000205,improved_dataset_1000_20260807_001,S000205,train,TOPO-0045,5,B1,0.3560496470267933,0.3354886867559846,-0.020560960270808726
improved_dataset_1000_20260807_001:S000206,improved_dataset_1000_20260807_001,S000206,train,TOPO-0095,5,B1,0.8140588350548843,0.8320061778684951,0.017947342813610767
improved_dataset_1000_20260807_001:S000207,improved_dataset_1000_20260807_001,S000207,train,TOPO-0109,5,B1,0.04969763368930252,0.0517786264827057,0.0020809927934031802
improved_dataset_1000_20260807_001:S000209,improved_dataset_1000_20260807_001,S000209,train,TOPO-0109,5,B1,0.05302416149608441,0.0575754147566217,0.004551253260537291
improved_dataset_1000_20260807_001:S000210,improved_dataset_1000_20260807_001,S000210,train,TOPO-0085,5,B1,0.8094846360321428,0.8628723899448463,0.05338775391270345
improved_dataset_1000_20260807_001:S000211,improved_dataset_1000_20260807_001,S000211,train,TOPO-0085,5,B1,0.04583090444713295,0.046924050871235246,0.0010931464241022981
improved_dataset_1000_20260807_001:S000212,improved_dataset_1000_20260807_001,S000212,train,TOPO-0111,6,B1,0.5421065085274832,0.5674695312760009,0.02536302274851765
improved_dataset_1000_20260807_001:S000213,improved_dataset_1000_20260807_001,S000213,train,TOPO-0009,6,B1,0.6062144636121851,0.6125109023035329,0.006296438691347772
improved_dataset_1000_20260807_001:S000214,improved_dataset_1000_20260807_001,S000214,train,TOPO-0112,6,B6,0.3788981406531863,0.4067800869319394,0.027881946278753122
improved_dataset_1000_20260807_001:S000217,improved_dataset_1000_20260807_001,S000217,train,TOPO-0017,6,B1,0.05173680479252479,0.05173019361384806,-6.611178676729779e-06
improved_dataset_1000_20260807_001:S000222,improved_dataset_1000_20260807_001,S000222,train,TOPO-0113,6,B3,0.8551923733561059,0.882032211878452,0.02683983852234617
improved_dataset_1000_20260807_001:S000223,improved_dataset_1000_20260807_001,S000223,train,TOPO-0027,6,B2,0.8667355649878944,0.8869171178834618,0.020181552895567445
improved_dataset_1000_20260807_001:S000225,improved_dataset_1000_20260807_001,S000225,train,TOPO-0114,6,B1,0.09511558408385726,0.0858139871653606,-0.009301596918496663
improved_dataset_1000_20260807_001:S000226,improved_dataset_1000_20260807_001,S000226,train,TOPO-0115,6,B4,0.04692073607412711,0.046691609931797606,-0.00022912614232950546
improved_dataset_1000_20260807_001:S000227,improved_dataset_1000_20260807_001,S000227,train,TOPO-0092,6,B1,0.8852450237288857,0.904377406508652,0.019132382779766255
improved_dataset_1000_20260807_001:S000228,improved_dataset_1000_20260807_001,S000228,train,TOPO-0116,6,B1,0.04964235023975477,0.040560432291829485,-0.009081917947925289
improved_dataset_1000_20260807_001:S000231,improved_dataset_1000_20260807_001,S000231,train,TOPO-0118,6,B1,0.6124498732056644,0.5736056995271707,-0.03884417367849369
improved_dataset_1000_20260807_001:S000233,improved_dataset_1000_20260807_001,S000233,train,TOPO-0040,6,B1,0.5875663911054557,0.5857827356126515,-0.001783655492804237
improved_dataset_1000_20260807_001:S000236,improved_dataset_1000_20260807_001,S000236,train,TOPO-0043,6,B1,0.1460539055045892,0.14808723888179326,0.002033333377204072
improved_dataset_1000_20260807_001:S000237,improved_dataset_1000_20260807_001,S000237,train,TOPO-0058,6,B1,0.6861418090913964,0.6942067472865483,0.00806493819515186
improved_dataset_1000_20260807_001:S000238,improved_dataset_1000_20260807_001,S000238,train,TOPO-0058,6,B1,0.6115619127225551,0.6189768376203428,0.0074149248977877225
improved_dataset_1000_20260807_001:S000241,improved_dataset_1000_20260807_001,S000241,train,TOPO-0085,6,B1,0.09778581889430896,0.08173350875633528,-0.016052310137973674
improved_dataset_1000_20260807_001:S000243,improved_dataset_1000_20260807_001,S000243,train,TOPO-0119,7,B1,0.07323125674492392,0.08427702623955907,0.01104576949463515
improved_dataset_1000_20260807_001:S000244,improved_dataset_1000_20260807_001,S000244,train,TOPO-0000,7,B6,0.15031568489988958,0.12455234515394709,-0.0257633397459425
improved_dataset_1000_20260807_001:S000245,improved_dataset_1000_20260807_001,S000245,train,TOPO-0120,7,B3,0.041285820392324646,0.03865501325192017,-0.0026308071404044786
improved_dataset_1000_20260807_001:S000246,improved_dataset_1000_20260807_001,S000246,train,TOPO-0121,7,B3,0.12929134483958082,0.11386444483821326,-0.015426900001367566
improved_dataset_1000_20260807_001:S000247,improved_dataset_1000_20260807_001,S000247,train,TOPO-0122,7,B1,0.10242638752137082,0.10959868768638312,0.007172300165012302
improved_dataset_1000_20260807_001:S000252,improved_dataset_1000_20260807_001,S000252,train,TOPO-0124,7,B1,0.05852565659428477,0.05893416850678246,0.0004085119124976888
improved_dataset_1000_20260807_001:S000253,improved_dataset_1000_20260807_001,S000253,train,TOPO-0125,7,B1,0.3545091641290644,0.3405318651870734,-0.013977298941991012
improved_dataset_1000_20260807_001:S000254,improved_dataset_1000_20260807_001,S000254,train,TOPO-0126,7,B1,0.3559581885518607,0.34987226594921705,-0.006085922602643623
improved_dataset_1000_20260807_001:S000255,improved_dataset_1000_20260807_001,S000255,train,TOPO-0113,7,B3,0.06086174144069778,0.058704268911794366,-0.0021574725289034147
improved_dataset_1000_20260807_001:S000258,improved_dataset_1000_20260807_001,S000258,train,TOPO-0128,7,B1,0.8670052789792589,0.859926271937301,-0.007079007041957963
improved_dataset_1000_20260807_001:S000260,improved_dataset_1000_20260807_001,S000260,train,TOPO-0130,7,B1,0.04492110313418901,0.05550696294561103,0.010585859811422016
improved_dataset_1000_20260807_001:S000261,improved_dataset_1000_20260807_001,S000261,train,TOPO-0131,7,B1,0.6635704348051853,0.6660376751238433,0.0024672403186579706
improved_dataset_1000_20260807_001:S000262,improved_dataset_1000_20260807_001,S000262,train,TOPO-0132,7,B1,0.6870856054902381,0.6854033827889426,-0.0016822227012954771
improved_dataset_1000_20260807_001:S000269,improved_dataset_1000_20260807_001,S000269,train,TOPO-0051,7,B1,0.1164715695948341,0.11067146652380994,-0.00580010307102416
improved_dataset_1000_20260807_001:S000270,improved_dataset_1000_20260807_001,S000270,train,TOPO-0074,7,B1,0.3505905962942028,0.34820871200107917,-0.0023818842931236373
improved_dataset_1000_20260807_001:S000272,improved_dataset_1000_20260807_001,S000272,train,TOPO-0119,8,B1,0.8632566485918362,0.8802350025485836,0.016978353956747405
improved_dataset_1000_20260807_001:S000273,improved_dataset_1000_20260807_001,S000273,train,TOPO-0133,8,B1,0.08032886348176643,0.07805480217235439,-0.0022740613094120454
improved_dataset_1000_20260807_001:S000274,improved_dataset_1000_20260807_001,S000274,train,TOPO-0134,8,B6,0.5332134603525631,0.5582072883653935,0.024993828012830344
improved_dataset_1000_20260807_001:S000277,improved_dataset_1000_20260807_001,S000277,train,TOPO-0135,8,B3,0.5153943817714973,0.4766288056155452,-0.03876557615595211
improved_dataset_1000_20260807_001:S000279,improved_dataset_1000_20260807_001,S000279,train,TOPO-0136,8,B3,0.04081513761851008,0.0474126335494337,0.006597495930923625
improved_dataset_1000_20260807_001:S000282,improved_dataset_1000_20260807_001,S000282,train,TOPO-0124,8,B1,0.8390313010419066,0.8748424537820036,0.03581115274009705
improved_dataset_1000_20260807_001:S000283,improved_dataset_1000_20260807_001,S000283,train,TOPO-0028,8,B1,0.8864441331672112,0.8889276528227777,0.0024835196555665906
improved_dataset_1000_20260807_001:S000284,improved_dataset_1000_20260807_001,S000284,train,TOPO-0029,8,B1,0.0867801031980637,0.0877994585554312,0.0010193553573674963
improved_dataset_1000_20260807_001:S000286,improved_dataset_1000_20260807_001,S000286,train,TOPO-0137,8,B3,0.039940767803544164,0.04632788461133863,0.0063871168077944684
improved_dataset_1000_20260807_001:S000288,improved_dataset_1000_20260807_001,S000288,train,TOPO-0105,8,B1,0.09747548022283031,0.08270376828542353,-0.014771711937406784
improved_dataset_1000_20260807_001:S000289,improved_dataset_1000_20260807_001,S000289,train,TOPO-0139,8,B1,0.5318451121063283,0.5441725479028208,0.012327435796492425
improved_dataset_1000_20260807_001:S000292,improved_dataset_1000_20260807_001,S000292,train,TOPO-0132,8,B1,0.4618867703200259,0.47723451112489745,0.015347740804871557
improved_dataset_1000_20260807_001:S000293,improved_dataset_1000_20260807_001,S000293,train,TOPO-0141,8,B1,0.05852118161818881,0.06348247528100148,0.004961293662812671
improved_dataset_1000_20260807_001:S000295,improved_dataset_1000_20260807_001,S000295,train,TOPO-0095,8,B1,0.21089589478557663,0.2109550362906475,5.91415050708588e-05
improved_dataset_1000_20260807_001:S000298,improved_dataset_1000_20260807_001,S000298,train,TOPO-0109,8,B1,0.06137074695219019,0.06471576396061957,0.003345017008429374
improved_dataset_1000_20260807_001:S000301,improved_dataset_1000_20260807_001,S000301,train,TOPO-0144,8,B1,0.8598738613119136,0.851268537525979,-0.008605323785934593
improved_dataset_1000_20260807_001:S000302,improved_dataset_1000_20260807_001,S000302,train,TOPO-0145,9,B6,0.20617345066994405,0.22094859710546563,0.01477514643552158
improved_dataset_1000_20260807_001:S000304,improved_dataset_1000_20260807_001,S000304,train,TOPO-0121,9,B2,0.10134690542756977,0.11018225771726886,0.008835352289699089
improved_dataset_1000_20260807_001:S000305,improved_dataset_1000_20260807_001,S000305,train,TOPO-0146,9,B4,0.6916512228715773,0.6909159640419158,-0.0007352588296615226
improved_dataset_1000_20260807_001:S000306,improved_dataset_1000_20260807_001,S000306,train,TOPO-0001,9,B1,0.06069325766990752,0.06480918599245028,0.004115928322542761
improved_dataset_1000_20260807_001:S000308,improved_dataset_1000_20260807_001,S000308,train,TOPO-0079,9,B1,0.7142557082977907,0.7233503697990429,0.009094661501252155
improved_dataset_1000_20260807_001:S000314,improved_dataset_1000_20260807_001,S000314,train,TOPO-0137,9,B3,0.663238255303872,0.6918882676958874,0.028650012392015367
improved_dataset_1000_20260807_001:S000315,improved_dataset_1000_20260807_001,S000315,train,TOPO-0104,9,B1,0.45834197233144364,0.438054456421653,-0.02028751590979061
improved_dataset_1000_20260807_001:S000316,improved_dataset_1000_20260807_001,S000316,train,TOPO-0124,9,B1,0.5121958419641681,0.4986266647554318,-0.013569177208736294
improved_dataset_1000_20260807_001:S000317,improved_dataset_1000_20260807_001,S000317,train,TOPO-0148,9,B1,0.8681108006458983,0.8725843034987105,0.004473502852812228
improved_dataset_1000_20260807_001:S000318,improved_dataset_1000_20260807_001,S000318,train,TOPO-0092,9,B1,0.04354339979389349,0.028737674355049425,-0.014805725438844064
improved_dataset_1000_20260807_001:S000320,improved_dataset_1000_20260807_001,S000320,train,TOPO-0149,9,B1,0.867157538659759,0.8638670868948373,-0.003290451764921709
improved_dataset_1000_20260807_001:S000323,improved_dataset_1000_20260807_001,S000323,train,TOPO-0047,9,B1,0.6227770867649549,0.6391762904202942,0.01639920365533931
improved_dataset_1000_20260807_001:S000324,improved_dataset_1000_20260807_001,S000324,train,TOPO-0150,9,B1,0.4723028112340446,0.4645427699184521,-0.007760041315592492
improved_dataset_1000_20260807_001:S000325,improved_dataset_1000_20260807_001,S000325,train,TOPO-0151,9,B3,0.43481972087145704,0.434566295424771,-0.0002534254466860508
improved_dataset_1000_20260807_001:S000326,improved_dataset_1000_20260807_001,S000326,train,TOPO-0152,9,B1,0.6743476136563646,0.6912406300031173,0.016893016346752665
improved_dataset_1000_20260807_001:S000327,improved_dataset_1000_20260807_001,S000327,train,TOPO-0153,9,B1,0.8843301397270427,0.9119053107412083,0.027575171014165623
improved_dataset_1000_20260807_001:S000328,improved_dataset_1000_20260807_001,S000328,train,TOPO-0052,9,B1,0.11305823093489831,0.10188988760942044,-0.011168343325477864
improved_dataset_1000_20260807_001:S000332,improved_dataset_1000_20260807_001,S000332,train,TOPO-0154,10,B6,0.8657379215515851,0.8625013904862889,-0.0032365310652962
improved_dataset_1000_20260807_001:S000333,improved_dataset_1000_20260807_001,S000333,train,TOPO-0155,10,B1,0.43529551395747995,0.4504707103651038,0.015175196407623825
improved_dataset_1000_20260807_001:S000335,improved_dataset_1000_20260807_001,S000335,train,TOPO-0156,10,B1,0.039564667240548135,0.02693700290375689,-0.012627664336791244
improved_dataset_1000_20260807_001:S000337,improved_dataset_1000_20260807_001,S000337,train,TOPO-0135,10,B1,0.06909888334561692,0.07898963020346467,0.009890746857847743
improved_dataset_1000_20260807_001:S000338,improved_dataset_1000_20260807_001,S000338,train,TOPO-0157,10,B1,0.6366739132522901,0.6455285097807559,0.008854596528465875
improved_dataset_1000_20260807_001:S000339,improved_dataset_1000_20260807_001,S000339,train,TOPO-0158,10,B3,0.058648175178509065,0.06467501037172912,0.006026835193220059
improved_dataset_1000_20260807_001:S000340,improved_dataset_1000_20260807_001,S000340,train,TOPO-0010,10,B1,0.7118915950002745,0.7121258774936612,0.00023428249338663942
improved_dataset_1000_20260807_001:S000342,improved_dataset_1000_20260807_001,S000342,train,TOPO-0137,10,B3,0.05481590141072451,0.07034913273710497,0.015533231326380459
improved_dataset_1000_20260807_001:S000343,improved_dataset_1000_20260807_001,S000343,train,TOPO-0159,10,B4,0.5620549206931124,0.5675245569079957,0.005469636214883389
improved_dataset_1000_20260807_001:S000344,improved_dataset_1000_20260807_001,S000344,train,TOPO-0160,10,B1,0.07074687155900122,0.08238042824306524,0.011633556684064017
improved_dataset_1000_20260807_001:S000345,improved_dataset_1000_20260807_001,S000345,train,TOPO-0161,10,B1,0.03990599926498778,0.031650975871224285,-0.008255023393763494
improved_dataset_1000_20260807_001:S000349,improved_dataset_1000_20260807_001,S000349,train,TOPO-0163,10,B1,0.3646259502244347,0.32845024461557293,-0.0361757056088618
improved_dataset_1000_20260807_001:S000350,improved_dataset_1000_20260807_001,S000350,train,TOPO-0164,10,B1,0.2478671068125114,0.2666969314862334,0.018829824673722018
improved_dataset_1000_20260807_001:S000352,improved_dataset_1000_20260807_001,S000352,train,TOPO-0165,10,B1,0.0527728814597489,0.05339394552903548,0.000621064069286581
improved_dataset_1000_20260807_001:S000353,improved_dataset_1000_20260807_001,S000353,train,TOPO-0165,10,B1,0.05545676218496237,0.05510233671194564,-0.00035442547301672844
improved_dataset_1000_20260807_001:S000354,improved_dataset_1000_20260807_001,S000354,train,TOPO-0166,10,B1,0.10131252361534268,0.09527723568949692,-0.0060352879258457615
improved_dataset_1000_20260807_001:S000357,improved_dataset_1000_20260807_001,S000357,train,TOPO-0109,10,B1,0.8667126192256903,0.8457410765170983,-0.020971542708592028
improved_dataset_1000_20260807_001:S000359,improved_dataset_1000_20260807_001,S000359,train,TOPO-0168,10,B1,0.6217154677444588,0.6041874283494866,-0.017528039394972272
improved_dataset_1000_20260807_001:S000362,improved_dataset_1000_20260807_001,S000362,train,TOPO-0169,11,B1,0.6547055992367634,0.6732750558054117,0.01856945656864828
improved_dataset_1000_20260807_001:S000364,improved_dataset_1000_20260807_001,S000364,train,TOPO-0170,11,B6,0.04110711599711758,0.06470003708989547,0.023592921092777885
improved_dataset_1000_20260807_001:S000365,improved_dataset_1000_20260807_001,S000365,train,TOPO-0001,11,B1,0.056998253333478355,0.03543111524671383,-0.021567138086764526
improved_dataset_1000_20260807_001:S000366,improved_dataset_1000_20260807_001,S000366,train,TOPO-0003,11,B1,0.03856424305777595,0.039805726652466955,0.0012414835946910063
improved_dataset_1000_20260807_001:S000367,improved_dataset_1000_20260807_001,S000367,train,TOPO-0122,11,B1,0.8009800084161374,0.8325193452919122,0.031539336875774815
improved_dataset_1000_20260807_001:S000368,improved_dataset_1000_20260807_001,S000368,train,TOPO-0122,11,B1,0.13029729368419993,0.12573160264070274,-0.004565691043497189
improved_dataset_1000_20260807_001:S000369,improved_dataset_1000_20260807_001,S000369,train,TOPO-0079,11,B1,0.02910963142166023,0.035941851818918236,0.006832220397258004
improved_dataset_1000_20260807_001:S000370,improved_dataset_1000_20260807_001,S000370,train,TOPO-0171,11,B1,0.11340744481023948,0.11515861529138399,0.0017511704811445095
improved_dataset_1000_20260807_001:S000371,improved_dataset_1000_20260807_001,S000371,train,TOPO-0018,11,B1,0.46207591632612355,0.47201423973024265,0.009938323404119098
improved_dataset_1000_20260807_001:S000372,improved_dataset_1000_20260807_001,S000372,train,TOPO-0159,11,B4,0.061444206539214175,0.06293881172418964,0.0014946051849754616
improved_dataset_1000_20260807_001:S000373,improved_dataset_1000_20260807_001,S000373,train,TOPO-0159,11,B4,0.045528079315766024,0.049207154210536674,0.003679074894770651
improved_dataset_1000_20260807_001:S000374,improved_dataset_1000_20260807_001,S000374,train,TOPO-0172,11,B1,0.8615392890411945,0.873633031641564,0.01209374260036955
improved_dataset_1000_20260807_001:S000375,improved_dataset_1000_20260807_001,S000375,train,TOPO-0173,11,B1,0.6660321136309173,0.6610202877277453,-0.005011825903171951
improved_dataset_1000_20260807_001:S000376,improved_dataset_1000_20260807_001,S000376,train,TOPO-0159,11,B3,0.7710670583259256,0.7966916185662745,0.02562456024034887
improved_dataset_1000_20260807_001:S000377,improved_dataset_1000_20260807_001,S000377,train,TOPO-0174,11,B1,0.039269429311451,0.050858309896713194,0.011588880585262196
improved_dataset_1000_20260807_001:S000379,improved_dataset_1000_20260807_001,S000379,train,TOPO-0106,11,B1,0.07722949135458873,0.07461831517928019,-0.0026111761753085383
improved_dataset_1000_20260807_001:S000381,improved_dataset_1000_20260807_001,S000381,train,TOPO-0033,11,B1,0.44286940179214185,0.45315133153982756,0.010281929747685714
improved_dataset_1000_20260807_001:S000383,improved_dataset_1000_20260807_001,S000383,train,TOPO-0175,11,B1,0.860811064947618,0.8767680194221146,0.01595695447449652
improved_dataset_1000_20260807_001:S000384,improved_dataset_1000_20260807_001,S000384,train,TOPO-0176,11,B1,0.862094038752779,0.8858910776852597,0.02379703893248064
improved_dataset_1000_20260807_001:S000385,improved_dataset_1000_20260807_001,S000385,train,TOPO-0041,11,B1,0.060204711822788026,0.07810588687889852,0.017901175056110497
improved_dataset_1000_20260807_001:S000387,improved_dataset_1000_20260807_001,S000387,train,TOPO-0177,11,B1,0.03266999974888096,0.03438176097551776,0.0017117612266367987
improved_dataset_1000_20260807_001:S000389,improved_dataset_1000_20260807_001,S000389,train,TOPO-0178,11,B1,0.05401915309470717,0.04517293563670921,-0.008846217457997962
improved_dataset_1000_20260807_001:S000390,improved_dataset_1000_20260807_001,S000390,train,TOPO-0144,11,B1,0.04896753121069808,0.05584960247335441,0.006882071262656331
improved_dataset_1000_20260807_001:S000392,improved_dataset_1000_20260807_001,S000392,train,TOPO-0179,12,B1,0.053695739390190955,0.06342603165246585,0.009730292262274898
improved_dataset_1000_20260807_001:S000393,improved_dataset_1000_20260807_001,S000393,train,TOPO-0180,12,B6,0.04203630887314408,0.05421238735057149,0.01217607847742741
improved_dataset_1000_20260807_001:S000394,improved_dataset_1000_20260807_001,S000394,train,TOPO-0181,12,B2,0.8671882926107066,0.8900118124636092,0.02282351985290254
improved_dataset_1000_20260807_001:S000396,improved_dataset_1000_20260807_001,S000396,train,TOPO-0182,12,B1,0.6893667015357352,0.7189752059271051,0.02960850439136986
improved_dataset_1000_20260807_001:S000398,improved_dataset_1000_20260807_001,S000398,train,TOPO-0135,12,B2,0.5456543727033905,0.5295197451038983,-0.016134627599492135
improved_dataset_1000_20260807_001:S000399,improved_dataset_1000_20260807_001,S000399,train,TOPO-0171,12,B1,0.8622274409208417,0.8717005049275259,0.00947306400668424
improved_dataset_1000_20260807_001:S000400,improved_dataset_1000_20260807_001,S000400,train,TOPO-0183,12,B1,0.8370686096741846,0.8625213161000166,0.025452706425831972
improved_dataset_1000_20260807_001:S000401,improved_dataset_1000_20260807_001,S000401,train,TOPO-0135,12,B4,0.06175062270078152,0.05118393346596822,-0.010566689234813298
improved_dataset_1000_20260807_001:S000402,improved_dataset_1000_20260807_001,S000402,train,TOPO-0184,12,B4,0.8646332469997623,0.8791056880049237,0.01447244100516143
improved_dataset_1000_20260807_001:S000403,improved_dataset_1000_20260807_001,S000403,train,TOPO-0161,12,B1,0.5151996374413949,0.47239715404284977,-0.04280248339854509
improved_dataset_1000_20260807_001:S000404,improved_dataset_1000_20260807_001,S000404,train,TOPO-0104,12,B1,0.05199314910221997,0.03596452134802991,-0.01602862775419006
improved_dataset_1000_20260807_001:S000405,improved_dataset_1000_20260807_001,S000405,train,TOPO-0124,12,B1,0.8634714474444428,0.866040673020794,0.0025692255763511973
improved_dataset_1000_20260807_001:S000406,improved_dataset_1000_20260807_001,S000406,train,TOPO-0028,12,B1,0.10802649783353799,0.11329459438424724,0.005268096550709256
improved_dataset_1000_20260807_001:S000411,improved_dataset_1000_20260807_001,S000411,train,TOPO-0082,12,B1,0.2108861805884959,0.20039139482761967,-0.01049478576087623
improved_dataset_1000_20260807_001:S000412,improved_dataset_1000_20260807_001,S000412,train,TOPO-0185,12,B1,0.022503038214228777,0.020108870756265607,-0.00239416745796317
improved_dataset_1000_20260807_001:S000414,improved_dataset_1000_20260807_001,S000414,train,TOPO-0176,12,B1,0.23710443019868008,0.22686528895699842,-0.010239141241681654
improved_dataset_1000_20260807_001:S000416,improved_dataset_1000_20260807_001,S000416,train,TOPO-0187,12,B1,0.06466455034529905,0.07589167607282765,0.011227125727528597
improved_dataset_1000_20260807_001:S000417,improved_dataset_1000_20260807_001,S000417,train,TOPO-0188,12,B1,0.07416636100912655,0.06997888831566668,-0.0041874726934598705
improved_dataset_1000_20260807_001:S000418,improved_dataset_1000_20260807_001,S000418,train,TOPO-0189,12,B1,0.37240704970943356,0.3797388652775047,0.007331815568071165
improved_dataset_1000_20260807_001:S000419,improved_dataset_1000_20260807_001,S000419,train,TOPO-0190,12,B1,0.054121801311822204,0.044301346568206224,-0.00982045474361598
improved_dataset_1000_20260807_001:S000420,improved_dataset_1000_20260807_001,S000420,train,TOPO-0191,12,B1,0.8652083642980223,0.8829675002980496,0.01775913600002732
improved_dataset_1000_20260807_001:S000421,improved_dataset_1000_20260807_001,S000421,train,TOPO-0192,12,B1,0.05478023051073316,0.04553688194364208,-0.009243348567091081
improved_dataset_1000_20260807_001:S000423,improved_dataset_1000_20260807_001,S000423,train,TOPO-0180,13,B6,0.12965762992002886,0.11218789412308058,-0.01746973579694827
improved_dataset_1000_20260807_001:S000424,improved_dataset_1000_20260807_001,S000424,train,TOPO-0119,13,B1,0.046992390938281114,0.04648767624748984,-0.0005047146907912747
improved_dataset_1000_20260807_001:S000425,improved_dataset_1000_20260807_001,S000425,train,TOPO-0193,13,B1,0.6171274570671004,0.6275588657488231,0.010431408681722765
improved_dataset_1000_20260807_001:S000426,improved_dataset_1000_20260807_001,S000426,train,TOPO-0194,13,B1,0.3045825418051572,0.3232523020625493,0.018669760257392087
improved_dataset_1000_20260807_001:S000428,improved_dataset_1000_20260807_001,S000428,train,TOPO-0135,13,B3,0.782247611154085,0.7985342406165243,0.016286629462439306
improved_dataset_1000_20260807_001:S000431,improved_dataset_1000_20260807_001,S000431,train,TOPO-0195,13,B1,0.09949846406684121,0.09178428665234759,-0.007714177414493623
improved_dataset_1000_20260807_001:S000432,improved_dataset_1000_20260807_001,S000432,train,TOPO-0196,13,B1,0.32173240313408485,0.3257665572535241,0.004034154119439248
improved_dataset_1000_20260807_001:S000433,improved_dataset_1000_20260807_001,S000433,train,TOPO-0197,13,B1,0.6143893978247084,0.5916908274072428,-0.02269857041746559
improved_dataset_1000_20260807_001:S000435,improved_dataset_1000_20260807_001,S000435,train,TOPO-0184,13,B4,0.6408655110265957,0.6699976054113697,0.029132094384773932
improved_dataset_1000_20260807_001:S000436,improved_dataset_1000_20260807_001,S000436,train,TOPO-0124,13,B1,0.5981080720376422,0.5891462049916496,-0.008961867045992555
improved_dataset_1000_20260807_001:S000438,improved_dataset_1000_20260807_001,S000438,train,TOPO-0199,13,B1,0.04765350880595759,0.0728678629041758,0.025214354098218206
improved_dataset_1000_20260807_001:S000441,improved_dataset_1000_20260807_001,S000441,train,TOPO-0200,13,B1,0.12587067679492817,0.12734364372100337,0.0014729669260752087
improved_dataset_1000_20260807_001:S000442,improved_dataset_1000_20260807_001,S000442,train,TOPO-0201,13,B1,0.6916504494189188,0.6860916083307478,-0.005558841088171063
improved_dataset_1000_20260807_001:S000448,improved_dataset_1000_20260807_001,S000448,train,TOPO-0188,13,B1,0.8004020551247959,0.8446092942911467,0.04420723916635083
improved_dataset_1000_20260807_001:S000449,improved_dataset_1000_20260807_001,S000449,train,TOPO-0204,13,B1,0.03891260981830058,0.040836867955107825,0.0019242581368072442
improved_dataset_1000_20260807_001:S000453,improved_dataset_1000_20260807_001,S000453,train,TOPO-0119,14,B1,0.0671206676781052,0.06370335126163967,-0.0034173164164655323
improved_dataset_1000_20260807_001:S000454,improved_dataset_1000_20260807_001,S000454,train,TOPO-0205,14,B1,0.8613348028907021,0.8668809372566253,0.0055461343659232165
improved_dataset_1000_20260807_001:S000456,improved_dataset_1000_20260807_001,S000456,train,TOPO-0180,14,B6,0.08811859985478587,0.08180717091429363,-0.0063114289404922475
improved_dataset_1000_20260807_001:S000457,improved_dataset_1000_20260807_001,S000457,train,TOPO-0206,14,B1,0.05502974265527766,0.048024453017896485,-0.0070052896373811735
improved_dataset_1000_20260807_001:S000458,improved_dataset_1000_20260807_001,S000458,train,TOPO-0207,14,B1,0.5493166894572256,0.5727232637059083,0.023406574248682754
improved_dataset_1000_20260807_001:S000459,improved_dataset_1000_20260807_001,S000459,train,TOPO-0171,14,B1,0.04379458775253153,0.04518363506515266,0.0013890473126211278
improved_dataset_1000_20260807_001:S000460,improved_dataset_1000_20260807_001,S000460,train,TOPO-0208,14,B1,0.11097896920220718,0.11321688080760117,0.002237911605393994
improved_dataset_1000_20260807_001:S000461,improved_dataset_1000_20260807_001,S000461,train,TOPO-0209,14,B1,0.07230081161221219,0.05020078305923725,-0.022100028552974937
improved_dataset_1000_20260807_001:S000463,improved_dataset_1000_20260807_001,S000463,train,TOPO-0210,14,B1,0.05201600278672658,0.03503647023545181,-0.016979532551274767
improved_dataset_1000_20260807_001:S000464,improved_dataset_1000_20260807_001,S000464,train,TOPO-0211,14,B4,0.37427016365125043,0.37195079090692423,-0.002319372744326198
improved_dataset_1000_20260807_001:S000466,improved_dataset_1000_20260807_001,S000466,train,TOPO-0212,14,B1,0.06733526395977746,0.06756520038584451,0.00022993642606705667
improved_dataset_1000_20260807_001:S000468,improved_dataset_1000_20260807_001,S000468,train,TOPO-0213,14,B1,0.719667261901124,0.6920184287289999,-0.027648833172124077
improved_dataset_1000_20260807_001:S000470,improved_dataset_1000_20260807_001,S000470,train,TOPO-0105,14,B1,0.8566293010713999,0.8576381411557189,0.001008840084319007
improved_dataset_1000_20260807_001:S000471,improved_dataset_1000_20260807_001,S000471,train,TOPO-0215,14,B1,0.05365168941973181,0.07181292872451434,0.018161239304782528
improved_dataset_1000_20260807_001:S000472,improved_dataset_1000_20260807_001,S000472,train,TOPO-0187,14,B1,0.1781141627459061,0.17511473175153844,-0.002999430994367669
improved_dataset_1000_20260807_001:S000473,improved_dataset_1000_20260807_001,S000473,train,TOPO-0176,14,B1,0.05096392301568603,0.042787128833674304,-0.008176794182011726
improved_dataset_1000_20260807_001:S000475,improved_dataset_1000_20260807_001,S000475,train,TOPO-0150,14,B1,0.07453958874796218,0.07418258509941689,-0.0003570036485452954
improved_dataset_1000_20260807_001:S000476,improved_dataset_1000_20260807_001,S000476,train,TOPO-0216,14,B3,0.6460165215772301,0.6572385462003201,0.011222024623089966
improved_dataset_1000_20260807_001:S000477,improved_dataset_1000_20260807_001,S000477,train,TOPO-0217,14,B1,0.7137035367617348,0.7267382397678646,0.013034703006129744
improved_dataset_1000_20260807_001:S000478,improved_dataset_1000_20260807_001,S000478,train,TOPO-0218,14,B1,0.09645918184501806,0.08409078988870078,-0.012368391956317282
improved_dataset_1000_20260807_001:S000481,improved_dataset_1000_20260807_001,S000481,train,TOPO-0219,14,B1,0.04572820098339947,0.050309250586830945,0.004581049603431475
improved_dataset_1000_20260807_001:S000482,improved_dataset_1000_20260807_001,S000482,train,TOPO-0181,15,B2,0.024698943974046983,0.041936330909255026,0.017237386935208043
improved_dataset_1000_20260807_001:S000483,improved_dataset_1000_20260807_001,S000483,train,TOPO-0181,15,B2,0.058924813412721766,0.051899948056863154,-0.007024865355858612
improved_dataset_1000_20260807_001:S000484,improved_dataset_1000_20260807_001,S000484,train,TOPO-0220,15,B1,0.5247968774308575,0.5138053417000192,-0.01099153573083822
improved_dataset_1000_20260807_001:S000485,improved_dataset_1000_20260807_001,S000485,train,TOPO-0001,15,B1,0.10355205578821175,0.09502391152827805,-0.008528144259933701
improved_dataset_1000_20260807_001:S000486,improved_dataset_1000_20260807_001,S000486,train,TOPO-0221,15,B2,0.07036944507716197,0.05876325388477954,-0.011606191192382431
improved_dataset_1000_20260807_001:S000487,improved_dataset_1000_20260807_001,S000487,train,TOPO-0222,15,B1,0.07033594721083042,0.06053116409132009,-0.00980478311951033
improved_dataset_1000_20260807_001:S000488,improved_dataset_1000_20260807_001,S000488,train,TOPO-0135,15,B4,0.628541150625198,0.6381961417465,0.00965499112130197
improved_dataset_1000_20260807_001:S000489,improved_dataset_1000_20260807_001,S000489,train,TOPO-0223,15,B1,0.09441896105604489,0.10631952464716848,0.011900563591123597
improved_dataset_1000_20260807_001:S000490,improved_dataset_1000_20260807_001,S000490,train,TOPO-0135,15,B2,0.3440035120489181,0.3434253193555633,-0.0005781926933547954
improved_dataset_1000_20260807_001:S000491,improved_dataset_1000_20260807_001,S000491,train,TOPO-0224,15,B1,0.3496917384156006,0.35500791448700353,0.005316176071402945
improved_dataset_1000_20260807_001:S000492,improved_dataset_1000_20260807_001,S000492,train,TOPO-0225,15,B1,0.061333031927315484,0.055080477466571465,-0.00625255446074402
improved_dataset_1000_20260807_001:S000495,improved_dataset_1000_20260807_001,S000495,train,TOPO-0212,15,B1,0.7770554602882309,0.7657237158808619,-0.01133174440736906
improved_dataset_1000_20260807_001:S000496,improved_dataset_1000_20260807_001,S000496,train,TOPO-0212,15,B1,0.5193840163242205,0.5188348833521803,-0.0005491329720401783
improved_dataset_1000_20260807_001:S000499,improved_dataset_1000_20260807_001,S000499,train,TOPO-0213,15,B1,0.36910819815656215,0.3371389827385969,-0.03196921541796527
improved_dataset_1000_20260807_001:S000500,improved_dataset_1000_20260807_001,S000500,train,TOPO-0227,15,B1,0.0452577391960588,0.05913160150565039,0.01387386230959159
improved_dataset_1000_20260807_001:S000501,improved_dataset_1000_20260807_001,S000501,train,TOPO-0228,15,B1,0.11201360945735106,0.09040446552501075,-0.021609143932340313
improved_dataset_1000_20260807_001:S000504,improved_dataset_1000_20260807_001,S000504,train,TOPO-0229,15,B3,0.43894017020894455,0.4486779391802522,0.009737768971307681
improved_dataset_1000_20260807_001:S000508,improved_dataset_1000_20260807_001,S000508,train,TOPO-0192,15,B1,0.11727621817729245,0.114455988797698,-0.0028202293795944466
improved_dataset_1000_20260807_001:S000509,improved_dataset_1000_20260807_001,S000509,train,TOPO-0219,15,B1,0.6532432212458947,0.6337802795322902,-0.01946294171360452
improved_dataset_1000_20260807_001:S000510,improved_dataset_1000_20260807_001,S000510,train,TOPO-0230,15,B1,0.676003538967269,0.6565604492052343,-0.019443089762034682
improved_dataset_1000_20260807_001:S000511,improved_dataset_1000_20260807_001,S000511,train,TOPO-0219,15,B1,0.04580558308033472,0.014730870265882434,-0.031074712814452288
improved_dataset_1000_20260807_001:S000512,improved_dataset_1000_20260807_001,S000512,train,TOPO-0231,16,B6,0.038703998586962496,0.04463306568103226,0.005929067094069762
improved_dataset_1000_20260807_001:S000513,improved_dataset_1000_20260807_001,S000513,train,TOPO-0232,16,B1,0.06145755780534412,0.0579570583970041,-0.0035004994083400187
improved_dataset_1000_20260807_001:S000515,improved_dataset_1000_20260807_001,S000515,train,TOPO-0233,16,B6,0.8613014707642259,0.8759789503860644,0.014677479621838518
improved_dataset_1000_20260807_001:S000516,improved_dataset_1000_20260807_001,S000516,train,TOPO-0180,16,B6,0.034036377532390416,0.04109545896062067,0.007059081428230252
improved_dataset_1000_20260807_001:S000517,improved_dataset_1000_20260807_001,S000517,train,TOPO-0234,16,B3,0.8612073673574341,0.8942230412030107,0.033015673845576576
improved_dataset_1000_20260807_001:S000518,improved_dataset_1000_20260807_001,S000518,train,TOPO-0122,16,B1,0.3133967047147311,0.3115733614323844,-0.0018233432823466789
improved_dataset_1000_20260807_001:S000519,improved_dataset_1000_20260807_001,S000519,train,TOPO-0158,16,B3,0.7204275290334123,0.7218741064913989,0.0014465774579865975
improved_dataset_1000_20260807_001:S000521,improved_dataset_1000_20260807_001,S000521,train,TOPO-0135,16,B6,0.598062401499708,0.595536820751947,-0.0025255807477609915
improved_dataset_1000_20260807_001:S000522,improved_dataset_1000_20260807_001,S000522,train,TOPO-0236,16,B1,0.07730613682994442,0.08788196017234459,0.010575823342400176
improved_dataset_1000_20260807_001:S000524,improved_dataset_1000_20260807_001,S000524,train,TOPO-0104,16,B1,0.310180265003018,0.27402976911674626,-0.03615049588627173
improved_dataset_1000_20260807_001:S000526,improved_dataset_1000_20260807_001,S000526,train,TOPO-0212,16,B1,0.07307415377753823,0.07925950993468467,0.006185356157146438
improved_dataset_1000_20260807_001:S000528,improved_dataset_1000_20260807_001,S000528,train,TOPO-0238,16,B1,0.05429938235912035,0.045605479828240814,-0.008693902530879538
improved_dataset_1000_20260807_001:S000530,improved_dataset_1000_20260807_001,S000530,train,TOPO-0239,16,B1,0.8861286381446754,0.900767076822796,0.014638438678120647
improved_dataset_1000_20260807_001:S000534,improved_dataset_1000_20260807_001,S000534,train,TOPO-0176,16,B1,0.05398062778609497,0.06227990372125197,0.008299275935157002
improved_dataset_1000_20260807_001:S000535,improved_dataset_1000_20260807_001,S000535,train,TOPO-0240,16,B1,0.05522336363747127,0.046484306203763204,-0.008739057433708064
improved_dataset_1000_20260807_001:S000537,improved_dataset_1000_20260807_001,S000537,train,TOPO-0241,16,B1,0.10572724406610415,0.11442943358975402,0.008702189523649873
improved_dataset_1000_20260807_001:S000539,improved_dataset_1000_20260807_001,S000539,train,TOPO-0242,16,B1,0.5729018207767994,0.6021660282418717,0.0292642074650723
improved_dataset_1000_20260807_001:S000540,improved_dataset_1000_20260807_001,S000540,train,TOPO-0243,16,B1,0.03644805816840818,0.02044779034503208,-0.016000267823376102
improved_dataset_1000_20260807_001:S000541,improved_dataset_1000_20260807_001,S000541,train,TOPO-0244,16,B1,0.053671062567274885,0.07025298520542977,0.01658192263815489
improved_dataset_1000_20260807_001:S000542,improved_dataset_1000_20260807_001,S000542,train,TOPO-0232,17,B1,0.8865922677668654,0.9130442013654028,0.02645193359853737
improved_dataset_1000_20260807_001:S000544,improved_dataset_1000_20260807_001,S000544,train,TOPO-0246,17,B1,0.782828400438508,0.7716695042847882,-0.011158896153719788
improved_dataset_1000_20260807_001:S000545,improved_dataset_1000_20260807_001,S000545,train,TOPO-0181,17,B2,0.3014733864226256,0.3015337410513603,6.035462873471564e-05
improved_dataset_1000_20260807_001:S000546,improved_dataset_1000_20260807_001,S000546,train,TOPO-0247,17,B1,0.33802700163349547,0.35213981966736196,0.014112818033866492
improved_dataset_1000_20260807_001:S000547,improved_dataset_1000_20260807_001,S000547,train,TOPO-0248,17,B3,0.6892454167926567,0.7025469977970697,0.013301581004413032
improved_dataset_1000_20260807_001:S000548,improved_dataset_1000_20260807_001,S000548,train,TOPO-0249,17,B1,0.39843099696246304,0.4250335190312917,0.026602522068828682
improved_dataset_1000_20260807_001:S000549,improved_dataset_1000_20260807_001,S000549,train,TOPO-0019,17,B1,0.03935170994189047,0.035749335769094004,-0.003602374172796463
improved_dataset_1000_20260807_001:S000550,improved_dataset_1000_20260807_001,S000550,train,TOPO-0250,17,B1,0.042092163204416,0.04291684789383904,0.0008246846894230386
improved_dataset_1000_20260807_001:S000551,improved_dataset_1000_20260807_001,S000551,train,TOPO-0251,17,B6,0.09636962707648017,0.10637316911370168,0.010003542037221508
improved_dataset_1000_20260807_001:S000552,improved_dataset_1000_20260807_001,S000552,train,TOPO-0252,17,B1,0.2635847329358012,0.25934780070715713,-0.004236932228644075
improved_dataset_1000_20260807_001:S000554,improved_dataset_1000_20260807_001,S000554,train,TOPO-0253,17,B1,0.061442420231883677,0.0562396251842045,-0.005202795047679176
improved_dataset_1000_20260807_001:S000556,improved_dataset_1000_20260807_001,S000556,train,TOPO-0254,17,B6,0.032257362755537644,0.02839949138786252,-0.0038578713676751253
improved_dataset_1000_20260807_001:S000557,improved_dataset_1000_20260807_001,S000557,train,TOPO-0255,17,B1,0.855496340250921,0.8816296481852095,0.026133307934288474
improved_dataset_1000_20260807_001:S000561,improved_dataset_1000_20260807_001,S000561,train,TOPO-0238,17,B1,0.8559963958102216,0.8911825619711207,0.03518616616089909
improved_dataset_1000_20260807_001:S000562,improved_dataset_1000_20260807_001,S000562,train,TOPO-0240,17,B1,0.047139973071750774,0.06777775254263341,0.020637779470882633
improved_dataset_1000_20260807_001:S000563,improved_dataset_1000_20260807_001,S000563,train,TOPO-0257,17,B1,0.03505530933234968,0.04797474947681407,0.01291944014446439
improved_dataset_1000_20260807_001:S000564,improved_dataset_1000_20260807_001,S000564,train,TOPO-0229,17,B3,0.5156030482494539,0.5177881256720522,0.002185077422598325
improved_dataset_1000_20260807_001:S000567,improved_dataset_1000_20260807_001,S000567,train,TOPO-0244,17,B1,0.45443273081636226,0.4763376743517542,0.021904943535391963
improved_dataset_1000_20260807_001:S000568,improved_dataset_1000_20260807_001,S000568,train,TOPO-0192,17,B1,0.8666473913848182,0.8865670753088436,0.019919683924025433
improved_dataset_1000_20260807_001:S000569,improved_dataset_1000_20260807_001,S000569,train,TOPO-0244,17,B1,0.5120815367105562,0.5107118809610176,-0.001369655749538623
improved_dataset_1000_20260807_001:S000570,improved_dataset_1000_20260807_001,S000570,train,TOPO-0258,17,B1,0.07103476168784206,0.057671193977507085,-0.013363567710334978
improved_dataset_1000_20260807_001:S000571,improved_dataset_1000_20260807_001,S000571,train,TOPO-0243,17,B1,0.48207581834016566,0.510472368454416,0.028396550114250352
improved_dataset_1000_20260807_001:S000574,improved_dataset_1000_20260807_001,S000574,train,TOPO-0259,18,B6,0.080070364553951,0.08552552615479558,0.0054551616008445825
improved_dataset_1000_20260807_001:S000575,improved_dataset_1000_20260807_001,S000575,train,TOPO-0260,18,B4,0.8864309108098576,0.8914304351326506,0.0049995243227930475
improved_dataset_1000_20260807_001:S000577,improved_dataset_1000_20260807_001,S000577,train,TOPO-0251,18,B6,0.6977525489220329,0.6817825194144986,-0.015970029507534234
improved_dataset_1000_20260807_001:S000578,improved_dataset_1000_20260807_001,S000578,train,TOPO-0250,18,B1,0.08312388198779963,0.061158157964322335,-0.021965724023477295
improved_dataset_1000_20260807_001:S000579,improved_dataset_1000_20260807_001,S000579,train,TOPO-0019,18,B1,0.05821126650411845,0.05682126158344386,-0.0013900049206745924
improved_dataset_1000_20260807_001:S000581,improved_dataset_1000_20260807_001,S000581,train,TOPO-0263,18,B1,0.050231095037237106,0.04827508851034984,-0.001956006526887266
improved_dataset_1000_20260807_001:S000582,improved_dataset_1000_20260807_001,S000582,train,TOPO-0264,18,B1,0.043222822082458645,0.05360205954080738,0.010379237458348733
improved_dataset_1000_20260807_001:S000583,improved_dataset_1000_20260807_001,S000583,train,TOPO-0254,18,B6,0.3257151174723592,0.29821401318253504,-0.027501104289824163
improved_dataset_1000_20260807_001:S000584,improved_dataset_1000_20260807_001,S000584,train,TOPO-0265,18,B1,0.8850729120968159,0.8837934004130789,-0.001279511683737078
improved_dataset_1000_20260807_001:S000585,improved_dataset_1000_20260807_001,S000585,train,TOPO-0264,18,B1,0.11774852151858206,0.10909121066466837,-0.008657310853913691
improved_dataset_1000_20260807_001:S000586,improved_dataset_1000_20260807_001,S000586,train,TOPO-0266,18,B1,0.04033438154459473,0.026991457654027606,-0.013342923890567127
improved_dataset_1000_20260807_001:S000590,improved_dataset_1000_20260807_001,S000590,train,TOPO-0238,18,B1,0.8830369637130043,0.8963149359957916,0.013277972282787265
improved_dataset_1000_20260807_001:S000592,improved_dataset_1000_20260807_001,S000592,train,TOPO-0267,18,B5,0.33259263448577686,0.3514468152930593,0.01885418080728246
improved_dataset_1000_20260807_001:S000594,improved_dataset_1000_20260807_001,S000594,train,TOPO-0047,18,B1,0.04271578703369161,0.0430630672773864,0.00034728024369479193
improved_dataset_1000_20260807_001:S000598,improved_dataset_1000_20260807_001,S000598,train,TOPO-0268,18,B1,0.06661243561927138,0.08497768227051966,0.01836524665124828
improved_dataset_1000_20260807_001:S000599,improved_dataset_1000_20260807_001,S000599,train,TOPO-0269,18,B1,0.09369300207382558,0.09179900066839977,-0.0018940014054258103
improved_dataset_1000_20260807_001:S000600,improved_dataset_1000_20260807_001,S000600,train,TOPO-0230,18,B1,0.08766959217095058,0.08257121323217742,-0.005098378938773157
improved_dataset_1000_20260807_001:S000601,improved_dataset_1000_20260807_001,S000601,train,TOPO-0258,18,B1,0.05579485307445181,0.052316820624289107,-0.0034780324501627047
improved_dataset_1000_20260807_001:S000602,improved_dataset_1000_20260807_001,S000602,train,TOPO-0270,19,B1,0.8357291369938695,0.8101599706963053,-0.025569166297564228
improved_dataset_1000_20260807_001:S000605,improved_dataset_1000_20260807_001,S000605,train,TOPO-0246,19,B1,0.5934004524312987,0.6395392054570156,0.046138753025716905
improved_dataset_1000_20260807_001:S000606,improved_dataset_1000_20260807_001,S000606,train,TOPO-0181,19,B2,0.11617552138199938,0.0792074307890081,-0.036968090592991276
improved_dataset_1000_20260807_001:S000608,improved_dataset_1000_20260807_001,S000608,train,TOPO-0195,19,B1,0.05581212685049308,0.06188341715604101,0.006071290305547927
improved_dataset_1000_20260807_001:S000609,improved_dataset_1000_20260807_001,S000609,train,TOPO-0251,19,B6,0.860862370640636,0.8681900242967825,0.0073276536561465155
improved_dataset_1000_20260807_001:S000610,improved_dataset_1000_20260807_001,S000610,train,TOPO-0251,19,B6,0.862159524411204,0.8677013863719657,0.005541861960761674
improved_dataset_1000_20260807_001:S000612,improved_dataset_1000_20260807_001,S000612,train,TOPO-0253,19,B1,0.05240994800748794,0.05200946527020778,-0.00040048273728016115
improved_dataset_1000_20260807_001:S000614,improved_dataset_1000_20260807_001,S000614,train,TOPO-0254,19,B6,0.7781558256038131,0.7759282451160728,-0.0022275804877402994
improved_dataset_1000_20260807_001:S000615,improved_dataset_1000_20260807_001,S000615,train,TOPO-0254,19,B4,0.36568483223537424,0.35247445303931224,-0.013210379196061994
improved_dataset_1000_20260807_001:S000617,improved_dataset_1000_20260807_001,S000617,train,TOPO-0271,19,B1,0.15505742850090726,0.17408362727997656,0.019026198779069303
improved_dataset_1000_20260807_001:S000619,improved_dataset_1000_20260807_001,S000619,train,TOPO-0033,19,B1,0.09867768347178998,0.10383046191421544,0.005152778442425454
improved_dataset_1000_20260807_001:S000622,improved_dataset_1000_20260807_001,S000622,train,TOPO-0272,19,B1,0.01275436724354323,0.027953577514661487,0.015199210271118258
improved_dataset_1000_20260807_001:S000623,improved_dataset_1000_20260807_001,S000623,train,TOPO-0273,19,B1,0.6487876182974663,0.6567400743774158,0.007952456079949433
improved_dataset_1000_20260807_001:S000624,improved_dataset_1000_20260807_001,S000624,train,TOPO-0274,19,B3,0.6125905863429044,0.6199832100223701,0.007392623679465693
improved_dataset_1000_20260807_001:S000626,improved_dataset_1000_20260807_001,S000626,train,TOPO-0267,19,B5,0.801548974924208,0.7852136179442791,-0.016335356979928828
improved_dataset_1000_20260807_001:S000627,improved_dataset_1000_20260807_001,S000627,train,TOPO-0192,19,B1,0.526687895518886,0.5539318078087129,0.02724391228982692
improved_dataset_1000_20260807_001:S000629,improved_dataset_1000_20260807_001,S000629,train,TOPO-0275,19,B1,0.07044557491741199,0.07109722719779077,0.0006516522803787783
improved_dataset_1000_20260807_001:S000630,improved_dataset_1000_20260807_001,S000630,train,TOPO-0258,19,B1,0.6402009862841136,0.6603265743551723,0.020125588071058687
improved_dataset_1000_20260807_001:S000631,improved_dataset_1000_20260807_001,S000631,train,TOPO-0258,19,B1,0.041364823056735,0.040302946218685964,-0.0010618768380490362
improved_dataset_1000_20260807_001:S000632,improved_dataset_1000_20260807_001,S000632,train,TOPO-0259,20,B6,0.6358172960173922,0.6717545583719139,0.03593726235452166
improved_dataset_1000_20260807_001:S000633,improved_dataset_1000_20260807_001,S000633,train,TOPO-0259,20,B6,0.8671820313272801,0.87461708440973,0.0074350530824498495
improved_dataset_1000_20260807_001:S000634,improved_dataset_1000_20260807_001,S000634,train,TOPO-0276,20,B3,0.7115889171932236,0.6862959839880033,-0.025292933205220303
improved_dataset_1000_20260807_001:S000635,improved_dataset_1000_20260807_001,S000635,train,TOPO-0181,20,B1,0.656017632763239,0.6436530712391355,-0.012364561524103479
improved_dataset_1000_20260807_001:S000637,improved_dataset_1000_20260807_001,S000637,train,TOPO-0207,20,B1,0.029052708989097897,0.045641979427509194,0.016589270438411297
improved_dataset_1000_20260807_001:S000638,improved_dataset_1000_20260807_001,S000638,train,TOPO-0019,20,B1,0.5100340417834847,0.5002798093198733,-0.0097542324636114
improved_dataset_1000_20260807_001:S000640,improved_dataset_1000_20260807_001,S000640,train,TOPO-0277,20,B6,0.024550588387918792,0.030106041016823737,0.005555452628904944
improved_dataset_1000_20260807_001:S000641,improved_dataset_1000_20260807_001,S000641,train,TOPO-0278,20,B1,0.673561085964764,0.6760029496700053,0.002441863705241243
improved_dataset_1000_20260807_001:S000644,improved_dataset_1000_20260807_001,S000644,train,TOPO-0254,20,B6,0.09986625922152739,0.08397259895625658,-0.01589366026527081
improved_dataset_1000_20260807_001:S000646,improved_dataset_1000_20260807_001,S000646,train,TOPO-0254,20,B6,0.041935557456596495,0.05647212137026064,0.014536563913664147
improved_dataset_1000_20260807_001:S000649,improved_dataset_1000_20260807_001,S000649,train,TOPO-0199,20,B1,0.07421479387798419,0.07146975514612575,-0.00274503873185844
improved_dataset_1000_20260807_001:S000652,improved_dataset_1000_20260807_001,S000652,train,TOPO-0267,20,B5,0.3345825734065984,0.3601840852684656,0.02560151186186721
improved_dataset_1000_20260807_001:S000653,improved_dataset_1000_20260807_001,S000653,train,TOPO-0267,20,B5,0.1130494098914828,0.10941046245725997,-0.003638947434222828
improved_dataset_1000_20260807_001:S000654,improved_dataset_1000_20260807_001,S000654,train,TOPO-0267,20,B5,0.04708448705126861,0.04852933344854321,0.0014448463972746017
improved_dataset_1000_20260807_001:S000655,improved_dataset_1000_20260807_001,S000655,train,TOPO-0267,20,B6,0.8464988391360161,0.8588912817869068,0.012392442650890678
improved_dataset_1000_20260807_001:S000656,improved_dataset_1000_20260807_001,S000656,train,TOPO-0280,20,B1,0.06847641969532914,0.06198335828885104,-0.006493061406478096
improved_dataset_1000_20260807_001:S000657,improved_dataset_1000_20260807_001,S000657,train,TOPO-0230,20,B1,0.06909672872749661,0.0701055319807366,0.001008803253239987
improved_dataset_1000_20260807_001:S000658,improved_dataset_1000_20260807_001,S000658,train,TOPO-0281,20,B1,0.44914063881769806,0.44805055858092074,-0.0010900802367773132
improved_dataset_1000_20260807_001:S000659,improved_dataset_1000_20260807_001,S000659,train,TOPO-0282,20,B1,0.620823271687267,0.5915397094901911,-0.029283562197075952
improved_dataset_1000_20260807_001:S000660,improved_dataset_1000_20260807_001,S000660,train,TOPO-0283,20,B1,0.03381474651463312,0.042119915422426824,0.008305168907793703
improved_dataset_1000_20260807_001:S000662,improved_dataset_1000_20260807_001,S000662,train,TOPO-0284,21,B4,0.071396792778668,0.07091797033639907,-0.00047882244226893356
improved_dataset_1000_20260807_001:S000663,improved_dataset_1000_20260807_001,S000663,train,TOPO-0259,21,B6,0.06167044144184386,0.07264781562281458,0.010977374180970723
improved_dataset_1000_20260807_001:S000664,improved_dataset_1000_20260807_001,S000664,train,TOPO-0259,21,B6,0.8577174016376821,0.8586978081290291,0.0009804064913470079
improved_dataset_1000_20260807_001:S000665,improved_dataset_1000_20260807_001,S000665,train,TOPO-0259,21,B6,0.5024501358953404,0.5012065345136081,-0.0012436013817322955
improved_dataset_1000_20260807_001:S000666,improved_dataset_1000_20260807_001,S000666,train,TOPO-0259,21,B6,0.11231696863936316,0.09303488593908596,-0.019282082700277203
improved_dataset_1000_20260807_001:S000668,improved_dataset_1000_20260807_001,S000668,train,TOPO-0285,21,B1,0.08828231400084838,0.08207933417241037,-0.00620297982843801
improved_dataset_1000_20260807_001:S000670,improved_dataset_1000_20260807_001,S000670,train,TOPO-0286,21,B6,0.04784963430152178,0.05118932921903868,0.0033396949175169
improved_dataset_1000_20260807_001:S000672,improved_dataset_1000_20260807_001,S000672,train,TOPO-0264,21,B1,0.7957652800988689,0.7860930704481441,-0.009672209650724795
improved_dataset_1000_20260807_001:S000673,improved_dataset_1000_20260807_001,S000673,train,TOPO-0264,21,B1,0.8611458962866179,0.870104098640252,0.008958202353634093
improved_dataset_1000_20260807_001:S000677,improved_dataset_1000_20260807_001,S000677,train,TOPO-0288,21,B1,0.03586310697206069,0.02915196874694681,-0.006711138225113877
improved_dataset_1000_20260807_001:S000679,improved_dataset_1000_20260807_001,S000679,train,TOPO-0289,21,B1,0.7081621167739209,0.7272009117820011,0.019038795008080145
improved_dataset_1000_20260807_001:S000683,improved_dataset_1000_20260807_001,S000683,train,TOPO-0290,21,B1,0.5008316493762184,0.5074731768620617,0.006641527485843346
improved_dataset_1000_20260807_001:S000685,improved_dataset_1000_20260807_001,S000685,train,TOPO-0291,21,B1,0.04324390787517418,0.04889998301185028,0.0056560751366760975
improved_dataset_1000_20260807_001:S000686,improved_dataset_1000_20260807_001,S000686,train,TOPO-0240,21,B1,0.030235575921593538,0.02931877670364358,-0.0009167992179499596
improved_dataset_1000_20260807_001:S000687,improved_dataset_1000_20260807_001,S000687,train,TOPO-0292,21,B1,0.10480690906457218,0.09557637771296587,-0.009230531351606314
improved_dataset_1000_20260807_001:S000688,improved_dataset_1000_20260807_001,S000688,train,TOPO-0243,21,B1,0.77775978101155,0.7709237485976176,-0.00683603241393238
improved_dataset_1000_20260807_001:S000689,improved_dataset_1000_20260807_001,S000689,train,TOPO-0275,21,B1,0.6669834235698708,0.6915850374226518,0.024601613852780924
improved_dataset_1000_20260807_001:S000691,improved_dataset_1000_20260807_001,S000691,train,TOPO-0281,21,B1,0.04397340264097549,0.035106338792275316,-0.008867063848700174
improved_dataset_1000_20260807_001:S000692,improved_dataset_1000_20260807_001,S000692,train,TOPO-0293,22,B6,0.19566323268697555,0.1899646913162365,-0.005698541370739052
improved_dataset_1000_20260807_001:S000693,improved_dataset_1000_20260807_001,S000693,train,TOPO-0294,22,B1,0.37434165277554904,0.3769204176013559,0.0025787648258068785
improved_dataset_1000_20260807_001:S000694,improved_dataset_1000_20260807_001,S000694,train,TOPO-0247,22,B1,0.08507093856249495,0.07943534150573134,-0.005635597056763614
improved_dataset_1000_20260807_001:S000695,improved_dataset_1000_20260807_001,S000695,train,TOPO-0182,22,B1,0.12076047507980267,0.11321816989536543,-0.007542305184437242
improved_dataset_1000_20260807_001:S000696,improved_dataset_1000_20260807_001,S000696,train,TOPO-0295,22,B2,0.08433884720562562,0.0810036088486652,-0.003335238356960424
improved_dataset_1000_20260807_001:S000699,improved_dataset_1000_20260807_001,S000699,train,TOPO-0223,22,B1,0.6273476210953379,0.6419003170215949,0.014552695926256964
improved_dataset_1000_20260807_001:S000700,improved_dataset_1000_20260807_001,S000700,train,TOPO-0296,22,B4,0.6674109587346613,0.6607528572632774,-0.006658101471383904
improved_dataset_1000_20260807_001:S000702,improved_dataset_1000_20260807_001,S000702,train,TOPO-0297,22,B1,0.5952536081701365,0.5965310388979113,0.0012774307277747532
improved_dataset_1000_20260807_001:S000708,improved_dataset_1000_20260807_001,S000708,train,TOPO-0238,22,B1,0.14993231019879522,0.15769725925566164,0.0077649490568664215
improved_dataset_1000_20260807_001:S000710,improved_dataset_1000_20260807_001,S000710,train,TOPO-0298,22,B1,0.053055744146309036,0.0640207615002823,0.010965017353973261
improved_dataset_1000_20260807_001:S000711,improved_dataset_1000_20260807_001,S000711,train,TOPO-0299,22,B1,0.8023743962352106,0.7761716985481253,-0.026202697687085275
improved_dataset_1000_20260807_001:S000712,improved_dataset_1000_20260807_001,S000712,train,TOPO-0267,22,B4,0.06438520502678136,0.07759627365460298,0.01321106862782162
improved_dataset_1000_20260807_001:S000713,improved_dataset_1000_20260807_001,S000713,train,TOPO-0300,22,B1,0.7133231453780376,0.6995634594132816,-0.013759685964756074
improved_dataset_1000_20260807_001:S000714,improved_dataset_1000_20260807_001,S000714,train,TOPO-0257,22,B1,0.04232732964369812,0.055855937418938795,0.013528607775240675
improved_dataset_1000_20260807_001:S000715,improved_dataset_1000_20260807_001,S000715,train,TOPO-0301,22,B1,0.11282295400237924,0.11744646983987375,0.004623515837494513
improved_dataset_1000_20260807_001:S000716,improved_dataset_1000_20260807_001,S000716,train,TOPO-0291,22,B1,0.029956230603075895,0.02843676443978943,-0.0015194661632864648
improved_dataset_1000_20260807_001:S000722,improved_dataset_1000_20260807_001,S000722,train,TOPO-0302,23,B6,0.4560228850279795,0.47483596076853574,0.01881307574055624
improved_dataset_1000_20260807_001:S000723,improved_dataset_1000_20260807_001,S000723,train,TOPO-0182,23,B1,0.5880206840491244,0.6192677294821205,0.031247045432996057
improved_dataset_1000_20260807_001:S000724,improved_dataset_1000_20260807_001,S000724,train,TOPO-0302,23,B6,0.8293661629583459,0.8476855733318045,0.018319410373458633
improved_dataset_1000_20260807_001:S000725,improved_dataset_1000_20260807_001,S000725,train,TOPO-0302,23,B6,0.07358547964700629,0.06730957428218948,-0.006275905364816814
improved_dataset_1000_20260807_001:S000726,improved_dataset_1000_20260807_001,S000726,train,TOPO-0247,23,B1,0.8670293665049114,0.868775122817446,0.0017457563125345965
improved_dataset_1000_20260807_001:S000727,improved_dataset_1000_20260807_001,S000727,train,TOPO-0248,23,B3,0.3766753113746343,0.3490604191927607,-0.027614892181873574
improved_dataset_1000_20260807_001:S000730,improved_dataset_1000_20260807_001,S000730,train,TOPO-0303,23,B1,0.7060041101943723,0.7321213966093048,0.026117286414932495
improved_dataset_1000_20260807_001:S000731,improved_dataset_1000_20260807_001,S000731,train,TOPO-0250,23,B1,0.8079705840374665,0.8228066582853892,0.01483607424792277
improved_dataset_1000_20260807_001:S000733,improved_dataset_1000_20260807_001,S000733,train,TOPO-0304,23,B5,0.8648578060882984,0.8960567133010685,0.031198907212770077
improved_dataset_1000_20260807_001:S000734,improved_dataset_1000_20260807_001,S000734,train,TOPO-0305,23,B1,0.06204825465001235,0.06670416342146906,0.004655908771456718
improved_dataset_1000_20260807_001:S000738,improved_dataset_1000_20260807_001,S000738,train,TOPO-0299,23,B1,0.07375589704944296,0.06571368363002122,-0.00804221341942174
improved_dataset_1000_20260807_001:S000740,improved_dataset_1000_20260807_001,S000740,train,TOPO-0299,23,B1,0.04423350372072654,0.05359673744989485,0.009363233729168308
improved_dataset_1000_20260807_001:S000741,improved_dataset_1000_20260807_001,S000741,train,TOPO-0308,23,B1,0.12235645780966836,0.12596374893150858,0.003607291121840217
improved_dataset_1000_20260807_001:S000742,improved_dataset_1000_20260807_001,S000742,train,TOPO-0309,23,B1,0.6207846911320363,0.6141094632089271,-0.0066752279231091505
improved_dataset_1000_20260807_001:S000744,improved_dataset_1000_20260807_001,S000744,train,TOPO-0310,23,B1,0.6102741508771268,0.5896998129397857,-0.02057433793734109
improved_dataset_1000_20260807_001:S000745,improved_dataset_1000_20260807_001,S000745,train,TOPO-0257,23,B1,0.8622715645534588,0.8720737879129801,0.0098022233595213
improved_dataset_1000_20260807_001:S000747,improved_dataset_1000_20260807_001,S000747,train,TOPO-0275,23,B1,0.8654479504667819,0.8965334547873751,0.031085504320593205
improved_dataset_1000_20260807_001:S000748,improved_dataset_1000_20260807_001,S000748,train,TOPO-0312,23,B1,0.15797691763835062,0.15867000488258098,0.000693087244230367
improved_dataset_1000_20260807_001:S000749,improved_dataset_1000_20260807_001,S000749,train,TOPO-0275,23,B1,0.17033604657830462,0.1761777319374963,0.0058416853591916895
improved_dataset_1000_20260807_001:S000750,improved_dataset_1000_20260807_001,S000750,train,TOPO-0230,23,B1,0.04003577357177096,0.044643525707462384,0.004607752135691423
improved_dataset_1000_20260807_001:S000751,improved_dataset_1000_20260807_001,S000751,train,TOPO-0313,23,B1,0.0574501522570135,0.053563497401116156,-0.0038866548558973424
improved_dataset_1000_20260807_001:S000753,improved_dataset_1000_20260807_001,S000753,train,TOPO-0302,24,B6,0.525917039451391,0.5492715898010156,0.023354550349624636
improved_dataset_1000_20260807_001:S000754,improved_dataset_1000_20260807_001,S000754,train,TOPO-0315,24,B1,0.39250857327426414,0.3684140773401779,-0.024094495934086246
improved_dataset_1000_20260807_001:S000755,improved_dataset_1000_20260807_001,S000755,train,TOPO-0220,24,B1,0.06924252455363578,0.07161324902982869,0.002370724476192909
improved_dataset_1000_20260807_001:S000756,improved_dataset_1000_20260807_001,S000756,train,TOPO-0246,24,B1,0.06396518340210272,0.07723039371602375,0.013265210313921028
improved_dataset_1000_20260807_001:S000757,improved_dataset_1000_20260807_001,S000757,train,TOPO-0316,24,B1,0.029176571907704896,0.04199187217635569,0.012815300268650798
improved_dataset_1000_20260807_001:S000758,improved_dataset_1000_20260807_001,S000758,train,TOPO-0207,24,B1,0.8602880267950346,0.9003947882764743,0.04010676148143977
improved_dataset_1000_20260807_001:S000759,improved_dataset_1000_20260807_001,S000759,train,TOPO-0317,24,B4,0.09878460409406659,0.09613569447834383,-0.0026489096157227554
improved_dataset_1000_20260807_001:S000760,improved_dataset_1000_20260807_001,S000760,train,TOPO-0318,24,B1,0.39548672971663645,0.3276333715678072,-0.06785335814882926
improved_dataset_1000_20260807_001:S000761,improved_dataset_1000_20260807_001,S000761,train,TOPO-0318,24,B1,0.06682077061751718,0.06794251637444682,0.0011217457569296374
improved_dataset_1000_20260807_001:S000763,improved_dataset_1000_20260807_001,S000763,train,TOPO-0319,24,B1,0.09508315431881609,0.10105188848494645,0.005968734166130363
improved_dataset_1000_20260807_001:S000764,improved_dataset_1000_20260807_001,S000764,train,TOPO-0252,24,B1,0.5716200992283236,0.5459235158130309,-0.025696583415292684
improved_dataset_1000_20260807_001:S000767,improved_dataset_1000_20260807_001,S000767,train,TOPO-0320,24,B1,0.0837059971910657,0.08455570859865508,0.0008497114075893819
improved_dataset_1000_20260807_001:S000770,improved_dataset_1000_20260807_001,S000770,train,TOPO-0289,24,B1,0.03924985359297356,0.07530075824168558,0.03605090464871202
improved_dataset_1000_20260807_001:S000771,improved_dataset_1000_20260807_001,S000771,train,TOPO-0289,24,B1,0.048325178777761546,0.04925798109952795,0.0009328023217664017
improved_dataset_1000_20260807_001:S000772,improved_dataset_1000_20260807_001,S000772,train,TOPO-0267,24,B5,0.04769965814791849,0.05668213218259999,0.008982474034681498
improved_dataset_1000_20260807_001:S000773,improved_dataset_1000_20260807_001,S000773,train,TOPO-0321,24,B1,0.045300002859187394,0.049383759234241875,0.004083756375054481
improved_dataset_1000_20260807_001:S000774,improved_dataset_1000_20260807_001,S000774,train,TOPO-0267,24,B6,0.7061631467934044,0.703077438996528,-0.003085707796876447
improved_dataset_1000_20260807_001:S000775,improved_dataset_1000_20260807_001,S000775,train,TOPO-0267,24,B5,0.865895558569616,0.8700867880331318,0.0041912294635158
improved_dataset_1000_20260807_001:S000776,improved_dataset_1000_20260807_001,S000776,train,TOPO-0322,24,B1,0.558391351682592,0.5488673502936795,-0.009524001388912517
improved_dataset_1000_20260807_001:S000777,improved_dataset_1000_20260807_001,S000777,train,TOPO-0281,24,B1,0.06944566636974547,0.07783420242480854,0.008388536055063067
improved_dataset_1000_20260807_001:S000778,improved_dataset_1000_20260807_001,S000778,train,TOPO-0281,24,B1,0.7251131420700658,0.7289015868538651,0.0037884447837992496
improved_dataset_1000_20260807_001:S000779,improved_dataset_1000_20260807_001,S000779,train,TOPO-0323,24,B1,0.11689995187444105,0.11186639563467124,-0.00503355623976981
improved_dataset_1000_20260807_001:S000781,improved_dataset_1000_20260807_001,S000781,train,TOPO-0324,24,B1,0.7095105762375069,0.6879374346848688,-0.02157314155263812
improved_dataset_1000_20260807_001:S000782,improved_dataset_1000_20260807_001,S000782,train,TOPO-0325,25,B1,0.8615274294337633,0.8911626363573929,0.029635206923629642
improved_dataset_1000_20260807_001:S000783,improved_dataset_1000_20260807_001,S000783,train,TOPO-0326,25,B1,0.885557645927261,0.8985416693687154,0.012984023441454329
improved_dataset_1000_20260807_001:S000785,improved_dataset_1000_20260807_001,S000785,train,TOPO-0326,25,B1,0.44451239018655475,0.44621242992230636,0.0017000397357516128
improved_dataset_1000_20260807_001:S000791,improved_dataset_1000_20260807_001,S000791,train,TOPO-0328,25,B6,0.04148360328644285,0.06010429188595129,0.01862068859950844
improved_dataset_1000_20260807_001:S000794,improved_dataset_1000_20260807_001,S000794,train,TOPO-0329,25,B1,0.8668327990363994,0.874944439039697,0.00811164000329756
improved_dataset_1000_20260807_001:S000797,improved_dataset_1000_20260807_001,S000797,train,TOPO-0331,25,B1,0.04365459282133166,0.032878279500508256,-0.010776313320823405
improved_dataset_1000_20260807_001:S000798,improved_dataset_1000_20260807_001,S000798,train,TOPO-0332,25,B1,0.03048735317749529,0.03627568871878556,0.005788335541290268
improved_dataset_1000_20260807_001:S000799,improved_dataset_1000_20260807_001,S000799,train,TOPO-0333,25,B1,0.6849837663061328,0.6869736758412204,0.0019899095350875973
improved_dataset_1000_20260807_001:S000801,improved_dataset_1000_20260807_001,S000801,train,TOPO-0298,25,B1,0.04990769974826037,0.04445443494798318,-0.005453264800277191
improved_dataset_1000_20260807_001:S000804,improved_dataset_1000_20260807_001,S000804,train,TOPO-0334,25,B1,0.553104084555274,0.5831728116940282,0.030068727138754192
improved_dataset_1000_20260807_001:S000805,improved_dataset_1000_20260807_001,S000805,train,TOPO-0335,25,B1,0.0768779387057324,0.06827182305159973,-0.008606115654132662
improved_dataset_1000_20260807_001:S000806,improved_dataset_1000_20260807_001,S000806,train,TOPO-0267,25,B6,0.09902286434398294,0.09622477044285502,-0.0027980939011279238
improved_dataset_1000_20260807_001:S000807,improved_dataset_1000_20260807_001,S000807,train,TOPO-0336,25,B1,0.06330146894335825,0.05814520996396927,-0.0051562589793889835
improved_dataset_1000_20260807_001:S000809,improved_dataset_1000_20260807_001,S000809,train,TOPO-0338,25,B1,0.38026446319007723,0.3638047414680904,-0.016459721721986842
improved_dataset_1000_20260807_001:S000810,improved_dataset_1000_20260807_001,S000810,train,TOPO-0243,25,B1,0.10454260924181755,0.07287788095765813,-0.03166472828415942
improved_dataset_1000_20260807_001:S000811,improved_dataset_1000_20260807_001,S000811,train,TOPO-0339,25,B1,0.06347602984218009,0.08212347622056693,0.018647446378386834
improved_dataset_1000_20260807_001:S000812,improved_dataset_1000_20260807_001,S000812,train,TOPO-0340,26,B1,0.20069692704329153,0.20676639421043,0.006069467167138465
improved_dataset_1000_20260807_001:S000815,improved_dataset_1000_20260807_001,S000815,train,TOPO-0302,26,B6,0.8856782308798389,0.9098531566826459,0.024174925802807
improved_dataset_1000_20260807_001:S000817,improved_dataset_1000_20260807_001,S000817,train,TOPO-0342,26,B1,0.49112649432534683,0.48324352007589155,-0.007882974249455277
improved_dataset_1000_20260807_001:S000818,improved_dataset_1000_20260807_001,S000818,train,TOPO-0318,26,B1,0.05028833053397075,0.05890860773797091,0.00862027720400016
improved_dataset_1000_20260807_001:S000819,improved_dataset_1000_20260807_001,S000819,train,TOPO-0343,26,B1,0.08618796994131528,0.10667518396133102,0.020487214020015743
improved_dataset_1000_20260807_001:S000820,improved_dataset_1000_20260807_001,S000820,train,TOPO-0195,26,B1,0.06775149198332125,0.05450718330672094,-0.013244308676600314
improved_dataset_1000_20260807_001:S000821,improved_dataset_1000_20260807_001,S000821,train,TOPO-0344,26,B1,0.05274995411308436,0.052528875561511756,-0.00022107855157260659
improved_dataset_1000_20260807_001:S000823,improved_dataset_1000_20260807_001,S000823,train,TOPO-0254,26,B5,0.5974787025600458,0.6040719997479658,0.006593297187920011
improved_dataset_1000_20260807_001:S000824,improved_dataset_1000_20260807_001,S000824,train,TOPO-0345,26,B1,0.046682015435723534,0.04606181689679295,-0.0006201985389305831
improved_dataset_1000_20260807_001:S000825,improved_dataset_1000_20260807_001,S000825,train,TOPO-0346,26,B6,0.7774662004810068,0.7769583735640417,-0.0005078269169650484
improved_dataset_1000_20260807_001:S000827,improved_dataset_1000_20260807_001,S000827,train,TOPO-0289,26,B1,0.6339168491731451,0.5972617675048584,-0.03665508166828668
improved_dataset_1000_20260807_001:S000829,improved_dataset_1000_20260807_001,S000829,train,TOPO-0347,26,B1,0.8032534804282858,0.8129055434788088,0.009652063050523019
improved_dataset_1000_20260807_001:S000830,improved_dataset_1000_20260807_001,S000830,train,TOPO-0347,26,B1,0.04255767121163395,0.054955288629121246,0.012397617417487294
improved_dataset_1000_20260807_001:S000831,improved_dataset_1000_20260807_001,S000831,train,TOPO-0348,26,B1,0.04118993067820231,0.06409545492845209,0.022905524250249776
improved_dataset_1000_20260807_001:S000833,improved_dataset_1000_20260807_001,S000833,train,TOPO-0349,26,B1,0.03127596182505815,0.034640646629662486,0.0033646848046043343
improved_dataset_1000_20260807_001:S000835,improved_dataset_1000_20260807_001,S000835,train,TOPO-0350,26,B6,0.057689830503470596,0.0537694567947678,-0.003920373708702796
improved_dataset_1000_20260807_001:S000836,improved_dataset_1000_20260807_001,S000836,train,TOPO-0350,26,B5,0.09630837699213776,0.08711228269937699,-0.009196094292760776
improved_dataset_1000_20260807_001:S000838,improved_dataset_1000_20260807_001,S000838,train,TOPO-0351,26,B2,0.11668717873117829,0.10162372781717735,-0.015063450914000936
improved_dataset_1000_20260807_001:S000839,improved_dataset_1000_20260807_001,S000839,train,TOPO-0204,26,B1,0.0623860693064095,0.0691112770036934,0.006725207697283908
improved_dataset_1000_20260807_001:S000840,improved_dataset_1000_20260807_001,S000840,train,TOPO-0352,26,B1,0.052809915109662486,0.051104102102280835,-0.0017058130073816513
improved_dataset_1000_20260807_001:S000841,improved_dataset_1000_20260807_001,S000841,train,TOPO-0353,26,B1,0.07059264141577587,0.0643131266052191,-0.006279514810556774
improved_dataset_1000_20260807_001:S000848,improved_dataset_1000_20260807_001,S000848,train,TOPO-0355,27,B1,0.788229751832964,0.7978931220247336,0.00966337019176966
improved_dataset_1000_20260807_001:S000849,improved_dataset_1000_20260807_001,S000849,train,TOPO-0356,27,B6,0.058653939242369335,0.06311760819709411,0.004463668954724775
improved_dataset_1000_20260807_001:S000851,improved_dataset_1000_20260807_001,S000851,train,TOPO-0223,27,B1,0.05090681642772882,0.07138767708662064,0.02048086065889182
improved_dataset_1000_20260807_001:S000852,improved_dataset_1000_20260807_001,S000852,train,TOPO-0357,27,B1,0.5481712797320518,0.5534448825290685,0.005273602797016719
improved_dataset_1000_20260807_001:S000853,improved_dataset_1000_20260807_001,S000853,train,TOPO-0358,27,B1,0.07302942243211796,0.05891214352155294,-0.014117278910565023
improved_dataset_1000_20260807_001:S000854,improved_dataset_1000_20260807_001,S000854,train,TOPO-0225,27,B1,0.6207229622436672,0.6023639400447665,-0.018359022198900732
improved_dataset_1000_20260807_001:S000855,improved_dataset_1000_20260807_001,S000855,train,TOPO-0346,27,B6,0.07541165662049193,0.06496468680790046,-0.010446969812591467
improved_dataset_1000_20260807_001:S000861,improved_dataset_1000_20260807_001,S000861,train,TOPO-0359,27,B1,0.6581675365054123,0.6595327541099338,0.0013652176045215736
improved_dataset_1000_20260807_001:S000862,improved_dataset_1000_20260807_001,S000862,train,TOPO-0350,27,B4,0.8436637300005141,0.8600689555372664,0.016405225536752277
improved_dataset_1000_20260807_001:S000863,improved_dataset_1000_20260807_001,S000863,train,TOPO-0267,27,B5,0.6315705989489337,0.6575875943358058,0.026016995386872077
improved_dataset_1000_20260807_001:S000864,improved_dataset_1000_20260807_001,S000864,train,TOPO-0360,27,B1,0.03706468409267777,0.04398130290741653,0.006916618814738762
improved_dataset_1000_20260807_001:S000867,improved_dataset_1000_20260807_001,S000867,train,TOPO-0361,27,B1,0.5616090804820693,0.5401893403733795,-0.021419740108689744
improved_dataset_1000_20260807_001:S000868,improved_dataset_1000_20260807_001,S000868,train,TOPO-0362,27,B1,0.04319247327337977,0.05138399988698317,0.008191526613603395
improved_dataset_1000_20260807_001:S000869,improved_dataset_1000_20260807_001,S000869,train,TOPO-0204,27,B1,0.6210492487723438,0.612935454150926,-0.008113794621417814
improved_dataset_1000_20260807_001:S000870,improved_dataset_1000_20260807_001,S000870,train,TOPO-0281,27,B1,0.7524176046537345,0.7528483809534751,0.0004307762997405318
improved_dataset_1000_20260807_001:S000871,improved_dataset_1000_20260807_001,S000871,train,TOPO-0363,27,B1,0.551806175747587,0.5582202529051942,0.006414077157607223
improved_dataset_1000_20260807_001:S000874,improved_dataset_1000_20260807_001,S000874,train,TOPO-0364,28,B1,0.06672379438656495,0.060262518201245896,-0.006461276185319054
improved_dataset_1000_20260807_001:S000876,improved_dataset_1000_20260807_001,S000876,train,TOPO-0155,28,B1,0.6354166107091775,0.6345458503399516,-0.0008707603692259536
improved_dataset_1000_20260807_001:S000877,improved_dataset_1000_20260807_001,S000877,train,TOPO-0365,28,B1,0.07975225452480778,0.08412030999850262,0.004368055473694843
improved_dataset_1000_20260807_001:S000878,improved_dataset_1000_20260807_001,S000878,train,TOPO-0366,28,B4,0.8622467404062267,0.8820319908919781,0.019785250485751416
improved_dataset_1000_20260807_001:S000879,improved_dataset_1000_20260807_001,S000879,train,TOPO-0355,28,B1,0.08617049359433965,0.09996710271577242,0.013796609121432768
improved_dataset_1000_20260807_001:S000880,improved_dataset_1000_20260807_001,S000880,train,TOPO-0367,28,B1,0.44577085290865515,0.44418962102592063,-0.0015812318827345129
improved_dataset_1000_20260807_001:S000881,improved_dataset_1000_20260807_001,S000881,train,TOPO-0368,28,B1,0.4794430039059568,0.49501213632657226,0.015569132420615472
improved_dataset_1000_20260807_001:S000883,improved_dataset_1000_20260807_001,S000883,train,TOPO-0346,28,B6,0.10483092292806662,0.09763845774731322,-0.0071924651807533935
improved_dataset_1000_20260807_001:S000884,improved_dataset_1000_20260807_001,S000884,train,TOPO-0161,28,B1,0.0289164708279539,0.04128841698339264,0.01237194615543874
improved_dataset_1000_20260807_001:S000885,improved_dataset_1000_20260807_001,S000885,train,TOPO-0357,28,B1,0.5465610617901606,0.5385900428464057,-0.00797101894375496
improved_dataset_1000_20260807_001:S000886,improved_dataset_1000_20260807_001,S000886,train,TOPO-0346,28,B6,0.0715785357378908,0.061244784662081386,-0.010333751075809416
improved_dataset_1000_20260807_001:S000887,improved_dataset_1000_20260807_001,S000887,train,TOPO-0369,28,B1,0.16742460503161824,0.1628882315269885,-0.004536373504629737
improved_dataset_1000_20260807_001:S000888,improved_dataset_1000_20260807_001,S000888,train,TOPO-0348,28,B1,0.07701760215722148,0.08421745196931019,0.00719984981208871
improved_dataset_1000_20260807_001:S000889,improved_dataset_1000_20260807_001,S000889,train,TOPO-0370,28,B1,0.28113696574577796,0.27299064007385176,-0.008146325671926191
improved_dataset_1000_20260807_001:S000890,improved_dataset_1000_20260807_001,S000890,train,TOPO-0371,28,B1,0.04712715585626598,0.0555814538028464,0.008454297946580425
improved_dataset_1000_20260807_001:S000891,improved_dataset_1000_20260807_001,S000891,train,TOPO-0372,28,B1,0.7144723118732673,0.6904801418843551,-0.023992169988912182
improved_dataset_1000_20260807_001:S000892,improved_dataset_1000_20260807_001,S000892,train,TOPO-0373,28,B6,0.0430145975774498,0.04816061751688255,0.0051460199394327555
improved_dataset_1000_20260807_001:S000894,improved_dataset_1000_20260807_001,S000894,train,TOPO-0375,28,B1,0.07578519742349882,0.08284998766897089,0.007064790245472075
improved_dataset_1000_20260807_001:S000895,improved_dataset_1000_20260807_001,S000895,train,TOPO-0267,28,B4,0.07391132420273516,0.07308358253375685,-0.0008277416689783101
improved_dataset_1000_20260807_001:S000896,improved_dataset_1000_20260807_001,S000896,train,TOPO-0350,28,B6,0.5336095417759054,0.5333498274224836,-0.0002597143534217583
improved_dataset_1000_20260807_001:S000897,improved_dataset_1000_20260807_001,S000897,train,TOPO-0351,28,B2,0.866757332155571,0.8762941507599683,0.009536818604397257
improved_dataset_1000_20260807_001:S000898,improved_dataset_1000_20260807_001,S000898,train,TOPO-0376,28,B1,0.07113109337491214,0.0759746380782283,0.0048435447033161605
improved_dataset_1000_20260807_001:S000899,improved_dataset_1000_20260807_001,S000899,train,TOPO-0351,28,B2,0.44186122466724453,0.4214569450293202,-0.02040427963792435
improved_dataset_1000_20260807_001:S000900,improved_dataset_1000_20260807_001,S000900,train,TOPO-0377,28,B1,0.5937519682490761,0.6115297039439878,0.0177777356949117
improved_dataset_1000_20260807_001:S000901,improved_dataset_1000_20260807_001,S000901,train,TOPO-0363,28,B1,0.6755325431292831,0.6986863640984711,0.023153820969187944
improved_dataset_1000_20260807_001:S000902,improved_dataset_1000_20260807_001,S000902,train,TOPO-0378,29,B1,0.47939201127711006,0.47828079000099877,-0.001111221276111296
improved_dataset_1000_20260807_001:S000903,improved_dataset_1000_20260807_001,S000903,train,TOPO-0379,29,B6,0.08414911190226432,0.09035177866653102,0.006202666764266701
improved_dataset_1000_20260807_001:S000905,improved_dataset_1000_20260807_001,S000905,train,TOPO-0380,29,B4,0.08378501827101553,0.09631671923152654,0.01253170096051101
improved_dataset_1000_20260807_001:S000907,improved_dataset_1000_20260807_001,S000907,train,TOPO-0366,29,B6,0.05529221933962286,0.08464509762733757,0.029352878287714712
improved_dataset_1000_20260807_001:S000908,improved_dataset_1000_20260807_001,S000908,train,TOPO-0286,29,B6,0.523744760828738,0.513640246388495,-0.010104514440242962
improved_dataset_1000_20260807_001:S000909,improved_dataset_1000_20260807_001,S000909,train,TOPO-0366,29,B6,0.027761687593179873,0.04333591191046421,0.015574224317284335
improved_dataset_1000_20260807_001:S000911,improved_dataset_1000_20260807_001,S000911,train,TOPO-0381,29,B1,0.8614514469178292,0.8872962201793947,0.025844773261565535
improved_dataset_1000_20260807_001:S000912,improved_dataset_1000_20260807_001,S000912,train,TOPO-0382,29,B1,0.8653816913556984,0.8844263793364152,0.01904468798071679
improved_dataset_1000_20260807_001:S000913,improved_dataset_1000_20260807_001,S000913,train,TOPO-0346,29,B6,0.691586289679337,0.7035503500506208,0.011964060371283836
improved_dataset_1000_20260807_001:S000914,improved_dataset_1000_20260807_001,S000914,train,TOPO-0383,29,B1,0.48064544655692987,0.44288091150432285,-0.03776453505260702
improved_dataset_1000_20260807_001:S000915,improved_dataset_1000_20260807_001,S000915,train,TOPO-0225,29,B1,0.4443277007410136,0.4336596247535403,-0.010668075987473269
improved_dataset_1000_20260807_001:S000916,improved_dataset_1000_20260807_001,S000916,train,TOPO-0384,29,B6,0.8685275074734689,0.8792711332116981,0.01074362573822929
improved_dataset_1000_20260807_001:S000917,improved_dataset_1000_20260807_001,S000917,train,TOPO-0385,29,B1,0.05380219962398025,0.039042770851413056,-0.014759428772567196
improved_dataset_1000_20260807_001:S000918,improved_dataset_1000_20260807_001,S000918,train,TOPO-0139,29,B1,0.03822884083705197,0.051681558174056064,0.013452717337004094
improved_dataset_1000_20260807_001:S000919,improved_dataset_1000_20260807_001,S000919,train,TOPO-0386,29,B1,0.352967407106197,0.33981935875645125,-0.013148048349745756
improved_dataset_1000_20260807_001:S000920,improved_dataset_1000_20260807_001,S000920,train,TOPO-0371,29,B1,0.029328150213243753,0.03953299251262604,0.010204842299382288
improved_dataset_1000_20260807_001:S000921,improved_dataset_1000_20260807_001,S000921,train,TOPO-0387,29,B1,0.7148401806901115,0.7174120949352283,0.002571914245116824
improved_dataset_1000_20260807_001:S000922,improved_dataset_1000_20260807_001,S000922,train,TOPO-0388,29,B1,0.4225821344921344,0.4428602492690155,0.02027811477688113
improved_dataset_1000_20260807_001:S000923,improved_dataset_1000_20260807_001,S000923,train,TOPO-0360,29,B1,0.6798020386356297,0.7157039799854104,0.03590194134978064
improved_dataset_1000_20260807_001:S000925,improved_dataset_1000_20260807_001,S000925,train,TOPO-0389,29,B1,0.6126459250390706,0.6081149288719718,-0.004530996167098733
improved_dataset_1000_20260807_001:S000927,improved_dataset_1000_20260807_001,S000927,train,TOPO-0390,29,B1,0.04868956705764216,0.05055366162693686,0.0018640945692947053
improved_dataset_1000_20260807_001:S000929,improved_dataset_1000_20260807_001,S000929,train,TOPO-0391,29,B1,0.8383109219681526,0.853086151273602,0.014775229305449389
improved_dataset_1000_20260807_001:S000930,improved_dataset_1000_20260807_001,S000930,train,TOPO-0391,29,B1,0.6214462878037394,0.6263109182997713,0.004864630496031808
improved_dataset_1000_20260807_001:S000931,improved_dataset_1000_20260807_001,S000931,train,TOPO-0363,29,B1,0.16207768997189348,0.15694108037313992,-0.005136609598753561
improved_dataset_1000_20260807_001:S000935,improved_dataset_1000_20260807_001,S000935,train,TOPO-0315,30,B1,0.5984220017393213,0.6277246608508479,0.02930265911152663
improved_dataset_1000_20260807_001:S000937,improved_dataset_1000_20260807_001,S000937,train,TOPO-0318,30,B1,0.03065977787373636,0.04745441840853559,0.016794640534799232
improved_dataset_1000_20260807_001:S000938,improved_dataset_1000_20260807_001,S000938,train,TOPO-0366,30,B6,0.6222336626101566,0.664213358119846,0.041979695509689496
improved_dataset_1000_20260807_001:S000939,improved_dataset_1000_20260807_001,S000939,train,TOPO-0296,30,B4,0.08724494824586004,0.08477209118765783,-0.002472857058202216
improved_dataset_1000_20260807_001:S000941,improved_dataset_1000_20260807_001,S000941,train,TOPO-0366,30,B6,0.030927410909138586,0.03830261348824726,0.007375202579108675
improved_dataset_1000_20260807_001:S000942,improved_dataset_1000_20260807_001,S000942,train,TOPO-0346,30,B6,0.07760026982667223,0.08168137436404022,0.0040811045373679855
improved_dataset_1000_20260807_001:S000943,improved_dataset_1000_20260807_001,S000943,train,TOPO-0346,30,B6,0.11151510080336774,0.1027743491400267,-0.00874075166334104
improved_dataset_1000_20260807_001:S000944,improved_dataset_1000_20260807_001,S000944,train,TOPO-0383,30,B1,0.04471722469649969,0.04222202958889659,-0.0024951951076030987
improved_dataset_1000_20260807_001:S000945,improved_dataset_1000_20260807_001,S000945,train,TOPO-0357,30,B1,0.7827304297684232,0.7633330473754016,-0.01939738239302158
improved_dataset_1000_20260807_001:S000946,improved_dataset_1000_20260807_001,S000946,train,TOPO-0392,30,B1,0.03691439487490317,0.03405252796052277,-0.0028618669143803954
improved_dataset_1000_20260807_001:S000947,improved_dataset_1000_20260807_001,S000947,train,TOPO-0371,30,B1,0.7909075554301458,0.7728374546302973,-0.0180701007998485
improved_dataset_1000_20260807_001:S000948,improved_dataset_1000_20260807_001,S000948,train,TOPO-0393,30,B6,0.5106743685070774,0.5109946884009593,0.0003203198938819263
improved_dataset_1000_20260807_001:S000949,improved_dataset_1000_20260807_001,S000949,train,TOPO-0394,30,B1,0.0749640669331973,0.0634987177868313,-0.011465349146365988
improved_dataset_1000_20260807_001:S000950,improved_dataset_1000_20260807_001,S000950,train,TOPO-0370,30,B1,0.7829439027021867,0.7626119685111472,-0.020331934191039513
improved_dataset_1000_20260807_001:S000951,improved_dataset_1000_20260807_001,S000951,train,TOPO-0395,30,B1,0.6980054311103039,0.7101111806424205,0.012105749532116628
improved_dataset_1000_20260807_001:S000952,improved_dataset_1000_20260807_001,S000952,train,TOPO-0396,30,B1,0.024979965106658175,0.0386013135387685,0.013621348432110325
improved_dataset_1000_20260807_001:S000953,improved_dataset_1000_20260807_001,S000953,train,TOPO-0360,30,B1,0.05624885136948882,0.05872426818768006,0.002475416818191245
improved_dataset_1000_20260807_001:S000955,improved_dataset_1000_20260807_001,S000955,train,TOPO-0397,30,B4,0.07594182158685786,0.08652112546622154,0.010579303879363677
improved_dataset_1000_20260807_001:S000956,improved_dataset_1000_20260807_001,S000956,train,TOPO-0309,30,B1,0.04151761678788013,0.04358395081184957,0.0020663340239694405
improved_dataset_1000_20260807_001:S000957,improved_dataset_1000_20260807_001,S000957,train,TOPO-0398,30,B1,0.6977492709560036,0.7023564337944315,0.004607162838427881
improved_dataset_1000_20260807_001:S000959,improved_dataset_1000_20260807_001,S000959,train,TOPO-0399,30,B2,0.5793841459237551,0.5811301968849214,0.0017460509611663122
improved_dataset_1000_20260807_001:S000960,improved_dataset_1000_20260807_001,S000960,train,TOPO-0390,30,B2,0.4390421922977169,0.44596866342608266,0.006926471128365752
improved_dataset_1000_20260807_001:S000961,improved_dataset_1000_20260807_001,S000961,train,TOPO-0400,30,B1,0.052358679145548925,0.02997845815923983,-0.022380220986309096
improved_dataset_1000_20260807_001:S000964,improved_dataset_1000_20260807_001,S000964,train,TOPO-0401,31,B1,0.11387061404394228,0.11064785780218428,-0.003222756241757996
improved_dataset_1000_20260807_001:S000966,improved_dataset_1000_20260807_001,S000966,train,TOPO-0402,31,B1,0.05532588294580981,0.07775033805797293,0.022424455112163122
improved_dataset_1000_20260807_001:S000967,improved_dataset_1000_20260807_001,S000967,train,TOPO-0355,31,B1,0.2968878065964797,0.2893342610271265,-0.0075535455693531706
improved_dataset_1000_20260807_001:S000968,improved_dataset_1000_20260807_001,S000968,train,TOPO-0403,31,B5,0.051908050894238555,0.051104893970478904,-0.0008031569237596514
improved_dataset_1000_20260807_001:S000969,improved_dataset_1000_20260807_001,S000969,train,TOPO-0019,31,B1,0.07482219361696946,0.08211655197771883,0.007294358360749376
improved_dataset_1000_20260807_001:S000970,improved_dataset_1000_20260807_001,S000970,train,TOPO-0404,31,B6,0.0455021686517042,0.056963429548303524,0.011461260896599323
improved_dataset_1000_20260807_001:S000971,improved_dataset_1000_20260807_001,S000971,train,TOPO-0223,31,B1,0.07274114557694789,0.06905052413891727,-0.003690621438030617
improved_dataset_1000_20260807_001:S000972,improved_dataset_1000_20260807_001,S000972,train,TOPO-0405,31,B4,0.44519259576091214,0.45346818931228555,0.008275593551373417
improved_dataset_1000_20260807_001:S000973,improved_dataset_1000_20260807_001,S000973,train,TOPO-0406,31,B1,0.2972728686213798,0.2942802329610838,-0.002992635660296006
improved_dataset_1000_20260807_001:S000974,improved_dataset_1000_20260807_001,S000974,train,TOPO-0346,31,B6,0.8113800370185699,0.8453890450642152,0.03400900804564533
improved_dataset_1000_20260807_001:S000975,improved_dataset_1000_20260807_001,S000975,train,TOPO-0407,31,B1,0.057990832496428,0.053440813077036464,-0.004550019419391538
improved_dataset_1000_20260807_001:S000976,improved_dataset_1000_20260807_001,S000976,train,TOPO-0383,31,B1,0.6339729981530488,0.6228161092931335,-0.011156888859915282
improved_dataset_1000_20260807_001:S000978,improved_dataset_1000_20260807_001,S000978,train,TOPO-0371,31,B1,0.16043218785634028,0.16762723121262224,0.0071950433562819605
improved_dataset_1000_20260807_001:S000979,improved_dataset_1000_20260807_001,S000979,train,TOPO-0331,31,B1,0.04917492701642989,0.05082400174664409,0.001649074730214195
improved_dataset_1000_20260807_001:S000982,improved_dataset_1000_20260807_001,S000982,train,TOPO-0410,31,B1,0.5390581106136126,0.5625904445814698,0.023532333967857144
improved_dataset_1000_20260807_001:S000983,improved_dataset_1000_20260807_001,S000983,train,TOPO-0350,31,B3,0.6025877072651045,0.6107439312895062,0.008156224024401748
improved_dataset_1000_20260807_001:S000984,improved_dataset_1000_20260807_001,S000984,train,TOPO-0411,31,B1,0.0559085137841816,0.052691521606283875,-0.003216992177897726
improved_dataset_1000_20260807_001:S000985,improved_dataset_1000_20260807_001,S000985,train,TOPO-0373,31,B5,0.5147924330322009,0.5466787555030387,0.03188632247083778
improved_dataset_1000_20260807_001:S000986,improved_dataset_1000_20260807_001,S000986,train,TOPO-0240,31,B1,0.0935602260341056,0.07532733186516904,-0.01823289416893656
improved_dataset_1000_20260807_001:S000987,improved_dataset_1000_20260807_001,S000987,train,TOPO-0390,31,B2,0.035599985743833384,0.04490298224333128,0.009302996499497895
improved_dataset_1000_20260807_001:S000988,improved_dataset_1000_20260807_001,S000988,train,TOPO-0412,31,B2,0.3946042202332161,0.40095488348059094,0.0063506632473748215
improved_dataset_1000_20260807_001:S000989,improved_dataset_1000_20260807_001,S000989,train,TOPO-0413,31,B2,0.25718780064545876,0.24116250610391632,-0.016025294541542445
improved_dataset_1000_20260807_001:S000990,improved_dataset_1000_20260807_001,S000990,train,TOPO-0414,31,B1,0.08666653456603138,0.09619862037677979,0.009532085810748409
improved_dataset_1000_20260807_001:S000991,improved_dataset_1000_20260807_001,S000991,train,TOPO-0390,31,B1,0.8862935677163442,0.9099436138126188,0.023650046096274635
improved_dataset_1000_20260807_001:S000996,improved_dataset_1000_20260807_001,S000996,train,TOPO-0415,32,B6,0.053939800535046545,0.06150877142066469,0.007568970885618143
improved_dataset_1000_20260807_001:S000997,improved_dataset_1000_20260807_001,S000997,train,TOPO-0195,32,B1,0.86216328118126,0.8855490642858589,0.023385783104598934
improved_dataset_1000_20260807_001:S000998,improved_dataset_1000_20260807_001,S000998,train,TOPO-0355,32,B1,0.04177331655369315,0.05636039429217726,0.014587077738484111
improved_dataset_1000_20260807_001:S000999,improved_dataset_1000_20260807_001,S000999,train,TOPO-0416,32,B1,0.05675367655351704,0.05112163369587491,-0.005632042857642128
improved_dataset_1000_20260807_001:S001000,improved_dataset_1000_20260807_001,S001000,train,TOPO-0249,32,B1,0.03725817616609495,0.06579578010506582,0.028537603938970868
improved_dataset_1000_20260807_001:S001001,improved_dataset_1000_20260807_001,S001001,train,TOPO-0417,32,B1,0.8572186351661459,0.8841681198106132,0.026949484644467225
band_supplement_300_20260808_001:S000002,band_supplement_300_20260808_001,S000002,train,TOPO-0418,1,B2,0.1566110554899469,0.1486506991435564,-0.007960356346390501
band_supplement_300_20260808_001:S000003,band_supplement_300_20260808_001,S000003,train,TOPO-0419,1,B4,0.14150517517296193,0.1395222635428804,-0.0019829116300815464
band_supplement_300_20260808_001:S000004,band_supplement_300_20260808_001,S000004,train,TOPO-0391,1,B1,0.38938961622083923,0.36696024876351724,-0.02242936745732199
band_supplement_300_20260808_001:S000006,band_supplement_300_20260808_001,S000006,train,TOPO-0096,1,B2,0.11226286378434272,0.10300863163341331,-0.009254232150929409
band_supplement_300_20260808_001:S000007,band_supplement_300_20260808_001,S000007,train,TOPO-0121,1,B3,0.42069955072119214,0.40372359078457837,-0.01697595993661377
band_supplement_300_20260808_001:S000008,band_supplement_300_20260808_001,S000008,train,TOPO-0076,1,B1,0.04420239987452862,0.04375897209915869,-0.00044342777536993117
band_supplement_300_20260808_001:S000009,band_supplement_300_20260808_001,S000009,train,TOPO-0296,1,B2,0.04469683869428476,0.05171450357420293,0.007017664879918173
band_supplement_300_20260808_001:S000010,band_supplement_300_20260808_001,S000010,train,TOPO-0420,1,B1,0.04824217994128194,0.03878526636273005,-0.009456913578551884
band_supplement_300_20260808_001:S000012,band_supplement_300_20260808_001,S000012,train,TOPO-0296,1,B2,0.8029541910805009,0.7814480452605259,-0.02150614581997501
band_supplement_300_20260808_001:S000013,band_supplement_300_20260808_001,S000013,train,TOPO-0296,1,B2,0.06781344185816424,0.0583673934479112,-0.009446048410253038
band_supplement_300_20260808_001:S000015,band_supplement_300_20260808_001,S000015,train,TOPO-0422,1,B1,0.780101169533336,0.8109878228585206,0.030886653325184588
band_supplement_300_20260808_001:S000016,band_supplement_300_20260808_001,S000016,train,TOPO-0304,1,B5,0.5673210099500173,0.5599823622167954,-0.0073386477332219036
band_supplement_300_20260808_001:S000017,band_supplement_300_20260808_001,S000017,train,TOPO-0423,1,B1,0.5928908576225427,0.5777635416175918,-0.015127316004950875
band_supplement_300_20260808_001:S000019,band_supplement_300_20260808_001,S000019,train,TOPO-0304,1,B2,0.5558961381594494,0.5406341308986716,-0.015262007260777755
band_supplement_300_20260808_001:S000021,band_supplement_300_20260808_001,S000021,train,TOPO-0424,1,B4,0.8302728704606555,0.858204308501787,0.027931438041131518
band_supplement_300_20260808_001:S000022,band_supplement_300_20260808_001,S000022,train,TOPO-0425,1,B5,0.05938429953852664,0.06488610770089837,0.005501808162371724
band_supplement_300_20260808_001:S000023,band_supplement_300_20260808_001,S000023,train,TOPO-0350,1,B4,0.8659828482267967,0.878602428141752,0.012619579914955326
band_supplement_300_20260808_001:S000024,band_supplement_300_20260808_001,S000024,train,TOPO-0350,1,B5,0.5619711299884347,0.6053226542813226,0.04335152429288791
band_supplement_300_20260808_001:S000025,band_supplement_300_20260808_001,S000025,train,TOPO-0350,1,B6,0.03425659055360697,0.04329672364243037,0.009040133088823399
band_supplement_300_20260808_001:S000026,band_supplement_300_20260808_001,S000026,train,TOPO-0233,1,B6,0.047221627573847624,0.048070639190936404,0.0008490116170887796
band_supplement_300_20260808_001:S000028,band_supplement_300_20260808_001,S000028,train,TOPO-0426,1,B6,0.1116343045904839,0.09309383408099214,-0.018540470509491758
band_supplement_300_20260808_001:S000029,band_supplement_300_20260808_001,S000029,train,TOPO-0426,1,B7,0.8604478000156462,0.8841992789034295,0.023751478887783284
band_supplement_300_20260808_001:S000030,band_supplement_300_20260808_001,S000030,train,TOPO-0366,1,B4,0.4131425131051632,0.4030478233552379,-0.010094689749925279
band_supplement_300_20260808_001:S000031,band_supplement_300_20260808_001,S000031,train,TOPO-0328,1,B6,0.5414008434697815,0.5726212784482149,0.03122043497843341
band_supplement_300_20260808_001:S000032,band_supplement_300_20260808_001,S000032,train,TOPO-0427,2,B2,0.37004544552917285,0.37429830259559055,0.0042528570664177034
band_supplement_300_20260808_001:S000033,band_supplement_300_20260808_001,S000033,train,TOPO-0181,2,B2,0.07092174552199443,0.07941390581776542,0.00849216029577099
band_supplement_300_20260808_001:S000034,band_supplement_300_20260808_001,S000034,train,TOPO-0181,2,B2,0.1264164397232418,0.11777165143618101,-0.008644788287060778
band_supplement_300_20260808_001:S000035,band_supplement_300_20260808_001,S000035,train,TOPO-0083,2,B1,0.10357719299961504,0.09446382131024153,-0.009113371689373512
band_supplement_300_20260808_001:S000036,band_supplement_300_20260808_001,S000036,train,TOPO-0428,2,B3,0.07111566115281986,0.07091436089065911,-0.00020130026216075292
band_supplement_300_20260808_001:S000037,band_supplement_300_20260808_001,S000037,train,TOPO-0229,2,B3,0.2263607768371415,0.22051114517266007,-0.005849631664481436
band_supplement_300_20260808_001:S000038,band_supplement_300_20260808_001,S000038,train,TOPO-0429,2,B1,0.052653898659106635,0.05661032999413007,0.003956431335023436
band_supplement_300_20260808_001:S000039,band_supplement_300_20260808_001,S000039,train,TOPO-0430,2,B3,0.07934611821690424,0.09337443165619508,0.01402831343929084
band_supplement_300_20260808_001:S000040,band_supplement_300_20260808_001,S000040,train,TOPO-0431,2,B1,0.05094291088512842,0.05161990294784485,0.0006769920627164305
band_supplement_300_20260808_001:S000043,band_supplement_300_20260808_001,S000043,train,TOPO-0432,2,B4,0.8670842079815114,0.871543015233811,0.004458807252299524
band_supplement_300_20260808_001:S000044,band_supplement_300_20260808_001,S000044,train,TOPO-0405,2,B4,0.03583117442658573,0.05974331048087628,0.023912136054290545
band_supplement_300_20260808_001:S000045,band_supplement_300_20260808_001,S000045,train,TOPO-0425,2,B5,0.6954173848525943,0.732443005590951,0.03702562073835669
band_supplement_300_20260808_001:S000046,band_supplement_300_20260808_001,S000046,train,TOPO-0403,2,B5,0.6841099857884305,0.6773944278338391,-0.0067155579545914446
band_supplement_300_20260808_001:S000049,band_supplement_300_20260808_001,S000049,train,TOPO-0425,2,B6,0.06207422056069267,0.06958869986496113,0.007514479304268462
band_supplement_300_20260808_001:S000050,band_supplement_300_20260808_001,S000050,train,TOPO-0433,2,B4,0.5391214784849964,0.5419758502748045,0.0028543717898081855
band_supplement_300_20260808_001:S000051,band_supplement_300_20260808_001,S000051,train,TOPO-0434,2,B5,0.30387099528453093,0.3186222625201906,0.01475126723565967
band_supplement_300_20260808_001:S000052,band_supplement_300_20260808_001,S000052,train,TOPO-0435,2,B6,0.8867258172592439,0.8967978282722878,0.010072011013043891
band_supplement_300_20260808_001:S000053,band_supplement_300_20260808_001,S000053,train,TOPO-0436,2,B6,0.04578453411869815,0.047343814678361074,0.0015592805596629233
band_supplement_300_20260808_001:S000057,band_supplement_300_20260808_001,S000057,train,TOPO-0426,2,B6,0.8565241115098353,0.8698579565394341,0.013333845029598779
band_supplement_300_20260808_001:S000058,band_supplement_300_20260808_001,S000058,train,TOPO-0286,2,B6,0.045435743800765205,0.04637014827446723,0.0009344044737020218
band_supplement_300_20260808_001:S000059,band_supplement_300_20260808_001,S000059,train,TOPO-0426,2,B7,0.8658821152257886,0.8866399271830645,0.020757811957275885
band_supplement_300_20260808_001:S000060,band_supplement_300_20260808_001,S000060,train,TOPO-0426,2,B7,0.07762498348066726,0.08096016659100924,0.003335183110341977
band_supplement_300_20260808_001:S000061,band_supplement_300_20260808_001,S000061,train,TOPO-0426,2,B7,0.8665688675244346,0.8625978879132143,-0.003970979611220282
band_supplement_300_20260808_001:S000062,band_supplement_300_20260808_001,S000062,train,TOPO-0418,3,B2,0.5154158542905422,0.47403477430750146,-0.04138107998304069
band_supplement_300_20260808_001:S000063,band_supplement_300_20260808_001,S000063,train,TOPO-0418,3,B1,0.03813532672752379,0.03763829131669966,-0.0004970354108241315
band_supplement_300_20260808_001:S000064,band_supplement_300_20260808_001,S000064,train,TOPO-0181,3,B2,0.16310476144030714,0.16491616915112212,0.0018114077108149773
band_supplement_300_20260808_001:S000065,band_supplement_300_20260808_001,S000065,train,TOPO-0181,3,B2,0.0318590162208382,0.04710293942183719,0.015243923200998988
band_supplement_300_20260808_001:S000070,band_supplement_300_20260808_001,S000070,train,TOPO-0437,3,B4,0.8096978143172744,0.8206858142645307,0.0109879999472563
band_supplement_300_20260808_001:S000071,band_supplement_300_20260808_001,S000071,train,TOPO-0438,3,B1,0.08816021897403237,0.09540080395947209,0.007240584985439724
band_supplement_300_20260808_001:S000074,band_supplement_300_20260808_001,S000074,train,TOPO-0439,3,B3,0.004079285394022081,0.02132926855824102,0.01724998316421894
band_supplement_300_20260808_001:S000075,band_supplement_300_20260808_001,S000075,train,TOPO-0403,3,B5,0.10596436255257219,0.0952795560474726,-0.010684806505099592
band_supplement_300_20260808_001:S000076,band_supplement_300_20260808_001,S000076,train,TOPO-0403,3,B5,0.05580116960449677,0.057008639697750496,0.0012074700932537263
band_supplement_300_20260808_001:S000077,band_supplement_300_20260808_001,S000077,train,TOPO-0440,3,B4,0.4847357128251939,0.5085186454544255,0.02378293262923159
band_supplement_300_20260808_001:S000079,band_supplement_300_20260808_001,S000079,train,TOPO-0425,3,B5,0.05289418461836687,0.06230590646301126,0.009411721844644394
band_supplement_300_20260808_001:S000081,band_supplement_300_20260808_001,S000081,train,TOPO-0304,3,B5,0.6906571152188501,0.6762808033298244,-0.014376311889025661
band_supplement_300_20260808_001:S000083,band_supplement_300_20260808_001,S000083,train,TOPO-0436,3,B4,0.44656904684452237,0.4537295702720311,0.007160523427508725
band_supplement_300_20260808_001:S000085,band_supplement_300_20260808_001,S000085,train,TOPO-0441,3,B6,0.059019156221526925,0.06388231347439954,0.004863157252872619
band_supplement_300_20260808_001:S000086,band_supplement_300_20260808_001,S000086,train,TOPO-0426,3,B7,0.398597906204627,0.42400376810188234,0.025405861897255355
band_supplement_300_20260808_001:S000087,band_supplement_300_20260808_001,S000087,train,TOPO-0426,3,B6,0.8649210818819847,0.8937113838538318,0.028790301971847065
band_supplement_300_20260808_001:S000088,band_supplement_300_20260808_001,S000088,train,TOPO-0233,3,B6,0.03983484162040002,0.04256577404900941,0.0027309324286093895
band_supplement_300_20260808_001:S000089,band_supplement_300_20260808_001,S000089,train,TOPO-0346,3,B6,0.8613415429781552,0.9015546726156869,0.04021312963753165
band_supplement_300_20260808_001:S000090,band_supplement_300_20260808_001,S000090,train,TOPO-0442,3,B6,0.7123990536064498,0.6994276263940062,-0.012971427212443598
band_supplement_300_20260808_001:S000091,band_supplement_300_20260808_001,S000091,train,TOPO-0346,3,B6,0.10414781690623962,0.08883396990179868,-0.01531384700444094
band_supplement_300_20260808_001:S000093,band_supplement_300_20260808_001,S000093,train,TOPO-0427,4,B2,0.15765976521726083,0.16137572643762912,0.003715961220368297
band_supplement_300_20260808_001:S000094,band_supplement_300_20260808_001,S000094,train,TOPO-0443,4,B1,0.6670110468791053,0.6646254610625442,-0.00238558581656112
band_supplement_300_20260808_001:S000096,band_supplement_300_20260808_001,S000096,train,TOPO-0120,4,B3,0.559211671889156,0.5654709848528927,0.006259312963736718
band_supplement_300_20260808_001:S000097,band_supplement_300_20260808_001,S000097,train,TOPO-0445,4,B1,0.024916836637287887,0.03139266109880373,0.0064758244615158445
band_supplement_300_20260808_001:S000098,band_supplement_300_20260808_001,S000098,train,TOPO-0446,4,B3,0.04813443061972833,0.06015034915021478,0.012015918530486447
band_supplement_300_20260808_001:S000100,band_supplement_300_20260808_001,S000100,train,TOPO-0380,4,B4,0.7142117319894896,0.7090644045467531,-0.0051473274427364935
band_supplement_300_20260808_001:S000101,band_supplement_300_20260808_001,S000101,train,TOPO-0447,4,B4,0.6834985530462969,0.715665675663272,0.032167122616975075
band_supplement_300_20260808_001:S000102,band_supplement_300_20260808_001,S000102,train,TOPO-0432,4,B4,0.0684814287220703,0.05904318850056084,-0.009438240221509464
band_supplement_300_20260808_001:S000105,band_supplement_300_20260808_001,S000105,train,TOPO-0449,4,B5,0.30386034419687863,0.2997079208789523,-0.004152423317926313
band_supplement_300_20260808_001:S000107,band_supplement_300_20260808_001,S000107,train,TOPO-0450,4,B5,0.07762312351117884,0.07163378235635959,-0.00598934115481925
band_supplement_300_20260808_001:S000108,band_supplement_300_20260808_001,S000108,train,TOPO-0304,4,B4,0.021885565175142674,0.012754146257069388,-0.009131418918073286
band_supplement_300_20260808_001:S000109,band_supplement_300_20260808_001,S000109,train,TOPO-0425,4,B5,0.47974217355273496,0.5054073032265795,0.02566512967384449
band_supplement_300_20260808_001:S000110,band_supplement_300_20260808_001,S000110,train,TOPO-0450,4,B4,0.7042920543191037,0.7257273371431228,0.021435282824019075
band_supplement_300_20260808_001:S000111,band_supplement_300_20260808_001,S000111,train,TOPO-0451,4,B1,0.10966457848667688,0.09396741202776002,-0.01569716645891686
band_supplement_300_20260808_001:S000113,band_supplement_300_20260808_001,S000113,train,TOPO-0384,4,B6,0.08844915878862411,0.08380297342201792,-0.004646185366606187
band_supplement_300_20260808_001:S000114,band_supplement_300_20260808_001,S000114,train,TOPO-0452,4,B2,0.8861561877917518,0.9119274093885958,0.025771221596844085
band_supplement_300_20260808_001:S000115,band_supplement_300_20260808_001,S000115,train,TOPO-0453,4,B1,0.15531322034441775,0.14032400247009935,-0.014989217874318395
band_supplement_300_20260808_001:S000116,band_supplement_300_20260808_001,S000116,train,TOPO-0454,4,B4,0.11159445336302842,0.09894417474374392,-0.0126502786192845
band_supplement_300_20260808_001:S000117,band_supplement_300_20260808_001,S000117,train,TOPO-0442,4,B3,0.10498745501372816,0.0987309596275334,-0.006256495386194771
band_supplement_300_20260808_001:S000118,band_supplement_300_20260808_001,S000118,train,TOPO-0442,4,B6,0.04082495310105805,0.05195589446583254,0.011130941364774494
band_supplement_300_20260808_001:S000119,band_supplement_300_20260808_001,S000119,train,TOPO-0426,4,B6,0.5498190469589622,0.5797438382410658,0.02992479128210357
band_supplement_300_20260808_001:S000120,band_supplement_300_20260808_001,S000120,train,TOPO-0284,4,B7,0.08211218749485977,0.07902371736705993,-0.003088470127799836
band_supplement_300_20260808_001:S000121,band_supplement_300_20260808_001,S000121,train,TOPO-0170,4,B6,0.6211432416858986,0.5906512886185946,-0.030491953067304012
band_supplement_300_20260808_001:S000122,band_supplement_300_20260808_001,S000122,train,TOPO-0418,5,B1,0.4918424905007023,0.5263118317869689,0.034469341286266664
band_supplement_300_20260808_001:S000123,band_supplement_300_20260808_001,S000123,train,TOPO-0181,5,B1,0.35237710159174296,0.34670619964383537,-0.005670901947907592
band_supplement_300_20260808_001:S000124,band_supplement_300_20260808_001,S000124,train,TOPO-0455,5,B1,0.03210254331504858,0.050675425174042055,0.018572881858993473
band_supplement_300_20260808_001:S000125,band_supplement_300_20260808_001,S000125,train,TOPO-0456,5,B3,0.06930465858387364,0.06381198452908876,-0.005492674054784874
band_supplement_300_20260808_001:S000126,band_supplement_300_20260808_001,S000126,train,TOPO-0137,5,B3,0.6094332420974133,0.59797212852513,-0.011461113572283299
band_supplement_300_20260808_001:S000127,band_supplement_300_20260808_001,S000127,train,TOPO-0457,5,B3,0.42843387473588734,0.4302528604412023,0.0018189857053149683
band_supplement_300_20260808_001:S000128,band_supplement_300_20260808_001,S000128,train,TOPO-0458,5,B6,0.5137571666487144,0.5265542907798889,0.012797124131174509
band_supplement_300_20260808_001:S000130,band_supplement_300_20260808_001,S000130,train,TOPO-0459,5,B3,0.5134687056381494,0.5033255738115967,-0.010143131826552687
band_supplement_300_20260808_001:S000131,band_supplement_300_20260808_001,S000131,train,TOPO-0460,5,B2,0.739178746976823,0.7329372418397728,-0.0062415051370501295
band_supplement_300_20260808_001:S000133,band_supplement_300_20260808_001,S000133,train,TOPO-0461,5,B4,0.8027571448079622,0.8147558263934864,0.011998681585524196
band_supplement_300_20260808_001:S000134,band_supplement_300_20260808_001,S000134,train,TOPO-0447,5,B4,0.0392635915854328,0.055476614136532154,0.016213022551099354
band_supplement_300_20260808_001:S000136,band_supplement_300_20260808_001,S000136,train,TOPO-0433,5,B5,0.562468091737101,0.6069699058731273,0.044501814136026274
band_supplement_300_20260808_001:S000137,band_supplement_300_20260808_001,S000137,train,TOPO-0449,5,B5,0.6245480539510508,0.637212125809413,0.012664071858362158
band_supplement_300_20260808_001:S000138,band_supplement_300_20260808_001,S000138,train,TOPO-0304,5,B5,0.04420589882703163,0.050390941920006815,0.006185043092975184
band_supplement_300_20260808_001:S000139,band_supplement_300_20260808_001,S000139,train,TOPO-0462,5,B4,0.06275636897446624,0.07581374150970771,0.013057372535241474
band_supplement_300_20260808_001:S000141,band_supplement_300_20260808_001,S000141,train,TOPO-0464,5,B4,0.4421428811359681,0.44779522712589753,0.005652345989929419
band_supplement_300_20260808_001:S000142,band_supplement_300_20260808_001,S000142,train,TOPO-0465,5,B5,0.11305406902297366,0.10264728191754849,-0.01040678710542517
band_supplement_300_20260808_001:S000143,band_supplement_300_20260808_001,S000143,train,TOPO-0099,5,B6,0.06118463951010833,0.07359507414308036,0.012410434632972034
band_supplement_300_20260808_001:S000144,band_supplement_300_20260808_001,S000144,train,TOPO-0441,5,B3,0.8518846109840639,0.8846016216101982,0.0327170106261343
band_supplement_300_20260808_001:S000145,band_supplement_300_20260808_001,S000145,train,TOPO-0466,5,B2,0.3503285696396039,0.342359097601166,-0.007969472038437897
band_supplement_300_20260808_001:S000146,band_supplement_300_20260808_001,S000146,train,TOPO-0426,5,B7,0.07451588794863906,0.08942276994589946,0.014906881997260396
band_supplement_300_20260808_001:S000147,band_supplement_300_20260808_001,S000147,train,TOPO-0426,5,B6,0.04081213588557325,0.05588648879895203,0.015074352913378775
band_supplement_300_20260808_001:S000148,band_supplement_300_20260808_001,S000148,train,TOPO-0467,5,B6,0.05640599116795353,0.04580998439427275,-0.010596006773680777
band_supplement_300_20260808_001:S000149,band_supplement_300_20260808_001,S000149,train,TOPO-0426,5,B7,0.07458433850892188,0.0883495123044459,0.013765173795524027
band_supplement_300_20260808_001:S000150,band_supplement_300_20260808_001,S000150,train,TOPO-0426,5,B7,0.049267409855746624,0.025104564646844796,-0.02416284520890183
band_supplement_300_20260808_001:S000151,band_supplement_300_20260808_001,S000151,train,TOPO-0468,5,B4,0.8573829754405511,0.8828020182601961,0.02541904281964502
band_supplement_300_20260808_001:S000153,band_supplement_300_20260808_001,S000153,train,TOPO-0181,6,B2,0.8033824628668709,0.7919439819926202,-0.0114384808742507
band_supplement_300_20260808_001:S000154,band_supplement_300_20260808_001,S000154,train,TOPO-0427,6,B2,0.04500577778476217,0.059021089853173336,0.014015312068411168
band_supplement_300_20260808_001:S000156,band_supplement_300_20260808_001,S000156,train,TOPO-0469,6,B4,0.5471203785555386,0.5876049716606864,0.04048459310514774
band_supplement_300_20260808_001:S000158,band_supplement_300_20260808_001,S000158,train,TOPO-0120,6,B3,0.06500737402843731,0.05876144916190956,-0.006245924866527752
band_supplement_300_20260808_001:S000159,band_supplement_300_20260808_001,S000159,train,TOPO-0470,6,B2,0.06774815877067364,0.06734167256751983,-0.0004064862031538108
band_supplement_300_20260808_001:S000160,band_supplement_300_20260808_001,S000160,train,TOPO-0471,6,B4,0.08779767224810073,0.09786012559614946,0.010062453348048728
band_supplement_300_20260808_001:S000161,band_supplement_300_20260808_001,S000161,train,TOPO-0471,6,B3,0.15970271150607845,0.1530621600438282,-0.00664055146225026
band_supplement_300_20260808_001:S000162,band_supplement_300_20260808_001,S000162,train,TOPO-0472,6,B6,0.036947027210878725,0.058986505470011885,0.02203947825913316
band_supplement_300_20260808_001:S000163,band_supplement_300_20260808_001,S000163,train,TOPO-0432,6,B4,0.04350691861016459,0.04345660735627904,-5.03112538855488e-05
band_supplement_300_20260808_001:S000164,band_supplement_300_20260808_001,S000164,train,TOPO-0317,6,B4,0.42029517309730985,0.4263445028720165,0.006049329774706624
band_supplement_300_20260808_001:S000167,band_supplement_300_20260808_001,S000167,train,TOPO-0473,6,B3,0.38612780982759354,0.35719993226604696,-0.028927877561546578
band_supplement_300_20260808_001:S000168,band_supplement_300_20260808_001,S000168,train,TOPO-0464,6,B4,0.8131726424635659,0.828721692738368,0.015549050274802134
band_supplement_300_20260808_001:S000171,band_supplement_300_20260808_001,S000171,train,TOPO-0475,6,B2,0.09271491594045425,0.09377211523147289,0.0010571992910186345
band_supplement_300_20260808_001:S000172,band_supplement_300_20260808_001,S000172,train,TOPO-0476,6,B4,0.4987044704097754,0.4747707053043544,-0.023933765105421
band_supplement_300_20260808_001:S000174,band_supplement_300_20260808_001,S000174,train,TOPO-0384,6,B4,0.07053012065920872,0.08000123261870706,0.009471111959498346
band_supplement_300_20260808_001:S000176,band_supplement_300_20260808_001,S000176,train,TOPO-0426,6,B7,0.7929019951879479,0.8029485190943381,0.010046523906390159
band_supplement_300_20260808_001:S000177,band_supplement_300_20260808_001,S000177,train,TOPO-0426,6,B7,0.03779390262538673,0.052814721565469236,0.015020818940082503
band_supplement_300_20260808_001:S000178,band_supplement_300_20260808_001,S000178,train,TOPO-0233,6,B6,0.05638107494302408,0.04500892684201491,-0.011372148101009172
band_supplement_300_20260808_001:S000179,band_supplement_300_20260808_001,S000179,train,TOPO-0426,6,B7,0.038298046434453836,0.047988321729417915,0.00969027529496408
band_supplement_300_20260808_001:S000180,band_supplement_300_20260808_001,S000180,train,TOPO-0426,6,B7,0.2914266852666678,0.2776639423223564,-0.013762742944311401
band_supplement_300_20260808_001:S000181,band_supplement_300_20260808_001,S000181,train,TOPO-0467,6,B6,0.6810304656128225,0.7006912638827033,0.019660798269880764
band_supplement_300_20260808_001:S000182,band_supplement_300_20260808_001,S000182,train,TOPO-0478,7,B1,0.8668697774396945,0.879402472839338,0.012532695399643523
band_supplement_300_20260808_001:S000184,band_supplement_300_20260808_001,S000184,train,TOPO-0181,7,B1,0.05469452458994856,0.07290950043896172,0.01821497584901316
band_supplement_300_20260808_001:S000185,band_supplement_300_20260808_001,S000185,train,TOPO-0181,7,B2,0.5552835636538676,0.5690031405736153,0.013719576919747789
band_supplement_300_20260808_001:S000187,band_supplement_300_20260808_001,S000187,train,TOPO-0479,7,B2,0.09162911731660828,0.08983481764197915,-0.0017942996746291295
band_supplement_300_20260808_001:S000188,band_supplement_300_20260808_001,S000188,train,TOPO-0429,7,B2,0.8086850333075046,0.8484250677355487,0.03974003442804408
band_supplement_300_20260808_001:S000189,band_supplement_300_20260808_001,S000189,train,TOPO-0480,7,B1,0.059781596387475155,0.0615071324376501,0.0017255360501749473
band_supplement_300_20260808_001:S000190,band_supplement_300_20260808_001,S000190,train,TOPO-0481,7,B4,0.8649566238731996,0.8850052534047311,0.020048629531531525
band_supplement_300_20260808_001:S000192,band_supplement_300_20260808_001,S000192,train,TOPO-0482,7,B2,0.055818369718380056,0.02859624301176933,-0.027222126706610728
band_supplement_300_20260808_001:S000193,band_supplement_300_20260808_001,S000193,train,TOPO-0430,7,B3,0.0541054851438344,0.0640262677465897,0.009920782602755307
band_supplement_300_20260808_001:S000197,band_supplement_300_20260808_001,S000197,train,TOPO-0483,7,B4,0.05284225279700616,0.06308632019550131,0.01024406739849515
band_supplement_300_20260808_001:S000198,band_supplement_300_20260808_001,S000198,train,TOPO-0484,7,B5,0.5192110023307157,0.5300934996522362,0.010882497321520468
band_supplement_300_20260808_001:S000200,band_supplement_300_20260808_001,S000200,train,TOPO-0483,7,B4,0.05859812174217632,0.061423710043762236,0.002825588301585913
band_supplement_300_20260808_001:S000201,band_supplement_300_20260808_001,S000201,train,TOPO-0465,7,B5,0.8520310881851642,0.8599092191477336,0.007878130962569396
band_supplement_300_20260808_001:S000202,band_supplement_300_20260808_001,S000202,train,TOPO-0435,7,B6,0.35645175723737593,0.35199854025228267,-0.004453216985093267
band_supplement_300_20260808_001:S000206,band_supplement_300_20260808_001,S000206,train,TOPO-0346,7,B5,0.022001362087453236,0.0414384299680749,0.01943706788062166
band_supplement_300_20260808_001:S000207,band_supplement_300_20260808_001,S000207,train,TOPO-0426,7,B7,0.1225369116811269,0.11266745318692911,-0.009869458494197791
band_supplement_300_20260808_001:S000208,band_supplement_300_20260808_001,S000208,train,TOPO-0485,7,B6,0.11204944609719783,0.10086837763393264,-0.011181068463265192
band_supplement_300_20260808_001:S000209,band_supplement_300_20260808_001,S000209,train,TOPO-0426,7,B7,0.0357089689065328,0.051081119508997797,0.015372150602464996
band_supplement_300_20260808_001:S000210,band_supplement_300_20260808_001,S000210,train,TOPO-0426,7,B7,0.02031998650097433,0.01872560592304423,-0.001594380577930099
band_supplement_300_20260808_001:S000211,band_supplement_300_20260808_001,S000211,train,TOPO-0426,7,B6,0.09783555926647033,0.09455516238610992,-0.0032803968803604144
band_supplement_300_20260808_001:S000212,band_supplement_300_20260808_001,S000212,train,TOPO-0486,8,B4,0.11308972150742552,0.09886572454551826,-0.014223996961907265
band_supplement_300_20260808_001:S000213,band_supplement_300_20260808_001,S000213,train,TOPO-0478,8,B1,0.7576430139839068,0.7749803236363855,0.017337309652478705
band_supplement_300_20260808_001:S000214,band_supplement_300_20260808_001,S000214,train,TOPO-0391,8,B1,0.044033989765896286,0.03685651483428737,-0.007177474931608918
band_supplement_300_20260808_001:S000215,band_supplement_300_20260808_001,S000215,train,TOPO-0487,8,B1,0.5570324137770364,0.5554807572507221,-0.0015516565263142823
band_supplement_300_20260808_001:S000216,band_supplement_300_20260808_001,S000216,train,TOPO-0229,8,B3,0.05246379504495552,0.05528314047865446,0.0028193454336989388
band_supplement_300_20260808_001:S000217,band_supplement_300_20260808_001,S000217,train,TOPO-0137,8,B3,0.058186350279189,0.07364932632241672,0.015462976043227716
band_supplement_300_20260808_001:S000219,band_supplement_300_20260808_001,S000219,train,TOPO-0489,8,B4,0.046679787155445296,0.0465487237608978,-0.0001310633945474926
band_supplement_300_20260808_001:S000220,band_supplement_300_20260808_001,S000220,train,TOPO-0490,8,B2,0.12827977925541742,0.11810244977203257,-0.010177329483384845
band_supplement_300_20260808_001:S000221,band_supplement_300_20260808_001,S000221,train,TOPO-0491,8,B1,0.5294870943523833,0.5183324706038251,-0.011154623748558135
band_supplement_300_20260808_001:S000222,band_supplement_300_20260808_001,S000222,train,TOPO-0492,8,B4,0.09684533729257536,0.08735652799962748,-0.009488809292947875
band_supplement_300_20260808_001:S000224,band_supplement_300_20260808_001,S000224,train,TOPO-0493,8,B4,0.8394722427194454,0.866679508085688,0.027207265366242628
band_supplement_300_20260808_001:S000225,band_supplement_300_20260808_001,S000225,train,TOPO-0449,8,B5,0.35287166011250576,0.3516167481366132,-0.0012549119758925587
band_supplement_300_20260808_001:S000227,band_supplement_300_20260808_001,S000227,train,TOPO-0483,8,B4,0.12962956463784672,0.11175483429644328,-0.01787473034140344
band_supplement_300_20260808_001:S000228,band_supplement_300_20260808_001,S000228,train,TOPO-0494,8,B1,0.06053409216209893,0.055789144257210044,-0.004744947904888885
band_supplement_300_20260808_001:S000231,band_supplement_300_20260808_001,S000231,train,TOPO-0495,8,B3,0.09075434235977356,0.07166081636833033,-0.019093525991443233
band_supplement_300_20260808_001:S000232,band_supplement_300_20260808_001,S000232,train,TOPO-0496,8,B6,0.1253195181135441,0.13148316234963234,0.006163644236088228
band_supplement_300_20260808_001:S000234,band_supplement_300_20260808_001,S000234,train,TOPO-0497,8,B5,0.06122708732863186,0.06640993834704378,0.005182851018411927
band_supplement_300_20260808_001:S000236,band_supplement_300_20260808_001,S000236,train,TOPO-0426,8,B7,0.028037589205813007,0.03751426265823721,0.0094766734524242
band_supplement_300_20260808_001:S000237,band_supplement_300_20260808_001,S000237,train,TOPO-0467,8,B6,0.041425189195181844,0.04137710622157453,-4.808297360731073e-05
band_supplement_300_20260808_001:S000238,band_supplement_300_20260808_001,S000238,train,TOPO-0467,8,B6,0.048180543130610265,0.06746511192871857,0.019284568798108304
band_supplement_300_20260808_001:S000241,band_supplement_300_20260808_001,S000241,train,TOPO-0499,8,B2,0.3755793657885296,0.34723843866033627,-0.028340927128193305
band_supplement_300_20260808_001:S000242,band_supplement_300_20260808_001,S000242,train,TOPO-0181,9,B2,0.04611395128908802,0.045379465912085026,-0.0007344853770029913
band_supplement_300_20260808_001:S000243,band_supplement_300_20260808_001,S000243,train,TOPO-0500,9,B2,0.034120702287713245,0.053238334220348404,0.01911763193263516
band_supplement_300_20260808_001:S000244,band_supplement_300_20260808_001,S000244,train,TOPO-0501,9,B2,0.1517436626629917,0.16576473879526313,0.014021076132271437
band_supplement_300_20260808_001:S000245,band_supplement_300_20260808_001,S000245,train,TOPO-0502,9,B2,0.038037540212834065,0.03178912924847521,-0.006248410964358853
band_supplement_300_20260808_001:S000246,band_supplement_300_20260808_001,S000246,train,TOPO-0429,9,B1,0.08969055030561765,0.088591787141971,-0.0010987631636466544
band_supplement_300_20260808_001:S000247,band_supplement_300_20260808_001,S000247,train,TOPO-0503,9,B2,0.1324070699658253,0.13652239057556495,0.004115320609739653
band_supplement_300_20260808_001:S000248,band_supplement_300_20260808_001,S000248,train,TOPO-0096,9,B3,0.0367750997342039,0.058199904116253365,0.021424804382049467
band_supplement_300_20260808_001:S000249,band_supplement_300_20260808_001,S000249,train,TOPO-0493,9,B4,0.6001614599373504,0.6287026549065218,0.028541194969171402
band_supplement_300_20260808_001:S000250,band_supplement_300_20260808_001,S000250,train,TOPO-0504,9,B3,0.4056389818391213,0.41463764313301416,0.008998661293892873
band_supplement_300_20260808_001:S000251,band_supplement_300_20260808_001,S000251,train,TOPO-0447,9,B4,0.07817962269901485,0.08326660241884398,0.005086979719829132
band_supplement_300_20260808_001:S000252,band_supplement_300_20260808_001,S000252,train,TOPO-0505,9,B4,0.8315590854007668,0.8755889829218327,0.0440298975210659
band_supplement_300_20260808_001:S000254,band_supplement_300_20260808_001,S000254,train,TOPO-0489,9,B4,0.5221666411721771,0.5062605504177509,-0.015906090754426283
band_supplement_300_20260808_001:S000256,band_supplement_300_20260808_001,S000256,train,TOPO-0506,9,B3,0.6705965524177292,0.6677878511658553,-0.002808701251873935
band_supplement_300_20260808_001:S000257,band_supplement_300_20260808_001,S000257,train,TOPO-0434,9,B5,0.18373550617510478,0.16816439408399422,-0.015571112091110562
band_supplement_300_20260808_001:S000259,band_supplement_300_20260808_001,S000259,train,TOPO-0507,9,B4,0.230129480162608,0.25380333755144263,0.023673857388834624
band_supplement_300_20260808_001:S000260,band_supplement_300_20260808_001,S000260,train,TOPO-0508,9,B1,0.7078160151247535,0.7151568174760956,0.007340802351342157
band_supplement_300_20260808_001:S000262,band_supplement_300_20260808_001,S000262,train,TOPO-0465,9,B1,0.05424570106150817,0.06263937505208883,0.008393673990580663
band_supplement_300_20260808_001:S000268,band_supplement_300_20260808_001,S000268,train,TOPO-0467,9,B6,0.8655472470557098,0.9011174140460461,0.035570166990336216
band_supplement_300_20260808_001:S000269,band_supplement_300_20260808_001,S000269,train,TOPO-0485,9,B6,0.08206449124758175,0.07449785913547874,-0.007566632112103011
band_supplement_300_20260808_001:S000270,band_supplement_300_20260808_001,S000270,train,TOPO-0467,9,B5,0.507465405504397,0.5019317200431689,-0.005533685461228122
band_supplement_300_20260808_001:S000272,band_supplement_300_20260808_001,S000272,train,TOPO-0510,10,B1,0.036440231564125125,0.034711122899289126,-0.0017291086648359988
band_supplement_300_20260808_001:S000273,band_supplement_300_20260808_001,S000273,train,TOPO-0487,10,B1,0.054730324398716335,0.06385772872918094,0.009127404330464606
band_supplement_300_20260808_001:S000274,band_supplement_300_20260808_001,S000274,train,TOPO-0511,10,B2,0.2397708069536087,0.25672103117378575,0.016950224220177057
band_supplement_300_20260808_001:S000275,band_supplement_300_20260808_001,S000275,train,TOPO-0512,10,B5,0.12749043398627494,0.10709419273133777,-0.020396241254937164
band_supplement_300_20260808_001:S000277,band_supplement_300_20260808_001,S000277,train,TOPO-0514,10,B3,0.15655860803348054,0.17099896916885104,0.014440361135370505
band_supplement_300_20260808_001:S000278,band_supplement_300_20260808_001,S000278,train,TOPO-0515,10,B1,0.39813911066155294,0.3933011182433929,-0.00483799241816002
band_supplement_300_20260808_001:S000280,band_supplement_300_20260808_001,S000280,train,TOPO-0516,10,B4,0.13139786157071653,0.13721096601262037,0.0058131044419038325
band_supplement_300_20260808_001:S000281,band_supplement_300_20260808_001,S000281,train,TOPO-0517,10,B1,0.05193339067657626,0.03512033460228742,-0.016813056074288846
band_supplement_300_20260808_001:S000282,band_supplement_300_20260808_001,S000282,train,TOPO-0518,10,B4,0.8650035466678191,0.8852381731481955,0.02023462648037644
band_supplement_300_20260808_001:S000283,band_supplement_300_20260808_001,S000283,train,TOPO-0519,10,B4,0.0637190413012848,0.07730320875916558,0.01358416745788077
band_supplement_300_20260808_001:S000284,band_supplement_300_20260808_001,S000284,train,TOPO-0505,10,B4,0.07118606376028858,0.07304301310026129,0.0018569493399727133
band_supplement_300_20260808_001:S000285,band_supplement_300_20260808_001,S000285,train,TOPO-0520,10,B2,0.05827227718644745,0.05918522755664413,0.0009129503701966746
band_supplement_300_20260808_001:S000286,band_supplement_300_20260808_001,S000286,train,TOPO-0433,10,B5,0.8592682110491798,0.8764099845033578,0.017141773454178
band_supplement_300_20260808_001:S000291,band_supplement_300_20260808_001,S000291,train,TOPO-0435,10,B5,0.0950038385902344,0.08705981682737116,-0.00794402176286324
band_supplement_300_20260808_001:S000294,band_supplement_300_20260808_001,S000294,train,TOPO-0251,10,B6,0.8010990832944771,0.8031922671750223,0.0020931838805452463
band_supplement_300_20260808_001:S000300,band_supplement_300_20260808_001,S000300,train,TOPO-0233,10,B6,0.04223598856782973,0.049627986118952916,0.007391997551123186
band_supplement_300_20260808_001:S000301,band_supplement_300_20260808_001,S000301,train,TOPO-0233,10,B6,0.0728403500881783,0.07226154968202037,-0.000578800406157931
improved_dataset_1000_20260807_001:S000006,improved_dataset_1000_20260807_001,S000006,val,TOPO-0004,0,B1,0.2995776792778546,0.2543437231422253,-0.045233956135629305
improved_dataset_1000_20260807_001:S000007,improved_dataset_1000_20260807_001,S000007,val,TOPO-0005,0,B1,0.07516870040800566,0.0997014769741745,0.02453277656616884
improved_dataset_1000_20260807_001:S000018,improved_dataset_1000_20260807_001,S000018,val,TOPO-0016,0,B1,0.04256555306253551,0.10878477608756151,0.066219223025026
improved_dataset_1000_20260807_001:S000026,improved_dataset_1000_20260807_001,S000026,val,TOPO-0024,0,B1,0.0729634027230478,0.04980459114265812,-0.023158811580389682
improved_dataset_1000_20260807_001:S000039,improved_dataset_1000_20260807_001,S000039,val,TOPO-0037,0,B1,0.01873518200357882,0.020974843085224293,0.002239661081645472
improved_dataset_1000_20260807_001:S000044,improved_dataset_1000_20260807_001,S000044,val,TOPO-0042,0,B1,0.08306799082544869,0.08708850823789593,0.004020517412447244
improved_dataset_1000_20260807_001:S000048,improved_dataset_1000_20260807_001,S000048,val,TOPO-0046,0,B3,0.5399597722581022,0.6121866414842001,0.07222686922609789
improved_dataset_1000_20260807_001:S000064,improved_dataset_1000_20260807_001,S000064,val,TOPO-0004,1,B1,0.3023150594472278,0.27407894781495323,-0.028236111632274574
improved_dataset_1000_20260807_001:S000076,improved_dataset_1000_20260807_001,S000076,val,TOPO-0024,1,B1,0.07270599031206226,0.053888089700159736,-0.018817900611902527
improved_dataset_1000_20260807_001:S000099,improved_dataset_1000_20260807_001,S000099,val,TOPO-0016,2,B1,0.04347334708167505,0.06781729070591758,0.024343943624242526
improved_dataset_1000_20260807_001:S000103,improved_dataset_1000_20260807_001,S000103,val,TOPO-0024,2,B1,0.07216370792071214,0.03257024277146586,-0.039593465149246276
improved_dataset_1000_20260807_001:S000113,improved_dataset_1000_20260807_001,S000113,val,TOPO-0046,2,B3,0.5348892007839583,0.6061403042346606,0.07125110345070229
improved_dataset_1000_20260807_001:S000115,improved_dataset_1000_20260807_001,S000115,val,TOPO-0046,2,B2,0.481212405771196,0.5987993913900815,0.11758698561888553
improved_dataset_1000_20260807_001:S000123,improved_dataset_1000_20260807_001,S000123,val,TOPO-0004,3,B1,0.2995282381582099,0.25223398369167893,-0.04729425446653096
improved_dataset_1000_20260807_001:S000137,improved_dataset_1000_20260807_001,S000137,val,TOPO-0081,3,B1,0.12636857773610832,0.10766341705696114,-0.01870516067914718
improved_dataset_1000_20260807_001:S000142,improved_dataset_1000_20260807_001,S000142,val,TOPO-0046,3,B3,0.5388191137421168,0.59919055586438,0.0603714421222632
improved_dataset_1000_20260807_001:S000155,improved_dataset_1000_20260807_001,S000155,val,TOPO-0004,4,B1,0.2975208131431253,0.308049729804503,0.01052891666137773
improved_dataset_1000_20260807_001:S000156,improved_dataset_1000_20260807_001,S000156,val,TOPO-0004,4,B1,0.29892531109337817,0.2627376595542437,-0.03618765153913445
improved_dataset_1000_20260807_001:S000168,improved_dataset_1000_20260807_001,S000168,val,TOPO-0081,4,B1,0.12674698024154052,0.12312784792780851,-0.0036191323137320097
improved_dataset_1000_20260807_001:S000173,improved_dataset_1000_20260807_001,S000173,val,TOPO-0046,4,B3,0.537391264887791,0.6173877238867067,0.07999645899891572
improved_dataset_1000_20260807_001:S000176,improved_dataset_1000_20260807_001,S000176,val,TOPO-0042,4,B1,0.08391000453753145,0.07583720290701745,-0.008072801630513993
improved_dataset_1000_20260807_001:S000182,improved_dataset_1000_20260807_001,S000182,val,TOPO-0098,5,B7,0.8828779271139722,0.7459253903620728,-0.13695253675189933
improved_dataset_1000_20260807_001:S000187,improved_dataset_1000_20260807_001,S000187,val,TOPO-0016,5,B1,0.04269109179523606,0.07194859600393422,0.02925750420869816
improved_dataset_1000_20260807_001:S000200,improved_dataset_1000_20260807_001,S000200,val,TOPO-0081,5,B1,0.12418663095522323,0.09868307922486044,-0.025503551730362783
improved_dataset_1000_20260807_001:S000204,improved_dataset_1000_20260807_001,S000204,val,TOPO-0108,5,B1,0.06254313544271622,0.03342555250306006,-0.02911758293965616
improved_dataset_1000_20260807_001:S000208,improved_dataset_1000_20260807_001,S000208,val,TOPO-0110,5,B1,0.08556994443604449,0.057039246324382176,-0.02853069811166231
improved_dataset_1000_20260807_001:S000215,improved_dataset_1000_20260807_001,S000215,val,TOPO-0004,6,B1,0.3849246443666955,0.3814542958003848,-0.003470348566310677
improved_dataset_1000_20260807_001:S000218,improved_dataset_1000_20260807_001,S000218,val,TOPO-0016,6,B1,0.04478013217939619,0.04910553726363309,0.0043254050842369
improved_dataset_1000_20260807_001:S000219,improved_dataset_1000_20260807_001,S000219,val,TOPO-0016,6,B1,0.044790279141654954,0.05100696013147321,0.006216680989818257
improved_dataset_1000_20260807_001:S000224,improved_dataset_1000_20260807_001,S000224,val,TOPO-0024,6,B1,0.07175862129855953,0.04946353535131082,-0.022295085947248716
improved_dataset_1000_20260807_001:S000232,improved_dataset_1000_20260807_001,S000232,val,TOPO-0046,6,B3,0.5377281035205952,0.6541300399655556,0.11640193644496044
improved_dataset_1000_20260807_001:S000234,improved_dataset_1000_20260807_001,S000234,val,TOPO-0046,6,B3,0.5612353555236675,0.547253136179719,-0.013982219343948499
improved_dataset_1000_20260807_001:S000235,improved_dataset_1000_20260807_001,S000235,val,TOPO-0046,6,B3,0.5317418009297917,0.519627432925194,-0.012114368004597753
improved_dataset_1000_20260807_001:S000239,improved_dataset_1000_20260807_001,S000239,val,TOPO-0110,6,B1,0.07775437106112115,0.13383847301927249,0.05608410195815133
improved_dataset_1000_20260807_001:S000240,improved_dataset_1000_20260807_001,S000240,val,TOPO-0110,6,B1,0.08609493463581386,0.04862912725703733,-0.03746580737877653
improved_dataset_1000_20260807_001:S000249,improved_dataset_1000_20260807_001,S000249,val,TOPO-0123,7,B1,0.046984619580616505,0.06388789338286488,0.016903273802248375
improved_dataset_1000_20260807_001:S000256,improved_dataset_1000_20260807_001,S000256,val,TOPO-0024,7,B1,0.06916567650734567,0.05163568506518745,-0.01752999144215822
improved_dataset_1000_20260807_001:S000263,improved_dataset_1000_20260807_001,S000263,val,TOPO-0046,7,B3,0.5379498818626683,0.6292090085803277,0.09125912671765934
improved_dataset_1000_20260807_001:S000264,improved_dataset_1000_20260807_001,S000264,val,TOPO-0046,7,B3,0.5387746402142494,0.6129963359244786,0.07422169571022919
improved_dataset_1000_20260807_001:S000265,improved_dataset_1000_20260807_001,S000265,val,TOPO-0046,7,B3,0.5522880367538716,0.5257044504635231,-0.026583586290348515
improved_dataset_1000_20260807_001:S000266,improved_dataset_1000_20260807_001,S000266,val,TOPO-0042,7,B1,0.08185311768532016,0.07593447378660151,-0.005918643898718656
improved_dataset_1000_20260807_001:S000267,improved_dataset_1000_20260807_001,S000267,val,TOPO-0110,7,B1,0.09170051436320942,0.038155896885133656,-0.05354461747807576
improved_dataset_1000_20260807_001:S000268,improved_dataset_1000_20260807_001,S000268,val,TOPO-0110,7,B1,0.08679008442046707,0.08396414622363085,-0.002825938196836214
improved_dataset_1000_20260807_001:S000285,improved_dataset_1000_20260807_001,S000285,val,TOPO-0024,8,B1,0.07554095212324835,0.08005870751745409,0.004517755394205736
improved_dataset_1000_20260807_001:S000294,improved_dataset_1000_20260807_001,S000294,val,TOPO-0046,8,B3,0.5399394599180452,0.5834018641741998,0.04346240425615466
improved_dataset_1000_20260807_001:S000296,improved_dataset_1000_20260807_001,S000296,val,TOPO-0108,8,B1,0.060109540314705834,0.024646496517580607,-0.03546304379712523
improved_dataset_1000_20260807_001:S000297,improved_dataset_1000_20260807_001,S000297,val,TOPO-0142,8,B1,0.042799872387001114,0.05382335907885383,0.011023486691852713
improved_dataset_1000_20260807_001:S000300,improved_dataset_1000_20260807_001,S000300,val,TOPO-0110,8,B1,0.092103041225373,0.07401877887565694,-0.01808426234971605
improved_dataset_1000_20260807_001:S000303,improved_dataset_1000_20260807_001,S000303,val,TOPO-0005,9,B1,0.06641640220140466,0.08847497737498852,0.022058575173583866
improved_dataset_1000_20260807_001:S000312,improved_dataset_1000_20260807_001,S000312,val,TOPO-0024,9,B1,0.07606023350577595,0.08360399351783282,0.007543760012056866
improved_dataset_1000_20260807_001:S000322,improved_dataset_1000_20260807_001,S000322,val,TOPO-0046,9,B1,0.40779069490804937,0.5245071273325281,0.11671643242447877
improved_dataset_1000_20260807_001:S000334,improved_dataset_1000_20260807_001,S000334,val,TOPO-0005,10,B1,0.06637804263264785,0.07669669296607579,0.010318650333427937
improved_dataset_1000_20260807_001:S000346,improved_dataset_1000_20260807_001,S000346,val,TOPO-0162,10,B1,0.07631998469027668,0.10433291149364954,0.028012926803372862
improved_dataset_1000_20260807_001:S000356,improved_dataset_1000_20260807_001,S000356,val,TOPO-0046,10,B3,0.5301174398535726,0.5376714757366647,0.007554035883092114
improved_dataset_1000_20260807_001:S000363,improved_dataset_1000_20260807_001,S000363,val,TOPO-0098,11,B7,0.8867985586402278,0.9129608158025939,0.026162257162366087
improved_dataset_1000_20260807_001:S000382,improved_dataset_1000_20260807_001,S000382,val,TOPO-0108,11,B1,0.05767089932887526,0.028903211639521365,-0.028767687689353894
improved_dataset_1000_20260807_001:S000386,improved_dataset_1000_20260807_001,S000386,val,TOPO-0046,11,B3,0.5593208576227897,0.5268252201968598,-0.03249563742592987
improved_dataset_1000_20260807_001:S000413,improved_dataset_1000_20260807_001,S000413,val,TOPO-0186,12,B1,0.05227628802187251,0.03944343774408815,-0.012832850277784358
improved_dataset_1000_20260807_001:S000415,improved_dataset_1000_20260807_001,S000415,val,TOPO-0046,12,B3,0.5595722665679017,0.5349777058667453,-0.024594560701156398
improved_dataset_1000_20260807_001:S000445,improved_dataset_1000_20260807_001,S000445,val,TOPO-0046,13,B3,0.5588759013576422,0.49965060558213226,-0.059225295775509945
improved_dataset_1000_20260807_001:S000446,improved_dataset_1000_20260807_001,S000446,val,TOPO-0046,13,B3,0.5596724839338041,0.5328280231110459,-0.026844460822758154
improved_dataset_1000_20260807_001:S000447,improved_dataset_1000_20260807_001,S000447,val,TOPO-0203,13,B1,0.39704299473170795,0.38122111823936755,-0.015821876492340403
improved_dataset_1000_20260807_001:S000451,improved_dataset_1000_20260807_001,S000451,val,TOPO-0110,13,B1,0.08835426351363421,0.08664248387145795,-0.0017117796421762532
improved_dataset_1000_20260807_001:S000455,improved_dataset_1000_20260807_001,S000455,val,TOPO-0005,14,B1,0.06908820233271296,0.06836951748859205,-0.0007186848441209093
improved_dataset_1000_20260807_001:S000469,improved_dataset_1000_20260807_001,S000469,val,TOPO-0214,14,B1,0.05345351979928431,0.02062137522026103,-0.03283214457902328
improved_dataset_1000_20260807_001:S000474,improved_dataset_1000_20260807_001,S000474,val,TOPO-0046,14,B3,0.5554698552513443,0.49785711619124073,-0.05761273906010356
improved_dataset_1000_20260807_001:S000479,improved_dataset_1000_20260807_001,S000479,val,TOPO-0203,14,B1,0.36840043372735853,0.3257101659941789,-0.04269026773317963
improved_dataset_1000_20260807_001:S000480,improved_dataset_1000_20260807_001,S000480,val,TOPO-0203,14,B1,0.39921291616530635,0.36239289571758115,-0.0368200204477252
improved_dataset_1000_20260807_001:S000494,improved_dataset_1000_20260807_001,S000494,val,TOPO-0162,15,B1,0.08422693597214737,0.1262297061528173,0.042002770180669946
improved_dataset_1000_20260807_001:S000497,improved_dataset_1000_20260807_001,S000497,val,TOPO-0226,15,B1,0.31284429377666173,0.3156028863455845,0.0027585925689227464
improved_dataset_1000_20260807_001:S000502,improved_dataset_1000_20260807_001,S000502,val,TOPO-0186,15,B1,0.05379702485738369,0.02593683653853751,-0.02786018831884618
improved_dataset_1000_20260807_001:S000503,improved_dataset_1000_20260807_001,S000503,val,TOPO-0046,15,B3,0.5593286105649149,0.5576142527472101,-0.0017143578177047925
improved_dataset_1000_20260807_001:S000505,improved_dataset_1000_20260807_001,S000505,val,TOPO-0046,15,B3,0.5764463885711381,0.5897569011122035,0.013310512541065411
improved_dataset_1000_20260807_001:S000506,improved_dataset_1000_20260807_001,S000506,val,TOPO-0046,15,B3,0.5601635158787546,0.5334378352857044,-0.02672568059305014
improved_dataset_1000_20260807_001:S000507,improved_dataset_1000_20260807_001,S000507,val,TOPO-0110,15,B1,0.08965130679096533,0.05779529629812746,-0.03185601049283787
improved_dataset_1000_20260807_001:S000531,improved_dataset_1000_20260807_001,S000531,val,TOPO-0226,16,B1,0.36105041670044435,0.3649548977985676,0.003904481098123247
improved_dataset_1000_20260807_001:S000532,improved_dataset_1000_20260807_001,S000532,val,TOPO-0108,16,B1,0.060825002439416076,0.022705167175666563,-0.03811983526374951
improved_dataset_1000_20260807_001:S000533,improved_dataset_1000_20260807_001,S000533,val,TOPO-0108,16,B1,0.06605136937764189,0.046119310211079456,-0.019932059166562432
improved_dataset_1000_20260807_001:S000536,improved_dataset_1000_20260807_001,S000536,val,TOPO-0186,16,B1,0.051470129365175976,0.04854911173795501,-0.0029210176272209676
improved_dataset_1000_20260807_001:S000538,improved_dataset_1000_20260807_001,S000538,val,TOPO-0203,16,B1,0.3535093844901743,0.31942283551356565,-0.03408654897660868
improved_dataset_1000_20260807_001:S000576,improved_dataset_1000_20260807_001,S000576,val,TOPO-0261,18,B1,0.07644994315245474,0.08435779679576039,0.007907853643305651
improved_dataset_1000_20260807_001:S000580,improved_dataset_1000_20260807_001,S000580,val,TOPO-0262,18,B1,0.15869543674261613,0.12452840495261061,-0.03416703179000552
improved_dataset_1000_20260807_001:S000589,improved_dataset_1000_20260807_001,S000589,val,TOPO-0226,18,B1,0.33250205002961297,0.37268083813891023,0.04017878810929726
improved_dataset_1000_20260807_001:S000591,improved_dataset_1000_20260807_001,S000591,val,TOPO-0226,18,B1,0.3605317108035258,0.3513885761494235,-0.009143134654102325
improved_dataset_1000_20260807_001:S000595,improved_dataset_1000_20260807_001,S000595,val,TOPO-0046,18,B3,0.5874808509245265,0.6186289680793844,0.03114811715485788
improved_dataset_1000_20260807_001:S000596,improved_dataset_1000_20260807_001,S000596,val,TOPO-0108,18,B1,0.05998919476414133,0.037219300962232416,-0.022769893801908914
improved_dataset_1000_20260807_001:S000597,improved_dataset_1000_20260807_001,S000597,val,TOPO-0203,18,B1,0.340515395364428,0.31190870150066263,-0.028606693863765353
improved_dataset_1000_20260807_001:S000603,improved_dataset_1000_20260807_001,S000603,val,TOPO-0261,19,B1,0.07530961611618009,0.06945502146380617,-0.005854594652373923
improved_dataset_1000_20260807_001:S000604,improved_dataset_1000_20260807_001,S000604,val,TOPO-0005,19,B1,0.06930331424949093,0.06502444523354417,-0.004278869015946762
improved_dataset_1000_20260807_001:S000613,improved_dataset_1000_20260807_001,S000613,val,TOPO-0162,19,B1,0.08898516148100824,0.15933887569238256,0.07035371421137432
improved_dataset_1000_20260807_001:S000618,improved_dataset_1000_20260807_001,S000618,val,TOPO-0214,19,B1,0.05281641579510227,0.021349378327363666,-0.0314670374677386
improved_dataset_1000_20260807_001:S000620,improved_dataset_1000_20260807_001,S000620,val,TOPO-0214,19,B1,0.04718133437344435,0.03522589247464175,-0.011955441898802599
improved_dataset_1000_20260807_001:S000621,improved_dataset_1000_20260807_001,S000621,val,TOPO-0226,19,B1,0.36444994140382053,0.3609988762092978,-0.0034510651945227067
improved_dataset_1000_20260807_001:S000628,improved_dataset_1000_20260807_001,S000628,val,TOPO-0142,19,B1,0.04475943311300984,0.051215166220942576,0.006455733107932737
improved_dataset_1000_20260807_001:S000636,improved_dataset_1000_20260807_001,S000636,val,TOPO-0005,20,B1,0.06282725038596171,0.07314050496631919,0.010313254580357478
improved_dataset_1000_20260807_001:S000639,improved_dataset_1000_20260807_001,S000639,val,TOPO-0262,20,B1,0.15873182584864756,0.13001400744023148,-0.028717818408416085
improved_dataset_1000_20260807_001:S000645,improved_dataset_1000_20260807_001,S000645,val,TOPO-0279,20,B6,0.7847853461579091,0.7981262995857509,0.013340953427841806
improved_dataset_1000_20260807_001:S000647,improved_dataset_1000_20260807_001,S000647,val,TOPO-0226,20,B1,0.3662418977010496,0.3440387639953861,-0.022203133705663514
improved_dataset_1000_20260807_001:S000648,improved_dataset_1000_20260807_001,S000648,val,TOPO-0214,20,B1,0.0524316046819277,0.05054139687763676,-0.0018902078042909443
improved_dataset_1000_20260807_001:S000661,improved_dataset_1000_20260807_001,S000661,val,TOPO-0203,20,B1,0.3981443913175016,0.3480406679012942,-0.050103723416207446
improved_dataset_1000_20260807_001:S000674,improved_dataset_1000_20260807_001,S000674,val,TOPO-0287,21,B6,0.8636882351753142,0.8498618112954478,-0.013826423879866434
improved_dataset_1000_20260807_001:S000675,improved_dataset_1000_20260807_001,S000675,val,TOPO-0287,21,B6,0.8050913512693473,0.7873468003765958,-0.01774455089275151
improved_dataset_1000_20260807_001:S000676,improved_dataset_1000_20260807_001,S000676,val,TOPO-0287,21,B6,0.8340404320226738,0.8032352490441911,-0.03080518297848267
improved_dataset_1000_20260807_001:S000681,improved_dataset_1000_20260807_001,S000681,val,TOPO-0226,21,B1,0.37209134521013615,0.3604847189506332,-0.011606626259502928
improved_dataset_1000_20260807_001:S000682,improved_dataset_1000_20260807_001,S000682,val,TOPO-0186,21,B1,0.05313478364179841,0.04385471448896505,-0.009280069152833359
improved_dataset_1000_20260807_001:S000690,improved_dataset_1000_20260807_001,S000690,val,TOPO-0142,21,B1,0.0441415733475945,0.0489401104723981,0.0047985371248036035
improved_dataset_1000_20260807_001:S000697,improved_dataset_1000_20260807_001,S000697,val,TOPO-0262,22,B1,0.15142109607329196,0.08552598654328283,-0.06589510953000913
improved_dataset_1000_20260807_001:S000701,improved_dataset_1000_20260807_001,S000701,val,TOPO-0262,22,B1,0.11939901424533697,0.114575450402367,-0.0048235638429699745
improved_dataset_1000_20260807_001:S000703,improved_dataset_1000_20260807_001,S000703,val,TOPO-0287,22,B6,0.8649104745312386,0.8775749147003906,0.012664440169152025
improved_dataset_1000_20260807_001:S000704,improved_dataset_1000_20260807_001,S000704,val,TOPO-0162,22,B1,0.08949727921867437,0.15347247667919584,0.06397519746052147
improved_dataset_1000_20260807_001:S000705,improved_dataset_1000_20260807_001,S000705,val,TOPO-0287,22,B6,0.8633290584931093,0.8524757129706009,-0.010853345522508384
improved_dataset_1000_20260807_001:S000706,improved_dataset_1000_20260807_001,S000706,val,TOPO-0287,22,B6,0.8477156643233306,0.8266206638380003,-0.021095000485330306
improved_dataset_1000_20260807_001:S000707,improved_dataset_1000_20260807_001,S000707,val,TOPO-0226,22,B1,0.36822616977911093,0.355079661428855,-0.013146508350255937
improved_dataset_1000_20260807_001:S000709,improved_dataset_1000_20260807_001,S000709,val,TOPO-0214,22,B1,0.05245112515378669,0.05493499470460367,0.002483869550816975
improved_dataset_1000_20260807_001:S000717,improved_dataset_1000_20260807_001,S000717,val,TOPO-0203,22,B1,0.3987329611673588,0.35911306511506,-0.039619896052298764
improved_dataset_1000_20260807_001:S000718,improved_dataset_1000_20260807_001,S000718,val,TOPO-0110,22,B1,0.08689004396881658,0.17191958040347535,0.08502953643465877
improved_dataset_1000_20260807_001:S000719,improved_dataset_1000_20260807_001,S000719,val,TOPO-0142,22,B1,0.04483591284851013,0.048313908467593925,0.0034779956190837957
improved_dataset_1000_20260807_001:S000720,improved_dataset_1000_20260807_001,S000720,val,TOPO-0203,22,B1,0.398176669154342,0.3766149084051084,-0.021561760749233605
improved_dataset_1000_20260807_001:S000721,improved_dataset_1000_20260807_001,S000721,val,TOPO-0142,22,B1,0.045259709658784175,0.058061364012673145,0.01280165435388897
improved_dataset_1000_20260807_001:S000728,improved_dataset_1000_20260807_001,S000728,val,TOPO-0262,23,B1,0.1517420605110561,0.13498428788631506,-0.01675777262474104
improved_dataset_1000_20260807_001:S000735,improved_dataset_1000_20260807_001,S000735,val,TOPO-0162,23,B1,0.08819390099575883,0.15330089909777128,0.06510699810201245
improved_dataset_1000_20260807_001:S000736,improved_dataset_1000_20260807_001,S000736,val,TOPO-0306,23,B1,0.12450940011585734,0.1389654697064125,0.014456069590555148
improved_dataset_1000_20260807_001:S000743,improved_dataset_1000_20260807_001,S000743,val,TOPO-0186,23,B1,0.04986237910557645,0.06391380404692676,0.01405142494135031
improved_dataset_1000_20260807_001:S000746,improved_dataset_1000_20260807_001,S000746,val,TOPO-0311,23,B1,0.08068991854899943,0.0770708598974254,-0.0036190586515740253
improved_dataset_1000_20260807_001:S000752,improved_dataset_1000_20260807_001,S000752,val,TOPO-0314,24,B6,0.8534056608837464,0.8429111973948112,-0.010494463488935124
improved_dataset_1000_20260807_001:S000762,improved_dataset_1000_20260807_001,S000762,val,TOPO-0287,24,B6,0.8639034760008687,0.848405068459663,-0.015498407541205683
improved_dataset_1000_20260807_001:S000765,improved_dataset_1000_20260807_001,S000765,val,TOPO-0306,24,B1,0.1245889368309129,0.10309621593922583,-0.021492720891687078
improved_dataset_1000_20260807_001:S000766,improved_dataset_1000_20260807_001,S000766,val,TOPO-0287,24,B6,0.8097169296472646,0.7893052561702352,-0.020411673477029435
improved_dataset_1000_20260807_001:S000768,improved_dataset_1000_20260807_001,S000768,val,TOPO-0214,24,B1,0.05151510011260957,0.03459586003762377,-0.016919240074985797
improved_dataset_1000_20260807_001:S000780,improved_dataset_1000_20260807_001,S000780,val,TOPO-0203,24,B2,0.5105750350870705,0.41258553511330043,-0.09798949997377004
improved_dataset_1000_20260807_001:S000786,improved_dataset_1000_20260807_001,S000786,val,TOPO-0261,25,B1,0.07071355784806455,0.034411189007622134,-0.03630236884044241
improved_dataset_1000_20260807_001:S000792,improved_dataset_1000_20260807_001,S000792,val,TOPO-0287,25,B6,0.8650362158348736,0.8577815613772638,-0.007254654457609755
improved_dataset_1000_20260807_001:S000793,improved_dataset_1000_20260807_001,S000793,val,TOPO-0287,25,B6,0.8661056430441133,0.8840283090348081,0.017922665990694808
improved_dataset_1000_20260807_001:S000795,improved_dataset_1000_20260807_001,S000795,val,TOPO-0162,25,B1,0.0883956984774858,0.17147272733776034,0.08307702886027454
improved_dataset_1000_20260807_001:S000796,improved_dataset_1000_20260807_001,S000796,val,TOPO-0330,25,B1,0.05578754210527448,0.08111078728849463,0.025323245183220155
improved_dataset_1000_20260807_001:S000802,improved_dataset_1000_20260807_001,S000802,val,TOPO-0186,25,B1,0.051405380328330585,0.052337961663623145,0.0009325813352925594
improved_dataset_1000_20260807_001:S000803,improved_dataset_1000_20260807_001,S000803,val,TOPO-0108,25,B1,0.06024417632391427,0.020769988623942026,-0.03947418769997224
improved_dataset_1000_20260807_001:S000808,improved_dataset_1000_20260807_001,S000808,val,TOPO-0337,25,B2,0.5132016066533923,0.46819704828930003,-0.045004558364092284
improved_dataset_1000_20260807_001:S000813,improved_dataset_1000_20260807_001,S000813,val,TOPO-0314,26,B3,0.5235233507974546,0.4350708812067859,-0.08845246959066871
improved_dataset_1000_20260807_001:S000816,improved_dataset_1000_20260807_001,S000816,val,TOPO-0341,26,B1,0.03985222588967818,0.1309834935166612,0.09113126762698301
improved_dataset_1000_20260807_001:S000822,improved_dataset_1000_20260807_001,S000822,val,TOPO-0287,26,B6,0.8396639484855322,0.8485340508982481,0.008870102412715908
improved_dataset_1000_20260807_001:S000826,improved_dataset_1000_20260807_001,S000826,val,TOPO-0287,26,B6,0.8648963313969107,0.8589054249212348,-0.005990906475675906
improved_dataset_1000_20260807_001:S000828,improved_dataset_1000_20260807_001,S000828,val,TOPO-0226,26,B1,0.372605942139806,0.35624838062313774,-0.016357561516668284
improved_dataset_1000_20260807_001:S000832,improved_dataset_1000_20260807_001,S000832,val,TOPO-0108,26,B1,0.06063828728453108,0.03847446730276416,-0.02216381998176692
improved_dataset_1000_20260807_001:S000834,improved_dataset_1000_20260807_001,S000834,val,TOPO-0311,26,B1,0.08430534933929407,0.10886048237040324,0.024555133031109178
improved_dataset_1000_20260807_001:S000837,improved_dataset_1000_20260807_001,S000837,val,TOPO-0337,26,B2,0.4435602699638637,0.4501329049164764,0.006572634952612677
improved_dataset_1000_20260807_001:S000842,improved_dataset_1000_20260807_001,S000842,val,TOPO-0314,27,B6,0.8442855491069197,0.8251344561390319,-0.01915109296788775
improved_dataset_1000_20260807_001:S000843,improved_dataset_1000_20260807_001,S000843,val,TOPO-0314,27,B6,0.8521613228804346,0.7879254902895168,-0.06423583259091781
improved_dataset_1000_20260807_001:S000844,improved_dataset_1000_20260807_001,S000844,val,TOPO-0261,27,B1,0.0789044767488648,0.11498930282131667,0.036084826072451864
improved_dataset_1000_20260807_001:S000845,improved_dataset_1000_20260807_001,S000845,val,TOPO-0314,27,B6,0.8310495274230897,0.7185270453580862,-0.11252248206500348
improved_dataset_1000_20260807_001:S000859,improved_dataset_1000_20260807_001,S000859,val,TOPO-0226,27,B1,0.3720847179178623,0.322433257132095,-0.04965146078576732
improved_dataset_1000_20260807_001:S000865,improved_dataset_1000_20260807_001,S000865,val,TOPO-0311,27,B1,0.08342851184203648,0.12179907467593681,0.038370562833900335
improved_dataset_1000_20260807_001:S000866,improved_dataset_1000_20260807_001,S000866,val,TOPO-0311,27,B1,0.07442613060916675,0.113578193692387,0.03915206308322025
improved_dataset_1000_20260807_001:S000875,improved_dataset_1000_20260807_001,S000875,val,TOPO-0314,28,B2,0.5044087574288352,0.5053403074939163,0.0009315500650811659
improved_dataset_1000_20260807_001:S000893,improved_dataset_1000_20260807_001,S000893,val,TOPO-0374,28,B1,0.05877483725911847,0.03443523970219553,-0.024339597556922943
improved_dataset_1000_20260807_001:S000928,improved_dataset_1000_20260807_001,S000928,val,TOPO-0337,29,B2,0.5121407795010943,0.45894134289521143,-0.05319943660588283
improved_dataset_1000_20260807_001:S000932,improved_dataset_1000_20260807_001,S000932,val,TOPO-0314,30,B6,0.7946872344171481,0.783005300110845,-0.011681934306303043
improved_dataset_1000_20260807_001:S000934,improved_dataset_1000_20260807_001,S000934,val,TOPO-0314,30,B5,0.7617479113982955,0.7359429525331065,-0.025804958865188965
improved_dataset_1000_20260807_001:S000954,improved_dataset_1000_20260807_001,S000954,val,TOPO-0186,30,B1,0.053018784158553434,0.023619056738377164,-0.02939972742017627
improved_dataset_1000_20260807_001:S000958,improved_dataset_1000_20260807_001,S000958,val,TOPO-0337,30,B1,0.3785365837625022,0.46321558961074627,0.08467900584824406
improved_dataset_1000_20260807_001:S000962,improved_dataset_1000_20260807_001,S000962,val,TOPO-0314,31,B6,0.844575446529565,0.7370370933963412,-0.1075383531332238
improved_dataset_1000_20260807_001:S000963,improved_dataset_1000_20260807_001,S000963,val,TOPO-0314,31,B6,0.8325028817996085,0.6790482537732416,-0.1534546280263669
improved_dataset_1000_20260807_001:S000965,improved_dataset_1000_20260807_001,S000965,val,TOPO-0314,31,B5,0.730551177219185,0.7129490521088461,-0.017602125110338984
improved_dataset_1000_20260807_001:S000977,improved_dataset_1000_20260807_001,S000977,val,TOPO-0408,31,B1,0.15948139355249252,0.16447178376769872,0.004990390215206197
improved_dataset_1000_20260807_001:S000992,improved_dataset_1000_20260807_001,S000992,val,TOPO-0314,32,B6,0.8396639853166111,0.8244450520026996,-0.015218933313911553
improved_dataset_1000_20260807_001:S000993,improved_dataset_1000_20260807_001,S000993,val,TOPO-0261,32,B1,0.07882420341222968,0.10021407351586736,0.021389870103637687
improved_dataset_1000_20260807_001:S000994,improved_dataset_1000_20260807_001,S000994,val,TOPO-0314,32,B6,0.8403461705614637,0.7796545558696343,-0.060691614691829376
improved_dataset_1000_20260807_001:S000995,improved_dataset_1000_20260807_001,S000995,val,TOPO-0314,32,B6,0.84291340725955,0.8180932377841066,-0.02482016947544341
band_supplement_300_20260808_001:S000014,band_supplement_300_20260808_001,S000014,val,TOPO-0421,1,B4,0.6124295976966863,0.579675203525388,-0.03275439417129822
band_supplement_300_20260808_001:S000020,band_supplement_300_20260808_001,S000020,val,TOPO-0314,1,B4,0.6765019002969364,0.7096705704445925,0.03316867014765612
band_supplement_300_20260808_001:S000027,band_supplement_300_20260808_001,S000027,val,TOPO-0098,1,B7,0.8763237997785466,0.7043262335603964,-0.1719975662181502
band_supplement_300_20260808_001:S000041,band_supplement_300_20260808_001,S000041,val,TOPO-0421,2,B4,0.6125761853910234,0.5898614645454254,-0.022714720845598002
band_supplement_300_20260808_001:S000042,band_supplement_300_20260808_001,S000042,val,TOPO-0421,2,B1,0.22657032726099358,0.3448556163256699,0.11828528906467634
band_supplement_300_20260808_001:S000055,band_supplement_300_20260808_001,S000055,val,TOPO-0279,2,B5,0.7325041083509776,0.6981300306504905,-0.03437407770048706
band_supplement_300_20260808_001:S000056,band_supplement_300_20260808_001,S000056,val,TOPO-0287,2,B6,0.863478003376501,0.8568108782907673,-0.006667125085733749
band_supplement_300_20260808_001:S000069,band_supplement_300_20260808_001,S000069,val,TOPO-0421,3,B4,0.6122809106308473,0.642886966380829,0.030606055749981653
band_supplement_300_20260808_001:S000072,band_supplement_300_20260808_001,S000072,val,TOPO-0421,3,B4,0.6127167143728686,0.5995565647117357,-0.01316014966113288
band_supplement_300_20260808_001:S000073,band_supplement_300_20260808_001,S000073,val,TOPO-0421,3,B3,0.6013518219944183,0.5420189978838287,-0.0593328241105896
band_supplement_300_20260808_001:S000082,band_supplement_300_20260808_001,S000082,val,TOPO-0314,3,B5,0.7127122651020888,0.7226400456098502,0.00992778050776133
band_supplement_300_20260808_001:S000084,band_supplement_300_20260808_001,S000084,val,TOPO-0314,3,B6,0.7883712568384019,0.6775071677665945,-0.11086408907180745
band_supplement_300_20260808_001:S000092,band_supplement_300_20260808_001,S000092,val,TOPO-0046,4,B2,0.48274467994219744,0.6210214781387935,0.13827679819659605
band_supplement_300_20260808_001:S000099,band_supplement_300_20260808_001,S000099,val,TOPO-0421,4,B3,0.596175048104038,0.44907403901913395,-0.14710100908490403
band_supplement_300_20260808_001:S000103,band_supplement_300_20260808_001,S000103,val,TOPO-0448,4,B2,0.4908642386274755,0.5416895438823598,0.05082530525488427
band_supplement_300_20260808_001:S000129,band_supplement_300_20260808_001,S000129,val,TOPO-0421,5,B4,0.6126389271340645,0.6207601248023571,0.008121197668292557
band_supplement_300_20260808_001:S000132,band_supplement_300_20260808_001,S000132,val,TOPO-0421,5,B4,0.6241225444956042,0.6123996724450157,-0.011722872050588529
band_supplement_300_20260808_001:S000140,band_supplement_300_20260808_001,S000140,val,TOPO-0463,5,B4,0.6945264778831667,0.6545767272914151,-0.03994975059175154
band_supplement_300_20260808_001:S000152,band_supplement_300_20260808_001,S000152,val,TOPO-0337,6,B2,0.5078192048490712,0.429167687945699,-0.07865151690337219
band_supplement_300_20260808_001:S000155,band_supplement_300_20260808_001,S000155,val,TOPO-0337,6,B2,0.44352389927337177,0.46315771877790024,0.01963381950452847
band_supplement_300_20260808_001:S000175,band_supplement_300_20260808_001,S000175,val,TOPO-0279,6,B5,0.7825845050335077,0.7870613595145071,0.004476854480999326
band_supplement_300_20260808_001:S000183,band_supplement_300_20260808_001,S000183,val,TOPO-0046,7,B2,0.4790340316049719,0.5305197825603413,0.05148575095536939
band_supplement_300_20260808_001:S000191,band_supplement_300_20260808_001,S000191,val,TOPO-0421,7,B4,0.6122515194298219,0.5725512993981544,-0.03970022003166751
band_supplement_300_20260808_001:S000194,band_supplement_300_20260808_001,S000194,val,TOPO-0421,7,B4,0.6124091012012344,0.5875977343536669,-0.024811366847567462
band_supplement_300_20260808_001:S000203,band_supplement_300_20260808_001,S000203,val,TOPO-0279,7,B6,0.7849248254540033,0.8164786737748959,0.031553848320892586
band_supplement_300_20260808_001:S000204,band_supplement_300_20260808_001,S000204,val,TOPO-0279,7,B6,0.7863264689956353,0.8429229096779267,0.056596440682291416
band_supplement_300_20260808_001:S000205,band_supplement_300_20260808_001,S000205,val,TOPO-0279,7,B6,0.7849798142549193,0.793446800508208,0.008466986253288789
band_supplement_300_20260808_001:S000223,band_supplement_300_20260808_001,S000223,val,TOPO-0421,8,B4,0.611302824497476,0.5838982550411419,-0.02740456945633407
band_supplement_300_20260808_001:S000233,band_supplement_300_20260808_001,S000233,val,TOPO-0279,8,B4,0.6874577835433229,0.8111709101521261,0.12371312660880318
band_supplement_300_20260808_001:S000235,band_supplement_300_20260808_001,S000235,val,TOPO-0279,8,B4,0.63340541281044,0.6704454345006776,0.03704002169023757
band_supplement_300_20260808_001:S000239,band_supplement_300_20260808_001,S000239,val,TOPO-0498,8,B5,0.7763551909835995,0.838464286581022,0.0621090955974225
band_supplement_300_20260808_001:S000240,band_supplement_300_20260808_001,S000240,val,TOPO-0498,8,B7,0.8870759334960201,0.8969050435431962,0.009829110047176126
band_supplement_300_20260808_001:S000253,band_supplement_300_20260808_001,S000253,val,TOPO-0421,9,B4,0.6115505503346901,0.5981126390914355,-0.013437911243254552
band_supplement_300_20260808_001:S000263,band_supplement_300_20260808_001,S000263,val,TOPO-0279,9,B6,0.7842902259631919,0.8312231122983186,0.04693288633512671
band_supplement_300_20260808_001:S000264,band_supplement_300_20260808_001,S000264,val,TOPO-0279,9,B5,0.7818890974313016,0.8147858068917755,0.03289670946047385
band_supplement_300_20260808_001:S000265,band_supplement_300_20260808_001,S000265,val,TOPO-0279,9,B5,0.7819585976773353,0.7991046803677541,0.01714608269041873
band_supplement_300_20260808_001:S000279,band_supplement_300_20260808_001,S000279,val,TOPO-0421,10,B4,0.6105087832657636,0.561301614634751,-0.0492071686310126
band_supplement_300_20260808_001:S000293,band_supplement_300_20260808_001,S000293,val,TOPO-0279,10,B5,0.7016030540739121,0.717941504864475,0.016338450790562953
band_supplement_300_20260808_001:S000295,band_supplement_300_20260808_001,S000295,val,TOPO-0279,10,B5,0.7325933132242651,0.7526388857762414,0.020045572551976254
improved_dataset_1000_20260807_001:S000014,improved_dataset_1000_20260807_001,S000014,test,TOPO-0012,0,B2,0.5208435399064683,0.3917728080172666,-0.12907073188920165
improved_dataset_1000_20260807_001:S000033,improved_dataset_1000_20260807_001,S000033,test,TOPO-0031,0,B1,0.06000635804694565,0.07441885647106838,0.014412498424122733
improved_dataset_1000_20260807_001:S000037,improved_dataset_1000_20260807_001,S000037,test,TOPO-0035,0,B1,0.052999760906260684,0.11598698308870492,0.06298722218244424
improved_dataset_1000_20260807_001:S000058,improved_dataset_1000_20260807_001,S000058,test,TOPO-0056,0,B1,0.08501863843034452,0.027591730579230422,-0.057426907851114095
improved_dataset_1000_20260807_001:S000059,improved_dataset_1000_20260807_001,S000059,test,TOPO-0057,0,B1,0.05442050136234339,0.10892340826883917,0.054502906906495785
improved_dataset_1000_20260807_001:S000072,improved_dataset_1000_20260807_001,S000072,test,TOPO-0065,1,B1,0.07224980056782598,0.060238872648541275,-0.012010927919284708
improved_dataset_1000_20260807_001:S000088,improved_dataset_1000_20260807_001,S000088,test,TOPO-0056,1,B1,0.07271998612207431,0.009149930530323924,-0.06357005559175039
improved_dataset_1000_20260807_001:S000089,improved_dataset_1000_20260807_001,S000089,test,TOPO-0057,1,B1,0.051327224778736746,0.11079847849966967,0.059471253720932926
improved_dataset_1000_20260807_001:S000090,improved_dataset_1000_20260807_001,S000090,test,TOPO-0056,1,B1,0.08437391039281383,0.018637284995652093,-0.06573662539716174
improved_dataset_1000_20260807_001:S000098,improved_dataset_1000_20260807_001,S000098,test,TOPO-0069,2,B1,0.042145494606777856,0.04760776460586541,0.0054622699990875545
improved_dataset_1000_20260807_001:S000104,improved_dataset_1000_20260807_001,S000104,test,TOPO-0071,2,B3,0.5277359975333967,0.5257621647642835,-0.0019738327691132262
improved_dataset_1000_20260807_001:S000105,improved_dataset_1000_20260807_001,S000105,test,TOPO-0071,2,B3,0.5310377196084861,0.5106941467964892,-0.020343572811996946
improved_dataset_1000_20260807_001:S000106,improved_dataset_1000_20260807_001,S000106,test,TOPO-0065,2,B1,0.07235261452479641,0.07880707696050432,0.006454462435707908
improved_dataset_1000_20260807_001:S000107,improved_dataset_1000_20260807_001,S000107,test,TOPO-0031,2,B1,0.05563240960061411,0.05488162647116285,-0.0007507831294512601
improved_dataset_1000_20260807_001:S000119,improved_dataset_1000_20260807_001,S000119,test,TOPO-0056,2,B1,0.0843592516233801,0.027942399282191277,-0.05641685234118882
improved_dataset_1000_20260807_001:S000121,improved_dataset_1000_20260807_001,S000121,test,TOPO-0075,2,B1,0.02512467441596744,0.04507640137870478,0.019951726962737337
improved_dataset_1000_20260807_001:S000126,improved_dataset_1000_20260807_001,S000126,test,TOPO-0078,3,B6,0.855388646175986,0.8789063950365673,0.023517748860581333
improved_dataset_1000_20260807_001:S000129,improved_dataset_1000_20260807_001,S000129,test,TOPO-0012,3,B2,0.5182997646056916,0.39507083777668833,-0.12322892682900327
improved_dataset_1000_20260807_001:S000131,improved_dataset_1000_20260807_001,S000131,test,TOPO-0012,3,B3,0.5529747338058991,0.5923426638430164,0.03936793003711725
improved_dataset_1000_20260807_001:S000132,improved_dataset_1000_20260807_001,S000132,test,TOPO-0071,3,B2,0.5204216951433801,0.5028477826395392,-0.017573912503840883
improved_dataset_1000_20260807_001:S000157,improved_dataset_1000_20260807_001,S000157,test,TOPO-0086,4,B3,0.5718420433102522,0.623068899403707,0.05122685609345479
improved_dataset_1000_20260807_001:S000160,improved_dataset_1000_20260807_001,S000160,test,TOPO-0012,4,B2,0.5204895748219388,0.4041084893715655,-0.11638108545037329
improved_dataset_1000_20260807_001:S000162,improved_dataset_1000_20260807_001,S000162,test,TOPO-0065,4,B1,0.07200754414584037,0.03496639910769389,-0.037041145038146484
improved_dataset_1000_20260807_001:S000163,improved_dataset_1000_20260807_001,S000163,test,TOPO-0090,4,B1,0.05620369646666029,0.12393562715198006,0.06773193068531977
improved_dataset_1000_20260807_001:S000166,improved_dataset_1000_20260807_001,S000166,test,TOPO-0071,4,B3,0.5298760857930219,0.5134242689413611,-0.01645181685166086
improved_dataset_1000_20260807_001:S000167,improved_dataset_1000_20260807_001,S000167,test,TOPO-0035,4,B1,0.07091905685322891,0.11351241338533016,0.04259335653210125
improved_dataset_1000_20260807_001:S000180,improved_dataset_1000_20260807_001,S000180,test,TOPO-0097,4,B1,0.07332810406709972,0.09487329083079266,0.021545186763692936
improved_dataset_1000_20260807_001:S000181,improved_dataset_1000_20260807_001,S000181,test,TOPO-0056,4,B1,0.10129887770058091,0.07848329494519829,-0.02281558275538262
improved_dataset_1000_20260807_001:S000192,improved_dataset_1000_20260807_001,S000192,test,TOPO-0065,5,B1,0.07201498402379419,0.07027276349484163,-0.001742220528952565
improved_dataset_1000_20260807_001:S000195,improved_dataset_1000_20260807_001,S000195,test,TOPO-0065,5,B1,0.07271746319316424,0.05252154617679489,-0.020195917016369358
improved_dataset_1000_20260807_001:S000198,improved_dataset_1000_20260807_001,S000198,test,TOPO-0031,5,B1,0.05707464099128118,0.059790933065996366,0.0027162920747151875
improved_dataset_1000_20260807_001:S000216,improved_dataset_1000_20260807_001,S000216,test,TOPO-0078,6,B6,0.863276205894774,0.8527455742862814,-0.010530631608492658
improved_dataset_1000_20260807_001:S000220,improved_dataset_1000_20260807_001,S000220,test,TOPO-0086,6,B3,0.5732084395093011,0.6339461851275519,0.06073774561825074
improved_dataset_1000_20260807_001:S000221,improved_dataset_1000_20260807_001,S000221,test,TOPO-0086,6,B1,0.36833291315181993,0.6102071735600031,0.24187426040818316
improved_dataset_1000_20260807_001:S000229,improved_dataset_1000_20260807_001,S000229,test,TOPO-0031,6,B1,0.05622682638425924,0.09451647133764227,0.03828964495338302
improved_dataset_1000_20260807_001:S000230,improved_dataset_1000_20260807_001,S000230,test,TOPO-0117,6,B1,0.07563702599276556,0.11272862960911353,0.03709160361634797
improved_dataset_1000_20260807_001:S000242,improved_dataset_1000_20260807_001,S000242,test,TOPO-0078,7,B6,0.8388789308681697,0.8628563315944113,0.02397740072624166
improved_dataset_1000_20260807_001:S000248,improved_dataset_1000_20260807_001,S000248,test,TOPO-0086,7,B2,0.48222108011565956,0.6105893328354912,0.12836825271983165
improved_dataset_1000_20260807_001:S000250,improved_dataset_1000_20260807_001,S000250,test,TOPO-0086,7,B2,0.4759968855857295,0.46397758780374676,-0.01201929778198274
improved_dataset_1000_20260807_001:S000251,improved_dataset_1000_20260807_001,S000251,test,TOPO-0086,7,B3,0.5371130429171822,0.6105846921195397,0.07347164920235749
improved_dataset_1000_20260807_001:S000257,improved_dataset_1000_20260807_001,S000257,test,TOPO-0127,7,B1,0.23455326105879837,0.24945048410559645,0.01489722304679808
improved_dataset_1000_20260807_001:S000259,improved_dataset_1000_20260807_001,S000259,test,TOPO-0129,7,B1,0.15733546756684907,0.16031849031553153,0.002983022748682451
improved_dataset_1000_20260807_001:S000271,improved_dataset_1000_20260807_001,S000271,test,TOPO-0097,7,B1,0.05714034763618009,0.12749982591141462,0.07035947827523453
improved_dataset_1000_20260807_001:S000275,improved_dataset_1000_20260807_001,S000275,test,TOPO-0078,8,B6,0.8650017051138701,0.8951549043322631,0.03015319921839299
improved_dataset_1000_20260807_001:S000276,improved_dataset_1000_20260807_001,S000276,test,TOPO-0078,8,B6,0.8629303620631595,0.8556262802975596,-0.007304081765599935
improved_dataset_1000_20260807_001:S000278,improved_dataset_1000_20260807_001,S000278,test,TOPO-0086,8,B3,0.5655972233760939,0.6032421955385646,0.03764497216247076
improved_dataset_1000_20260807_001:S000280,improved_dataset_1000_20260807_001,S000280,test,TOPO-0086,8,B1,0.0005135581448098558,0.19638909959149742,0.19587554144668756
improved_dataset_1000_20260807_001:S000281,improved_dataset_1000_20260807_001,S000281,test,TOPO-0069,8,B1,0.04269486698083147,0.053777817449696064,0.011082950468864594
improved_dataset_1000_20260807_001:S000287,improved_dataset_1000_20260807_001,S000287,test,TOPO-0138,8,B1,0.049764482097649776,0.07094551998347548,0.021181037885825704
improved_dataset_1000_20260807_001:S000290,improved_dataset_1000_20260807_001,S000290,test,TOPO-0127,8,B1,0.35332807544710076,0.34050086838119875,-0.012827207065902013
improved_dataset_1000_20260807_001:S000291,improved_dataset_1000_20260807_001,S000291,test,TOPO-0140,8,B1,0.30823792280643203,0.187950712671036,-0.12028721013539603
improved_dataset_1000_20260807_001:S000299,improved_dataset_1000_20260807_001,S000299,test,TOPO-0143,8,B1,0.34984511223623965,0.3118313194037273,-0.03801379283251233
improved_dataset_1000_20260807_001:S000307,improved_dataset_1000_20260807_001,S000307,test,TOPO-0069,9,B1,0.04298430401498937,0.06355597169910443,0.020571667684115058
improved_dataset_1000_20260807_001:S000309,improved_dataset_1000_20260807_001,S000309,test,TOPO-0086,9,B3,0.5623445971292838,0.5923169557498889,0.0299723586206051
improved_dataset_1000_20260807_001:S000310,improved_dataset_1000_20260807_001,S000310,test,TOPO-0086,9,B3,0.569512569642516,0.5440536940109549,-0.025458875631561018
improved_dataset_1000_20260807_001:S000311,improved_dataset_1000_20260807_001,S000311,test,TOPO-0147,9,B1,0.03702461187874839,0.035496600905138787,-0.001528010973609606
improved_dataset_1000_20260807_001:S000313,improved_dataset_1000_20260807_001,S000313,test,TOPO-0090,9,B1,0.05407951923315407,0.11246107023586924,0.058381551002715165
improved_dataset_1000_20260807_001:S000319,improved_dataset_1000_20260807_001,S000319,test,TOPO-0127,9,B1,0.29597391933571154,0.32515236908629447,0.029178449750582924
improved_dataset_1000_20260807_001:S000321,improved_dataset_1000_20260807_001,S000321,test,TOPO-0127,9,B1,0.24228551332530102,0.3390267263135099,0.09674121298820887
improved_dataset_1000_20260807_001:S000329,improved_dataset_1000_20260807_001,S000329,test,TOPO-0097,9,B1,0.05766228085639413,0.14065780253888774,0.0829955216824936
improved_dataset_1000_20260807_001:S000330,improved_dataset_1000_20260807_001,S000330,test,TOPO-0056,9,B1,0.1062662484914251,0.06641021458013613,-0.039856033911288974
improved_dataset_1000_20260807_001:S000331,improved_dataset_1000_20260807_001,S000331,test,TOPO-0143,9,B1,0.3553487147627404,0.34996819709830324,-0.0053805176644371455
improved_dataset_1000_20260807_001:S000336,improved_dataset_1000_20260807_001,S000336,test,TOPO-0078,10,B6,0.790164083269872,0.833781546368529,0.043617463098656994
improved_dataset_1000_20260807_001:S000341,improved_dataset_1000_20260807_001,S000341,test,TOPO-0086,10,B2,0.5187563042451782,0.4750469660200075,-0.043709338225170646
improved_dataset_1000_20260807_001:S000347,improved_dataset_1000_20260807_001,S000347,test,TOPO-0127,10,B1,0.3531803287247469,0.352272817844527,-0.0009075108802198972
improved_dataset_1000_20260807_001:S000348,improved_dataset_1000_20260807_001,S000348,test,TOPO-0127,10,B1,0.33582227821123967,0.31831147727187936,-0.017510800939360305
improved_dataset_1000_20260807_001:S000351,improved_dataset_1000_20260807_001,S000351,test,TOPO-0127,10,B1,0.1778133449083436,0.22168726280993276,0.04387391790158915
improved_dataset_1000_20260807_001:S000355,improved_dataset_1000_20260807_001,S000355,test,TOPO-0167,10,B1,0.0758578467267853,0.0730067344874668,-0.0028511122393184984
improved_dataset_1000_20260807_001:S000358,improved_dataset_1000_20260807_001,S000358,test,TOPO-0056,10,B1,0.10525956302522643,0.08425216526124812,-0.02100739776397831
improved_dataset_1000_20260807_001:S000360,improved_dataset_1000_20260807_001,S000360,test,TOPO-0143,10,B1,0.36467952333075243,0.34302701425582777,-0.021652509074924664
improved_dataset_1000_20260807_001:S000361,improved_dataset_1000_20260807_001,S000361,test,TOPO-0143,10,B1,0.355262334372822,0.31072610619737445,-0.044536228175447556
improved_dataset_1000_20260807_001:S000378,improved_dataset_1000_20260807_001,S000378,test,TOPO-0127,11,B1,0.22330300541367076,0.23406922701885385,0.01076622160518309
improved_dataset_1000_20260807_001:S000380,improved_dataset_1000_20260807_001,S000380,test,TOPO-0127,11,B1,0.3528225896055933,0.33904787656061364,-0.01377471304497968
improved_dataset_1000_20260807_001:S000388,improved_dataset_1000_20260807_001,S000388,test,TOPO-0143,11,B1,0.39691235949845366,0.420162176071116,0.02324981657266234
improved_dataset_1000_20260807_001:S000391,improved_dataset_1000_20260807_001,S000391,test,TOPO-0056,11,B1,0.0927631462383775,0.0918208783293134,-0.0009422679090640984
improved_dataset_1000_20260807_001:S000395,improved_dataset_1000_20260807_001,S000395,test,TOPO-0078,12,B6,0.8652039445685448,0.9223542141854462,0.057150269616901395
improved_dataset_1000_20260807_001:S000397,improved_dataset_1000_20260807_001,S000397,test,TOPO-0069,12,B1,0.04115070557908945,0.07602353133557316,0.034872825756483705
improved_dataset_1000_20260807_001:S000407,improved_dataset_1000_20260807_001,S000407,test,TOPO-0129,12,B1,0.15963085407099006,0.10661071115757795,-0.053020142913412116
improved_dataset_1000_20260807_001:S000408,improved_dataset_1000_20260807_001,S000408,test,TOPO-0127,12,B1,0.3224661530404795,0.3056466538293117,-0.016819499211167765
improved_dataset_1000_20260807_001:S000409,improved_dataset_1000_20260807_001,S000409,test,TOPO-0127,12,B1,0.34695251899422086,0.2900629040742264,-0.05688961491999445
improved_dataset_1000_20260807_001:S000410,improved_dataset_1000_20260807_001,S000410,test,TOPO-0127,12,B1,0.35274667154404743,0.32839792606788304,-0.02434874547616439
improved_dataset_1000_20260807_001:S000422,improved_dataset_1000_20260807_001,S000422,test,TOPO-0078,13,B6,0.8653456705604567,0.879547550459437,0.014201879898980252
improved_dataset_1000_20260807_001:S000427,improved_dataset_1000_20260807_001,S000427,test,TOPO-0147,13,B1,0.03533021650585033,0.026563333191973515,-0.008766883313876817
improved_dataset_1000_20260807_001:S000429,improved_dataset_1000_20260807_001,S000429,test,TOPO-0086,13,B4,0.6178958270367642,0.6617946979943616,0.04389887095759748
improved_dataset_1000_20260807_001:S000430,improved_dataset_1000_20260807_001,S000430,test,TOPO-0069,13,B1,0.04089200408033966,0.08654191661030528,0.045649912529965614
improved_dataset_1000_20260807_001:S000434,improved_dataset_1000_20260807_001,S000434,test,TOPO-0198,13,B4,0.6776940854924138,0.8081626949454218,0.13046860945300798
improved_dataset_1000_20260807_001:S000437,improved_dataset_1000_20260807_001,S000437,test,TOPO-0127,13,B1,0.35262973401925973,0.3267265731387713,-0.02590316088048844
improved_dataset_1000_20260807_001:S000439,improved_dataset_1000_20260807_001,S000439,test,TOPO-0140,13,B1,0.2797518179236438,0.17990665769766528,-0.0998451602259785
improved_dataset_1000_20260807_001:S000440,improved_dataset_1000_20260807_001,S000440,test,TOPO-0127,13,B1,0.35530663525500666,0.349406166342793,-0.0059004689122136855
improved_dataset_1000_20260807_001:S000443,improved_dataset_1000_20260807_001,S000443,test,TOPO-0167,13,B1,0.07619551405886649,0.07959767448633209,0.003402160427465606
improved_dataset_1000_20260807_001:S000444,improved_dataset_1000_20260807_001,S000444,test,TOPO-0202,13,B1,0.04703180019278885,0.07112326677062902,0.02409146657784017
improved_dataset_1000_20260807_001:S000450,improved_dataset_1000_20260807_001,S000450,test,TOPO-0143,13,B1,0.3964003522540245,0.4400627999117697,0.04366244765774524
improved_dataset_1000_20260807_001:S000452,improved_dataset_1000_20260807_001,S000452,test,TOPO-0078,14,B6,0.865101038533877,0.9030281735924074,0.0379271350585304
improved_dataset_1000_20260807_001:S000462,improved_dataset_1000_20260807_001,S000462,test,TOPO-0198,14,B4,0.6678380519265039,0.8198328801375306,0.15199482821102672
improved_dataset_1000_20260807_001:S000465,improved_dataset_1000_20260807_001,S000465,test,TOPO-0198,14,B4,0.6765713268808122,0.7985195818470907,0.12194825496627848
improved_dataset_1000_20260807_001:S000467,improved_dataset_1000_20260807_001,S000467,test,TOPO-0127,14,B1,0.3540610461459807,0.3419465538364913,-0.01211449230948941
improved_dataset_1000_20260807_001:S000493,improved_dataset_1000_20260807_001,S000493,test,TOPO-0198,15,B5,0.6966630119436704,0.7648149090070504,0.06815189706337998
improved_dataset_1000_20260807_001:S000498,improved_dataset_1000_20260807_001,S000498,test,TOPO-0127,15,B1,0.3541187052001226,0.33383010960739373,-0.020288595592728886
improved_dataset_1000_20260807_001:S000514,improved_dataset_1000_20260807_001,S000514,test,TOPO-0078,16,B6,0.8572311577329988,0.8864616647608052,0.029230507027806385
improved_dataset_1000_20260807_001:S000520,improved_dataset_1000_20260807_001,S000520,test,TOPO-0235,16,B6,0.8614100856161355,0.8762022940489942,0.014792208432858667
improved_dataset_1000_20260807_001:S000523,improved_dataset_1000_20260807_001,S000523,test,TOPO-0198,16,B4,0.6550932095119404,0.7214277138141711,0.06633450430223076
improved_dataset_1000_20260807_001:S000525,improved_dataset_1000_20260807_001,S000525,test,TOPO-0237,16,B1,0.09967129390495105,0.09481824678325826,-0.004853047121692794
improved_dataset_1000_20260807_001:S000527,improved_dataset_1000_20260807_001,S000527,test,TOPO-0129,16,B1,0.15958658311405707,0.10758314372032599,-0.05200343939373109
improved_dataset_1000_20260807_001:S000529,improved_dataset_1000_20260807_001,S000529,test,TOPO-0140,16,B1,0.2795447950325866,0.20950931515524712,-0.07003547987733949
improved_dataset_1000_20260807_001:S000543,improved_dataset_1000_20260807_001,S000543,test,TOPO-0245,17,B1,0.10002717420558746,0.09297927100982736,-0.007047903195760097
improved_dataset_1000_20260807_001:S000553,improved_dataset_1000_20260807_001,S000553,test,TOPO-0198,17,B4,0.6773972269958415,0.8179627452712833,0.14056551827544184
improved_dataset_1000_20260807_001:S000555,improved_dataset_1000_20260807_001,S000555,test,TOPO-0198,17,B4,0.6965550600511825,0.7552754017338876,0.058720341682705124
improved_dataset_1000_20260807_001:S000558,improved_dataset_1000_20260807_001,S000558,test,TOPO-0140,17,B1,0.3069755882171539,0.2139726065914124,-0.09300298162574153
improved_dataset_1000_20260807_001:S000559,improved_dataset_1000_20260807_001,S000559,test,TOPO-0256,17,B1,0.06619740460579437,0.05333230871836381,-0.012865095887430567
improved_dataset_1000_20260807_001:S000560,improved_dataset_1000_20260807_001,S000560,test,TOPO-0031,17,B1,0.05814080865003124,0.0827556816912447,0.02461487304121346
improved_dataset_1000_20260807_001:S000565,improved_dataset_1000_20260807_001,S000565,test,TOPO-0167,17,B1,0.07601027214714068,0.08488205037395019,0.008871778226809512
improved_dataset_1000_20260807_001:S000566,improved_dataset_1000_20260807_001,S000566,test,TOPO-0167,17,B1,0.07791773531193336,0.05661550476072663,-0.021302230551206724
improved_dataset_1000_20260807_001:S000572,improved_dataset_1000_20260807_001,S000572,test,TOPO-0078,18,B6,0.8558060527940571,0.8739123217134632,0.018106268919406143
improved_dataset_1000_20260807_001:S000573,improved_dataset_1000_20260807_001,S000573,test,TOPO-0078,18,B6,0.856804432851946,0.8953952271226023,0.03859079427065637
improved_dataset_1000_20260807_001:S000587,improved_dataset_1000_20260807_001,S000587,test,TOPO-0256,18,B1,0.06619062768726225,0.06590656799063521,-0.000284059696627037
improved_dataset_1000_20260807_001:S000588,improved_dataset_1000_20260807_001,S000588,test,TOPO-0129,18,B1,0.15690824546622997,0.14023439245494299,-0.016673853011286988
improved_dataset_1000_20260807_001:S000593,improved_dataset_1000_20260807_001,S000593,test,TOPO-0202,18,B1,0.046561025341276874,0.07160556974986154,0.025044544408584668
improved_dataset_1000_20260807_001:S000607,improved_dataset_1000_20260807_001,S000607,test,TOPO-0235,19,B6,0.849679276468027,0.8330640401189353,-0.016615236349091678
improved_dataset_1000_20260807_001:S000611,improved_dataset_1000_20260807_001,S000611,test,TOPO-0235,19,B6,0.86680175043682,0.8666868374704049,-0.00011491296641508164
improved_dataset_1000_20260807_001:S000616,improved_dataset_1000_20260807_001,S000616,test,TOPO-0090,19,B1,0.05253139849042182,0.11069555404946232,0.058164155559040503
improved_dataset_1000_20260807_001:S000625,improved_dataset_1000_20260807_001,S000625,test,TOPO-0202,19,B1,0.04439241141098227,0.05492926747182242,0.01053685606084015
improved_dataset_1000_20260807_001:S000642,improved_dataset_1000_20260807_001,S000642,test,TOPO-0090,20,B1,0.053121506037826394,0.061768485774086446,0.008646979736260052
improved_dataset_1000_20260807_001:S000643,improved_dataset_1000_20260807_001,S000643,test,TOPO-0090,20,B1,0.0490928305413853,0.11732093110717318,0.06822810056578787
improved_dataset_1000_20260807_001:S000650,improved_dataset_1000_20260807_001,S000650,test,TOPO-0129,20,B1,0.1600391081659349,0.09952794734556406,-0.060511160820370835
improved_dataset_1000_20260807_001:S000651,improved_dataset_1000_20260807_001,S000651,test,TOPO-0129,20,B1,0.15895036305577057,0.14422980948706587,-0.014720553568704692
improved_dataset_1000_20260807_001:S000667,improved_dataset_1000_20260807_001,S000667,test,TOPO-0235,21,B6,0.8615920311462927,0.885263954903481,0.023671923757188296
improved_dataset_1000_20260807_001:S000669,improved_dataset_1000_20260807_001,S000669,test,TOPO-0235,21,B6,0.8670017063645981,0.8717891205035498,0.004787414138951784
improved_dataset_1000_20260807_001:S000671,improved_dataset_1000_20260807_001,S000671,test,TOPO-0235,21,B6,0.8665003985486123,0.8255037981990353,-0.04099660034957697
improved_dataset_1000_20260807_001:S000678,improved_dataset_1000_20260807_001,S000678,test,TOPO-0140,21,B1,0.2809178346375064,0.2223388045970746,-0.0585790300404318
improved_dataset_1000_20260807_001:S000680,improved_dataset_1000_20260807_001,S000680,test,TOPO-0140,21,B1,0.28130101597543616,0.19332474461265917,-0.087976271362777
improved_dataset_1000_20260807_001:S000684,improved_dataset_1000_20260807_001,S000684,test,TOPO-0167,21,B1,0.07569249359770824,0.0764851536639588,0.0007926600662505612
improved_dataset_1000_20260807_001:S000698,improved_dataset_1000_20260807_001,S000698,test,TOPO-0235,22,B6,0.8669042881606981,0.8636814950878611,-0.0032227930728370158
improved_dataset_1000_20260807_001:S000729,improved_dataset_1000_20260807_001,S000729,test,TOPO-0235,23,B5,0.7088387773569266,0.7547080926243712,0.045869315267444644
improved_dataset_1000_20260807_001:S000732,improved_dataset_1000_20260807_001,S000732,test,TOPO-0090,23,B1,0.05523934832574823,0.12354788796802665,0.06830853964227843
improved_dataset_1000_20260807_001:S000737,improved_dataset_1000_20260807_001,S000737,test,TOPO-0307,23,B1,0.0768621565883898,0.014665384607457421,-0.062196771980932375
improved_dataset_1000_20260807_001:S000739,improved_dataset_1000_20260807_001,S000739,test,TOPO-0031,23,B1,0.05385133228333849,0.09274406773946628,0.038892735456127786
improved_dataset_1000_20260807_001:S000769,improved_dataset_1000_20260807_001,S000769,test,TOPO-0129,24,B1,0.15980112414911085,0.14930078610307854,-0.010500338046032315
improved_dataset_1000_20260807_001:S000784,improved_dataset_1000_20260807_001,S000784,test,TOPO-0327,25,B1,0.09708225320810898,0.1270059211423037,0.02992366793419471
improved_dataset_1000_20260807_001:S000787,improved_dataset_1000_20260807_001,S000787,test,TOPO-0147,25,B1,0.03578800840202212,0.04756080498016696,0.01177279657814484
improved_dataset_1000_20260807_001:S000788,improved_dataset_1000_20260807_001,S000788,test,TOPO-0235,25,B6,0.8659795334296886,0.879328000397642,0.013348466967953443
improved_dataset_1000_20260807_001:S000789,improved_dataset_1000_20260807_001,S000789,test,TOPO-0235,25,B6,0.85186851580255,0.8580651975164826,0.006196681713932617
improved_dataset_1000_20260807_001:S000790,improved_dataset_1000_20260807_001,S000790,test,TOPO-0235,25,B6,0.8451571934220412,0.8479039447990722,0.0027467513770309537
improved_dataset_1000_20260807_001:S000800,improved_dataset_1000_20260807_001,S000800,test,TOPO-0140,25,B1,0.28135471108470295,0.20224549896674127,-0.07910921211796168
improved_dataset_1000_20260807_001:S000814,improved_dataset_1000_20260807_001,S000814,test,TOPO-0245,26,B1,0.0978784490579416,0.09206919346379111,-0.005809255594150492
improved_dataset_1000_20260807_001:S000846,improved_dataset_1000_20260807_001,S000846,test,TOPO-0354,27,B1,0.11626783848146072,0.06737769336276145,-0.04889014511869927
improved_dataset_1000_20260807_001:S000847,improved_dataset_1000_20260807_001,S000847,test,TOPO-0235,27,B6,0.8667041112464462,0.8533653676833431,-0.01333874356310305
improved_dataset_1000_20260807_001:S000850,improved_dataset_1000_20260807_001,S000850,test,TOPO-0235,27,B6,0.866764514215972,0.8639801951383823,-0.002784319077589692
improved_dataset_1000_20260807_001:S000856,improved_dataset_1000_20260807_001,S000856,test,TOPO-0090,27,B1,0.05259005198369621,0.10179664973298463,0.04920659774928843
improved_dataset_1000_20260807_001:S000857,improved_dataset_1000_20260807_001,S000857,test,TOPO-0256,27,B1,0.06501026526813719,0.06151252819072056,-0.0034977370774166294
improved_dataset_1000_20260807_001:S000858,improved_dataset_1000_20260807_001,S000858,test,TOPO-0140,27,B1,0.30422735438919407,0.20084012627836262,-0.10338722811083145
improved_dataset_1000_20260807_001:S000860,improved_dataset_1000_20260807_001,S000860,test,TOPO-0256,27,B1,0.060424795935228204,0.041817532264007695,-0.01860726367122051
improved_dataset_1000_20260807_001:S000872,improved_dataset_1000_20260807_001,S000872,test,TOPO-0245,28,B1,0.09792645836939098,0.0840385081720898,-0.013887950197301185
improved_dataset_1000_20260807_001:S000873,improved_dataset_1000_20260807_001,S000873,test,TOPO-0245,28,B1,0.09824930119218306,0.08690076181279952,-0.011348539379383543
improved_dataset_1000_20260807_001:S000882,improved_dataset_1000_20260807_001,S000882,test,TOPO-0090,28,B1,0.054448087840498816,0.11148548861586849,0.05703740077536967
improved_dataset_1000_20260807_001:S000904,improved_dataset_1000_20260807_001,S000904,test,TOPO-0354,29,B1,0.11817281554842232,0.07025749701260475,-0.04791531853581757
improved_dataset_1000_20260807_001:S000906,improved_dataset_1000_20260807_001,S000906,test,TOPO-0245,29,B1,0.09808070692815582,0.09703634326816143,-0.001044363659994385
improved_dataset_1000_20260807_001:S000910,improved_dataset_1000_20260807_001,S000910,test,TOPO-0147,29,B1,0.0402105554570667,0.06406529027476815,0.02385473481770145
improved_dataset_1000_20260807_001:S000924,improved_dataset_1000_20260807_001,S000924,test,TOPO-0202,29,B1,0.042533933581231864,0.03403199463399187,-0.008501938947239995
improved_dataset_1000_20260807_001:S000926,improved_dataset_1000_20260807_001,S000926,test,TOPO-0202,29,B1,0.04136443633040571,0.06331073195972148,0.02194629562931577
improved_dataset_1000_20260807_001:S000933,improved_dataset_1000_20260807_001,S000933,test,TOPO-0245,30,B1,0.10222952540422703,0.08377426359595364,-0.018455261808273393
improved_dataset_1000_20260807_001:S000936,improved_dataset_1000_20260807_001,S000936,test,TOPO-0245,30,B1,0.09749919943769289,0.09964096351141169,0.0021417640737187993
improved_dataset_1000_20260807_001:S000940,improved_dataset_1000_20260807_001,S000940,test,TOPO-0235,30,B6,0.8626122888650952,0.8716707454157108,0.009058456550615546
improved_dataset_1000_20260807_001:S000980,improved_dataset_1000_20260807_001,S000980,test,TOPO-0140,31,B1,0.2730487134776322,0.20991422682977456,-0.06313448664785765
improved_dataset_1000_20260807_001:S000981,improved_dataset_1000_20260807_001,S000981,test,TOPO-0409,31,B1,0.13031983430453517,0.17770585340434283,0.047386019099807664
band_supplement_300_20260808_001:S000005,band_supplement_300_20260808_001,S000005,test,TOPO-0086,1,B5,0.713779040473642,0.5797698409828251,-0.1340091994908169
band_supplement_300_20260808_001:S000011,band_supplement_300_20260808_001,S000011,test,TOPO-0086,1,B4,0.6178787926627363,0.6874608036917991,0.0695820110290628
band_supplement_300_20260808_001:S000018,band_supplement_300_20260808_001,S000018,test,TOPO-0235,1,B5,0.7086065942350417,0.6953042397779703,-0.013302354457071397
band_supplement_300_20260808_001:S000047,band_supplement_300_20260808_001,S000047,test,TOPO-0198,2,B4,0.6856729494559913,0.7766766526409299,0.09100370318493856
band_supplement_300_20260808_001:S000048,band_supplement_300_20260808_001,S000048,test,TOPO-0198,2,B5,0.697768349454915,0.7113392393088237,0.013570889853908752
band_supplement_300_20260808_001:S000054,band_supplement_300_20260808_001,S000054,test,TOPO-0235,2,B2,0.48820455592115136,0.7440923812234366,0.2558878253022852
band_supplement_300_20260808_001:S000066,band_supplement_300_20260808_001,S000066,test,TOPO-0071,3,B3,0.5267714836526292,0.5144461103965596,-0.012325373256069527
band_supplement_300_20260808_001:S000067,band_supplement_300_20260808_001,S000067,test,TOPO-0071,3,B3,0.528074493564755,0.48192443339779145,-0.04615006016696355
band_supplement_300_20260808_001:S000068,band_supplement_300_20260808_001,S000068,test,TOPO-0086,3,B3,0.5672485079710468,0.6270799143977777,0.059831406426730904
band_supplement_300_20260808_001:S000078,band_supplement_300_20260808_001,S000078,test,TOPO-0198,3,B5,0.7122121727117094,0.7767600013726599,0.06454782866095043
band_supplement_300_20260808_001:S000080,band_supplement_300_20260808_001,S000080,test,TOPO-0198,3,B4,0.6961097723063241,0.6989574776708369,0.0028477053645128425
band_supplement_300_20260808_001:S000095,band_supplement_300_20260808_001,S000095,test,TOPO-0444,4,B2,0.49615647795045564,0.577042039195929,0.08088556124547336
band_supplement_300_20260808_001:S000104,band_supplement_300_20260808_001,S000104,test,TOPO-0086,4,B2,0.4487758822270277,0.6197882999524122,0.17101241772538456
band_supplement_300_20260808_001:S000106,band_supplement_300_20260808_001,S000106,test,TOPO-0198,4,B4,0.6921310949995971,0.7089999133274605,0.016868818327863355
band_supplement_300_20260808_001:S000112,band_supplement_300_20260808_001,S000112,test,TOPO-0198,4,B4,0.6662051460399616,0.6594730509309086,-0.006732095109053038
band_supplement_300_20260808_001:S000135,band_supplement_300_20260808_001,S000135,test,TOPO-0198,5,B5,0.6970306229429617,0.726724980579432,0.029694357636470325
band_supplement_300_20260808_001:S000157,band_supplement_300_20260808_001,S000157,test,TOPO-0071,6,B3,0.5274347929695049,0.5424443231838803,0.015009530214375344
band_supplement_300_20260808_001:S000165,band_supplement_300_20260808_001,S000165,test,TOPO-0198,6,B5,0.6968756377626173,0.7392171249611194,0.04234148719850206
band_supplement_300_20260808_001:S000166,band_supplement_300_20260808_001,S000166,test,TOPO-0198,6,B5,0.6987009123746679,0.7156202629428907,0.016919350568222802
band_supplement_300_20260808_001:S000169,band_supplement_300_20260808_001,S000169,test,TOPO-0198,6,B5,0.7012096981504143,0.8124113808921452,0.11120168274173081
band_supplement_300_20260808_001:S000170,band_supplement_300_20260808_001,S000170,test,TOPO-0474,6,B1,0.3189600691197892,0.3177493014939956,-0.001210767625793585
band_supplement_300_20260808_001:S000173,band_supplement_300_20260808_001,S000173,test,TOPO-0477,6,B1,0.4306831487291464,0.45754532530089354,0.02686217657174711
band_supplement_300_20260808_001:S000186,band_supplement_300_20260808_001,S000186,test,TOPO-0071,7,B2,0.5194923549430377,0.5587791461131639,0.039286791170126234
band_supplement_300_20260808_001:S000195,band_supplement_300_20260808_001,S000195,test,TOPO-0198,7,B4,0.6648644947651191,0.6819670431201843,0.017102548355065195
band_supplement_300_20260808_001:S000196,band_supplement_300_20260808_001,S000196,test,TOPO-0198,7,B4,0.6913092463032555,0.749516089082833,0.05820684277957744
band_supplement_300_20260808_001:S000199,band_supplement_300_20260808_001,S000199,test,TOPO-0198,7,B5,0.6966047820078043,0.7310087297133434,0.03440394770553912
band_supplement_300_20260808_001:S000218,band_supplement_300_20260808_001,S000218,test,TOPO-0488,8,B1,0.3516803726745785,0.4924150664545127,0.1407346937799342
band_supplement_300_20260808_001:S000226,band_supplement_300_20260808_001,S000226,test,TOPO-0198,8,B4,0.6753850346579715,0.6937382559619331,0.018353221303961553
band_supplement_300_20260808_001:S000229,band_supplement_300_20260808_001,S000229,test,TOPO-0198,8,B5,0.6969089330580145,0.6894988514471125,-0.007410081610901953
band_supplement_300_20260808_001:S000230,band_supplement_300_20260808_001,S000230,test,TOPO-0198,8,B5,0.698453002382059,0.7775694011643065,0.07911639878224752
band_supplement_300_20260808_001:S000255,band_supplement_300_20260808_001,S000255,test,TOPO-0198,9,B4,0.65677491657813,0.5864147200968555,-0.07036019648127456
band_supplement_300_20260808_001:S000258,band_supplement_300_20260808_001,S000258,test,TOPO-0198,9,B4,0.6550945722618626,0.6855658078472409,0.03047123558537823
band_supplement_300_20260808_001:S000261,band_supplement_300_20260808_001,S000261,test,TOPO-0198,9,B5,0.6965990363594836,0.7513977520768007,0.05479871571731709
band_supplement_300_20260808_001:S000266,band_supplement_300_20260808_001,S000266,test,TOPO-0509,9,B7,0.886322185464711,0.7979185723003083,-0.0884036131644027
band_supplement_300_20260808_001:S000267,band_supplement_300_20260808_001,S000267,test,TOPO-0509,9,B7,0.8867107165168625,0.8998684721578617,0.013157755640999191
band_supplement_300_20260808_001:S000271,band_supplement_300_20260808_001,S000271,test,TOPO-0509,9,B7,0.8866128563400147,0.8752537464409642,-0.011359109899050535
band_supplement_300_20260808_001:S000276,band_supplement_300_20260808_001,S000276,test,TOPO-0513,10,B1,0.3725820019384696,0.3790937827408389,0.006511780802369305
band_supplement_300_20260808_001:S000287,band_supplement_300_20260808_001,S000287,test,TOPO-0198,10,B5,0.6979368516412446,0.7003434680039028,0.002406616362658154
band_supplement_300_20260808_001:S000288,band_supplement_300_20260808_001,S000288,test,TOPO-0198,10,B6,0.8411328824084591,0.8212123882006961,-0.019920494207762984
band_supplement_300_20260808_001:S000289,band_supplement_300_20260808_001,S000289,test,TOPO-0521,10,B1,0.23055051464195858,0.5169625386211942,0.28641202397923565
band_supplement_300_20260808_001:S000290,band_supplement_300_20260808_001,S000290,test,TOPO-0198,10,B4,0.6653890798230198,0.7163986509660369,0.051009571143017185
band_supplement_300_20260808_001:S000292,band_supplement_300_20260808_001,S000292,test,TOPO-0198,10,B4,0.696244316237835,0.6953309791413091,-0.0009133370965258569
band_supplement_300_20260808_001:S000296,band_supplement_300_20260808_001,S000296,test,TOPO-0509,10,B7,0.8871266867228534,0.8692292868523384,-0.017897399870515085
band_supplement_300_20260808_001:S000297,band_supplement_300_20260808_001,S000297,test,TOPO-0509,10,B7,0.8863533077264484,0.9191465955171486,0.03279328779070023
band_supplement_300_20260808_001:S000298,band_supplement_300_20260808_001,S000298,test,TOPO-0509,10,B7,0.8832289272966438,0.882968457906103,-0.0002604693905408073
band_supplement_300_20260808_001:S000299,band_supplement_300_20260808_001,S000299,test,TOPO-0509,10,B7,0.8865590829647052,0.8357376449731136,-0.050821437991591556
