sample_key,run_id,sample_id,split,group,generation,actual_torque_ripple,predicted_torque_ripple,residual_torque_ripple
improved_dataset_1000_20260807_001:S000003,improved_dataset_1000_20260807_001,S000003,train,TOPO-0001,0,0.18901223299030306,0.22376134381504958,0.03474911082474652
improved_dataset_1000_20260807_001:S000004,improved_dataset_1000_20260807_001,S000004,train,TOPO-0002,0,0.01744450552789467,0.34448129213381373,0.32703678660591906
improved_dataset_1000_20260807_001:S000005,improved_dataset_1000_20260807_001,S000005,train,TOPO-0003,0,0.2241354471897262,0.2652299255427881,0.04109447835306193
improved_dataset_1000_20260807_001:S000006,improved_dataset_1000_20260807_001,S000006,train,TOPO-0004,0,0.2907077143478478,0.3108470139946519,0.02013929964680411
improved_dataset_1000_20260807_001:S000007,improved_dataset_1000_20260807_001,S000007,train,TOPO-0005,0,0.2918828506678288,0.3326224819568744,0.040739631289045564
improved_dataset_1000_20260807_001:S000008,improved_dataset_1000_20260807_001,S000008,train,TOPO-0006,0,0.09220037378606762,0.18611314355915123,0.09391276977308362
improved_dataset_1000_20260807_001:S000009,improved_dataset_1000_20260807_001,S000009,train,TOPO-0007,0,0.20787543597639893,0.25013404704335035,0.04225861106695142
improved_dataset_1000_20260807_001:S000010,improved_dataset_1000_20260807_001,S000010,train,TOPO-0008,0,0.4064990167176449,0.41196476358839407,0.0054657468707491885
improved_dataset_1000_20260807_001:S000011,improved_dataset_1000_20260807_001,S000011,train,TOPO-0009,0,0.07114894734906849,0.13390083635128713,0.06275188900221865
improved_dataset_1000_20260807_001:S000012,improved_dataset_1000_20260807_001,S000012,train,TOPO-0010,0,0.1005054011914065,0.22172487821042972,0.12121947701902322
improved_dataset_1000_20260807_001:S000013,improved_dataset_1000_20260807_001,S000013,train,TOPO-0011,0,0.16460210700059738,0.24219614694395153,0.07759403994335415
improved_dataset_1000_20260807_001:S000014,improved_dataset_1000_20260807_001,S000014,train,TOPO-0012,0,0.04542121115414438,0.05206329338777563,0.006642082233631247
improved_dataset_1000_20260807_001:S000015,improved_dataset_1000_20260807_001,S000015,train,TOPO-0013,0,0.05782490674709817,0.12817756583729903,0.07035265909020086
improved_dataset_1000_20260807_001:S000016,improved_dataset_1000_20260807_001,S000016,train,TOPO-0014,0,0.027330730967690203,0.21174644849374655,0.18441571752605634
improved_dataset_1000_20260807_001:S000017,improved_dataset_1000_20260807_001,S000017,train,TOPO-0015,0,0.12512699378265354,0.24751619153297988,0.12238919775032633
improved_dataset_1000_20260807_001:S000018,improved_dataset_1000_20260807_001,S000018,train,TOPO-0016,0,0.5965525583608687,0.3148124716992647,-0.28174008666160405
improved_dataset_1000_20260807_001:S000019,improved_dataset_1000_20260807_001,S000019,train,TOPO-0017,0,0.045328449799802745,0.12013916631244742,0.07481071651264468
improved_dataset_1000_20260807_001:S000020,improved_dataset_1000_20260807_001,S000020,train,TOPO-0018,0,2.8876792345419844,1.914246378252374,-0.9734328562896104
improved_dataset_1000_20260807_001:S000021,improved_dataset_1000_20260807_001,S000021,train,TOPO-0019,0,0.4389439504089987,0.41424179911240255,-0.024702151296596142
improved_dataset_1000_20260807_001:S000022,improved_dataset_1000_20260807_001,S000022,train,TOPO-0020,0,1.7234604442276162,0.7606135875480284,-0.9628468566795878
improved_dataset_1000_20260807_001:S000023,improved_dataset_1000_20260807_001,S000023,train,TOPO-0021,0,0.2887780139636634,0.2691037307424677,-0.019674283221195743
improved_dataset_1000_20260807_001:S000024,improved_dataset_1000_20260807_001,S000024,train,TOPO-0022,0,0.270117489682272,0.2558148868245915,-0.01430260285768048
improved_dataset_1000_20260807_001:S000025,improved_dataset_1000_20260807_001,S000025,train,TOPO-0023,0,0.0513805604821419,0.09098670892826752,0.039606148446125616
improved_dataset_1000_20260807_001:S000027,improved_dataset_1000_20260807_001,S000027,train,TOPO-0025,0,0.2600918728524846,0.3295360181976921,0.06944414534520754
improved_dataset_1000_20260807_001:S000028,improved_dataset_1000_20260807_001,S000028,train,TOPO-0026,0,0.06898308326288172,0.17309532047539966,0.10411223721251794
improved_dataset_1000_20260807_001:S000029,improved_dataset_1000_20260807_001,S000029,train,TOPO-0027,0,0.04904391236505501,0.12912929818172422,0.08008538581666921
improved_dataset_1000_20260807_001:S000032,improved_dataset_1000_20260807_001,S000032,train,TOPO-0030,0,0.32657242980836526,0.3466551038583444,0.020082674049979155
improved_dataset_1000_20260807_001:S000034,improved_dataset_1000_20260807_001,S000034,train,TOPO-0032,0,0.16467190084733524,0.2512345694702415,0.08656266862290624
improved_dataset_1000_20260807_001:S000035,improved_dataset_1000_20260807_001,S000035,train,TOPO-0033,0,0.37775406414382146,0.21809645228259328,-0.15965761186122818
improved_dataset_1000_20260807_001:S000036,improved_dataset_1000_20260807_001,S000036,train,TOPO-0034,0,0.0363704321193746,0.22261830842016833,0.18624787630079373
improved_dataset_1000_20260807_001:S000037,improved_dataset_1000_20260807_001,S000037,train,TOPO-0035,0,0.13349860520749524,0.21333286713977218,0.07983426193227694
improved_dataset_1000_20260807_001:S000038,improved_dataset_1000_20260807_001,S000038,train,TOPO-0036,0,0.880268858721317,0.49237230464396625,-0.38789655407735074
improved_dataset_1000_20260807_001:S000039,improved_dataset_1000_20260807_001,S000039,train,TOPO-0037,0,0.1193137366905947,0.2689052254763562,0.1495914887857615
improved_dataset_1000_20260807_001:S000040,improved_dataset_1000_20260807_001,S000040,train,TOPO-0038,0,0.24901516758797476,0.3233678868509316,0.07435271926295683
improved_dataset_1000_20260807_001:S000041,improved_dataset_1000_20260807_001,S000041,train,TOPO-0039,0,0.02698827158196357,0.12767676381714513,0.10068849223518156
improved_dataset_1000_20260807_001:S000042,improved_dataset_1000_20260807_001,S000042,train,TOPO-0040,0,0.025821719560273848,0.10066427968128952,0.07484256012101567
improved_dataset_1000_20260807_001:S000043,improved_dataset_1000_20260807_001,S000043,train,TOPO-0041,0,0.03194999599432477,0.283535151129513,0.2515851551351882
improved_dataset_1000_20260807_001:S000044,improved_dataset_1000_20260807_001,S000044,train,TOPO-0042,0,0.4997042503746425,0.3302538098444314,-0.16945044053021108
improved_dataset_1000_20260807_001:S000045,improved_dataset_1000_20260807_001,S000045,train,TOPO-0043,0,0.873389068885311,0.29578740123747005,-0.5776016676478409
improved_dataset_1000_20260807_001:S000046,improved_dataset_1000_20260807_001,S000046,train,TOPO-0044,0,0.1163639850441255,0.3246416205747724,0.20827763553064693
improved_dataset_1000_20260807_001:S000047,improved_dataset_1000_20260807_001,S000047,train,TOPO-0045,0,0.04830425144912126,0.13845171879406737,0.09014746734494611
improved_dataset_1000_20260807_001:S000050,improved_dataset_1000_20260807_001,S000050,train,TOPO-0048,0,1.3684496047452284,0.6778645173157724,-0.690585087429456
improved_dataset_1000_20260807_001:S000052,improved_dataset_1000_20260807_001,S000052,train,TOPO-0050,0,0.13948725680957358,0.23337065666345697,0.09388339985388339
improved_dataset_1000_20260807_001:S000053,improved_dataset_1000_20260807_001,S000053,train,TOPO-0051,0,0.029055294211310673,0.20104029523514405,0.17198500102383338
improved_dataset_1000_20260807_001:S000054,improved_dataset_1000_20260807_001,S000054,train,TOPO-0052,0,0.05803192734000659,0.18371012894804356,0.12567820160803697
improved_dataset_1000_20260807_001:S000055,improved_dataset_1000_20260807_001,S000055,train,TOPO-0053,0,0.06602312383525527,0.14744926775173178,0.08142614391647651
improved_dataset_1000_20260807_001:S000056,improved_dataset_1000_20260807_001,S000056,train,TOPO-0054,0,0.2363412469858307,0.1722505735296418,-0.0640906734561889
improved_dataset_1000_20260807_001:S000057,improved_dataset_1000_20260807_001,S000057,train,TOPO-0055,0,0.1462719933154273,0.16659737805386826,0.02032538473844095
improved_dataset_1000_20260807_001:S000059,improved_dataset_1000_20260807_001,S000059,train,TOPO-0057,0,0.09163388437583686,0.12653388493450093,0.034900000558664074
improved_dataset_1000_20260807_001:S000060,improved_dataset_1000_20260807_001,S000060,train,TOPO-0058,0,0.06547333613764561,0.07200481992740784,0.006531483789762232
improved_dataset_1000_20260807_001:S000061,improved_dataset_1000_20260807_001,S000061,train,TOPO-0059,0,0.05249031182552108,0.2506585619937965,0.1981682501682754
improved_dataset_1000_20260807_001:S000062,improved_dataset_1000_20260807_001,S000062,train,TOPO-0060,1,0.0237913048779044,0.17162560159773932,0.14783429671983492
improved_dataset_1000_20260807_001:S000064,improved_dataset_1000_20260807_001,S000064,train,TOPO-0004,1,0.08984615385443145,0.13729536924803531,0.04744921539360386
improved_dataset_1000_20260807_001:S000066,improved_dataset_1000_20260807_001,S000066,train,TOPO-0061,1,0.12164923881977618,0.2644744224051623,0.1428251835853861
improved_dataset_1000_20260807_001:S000067,improved_dataset_1000_20260807_001,S000067,train,TOPO-0062,1,0.0972694496765659,0.20050668267932398,0.10323723300275808
improved_dataset_1000_20260807_001:S000068,improved_dataset_1000_20260807_001,S000068,train,TOPO-0011,1,0.33887151156095596,0.5964020943932911,0.2575305828323351
improved_dataset_1000_20260807_001:S000069,improved_dataset_1000_20260807_001,S000069,train,TOPO-0018,1,0.19902622149142551,0.30044952408956627,0.10142330259814075
improved_dataset_1000_20260807_001:S000070,improved_dataset_1000_20260807_001,S000070,train,TOPO-0063,1,0.08939732981348628,0.3415676391063643,0.252170309292878
improved_dataset_1000_20260807_001:S000071,improved_dataset_1000_20260807_001,S000071,train,TOPO-0064,1,0.11775603140819847,0.23550859525269924,0.11775256384450077
improved_dataset_1000_20260807_001:S000072,improved_dataset_1000_20260807_001,S000072,train,TOPO-0065,1,0.2638893637464646,0.38996545659965176,0.12607609285318716
improved_dataset_1000_20260807_001:S000074,improved_dataset_1000_20260807_001,S000074,train,TOPO-0027,1,0.10564532672305543,0.1900078205941076,0.08436249387105216
improved_dataset_1000_20260807_001:S000077,improved_dataset_1000_20260807_001,S000077,train,TOPO-0036,1,0.13393514701695447,0.186064030549706,0.052128883532751524
improved_dataset_1000_20260807_001:S000078,improved_dataset_1000_20260807_001,S000078,train,TOPO-0036,1,0.1163954784895254,0.19650352542119873,0.08010804693167332
improved_dataset_1000_20260807_001:S000079,improved_dataset_1000_20260807_001,S000079,train,TOPO-0032,1,0.1304576414125565,0.2590457185323548,0.1285880771197983
improved_dataset_1000_20260807_001:S000080,improved_dataset_1000_20260807_001,S000080,train,TOPO-0034,1,0.16610785552578314,0.1874854720341021,0.02137761650831896
improved_dataset_1000_20260807_001:S000081,improved_dataset_1000_20260807_001,S000081,train,TOPO-0066,1,0.02801053523756572,0.16749724383457557,0.13948670859700985
improved_dataset_1000_20260807_001:S000082,improved_dataset_1000_20260807_001,S000082,train,TOPO-0044,1,0.23400133068101364,0.17628025695920205,-0.057721073721811594
improved_dataset_1000_20260807_001:S000083,improved_dataset_1000_20260807_001,S000083,train,TOPO-0067,1,0.061483940019009226,0.1559074384019272,0.09442349838291797
improved_dataset_1000_20260807_001:S000084,improved_dataset_1000_20260807_001,S000084,train,TOPO-0040,1,0.040479647640118716,0.205646195708382,0.16516654806826328
improved_dataset_1000_20260807_001:S000085,improved_dataset_1000_20260807_001,S000085,train,TOPO-0048,1,0.2654785147247647,0.33598555324122,0.07050703851645529
improved_dataset_1000_20260807_001:S000086,improved_dataset_1000_20260807_001,S000086,train,TOPO-0045,1,0.23051159192100068,0.5499695718807494,0.3194579799597487
improved_dataset_1000_20260807_001:S000087,improved_dataset_1000_20260807_001,S000087,train,TOPO-0053,1,0.03564610409717495,0.1735097569209339,0.13786365282375895
improved_dataset_1000_20260807_001:S000089,improved_dataset_1000_20260807_001,S000089,train,TOPO-0057,1,0.12105355855095541,0.26010446810844473,0.13905090955748933
improved_dataset_1000_20260807_001:S000091,improved_dataset_1000_20260807_001,S000091,train,TOPO-0068,1,0.1729563031231269,0.24623131891280867,0.07327501578968176
improved_dataset_1000_20260807_001:S000092,improved_dataset_1000_20260807_001,S000092,train,TOPO-0002,2,0.10189015779908131,0.1583564569997368,0.05646629920065549
improved_dataset_1000_20260807_001:S000095,improved_dataset_1000_20260807_001,S000095,train,TOPO-0001,2,0.040476719004360506,0.19338838411050907,0.15291166510614856
improved_dataset_1000_20260807_001:S000097,improved_dataset_1000_20260807_001,S000097,train,TOPO-0015,2,0.14564812492743373,0.29901807908574607,0.15336995415831234
improved_dataset_1000_20260807_001:S000098,improved_dataset_1000_20260807_001,S000098,train,TOPO-0069,2,0.08349471749780457,0.3475064773730552,0.2640117598752506
improved_dataset_1000_20260807_001:S000099,improved_dataset_1000_20260807_001,S000099,train,TOPO-0016,2,0.024884789559626558,0.20158940648155957,0.176704616921933
improved_dataset_1000_20260807_001:S000100,improved_dataset_1000_20260807_001,S000100,train,TOPO-0070,2,0.12198189364231228,0.2851669371022931,0.16318504345998086
improved_dataset_1000_20260807_001:S000101,improved_dataset_1000_20260807_001,S000101,train,TOPO-0015,2,0.2820986022351141,0.3701439298491124,0.08804532761399825
improved_dataset_1000_20260807_001:S000102,improved_dataset_1000_20260807_001,S000102,train,TOPO-0025,2,0.14393951532099614,0.1336619615390086,-0.010277553781987525
improved_dataset_1000_20260807_001:S000104,improved_dataset_1000_20260807_001,S000104,train,TOPO-0071,2,0.24787518020259186,0.2772844343765707,0.029409254173978827
improved_dataset_1000_20260807_001:S000105,improved_dataset_1000_20260807_001,S000105,train,TOPO-0071,2,0.0384454766640594,0.0559540921025522,0.017508615438492803
improved_dataset_1000_20260807_001:S000106,improved_dataset_1000_20260807_001,S000106,train,TOPO-0065,2,0.12113060501559447,0.2742005278681773,0.1530699228525828
improved_dataset_1000_20260807_001:S000108,improved_dataset_1000_20260807_001,S000108,train,TOPO-0039,2,0.024579744556811,0.16045032015136795,0.13587057559455695
improved_dataset_1000_20260807_001:S000109,improved_dataset_1000_20260807_001,S000109,train,TOPO-0030,2,0.07687342221145718,0.4368883876587055,0.3600149654472483
improved_dataset_1000_20260807_001:S000110,improved_dataset_1000_20260807_001,S000110,train,TOPO-0072,2,0.3314378487926774,0.27218048013195195,-0.05925736866072545
improved_dataset_1000_20260807_001:S000111,improved_dataset_1000_20260807_001,S000111,train,TOPO-0066,2,0.22275890349537333,0.2142101578540464,-0.008548745641326932
improved_dataset_1000_20260807_001:S000112,improved_dataset_1000_20260807_001,S000112,train,TOPO-0073,2,0.07856693767164091,0.1581619467747955,0.07959500910315459
improved_dataset_1000_20260807_001:S000116,improved_dataset_1000_20260807_001,S000116,train,TOPO-0040,2,0.3201870382545417,0.3480430862097529,0.027856047955211183
improved_dataset_1000_20260807_001:S000117,improved_dataset_1000_20260807_001,S000117,train,TOPO-0074,2,0.33674323163366626,0.2823815126937571,-0.054361718939909154
improved_dataset_1000_20260807_001:S000118,improved_dataset_1000_20260807_001,S000118,train,TOPO-0052,2,0.1300494840257539,0.2239389639821353,0.09388947995638142
improved_dataset_1000_20260807_001:S000120,improved_dataset_1000_20260807_001,S000120,train,TOPO-0053,2,0.05683953753545001,0.06821310672245079,0.011373569187000776
improved_dataset_1000_20260807_001:S000121,improved_dataset_1000_20260807_001,S000121,train,TOPO-0075,2,0.10077457040618394,0.13526012656106445,0.03448555615488051
improved_dataset_1000_20260807_001:S000122,improved_dataset_1000_20260807_001,S000122,train,TOPO-0076,3,0.0314068401711676,0.09955971711648194,0.06815287694531434
improved_dataset_1000_20260807_001:S000123,improved_dataset_1000_20260807_001,S000123,train,TOPO-0004,3,0.17198561688151653,0.29299768998528797,0.12101207310377143
improved_dataset_1000_20260807_001:S000124,improved_dataset_1000_20260807_001,S000124,train,TOPO-0008,3,0.04417611651693912,0.1265747478921273,0.08239863137518819
improved_dataset_1000_20260807_001:S000125,improved_dataset_1000_20260807_001,S000125,train,TOPO-0077,3,0.21999778391192445,0.39946358474648846,0.179465800834564
improved_dataset_1000_20260807_001:S000127,improved_dataset_1000_20260807_001,S000127,train,TOPO-0079,3,0.1181232886988778,0.18333916841866996,0.06521587971979216
improved_dataset_1000_20260807_001:S000128,improved_dataset_1000_20260807_001,S000128,train,TOPO-0017,3,0.0990732240286467,0.19478345726208215,0.09571023323343546
improved_dataset_1000_20260807_001:S000129,improved_dataset_1000_20260807_001,S000129,train,TOPO-0012,3,0.1738990771315417,0.24796819622091248,0.07406911908937078
improved_dataset_1000_20260807_001:S000130,improved_dataset_1000_20260807_001,S000130,train,TOPO-0070,3,0.32845569115488366,0.3611765002124613,0.03272080905757763
improved_dataset_1000_20260807_001:S000131,improved_dataset_1000_20260807_001,S000131,train,TOPO-0012,3,0.04409437999068727,0.05079245646669561,0.006698076476008341
improved_dataset_1000_20260807_001:S000132,improved_dataset_1000_20260807_001,S000132,train,TOPO-0071,3,0.06498651410883755,0.11181240758090268,0.04682589347206513
improved_dataset_1000_20260807_001:S000133,improved_dataset_1000_20260807_001,S000133,train,TOPO-0025,3,0.12735424249877242,0.31924386898640955,0.19188962648763713
improved_dataset_1000_20260807_001:S000134,improved_dataset_1000_20260807_001,S000134,train,TOPO-0080,3,0.06554837712345024,0.1752430768915814,0.10969469976813115
improved_dataset_1000_20260807_001:S000135,improved_dataset_1000_20260807_001,S000135,train,TOPO-0021,3,0.11745255683325327,0.12515068814369734,0.00769813131044407
improved_dataset_1000_20260807_001:S000136,improved_dataset_1000_20260807_001,S000136,train,TOPO-0021,3,0.08764619662805942,0.3127808155299977,0.22513461890193828
improved_dataset_1000_20260807_001:S000137,improved_dataset_1000_20260807_001,S000137,train,TOPO-0081,3,0.062104428803781836,0.1633215450988203,0.10121711629503846
improved_dataset_1000_20260807_001:S000138,improved_dataset_1000_20260807_001,S000138,train,TOPO-0036,3,0.0959724884756427,0.1610135307628694,0.0650410422872267
improved_dataset_1000_20260807_001:S000139,improved_dataset_1000_20260807_001,S000139,train,TOPO-0039,3,0.47159066285969375,0.5215846823401991,0.0499940194805053
improved_dataset_1000_20260807_001:S000140,improved_dataset_1000_20260807_001,S000140,train,TOPO-0030,3,0.014764061039191562,0.19659393246010973,0.18182987142091817
improved_dataset_1000_20260807_001:S000143,improved_dataset_1000_20260807_001,S000143,train,TOPO-0044,3,0.04322696264530104,0.17845211360714408,0.13522515096184304
improved_dataset_1000_20260807_001:S000144,improved_dataset_1000_20260807_001,S000144,train,TOPO-0083,3,0.042634539953211315,0.15928343918870536,0.11664889923549404
improved_dataset_1000_20260807_001:S000145,improved_dataset_1000_20260807_001,S000145,train,TOPO-0073,3,0.042909035889549,0.18734085737979145,0.14443182149024245
improved_dataset_1000_20260807_001:S000146,improved_dataset_1000_20260807_001,S000146,train,TOPO-0043,3,0.2615766381269027,0.29007910284324584,0.028502464716343157
improved_dataset_1000_20260807_001:S000147,improved_dataset_1000_20260807_001,S000147,train,TOPO-0084,3,0.07563701798253442,0.07837447536953057,0.002737457386996156
improved_dataset_1000_20260807_001:S000148,improved_dataset_1000_20260807_001,S000148,train,TOPO-0054,3,0.29547470039878654,0.2202628125158875,-0.07521188788289904
improved_dataset_1000_20260807_001:S000149,improved_dataset_1000_20260807_001,S000149,train,TOPO-0085,3,0.07874295292510916,0.27076797576156797,0.1920250228364588
improved_dataset_1000_20260807_001:S000150,improved_dataset_1000_20260807_001,S000150,train,TOPO-0074,3,0.3609569268075892,0.2518982556324477,-0.10905867117514145
improved_dataset_1000_20260807_001:S000151,improved_dataset_1000_20260807_001,S000151,train,TOPO-0055,3,0.3341359712059211,0.3785715673493286,0.04443559614340753
improved_dataset_1000_20260807_001:S000152,improved_dataset_1000_20260807_001,S000152,train,TOPO-0061,4,0.02558337529795149,0.09888573828512548,0.07330236298717399
improved_dataset_1000_20260807_001:S000153,improved_dataset_1000_20260807_001,S000153,train,TOPO-0009,4,0.20317463669568334,0.20647100989228553,0.003296373196602198
improved_dataset_1000_20260807_001:S000154,improved_dataset_1000_20260807_001,S000154,train,TOPO-0002,4,0.11359354867185208,0.24175168932914584,0.12815814065729375
improved_dataset_1000_20260807_001:S000155,improved_dataset_1000_20260807_001,S000155,train,TOPO-0004,4,0.11965934754306114,0.28756657741567937,0.16790722987261825
improved_dataset_1000_20260807_001:S000156,improved_dataset_1000_20260807_001,S000156,train,TOPO-0004,4,0.12431890253336937,0.2803920723845048,0.15607316985113545
improved_dataset_1000_20260807_001:S000158,improved_dataset_1000_20260807_001,S000158,train,TOPO-0087,4,0.10398338959626457,0.1640342540769792,0.060050864480714616
improved_dataset_1000_20260807_001:S000160,improved_dataset_1000_20260807_001,S000160,train,TOPO-0012,4,0.06461418476057695,0.15504154904041484,0.09042736427983789
improved_dataset_1000_20260807_001:S000161,improved_dataset_1000_20260807_001,S000161,train,TOPO-0089,4,0.09536368240090559,0.18770258103442763,0.09233889863352204
improved_dataset_1000_20260807_001:S000162,improved_dataset_1000_20260807_001,S000162,train,TOPO-0065,4,0.03748897998102754,0.050270883415756584,0.012781903434729042
improved_dataset_1000_20260807_001:S000165,improved_dataset_1000_20260807_001,S000165,train,TOPO-0022,4,0.11226547602149745,0.22070638145951657,0.10844090543801913
improved_dataset_1000_20260807_001:S000166,improved_dataset_1000_20260807_001,S000166,train,TOPO-0071,4,0.10780241551296668,0.18240668177390584,0.07460426626093916
improved_dataset_1000_20260807_001:S000167,improved_dataset_1000_20260807_001,S000167,train,TOPO-0035,4,0.10326105644190023,0.24812609849887612,0.1448650420569759
improved_dataset_1000_20260807_001:S000168,improved_dataset_1000_20260807_001,S000168,train,TOPO-0081,4,0.1671830150120182,0.17410182679730274,0.006918811785284529
improved_dataset_1000_20260807_001:S000169,improved_dataset_1000_20260807_001,S000169,train,TOPO-0038,4,0.03347261070261806,0.24260218213092935,0.2091295714283113
improved_dataset_1000_20260807_001:S000170,improved_dataset_1000_20260807_001,S000170,train,TOPO-0092,4,0.8015509495002493,0.5644928251597129,-0.2370581243405364
improved_dataset_1000_20260807_001:S000171,improved_dataset_1000_20260807_001,S000171,train,TOPO-0093,4,0.33197906280299494,0.11605553391059116,-0.2159235288924038
improved_dataset_1000_20260807_001:S000172,improved_dataset_1000_20260807_001,S000172,train,TOPO-0094,4,0.09320382414022299,0.22440474174693079,0.1312009176067078
improved_dataset_1000_20260807_001:S000174,improved_dataset_1000_20260807_001,S000174,train,TOPO-0095,4,0.3266761311028037,0.39221888265060945,0.06554275154780576
improved_dataset_1000_20260807_001:S000175,improved_dataset_1000_20260807_001,S000175,train,TOPO-0096,4,0.11675842771456041,0.26813952516857226,0.15138109745401185
improved_dataset_1000_20260807_001:S000176,improved_dataset_1000_20260807_001,S000176,train,TOPO-0042,4,0.11908509088147164,0.21017621427413472,0.09109112339266308
improved_dataset_1000_20260807_001:S000177,improved_dataset_1000_20260807_001,S000177,train,TOPO-0059,4,0.1337530251334904,0.40665688716261117,0.27290386202912076
improved_dataset_1000_20260807_001:S000178,improved_dataset_1000_20260807_001,S000178,train,TOPO-0084,4,0.05131616232845859,0.13483932616880565,0.08352316384034705
improved_dataset_1000_20260807_001:S000179,improved_dataset_1000_20260807_001,S000179,train,TOPO-0084,4,0.4687009058022714,0.33814083816128016,-0.13056006764099126
improved_dataset_1000_20260807_001:S000180,improved_dataset_1000_20260807_001,S000180,train,TOPO-0097,4,0.06326033799335024,0.19874512286088294,0.1354847848675327
improved_dataset_1000_20260807_001:S000182,improved_dataset_1000_20260807_001,S000182,train,TOPO-0098,5,0.11109276962031582,0.22019708533456392,0.1091043157142481
improved_dataset_1000_20260807_001:S000183,improved_dataset_1000_20260807_001,S000183,train,TOPO-0099,5,0.3868016386568558,0.3589192117578225,-0.027882426899033308
improved_dataset_1000_20260807_001:S000185,improved_dataset_1000_20260807_001,S000185,train,TOPO-0100,5,0.11414610584023309,0.26371655301473185,0.14957044717449874
improved_dataset_1000_20260807_001:S000187,improved_dataset_1000_20260807_001,S000187,train,TOPO-0016,5,0.048433419141457185,0.04081082753377657,-0.007622591607680612
improved_dataset_1000_20260807_001:S000188,improved_dataset_1000_20260807_001,S000188,train,TOPO-0101,5,0.35490025339562675,0.25963522319968546,-0.09526503019594129
improved_dataset_1000_20260807_001:S000189,improved_dataset_1000_20260807_001,S000189,train,TOPO-0102,5,0.3319234187235889,0.35658003822294415,0.02465661949935527
improved_dataset_1000_20260807_001:S000190,improved_dataset_1000_20260807_001,S000190,train,TOPO-0103,5,0.05579162709496527,0.09600110634028003,0.04020947924531476
improved_dataset_1000_20260807_001:S000191,improved_dataset_1000_20260807_001,S000191,train,TOPO-0010,5,1.6302332245804336,0.8395773748407964,-0.7906558497396372
improved_dataset_1000_20260807_001:S000192,improved_dataset_1000_20260807_001,S000192,train,TOPO-0065,5,0.20640800045311256,0.3485122833690161,0.14210428291590352
improved_dataset_1000_20260807_001:S000193,improved_dataset_1000_20260807_001,S000193,train,TOPO-0023,5,0.09398684159857724,0.2781209312705097,0.18413408967193245
improved_dataset_1000_20260807_001:S000195,improved_dataset_1000_20260807_001,S000195,train,TOPO-0065,5,0.2756023098239465,0.27203126826227086,-0.0035710415616756475
improved_dataset_1000_20260807_001:S000196,improved_dataset_1000_20260807_001,S000196,train,TOPO-0027,5,0.06938643917258075,0.12346477015888634,0.05407833098630559
improved_dataset_1000_20260807_001:S000197,improved_dataset_1000_20260807_001,S000197,train,TOPO-0105,5,0.22409046119575274,0.35066694224012795,0.12657648104437522
improved_dataset_1000_20260807_001:S000199,improved_dataset_1000_20260807_001,S000199,train,TOPO-0092,5,0.03584607898666506,0.1164747532639805,0.08062867427731545
improved_dataset_1000_20260807_001:S000200,improved_dataset_1000_20260807_001,S000200,train,TOPO-0081,5,0.06297497639390962,0.09785711864104808,0.03488214224713847
improved_dataset_1000_20260807_001:S000201,improved_dataset_1000_20260807_001,S000201,train,TOPO-0106,5,0.017815168949292803,0.1923826683080407,0.1745674993587479
improved_dataset_1000_20260807_001:S000202,improved_dataset_1000_20260807_001,S000202,train,TOPO-0107,5,0.1291769680952886,0.2619817872954537,0.13280481920016507
improved_dataset_1000_20260807_001:S000203,improved_dataset_1000_20260807_001,S000203,train,TOPO-0041,5,0.10044013293579503,0.17431125078151274,0.07387111784571772
improved_dataset_1000_20260807_001:S000205,improved_dataset_1000_20260807_001,S000205,train,TOPO-0045,5,0.011909999382822223,0.21628220421118965,0.20437220482836743
improved_dataset_1000_20260807_001:S000206,improved_dataset_1000_20260807_001,S000206,train,TOPO-0095,5,0.09463536464303533,0.1831904817934455,0.08855511715041016
improved_dataset_1000_20260807_001:S000207,improved_dataset_1000_20260807_001,S000207,train,TOPO-0109,5,0.37263921240310244,0.4099124053598363,0.03727319295673387
improved_dataset_1000_20260807_001:S000209,improved_dataset_1000_20260807_001,S000209,train,TOPO-0109,5,0.09260433452271671,0.17763269776904486,0.08502836324632815
improved_dataset_1000_20260807_001:S000210,improved_dataset_1000_20260807_001,S000210,train,TOPO-0085,5,0.028100389178147417,0.10807126639777043,0.07997087721962301
improved_dataset_1000_20260807_001:S000211,improved_dataset_1000_20260807_001,S000211,train,TOPO-0085,5,0.07180564086285202,0.0707617413800361,-0.0010438994828159132
improved_dataset_1000_20260807_001:S000212,improved_dataset_1000_20260807_001,S000212,train,TOPO-0111,6,0.11382021022413896,0.2923707974625441,0.1785505872384051
improved_dataset_1000_20260807_001:S000213,improved_dataset_1000_20260807_001,S000213,train,TOPO-0009,6,0.12065430909791734,0.15305376935252546,0.03239946025460812
improved_dataset_1000_20260807_001:S000214,improved_dataset_1000_20260807_001,S000214,train,TOPO-0112,6,0.0628410337519679,0.23354743060336253,0.17070639685139463
improved_dataset_1000_20260807_001:S000215,improved_dataset_1000_20260807_001,S000215,train,TOPO-0004,6,0.4744320549831091,0.4065188592860067,-0.06791319569710241
improved_dataset_1000_20260807_001:S000217,improved_dataset_1000_20260807_001,S000217,train,TOPO-0017,6,0.23082337092913527,0.39251964080977886,0.1616962698806436
improved_dataset_1000_20260807_001:S000218,improved_dataset_1000_20260807_001,S000218,train,TOPO-0016,6,0.09395261051540336,0.13269942719747518,0.03874681668207182
improved_dataset_1000_20260807_001:S000219,improved_dataset_1000_20260807_001,S000219,train,TOPO-0016,6,0.26442246034245226,0.25957854189511503,-0.004843918447337225
improved_dataset_1000_20260807_001:S000222,improved_dataset_1000_20260807_001,S000222,train,TOPO-0113,6,0.04670916361681132,0.11887833556354131,0.07216917194672999
improved_dataset_1000_20260807_001:S000223,improved_dataset_1000_20260807_001,S000223,train,TOPO-0027,6,0.04841597465889741,0.09503618452394375,0.046620209865046336
improved_dataset_1000_20260807_001:S000225,improved_dataset_1000_20260807_001,S000225,train,TOPO-0114,6,0.044882108732652554,0.1768178234385707,0.13193571470591814
improved_dataset_1000_20260807_001:S000226,improved_dataset_1000_20260807_001,S000226,train,TOPO-0115,6,0.06156890228899478,0.21434182443667604,0.15277292214768126
improved_dataset_1000_20260807_001:S000227,improved_dataset_1000_20260807_001,S000227,train,TOPO-0092,6,0.04015446296096589,0.12311252743196742,0.08295806447100153
improved_dataset_1000_20260807_001:S000228,improved_dataset_1000_20260807_001,S000228,train,TOPO-0116,6,0.05063308987085288,0.1326708942208309,0.08203780434997801
improved_dataset_1000_20260807_001:S000230,improved_dataset_1000_20260807_001,S000230,train,TOPO-0117,6,0.019618296030427057,0.16804254838505533,0.14842425235462828
improved_dataset_1000_20260807_001:S000233,improved_dataset_1000_20260807_001,S000233,train,TOPO-0040,6,0.026144654707612403,0.11677141557748813,0.09062676086987573
improved_dataset_1000_20260807_001:S000236,improved_dataset_1000_20260807_001,S000236,train,TOPO-0043,6,0.1142866803566273,0.19993922501542316,0.08565254465879586
improved_dataset_1000_20260807_001:S000237,improved_dataset_1000_20260807_001,S000237,train,TOPO-0058,6,0.6405810741338848,0.3513229672609667,-0.2892581068729181
improved_dataset_1000_20260807_001:S000238,improved_dataset_1000_20260807_001,S000238,train,TOPO-0058,6,0.057486585651029876,0.18420405769351492,0.12671747204248504
improved_dataset_1000_20260807_001:S000241,improved_dataset_1000_20260807_001,S000241,train,TOPO-0085,6,0.02790796932003356,0.15651208496500774,0.12860411564497418
improved_dataset_1000_20260807_001:S000243,improved_dataset_1000_20260807_001,S000243,train,TOPO-0119,7,0.06739672828285082,0.09511118306575188,0.027714454782901063
improved_dataset_1000_20260807_001:S000245,improved_dataset_1000_20260807_001,S000245,train,TOPO-0120,7,0.273182662471712,0.24940922826244122,-0.023773434209270805
improved_dataset_1000_20260807_001:S000246,improved_dataset_1000_20260807_001,S000246,train,TOPO-0121,7,0.8127131263627025,0.22846679402931871,-0.5842463323333839
improved_dataset_1000_20260807_001:S000247,improved_dataset_1000_20260807_001,S000247,train,TOPO-0122,7,0.040964230748111646,0.1146161943234227,0.07365196357531105
improved_dataset_1000_20260807_001:S000249,improved_dataset_1000_20260807_001,S000249,train,TOPO-0123,7,0.09905348757027614,0.193282340438014,0.09422885286773787
improved_dataset_1000_20260807_001:S000252,improved_dataset_1000_20260807_001,S000252,train,TOPO-0124,7,0.05833585818791415,0.137137923243034,0.07880206505511986
improved_dataset_1000_20260807_001:S000253,improved_dataset_1000_20260807_001,S000253,train,TOPO-0125,7,0.23996640199028876,0.2049077789320955,-0.03505862305819327
improved_dataset_1000_20260807_001:S000254,improved_dataset_1000_20260807_001,S000254,train,TOPO-0126,7,0.07525923458072412,0.1523557884411506,0.07709655386042649
improved_dataset_1000_20260807_001:S000255,improved_dataset_1000_20260807_001,S000255,train,TOPO-0113,7,0.2582839124612494,0.18894057691321897,-0.0693433355480304
improved_dataset_1000_20260807_001:S000259,improved_dataset_1000_20260807_001,S000259,train,TOPO-0129,7,0.10020115201352522,0.23484891872178698,0.13464776670826176
improved_dataset_1000_20260807_001:S000260,improved_dataset_1000_20260807_001,S000260,train,TOPO-0130,7,0.02675410805329606,0.1975084825372297,0.17075437448393363
improved_dataset_1000_20260807_001:S000261,improved_dataset_1000_20260807_001,S000261,train,TOPO-0131,7,0.11853791348964647,0.17625904822470304,0.057721134735056565
improved_dataset_1000_20260807_001:S000262,improved_dataset_1000_20260807_001,S000262,train,TOPO-0132,7,0.041975554463617004,0.05573673639649704,0.013761181932880034
improved_dataset_1000_20260807_001:S000266,improved_dataset_1000_20260807_001,S000266,train,TOPO-0042,7,0.06303327322309665,0.1504585471032864,0.08742527388018975
improved_dataset_1000_20260807_001:S000269,improved_dataset_1000_20260807_001,S000269,train,TOPO-0051,7,0.09860572462924334,0.15020888090489878,0.05160315627565544
improved_dataset_1000_20260807_001:S000270,improved_dataset_1000_20260807_001,S000270,train,TOPO-0074,7,0.026841266800100266,0.09052552307334291,0.06368425627324265
improved_dataset_1000_20260807_001:S000271,improved_dataset_1000_20260807_001,S000271,train,TOPO-0097,7,0.07687093923766217,0.18050910884231902,0.10363816960465685
improved_dataset_1000_20260807_001:S000272,improved_dataset_1000_20260807_001,S000272,train,TOPO-0119,8,0.17785578076187716,0.3188598463171144,0.14100406555523723
improved_dataset_1000_20260807_001:S000273,improved_dataset_1000_20260807_001,S000273,train,TOPO-0133,8,0.22965486383085695,0.7429071406418686,0.5132522768110116
improved_dataset_1000_20260807_001:S000274,improved_dataset_1000_20260807_001,S000274,train,TOPO-0134,8,0.08699671859368019,0.13807942127880413,0.05108270268512394
improved_dataset_1000_20260807_001:S000277,improved_dataset_1000_20260807_001,S000277,train,TOPO-0135,8,0.05500331474804815,0.1547922170884996,0.09978890234045146
improved_dataset_1000_20260807_001:S000279,improved_dataset_1000_20260807_001,S000279,train,TOPO-0136,8,0.033434411105771805,0.12128348829097246,0.08784907718520066
improved_dataset_1000_20260807_001:S000281,improved_dataset_1000_20260807_001,S000281,train,TOPO-0069,8,0.048543900864335854,0.21153593157662676,0.1629920307122909
improved_dataset_1000_20260807_001:S000282,improved_dataset_1000_20260807_001,S000282,train,TOPO-0124,8,0.11624845248566384,0.2606071005259475,0.14435864804028364
improved_dataset_1000_20260807_001:S000286,improved_dataset_1000_20260807_001,S000286,train,TOPO-0137,8,0.09579053106266507,0.18753283688144168,0.09174230581877661
improved_dataset_1000_20260807_001:S000287,improved_dataset_1000_20260807_001,S000287,train,TOPO-0138,8,0.02961351765322387,0.147491658693232,0.11787814104000813
improved_dataset_1000_20260807_001:S000288,improved_dataset_1000_20260807_001,S000288,train,TOPO-0105,8,0.17008638067581705,0.31121345423839875,0.1411270735625817
improved_dataset_1000_20260807_001:S000289,improved_dataset_1000_20260807_001,S000289,train,TOPO-0139,8,0.10461906272078356,0.2062873494139485,0.10166828669316494
improved_dataset_1000_20260807_001:S000292,improved_dataset_1000_20260807_001,S000292,train,TOPO-0132,8,0.09962342555522219,0.1581899969509797,0.05856657139575752
improved_dataset_1000_20260807_001:S000293,improved_dataset_1000_20260807_001,S000293,train,TOPO-0141,8,0.03225463777917362,0.106954904401937,0.07470026662276338
improved_dataset_1000_20260807_001:S000295,improved_dataset_1000_20260807_001,S000295,train,TOPO-0095,8,0.051075642811315825,0.13134779812906539,0.08027215531774956
improved_dataset_1000_20260807_001:S000297,improved_dataset_1000_20260807_001,S000297,train,TOPO-0142,8,0.029108964644879665,0.10905738899035637,0.0799484243454767
improved_dataset_1000_20260807_001:S000298,improved_dataset_1000_20260807_001,S000298,train,TOPO-0109,8,0.11353587789161337,0.20935754651147373,0.09582166861986036
improved_dataset_1000_20260807_001:S000299,improved_dataset_1000_20260807_001,S000299,train,TOPO-0143,8,0.03741710107296184,0.18641929741137522,0.14900219633841338
improved_dataset_1000_20260807_001:S000301,improved_dataset_1000_20260807_001,S000301,train,TOPO-0144,8,0.09663997337553532,0.2316883305018494,0.13504835712631408
improved_dataset_1000_20260807_001:S000302,improved_dataset_1000_20260807_001,S000302,train,TOPO-0145,9,0.1393499027314135,0.2569240704795176,0.11757416774810409
improved_dataset_1000_20260807_001:S000303,improved_dataset_1000_20260807_001,S000303,train,TOPO-0005,9,0.08588141769775917,0.17482777564961857,0.0889463579518594
improved_dataset_1000_20260807_001:S000304,improved_dataset_1000_20260807_001,S000304,train,TOPO-0121,9,0.4491909073750123,0.2957261227175292,-0.15346478465748314
improved_dataset_1000_20260807_001:S000305,improved_dataset_1000_20260807_001,S000305,train,TOPO-0146,9,0.09816618521253162,0.20027878892476383,0.10211260371223221
improved_dataset_1000_20260807_001:S000306,improved_dataset_1000_20260807_001,S000306,train,TOPO-0001,9,0.05756080958990198,0.12798179820896155,0.07042098861905957
improved_dataset_1000_20260807_001:S000307,improved_dataset_1000_20260807_001,S000307,train,TOPO-0069,9,0.07680898161377736,0.2478438353111797,0.17103485369740234
improved_dataset_1000_20260807_001:S000308,improved_dataset_1000_20260807_001,S000308,train,TOPO-0079,9,0.7919236324390784,0.683445096419041,-0.10847853602003732
improved_dataset_1000_20260807_001:S000311,improved_dataset_1000_20260807_001,S000311,train,TOPO-0147,9,0.06074146718830761,0.19281409031042263,0.132072623122115
improved_dataset_1000_20260807_001:S000314,improved_dataset_1000_20260807_001,S000314,train,TOPO-0137,9,0.01887830617352043,0.1073695822477013,0.08849127607418086
improved_dataset_1000_20260807_001:S000316,improved_dataset_1000_20260807_001,S000316,train,TOPO-0124,9,0.058105164455960145,0.11760405006774602,0.05949888561178587
improved_dataset_1000_20260807_001:S000317,improved_dataset_1000_20260807_001,S000317,train,TOPO-0148,9,0.04657974126049641,0.15857280996637474,0.11199306870587833
improved_dataset_1000_20260807_001:S000318,improved_dataset_1000_20260807_001,S000318,train,TOPO-0092,9,0.09699497496222646,0.12458446400844467,0.027589489046218205
improved_dataset_1000_20260807_001:S000320,improved_dataset_1000_20260807_001,S000320,train,TOPO-0149,9,0.0471552818529799,0.18247212245825306,0.13531684060527316
improved_dataset_1000_20260807_001:S000324,improved_dataset_1000_20260807_001,S000324,train,TOPO-0150,9,0.05076875149465271,0.14349518503817996,0.09272643354352725
improved_dataset_1000_20260807_001:S000325,improved_dataset_1000_20260807_001,S000325,train,TOPO-0151,9,0.14674410319395004,0.25817170114551347,0.11142759795156343
improved_dataset_1000_20260807_001:S000326,improved_dataset_1000_20260807_001,S000326,train,TOPO-0152,9,0.27758691151759823,0.32417542632826135,0.04658851481066312
improved_dataset_1000_20260807_001:S000327,improved_dataset_1000_20260807_001,S000327,train,TOPO-0153,9,0.06081071456859058,0.1748896032887641,0.11407888872017352
improved_dataset_1000_20260807_001:S000328,improved_dataset_1000_20260807_001,S000328,train,TOPO-0052,9,0.10509087018583124,0.2604731950225027,0.15538232483667147
improved_dataset_1000_20260807_001:S000329,improved_dataset_1000_20260807_001,S000329,train,TOPO-0097,9,0.11756836527769216,0.3092865498524835,0.19171818457479134
improved_dataset_1000_20260807_001:S000331,improved_dataset_1000_20260807_001,S000331,train,TOPO-0143,9,0.10878387987693722,0.3225899945051542,0.21380611462821697
improved_dataset_1000_20260807_001:S000332,improved_dataset_1000_20260807_001,S000332,train,TOPO-0154,10,0.059795093398440025,0.09311614545446172,0.03332105205602169
improved_dataset_1000_20260807_001:S000333,improved_dataset_1000_20260807_001,S000333,train,TOPO-0155,10,0.042671720894141674,0.22854569874517935,0.18587397785103768
improved_dataset_1000_20260807_001:S000334,improved_dataset_1000_20260807_001,S000334,train,TOPO-0005,10,0.04073823768876958,0.16625988461573166,0.12552164692696208
improved_dataset_1000_20260807_001:S000335,improved_dataset_1000_20260807_001,S000335,train,TOPO-0156,10,0.024351650519642415,0.06822876855715776,0.043877118037515345
improved_dataset_1000_20260807_001:S000337,improved_dataset_1000_20260807_001,S000337,train,TOPO-0135,10,0.3271412430274042,0.3521028969185759,0.024961653891171665
improved_dataset_1000_20260807_001:S000338,improved_dataset_1000_20260807_001,S000338,train,TOPO-0157,10,0.17978670141096081,0.2720427228358252,0.09225602142486439
improved_dataset_1000_20260807_001:S000339,improved_dataset_1000_20260807_001,S000339,train,TOPO-0158,10,0.07116198826699183,0.133940930011477,0.06277894174448517
improved_dataset_1000_20260807_001:S000340,improved_dataset_1000_20260807_001,S000340,train,TOPO-0010,10,0.12482470763961022,0.26391843788406427,0.13909373024445404
improved_dataset_1000_20260807_001:S000342,improved_dataset_1000_20260807_001,S000342,train,TOPO-0137,10,0.06514015076515334,0.28476218584620927,0.21962203508105593
improved_dataset_1000_20260807_001:S000343,improved_dataset_1000_20260807_001,S000343,train,TOPO-0159,10,0.2726912830187802,0.3269148891940919,0.05422360617531169
improved_dataset_1000_20260807_001:S000344,improved_dataset_1000_20260807_001,S000344,train,TOPO-0160,10,0.25013626208941747,0.28452731138060045,0.034391049291182973
improved_dataset_1000_20260807_001:S000345,improved_dataset_1000_20260807_001,S000345,train,TOPO-0161,10,0.03530402670741678,-0.00612946311984397,-0.04143348982726075
improved_dataset_1000_20260807_001:S000346,improved_dataset_1000_20260807_001,S000346,train,TOPO-0162,10,0.05073802204118971,0.17169758661579626,0.12095956457460655
improved_dataset_1000_20260807_001:S000349,improved_dataset_1000_20260807_001,S000349,train,TOPO-0163,10,0.07223599115432239,0.1942857032514266,0.12204971209710422
improved_dataset_1000_20260807_001:S000350,improved_dataset_1000_20260807_001,S000350,train,TOPO-0164,10,0.19414235661151127,0.3337763220016136,0.13963396539010234
improved_dataset_1000_20260807_001:S000352,improved_dataset_1000_20260807_001,S000352,train,TOPO-0165,10,0.027681700374714263,0.1254424481756097,0.09776074780089544
improved_dataset_1000_20260807_001:S000353,improved_dataset_1000_20260807_001,S000353,train,TOPO-0165,10,0.06826715915198825,0.1475301182595568,0.07926295910756856
improved_dataset_1000_20260807_001:S000354,improved_dataset_1000_20260807_001,S000354,train,TOPO-0166,10,0.14339002473136198,0.33825352697197664,0.19486350224061466
improved_dataset_1000_20260807_001:S000357,improved_dataset_1000_20260807_001,S000357,train,TOPO-0109,10,0.10654712370560329,0.2511808141486795,0.1446336904430762
improved_dataset_1000_20260807_001:S000359,improved_dataset_1000_20260807_001,S000359,train,TOPO-0168,10,0.22469879309146648,0.29135335650604377,0.06665456341457729
improved_dataset_1000_20260807_001:S000360,improved_dataset_1000_20260807_001,S000360,train,TOPO-0143,10,0.0890431558847268,0.18512618535038428,0.09608302946565747
improved_dataset_1000_20260807_001:S000361,improved_dataset_1000_20260807_001,S000361,train,TOPO-0143,10,0.07471617425655905,0.09263011925058794,0.017913944994028888
improved_dataset_1000_20260807_001:S000362,improved_dataset_1000_20260807_001,S000362,train,TOPO-0169,11,0.10529670234683779,0.14788597403167741,0.04258927168483963
improved_dataset_1000_20260807_001:S000363,improved_dataset_1000_20260807_001,S000363,train,TOPO-0098,11,0.12305541903468227,0.25791098889703784,0.13485556986235558
improved_dataset_1000_20260807_001:S000364,improved_dataset_1000_20260807_001,S000364,train,TOPO-0170,11,0.11955143368197048,0.19190493990548185,0.07235350622351137
improved_dataset_1000_20260807_001:S000365,improved_dataset_1000_20260807_001,S000365,train,TOPO-0001,11,0.7280845086336216,0.29954021982513823,-0.4285442888084834
improved_dataset_1000_20260807_001:S000366,improved_dataset_1000_20260807_001,S000366,train,TOPO-0003,11,0.05295607102106811,0.1320902285157705,0.0791341574947024
improved_dataset_1000_20260807_001:S000367,improved_dataset_1000_20260807_001,S000367,train,TOPO-0122,11,0.47151577042787685,0.50432650770303,0.03281073727515316
improved_dataset_1000_20260807_001:S000368,improved_dataset_1000_20260807_001,S000368,train,TOPO-0122,11,0.06618711682671605,0.12065057402622571,0.054463457199509666
improved_dataset_1000_20260807_001:S000369,improved_dataset_1000_20260807_001,S000369,train,TOPO-0079,11,0.07566099884055455,0.0822315947730877,0.0065705959325331464
improved_dataset_1000_20260807_001:S000370,improved_dataset_1000_20260807_001,S000370,train,TOPO-0171,11,0.47312635031890776,0.2629507890409531,-0.21017556127795467
improved_dataset_1000_20260807_001:S000371,improved_dataset_1000_20260807_001,S000371,train,TOPO-0018,11,0.029952411743244867,0.10115250236198196,0.0712000906187371
improved_dataset_1000_20260807_001:S000372,improved_dataset_1000_20260807_001,S000372,train,TOPO-0159,11,0.1302428854012867,0.21537270422356683,0.08512981882228013
improved_dataset_1000_20260807_001:S000373,improved_dataset_1000_20260807_001,S000373,train,TOPO-0159,11,0.11928625420286364,0.29244686771526374,0.17316061351240009
improved_dataset_1000_20260807_001:S000374,improved_dataset_1000_20260807_001,S000374,train,TOPO-0172,11,0.042550872225118885,0.17719528320490768,0.1346444109797888
improved_dataset_1000_20260807_001:S000375,improved_dataset_1000_20260807_001,S000375,train,TOPO-0173,11,0.12349645460227048,0.08550793175059407,-0.03798852285167641
improved_dataset_1000_20260807_001:S000376,improved_dataset_1000_20260807_001,S000376,train,TOPO-0159,11,0.2613411906673412,0.24984156811624733,-0.011499622551093852
improved_dataset_1000_20260807_001:S000377,improved_dataset_1000_20260807_001,S000377,train,TOPO-0174,11,0.8676493672391794,0.5735183712385659,-0.29413099600061354
improved_dataset_1000_20260807_001:S000379,improved_dataset_1000_20260807_001,S000379,train,TOPO-0106,11,0.3970819459931161,0.29047577382349676,-0.10660617216961932
improved_dataset_1000_20260807_001:S000381,improved_dataset_1000_20260807_001,S000381,train,TOPO-0033,11,0.094446584357621,0.2523770106491718,0.1579304262915508
improved_dataset_1000_20260807_001:S000383,improved_dataset_1000_20260807_001,S000383,train,TOPO-0175,11,0.07557559090860583,0.1862016127643472,0.11062602185574139
improved_dataset_1000_20260807_001:S000384,improved_dataset_1000_20260807_001,S000384,train,TOPO-0176,11,0.010356273225097495,0.2506189086900703,0.2402626354649728
improved_dataset_1000_20260807_001:S000385,improved_dataset_1000_20260807_001,S000385,train,TOPO-0041,11,0.06646537966774274,0.23075717819022512,0.16429179852248238
improved_dataset_1000_20260807_001:S000387,improved_dataset_1000_20260807_001,S000387,train,TOPO-0177,11,0.03157856858098973,0.17021355350031767,0.13863498491932794
improved_dataset_1000_20260807_001:S000388,improved_dataset_1000_20260807_001,S000388,train,TOPO-0143,11,0.04576358565187802,0.06191513919040953,0.01615155353853151
improved_dataset_1000_20260807_001:S000389,improved_dataset_1000_20260807_001,S000389,train,TOPO-0178,11,0.24456575812981698,0.36662126913794246,0.12205551100812548
improved_dataset_1000_20260807_001:S000390,improved_dataset_1000_20260807_001,S000390,train,TOPO-0144,11,0.2858522590917131,0.2490311981549013,-0.036821060936811784
improved_dataset_1000_20260807_001:S000392,improved_dataset_1000_20260807_001,S000392,train,TOPO-0179,12,0.11959445067241901,0.24607839849893376,0.12648394782651473
improved_dataset_1000_20260807_001:S000393,improved_dataset_1000_20260807_001,S000393,train,TOPO-0180,12,0.1808206955260945,0.20720668903079803,0.026385993504703525
improved_dataset_1000_20260807_001:S000397,improved_dataset_1000_20260807_001,S000397,train,TOPO-0069,12,0.22221327530942026,0.18376048874988585,-0.03845278655953441
improved_dataset_1000_20260807_001:S000398,improved_dataset_1000_20260807_001,S000398,train,TOPO-0135,12,0.04991538311210661,0.13095856545920034,0.08104318234709373
improved_dataset_1000_20260807_001:S000399,improved_dataset_1000_20260807_001,S000399,train,TOPO-0171,12,0.020578867337122497,0.05776386166913802,0.037184994332015525
improved_dataset_1000_20260807_001:S000400,improved_dataset_1000_20260807_001,S000400,train,TOPO-0183,12,0.19525636429191406,0.2568907041927723,0.06163433990085826
improved_dataset_1000_20260807_001:S000401,improved_dataset_1000_20260807_001,S000401,train,TOPO-0135,12,0.077748681085196,0.17932935673771908,0.10158067565252307
improved_dataset_1000_20260807_001:S000402,improved_dataset_1000_20260807_001,S000402,train,TOPO-0184,12,0.04111521465464646,0.09565261990705098,0.054537405252404525
improved_dataset_1000_20260807_001:S000403,improved_dataset_1000_20260807_001,S000403,train,TOPO-0161,12,0.1636279907535202,0.23265500313304113,0.06902701237952094
improved_dataset_1000_20260807_001:S000405,improved_dataset_1000_20260807_001,S000405,train,TOPO-0124,12,0.04208994103417327,0.16380307754456508,0.12171313651039181
improved_dataset_1000_20260807_001:S000407,improved_dataset_1000_20260807_001,S000407,train,TOPO-0129,12,0.1022149710932648,0.24677179280593728,0.14455682171267248
improved_dataset_1000_20260807_001:S000412,improved_dataset_1000_20260807_001,S000412,train,TOPO-0185,12,0.22422872052477558,0.29073543558305914,0.06650671505828357
improved_dataset_1000_20260807_001:S000414,improved_dataset_1000_20260807_001,S000414,train,TOPO-0176,12,0.3224078460941923,0.3721664499481336,0.04975860385394126
improved_dataset_1000_20260807_001:S000416,improved_dataset_1000_20260807_001,S000416,train,TOPO-0187,12,0.028279014737400132,0.12521250782459353,0.0969334930871934
improved_dataset_1000_20260807_001:S000417,improved_dataset_1000_20260807_001,S000417,train,TOPO-0188,12,0.08537823350830193,0.2118626654616517,0.12648443195334977
improved_dataset_1000_20260807_001:S000418,improved_dataset_1000_20260807_001,S000418,train,TOPO-0189,12,0.47061616992214766,0.474646397165413,0.00403022724326535
improved_dataset_1000_20260807_001:S000419,improved_dataset_1000_20260807_001,S000419,train,TOPO-0190,12,0.0777581142634172,0.13983269258055447,0.06207457831713728
improved_dataset_1000_20260807_001:S000420,improved_dataset_1000_20260807_001,S000420,train,TOPO-0191,12,0.12356895955928449,0.2466650381965009,0.12309607863721642
improved_dataset_1000_20260807_001:S000421,improved_dataset_1000_20260807_001,S000421,train,TOPO-0192,12,0.03927401530865543,0.08448944561068006,0.04521543030202463
improved_dataset_1000_20260807_001:S000423,improved_dataset_1000_20260807_001,S000423,train,TOPO-0180,13,0.26750854741116564,0.2493458487646738,-0.018162698646491837
improved_dataset_1000_20260807_001:S000424,improved_dataset_1000_20260807_001,S000424,train,TOPO-0119,13,0.017993921840535,0.104897219451819,0.086903297611284
improved_dataset_1000_20260807_001:S000425,improved_dataset_1000_20260807_001,S000425,train,TOPO-0193,13,0.021971985412106987,0.0998947912468183,0.07792280583471131
improved_dataset_1000_20260807_001:S000426,improved_dataset_1000_20260807_001,S000426,train,TOPO-0194,13,0.19486983079495115,0.36210349831792854,0.1672336675229774
improved_dataset_1000_20260807_001:S000427,improved_dataset_1000_20260807_001,S000427,train,TOPO-0147,13,0.2590100284368014,0.36904953262146556,0.11003950418466418
improved_dataset_1000_20260807_001:S000428,improved_dataset_1000_20260807_001,S000428,train,TOPO-0135,13,0.11248408382544924,0.17052804229235355,0.058043958466904313
improved_dataset_1000_20260807_001:S000430,improved_dataset_1000_20260807_001,S000430,train,TOPO-0069,13,0.03863133892471465,0.09668988751541441,0.058058548590699754
improved_dataset_1000_20260807_001:S000431,improved_dataset_1000_20260807_001,S000431,train,TOPO-0195,13,0.026333636602010102,0.18218911119511844,0.15585547459310833
improved_dataset_1000_20260807_001:S000432,improved_dataset_1000_20260807_001,S000432,train,TOPO-0196,13,0.2315513849471556,0.461759975389313,0.2302085904421574
improved_dataset_1000_20260807_001:S000433,improved_dataset_1000_20260807_001,S000433,train,TOPO-0197,13,0.19869961493839008,0.23407429589011466,0.03537468095172458
improved_dataset_1000_20260807_001:S000435,improved_dataset_1000_20260807_001,S000435,train,TOPO-0184,13,0.17482785257936223,0.3235890837386696,0.1487612311593074
improved_dataset_1000_20260807_001:S000436,improved_dataset_1000_20260807_001,S000436,train,TOPO-0124,13,0.10377872464516166,0.17945432247440193,0.07567559782924027
improved_dataset_1000_20260807_001:S000441,improved_dataset_1000_20260807_001,S000441,train,TOPO-0200,13,0.05082066050236711,0.04316098345274827,-0.0076596770496188404
improved_dataset_1000_20260807_001:S000442,improved_dataset_1000_20260807_001,S000442,train,TOPO-0201,13,0.5841368829499041,0.3476396029680644,-0.23649727998183967
improved_dataset_1000_20260807_001:S000444,improved_dataset_1000_20260807_001,S000444,train,TOPO-0202,13,0.04618970215469795,0.061897631041855,0.015707928887157052
improved_dataset_1000_20260807_001:S000448,improved_dataset_1000_20260807_001,S000448,train,TOPO-0188,13,0.05321065011205012,0.23196031163139472,0.1787496615193446
improved_dataset_1000_20260807_001:S000449,improved_dataset_1000_20260807_001,S000449,train,TOPO-0204,13,0.04756989603274947,0.12498894468405085,0.07741904865130138
improved_dataset_1000_20260807_001:S000450,improved_dataset_1000_20260807_001,S000450,train,TOPO-0143,13,0.580241500283506,0.281647088305891,-0.29859441197761494
improved_dataset_1000_20260807_001:S000453,improved_dataset_1000_20260807_001,S000453,train,TOPO-0119,14,0.07417878020592619,0.19016258201633052,0.11598380181040432
improved_dataset_1000_20260807_001:S000454,improved_dataset_1000_20260807_001,S000454,train,TOPO-0205,14,0.02487050715480571,0.2471683948146939,0.2222978876598882
improved_dataset_1000_20260807_001:S000455,improved_dataset_1000_20260807_001,S000455,train,TOPO-0005,14,0.06665157086937085,0.17242855181794792,0.10577698094857707
improved_dataset_1000_20260807_001:S000456,improved_dataset_1000_20260807_001,S000456,train,TOPO-0180,14,0.31585327277033637,0.3884346820330321,0.07258140926269574
improved_dataset_1000_20260807_001:S000457,improved_dataset_1000_20260807_001,S000457,train,TOPO-0206,14,0.4114380335918808,0.25842927253824843,-0.15300876105363237
improved_dataset_1000_20260807_001:S000458,improved_dataset_1000_20260807_001,S000458,train,TOPO-0207,14,0.07423801080303613,0.19051815394422458,0.11628014314118845
improved_dataset_1000_20260807_001:S000459,improved_dataset_1000_20260807_001,S000459,train,TOPO-0171,14,0.12015361849325425,0.24750423028421742,0.1273506117909632
improved_dataset_1000_20260807_001:S000460,improved_dataset_1000_20260807_001,S000460,train,TOPO-0208,14,0.09155978776895424,0.1621740345150585,0.07061424674610425
improved_dataset_1000_20260807_001:S000461,improved_dataset_1000_20260807_001,S000461,train,TOPO-0209,14,0.057973163626858115,0.16218493731665834,0.10421177368980022
improved_dataset_1000_20260807_001:S000464,improved_dataset_1000_20260807_001,S000464,train,TOPO-0211,14,1.3572971900019692,0.9104842729427396,-0.44681291705922965
improved_dataset_1000_20260807_001:S000466,improved_dataset_1000_20260807_001,S000466,train,TOPO-0212,14,0.08375516447130213,0.18378919680801573,0.1000340323367136
improved_dataset_1000_20260807_001:S000468,improved_dataset_1000_20260807_001,S000468,train,TOPO-0213,14,0.0587661554243889,0.18817799889192724,0.12941184346753834
improved_dataset_1000_20260807_001:S000469,improved_dataset_1000_20260807_001,S000469,train,TOPO-0214,14,0.04469545064706301,0.1697606230027115,0.12506517235564849
improved_dataset_1000_20260807_001:S000470,improved_dataset_1000_20260807_001,S000470,train,TOPO-0105,14,0.028772213976681726,0.2244369076644002,0.19566469368771847
improved_dataset_1000_20260807_001:S000471,improved_dataset_1000_20260807_001,S000471,train,TOPO-0215,14,1.3949685288678322,0.6728323146472299,-0.7221362142206023
improved_dataset_1000_20260807_001:S000472,improved_dataset_1000_20260807_001,S000472,train,TOPO-0187,14,0.14834107447860445,0.2853920441432083,0.13705096966460384
improved_dataset_1000_20260807_001:S000473,improved_dataset_1000_20260807_001,S000473,train,TOPO-0176,14,0.03469463702772785,0.26270782899401185,0.228013191966284
improved_dataset_1000_20260807_001:S000475,improved_dataset_1000_20260807_001,S000475,train,TOPO-0150,14,0.39804803501935593,0.3364046770956172,-0.061643357923738706
improved_dataset_1000_20260807_001:S000476,improved_dataset_1000_20260807_001,S000476,train,TOPO-0216,14,0.2414898178290159,0.32224916921329266,0.08075935138427676
improved_dataset_1000_20260807_001:S000477,improved_dataset_1000_20260807_001,S000477,train,TOPO-0217,14,0.03306690976211263,0.22063864614660877,0.18757173638449615
improved_dataset_1000_20260807_001:S000481,improved_dataset_1000_20260807_001,S000481,train,TOPO-0219,14,0.3612924253778905,0.2876225663525569,-0.07366985902533363
improved_dataset_1000_20260807_001:S000484,improved_dataset_1000_20260807_001,S000484,train,TOPO-0220,15,0.06622255756379009,0.08977437044535788,0.023551812881567796
improved_dataset_1000_20260807_001:S000485,improved_dataset_1000_20260807_001,S000485,train,TOPO-0001,15,0.28895836911577333,0.2280613848912892,-0.06089698422448414
improved_dataset_1000_20260807_001:S000486,improved_dataset_1000_20260807_001,S000486,train,TOPO-0221,15,0.15182066514433024,0.2285699594683014,0.07674929432397115
improved_dataset_1000_20260807_001:S000488,improved_dataset_1000_20260807_001,S000488,train,TOPO-0135,15,0.09681148956537497,0.1350643695437261,0.03825287997835114
improved_dataset_1000_20260807_001:S000489,improved_dataset_1000_20260807_001,S000489,train,TOPO-0223,15,0.04307172372811752,0.22989417502047446,0.18682245129235694
improved_dataset_1000_20260807_001:S000490,improved_dataset_1000_20260807_001,S000490,train,TOPO-0135,15,0.11560874718147776,0.2882054922004307,0.17259674501895292
improved_dataset_1000_20260807_001:S000491,improved_dataset_1000_20260807_001,S000491,train,TOPO-0224,15,0.12003949719767608,0.2569400347276996,0.13690053753002351
improved_dataset_1000_20260807_001:S000492,improved_dataset_1000_20260807_001,S000492,train,TOPO-0225,15,0.04946802338904052,0.1592244208115779,0.10975639742253737
improved_dataset_1000_20260807_001:S000494,improved_dataset_1000_20260807_001,S000494,train,TOPO-0162,15,0.13935076222234255,0.24898910166862676,0.1096383394462842
improved_dataset_1000_20260807_001:S000495,improved_dataset_1000_20260807_001,S000495,train,TOPO-0212,15,0.05310504944876848,0.12310449490563058,0.0699994454568621
improved_dataset_1000_20260807_001:S000496,improved_dataset_1000_20260807_001,S000496,train,TOPO-0212,15,0.09169299825195643,0.24143932804243431,0.1497463297904779
improved_dataset_1000_20260807_001:S000499,improved_dataset_1000_20260807_001,S000499,train,TOPO-0213,15,0.2916931631419894,0.4437660552948869,0.1520728921528975
improved_dataset_1000_20260807_001:S000500,improved_dataset_1000_20260807_001,S000500,train,TOPO-0227,15,0.05002888896973559,0.09647113115747488,0.04644224218773929
improved_dataset_1000_20260807_001:S000501,improved_dataset_1000_20260807_001,S000501,train,TOPO-0228,15,0.16712521159429045,0.2950694663422426,0.12794425474795218
improved_dataset_1000_20260807_001:S000504,improved_dataset_1000_20260807_001,S000504,train,TOPO-0229,15,1.6356468714454844,0.9544303200305642,-0.6812165514149202
improved_dataset_1000_20260807_001:S000508,improved_dataset_1000_20260807_001,S000508,train,TOPO-0192,15,0.2932335406628162,0.3237620218023919,0.03052848113957568
improved_dataset_1000_20260807_001:S000509,improved_dataset_1000_20260807_001,S000509,train,TOPO-0219,15,0.11317735345321306,0.25283087756745065,0.1396535241142376
improved_dataset_1000_20260807_001:S000510,improved_dataset_1000_20260807_001,S000510,train,TOPO-0230,15,0.1362512044902413,0.33672053470654006,0.20046933021629876
improved_dataset_1000_20260807_001:S000511,improved_dataset_1000_20260807_001,S000511,train,TOPO-0219,15,0.06095789973743901,0.10963040416504836,0.048672504427609356
improved_dataset_1000_20260807_001:S000512,improved_dataset_1000_20260807_001,S000512,train,TOPO-0231,16,0.2252867087616783,0.3206060135549512,0.09531930479327291
improved_dataset_1000_20260807_001:S000513,improved_dataset_1000_20260807_001,S000513,train,TOPO-0232,16,0.15158672444664434,0.17746430121294762,0.025877576766303284
improved_dataset_1000_20260807_001:S000515,improved_dataset_1000_20260807_001,S000515,train,TOPO-0233,16,0.1503681520017494,0.3053397144513333,0.15497156244958388
improved_dataset_1000_20260807_001:S000516,improved_dataset_1000_20260807_001,S000516,train,TOPO-0180,16,0.20284281351020356,0.24183734131407444,0.03899452780387089
improved_dataset_1000_20260807_001:S000517,improved_dataset_1000_20260807_001,S000517,train,TOPO-0234,16,0.055153057167685454,0.1881936209353875,0.13304056376770204
improved_dataset_1000_20260807_001:S000518,improved_dataset_1000_20260807_001,S000518,train,TOPO-0122,16,0.14457730533984037,0.15501592878303003,0.01043862344318966
improved_dataset_1000_20260807_001:S000519,improved_dataset_1000_20260807_001,S000519,train,TOPO-0158,16,0.668734771225522,0.28806302892619245,-0.3806717422993296
improved_dataset_1000_20260807_001:S000521,improved_dataset_1000_20260807_001,S000521,train,TOPO-0135,16,0.1176875692418507,0.3053447228429198,0.1876571536010691
improved_dataset_1000_20260807_001:S000522,improved_dataset_1000_20260807_001,S000522,train,TOPO-0236,16,0.05872110112210857,0.20072419091849156,0.142003089796383
improved_dataset_1000_20260807_001:S000525,improved_dataset_1000_20260807_001,S000525,train,TOPO-0237,16,0.06955429456772264,0.2226633839444469,0.15310908937672427
improved_dataset_1000_20260807_001:S000526,improved_dataset_1000_20260807_001,S000526,train,TOPO-0212,16,0.04124751259172396,0.0800790474908015,0.038831534899077536
improved_dataset_1000_20260807_001:S000527,improved_dataset_1000_20260807_001,S000527,train,TOPO-0129,16,0.28510341966153707,0.25584640679748927,-0.029257012864047804
improved_dataset_1000_20260807_001:S000528,improved_dataset_1000_20260807_001,S000528,train,TOPO-0238,16,0.47107061779262854,0.5561760513783438,0.08510543358571526
improved_dataset_1000_20260807_001:S000534,improved_dataset_1000_20260807_001,S000534,train,TOPO-0176,16,0.4699556352266812,0.5152686124436524,0.045312977216971195
improved_dataset_1000_20260807_001:S000535,improved_dataset_1000_20260807_001,S000535,train,TOPO-0240,16,0.07164807813686036,0.12184284710979193,0.05019476897293157
improved_dataset_1000_20260807_001:S000537,improved_dataset_1000_20260807_001,S000537,train,TOPO-0241,16,0.04468711040175158,0.1777746490625754,0.13308753866082382
improved_dataset_1000_20260807_001:S000539,improved_dataset_1000_20260807_001,S000539,train,TOPO-0242,16,0.11957268751321577,0.24269916135742278,0.12312647384420701
improved_dataset_1000_20260807_001:S000540,improved_dataset_1000_20260807_001,S000540,train,TOPO-0243,16,0.12307896484173833,0.17189407048657457,0.04881510564483624
improved_dataset_1000_20260807_001:S000541,improved_dataset_1000_20260807_001,S000541,train,TOPO-0244,16,1.3862138603746155,0.45743149418267137,-0.9287823661919441
improved_dataset_1000_20260807_001:S000542,improved_dataset_1000_20260807_001,S000542,train,TOPO-0232,17,0.0999687074667158,0.1740468246833437,0.07407811721662791
improved_dataset_1000_20260807_001:S000544,improved_dataset_1000_20260807_001,S000544,train,TOPO-0246,17,0.13549976005978037,0.40601069853796035,0.27051093847818
improved_dataset_1000_20260807_001:S000546,improved_dataset_1000_20260807_001,S000546,train,TOPO-0247,17,0.20256981239836747,0.38418807529563104,0.18161826289726357
improved_dataset_1000_20260807_001:S000547,improved_dataset_1000_20260807_001,S000547,train,TOPO-0248,17,0.058407408155006973,0.20828761824780676,0.14988021009279978
improved_dataset_1000_20260807_001:S000548,improved_dataset_1000_20260807_001,S000548,train,TOPO-0249,17,0.028824908198331278,0.23748426779058818,0.2086593595922569
improved_dataset_1000_20260807_001:S000549,improved_dataset_1000_20260807_001,S000549,train,TOPO-0019,17,0.3291906407872064,0.3446577424382461,0.015467101651039705
improved_dataset_1000_20260807_001:S000550,improved_dataset_1000_20260807_001,S000550,train,TOPO-0250,17,0.6010834974307955,0.2391732112365244,-0.36191028619427107
improved_dataset_1000_20260807_001:S000551,improved_dataset_1000_20260807_001,S000551,train,TOPO-0251,17,0.05568279007695082,0.10659826872138077,0.050915478644429954
improved_dataset_1000_20260807_001:S000552,improved_dataset_1000_20260807_001,S000552,train,TOPO-0252,17,0.7015466120445841,0.29396980075353074,-0.4075768112910534
improved_dataset_1000_20260807_001:S000554,improved_dataset_1000_20260807_001,S000554,train,TOPO-0253,17,0.08802288709695993,0.25716381274097455,0.16914092564401462
improved_dataset_1000_20260807_001:S000556,improved_dataset_1000_20260807_001,S000556,train,TOPO-0254,17,0.18960236901208158,0.2756737271535503,0.08607135814146874
improved_dataset_1000_20260807_001:S000557,improved_dataset_1000_20260807_001,S000557,train,TOPO-0255,17,0.4533898919483451,0.2360061078631247,-0.2173837840852204
improved_dataset_1000_20260807_001:S000559,improved_dataset_1000_20260807_001,S000559,train,TOPO-0256,17,1.4915712346683354,0.8673245008900003,-0.6242467337783351
improved_dataset_1000_20260807_001:S000561,improved_dataset_1000_20260807_001,S000561,train,TOPO-0238,17,0.4097677562197785,0.28001127545894333,-0.12975648076083518
improved_dataset_1000_20260807_001:S000562,improved_dataset_1000_20260807_001,S000562,train,TOPO-0240,17,0.08518788279501724,0.11857318445073452,0.03338530165571728
improved_dataset_1000_20260807_001:S000564,improved_dataset_1000_20260807_001,S000564,train,TOPO-0229,17,0.1109243730642186,0.10896849003969585,-0.0019558830245227504
improved_dataset_1000_20260807_001:S000567,improved_dataset_1000_20260807_001,S000567,train,TOPO-0244,17,0.021012496427322197,0.07081936971627834,0.04980687328895614
improved_dataset_1000_20260807_001:S000568,improved_dataset_1000_20260807_001,S000568,train,TOPO-0192,17,0.12351612739464629,0.2847393138375976,0.1612231864429513
improved_dataset_1000_20260807_001:S000569,improved_dataset_1000_20260807_001,S000569,train,TOPO-0244,17,0.11164211165596227,0.18946244441938373,0.07782033276342146
improved_dataset_1000_20260807_001:S000570,improved_dataset_1000_20260807_001,S000570,train,TOPO-0258,17,0.26348899483301896,0.252002200979866,-0.011486793853152988
improved_dataset_1000_20260807_001:S000571,improved_dataset_1000_20260807_001,S000571,train,TOPO-0243,17,0.27318099123935,0.2728237401208446,-0.00035725111850543056
improved_dataset_1000_20260807_001:S000575,improved_dataset_1000_20260807_001,S000575,train,TOPO-0260,18,0.05020902129086391,0.20670025920198376,0.15649123791111985
improved_dataset_1000_20260807_001:S000576,improved_dataset_1000_20260807_001,S000576,train,TOPO-0261,18,0.17965026518422494,0.1916143683054714,0.011964103121246461
improved_dataset_1000_20260807_001:S000577,improved_dataset_1000_20260807_001,S000577,train,TOPO-0251,18,0.3019921458367078,0.2675896950269661,-0.03440245080974169
improved_dataset_1000_20260807_001:S000578,improved_dataset_1000_20260807_001,S000578,train,TOPO-0250,18,0.3278603716600331,0.3441685966006298,0.016308224940596694
improved_dataset_1000_20260807_001:S000579,improved_dataset_1000_20260807_001,S000579,train,TOPO-0019,18,0.034244921662856254,0.15351235020716514,0.11926742854430888
improved_dataset_1000_20260807_001:S000580,improved_dataset_1000_20260807_001,S000580,train,TOPO-0262,18,0.046160447630113205,0.1805534018054122,0.134392954175299
improved_dataset_1000_20260807_001:S000581,improved_dataset_1000_20260807_001,S000581,train,TOPO-0263,18,0.0444786997679579,0.2329108873769154,0.1884321876089575
improved_dataset_1000_20260807_001:S000582,improved_dataset_1000_20260807_001,S000582,train,TOPO-0264,18,0.18137284417100924,0.28853936728786606,0.10716652311685682
improved_dataset_1000_20260807_001:S000583,improved_dataset_1000_20260807_001,S000583,train,TOPO-0254,18,0.7247169595076457,0.3770285370787208,-0.3476884224289249
improved_dataset_1000_20260807_001:S000584,improved_dataset_1000_20260807_001,S000584,train,TOPO-0265,18,0.2435816781545624,0.11229164274533714,-0.13129003540922524
improved_dataset_1000_20260807_001:S000585,improved_dataset_1000_20260807_001,S000585,train,TOPO-0264,18,0.2899690826988291,0.3296166087360386,0.0396475260372095
improved_dataset_1000_20260807_001:S000587,improved_dataset_1000_20260807_001,S000587,train,TOPO-0256,18,0.12963692307431485,0.12956168047952685,-7.524259478799977e-05
improved_dataset_1000_20260807_001:S000588,improved_dataset_1000_20260807_001,S000588,train,TOPO-0129,18,0.07663732748094909,0.28940663607926453,0.21276930859831544
improved_dataset_1000_20260807_001:S000590,improved_dataset_1000_20260807_001,S000590,train,TOPO-0238,18,0.15936802476822198,0.16818768563107286,0.008819660862850881
improved_dataset_1000_20260807_001:S000593,improved_dataset_1000_20260807_001,S000593,train,TOPO-0202,18,1.9907000700363748,0.8797375447731823,-1.1109625252631925
improved_dataset_1000_20260807_001:S000598,improved_dataset_1000_20260807_001,S000598,train,TOPO-0268,18,0.3125205489434853,0.5844968080401887,0.27197625909670337
improved_dataset_1000_20260807_001:S000599,improved_dataset_1000_20260807_001,S000599,train,TOPO-0269,18,0.07130885510586654,0.10494700625970861,0.03363815115384207
improved_dataset_1000_20260807_001:S000600,improved_dataset_1000_20260807_001,S000600,train,TOPO-0230,18,0.09350033789974288,0.1227540878815601,0.02925374998181722
improved_dataset_1000_20260807_001:S000601,improved_dataset_1000_20260807_001,S000601,train,TOPO-0258,18,0.07242750907751072,0.17741258585596725,0.10498507677845653
improved_dataset_1000_20260807_001:S000602,improved_dataset_1000_20260807_001,S000602,train,TOPO-0270,19,0.3115346597928801,0.33339878265278317,0.02186412285990308
improved_dataset_1000_20260807_001:S000603,improved_dataset_1000_20260807_001,S000603,train,TOPO-0261,19,0.04675615973193134,0.1483728544209807,0.10161669468904935
improved_dataset_1000_20260807_001:S000604,improved_dataset_1000_20260807_001,S000604,train,TOPO-0005,19,0.030032206456657023,0.06945056144028683,0.039418354983629805
improved_dataset_1000_20260807_001:S000605,improved_dataset_1000_20260807_001,S000605,train,TOPO-0246,19,0.29033517808510434,0.2960707520525767,0.005735573967472374
improved_dataset_1000_20260807_001:S000608,improved_dataset_1000_20260807_001,S000608,train,TOPO-0195,19,0.21646873830145155,0.3440510373413355,0.12758229903988397
improved_dataset_1000_20260807_001:S000609,improved_dataset_1000_20260807_001,S000609,train,TOPO-0251,19,0.12138582076652392,0.17839410327493338,0.05700828250840946
improved_dataset_1000_20260807_001:S000610,improved_dataset_1000_20260807_001,S000610,train,TOPO-0251,19,0.1280412516370531,0.16225211024661257,0.03421085860955947
improved_dataset_1000_20260807_001:S000612,improved_dataset_1000_20260807_001,S000612,train,TOPO-0253,19,0.18423238110292653,0.2555582598107786,0.07132587870785209
improved_dataset_1000_20260807_001:S000613,improved_dataset_1000_20260807_001,S000613,train,TOPO-0162,19,0.37658544297730256,0.34270288868063836,-0.0338825542966642
improved_dataset_1000_20260807_001:S000614,improved_dataset_1000_20260807_001,S000614,train,TOPO-0254,19,0.011577514336272104,0.24747007347803737,0.23589255914176527
improved_dataset_1000_20260807_001:S000615,improved_dataset_1000_20260807_001,S000615,train,TOPO-0254,19,0.06546281002651466,0.2802250977022902,0.21476228767577554
improved_dataset_1000_20260807_001:S000617,improved_dataset_1000_20260807_001,S000617,train,TOPO-0271,19,0.03044092092091366,0.10066476778724923,0.07022384686633557
improved_dataset_1000_20260807_001:S000618,improved_dataset_1000_20260807_001,S000618,train,TOPO-0214,19,0.23054260654506512,0.1889493071127482,-0.041593299432316905
improved_dataset_1000_20260807_001:S000619,improved_dataset_1000_20260807_001,S000619,train,TOPO-0033,19,0.12725537981993448,0.35834149591051856,0.23108611609058408
improved_dataset_1000_20260807_001:S000620,improved_dataset_1000_20260807_001,S000620,train,TOPO-0214,19,0.3708770862225832,0.2599136186782012,-0.11096346754438202
improved_dataset_1000_20260807_001:S000622,improved_dataset_1000_20260807_001,S000622,train,TOPO-0272,19,0.1339446863051669,0.2380002461922391,0.10405555988707221
improved_dataset_1000_20260807_001:S000623,improved_dataset_1000_20260807_001,S000623,train,TOPO-0273,19,0.1486816875504835,0.23741824350128912,0.08873655595080562
improved_dataset_1000_20260807_001:S000624,improved_dataset_1000_20260807_001,S000624,train,TOPO-0274,19,0.19774625247922445,0.26177790225278635,0.0640316497735619
improved_dataset_1000_20260807_001:S000625,improved_dataset_1000_20260807_001,S000625,train,TOPO-0202,19,0.03757558695587729,0.1438707984906694,0.1062952115347921
improved_dataset_1000_20260807_001:S000627,improved_dataset_1000_20260807_001,S000627,train,TOPO-0192,19,0.042919445279689605,0.15539166956750897,0.11247222428781936
improved_dataset_1000_20260807_001:S000628,improved_dataset_1000_20260807_001,S000628,train,TOPO-0142,19,0.08814516825086444,0.16705702531391992,0.07891185706305548
improved_dataset_1000_20260807_001:S000629,improved_dataset_1000_20260807_001,S000629,train,TOPO-0275,19,0.13415809471954795,0.24903306303799733,0.11487496831844937
improved_dataset_1000_20260807_001:S000630,improved_dataset_1000_20260807_001,S000630,train,TOPO-0258,19,0.11707604675133786,0.17369265606008377,0.056616609308745916
improved_dataset_1000_20260807_001:S000631,improved_dataset_1000_20260807_001,S000631,train,TOPO-0258,19,0.23465371612915287,0.21100348490433543,-0.023650231224817436
improved_dataset_1000_20260807_001:S000634,improved_dataset_1000_20260807_001,S000634,train,TOPO-0276,20,0.2222184674039291,0.2143823664115789,-0.007836100992350187
improved_dataset_1000_20260807_001:S000636,improved_dataset_1000_20260807_001,S000636,train,TOPO-0005,20,0.0898546320427315,0.2316238182799255,0.141769186237194
improved_dataset_1000_20260807_001:S000637,improved_dataset_1000_20260807_001,S000637,train,TOPO-0207,20,0.119464678153133,0.1452019589417691,0.025737280788636102
improved_dataset_1000_20260807_001:S000638,improved_dataset_1000_20260807_001,S000638,train,TOPO-0019,20,0.6796380821533472,0.7391137933430465,0.0594757111896993
improved_dataset_1000_20260807_001:S000639,improved_dataset_1000_20260807_001,S000639,train,TOPO-0262,20,0.11331312118700411,0.2934967995510816,0.1801836783640775
improved_dataset_1000_20260807_001:S000640,improved_dataset_1000_20260807_001,S000640,train,TOPO-0277,20,0.03974232114399223,0.1061797496939336,0.06643742854994136
improved_dataset_1000_20260807_001:S000641,improved_dataset_1000_20260807_001,S000641,train,TOPO-0278,20,0.028978937461614673,0.13965864036192419,0.11067970290030951
improved_dataset_1000_20260807_001:S000644,improved_dataset_1000_20260807_001,S000644,train,TOPO-0254,20,0.2200015630855812,0.1717538726606493,-0.048247690424931905
improved_dataset_1000_20260807_001:S000646,improved_dataset_1000_20260807_001,S000646,train,TOPO-0254,20,0.12570734115774018,0.24264149057718407,0.11693414941944388
improved_dataset_1000_20260807_001:S000648,improved_dataset_1000_20260807_001,S000648,train,TOPO-0214,20,0.052240879069114204,0.12911624665280175,0.07687536758368754
improved_dataset_1000_20260807_001:S000650,improved_dataset_1000_20260807_001,S000650,train,TOPO-0129,20,0.0361151102584539,0.05004659872727346,0.013931488468819558
improved_dataset_1000_20260807_001:S000651,improved_dataset_1000_20260807_001,S000651,train,TOPO-0129,20,0.16953769121661671,0.1422342216517848,-0.027303469564831928
improved_dataset_1000_20260807_001:S000656,improved_dataset_1000_20260807_001,S000656,train,TOPO-0280,20,1.376815995558501,0.7127540766512985,-0.6640619189072026
improved_dataset_1000_20260807_001:S000657,improved_dataset_1000_20260807_001,S000657,train,TOPO-0230,20,0.07017799848522979,0.1258530089537139,0.05567501046848411
improved_dataset_1000_20260807_001:S000658,improved_dataset_1000_20260807_001,S000658,train,TOPO-0281,20,0.17673470748243272,0.23166949067290482,0.0549347831904721
improved_dataset_1000_20260807_001:S000659,improved_dataset_1000_20260807_001,S000659,train,TOPO-0282,20,0.3261757482171152,0.3822220905999423,0.056046342382827075
improved_dataset_1000_20260807_001:S000660,improved_dataset_1000_20260807_001,S000660,train,TOPO-0283,20,0.15855053747921355,0.1473158662707454,-0.011234671208468161
improved_dataset_1000_20260807_001:S000662,improved_dataset_1000_20260807_001,S000662,train,TOPO-0284,21,0.031436211416742715,0.2623322739020176,0.23089606248527486
improved_dataset_1000_20260807_001:S000668,improved_dataset_1000_20260807_001,S000668,train,TOPO-0285,21,0.11637468093124245,0.2250669238000112,0.10869224286876875
improved_dataset_1000_20260807_001:S000670,improved_dataset_1000_20260807_001,S000670,train,TOPO-0286,21,0.6842634591154773,0.2333271834000461,-0.45093627571543116
improved_dataset_1000_20260807_001:S000672,improved_dataset_1000_20260807_001,S000672,train,TOPO-0264,21,0.12891540696688303,0.2170342541110635,0.08811884714418047
improved_dataset_1000_20260807_001:S000673,improved_dataset_1000_20260807_001,S000673,train,TOPO-0264,21,0.08259180636034871,0.13646764765037178,0.05387584129002307
improved_dataset_1000_20260807_001:S000677,improved_dataset_1000_20260807_001,S000677,train,TOPO-0288,21,0.10674446706731067,0.17832167524766304,0.07157720818035238
improved_dataset_1000_20260807_001:S000679,improved_dataset_1000_20260807_001,S000679,train,TOPO-0289,21,0.2493157665821574,0.2697486354362245,0.020432868854067116
improved_dataset_1000_20260807_001:S000683,improved_dataset_1000_20260807_001,S000683,train,TOPO-0290,21,0.11904903470644843,0.18961011769419187,0.07056108298774344
improved_dataset_1000_20260807_001:S000685,improved_dataset_1000_20260807_001,S000685,train,TOPO-0291,21,0.06269794442878132,0.08095184461274357,0.01825390018396225
improved_dataset_1000_20260807_001:S000686,improved_dataset_1000_20260807_001,S000686,train,TOPO-0240,21,0.04191675891747115,0.11466125923670215,0.07274450031923099
improved_dataset_1000_20260807_001:S000687,improved_dataset_1000_20260807_001,S000687,train,TOPO-0292,21,0.0714283773999988,0.1179559638536921,0.0465275864536933
improved_dataset_1000_20260807_001:S000688,improved_dataset_1000_20260807_001,S000688,train,TOPO-0243,21,0.03993511238707542,0.20587252434057135,0.16593741195349593
improved_dataset_1000_20260807_001:S000689,improved_dataset_1000_20260807_001,S000689,train,TOPO-0275,21,0.9508979608661949,0.4791487289817016,-0.47174923188449336
improved_dataset_1000_20260807_001:S000690,improved_dataset_1000_20260807_001,S000690,train,TOPO-0142,21,0.05264268577294112,0.1260174157741405,0.07337473000119937
improved_dataset_1000_20260807_001:S000691,improved_dataset_1000_20260807_001,S000691,train,TOPO-0281,21,0.039452969808880994,0.16809318407287488,0.12864021426399389
improved_dataset_1000_20260807_001:S000692,improved_dataset_1000_20260807_001,S000692,train,TOPO-0293,22,0.37150456765577844,0.43603097648549316,0.06452640882971472
improved_dataset_1000_20260807_001:S000693,improved_dataset_1000_20260807_001,S000693,train,TOPO-0294,22,0.05431967990748887,0.1731327401638103,0.11881306025632143
improved_dataset_1000_20260807_001:S000694,improved_dataset_1000_20260807_001,S000694,train,TOPO-0247,22,0.07073465149927266,0.1974532522867895,0.12671860078751684
improved_dataset_1000_20260807_001:S000696,improved_dataset_1000_20260807_001,S000696,train,TOPO-0295,22,0.12126306211765885,0.3237034703092259,0.20244040819156706
improved_dataset_1000_20260807_001:S000697,improved_dataset_1000_20260807_001,S000697,train,TOPO-0262,22,0.12065055280422747,0.28885297536697463,0.16820242256274714
improved_dataset_1000_20260807_001:S000699,improved_dataset_1000_20260807_001,S000699,train,TOPO-0223,22,0.09810083206892715,0.24486479730712837,0.14676396523820123
improved_dataset_1000_20260807_001:S000700,improved_dataset_1000_20260807_001,S000700,train,TOPO-0296,22,0.10022028364494573,0.20542978836037354,0.10520950471542781
improved_dataset_1000_20260807_001:S000701,improved_dataset_1000_20260807_001,S000701,train,TOPO-0262,22,0.05161712209661143,0.16898095862008042,0.11736383652346899
improved_dataset_1000_20260807_001:S000702,improved_dataset_1000_20260807_001,S000702,train,TOPO-0297,22,0.04573788581199981,0.1434499291269163,0.09771204331491648
improved_dataset_1000_20260807_001:S000704,improved_dataset_1000_20260807_001,S000704,train,TOPO-0162,22,0.2690513707672905,0.2646709487199371,-0.004380422047353394
improved_dataset_1000_20260807_001:S000708,improved_dataset_1000_20260807_001,S000708,train,TOPO-0238,22,0.17988815317358497,0.18089716899678088,0.0010090158231959023
improved_dataset_1000_20260807_001:S000709,improved_dataset_1000_20260807_001,S000709,train,TOPO-0214,22,0.08812966558114435,0.27031053028383456,0.1821808647026902
improved_dataset_1000_20260807_001:S000710,improved_dataset_1000_20260807_001,S000710,train,TOPO-0298,22,0.3294527642985655,0.4171166158830584,0.08766385158449286
improved_dataset_1000_20260807_001:S000711,improved_dataset_1000_20260807_001,S000711,train,TOPO-0299,22,0.2759603779893845,0.32114209184169273,0.045181713852308236
improved_dataset_1000_20260807_001:S000713,improved_dataset_1000_20260807_001,S000713,train,TOPO-0300,22,0.4472876973501409,0.41326193700929975,-0.03402576034084115
improved_dataset_1000_20260807_001:S000715,improved_dataset_1000_20260807_001,S000715,train,TOPO-0301,22,0.12066195962828571,0.2420122477181342,0.12135028808984849
improved_dataset_1000_20260807_001:S000716,improved_dataset_1000_20260807_001,S000716,train,TOPO-0291,22,1.979024235928329,0.647887086582702,-1.331137149345627
improved_dataset_1000_20260807_001:S000719,improved_dataset_1000_20260807_001,S000719,train,TOPO-0142,22,0.043700796811181386,0.07785871714611145,0.034157920334930064
improved_dataset_1000_20260807_001:S000721,improved_dataset_1000_20260807_001,S000721,train,TOPO-0142,22,0.05411836803210915,0.15760477912729515,0.103486411095186
improved_dataset_1000_20260807_001:S000722,improved_dataset_1000_20260807_001,S000722,train,TOPO-0302,23,0.5207474108433241,0.2380140086581029,-0.2827334021852212
improved_dataset_1000_20260807_001:S000724,improved_dataset_1000_20260807_001,S000724,train,TOPO-0302,23,0.17650759761543286,0.2166656677927439,0.040158070177311045
improved_dataset_1000_20260807_001:S000725,improved_dataset_1000_20260807_001,S000725,train,TOPO-0302,23,1.3604508638296027,0.8598181952217192,-0.5006326686078835
improved_dataset_1000_20260807_001:S000726,improved_dataset_1000_20260807_001,S000726,train,TOPO-0247,23,0.029557258135868653,0.22740887609028518,0.19785161795441653
improved_dataset_1000_20260807_001:S000727,improved_dataset_1000_20260807_001,S000727,train,TOPO-0248,23,0.053562436566006705,0.12552800466154618,0.07196556809553947
improved_dataset_1000_20260807_001:S000728,improved_dataset_1000_20260807_001,S000728,train,TOPO-0262,23,0.026859156944623264,0.13929297472111346,0.1124338177764902
improved_dataset_1000_20260807_001:S000730,improved_dataset_1000_20260807_001,S000730,train,TOPO-0303,23,0.045766089847671276,0.15620722565467685,0.11044113580700557
improved_dataset_1000_20260807_001:S000731,improved_dataset_1000_20260807_001,S000731,train,TOPO-0250,23,0.04288255083573558,0.16645582732555467,0.12357327648981908
improved_dataset_1000_20260807_001:S000733,improved_dataset_1000_20260807_001,S000733,train,TOPO-0304,23,0.17212004762941796,0.1404654954298104,-0.031654552199607555
improved_dataset_1000_20260807_001:S000734,improved_dataset_1000_20260807_001,S000734,train,TOPO-0305,23,0.13733474136028473,0.2810588092089592,0.14372406784867447
improved_dataset_1000_20260807_001:S000735,improved_dataset_1000_20260807_001,S000735,train,TOPO-0162,23,0.6461632661090203,0.17912489074284976,-0.46703837536617054
improved_dataset_1000_20260807_001:S000737,improved_dataset_1000_20260807_001,S000737,train,TOPO-0307,23,0.6696447280663962,0.24375852637146184,-0.42588620169493435
improved_dataset_1000_20260807_001:S000738,improved_dataset_1000_20260807_001,S000738,train,TOPO-0299,23,0.08105354042834759,0.1730888689879323,0.09203532855958471
improved_dataset_1000_20260807_001:S000740,improved_dataset_1000_20260807_001,S000740,train,TOPO-0299,23,0.292161495504824,0.23003137789189704,-0.06213011761292697
improved_dataset_1000_20260807_001:S000741,improved_dataset_1000_20260807_001,S000741,train,TOPO-0308,23,0.07425259031583245,0.15226980220974962,0.07801721189391717
improved_dataset_1000_20260807_001:S000742,improved_dataset_1000_20260807_001,S000742,train,TOPO-0309,23,0.04191171869288726,0.1393325537478458,0.09742083505495855
improved_dataset_1000_20260807_001:S000746,improved_dataset_1000_20260807_001,S000746,train,TOPO-0311,23,0.5862402376402516,0.2501257253672874,-0.3361145122729642
improved_dataset_1000_20260807_001:S000747,improved_dataset_1000_20260807_001,S000747,train,TOPO-0275,23,0.034654463785044554,0.15959177360124935,0.1249373098162048
improved_dataset_1000_20260807_001:S000748,improved_dataset_1000_20260807_001,S000748,train,TOPO-0312,23,0.15425429248791056,0.1534407843235736,-0.0008135081643369513
improved_dataset_1000_20260807_001:S000749,improved_dataset_1000_20260807_001,S000749,train,TOPO-0275,23,0.06840284199778629,0.15174124712138698,0.08333840512360069
improved_dataset_1000_20260807_001:S000750,improved_dataset_1000_20260807_001,S000750,train,TOPO-0230,23,0.05584765317033977,0.17624692250545415,0.12039926933511438
improved_dataset_1000_20260807_001:S000753,improved_dataset_1000_20260807_001,S000753,train,TOPO-0302,24,0.07472346401295721,0.11365953847540398,0.038936074462446776
improved_dataset_1000_20260807_001:S000754,improved_dataset_1000_20260807_001,S000754,train,TOPO-0315,24,0.49961853472371914,0.3095561328962268,-0.19006240182749234
improved_dataset_1000_20260807_001:S000755,improved_dataset_1000_20260807_001,S000755,train,TOPO-0220,24,0.03334054620752128,0.23271418465428012,0.19937363844675884
improved_dataset_1000_20260807_001:S000756,improved_dataset_1000_20260807_001,S000756,train,TOPO-0246,24,0.12403486730881925,0.2667405445165718,0.14270567720775257
improved_dataset_1000_20260807_001:S000758,improved_dataset_1000_20260807_001,S000758,train,TOPO-0207,24,0.25826201666455706,0.2942926881513732,0.03603067148681616
improved_dataset_1000_20260807_001:S000759,improved_dataset_1000_20260807_001,S000759,train,TOPO-0317,24,0.06795467583878678,0.3887938961863755,0.3208392203475887
improved_dataset_1000_20260807_001:S000760,improved_dataset_1000_20260807_001,S000760,train,TOPO-0318,24,0.5625170783448301,0.3644039098730071,-0.19811316847182303
improved_dataset_1000_20260807_001:S000761,improved_dataset_1000_20260807_001,S000761,train,TOPO-0318,24,0.014074643204109727,0.1484247634286951,0.13435012022458537
improved_dataset_1000_20260807_001:S000763,improved_dataset_1000_20260807_001,S000763,train,TOPO-0319,24,0.047950417072333745,0.17693676212775114,0.1289863450554174
improved_dataset_1000_20260807_001:S000764,improved_dataset_1000_20260807_001,S000764,train,TOPO-0252,24,0.09197388200976672,0.1298570270291431,0.03788314501937637
improved_dataset_1000_20260807_001:S000767,improved_dataset_1000_20260807_001,S000767,train,TOPO-0320,24,0.015177741451038201,0.2820340661384422,0.26685632468740395
improved_dataset_1000_20260807_001:S000768,improved_dataset_1000_20260807_001,S000768,train,TOPO-0214,24,0.12162495024278144,0.18077161434964661,0.05914666410686517
improved_dataset_1000_20260807_001:S000769,improved_dataset_1000_20260807_001,S000769,train,TOPO-0129,24,0.1829545701026723,0.27021167291049625,0.08725710280782395
improved_dataset_1000_20260807_001:S000770,improved_dataset_1000_20260807_001,S000770,train,TOPO-0289,24,0.29159944149222705,0.39683122930581516,0.1052317878135881
improved_dataset_1000_20260807_001:S000771,improved_dataset_1000_20260807_001,S000771,train,TOPO-0289,24,0.07737011246945052,0.1126282660815456,0.03525815361209507
improved_dataset_1000_20260807_001:S000773,improved_dataset_1000_20260807_001,S000773,train,TOPO-0321,24,1.383847268018001,0.9189732420178922,-0.46487402600010874
improved_dataset_1000_20260807_001:S000776,improved_dataset_1000_20260807_001,S000776,train,TOPO-0322,24,0.17423195213230963,0.33040254421915194,0.1561705920868423
improved_dataset_1000_20260807_001:S000777,improved_dataset_1000_20260807_001,S000777,train,TOPO-0281,24,0.5062701668565619,0.4654131513897076,-0.040857015466854274
improved_dataset_1000_20260807_001:S000778,improved_dataset_1000_20260807_001,S000778,train,TOPO-0281,24,0.3389216591428158,0.277925444833649,-0.060996214309166796
improved_dataset_1000_20260807_001:S000781,improved_dataset_1000_20260807_001,S000781,train,TOPO-0324,24,0.0313446172723047,0.10581669435890736,0.07447207708660267
improved_dataset_1000_20260807_001:S000782,improved_dataset_1000_20260807_001,S000782,train,TOPO-0325,25,0.05309319696274703,0.27174940829254113,0.2186562113297941
improved_dataset_1000_20260807_001:S000783,improved_dataset_1000_20260807_001,S000783,train,TOPO-0326,25,0.04777810505755978,0.1709056187796809,0.12312751372212113
improved_dataset_1000_20260807_001:S000784,improved_dataset_1000_20260807_001,S000784,train,TOPO-0327,25,0.7484226106545127,0.5229765907612836,-0.2254460198932291
improved_dataset_1000_20260807_001:S000785,improved_dataset_1000_20260807_001,S000785,train,TOPO-0326,25,0.06656714976034062,0.17898214362438492,0.1124149938640443
improved_dataset_1000_20260807_001:S000786,improved_dataset_1000_20260807_001,S000786,train,TOPO-0261,25,0.08438403594538266,0.1331065022623672,0.04872246631698454
improved_dataset_1000_20260807_001:S000787,improved_dataset_1000_20260807_001,S000787,train,TOPO-0147,25,0.12234198850858292,0.3000826753223532,0.1777406868137703
improved_dataset_1000_20260807_001:S000791,improved_dataset_1000_20260807_001,S000791,train,TOPO-0328,25,0.09942631563549555,0.17885528117160865,0.0794289655361131
improved_dataset_1000_20260807_001:S000794,improved_dataset_1000_20260807_001,S000794,train,TOPO-0329,25,0.13366021072415313,0.18013495174945934,0.046474741025306215
improved_dataset_1000_20260807_001:S000795,improved_dataset_1000_20260807_001,S000795,train,TOPO-0162,25,0.21157465774430453,0.2924624181344799,0.08088776039017534
improved_dataset_1000_20260807_001:S000796,improved_dataset_1000_20260807_001,S000796,train,TOPO-0330,25,0.24648147056440622,0.30781998244156294,0.06133851187715672
improved_dataset_1000_20260807_001:S000797,improved_dataset_1000_20260807_001,S000797,train,TOPO-0331,25,0.19614352738029506,0.22507601742626043,0.028932490045965376
improved_dataset_1000_20260807_001:S000798,improved_dataset_1000_20260807_001,S000798,train,TOPO-0332,25,0.07288108684606345,0.1858694115620237,0.11298832471596024
improved_dataset_1000_20260807_001:S000799,improved_dataset_1000_20260807_001,S000799,train,TOPO-0333,25,0.22743508990043346,0.2659517387581954,0.03851664885776193
improved_dataset_1000_20260807_001:S000801,improved_dataset_1000_20260807_001,S000801,train,TOPO-0298,25,0.2551970428313506,0.22933538123735836,-0.025861661593992225
improved_dataset_1000_20260807_001:S000804,improved_dataset_1000_20260807_001,S000804,train,TOPO-0334,25,0.08288284484432062,0.1532392867557092,0.07035644191138857
improved_dataset_1000_20260807_001:S000805,improved_dataset_1000_20260807_001,S000805,train,TOPO-0335,25,1.0378068823070146,0.5754300912847348,-0.4623767910222798
improved_dataset_1000_20260807_001:S000807,improved_dataset_1000_20260807_001,S000807,train,TOPO-0336,25,0.03291445092669959,0.19074646815962504,0.15783201723292545
improved_dataset_1000_20260807_001:S000808,improved_dataset_1000_20260807_001,S000808,train,TOPO-0337,25,0.3374475897555146,0.23932579209842736,-0.09812179765708723
improved_dataset_1000_20260807_001:S000809,improved_dataset_1000_20260807_001,S000809,train,TOPO-0338,25,0.07162207057800754,0.08655194795440033,0.014929877376392786
improved_dataset_1000_20260807_001:S000810,improved_dataset_1000_20260807_001,S000810,train,TOPO-0243,25,0.09457514722300688,0.24506973283870895,0.15049458561570206
improved_dataset_1000_20260807_001:S000812,improved_dataset_1000_20260807_001,S000812,train,TOPO-0340,26,0.2176480303819352,0.25083849801144104,0.03319046762950584
improved_dataset_1000_20260807_001:S000815,improved_dataset_1000_20260807_001,S000815,train,TOPO-0302,26,0.0663995065851812,0.20513959212445707,0.13874008553927586
improved_dataset_1000_20260807_001:S000816,improved_dataset_1000_20260807_001,S000816,train,TOPO-0341,26,0.06715480811382368,0.12699903930309792,0.05984423118927423
improved_dataset_1000_20260807_001:S000817,improved_dataset_1000_20260807_001,S000817,train,TOPO-0342,26,0.02841931336781711,0.1902007763076772,0.1617814629398601
improved_dataset_1000_20260807_001:S000818,improved_dataset_1000_20260807_001,S000818,train,TOPO-0318,26,0.03600910637720556,0.2601172119183926,0.22410810554118704
improved_dataset_1000_20260807_001:S000819,improved_dataset_1000_20260807_001,S000819,train,TOPO-0343,26,0.11699648547990642,0.25718190714723066,0.14018542166732423
improved_dataset_1000_20260807_001:S000820,improved_dataset_1000_20260807_001,S000820,train,TOPO-0195,26,0.30085362807470356,0.2901700762442351,-0.010683551830468485
improved_dataset_1000_20260807_001:S000821,improved_dataset_1000_20260807_001,S000821,train,TOPO-0344,26,0.040046294435896246,0.15742899731580764,0.1173827028799114
improved_dataset_1000_20260807_001:S000823,improved_dataset_1000_20260807_001,S000823,train,TOPO-0254,26,0.49662553264482073,0.36717800703997827,-0.12944752560484246
improved_dataset_1000_20260807_001:S000824,improved_dataset_1000_20260807_001,S000824,train,TOPO-0345,26,0.1433572579660672,0.17797141147208073,0.034614153506013545
improved_dataset_1000_20260807_001:S000827,improved_dataset_1000_20260807_001,S000827,train,TOPO-0289,26,0.0447896550972855,0.13860955740603623,0.09381990230875073
improved_dataset_1000_20260807_001:S000829,improved_dataset_1000_20260807_001,S000829,train,TOPO-0347,26,0.027511160396793993,0.16230805673949364,0.13479689634269965
improved_dataset_1000_20260807_001:S000830,improved_dataset_1000_20260807_001,S000830,train,TOPO-0347,26,0.12013188716704838,0.17127599039860314,0.05114410323155476
improved_dataset_1000_20260807_001:S000831,improved_dataset_1000_20260807_001,S000831,train,TOPO-0348,26,0.2868657898950362,0.31567482759806875,0.02880903770303256
improved_dataset_1000_20260807_001:S000833,improved_dataset_1000_20260807_001,S000833,train,TOPO-0349,26,0.3951188050451925,0.410032564313916,0.014913759268723514
improved_dataset_1000_20260807_001:S000834,improved_dataset_1000_20260807_001,S000834,train,TOPO-0311,26,0.06986534539604236,0.19749024753523517,0.1276249021391928
improved_dataset_1000_20260807_001:S000837,improved_dataset_1000_20260807_001,S000837,train,TOPO-0337,26,0.03426037127758072,0.12833695896063957,0.09407658768305885
improved_dataset_1000_20260807_001:S000838,improved_dataset_1000_20260807_001,S000838,train,TOPO-0351,26,0.05604411581911986,0.15275449142773379,0.09671037560861392
improved_dataset_1000_20260807_001:S000839,improved_dataset_1000_20260807_001,S000839,train,TOPO-0204,26,1.175236807888832,0.6154281675945028,-0.5598086402943292
improved_dataset_1000_20260807_001:S000840,improved_dataset_1000_20260807_001,S000840,train,TOPO-0352,26,0.17839228348858363,0.42230390891479663,0.243911625426213
improved_dataset_1000_20260807_001:S000841,improved_dataset_1000_20260807_001,S000841,train,TOPO-0353,26,1.6129662428139917,0.8738394421321283,-0.7391268006818634
improved_dataset_1000_20260807_001:S000844,improved_dataset_1000_20260807_001,S000844,train,TOPO-0261,27,0.18987142150586866,0.2117974449555363,0.021926023449667625
improved_dataset_1000_20260807_001:S000848,improved_dataset_1000_20260807_001,S000848,train,TOPO-0355,27,0.19289588519716966,0.21495855692775875,0.022062671730589095
improved_dataset_1000_20260807_001:S000849,improved_dataset_1000_20260807_001,S000849,train,TOPO-0356,27,0.022491499929216008,0.10814626493957856,0.08565476501036255
improved_dataset_1000_20260807_001:S000851,improved_dataset_1000_20260807_001,S000851,train,TOPO-0223,27,0.05053870503364527,0.13225169608943976,0.08171299105579449
improved_dataset_1000_20260807_001:S000852,improved_dataset_1000_20260807_001,S000852,train,TOPO-0357,27,0.04898229429314219,0.08336043530389087,0.03437814101074868
improved_dataset_1000_20260807_001:S000853,improved_dataset_1000_20260807_001,S000853,train,TOPO-0358,27,0.20846751712695435,0.16876673315876684,-0.03970078396818752
improved_dataset_1000_20260807_001:S000854,improved_dataset_1000_20260807_001,S000854,train,TOPO-0225,27,0.028811517117436847,0.2101168669560344,0.18130534983859756
improved_dataset_1000_20260807_001:S000857,improved_dataset_1000_20260807_001,S000857,train,TOPO-0256,27,0.04568530831134057,0.07948831194757247,0.0338030036362319
improved_dataset_1000_20260807_001:S000860,improved_dataset_1000_20260807_001,S000860,train,TOPO-0256,27,0.09888321286733398,0.14634267848609156,0.04745946561875758
improved_dataset_1000_20260807_001:S000861,improved_dataset_1000_20260807_001,S000861,train,TOPO-0359,27,0.049652410720817525,0.20510883879624606,0.15545642807542853
improved_dataset_1000_20260807_001:S000865,improved_dataset_1000_20260807_001,S000865,train,TOPO-0311,27,0.680048600487455,0.25659677951703863,-0.42345182097041634
improved_dataset_1000_20260807_001:S000866,improved_dataset_1000_20260807_001,S000866,train,TOPO-0311,27,0.12031992468252405,0.21657069669783469,0.09625077201531064
improved_dataset_1000_20260807_001:S000867,improved_dataset_1000_20260807_001,S000867,train,TOPO-0361,27,0.1743467419208326,0.23404216313201753,0.05969542121118493
improved_dataset_1000_20260807_001:S000868,improved_dataset_1000_20260807_001,S000868,train,TOPO-0362,27,0.06715285568998489,0.0976093730335019,0.03045651734351701
improved_dataset_1000_20260807_001:S000869,improved_dataset_1000_20260807_001,S000869,train,TOPO-0204,27,0.5143626241164505,0.3797783456686973,-0.13458427844775323
improved_dataset_1000_20260807_001:S000870,improved_dataset_1000_20260807_001,S000870,train,TOPO-0281,27,0.09804137864083562,0.10902711580985572,0.010985737169020099
improved_dataset_1000_20260807_001:S000871,improved_dataset_1000_20260807_001,S000871,train,TOPO-0363,27,0.20604857407978672,0.2231521849245916,0.017103610844804884
improved_dataset_1000_20260807_001:S000874,improved_dataset_1000_20260807_001,S000874,train,TOPO-0364,28,0.0408125146826373,0.05786562115073679,0.017053106468099488
improved_dataset_1000_20260807_001:S000876,improved_dataset_1000_20260807_001,S000876,train,TOPO-0155,28,0.07916316971241616,0.1361705078419036,0.05700733812948744
improved_dataset_1000_20260807_001:S000877,improved_dataset_1000_20260807_001,S000877,train,TOPO-0365,28,1.5860709253304628,0.7135461665139038,-0.872524758816559
improved_dataset_1000_20260807_001:S000878,improved_dataset_1000_20260807_001,S000878,train,TOPO-0366,28,0.20475344990808686,0.23533989363037722,0.030586443722290357
improved_dataset_1000_20260807_001:S000879,improved_dataset_1000_20260807_001,S000879,train,TOPO-0355,28,0.12588731431388167,0.27204430387469464,0.14615698956081297
improved_dataset_1000_20260807_001:S000880,improved_dataset_1000_20260807_001,S000880,train,TOPO-0367,28,0.12609471690275853,0.23851373366184572,0.11241901675908719
improved_dataset_1000_20260807_001:S000881,improved_dataset_1000_20260807_001,S000881,train,TOPO-0368,28,0.06402749200801416,0.21262768666549173,0.14860019465747756
improved_dataset_1000_20260807_001:S000884,improved_dataset_1000_20260807_001,S000884,train,TOPO-0161,28,0.0990812353329853,0.20293653118084126,0.10385529584785597
improved_dataset_1000_20260807_001:S000885,improved_dataset_1000_20260807_001,S000885,train,TOPO-0357,28,0.4914851402292103,0.3256026587654294,-0.16588248146378093
improved_dataset_1000_20260807_001:S000887,improved_dataset_1000_20260807_001,S000887,train,TOPO-0369,28,0.02349960851198679,0.2268112805361225,0.20331167202413572
improved_dataset_1000_20260807_001:S000888,improved_dataset_1000_20260807_001,S000888,train,TOPO-0348,28,0.30854206093194836,0.25950161480421613,-0.04904044612773223
improved_dataset_1000_20260807_001:S000889,improved_dataset_1000_20260807_001,S000889,train,TOPO-0370,28,0.054606420936815614,0.2389040751811192,0.18429765424430358
improved_dataset_1000_20260807_001:S000890,improved_dataset_1000_20260807_001,S000890,train,TOPO-0371,28,2.8925358463970237,1.916018330218082,-0.9765175161789417
improved_dataset_1000_20260807_001:S000892,improved_dataset_1000_20260807_001,S000892,train,TOPO-0373,28,0.6858593109397241,0.3374733426503884,-0.34838596828933566
improved_dataset_1000_20260807_001:S000893,improved_dataset_1000_20260807_001,S000893,train,TOPO-0374,28,0.20620115626806457,0.28781797320692415,0.08161681693885958
improved_dataset_1000_20260807_001:S000894,improved_dataset_1000_20260807_001,S000894,train,TOPO-0375,28,0.18021999094918853,0.35318284196541583,0.1729628510162273
improved_dataset_1000_20260807_001:S000897,improved_dataset_1000_20260807_001,S000897,train,TOPO-0351,28,0.2198059343950135,0.33233524221058885,0.11252930781557535
improved_dataset_1000_20260807_001:S000898,improved_dataset_1000_20260807_001,S000898,train,TOPO-0376,28,0.0526204026747808,0.15865210596282808,0.10603170328804729
improved_dataset_1000_20260807_001:S000899,improved_dataset_1000_20260807_001,S000899,train,TOPO-0351,28,0.05951064434492406,0.08211528761168999,0.022604643266765923
improved_dataset_1000_20260807_001:S000900,improved_dataset_1000_20260807_001,S000900,train,TOPO-0377,28,0.22441599869062642,0.23199774193080447,0.007581743240178046
improved_dataset_1000_20260807_001:S000901,improved_dataset_1000_20260807_001,S000901,train,TOPO-0363,28,0.06540537268825666,0.22878484944343513,0.16337947675517847
improved_dataset_1000_20260807_001:S000902,improved_dataset_1000_20260807_001,S000902,train,TOPO-0378,29,0.11727083286225636,0.11938859728941421,0.002117764427157859
improved_dataset_1000_20260807_001:S000903,improved_dataset_1000_20260807_001,S000903,train,TOPO-0379,29,0.024845550084866164,0.09456113009316412,0.06971558000829796
improved_dataset_1000_20260807_001:S000905,improved_dataset_1000_20260807_001,S000905,train,TOPO-0380,29,0.12368799374745705,0.256548701080008,0.13286070733255095
improved_dataset_1000_20260807_001:S000907,improved_dataset_1000_20260807_001,S000907,train,TOPO-0366,29,0.1456755225271718,0.2056847083297024,0.06000918580253059
improved_dataset_1000_20260807_001:S000908,improved_dataset_1000_20260807_001,S000908,train,TOPO-0286,29,0.4823167276581523,0.36697798970649165,-0.11533873795166066
improved_dataset_1000_20260807_001:S000909,improved_dataset_1000_20260807_001,S000909,train,TOPO-0366,29,0.04443568277750937,0.07196032800808108,0.027524645230571715
improved_dataset_1000_20260807_001:S000910,improved_dataset_1000_20260807_001,S000910,train,TOPO-0147,29,0.04191185663587588,0.09823227051507563,0.056320413879199754
improved_dataset_1000_20260807_001:S000911,improved_dataset_1000_20260807_001,S000911,train,TOPO-0381,29,0.03379195933225271,0.08008588097423733,0.04629392164198462
improved_dataset_1000_20260807_001:S000912,improved_dataset_1000_20260807_001,S000912,train,TOPO-0382,29,0.0366382961812598,0.08545515264095149,0.04881685645969169
improved_dataset_1000_20260807_001:S000914,improved_dataset_1000_20260807_001,S000914,train,TOPO-0383,29,0.05527446821966178,0.12443941165042016,0.06916494343075838
improved_dataset_1000_20260807_001:S000915,improved_dataset_1000_20260807_001,S000915,train,TOPO-0225,29,0.07041320189181147,0.14315416874833417,0.0727409668565227
improved_dataset_1000_20260807_001:S000916,improved_dataset_1000_20260807_001,S000916,train,TOPO-0384,29,0.12281462363156229,0.21986375936633323,0.09704913573477095
improved_dataset_1000_20260807_001:S000917,improved_dataset_1000_20260807_001,S000917,train,TOPO-0385,29,0.08913745583394142,0.11366544880191602,0.0245279929679746
improved_dataset_1000_20260807_001:S000918,improved_dataset_1000_20260807_001,S000918,train,TOPO-0139,29,0.13690241211747775,0.29384932346947734,0.1569469113519996
improved_dataset_1000_20260807_001:S000919,improved_dataset_1000_20260807_001,S000919,train,TOPO-0386,29,0.1245882839681293,0.14007754138533982,0.015489257417210522
improved_dataset_1000_20260807_001:S000920,improved_dataset_1000_20260807_001,S000920,train,TOPO-0371,29,0.10119185855773273,0.20219139233660974,0.10099953377887701
improved_dataset_1000_20260807_001:S000924,improved_dataset_1000_20260807_001,S000924,train,TOPO-0202,29,0.12595854595100078,0.2651030179932656,0.1391444720422648
improved_dataset_1000_20260807_001:S000925,improved_dataset_1000_20260807_001,S000925,train,TOPO-0389,29,0.055051807014044635,0.12483389676485156,0.06978208975080692
improved_dataset_1000_20260807_001:S000926,improved_dataset_1000_20260807_001,S000926,train,TOPO-0202,29,0.02967864796584674,0.10811907955982297,0.07844043159397623
improved_dataset_1000_20260807_001:S000927,improved_dataset_1000_20260807_001,S000927,train,TOPO-0390,29,0.08905209034598915,0.11485731866751553,0.025805228321526374
improved_dataset_1000_20260807_001:S000928,improved_dataset_1000_20260807_001,S000928,train,TOPO-0337,29,0.12106340555814243,0.2561176451570959,0.13505423959895346
improved_dataset_1000_20260807_001:S000929,improved_dataset_1000_20260807_001,S000929,train,TOPO-0391,29,0.4946112042371232,0.2936141678123917,-0.2009970364247315
improved_dataset_1000_20260807_001:S000930,improved_dataset_1000_20260807_001,S000930,train,TOPO-0391,29,0.47272243202625513,0.5612605238285708,0.0885380918023157
improved_dataset_1000_20260807_001:S000931,improved_dataset_1000_20260807_001,S000931,train,TOPO-0363,29,0.18347389362179709,0.1965307108009543,0.013056817179157215
improved_dataset_1000_20260807_001:S000935,improved_dataset_1000_20260807_001,S000935,train,TOPO-0315,30,0.028562201082020316,0.17297442670963062,0.1444122256276103
improved_dataset_1000_20260807_001:S000937,improved_dataset_1000_20260807_001,S000937,train,TOPO-0318,30,0.06673025142787498,0.14768199879551758,0.0809517473676426
improved_dataset_1000_20260807_001:S000938,improved_dataset_1000_20260807_001,S000938,train,TOPO-0366,30,0.6835198827408667,0.6650444779501918,-0.018475404790674888
improved_dataset_1000_20260807_001:S000939,improved_dataset_1000_20260807_001,S000939,train,TOPO-0296,30,0.5533221594979605,0.24645472288836448,-0.30686743660959603
improved_dataset_1000_20260807_001:S000941,improved_dataset_1000_20260807_001,S000941,train,TOPO-0366,30,0.47160496648651284,0.31419878456493056,-0.1574061819215823
improved_dataset_1000_20260807_001:S000944,improved_dataset_1000_20260807_001,S000944,train,TOPO-0383,30,0.10629539897338562,0.17999795844526947,0.07370255947188385
improved_dataset_1000_20260807_001:S000945,improved_dataset_1000_20260807_001,S000945,train,TOPO-0357,30,0.0730966174602693,0.11392870769018143,0.04083209022991213
improved_dataset_1000_20260807_001:S000946,improved_dataset_1000_20260807_001,S000946,train,TOPO-0392,30,0.13862060876162383,0.15730715121286726,0.018686542451243432
improved_dataset_1000_20260807_001:S000947,improved_dataset_1000_20260807_001,S000947,train,TOPO-0371,30,0.455304094968309,0.2687999272265496,-0.18650416774175937
improved_dataset_1000_20260807_001:S000948,improved_dataset_1000_20260807_001,S000948,train,TOPO-0393,30,0.12136887500092296,0.30025744908892393,0.17888857408800096
improved_dataset_1000_20260807_001:S000950,improved_dataset_1000_20260807_001,S000950,train,TOPO-0370,30,0.0913085086986998,0.08079139569499019,-0.01051711300370961
improved_dataset_1000_20260807_001:S000951,improved_dataset_1000_20260807_001,S000951,train,TOPO-0395,30,0.12983027139485204,0.2890942111265583,0.15926393973170627
improved_dataset_1000_20260807_001:S000952,improved_dataset_1000_20260807_001,S000952,train,TOPO-0396,30,0.1167261384442262,0.13188043845209074,0.015154300007864538
improved_dataset_1000_20260807_001:S000955,improved_dataset_1000_20260807_001,S000955,train,TOPO-0397,30,0.8408175459744083,0.3919012317808346,-0.4489163141935737
improved_dataset_1000_20260807_001:S000956,improved_dataset_1000_20260807_001,S000956,train,TOPO-0309,30,1.3528623865841054,0.8079415298326444,-0.544920856751461
improved_dataset_1000_20260807_001:S000957,improved_dataset_1000_20260807_001,S000957,train,TOPO-0398,30,0.029319868863467463,0.18484555625655294,0.15552568739308548
improved_dataset_1000_20260807_001:S000958,improved_dataset_1000_20260807_001,S000958,train,TOPO-0337,30,1.3509548684935897,0.7427015419228427,-0.608253326570747
improved_dataset_1000_20260807_001:S000959,improved_dataset_1000_20260807_001,S000959,train,TOPO-0399,30,0.04878206473967309,0.16682277689725938,0.1180407121575863
improved_dataset_1000_20260807_001:S000960,improved_dataset_1000_20260807_001,S000960,train,TOPO-0390,30,0.051462307619392855,0.24532969701174637,0.1938673893923535
improved_dataset_1000_20260807_001:S000961,improved_dataset_1000_20260807_001,S000961,train,TOPO-0400,30,0.4008784129256806,0.2739424259254861,-0.12693598700019448
improved_dataset_1000_20260807_001:S000964,improved_dataset_1000_20260807_001,S000964,train,TOPO-0401,31,0.16816107855076953,0.3286868729927973,0.16052579444202777
improved_dataset_1000_20260807_001:S000966,improved_dataset_1000_20260807_001,S000966,train,TOPO-0402,31,0.021749727424456577,0.18462203821275652,0.16287231078829995
improved_dataset_1000_20260807_001:S000967,improved_dataset_1000_20260807_001,S000967,train,TOPO-0355,31,0.07472337912496421,0.17690592391154714,0.10218254478658292
improved_dataset_1000_20260807_001:S000968,improved_dataset_1000_20260807_001,S000968,train,TOPO-0403,31,0.11028200439925241,0.19765305872666852,0.08737105432741611
improved_dataset_1000_20260807_001:S000969,improved_dataset_1000_20260807_001,S000969,train,TOPO-0019,31,0.1219796016665015,0.22482799593273703,0.10284839426623553
improved_dataset_1000_20260807_001:S000970,improved_dataset_1000_20260807_001,S000970,train,TOPO-0404,31,0.04672729781431417,0.16783058306655516,0.12110328525224098
improved_dataset_1000_20260807_001:S000971,improved_dataset_1000_20260807_001,S000971,train,TOPO-0223,31,0.15874285653283574,0.2713472832587405,0.11260442672590479
improved_dataset_1000_20260807_001:S000972,improved_dataset_1000_20260807_001,S000972,train,TOPO-0405,31,0.0962771939264863,0.15022227198579322,0.053945078059306914
improved_dataset_1000_20260807_001:S000973,improved_dataset_1000_20260807_001,S000973,train,TOPO-0406,31,0.13370431534201188,0.32981935309630006,0.19611503775428818
improved_dataset_1000_20260807_001:S000975,improved_dataset_1000_20260807_001,S000975,train,TOPO-0407,31,0.0793360547211428,0.1815892767201406,0.1022532219989978
improved_dataset_1000_20260807_001:S000976,improved_dataset_1000_20260807_001,S000976,train,TOPO-0383,31,0.05205198206270947,0.24082052640652243,0.18876854434381296
improved_dataset_1000_20260807_001:S000977,improved_dataset_1000_20260807_001,S000977,train,TOPO-0408,31,0.04341408761485205,0.027458805727116398,-0.01595528188773565
improved_dataset_1000_20260807_001:S000978,improved_dataset_1000_20260807_001,S000978,train,TOPO-0371,31,0.11210066598310413,0.16579589745703832,0.053695231473934193
improved_dataset_1000_20260807_001:S000979,improved_dataset_1000_20260807_001,S000979,train,TOPO-0331,31,0.28543666339452456,0.3001570796482104,0.014720416253685864
improved_dataset_1000_20260807_001:S000981,improved_dataset_1000_20260807_001,S000981,train,TOPO-0409,31,0.06990834116449263,0.19433650340973255,0.12442816224523992
improved_dataset_1000_20260807_001:S000982,improved_dataset_1000_20260807_001,S000982,train,TOPO-0410,31,0.10313172958457743,0.20458565287344016,0.10145392328886273
improved_dataset_1000_20260807_001:S000984,improved_dataset_1000_20260807_001,S000984,train,TOPO-0411,31,0.06334791056912026,0.20207452279225846,0.1387266122231382
improved_dataset_1000_20260807_001:S000985,improved_dataset_1000_20260807_001,S000985,train,TOPO-0373,31,0.15585104624708293,0.30064015599432775,0.14478910974724482
improved_dataset_1000_20260807_001:S000986,improved_dataset_1000_20260807_001,S000986,train,TOPO-0240,31,1.718166828984656,0.5838303948512076,-1.1343364341334483
improved_dataset_1000_20260807_001:S000987,improved_dataset_1000_20260807_001,S000987,train,TOPO-0390,31,0.14479120716568067,0.22258824745965014,0.07779704029396947
improved_dataset_1000_20260807_001:S000988,improved_dataset_1000_20260807_001,S000988,train,TOPO-0412,31,0.047354545805528725,0.22602802565666286,0.17867347985113413
improved_dataset_1000_20260807_001:S000989,improved_dataset_1000_20260807_001,S000989,train,TOPO-0413,31,0.6951621860916808,0.2353850911811457,-0.4597770949105351
improved_dataset_1000_20260807_001:S000990,improved_dataset_1000_20260807_001,S000990,train,TOPO-0414,31,0.6296391816132448,0.23173414879606666,-0.39790503281717815
improved_dataset_1000_20260807_001:S000991,improved_dataset_1000_20260807_001,S000991,train,TOPO-0390,31,0.0769940374384992,0.16839482294497166,0.09140078550647246
improved_dataset_1000_20260807_001:S000993,improved_dataset_1000_20260807_001,S000993,train,TOPO-0261,32,0.0623885807493223,0.14859198216388958,0.08620340141456728
improved_dataset_1000_20260807_001:S000996,improved_dataset_1000_20260807_001,S000996,train,TOPO-0415,32,0.2230926764519421,0.3486308294512289,0.1255381529992868
improved_dataset_1000_20260807_001:S000997,improved_dataset_1000_20260807_001,S000997,train,TOPO-0195,32,0.1198839187285206,0.2365767116882658,0.1166927929597452
improved_dataset_1000_20260807_001:S000998,improved_dataset_1000_20260807_001,S000998,train,TOPO-0355,32,0.13002046824864943,0.23492500091188065,0.10490453266323121
improved_dataset_1000_20260807_001:S000999,improved_dataset_1000_20260807_001,S000999,train,TOPO-0416,32,0.8040792534835131,0.7360147024949066,-0.06806455098860642
improved_dataset_1000_20260807_001:S001000,improved_dataset_1000_20260807_001,S001000,train,TOPO-0249,32,1.3964336107388753,0.7005420899795173,-0.695891520759358
improved_dataset_1000_20260807_001:S001001,improved_dataset_1000_20260807_001,S001001,train,TOPO-0417,32,0.03142065569202698,0.11360962433552488,0.0821889686434979
band_supplement_300_20260808_001:S000002,band_supplement_300_20260808_001,S000002,train,TOPO-0418,1,0.0945810044945233,0.16934467183705235,0.07476366734252905
band_supplement_300_20260808_001:S000003,band_supplement_300_20260808_001,S000003,train,TOPO-0419,1,0.09683010125783839,0.1429139993941625,0.0460838981363241
band_supplement_300_20260808_001:S000004,band_supplement_300_20260808_001,S000004,train,TOPO-0391,1,0.03558585484414911,0.04267825726960203,0.0070924024254529205
band_supplement_300_20260808_001:S000006,band_supplement_300_20260808_001,S000006,train,TOPO-0096,1,0.03278578195132248,0.036712891505101236,0.003927109553778757
band_supplement_300_20260808_001:S000007,band_supplement_300_20260808_001,S000007,train,TOPO-0121,1,0.12182727016307796,0.3188964224310947,0.19706915226801672
band_supplement_300_20260808_001:S000008,band_supplement_300_20260808_001,S000008,train,TOPO-0076,1,0.06294938266402264,0.14989467860983924,0.0869452959458166
band_supplement_300_20260808_001:S000009,band_supplement_300_20260808_001,S000009,train,TOPO-0296,1,3.644233285521058,1.968073345280432,-1.6761599402406262
band_supplement_300_20260808_001:S000010,band_supplement_300_20260808_001,S000010,train,TOPO-0420,1,0.3226332661595817,0.2798190625153124,-0.0428142036442693
band_supplement_300_20260808_001:S000012,band_supplement_300_20260808_001,S000012,train,TOPO-0296,1,0.10139451803000121,0.16365351551191287,0.06225899748191166
band_supplement_300_20260808_001:S000013,band_supplement_300_20260808_001,S000013,train,TOPO-0296,1,0.11081069743060364,0.2520703925657361,0.14125969513513248
band_supplement_300_20260808_001:S000015,band_supplement_300_20260808_001,S000015,train,TOPO-0422,1,0.1839878506281149,0.15917513272064712,-0.02481271790746778
band_supplement_300_20260808_001:S000016,band_supplement_300_20260808_001,S000016,train,TOPO-0304,1,0.07980051937479671,0.15895265190201507,0.07915213252721837
band_supplement_300_20260808_001:S000019,band_supplement_300_20260808_001,S000019,train,TOPO-0304,1,0.048541704387517204,0.08493490596490294,0.036393201577385736
band_supplement_300_20260808_001:S000021,band_supplement_300_20260808_001,S000021,train,TOPO-0424,1,0.11754060690398388,0.27568969670723187,0.158149089803248
band_supplement_300_20260808_001:S000022,band_supplement_300_20260808_001,S000022,train,TOPO-0425,1,0.028791823103062802,0.08242455579215688,0.053632732689094076
band_supplement_300_20260808_001:S000026,band_supplement_300_20260808_001,S000026,train,TOPO-0233,1,0.02639448007098688,0.09301981880441443,0.06662533873342755
band_supplement_300_20260808_001:S000027,band_supplement_300_20260808_001,S000027,train,TOPO-0098,1,0.11628875306033663,0.28113419505223536,0.1648454419918987
band_supplement_300_20260808_001:S000030,band_supplement_300_20260808_001,S000030,train,TOPO-0366,1,0.10202157502323153,0.1672088368783864,0.06518726185515486
band_supplement_300_20260808_001:S000031,band_supplement_300_20260808_001,S000031,train,TOPO-0328,1,0.07191761873660715,0.15011516456063598,0.07819754582402882
band_supplement_300_20260808_001:S000032,band_supplement_300_20260808_001,S000032,train,TOPO-0427,2,0.1038362256494144,0.25853939083440713,0.15470316518499272
band_supplement_300_20260808_001:S000035,band_supplement_300_20260808_001,S000035,train,TOPO-0083,2,0.058817353495161984,0.18373314951064298,0.124915796015481
band_supplement_300_20260808_001:S000036,band_supplement_300_20260808_001,S000036,train,TOPO-0428,2,0.0311440269448654,0.06536875413027987,0.03422472718541447
band_supplement_300_20260808_001:S000037,band_supplement_300_20260808_001,S000037,train,TOPO-0229,2,0.1249293533129707,0.2288347940899367,0.10390544077696601
band_supplement_300_20260808_001:S000038,band_supplement_300_20260808_001,S000038,train,TOPO-0429,2,0.3396572666570842,0.32375902950063895,-0.015898237156445227
band_supplement_300_20260808_001:S000039,band_supplement_300_20260808_001,S000039,train,TOPO-0430,2,0.1557869452013751,0.4020684576994308,0.2462815124980557
band_supplement_300_20260808_001:S000040,band_supplement_300_20260808_001,S000040,train,TOPO-0431,2,0.20103238738804693,0.3214659289239568,0.12043354153590988
band_supplement_300_20260808_001:S000043,band_supplement_300_20260808_001,S000043,train,TOPO-0432,2,0.6474478336629668,0.20000481027463346,-0.4474430233883333
band_supplement_300_20260808_001:S000044,band_supplement_300_20260808_001,S000044,train,TOPO-0405,2,0.07571927444774335,0.10962956589611758,0.033910291448374236
band_supplement_300_20260808_001:S000045,band_supplement_300_20260808_001,S000045,train,TOPO-0425,2,0.2920534967557403,0.2715093238263625,-0.020544172929377824
band_supplement_300_20260808_001:S000046,band_supplement_300_20260808_001,S000046,train,TOPO-0403,2,0.07060951598660381,0.10921681925219384,0.03860730326559003
band_supplement_300_20260808_001:S000049,band_supplement_300_20260808_001,S000049,train,TOPO-0425,2,0.07893103288458131,0.2540966530419485,0.1751656201573672
band_supplement_300_20260808_001:S000050,band_supplement_300_20260808_001,S000050,train,TOPO-0433,2,0.11614000807461698,0.25157314523028873,0.13543313715567173
band_supplement_300_20260808_001:S000051,band_supplement_300_20260808_001,S000051,train,TOPO-0434,2,0.5664859952351572,0.3364662527235336,-0.2300197425116236
band_supplement_300_20260808_001:S000052,band_supplement_300_20260808_001,S000052,train,TOPO-0435,2,0.03972688214026687,0.15119797457723944,0.11147109243697256
band_supplement_300_20260808_001:S000053,band_supplement_300_20260808_001,S000053,train,TOPO-0436,2,0.06510953803268071,0.1101161863159423,0.04500664828326159
band_supplement_300_20260808_001:S000058,band_supplement_300_20260808_001,S000058,train,TOPO-0286,2,0.1068818264509703,0.20543688844516234,0.09855506199419203
band_supplement_300_20260808_001:S000062,band_supplement_300_20260808_001,S000062,train,TOPO-0418,3,0.11901155665754261,0.28771243090413773,0.16870087424659513
band_supplement_300_20260808_001:S000063,band_supplement_300_20260808_001,S000063,train,TOPO-0418,3,1.206113202467684,0.9085775612881573,-0.2975356411795267
band_supplement_300_20260808_001:S000066,band_supplement_300_20260808_001,S000066,train,TOPO-0071,3,0.02395851300209975,0.18766698113236677,0.16370846813026702
band_supplement_300_20260808_001:S000067,band_supplement_300_20260808_001,S000067,train,TOPO-0071,3,0.34102602187808007,0.454226293343292,0.11320027146521194
band_supplement_300_20260808_001:S000070,band_supplement_300_20260808_001,S000070,train,TOPO-0437,3,1.6339401983463868,0.8176774186368518,-0.816262779709535
band_supplement_300_20260808_001:S000071,band_supplement_300_20260808_001,S000071,train,TOPO-0438,3,0.04266399608677943,0.16206419475762684,0.11940019867084742
band_supplement_300_20260808_001:S000074,band_supplement_300_20260808_001,S000074,train,TOPO-0439,3,0.17111503745839138,0.15912955847940974,-0.01198547897898164
band_supplement_300_20260808_001:S000075,band_supplement_300_20260808_001,S000075,train,TOPO-0403,3,0.16171067871081304,0.17878773155118555,0.017077052840372503
band_supplement_300_20260808_001:S000076,band_supplement_300_20260808_001,S000076,train,TOPO-0403,3,0.12054900554261118,0.22114402681288467,0.10059502127027349
band_supplement_300_20260808_001:S000077,band_supplement_300_20260808_001,S000077,train,TOPO-0440,3,0.11157266266669597,0.2631588495117757,0.15158618684507974
band_supplement_300_20260808_001:S000079,band_supplement_300_20260808_001,S000079,train,TOPO-0425,3,0.411082374123244,0.2738293763408195,-0.1372529977824245
band_supplement_300_20260808_001:S000081,band_supplement_300_20260808_001,S000081,train,TOPO-0304,3,0.05701282576214339,0.22833130748700445,0.17131848172486105
band_supplement_300_20260808_001:S000083,band_supplement_300_20260808_001,S000083,train,TOPO-0436,3,0.4701571805440417,0.5370089579987745,0.06685177745473275
band_supplement_300_20260808_001:S000085,band_supplement_300_20260808_001,S000085,train,TOPO-0441,3,0.08168520259519771,0.17232901003516607,0.09064380743996836
band_supplement_300_20260808_001:S000088,band_supplement_300_20260808_001,S000088,train,TOPO-0233,3,0.0468917152457399,0.17889936191471936,0.13200764666897946
band_supplement_300_20260808_001:S000090,band_supplement_300_20260808_001,S000090,train,TOPO-0442,3,0.0780555193468635,0.13747266312689796,0.05941714378003446
band_supplement_300_20260808_001:S000093,band_supplement_300_20260808_001,S000093,train,TOPO-0427,4,0.028518335211641876,0.08644728105904162,0.05792894584739974
band_supplement_300_20260808_001:S000094,band_supplement_300_20260808_001,S000094,train,TOPO-0443,4,0.19415310555362383,0.2920046702432715,0.09785156468964765
band_supplement_300_20260808_001:S000095,band_supplement_300_20260808_001,S000095,train,TOPO-0444,4,3.605087017776965,1.6781767745902254,-1.9269102431867395
band_supplement_300_20260808_001:S000096,band_supplement_300_20260808_001,S000096,train,TOPO-0120,4,0.3368349637210929,0.3382786538179021,0.0014436900968092248
band_supplement_300_20260808_001:S000097,band_supplement_300_20260808_001,S000097,train,TOPO-0445,4,0.1250797217815563,0.26280829923921706,0.13772857745766076
band_supplement_300_20260808_001:S000098,band_supplement_300_20260808_001,S000098,train,TOPO-0446,4,0.12061554711811753,0.2582830423593212,0.13766749524120367
band_supplement_300_20260808_001:S000100,band_supplement_300_20260808_001,S000100,train,TOPO-0380,4,0.023872118247232482,0.17946310307617702,0.15559098482894454
band_supplement_300_20260808_001:S000101,band_supplement_300_20260808_001,S000101,train,TOPO-0447,4,0.02620812970437192,0.28228814651246537,0.25608001680809345
band_supplement_300_20260808_001:S000102,band_supplement_300_20260808_001,S000102,train,TOPO-0432,4,0.3730859566882193,0.32114649540632917,-0.05193946128189014
band_supplement_300_20260808_001:S000103,band_supplement_300_20260808_001,S000103,train,TOPO-0448,4,0.14727023897451236,0.21137011349331666,0.0640998745188043
band_supplement_300_20260808_001:S000105,band_supplement_300_20260808_001,S000105,train,TOPO-0449,4,0.09560938008562085,0.21874087939849107,0.12313149931287022
band_supplement_300_20260808_001:S000107,band_supplement_300_20260808_001,S000107,train,TOPO-0450,4,0.1175300807928529,0.21918782529259134,0.10165774449973844
band_supplement_300_20260808_001:S000108,band_supplement_300_20260808_001,S000108,train,TOPO-0304,4,0.04015633049681169,0.18564723315686668,0.145490902660055
band_supplement_300_20260808_001:S000109,band_supplement_300_20260808_001,S000109,train,TOPO-0425,4,0.7016490294081286,0.25915525587631144,-0.4424937735318171
band_supplement_300_20260808_001:S000110,band_supplement_300_20260808_001,S000110,train,TOPO-0450,4,0.08286071030014805,0.10672890073159581,0.023868190431447764
band_supplement_300_20260808_001:S000111,band_supplement_300_20260808_001,S000111,train,TOPO-0451,4,0.11967510487676022,0.17637414042670105,0.056699035549940824
band_supplement_300_20260808_001:S000113,band_supplement_300_20260808_001,S000113,train,TOPO-0384,4,0.18237806656201833,0.17615642659942546,-0.0062216399625928676
band_supplement_300_20260808_001:S000114,band_supplement_300_20260808_001,S000114,train,TOPO-0452,4,2.7063092464758483,1.9610164366470488,-0.7452928098287994
band_supplement_300_20260808_001:S000115,band_supplement_300_20260808_001,S000115,train,TOPO-0453,4,0.033523967938378,0.14424040611765465,0.11071643817927665
band_supplement_300_20260808_001:S000116,band_supplement_300_20260808_001,S000116,train,TOPO-0454,4,1.3491136479256005,0.8395638352059143,-0.5095498127196862
band_supplement_300_20260808_001:S000117,band_supplement_300_20260808_001,S000117,train,TOPO-0442,4,0.047693004844585635,0.1302827403139963,0.08258973546941067
band_supplement_300_20260808_001:S000118,band_supplement_300_20260808_001,S000118,train,TOPO-0442,4,0.0765280235789732,0.333952262978088,0.2574242393991148
band_supplement_300_20260808_001:S000120,band_supplement_300_20260808_001,S000120,train,TOPO-0284,4,0.03902946361184556,0.16867027917673005,0.1296408155648845
band_supplement_300_20260808_001:S000121,band_supplement_300_20260808_001,S000121,train,TOPO-0170,4,0.1396984899691342,0.26891631397044075,0.12921782400130655
band_supplement_300_20260808_001:S000122,band_supplement_300_20260808_001,S000122,train,TOPO-0418,5,0.13139624264556582,0.14844295068119356,0.017046708035627745
band_supplement_300_20260808_001:S000124,band_supplement_300_20260808_001,S000124,train,TOPO-0455,5,0.04970084993181839,0.010362852044554338,-0.03933799788726405
band_supplement_300_20260808_001:S000125,band_supplement_300_20260808_001,S000125,train,TOPO-0456,5,0.07378534558040806,0.0800694020925978,0.006284056512189745
band_supplement_300_20260808_001:S000126,band_supplement_300_20260808_001,S000126,train,TOPO-0137,5,0.02092372480865115,0.12371550806818547,0.10279178325953432
band_supplement_300_20260808_001:S000127,band_supplement_300_20260808_001,S000127,train,TOPO-0457,5,0.23220761688247724,0.3364199251013584,0.10421230821888114
band_supplement_300_20260808_001:S000128,band_supplement_300_20260808_001,S000128,train,TOPO-0458,5,0.15245986112055837,0.23949909093611985,0.08703922981556148
band_supplement_300_20260808_001:S000130,band_supplement_300_20260808_001,S000130,train,TOPO-0459,5,0.09945210036336675,0.11218266778433408,0.012730567420967329
band_supplement_300_20260808_001:S000131,band_supplement_300_20260808_001,S000131,train,TOPO-0460,5,0.49500667617447314,0.30518636959749346,-0.18982030657697968
band_supplement_300_20260808_001:S000133,band_supplement_300_20260808_001,S000133,train,TOPO-0461,5,0.047152024276248844,0.16820998995123143,0.12105796567498259
band_supplement_300_20260808_001:S000134,band_supplement_300_20260808_001,S000134,train,TOPO-0447,5,0.16937465852057665,0.2882443655957213,0.11886970707514466
band_supplement_300_20260808_001:S000136,band_supplement_300_20260808_001,S000136,train,TOPO-0433,5,0.20124431026255063,0.2125110877016181,0.011266777439067482
band_supplement_300_20260808_001:S000137,band_supplement_300_20260808_001,S000137,train,TOPO-0449,5,0.26077693487242604,0.3160365777802028,0.05525964290777674
band_supplement_300_20260808_001:S000138,band_supplement_300_20260808_001,S000138,train,TOPO-0304,5,0.11136231022006261,0.3239325405583139,0.2125702303382513
band_supplement_300_20260808_001:S000139,band_supplement_300_20260808_001,S000139,train,TOPO-0462,5,0.04669844650769614,0.056313348699892046,0.009614902192195907
band_supplement_300_20260808_001:S000140,band_supplement_300_20260808_001,S000140,train,TOPO-0463,5,0.2400030125900162,0.294079948229937,0.0540769356399208
band_supplement_300_20260808_001:S000141,band_supplement_300_20260808_001,S000141,train,TOPO-0464,5,0.07300941626946861,0.13766468507254467,0.06465526880307607
band_supplement_300_20260808_001:S000142,band_supplement_300_20260808_001,S000142,train,TOPO-0465,5,0.19179928353445483,0.16381012324798339,-0.027989160286471443
band_supplement_300_20260808_001:S000143,band_supplement_300_20260808_001,S000143,train,TOPO-0099,5,0.02863516231199667,0.01960335574366051,-0.00903180656833616
band_supplement_300_20260808_001:S000144,band_supplement_300_20260808_001,S000144,train,TOPO-0441,5,0.028826754512178865,0.0648547361107171,0.03602798159853823
band_supplement_300_20260808_001:S000145,band_supplement_300_20260808_001,S000145,train,TOPO-0466,5,0.49907181360485636,0.34327334660454145,-0.1557984670003149
band_supplement_300_20260808_001:S000148,band_supplement_300_20260808_001,S000148,train,TOPO-0467,5,1.3532390346090095,0.752061037366125,-0.6011779972428846
band_supplement_300_20260808_001:S000151,band_supplement_300_20260808_001,S000151,train,TOPO-0468,5,0.290124825638471,0.2964046695840085,0.006279843945537544
band_supplement_300_20260808_001:S000152,band_supplement_300_20260808_001,S000152,train,TOPO-0337,6,0.032055978653574874,0.044366117067252714,0.01231013841367784
band_supplement_300_20260808_001:S000154,band_supplement_300_20260808_001,S000154,train,TOPO-0427,6,0.17008202486067664,0.16193451243183338,-0.008147512428843262
band_supplement_300_20260808_001:S000155,band_supplement_300_20260808_001,S000155,train,TOPO-0337,6,0.043934429789892704,0.10784013761485235,0.06390570782495965
band_supplement_300_20260808_001:S000156,band_supplement_300_20260808_001,S000156,train,TOPO-0469,6,0.12627122026218646,0.2302085152585226,0.10393729499633614
band_supplement_300_20260808_001:S000157,band_supplement_300_20260808_001,S000157,train,TOPO-0071,6,1.3546231333347387,0.8745076379689622,-0.48011549536577647
band_supplement_300_20260808_001:S000158,band_supplement_300_20260808_001,S000158,train,TOPO-0120,6,0.1222640294980192,0.15308134203374907,0.030817312535729863
band_supplement_300_20260808_001:S000159,band_supplement_300_20260808_001,S000159,train,TOPO-0470,6,0.09001222660172054,0.13594137392682082,0.045929147325100284
band_supplement_300_20260808_001:S000160,band_supplement_300_20260808_001,S000160,train,TOPO-0471,6,0.0697972546146639,0.17138398914768677,0.10158673453302286
band_supplement_300_20260808_001:S000161,band_supplement_300_20260808_001,S000161,train,TOPO-0471,6,0.0288982514242761,0.08229591864977712,0.053397667225501017
band_supplement_300_20260808_001:S000162,band_supplement_300_20260808_001,S000162,train,TOPO-0472,6,0.5361689488641255,0.3864703632642058,-0.14969858559991966
band_supplement_300_20260808_001:S000163,band_supplement_300_20260808_001,S000163,train,TOPO-0432,6,0.1042149003751511,0.1866521000794051,0.082437199704254
band_supplement_300_20260808_001:S000164,band_supplement_300_20260808_001,S000164,train,TOPO-0317,6,0.14125651358150415,0.2255593961858528,0.08430288260434865
band_supplement_300_20260808_001:S000167,band_supplement_300_20260808_001,S000167,train,TOPO-0473,6,0.06750247750012017,0.1109108652623338,0.04340838776221363
band_supplement_300_20260808_001:S000168,band_supplement_300_20260808_001,S000168,train,TOPO-0464,6,0.8935913925614118,0.5240870954856005,-0.36950429707581134
band_supplement_300_20260808_001:S000170,band_supplement_300_20260808_001,S000170,train,TOPO-0474,6,0.1251817571491323,0.24479993226948363,0.11961817512035133
band_supplement_300_20260808_001:S000171,band_supplement_300_20260808_001,S000171,train,TOPO-0475,6,0.2616068582524077,0.24966256586652572,-0.011944292385881988
band_supplement_300_20260808_001:S000172,band_supplement_300_20260808_001,S000172,train,TOPO-0476,6,0.2267824458091906,0.2701806145160604,0.0433981687068698
band_supplement_300_20260808_001:S000173,band_supplement_300_20260808_001,S000173,train,TOPO-0477,6,0.02086260545369714,0.2218775784460728,0.20101497299237567
band_supplement_300_20260808_001:S000174,band_supplement_300_20260808_001,S000174,train,TOPO-0384,6,0.052253007441112886,0.0906771754728225,0.038424168031709616
band_supplement_300_20260808_001:S000178,band_supplement_300_20260808_001,S000178,train,TOPO-0233,6,0.15783400854137003,0.1970431477816476,0.03920913924027758
band_supplement_300_20260808_001:S000181,band_supplement_300_20260808_001,S000181,train,TOPO-0467,6,0.19634572394772676,0.23349411033276465,0.037148386385037896
band_supplement_300_20260808_001:S000182,band_supplement_300_20260808_001,S000182,train,TOPO-0478,7,0.04991664582100236,0.07429511920032125,0.024378473379318893
band_supplement_300_20260808_001:S000186,band_supplement_300_20260808_001,S000186,train,TOPO-0071,7,0.1359382383765797,0.25692604943085423,0.12098781105427453
band_supplement_300_20260808_001:S000187,band_supplement_300_20260808_001,S000187,train,TOPO-0479,7,0.05572825820819699,0.2768727276105611,0.2211444694023641
band_supplement_300_20260808_001:S000188,band_supplement_300_20260808_001,S000188,train,TOPO-0429,7,0.0652040077578813,0.11393237909587832,0.048728371337997026
band_supplement_300_20260808_001:S000189,band_supplement_300_20260808_001,S000189,train,TOPO-0480,7,0.2659466030346194,0.2213510871970398,-0.04459551583757962
band_supplement_300_20260808_001:S000190,band_supplement_300_20260808_001,S000190,train,TOPO-0481,7,0.09394454615606915,0.6075307829425092,0.51358623678644
band_supplement_300_20260808_001:S000192,band_supplement_300_20260808_001,S000192,train,TOPO-0482,7,0.07886914953769039,0.07540000009510256,-0.003469149442587832
band_supplement_300_20260808_001:S000193,band_supplement_300_20260808_001,S000193,train,TOPO-0430,7,0.2290874777912002,0.19153214367325982,-0.037555334117940375
band_supplement_300_20260808_001:S000197,band_supplement_300_20260808_001,S000197,train,TOPO-0483,7,0.11977122991782416,0.2522485406300283,0.13247731071220412
band_supplement_300_20260808_001:S000198,band_supplement_300_20260808_001,S000198,train,TOPO-0484,7,0.32615060014919145,0.38199512132868074,0.05584452117948929
band_supplement_300_20260808_001:S000200,band_supplement_300_20260808_001,S000200,train,TOPO-0483,7,0.12149482756052433,0.3007083316636992,0.17921350410317488
band_supplement_300_20260808_001:S000201,band_supplement_300_20260808_001,S000201,train,TOPO-0465,7,0.1614208976302373,0.15175411826332436,-0.009666779366912931
band_supplement_300_20260808_001:S000202,band_supplement_300_20260808_001,S000202,train,TOPO-0435,7,0.034093269263376635,0.13836289942590024,0.10426963016252361
band_supplement_300_20260808_001:S000208,band_supplement_300_20260808_001,S000208,train,TOPO-0485,7,0.11858013465516071,0.2028779186744303,0.0842977840192696
band_supplement_300_20260808_001:S000212,band_supplement_300_20260808_001,S000212,train,TOPO-0486,8,1.1598938973715391,0.29728122830514003,-0.8626126690663991
band_supplement_300_20260808_001:S000213,band_supplement_300_20260808_001,S000213,train,TOPO-0478,8,0.12808768006371996,0.2069675303742929,0.07887985031057296
band_supplement_300_20260808_001:S000214,band_supplement_300_20260808_001,S000214,train,TOPO-0391,8,0.6026933557738859,0.22784582774958553,-0.37484752802430044
band_supplement_300_20260808_001:S000215,band_supplement_300_20260808_001,S000215,train,TOPO-0487,8,0.11770073749176353,0.18370522136094872,0.06600448386918518
band_supplement_300_20260808_001:S000216,band_supplement_300_20260808_001,S000216,train,TOPO-0229,8,0.07615846370148396,0.20746687338206726,0.1313084096805833
band_supplement_300_20260808_001:S000217,band_supplement_300_20260808_001,S000217,train,TOPO-0137,8,0.2053663292801127,0.2318401951213115,0.02647386584119879
band_supplement_300_20260808_001:S000218,band_supplement_300_20260808_001,S000218,train,TOPO-0488,8,0.8205871668166236,0.29305498938055735,-0.5275321774360662
band_supplement_300_20260808_001:S000219,band_supplement_300_20260808_001,S000219,train,TOPO-0489,8,0.11259536137326219,0.32560022884663,0.21300486747336778
band_supplement_300_20260808_001:S000220,band_supplement_300_20260808_001,S000220,train,TOPO-0490,8,0.07789693796495595,0.1019976047762105,0.024100666811254556
band_supplement_300_20260808_001:S000221,band_supplement_300_20260808_001,S000221,train,TOPO-0491,8,0.8493378811629715,0.7951802329582143,-0.054157648204757214
band_supplement_300_20260808_001:S000222,band_supplement_300_20260808_001,S000222,train,TOPO-0492,8,0.0232062780522041,0.18203300482875653,0.15882672677655243
band_supplement_300_20260808_001:S000224,band_supplement_300_20260808_001,S000224,train,TOPO-0493,8,0.03739341732291718,0.12521313387354183,0.08781971655062465
band_supplement_300_20260808_001:S000225,band_supplement_300_20260808_001,S000225,train,TOPO-0449,8,0.07114400262347673,0.18817323720607038,0.11702923458259365
band_supplement_300_20260808_001:S000227,band_supplement_300_20260808_001,S000227,train,TOPO-0483,8,0.05124200205558124,0.05760692499209469,0.006364922936513445
band_supplement_300_20260808_001:S000231,band_supplement_300_20260808_001,S000231,train,TOPO-0495,8,0.19599801211743378,0.38442388352916274,0.18842587141172895
band_supplement_300_20260808_001:S000232,band_supplement_300_20260808_001,S000232,train,TOPO-0496,8,0.10086673754457465,0.26251296860609946,0.16164623106152481
band_supplement_300_20260808_001:S000234,band_supplement_300_20260808_001,S000234,train,TOPO-0497,8,0.04653030461557789,0.08250015916091508,0.03596985454533719
band_supplement_300_20260808_001:S000237,band_supplement_300_20260808_001,S000237,train,TOPO-0467,8,0.08633896397998425,0.0856517426217211,-0.000687221358263157
band_supplement_300_20260808_001:S000238,band_supplement_300_20260808_001,S000238,train,TOPO-0467,8,0.04473383063089437,0.11078007408713189,0.06604624345623752
band_supplement_300_20260808_001:S000239,band_supplement_300_20260808_001,S000239,train,TOPO-0498,8,0.15539450270427507,0.16288554975581596,0.007491047051540883
band_supplement_300_20260808_001:S000240,band_supplement_300_20260808_001,S000240,train,TOPO-0498,8,0.03882633725561563,0.16152308685730057,0.12269674960168495
band_supplement_300_20260808_001:S000241,band_supplement_300_20260808_001,S000241,train,TOPO-0499,8,0.47838613769666094,0.5550754997712051,0.07668936207454413
band_supplement_300_20260808_001:S000243,band_supplement_300_20260808_001,S000243,train,TOPO-0500,9,0.11569451588739672,0.31322277425450973,0.19752825836711302
band_supplement_300_20260808_001:S000244,band_supplement_300_20260808_001,S000244,train,TOPO-0501,9,0.12438536983188184,0.28191514867126,0.15752977883937816
band_supplement_300_20260808_001:S000245,band_supplement_300_20260808_001,S000245,train,TOPO-0502,9,0.08172660671377938,0.22339647134642338,0.141669864632644
band_supplement_300_20260808_001:S000246,band_supplement_300_20260808_001,S000246,train,TOPO-0429,9,0.14449965935375078,0.18385302462049613,0.03935336526674535
band_supplement_300_20260808_001:S000247,band_supplement_300_20260808_001,S000247,train,TOPO-0503,9,0.028463497568169266,0.1255483459468668,0.09708484837869755
band_supplement_300_20260808_001:S000248,band_supplement_300_20260808_001,S000248,train,TOPO-0096,9,0.09740552512933154,0.31119586120185116,0.21379033607251963
band_supplement_300_20260808_001:S000249,band_supplement_300_20260808_001,S000249,train,TOPO-0493,9,0.08660055694138719,0.14957903321889887,0.06297847627751169
band_supplement_300_20260808_001:S000250,band_supplement_300_20260808_001,S000250,train,TOPO-0504,9,0.089070309431485,0.11662748798537076,0.02755717855388576
band_supplement_300_20260808_001:S000251,band_supplement_300_20260808_001,S000251,train,TOPO-0447,9,0.03072525325343925,0.22995227024067813,0.19922701698723888
band_supplement_300_20260808_001:S000252,band_supplement_300_20260808_001,S000252,train,TOPO-0505,9,0.17142189694205712,0.18373810484723385,0.012316207905176735
band_supplement_300_20260808_001:S000254,band_supplement_300_20260808_001,S000254,train,TOPO-0489,9,0.024098196194567545,0.0630703268320375,0.03897213063746996
band_supplement_300_20260808_001:S000256,band_supplement_300_20260808_001,S000256,train,TOPO-0506,9,0.0702118369614361,0.12557280429984752,0.05536096733841142
band_supplement_300_20260808_001:S000257,band_supplement_300_20260808_001,S000257,train,TOPO-0434,9,0.04568612535827313,0.06290368109079575,0.01721755573252262
band_supplement_300_20260808_001:S000259,band_supplement_300_20260808_001,S000259,train,TOPO-0507,9,0.04072732958167016,0.1747285707660589,0.13400124118438875
band_supplement_300_20260808_001:S000260,band_supplement_300_20260808_001,S000260,train,TOPO-0508,9,0.1398123300732356,0.27472314610253007,0.13491081602929447
band_supplement_300_20260808_001:S000262,band_supplement_300_20260808_001,S000262,train,TOPO-0465,9,0.13025812279602872,0.30895214421509193,0.1786940214190632
band_supplement_300_20260808_001:S000266,band_supplement_300_20260808_001,S000266,train,TOPO-0509,9,0.41700997534186257,0.33356911041072096,-0.08344086493114161
band_supplement_300_20260808_001:S000267,band_supplement_300_20260808_001,S000267,train,TOPO-0509,9,0.4090594295842578,0.25587081740097395,-0.15318861218328383
band_supplement_300_20260808_001:S000268,band_supplement_300_20260808_001,S000268,train,TOPO-0467,9,0.2567355952603281,0.32106468460308346,0.06432908934275539
band_supplement_300_20260808_001:S000269,band_supplement_300_20260808_001,S000269,train,TOPO-0485,9,0.06320770743769541,0.15657971416792427,0.09337200673022886
band_supplement_300_20260808_001:S000270,band_supplement_300_20260808_001,S000270,train,TOPO-0467,9,0.11017427092514685,0.1525484788797421,0.04237420795459525
band_supplement_300_20260808_001:S000271,band_supplement_300_20260808_001,S000271,train,TOPO-0509,9,0.12493755561529352,0.2985992947833208,0.1736617391680273
band_supplement_300_20260808_001:S000272,band_supplement_300_20260808_001,S000272,train,TOPO-0510,10,0.09865986194677379,0.2131814906262698,0.114521628679496
band_supplement_300_20260808_001:S000273,band_supplement_300_20260808_001,S000273,train,TOPO-0487,10,0.04309887727487574,0.03947664294792655,-0.003622234326949192
band_supplement_300_20260808_001:S000274,band_supplement_300_20260808_001,S000274,train,TOPO-0511,10,0.14009711867872351,0.2611199460301071,0.12102282735138356
band_supplement_300_20260808_001:S000275,band_supplement_300_20260808_001,S000275,train,TOPO-0512,10,0.0502451623538801,0.07755359786630203,0.02730843551242193
band_supplement_300_20260808_001:S000276,band_supplement_300_20260808_001,S000276,train,TOPO-0513,10,0.04981323102354024,0.03450429692544227,-0.01530893409809797
band_supplement_300_20260808_001:S000277,band_supplement_300_20260808_001,S000277,train,TOPO-0514,10,0.028173265520130747,0.2123465853821994,0.18417331986206864
band_supplement_300_20260808_001:S000278,band_supplement_300_20260808_001,S000278,train,TOPO-0515,10,0.12159451789729393,0.13875175009979684,0.01715723220250291
band_supplement_300_20260808_001:S000280,band_supplement_300_20260808_001,S000280,train,TOPO-0516,10,0.2340576167258667,0.19615988556181954,-0.037897731164047155
band_supplement_300_20260808_001:S000281,band_supplement_300_20260808_001,S000281,train,TOPO-0517,10,0.13276970915017272,0.321199380625963,0.18842967147579026
band_supplement_300_20260808_001:S000282,band_supplement_300_20260808_001,S000282,train,TOPO-0518,10,0.07412205380460951,0.23554888256362314,0.16142682875901362
band_supplement_300_20260808_001:S000283,band_supplement_300_20260808_001,S000283,train,TOPO-0519,10,0.09039060421948178,0.2522893929766555,0.1618987887571737
band_supplement_300_20260808_001:S000284,band_supplement_300_20260808_001,S000284,train,TOPO-0505,10,0.04399462598792292,0.0705708919497926,0.026576265961869683
band_supplement_300_20260808_001:S000285,band_supplement_300_20260808_001,S000285,train,TOPO-0520,10,1.3567163014659271,0.8383387741350552,-0.518377527330872
band_supplement_300_20260808_001:S000286,band_supplement_300_20260808_001,S000286,train,TOPO-0433,10,0.02454697779151624,0.09564406744175707,0.07109708965024084
band_supplement_300_20260808_001:S000289,band_supplement_300_20260808_001,S000289,train,TOPO-0521,10,0.06927832370250672,0.06994859929516895,0.0006702755926622228
band_supplement_300_20260808_001:S000291,band_supplement_300_20260808_001,S000291,train,TOPO-0435,10,0.08723382136910504,0.18379215462402154,0.0965583332549165
band_supplement_300_20260808_001:S000294,band_supplement_300_20260808_001,S000294,train,TOPO-0251,10,0.6853265114517119,0.7032258663219453,0.01789935487023342
band_supplement_300_20260808_001:S000296,band_supplement_300_20260808_001,S000296,train,TOPO-0509,10,0.09548599538780746,0.26446722814775625,0.1689812327599488
band_supplement_300_20260808_001:S000297,band_supplement_300_20260808_001,S000297,train,TOPO-0509,10,0.32315251540171264,0.23721874610675958,-0.08593376929495306
band_supplement_300_20260808_001:S000298,band_supplement_300_20260808_001,S000298,train,TOPO-0509,10,0.06756024377935102,0.11384471102111618,0.04628446724176516
band_supplement_300_20260808_001:S000299,band_supplement_300_20260808_001,S000299,train,TOPO-0509,10,0.12641030923870333,0.24252441677109965,0.11611410753239632
band_supplement_300_20260808_001:S000300,band_supplement_300_20260808_001,S000300,train,TOPO-0233,10,0.10299460364289852,0.19401010111843026,0.09101549747553174
band_supplement_300_20260808_001:S000301,band_supplement_300_20260808_001,S000301,train,TOPO-0233,10,0.021352027177290595,0.21310800945733638,0.19175598228004578
improved_dataset_1000_20260807_001:S000002,improved_dataset_1000_20260807_001,S000002,val,TOPO-0000,0,0.12402437303068566,0.2831795128828744,0.15915513985218877
improved_dataset_1000_20260807_001:S000026,improved_dataset_1000_20260807_001,S000026,val,TOPO-0024,0,0.04190897044411415,0.0802052759363801,0.03829630549226595
improved_dataset_1000_20260807_001:S000030,improved_dataset_1000_20260807_001,S000030,val,TOPO-0028,0,0.03462683274332576,0.10039968380713449,0.06577285106380873
improved_dataset_1000_20260807_001:S000031,improved_dataset_1000_20260807_001,S000031,val,TOPO-0029,0,0.05885312317320887,0.1931694075743377,0.13431628440112883
improved_dataset_1000_20260807_001:S000051,improved_dataset_1000_20260807_001,S000051,val,TOPO-0049,0,0.0255155710135494,0.21471230531572985,0.18919673430218045
improved_dataset_1000_20260807_001:S000058,improved_dataset_1000_20260807_001,S000058,val,TOPO-0056,0,0.04889209018958943,0.1596944986837684,0.11080240849417897
improved_dataset_1000_20260807_001:S000063,improved_dataset_1000_20260807_001,S000063,val,TOPO-0000,1,0.10471564403480982,0.2625069309475979,0.1577912869127881
improved_dataset_1000_20260807_001:S000065,improved_dataset_1000_20260807_001,S000065,val,TOPO-0000,1,0.12116676730060892,0.26007451856341735,0.1389077512628084
improved_dataset_1000_20260807_001:S000073,improved_dataset_1000_20260807_001,S000073,val,TOPO-0029,1,0.053568919886471444,0.16124856439346508,0.10767964450699363
improved_dataset_1000_20260807_001:S000075,improved_dataset_1000_20260807_001,S000075,val,TOPO-0028,1,0.023266251419252704,0.11267041297006596,0.08940416155081325
improved_dataset_1000_20260807_001:S000076,improved_dataset_1000_20260807_001,S000076,val,TOPO-0024,1,0.044600195707927226,0.06188963034851552,0.017289434640588297
improved_dataset_1000_20260807_001:S000088,improved_dataset_1000_20260807_001,S000088,val,TOPO-0056,1,0.059485570553994144,0.18072323349914093,0.12123766294514679
improved_dataset_1000_20260807_001:S000090,improved_dataset_1000_20260807_001,S000090,val,TOPO-0056,1,0.045870268637070305,0.15978654910116874,0.11391628046409843
improved_dataset_1000_20260807_001:S000093,improved_dataset_1000_20260807_001,S000093,val,TOPO-0000,2,0.12391906947537949,0.3297901940707074,0.20587112459532791
improved_dataset_1000_20260807_001:S000094,improved_dataset_1000_20260807_001,S000094,val,TOPO-0000,2,0.11674191699992352,0.2783200254470725,0.16157810844714898
improved_dataset_1000_20260807_001:S000096,improved_dataset_1000_20260807_001,S000096,val,TOPO-0000,2,0.12466057670516083,0.2799364838316181,0.15527590712645728
improved_dataset_1000_20260807_001:S000103,improved_dataset_1000_20260807_001,S000103,val,TOPO-0024,2,0.040830160774180446,0.09240109144549641,0.05157093067131596
improved_dataset_1000_20260807_001:S000114,improved_dataset_1000_20260807_001,S000114,val,TOPO-0049,2,0.017165690914913545,0.19466996864732675,0.1775042777324132
improved_dataset_1000_20260807_001:S000119,improved_dataset_1000_20260807_001,S000119,val,TOPO-0056,2,0.04600764924272818,0.16353238034591377,0.11752473110318559
improved_dataset_1000_20260807_001:S000141,improved_dataset_1000_20260807_001,S000141,val,TOPO-0082,3,0.05766563565024754,0.11057700078589758,0.052911365135650035
improved_dataset_1000_20260807_001:S000163,improved_dataset_1000_20260807_001,S000163,val,TOPO-0090,4,0.032660678271651006,0.23435463848696964,0.20169396021531863
improved_dataset_1000_20260807_001:S000164,improved_dataset_1000_20260807_001,S000164,val,TOPO-0091,4,0.04985432742314733,0.034568069030177284,-0.015286258392970042
improved_dataset_1000_20260807_001:S000181,improved_dataset_1000_20260807_001,S000181,val,TOPO-0056,4,0.043806715804436736,0.11619290390524992,0.07238618810081318
improved_dataset_1000_20260807_001:S000184,improved_dataset_1000_20260807_001,S000184,val,TOPO-0000,5,0.12275543547844885,0.26483389122248463,0.14207845574403577
improved_dataset_1000_20260807_001:S000186,improved_dataset_1000_20260807_001,S000186,val,TOPO-0000,5,0.1253001016223618,0.2833654494205235,0.1580653477981617
improved_dataset_1000_20260807_001:S000224,improved_dataset_1000_20260807_001,S000224,val,TOPO-0024,6,0.049011230487753216,0.11019058003080039,0.06117934954304717
improved_dataset_1000_20260807_001:S000244,improved_dataset_1000_20260807_001,S000244,val,TOPO-0000,7,0.12802079893624166,0.2771679892721844,0.14914719033594273
improved_dataset_1000_20260807_001:S000256,improved_dataset_1000_20260807_001,S000256,val,TOPO-0024,7,0.04886044819020177,0.10656994796471891,0.05770949977451714
improved_dataset_1000_20260807_001:S000257,improved_dataset_1000_20260807_001,S000257,val,TOPO-0127,7,0.04811079171309324,0.43960200213067013,0.3914912104175769
improved_dataset_1000_20260807_001:S000283,improved_dataset_1000_20260807_001,S000283,val,TOPO-0028,8,0.035953568407790765,0.09536773580257095,0.059414167394780185
improved_dataset_1000_20260807_001:S000284,improved_dataset_1000_20260807_001,S000284,val,TOPO-0029,8,0.05066027525060848,0.18878010412071758,0.1381198288701091
improved_dataset_1000_20260807_001:S000285,improved_dataset_1000_20260807_001,S000285,val,TOPO-0024,8,0.06524898778316776,0.08877551465382319,0.02352652687065543
improved_dataset_1000_20260807_001:S000290,improved_dataset_1000_20260807_001,S000290,val,TOPO-0127,8,0.8784303121251071,0.5331338423407032,-0.345296469784404
improved_dataset_1000_20260807_001:S000312,improved_dataset_1000_20260807_001,S000312,val,TOPO-0024,9,0.06172197656235698,0.07807757961404221,0.016355603051685236
improved_dataset_1000_20260807_001:S000313,improved_dataset_1000_20260807_001,S000313,val,TOPO-0090,9,0.03955077138780652,0.2058974694731369,0.16634669808533037
improved_dataset_1000_20260807_001:S000319,improved_dataset_1000_20260807_001,S000319,val,TOPO-0127,9,1.1242382238992632,0.6007870261152721,-0.5234511977839911
improved_dataset_1000_20260807_001:S000321,improved_dataset_1000_20260807_001,S000321,val,TOPO-0127,9,1.3313977784522186,0.5689573393751236,-0.762440439077095
improved_dataset_1000_20260807_001:S000330,improved_dataset_1000_20260807_001,S000330,val,TOPO-0056,9,0.0403919052883627,0.11834324409971833,0.07795133881135563
improved_dataset_1000_20260807_001:S000347,improved_dataset_1000_20260807_001,S000347,val,TOPO-0127,10,0.8806291233635737,0.5636014163453074,-0.3170277070182663
improved_dataset_1000_20260807_001:S000348,improved_dataset_1000_20260807_001,S000348,val,TOPO-0127,10,0.8915885876987628,0.4805921431925336,-0.4109964445062292
improved_dataset_1000_20260807_001:S000351,improved_dataset_1000_20260807_001,S000351,val,TOPO-0127,10,0.07003703136186801,0.4248226629988489,0.3547856316369809
improved_dataset_1000_20260807_001:S000358,improved_dataset_1000_20260807_001,S000358,val,TOPO-0056,10,0.04638770339835102,0.13692992643820617,0.09054222303985515
improved_dataset_1000_20260807_001:S000378,improved_dataset_1000_20260807_001,S000378,val,TOPO-0127,11,0.03200120467609699,0.35925135725240065,0.32725015257630363
improved_dataset_1000_20260807_001:S000380,improved_dataset_1000_20260807_001,S000380,val,TOPO-0127,11,0.8841160674516924,0.5538485074985052,-0.33026755995318713
improved_dataset_1000_20260807_001:S000391,improved_dataset_1000_20260807_001,S000391,val,TOPO-0056,11,0.046017071809950266,0.164901422063886,0.11888435025393573
improved_dataset_1000_20260807_001:S000394,improved_dataset_1000_20260807_001,S000394,val,TOPO-0181,12,0.43388426525272517,0.2814865704166433,-0.15239769483608184
improved_dataset_1000_20260807_001:S000406,improved_dataset_1000_20260807_001,S000406,val,TOPO-0028,12,0.04606417403506152,0.09349820508891897,0.04743403105385745
improved_dataset_1000_20260807_001:S000408,improved_dataset_1000_20260807_001,S000408,val,TOPO-0127,12,0.9075067841445603,0.4925106932945409,-0.41499609085001943
improved_dataset_1000_20260807_001:S000409,improved_dataset_1000_20260807_001,S000409,val,TOPO-0127,12,0.9020015006910753,0.5285994228630637,-0.3734020778280116
improved_dataset_1000_20260807_001:S000410,improved_dataset_1000_20260807_001,S000410,val,TOPO-0127,12,0.882199508789923,0.5100424831551205,-0.3721570256348026
improved_dataset_1000_20260807_001:S000411,improved_dataset_1000_20260807_001,S000411,val,TOPO-0082,12,0.07405096011047899,0.09106436021985664,0.017013400109377658
improved_dataset_1000_20260807_001:S000434,improved_dataset_1000_20260807_001,S000434,val,TOPO-0198,13,0.19717471488616048,0.26870204606513065,0.07152733117897017
improved_dataset_1000_20260807_001:S000437,improved_dataset_1000_20260807_001,S000437,val,TOPO-0127,13,0.884166788027505,0.537685069640955,-0.34648171838655006
improved_dataset_1000_20260807_001:S000440,improved_dataset_1000_20260807_001,S000440,val,TOPO-0127,13,0.8714686902638569,0.5542140564183256,-0.3172546338455313
improved_dataset_1000_20260807_001:S000447,improved_dataset_1000_20260807_001,S000447,val,TOPO-0203,13,0.20106853640931246,0.34899365134427446,0.147925114934962
improved_dataset_1000_20260807_001:S000462,improved_dataset_1000_20260807_001,S000462,val,TOPO-0198,14,0.211549212899999,0.25751337884336445,0.04596416594336544
improved_dataset_1000_20260807_001:S000463,improved_dataset_1000_20260807_001,S000463,val,TOPO-0210,14,0.09446450633514136,0.17363206725508598,0.07916756091994462
improved_dataset_1000_20260807_001:S000465,improved_dataset_1000_20260807_001,S000465,val,TOPO-0198,14,0.2041373540769516,0.3236563362511173,0.11951898217416568
improved_dataset_1000_20260807_001:S000467,improved_dataset_1000_20260807_001,S000467,val,TOPO-0127,14,0.8733421682691831,0.5463740560495942,-0.3269681122195889
improved_dataset_1000_20260807_001:S000478,improved_dataset_1000_20260807_001,S000478,val,TOPO-0218,14,0.19294763769264697,0.36739324054620864,0.17444560285356167
improved_dataset_1000_20260807_001:S000479,improved_dataset_1000_20260807_001,S000479,val,TOPO-0203,14,0.1751498619170272,0.32036083580919306,0.14521097389216586
improved_dataset_1000_20260807_001:S000480,improved_dataset_1000_20260807_001,S000480,val,TOPO-0203,14,0.20321066236408405,0.3865846967797665,0.18337403441568242
improved_dataset_1000_20260807_001:S000482,improved_dataset_1000_20260807_001,S000482,val,TOPO-0181,15,0.43287762098783344,0.23750088196246652,-0.19537673902536692
improved_dataset_1000_20260807_001:S000483,improved_dataset_1000_20260807_001,S000483,val,TOPO-0181,15,0.4272747587864044,0.2760854020865625,-0.1511893566998419
improved_dataset_1000_20260807_001:S000493,improved_dataset_1000_20260807_001,S000493,val,TOPO-0198,15,0.14923272204049023,0.29466918231678996,0.14543646027629972
improved_dataset_1000_20260807_001:S000498,improved_dataset_1000_20260807_001,S000498,val,TOPO-0127,15,0.8747803830904444,0.5122450082432805,-0.3625353748471639
improved_dataset_1000_20260807_001:S000520,improved_dataset_1000_20260807_001,S000520,val,TOPO-0235,16,0.12063724661132602,0.18641719112804914,0.06577994451672312
improved_dataset_1000_20260807_001:S000523,improved_dataset_1000_20260807_001,S000523,val,TOPO-0198,16,0.17001923957886017,0.35795167963570174,0.18793244005684157
improved_dataset_1000_20260807_001:S000538,improved_dataset_1000_20260807_001,S000538,val,TOPO-0203,16,0.1604581404577223,0.3319196518188999,0.17146151136117757
improved_dataset_1000_20260807_001:S000545,improved_dataset_1000_20260807_001,S000545,val,TOPO-0181,17,0.43952891356870427,0.24870873519702374,-0.19082017837168053
improved_dataset_1000_20260807_001:S000553,improved_dataset_1000_20260807_001,S000553,val,TOPO-0198,17,0.1998943816067504,0.2756749368074504,0.07578055520070001
improved_dataset_1000_20260807_001:S000555,improved_dataset_1000_20260807_001,S000555,val,TOPO-0198,17,0.14482309321804815,0.29220653389060564,0.1473834406725575
improved_dataset_1000_20260807_001:S000574,improved_dataset_1000_20260807_001,S000574,val,TOPO-0259,18,0.08232244614758702,0.2286964797163559,0.14637403356876888
improved_dataset_1000_20260807_001:S000586,improved_dataset_1000_20260807_001,S000586,val,TOPO-0266,18,0.03232475526138473,0.110292498677386,0.07796774341600127
improved_dataset_1000_20260807_001:S000597,improved_dataset_1000_20260807_001,S000597,val,TOPO-0203,18,0.5950739792989399,0.2843649153445078,-0.3107090639544321
improved_dataset_1000_20260807_001:S000606,improved_dataset_1000_20260807_001,S000606,val,TOPO-0181,19,0.4256468193008067,0.3026661458900625,-0.1229806734107442
improved_dataset_1000_20260807_001:S000607,improved_dataset_1000_20260807_001,S000607,val,TOPO-0235,19,0.12921205336389197,0.1801572534168681,0.05094520005297615
improved_dataset_1000_20260807_001:S000611,improved_dataset_1000_20260807_001,S000611,val,TOPO-0235,19,0.11609030615472037,0.2380428493537218,0.12195254319900144
improved_dataset_1000_20260807_001:S000616,improved_dataset_1000_20260807_001,S000616,val,TOPO-0090,19,0.011987799228399099,0.21509749735028785,0.20310969812188875
improved_dataset_1000_20260807_001:S000632,improved_dataset_1000_20260807_001,S000632,val,TOPO-0259,20,0.08191336029836105,0.2602827063662294,0.17836934606786836
improved_dataset_1000_20260807_001:S000633,improved_dataset_1000_20260807_001,S000633,val,TOPO-0259,20,0.08290853407319973,0.2630433222588136,0.18013478818561388
improved_dataset_1000_20260807_001:S000635,improved_dataset_1000_20260807_001,S000635,val,TOPO-0181,20,0.5990758115085495,0.2658603886667372,-0.33321542284181227
improved_dataset_1000_20260807_001:S000642,improved_dataset_1000_20260807_001,S000642,val,TOPO-0090,20,0.010933511577440824,0.1729267647543156,0.16199325317687477
improved_dataset_1000_20260807_001:S000643,improved_dataset_1000_20260807_001,S000643,val,TOPO-0090,20,0.016520627056169884,0.2865103479518814,0.2699897208957115
improved_dataset_1000_20260807_001:S000645,improved_dataset_1000_20260807_001,S000645,val,TOPO-0279,20,0.12519492539904514,0.32270133571896187,0.19750641031991673
improved_dataset_1000_20260807_001:S000661,improved_dataset_1000_20260807_001,S000661,val,TOPO-0203,20,0.20486507363974624,0.38431754009594243,0.1794524664561962
improved_dataset_1000_20260807_001:S000663,improved_dataset_1000_20260807_001,S000663,val,TOPO-0259,21,0.08085595301366036,0.2419771942825282,0.16112124126886784
improved_dataset_1000_20260807_001:S000664,improved_dataset_1000_20260807_001,S000664,val,TOPO-0259,21,0.08314762110546076,0.22907814674384558,0.14593052563838482
improved_dataset_1000_20260807_001:S000665,improved_dataset_1000_20260807_001,S000665,val,TOPO-0259,21,0.08186053874472199,0.2272720220554588,0.1454114833107368
improved_dataset_1000_20260807_001:S000666,improved_dataset_1000_20260807_001,S000666,val,TOPO-0259,21,0.07572705231010121,0.26706230184300755,0.19133524953290634
improved_dataset_1000_20260807_001:S000667,improved_dataset_1000_20260807_001,S000667,val,TOPO-0235,21,0.12062701760817053,0.25871582256959097,0.13808880496142045
improved_dataset_1000_20260807_001:S000669,improved_dataset_1000_20260807_001,S000669,val,TOPO-0235,21,0.11716312061014905,0.20190621112415424,0.08474309051400519
improved_dataset_1000_20260807_001:S000671,improved_dataset_1000_20260807_001,S000671,val,TOPO-0235,21,0.11914506424852025,0.28439803757827326,0.165252973329753
improved_dataset_1000_20260807_001:S000698,improved_dataset_1000_20260807_001,S000698,val,TOPO-0235,22,0.11624170389022101,0.2114968247393554,0.0952551208491344
improved_dataset_1000_20260807_001:S000717,improved_dataset_1000_20260807_001,S000717,val,TOPO-0203,22,0.20497746401609232,0.39318312536300176,0.18820566134690944
improved_dataset_1000_20260807_001:S000720,improved_dataset_1000_20260807_001,S000720,val,TOPO-0203,22,0.20471703693821813,0.45227605537030324,0.2475590184320851
improved_dataset_1000_20260807_001:S000729,improved_dataset_1000_20260807_001,S000729,val,TOPO-0235,23,0.12127773712944727,0.2662281234523771,0.14495038632292984
improved_dataset_1000_20260807_001:S000732,improved_dataset_1000_20260807_001,S000732,val,TOPO-0090,23,0.017344252808171534,0.24398774517453758,0.22664349236636605
improved_dataset_1000_20260807_001:S000736,improved_dataset_1000_20260807_001,S000736,val,TOPO-0306,23,0.02915970644269042,0.1299372355715211,0.10077752912883067
improved_dataset_1000_20260807_001:S000744,improved_dataset_1000_20260807_001,S000744,val,TOPO-0310,23,0.024136671677391003,0.26465240069346846,0.24051572901607746
improved_dataset_1000_20260807_001:S000751,improved_dataset_1000_20260807_001,S000751,val,TOPO-0313,23,0.08808609681874136,0.1438430984774563,0.055757001658714944
improved_dataset_1000_20260807_001:S000752,improved_dataset_1000_20260807_001,S000752,val,TOPO-0314,24,0.0687947168064332,0.3262116027831551,0.25741688597672185
improved_dataset_1000_20260807_001:S000757,improved_dataset_1000_20260807_001,S000757,val,TOPO-0316,24,0.05689559544382189,0.19960900409081112,0.14271340864698923
improved_dataset_1000_20260807_001:S000765,improved_dataset_1000_20260807_001,S000765,val,TOPO-0306,24,0.028957588131377276,0.17747035213519807,0.1485127640038208
improved_dataset_1000_20260807_001:S000780,improved_dataset_1000_20260807_001,S000780,val,TOPO-0203,24,1.3792898863382572,0.72368892346852,-0.6556009628697372
improved_dataset_1000_20260807_001:S000788,improved_dataset_1000_20260807_001,S000788,val,TOPO-0235,25,0.11644328104057884,0.22444370798846375,0.1080004269478849
improved_dataset_1000_20260807_001:S000789,improved_dataset_1000_20260807_001,S000789,val,TOPO-0235,25,0.12304812927828411,0.18187157704633397,0.05882344776804986
improved_dataset_1000_20260807_001:S000790,improved_dataset_1000_20260807_001,S000790,val,TOPO-0235,25,0.13111299263495085,0.28638492594223625,0.1552719333072854
improved_dataset_1000_20260807_001:S000813,improved_dataset_1000_20260807_001,S000813,val,TOPO-0314,26,0.1736602951655055,0.37718583452973437,0.20352553936422887
improved_dataset_1000_20260807_001:S000825,improved_dataset_1000_20260807_001,S000825,val,TOPO-0346,26,0.11764184644662556,0.28355522183435594,0.16591337538773038
improved_dataset_1000_20260807_001:S000835,improved_dataset_1000_20260807_001,S000835,val,TOPO-0350,26,0.2631925659614921,0.4098173520296839,0.1466247860681918
improved_dataset_1000_20260807_001:S000836,improved_dataset_1000_20260807_001,S000836,val,TOPO-0350,26,0.28349729639013826,0.4079625281608177,0.12446523177067942
improved_dataset_1000_20260807_001:S000842,improved_dataset_1000_20260807_001,S000842,val,TOPO-0314,27,0.0674677158669901,0.3475953444907183,0.2801276286237282
improved_dataset_1000_20260807_001:S000843,improved_dataset_1000_20260807_001,S000843,val,TOPO-0314,27,0.06651459348167965,0.32330091022446117,0.2567863167427815
improved_dataset_1000_20260807_001:S000845,improved_dataset_1000_20260807_001,S000845,val,TOPO-0314,27,0.08228067064403599,0.4267585336790239,0.3444778630349879
improved_dataset_1000_20260807_001:S000846,improved_dataset_1000_20260807_001,S000846,val,TOPO-0354,27,0.08549630209555423,0.15914218556836723,0.073645883472813
improved_dataset_1000_20260807_001:S000847,improved_dataset_1000_20260807_001,S000847,val,TOPO-0235,27,0.1177652523664372,0.2278292533689539,0.1100640010025167
improved_dataset_1000_20260807_001:S000850,improved_dataset_1000_20260807_001,S000850,val,TOPO-0235,27,0.11613057489639579,0.22445295016870073,0.10832237527230494
improved_dataset_1000_20260807_001:S000855,improved_dataset_1000_20260807_001,S000855,val,TOPO-0346,27,0.11764393681345298,0.260518503988762,0.142874567175309
improved_dataset_1000_20260807_001:S000856,improved_dataset_1000_20260807_001,S000856,val,TOPO-0090,27,0.01919394095346169,0.19648781053149614,0.17729386957803445
improved_dataset_1000_20260807_001:S000862,improved_dataset_1000_20260807_001,S000862,val,TOPO-0350,27,0.9409144537864309,0.41649757019416667,-0.5244168835922642
improved_dataset_1000_20260807_001:S000864,improved_dataset_1000_20260807_001,S000864,val,TOPO-0360,27,0.07366607795025476,0.1410259100430427,0.06735983209278795
improved_dataset_1000_20260807_001:S000875,improved_dataset_1000_20260807_001,S000875,val,TOPO-0314,28,0.20866718893978198,0.3974970482788453,0.18882985933906332
improved_dataset_1000_20260807_001:S000882,improved_dataset_1000_20260807_001,S000882,val,TOPO-0090,28,0.021202412089642797,0.2253138576661244,0.20411144557648161
improved_dataset_1000_20260807_001:S000883,improved_dataset_1000_20260807_001,S000883,val,TOPO-0346,28,0.12335780067671771,0.25810861875572155,0.13475081807900385
improved_dataset_1000_20260807_001:S000886,improved_dataset_1000_20260807_001,S000886,val,TOPO-0346,28,0.12174569280181297,0.25303319748774716,0.1312875046859342
improved_dataset_1000_20260807_001:S000891,improved_dataset_1000_20260807_001,S000891,val,TOPO-0372,28,0.0381490477925325,0.08722519462681724,0.04907614683428474
improved_dataset_1000_20260807_001:S000896,improved_dataset_1000_20260807_001,S000896,val,TOPO-0350,28,0.26412356441362905,0.33925758215308205,0.075134017739453
improved_dataset_1000_20260807_001:S000904,improved_dataset_1000_20260807_001,S000904,val,TOPO-0354,29,0.07641144053159826,0.17867146418103452,0.10226002364943626
improved_dataset_1000_20260807_001:S000913,improved_dataset_1000_20260807_001,S000913,val,TOPO-0346,29,0.11846627863456063,0.2815754958948017,0.16310921726024105
improved_dataset_1000_20260807_001:S000922,improved_dataset_1000_20260807_001,S000922,val,TOPO-0388,29,0.0610630865717548,0.17163377737256433,0.11057069080080953
improved_dataset_1000_20260807_001:S000923,improved_dataset_1000_20260807_001,S000923,val,TOPO-0360,29,0.0710949161415293,0.16418869186372886,0.09309377572219957
improved_dataset_1000_20260807_001:S000932,improved_dataset_1000_20260807_001,S000932,val,TOPO-0314,30,0.10156904774359207,0.360458878341708,0.2588898305981159
improved_dataset_1000_20260807_001:S000934,improved_dataset_1000_20260807_001,S000934,val,TOPO-0314,30,0.17524414064424357,0.3027924220851372,0.1275482814408936
improved_dataset_1000_20260807_001:S000940,improved_dataset_1000_20260807_001,S000940,val,TOPO-0235,30,0.12014765511174658,0.2385944196991843,0.11844676458743772
improved_dataset_1000_20260807_001:S000942,improved_dataset_1000_20260807_001,S000942,val,TOPO-0346,30,0.11785302655119058,0.31657988215734767,0.1987268556061571
improved_dataset_1000_20260807_001:S000943,improved_dataset_1000_20260807_001,S000943,val,TOPO-0346,30,0.12262963147283519,0.32106020676145314,0.19843057528861796
improved_dataset_1000_20260807_001:S000953,improved_dataset_1000_20260807_001,S000953,val,TOPO-0360,30,0.06742729857132693,0.17411746741001144,0.10669016883868451
improved_dataset_1000_20260807_001:S000962,improved_dataset_1000_20260807_001,S000962,val,TOPO-0314,31,0.07642981878208097,0.33591153091133125,0.2594817121292503
improved_dataset_1000_20260807_001:S000963,improved_dataset_1000_20260807_001,S000963,val,TOPO-0314,31,0.3216506558077058,0.38809764486785786,0.06644698906015206
improved_dataset_1000_20260807_001:S000965,improved_dataset_1000_20260807_001,S000965,val,TOPO-0314,31,0.2746120383307031,0.31365075829317546,0.03903871996247238
improved_dataset_1000_20260807_001:S000974,improved_dataset_1000_20260807_001,S000974,val,TOPO-0346,31,0.11769052971060628,0.2392064608022793,0.12151593109167302
improved_dataset_1000_20260807_001:S000983,improved_dataset_1000_20260807_001,S000983,val,TOPO-0350,31,0.5220786031274212,0.3549091348018935,-0.16716946832552765
improved_dataset_1000_20260807_001:S000992,improved_dataset_1000_20260807_001,S000992,val,TOPO-0314,32,0.0690658596670477,0.36476825974992644,0.29570240008287874
improved_dataset_1000_20260807_001:S000994,improved_dataset_1000_20260807_001,S000994,val,TOPO-0314,32,0.0693535981302921,0.3919483870609415,0.3225947889306494
improved_dataset_1000_20260807_001:S000995,improved_dataset_1000_20260807_001,S000995,val,TOPO-0314,32,0.06700405764926962,0.3627450605469613,0.2957410028976917
band_supplement_300_20260808_001:S000018,band_supplement_300_20260808_001,S000018,val,TOPO-0235,1,0.12270035378199637,0.2613862290531228,0.13868587527112644
band_supplement_300_20260808_001:S000020,band_supplement_300_20260808_001,S000020,val,TOPO-0314,1,0.36907951930498983,0.31831669049395717,-0.05076282881103267
band_supplement_300_20260808_001:S000023,band_supplement_300_20260808_001,S000023,val,TOPO-0350,1,0.07646085595451854,0.43050060863007905,0.35403975267556054
band_supplement_300_20260808_001:S000024,band_supplement_300_20260808_001,S000024,val,TOPO-0350,1,0.2978853390127648,0.35670213898986347,0.058816799977098655
band_supplement_300_20260808_001:S000025,band_supplement_300_20260808_001,S000025,val,TOPO-0350,1,0.26092631917084286,0.43256398107572747,0.1716376619048846
band_supplement_300_20260808_001:S000033,band_supplement_300_20260808_001,S000033,val,TOPO-0181,2,0.4096170800322183,0.2854003048060263,-0.12421677522619201
band_supplement_300_20260808_001:S000034,band_supplement_300_20260808_001,S000034,val,TOPO-0181,2,0.4081059676469754,0.2603267207905956,-0.14777924685637978
band_supplement_300_20260808_001:S000047,band_supplement_300_20260808_001,S000047,val,TOPO-0198,2,0.16001607031771953,0.2965748753154564,0.13655880499773687
band_supplement_300_20260808_001:S000048,band_supplement_300_20260808_001,S000048,val,TOPO-0198,2,0.14291448219462266,0.2751230216045164,0.13220853940989374
band_supplement_300_20260808_001:S000054,band_supplement_300_20260808_001,S000054,val,TOPO-0235,2,0.1679312443097446,0.31237223900872974,0.14444099469898514
band_supplement_300_20260808_001:S000055,band_supplement_300_20260808_001,S000055,val,TOPO-0279,2,0.10737050540462509,0.2910353713897965,0.18366486598517143
band_supplement_300_20260808_001:S000064,band_supplement_300_20260808_001,S000064,val,TOPO-0181,3,0.5698971343455344,0.27708640660541983,-0.2928107277401145
band_supplement_300_20260808_001:S000065,band_supplement_300_20260808_001,S000065,val,TOPO-0181,3,0.4082859938581125,0.3096702966358015,-0.098615697222311
band_supplement_300_20260808_001:S000078,band_supplement_300_20260808_001,S000078,val,TOPO-0198,3,0.14882288281032646,0.30054428031174324,0.15172139750141678
band_supplement_300_20260808_001:S000080,band_supplement_300_20260808_001,S000080,val,TOPO-0198,3,0.14926786036408923,0.26823061529055187,0.11896275492646263
band_supplement_300_20260808_001:S000082,band_supplement_300_20260808_001,S000082,val,TOPO-0314,3,0.23765047582811608,0.378653781370541,0.14100330554242493
band_supplement_300_20260808_001:S000084,band_supplement_300_20260808_001,S000084,val,TOPO-0314,3,0.10402434805288306,0.36739897048573555,0.2633746224328525
band_supplement_300_20260808_001:S000089,band_supplement_300_20260808_001,S000089,val,TOPO-0346,3,0.12534291700382696,0.24325081128537868,0.11790789428155171
band_supplement_300_20260808_001:S000091,band_supplement_300_20260808_001,S000091,val,TOPO-0346,3,0.11757489104215338,0.27540408574931186,0.15782919470715848
band_supplement_300_20260808_001:S000106,band_supplement_300_20260808_001,S000106,val,TOPO-0198,4,0.14832318433408145,0.25877843276992185,0.1104552484358404
band_supplement_300_20260808_001:S000112,band_supplement_300_20260808_001,S000112,val,TOPO-0198,4,0.1494981774055743,0.3264493634405256,0.1769511860349513
band_supplement_300_20260808_001:S000123,band_supplement_300_20260808_001,S000123,val,TOPO-0181,5,0.43746119061341504,0.30511300514955036,-0.13234818546386468
band_supplement_300_20260808_001:S000135,band_supplement_300_20260808_001,S000135,val,TOPO-0198,5,0.14528503245391056,0.27889490285211077,0.13360987039820021
band_supplement_300_20260808_001:S000153,band_supplement_300_20260808_001,S000153,val,TOPO-0181,6,0.4096521812173204,0.2990830343168834,-0.11056914690043701
band_supplement_300_20260808_001:S000165,band_supplement_300_20260808_001,S000165,val,TOPO-0198,6,0.14921269377964375,0.3016031996638191,0.15239050588417535
band_supplement_300_20260808_001:S000166,band_supplement_300_20260808_001,S000166,val,TOPO-0198,6,0.13865473904030606,0.29418301816992753,0.15552827912962147
band_supplement_300_20260808_001:S000169,band_supplement_300_20260808_001,S000169,val,TOPO-0198,6,0.151363919992539,0.2835246992953759,0.13216077930283687
band_supplement_300_20260808_001:S000175,band_supplement_300_20260808_001,S000175,val,TOPO-0279,6,0.12346759268465331,0.27519309133723147,0.15172549865257817
band_supplement_300_20260808_001:S000184,band_supplement_300_20260808_001,S000184,val,TOPO-0181,7,0.44868391383686956,0.23394374346239305,-0.2147401703744765
band_supplement_300_20260808_001:S000185,band_supplement_300_20260808_001,S000185,val,TOPO-0181,7,0.41078280439597636,0.2673936939566479,-0.14338911043932845
band_supplement_300_20260808_001:S000195,band_supplement_300_20260808_001,S000195,val,TOPO-0198,7,0.16095064467656128,0.2657123599234585,0.1047617152468972
band_supplement_300_20260808_001:S000196,band_supplement_300_20260808_001,S000196,val,TOPO-0198,7,0.1489605233854629,0.30843638599167283,0.15947586260620994
band_supplement_300_20260808_001:S000199,band_supplement_300_20260808_001,S000199,val,TOPO-0198,7,0.1489543530894723,0.3197811144830547,0.17082676139358238
band_supplement_300_20260808_001:S000203,band_supplement_300_20260808_001,S000203,val,TOPO-0279,7,0.12616551348891358,0.35303026640901247,0.2268647529200989
band_supplement_300_20260808_001:S000204,band_supplement_300_20260808_001,S000204,val,TOPO-0279,7,0.126380577219158,0.35097188113295225,0.22459130391379425
band_supplement_300_20260808_001:S000205,band_supplement_300_20260808_001,S000205,val,TOPO-0279,7,0.1241115105554916,0.27320312578352257,0.14909161522803097
band_supplement_300_20260808_001:S000206,band_supplement_300_20260808_001,S000206,val,TOPO-0346,7,0.10970627280878467,0.24426424658970972,0.13455797378092504
band_supplement_300_20260808_001:S000226,band_supplement_300_20260808_001,S000226,val,TOPO-0198,8,0.16424876603526914,0.3234693280025566,0.15922056196728748
band_supplement_300_20260808_001:S000229,band_supplement_300_20260808_001,S000229,val,TOPO-0198,8,0.14806972470350702,0.3358670708250019,0.18779734612149487
band_supplement_300_20260808_001:S000230,band_supplement_300_20260808_001,S000230,val,TOPO-0198,8,0.13906453582647332,0.2659755498402296,0.12691101401375626
band_supplement_300_20260808_001:S000233,band_supplement_300_20260808_001,S000233,val,TOPO-0279,8,0.1846936147073472,0.3110776758936086,0.1263840611862614
band_supplement_300_20260808_001:S000235,band_supplement_300_20260808_001,S000235,val,TOPO-0279,8,0.690567368807028,0.35411836070317965,-0.3364490081038483
band_supplement_300_20260808_001:S000242,band_supplement_300_20260808_001,S000242,val,TOPO-0181,9,0.42988236937712077,0.2804028902981117,-0.14947947907900905
band_supplement_300_20260808_001:S000255,band_supplement_300_20260808_001,S000255,val,TOPO-0198,9,0.165957057311733,0.26366094076832314,0.09770388345659015
band_supplement_300_20260808_001:S000258,band_supplement_300_20260808_001,S000258,val,TOPO-0198,9,0.5010374163045767,0.3486786107802841,-0.15235880552429254
band_supplement_300_20260808_001:S000261,band_supplement_300_20260808_001,S000261,val,TOPO-0198,9,0.1472823355135137,0.28404081829276523,0.13675848277925154
band_supplement_300_20260808_001:S000263,band_supplement_300_20260808_001,S000263,val,TOPO-0279,9,0.12171332925448489,0.3671460360996178,0.24543270684513294
band_supplement_300_20260808_001:S000264,band_supplement_300_20260808_001,S000264,val,TOPO-0279,9,0.12303186261662709,0.3278892547996485,0.2048573921830214
band_supplement_300_20260808_001:S000265,band_supplement_300_20260808_001,S000265,val,TOPO-0279,9,0.12322103550900901,0.35116106463633334,0.22794002912732433
band_supplement_300_20260808_001:S000287,band_supplement_300_20260808_001,S000287,val,TOPO-0198,10,0.14460506371354864,0.3672701529563707,0.22266508924282208
band_supplement_300_20260808_001:S000288,band_supplement_300_20260808_001,S000288,val,TOPO-0198,10,0.18808689285344893,0.3146639283225284,0.12657703546907945
band_supplement_300_20260808_001:S000290,band_supplement_300_20260808_001,S000290,val,TOPO-0198,10,0.4309240087171232,0.3065459728317449,-0.12437803588537832
band_supplement_300_20260808_001:S000292,band_supplement_300_20260808_001,S000292,val,TOPO-0198,10,0.15104219980460015,0.3048634291446553,0.15382122934005515
band_supplement_300_20260808_001:S000293,band_supplement_300_20260808_001,S000293,val,TOPO-0279,10,0.12384073907984643,0.3004897663037439,0.17664902722389747
band_supplement_300_20260808_001:S000295,band_supplement_300_20260808_001,S000295,val,TOPO-0279,10,0.34234682599403476,0.32303995392300566,-0.019306872071029102
improved_dataset_1000_20260807_001:S000033,improved_dataset_1000_20260807_001,S000033,test,TOPO-0031,0,0.05910199354666218,0.1498598533107144,0.09075785976405223
improved_dataset_1000_20260807_001:S000048,improved_dataset_1000_20260807_001,S000048,test,TOPO-0046,0,0.2754207821564334,0.2905180374330075,0.015097255276574129
improved_dataset_1000_20260807_001:S000049,improved_dataset_1000_20260807_001,S000049,test,TOPO-0047,0,0.04745757860702238,0.07696900609156579,0.029511427484543412
improved_dataset_1000_20260807_001:S000107,improved_dataset_1000_20260807_001,S000107,test,TOPO-0031,2,0.06488289770239208,0.1637870549358879,0.09890415723349583
improved_dataset_1000_20260807_001:S000113,improved_dataset_1000_20260807_001,S000113,test,TOPO-0046,2,0.2723635941438341,0.2960767101285848,0.023713115984750677
improved_dataset_1000_20260807_001:S000115,improved_dataset_1000_20260807_001,S000115,test,TOPO-0046,2,0.3294034549856365,0.2617369384906683,-0.06766651649496819
improved_dataset_1000_20260807_001:S000126,improved_dataset_1000_20260807_001,S000126,test,TOPO-0078,3,0.12564350538701047,0.23687098652697053,0.11122748113996006
improved_dataset_1000_20260807_001:S000142,improved_dataset_1000_20260807_001,S000142,test,TOPO-0046,3,0.25774967783560565,0.2902977530911941,0.03254807525558845
improved_dataset_1000_20260807_001:S000157,improved_dataset_1000_20260807_001,S000157,test,TOPO-0086,4,0.16113240578605512,0.40514197603968183,0.2440095702536267
improved_dataset_1000_20260807_001:S000159,improved_dataset_1000_20260807_001,S000159,test,TOPO-0088,4,0.0811675025589389,0.2705168028013048,0.1893493002423659
improved_dataset_1000_20260807_001:S000173,improved_dataset_1000_20260807_001,S000173,test,TOPO-0046,4,0.2808320680741789,0.3041485502171756,0.023316482142996697
improved_dataset_1000_20260807_001:S000194,improved_dataset_1000_20260807_001,S000194,test,TOPO-0104,5,0.048650350407547394,0.12917629429684424,0.08052594388929685
improved_dataset_1000_20260807_001:S000198,improved_dataset_1000_20260807_001,S000198,test,TOPO-0031,5,0.05938472361832006,0.17424135347753344,0.11485662985921338
improved_dataset_1000_20260807_001:S000204,improved_dataset_1000_20260807_001,S000204,test,TOPO-0108,5,0.08746926882866654,0.21699279428473642,0.12952352545606988
improved_dataset_1000_20260807_001:S000208,improved_dataset_1000_20260807_001,S000208,test,TOPO-0110,5,0.031111345067563606,0.24249794498103516,0.21138659991347156
improved_dataset_1000_20260807_001:S000216,improved_dataset_1000_20260807_001,S000216,test,TOPO-0078,6,0.12301785609778346,0.23716689545954037,0.11414903936175691
improved_dataset_1000_20260807_001:S000220,improved_dataset_1000_20260807_001,S000220,test,TOPO-0086,6,0.16244143169298225,0.44389784390400644,0.2814564122110242
improved_dataset_1000_20260807_001:S000221,improved_dataset_1000_20260807_001,S000221,test,TOPO-0086,6,0.2264890583152876,0.3519401454140126,0.125451087098725
improved_dataset_1000_20260807_001:S000229,improved_dataset_1000_20260807_001,S000229,test,TOPO-0031,6,0.06097757252981481,0.13189104414571512,0.07091347161590031
improved_dataset_1000_20260807_001:S000231,improved_dataset_1000_20260807_001,S000231,test,TOPO-0118,6,0.02442565162753288,0.02047925127734679,-0.003946400350186091
improved_dataset_1000_20260807_001:S000232,improved_dataset_1000_20260807_001,S000232,test,TOPO-0046,6,0.27535002801427483,0.2593755296071257,-0.01597449840714915
improved_dataset_1000_20260807_001:S000234,improved_dataset_1000_20260807_001,S000234,test,TOPO-0046,6,0.46673475133059666,0.3109291855718679,-0.15580556575872878
improved_dataset_1000_20260807_001:S000235,improved_dataset_1000_20260807_001,S000235,test,TOPO-0046,6,0.274122176250646,0.316732362214759,0.04261018596411298
improved_dataset_1000_20260807_001:S000239,improved_dataset_1000_20260807_001,S000239,test,TOPO-0110,6,0.03349287771094481,0.18551993300037656,0.15202705528943175
improved_dataset_1000_20260807_001:S000240,improved_dataset_1000_20260807_001,S000240,test,TOPO-0110,6,0.03638267721236363,0.22245729446671159,0.18607461725434796
improved_dataset_1000_20260807_001:S000242,improved_dataset_1000_20260807_001,S000242,test,TOPO-0078,7,0.1654656035818073,0.25052473607284514,0.08505913249103783
improved_dataset_1000_20260807_001:S000248,improved_dataset_1000_20260807_001,S000248,test,TOPO-0086,7,0.18716464582283945,0.4111392066345519,0.22397456081171244
improved_dataset_1000_20260807_001:S000250,improved_dataset_1000_20260807_001,S000250,test,TOPO-0086,7,0.164614999364533,0.3244529251773511,0.15983792581281808
improved_dataset_1000_20260807_001:S000251,improved_dataset_1000_20260807_001,S000251,test,TOPO-0086,7,0.17371521504422133,0.5052015543567864,0.33148633931256505
improved_dataset_1000_20260807_001:S000258,improved_dataset_1000_20260807_001,S000258,test,TOPO-0128,7,0.084052017782794,0.14198549452681963,0.05793347674402563
improved_dataset_1000_20260807_001:S000263,improved_dataset_1000_20260807_001,S000263,test,TOPO-0046,7,0.2596882410568083,0.25506458572928625,-0.004623655327522069
improved_dataset_1000_20260807_001:S000264,improved_dataset_1000_20260807_001,S000264,test,TOPO-0046,7,0.260204391887195,0.2949019239715749,0.03469753208437987
improved_dataset_1000_20260807_001:S000265,improved_dataset_1000_20260807_001,S000265,test,TOPO-0046,7,0.47221106675647334,0.2616342929906427,-0.21057677376583062
improved_dataset_1000_20260807_001:S000267,improved_dataset_1000_20260807_001,S000267,test,TOPO-0110,7,0.025374932831160463,0.20322002789718585,0.1778450950660254
improved_dataset_1000_20260807_001:S000268,improved_dataset_1000_20260807_001,S000268,test,TOPO-0110,7,0.03505233380819647,0.20381878800850234,0.16876645420030587
improved_dataset_1000_20260807_001:S000275,improved_dataset_1000_20260807_001,S000275,test,TOPO-0078,8,0.11793388236451514,0.24869502313340583,0.13076114076889067
improved_dataset_1000_20260807_001:S000276,improved_dataset_1000_20260807_001,S000276,test,TOPO-0078,8,0.12368444967374964,0.2661080016367944,0.14242355196304474
improved_dataset_1000_20260807_001:S000278,improved_dataset_1000_20260807_001,S000278,test,TOPO-0086,8,0.16686222328650271,0.41671046928058975,0.24984824599408703
improved_dataset_1000_20260807_001:S000280,improved_dataset_1000_20260807_001,S000280,test,TOPO-0086,8,1.2362064204231948,0.5677246171628969,-0.6684818032602979
improved_dataset_1000_20260807_001:S000291,improved_dataset_1000_20260807_001,S000291,test,TOPO-0140,8,1.35861380277327,0.2994373196611336,-1.0591764831121364
improved_dataset_1000_20260807_001:S000294,improved_dataset_1000_20260807_001,S000294,test,TOPO-0046,8,0.2634315097452649,0.24774166730611466,-0.015689842439150253
improved_dataset_1000_20260807_001:S000296,improved_dataset_1000_20260807_001,S000296,test,TOPO-0108,8,0.10296982695994407,0.23078029690456645,0.12781046994462236
improved_dataset_1000_20260807_001:S000300,improved_dataset_1000_20260807_001,S000300,test,TOPO-0110,8,0.03259155822335755,0.18156107268446914,0.1489695144611116
improved_dataset_1000_20260807_001:S000309,improved_dataset_1000_20260807_001,S000309,test,TOPO-0086,9,0.15108157722234916,0.39340194538693607,0.2423203681645869
improved_dataset_1000_20260807_001:S000310,improved_dataset_1000_20260807_001,S000310,test,TOPO-0086,9,0.16639956780819945,0.4486218607139927,0.28222229290579326
improved_dataset_1000_20260807_001:S000315,improved_dataset_1000_20260807_001,S000315,test,TOPO-0104,9,0.04832786092217206,0.15533017352208606,0.107002312599914
improved_dataset_1000_20260807_001:S000322,improved_dataset_1000_20260807_001,S000322,test,TOPO-0046,9,0.3610673660864714,0.2453679125250913,-0.11569945356138009
improved_dataset_1000_20260807_001:S000323,improved_dataset_1000_20260807_001,S000323,test,TOPO-0047,9,0.06426618643330761,0.09219572616845133,0.027929539735143713
improved_dataset_1000_20260807_001:S000336,improved_dataset_1000_20260807_001,S000336,test,TOPO-0078,10,0.25901730227670083,0.30274115504286975,0.043723852766168914
improved_dataset_1000_20260807_001:S000341,improved_dataset_1000_20260807_001,S000341,test,TOPO-0086,10,0.1356931189913167,0.44619822362608763,0.31050510463477093
improved_dataset_1000_20260807_001:S000355,improved_dataset_1000_20260807_001,S000355,test,TOPO-0167,10,0.06860163906637365,0.14020024697920927,0.07159860791283562
improved_dataset_1000_20260807_001:S000356,improved_dataset_1000_20260807_001,S000356,test,TOPO-0046,10,0.27912954918123845,0.2828191527416256,0.003689603560387167
improved_dataset_1000_20260807_001:S000382,improved_dataset_1000_20260807_001,S000382,test,TOPO-0108,11,0.1143245510125007,0.2199567216664708,0.10563217065397008
improved_dataset_1000_20260807_001:S000386,improved_dataset_1000_20260807_001,S000386,test,TOPO-0046,11,0.46431126279667934,0.3093576223246158,-0.15495364047206356
improved_dataset_1000_20260807_001:S000395,improved_dataset_1000_20260807_001,S000395,test,TOPO-0078,12,0.12029129620688761,0.23546155404083297,0.11517025783394536
improved_dataset_1000_20260807_001:S000396,improved_dataset_1000_20260807_001,S000396,test,TOPO-0182,12,0.047493634782045574,0.17906152716158102,0.13156789237953545
improved_dataset_1000_20260807_001:S000404,improved_dataset_1000_20260807_001,S000404,test,TOPO-0104,12,0.06314233307209269,0.12738496134123628,0.06424262826914359
improved_dataset_1000_20260807_001:S000413,improved_dataset_1000_20260807_001,S000413,test,TOPO-0186,12,0.047374165542908936,0.1452884332791298,0.09791426773622086
improved_dataset_1000_20260807_001:S000415,improved_dataset_1000_20260807_001,S000415,test,TOPO-0046,12,0.4673123929009067,0.30425517484187264,-0.16305721805903406
improved_dataset_1000_20260807_001:S000422,improved_dataset_1000_20260807_001,S000422,test,TOPO-0078,13,0.12155138418585504,0.22649006569701693,0.1049386815111619
improved_dataset_1000_20260807_001:S000429,improved_dataset_1000_20260807_001,S000429,test,TOPO-0086,13,0.15201644338366685,0.3327233395035476,0.18070689611988075
improved_dataset_1000_20260807_001:S000438,improved_dataset_1000_20260807_001,S000438,test,TOPO-0199,13,0.0892160196714552,0.11520453178084969,0.025988512109394485
improved_dataset_1000_20260807_001:S000439,improved_dataset_1000_20260807_001,S000439,test,TOPO-0140,13,1.509970792037272,0.3904013670546631,-1.119569424982609
improved_dataset_1000_20260807_001:S000443,improved_dataset_1000_20260807_001,S000443,test,TOPO-0167,13,0.07238458758605432,0.14862137463146294,0.07623678704540862
improved_dataset_1000_20260807_001:S000445,improved_dataset_1000_20260807_001,S000445,test,TOPO-0046,13,0.46679389703971363,0.2821797498509146,-0.18461414718879904
improved_dataset_1000_20260807_001:S000446,improved_dataset_1000_20260807_001,S000446,test,TOPO-0046,13,0.4669154142016812,0.32196598286867245,-0.14494943133300875
improved_dataset_1000_20260807_001:S000451,improved_dataset_1000_20260807_001,S000451,test,TOPO-0110,13,0.037630106269376185,0.20657631742671637,0.16894621115734018
improved_dataset_1000_20260807_001:S000452,improved_dataset_1000_20260807_001,S000452,test,TOPO-0078,14,0.12176013437162067,0.2654795599081784,0.14371942553655773
improved_dataset_1000_20260807_001:S000474,improved_dataset_1000_20260807_001,S000474,test,TOPO-0046,14,0.4414816132934899,0.27722095407431163,-0.16426065921917826
improved_dataset_1000_20260807_001:S000487,improved_dataset_1000_20260807_001,S000487,test,TOPO-0222,15,0.08121380895911584,0.21807267833905605,0.1368588693799402
improved_dataset_1000_20260807_001:S000497,improved_dataset_1000_20260807_001,S000497,test,TOPO-0226,15,0.8416905340943346,0.6341592550200686,-0.20753127907426594
improved_dataset_1000_20260807_001:S000502,improved_dataset_1000_20260807_001,S000502,test,TOPO-0186,15,0.04079078335643144,0.12858201467990782,0.08779123132347638
improved_dataset_1000_20260807_001:S000503,improved_dataset_1000_20260807_001,S000503,test,TOPO-0046,15,0.4665593302930794,0.3252580241248823,-0.14130130616819708
improved_dataset_1000_20260807_001:S000505,improved_dataset_1000_20260807_001,S000505,test,TOPO-0046,15,0.44751855024708176,0.3541204086260106,-0.09339814162107118
improved_dataset_1000_20260807_001:S000506,improved_dataset_1000_20260807_001,S000506,test,TOPO-0046,15,0.46317690454633165,0.3211240213101846,-0.14205288323614707
improved_dataset_1000_20260807_001:S000507,improved_dataset_1000_20260807_001,S000507,test,TOPO-0110,15,0.033911078408418255,0.21457147829071585,0.1806603998822976
improved_dataset_1000_20260807_001:S000514,improved_dataset_1000_20260807_001,S000514,test,TOPO-0078,16,0.07871950261704519,0.23713880283935967,0.15841930022231449
improved_dataset_1000_20260807_001:S000524,improved_dataset_1000_20260807_001,S000524,test,TOPO-0104,16,0.07205540256023174,0.11546598679926402,0.04341058423903228
improved_dataset_1000_20260807_001:S000529,improved_dataset_1000_20260807_001,S000529,test,TOPO-0140,16,1.5064638143828073,0.4654190723272188,-1.0410447420555884
improved_dataset_1000_20260807_001:S000530,improved_dataset_1000_20260807_001,S000530,test,TOPO-0239,16,0.03295016754975083,0.09193676473483112,0.058986597185080286
improved_dataset_1000_20260807_001:S000531,improved_dataset_1000_20260807_001,S000531,test,TOPO-0226,16,0.8606436036215737,0.5947982206537065,-0.2658453829678672
improved_dataset_1000_20260807_001:S000532,improved_dataset_1000_20260807_001,S000532,test,TOPO-0108,16,0.11319039437113641,0.2545842868121896,0.14139389244105316
improved_dataset_1000_20260807_001:S000533,improved_dataset_1000_20260807_001,S000533,test,TOPO-0108,16,0.09702283944592598,0.18614257051247174,0.08911973106654576
improved_dataset_1000_20260807_001:S000536,improved_dataset_1000_20260807_001,S000536,test,TOPO-0186,16,0.026172667745299638,0.15853460506402894,0.1323619373187293
improved_dataset_1000_20260807_001:S000543,improved_dataset_1000_20260807_001,S000543,test,TOPO-0245,17,0.05487620558954226,0.173362468294844,0.11848626270530174
improved_dataset_1000_20260807_001:S000558,improved_dataset_1000_20260807_001,S000558,test,TOPO-0140,17,1.3666938663861818,0.4578671393627046,-0.9088267270234772
improved_dataset_1000_20260807_001:S000560,improved_dataset_1000_20260807_001,S000560,test,TOPO-0031,17,0.043791276800711376,0.1790221948405783,0.13523091803986692
improved_dataset_1000_20260807_001:S000563,improved_dataset_1000_20260807_001,S000563,test,TOPO-0257,17,0.018685185989464392,0.1502479081596767,0.1315627221702123
improved_dataset_1000_20260807_001:S000565,improved_dataset_1000_20260807_001,S000565,test,TOPO-0167,17,0.08335583013027109,0.14358000936517687,0.06022417923490578
improved_dataset_1000_20260807_001:S000566,improved_dataset_1000_20260807_001,S000566,test,TOPO-0167,17,0.07329587080181899,0.1558319040046633,0.0825360332028443
improved_dataset_1000_20260807_001:S000572,improved_dataset_1000_20260807_001,S000572,test,TOPO-0078,18,0.08164615411842152,0.21473354008033607,0.13308738596191455
improved_dataset_1000_20260807_001:S000573,improved_dataset_1000_20260807_001,S000573,test,TOPO-0078,18,0.07899751079409292,0.25777977328187096,0.17878226248777804
improved_dataset_1000_20260807_001:S000589,improved_dataset_1000_20260807_001,S000589,test,TOPO-0226,18,0.8871441494936947,0.5191305916848084,-0.36801355780888634
improved_dataset_1000_20260807_001:S000591,improved_dataset_1000_20260807_001,S000591,test,TOPO-0226,18,0.818241202242306,0.6278561517644514,-0.1903850504778546
improved_dataset_1000_20260807_001:S000592,improved_dataset_1000_20260807_001,S000592,test,TOPO-0267,18,0.27108101084672387,0.344816440541144,0.07373542969442015
improved_dataset_1000_20260807_001:S000594,improved_dataset_1000_20260807_001,S000594,test,TOPO-0047,18,0.04785225471943799,0.05993958337351096,0.01208732865407297
improved_dataset_1000_20260807_001:S000595,improved_dataset_1000_20260807_001,S000595,test,TOPO-0046,18,0.44006816454418385,0.37227485191518395,-0.0677933126289999
improved_dataset_1000_20260807_001:S000596,improved_dataset_1000_20260807_001,S000596,test,TOPO-0108,18,0.10810803350973494,0.23868492223708743,0.13057688872735249
improved_dataset_1000_20260807_001:S000621,improved_dataset_1000_20260807_001,S000621,test,TOPO-0226,19,0.8132208838927824,0.6184913508216072,-0.19472953307117513
improved_dataset_1000_20260807_001:S000626,improved_dataset_1000_20260807_001,S000626,test,TOPO-0267,19,0.27527081690581445,0.36861484243135345,0.093344025525539
improved_dataset_1000_20260807_001:S000647,improved_dataset_1000_20260807_001,S000647,test,TOPO-0226,20,0.8022234746247259,0.6238065700587839,-0.17841690456594195
improved_dataset_1000_20260807_001:S000649,improved_dataset_1000_20260807_001,S000649,test,TOPO-0199,20,0.08972116689575035,0.13279990274817996,0.043078735852429606
improved_dataset_1000_20260807_001:S000652,improved_dataset_1000_20260807_001,S000652,test,TOPO-0267,20,0.27199088810510463,0.37249019153140556,0.10049930342630092
improved_dataset_1000_20260807_001:S000653,improved_dataset_1000_20260807_001,S000653,test,TOPO-0267,20,0.27321642667092444,0.364496437785368,0.09128001111444356
improved_dataset_1000_20260807_001:S000654,improved_dataset_1000_20260807_001,S000654,test,TOPO-0267,20,0.27211832620458337,0.3533296345272967,0.08121130832271334
improved_dataset_1000_20260807_001:S000655,improved_dataset_1000_20260807_001,S000655,test,TOPO-0267,20,0.2615076135776013,0.37130461398828657,0.10979700041068524
improved_dataset_1000_20260807_001:S000674,improved_dataset_1000_20260807_001,S000674,test,TOPO-0287,21,0.12443724700659888,0.28782793693510156,0.1633906899285027
improved_dataset_1000_20260807_001:S000675,improved_dataset_1000_20260807_001,S000675,test,TOPO-0287,21,0.4242586247294158,0.27762179517721824,-0.14663682955219753
improved_dataset_1000_20260807_001:S000676,improved_dataset_1000_20260807_001,S000676,test,TOPO-0287,21,0.13422919371917802,0.2778830538921488,0.14365386017297077
improved_dataset_1000_20260807_001:S000678,improved_dataset_1000_20260807_001,S000678,test,TOPO-0140,21,1.5016965895843883,0.45248148431334306,-1.0492151052710452
improved_dataset_1000_20260807_001:S000680,improved_dataset_1000_20260807_001,S000680,test,TOPO-0140,21,1.5113038730792132,0.4812022968641595,-1.0301015762150536
improved_dataset_1000_20260807_001:S000681,improved_dataset_1000_20260807_001,S000681,test,TOPO-0226,21,0.7946394539988608,0.5832999297830027,-0.2113395242158581
improved_dataset_1000_20260807_001:S000682,improved_dataset_1000_20260807_001,S000682,test,TOPO-0186,21,0.03366346013286156,0.13152838672315603,0.09786492659029447
improved_dataset_1000_20260807_001:S000684,improved_dataset_1000_20260807_001,S000684,test,TOPO-0167,21,0.07212401328056725,0.12825564687435267,0.056131633593785424
improved_dataset_1000_20260807_001:S000695,improved_dataset_1000_20260807_001,S000695,test,TOPO-0182,22,0.05650400713215134,0.16893385639496916,0.11242984926281782
improved_dataset_1000_20260807_001:S000703,improved_dataset_1000_20260807_001,S000703,test,TOPO-0287,22,0.12214933520848834,0.2893195409984551,0.16717020578996675
improved_dataset_1000_20260807_001:S000705,improved_dataset_1000_20260807_001,S000705,test,TOPO-0287,22,0.12505163446687517,0.28359180855933536,0.15854017409246018
improved_dataset_1000_20260807_001:S000706,improved_dataset_1000_20260807_001,S000706,test,TOPO-0287,22,0.13424542324233812,0.2633244288476055,0.12907900560526736
improved_dataset_1000_20260807_001:S000707,improved_dataset_1000_20260807_001,S000707,test,TOPO-0226,22,0.8023477930904621,0.5532197633564142,-0.2491280297340479
improved_dataset_1000_20260807_001:S000712,improved_dataset_1000_20260807_001,S000712,test,TOPO-0267,22,0.3035372983071404,0.3562925650346778,0.05275526672753744
improved_dataset_1000_20260807_001:S000714,improved_dataset_1000_20260807_001,S000714,test,TOPO-0257,22,0.018635102073599308,0.14048931181734414,0.12185420974374483
improved_dataset_1000_20260807_001:S000718,improved_dataset_1000_20260807_001,S000718,test,TOPO-0110,22,0.030400535458247863,0.17995817250405421,0.14955763704580635
improved_dataset_1000_20260807_001:S000723,improved_dataset_1000_20260807_001,S000723,test,TOPO-0182,23,0.07232226918819931,0.18532105369654597,0.11299878450834666
improved_dataset_1000_20260807_001:S000739,improved_dataset_1000_20260807_001,S000739,test,TOPO-0031,23,0.050314293013172695,0.1592169453626951,0.1089026523495224
improved_dataset_1000_20260807_001:S000743,improved_dataset_1000_20260807_001,S000743,test,TOPO-0186,23,0.043084923811027714,0.1784856974193714,0.13540077360834368
improved_dataset_1000_20260807_001:S000745,improved_dataset_1000_20260807_001,S000745,test,TOPO-0257,23,0.01950463100781122,0.1517734408927291,0.13226880988491788
improved_dataset_1000_20260807_001:S000762,improved_dataset_1000_20260807_001,S000762,test,TOPO-0287,24,0.1250896855097337,0.2632312748862963,0.13814158937656257
improved_dataset_1000_20260807_001:S000766,improved_dataset_1000_20260807_001,S000766,test,TOPO-0287,24,0.16095763732498397,0.24259291342319458,0.08163527609821061
improved_dataset_1000_20260807_001:S000772,improved_dataset_1000_20260807_001,S000772,test,TOPO-0267,24,0.3235380448328834,0.3040357499909883,-0.019502294841895085
improved_dataset_1000_20260807_001:S000774,improved_dataset_1000_20260807_001,S000774,test,TOPO-0267,24,0.26087210757631857,0.4118914628064458,0.15101935523012722
improved_dataset_1000_20260807_001:S000775,improved_dataset_1000_20260807_001,S000775,test,TOPO-0267,24,0.2716709770925164,0.42777035611148806,0.15609937901897164
improved_dataset_1000_20260807_001:S000779,improved_dataset_1000_20260807_001,S000779,test,TOPO-0323,24,0.08317494442820497,0.19582603037000756,0.11265108594180259
improved_dataset_1000_20260807_001:S000792,improved_dataset_1000_20260807_001,S000792,test,TOPO-0287,25,0.12325321866935197,0.2927276029190863,0.16947438424973432
improved_dataset_1000_20260807_001:S000793,improved_dataset_1000_20260807_001,S000793,test,TOPO-0287,25,0.12335389582904009,0.30574114446469136,0.18238724863565126
improved_dataset_1000_20260807_001:S000800,improved_dataset_1000_20260807_001,S000800,test,TOPO-0140,25,1.4966693528634358,0.4131307001721346,-1.0835386526913013
improved_dataset_1000_20260807_001:S000802,improved_dataset_1000_20260807_001,S000802,test,TOPO-0186,25,0.04353193337112271,0.14806325729954095,0.10453132392841824
improved_dataset_1000_20260807_001:S000803,improved_dataset_1000_20260807_001,S000803,test,TOPO-0108,25,0.10756550373552606,0.21061165253968503,0.10304614880415897
improved_dataset_1000_20260807_001:S000806,improved_dataset_1000_20260807_001,S000806,test,TOPO-0267,25,0.26135243302091304,0.33762450694390833,0.07627207392299529
improved_dataset_1000_20260807_001:S000811,improved_dataset_1000_20260807_001,S000811,test,TOPO-0339,25,0.045357057053440925,0.11677472620921481,0.07141766915577388
improved_dataset_1000_20260807_001:S000814,improved_dataset_1000_20260807_001,S000814,test,TOPO-0245,26,0.06189355641819139,0.15285633049182595,0.09096277407363457
improved_dataset_1000_20260807_001:S000822,improved_dataset_1000_20260807_001,S000822,test,TOPO-0287,26,0.13451949473871083,0.28520207012039256,0.15068257538168173
improved_dataset_1000_20260807_001:S000826,improved_dataset_1000_20260807_001,S000826,test,TOPO-0287,26,0.1219439911534415,0.3002918817810812,0.17834789062763967
improved_dataset_1000_20260807_001:S000828,improved_dataset_1000_20260807_001,S000828,test,TOPO-0226,26,0.7926141113740726,0.5603509065396687,-0.23226320483440388
improved_dataset_1000_20260807_001:S000832,improved_dataset_1000_20260807_001,S000832,test,TOPO-0108,26,0.10839066808240069,0.23037373116763243,0.12198306308523174
improved_dataset_1000_20260807_001:S000858,improved_dataset_1000_20260807_001,S000858,test,TOPO-0140,27,1.3585200015410142,0.4874931550267877,-0.8710268465142265
improved_dataset_1000_20260807_001:S000859,improved_dataset_1000_20260807_001,S000859,test,TOPO-0226,27,0.7966693381312739,0.6159170375461418,-0.18075230058513214
improved_dataset_1000_20260807_001:S000863,improved_dataset_1000_20260807_001,S000863,test,TOPO-0267,27,0.26835859455098593,0.32351357586890356,0.05515498131791763
improved_dataset_1000_20260807_001:S000872,improved_dataset_1000_20260807_001,S000872,test,TOPO-0245,28,0.05356816650553364,0.18253031317744886,0.12896214667191522
improved_dataset_1000_20260807_001:S000873,improved_dataset_1000_20260807_001,S000873,test,TOPO-0245,28,0.0537770970782844,0.15434955803804545,0.10057246095976105
improved_dataset_1000_20260807_001:S000895,improved_dataset_1000_20260807_001,S000895,test,TOPO-0267,28,0.31077247172580613,0.33223005537627304,0.021457583650466905
improved_dataset_1000_20260807_001:S000906,improved_dataset_1000_20260807_001,S000906,test,TOPO-0245,29,0.04864841920570684,0.16692018586921734,0.1182717666635105
improved_dataset_1000_20260807_001:S000921,improved_dataset_1000_20260807_001,S000921,test,TOPO-0387,29,0.02538422806639304,0.25969376142910255,0.23430953336270952
improved_dataset_1000_20260807_001:S000933,improved_dataset_1000_20260807_001,S000933,test,TOPO-0245,30,0.050576554467520435,0.1647667950125008,0.11419024054498036
improved_dataset_1000_20260807_001:S000936,improved_dataset_1000_20260807_001,S000936,test,TOPO-0245,30,0.05470009483708191,0.16450409320168938,0.10980399836460747
improved_dataset_1000_20260807_001:S000949,improved_dataset_1000_20260807_001,S000949,test,TOPO-0394,30,0.05966238163239668,0.1770970306585194,0.11743464902612272
improved_dataset_1000_20260807_001:S000954,improved_dataset_1000_20260807_001,S000954,test,TOPO-0186,30,0.02423442020132091,0.15513602937661455,0.13090160917529364
improved_dataset_1000_20260807_001:S000980,improved_dataset_1000_20260807_001,S000980,test,TOPO-0140,31,1.4617496582903977,0.4778775525086496,-0.9838721057817481
band_supplement_300_20260808_001:S000005,band_supplement_300_20260808_001,S000005,test,TOPO-0086,1,0.11231786252417243,0.32582950070470135,0.21351163818052893
band_supplement_300_20260808_001:S000011,band_supplement_300_20260808_001,S000011,test,TOPO-0086,1,0.15137583614455524,0.3322927663810956,0.18091693023654037
band_supplement_300_20260808_001:S000014,band_supplement_300_20260808_001,S000014,test,TOPO-0421,1,0.4704889864866479,0.5213720591397533,0.05088307265310538
band_supplement_300_20260808_001:S000017,band_supplement_300_20260808_001,S000017,test,TOPO-0423,1,0.061070185330168725,0.06670965547857538,0.005639470148406656
band_supplement_300_20260808_001:S000028,band_supplement_300_20260808_001,S000028,test,TOPO-0426,1,0.13899349518733842,0.2961072273620653,0.15711373217472688
band_supplement_300_20260808_001:S000029,band_supplement_300_20260808_001,S000029,test,TOPO-0426,1,0.11798456049633117,0.29683946057861227,0.1788549000822811
band_supplement_300_20260808_001:S000041,band_supplement_300_20260808_001,S000041,test,TOPO-0421,2,0.47175958996574713,0.43892391684265264,-0.03283567312309449
band_supplement_300_20260808_001:S000042,band_supplement_300_20260808_001,S000042,test,TOPO-0421,2,0.23574020285695277,0.49361746294716624,0.2578772600902135
band_supplement_300_20260808_001:S000056,band_supplement_300_20260808_001,S000056,test,TOPO-0287,2,0.12337681558714785,0.22089779327271364,0.0975209776855658
band_supplement_300_20260808_001:S000057,band_supplement_300_20260808_001,S000057,test,TOPO-0426,2,0.181122931266892,0.28990683857796795,0.10878390731107596
band_supplement_300_20260808_001:S000059,band_supplement_300_20260808_001,S000059,test,TOPO-0426,2,0.11397274333654586,0.30272687794354847,0.1887541346070026
band_supplement_300_20260808_001:S000060,band_supplement_300_20260808_001,S000060,test,TOPO-0426,2,0.11974880887667523,0.2678409847082197,0.1480921758315445
band_supplement_300_20260808_001:S000061,band_supplement_300_20260808_001,S000061,test,TOPO-0426,2,0.1203443087585109,0.2569874393662859,0.13664313060777497
band_supplement_300_20260808_001:S000068,band_supplement_300_20260808_001,S000068,test,TOPO-0086,3,0.1568163182263903,0.32715149325255793,0.17033517502616763
band_supplement_300_20260808_001:S000069,band_supplement_300_20260808_001,S000069,test,TOPO-0421,3,0.46919289538765285,0.49229422891241215,0.023101333524759293
band_supplement_300_20260808_001:S000072,band_supplement_300_20260808_001,S000072,test,TOPO-0421,3,0.469306326968288,0.5434751310889288,0.07416880412064075
band_supplement_300_20260808_001:S000073,band_supplement_300_20260808_001,S000073,test,TOPO-0421,3,0.46623822023759015,0.4468885327850959,-0.01934968745249427
band_supplement_300_20260808_001:S000086,band_supplement_300_20260808_001,S000086,test,TOPO-0426,3,0.10009964719590544,0.2542232104285,0.15412356323259455
band_supplement_300_20260808_001:S000087,band_supplement_300_20260808_001,S000087,test,TOPO-0426,3,0.09729814181819707,0.27469722343167025,0.17739908161347318
band_supplement_300_20260808_001:S000092,band_supplement_300_20260808_001,S000092,test,TOPO-0046,4,0.31936775240118176,0.27732306902438103,-0.04204468337680073
band_supplement_300_20260808_001:S000099,band_supplement_300_20260808_001,S000099,test,TOPO-0421,4,0.5214880585821764,0.38265483897721464,-0.13883321960496176
band_supplement_300_20260808_001:S000104,band_supplement_300_20260808_001,S000104,test,TOPO-0086,4,0.19097121442657003,0.3432776652811849,0.1523064508546149
band_supplement_300_20260808_001:S000119,band_supplement_300_20260808_001,S000119,test,TOPO-0426,4,0.11642185743334757,0.2969982117365058,0.18057635430315824
band_supplement_300_20260808_001:S000129,band_supplement_300_20260808_001,S000129,test,TOPO-0421,5,0.47111030292935213,0.5277541082288528,0.056643805299500694
band_supplement_300_20260808_001:S000132,band_supplement_300_20260808_001,S000132,test,TOPO-0421,5,0.46470580096610636,0.5196030994757981,0.05489729850969172
band_supplement_300_20260808_001:S000146,band_supplement_300_20260808_001,S000146,test,TOPO-0426,5,0.11980567322098053,0.27869063581347503,0.15888496259249452
band_supplement_300_20260808_001:S000147,band_supplement_300_20260808_001,S000147,test,TOPO-0426,5,0.09223100774053848,0.2623186493791424,0.1700876416386039
band_supplement_300_20260808_001:S000149,band_supplement_300_20260808_001,S000149,test,TOPO-0426,5,0.11433242437385067,0.2714820906971108,0.15714966632326016
band_supplement_300_20260808_001:S000150,band_supplement_300_20260808_001,S000150,test,TOPO-0426,5,0.1182301096270587,0.2596798318400026,0.14144972221294388
band_supplement_300_20260808_001:S000176,band_supplement_300_20260808_001,S000176,test,TOPO-0426,6,0.12006551536752802,0.2926759432698513,0.17261042790232328
band_supplement_300_20260808_001:S000177,band_supplement_300_20260808_001,S000177,test,TOPO-0426,6,0.11767290484106138,0.28043376300006284,0.16276085815900146
band_supplement_300_20260808_001:S000179,band_supplement_300_20260808_001,S000179,test,TOPO-0426,6,0.11783423447174204,0.28791965841152906,0.170085423939787
band_supplement_300_20260808_001:S000180,band_supplement_300_20260808_001,S000180,test,TOPO-0426,6,0.11873680605722595,0.27360100641767365,0.1548642003604477
band_supplement_300_20260808_001:S000183,band_supplement_300_20260808_001,S000183,test,TOPO-0046,7,0.3367175636267854,0.2771954080939207,-0.05952215553286472
band_supplement_300_20260808_001:S000191,band_supplement_300_20260808_001,S000191,test,TOPO-0421,7,0.47029582385859536,0.5412276153644832,0.0709317915058878
band_supplement_300_20260808_001:S000194,band_supplement_300_20260808_001,S000194,test,TOPO-0421,7,0.4705153229864735,0.5159829661266755,0.04546764314020196
band_supplement_300_20260808_001:S000207,band_supplement_300_20260808_001,S000207,test,TOPO-0426,7,0.11874429742260746,0.2690831347931681,0.15033883737056064
band_supplement_300_20260808_001:S000209,band_supplement_300_20260808_001,S000209,test,TOPO-0426,7,0.11936306722552198,0.2808682887196885,0.16150522149416652
band_supplement_300_20260808_001:S000210,band_supplement_300_20260808_001,S000210,test,TOPO-0426,7,0.12077808640269833,0.2361544310616292,0.11537634465893087
band_supplement_300_20260808_001:S000211,band_supplement_300_20260808_001,S000211,test,TOPO-0426,7,0.32650682200078185,0.27381459521903984,-0.05269222678174201
band_supplement_300_20260808_001:S000223,band_supplement_300_20260808_001,S000223,test,TOPO-0421,8,0.47139230084207046,0.5160042942349147,0.04461199339284422
band_supplement_300_20260808_001:S000228,band_supplement_300_20260808_001,S000228,test,TOPO-0494,8,0.03759073946262631,0.28204614676094486,0.24445540729831855
band_supplement_300_20260808_001:S000236,band_supplement_300_20260808_001,S000236,test,TOPO-0426,8,0.11997534309697262,0.26075058245610166,0.14077523935912906
band_supplement_300_20260808_001:S000253,band_supplement_300_20260808_001,S000253,test,TOPO-0421,9,0.4697745479156318,0.4607350377619316,-0.009039510153700192
band_supplement_300_20260808_001:S000279,band_supplement_300_20260808_001,S000279,test,TOPO-0421,10,0.47117224994223783,0.48481975624150286,0.013647506299265033
