relative_path,absolute_path,encoding,read_status,format,frequency,precision,min_angle,depth,length_unit,problem_type,coordinates,point_count,boundary_count,material_count,circuit_count,node_count,segment_count,arc_count,block_label_count,material_names,assigned_material_names,circuit_names,current_settings,magnetization_directions,geometry_bbox,model_center,geometry_signature,error
blank_9x5.FEM,C:\Users\26096\Desktop\em\FP\blank_9x5.FEM,utf-8-sig,ok,4.0,0,1e-008,25,36,millimeters,planar,cartesian,0,17,7,6,419,393,306,12,Air|Pure Iron|Copper|N40|Air|N40|Air,Air|N40|Pure Iron,A+|B+|C+|A-|B-|C-,"[{""name"":""A+"",""current_re"":""0""},{""name"":""B+"",""current_re"":""0""},{""name"":""C+"",""current_re"":""0""},{""name"":""A-"",""current_re"":""0""},{""name"":""B-"",""current_re"":""0""},{""name"":""C-"",""current_re"":""0""}]","[0.0,1.0]","[0.0,0.0,74.0,74.0]","[37.0,37.0]",683783a2aaa61fcd6977e7967413acd06707a3b4159d738fc8a6bdafc46909e3,
temp_airgap_scan.fem,C:\Users\26096\Desktop\em\FP\temp_airgap_scan.fem,utf-8-sig,ok,4.0,0,1e-008,30,1,millimeters,planar,cartesian,0,8,16,3,163,164,9,18,Air|Pure Iron|Copper|Copper|Copper|Copper|Copper|Copper|Air|Air|Pure Iron|Air|N40|Air|N40|Air,Air|Copper|N40|Pure Iron,A|B|C,"[{""name"":""A"",""current_re"":""1.0715659492539341e-015""},{""name"":""B"",""current_re"":""3.0310889132455356""},{""name"":""C"",""current_re"":""-3.0310889132455352""}]","[0.0,1.0]","[0.0,0.0,74.0,74.0]","[37.0,37.0]",df01f2ba971a91059beb1a1250d0a6b65fd4e2a1667febb43b14388cdb4e6505,
temp_motor.fem,C:\Users\26096\Desktop\em\FP\temp_motor.fem,utf-8-sig,ok,4.0,0,1e-008,30,1,millimeters,planar,cartesian,0,0,16,12,164,165,10,19,Air|Pure Iron|Copper|Copper|Copper|Copper|Copper|Copper|Air|Air|Pure Iron|Air|N40|Air|N40|Air,Air|Copper|N40|Pure Iron,A|B|C|A|B|C|A|B|C|A|B|C,"[{""name"":""A"",""current_re"":""0""},{""name"":""B"",""current_re"":""0""},{""name"":""C"",""current_re"":""0""},{""name"":""A"",""current_re"":""0""},{""name"":""B"",""current_re"":""0""},{""name"":""C"",""current_re"":""0""},{""name"":""A"",""current_re"":""0""},{""name"":""B"",""current_re"":""0""},{""name"":""C"",""current_re"":""0""},{""name"":""A"",""current_re"":""0""},{""name"":""B"",""current_re"":""0""},{""name"":""C"",""current_re"":""0""}]","[0.0,1.0]","[-4.2865315095700165,0.0,74.0,74.0]","[34.856734245214994,37.0]",a72df803376010add191d32506812de0d358d8c19ad1b02d443765f98f44f3df,
待修改模型.FEM,C:\Users\26096\Desktop\em\FP\待修改模型.FEM,utf-8-sig,ok,4.0,0,1e-008,25,36,millimeters,planar,cartesian,0,8,16,3,161,162,9,18,Air|Pure Iron|Copper|Copper|Copper|Copper|Copper|Copper|Air|Air|Pure Iron|Air|N40|Air|N40|Air,Air|Copper|N40|Pure Iron,A|B|C,"[{""name"":""A"",""current_re"":""0""},{""name"":""B"",""current_re"":""0""},{""name"":""C"",""current_re"":""0""}]","[0.0,1.0]","[0.0,0.0,74.0,74.0]","[37.0,37.0]",d125519477cbf3fb9d7513bad8d26b69ba1190e925808e8d433677c0ea7acb26,
无标题.FEM,C:\Users\26096\Desktop\em\FP\无标题.FEM,utf-8-sig,ok,4.0,0,1e-008,30,1,millimeters,planar,cartesian,0,8,16,3,161,162,9,18,Air|Pure Iron|Copper|Copper|Copper|Copper|Copper|Copper|Air|Air|Pure Iron|Air|N40|Air|N40|Air,Air|Copper|N40|Pure Iron,A|B|C,"[{""name"":""A"",""current_re"":""0""},{""name"":""B"",""current_re"":""0""},{""name"":""C"",""current_re"":""0""}]","[0.0,1.0]","[0.0,0.0,74.0,74.0]","[37.0,37.0]",734dda2f61ff3c1c0b6004a79a516d066256b630f0af23101f0f38256742ef79,
CLONALG/25.12.15_1.fem,C:\Users\26096\Desktop\em\FP\CLONALG\25.12.15_1.fem,utf-8-sig,ok,4.0,0,1e-008,25,36,millimeters,planar,cartesian,0,17,7,6,417,391,305,281,Air|Pure Iron|Copper|N40|Air|N40|Air,Air|Copper|N40|Pure Iron,A+|B+|C+|A-|B-|C-,"[{""name"":""A+"",""current_re"":""0""},{""name"":""B+"",""current_re"":""-8.6602540378443873""},{""name"":""C+"",""current_re"":""8.6602540378443855""},{""name"":""A-"",""current_re"":""0""},{""name"":""B-"",""current_re"":""8.6602540378443873""},{""name"":""C-"",""current_re"":""-8.6602540378443855""}]","[0.0,1.0]","[0.0,0.0,74.0,74.0]","[37.0,37.0]",256ba28773ad7476f5a15d390f5e79fd02a4e113633e266654cf7206d5060486,
CLONALG/best_J0.080216_20260109_165414.fem,C:\Users\26096\Desktop\em\FP\CLONALG\best_J0.080216_20260109_165414.fem,utf-8-sig,ok,4.0,0,1e-008,15,36,millimeters,planar,cartesian,0,26,7,6,1838,1608,264,360,Air|Pure Iron|Copper|N40|Air|N40|Air,Air|Copper|N40|Pure Iron,A+|B+|C+|A-|B-|C-,"[{""name"":""A+"",""current_re"":""-3.0310889132455348""},{""name"":""B+"",""current_re"":""3.0310889132455356""},{""name"":""C+"",""current_re"":""2.1431318985078681e-016""},{""name"":""A-"",""current_re"":""3.0310889132455348""},{""name"":""B-"",""current_re"":""-3.0310889132455356""},{""name"":""C-"",""current_re"":""-2.1431318985078681e-016""}]","[0.0,1.0,30.0,31.0]","[0.0,0.0,74.0,74.0]","[37.0,37.0]",8b6d9cf0347029982a816fb8b5455c5fa2f16b7d68ea63628817a3be9f033a52,
CLONALG/best_J0.110898_20260103_164233.fem,C:\Users\26096\Desktop\em\FP\CLONALG\best_J0.110898_20260103_164233.fem,utf-8-sig,ok,4.0,0,1e-008,15,36,millimeters,planar,cartesian,0,26,7,6,1712,1518,222,330,Air|Pure Iron|Copper|N40|Air|N40|Air,Air|Copper|N40|Pure Iron,A+|B+|C+|A-|B-|C-,"[{""name"":""A+"",""current_re"":""0""},{""name"":""B+"",""current_re"":""0""},{""name"":""C+"",""current_re"":""0""},{""name"":""A-"",""current_re"":""0""},{""name"":""B-"",""current_re"":""0""},{""name"":""C-"",""current_re"":""0""}]","[0.0,1.0,30.0,31.0]","[0.0,0.0,74.0,74.0]","[37.0,37.0]",f96d558e67faf4b0be6e90a71fd58bddd0a6f99d08fc2fb72d07e032af697644,
CLONALG/best_J0.150072_20251230_212929.fem,C:\Users\26096\Desktop\em\FP\CLONALG\best_J0.150072_20251230_212929.fem,utf-8-sig,ok,4.0,0,1e-008,25,36,millimeters,planar,cartesian,0,17,7,6,443,417,306,288,Air|Pure Iron|Copper|N40|Air|N40|Air,Air|Copper|N40|Pure Iron,A+|B+|C+|A-|B-|C-,"[{""name"":""A+"",""current_re"":""2.1431318985078681e-016""},{""name"":""B+"",""current_re"":""3.0310889132455356""},{""name"":""C+"",""current_re"":""-3.0310889132455348""},{""name"":""A-"",""current_re"":""-2.1431318985078681e-016""},{""name"":""B-"",""current_re"":""-3.0310889132455356""},{""name"":""C-"",""current_re"":""3.0310889132455348""}]","[0.0,1.0,30.0,31.0]","[0.0,0.0,74.0,74.0]","[37.0,37.0]",e803b22715d39177577128bc6b2c3c42e59e95e5fa6689163cfa5ff760d48403,
CLONALG/best_J0.157009_20251230_165105.fem,C:\Users\26096\Desktop\em\FP\CLONALG\best_J0.157009_20251230_165105.fem,utf-8-sig,ok,4.0,0,1e-008,25,36,millimeters,planar,cartesian,0,17,7,6,443,417,306,288,Air|Pure Iron|Copper|N40|Air|N40|Air,Air|Copper|N40|Pure Iron,A+|B+|C+|A-|B-|C-,"[{""name"":""A+"",""current_re"":""0""},{""name"":""B+"",""current_re"":""0""},{""name"":""C+"",""current_re"":""0""},{""name"":""A-"",""current_re"":""0""},{""name"":""B-"",""current_re"":""0""},{""name"":""C-"",""current_re"":""0""}]","[0.0,1.0,30.0,31.0]","[0.0,0.0,74.0,74.0]","[37.0,37.0]",ea521cb0a19bc8fcacd3c50a24d6bf16ad30ec6f8bfa0b01b0f7e20416f13486,
CLONALG/best_J0.166453_20251230_130901.fem,C:\Users\26096\Desktop\em\FP\CLONALG\best_J0.166453_20251230_130901.fem,utf-8-sig,ok,4.0,0,1e-008,25,36,millimeters,planar,cartesian,0,17,7,6,659,633,306,342,Air|Pure Iron|Copper|N40|Air|N40|Air,Air|Copper|N40|Pure Iron,A+|B+|C+|A-|B-|C-,"[{""name"":""A+"",""current_re"":""0""},{""name"":""B+"",""current_re"":""0""},{""name"":""C+"",""current_re"":""0""},{""name"":""A-"",""current_re"":""0""},{""name"":""B-"",""current_re"":""0""},{""name"":""C-"",""current_re"":""0""}]","[0.0,1.0,30.0,31.0]","[0.0,0.0,74.0,74.0]","[37.0,37.0]",7ee8e69265e7c43e3b6821476cc9171a3d16f3b75ae7a5d2c014e78605764131,
CLONALG/blank.FEM,C:\Users\26096\Desktop\em\FP\CLONALG\blank.FEM,utf-8-sig,ok,4.0,0,1e-008,25,36,millimeters,planar,cartesian,0,26,7,6,111,114,7,12,Air|Pure Iron|Copper|N40|Air|N40|Air,Air|N40|Pure Iron,A+|B+|C+|A-|B-|C-,"[{""name"":""A+"",""current_re"":""0""},{""name"":""B+"",""current_re"":""0""},{""name"":""C+"",""current_re"":""0""},{""name"":""A-"",""current_re"":""0""},{""name"":""B-"",""current_re"":""0""},{""name"":""C-"",""current_re"":""0""}]","[0.0,1.0]","[0.0,0.0,74.0,74.0]","[37.0,37.0]",38ec9247f50547e932e0f8b3fb849c48807aa7648aa3adf67116fea5f5497409,
CLONALG/blank9x5.FEM,C:\Users\26096\Desktop\em\FP\CLONALG\blank9x5.FEM,utf-8-sig,ok,4.0,0,1e-008,25,36,millimeters,planar,cartesian,0,17,7,6,417,391,305,11,Air|Pure Iron|Copper|N40|Air|N40|Air,Air|N40|Pure Iron,A+|B+|C+|A-|B-|C-,"[{""name"":""A+"",""current_re"":""0""},{""name"":""B+"",""current_re"":""0""},{""name"":""C+"",""current_re"":""0""},{""name"":""A-"",""current_re"":""0""},{""name"":""B-"",""current_re"":""0""},{""name"":""C-"",""current_re"":""0""}]","[0.0,1.0]","[0.0,0.0,74.0,74.0]","[37.0,37.0]",ca4d1d08c51eb88a4b83e7b95721342e6050e41241435e2e186adaf5d71c0e48,
CLONALG/blank_18x10.FEM,C:\Users\26096\Desktop\em\FP\CLONALG\blank_18x10.FEM,utf-8-sig,ok,4.0,0,1e-008,15,36,millimeters,planar,cartesian,0,26,7,6,1268,1212,1146,12,Air|Pure Iron|Copper|N40|Air|N40|Air,Air|N40|Pure Iron,A+|B+|C+|A-|B-|C-,"[{""name"":""A+"",""current_re"":""0""},{""name"":""B+"",""current_re"":""0""},{""name"":""C+"",""current_re"":""0""},{""name"":""A-"",""current_re"":""0""},{""name"":""B-"",""current_re"":""0""},{""name"":""C-"",""current_re"":""0""}]","[0.0,1.0]","[0.0,0.0,74.0,74.0]","[37.0,37.0]",3427db1a590a8fea640855b46b3a97ff0abcbc2ac20571d2749a35df2ca366fd,
CLONALG/blank_9x5.FEM,C:\Users\26096\Desktop\em\FP\CLONALG\blank_9x5.FEM,utf-8-sig,ok,4.0,0,1e-008,25,36,millimeters,planar,cartesian,0,17,7,6,783,483,0,306,Air|Pure Iron|Copper|N40|Air|N40|Air,Air|Copper|N40|Pure Iron,A+|B+|C+|A-|B-|C-,"[{""name"":""A+"",""current_re"":""2.1431318985078681e-016""},{""name"":""B+"",""current_re"":""3.0310889132455356""},{""name"":""C+"",""current_re"":""-3.0310889132455348""},{""name"":""A-"",""current_re"":""-2.1431318985078681e-016""},{""name"":""B-"",""current_re"":""-3.0310889132455356""},{""name"":""C-"",""current_re"":""3.0310889132455348""}]","[0.0,1.0,30.0,31.0]","[0.0,0.0,74.0,74.0]","[37.0,37.0]",bfcfca8a9726397815979da0f0134288da84c878b1d9bd6969abefd9ef613ca1,
CLONALG/blank_inset_18x10.FEM,C:\Users\26096\Desktop\em\FP\CLONALG\blank_inset_18x10.FEM,utf-8-sig,ok,4.0,0,1e-008,20,36,millimeters,planar,cartesian,0,26,7,6,1268,1212,1146,12,Air|Pure Iron|Copper|N40|Air|N40|Air,Air|N40|Pure Iron,A+|B+|C+|A-|B-|C-,"[{""name"":""A+"",""current_re"":""0""},{""name"":""B+"",""current_re"":""0""},{""name"":""C+"",""current_re"":""0""},{""name"":""A-"",""current_re"":""0""},{""name"":""B-"",""current_re"":""0""},{""name"":""C-"",""current_re"":""0""}]","[0.0,1.0]","[0.0,0.0,74.0,74.0]","[37.0,37.0]",3427db1a590a8fea640855b46b3a97ff0abcbc2ac20571d2749a35df2ca366fd,
CLONALG/blank_inset_9x5.FEM,C:\Users\26096\Desktop\em\FP\CLONALG\blank_inset_9x5.FEM,utf-8-sig,ok,4.0,0,1e-008,25,36,millimeters,planar,cartesian,0,17,7,6,2984,1686,0,120,Air|Pure Iron|Copper|N40|Air|N40|Air,Air|Copper|N40|Pure Iron,A+|B+|C+|A-|B-|C-,"[{""name"":""A+"",""current_re"":""2.1431318985078681e-016""},{""name"":""B+"",""current_re"":""3.0310889132455356""},{""name"":""C+"",""current_re"":""-3.0310889132455348""},{""name"":""A-"",""current_re"":""-2.1431318985078681e-016""},{""name"":""B-"",""current_re"":""-3.0310889132455356""},{""name"":""C-"",""current_re"":""3.0310889132455348""}]","[0.0,1.0,30.0,31.0]","[0.0,0.0,74.0,74.0]","[37.0,37.0]",c782aca0052f4568c24c802e2726ad0c92a3dfc2412b81ece139a6d7ec9fee70,
CLONALG/model.fem,C:\Users\26096\Desktop\em\FP\CLONALG\model.fem,utf-8-sig,ok,4.0,0,1e-008,15,36,millimeters,planar,cartesian,0,26,7,6,1850,1608,294,372,Air|Pure Iron|Copper|N40|Air|N40|Air,Air|Copper|N40|Pure Iron,A+|B+|C+|A-|B-|C-,"[{""name"":""A+"",""current_re"":""-3.0310889132455348""},{""name"":""B+"",""current_re"":""3.0310889132455356""},{""name"":""C+"",""current_re"":""2.1431318985078681e-016""},{""name"":""A-"",""current_re"":""3.0310889132455348""},{""name"":""B-"",""current_re"":""-3.0310889132455356""},{""name"":""C-"",""current_re"":""-2.1431318985078681e-016""}]","[0.0,1.0,30.0,31.0]","[0.0,0.0,74.0,74.0]","[37.0,37.0]",460d208d641ddd87f96dfbd21c3069573bfa8ebaf30877afcb37fd839b536234,
CLONALG/seed_bits_fine.FEM,C:\Users\26096\Desktop\em\FP\CLONALG\seed_bits_fine.FEM,utf-8-sig,ok,4.0,0,1e-008,15,36,millimeters,planar,cartesian,0,26,7,6,1628,1458,192,306,Air|Pure Iron|Copper|N40|Air|N40|Air,Air|Copper|N40|Pure Iron,A+|B+|C+|A-|B-|C-,"[{""name"":""A+"",""current_re"":""-3.0310889132455348""},{""name"":""B+"",""current_re"":""3.0310889132455356""},{""name"":""C+"",""current_re"":""2.1431318985078681e-016""},{""name"":""A-"",""current_re"":""3.0310889132455348""},{""name"":""B-"",""current_re"":""-3.0310889132455356""},{""name"":""C-"",""current_re"":""-2.1431318985078681e-016""}]","[0.0,1.0,30.0,31.0]","[0.0,0.0,74.0,74.0]","[37.0,37.0]",405a51e3d5fa2ec788f0c7e7d00cb330b1986e28807856a27af1ec57399b3d5a,
CLONALG/strukturFemm.fem,C:\Users\26096\Desktop\em\FP\CLONALG\strukturFemm.fem,utf-8-sig,ok,4.0,0,1e-008,25,36,millimeters,planar,cartesian,0,8,16,3,161,162,9,18,Air|Pure Iron|Copper|Copper|Copper|Copper|Copper|Copper|Air|Air|Pure Iron|Air|N40|Air|N40|Air,Air|Copper|N40|Pure Iron,A|B|C,"[{""name"":""A"",""current_re"":""-3.0310889132455348""},{""name"":""B"",""current_re"":""3.0310889132455356""},{""name"":""C"",""current_re"":""2.1431318985078681e-016""}]","[0.0,1.0]","[0.0,0.0,74.0,74.0]","[37.0,37.0]",0d4c9d0744060d279af277922aa85078978bce6da1d810d9df13890d6c41c852,
CLONALG/temp_airgap_scan.fem,C:\Users\26096\Desktop\em\FP\CLONALG\temp_airgap_scan.fem,utf-8-sig,ok,4.0,0,1e-008,15,36,millimeters,planar,cartesian,0,8,16,3,161,162,9,18,Air|Pure Iron|Copper|Copper|Copper|Copper|Copper|Copper|Air|Air|Pure Iron|Air|N40|Air|N40|Air,Air|Copper|N40|Pure Iron,A|B|C,"[{""name"":""A"",""current_re"":""1.0715659492539341e-015""},{""name"":""B"",""current_re"":""3.0310889132455356""},{""name"":""C"",""current_re"":""-3.0310889132455352""}]","[0.0,1.0]","[0.0,0.0,74.0,74.0]","[37.0,37.0]",0d4c9d0744060d279af277922aa85078978bce6da1d810d9df13890d6c41c852,
CLONALG/test.fem,C:\Users\26096\Desktop\em\FP\CLONALG\test.fem,utf-8-sig,ok,4.0,0,1e-008,25,36,millimeters,planar,cartesian,0,17,7,6,1499,933,846,552,Air|Pure Iron|Copper|N40|Air|N40|Air,Air|Copper|N40|Pure Iron,A+|B+|C+|A-|B-|C-,"[{""name"":""A+"",""current_re"":""0""},{""name"":""B+"",""current_re"":""-8.6602540378443873""},{""name"":""C+"",""current_re"":""8.6602540378443855""},{""name"":""A-"",""current_re"":""0""},{""name"":""B-"",""current_re"":""8.6602540378443873""},{""name"":""C-"",""current_re"":""-8.6602540378443855""}]","[0.0,1.0,30.0,31.0]","[0.0,0.0,74.0,74.0]","[37.0,37.0]",a30df00122e816b3c15bf108a720fb580c7b29bc496fb017e5ad4e684c4c41d8,
IA_test/best_J0.080216_20260110_195804.fem,C:\Users\26096\Desktop\em\FP\IA_test\best_J0.080216_20260110_195804.fem,utf-8-sig,ok,4.0,0,1e-008,15,36,millimeters,planar,cartesian,0,26,7,6,1838,1608,264,360,Air|Pure Iron|Copper|N40|Air|N40|Air,Air|Copper|N40|Pure Iron,A+|B+|C+|A-|B-|C-,"[{""name"":""A+"",""current_re"":""0""},{""name"":""B+"",""current_re"":""0""},{""name"":""C+"",""current_re"":""0""},{""name"":""A-"",""current_re"":""0""},{""name"":""B-"",""current_re"":""0""},{""name"":""C-"",""current_re"":""0""}]","[0.0,1.0,30.0,31.0]","[0.0,0.0,74.0,74.0]","[37.0,37.0]",8b6d9cf0347029982a816fb8b5455c5fa2f16b7d68ea63628817a3be9f033a52,
IA_test/best_J0.080216_20260111_184658.fem,C:\Users\26096\Desktop\em\FP\IA_test\best_J0.080216_20260111_184658.fem,utf-8-sig,ok,4.0,0,1e-008,15,36,millimeters,planar,cartesian,0,26,7,6,1838,1608,264,360,Air|Pure Iron|Copper|N40|Air|N40|Air,Air|Copper|N40|Pure Iron,A+|B+|C+|A-|B-|C-,"[{""name"":""A+"",""current_re"":""0""},{""name"":""B+"",""current_re"":""0""},{""name"":""C+"",""current_re"":""0""},{""name"":""A-"",""current_re"":""0""},{""name"":""B-"",""current_re"":""0""},{""name"":""C-"",""current_re"":""0""}]","[0.0,1.0,30.0,31.0]","[0.0,0.0,74.0,74.0]","[37.0,37.0]",8b6d9cf0347029982a816fb8b5455c5fa2f16b7d68ea63628817a3be9f033a52,
IA_test/best_J0.082148_20260108_181234.fem,C:\Users\26096\Desktop\em\FP\IA_test\best_J0.082148_20260108_181234.fem,utf-8-sig,ok,4.0,0,1e-008,15,36,millimeters,planar,cartesian,0,26,7,6,1790,1572,252,348,Air|Pure Iron|Copper|N40|Air|N40|Air,Air|Copper|N40|Pure Iron,A+|B+|C+|A-|B-|C-,"[{""name"":""A+"",""current_re"":""0""},{""name"":""B+"",""current_re"":""0""},{""name"":""C+"",""current_re"":""0""},{""name"":""A-"",""current_re"":""0""},{""name"":""B-"",""current_re"":""0""},{""name"":""C-"",""current_re"":""0""}]","[0.0,1.0,30.0,31.0]","[0.0,0.0,74.0,74.0]","[37.0,37.0]",efd36b43a923897f83c8e3cf27d7ca85a500b665c86dfacf6e9ca32ffc8f0c3c,
IA_test/best_J0.082148_20260108_231323.fem,C:\Users\26096\Desktop\em\FP\IA_test\best_J0.082148_20260108_231323.fem,utf-8-sig,ok,4.0,0,1e-008,15,36,millimeters,planar,cartesian,0,26,7,6,1790,1572,252,348,Air|Pure Iron|Copper|N40|Air|N40|Air,Air|Copper|N40|Pure Iron,A+|B+|C+|A-|B-|C-,"[{""name"":""A+"",""current_re"":""0""},{""name"":""B+"",""current_re"":""0""},{""name"":""C+"",""current_re"":""0""},{""name"":""A-"",""current_re"":""0""},{""name"":""B-"",""current_re"":""0""},{""name"":""C-"",""current_re"":""0""}]","[0.0,1.0,30.0,31.0]","[0.0,0.0,74.0,74.0]","[37.0,37.0]",efd36b43a923897f83c8e3cf27d7ca85a500b665c86dfacf6e9ca32ffc8f0c3c,
IA_test/best_J0.106306_20260105_193139.fem,C:\Users\26096\Desktop\em\FP\IA_test\best_J0.106306_20260105_193139.fem,utf-8-sig,ok,4.0,0,1e-008,15,36,millimeters,planar,cartesian,0,26,7,6,1790,1590,246,360,Air|Pure Iron|Copper|N40|Air|N40|Air,Air|Copper|N40|Pure Iron,A+|B+|C+|A-|B-|C-,"[{""name"":""A+"",""current_re"":""0""},{""name"":""B+"",""current_re"":""0""},{""name"":""C+"",""current_re"":""0""},{""name"":""A-"",""current_re"":""0""},{""name"":""B-"",""current_re"":""0""},{""name"":""C-"",""current_re"":""0""}]","[0.0,1.0,30.0,31.0]","[0.0,0.0,74.0,74.0]","[37.0,37.0]",b7b6f6d18dae36dada8d551d8de482c7ccd1092fbbf0c256a115db9541a34a6c,
IA_test/best_J0.106306_20260106_151138.fem,C:\Users\26096\Desktop\em\FP\IA_test\best_J0.106306_20260106_151138.fem,utf-8-sig,ok,4.0,0,1e-008,15,36,millimeters,planar,cartesian,0,26,7,6,1790,1590,246,360,Air|Pure Iron|Copper|N40|Air|N40|Air,Air|Copper|N40|Pure Iron,A+|B+|C+|A-|B-|C-,"[{""name"":""A+"",""current_re"":""0""},{""name"":""B+"",""current_re"":""0""},{""name"":""C+"",""current_re"":""0""},{""name"":""A-"",""current_re"":""0""},{""name"":""B-"",""current_re"":""0""},{""name"":""C-"",""current_re"":""0""}]","[0.0,1.0,30.0,31.0]","[0.0,0.0,74.0,74.0]","[37.0,37.0]",b7b6f6d18dae36dada8d551d8de482c7ccd1092fbbf0c256a115db9541a34a6c,
IA_test/best_J0.106306_20260106_224059.fem,C:\Users\26096\Desktop\em\FP\IA_test\best_J0.106306_20260106_224059.fem,utf-8-sig,ok,4.0,0,1e-008,15,36,millimeters,planar,cartesian,0,26,7,6,1790,1590,246,360,Air|Pure Iron|Copper|N40|Air|N40|Air,Air|Copper|N40|Pure Iron,A+|B+|C+|A-|B-|C-,"[{""name"":""A+"",""current_re"":""0""},{""name"":""B+"",""current_re"":""0""},{""name"":""C+"",""current_re"":""0""},{""name"":""A-"",""current_re"":""0""},{""name"":""B-"",""current_re"":""0""},{""name"":""C-"",""current_re"":""0""}]","[0.0,1.0,30.0,31.0]","[0.0,0.0,74.0,74.0]","[37.0,37.0]",b7b6f6d18dae36dada8d551d8de482c7ccd1092fbbf0c256a115db9541a34a6c,
IA_test/best_J0.113614_20260103_045247.fem,C:\Users\26096\Desktop\em\FP\IA_test\best_J0.113614_20260103_045247.fem,utf-8-sig,ok,4.0,0,1e-008,25,36,millimeters,planar,cartesian,0,26,7,6,1628,1458,192,306,Air|Pure Iron|Copper|N40|Air|N40|Air,Air|Copper|N40|Pure Iron,A+|B+|C+|A-|B-|C-,"[{""name"":""A+"",""current_re"":""0""},{""name"":""B+"",""current_re"":""0""},{""name"":""C+"",""current_re"":""0""},{""name"":""A-"",""current_re"":""0""},{""name"":""B-"",""current_re"":""0""},{""name"":""C-"",""current_re"":""0""}]","[0.0,1.0,30.0,31.0]","[0.0,0.0,74.0,74.0]","[37.0,37.0]",c3c603000ac0ab32b967ae754e992e66f0d97b2295b9553e53134db62039ba29,
IA_test/best_J0.238035_20251229_211603.fem,C:\Users\26096\Desktop\em\FP\IA_test\best_J0.238035_20251229_211603.fem,utf-8-sig,ok,4.0,0,1e-008,25,36,millimeters,planar,cartesian,0,17,7,6,419,393,306,552,Air|Pure Iron|Copper|N40|Air|N40|Air,Air|Copper|N40|Pure Iron,A+|B+|C+|A-|B-|C-,"[{""name"":""A+"",""current_re"":""0""},{""name"":""B+"",""current_re"":""0""},{""name"":""C+"",""current_re"":""0""},{""name"":""A-"",""current_re"":""0""},{""name"":""B-"",""current_re"":""0""},{""name"":""C-"",""current_re"":""0""}]","[0.0,1.0,30.0,31.0]","[0.0,0.0,74.0,74.0]","[37.0,37.0]",dc177e08cf17f52323fc5d3387e092ddf771a5af146a0b4f10be8ff0179c86fd,
IA_test/best_J0.257147_20251228_164352.fem,C:\Users\26096\Desktop\em\FP\IA_test\best_J0.257147_20251228_164352.fem,utf-8-sig,ok,4.0,0,1e-008,25,36,millimeters,planar,cartesian,0,17,7,6,1499,933,846,552,Air|Pure Iron|Copper|N40|Air|N40|Air,Air|Copper|N40|Pure Iron,A+|B+|C+|A-|B-|C-,"[{""name"":""A+"",""current_re"":""-3.0310889132455348""},{""name"":""B+"",""current_re"":""3.0310889132455356""},{""name"":""C+"",""current_re"":""2.1431318985078681e-016""},{""name"":""A-"",""current_re"":""3.0310889132455348""},{""name"":""B-"",""current_re"":""-3.0310889132455356""},{""name"":""C-"",""current_re"":""-2.1431318985078681e-016""}]","[0.0,1.0,30.0,31.0]","[0.0,0.0,74.0,74.0]","[37.0,37.0]",f6232c59adabea39256a96d92898a72aa9eb6d7ad6c0fb53e3b5006c3341d48d,
IA_test/0103 groupB/best_J0.110898_20260103_164233.fem,C:\Users\26096\Desktop\em\FP\IA_test\0103 groupB\best_J0.110898_20260103_164233.fem,utf-8-sig,ok,4.0,0,1e-008,15,36,millimeters,planar,cartesian,0,26,7,6,1712,1518,222,330,Air|Pure Iron|Copper|N40|Air|N40|Air,Air|Copper|N40|Pure Iron,A+|B+|C+|A-|B-|C-,"[{""name"":""A+"",""current_re"":""0""},{""name"":""B+"",""current_re"":""0""},{""name"":""C+"",""current_re"":""0""},{""name"":""A-"",""current_re"":""0""},{""name"":""B-"",""current_re"":""0""},{""name"":""C-"",""current_re"":""0""}]","[0.0,1.0,30.0,31.0]","[0.0,0.0,74.0,74.0]","[37.0,37.0]",f96d558e67faf4b0be6e90a71fd58bddd0a6f99d08fc2fb72d07e032af697644,
IA_test/0104 groupA/best_J0.0994011_20260105_081953.fem,C:\Users\26096\Desktop\em\FP\IA_test\0104 groupA\best_J0.0994011_20260105_081953.fem,utf-8-sig,ok,4.0,0,1e-008,15,36,millimeters,planar,cartesian,0,26,7,6,1784,1566,252,348,Air|Pure Iron|Copper|N40|Air|N40|Air,Air|Copper|N40|Pure Iron,A+|B+|C+|A-|B-|C-,"[{""name"":""A+"",""current_re"":""0""},{""name"":""B+"",""current_re"":""0""},{""name"":""C+"",""current_re"":""0""},{""name"":""A-"",""current_re"":""0""},{""name"":""B-"",""current_re"":""0""},{""name"":""C-"",""current_re"":""0""}]","[0.0,1.0,30.0,31.0]","[0.0,0.0,74.0,74.0]","[37.0,37.0]",dad76daefa4cde1d0c6c602fe1b1541c97d80f7954a126a8e9f789cd2d82c1c3,
IA_test/0104 groupB/best_J0.106306_20260104_150857.fem,C:\Users\26096\Desktop\em\FP\IA_test\0104 groupB\best_J0.106306_20260104_150857.fem,utf-8-sig,ok,4.0,0,1e-008,15,36,millimeters,planar,cartesian,0,26,7,6,1790,1590,246,360,Air|Pure Iron|Copper|N40|Air|N40|Air,Air|Copper|N40|Pure Iron,A+|B+|C+|A-|B-|C-,"[{""name"":""A+"",""current_re"":""0""},{""name"":""B+"",""current_re"":""0""},{""name"":""C+"",""current_re"":""0""},{""name"":""A-"",""current_re"":""0""},{""name"":""B-"",""current_re"":""0""},{""name"":""C-"",""current_re"":""0""}]","[0.0,1.0,30.0,31.0]","[0.0,0.0,74.0,74.0]","[37.0,37.0]",b7b6f6d18dae36dada8d551d8de482c7ccd1092fbbf0c256a115db9541a34a6c,
IA_test/0107 groupA2/best_J0.082148_20260107_145512.fem,C:\Users\26096\Desktop\em\FP\IA_test\0107 groupA2\best_J0.082148_20260107_145512.fem,utf-8-sig,ok,4.0,0,1e-008,15,36,millimeters,planar,cartesian,0,26,7,6,1790,1572,252,348,Air|Pure Iron|Copper|N40|Air|N40|Air,Air|Copper|N40|Pure Iron,A+|B+|C+|A-|B-|C-,"[{""name"":""A+"",""current_re"":""0""},{""name"":""B+"",""current_re"":""0""},{""name"":""C+"",""current_re"":""0""},{""name"":""A-"",""current_re"":""0""},{""name"":""B-"",""current_re"":""0""},{""name"":""C-"",""current_re"":""0""}]","[0.0,1.0,30.0,31.0]","[0.0,0.0,74.0,74.0]","[37.0,37.0]",efd36b43a923897f83c8e3cf27d7ca85a500b665c86dfacf6e9ca32ffc8f0c3c,
IA_test/0109 groupA2 best/best_J0.080216_20260109_165414.fem,C:\Users\26096\Desktop\em\FP\IA_test\0109 groupA2 best\best_J0.080216_20260109_165414.fem,utf-8-sig,ok,4.0,0,1e-008,15,36,millimeters,planar,cartesian,0,26,7,6,1838,1608,264,360,Air|Pure Iron|Copper|N40|Air|N40|Air,Air|Copper|N40|Pure Iron,A+|B+|C+|A-|B-|C-,"[{""name"":""A+"",""current_re"":""0""},{""name"":""B+"",""current_re"":""0""},{""name"":""C+"",""current_re"":""0""},{""name"":""A-"",""current_re"":""0""},{""name"":""B-"",""current_re"":""0""},{""name"":""C-"",""current_re"":""0""}]","[0.0,1.0,30.0,31.0]","[0.0,0.0,74.0,74.0]","[37.0,37.0]",8b6d9cf0347029982a816fb8b5455c5fa2f16b7d68ea63628817a3be9f033a52,
IA_test/0118 groupA2/tmp_eval_20260119_004747212_814724.fem,C:\Users\26096\Desktop\em\FP\IA_test\0118 groupA2\tmp_eval_20260119_004747212_814724.fem,utf-8-sig,ok,4.0,0,1e-008,15,36,millimeters,planar,cartesian,0,26,7,6,1838,1620,264,360,Air|Pure Iron|Copper|N40|Air|N40|Air,Air|Copper|N40|Pure Iron,A+|B+|C+|A-|B-|C-,"[{""name"":""A+"",""current_re"":""-3.0310889132455348""},{""name"":""B+"",""current_re"":""3.0310889132455356""},{""name"":""C+"",""current_re"":""2.1431318985078681e-016""},{""name"":""A-"",""current_re"":""3.0310889132455348""},{""name"":""B-"",""current_re"":""-3.0310889132455356""},{""name"":""C-"",""current_re"":""-2.1431318985078681e-016""}]","[0.0,1.0,30.0,31.0]","[0.0,0.0,74.0,74.0]","[37.0,37.0]",a93c2c855fb69e97d96643d8e0101fe635c0c00f303928770e86abe64cd4308f,
IA_test/0120/tmp_eval_20260121_103344220_905792.fem,C:\Users\26096\Desktop\em\FP\IA_test\0120\tmp_eval_20260121_103344220_905792.fem,utf-8-sig,ok,4.0,0,1e-008,15,36,millimeters,planar,cartesian,0,26,7,6,1862,1626,294,372,Air|Pure Iron|Copper|N40|Air|N40|Air,Air|Copper|N40|Pure Iron,A+|B+|C+|A-|B-|C-,"[{""name"":""A+"",""current_re"":""-3.0310889132455348""},{""name"":""B+"",""current_re"":""3.0310889132455356""},{""name"":""C+"",""current_re"":""2.1431318985078681e-016""},{""name"":""A-"",""current_re"":""3.0310889132455348""},{""name"":""B-"",""current_re"":""-3.0310889132455356""},{""name"":""C-"",""current_re"":""-2.1431318985078681e-016""}]","[0.0,1.0,30.0,31.0]","[0.0,0.0,74.0,74.0]","[37.0,37.0]",85949a8dfc16bf8bea491bdd0f4c09c126a3c2aab877ada9d5af3029b09c8a61,
IA_test/12.21 N3G10/w01/blank_inset_9x5_w01.fem,C:\Users\26096\Desktop\em\FP\IA_test\12.21 N3G10\w01\blank_inset_9x5_w01.fem,utf-8-sig,ok,4.0,0,1e-008,25,36,millimeters,planar,cartesian,0,17,7,6,1497,931,845,11,Air|Pure Iron|Copper|N40|Air|N40|Air,Air|N40|Pure Iron,A+|B+|C+|A-|B-|C-,"[{""name"":""A+"",""current_re"":""0""},{""name"":""B+"",""current_re"":""0""},{""name"":""C+"",""current_re"":""0""},{""name"":""A-"",""current_re"":""0""},{""name"":""B-"",""current_re"":""0""},{""name"":""C-"",""current_re"":""0""}]","[0.0,1.0]","[0.0,0.0,74.0,74.0]","[37.0,37.0]",da31af969f63643f1190d05509be74dd70e893449609a65a7eab6ba01fbad4be,
IA_test/12.21 N3G10/w01/case_000001.fem,C:\Users\26096\Desktop\em\FP\IA_test\12.21 N3G10\w01\case_000001.fem,utf-8-sig,ok,4.0,0,1e-008,25,36,millimeters,planar,cartesian,0,17,7,6,1497,931,845,551,Air|Pure Iron|Copper|N40|Air|N40|Air,Air|Copper|N40|Pure Iron,A+|B+|C+|A-|B-|C-,"[{""name"":""A+"",""current_re"":""0""},{""name"":""B+"",""current_re"":""-8.6602540378443873""},{""name"":""C+"",""current_re"":""8.6602540378443855""},{""name"":""A-"",""current_re"":""0""},{""name"":""B-"",""current_re"":""8.6602540378443873""},{""name"":""C-"",""current_re"":""-8.6602540378443855""}]","[0.0,1.0,30.0,31.0]","[0.0,0.0,74.0,74.0]","[37.0,37.0]",e53c2a5088bf074568e8874c2a36bd54ac01dfdc83c14f412e2c867134284cbc,
IA_test/12.21 N3G10/w01/case_05963250-a8c1-4677-b3e3-be5039f26d1d.fem,C:\Users\26096\Desktop\em\FP\IA_test\12.21 N3G10\w01\case_05963250-a8c1-4677-b3e3-be5039f26d1d.fem,utf-8-sig,ok,4.0,0,1e-008,25,36,millimeters,planar,cartesian,0,17,7,6,1497,931,845,551,Air|Pure Iron|Copper|N40|Air|N40|Air,Air|Copper|N40|Pure Iron,A+|B+|C+|A-|B-|C-,"[{""name"":""A+"",""current_re"":""0""},{""name"":""B+"",""current_re"":""-8.6602540378443873""},{""name"":""C+"",""current_re"":""8.6602540378443855""},{""name"":""A-"",""current_re"":""0""},{""name"":""B-"",""current_re"":""8.6602540378443873""},{""name"":""C-"",""current_re"":""-8.6602540378443855""}]","[0.0,1.0,30.0,31.0]","[0.0,0.0,74.0,74.0]","[37.0,37.0]",51a3635ef9b753fd464ceabb061a098a9ff33190fcd9220630e29a708c2dc8fb,
IA_test/12.21 N3G10/w01/case_1141e6dc-b050-48d0-87ac-9a58316d5c79.fem,C:\Users\26096\Desktop\em\FP\IA_test\12.21 N3G10\w01\case_1141e6dc-b050-48d0-87ac-9a58316d5c79.fem,utf-8-sig,ok,4.0,0,1e-008,25,36,millimeters,planar,cartesian,0,17,7,6,1497,931,845,551,Air|Pure Iron|Copper|N40|Air|N40|Air,Air|Copper|N40|Pure Iron,A+|B+|C+|A-|B-|C-,"[{""name"":""A+"",""current_re"":""0""},{""name"":""B+"",""current_re"":""-8.6602540378443873""},{""name"":""C+"",""current_re"":""8.6602540378443855""},{""name"":""A-"",""current_re"":""0""},{""name"":""B-"",""current_re"":""8.6602540378443873""},{""name"":""C-"",""current_re"":""-8.6602540378443855""}]","[0.0,1.0,30.0,31.0]","[0.0,0.0,74.0,74.0]","[37.0,37.0]",47fb324b8cd02eb07fceb5d094f75e39b54efcfa3078a89e324024359ecaaf39,
IA_test/12.21 N3G10/w01/case_115ad528-f65b-4929-bfa4-daf3ca841231.fem,C:\Users\26096\Desktop\em\FP\IA_test\12.21 N3G10\w01\case_115ad528-f65b-4929-bfa4-daf3ca841231.fem,utf-8-sig,ok,4.0,0,1e-008,25,36,millimeters,planar,cartesian,0,17,7,6,1497,931,845,551,Air|Pure Iron|Copper|N40|Air|N40|Air,Air|Copper|N40|Pure Iron,A+|B+|C+|A-|B-|C-,"[{""name"":""A+"",""current_re"":""0""},{""name"":""B+"",""current_re"":""-8.6602540378443873""},{""name"":""C+"",""current_re"":""8.6602540378443855""},{""name"":""A-"",""current_re"":""0""},{""name"":""B-"",""current_re"":""8.6602540378443873""},{""name"":""C-"",""current_re"":""-8.6602540378443855""}]","[0.0,1.0,30.0,31.0]","[0.0,0.0,74.0,74.0]","[37.0,37.0]",fccf10f09ead35263f5aed913e323450a59d0c66e12c2e956e42792a17f92177,
IA_test/12.21 N3G10/w01/case_159544e8-63cb-4408-9973-e9d2ad3a60bd.fem,C:\Users\26096\Desktop\em\FP\IA_test\12.21 N3G10\w01\case_159544e8-63cb-4408-9973-e9d2ad3a60bd.fem,utf-8-sig,ok,4.0,0,1e-008,25,36,millimeters,planar,cartesian,0,17,7,6,1497,931,845,551,Air|Pure Iron|Copper|N40|Air|N40|Air,Air|Copper|N40|Pure Iron,A+|B+|C+|A-|B-|C-,"[{""name"":""A+"",""current_re"":""0""},{""name"":""B+"",""current_re"":""-8.6602540378443873""},{""name"":""C+"",""current_re"":""8.6602540378443855""},{""name"":""A-"",""current_re"":""0""},{""name"":""B-"",""current_re"":""8.6602540378443873""},{""name"":""C-"",""current_re"":""-8.6602540378443855""}]","[0.0,1.0,30.0,31.0]","[0.0,0.0,74.0,74.0]","[37.0,37.0]",e1ae60c06a0faa205e5ab7096642af255fc2b8cec518631afdd4018570081c32,
IA_test/12.21 N3G10/w01/case_1915b143-be46-4c57-85bf-b92b1c59bba4.fem,C:\Users\26096\Desktop\em\FP\IA_test\12.21 N3G10\w01\case_1915b143-be46-4c57-85bf-b92b1c59bba4.fem,utf-8-sig,ok,4.0,0,1e-008,25,36,millimeters,planar,cartesian,0,17,7,6,1497,931,845,551,Air|Pure Iron|Copper|N40|Air|N40|Air,Air|Copper|N40|Pure Iron,A+|B+|C+|A-|B-|C-,"[{""name"":""A+"",""current_re"":""0""},{""name"":""B+"",""current_re"":""-8.6602540378443873""},{""name"":""C+"",""current_re"":""8.6602540378443855""},{""name"":""A-"",""current_re"":""0""},{""name"":""B-"",""current_re"":""8.6602540378443873""},{""name"":""C-"",""current_re"":""-8.6602540378443855""}]","[0.0,1.0,30.0,31.0]","[0.0,0.0,74.0,74.0]","[37.0,37.0]",9d1c8638514ef3a5e17d2f5de2e893fa5ed46b0178672fe077b37bb3b027a445,
IA_test/12.21 N3G10/w01/case_26334935-dc9f-4603-8b42-fe82caaf8ec9.fem,C:\Users\26096\Desktop\em\FP\IA_test\12.21 N3G10\w01\case_26334935-dc9f-4603-8b42-fe82caaf8ec9.fem,utf-8-sig,ok,4.0,0,1e-008,25,36,millimeters,planar,cartesian,0,17,7,6,1497,931,845,551,Air|Pure Iron|Copper|N40|Air|N40|Air,Air|Copper|N40|Pure Iron,A+|B+|C+|A-|B-|C-,"[{""name"":""A+"",""current_re"":""0""},{""name"":""B+"",""current_re"":""-8.6602540378443873""},{""name"":""C+"",""current_re"":""8.6602540378443855""},{""name"":""A-"",""current_re"":""0""},{""name"":""B-"",""current_re"":""8.6602540378443873""},{""name"":""C-"",""current_re"":""-8.6602540378443855""}]","[0.0,1.0,30.0,31.0]","[0.0,0.0,74.0,74.0]","[37.0,37.0]",bbb21e0373879c6ba77484c3b90dd56d2b4e8a930a321db6674fddef7d2709bb,
IA_test/12.21 N3G10/w01/case_2b2a547c-f178-454b-9e44-02c863fd6322.fem,C:\Users\26096\Desktop\em\FP\IA_test\12.21 N3G10\w01\case_2b2a547c-f178-454b-9e44-02c863fd6322.fem,utf-8-sig,ok,4.0,0,1e-008,25,36,millimeters,planar,cartesian,0,17,7,6,1497,931,845,551,Air|Pure Iron|Copper|N40|Air|N40|Air,Air|Copper|N40|Pure Iron,A+|B+|C+|A-|B-|C-,"[{""name"":""A+"",""current_re"":""0""},{""name"":""B+"",""current_re"":""-8.6602540378443873""},{""name"":""C+"",""current_re"":""8.6602540378443855""},{""name"":""A-"",""current_re"":""0""},{""name"":""B-"",""current_re"":""8.6602540378443873""},{""name"":""C-"",""current_re"":""-8.6602540378443855""}]","[0.0,1.0,30.0,31.0]","[0.0,0.0,74.0,74.0]","[37.0,37.0]",78b5fa880cc8d751d0d16da7b0c0ab13d8a214825f488dcd0d55faecdf8ed433,
IA_test/12.21 N3G10/w01/case_3881750a-9f02-446d-911b-1e57fa0eca81.fem,C:\Users\26096\Desktop\em\FP\IA_test\12.21 N3G10\w01\case_3881750a-9f02-446d-911b-1e57fa0eca81.fem,utf-8-sig,ok,4.0,0,1e-008,25,36,millimeters,planar,cartesian,0,17,7,6,1497,931,845,551,Air|Pure Iron|Copper|N40|Air|N40|Air,Air|Copper|N40|Pure Iron,A+|B+|C+|A-|B-|C-,"[{""name"":""A+"",""current_re"":""0""},{""name"":""B+"",""current_re"":""-8.6602540378443873""},{""name"":""C+"",""current_re"":""8.6602540378443855""},{""name"":""A-"",""current_re"":""0""},{""name"":""B-"",""current_re"":""8.6602540378443873""},{""name"":""C-"",""current_re"":""-8.6602540378443855""}]","[0.0,1.0,30.0,31.0]","[0.0,0.0,74.0,74.0]","[37.0,37.0]",9a0cdef2beba60ae2ffa1ffe44ec366f5d982967b23168027bfcfae4bce31ef8,
IA_test/12.21 N3G10/w01/case_3a720ac5-09fc-4fb1-a0ba-2dca1089d401.fem,C:\Users\26096\Desktop\em\FP\IA_test\12.21 N3G10\w01\case_3a720ac5-09fc-4fb1-a0ba-2dca1089d401.fem,utf-8-sig,ok,4.0,0,1e-008,25,36,millimeters,planar,cartesian,0,17,7,6,1497,931,845,551,Air|Pure Iron|Copper|N40|Air|N40|Air,Air|Copper|N40|Pure Iron,A+|B+|C+|A-|B-|C-,"[{""name"":""A+"",""current_re"":""0""},{""name"":""B+"",""current_re"":""-8.6602540378443873""},{""name"":""C+"",""current_re"":""8.6602540378443855""},{""name"":""A-"",""current_re"":""0""},{""name"":""B-"",""current_re"":""8.6602540378443873""},{""name"":""C-"",""current_re"":""-8.6602540378443855""}]","[0.0,1.0,30.0,31.0]","[0.0,0.0,74.0,74.0]","[37.0,37.0]",64c481533513967c79853d34326f884bccd399494358754db45ad5dbfef3fff1,
IA_test/12.21 N3G10/w01/case_3ac07a5b-3e67-4c68-895f-a1c664264ced.fem,C:\Users\26096\Desktop\em\FP\IA_test\12.21 N3G10\w01\case_3ac07a5b-3e67-4c68-895f-a1c664264ced.fem,utf-8-sig,ok,4.0,0,1e-008,25,36,millimeters,planar,cartesian,0,17,7,6,1497,931,845,551,Air|Pure Iron|Copper|N40|Air|N40|Air,Air|Copper|N40|Pure Iron,A+|B+|C+|A-|B-|C-,"[{""name"":""A+"",""current_re"":""0""},{""name"":""B+"",""current_re"":""-8.6602540378443873""},{""name"":""C+"",""current_re"":""8.6602540378443855""},{""name"":""A-"",""current_re"":""0""},{""name"":""B-"",""current_re"":""8.6602540378443873""},{""name"":""C-"",""current_re"":""-8.6602540378443855""}]","[0.0,1.0,30.0,31.0]","[0.0,0.0,74.0,74.0]","[37.0,37.0]",8f265fbe398352d7582470e57893588fb74f75ed89e080d8838b3e8031401b13,
IA_test/12.21 N3G10/w01/case_435bdce4-b8b9-421e-926e-a54b11a7b00b.fem,C:\Users\26096\Desktop\em\FP\IA_test\12.21 N3G10\w01\case_435bdce4-b8b9-421e-926e-a54b11a7b00b.fem,utf-8-sig,ok,4.0,0,1e-008,25,36,millimeters,planar,cartesian,0,17,7,6,1497,931,845,551,Air|Pure Iron|Copper|N40|Air|N40|Air,Air|Copper|N40|Pure Iron,A+|B+|C+|A-|B-|C-,"[{""name"":""A+"",""current_re"":""0""},{""name"":""B+"",""current_re"":""-8.6602540378443873""},{""name"":""C+"",""current_re"":""8.6602540378443855""},{""name"":""A-"",""current_re"":""0""},{""name"":""B-"",""current_re"":""8.6602540378443873""},{""name"":""C-"",""current_re"":""-8.6602540378443855""}]","[0.0,1.0,30.0,31.0]","[0.0,0.0,74.0,74.0]","[37.0,37.0]",5f3cd38eb0b41ad3c9aed6e8e3fce6c2b98d653ea232bbe9cd14cb12657201b6,
IA_test/12.21 N3G10/w01/case_529bb037-4ab6-4ecd-a709-ad9308af1d2f.fem,C:\Users\26096\Desktop\em\FP\IA_test\12.21 N3G10\w01\case_529bb037-4ab6-4ecd-a709-ad9308af1d2f.fem,utf-8-sig,ok,4.0,0,1e-008,25,36,millimeters,planar,cartesian,0,17,7,6,1497,931,845,551,Air|Pure Iron|Copper|N40|Air|N40|Air,Air|Copper|N40|Pure Iron,A+|B+|C+|A-|B-|C-,"[{""name"":""A+"",""current_re"":""0""},{""name"":""B+"",""current_re"":""-8.6602540378443873""},{""name"":""C+"",""current_re"":""8.6602540378443855""},{""name"":""A-"",""current_re"":""0""},{""name"":""B-"",""current_re"":""8.6602540378443873""},{""name"":""C-"",""current_re"":""-8.6602540378443855""}]","[0.0,1.0,30.0,31.0]","[0.0,0.0,74.0,74.0]","[37.0,37.0]",eb0757fbfd479d8c1ed4dd0fdbd4785094f9b9bc8add84c3ec05a966a981e15f,
IA_test/12.21 N3G10/w01/case_5788955c-1a7b-42ad-9bb5-3897f1f1a6b4.fem,C:\Users\26096\Desktop\em\FP\IA_test\12.21 N3G10\w01\case_5788955c-1a7b-42ad-9bb5-3897f1f1a6b4.fem,utf-8-sig,ok,4.0,0,1e-008,25,36,millimeters,planar,cartesian,0,17,7,6,1497,931,845,551,Air|Pure Iron|Copper|N40|Air|N40|Air,Air|Copper|N40|Pure Iron,A+|B+|C+|A-|B-|C-,"[{""name"":""A+"",""current_re"":""0""},{""name"":""B+"",""current_re"":""-8.6602540378443873""},{""name"":""C+"",""current_re"":""8.6602540378443855""},{""name"":""A-"",""current_re"":""0""},{""name"":""B-"",""current_re"":""8.6602540378443873""},{""name"":""C-"",""current_re"":""-8.6602540378443855""}]","[0.0,1.0,30.0,31.0]","[0.0,0.0,74.0,74.0]","[37.0,37.0]",0648d12b4973c11740b81e2fa672a59de097058b5536af51d1b39cf6d63b9ae2,
IA_test/12.21 N3G10/w01/case_5990fe76-0532-4c4c-a616-1dc97f2c102d.fem,C:\Users\26096\Desktop\em\FP\IA_test\12.21 N3G10\w01\case_5990fe76-0532-4c4c-a616-1dc97f2c102d.fem,utf-8-sig,ok,4.0,0,1e-008,25,36,millimeters,planar,cartesian,0,17,7,6,1497,931,845,551,Air|Pure Iron|Copper|N40|Air|N40|Air,Air|Copper|N40|Pure Iron,A+|B+|C+|A-|B-|C-,"[{""name"":""A+"",""current_re"":""0""},{""name"":""B+"",""current_re"":""-8.6602540378443873""},{""name"":""C+"",""current_re"":""8.6602540378443855""},{""name"":""A-"",""current_re"":""0""},{""name"":""B-"",""current_re"":""8.6602540378443873""},{""name"":""C-"",""current_re"":""-8.6602540378443855""}]","[0.0,1.0,30.0,31.0]","[0.0,0.0,74.0,74.0]","[37.0,37.0]",a5e6b2c11b94d36172148843de9d20fc7ceafc1b639267ae5d7e30d0e2f184fc,
IA_test/12.21 N3G10/w01/case_605aa08e-3688-4deb-b757-aead046701a8.fem,C:\Users\26096\Desktop\em\FP\IA_test\12.21 N3G10\w01\case_605aa08e-3688-4deb-b757-aead046701a8.fem,utf-8-sig,ok,4.0,0,1e-008,25,36,millimeters,planar,cartesian,0,17,7,6,1497,931,845,551,Air|Pure Iron|Copper|N40|Air|N40|Air,Air|Copper|N40|Pure Iron,A+|B+|C+|A-|B-|C-,"[{""name"":""A+"",""current_re"":""0""},{""name"":""B+"",""current_re"":""-8.6602540378443873""},{""name"":""C+"",""current_re"":""8.6602540378443855""},{""name"":""A-"",""current_re"":""0""},{""name"":""B-"",""current_re"":""8.6602540378443873""},{""name"":""C-"",""current_re"":""-8.6602540378443855""}]","[0.0,1.0,30.0,31.0]","[0.0,0.0,74.0,74.0]","[37.0,37.0]",04f5ea358bc6eb94aff3a128bda9c8ff47da6ea3f545fb6e29635c464a3929f7,
IA_test/12.21 N3G10/w01/case_6ea6528f-1564-4893-8bfc-b1396461dd94.fem,C:\Users\26096\Desktop\em\FP\IA_test\12.21 N3G10\w01\case_6ea6528f-1564-4893-8bfc-b1396461dd94.fem,utf-8-sig,ok,4.0,0,1e-008,25,36,millimeters,planar,cartesian,0,17,7,6,1497,931,845,551,Air|Pure Iron|Copper|N40|Air|N40|Air,Air|Copper|N40|Pure Iron,A+|B+|C+|A-|B-|C-,"[{""name"":""A+"",""current_re"":""0""},{""name"":""B+"",""current_re"":""-8.6602540378443873""},{""name"":""C+"",""current_re"":""8.6602540378443855""},{""name"":""A-"",""current_re"":""0""},{""name"":""B-"",""current_re"":""8.6602540378443873""},{""name"":""C-"",""current_re"":""-8.6602540378443855""}]","[0.0,1.0,30.0,31.0]","[0.0,0.0,74.0,74.0]","[37.0,37.0]",6ca015a223fc7e4cae541cd6ce52f25097c5e5dcc292846271e6eb4d87473d11,
IA_test/12.21 N3G10/w01/case_7027617d-4c95-41c7-a3e3-467928059793.fem,C:\Users\26096\Desktop\em\FP\IA_test\12.21 N3G10\w01\case_7027617d-4c95-41c7-a3e3-467928059793.fem,utf-8-sig,ok,4.0,0,1e-008,25,36,millimeters,planar,cartesian,0,17,7,6,1497,931,845,551,Air|Pure Iron|Copper|N40|Air|N40|Air,Air|Copper|N40|Pure Iron,A+|B+|C+|A-|B-|C-,"[{""name"":""A+"",""current_re"":""0""},{""name"":""B+"",""current_re"":""-8.6602540378443873""},{""name"":""C+"",""current_re"":""8.6602540378443855""},{""name"":""A-"",""current_re"":""0""},{""name"":""B-"",""current_re"":""8.6602540378443873""},{""name"":""C-"",""current_re"":""-8.6602540378443855""}]","[0.0,1.0,30.0,31.0]","[0.0,0.0,74.0,74.0]","[37.0,37.0]",848469add6e0f63cc12e7ff1839fc7f9eb131db2ef9981a7aaa5e637a5724660,
IA_test/12.21 N3G10/w01/case_7c635f09-76c8-4c6d-8b57-2013080f7f33.fem,C:\Users\26096\Desktop\em\FP\IA_test\12.21 N3G10\w01\case_7c635f09-76c8-4c6d-8b57-2013080f7f33.fem,utf-8-sig,ok,4.0,0,1e-008,25,36,millimeters,planar,cartesian,0,17,7,6,1497,931,845,551,Air|Pure Iron|Copper|N40|Air|N40|Air,Air|Copper|N40|Pure Iron,A+|B+|C+|A-|B-|C-,"[{""name"":""A+"",""current_re"":""0""},{""name"":""B+"",""current_re"":""-8.6602540378443873""},{""name"":""C+"",""current_re"":""8.6602540378443855""},{""name"":""A-"",""current_re"":""0""},{""name"":""B-"",""current_re"":""8.6602540378443873""},{""name"":""C-"",""current_re"":""-8.6602540378443855""}]","[0.0,1.0,30.0,31.0]","[0.0,0.0,74.0,74.0]","[37.0,37.0]",c667c460b1cedff2460b6d948c7c2cf1380f6f0e81258f7bd03f74c6c4d2c34a,
IA_test/12.21 N3G10/w01/case_7cc4f036-aae5-4a5b-99ca-ab8d40ea2659.fem,C:\Users\26096\Desktop\em\FP\IA_test\12.21 N3G10\w01\case_7cc4f036-aae5-4a5b-99ca-ab8d40ea2659.fem,utf-8-sig,ok,4.0,0,1e-008,25,36,millimeters,planar,cartesian,0,17,7,6,1497,931,845,551,Air|Pure Iron|Copper|N40|Air|N40|Air,Air|Copper|N40|Pure Iron,A+|B+|C+|A-|B-|C-,"[{""name"":""A+"",""current_re"":""0""},{""name"":""B+"",""current_re"":""-8.6602540378443873""},{""name"":""C+"",""current_re"":""8.6602540378443855""},{""name"":""A-"",""current_re"":""0""},{""name"":""B-"",""current_re"":""8.6602540378443873""},{""name"":""C-"",""current_re"":""-8.6602540378443855""}]","[0.0,1.0,30.0,31.0]","[0.0,0.0,74.0,74.0]","[37.0,37.0]",d4b4e216ba1c300a001a522e9c2e6dd4f002b202a13b3e6656efae10ad803830,
IA_test/12.21 N3G10/w01/case_845bec1a-d7c1-4128-971a-228fe0cf726e.fem,C:\Users\26096\Desktop\em\FP\IA_test\12.21 N3G10\w01\case_845bec1a-d7c1-4128-971a-228fe0cf726e.fem,utf-8-sig,ok,4.0,0,1e-008,25,36,millimeters,planar,cartesian,0,17,7,6,1497,931,845,551,Air|Pure Iron|Copper|N40|Air|N40|Air,Air|Copper|N40|Pure Iron,A+|B+|C+|A-|B-|C-,"[{""name"":""A+"",""current_re"":""0""},{""name"":""B+"",""current_re"":""-8.6602540378443873""},{""name"":""C+"",""current_re"":""8.6602540378443855""},{""name"":""A-"",""current_re"":""0""},{""name"":""B-"",""current_re"":""8.6602540378443873""},{""name"":""C-"",""current_re"":""-8.6602540378443855""}]","[0.0,1.0,30.0,31.0]","[0.0,0.0,74.0,74.0]","[37.0,37.0]",2baf4f8e0dc4d34ab2d3c22452dac2640597cf5fe10719d9bcb2c2821c47cde2,
IA_test/12.21 N3G10/w01/case_8513135f-ba52-4e31-afc6-966c01f1b3bc.fem,C:\Users\26096\Desktop\em\FP\IA_test\12.21 N3G10\w01\case_8513135f-ba52-4e31-afc6-966c01f1b3bc.fem,utf-8-sig,ok,4.0,0,1e-008,25,36,millimeters,planar,cartesian,0,17,7,6,1497,931,845,551,Air|Pure Iron|Copper|N40|Air|N40|Air,Air|Copper|N40|Pure Iron,A+|B+|C+|A-|B-|C-,"[{""name"":""A+"",""current_re"":""0""},{""name"":""B+"",""current_re"":""-8.6602540378443873""},{""name"":""C+"",""current_re"":""8.6602540378443855""},{""name"":""A-"",""current_re"":""0""},{""name"":""B-"",""current_re"":""8.6602540378443873""},{""name"":""C-"",""current_re"":""-8.6602540378443855""}]","[0.0,1.0,30.0,31.0]","[0.0,0.0,74.0,74.0]","[37.0,37.0]",c5322de7761ddbff4a471895dfb1e0b3da98372ac7a799a826d19a3fabb0db2e,
IA_test/12.21 N3G10/w01/case_924cd090-aa4f-49ba-8a04-282f6d2b4f1d.fem,C:\Users\26096\Desktop\em\FP\IA_test\12.21 N3G10\w01\case_924cd090-aa4f-49ba-8a04-282f6d2b4f1d.fem,utf-8-sig,ok,4.0,0,1e-008,25,36,millimeters,planar,cartesian,0,17,7,6,1497,931,845,551,Air|Pure Iron|Copper|N40|Air|N40|Air,Air|Copper|N40|Pure Iron,A+|B+|C+|A-|B-|C-,"[{""name"":""A+"",""current_re"":""0""},{""name"":""B+"",""current_re"":""-8.6602540378443873""},{""name"":""C+"",""current_re"":""8.6602540378443855""},{""name"":""A-"",""current_re"":""0""},{""name"":""B-"",""current_re"":""8.6602540378443873""},{""name"":""C-"",""current_re"":""-8.6602540378443855""}]","[0.0,1.0,30.0,31.0]","[0.0,0.0,74.0,74.0]","[37.0,37.0]",6ca015a223fc7e4cae541cd6ce52f25097c5e5dcc292846271e6eb4d87473d11,
IA_test/12.21 N3G10/w01/case_96dab361-cb17-4e91-a8eb-655d2308954d.fem,C:\Users\26096\Desktop\em\FP\IA_test\12.21 N3G10\w01\case_96dab361-cb17-4e91-a8eb-655d2308954d.fem,utf-8-sig,ok,4.0,0,1e-008,25,36,millimeters,planar,cartesian,0,17,7,6,1497,931,845,551,Air|Pure Iron|Copper|N40|Air|N40|Air,Air|Copper|N40|Pure Iron,A+|B+|C+|A-|B-|C-,"[{""name"":""A+"",""current_re"":""0""},{""name"":""B+"",""current_re"":""-8.6602540378443873""},{""name"":""C+"",""current_re"":""8.6602540378443855""},{""name"":""A-"",""current_re"":""0""},{""name"":""B-"",""current_re"":""8.6602540378443873""},{""name"":""C-"",""current_re"":""-8.6602540378443855""}]","[0.0,1.0,30.0,31.0]","[0.0,0.0,74.0,74.0]","[37.0,37.0]",ac0aa7e0db9d7f7f7ac687a664a0817fe4b46fdee0882d77203ea7c5b6c01dd1,
IA_test/12.21 N3G10/w01/case_a4dead31-1a55-488e-9fab-d4706f6eb981.fem,C:\Users\26096\Desktop\em\FP\IA_test\12.21 N3G10\w01\case_a4dead31-1a55-488e-9fab-d4706f6eb981.fem,utf-8-sig,ok,4.0,0,1e-008,25,36,millimeters,planar,cartesian,0,17,7,6,1497,931,845,551,Air|Pure Iron|Copper|N40|Air|N40|Air,Air|Copper|N40|Pure Iron,A+|B+|C+|A-|B-|C-,"[{""name"":""A+"",""current_re"":""0""},{""name"":""B+"",""current_re"":""-8.6602540378443873""},{""name"":""C+"",""current_re"":""8.6602540378443855""},{""name"":""A-"",""current_re"":""0""},{""name"":""B-"",""current_re"":""8.6602540378443873""},{""name"":""C-"",""current_re"":""-8.6602540378443855""}]","[0.0,1.0,30.0,31.0]","[0.0,0.0,74.0,74.0]","[37.0,37.0]",0f3620a94ac35d8ac42d17ad2387013a5a9166db941afc47d020162ba91b481e,
IA_test/12.21 N3G10/w01/case_a749e1e3-7a3a-4188-87da-d4e965f4a648.fem,C:\Users\26096\Desktop\em\FP\IA_test\12.21 N3G10\w01\case_a749e1e3-7a3a-4188-87da-d4e965f4a648.fem,utf-8-sig,ok,4.0,0,1e-008,25,36,millimeters,planar,cartesian,0,17,7,6,1497,931,845,551,Air|Pure Iron|Copper|N40|Air|N40|Air,Air|Copper|N40|Pure Iron,A+|B+|C+|A-|B-|C-,"[{""name"":""A+"",""current_re"":""0""},{""name"":""B+"",""current_re"":""-8.6602540378443873""},{""name"":""C+"",""current_re"":""8.6602540378443855""},{""name"":""A-"",""current_re"":""0""},{""name"":""B-"",""current_re"":""8.6602540378443873""},{""name"":""C-"",""current_re"":""-8.6602540378443855""}]","[0.0,1.0,30.0,31.0]","[0.0,0.0,74.0,74.0]","[37.0,37.0]",533f545005a7a0fb87493d6b3332cac667b8ff6ce609e4262e87657ce563a92d,
IA_test/12.21 N3G10/w01/case_adb29ec9-52ac-44de-b362-c9583ca2d6b5.fem,C:\Users\26096\Desktop\em\FP\IA_test\12.21 N3G10\w01\case_adb29ec9-52ac-44de-b362-c9583ca2d6b5.fem,utf-8-sig,ok,4.0,0,1e-008,25,36,millimeters,planar,cartesian,0,17,7,6,1497,931,845,551,Air|Pure Iron|Copper|N40|Air|N40|Air,Air|Copper|N40|Pure Iron,A+|B+|C+|A-|B-|C-,"[{""name"":""A+"",""current_re"":""0""},{""name"":""B+"",""current_re"":""-8.6602540378443873""},{""name"":""C+"",""current_re"":""8.6602540378443855""},{""name"":""A-"",""current_re"":""0""},{""name"":""B-"",""current_re"":""8.6602540378443873""},{""name"":""C-"",""current_re"":""-8.6602540378443855""}]","[0.0,1.0,30.0,31.0]","[0.0,0.0,74.0,74.0]","[37.0,37.0]",9a0cdef2beba60ae2ffa1ffe44ec366f5d982967b23168027bfcfae4bce31ef8,
IA_test/12.21 N3G10/w01/case_b7c711f4-abbd-4e3e-8ebb-c96276d96490.fem,C:\Users\26096\Desktop\em\FP\IA_test\12.21 N3G10\w01\case_b7c711f4-abbd-4e3e-8ebb-c96276d96490.fem,utf-8-sig,ok,4.0,0,1e-008,25,36,millimeters,planar,cartesian,0,17,7,6,1497,931,845,551,Air|Pure Iron|Copper|N40|Air|N40|Air,Air|Copper|N40|Pure Iron,A+|B+|C+|A-|B-|C-,"[{""name"":""A+"",""current_re"":""0""},{""name"":""B+"",""current_re"":""-8.6602540378443873""},{""name"":""C+"",""current_re"":""8.6602540378443855""},{""name"":""A-"",""current_re"":""0""},{""name"":""B-"",""current_re"":""8.6602540378443873""},{""name"":""C-"",""current_re"":""-8.6602540378443855""}]","[0.0,1.0,30.0,31.0]","[0.0,0.0,74.0,74.0]","[37.0,37.0]",3a9643a17258912e414ef508e003b61f82cc58f9170ffe6c6bb0e2962ae7a0b2,
IA_test/12.21 N3G10/w01/case_b7e3f609-1358-4c27-aab2-25e3b8eccf83.fem,C:\Users\26096\Desktop\em\FP\IA_test\12.21 N3G10\w01\case_b7e3f609-1358-4c27-aab2-25e3b8eccf83.fem,utf-8-sig,ok,4.0,0,1e-008,25,36,millimeters,planar,cartesian,0,17,7,6,1497,931,845,551,Air|Pure Iron|Copper|N40|Air|N40|Air,Air|Copper|N40|Pure Iron,A+|B+|C+|A-|B-|C-,"[{""name"":""A+"",""current_re"":""0""},{""name"":""B+"",""current_re"":""-8.6602540378443873""},{""name"":""C+"",""current_re"":""8.6602540378443855""},{""name"":""A-"",""current_re"":""0""},{""name"":""B-"",""current_re"":""8.6602540378443873""},{""name"":""C-"",""current_re"":""-8.6602540378443855""}]","[0.0,1.0,30.0,31.0]","[0.0,0.0,74.0,74.0]","[37.0,37.0]",a12266317eb56f60ada3fe7f3174a1694909e47d30214bd1a46681fe16e7be56,
IA_test/12.21 N3G10/w01/case_b96cec23-9ced-49cd-8cd5-b47aa69d4be2.fem,C:\Users\26096\Desktop\em\FP\IA_test\12.21 N3G10\w01\case_b96cec23-9ced-49cd-8cd5-b47aa69d4be2.fem,utf-8-sig,ok,4.0,0,1e-008,25,36,millimeters,planar,cartesian,0,17,7,6,1497,931,845,551,Air|Pure Iron|Copper|N40|Air|N40|Air,Air|Copper|N40|Pure Iron,A+|B+|C+|A-|B-|C-,"[{""name"":""A+"",""current_re"":""0""},{""name"":""B+"",""current_re"":""-8.6602540378443873""},{""name"":""C+"",""current_re"":""8.6602540378443855""},{""name"":""A-"",""current_re"":""0""},{""name"":""B-"",""current_re"":""8.6602540378443873""},{""name"":""C-"",""current_re"":""-8.6602540378443855""}]","[0.0,1.0,30.0,31.0]","[0.0,0.0,74.0,74.0]","[37.0,37.0]",e1151808701b69ba52818259ed97b5bfe858bea69d3c8b063bb4cf7aa1044f0c,
IA_test/12.21 N3G10/w01/case_bdd5c199-4644-4ed0-9e29-b1842e899ba6.fem,C:\Users\26096\Desktop\em\FP\IA_test\12.21 N3G10\w01\case_bdd5c199-4644-4ed0-9e29-b1842e899ba6.fem,utf-8-sig,ok,4.0,0,1e-008,25,36,millimeters,planar,cartesian,0,17,7,6,1497,931,845,551,Air|Pure Iron|Copper|N40|Air|N40|Air,Air|Copper|N40|Pure Iron,A+|B+|C+|A-|B-|C-,"[{""name"":""A+"",""current_re"":""0""},{""name"":""B+"",""current_re"":""-8.6602540378443873""},{""name"":""C+"",""current_re"":""8.6602540378443855""},{""name"":""A-"",""current_re"":""0""},{""name"":""B-"",""current_re"":""8.6602540378443873""},{""name"":""C-"",""current_re"":""-8.6602540378443855""}]","[0.0,1.0,30.0,31.0]","[0.0,0.0,74.0,74.0]","[37.0,37.0]",12ddc7c411cfa2228213ac19e79172954d627c88d842d453b4ea78c0faad96b8,
IA_test/12.21 N3G10/w01/case_bf3cd316-91b0-4ef9-aaa9-71ae850fcad1.fem,C:\Users\26096\Desktop\em\FP\IA_test\12.21 N3G10\w01\case_bf3cd316-91b0-4ef9-aaa9-71ae850fcad1.fem,utf-8-sig,ok,4.0,0,1e-008,25,36,millimeters,planar,cartesian,0,17,7,6,1497,931,845,551,Air|Pure Iron|Copper|N40|Air|N40|Air,Air|Copper|N40|Pure Iron,A+|B+|C+|A-|B-|C-,"[{""name"":""A+"",""current_re"":""0""},{""name"":""B+"",""current_re"":""-8.6602540378443873""},{""name"":""C+"",""current_re"":""8.6602540378443855""},{""name"":""A-"",""current_re"":""0""},{""name"":""B-"",""current_re"":""8.6602540378443873""},{""name"":""C-"",""current_re"":""-8.6602540378443855""}]","[0.0,1.0,30.0,31.0]","[0.0,0.0,74.0,74.0]","[37.0,37.0]",07b8ca368fd46a73b33f3588870a9a364e6830618538f638b07b6943a059535b,
IA_test/12.21 N3G10/w01/case_c0c92f18-0cc9-47bb-92d3-3fa219d7f28e.fem,C:\Users\26096\Desktop\em\FP\IA_test\12.21 N3G10\w01\case_c0c92f18-0cc9-47bb-92d3-3fa219d7f28e.fem,utf-8-sig,ok,4.0,0,1e-008,25,36,millimeters,planar,cartesian,0,17,7,6,1497,931,845,551,Air|Pure Iron|Copper|N40|Air|N40|Air,Air|Copper|N40|Pure Iron,A+|B+|C+|A-|B-|C-,"[{""name"":""A+"",""current_re"":""0""},{""name"":""B+"",""current_re"":""-8.6602540378443873""},{""name"":""C+"",""current_re"":""8.6602540378443855""},{""name"":""A-"",""current_re"":""0""},{""name"":""B-"",""current_re"":""8.6602540378443873""},{""name"":""C-"",""current_re"":""-8.6602540378443855""}]","[0.0,1.0,30.0,31.0]","[0.0,0.0,74.0,74.0]","[37.0,37.0]",baa27db23d4a678c267aa530086a91e81c5e12ef42bd4da7475d3403834b64ab,
IA_test/12.21 N3G10/w01/case_c55d66e1-d6c1-495f-871d-c7b32467c15c.fem,C:\Users\26096\Desktop\em\FP\IA_test\12.21 N3G10\w01\case_c55d66e1-d6c1-495f-871d-c7b32467c15c.fem,utf-8-sig,ok,4.0,0,1e-008,25,36,millimeters,planar,cartesian,0,17,7,6,1497,931,845,551,Air|Pure Iron|Copper|N40|Air|N40|Air,Air|Copper|N40|Pure Iron,A+|B+|C+|A-|B-|C-,"[{""name"":""A+"",""current_re"":""0""},{""name"":""B+"",""current_re"":""-8.6602540378443873""},{""name"":""C+"",""current_re"":""8.6602540378443855""},{""name"":""A-"",""current_re"":""0""},{""name"":""B-"",""current_re"":""8.6602540378443873""},{""name"":""C-"",""current_re"":""-8.6602540378443855""}]","[0.0,1.0,30.0,31.0]","[0.0,0.0,74.0,74.0]","[37.0,37.0]",26a8d4e594ea2923f17916acea8a1994d32dd9ecc0f281219ef7ca8197f386e4,
IA_test/12.21 N3G10/w01/case_c5866522-4cf0-4a2a-b1a1-7cd7f573cc1a.fem,C:\Users\26096\Desktop\em\FP\IA_test\12.21 N3G10\w01\case_c5866522-4cf0-4a2a-b1a1-7cd7f573cc1a.fem,utf-8-sig,ok,4.0,0,1e-008,25,36,millimeters,planar,cartesian,0,17,7,6,1497,931,845,551,Air|Pure Iron|Copper|N40|Air|N40|Air,Air|Copper|N40|Pure Iron,A+|B+|C+|A-|B-|C-,"[{""name"":""A+"",""current_re"":""0""},{""name"":""B+"",""current_re"":""-8.6602540378443873""},{""name"":""C+"",""current_re"":""8.6602540378443855""},{""name"":""A-"",""current_re"":""0""},{""name"":""B-"",""current_re"":""8.6602540378443873""},{""name"":""C-"",""current_re"":""-8.6602540378443855""}]","[0.0,1.0,30.0,31.0]","[0.0,0.0,74.0,74.0]","[37.0,37.0]",2baf4f8e0dc4d34ab2d3c22452dac2640597cf5fe10719d9bcb2c2821c47cde2,
IA_test/12.21 N3G10/w01/case_d913c8cd-1263-4f0d-b05e-0a8fab3137c5.fem,C:\Users\26096\Desktop\em\FP\IA_test\12.21 N3G10\w01\case_d913c8cd-1263-4f0d-b05e-0a8fab3137c5.fem,utf-8-sig,ok,4.0,0,1e-008,25,36,millimeters,planar,cartesian,0,17,7,6,1497,931,845,551,Air|Pure Iron|Copper|N40|Air|N40|Air,Air|Copper|N40|Pure Iron,A+|B+|C+|A-|B-|C-,"[{""name"":""A+"",""current_re"":""0""},{""name"":""B+"",""current_re"":""-8.6602540378443873""},{""name"":""C+"",""current_re"":""8.6602540378443855""},{""name"":""A-"",""current_re"":""0""},{""name"":""B-"",""current_re"":""8.6602540378443873""},{""name"":""C-"",""current_re"":""-8.6602540378443855""}]","[0.0,1.0,30.0,31.0]","[0.0,0.0,74.0,74.0]","[37.0,37.0]",f8d5a932437a70f3b14181468d3e600a8fbabd289a37bc00e0224e145a3bac7a,
IA_test/12.21 N3G10/w01/case_dae5f276-1734-4152-ad34-77bd08daf795.fem,C:\Users\26096\Desktop\em\FP\IA_test\12.21 N3G10\w01\case_dae5f276-1734-4152-ad34-77bd08daf795.fem,utf-8-sig,ok,4.0,0,1e-008,25,36,millimeters,planar,cartesian,0,17,7,6,1497,931,845,551,Air|Pure Iron|Copper|N40|Air|N40|Air,Air|Copper|N40|Pure Iron,A+|B+|C+|A-|B-|C-,"[{""name"":""A+"",""current_re"":""0""},{""name"":""B+"",""current_re"":""-8.6602540378443873""},{""name"":""C+"",""current_re"":""8.6602540378443855""},{""name"":""A-"",""current_re"":""0""},{""name"":""B-"",""current_re"":""8.6602540378443873""},{""name"":""C-"",""current_re"":""-8.6602540378443855""}]","[0.0,1.0,30.0,31.0]","[0.0,0.0,74.0,74.0]","[37.0,37.0]",a4e54d8b53d08034f9296bb7d31c38ceb997c3ee20186a0d591e61075a5a31c4,
IA_test/12.21 N3G10/w01/case_dc30fb28-b7bc-4faf-9a24-649f92b0e581.fem,C:\Users\26096\Desktop\em\FP\IA_test\12.21 N3G10\w01\case_dc30fb28-b7bc-4faf-9a24-649f92b0e581.fem,utf-8-sig,ok,4.0,0,1e-008,25,36,millimeters,planar,cartesian,0,17,7,6,1497,931,845,551,Air|Pure Iron|Copper|N40|Air|N40|Air,Air|Copper|N40|Pure Iron,A+|B+|C+|A-|B-|C-,"[{""name"":""A+"",""current_re"":""0""},{""name"":""B+"",""current_re"":""-8.6602540378443873""},{""name"":""C+"",""current_re"":""8.6602540378443855""},{""name"":""A-"",""current_re"":""0""},{""name"":""B-"",""current_re"":""8.6602540378443873""},{""name"":""C-"",""current_re"":""-8.6602540378443855""}]","[0.0,1.0,30.0,31.0]","[0.0,0.0,74.0,74.0]","[37.0,37.0]",b80de2bd289d7f948b5fd7e1a83d230c27cda21c29fd90286bf56739d0446ed2,
IA_test/12.21 N3G10/w01/case_e33f1d2d-0d7e-4924-a9d0-3977d35a0b95.fem,C:\Users\26096\Desktop\em\FP\IA_test\12.21 N3G10\w01\case_e33f1d2d-0d7e-4924-a9d0-3977d35a0b95.fem,utf-8-sig,ok,4.0,0,1e-008,25,36,millimeters,planar,cartesian,0,17,7,6,1497,931,845,551,Air|Pure Iron|Copper|N40|Air|N40|Air,Air|Copper|N40|Pure Iron,A+|B+|C+|A-|B-|C-,"[{""name"":""A+"",""current_re"":""0""},{""name"":""B+"",""current_re"":""-8.6602540378443873""},{""name"":""C+"",""current_re"":""8.6602540378443855""},{""name"":""A-"",""current_re"":""0""},{""name"":""B-"",""current_re"":""8.6602540378443873""},{""name"":""C-"",""current_re"":""-8.6602540378443855""}]","[0.0,1.0,30.0,31.0]","[0.0,0.0,74.0,74.0]","[37.0,37.0]",78b5fa880cc8d751d0d16da7b0c0ab13d8a214825f488dcd0d55faecdf8ed433,
IA_test/12.21 N3G10/w01/case_e4e2c761-d87a-4501-b0d7-4dc276a3fe44.fem,C:\Users\26096\Desktop\em\FP\IA_test\12.21 N3G10\w01\case_e4e2c761-d87a-4501-b0d7-4dc276a3fe44.fem,utf-8-sig,ok,4.0,0,1e-008,25,36,millimeters,planar,cartesian,0,17,7,6,1497,931,845,551,Air|Pure Iron|Copper|N40|Air|N40|Air,Air|Copper|N40|Pure Iron,A+|B+|C+|A-|B-|C-,"[{""name"":""A+"",""current_re"":""0""},{""name"":""B+"",""current_re"":""-8.6602540378443873""},{""name"":""C+"",""current_re"":""8.6602540378443855""},{""name"":""A-"",""current_re"":""0""},{""name"":""B-"",""current_re"":""8.6602540378443873""},{""name"":""C-"",""current_re"":""-8.6602540378443855""}]","[0.0,1.0,30.0,31.0]","[0.0,0.0,74.0,74.0]","[37.0,37.0]",5f3cd38eb0b41ad3c9aed6e8e3fce6c2b98d653ea232bbe9cd14cb12657201b6,
IA_test/12.21 N3G10/w01/case_e51f9061-5028-4304-bded-31ea0ccc434c.fem,C:\Users\26096\Desktop\em\FP\IA_test\12.21 N3G10\w01\case_e51f9061-5028-4304-bded-31ea0ccc434c.fem,utf-8-sig,ok,4.0,0,1e-008,25,36,millimeters,planar,cartesian,0,17,7,6,1497,931,845,551,Air|Pure Iron|Copper|N40|Air|N40|Air,Air|Copper|N40|Pure Iron,A+|B+|C+|A-|B-|C-,"[{""name"":""A+"",""current_re"":""0""},{""name"":""B+"",""current_re"":""-8.6602540378443873""},{""name"":""C+"",""current_re"":""8.6602540378443855""},{""name"":""A-"",""current_re"":""0""},{""name"":""B-"",""current_re"":""8.6602540378443873""},{""name"":""C-"",""current_re"":""-8.6602540378443855""}]","[0.0,1.0,30.0,31.0]","[0.0,0.0,74.0,74.0]","[37.0,37.0]",f1c135075d309eee26b16fb4700695334f9174ed15fcd324e8fab90c0c624dc5,
IA_test/12.21 N3G10/w01/case_e7958f48-6565-488f-8a32-ed6e9fdbbbee.fem,C:\Users\26096\Desktop\em\FP\IA_test\12.21 N3G10\w01\case_e7958f48-6565-488f-8a32-ed6e9fdbbbee.fem,utf-8-sig,ok,4.0,0,1e-008,25,36,millimeters,planar,cartesian,0,17,7,6,1497,931,845,551,Air|Pure Iron|Copper|N40|Air|N40|Air,Air|Copper|N40|Pure Iron,A+|B+|C+|A-|B-|C-,"[{""name"":""A+"",""current_re"":""0""},{""name"":""B+"",""current_re"":""-8.6602540378443873""},{""name"":""C+"",""current_re"":""8.6602540378443855""},{""name"":""A-"",""current_re"":""0""},{""name"":""B-"",""current_re"":""8.6602540378443873""},{""name"":""C-"",""current_re"":""-8.6602540378443855""}]","[0.0,1.0,30.0,31.0]","[0.0,0.0,74.0,74.0]","[37.0,37.0]",4b9391cdde7e9ddeda8bbcdd401183fc622ce5b0df5d7f25295fa826ec730f22,
IA_test/12.21 N3G10/w01/case_e89c0421-6da4-4e3b-ab9d-837f509f1cc5.fem,C:\Users\26096\Desktop\em\FP\IA_test\12.21 N3G10\w01\case_e89c0421-6da4-4e3b-ab9d-837f509f1cc5.fem,utf-8-sig,ok,4.0,0,1e-008,25,36,millimeters,planar,cartesian,0,17,7,6,1497,931,845,551,Air|Pure Iron|Copper|N40|Air|N40|Air,Air|Copper|N40|Pure Iron,A+|B+|C+|A-|B-|C-,"[{""name"":""A+"",""current_re"":""0""},{""name"":""B+"",""current_re"":""-8.6602540378443873""},{""name"":""C+"",""current_re"":""8.6602540378443855""},{""name"":""A-"",""current_re"":""0""},{""name"":""B-"",""current_re"":""8.6602540378443873""},{""name"":""C-"",""current_re"":""-8.6602540378443855""}]","[0.0,1.0,30.0,31.0]","[0.0,0.0,74.0,74.0]","[37.0,37.0]",454f2438a32e9ddc203da6e245467e20bd892614695d41c4568f3a7ec267547e,
IA_test/12.21 N3G10/w02/blank_inset_9x5_w02.fem,C:\Users\26096\Desktop\em\FP\IA_test\12.21 N3G10\w02\blank_inset_9x5_w02.fem,utf-8-sig,ok,4.0,0,1e-008,25,36,millimeters,planar,cartesian,0,17,7,6,1497,931,845,11,Air|Pure Iron|Copper|N40|Air|N40|Air,Air|N40|Pure Iron,A+|B+|C+|A-|B-|C-,"[{""name"":""A+"",""current_re"":""0""},{""name"":""B+"",""current_re"":""0""},{""name"":""C+"",""current_re"":""0""},{""name"":""A-"",""current_re"":""0""},{""name"":""B-"",""current_re"":""0""},{""name"":""C-"",""current_re"":""0""}]","[0.0,1.0]","[0.0,0.0,74.0,74.0]","[37.0,37.0]",da31af969f63643f1190d05509be74dd70e893449609a65a7eab6ba01fbad4be,
IA_test/12.21 N3G10/w02/case_000001.fem,C:\Users\26096\Desktop\em\FP\IA_test\12.21 N3G10\w02\case_000001.fem,utf-8-sig,ok,4.0,0,1e-008,25,36,millimeters,planar,cartesian,0,17,7,6,1497,931,845,551,Air|Pure Iron|Copper|N40|Air|N40|Air,Air|Copper|N40|Pure Iron,A+|B+|C+|A-|B-|C-,"[{""name"":""A+"",""current_re"":""0""},{""name"":""B+"",""current_re"":""-8.6602540378443873""},{""name"":""C+"",""current_re"":""8.6602540378443855""},{""name"":""A-"",""current_re"":""0""},{""name"":""B-"",""current_re"":""8.6602540378443873""},{""name"":""C-"",""current_re"":""-8.6602540378443855""}]","[0.0,1.0,30.0,31.0]","[0.0,0.0,74.0,74.0]","[37.0,37.0]",d55bf9ddbb6402cf6e72a858ef703f62fd4d6b87a9e8281cd5d171764211aa7e,
IA_test/12.21 N3G10/w02/case_0704aed2-95f7-4488-b805-9fdc1df2a4b9.fem,C:\Users\26096\Desktop\em\FP\IA_test\12.21 N3G10\w02\case_0704aed2-95f7-4488-b805-9fdc1df2a4b9.fem,utf-8-sig,ok,4.0,0,1e-008,25,36,millimeters,planar,cartesian,0,17,7,6,1497,931,845,551,Air|Pure Iron|Copper|N40|Air|N40|Air,Air|Copper|N40|Pure Iron,A+|B+|C+|A-|B-|C-,"[{""name"":""A+"",""current_re"":""0""},{""name"":""B+"",""current_re"":""-8.6602540378443873""},{""name"":""C+"",""current_re"":""8.6602540378443855""},{""name"":""A-"",""current_re"":""0""},{""name"":""B-"",""current_re"":""8.6602540378443873""},{""name"":""C-"",""current_re"":""-8.6602540378443855""}]","[0.0,1.0,30.0,31.0]","[0.0,0.0,74.0,74.0]","[37.0,37.0]",dc62c73d7de5963724d12bfb5023ef229e00eaf319b2a0dabb50cbbdd6f78d64,
IA_test/12.21 N3G10/w02/case_07d06f9c-23de-489a-aa10-cde663a9bcea.fem,C:\Users\26096\Desktop\em\FP\IA_test\12.21 N3G10\w02\case_07d06f9c-23de-489a-aa10-cde663a9bcea.fem,utf-8-sig,ok,4.0,0,1e-008,25,36,millimeters,planar,cartesian,0,17,7,6,1497,931,845,551,Air|Pure Iron|Copper|N40|Air|N40|Air,Air|Copper|N40|Pure Iron,A+|B+|C+|A-|B-|C-,"[{""name"":""A+"",""current_re"":""0""},{""name"":""B+"",""current_re"":""-8.6602540378443873""},{""name"":""C+"",""current_re"":""8.6602540378443855""},{""name"":""A-"",""current_re"":""0""},{""name"":""B-"",""current_re"":""8.6602540378443873""},{""name"":""C-"",""current_re"":""-8.6602540378443855""}]","[0.0,1.0,30.0,31.0]","[0.0,0.0,74.0,74.0]","[37.0,37.0]",90f6b97375f263e4602e8282bf2417a8213c696a5cef4d2e230b231dfd3e4ded,
IA_test/12.21 N3G10/w02/case_10bdf2e7-6933-4a50-8be9-536a0f4dfc6a.fem,C:\Users\26096\Desktop\em\FP\IA_test\12.21 N3G10\w02\case_10bdf2e7-6933-4a50-8be9-536a0f4dfc6a.fem,utf-8-sig,ok,4.0,0,1e-008,25,36,millimeters,planar,cartesian,0,17,7,6,1497,931,845,551,Air|Pure Iron|Copper|N40|Air|N40|Air,Air|Copper|N40|Pure Iron,A+|B+|C+|A-|B-|C-,"[{""name"":""A+"",""current_re"":""0""},{""name"":""B+"",""current_re"":""-8.6602540378443873""},{""name"":""C+"",""current_re"":""8.6602540378443855""},{""name"":""A-"",""current_re"":""0""},{""name"":""B-"",""current_re"":""8.6602540378443873""},{""name"":""C-"",""current_re"":""-8.6602540378443855""}]","[0.0,1.0,30.0,31.0]","[0.0,0.0,74.0,74.0]","[37.0,37.0]",b6db59b3464af366e6e0f65e7b077e386b28188af3862b10afee1ab48239ede5,
IA_test/12.21 N3G10/w02/case_17c5fdbd-2370-4744-80bf-2a2f0a287340.fem,C:\Users\26096\Desktop\em\FP\IA_test\12.21 N3G10\w02\case_17c5fdbd-2370-4744-80bf-2a2f0a287340.fem,utf-8-sig,ok,4.0,0,1e-008,25,36,millimeters,planar,cartesian,0,17,7,6,1497,931,845,551,Air|Pure Iron|Copper|N40|Air|N40|Air,Air|Copper|N40|Pure Iron,A+|B+|C+|A-|B-|C-,"[{""name"":""A+"",""current_re"":""0""},{""name"":""B+"",""current_re"":""-8.6602540378443873""},{""name"":""C+"",""current_re"":""8.6602540378443855""},{""name"":""A-"",""current_re"":""0""},{""name"":""B-"",""current_re"":""8.6602540378443873""},{""name"":""C-"",""current_re"":""-8.6602540378443855""}]","[0.0,1.0,30.0,31.0]","[0.0,0.0,74.0,74.0]","[37.0,37.0]",71a233cc9cb09b117f0e0fa894ecf31ecdf3d6801be2cba2c217273dda12e961,
IA_test/12.21 N3G10/w02/case_1a903502-eae2-44aa-b20d-f5a319beef36.fem,C:\Users\26096\Desktop\em\FP\IA_test\12.21 N3G10\w02\case_1a903502-eae2-44aa-b20d-f5a319beef36.fem,utf-8-sig,ok,4.0,0,1e-008,25,36,millimeters,planar,cartesian,0,17,7,6,1497,931,845,551,Air|Pure Iron|Copper|N40|Air|N40|Air,Air|Copper|N40|Pure Iron,A+|B+|C+|A-|B-|C-,"[{""name"":""A+"",""current_re"":""0""},{""name"":""B+"",""current_re"":""-8.6602540378443873""},{""name"":""C+"",""current_re"":""8.6602540378443855""},{""name"":""A-"",""current_re"":""0""},{""name"":""B-"",""current_re"":""8.6602540378443873""},{""name"":""C-"",""current_re"":""-8.6602540378443855""}]","[0.0,1.0,30.0,31.0]","[0.0,0.0,74.0,74.0]","[37.0,37.0]",f32918b77e718aecb7c640bbb6c7daa783399f96d42c0c5b0341938256fbb7bf,
IA_test/12.21 N3G10/w02/case_278f70c1-be87-474f-bd88-9270d1b9edf9.fem,C:\Users\26096\Desktop\em\FP\IA_test\12.21 N3G10\w02\case_278f70c1-be87-474f-bd88-9270d1b9edf9.fem,utf-8-sig,ok,4.0,0,1e-008,25,36,millimeters,planar,cartesian,0,17,7,6,1497,931,845,551,Air|Pure Iron|Copper|N40|Air|N40|Air,Air|Copper|N40|Pure Iron,A+|B+|C+|A-|B-|C-,"[{""name"":""A+"",""current_re"":""0""},{""name"":""B+"",""current_re"":""-8.6602540378443873""},{""name"":""C+"",""current_re"":""8.6602540378443855""},{""name"":""A-"",""current_re"":""0""},{""name"":""B-"",""current_re"":""8.6602540378443873""},{""name"":""C-"",""current_re"":""-8.6602540378443855""}]","[0.0,1.0,30.0,31.0]","[0.0,0.0,74.0,74.0]","[37.0,37.0]",76c88733d5104099ba465869a659c2df4670ecc0864960dbfb0445f23e02b2fa,
IA_test/12.21 N3G10/w02/case_2cc7bc73-cd5f-4e19-869d-9b67a5b8b5af.fem,C:\Users\26096\Desktop\em\FP\IA_test\12.21 N3G10\w02\case_2cc7bc73-cd5f-4e19-869d-9b67a5b8b5af.fem,utf-8-sig,ok,4.0,0,1e-008,25,36,millimeters,planar,cartesian,0,17,7,6,1497,931,845,551,Air|Pure Iron|Copper|N40|Air|N40|Air,Air|Copper|N40|Pure Iron,A+|B+|C+|A-|B-|C-,"[{""name"":""A+"",""current_re"":""0""},{""name"":""B+"",""current_re"":""-8.6602540378443873""},{""name"":""C+"",""current_re"":""8.6602540378443855""},{""name"":""A-"",""current_re"":""0""},{""name"":""B-"",""current_re"":""8.6602540378443873""},{""name"":""C-"",""current_re"":""-8.6602540378443855""}]","[0.0,1.0,30.0,31.0]","[0.0,0.0,74.0,74.0]","[37.0,37.0]",f019049abe618298bed3adea378e1e4fcb0bbadfbb05c19c611e71420706228b,
IA_test/12.21 N3G10/w02/case_2efb83d5-5d0b-458b-b718-044c34efdc44.fem,C:\Users\26096\Desktop\em\FP\IA_test\12.21 N3G10\w02\case_2efb83d5-5d0b-458b-b718-044c34efdc44.fem,utf-8-sig,ok,4.0,0,1e-008,25,36,millimeters,planar,cartesian,0,17,7,6,1497,931,845,551,Air|Pure Iron|Copper|N40|Air|N40|Air,Air|Copper|N40|Pure Iron,A+|B+|C+|A-|B-|C-,"[{""name"":""A+"",""current_re"":""0""},{""name"":""B+"",""current_re"":""-8.6602540378443873""},{""name"":""C+"",""current_re"":""8.6602540378443855""},{""name"":""A-"",""current_re"":""0""},{""name"":""B-"",""current_re"":""8.6602540378443873""},{""name"":""C-"",""current_re"":""-8.6602540378443855""}]","[0.0,1.0,30.0,31.0]","[0.0,0.0,74.0,74.0]","[37.0,37.0]",8e3ff44ed12d771b5846e22274faafdf38a7e893c83ec88c7157a0f2c8321827,
IA_test/12.21 N3G10/w02/case_3781bdbc-eb47-4019-9edd-e771f7eb5ab4.fem,C:\Users\26096\Desktop\em\FP\IA_test\12.21 N3G10\w02\case_3781bdbc-eb47-4019-9edd-e771f7eb5ab4.fem,utf-8-sig,ok,4.0,0,1e-008,25,36,millimeters,planar,cartesian,0,17,7,6,1497,931,845,551,Air|Pure Iron|Copper|N40|Air|N40|Air,Air|Copper|N40|Pure Iron,A+|B+|C+|A-|B-|C-,"[{""name"":""A+"",""current_re"":""0""},{""name"":""B+"",""current_re"":""-8.6602540378443873""},{""name"":""C+"",""current_re"":""8.6602540378443855""},{""name"":""A-"",""current_re"":""0""},{""name"":""B-"",""current_re"":""8.6602540378443873""},{""name"":""C-"",""current_re"":""-8.6602540378443855""}]","[0.0,1.0,30.0,31.0]","[0.0,0.0,74.0,74.0]","[37.0,37.0]",7b551060023c98f24432a67777aa904cc7461eb415c946f1a3f0ad34e306695a,
IA_test/12.21 N3G10/w02/case_39c72458-418d-4b0c-8b68-5fc28c1f9ce2.fem,C:\Users\26096\Desktop\em\FP\IA_test\12.21 N3G10\w02\case_39c72458-418d-4b0c-8b68-5fc28c1f9ce2.fem,utf-8-sig,ok,4.0,0,1e-008,25,36,millimeters,planar,cartesian,0,17,7,6,1497,931,845,551,Air|Pure Iron|Copper|N40|Air|N40|Air,Air|Copper|N40|Pure Iron,A+|B+|C+|A-|B-|C-,"[{""name"":""A+"",""current_re"":""0""},{""name"":""B+"",""current_re"":""-8.6602540378443873""},{""name"":""C+"",""current_re"":""8.6602540378443855""},{""name"":""A-"",""current_re"":""0""},{""name"":""B-"",""current_re"":""8.6602540378443873""},{""name"":""C-"",""current_re"":""-8.6602540378443855""}]","[0.0,1.0,30.0,31.0]","[0.0,0.0,74.0,74.0]","[37.0,37.0]",71a233cc9cb09b117f0e0fa894ecf31ecdf3d6801be2cba2c217273dda12e961,
IA_test/12.21 N3G10/w02/case_3a323f0f-60ba-4182-ae91-0c7440176ebc.fem,C:\Users\26096\Desktop\em\FP\IA_test\12.21 N3G10\w02\case_3a323f0f-60ba-4182-ae91-0c7440176ebc.fem,utf-8-sig,ok,4.0,0,1e-008,25,36,millimeters,planar,cartesian,0,17,7,6,1497,931,845,551,Air|Pure Iron|Copper|N40|Air|N40|Air,Air|Copper|N40|Pure Iron,A+|B+|C+|A-|B-|C-,"[{""name"":""A+"",""current_re"":""0""},{""name"":""B+"",""current_re"":""-8.6602540378443873""},{""name"":""C+"",""current_re"":""8.6602540378443855""},{""name"":""A-"",""current_re"":""0""},{""name"":""B-"",""current_re"":""8.6602540378443873""},{""name"":""C-"",""current_re"":""-8.6602540378443855""}]","[0.0,1.0,30.0,31.0]","[0.0,0.0,74.0,74.0]","[37.0,37.0]",5294de4eb70bc3b1625158ca68c1bc6475d6ca3b44180c756e1e9925d367bc86,
IA_test/12.21 N3G10/w02/case_3f463c7e-3d8c-4c80-9e27-fb58c599e037.fem,C:\Users\26096\Desktop\em\FP\IA_test\12.21 N3G10\w02\case_3f463c7e-3d8c-4c80-9e27-fb58c599e037.fem,utf-8-sig,ok,4.0,0,1e-008,25,36,millimeters,planar,cartesian,0,17,7,6,1497,931,845,551,Air|Pure Iron|Copper|N40|Air|N40|Air,Air|Copper|N40|Pure Iron,A+|B+|C+|A-|B-|C-,"[{""name"":""A+"",""current_re"":""0""},{""name"":""B+"",""current_re"":""-8.6602540378443873""},{""name"":""C+"",""current_re"":""8.6602540378443855""},{""name"":""A-"",""current_re"":""0""},{""name"":""B-"",""current_re"":""8.6602540378443873""},{""name"":""C-"",""current_re"":""-8.6602540378443855""}]","[0.0,1.0,30.0,31.0]","[0.0,0.0,74.0,74.0]","[37.0,37.0]",08fd0c5305430b95a6f1e7a368a050888f75240fdefac516572f4c7000c84529,
IA_test/12.21 N3G10/w02/case_43941121-5520-4fab-a0e2-0ea2f23e15e3.fem,C:\Users\26096\Desktop\em\FP\IA_test\12.21 N3G10\w02\case_43941121-5520-4fab-a0e2-0ea2f23e15e3.fem,utf-8-sig,ok,4.0,0,1e-008,25,36,millimeters,planar,cartesian,0,17,7,6,1497,931,845,551,Air|Pure Iron|Copper|N40|Air|N40|Air,Air|Copper|N40|Pure Iron,A+|B+|C+|A-|B-|C-,"[{""name"":""A+"",""current_re"":""0""},{""name"":""B+"",""current_re"":""-8.6602540378443873""},{""name"":""C+"",""current_re"":""8.6602540378443855""},{""name"":""A-"",""current_re"":""0""},{""name"":""B-"",""current_re"":""8.6602540378443873""},{""name"":""C-"",""current_re"":""-8.6602540378443855""}]","[0.0,1.0,30.0,31.0]","[0.0,0.0,74.0,74.0]","[37.0,37.0]",d509a82afbb5b5bea758672889d08da746b3880bf9c973a22853554c17a972b1,
IA_test/12.21 N3G10/w02/case_45e42035-642a-401b-bb86-90917e928696.fem,C:\Users\26096\Desktop\em\FP\IA_test\12.21 N3G10\w02\case_45e42035-642a-401b-bb86-90917e928696.fem,utf-8-sig,ok,4.0,0,1e-008,25,36,millimeters,planar,cartesian,0,17,7,6,1497,931,845,551,Air|Pure Iron|Copper|N40|Air|N40|Air,Air|Copper|N40|Pure Iron,A+|B+|C+|A-|B-|C-,"[{""name"":""A+"",""current_re"":""0""},{""name"":""B+"",""current_re"":""-8.6602540378443873""},{""name"":""C+"",""current_re"":""8.6602540378443855""},{""name"":""A-"",""current_re"":""0""},{""name"":""B-"",""current_re"":""8.6602540378443873""},{""name"":""C-"",""current_re"":""-8.6602540378443855""}]","[0.0,1.0,30.0,31.0]","[0.0,0.0,74.0,74.0]","[37.0,37.0]",a0d1602b025a4dfcb6434f498c7e50f7b7cbf05f6ebd0c778bb291831e2ceb43,
IA_test/12.21 N3G10/w02/case_5128b0bc-6616-42bc-948a-0526565a2964.fem,C:\Users\26096\Desktop\em\FP\IA_test\12.21 N3G10\w02\case_5128b0bc-6616-42bc-948a-0526565a2964.fem,utf-8-sig,ok,4.0,0,1e-008,25,36,millimeters,planar,cartesian,0,17,7,6,1497,931,845,551,Air|Pure Iron|Copper|N40|Air|N40|Air,Air|Copper|N40|Pure Iron,A+|B+|C+|A-|B-|C-,"[{""name"":""A+"",""current_re"":""0""},{""name"":""B+"",""current_re"":""-8.6602540378443873""},{""name"":""C+"",""current_re"":""8.6602540378443855""},{""name"":""A-"",""current_re"":""0""},{""name"":""B-"",""current_re"":""8.6602540378443873""},{""name"":""C-"",""current_re"":""-8.6602540378443855""}]","[0.0,1.0,30.0,31.0]","[0.0,0.0,74.0,74.0]","[37.0,37.0]",3403f8b18884db4f74ff2069b88de1e7bd80126ca0283d8e4cf572ca82c90ca9,
IA_test/12.21 N3G10/w02/case_54b7a8af-c961-4020-904c-27aee80cfda6.fem,C:\Users\26096\Desktop\em\FP\IA_test\12.21 N3G10\w02\case_54b7a8af-c961-4020-904c-27aee80cfda6.fem,utf-8-sig,ok,4.0,0,1e-008,25,36,millimeters,planar,cartesian,0,17,7,6,1497,931,845,551,Air|Pure Iron|Copper|N40|Air|N40|Air,Air|Copper|N40|Pure Iron,A+|B+|C+|A-|B-|C-,"[{""name"":""A+"",""current_re"":""0""},{""name"":""B+"",""current_re"":""-8.6602540378443873""},{""name"":""C+"",""current_re"":""8.6602540378443855""},{""name"":""A-"",""current_re"":""0""},{""name"":""B-"",""current_re"":""8.6602540378443873""},{""name"":""C-"",""current_re"":""-8.6602540378443855""}]","[0.0,1.0,30.0,31.0]","[0.0,0.0,74.0,74.0]","[37.0,37.0]",06cf772f02a774c5aae833dfc635d77382de0c3c7462486780175e80da99f249,
IA_test/12.21 N3G10/w02/case_5cb4e85c-14dd-444a-9cc3-965f42880507.fem,C:\Users\26096\Desktop\em\FP\IA_test\12.21 N3G10\w02\case_5cb4e85c-14dd-444a-9cc3-965f42880507.fem,utf-8-sig,ok,4.0,0,1e-008,25,36,millimeters,planar,cartesian,0,17,7,6,1497,931,845,551,Air|Pure Iron|Copper|N40|Air|N40|Air,Air|Copper|N40|Pure Iron,A+|B+|C+|A-|B-|C-,"[{""name"":""A+"",""current_re"":""0""},{""name"":""B+"",""current_re"":""-8.6602540378443873""},{""name"":""C+"",""current_re"":""8.6602540378443855""},{""name"":""A-"",""current_re"":""0""},{""name"":""B-"",""current_re"":""8.6602540378443873""},{""name"":""C-"",""current_re"":""-8.6602540378443855""}]","[0.0,1.0,30.0,31.0]","[0.0,0.0,74.0,74.0]","[37.0,37.0]",4c849b69269a879b7cae2d0548bdfb36dde7227abd22baf19aeebfa09b9a7f7f,
IA_test/12.21 N3G10/w02/case_6dc6b2ab-4d29-44fa-a85f-5e86f0132a64.fem,C:\Users\26096\Desktop\em\FP\IA_test\12.21 N3G10\w02\case_6dc6b2ab-4d29-44fa-a85f-5e86f0132a64.fem,utf-8-sig,ok,4.0,0,1e-008,25,36,millimeters,planar,cartesian,0,17,7,6,1497,931,845,551,Air|Pure Iron|Copper|N40|Air|N40|Air,Air|Copper|N40|Pure Iron,A+|B+|C+|A-|B-|C-,"[{""name"":""A+"",""current_re"":""0""},{""name"":""B+"",""current_re"":""-8.6602540378443873""},{""name"":""C+"",""current_re"":""8.6602540378443855""},{""name"":""A-"",""current_re"":""0""},{""name"":""B-"",""current_re"":""8.6602540378443873""},{""name"":""C-"",""current_re"":""-8.6602540378443855""}]","[0.0,1.0,30.0,31.0]","[0.0,0.0,74.0,74.0]","[37.0,37.0]",66592ae334bee7f471e5f582d0561590ede3bfae4d4112145bee1bbb718b6a20,
IA_test/12.21 N3G10/w02/case_6ea371ff-ec56-4ae1-90b7-9c6394e79cb8.fem,C:\Users\26096\Desktop\em\FP\IA_test\12.21 N3G10\w02\case_6ea371ff-ec56-4ae1-90b7-9c6394e79cb8.fem,utf-8-sig,ok,4.0,0,1e-008,25,36,millimeters,planar,cartesian,0,17,7,6,1497,931,845,551,Air|Pure Iron|Copper|N40|Air|N40|Air,Air|Copper|N40|Pure Iron,A+|B+|C+|A-|B-|C-,"[{""name"":""A+"",""current_re"":""0""},{""name"":""B+"",""current_re"":""-8.6602540378443873""},{""name"":""C+"",""current_re"":""8.6602540378443855""},{""name"":""A-"",""current_re"":""0""},{""name"":""B-"",""current_re"":""8.6602540378443873""},{""name"":""C-"",""current_re"":""-8.6602540378443855""}]","[0.0,1.0,30.0,31.0]","[0.0,0.0,74.0,74.0]","[37.0,37.0]",07b8ca368fd46a73b33f3588870a9a364e6830618538f638b07b6943a059535b,
IA_test/12.21 N3G10/w02/case_7406642a-8a7f-44e5-a919-9d6bdcdf667f.fem,C:\Users\26096\Desktop\em\FP\IA_test\12.21 N3G10\w02\case_7406642a-8a7f-44e5-a919-9d6bdcdf667f.fem,utf-8-sig,ok,4.0,0,1e-008,25,36,millimeters,planar,cartesian,0,17,7,6,1497,931,845,551,Air|Pure Iron|Copper|N40|Air|N40|Air,Air|Copper|N40|Pure Iron,A+|B+|C+|A-|B-|C-,"[{""name"":""A+"",""current_re"":""0""},{""name"":""B+"",""current_re"":""-8.6602540378443873""},{""name"":""C+"",""current_re"":""8.6602540378443855""},{""name"":""A-"",""current_re"":""0""},{""name"":""B-"",""current_re"":""8.6602540378443873""},{""name"":""C-"",""current_re"":""-8.6602540378443855""}]","[0.0,1.0,30.0,31.0]","[0.0,0.0,74.0,74.0]","[37.0,37.0]",d3a0933c14deb14cd8f37cf7214a189d206578be825719e8c97f53de9248dae1,
IA_test/12.21 N3G10/w02/case_749129f2-9526-483c-aeb7-23858e7b0e59.fem,C:\Users\26096\Desktop\em\FP\IA_test\12.21 N3G10\w02\case_749129f2-9526-483c-aeb7-23858e7b0e59.fem,utf-8-sig,ok,4.0,0,1e-008,25,36,millimeters,planar,cartesian,0,17,7,6,1497,931,845,551,Air|Pure Iron|Copper|N40|Air|N40|Air,Air|Copper|N40|Pure Iron,A+|B+|C+|A-|B-|C-,"[{""name"":""A+"",""current_re"":""0""},{""name"":""B+"",""current_re"":""-8.6602540378443873""},{""name"":""C+"",""current_re"":""8.6602540378443855""},{""name"":""A-"",""current_re"":""0""},{""name"":""B-"",""current_re"":""8.6602540378443873""},{""name"":""C-"",""current_re"":""-8.6602540378443855""}]","[0.0,1.0,30.0,31.0]","[0.0,0.0,74.0,74.0]","[37.0,37.0]",4e5f2e9e19b5a06c8d687c43d6f12ba81bde5fd2b3b65fceb471434a89df11b1,
IA_test/12.21 N3G10/w02/case_85e13400-b93f-41d7-a022-6af54ca5fdf6.fem,C:\Users\26096\Desktop\em\FP\IA_test\12.21 N3G10\w02\case_85e13400-b93f-41d7-a022-6af54ca5fdf6.fem,utf-8-sig,ok,4.0,0,1e-008,25,36,millimeters,planar,cartesian,0,17,7,6,1497,931,845,551,Air|Pure Iron|Copper|N40|Air|N40|Air,Air|Copper|N40|Pure Iron,A+|B+|C+|A-|B-|C-,"[{""name"":""A+"",""current_re"":""0""},{""name"":""B+"",""current_re"":""-8.6602540378443873""},{""name"":""C+"",""current_re"":""8.6602540378443855""},{""name"":""A-"",""current_re"":""0""},{""name"":""B-"",""current_re"":""8.6602540378443873""},{""name"":""C-"",""current_re"":""-8.6602540378443855""}]","[0.0,1.0,30.0,31.0]","[0.0,0.0,74.0,74.0]","[37.0,37.0]",35edeef29ff4ad67585e4afce33779d072cb2fc7d94d2958f00d1ee873ab6261,
IA_test/12.21 N3G10/w02/case_8b670471-529a-4d49-9e45-f711c972ed03.fem,C:\Users\26096\Desktop\em\FP\IA_test\12.21 N3G10\w02\case_8b670471-529a-4d49-9e45-f711c972ed03.fem,utf-8-sig,ok,4.0,0,1e-008,25,36,millimeters,planar,cartesian,0,17,7,6,1497,931,845,551,Air|Pure Iron|Copper|N40|Air|N40|Air,Air|Copper|N40|Pure Iron,A+|B+|C+|A-|B-|C-,"[{""name"":""A+"",""current_re"":""0""},{""name"":""B+"",""current_re"":""-8.6602540378443873""},{""name"":""C+"",""current_re"":""8.6602540378443855""},{""name"":""A-"",""current_re"":""0""},{""name"":""B-"",""current_re"":""8.6602540378443873""},{""name"":""C-"",""current_re"":""-8.6602540378443855""}]","[0.0,1.0,30.0,31.0]","[0.0,0.0,74.0,74.0]","[37.0,37.0]",b80de2bd289d7f948b5fd7e1a83d230c27cda21c29fd90286bf56739d0446ed2,
IA_test/12.21 N3G10/w02/case_9ea14e95-b1d5-4690-b666-91fd603a3230.fem,C:\Users\26096\Desktop\em\FP\IA_test\12.21 N3G10\w02\case_9ea14e95-b1d5-4690-b666-91fd603a3230.fem,utf-8-sig,ok,4.0,0,1e-008,25,36,millimeters,planar,cartesian,0,17,7,6,1497,931,845,551,Air|Pure Iron|Copper|N40|Air|N40|Air,Air|Copper|N40|Pure Iron,A+|B+|C+|A-|B-|C-,"[{""name"":""A+"",""current_re"":""0""},{""name"":""B+"",""current_re"":""-8.6602540378443873""},{""name"":""C+"",""current_re"":""8.6602540378443855""},{""name"":""A-"",""current_re"":""0""},{""name"":""B-"",""current_re"":""8.6602540378443873""},{""name"":""C-"",""current_re"":""-8.6602540378443855""}]","[0.0,1.0,30.0,31.0]","[0.0,0.0,74.0,74.0]","[37.0,37.0]",b93827f85b426d7e9d54dfdd65f552379070b4008e5a1dac2153e250ef3a7f1e,
IA_test/12.21 N3G10/w02/case_a15f2e35-e60e-4aed-9a5f-94ee4990f15c.fem,C:\Users\26096\Desktop\em\FP\IA_test\12.21 N3G10\w02\case_a15f2e35-e60e-4aed-9a5f-94ee4990f15c.fem,utf-8-sig,ok,4.0,0,1e-008,25,36,millimeters,planar,cartesian,0,17,7,6,1497,931,845,551,Air|Pure Iron|Copper|N40|Air|N40|Air,Air|Copper|N40|Pure Iron,A+|B+|C+|A-|B-|C-,"[{""name"":""A+"",""current_re"":""0""},{""name"":""B+"",""current_re"":""-8.6602540378443873""},{""name"":""C+"",""current_re"":""8.6602540378443855""},{""name"":""A-"",""current_re"":""0""},{""name"":""B-"",""current_re"":""8.6602540378443873""},{""name"":""C-"",""current_re"":""-8.6602540378443855""}]","[0.0,1.0,30.0,31.0]","[0.0,0.0,74.0,74.0]","[37.0,37.0]",03b57c4df118c09cacdc6fa2687bc0394df92c4a02f0e25ed2cc58dac65f21f3,
IA_test/12.21 N3G10/w02/case_a7ecd80d-fb62-407c-b380-670fa66c3f66.fem,C:\Users\26096\Desktop\em\FP\IA_test\12.21 N3G10\w02\case_a7ecd80d-fb62-407c-b380-670fa66c3f66.fem,utf-8-sig,ok,4.0,0,1e-008,25,36,millimeters,planar,cartesian,0,17,7,6,1497,931,845,551,Air|Pure Iron|Copper|N40|Air|N40|Air,Air|Copper|N40|Pure Iron,A+|B+|C+|A-|B-|C-,"[{""name"":""A+"",""current_re"":""0""},{""name"":""B+"",""current_re"":""-8.6602540378443873""},{""name"":""C+"",""current_re"":""8.6602540378443855""},{""name"":""A-"",""current_re"":""0""},{""name"":""B-"",""current_re"":""8.6602540378443873""},{""name"":""C-"",""current_re"":""-8.6602540378443855""}]","[0.0,1.0,30.0,31.0]","[0.0,0.0,74.0,74.0]","[37.0,37.0]",a12266317eb56f60ada3fe7f3174a1694909e47d30214bd1a46681fe16e7be56,
IA_test/12.21 N3G10/w02/case_b387b2c3-8c37-4860-bddb-cac9004396a6.fem,C:\Users\26096\Desktop\em\FP\IA_test\12.21 N3G10\w02\case_b387b2c3-8c37-4860-bddb-cac9004396a6.fem,utf-8-sig,ok,4.0,0,1e-008,25,36,millimeters,planar,cartesian,0,17,7,6,1497,931,845,551,Air|Pure Iron|Copper|N40|Air|N40|Air,Air|Copper|N40|Pure Iron,A+|B+|C+|A-|B-|C-,"[{""name"":""A+"",""current_re"":""0""},{""name"":""B+"",""current_re"":""-8.6602540378443873""},{""name"":""C+"",""current_re"":""8.6602540378443855""},{""name"":""A-"",""current_re"":""0""},{""name"":""B-"",""current_re"":""8.6602540378443873""},{""name"":""C-"",""current_re"":""-8.6602540378443855""}]","[0.0,1.0,30.0,31.0]","[0.0,0.0,74.0,74.0]","[37.0,37.0]",5468ecf4e4e3b2cb03ac275e1be110d2000253e85b92074b62886bee97fcdbb5,
IA_test/12.21 N3G10/w02/case_bbd260f1-8d6a-4e88-bc2a-800810968b5c.fem,C:\Users\26096\Desktop\em\FP\IA_test\12.21 N3G10\w02\case_bbd260f1-8d6a-4e88-bc2a-800810968b5c.fem,utf-8-sig,ok,4.0,0,1e-008,25,36,millimeters,planar,cartesian,0,17,7,6,1497,931,845,551,Air|Pure Iron|Copper|N40|Air|N40|Air,Air|Copper|N40|Pure Iron,A+|B+|C+|A-|B-|C-,"[{""name"":""A+"",""current_re"":""0""},{""name"":""B+"",""current_re"":""-8.6602540378443873""},{""name"":""C+"",""current_re"":""8.6602540378443855""},{""name"":""A-"",""current_re"":""0""},{""name"":""B-"",""current_re"":""8.6602540378443873""},{""name"":""C-"",""current_re"":""-8.6602540378443855""}]","[0.0,1.0,30.0,31.0]","[0.0,0.0,74.0,74.0]","[37.0,37.0]",b7159bbe92384c3536d744da8fd19e952bafb6498f302a9536994b437d8ad5d7,
IA_test/12.21 N3G10/w02/case_bc015e21-0860-4f7a-99ed-3a22058d8ee7.fem,C:\Users\26096\Desktop\em\FP\IA_test\12.21 N3G10\w02\case_bc015e21-0860-4f7a-99ed-3a22058d8ee7.fem,utf-8-sig,ok,4.0,0,1e-008,25,36,millimeters,planar,cartesian,0,17,7,6,1497,931,845,551,Air|Pure Iron|Copper|N40|Air|N40|Air,Air|Copper|N40|Pure Iron,A+|B+|C+|A-|B-|C-,"[{""name"":""A+"",""current_re"":""0""},{""name"":""B+"",""current_re"":""-8.6602540378443873""},{""name"":""C+"",""current_re"":""8.6602540378443855""},{""name"":""A-"",""current_re"":""0""},{""name"":""B-"",""current_re"":""8.6602540378443873""},{""name"":""C-"",""current_re"":""-8.6602540378443855""}]","[0.0,1.0,30.0,31.0]","[0.0,0.0,74.0,74.0]","[37.0,37.0]",bbb21e0373879c6ba77484c3b90dd56d2b4e8a930a321db6674fddef7d2709bb,
IA_test/12.21 N3G10/w02/case_bd182655-75e0-4b80-8bad-90b1cb383d32.fem,C:\Users\26096\Desktop\em\FP\IA_test\12.21 N3G10\w02\case_bd182655-75e0-4b80-8bad-90b1cb383d32.fem,utf-8-sig,ok,4.0,0,1e-008,25,36,millimeters,planar,cartesian,0,17,7,6,1497,931,845,551,Air|Pure Iron|Copper|N40|Air|N40|Air,Air|Copper|N40|Pure Iron,A+|B+|C+|A-|B-|C-,"[{""name"":""A+"",""current_re"":""0""},{""name"":""B+"",""current_re"":""-8.6602540378443873""},{""name"":""C+"",""current_re"":""8.6602540378443855""},{""name"":""A-"",""current_re"":""0""},{""name"":""B-"",""current_re"":""8.6602540378443873""},{""name"":""C-"",""current_re"":""-8.6602540378443855""}]","[0.0,1.0,30.0,31.0]","[0.0,0.0,74.0,74.0]","[37.0,37.0]",544d91580b39e71c2b60acb998732d314c1654b3e072b068f2d5add957d188a6,
IA_test/12.21 N3G10/w02/case_bf096598-6d7f-40f1-baff-576a499c62f8.fem,C:\Users\26096\Desktop\em\FP\IA_test\12.21 N3G10\w02\case_bf096598-6d7f-40f1-baff-576a499c62f8.fem,utf-8-sig,ok,4.0,0,1e-008,25,36,millimeters,planar,cartesian,0,17,7,6,1497,931,845,551,Air|Pure Iron|Copper|N40|Air|N40|Air,Air|Copper|N40|Pure Iron,A+|B+|C+|A-|B-|C-,"[{""name"":""A+"",""current_re"":""0""},{""name"":""B+"",""current_re"":""-8.6602540378443873""},{""name"":""C+"",""current_re"":""8.6602540378443855""},{""name"":""A-"",""current_re"":""0""},{""name"":""B-"",""current_re"":""8.6602540378443873""},{""name"":""C-"",""current_re"":""-8.6602540378443855""}]","[0.0,1.0,30.0,31.0]","[0.0,0.0,74.0,74.0]","[37.0,37.0]",e1ae60c06a0faa205e5ab7096642af255fc2b8cec518631afdd4018570081c32,
IA_test/12.21 N3G10/w02/case_c876b0c1-ceff-482e-9d89-1d2d2ed0610a.fem,C:\Users\26096\Desktop\em\FP\IA_test\12.21 N3G10\w02\case_c876b0c1-ceff-482e-9d89-1d2d2ed0610a.fem,utf-8-sig,ok,4.0,0,1e-008,25,36,millimeters,planar,cartesian,0,17,7,6,1497,931,845,551,Air|Pure Iron|Copper|N40|Air|N40|Air,Air|Copper|N40|Pure Iron,A+|B+|C+|A-|B-|C-,"[{""name"":""A+"",""current_re"":""0""},{""name"":""B+"",""current_re"":""-8.6602540378443873""},{""name"":""C+"",""current_re"":""8.6602540378443855""},{""name"":""A-"",""current_re"":""0""},{""name"":""B-"",""current_re"":""8.6602540378443873""},{""name"":""C-"",""current_re"":""-8.6602540378443855""}]","[0.0,1.0,30.0,31.0]","[0.0,0.0,74.0,74.0]","[37.0,37.0]",4c849b69269a879b7cae2d0548bdfb36dde7227abd22baf19aeebfa09b9a7f7f,
IA_test/12.21 N3G10/w02/case_ce520cd2-7cf9-421b-ba62-b8af3d02a342.fem,C:\Users\26096\Desktop\em\FP\IA_test\12.21 N3G10\w02\case_ce520cd2-7cf9-421b-ba62-b8af3d02a342.fem,utf-8-sig,ok,4.0,0,1e-008,25,36,millimeters,planar,cartesian,0,17,7,6,1497,931,845,551,Air|Pure Iron|Copper|N40|Air|N40|Air,Air|Copper|N40|Pure Iron,A+|B+|C+|A-|B-|C-,"[{""name"":""A+"",""current_re"":""0""},{""name"":""B+"",""current_re"":""-8.6602540378443873""},{""name"":""C+"",""current_re"":""8.6602540378443855""},{""name"":""A-"",""current_re"":""0""},{""name"":""B-"",""current_re"":""8.6602540378443873""},{""name"":""C-"",""current_re"":""-8.6602540378443855""}]","[0.0,1.0,30.0,31.0]","[0.0,0.0,74.0,74.0]","[37.0,37.0]",e38001baea8e4ec5c497eb53d9d619635d3315f4a947db02b852d809f1ad771e,
IA_test/12.21 N3G10/w02/case_cfab5013-eb64-4989-a962-dd508f6cb161.fem,C:\Users\26096\Desktop\em\FP\IA_test\12.21 N3G10\w02\case_cfab5013-eb64-4989-a962-dd508f6cb161.fem,utf-8-sig,ok,4.0,0,1e-008,25,36,millimeters,planar,cartesian,0,17,7,6,1497,931,845,551,Air|Pure Iron|Copper|N40|Air|N40|Air,Air|Copper|N40|Pure Iron,A+|B+|C+|A-|B-|C-,"[{""name"":""A+"",""current_re"":""0""},{""name"":""B+"",""current_re"":""-8.6602540378443873""},{""name"":""C+"",""current_re"":""8.6602540378443855""},{""name"":""A-"",""current_re"":""0""},{""name"":""B-"",""current_re"":""8.6602540378443873""},{""name"":""C-"",""current_re"":""-8.6602540378443855""}]","[0.0,1.0,30.0,31.0]","[0.0,0.0,74.0,74.0]","[37.0,37.0]",11d631e268ed4bdb6ebc8b3d55c2323d745abd29e8125e94eb178bec778f8eee,
IA_test/12.21 N3G10/w02/case_e4af992a-7c33-4699-bed8-01c1709c43ce.fem,C:\Users\26096\Desktop\em\FP\IA_test\12.21 N3G10\w02\case_e4af992a-7c33-4699-bed8-01c1709c43ce.fem,utf-8-sig,ok,4.0,0,1e-008,25,36,millimeters,planar,cartesian,0,17,7,6,1497,931,845,551,Air|Pure Iron|Copper|N40|Air|N40|Air,Air|Copper|N40|Pure Iron,A+|B+|C+|A-|B-|C-,"[{""name"":""A+"",""current_re"":""0""},{""name"":""B+"",""current_re"":""-8.6602540378443873""},{""name"":""C+"",""current_re"":""8.6602540378443855""},{""name"":""A-"",""current_re"":""0""},{""name"":""B-"",""current_re"":""8.6602540378443873""},{""name"":""C-"",""current_re"":""-8.6602540378443855""}]","[0.0,1.0,30.0,31.0]","[0.0,0.0,74.0,74.0]","[37.0,37.0]",9928ae19decad727273bdcca41a3005455cca2df80a1f65723bd35dca379b2d6,
IA_test/12.21 N3G10/w02/case_f101242a-3f2d-456a-82aa-760b9fc8948a.fem,C:\Users\26096\Desktop\em\FP\IA_test\12.21 N3G10\w02\case_f101242a-3f2d-456a-82aa-760b9fc8948a.fem,utf-8-sig,ok,4.0,0,1e-008,25,36,millimeters,planar,cartesian,0,17,7,6,1497,931,845,551,Air|Pure Iron|Copper|N40|Air|N40|Air,Air|Copper|N40|Pure Iron,A+|B+|C+|A-|B-|C-,"[{""name"":""A+"",""current_re"":""0""},{""name"":""B+"",""current_re"":""-8.6602540378443873""},{""name"":""C+"",""current_re"":""8.6602540378443855""},{""name"":""A-"",""current_re"":""0""},{""name"":""B-"",""current_re"":""8.6602540378443873""},{""name"":""C-"",""current_re"":""-8.6602540378443855""}]","[0.0,1.0,30.0,31.0]","[0.0,0.0,74.0,74.0]","[37.0,37.0]",c0e54b1466531a00a902d037622c55ad07877d05a7a2d644d3c8047c90a0aeef,
IA_test/12.21 N3G10/w02/case_f1aab01c-3f34-43bd-b140-90988461ff8b.fem,C:\Users\26096\Desktop\em\FP\IA_test\12.21 N3G10\w02\case_f1aab01c-3f34-43bd-b140-90988461ff8b.fem,utf-8-sig,ok,4.0,0,1e-008,25,36,millimeters,planar,cartesian,0,17,7,6,1497,931,845,551,Air|Pure Iron|Copper|N40|Air|N40|Air,Air|Copper|N40|Pure Iron,A+|B+|C+|A-|B-|C-,"[{""name"":""A+"",""current_re"":""0""},{""name"":""B+"",""current_re"":""-8.6602540378443873""},{""name"":""C+"",""current_re"":""8.6602540378443855""},{""name"":""A-"",""current_re"":""0""},{""name"":""B-"",""current_re"":""8.6602540378443873""},{""name"":""C-"",""current_re"":""-8.6602540378443855""}]","[0.0,1.0,30.0,31.0]","[0.0,0.0,74.0,74.0]","[37.0,37.0]",12ddc7c411cfa2228213ac19e79172954d627c88d842d453b4ea78c0faad96b8,
IA_test/12.21 N3G10/w02/case_fea96c20-f768-4d65-83bf-57b62578b9b1.fem,C:\Users\26096\Desktop\em\FP\IA_test\12.21 N3G10\w02\case_fea96c20-f768-4d65-83bf-57b62578b9b1.fem,utf-8-sig,ok,4.0,0,1e-008,25,36,millimeters,planar,cartesian,0,17,7,6,1497,931,845,551,Air|Pure Iron|Copper|N40|Air|N40|Air,Air|Copper|N40|Pure Iron,A+|B+|C+|A-|B-|C-,"[{""name"":""A+"",""current_re"":""0""},{""name"":""B+"",""current_re"":""-8.6602540378443873""},{""name"":""C+"",""current_re"":""8.6602540378443855""},{""name"":""A-"",""current_re"":""0""},{""name"":""B-"",""current_re"":""8.6602540378443873""},{""name"":""C-"",""current_re"":""-8.6602540378443855""}]","[0.0,1.0,30.0,31.0]","[0.0,0.0,74.0,74.0]","[37.0,37.0]",a34deb3e6061e99a6cfeccd1e592af58e672c1732dbe3bc2d634ae71b3478b26,
IA_test/12.21 N3G10/w03/blank_inset_9x5_w03.fem,C:\Users\26096\Desktop\em\FP\IA_test\12.21 N3G10\w03\blank_inset_9x5_w03.fem,utf-8-sig,ok,4.0,0,1e-008,25,36,millimeters,planar,cartesian,0,17,7,6,1497,931,845,11,Air|Pure Iron|Copper|N40|Air|N40|Air,Air|N40|Pure Iron,A+|B+|C+|A-|B-|C-,"[{""name"":""A+"",""current_re"":""0""},{""name"":""B+"",""current_re"":""0""},{""name"":""C+"",""current_re"":""0""},{""name"":""A-"",""current_re"":""0""},{""name"":""B-"",""current_re"":""0""},{""name"":""C-"",""current_re"":""0""}]","[0.0,1.0]","[0.0,0.0,74.0,74.0]","[37.0,37.0]",da31af969f63643f1190d05509be74dd70e893449609a65a7eab6ba01fbad4be,
IA_test/12.21 N3G10/w03/case_000001.fem,C:\Users\26096\Desktop\em\FP\IA_test\12.21 N3G10\w03\case_000001.fem,utf-8-sig,ok,4.0,0,1e-008,25,36,millimeters,planar,cartesian,0,17,7,6,1497,931,845,551,Air|Pure Iron|Copper|N40|Air|N40|Air,Air|Copper|N40|Pure Iron,A+|B+|C+|A-|B-|C-,"[{""name"":""A+"",""current_re"":""0""},{""name"":""B+"",""current_re"":""-8.6602540378443873""},{""name"":""C+"",""current_re"":""8.6602540378443855""},{""name"":""A-"",""current_re"":""0""},{""name"":""B-"",""current_re"":""8.6602540378443873""},{""name"":""C-"",""current_re"":""-8.6602540378443855""}]","[0.0,1.0,30.0,31.0]","[0.0,0.0,74.0,74.0]","[37.0,37.0]",0c2d71ffa6b7e0ba62cee242e30779dceaeaa796d97c72677c7b932f3dbb062d,
IA_test/12.21 N3G10/w03/case_0110943c-ca16-4544-815a-5016dd1279f1.fem,C:\Users\26096\Desktop\em\FP\IA_test\12.21 N3G10\w03\case_0110943c-ca16-4544-815a-5016dd1279f1.fem,utf-8-sig,ok,4.0,0,1e-008,25,36,millimeters,planar,cartesian,0,17,7,6,1497,931,845,551,Air|Pure Iron|Copper|N40|Air|N40|Air,Air|Copper|N40|Pure Iron,A+|B+|C+|A-|B-|C-,"[{""name"":""A+"",""current_re"":""0""},{""name"":""B+"",""current_re"":""-8.6602540378443873""},{""name"":""C+"",""current_re"":""8.6602540378443855""},{""name"":""A-"",""current_re"":""0""},{""name"":""B-"",""current_re"":""8.6602540378443873""},{""name"":""C-"",""current_re"":""-8.6602540378443855""}]","[0.0,1.0,30.0,31.0]","[0.0,0.0,74.0,74.0]","[37.0,37.0]",35edeef29ff4ad67585e4afce33779d072cb2fc7d94d2958f00d1ee873ab6261,
IA_test/12.21 N3G10/w03/case_07b5eb98-9a38-4771-b597-00e1c31895b2.fem,C:\Users\26096\Desktop\em\FP\IA_test\12.21 N3G10\w03\case_07b5eb98-9a38-4771-b597-00e1c31895b2.fem,utf-8-sig,ok,4.0,0,1e-008,25,36,millimeters,planar,cartesian,0,17,7,6,1497,931,845,551,Air|Pure Iron|Copper|N40|Air|N40|Air,Air|Copper|N40|Pure Iron,A+|B+|C+|A-|B-|C-,"[{""name"":""A+"",""current_re"":""0""},{""name"":""B+"",""current_re"":""-8.6602540378443873""},{""name"":""C+"",""current_re"":""8.6602540378443855""},{""name"":""A-"",""current_re"":""0""},{""name"":""B-"",""current_re"":""8.6602540378443873""},{""name"":""C-"",""current_re"":""-8.6602540378443855""}]","[0.0,1.0,30.0,31.0]","[0.0,0.0,74.0,74.0]","[37.0,37.0]",f019049abe618298bed3adea378e1e4fcb0bbadfbb05c19c611e71420706228b,
IA_test/12.21 N3G10/w03/case_0b166cbf-45e8-4aa7-9bcb-a44f87362407.fem,C:\Users\26096\Desktop\em\FP\IA_test\12.21 N3G10\w03\case_0b166cbf-45e8-4aa7-9bcb-a44f87362407.fem,utf-8-sig,ok,4.0,0,1e-008,25,36,millimeters,planar,cartesian,0,17,7,6,1497,931,845,551,Air|Pure Iron|Copper|N40|Air|N40|Air,Air|Copper|N40|Pure Iron,A+|B+|C+|A-|B-|C-,"[{""name"":""A+"",""current_re"":""0""},{""name"":""B+"",""current_re"":""-8.6602540378443873""},{""name"":""C+"",""current_re"":""8.6602540378443855""},{""name"":""A-"",""current_re"":""0""},{""name"":""B-"",""current_re"":""8.6602540378443873""},{""name"":""C-"",""current_re"":""-8.6602540378443855""}]","[0.0,1.0,30.0,31.0]","[0.0,0.0,74.0,74.0]","[37.0,37.0]",4b9391cdde7e9ddeda8bbcdd401183fc622ce5b0df5d7f25295fa826ec730f22,
IA_test/12.21 N3G10/w03/case_0be1acca-91d2-4158-98fd-0fd1eb36f24d.fem,C:\Users\26096\Desktop\em\FP\IA_test\12.21 N3G10\w03\case_0be1acca-91d2-4158-98fd-0fd1eb36f24d.fem,utf-8-sig,ok,4.0,0,1e-008,25,36,millimeters,planar,cartesian,0,17,7,6,1497,931,845,551,Air|Pure Iron|Copper|N40|Air|N40|Air,Air|Copper|N40|Pure Iron,A+|B+|C+|A-|B-|C-,"[{""name"":""A+"",""current_re"":""0""},{""name"":""B+"",""current_re"":""-8.6602540378443873""},{""name"":""C+"",""current_re"":""8.6602540378443855""},{""name"":""A-"",""current_re"":""0""},{""name"":""B-"",""current_re"":""8.6602540378443873""},{""name"":""C-"",""current_re"":""-8.6602540378443855""}]","[0.0,1.0,30.0,31.0]","[0.0,0.0,74.0,74.0]","[37.0,37.0]",aff372fc134d45fd08cc46f5d10f9f17e7c1211d7d33403da4613a6538409248,
IA_test/12.21 N3G10/w03/case_1bb73884-c37c-428d-a599-1a10b170ec9a.fem,C:\Users\26096\Desktop\em\FP\IA_test\12.21 N3G10\w03\case_1bb73884-c37c-428d-a599-1a10b170ec9a.fem,utf-8-sig,ok,4.0,0,1e-008,25,36,millimeters,planar,cartesian,0,17,7,6,1497,931,845,551,Air|Pure Iron|Copper|N40|Air|N40|Air,Air|Copper|N40|Pure Iron,A+|B+|C+|A-|B-|C-,"[{""name"":""A+"",""current_re"":""0""},{""name"":""B+"",""current_re"":""-8.6602540378443873""},{""name"":""C+"",""current_re"":""8.6602540378443855""},{""name"":""A-"",""current_re"":""0""},{""name"":""B-"",""current_re"":""8.6602540378443873""},{""name"":""C-"",""current_re"":""-8.6602540378443855""}]","[0.0,1.0,30.0,31.0]","[0.0,0.0,74.0,74.0]","[37.0,37.0]",537da3842c3f4b0823c1ad1d67b7d3385711ed250e8c251efc38c343da6136bc,
IA_test/12.21 N3G10/w03/case_271d3202-ee3a-4537-8732-f53064677824.fem,C:\Users\26096\Desktop\em\FP\IA_test\12.21 N3G10\w03\case_271d3202-ee3a-4537-8732-f53064677824.fem,utf-8-sig,ok,4.0,0,1e-008,25,36,millimeters,planar,cartesian,0,17,7,6,1497,931,845,551,Air|Pure Iron|Copper|N40|Air|N40|Air,Air|Copper|N40|Pure Iron,A+|B+|C+|A-|B-|C-,"[{""name"":""A+"",""current_re"":""0""},{""name"":""B+"",""current_re"":""-8.6602540378443873""},{""name"":""C+"",""current_re"":""8.6602540378443855""},{""name"":""A-"",""current_re"":""0""},{""name"":""B-"",""current_re"":""8.6602540378443873""},{""name"":""C-"",""current_re"":""-8.6602540378443855""}]","[0.0,1.0,30.0,31.0]","[0.0,0.0,74.0,74.0]","[37.0,37.0]",f53df42e40f72bb513d2b24549aec42fbbb89d84b424896f22507fec85ab6ac3,
IA_test/12.21 N3G10/w03/case_2c3e8022-90a4-4ebd-9982-43ab040c88e4.fem,C:\Users\26096\Desktop\em\FP\IA_test\12.21 N3G10\w03\case_2c3e8022-90a4-4ebd-9982-43ab040c88e4.fem,utf-8-sig,ok,4.0,0,1e-008,25,36,millimeters,planar,cartesian,0,17,7,6,1497,931,845,551,Air|Pure Iron|Copper|N40|Air|N40|Air,Air|Copper|N40|Pure Iron,A+|B+|C+|A-|B-|C-,"[{""name"":""A+"",""current_re"":""0""},{""name"":""B+"",""current_re"":""-8.6602540378443873""},{""name"":""C+"",""current_re"":""8.6602540378443855""},{""name"":""A-"",""current_re"":""0""},{""name"":""B-"",""current_re"":""8.6602540378443873""},{""name"":""C-"",""current_re"":""-8.6602540378443855""}]","[0.0,1.0,30.0,31.0]","[0.0,0.0,74.0,74.0]","[37.0,37.0]",12d2795ec5daf1370162d75c46193bb42b7ec31c8c0609a3e2b7fc45a42ccf5d,
IA_test/12.21 N3G10/w03/case_30613252-6f1a-436a-953b-92a27e8260e4.fem,C:\Users\26096\Desktop\em\FP\IA_test\12.21 N3G10\w03\case_30613252-6f1a-436a-953b-92a27e8260e4.fem,utf-8-sig,ok,4.0,0,1e-008,25,36,millimeters,planar,cartesian,0,17,7,6,1497,931,845,551,Air|Pure Iron|Copper|N40|Air|N40|Air,Air|Copper|N40|Pure Iron,A+|B+|C+|A-|B-|C-,"[{""name"":""A+"",""current_re"":""0""},{""name"":""B+"",""current_re"":""-8.6602540378443873""},{""name"":""C+"",""current_re"":""8.6602540378443855""},{""name"":""A-"",""current_re"":""0""},{""name"":""B-"",""current_re"":""8.6602540378443873""},{""name"":""C-"",""current_re"":""-8.6602540378443855""}]","[0.0,1.0,30.0,31.0]","[0.0,0.0,74.0,74.0]","[37.0,37.0]",15effe9e3b54ab83d29e170c7439e1612aeb451a3601c28b6c99195004c6303d,
IA_test/12.21 N3G10/w03/case_3a8b1934-4441-4d43-b8e7-96228efff4aa.fem,C:\Users\26096\Desktop\em\FP\IA_test\12.21 N3G10\w03\case_3a8b1934-4441-4d43-b8e7-96228efff4aa.fem,utf-8-sig,ok,4.0,0,1e-008,25,36,millimeters,planar,cartesian,0,17,7,6,1497,931,845,551,Air|Pure Iron|Copper|N40|Air|N40|Air,Air|Copper|N40|Pure Iron,A+|B+|C+|A-|B-|C-,"[{""name"":""A+"",""current_re"":""0""},{""name"":""B+"",""current_re"":""-8.6602540378443873""},{""name"":""C+"",""current_re"":""8.6602540378443855""},{""name"":""A-"",""current_re"":""0""},{""name"":""B-"",""current_re"":""8.6602540378443873""},{""name"":""C-"",""current_re"":""-8.6602540378443855""}]","[0.0,1.0,30.0,31.0]","[0.0,0.0,74.0,74.0]","[37.0,37.0]",0160f5d4cd49c477428894b242b041deeebc45a6ba5b3a49ab40ef14a0e98949,
IA_test/12.21 N3G10/w03/case_3bb26db5-3721-4b15-adf5-92e72e9c38d6.fem,C:\Users\26096\Desktop\em\FP\IA_test\12.21 N3G10\w03\case_3bb26db5-3721-4b15-adf5-92e72e9c38d6.fem,utf-8-sig,ok,4.0,0,1e-008,25,36,millimeters,planar,cartesian,0,17,7,6,1497,931,845,551,Air|Pure Iron|Copper|N40|Air|N40|Air,Air|Copper|N40|Pure Iron,A+|B+|C+|A-|B-|C-,"[{""name"":""A+"",""current_re"":""0""},{""name"":""B+"",""current_re"":""-8.6602540378443873""},{""name"":""C+"",""current_re"":""8.6602540378443855""},{""name"":""A-"",""current_re"":""0""},{""name"":""B-"",""current_re"":""8.6602540378443873""},{""name"":""C-"",""current_re"":""-8.6602540378443855""}]","[0.0,1.0,30.0,31.0]","[0.0,0.0,74.0,74.0]","[37.0,37.0]",dc62c73d7de5963724d12bfb5023ef229e00eaf319b2a0dabb50cbbdd6f78d64,
IA_test/12.21 N3G10/w03/case_4e22798d-f32f-4a70-80e5-5c7771b2b351.fem,C:\Users\26096\Desktop\em\FP\IA_test\12.21 N3G10\w03\case_4e22798d-f32f-4a70-80e5-5c7771b2b351.fem,utf-8-sig,ok,4.0,0,1e-008,25,36,millimeters,planar,cartesian,0,17,7,6,1497,931,845,551,Air|Pure Iron|Copper|N40|Air|N40|Air,Air|Copper|N40|Pure Iron,A+|B+|C+|A-|B-|C-,"[{""name"":""A+"",""current_re"":""0""},{""name"":""B+"",""current_re"":""-8.6602540378443873""},{""name"":""C+"",""current_re"":""8.6602540378443855""},{""name"":""A-"",""current_re"":""0""},{""name"":""B-"",""current_re"":""8.6602540378443873""},{""name"":""C-"",""current_re"":""-8.6602540378443855""}]","[0.0,1.0,30.0,31.0]","[0.0,0.0,74.0,74.0]","[37.0,37.0]",2310a613edb2d295dbbfe7712fc2a58d2188c767d1c3f7e04f47969137753efe,
IA_test/12.21 N3G10/w03/case_5f3baec7-3278-4e43-8895-de6c543775e4.fem,C:\Users\26096\Desktop\em\FP\IA_test\12.21 N3G10\w03\case_5f3baec7-3278-4e43-8895-de6c543775e4.fem,utf-8-sig,ok,4.0,0,1e-008,25,36,millimeters,planar,cartesian,0,17,7,6,1497,931,845,551,Air|Pure Iron|Copper|N40|Air|N40|Air,Air|Copper|N40|Pure Iron,A+|B+|C+|A-|B-|C-,"[{""name"":""A+"",""current_re"":""0""},{""name"":""B+"",""current_re"":""-8.6602540378443873""},{""name"":""C+"",""current_re"":""8.6602540378443855""},{""name"":""A-"",""current_re"":""0""},{""name"":""B-"",""current_re"":""8.6602540378443873""},{""name"":""C-"",""current_re"":""-8.6602540378443855""}]","[0.0,1.0,30.0,31.0]","[0.0,0.0,74.0,74.0]","[37.0,37.0]",a437c7a5c7008a878769ae4122fddb4905fbc151e76f10c4fdc12ece9bb18bb7,
IA_test/12.21 N3G10/w03/case_64b66201-8dd1-4c2d-afdb-407e2222b655.fem,C:\Users\26096\Desktop\em\FP\IA_test\12.21 N3G10\w03\case_64b66201-8dd1-4c2d-afdb-407e2222b655.fem,utf-8-sig,ok,4.0,0,1e-008,25,36,millimeters,planar,cartesian,0,17,7,6,1497,931,845,551,Air|Pure Iron|Copper|N40|Air|N40|Air,Air|Copper|N40|Pure Iron,A+|B+|C+|A-|B-|C-,"[{""name"":""A+"",""current_re"":""0""},{""name"":""B+"",""current_re"":""-8.6602540378443873""},{""name"":""C+"",""current_re"":""8.6602540378443855""},{""name"":""A-"",""current_re"":""0""},{""name"":""B-"",""current_re"":""8.6602540378443873""},{""name"":""C-"",""current_re"":""-8.6602540378443855""}]","[0.0,1.0,30.0,31.0]","[0.0,0.0,74.0,74.0]","[37.0,37.0]",e8b0686938e48eff7664baa3b287c757ecbc0d69014add83a0e975fc334047b5,
IA_test/12.21 N3G10/w03/case_656f7822-7a15-46b3-96da-19977c1d0d59.fem,C:\Users\26096\Desktop\em\FP\IA_test\12.21 N3G10\w03\case_656f7822-7a15-46b3-96da-19977c1d0d59.fem,utf-8-sig,ok,4.0,0,1e-008,25,36,millimeters,planar,cartesian,0,17,7,6,1497,931,845,551,Air|Pure Iron|Copper|N40|Air|N40|Air,Air|Copper|N40|Pure Iron,A+|B+|C+|A-|B-|C-,"[{""name"":""A+"",""current_re"":""0""},{""name"":""B+"",""current_re"":""-8.6602540378443873""},{""name"":""C+"",""current_re"":""8.6602540378443855""},{""name"":""A-"",""current_re"":""0""},{""name"":""B-"",""current_re"":""8.6602540378443873""},{""name"":""C-"",""current_re"":""-8.6602540378443855""}]","[0.0,1.0,30.0,31.0]","[0.0,0.0,74.0,74.0]","[37.0,37.0]",eb0757fbfd479d8c1ed4dd0fdbd4785094f9b9bc8add84c3ec05a966a981e15f,
IA_test/12.21 N3G10/w03/case_73a80977-7d67-41bf-95e0-c05f40cbb9e2.fem,C:\Users\26096\Desktop\em\FP\IA_test\12.21 N3G10\w03\case_73a80977-7d67-41bf-95e0-c05f40cbb9e2.fem,utf-8-sig,ok,4.0,0,1e-008,25,36,millimeters,planar,cartesian,0,17,7,6,1497,931,845,551,Air|Pure Iron|Copper|N40|Air|N40|Air,Air|Copper|N40|Pure Iron,A+|B+|C+|A-|B-|C-,"[{""name"":""A+"",""current_re"":""0""},{""name"":""B+"",""current_re"":""-8.6602540378443873""},{""name"":""C+"",""current_re"":""8.6602540378443855""},{""name"":""A-"",""current_re"":""0""},{""name"":""B-"",""current_re"":""8.6602540378443873""},{""name"":""C-"",""current_re"":""-8.6602540378443855""}]","[0.0,1.0,30.0,31.0]","[0.0,0.0,74.0,74.0]","[37.0,37.0]",03e783d726450620eb6302f263f99be3ef6317c582db0c5e0cd0cf39ee4f6c17,
IA_test/12.21 N3G10/w03/case_7e438ca1-c59d-463a-a10a-6d04b6f3b09e.fem,C:\Users\26096\Desktop\em\FP\IA_test\12.21 N3G10\w03\case_7e438ca1-c59d-463a-a10a-6d04b6f3b09e.fem,utf-8-sig,ok,4.0,0,1e-008,25,36,millimeters,planar,cartesian,0,17,7,6,1497,931,845,551,Air|Pure Iron|Copper|N40|Air|N40|Air,Air|Copper|N40|Pure Iron,A+|B+|C+|A-|B-|C-,"[{""name"":""A+"",""current_re"":""0""},{""name"":""B+"",""current_re"":""-8.6602540378443873""},{""name"":""C+"",""current_re"":""8.6602540378443855""},{""name"":""A-"",""current_re"":""0""},{""name"":""B-"",""current_re"":""8.6602540378443873""},{""name"":""C-"",""current_re"":""-8.6602540378443855""}]","[0.0,1.0,30.0,31.0]","[0.0,0.0,74.0,74.0]","[37.0,37.0]",f6e50ec8e0a0b17a61c6622a09d31346d82c4a8da6805a77c1e70935acd798d0,
IA_test/12.21 N3G10/w03/case_86d62f9a-dbfd-4195-8fd4-2ddf63b2c724.fem,C:\Users\26096\Desktop\em\FP\IA_test\12.21 N3G10\w03\case_86d62f9a-dbfd-4195-8fd4-2ddf63b2c724.fem,utf-8-sig,ok,4.0,0,1e-008,25,36,millimeters,planar,cartesian,0,17,7,6,1497,931,845,551,Air|Pure Iron|Copper|N40|Air|N40|Air,Air|Copper|N40|Pure Iron,A+|B+|C+|A-|B-|C-,"[{""name"":""A+"",""current_re"":""0""},{""name"":""B+"",""current_re"":""-8.6602540378443873""},{""name"":""C+"",""current_re"":""8.6602540378443855""},{""name"":""A-"",""current_re"":""0""},{""name"":""B-"",""current_re"":""8.6602540378443873""},{""name"":""C-"",""current_re"":""-8.6602540378443855""}]","[0.0,1.0,30.0,31.0]","[0.0,0.0,74.0,74.0]","[37.0,37.0]",26a8d4e594ea2923f17916acea8a1994d32dd9ecc0f281219ef7ca8197f386e4,
IA_test/12.21 N3G10/w03/case_91a9c760-b8d5-406b-984d-9d2d06311615.fem,C:\Users\26096\Desktop\em\FP\IA_test\12.21 N3G10\w03\case_91a9c760-b8d5-406b-984d-9d2d06311615.fem,utf-8-sig,ok,4.0,0,1e-008,25,36,millimeters,planar,cartesian,0,17,7,6,1497,931,845,551,Air|Pure Iron|Copper|N40|Air|N40|Air,Air|Copper|N40|Pure Iron,A+|B+|C+|A-|B-|C-,"[{""name"":""A+"",""current_re"":""0""},{""name"":""B+"",""current_re"":""-8.6602540378443873""},{""name"":""C+"",""current_re"":""8.6602540378443855""},{""name"":""A-"",""current_re"":""0""},{""name"":""B-"",""current_re"":""8.6602540378443873""},{""name"":""C-"",""current_re"":""-8.6602540378443855""}]","[0.0,1.0,30.0,31.0]","[0.0,0.0,74.0,74.0]","[37.0,37.0]",e38001baea8e4ec5c497eb53d9d619635d3315f4a947db02b852d809f1ad771e,
IA_test/12.21 N3G10/w03/case_9477881f-38d7-4bf2-978e-c5c0e1dd186c.fem,C:\Users\26096\Desktop\em\FP\IA_test\12.21 N3G10\w03\case_9477881f-38d7-4bf2-978e-c5c0e1dd186c.fem,utf-8-sig,ok,4.0,0,1e-008,25,36,millimeters,planar,cartesian,0,17,7,6,1497,931,845,551,Air|Pure Iron|Copper|N40|Air|N40|Air,Air|Copper|N40|Pure Iron,A+|B+|C+|A-|B-|C-,"[{""name"":""A+"",""current_re"":""0""},{""name"":""B+"",""current_re"":""-8.6602540378443873""},{""name"":""C+"",""current_re"":""8.6602540378443855""},{""name"":""A-"",""current_re"":""0""},{""name"":""B-"",""current_re"":""8.6602540378443873""},{""name"":""C-"",""current_re"":""-8.6602540378443855""}]","[0.0,1.0,30.0,31.0]","[0.0,0.0,74.0,74.0]","[37.0,37.0]",0f3620a94ac35d8ac42d17ad2387013a5a9166db941afc47d020162ba91b481e,
IA_test/12.21 N3G10/w03/case_94e02f76-4578-4c74-aac4-25161d0050e0.fem,C:\Users\26096\Desktop\em\FP\IA_test\12.21 N3G10\w03\case_94e02f76-4578-4c74-aac4-25161d0050e0.fem,utf-8-sig,ok,4.0,0,1e-008,25,36,millimeters,planar,cartesian,0,17,7,6,1497,931,845,551,Air|Pure Iron|Copper|N40|Air|N40|Air,Air|Copper|N40|Pure Iron,A+|B+|C+|A-|B-|C-,"[{""name"":""A+"",""current_re"":""0""},{""name"":""B+"",""current_re"":""-8.6602540378443873""},{""name"":""C+"",""current_re"":""8.6602540378443855""},{""name"":""A-"",""current_re"":""0""},{""name"":""B-"",""current_re"":""8.6602540378443873""},{""name"":""C-"",""current_re"":""-8.6602540378443855""}]","[0.0,1.0,30.0,31.0]","[0.0,0.0,74.0,74.0]","[37.0,37.0]",ed4339df3c7b909e33ef713d340bcf0c0b027576ca19fce424350d093096830a,
IA_test/12.21 N3G10/w03/case_a01e7cd3-4286-4e0f-9ec1-71ba10d5645d.fem,C:\Users\26096\Desktop\em\FP\IA_test\12.21 N3G10\w03\case_a01e7cd3-4286-4e0f-9ec1-71ba10d5645d.fem,utf-8-sig,ok,4.0,0,1e-008,25,36,millimeters,planar,cartesian,0,17,7,6,1497,931,845,551,Air|Pure Iron|Copper|N40|Air|N40|Air,Air|Copper|N40|Pure Iron,A+|B+|C+|A-|B-|C-,"[{""name"":""A+"",""current_re"":""0""},{""name"":""B+"",""current_re"":""-8.6602540378443873""},{""name"":""C+"",""current_re"":""8.6602540378443855""},{""name"":""A-"",""current_re"":""0""},{""name"":""B-"",""current_re"":""8.6602540378443873""},{""name"":""C-"",""current_re"":""-8.6602540378443855""}]","[0.0,1.0,30.0,31.0]","[0.0,0.0,74.0,74.0]","[37.0,37.0]",fd36dc6b5d0a4925d4916760f7c0cedc2ba707ce01f68090a475aaf3cda31e22,
IA_test/12.21 N3G10/w03/case_ac9126e5-a9bf-4997-929a-0d9737c68413.fem,C:\Users\26096\Desktop\em\FP\IA_test\12.21 N3G10\w03\case_ac9126e5-a9bf-4997-929a-0d9737c68413.fem,utf-8-sig,ok,4.0,0,1e-008,25,36,millimeters,planar,cartesian,0,17,7,6,1497,931,845,551,Air|Pure Iron|Copper|N40|Air|N40|Air,Air|Copper|N40|Pure Iron,A+|B+|C+|A-|B-|C-,"[{""name"":""A+"",""current_re"":""0""},{""name"":""B+"",""current_re"":""-8.6602540378443873""},{""name"":""C+"",""current_re"":""8.6602540378443855""},{""name"":""A-"",""current_re"":""0""},{""name"":""B-"",""current_re"":""8.6602540378443873""},{""name"":""C-"",""current_re"":""-8.6602540378443855""}]","[0.0,1.0,30.0,31.0]","[0.0,0.0,74.0,74.0]","[37.0,37.0]",163c3f0e6b5d4a9bd9dfc22476fa00cc710d27484f9591f637b726f2127deb6f,
IA_test/12.21 N3G10/w03/case_af6a0094-c542-4d31-a44b-c2971979232f.fem,C:\Users\26096\Desktop\em\FP\IA_test\12.21 N3G10\w03\case_af6a0094-c542-4d31-a44b-c2971979232f.fem,utf-8-sig,ok,4.0,0,1e-008,25,36,millimeters,planar,cartesian,0,17,7,6,1497,931,845,551,Air|Pure Iron|Copper|N40|Air|N40|Air,Air|Copper|N40|Pure Iron,A+|B+|C+|A-|B-|C-,"[{""name"":""A+"",""current_re"":""0""},{""name"":""B+"",""current_re"":""-8.6602540378443873""},{""name"":""C+"",""current_re"":""8.6602540378443855""},{""name"":""A-"",""current_re"":""0""},{""name"":""B-"",""current_re"":""8.6602540378443873""},{""name"":""C-"",""current_re"":""-8.6602540378443855""}]","[0.0,1.0,30.0,31.0]","[0.0,0.0,74.0,74.0]","[37.0,37.0]",16d55162f9fd386e177d11ad4d2611c47c640d698b7d2f9701d637a0ed7ff456,
IA_test/12.21 N3G10/w03/case_bab7e4ee-c4d4-4c2c-b4db-3d29785844db.fem,C:\Users\26096\Desktop\em\FP\IA_test\12.21 N3G10\w03\case_bab7e4ee-c4d4-4c2c-b4db-3d29785844db.fem,utf-8-sig,ok,4.0,0,1e-008,25,36,millimeters,planar,cartesian,0,17,7,6,1497,931,845,551,Air|Pure Iron|Copper|N40|Air|N40|Air,Air|Copper|N40|Pure Iron,A+|B+|C+|A-|B-|C-,"[{""name"":""A+"",""current_re"":""0""},{""name"":""B+"",""current_re"":""-8.6602540378443873""},{""name"":""C+"",""current_re"":""8.6602540378443855""},{""name"":""A-"",""current_re"":""0""},{""name"":""B-"",""current_re"":""8.6602540378443873""},{""name"":""C-"",""current_re"":""-8.6602540378443855""}]","[0.0,1.0,30.0,31.0]","[0.0,0.0,74.0,74.0]","[37.0,37.0]",eaba9949ed1efe5cd678cc5342be913d3ca9a40e0398834e911db0ac8dfb1942,
IA_test/12.21 N3G10/w03/case_c63bcd95-e4d0-47e8-a21b-734be9388415.fem,C:\Users\26096\Desktop\em\FP\IA_test\12.21 N3G10\w03\case_c63bcd95-e4d0-47e8-a21b-734be9388415.fem,utf-8-sig,ok,4.0,0,1e-008,25,36,millimeters,planar,cartesian,0,17,7,6,1497,931,845,551,Air|Pure Iron|Copper|N40|Air|N40|Air,Air|Copper|N40|Pure Iron,A+|B+|C+|A-|B-|C-,"[{""name"":""A+"",""current_re"":""0""},{""name"":""B+"",""current_re"":""-8.6602540378443873""},{""name"":""C+"",""current_re"":""8.6602540378443855""},{""name"":""A-"",""current_re"":""0""},{""name"":""B-"",""current_re"":""8.6602540378443873""},{""name"":""C-"",""current_re"":""-8.6602540378443855""}]","[0.0,1.0,30.0,31.0]","[0.0,0.0,74.0,74.0]","[37.0,37.0]",608319b86d1d82113a949cd74fd874db7c56e527a9cb8c55106b71c93f40fa42,
IA_test/12.21 N3G10/w03/case_d02dea35-b420-4c03-8df6-c4477e5b8130.fem,C:\Users\26096\Desktop\em\FP\IA_test\12.21 N3G10\w03\case_d02dea35-b420-4c03-8df6-c4477e5b8130.fem,utf-8-sig,ok,4.0,0,1e-008,25,36,millimeters,planar,cartesian,0,17,7,6,1497,931,845,551,Air|Pure Iron|Copper|N40|Air|N40|Air,Air|Copper|N40|Pure Iron,A+|B+|C+|A-|B-|C-,"[{""name"":""A+"",""current_re"":""0""},{""name"":""B+"",""current_re"":""-8.6602540378443873""},{""name"":""C+"",""current_re"":""8.6602540378443855""},{""name"":""A-"",""current_re"":""0""},{""name"":""B-"",""current_re"":""8.6602540378443873""},{""name"":""C-"",""current_re"":""-8.6602540378443855""}]","[0.0,1.0,30.0,31.0]","[0.0,0.0,74.0,74.0]","[37.0,37.0]",64c481533513967c79853d34326f884bccd399494358754db45ad5dbfef3fff1,
IA_test/12.21 N3G10/w03/case_d0c2449e-f195-4d56-bb73-93d6dd49fe0d.fem,C:\Users\26096\Desktop\em\FP\IA_test\12.21 N3G10\w03\case_d0c2449e-f195-4d56-bb73-93d6dd49fe0d.fem,utf-8-sig,ok,4.0,0,1e-008,25,36,millimeters,planar,cartesian,0,17,7,6,1497,931,845,551,Air|Pure Iron|Copper|N40|Air|N40|Air,Air|Copper|N40|Pure Iron,A+|B+|C+|A-|B-|C-,"[{""name"":""A+"",""current_re"":""0""},{""name"":""B+"",""current_re"":""-8.6602540378443873""},{""name"":""C+"",""current_re"":""8.6602540378443855""},{""name"":""A-"",""current_re"":""0""},{""name"":""B-"",""current_re"":""8.6602540378443873""},{""name"":""C-"",""current_re"":""-8.6602540378443855""}]","[0.0,1.0,30.0,31.0]","[0.0,0.0,74.0,74.0]","[37.0,37.0]",35e52d87feb8a990986fc870d6b425a42fdc030b412348ab1ed60538ef3d9f09,
IA_test/12.21 N3G10/w03/case_d8083771-02f6-4dce-afe8-5233bf3f66fe.fem,C:\Users\26096\Desktop\em\FP\IA_test\12.21 N3G10\w03\case_d8083771-02f6-4dce-afe8-5233bf3f66fe.fem,utf-8-sig,ok,4.0,0,1e-008,25,36,millimeters,planar,cartesian,0,17,7,6,1497,931,845,551,Air|Pure Iron|Copper|N40|Air|N40|Air,Air|Copper|N40|Pure Iron,A+|B+|C+|A-|B-|C-,"[{""name"":""A+"",""current_re"":""0""},{""name"":""B+"",""current_re"":""-8.6602540378443873""},{""name"":""C+"",""current_re"":""8.6602540378443855""},{""name"":""A-"",""current_re"":""0""},{""name"":""B-"",""current_re"":""8.6602540378443873""},{""name"":""C-"",""current_re"":""-8.6602540378443855""}]","[0.0,1.0,30.0,31.0]","[0.0,0.0,74.0,74.0]","[37.0,37.0]",e7b3c0db6f6d48cb875ee445cb0c376f10821f70554eeb06485c45f36349e413,
IA_test/12.21 N3G10/w03/case_dae3b9ab-a5df-434c-966d-77e470159d02.fem,C:\Users\26096\Desktop\em\FP\IA_test\12.21 N3G10\w03\case_dae3b9ab-a5df-434c-966d-77e470159d02.fem,utf-8-sig,ok,4.0,0,1e-008,25,36,millimeters,planar,cartesian,0,17,7,6,1497,931,845,551,Air|Pure Iron|Copper|N40|Air|N40|Air,Air|Copper|N40|Pure Iron,A+|B+|C+|A-|B-|C-,"[{""name"":""A+"",""current_re"":""0""},{""name"":""B+"",""current_re"":""-8.6602540378443873""},{""name"":""C+"",""current_re"":""8.6602540378443855""},{""name"":""A-"",""current_re"":""0""},{""name"":""B-"",""current_re"":""8.6602540378443873""},{""name"":""C-"",""current_re"":""-8.6602540378443855""}]","[0.0,1.0,30.0,31.0]","[0.0,0.0,74.0,74.0]","[37.0,37.0]",87451b640a33404ffc39027833fc76b63ab568a29ef3dbcaeef42b220e434f92,
IA_test/12.21 N3G10/w03/case_e7bd6b47-d4fd-4718-866b-61937b1aaa14.fem,C:\Users\26096\Desktop\em\FP\IA_test\12.21 N3G10\w03\case_e7bd6b47-d4fd-4718-866b-61937b1aaa14.fem,utf-8-sig,ok,4.0,0,1e-008,25,36,millimeters,planar,cartesian,0,17,7,6,1497,931,845,551,Air|Pure Iron|Copper|N40|Air|N40|Air,Air|Copper|N40|Pure Iron,A+|B+|C+|A-|B-|C-,"[{""name"":""A+"",""current_re"":""0""},{""name"":""B+"",""current_re"":""-8.6602540378443873""},{""name"":""C+"",""current_re"":""8.6602540378443855""},{""name"":""A-"",""current_re"":""0""},{""name"":""B-"",""current_re"":""8.6602540378443873""},{""name"":""C-"",""current_re"":""-8.6602540378443855""}]","[0.0,1.0,30.0,31.0]","[0.0,0.0,74.0,74.0]","[37.0,37.0]",1bd575d63918bca80b4d1883cdb3e154a2df3b399041ff96b0d95aac67aed8f8,
IA_test/12.21 N3G10/w03/case_f97d8b24-16c3-4b5c-84bd-60685a3b65d9.fem,C:\Users\26096\Desktop\em\FP\IA_test\12.21 N3G10\w03\case_f97d8b24-16c3-4b5c-84bd-60685a3b65d9.fem,utf-8-sig,ok,4.0,0,1e-008,25,36,millimeters,planar,cartesian,0,17,7,6,1497,931,845,551,Air|Pure Iron|Copper|N40|Air|N40|Air,Air|Copper|N40|Pure Iron,A+|B+|C+|A-|B-|C-,"[{""name"":""A+"",""current_re"":""0""},{""name"":""B+"",""current_re"":""-8.6602540378443873""},{""name"":""C+"",""current_re"":""8.6602540378443855""},{""name"":""A-"",""current_re"":""0""},{""name"":""B-"",""current_re"":""8.6602540378443873""},{""name"":""C-"",""current_re"":""-8.6602540378443855""}]","[0.0,1.0,30.0,31.0]","[0.0,0.0,74.0,74.0]","[37.0,37.0]",533f545005a7a0fb87493d6b3332cac667b8ff6ce609e4262e87657ce563a92d,
IA_test/12.21 N3G10/w03/case_ff71ef89-6891-4223-b862-01eebccd32e4.fem,C:\Users\26096\Desktop\em\FP\IA_test\12.21 N3G10\w03\case_ff71ef89-6891-4223-b862-01eebccd32e4.fem,utf-8-sig,ok,4.0,0,1e-008,25,36,millimeters,planar,cartesian,0,17,7,6,1497,931,845,551,Air|Pure Iron|Copper|N40|Air|N40|Air,Air|Copper|N40|Pure Iron,A+|B+|C+|A-|B-|C-,"[{""name"":""A+"",""current_re"":""0""},{""name"":""B+"",""current_re"":""-8.6602540378443873""},{""name"":""C+"",""current_re"":""8.6602540378443855""},{""name"":""A-"",""current_re"":""0""},{""name"":""B-"",""current_re"":""8.6602540378443873""},{""name"":""C-"",""current_re"":""-8.6602540378443855""}]","[0.0,1.0,30.0,31.0]","[0.0,0.0,74.0,74.0]","[37.0,37.0]",66592ae334bee7f471e5f582d0561590ede3bfae4d4112145bee1bbb718b6a20,
IA_test/1225/best_J0.177345_20251225_205238.fem,C:\Users\26096\Desktop\em\FP\IA_test\1225\best_J0.177345_20251225_205238.fem,utf-8-sig,ok,4.0,0,1e-008,25,36,millimeters,planar,cartesian,0,17,7,6,1499,933,846,552,Air|Pure Iron|Copper|N40|Air|N40|Air,Air|Copper|N40|Pure Iron,A+|B+|C+|A-|B-|C-,"[{""name"":""A+"",""current_re"":""-3.0310889132455348""},{""name"":""B+"",""current_re"":""3.0310889132455356""},{""name"":""C+"",""current_re"":""2.1431318985078681e-016""},{""name"":""A-"",""current_re"":""3.0310889132455348""},{""name"":""B-"",""current_re"":""-3.0310889132455356""},{""name"":""C-"",""current_re"":""-2.1431318985078681e-016""}]","[0.0,1.0,30.0,31.0]","[0.0,0.0,74.0,74.0]","[37.0,37.0]",6bd5d63f312b4f0ae3a6bc9016c46d33f1a319819f86e3dcb9572f6be778d04f,
IA_test/1226/best_J0.234241_20251226_165530.fem,C:\Users\26096\Desktop\em\FP\IA_test\1226\best_J0.234241_20251226_165530.fem,utf-8-sig,ok,4.0,0,1e-008,25,36,millimeters,planar,cartesian,0,17,7,6,1499,933,846,552,Air|Pure Iron|Copper|N40|Air|N40|Air,Air|Copper|N40|Pure Iron,A+|B+|C+|A-|B-|C-,"[{""name"":""A+"",""current_re"":""-3.0310889132455348""},{""name"":""B+"",""current_re"":""3.0310889132455356""},{""name"":""C+"",""current_re"":""2.1431318985078681e-016""},{""name"":""A-"",""current_re"":""3.0310889132455348""},{""name"":""B-"",""current_re"":""-3.0310889132455356""},{""name"":""C-"",""current_re"":""-2.1431318985078681e-016""}]","[0.0,1.0,30.0,31.0]","[0.0,0.0,74.0,74.0]","[37.0,37.0]",b187b73757a7ac4ae3ae4d0ed31e6022ac20584b2149d5e5c2e99b800e88dc34,
IA_test/1227.1/best_J0.239788_20251227_151645.fem,C:\Users\26096\Desktop\em\FP\IA_test\1227.1\best_J0.239788_20251227_151645.fem,utf-8-sig,ok,4.0,0,1e-008,25,36,millimeters,planar,cartesian,0,17,7,6,1499,933,846,552,Air|Pure Iron|Copper|N40|Air|N40|Air,Air|Copper|N40|Pure Iron,A+|B+|C+|A-|B-|C-,"[{""name"":""A+"",""current_re"":""-3.0310889132455348""},{""name"":""B+"",""current_re"":""3.0310889132455356""},{""name"":""C+"",""current_re"":""2.1431318985078681e-016""},{""name"":""A-"",""current_re"":""3.0310889132455348""},{""name"":""B-"",""current_re"":""-3.0310889132455356""},{""name"":""C-"",""current_re"":""-2.1431318985078681e-016""}]","[0.0,1.0,30.0,31.0]","[0.0,0.0,74.0,74.0]","[37.0,37.0]",d691720546e8a31c88438af8f1f324502ce137037daa67855d78f0cb003814bb,
IA_test/1227.2/best_J0.147733_20251228_001658.fem,C:\Users\26096\Desktop\em\FP\IA_test\1227.2\best_J0.147733_20251228_001658.fem,utf-8-sig,ok,4.0,0,1e-008,25,36,millimeters,planar,cartesian,0,17,7,6,1499,933,846,552,Air|Pure Iron|Copper|N40|Air|N40|Air,Air|Copper|N40|Pure Iron,A+|B+|C+|A-|B-|C-,"[{""name"":""A+"",""current_re"":""-3.0310889132455348""},{""name"":""B+"",""current_re"":""3.0310889132455356""},{""name"":""C+"",""current_re"":""2.1431318985078681e-016""},{""name"":""A-"",""current_re"":""3.0310889132455348""},{""name"":""B-"",""current_re"":""-3.0310889132455356""},{""name"":""C-"",""current_re"":""-2.1431318985078681e-016""}]","[0.0,1.0,30.0,31.0]","[0.0,0.0,74.0,74.0]","[37.0,37.0]",d3bedaceb63c9c75e8653b3c997111bc1983d6f9e868053577fb716edacb8aa9,
IA_test/1228/best_J0.222504_20251229_005752.fem,C:\Users\26096\Desktop\em\FP\IA_test\1228\best_J0.222504_20251229_005752.fem,utf-8-sig,ok,4.0,0,1e-008,25,36,millimeters,planar,cartesian,0,17,7,6,1499,933,846,552,Air|Pure Iron|Copper|N40|Air|N40|Air,Air|Copper|N40|Pure Iron,A+|B+|C+|A-|B-|C-,"[{""name"":""A+"",""current_re"":""-3.0310889132455348""},{""name"":""B+"",""current_re"":""3.0310889132455356""},{""name"":""C+"",""current_re"":""2.1431318985078681e-016""},{""name"":""A-"",""current_re"":""3.0310889132455348""},{""name"":""B-"",""current_re"":""-3.0310889132455356""},{""name"":""C-"",""current_re"":""-2.1431318985078681e-016""}]","[0.0,1.0,30.0,31.0]","[0.0,0.0,74.0,74.0]","[37.0,37.0]",1df3481fdad5329b99724b72c5b4a3d8387f94930190a965cd5051f7cd01302e,
IA_test/1229/best_J0.238035_20251229_221434.fem,C:\Users\26096\Desktop\em\FP\IA_test\1229\best_J0.238035_20251229_221434.fem,utf-8-sig,ok,4.0,0,1e-008,25,36,millimeters,planar,cartesian,0,17,7,6,659,633,306,342,Air|Pure Iron|Copper|N40|Air|N40|Air,Air|Copper|N40|Pure Iron,A+|B+|C+|A-|B-|C-,"[{""name"":""A+"",""current_re"":""0""},{""name"":""B+"",""current_re"":""0""},{""name"":""C+"",""current_re"":""0""},{""name"":""A-"",""current_re"":""0""},{""name"":""B-"",""current_re"":""0""},{""name"":""C-"",""current_re"":""0""}]","[0.0,1.0,30.0,31.0]","[0.0,0.0,74.0,74.0]","[37.0,37.0]",a8c264fd4b20fa9a07b2a782df02d8546256d70f2cf4ded9d75c6bfe7c37b2de,
IA_test/1230/best_J0.166453_20251230_130901.fem,C:\Users\26096\Desktop\em\FP\IA_test\1230\best_J0.166453_20251230_130901.fem,utf-8-sig,ok,4.0,0,1e-008,25,36,millimeters,planar,cartesian,0,17,7,6,659,633,306,342,Air|Pure Iron|Copper|N40|Air|N40|Air,Air|Copper|N40|Pure Iron,A+|B+|C+|A-|B-|C-,"[{""name"":""A+"",""current_re"":""0""},{""name"":""B+"",""current_re"":""0""},{""name"":""C+"",""current_re"":""0""},{""name"":""A-"",""current_re"":""0""},{""name"":""B-"",""current_re"":""0""},{""name"":""C-"",""current_re"":""0""}]","[0.0,1.0,30.0,31.0]","[0.0,0.0,74.0,74.0]","[37.0,37.0]",7ee8e69265e7c43e3b6821476cc9171a3d16f3b75ae7a5d2c014e78605764131,
IA_test/1230.2/best_J0.157009_20251230_165105.fem,C:\Users\26096\Desktop\em\FP\IA_test\1230.2\best_J0.157009_20251230_165105.fem,utf-8-sig,ok,4.0,0,1e-008,25,36,millimeters,planar,cartesian,0,17,7,6,443,417,306,288,Air|Pure Iron|Copper|N40|Air|N40|Air,Air|Copper|N40|Pure Iron,A+|B+|C+|A-|B-|C-,"[{""name"":""A+"",""current_re"":""0""},{""name"":""B+"",""current_re"":""0""},{""name"":""C+"",""current_re"":""0""},{""name"":""A-"",""current_re"":""0""},{""name"":""B-"",""current_re"":""0""},{""name"":""C-"",""current_re"":""0""}]","[0.0,1.0,30.0,31.0]","[0.0,0.0,74.0,74.0]","[37.0,37.0]",ea521cb0a19bc8fcacd3c50a24d6bf16ad30ec6f8bfa0b01b0f7e20416f13486,
IA_test/1230.3/best_J0.150072_20251230_212929.fem,C:\Users\26096\Desktop\em\FP\IA_test\1230.3\best_J0.150072_20251230_212929.fem,utf-8-sig,ok,4.0,0,1e-008,25,36,millimeters,planar,cartesian,0,17,7,6,443,417,306,288,Air|Pure Iron|Copper|N40|Air|N40|Air,Air|Copper|N40|Pure Iron,A+|B+|C+|A-|B-|C-,"[{""name"":""A+"",""current_re"":""0""},{""name"":""B+"",""current_re"":""0""},{""name"":""C+"",""current_re"":""0""},{""name"":""A-"",""current_re"":""0""},{""name"":""B-"",""current_re"":""0""},{""name"":""C-"",""current_re"":""0""}]","[0.0,1.0,30.0,31.0]","[0.0,0.0,74.0,74.0]","[37.0,37.0]",e803b22715d39177577128bc6b2c3c42e59e95e5fa6689163cfa5ff760d48403,
IA_test/1231/best_J0.145728_20251231_192359.fem,C:\Users\26096\Desktop\em\FP\IA_test\1231\best_J0.145728_20251231_192359.fem,utf-8-sig,ok,4.0,0,1e-008,25,36,millimeters,planar,cartesian,0,17,7,6,443,417,306,288,Air|Pure Iron|Copper|N40|Air|N40|Air,Air|Copper|N40|Pure Iron,A+|B+|C+|A-|B-|C-,"[{""name"":""A+"",""current_re"":""0""},{""name"":""B+"",""current_re"":""0""},{""name"":""C+"",""current_re"":""0""},{""name"":""A-"",""current_re"":""0""},{""name"":""B-"",""current_re"":""0""},{""name"":""C-"",""current_re"":""0""}]","[0.0,1.0,30.0,31.0]","[0.0,0.0,74.0,74.0]","[37.0,37.0]",8599001d42d37ff45abdd001e65a5d0828886f4225280a1606a32e8018ad36b0,
IA_test/新建文件夹/temp_airgap_scan.fem,C:\Users\26096\Desktop\em\FP\IA_test\新建文件夹\temp_airgap_scan.fem,utf-8-sig,ok,4.0,0,1e-008,25,36,millimeters,planar,cartesian,0,17,7,6,417,391,305,281,Air|Pure Iron|Copper|N40|Air|N40|Air,Air|Copper|N40|Pure Iron,A+|B+|C+|A-|B-|C-,"[{""name"":""A+"",""current_re"":""0""},{""name"":""B+"",""current_re"":""-8.6602540378443873""},{""name"":""C+"",""current_re"":""8.6602540378443855""},{""name"":""A-"",""current_re"":""0""},{""name"":""B-"",""current_re"":""8.6602540378443873""},{""name"":""C-"",""current_re"":""-8.6602540378443855""}]","[0.0,1.0]","[0.0,0.0,74.0,74.0]","[37.0,37.0]",21b9c07d5d84fcb1894e463e3ddc1bcf24e585ae9dfd57a44480e2b5f2794c55,
IA_test/无优化组/best_J0.106306_20260105_011544.fem,C:\Users\26096\Desktop\em\FP\IA_test\无优化组\best_J0.106306_20260105_011544.fem,utf-8-sig,ok,4.0,0,1e-008,15,36,millimeters,planar,cartesian,0,26,7,6,1790,1590,246,360,Air|Pure Iron|Copper|N40|Air|N40|Air,Air|Copper|N40|Pure Iron,A+|B+|C+|A-|B-|C-,"[{""name"":""A+"",""current_re"":""0""},{""name"":""B+"",""current_re"":""0""},{""name"":""C+"",""current_re"":""0""},{""name"":""A-"",""current_re"":""0""},{""name"":""B-"",""current_re"":""0""},{""name"":""C-"",""current_re"":""0""}]","[0.0,1.0,30.0,31.0]","[0.0,0.0,74.0,74.0]","[37.0,37.0]",b7b6f6d18dae36dada8d551d8de482c7ccd1092fbbf0c256a115db9541a34a6c,
IA_test/无优化组/best_J0.110898_20260103_223049.fem,C:\Users\26096\Desktop\em\FP\IA_test\无优化组\best_J0.110898_20260103_223049.fem,utf-8-sig,ok,4.0,0,1e-008,15,36,millimeters,planar,cartesian,0,26,7,6,1712,1518,222,330,Air|Pure Iron|Copper|N40|Air|N40|Air,Air|Copper|N40|Pure Iron,A+|B+|C+|A-|B-|C-,"[{""name"":""A+"",""current_re"":""0""},{""name"":""B+"",""current_re"":""0""},{""name"":""C+"",""current_re"":""0""},{""name"":""A-"",""current_re"":""0""},{""name"":""B-"",""current_re"":""0""},{""name"":""C-"",""current_re"":""0""}]","[0.0,1.0,30.0,31.0]","[0.0,0.0,74.0,74.0]","[37.0,37.0]",f96d558e67faf4b0be6e90a71fd58bddd0a6f99d08fc2fb72d07e032af697644,
IA_test/无优化组/best_J0.110898_20260104_040203.fem,C:\Users\26096\Desktop\em\FP\IA_test\无优化组\best_J0.110898_20260104_040203.fem,utf-8-sig,ok,4.0,0,1e-008,15,36,millimeters,planar,cartesian,0,26,7,6,1712,1518,222,330,Air|Pure Iron|Copper|N40|Air|N40|Air,Air|Copper|N40|Pure Iron,A+|B+|C+|A-|B-|C-,"[{""name"":""A+"",""current_re"":""0""},{""name"":""B+"",""current_re"":""0""},{""name"":""C+"",""current_re"":""0""},{""name"":""A-"",""current_re"":""0""},{""name"":""B-"",""current_re"":""0""},{""name"":""C-"",""current_re"":""0""}]","[0.0,1.0,30.0,31.0]","[0.0,0.0,74.0,74.0]","[37.0,37.0]",f96d558e67faf4b0be6e90a71fd58bddd0a6f99d08fc2fb72d07e032af697644,
IA_test/无优化组/best_J0.113614_20260103_045247.fem,C:\Users\26096\Desktop\em\FP\IA_test\无优化组\best_J0.113614_20260103_045247.fem,utf-8-sig,ok,4.0,0,1e-008,25,36,millimeters,planar,cartesian,0,26,7,6,1628,1458,192,306,Air|Pure Iron|Copper|N40|Air|N40|Air,Air|Copper|N40|Pure Iron,A+|B+|C+|A-|B-|C-,"[{""name"":""A+"",""current_re"":""0""},{""name"":""B+"",""current_re"":""0""},{""name"":""C+"",""current_re"":""0""},{""name"":""A-"",""current_re"":""0""},{""name"":""B-"",""current_re"":""0""},{""name"":""C-"",""current_re"":""0""}]","[0.0,1.0,30.0,31.0]","[0.0,0.0,74.0,74.0]","[37.0,37.0]",c3c603000ac0ab32b967ae754e992e66f0d97b2295b9553e53134db62039ba29,
IA_test/无优化组/best_J0.238035_20251229_211603.fem,C:\Users\26096\Desktop\em\FP\IA_test\无优化组\best_J0.238035_20251229_211603.fem,utf-8-sig,ok,4.0,0,1e-008,25,36,millimeters,planar,cartesian,0,17,7,6,419,393,306,552,Air|Pure Iron|Copper|N40|Air|N40|Air,Air|Copper|N40|Pure Iron,A+|B+|C+|A-|B-|C-,"[{""name"":""A+"",""current_re"":""0""},{""name"":""B+"",""current_re"":""0""},{""name"":""C+"",""current_re"":""0""},{""name"":""A-"",""current_re"":""0""},{""name"":""B-"",""current_re"":""0""},{""name"":""C-"",""current_re"":""0""}]","[0.0,1.0,30.0,31.0]","[0.0,0.0,74.0,74.0]","[37.0,37.0]",dc177e08cf17f52323fc5d3387e092ddf771a5af146a0b4f10be8ff0179c86fd,
IA_test/无优化组/best_J0.257147_20251228_164352.fem,C:\Users\26096\Desktop\em\FP\IA_test\无优化组\best_J0.257147_20251228_164352.fem,utf-8-sig,ok,4.0,0,1e-008,25,36,millimeters,planar,cartesian,0,17,7,6,1499,933,846,552,Air|Pure Iron|Copper|N40|Air|N40|Air,Air|Copper|N40|Pure Iron,A+|B+|C+|A-|B-|C-,"[{""name"":""A+"",""current_re"":""-3.0310889132455348""},{""name"":""B+"",""current_re"":""3.0310889132455356""},{""name"":""C+"",""current_re"":""2.1431318985078681e-016""},{""name"":""A-"",""current_re"":""3.0310889132455348""},{""name"":""B-"",""current_re"":""-3.0310889132455356""},{""name"":""C-"",""current_re"":""-2.1431318985078681e-016""}]","[0.0,1.0,30.0,31.0]","[0.0,0.0,74.0,74.0]","[37.0,37.0]",f6232c59adabea39256a96d92898a72aa9eb6d7ad6c0fb53e3b5006c3341d48d,
IA_test/无优化组/best_J2.16323_20260103_182158.fem,C:\Users\26096\Desktop\em\FP\IA_test\无优化组\best_J2.16323_20260103_182158.fem,utf-8-sig,ok,4.0,0,1e-008,15,36,millimeters,planar,cartesian,0,26,7,6,1004,726,336,156,Air|Pure Iron|Copper|N40|Air|N40|Air,Air|Copper|N40|Pure Iron,A+|B+|C+|A-|B-|C-,"[{""name"":""A+"",""current_re"":""0""},{""name"":""B+"",""current_re"":""0""},{""name"":""C+"",""current_re"":""0""},{""name"":""A-"",""current_re"":""0""},{""name"":""B-"",""current_re"":""0""},{""name"":""C-"",""current_re"":""0""}]","[0.0,1.0,30.0,31.0]","[0.0,0.0,74.0,74.0]","[37.0,37.0]",7dbfc14b1d48c3e1a771acc3b7679e1f924dc7c96ad2590d94cb5f0b115cec8f,
IA_test/设计/blank.FEM,C:\Users\26096\Desktop\em\FP\IA_test\设计\blank.FEM,utf-8-sig,ok,4.0,0,1e-008,25,36,millimeters,planar,cartesian,0,8,7,3,112,114,7,11,Air|Pure Iron|Copper|N40|Air|N40|Air,Air|N40|Pure Iron,A|B|C,"[{""name"":""A"",""current_re"":""0""},{""name"":""B"",""current_re"":""0""},{""name"":""C"",""current_re"":""0""}]","[0.0,1.0]","[-20.0,0.0,74.0,74.0]","[27.0,37.0]",13c4009dcbea600c35a5298b42d1bef21b9713000950e2cd0142a93dd98d4889,
IA_test_Float/best_J0.0924955_20260306_174158.fem,C:\Users\26096\Desktop\em\FP\IA_test_Float\best_J0.0924955_20260306_174158.fem,utf-8-sig,ok,4.0,0,1e-008,15,36,millimeters,planar,cartesian,0,26,7,6,1934,1638,324,360,Air|Pure Iron|Copper|N40|Air|N40|Air,Air|Copper|N40|Pure Iron,A+|B+|C+|A-|B-|C-,"[{""name"":""A+"",""current_re"":""0""},{""name"":""B+"",""current_re"":""0""},{""name"":""C+"",""current_re"":""0""},{""name"":""A-"",""current_re"":""0""},{""name"":""B-"",""current_re"":""0""},{""name"":""C-"",""current_re"":""0""}]","[0.0,1.0,30.0,31.0]","[0.0,0.0,74.0,74.0]","[37.0,37.0]",c09a1247d66549e5cda5470a49d28c1c339a1177791e9212156c9bf769dd5d74,
IA_test_Float/0227 30gen/best_J0.120593_20260227_125153.fem,C:\Users\26096\Desktop\em\FP\IA_test_Float\0227 30gen\best_J0.120593_20260227_125153.fem,utf-8-sig,ok,4.0,0,1e-008,15,36,millimeters,planar,cartesian,0,26,7,6,1676,1494,204,318,Air|Pure Iron|Copper|N40|Air|N40|Air,Air|Copper|N40|Pure Iron,A+|B+|C+|A-|B-|C-,"[{""name"":""A+"",""current_re"":""0""},{""name"":""B+"",""current_re"":""0""},{""name"":""C+"",""current_re"":""0""},{""name"":""A-"",""current_re"":""0""},{""name"":""B-"",""current_re"":""0""},{""name"":""C-"",""current_re"":""0""}]","[0.0,1.0,30.0,31.0]","[0.0,0.0,74.0,74.0]","[37.0,37.0]",07a81b6b8c5a69b6224393d6892cc7f9af8ee4597602388fcdc044f63b22ec84,
IA_test_Float/0228 50gen/best_J0.114586_20260228_124726.fem,C:\Users\26096\Desktop\em\FP\IA_test_Float\0228 50gen\best_J0.114586_20260228_124726.fem,utf-8-sig,ok,4.0,0,1e-008,15,36,millimeters,planar,cartesian,0,26,7,6,1748,1524,252,336,Air|Pure Iron|Copper|N40|Air|N40|Air,Air|Copper|N40|Pure Iron,A+|B+|C+|A-|B-|C-,"[{""name"":""A+"",""current_re"":""0""},{""name"":""B+"",""current_re"":""0""},{""name"":""C+"",""current_re"":""0""},{""name"":""A-"",""current_re"":""0""},{""name"":""B-"",""current_re"":""0""},{""name"":""C-"",""current_re"":""0""}]","[0.0,1.0,30.0,31.0]","[0.0,0.0,74.0,74.0]","[37.0,37.0]",d32329396d5ffa37a40ce149e697ca47c1e6908d44b716482555735f700fd754,
IA_test_Float/0228 70gen-140gen/best_J0.113564_20260228_180032.fem,C:\Users\26096\Desktop\em\FP\IA_test_Float\0228 70gen-140gen\best_J0.113564_20260228_180032.fem,utf-8-sig,ok,4.0,0,1e-008,15,36,millimeters,planar,cartesian,0,26,7,6,1772,1536,264,342,Air|Pure Iron|Copper|N40|Air|N40|Air,Air|Copper|N40|Pure Iron,A+|B+|C+|A-|B-|C-,"[{""name"":""A+"",""current_re"":""0""},{""name"":""B+"",""current_re"":""0""},{""name"":""C+"",""current_re"":""0""},{""name"":""A-"",""current_re"":""0""},{""name"":""B-"",""current_re"":""0""},{""name"":""C-"",""current_re"":""0""}]","[0.0,1.0,30.0,31.0]","[0.0,0.0,74.0,74.0]","[37.0,37.0]",b178e1d78f45c736a0f7a26990cba4e9591204ae147a4cc966f7f6a79ce56205,
IA_test_Float/0228 70gen-140gen/best_J0.113564_20260301_172121.fem,C:\Users\26096\Desktop\em\FP\IA_test_Float\0228 70gen-140gen\best_J0.113564_20260301_172121.fem,utf-8-sig,ok,4.0,0,1e-008,15,36,millimeters,planar,cartesian,0,26,7,6,1772,1536,264,342,Air|Pure Iron|Copper|N40|Air|N40|Air,Air|Copper|N40|Pure Iron,A+|B+|C+|A-|B-|C-,"[{""name"":""A+"",""current_re"":""0""},{""name"":""B+"",""current_re"":""0""},{""name"":""C+"",""current_re"":""0""},{""name"":""A-"",""current_re"":""0""},{""name"":""B-"",""current_re"":""0""},{""name"":""C-"",""current_re"":""0""}]","[0.0,1.0,30.0,31.0]","[0.0,0.0,74.0,74.0]","[37.0,37.0]",b178e1d78f45c736a0f7a26990cba4e9591204ae147a4cc966f7f6a79ce56205,
IA_test_Float/0228 70gen-140gen/best_J0.113564_20260301_224723.fem,C:\Users\26096\Desktop\em\FP\IA_test_Float\0228 70gen-140gen\best_J0.113564_20260301_224723.fem,utf-8-sig,ok,4.0,0,1e-008,15,36,millimeters,planar,cartesian,0,26,7,6,1772,1536,264,342,Air|Pure Iron|Copper|N40|Air|N40|Air,Air|Copper|N40|Pure Iron,A+|B+|C+|A-|B-|C-,"[{""name"":""A+"",""current_re"":""0""},{""name"":""B+"",""current_re"":""0""},{""name"":""C+"",""current_re"":""0""},{""name"":""A-"",""current_re"":""0""},{""name"":""B-"",""current_re"":""0""},{""name"":""C-"",""current_re"":""0""}]","[0.0,1.0,30.0,31.0]","[0.0,0.0,74.0,74.0]","[37.0,37.0]",b178e1d78f45c736a0f7a26990cba4e9591204ae147a4cc966f7f6a79ce56205,
IA_test_Float/0228 70gen-140gen/groupF 100gen.fem,C:\Users\26096\Desktop\em\FP\IA_test_Float\0228 70gen-140gen\groupF 100gen.fem,utf-8-sig,ok,4.0,0,1e-008,15,36,millimeters,planar,cartesian,0,26,7,6,1088,672,480,96,Air|Pure Iron|Copper|N40|Air|N40|Air,Air|Copper|N40|Pure Iron,A+|B+|C+|A-|B-|C-,"[{""name"":""A+"",""current_re"":""-3.0310889132455348""},{""name"":""B+"",""current_re"":""3.0310889132455356""},{""name"":""C+"",""current_re"":""2.1431318985078681e-016""},{""name"":""A-"",""current_re"":""3.0310889132455348""},{""name"":""B-"",""current_re"":""-3.0310889132455356""},{""name"":""C-"",""current_re"":""-2.1431318985078681e-016""}]","[0.0,1.0,30.0,31.0]","[0.0,0.0,74.0,74.0]","[37.0,37.0]",c3463122493ef68b693babea751f01575d64259f2a1e19383740bc34efbb5106,
IA_test_Float/0302 160gen-200gen/best_J0.111733_20260302_114631.fem,C:\Users\26096\Desktop\em\FP\IA_test_Float\0302 160gen-200gen\best_J0.111733_20260302_114631.fem,utf-8-sig,ok,4.0,0,1e-008,15,36,millimeters,planar,cartesian,0,26,7,6,1796,1548,276,348,Air|Pure Iron|Copper|N40|Air|N40|Air,Air|Copper|N40|Pure Iron,A+|B+|C+|A-|B-|C-,"[{""name"":""A+"",""current_re"":""0""},{""name"":""B+"",""current_re"":""0""},{""name"":""C+"",""current_re"":""0""},{""name"":""A-"",""current_re"":""0""},{""name"":""B-"",""current_re"":""0""},{""name"":""C-"",""current_re"":""0""}]","[0.0,1.0,30.0,31.0]","[0.0,0.0,74.0,74.0]","[37.0,37.0]",70c6e4f25cf066e63ab71958995c6b5cec104208f9ef8ea88c9525f03eb004df,
IA_test_Float/0302 300gen/best_J0.105091_20260302_173331.fem,C:\Users\26096\Desktop\em\FP\IA_test_Float\0302 300gen\best_J0.105091_20260302_173331.fem,utf-8-sig,ok,4.0,0,1e-008,15,36,millimeters,planar,cartesian,0,26,7,6,1892,1608,312,360,Air|Pure Iron|Copper|N40|Air|N40|Air,Air|Copper|N40|Pure Iron,A+|B+|C+|A-|B-|C-,"[{""name"":""A+"",""current_re"":""0""},{""name"":""B+"",""current_re"":""0""},{""name"":""C+"",""current_re"":""0""},{""name"":""A-"",""current_re"":""0""},{""name"":""B-"",""current_re"":""0""},{""name"":""C-"",""current_re"":""0""}]","[0.0,1.0,30.0,31.0]","[0.0,0.0,74.0,74.0]","[37.0,37.0]",3120e84ee43e9f003ea206e5f4682d9a6f57e331e681a1197df8f3b69e853174,
IA_test_Float/0302 400gen-500gen/best_J0.0980357_20260302_213720.fem,C:\Users\26096\Desktop\em\FP\IA_test_Float\0302 400gen-500gen\best_J0.0980357_20260302_213720.fem,utf-8-sig,ok,4.0,0,1e-008,15,36,millimeters,planar,cartesian,0,26,7,6,1880,1602,312,360,Air|Pure Iron|Copper|N40|Air|N40|Air,Air|Copper|N40|Pure Iron,A+|B+|C+|A-|B-|C-,"[{""name"":""A+"",""current_re"":""0""},{""name"":""B+"",""current_re"":""0""},{""name"":""C+"",""current_re"":""0""},{""name"":""A-"",""current_re"":""0""},{""name"":""B-"",""current_re"":""0""},{""name"":""C-"",""current_re"":""0""}]","[0.0,1.0,30.0,31.0]","[0.0,0.0,74.0,74.0]","[37.0,37.0]",2e1d1d212ff3630f7ce670e03a1f852470c6a1b79716924b993a4b4c93d8dd10,
IA_test_Float/0303 700gen/best_J0.0961933_20260303_215010.fem,C:\Users\26096\Desktop\em\FP\IA_test_Float\0303 700gen\best_J0.0961933_20260303_215010.fem,utf-8-sig,ok,4.0,0,1e-008,15,36,millimeters,planar,cartesian,0,26,7,6,1892,1608,312,354,Air|Pure Iron|Copper|N40|Air|N40|Air,Air|Copper|N40|Pure Iron,A+|B+|C+|A-|B-|C-,"[{""name"":""A+"",""current_re"":""0""},{""name"":""B+"",""current_re"":""0""},{""name"":""C+"",""current_re"":""0""},{""name"":""A-"",""current_re"":""0""},{""name"":""B-"",""current_re"":""0""},{""name"":""C-"",""current_re"":""0""}]","[0.0,1.0,30.0,31.0]","[0.0,0.0,74.0,74.0]","[37.0,37.0]",f66802f81e3b86ad63d95b656ed6d12995de8cd4cea6eff318b8fd13cdc21387,
IA_test_Float/0303 700gen/best_J0.0980357_20260303_161511.fem,C:\Users\26096\Desktop\em\FP\IA_test_Float\0303 700gen\best_J0.0980357_20260303_161511.fem,utf-8-sig,ok,4.0,0,1e-008,15,36,millimeters,planar,cartesian,0,26,7,6,1880,1602,312,360,Air|Pure Iron|Copper|N40|Air|N40|Air,Air|Copper|N40|Pure Iron,A+|B+|C+|A-|B-|C-,"[{""name"":""A+"",""current_re"":""0""},{""name"":""B+"",""current_re"":""0""},{""name"":""C+"",""current_re"":""0""},{""name"":""A-"",""current_re"":""0""},{""name"":""B-"",""current_re"":""0""},{""name"":""C-"",""current_re"":""0""}]","[0.0,1.0,30.0,31.0]","[0.0,0.0,74.0,74.0]","[37.0,37.0]",2e1d1d212ff3630f7ce670e03a1f852470c6a1b79716924b993a4b4c93d8dd10,
IA_test_Float/0304 800gen/best_J0.092999_20260304_220254.fem,C:\Users\26096\Desktop\em\FP\IA_test_Float\0304 800gen\best_J0.092999_20260304_220254.fem,utf-8-sig,ok,4.0,0,1e-008,15,36,millimeters,planar,cartesian,0,26,7,6,1934,1638,324,360,Air|Pure Iron|Copper|N40|Air|N40|Air,Air|Copper|N40|Pure Iron,A+|B+|C+|A-|B-|C-,"[{""name"":""A+"",""current_re"":""0""},{""name"":""B+"",""current_re"":""0""},{""name"":""C+"",""current_re"":""0""},{""name"":""A-"",""current_re"":""0""},{""name"":""B-"",""current_re"":""0""},{""name"":""C-"",""current_re"":""0""}]","[0.0,1.0,30.0,31.0]","[0.0,0.0,74.0,74.0]","[37.0,37.0]",a431f6a55b7552e35c94183837c3be98bc6824fc4dcc73e73fab4056e1d06342,
IA_test_Float/0305 900gen/best_J0.0924955_20260305_173935.fem,C:\Users\26096\Desktop\em\FP\IA_test_Float\0305 900gen\best_J0.0924955_20260305_173935.fem,utf-8-sig,ok,4.0,0,1e-008,15,36,millimeters,planar,cartesian,0,26,7,6,1934,1638,324,360,Air|Pure Iron|Copper|N40|Air|N40|Air,Air|Copper|N40|Pure Iron,A+|B+|C+|A-|B-|C-,"[{""name"":""A+"",""current_re"":""0""},{""name"":""B+"",""current_re"":""0""},{""name"":""C+"",""current_re"":""0""},{""name"":""A-"",""current_re"":""0""},{""name"":""B-"",""current_re"":""0""},{""name"":""C-"",""current_re"":""0""}]","[0.0,1.0,30.0,31.0]","[0.0,0.0,74.0,74.0]","[37.0,37.0]",c09a1247d66549e5cda5470a49d28c1c339a1177791e9212156c9bf769dd5d74,
IA_test_group4/best_J0.11069_20260203_184421.fem,C:\Users\26096\Desktop\em\FP\IA_test_group4\best_J0.11069_20260203_184421.fem,utf-8-sig,ok,4.0,0,1e-008,15,36,millimeters,planar,cartesian,0,26,7,6,1826,1590,264,354,Air|Pure Iron|Copper|N40|Air|N40|Air,Air|Copper|N40|Pure Iron,A+|B+|C+|A-|B-|C-,"[{""name"":""A+"",""current_re"":""0""},{""name"":""B+"",""current_re"":""0""},{""name"":""C+"",""current_re"":""0""},{""name"":""A-"",""current_re"":""0""},{""name"":""B-"",""current_re"":""0""},{""name"":""C-"",""current_re"":""0""}]","[0.0,1.0,30.0,31.0]","[0.0,0.0,74.0,74.0]","[37.0,37.0]",b90458d0b6e526431a13f9cf7f0c9ba9408211a88ce735476d5afc25b0e9e697,
IA_test_group4/best_J0.121914_20260205_172915.fem,C:\Users\26096\Desktop\em\FP\IA_test_group4\best_J0.121914_20260205_172915.fem,utf-8-sig,ok,4.0,0,1e-008,15,36,millimeters,planar,cartesian,0,26,7,6,1676,1506,192,318,Air|Pure Iron|Copper|N40|Air|N40|Air,Air|Copper|N40|Pure Iron,A+|B+|C+|A-|B-|C-,"[{""name"":""A+"",""current_re"":""0""},{""name"":""B+"",""current_re"":""0""},{""name"":""C+"",""current_re"":""0""},{""name"":""A-"",""current_re"":""0""},{""name"":""B-"",""current_re"":""0""},{""name"":""C-"",""current_re"":""0""}]","[0.0,1.0,30.0,31.0]","[0.0,0.0,74.0,74.0]","[37.0,37.0]",8502a2cca749a4a617f9f163ddd76e48ec7d86c937b054a76c281c959edcc499,
IA_test_group4/best_J0.123215_20260205_145651.fem,C:\Users\26096\Desktop\em\FP\IA_test_group4\best_J0.123215_20260205_145651.fem,utf-8-sig,ok,4.0,0,1e-008,15,36,millimeters,planar,cartesian,0,26,7,6,1628,1458,192,306,Air|Pure Iron|Copper|N40|Air|N40|Air,Air|Copper|N40|Pure Iron,A+|B+|C+|A-|B-|C-,"[{""name"":""A+"",""current_re"":""0""},{""name"":""B+"",""current_re"":""0""},{""name"":""C+"",""current_re"":""0""},{""name"":""A-"",""current_re"":""0""},{""name"":""B-"",""current_re"":""0""},{""name"":""C-"",""current_re"":""0""}]","[0.0,1.0,30.0,31.0]","[0.0,0.0,74.0,74.0]","[37.0,37.0]",405a51e3d5fa2ec788f0c7e7d00cb330b1986e28807856a27af1ec57399b3d5a,
IA_test_groupA/best_J0.0937403_20260107_221145.fem,C:\Users\26096\Desktop\em\FP\IA_test_groupA\best_J0.0937403_20260107_221145.fem,utf-8-sig,ok,4.0,0,1e-008,15,36,millimeters,planar,cartesian,0,26,7,6,1814,1596,258,360,Air|Pure Iron|Copper|N40|Air|N40|Air,Air|Copper|N40|Pure Iron,A+|B+|C+|A-|B-|C-,"[{""name"":""A+"",""current_re"":""0""},{""name"":""B+"",""current_re"":""0""},{""name"":""C+"",""current_re"":""0""},{""name"":""A-"",""current_re"":""0""},{""name"":""B-"",""current_re"":""0""},{""name"":""C-"",""current_re"":""0""}]","[0.0,1.0,30.0,31.0]","[0.0,0.0,74.0,74.0]","[37.0,37.0]",b5937842e45417d7e22fbcab5f6047a303c49b1241c5b55e2d526b71f4c5584d,
IA_test_groupA/best_J0.112828_20260104_040221.fem,C:\Users\26096\Desktop\em\FP\IA_test_groupA\best_J0.112828_20260104_040221.fem,utf-8-sig,ok,4.0,0,1e-008,15,36,millimeters,planar,cartesian,0,26,7,6,1718,1518,228,330,Air|Pure Iron|Copper|N40|Air|N40|Air,Air|Copper|N40|Pure Iron,A+|B+|C+|A-|B-|C-,"[{""name"":""A+"",""current_re"":""0""},{""name"":""B+"",""current_re"":""0""},{""name"":""C+"",""current_re"":""0""},{""name"":""A-"",""current_re"":""0""},{""name"":""B-"",""current_re"":""0""},{""name"":""C-"",""current_re"":""0""}]","[0.0,1.0,30.0,31.0]","[0.0,0.0,74.0,74.0]","[37.0,37.0]",66e6601485abeb9d1aea8826ca7c365bd33e085115e27655689c34fd685d0b8b,
IA_test_groupA/best_J0.113614_20260103_045247.fem,C:\Users\26096\Desktop\em\FP\IA_test_groupA\best_J0.113614_20260103_045247.fem,utf-8-sig,ok,4.0,0,1e-008,25,36,millimeters,planar,cartesian,0,26,7,6,1628,1458,192,306,Air|Pure Iron|Copper|N40|Air|N40|Air,Air|Copper|N40|Pure Iron,A+|B+|C+|A-|B-|C-,"[{""name"":""A+"",""current_re"":""0""},{""name"":""B+"",""current_re"":""0""},{""name"":""C+"",""current_re"":""0""},{""name"":""A-"",""current_re"":""0""},{""name"":""B-"",""current_re"":""0""},{""name"":""C-"",""current_re"":""0""}]","[0.0,1.0,30.0,31.0]","[0.0,0.0,74.0,74.0]","[37.0,37.0]",c3c603000ac0ab32b967ae754e992e66f0d97b2295b9553e53134db62039ba29,
IA_test_groupA/best_J0.238035_20251229_211603.fem,C:\Users\26096\Desktop\em\FP\IA_test_groupA\best_J0.238035_20251229_211603.fem,utf-8-sig,ok,4.0,0,1e-008,25,36,millimeters,planar,cartesian,0,17,7,6,419,393,306,552,Air|Pure Iron|Copper|N40|Air|N40|Air,Air|Copper|N40|Pure Iron,A+|B+|C+|A-|B-|C-,"[{""name"":""A+"",""current_re"":""0""},{""name"":""B+"",""current_re"":""0""},{""name"":""C+"",""current_re"":""0""},{""name"":""A-"",""current_re"":""0""},{""name"":""B-"",""current_re"":""0""},{""name"":""C-"",""current_re"":""0""}]","[0.0,1.0,30.0,31.0]","[0.0,0.0,74.0,74.0]","[37.0,37.0]",dc177e08cf17f52323fc5d3387e092ddf771a5af146a0b4f10be8ff0179c86fd,
IA_test_groupA/best_J0.257147_20251228_164352.fem,C:\Users\26096\Desktop\em\FP\IA_test_groupA\best_J0.257147_20251228_164352.fem,utf-8-sig,ok,4.0,0,1e-008,25,36,millimeters,planar,cartesian,0,17,7,6,1499,933,846,552,Air|Pure Iron|Copper|N40|Air|N40|Air,Air|Copper|N40|Pure Iron,A+|B+|C+|A-|B-|C-,"[{""name"":""A+"",""current_re"":""-3.0310889132455348""},{""name"":""B+"",""current_re"":""3.0310889132455356""},{""name"":""C+"",""current_re"":""2.1431318985078681e-016""},{""name"":""A-"",""current_re"":""3.0310889132455348""},{""name"":""B-"",""current_re"":""-3.0310889132455356""},{""name"":""C-"",""current_re"":""-2.1431318985078681e-016""}]","[0.0,1.0,30.0,31.0]","[0.0,0.0,74.0,74.0]","[37.0,37.0]",f6232c59adabea39256a96d92898a72aa9eb6d7ad6c0fb53e3b5006c3341d48d,
IA_test_groupA/0103 groupA/best_J0.112828_20260103_174233.fem,C:\Users\26096\Desktop\em\FP\IA_test_groupA\0103 groupA\best_J0.112828_20260103_174233.fem,utf-8-sig,ok,4.0,0,1e-008,15,36,millimeters,planar,cartesian,0,26,7,6,1718,1518,228,330,Air|Pure Iron|Copper|N40|Air|N40|Air,Air|Copper|N40|Pure Iron,A+|B+|C+|A-|B-|C-,"[{""name"":""A+"",""current_re"":""0""},{""name"":""B+"",""current_re"":""0""},{""name"":""C+"",""current_re"":""0""},{""name"":""A-"",""current_re"":""0""},{""name"":""B-"",""current_re"":""0""},{""name"":""C-"",""current_re"":""0""}]","[0.0,1.0,30.0,31.0]","[0.0,0.0,74.0,74.0]","[37.0,37.0]",66e6601485abeb9d1aea8826ca7c365bd33e085115e27655689c34fd685d0b8b,
IA_test_groupA/0104 groupA/best_J0.0994011_20260105_081953.fem,C:\Users\26096\Desktop\em\FP\IA_test_groupA\0104 groupA\best_J0.0994011_20260105_081953.fem,utf-8-sig,ok,4.0,0,1e-008,15,36,millimeters,planar,cartesian,0,26,7,6,1784,1566,252,348,Air|Pure Iron|Copper|N40|Air|N40|Air,Air|Copper|N40|Pure Iron,A+|B+|C+|A-|B-|C-,"[{""name"":""A+"",""current_re"":""0""},{""name"":""B+"",""current_re"":""0""},{""name"":""C+"",""current_re"":""0""},{""name"":""A-"",""current_re"":""0""},{""name"":""B-"",""current_re"":""0""},{""name"":""C-"",""current_re"":""0""}]","[0.0,1.0,30.0,31.0]","[0.0,0.0,74.0,74.0]","[37.0,37.0]",dad76daefa4cde1d0c6c602fe1b1541c97d80f7954a126a8e9f789cd2d82c1c3,
IA_test_groupA/1225/best_J0.177345_20251225_205238.fem,C:\Users\26096\Desktop\em\FP\IA_test_groupA\1225\best_J0.177345_20251225_205238.fem,utf-8-sig,ok,4.0,0,1e-008,25,36,millimeters,planar,cartesian,0,17,7,6,1499,933,846,552,Air|Pure Iron|Copper|N40|Air|N40|Air,Air|Copper|N40|Pure Iron,A+|B+|C+|A-|B-|C-,"[{""name"":""A+"",""current_re"":""-3.0310889132455348""},{""name"":""B+"",""current_re"":""3.0310889132455356""},{""name"":""C+"",""current_re"":""2.1431318985078681e-016""},{""name"":""A-"",""current_re"":""3.0310889132455348""},{""name"":""B-"",""current_re"":""-3.0310889132455356""},{""name"":""C-"",""current_re"":""-2.1431318985078681e-016""}]","[0.0,1.0,30.0,31.0]","[0.0,0.0,74.0,74.0]","[37.0,37.0]",6bd5d63f312b4f0ae3a6bc9016c46d33f1a319819f86e3dcb9572f6be778d04f,
IA_test_groupA/1226/best_J0.234241_20251226_165530.fem,C:\Users\26096\Desktop\em\FP\IA_test_groupA\1226\best_J0.234241_20251226_165530.fem,utf-8-sig,ok,4.0,0,1e-008,25,36,millimeters,planar,cartesian,0,17,7,6,1499,933,846,552,Air|Pure Iron|Copper|N40|Air|N40|Air,Air|Copper|N40|Pure Iron,A+|B+|C+|A-|B-|C-,"[{""name"":""A+"",""current_re"":""-3.0310889132455348""},{""name"":""B+"",""current_re"":""3.0310889132455356""},{""name"":""C+"",""current_re"":""2.1431318985078681e-016""},{""name"":""A-"",""current_re"":""3.0310889132455348""},{""name"":""B-"",""current_re"":""-3.0310889132455356""},{""name"":""C-"",""current_re"":""-2.1431318985078681e-016""}]","[0.0,1.0,30.0,31.0]","[0.0,0.0,74.0,74.0]","[37.0,37.0]",b187b73757a7ac4ae3ae4d0ed31e6022ac20584b2149d5e5c2e99b800e88dc34,
IA_test_groupA/1227.1/best_J0.239788_20251227_151645.fem,C:\Users\26096\Desktop\em\FP\IA_test_groupA\1227.1\best_J0.239788_20251227_151645.fem,utf-8-sig,ok,4.0,0,1e-008,25,36,millimeters,planar,cartesian,0,17,7,6,1499,933,846,552,Air|Pure Iron|Copper|N40|Air|N40|Air,Air|Copper|N40|Pure Iron,A+|B+|C+|A-|B-|C-,"[{""name"":""A+"",""current_re"":""-3.0310889132455348""},{""name"":""B+"",""current_re"":""3.0310889132455356""},{""name"":""C+"",""current_re"":""2.1431318985078681e-016""},{""name"":""A-"",""current_re"":""3.0310889132455348""},{""name"":""B-"",""current_re"":""-3.0310889132455356""},{""name"":""C-"",""current_re"":""-2.1431318985078681e-016""}]","[0.0,1.0,30.0,31.0]","[0.0,0.0,74.0,74.0]","[37.0,37.0]",d691720546e8a31c88438af8f1f324502ce137037daa67855d78f0cb003814bb,
IA_test_groupA/1227.2/best_J0.147733_20251228_001658.fem,C:\Users\26096\Desktop\em\FP\IA_test_groupA\1227.2\best_J0.147733_20251228_001658.fem,utf-8-sig,ok,4.0,0,1e-008,25,36,millimeters,planar,cartesian,0,17,7,6,1499,933,846,552,Air|Pure Iron|Copper|N40|Air|N40|Air,Air|Copper|N40|Pure Iron,A+|B+|C+|A-|B-|C-,"[{""name"":""A+"",""current_re"":""-3.0310889132455348""},{""name"":""B+"",""current_re"":""3.0310889132455356""},{""name"":""C+"",""current_re"":""2.1431318985078681e-016""},{""name"":""A-"",""current_re"":""3.0310889132455348""},{""name"":""B-"",""current_re"":""-3.0310889132455356""},{""name"":""C-"",""current_re"":""-2.1431318985078681e-016""}]","[0.0,1.0,30.0,31.0]","[0.0,0.0,74.0,74.0]","[37.0,37.0]",d3bedaceb63c9c75e8653b3c997111bc1983d6f9e868053577fb716edacb8aa9,
IA_test_groupA/1228/best_J0.222504_20251229_005752.fem,C:\Users\26096\Desktop\em\FP\IA_test_groupA\1228\best_J0.222504_20251229_005752.fem,utf-8-sig,ok,4.0,0,1e-008,25,36,millimeters,planar,cartesian,0,17,7,6,1499,933,846,552,Air|Pure Iron|Copper|N40|Air|N40|Air,Air|Copper|N40|Pure Iron,A+|B+|C+|A-|B-|C-,"[{""name"":""A+"",""current_re"":""-3.0310889132455348""},{""name"":""B+"",""current_re"":""3.0310889132455356""},{""name"":""C+"",""current_re"":""2.1431318985078681e-016""},{""name"":""A-"",""current_re"":""3.0310889132455348""},{""name"":""B-"",""current_re"":""-3.0310889132455356""},{""name"":""C-"",""current_re"":""-2.1431318985078681e-016""}]","[0.0,1.0,30.0,31.0]","[0.0,0.0,74.0,74.0]","[37.0,37.0]",1df3481fdad5329b99724b72c5b4a3d8387f94930190a965cd5051f7cd01302e,
IA_test_groupA/1229/best_J0.238035_20251229_221434.fem,C:\Users\26096\Desktop\em\FP\IA_test_groupA\1229\best_J0.238035_20251229_221434.fem,utf-8-sig,ok,4.0,0,1e-008,25,36,millimeters,planar,cartesian,0,17,7,6,659,633,306,342,Air|Pure Iron|Copper|N40|Air|N40|Air,Air|Copper|N40|Pure Iron,A+|B+|C+|A-|B-|C-,"[{""name"":""A+"",""current_re"":""0""},{""name"":""B+"",""current_re"":""0""},{""name"":""C+"",""current_re"":""0""},{""name"":""A-"",""current_re"":""0""},{""name"":""B-"",""current_re"":""0""},{""name"":""C-"",""current_re"":""0""}]","[0.0,1.0,30.0,31.0]","[0.0,0.0,74.0,74.0]","[37.0,37.0]",a8c264fd4b20fa9a07b2a782df02d8546256d70f2cf4ded9d75c6bfe7c37b2de,
IA_test_groupA/1230/best_J0.166453_20251230_130901.fem,C:\Users\26096\Desktop\em\FP\IA_test_groupA\1230\best_J0.166453_20251230_130901.fem,utf-8-sig,ok,4.0,0,1e-008,25,36,millimeters,planar,cartesian,0,17,7,6,659,633,306,342,Air|Pure Iron|Copper|N40|Air|N40|Air,Air|Copper|N40|Pure Iron,A+|B+|C+|A-|B-|C-,"[{""name"":""A+"",""current_re"":""0""},{""name"":""B+"",""current_re"":""0""},{""name"":""C+"",""current_re"":""0""},{""name"":""A-"",""current_re"":""0""},{""name"":""B-"",""current_re"":""0""},{""name"":""C-"",""current_re"":""0""}]","[0.0,1.0,30.0,31.0]","[0.0,0.0,74.0,74.0]","[37.0,37.0]",7ee8e69265e7c43e3b6821476cc9171a3d16f3b75ae7a5d2c014e78605764131,
IA_test_groupA/1230.2/best_J0.157009_20251230_165105.fem,C:\Users\26096\Desktop\em\FP\IA_test_groupA\1230.2\best_J0.157009_20251230_165105.fem,utf-8-sig,ok,4.0,0,1e-008,25,36,millimeters,planar,cartesian,0,17,7,6,443,417,306,288,Air|Pure Iron|Copper|N40|Air|N40|Air,Air|Copper|N40|Pure Iron,A+|B+|C+|A-|B-|C-,"[{""name"":""A+"",""current_re"":""0""},{""name"":""B+"",""current_re"":""0""},{""name"":""C+"",""current_re"":""0""},{""name"":""A-"",""current_re"":""0""},{""name"":""B-"",""current_re"":""0""},{""name"":""C-"",""current_re"":""0""}]","[0.0,1.0,30.0,31.0]","[0.0,0.0,74.0,74.0]","[37.0,37.0]",ea521cb0a19bc8fcacd3c50a24d6bf16ad30ec6f8bfa0b01b0f7e20416f13486,
IA_test_groupA/1230.3/best_J0.150072_20251230_212929.fem,C:\Users\26096\Desktop\em\FP\IA_test_groupA\1230.3\best_J0.150072_20251230_212929.fem,utf-8-sig,ok,4.0,0,1e-008,25,36,millimeters,planar,cartesian,0,17,7,6,443,417,306,288,Air|Pure Iron|Copper|N40|Air|N40|Air,Air|Copper|N40|Pure Iron,A+|B+|C+|A-|B-|C-,"[{""name"":""A+"",""current_re"":""0""},{""name"":""B+"",""current_re"":""0""},{""name"":""C+"",""current_re"":""0""},{""name"":""A-"",""current_re"":""0""},{""name"":""B-"",""current_re"":""0""},{""name"":""C-"",""current_re"":""0""}]","[0.0,1.0,30.0,31.0]","[0.0,0.0,74.0,74.0]","[37.0,37.0]",e803b22715d39177577128bc6b2c3c42e59e95e5fa6689163cfa5ff760d48403,
IA_test_groupA/1231/best_J0.145728_20251231_192359.fem,C:\Users\26096\Desktop\em\FP\IA_test_groupA\1231\best_J0.145728_20251231_192359.fem,utf-8-sig,ok,4.0,0,1e-008,25,36,millimeters,planar,cartesian,0,17,7,6,443,417,306,288,Air|Pure Iron|Copper|N40|Air|N40|Air,Air|Copper|N40|Pure Iron,A+|B+|C+|A-|B-|C-,"[{""name"":""A+"",""current_re"":""0""},{""name"":""B+"",""current_re"":""0""},{""name"":""C+"",""current_re"":""0""},{""name"":""A-"",""current_re"":""0""},{""name"":""B-"",""current_re"":""0""},{""name"":""C-"",""current_re"":""0""}]","[0.0,1.0,30.0,31.0]","[0.0,0.0,74.0,74.0]","[37.0,37.0]",8599001d42d37ff45abdd001e65a5d0828886f4225280a1606a32e8018ad36b0,
IA_test_groupA/新建文件夹/temp_airgap_scan.fem,C:\Users\26096\Desktop\em\FP\IA_test_groupA\新建文件夹\temp_airgap_scan.fem,utf-8-sig,ok,4.0,0,1e-008,25,36,millimeters,planar,cartesian,0,17,7,6,417,391,305,281,Air|Pure Iron|Copper|N40|Air|N40|Air,Air|Copper|N40|Pure Iron,A+|B+|C+|A-|B-|C-,"[{""name"":""A+"",""current_re"":""0""},{""name"":""B+"",""current_re"":""-8.6602540378443873""},{""name"":""C+"",""current_re"":""8.6602540378443855""},{""name"":""A-"",""current_re"":""0""},{""name"":""B-"",""current_re"":""8.6602540378443873""},{""name"":""C-"",""current_re"":""-8.6602540378443855""}]","[0.0,1.0]","[0.0,0.0,74.0,74.0]","[37.0,37.0]",21b9c07d5d84fcb1894e463e3ddc1bcf24e585ae9dfd57a44480e2b5f2794c55,
IA_test_groupA/设计/blank.FEM,C:\Users\26096\Desktop\em\FP\IA_test_groupA\设计\blank.FEM,utf-8-sig,ok,4.0,0,1e-008,25,36,millimeters,planar,cartesian,0,8,7,3,112,114,7,11,Air|Pure Iron|Copper|N40|Air|N40|Air,Air|N40|Pure Iron,A|B|C,"[{""name"":""A"",""current_re"":""0""},{""name"":""B"",""current_re"":""0""},{""name"":""C"",""current_re"":""0""}]","[0.0,1.0]","[-20.0,0.0,74.0,74.0]","[27.0,37.0]",13c4009dcbea600c35a5298b42d1bef21b9713000950e2cd0142a93dd98d4889,
IA_test_N/0204 100gen/model.fem,C:\Users\26096\Desktop\em\FP\IA_test_N\0204 100gen\model.fem,utf-8-sig,ok,4.0,0,1e-008,15,36,millimeters,planar,cartesian,0,26,7,6,1826,1596,270,360,Air|Pure Iron|Copper|N40|Air|N40|Air,Air|Copper|N40|Pure Iron,A+|B+|C+|A-|B-|C-,"[{""name"":""A+"",""current_re"":""-3.0310889132455348""},{""name"":""B+"",""current_re"":""3.0310889132455356""},{""name"":""C+"",""current_re"":""2.1431318985078681e-016""},{""name"":""A-"",""current_re"":""3.0310889132455348""},{""name"":""B-"",""current_re"":""-3.0310889132455356""},{""name"":""C-"",""current_re"":""-2.1431318985078681e-016""}]","[0.0,1.0,30.0,31.0]","[0.0,0.0,74.0,74.0]","[37.0,37.0]",e62cc2829981b033ea3a307f5d2bba0fc726ef3237e5a5ed5819e06340d18532,
免疫算法测试/01.13/best_J0.080216_20260109_165414.fem,C:\Users\26096\Desktop\em\FP\免疫算法测试\01.13\best_J0.080216_20260109_165414.fem,utf-8-sig,ok,4.0,0,1e-008,15,36,millimeters,planar,cartesian,0,26,7,6,1838,1608,264,360,Air|Pure Iron|Copper|N40|Air|N40|Air,Air|Copper|N40|Pure Iron,A+|B+|C+|A-|B-|C-,"[{""name"":""A+"",""current_re"":""0""},{""name"":""B+"",""current_re"":""0""},{""name"":""C+"",""current_re"":""0""},{""name"":""A-"",""current_re"":""0""},{""name"":""B-"",""current_re"":""0""},{""name"":""C-"",""current_re"":""0""}]","[0.0,1.0,30.0,31.0]","[0.0,0.0,74.0,74.0]","[37.0,37.0]",8b6d9cf0347029982a816fb8b5455c5fa2f16b7d68ea63628817a3be9f033a52,
免疫算法测试/01.13/seed_bits_fine.FEM,C:\Users\26096\Desktop\em\FP\免疫算法测试\01.13\seed_bits_fine.FEM,utf-8-sig,ok,4.0,0,1e-008,15,36,millimeters,planar,cartesian,0,26,7,6,1628,1458,192,306,Air|Pure Iron|Copper|N40|Air|N40|Air,Air|Copper|N40|Pure Iron,A+|B+|C+|A-|B-|C-,"[{""name"":""A+"",""current_re"":""0""},{""name"":""B+"",""current_re"":""0""},{""name"":""C+"",""current_re"":""0""},{""name"":""A-"",""current_re"":""0""},{""name"":""B-"",""current_re"":""0""},{""name"":""C-"",""current_re"":""0""}]","[0.0,1.0,30.0,31.0]","[0.0,0.0,74.0,74.0]","[37.0,37.0]",405a51e3d5fa2ec788f0c7e7d00cb330b1986e28807856a27af1ec57399b3d5a,
免疫算法测试/01.13/strukturFemm.fem,C:\Users\26096\Desktop\em\FP\免疫算法测试\01.13\strukturFemm.fem,utf-8-sig,ok,4.0,0,1e-008,25,36,millimeters,planar,cartesian,0,8,16,3,161,162,9,18,Air|Pure Iron|Copper|Copper|Copper|Copper|Copper|Copper|Air|Air|Pure Iron|Air|N40|Air|N40|Air,Air|Copper|N40|Pure Iron,A|B|C,"[{""name"":""A"",""current_re"":""-3.0310889132455348""},{""name"":""B"",""current_re"":""3.0310889132455356""},{""name"":""C"",""current_re"":""2.1431318985078681e-016""}]","[0.0,1.0]","[0.0,0.0,74.0,74.0]","[37.0,37.0]",0d4c9d0744060d279af277922aa85078978bce6da1d810d9df13890d6c41c852,
免疫算法测试/03.10/best_J0.0924955_20260306_174158.fem,C:\Users\26096\Desktop\em\FP\免疫算法测试\03.10\best_J0.0924955_20260306_174158.fem,utf-8-sig,ok,4.0,0,1e-008,15,36,millimeters,planar,cartesian,0,26,7,6,1934,1638,324,360,Air|Pure Iron|Copper|N40|Air|N40|Air,Air|Copper|N40|Pure Iron,A+|B+|C+|A-|B-|C-,"[{""name"":""A+"",""current_re"":""0""},{""name"":""B+"",""current_re"":""0""},{""name"":""C+"",""current_re"":""0""},{""name"":""A-"",""current_re"":""0""},{""name"":""B-"",""current_re"":""0""},{""name"":""C-"",""current_re"":""0""}]","[0.0,1.0,30.0,31.0]","[0.0,0.0,74.0,74.0]","[37.0,37.0]",c09a1247d66549e5cda5470a49d28c1c339a1177791e9212156c9bf769dd5d74,
免疫算法测试/0317/groupF_1000gen_block.fem,C:\Users\26096\Desktop\em\FP\免疫算法测试\0317\groupF_1000gen_block.fem,utf-8-sig,ok,4.0,0,1e-008,15,36,millimeters,planar,cartesian,0,26,7,6,1436,1044,972,612,Air|Pure Iron|Copper|N40|Air|N40|Air,Air|Copper|N40|Pure Iron,A+|B+|C+|A-|B-|C-,"[{""name"":""A+"",""current_re"":""-3.0310889132455348""},{""name"":""B+"",""current_re"":""3.0310889132455356""},{""name"":""C+"",""current_re"":""2.1431318985078681e-016""},{""name"":""A-"",""current_re"":""3.0310889132455348""},{""name"":""B-"",""current_re"":""-3.0310889132455356""},{""name"":""C-"",""current_re"":""-2.1431318985078681e-016""}]","[0.0,1.0,30.0,31.0]","[0.0,0.0,74.0,74.0]","[37.0,37.0]",f210cfbcce58aa4568776c216f31cc47556db6d81fd895b1d0a0a0b70480292f,
免疫算法测试/0317/groupN_100gen_block.fem,C:\Users\26096\Desktop\em\FP\免疫算法测试\0317\groupN_100gen_block.fem,utf-8-sig,ok,4.0,0,1e-008,15,36,millimeters,planar,cartesian,0,26,7,6,1532,1110,996,612,Air|Pure Iron|Copper|N40|Air|N40|Air,Air|Copper|N40|Pure Iron,A+|B+|C+|A-|B-|C-,"[{""name"":""A+"",""current_re"":""-3.0310889132455348""},{""name"":""B+"",""current_re"":""3.0310889132455356""},{""name"":""C+"",""current_re"":""2.1431318985078681e-016""},{""name"":""A-"",""current_re"":""3.0310889132455348""},{""name"":""B-"",""current_re"":""-3.0310889132455356""},{""name"":""C-"",""current_re"":""-2.1431318985078681e-016""}]","[0.0,1.0,30.0,31.0]","[0.0,0.0,74.0,74.0]","[37.0,37.0]",a006032085b01c326ce9983d64b3eec6682363a36094ed10a555f0e0756d108d,
免疫算法测试/0414/groupF 1000gen.fem,C:\Users\26096\Desktop\em\FP\免疫算法测试\0414\groupF 1000gen.fem,utf-8-sig,ok,4.0,0,1e-008,15,36,millimeters,planar,cartesian,0,26,7,6,1424,1116,972,696,Air|Pure Iron|Copper|N40|Air|N40|Air,Air|Copper|N40|Pure Iron,A+|B+|C+|A-|B-|C-,"[{""name"":""A+"",""current_re"":""-3.0310889132455348""},{""name"":""B+"",""current_re"":""3.0310889132455356""},{""name"":""C+"",""current_re"":""2.1431318985078681e-016""},{""name"":""A-"",""current_re"":""3.0310889132455348""},{""name"":""B-"",""current_re"":""-3.0310889132455356""},{""name"":""C-"",""current_re"":""-2.1431318985078681e-016""}]","[0.0,1.0,30.0,31.0]","[0.0,0.0,74.0,74.0]","[37.0,37.0]",138cce239fed19c57169df2dec7bd817780530822ca02884a4865f4857942d39,
免疫算法测试/0414/groupN 100gen.fem,C:\Users\26096\Desktop\em\FP\免疫算法测试\0414\groupN 100gen.fem,utf-8-sig,ok,4.0,0,1e-008,15,36,millimeters,planar,cartesian,0,26,7,6,1520,1218,996,732,Air|Pure Iron|Copper|N40|Air|N40|Air,Air|Copper|N40|Pure Iron,A+|B+|C+|A-|B-|C-,"[{""name"":""A+"",""current_re"":""-3.0310889132455348""},{""name"":""B+"",""current_re"":""3.0310889132455356""},{""name"":""C+"",""current_re"":""2.1431318985078681e-016""},{""name"":""A-"",""current_re"":""3.0310889132455348""},{""name"":""B-"",""current_re"":""-3.0310889132455356""},{""name"":""C-"",""current_re"":""-2.1431318985078681e-016""}]","[0.0,1.0,30.0,31.0]","[0.0,0.0,74.0,74.0]","[37.0,37.0]",effe9641a093fa6271385f3f55335901fcbbcdb5accc41cc883f636cc76bda0a,
免疫算法测试/0415/group4 100gen.fem,C:\Users\26096\Desktop\em\FP\免疫算法测试\0415\group4 100gen.fem,utf-8-sig,ok,4.0,0,1e-008,15,36,millimeters,planar,cartesian,0,26,7,6,1224,730,581,149,Air|Pure Iron|Copper|N40|Air|N40|Air,Air|Copper|N40|Pure Iron,A+|B+|C+|A-|B-|C-,"[{""name"":""A+"",""current_re"":""-3.0310889132455348""},{""name"":""B+"",""current_re"":""3.0310889132455356""},{""name"":""C+"",""current_re"":""2.1431318985078681e-016""},{""name"":""A-"",""current_re"":""3.0310889132455348""},{""name"":""B-"",""current_re"":""-3.0310889132455356""},{""name"":""C-"",""current_re"":""-2.1431318985078681e-016""}]","[0.0,1.0,30.0,31.0]","[0.0,0.0,54.0,54.0]","[27.0,27.0]",98d46c29dde806deb39c0ca5fa7259384cabfd317cf389b8f7ecf33342999391,
免疫算法测试/0415/groupF 1000gen.fem,C:\Users\26096\Desktop\em\FP\免疫算法测试\0415\groupF 1000gen.fem,utf-8-sig,ok,4.0,0,1e-008,15,36,millimeters,planar,cartesian,0,26,7,6,1356,766,671,120,Air|Pure Iron|Copper|N40|Air|N40|Air,Air|Copper|N40|Pure Iron,A+|B+|C+|A-|B-|C-,"[{""name"":""A+"",""current_re"":""2.1431318985078681e-016""},{""name"":""B+"",""current_re"":""3.0310889132455356""},{""name"":""C+"",""current_re"":""-3.0310889132455348""},{""name"":""A-"",""current_re"":""-2.1431318985078681e-016""},{""name"":""B-"",""current_re"":""-3.0310889132455356""},{""name"":""C-"",""current_re"":""3.0310889132455348""}]","[0.0,1.0,30.0,31.0]","[0.0,0.0,54.0,54.0]","[27.0,27.0]",a11f4c4bd3653864955d4075c93d210d5158d0228803272f4cb1436650d62c73,
免疫算法测试/0415/groupN 100gen.fem,C:\Users\26096\Desktop\em\FP\免疫算法测试\0415\groupN 100gen.fem,utf-8-sig,ok,4.0,0,1e-008,15,36,millimeters,planar,cartesian,0,26,7,6,1530,892,737,149,Air|Pure Iron|Copper|N40|Air|N40|Air,Air|Copper|N40|Pure Iron,A+|B+|C+|A-|B-|C-,"[{""name"":""A+"",""current_re"":""-3.0310889132455348""},{""name"":""B+"",""current_re"":""3.0310889132455356""},{""name"":""C+"",""current_re"":""2.1431318985078681e-016""},{""name"":""A-"",""current_re"":""3.0310889132455348""},{""name"":""B-"",""current_re"":""-3.0310889132455356""},{""name"":""C-"",""current_re"":""-2.1431318985078681e-016""}]","[0.0,1.0,30.0,31.0]","[0.0,0.0,54.0,54.0]","[27.0,27.0]",e4633036f96e3ea287476eace6632a732853f801ed660715989a744f68758702,
免疫算法测试/新建文件夹/temp_airgap_scan.fem,C:\Users\26096\Desktop\em\FP\免疫算法测试\新建文件夹\temp_airgap_scan.fem,utf-8-sig,ok,4.0,0,1e-008,25,36,millimeters,planar,cartesian,0,17,7,6,417,391,305,281,Air|Pure Iron|Copper|N40|Air|N40|Air,Air|Copper|N40|Pure Iron,A+|B+|C+|A-|B-|C-,"[{""name"":""A+"",""current_re"":""0""},{""name"":""B+"",""current_re"":""-8.6602540378443873""},{""name"":""C+"",""current_re"":""8.6602540378443855""},{""name"":""A-"",""current_re"":""0""},{""name"":""B-"",""current_re"":""8.6602540378443873""},{""name"":""C-"",""current_re"":""-8.6602540378443855""}]","[0.0,1.0]","[0.0,0.0,74.0,74.0]","[37.0,37.0]",21b9c07d5d84fcb1894e463e3ddc1bcf24e585ae9dfd57a44480e2b5f2794c55,
免疫算法测试/设计/blank.FEM,C:\Users\26096\Desktop\em\FP\免疫算法测试\设计\blank.FEM,utf-8-sig,ok,4.0,0,1e-008,25,36,millimeters,planar,cartesian,0,8,7,3,112,114,7,11,Air|Pure Iron|Copper|N40|Air|N40|Air,Air|N40|Pure Iron,A|B|C,"[{""name"":""A"",""current_re"":""0""},{""name"":""B"",""current_re"":""0""},{""name"":""C"",""current_re"":""0""}]","[0.0,1.0]","[-20.0,0.0,74.0,74.0]","[27.0,37.0]",13c4009dcbea600c35a5298b42d1bef21b9713000950e2cd0142a93dd98d4889,
论文/ppt/blank.FEM,C:\Users\26096\Desktop\em\FP\论文\ppt\blank.FEM,utf-8-sig,ok,4.0,0,1e-008,25,36,millimeters,planar,cartesian,0,26,7,6,21,20,10,9,Air|Pure Iron|Copper|N40|Air|N40|Air,Air|N40|Pure Iron,A+|B+|C+|A-|B-|C-,"[{""name"":""A+"",""current_re"":""0""},{""name"":""B+"",""current_re"":""0""},{""name"":""C+"",""current_re"":""0""},{""name"":""A-"",""current_re"":""0""},{""name"":""B-"",""current_re"":""0""},{""name"":""C-"",""current_re"":""0""}]","[0.0,1.0]","[0.0,0.0,54.0,54.0]","[27.0,27.0]",9a6d9025a03a1d0eebe59b92d1b5eebfc86d1c24b08c92591a88912a6c9f1001,
论文/ppt/blank_18x10.FEM,C:\Users\26096\Desktop\em\FP\论文\ppt\blank_18x10.FEM,utf-8-sig,ok,4.0,0,1e-008,15,36,millimeters,planar,cartesian,0,26,7,6,1178,1118,1149,9,Air|Pure Iron|Copper|N40|Air|N40|Air,Air|N40|Pure Iron,A+|B+|C+|A-|B-|C-,"[{""name"":""A+"",""current_re"":""0""},{""name"":""B+"",""current_re"":""0""},{""name"":""C+"",""current_re"":""0""},{""name"":""A-"",""current_re"":""0""},{""name"":""B-"",""current_re"":""0""},{""name"":""C-"",""current_re"":""0""}]","[0.0,1.0]","[0.0,0.0,54.0,54.0]","[27.0,27.0]",58d602dfc7710f4daaf3d927c67de1772219913dee1cc09bb7b3b15ea3105ef2,
论文/ppt/dis referencemodell.fem,C:\Users\26096\Desktop\em\FP\论文\ppt\dis referencemodell.fem,utf-8-sig,ok,4.0,0,1e-008,15,36,millimeters,planar,cartesian,0,26,7,6,848,564,324,48,Air|Pure Iron|Copper|N40|Air|N40|Air,Air|Copper|N40|Pure Iron,A+|B+|C+|A-|B-|C-,"[{""name"":""A+"",""current_re"":""2.1431318985078681e-016""},{""name"":""B+"",""current_re"":""3.0310889132455356""},{""name"":""C+"",""current_re"":""-3.0310889132455348""},{""name"":""A-"",""current_re"":""-2.1431318985078681e-016""},{""name"":""B-"",""current_re"":""-3.0310889132455356""},{""name"":""C-"",""current_re"":""3.0310889132455348""}]","[0.0,1.0,30.0,31.0]","[0.0,0.0,74.0,74.0]","[37.0,37.0]",8812134350ffb6c8876c37b53a8ede437168d74d64ec2be872a8544f11e11a85,
论文/ppt/group4 100gen.fem,C:\Users\26096\Desktop\em\FP\论文\ppt\group4 100gen.fem,utf-8-sig,ok,4.0,0,1e-008,15,36,millimeters,planar,cartesian,0,26,7,6,1138,640,586,150,Air|Pure Iron|Copper|N40|Air|N40|Air,Air|Copper|N40|Pure Iron,A+|B+|C+|A-|B-|C-,"[{""name"":""A+"",""current_re"":""-3.0310889132455348""},{""name"":""B+"",""current_re"":""3.0310889132455356""},{""name"":""C+"",""current_re"":""2.1431318985078681e-016""},{""name"":""A-"",""current_re"":""3.0310889132455348""},{""name"":""B-"",""current_re"":""-3.0310889132455356""},{""name"":""C-"",""current_re"":""-2.1431318985078681e-016""}]","[0.0,1.0,30.0,31.0]","[0.0,0.0,60.0,60.0]","[30.0,30.0]",169f5cc5f217245daddbc1b19d959b8ab0835b5f492808d5aa8bb13b8d16fa32,
论文/ppt/groupF 1000gen.fem,C:\Users\26096\Desktop\em\FP\论文\ppt\groupF 1000gen.fem,utf-8-sig,ok,4.0,0,1e-008,15,36,millimeters,planar,cartesian,0,26,7,6,1270,676,676,120,Air|Pure Iron|Copper|N40|Air|N40|Air,Air|Copper|N40|Pure Iron,A+|B+|C+|A-|B-|C-,"[{""name"":""A+"",""current_re"":""2.1431318985078681e-016""},{""name"":""B+"",""current_re"":""3.0310889132455356""},{""name"":""C+"",""current_re"":""-3.0310889132455348""},{""name"":""A-"",""current_re"":""-2.1431318985078681e-016""},{""name"":""B-"",""current_re"":""-3.0310889132455356""},{""name"":""C-"",""current_re"":""3.0310889132455348""}]","[0.0,1.0,30.0,31.0]","[0.0,0.0,60.0,60.0]","[30.0,30.0]",fbbd7d820cfbe6f7f0c8e35a6d43e8287884c89b95bdfc2d74ac29ca7e436b13,
论文/ppt/groupF 100gen.fem,C:\Users\26096\Desktop\em\FP\论文\ppt\groupF 100gen.fem,utf-8-sig,ok,4.0,0,1e-008,15,36,millimeters,planar,cartesian,0,26,7,6,1000,580,484,96,Air|Pure Iron|Copper|N40|Air|N40|Air,Air|Copper|N40|Pure Iron,A+|B+|C+|A-|B-|C-,"[{""name"":""A+"",""current_re"":""-3.0310889132455348""},{""name"":""B+"",""current_re"":""3.0310889132455356""},{""name"":""C+"",""current_re"":""2.1431318985078681e-016""},{""name"":""A-"",""current_re"":""3.0310889132455348""},{""name"":""B-"",""current_re"":""-3.0310889132455356""},{""name"":""C-"",""current_re"":""-2.1431318985078681e-016""}]","[0.0,1.0,30.0,31.0]","[0.0,0.0,60.0,60.0]","[30.0,30.0]",d9011c9c16fd4d414e6763f109c4bbba11b5cc4a72b29c8adebd849e0eb22347,
论文/ppt/groupN 100gen.fem,C:\Users\26096\Desktop\em\FP\论文\ppt\groupN 100gen.fem,utf-8-sig,ok,4.0,0,1e-008,15,36,millimeters,planar,cartesian,0,26,7,6,1444,802,742,150,Air|Pure Iron|Copper|N40|Air|N40|Air,Air|Copper|N40|Pure Iron,A+|B+|C+|A-|B-|C-,"[{""name"":""A+"",""current_re"":""-3.0310889132455348""},{""name"":""B+"",""current_re"":""3.0310889132455356""},{""name"":""C+"",""current_re"":""2.1431318985078681e-016""},{""name"":""A-"",""current_re"":""3.0310889132455348""},{""name"":""B-"",""current_re"":""-3.0310889132455356""},{""name"":""C-"",""current_re"":""-2.1431318985078681e-016""}]","[0.0,1.0,30.0,31.0]","[0.0,0.0,60.0,60.0]","[30.0,30.0]",bb40bb16aef3bfc8ad336792dc64377aca6e82805f8316bda0612d40aa2bae7f,
论文/ppt/strukturFemm.fem,C:\Users\26096\Desktop\em\FP\论文\ppt\strukturFemm.fem,utf-8-sig,ok,4.0,0,1e-008,25,36,millimeters,planar,cartesian,0,8,16,3,71,68,12,15,Air|Pure Iron|Copper|Copper|Copper|Copper|Copper|Copper|Air|Air|Pure Iron|Air|N40|Air|N40|Air,Air|Copper|N40|Pure Iron,A|B|C,"[{""name"":""A"",""current_re"":""-3.0310889132455348""},{""name"":""B"",""current_re"":""3.0310889132455356""},{""name"":""C"",""current_re"":""2.1431318985078681e-016""}]","[0.0,1.0]","[0.0,0.0,54.0,54.0]","[27.0,27.0]",1839a397fff1e9d361c827278eb8e6bd5523ac0488de53106943d9f3a9d96677,
