relative_path,absolute_path,filename,stem,extension,size_bytes,modified_time,created_time,quick_hash_sha256,sha256,parent_directory,readable
blank_9x5.FEM,C:\Users\26096\Desktop\em\FP\blank_9x5.FEM,blank_9x5.FEM,blank_9x5,.fem,41521,2025-12-29T11:34:52+01:00,2026-07-30T20:35:03+02:00,c15a3a423803dac01e181195076104dde69b281f76358121f046efb7596e8c6f,,.,True
struktur.m,C:\Users\26096\Desktop\em\FP\struktur.m,struktur.m,struktur,.m,15660,2025-11-13T03:02:52+01:00,2026-07-30T20:35:03+02:00,88d9bfd8116d83e35c2ed7a7b98b20c4973eae7b3ea2c38b252000640b7295ed,,.,True
strukturFemm.m,C:\Users\26096\Desktop\em\FP\strukturFemm.m,strukturFemm.m,strukturFemm,.m,36699,2025-11-29T13:27:48+01:00,2026-07-30T20:35:03+02:00,e49199a3aac9dd51e3ffeee5e961652328987fafe7f362aa2c45c6a7e1771f58,,.,True
temp_airgap_scan.ans,C:\Users\26096\Desktop\em\FP\temp_airgap_scan.ans,temp_airgap_scan.ans,temp_airgap_scan,.ans,2522314,2025-11-28T12:54:54+01:00,2026-07-30T20:35:03+02:00,652b006f5fc18f26dc457ad9698be8859c71273b6322628433281eba29cf11d5,,.,True
temp_airgap_scan.fem,C:\Users\26096\Desktop\em\FP\temp_airgap_scan.fem,temp_airgap_scan.fem,temp_airgap_scan,.fem,20835,2025-11-28T12:54:44+01:00,2026-07-30T20:35:03+02:00,bbd96e79b78fa34d2d031266f4efcc6c2583a46f22c510752035de3f43886d29,,.,True
temp_motor.ans,C:\Users\26096\Desktop\em\FP\temp_motor.ans,temp_motor.ans,temp_motor,.ans,3595458,2025-11-22T05:11:14+01:00,2026-07-30T20:35:03+02:00,394cad578aed032d58e4025707716cff1a4baa356e129cc7a86c336d415aa4b6,,.,True
temp_motor.fem,C:\Users\26096\Desktop\em\FP\temp_motor.fem,temp_motor.fem,temp_motor,.fem,19897,2025-11-22T05:11:16+01:00,2026-07-30T20:35:03+02:00,9b30639614914756632120c98b84f3ba964c3498e3f9fdb86298c17932e59a67,,.,True
会议链接.txt,C:\Users\26096\Desktop\em\FP\会议链接.txt,会议链接.txt,会议链接,.txt,243,2025-12-02T09:25:28+01:00,2026-07-30T20:35:03+02:00,5a4023e7d06fac9d37de7b89016841a057b4e64a0c6d2ce8d7432398396b1514,,.,True
待修改模型.FEM,C:\Users\26096\Desktop\em\FP\待修改模型.FEM,待修改模型.FEM,待修改模型,.fem,20663,2025-12-02T09:51:54+01:00,2026-07-30T20:35:03+02:00,2e3d379044e20c85b3952f687089e6efde9bc73e274c07f05efab8f3980533cc,,.,True
新建画布1.sai2,C:\Users\26096\Desktop\em\FP\新建画布1.sai2,新建画布1.sai2,新建画布1,.sai2,746852,2025-10-27T19:19:58+01:00,2026-07-30T20:35:03+02:00,40b3e42094aa38f20ec9b6d477d04296bb883f5e5e910d465ec72c0e4687646b,,.,True
无标题.ans,C:\Users\26096\Desktop\em\FP\无标题.ans,无标题.ans,无标题,.ans,2512215,2025-12-01T15:32:46+01:00,2026-07-30T20:35:03+02:00,7c51a1a5fcbe7bc92e36b4c93937fc194dd81587348705b0ac73041819fe51a4,,.,True
无标题.FEM,C:\Users\26096\Desktop\em\FP\无标题.FEM,无标题.FEM,无标题,.fem,20681,2025-12-01T15:32:38+01:00,2026-07-30T20:35:03+02:00,e321bf6e75b1dc6fb347dd1e124997e30dcf6b4070a7dc36398e8ebc9e526fbe,,.,True
项目计划.doc,C:\Users\26096\Desktop\em\FP\项目计划.doc,项目计划.doc,项目计划,.doc,26512,2025-10-14T02:02:06+02:00,2026-07-30T20:35:03+02:00,bddc60f6657059f96bf8a1a12d8a1f4be01ba3877baa42402c818f5aacece048,668f0f9ed4e33e337625fcb9afcbf8307040a2887928adca62253a8f4b137d9b,.,True
CLONALG/.poly,C:\Users\26096\Desktop\em\FP\CLONALG\.poly,.poly,.poly,,338962,2026-01-12T04:17:52+01:00,2026-07-30T20:35:03+02:00,b692c25f2d29d7a1bd4143b885792f757572430322f37be3009f7274522c7bcb,,CLONALG,True
CLONALG/25.12.15_1.fem,C:\Users\26096\Desktop\em\FP\CLONALG\25.12.15_1.fem,25.12.15_1.fem,25.12.15_1,.fem,55685,2025-12-15T15:32:12+01:00,2026-07-30T20:35:03+02:00,a34e526113e04d6395593c2a940e8afb1ffb7e266bec89267c878fc4b1f8c8ea,,CLONALG,True
CLONALG/ackleyfcn.m,C:\Users\26096\Desktop\em\FP\CLONALG\ackleyfcn.m,ackleyfcn.m,ackleyfcn,.m,293,2025-12-04T10:36:32+01:00,2026-07-30T20:35:03+02:00,3955cf116a71ea18e13ebbcd399a0c0970c148985a3055feaeb8d348b2eb28b4,5664a74aae5a86521790a081af346a2d64571a7f37bcbcbd0e277aeca66ee3e9,CLONALG,True
CLONALG/best_J0.080216_20260109_165414.ans,C:\Users\26096\Desktop\em\FP\CLONALG\best_J0.080216_20260109_165414.ans,best_J0.080216_20260109_165414.ans,best_J0.080216_20260109_165414,.ans,7422664,2026-01-12T05:30:04+01:00,2026-07-30T20:35:03+02:00,137500ac2239a48335690a90c6e5125a54486f51c9f144505b82a9d414bf86cd,,CLONALG,True
CLONALG/best_J0.080216_20260109_165414.fem,C:\Users\26096\Desktop\em\FP\CLONALG\best_J0.080216_20260109_165414.fem,best_J0.080216_20260109_165414.fem,best_J0.080216_20260109_165414,.fem,151956,2026-02-01T05:05:42+01:00,2026-07-30T20:35:03+02:00,d500cbec8e4bc976197646083827305c78f6b6c22dcb253b31c5a1cac36adeee,,CLONALG,True
CLONALG/best_J0.110898_20260103_164233.ans,C:\Users\26096\Desktop\em\FP\CLONALG\best_J0.110898_20260103_164233.ans,best_J0.110898_20260103_164233.ans,best_J0.110898_20260103_164233,.ans,6486863,2026-01-03T09:53:24+01:00,2026-07-30T20:35:03+02:00,8985b7e93edb528952006da66612735ccf0dae97df3732672a441fd457c54b18,2c8081187d696b8f55d88114d5695d05a81c6d9f3b7661cf1d197d1e0a1ad538,CLONALG,True
CLONALG/best_J0.110898_20260103_164233.fem,C:\Users\26096\Desktop\em\FP\CLONALG\best_J0.110898_20260103_164233.fem,best_J0.110898_20260103_164233.fem,best_J0.110898_20260103_164233,.fem,141183,2026-01-03T09:52:52+01:00,2026-07-30T20:35:03+02:00,9b3488d6e5e740e99d49f687d10e511992d36e6a04ce6a8d3648b1649f3655d1,a32f8386db824a7216faf9be448937acf21027c02ba8c78ac9eb596fa72dece1,CLONALG,True
CLONALG/best_J0.150072_20251230_212929.ans,C:\Users\26096\Desktop\em\FP\CLONALG\best_J0.150072_20251230_212929.ans,best_J0.150072_20251230_212929.ans,best_J0.150072_20251230_212929,.ans,5128770,2025-12-31T02:33:54+01:00,2026-07-30T20:35:03+02:00,7e2163f84e50b7f04dd069fb9164f4f67928374c3f0ec8920e0e28fcdd9baa9a,,CLONALG,True
CLONALG/best_J0.150072_20251230_212929.fem,C:\Users\26096\Desktop\em\FP\CLONALG\best_J0.150072_20251230_212929.fem,best_J0.150072_20251230_212929.fem,best_J0.150072_20251230_212929,.fem,58292,2026-01-02T06:30:06+01:00,2026-07-30T20:35:03+02:00,7e3a8c3307da4f9f7dfdce2780fdb0a728acecc05da95f72ecff1943b395d61b,,CLONALG,True
CLONALG/best_J0.157009_20251230_165105.ans,C:\Users\26096\Desktop\em\FP\CLONALG\best_J0.157009_20251230_165105.ans,best_J0.157009_20251230_165105.ans,best_J0.157009_20251230_165105,.ans,5113421,2025-12-30T10:23:52+01:00,2026-07-30T20:35:03+02:00,8dcafeafec06f5941699794ff6452e7bc8dab9f8deb84ff94346df5212349e10,b1b25273648423e876985f34e2cbffbf29396d24d1db7abe6738377f0564475b,CLONALG,True
CLONALG/best_J0.157009_20251230_165105.fem,C:\Users\26096\Desktop\em\FP\CLONALG\best_J0.157009_20251230_165105.fem,best_J0.157009_20251230_165105.fem,best_J0.157009_20251230_165105,.fem,58167,2025-12-30T10:23:28+01:00,2026-07-30T20:35:03+02:00,2d06b09902932d86cf381eb81d8f18fc1bc421ac7deb997f5852372aab0d0ea3,613232a8efcc31f0547bd80f7dfc00a4181efef17a2b1827d8663d1e7944a247,CLONALG,True
CLONALG/best_J0.166453_20251230_130901.ans,C:\Users\26096\Desktop\em\FP\CLONALG\best_J0.166453_20251230_130901.ans,best_J0.166453_20251230_130901.ans,best_J0.166453_20251230_130901,.ans,6024523,2025-12-30T06:23:12+01:00,2026-07-30T20:35:03+02:00,9a0830896917758796b14408cd1b3d2872576a6ab609d490e2e54a3768556242,7dbd0846ed47e2f79e372d8c96e92f06093603c18cd7d535c5247ebf32be1347,CLONALG,True
CLONALG/best_J0.166453_20251230_130901.fem,C:\Users\26096\Desktop\em\FP\CLONALG\best_J0.166453_20251230_130901.fem,best_J0.166453_20251230_130901.fem,best_J0.166453_20251230_130901,.fem,74764,2026-02-01T05:09:34+01:00,2026-07-30T20:35:03+02:00,23a058591911b0775b270d29492aa63d019e4c30f0e29649d438b559de30accb,652a2def37397333aec63ff0423a0cf363f9be06145dea8163f6f23c8078b123,CLONALG,True
CLONALG/best_result_0103_groupB_5gen.mat,C:\Users\26096\Desktop\em\FP\CLONALG\best_result_0103_groupB_5gen.mat,best_result_0103_groupB_5gen.mat,best_result_0103_groupB_5gen,.mat,8064,2026-01-03T09:42:34+01:00,2026-07-30T20:35:03+02:00,8107650c6eb9d452f0af6badb9f8d6ae27acd50fce65d5755f8a1cd86031b18e,77dda55c43c846d5150e7339f839778033920e3b93a6b177adb8b9ec69ac2a55,CLONALG,True
CLONALG/best_result_0104_groupA_15gen.mat,C:\Users\26096\Desktop\em\FP\CLONALG\best_result_0104_groupA_15gen.mat,best_result_0104_groupA_15gen.mat,best_result_0104_groupA_15gen,.mat,8102,2026-01-05T01:19:54+01:00,2026-07-30T20:35:03+02:00,f997578a94fecab890e56d8f1981b0e58375d9895b96a0c6ff2b414c0eef90ce,fb2ef813e4f2c38f2acf754061c410d205a93e928efe0b1d505f4f4c58b5a924,CLONALG,True
CLONALG/best_result_0104_groupB_15gen.mat,C:\Users\26096\Desktop\em\FP\CLONALG\best_result_0104_groupB_15gen.mat,best_result_0104_groupB_15gen.mat,best_result_0104_groupB_15gen,.mat,8081,2026-01-04T08:08:58+01:00,2026-07-30T20:35:03+02:00,1d7c755e1d87f2a4e80f851c68689ebf235018c0b155558de5ea341a01cdc514,a2261632f6ca8d19d98da7d3d55dc2d710f89a7bece5d0a2e9cf1c1d927ed421,CLONALG,True
CLONALG/best_result_0107_groupA2_25gen.mat,C:\Users\26096\Desktop\em\FP\CLONALG\best_result_0107_groupA2_25gen.mat,best_result_0107_groupA2_25gen.mat,best_result_0107_groupA2_25gen,.mat,8102,2026-01-07T07:55:14+01:00,2026-07-30T20:35:03+02:00,6808b8616eca5244454c5ff0147e217bb30d696f1d224f46ca6f2b54f23d43a9,ce5f4849a33cd7b2f90d8b962572196bbab0b6eca0f8dc8fdd3c55a8954a5f6f,CLONALG,True
CLONALG/best_result_0109_groupA2_35gen.mat,C:\Users\26096\Desktop\em\FP\CLONALG\best_result_0109_groupA2_35gen.mat,best_result_0109_groupA2_35gen.mat,best_result_0109_groupA2_35gen,.mat,8088,2026-01-09T09:54:16+01:00,2026-07-30T20:35:03+02:00,145543e0a685bd5669327a0a5ec8ce9c5fd4e74700d121179cdf703feead647b,fad63b5abaed689a490ee7e9159f678d5b6bf24206629923dcdcc715460a9341,CLONALG,True
CLONALG/best_result_0118_groupA2_100gen.mat,C:\Users\26096\Desktop\em\FP\CLONALG\best_result_0118_groupA2_100gen.mat,best_result_0118_groupA2_100gen.mat,best_result_0118_groupA2_100gen,.mat,8103,2026-01-18T15:45:20+01:00,2026-07-30T20:35:03+02:00,9a935eed6bf05e104451a528dac347d75a1c47f42f0fb52809d8420f19b426c5,599b8091bae86c9a1a2634ed19c1c5ba5c0c99849d79c76b4b3814ee2293554a,CLONALG,True
CLONALG/best_result_0119_groupA2_120gen.mat,C:\Users\26096\Desktop\em\FP\CLONALG\best_result_0119_groupA2_120gen.mat,best_result_0119_groupA2_120gen.mat,best_result_0119_groupA2_120gen,.mat,8156,2026-01-19T16:47:06+01:00,2026-07-30T20:35:03+02:00,c5c2eb5ea999c36ab155f688ab1f1d0124c3614cdf907148381eef8154d1deeb,7f41c34fb542100eb9fb70f70ad10d63fd711a9a1b8b462ceb8aa1d9fd87f722,CLONALG,True
CLONALG/best_result_0120_groupA2_120gen.mat,C:\Users\26096\Desktop\em\FP\CLONALG\best_result_0120_groupA2_120gen.mat,best_result_0120_groupA2_120gen.mat,best_result_0120_groupA2_120gen,.mat,8166,2026-01-20T18:33:14+01:00,2026-07-30T20:35:03+02:00,5180594fc2d66e06cb5d2c0f35f4a7e0aa0ba3c4bfa52f2cb744dcf33ba1c8c9,5611d6bd4eb17759d0a8a06db96361f958820548c05e9f314ef7233c88371fcd,CLONALG,True
CLONALG/best_result_0122_groupN_10gen.mat,C:\Users\26096\Desktop\em\FP\CLONALG\best_result_0122_groupN_10gen.mat,best_result_0122_groupN_10gen.mat,best_result_0122_groupN_10gen,.mat,8059,2026-01-22T18:48:40+01:00,2026-07-30T20:35:03+02:00,e754104c0da04ad0ecf62a0912b66d82af0b07c3605a695561ba6df9cc25466b,8c8fd0fff83f5a19b18cc91990337e64df18b9ed8af123188674f6a5dab49882,CLONALG,True
CLONALG/best_result_0123_groupN_20gen.mat,C:\Users\26096\Desktop\em\FP\CLONALG\best_result_0123_groupN_20gen.mat,best_result_0123_groupN_20gen.mat,best_result_0123_groupN_20gen,.mat,8165,2026-01-23T19:40:16+01:00,2026-07-30T20:35:03+02:00,ce447b3e82787f5641b25bf31d12d7f419373f5e768d10138288047e2889dd2c,929ba7036e666cc1130765b7ff36f087d77be83eceb2ed27f34bfe6bd8f2a1ec,CLONALG,True
CLONALG/best_result_0126_groupN_30gen.mat,C:\Users\26096\Desktop\em\FP\CLONALG\best_result_0126_groupN_30gen.mat,best_result_0126_groupN_30gen.mat,best_result_0126_groupN_30gen,.mat,8099,2026-01-26T15:01:04+01:00,2026-07-30T20:35:03+02:00,6d3e957bb11298056de98727569bc43d42de2e00e8d015bbc8bde819210a7bb1,8543017a07808745fa779a68edadd1b9d69794c89db6ffc5325cc30ecb5aeba5,CLONALG,True
CLONALG/best_result_0128_groupN_40gen.mat,C:\Users\26096\Desktop\em\FP\CLONALG\best_result_0128_groupN_40gen.mat,best_result_0128_groupN_40gen.mat,best_result_0128_groupN_40gen,.mat,8099,2026-01-28T14:30:06+01:00,2026-07-30T20:35:03+02:00,6c5d2cbb90599690b07d17d7cea9ca10dd952573e72077819e0f955e419b3426,93e1ef58c0179e5e7c960ed464dd901cf159c094e53cff018021b29a5e756b8c,CLONALG,True
CLONALG/best_result_0129_groupN_50gen.mat,C:\Users\26096\Desktop\em\FP\CLONALG\best_result_0129_groupN_50gen.mat,best_result_0129_groupN_50gen.mat,best_result_0129_groupN_50gen,.mat,8122,2026-01-29T19:59:14+01:00,2026-07-30T20:35:03+02:00,d483a046443024f409837e6f936104421ffddc576e28bae253abd83e81179344,7ade2c209fae6299acfbee546e7fcebe9e777e3b5d8407e4584488d5fd355f0c,CLONALG,True
CLONALG/best_result_0201_groupN_65gen.mat,C:\Users\26096\Desktop\em\FP\CLONALG\best_result_0201_groupN_65gen.mat,best_result_0201_groupN_65gen.mat,best_result_0201_groupN_65gen,.mat,8140,2026-02-01T08:10:26+01:00,2026-07-30T20:35:03+02:00,ae4bd8e53d07480908ccf159bfa4d7959df5133540c7fb80b460e72d767f8db4,5d01590202dd0565ad5809e83ea486228e6755da81213643b53da0e586c85804,CLONALG,True
CLONALG/best_result_0204_groupN_100gen.mat,C:\Users\26096\Desktop\em\FP\CLONALG\best_result_0204_groupN_100gen.mat,best_result_0204_groupN_100gen.mat,best_result_0204_groupN_100gen,.mat,8109,2026-02-05T05:39:58+01:00,2026-07-30T20:35:03+02:00,f3f4fde02f8e8d946e67dd593cb376a7c43345f34d27526f673e2f1541316359,7ad3c6e0a30e35a50e8272ebb542cf84ddc3e3472a0fa82515670ce12b1570f3,CLONALG,True
CLONALG/best_result_0227_groupF_30gen.mat,C:\Users\26096\Desktop\em\FP\CLONALG\best_result_0227_groupF_30gen.mat,best_result_0227_groupF_30gen.mat,best_result_0227_groupF_30gen,.mat,8256,2026-02-27T12:51:54+01:00,2026-07-30T20:35:03+02:00,732d1d26ceb7bb3ff192983ef4986e55d19d785d131e61b1b9a1430a5469f864,90418017a52b41367ce6387ac48d56d110e23a6d8d4b2b1ad2153167e01a5656,CLONALG,True
CLONALG/best_result_0228_groupF_50gen.mat,C:\Users\26096\Desktop\em\FP\CLONALG\best_result_0228_groupF_50gen.mat,best_result_0228_groupF_50gen.mat,best_result_0228_groupF_50gen,.mat,8300,2026-02-28T12:47:28+01:00,2026-07-30T20:35:03+02:00,b56af9ff1cbf6636a5793c7a2367b671eabf4acfd7ba02c5f8fff73fbf18da63,a7d90c9a6cceee9d1bc3022dfb51713f30c2593642b27dd7a7285d6ba631ddaf,CLONALG,True
CLONALG/best_result_0228_groupF_70gen.mat,C:\Users\26096\Desktop\em\FP\CLONALG\best_result_0228_groupF_70gen.mat,best_result_0228_groupF_70gen.mat,best_result_0228_groupF_70gen,.mat,8315,2026-02-28T18:00:34+01:00,2026-07-30T20:35:03+02:00,540dd4485d8e407a3422203fc18a677d6d0bc29fbc0502fee7ac823434485066,fbd3fa7fae63517786bae979a899c70ddcf93a8d1a4c509e366a53dcc06db385,CLONALG,True
CLONALG/best_result_0302_groupF_160gen.mat,C:\Users\26096\Desktop\em\FP\CLONALG\best_result_0302_groupF_160gen.mat,best_result_0302_groupF_160gen.mat,best_result_0302_groupF_160gen,.mat,8326,2026-03-02T11:46:32+01:00,2026-07-30T20:35:03+02:00,79544ab12cd35f2d182963820d2ed2b85106cc74c4c62a54a6731fcf2f68542b,a2ef688da93ca92259c38f4cbc0591760901d12d7c2dde9f67212bc2e1b5242b,CLONALG,True
CLONALG/best_result_0302_groupF_300gen.mat,C:\Users\26096\Desktop\em\FP\CLONALG\best_result_0302_groupF_300gen.mat,best_result_0302_groupF_300gen.mat,best_result_0302_groupF_300gen,.mat,8510,2026-03-02T17:33:32+01:00,2026-07-30T20:35:03+02:00,fd03453797ed49e4da13eeb430aff37b21a285ed746eabe500e112e56c05c4e7,616cb760f18a9e6cce9258725a88d30a4f8adf1c6d5f3ec7ea04afa5ae9476c0,CLONALG,True
CLONALG/best_result_0302_groupF_400gen.mat,C:\Users\26096\Desktop\em\FP\CLONALG\best_result_0302_groupF_400gen.mat,best_result_0302_groupF_400gen.mat,best_result_0302_groupF_400gen,.mat,8494,2026-03-02T21:37:22+01:00,2026-07-30T20:35:03+02:00,cd8bd93ded9359c0396517e4b272f6e33b28a5238f99f8a087639a69f38be226,453031189bc9bc7b81b25b445aab4843e2eeeee6cc6002740da542046737cd00,CLONALG,True
CLONALG/best_result_0303_groupF_700gen.mat,C:\Users\26096\Desktop\em\FP\CLONALG\best_result_0303_groupF_700gen.mat,best_result_0303_groupF_700gen.mat,best_result_0303_groupF_700gen,.mat,8494,2026-03-03T21:50:12+01:00,2026-07-30T20:35:03+02:00,658aa41c50e1cc374802df36fe7f1743498634a314d97c1ed9ccfc151d5bad23,789076e5adabddcc010d75206d5704c860e090e293674c677e2f62f118742e2e,CLONALG,True
CLONALG/best_result_0304_groupF_800gen.mat,C:\Users\26096\Desktop\em\FP\CLONALG\best_result_0304_groupF_800gen.mat,best_result_0304_groupF_800gen.mat,best_result_0304_groupF_800gen,.mat,8495,2026-03-04T22:02:56+01:00,2026-07-30T20:35:03+02:00,867354e8c12c5e060cd5e667e6b4e23f3aa4c10f337816cada5b1f012ee8f1ea,87d97e092efb49ac1b8e06cc2402e1bb8acac06fb321cd7d07ccad7f56b45dd6,CLONALG,True
CLONALG/best_result_0305_groupF_900gen.mat,C:\Users\26096\Desktop\em\FP\CLONALG\best_result_0305_groupF_900gen.mat,best_result_0305_groupF_900gen.mat,best_result_0305_groupF_900gen,.mat,8479,2026-03-05T17:39:36+01:00,2026-07-30T20:35:03+02:00,00f96ee5df613ffaf8d6be33c7384e4ed74fba08b25a036108190764fa4bd24e,84dbad67b4351ec4c75ad67ed5fad1d7c05c4c88e5cee836ba7f82a8354e58d6,CLONALG,True
CLONALG/best_result_0306_groupF_1000gen.mat,C:\Users\26096\Desktop\em\FP\CLONALG\best_result_0306_groupF_1000gen.mat,best_result_0306_groupF_1000gen.mat,best_result_0306_groupF_1000gen,.mat,8464,2026-03-06T17:42:00+01:00,2026-07-30T20:35:03+02:00,ad2836b325e3a52cf498bc08362969348a45770b3b369e0fe556112bc456f36c,ece27e1036789b264a5b8e6eda7b4f27fafceec1ca1b9e29f4c5fa71fb06c338,CLONALG,True
CLONALG/best_result_20251231_192359.mat,C:\Users\26096\Desktop\em\FP\CLONALG\best_result_20251231_192359.mat,best_result_20251231_192359.mat,best_result_20251231_192359,.mat,3405,2025-12-31T12:24:00+01:00,2026-07-30T20:35:03+02:00,96341fed649124ee7a880a42cc9db817028ab23a009bef8b0d652c6afead5e94,41ab943205de606288211babc45241d79ca40b8455047bc60effe35ee1159e92,CLONALG,True
CLONALG/best_result_group4 100gen.mat,C:\Users\26096\Desktop\em\FP\CLONALG\best_result_group4 100gen.mat,best_result_group4 100gen.mat,best_result_group4 100gen,.mat,8088,2026-01-09T09:54:16+01:00,2026-07-30T20:35:03+02:00,145543e0a685bd5669327a0a5ec8ce9c5fd4e74700d121179cdf703feead647b,fad63b5abaed689a490ee7e9159f678d5b6bf24206629923dcdcc715460a9341,CLONALG,True
CLONALG/blank.FEM,C:\Users\26096\Desktop\em\FP\CLONALG\blank.FEM,blank.FEM,blank,.fem,18826,2026-01-02T01:11:02+01:00,2026-07-30T20:35:03+02:00,898017b6d9788164e4e9b01695827a422086e72bdff766d86a27bf1ea7ba478a,,CLONALG,True
CLONALG/blank9x5.FEM,C:\Users\26096\Desktop\em\FP\CLONALG\blank9x5.FEM,blank9x5.FEM,blank9x5,.fem,40784,2025-12-15T10:35:30+01:00,2026-07-30T20:35:03+02:00,001bc3dcb354e648311d856da9c74b0b6c989ca1aeae8e04dd535c289f0f063b,,CLONALG,True
CLONALG/blank_18x10.FEM,C:\Users\26096\Desktop\em\FP\CLONALG\blank_18x10.FEM,blank_18x10.FEM,blank_18x10,.fem,131322,2026-02-01T05:06:30+01:00,2026-07-30T20:35:03+02:00,ae8248eaac077a68556a52114beab70b7a49ab18029eeebcc41070ef6ed69d2f,,CLONALG,True
CLONALG/blank_9x5.FEM,C:\Users\26096\Desktop\em\FP\CLONALG\blank_9x5.FEM,blank_9x5.FEM,blank_9x5,.fem,69271,2026-01-02T05:52:26+01:00,2026-07-30T20:35:03+02:00,e91e1a8f2a35787e412b6fa467edbd59f29f48dfd2bae38636b1d0009cfebc2e,,CLONALG,True
CLONALG/blank_inset_18x10.FEM,C:\Users\26096\Desktop\em\FP\CLONALG\blank_inset_18x10.FEM,blank_inset_18x10.FEM,blank_inset_18x10,.fem,129870,2026-01-03T02:07:52+01:00,2026-07-30T20:35:03+02:00,efcb64eb754f6d0cfcb6febab9bfb97de11fe308f898cb5dd335b491fdb5c158,,CLONALG,True
CLONALG/blank_inset_9x5.ans,C:\Users\26096\Desktop\em\FP\CLONALG\blank_inset_9x5.ans,blank_inset_9x5.ans,blank_inset_9x5,.ans,13018197,2025-12-28T00:11:52+01:00,2026-07-30T20:35:03+02:00,fd147124f3b4efa7c0fd26bd66f962027af105a89b5617dc21c633923454de06,,CLONALG,True
CLONALG/blank_inset_9x5.FEM,C:\Users\26096\Desktop\em\FP\CLONALG\blank_inset_9x5.FEM,blank_inset_9x5.FEM,blank_inset_9x5,.fem,176155,2025-12-29T10:04:52+01:00,2026-07-30T20:35:04+02:00,2ee9f0ddcd3f890e600db770680c4407d64a70f4c1af3b1598204838dce7f1d7,,CLONALG,True
CLONALG/blank_inset_9x5.poly,C:\Users\26096\Desktop\em\FP\CLONALG\blank_inset_9x5.poly,blank_inset_9x5.poly,blank_inset_9x5,.poly,258157,2025-12-29T10:04:52+01:00,2026-07-30T20:35:04+02:00,08d3f8b9838916058ef91c403ca07ad73c4e5ba029304a93283391cd519bdf29,,CLONALG,True
CLONALG/clonalg.asv,C:\Users\26096\Desktop\em\FP\CLONALG\clonalg.asv,clonalg.asv,clonalg,.asv,16986,2025-12-24T01:30:42+01:00,2026-07-30T20:35:04+02:00,74a2cd22c67823c1c6cc6d33abe5d7d8ca37f9a9bcd4ce9ad53a1e8d00656db9,,CLONALG,True
CLONALG/clonalg.m,C:\Users\26096\Desktop\em\FP\CLONALG\clonalg.m,clonalg.m,clonalg,.m,24283,2026-02-05T08:36:38+01:00,2026-07-30T20:35:04+02:00,077181f1311e8c797825aac8389ed6e13e102bb3fefe6be5482d8827c0cc9ad3,,CLONALG,True
CLONALG/clonalg_N.m,C:\Users\26096\Desktop\em\FP\CLONALG\clonalg_N.m,clonalg_N.m,clonalg_N,.m,24914,2026-02-10T08:55:12+01:00,2026-07-30T20:35:04+02:00,064cefcf2f9a4dbeac2e69ccee4fd6ddc97c5bcbceb3f745ec4c03aaf7dd1230,,CLONALG,True
CLONALG/clonalg_N_float.m,C:\Users\26096\Desktop\em\FP\CLONALG\clonalg_N_float.m,clonalg_N_float.m,clonalg_N_float,.m,29105,2026-03-06T11:32:08+01:00,2026-07-30T20:35:04+02:00,179df10997795f622cb2df8f11f42583a63e0094168dd7f4799cfe9caa58e935,,CLONALG,True
CLONALG/clonalgFine.asv,C:\Users\26096\Desktop\em\FP\CLONALG\clonalgFine.asv,clonalgFine.asv,clonalgFine,.asv,16538,2025-12-28T03:19:48+01:00,2026-07-30T20:35:04+02:00,bfce3993b419b152534c1a5311f72bb39d354239a3d1e28d8737a5ae7565e4f3,,CLONALG,True
CLONALG/clonalgFine.m,C:\Users\26096\Desktop\em\FP\CLONALG\clonalgFine.m,clonalgFine.m,clonalgFine,.m,18149,2026-01-02T06:56:28+01:00,2026-07-30T20:35:04+02:00,ed4dcd420b9ce0a8a4560186c3839a8f2f9765742509c6dbeb6dbd47e2098958,,CLONALG,True
CLONALG/compute_turns_per_cell.m,C:\Users\26096\Desktop\em\FP\CLONALG\compute_turns_per_cell.m,compute_turns_per_cell.m,compute_turns_per_cell,.m,1276,2025-12-18T12:52:24+01:00,2026-07-30T20:35:04+02:00,2d768b7624b53eccbdaccc8ac873f2b986165de224783f982c588ffa2bbecf9e,,CLONALG,True
CLONALG/crossintrayfcn.m,C:\Users\26096\Desktop\em\FP\CLONALG\crossintrayfcn.m,crossintrayfcn.m,crossintrayfcn,.m,324,2025-12-04T10:36:32+01:00,2026-07-30T20:35:04+02:00,cb6b5fa7f4026cc2436d98fb486bb4b09f519a4d70d8fc286c28037f5add2f55,3b52fbb255265f9e2735bdec501d9cbe692c3a61039069fa4c7a132c70163997,CLONALG,True
CLONALG/decode_material_bits.m,C:\Users\26096\Desktop\em\FP\CLONALG\decode_material_bits.m,decode_material_bits.m,decode_material_bits,.m,356,2025-12-18T12:51:08+01:00,2026-07-30T20:35:04+02:00,a5930462a26a38cd8530e55e2af94aa1ff7eda25ce1d055343328d9e6cf49d43,,CLONALG,True
CLONALG/dejong1fcn.m,C:\Users\26096\Desktop\em\FP\CLONALG\dejong1fcn.m,dejong1fcn.m,dejong1fcn,.m,224,2025-12-04T10:36:32+01:00,2026-07-30T20:35:04+02:00,22337cc4b1ced52953a46cd4991cc302427dbe7856458908800b7b8b0800376e,,CLONALG,True
CLONALG/detect_floating_copper_largest.m,C:\Users\26096\Desktop\em\FP\CLONALG\detect_floating_copper_largest.m,detect_floating_copper_largest.m,detect_floating_copper_largest,.m,1845,2026-02-15T03:55:00+01:00,2026-07-30T20:35:04+02:00,a82ef9f2e3e4a594e292d2960a5a15e38562faeaff50ea6fd868450a7be99656,,CLONALG,True
CLONALG/detect_floating_copper_small_islands.m,C:\Users\26096\Desktop\em\FP\CLONALG\detect_floating_copper_small_islands.m,detect_floating_copper_small_islands.m,detect_floating_copper_small_islands,.m,2446,2026-02-26T19:31:42+01:00,2026-07-30T20:35:04+02:00,a16372ca34f670cf1cc73ba1267e2bfbb8c056bcc335684a14ecec42950e6b25,,CLONALG,True
CLONALG/detect_floating_iron.m,C:\Users\26096\Desktop\em\FP\CLONALG\detect_floating_iron.m,detect_floating_iron.m,detect_floating_iron,.m,1513,2026-02-15T03:55:52+01:00,2026-07-30T20:35:04+02:00,a35e0993cd994e7076e260e72e7391216e5155566067f9ce20d2def5cdd82296,,CLONALG,True
CLONALG/domain_add_inset_label_points.m,C:\Users\26096\Desktop\em\FP\CLONALG\domain_add_inset_label_points.m,domain_add_inset_label_points.m,domain_add_inset_label_points,.m,1305,2025-12-18T13:45:40+01:00,2026-07-30T20:35:04+02:00,6c415dc8e66e97a13d15e457def78d48edd846182a4e143f6d5a637cde15e758,,CLONALG,True
CLONALG/dropwavefcn.m,C:\Users\26096\Desktop\em\FP\CLONALG\dropwavefcn.m,dropwavefcn.m,dropwavefcn,.m,339,2025-12-04T10:36:32+01:00,2026-07-30T20:35:04+02:00,13ccfb5413d474621ca9917e79403c4e68a2bf13d6e7c89355bec549f4516149,829a3249d6140f42186c90fb74c682b66ffa29d1a802f9deec1bc3f3059d4320,CLONALG,True
CLONALG/eggholderfcn.m,C:\Users\26096\Desktop\em\FP\CLONALG\eggholderfcn.m,eggholderfcn.m,eggholderfcn,.m,374,2025-12-04T10:36:32+01:00,2026-07-30T20:35:04+02:00,5eef69d9ab5b592b05f327be1f5797efc3bc8785118c24db07a3adbe94c6a58c,3e6676f177340ece5f6eed09fd7550b0f62c5c01e2a668b3c72405a14eec111c,CLONALG,True
CLONALG/eval_design_femm.m,C:\Users\26096\Desktop\em\FP\CLONALG\eval_design_femm.m,eval_design_femm.m,eval_design_femm,.m,3647,2026-04-14T23:07:16+02:00,2026-07-30T20:35:04+02:00,84a102b2ad78e62c27df4ec5d3746dca4db99e654632cb89131d817419e4dc6d,,CLONALG,True
CLONALG/eval_design_femm_float.m,C:\Users\26096\Desktop\em\FP\CLONALG\eval_design_femm_float.m,eval_design_femm_float.m,eval_design_femm_float,.m,3415,2026-02-27T10:51:10+01:00,2026-07-30T20:35:04+02:00,1796a6a1cc3bf055aa918281cd6ff8c76137fd36187e39f24d8d53c2e8f7923a,,CLONALG,True
CLONALG/eval_design_femm_float_test.m,C:\Users\26096\Desktop\em\FP\CLONALG\eval_design_femm_float_test.m,eval_design_femm_float_test.m,eval_design_femm_float_test,.m,2726,2026-02-26T19:45:58+01:00,2026-07-30T20:35:04+02:00,1404e48982aa0b9f44001a6c84bb69c776a42d7bf9fb5745c16c7a71af2f7ba2,,CLONALG,True
CLONALG/eval_design_femm_worker.m,C:\Users\26096\Desktop\em\FP\CLONALG\eval_design_femm_worker.m,eval_design_femm_worker.m,eval_design_femm_worker,.m,1910,2026-02-19T05:15:46+01:00,2026-07-30T20:35:04+02:00,0aa1db03f6eb88b8508a363b62f337bf23211adf23e0f653aab49be83802d081,,CLONALG,True
CLONALG/fadbr6i_b2.m,C:\Users\26096\Desktop\em\FP\CLONALG\fadbr6i_b2.m,fadbr6i_b2.m,fadbr6i_b2,.m,9759,2026-01-02T04:37:58+01:00,2026-07-30T20:35:04+02:00,7cd4c61f934f36cf3866edb9e37741e4c503d3d61ed29a9a11b6b4e0c32dc6e0,,CLONALG,True
CLONALG/fadbr6i_b3.m,C:\Users\26096\Desktop\em\FP\CLONALG\fadbr6i_b3.m,fadbr6i_b3.m,fadbr6i_b3,.m,11519,2026-01-02T04:55:54+01:00,2026-07-30T20:35:04+02:00,3cb40657c54450f4894786580fb6836c6ebefa2d40253bf085639754fb280aaf,,CLONALG,True
CLONALG/fadbr6i_b4.m,C:\Users\26096\Desktop\em\FP\CLONALG\fadbr6i_b4.m,fadbr6i_b4.m,fadbr6i_b4,.m,12956,2026-01-02T05:35:12+01:00,2026-07-30T20:35:04+02:00,ecc6f4e3100ea91ae4776ec32cd7da8057ffea55916385397d7ec83c292647a9,,CLONALG,True
CLONALG/fadbr6i_backup.m,C:\Users\26096\Desktop\em\FP\CLONALG\fadbr6i_backup.m,fadbr6i_backup.m,fadbr6i_backup,.m,21506,2026-01-02T04:11:26+01:00,2026-07-30T20:35:04+02:00,a827697670133d7f74f358317ae013d89e15f48d94ce2cd81db4fc853687ff78,,CLONALG,True
CLONALG/femm_apply_design_bits_rep6.m,C:\Users\26096\Desktop\em\FP\CLONALG\femm_apply_design_bits_rep6.m,femm_apply_design_bits_rep6.m,femm_apply_design_bits_rep6,.m,2750,2025-12-29T06:31:12+01:00,2026-07-30T20:35:04+02:00,74476a7bd16c9b32797d53e62332be7150537b4c37d41cccaf108009f90a1115,,CLONALG,True
CLONALG/femm_apply_design_bits_rep6_inset.asv,C:\Users\26096\Desktop\em\FP\CLONALG\femm_apply_design_bits_rep6_inset.asv,femm_apply_design_bits_rep6_inset.asv,femm_apply_design_bits_rep6_inset,.asv,11010,2026-01-02T03:45:16+01:00,2026-07-30T20:35:04+02:00,0785b9220ce2326f269d18e501d60597ac54976cbccbd515345158aae89e44b5,,CLONALG,True
CLONALG/femm_apply_design_bits_rep6_inset.m,C:\Users\26096\Desktop\em\FP\CLONALG\femm_apply_design_bits_rep6_inset.m,femm_apply_design_bits_rep6_inset.m,femm_apply_design_bits_rep6_inset,.m,12908,2026-01-02T06:10:28+01:00,2026-07-30T20:35:04+02:00,2c8fdc1947a444189ededac735e8c3840ee25c5878f25511b059ef4e023bee73,,CLONALG,True
CLONALG/femm_apply_design_bits_rep6_inset_merge_cu.m,C:\Users\26096\Desktop\em\FP\CLONALG\femm_apply_design_bits_rep6_inset_merge_cu.m,femm_apply_design_bits_rep6_inset_merge_cu.m,femm_apply_design_bits_rep6_inset_merge_cu,.m,11180,2026-03-13T01:59:40+01:00,2026-07-30T20:35:04+02:00,f52dc77aa921c36880f42ab041a8686e26a8768069009b1d93524f70dc995277,,CLONALG,True
CLONALG/femm_apply_design_bits_rep6_inset_merge_cu_island_inset_v2.m,C:\Users\26096\Desktop\em\FP\CLONALG\femm_apply_design_bits_rep6_inset_merge_cu_island_inset_v2.m,femm_apply_design_bits_rep6_inset_merge_cu_island_inset_v2.m,femm_apply_design_bits_rep6_inset_merge_cu_island_inset_v2,.m,14518,2026-03-16T02:41:32+01:00,2026-07-30T20:35:04+02:00,3002ac4c702564bb5d6f0b99a25e809adfc3cbe90c53414cee10ccfa9662d4aa,,CLONALG,True
CLONALG/femm_apply_design_bits_rep6_inset_merge_cu_island_inset_v2_corner_tri.m,C:\Users\26096\Desktop\em\FP\CLONALG\femm_apply_design_bits_rep6_inset_merge_cu_island_inset_v2_corner_tri.m,femm_apply_design_bits_rep6_inset_merge_cu_island_inset_v2_corner_tri.m,femm_apply_design_bits_rep6_inset_merge_cu_island_inset_v2_corner_tri,.m,20343,2026-04-10T03:14:22+02:00,2026-07-30T20:35:04+02:00,63b88b6f42ae34d94c3b81071dcf0f9307d317dc101fb493f69fb763d451a3d1,,CLONALG,True
CLONALG/femm_apply_design_bits_rep6_inset_merge_cu_island_inset_v3_8conn.m,C:\Users\26096\Desktop\em\FP\CLONALG\femm_apply_design_bits_rep6_inset_merge_cu_island_inset_v3_8conn.m,femm_apply_design_bits_rep6_inset_merge_cu_island_inset_v3_8conn.m,femm_apply_design_bits_rep6_inset_merge_cu_island_inset_v3_8conn,.m,18198,2026-04-10T02:50:22+02:00,2026-07-30T20:35:04+02:00,49abcae13ab3ceae231d24431e7aa1d84e9b00774316179641180025eac5acce,,CLONALG,True
CLONALG/femm_apply_design_bits_rep6_inset_merge_cu_island_inset_v3_corner_tri.m,C:\Users\26096\Desktop\em\FP\CLONALG\femm_apply_design_bits_rep6_inset_merge_cu_island_inset_v3_corner_tri.m,femm_apply_design_bits_rep6_inset_merge_cu_island_inset_v3_corner_tri.m,femm_apply_design_bits_rep6_inset_merge_cu_island_inset_v3_corner_tri,.m,20432,2026-04-14T22:49:04+02:00,2026-07-30T20:35:04+02:00,71b329fd03df709bbf2fd57dd1be6e78a5a66ae8c2cf7caa75cab806e485e1c7,,CLONALG,True
CLONALG/femm_apply_design_bits_rep6_inset_merge_cu_island_inset_v4_8conn.m,C:\Users\26096\Desktop\em\FP\CLONALG\femm_apply_design_bits_rep6_inset_merge_cu_island_inset_v4_8conn.m,femm_apply_design_bits_rep6_inset_merge_cu_island_inset_v4_8conn.m,femm_apply_design_bits_rep6_inset_merge_cu_island_inset_v4_8conn,.m,19337,2026-04-10T00:37:58+02:00,2026-07-30T20:35:04+02:00,d9ec4747c5d8c58ea90a4f6bdc9dd432a72498c0d943ece2cfbe1b08138ead00,,CLONALG,True
CLONALG/femm_apply_design_bits_rep6_inset_merge_cu_island_inset_v4_8conn_airband_merge.m,C:\Users\26096\Desktop\em\FP\CLONALG\femm_apply_design_bits_rep6_inset_merge_cu_island_inset_v4_8conn_airband_merge.m,femm_apply_design_bits_rep6_inset_merge_cu_island_inset_v4_8conn_airband_merge.m,femm_apply_design_bits_rep6_inset_merge_cu_island_inset_v4_8conn_airband_merge,.m,24208,2026-04-10T02:32:06+02:00,2026-07-30T20:35:04+02:00,5a395ef97c05bce2517544947501eb3a702811c40c7ab184bf322ce4250465a2,,CLONALG,True
CLONALG/femm_apply_design_bits_rep6_inset_merge_cu_island_inset_v4_corner_tri.m,C:\Users\26096\Desktop\em\FP\CLONALG\femm_apply_design_bits_rep6_inset_merge_cu_island_inset_v4_corner_tri.m,femm_apply_design_bits_rep6_inset_merge_cu_island_inset_v4_corner_tri.m,femm_apply_design_bits_rep6_inset_merge_cu_island_inset_v4_corner_tri,.m,22610,2026-04-14T22:56:56+02:00,2026-07-30T20:35:04+02:00,de16ee2c7ac66519a2b194b246f95b12142b2c5a0ebf07551bb85ba3546bcb2a,,CLONALG,True
CLONALG/femm_apply_design_bits_rep6_inset_merge_cu_island_inset_v5_corner_tri.m,C:\Users\26096\Desktop\em\FP\CLONALG\femm_apply_design_bits_rep6_inset_merge_cu_island_inset_v5_corner_tri.m,femm_apply_design_bits_rep6_inset_merge_cu_island_inset_v5_corner_tri.m,femm_apply_design_bits_rep6_inset_merge_cu_island_inset_v5_corner_tri,.m,23396,2026-04-14T23:07:10+02:00,2026-07-30T20:35:04+02:00,b7c08a85cb717d73630c4ec58de3ea970113038bbde50ed497f325b23c02de80,,CLONALG,True
CLONALG/femm_apply_design_bits_rep6_MERGED.m,C:\Users\26096\Desktop\em\FP\CLONALG\femm_apply_design_bits_rep6_MERGED.m,femm_apply_design_bits_rep6_MERGED.m,femm_apply_design_bits_rep6_MERGED,.m,10457,2025-12-29T10:02:42+01:00,2026-07-30T20:35:04+02:00,0fdd1d8011d8032d6eb11081369e42de706c5dd0634b6341bbe882a441f9dc94,,CLONALG,True
CLONALG/femm_debug_design_domain.m,C:\Users\26096\Desktop\em\FP\CLONALG\femm_debug_design_domain.m,femm_debug_design_domain.m,femm_debug_design_domain,.m,1942,2025-12-07T13:25:54+01:00,2026-07-30T20:35:04+02:00,6f0fa683d385c9376ff50fb882ea7713959d3086dd9dea75e1bcb01b055a8128,,CLONALG,True
CLONALG/femm_draw_design_grid.m,C:\Users\26096\Desktop\em\FP\CLONALG\femm_draw_design_grid.m,femm_draw_design_grid.m,femm_draw_design_grid,.m,2831,2026-01-03T02:03:16+01:00,2026-07-30T20:35:04+02:00,bca27a0c41dd68516ca9df1781217d029cb4e4d62f4cb820e1f8a53b58477dd2,,CLONALG,True
CLONALG/femm_draw_design_grid_inset.m,C:\Users\26096\Desktop\em\FP\CLONALG\femm_draw_design_grid_inset.m,femm_draw_design_grid_inset.m,femm_draw_design_grid_inset,.m,3079,2025-12-29T06:25:26+01:00,2026-07-30T20:35:04+02:00,c6b1b76f117d13e6f21901c8784fe4be4c2862af5788939cbaa9279e2e0f577c,,CLONALG,True
CLONALG/femm_worker_cleanup.m,C:\Users\26096\Desktop\em\FP\CLONALG\femm_worker_cleanup.m,femm_worker_cleanup.m,femm_worker_cleanup,.m,132,2025-12-20T10:56:38+01:00,2026-07-30T20:35:04+02:00,8595751e0794a0f228784309ef0f9fac689498a2167b22374133c63ada678256,,CLONALG,True
CLONALG/femm_worker_init.m,C:\Users\26096\Desktop\em\FP\CLONALG\femm_worker_init.m,femm_worker_init.m,femm_worker_init,.m,1577,2026-01-02T10:00:20+01:00,2026-07-30T20:35:04+02:00,7ef2d6fe50b47d3b68ce9b300b89b8a9a8ace138f0989cf41ed5d39baccc4df0,,CLONALG,True
CLONALG/femmfunc.m,C:\Users\26096\Desktop\em\FP\CLONALG\femmfunc.m,femmfunc.m,femmfunc,.m,41360,2025-12-06T11:43:46+01:00,2026-07-30T20:35:04+02:00,30d5e1afe8017a52d48ad67c50062f4b5933f1ddec31c0409230c9541aaef0b4,,CLONALG,True
CLONALG/femmfunc_design.m,C:\Users\26096\Desktop\em\FP\CLONALG\femmfunc_design.m,femmfunc_design.m,femmfunc_design,.m,42626,2026-01-03T02:11:20+01:00,2026-07-30T20:35:04+02:00,a4a4a1dba5c0b0cbd6d71bf550a2d90c2aefebcd1420f20c24a56ca5663952d4,,CLONALG,True
CLONALG/get_worker_id.m,C:\Users\26096\Desktop\em\FP\CLONALG\get_worker_id.m,get_worker_id.m,get_worker_id,.m,223,2025-12-20T10:56:52+01:00,2026-07-30T20:35:04+02:00,c17f0d63790d5a5457ec8fc1b873de4db8a07ebc4bde8fceff225430ba66f5d8,,CLONALG,True
CLONALG/gitignore.gitignore,C:\Users\26096\Desktop\em\FP\CLONALG\gitignore.gitignore,gitignore.gitignore,gitignore,.gitignore,234,2025-12-04T10:36:32+01:00,2026-07-30T20:35:04+02:00,a0ff066578ed3d848f27087bcd6bcd069f256ece8dace178744dbd1b1558aedb,,CLONALG,True
CLONALG/griewankfcn.m,C:\Users\26096\Desktop\em\FP\CLONALG\griewankfcn.m,griewankfcn.m,griewankfcn,.m,265,2025-12-04T10:36:32+01:00,2026-07-30T20:35:04+02:00,d0a9d5250bf676c426da4c12fc2f0789cefca71efb187cc68d6fc6807f8a9f12,a81cb1267ac7d24f96c71c735e937207243aaad3dda9fbad8ac7a8c09cf78a4f,CLONALG,True
CLONALG/Learning and Optimization Using the Clonal Selection Principle [de Castro & Von Zuben][2002].pdf,C:\Users\26096\Desktop\em\FP\CLONALG\Learning and Optimization Using the Clonal Selection Principle [de Castro & Von Zuben][2002].pdf,Learning and Optimization Using the Clonal Selection Principle [de Castro & Von Zuben][2002].pdf,Learning and Optimization Using the Clonal Selection Principle [de Castro & Von Zuben][2002],.pdf,481898,2025-12-04T10:36:32+01:00,2026-07-30T20:35:04+02:00,dc287f493ba876eddccacd803692bb99245d8536b605ab24459175c9233604bc,1147c54c8e9190115f4346042d948295bf7ba509d91c3d525362b72461006a62,CLONALG,True
CLONALG/model.ans,C:\Users\26096\Desktop\em\FP\CLONALG\model.ans,model.ans,model,.ans,7397985,2026-02-10T08:46:18+01:00,2026-07-30T20:35:04+02:00,87d6bd50ac132c990c07f8eef98b3b5a88952a4890236b361e9c0002b58bf7c0,,CLONALG,True
CLONALG/model.fem,C:\Users\26096\Desktop\em\FP\CLONALG\model.fem,model.fem,model,.fem,154166,2026-02-10T08:44:06+01:00,2026-07-30T20:35:04+02:00,c1b8231eef407d64bb8241ba5dba98f61bca621da1fe3b6ddcc8c5afeaf5d2a5,,CLONALG,True
CLONALG/myfunc.m,C:\Users\26096\Desktop\em\FP\CLONALG\myfunc.m,myfunc.m,myfunc,.m,674,2025-12-04T10:36:32+01:00,2026-07-30T20:35:04+02:00,73b1f70a035c00cf4dda30e53d4668fb761d6a59262c693f254508f2e3bbcc66,,CLONALG,True
CLONALG/pareto.m,C:\Users\26096\Desktop\em\FP\CLONALG\pareto.m,pareto.m,pareto,.m,2449,2026-04-28T22:49:08+02:00,2026-07-30T20:35:04+02:00,e0f0ed5b26d5980365ef9361b8dfa035bda8c99cd48a27bd2cbece80c0be44fa,,CLONALG,True
CLONALG/pareto_enderegebnisse.pdf,C:\Users\26096\Desktop\em\FP\CLONALG\pareto_enderegebnisse.pdf,pareto_enderegebnisse.pdf,pareto_enderegebnisse,.pdf,18405,2026-04-28T22:49:16+02:00,2026-07-30T20:35:04+02:00,2a73ff18b3731765c5fa4930513e09d8b1d246b7cef6c20d5fd7fc00e7c2aabc,,CLONALG,True
CLONALG/pareto_enderegebnisse.png,C:\Users\26096\Desktop\em\FP\CLONALG\pareto_enderegebnisse.png,pareto_enderegebnisse.png,pareto_enderegebnisse,.png,135537,2026-04-28T22:49:14+02:00,2026-07-30T20:35:04+02:00,8732c834d817871f7b5b6c78922910de4f65f95de022c13d59fc35c1e9364bdf,,CLONALG,True
CLONALG/prepare_design_domain.m,C:\Users\26096\Desktop\em\FP\CLONALG\prepare_design_domain.m,prepare_design_domain.m,prepare_design_domain,.m,3090,2025-12-18T13:55:36+01:00,2026-07-30T20:35:04+02:00,622ef296dfb8095f5aafc9fa890fb259d80b23b30b755dc3de2baafd2bfe37c7,,CLONALG,True
CLONALG/rastriginfcn.m,C:\Users\26096\Desktop\em\FP\CLONALG\rastriginfcn.m,rastriginfcn.m,rastriginfcn,.m,254,2025-12-04T10:36:32+01:00,2026-07-30T20:35:04+02:00,e673fb18c0fc76ae88de0eb72cdda2b66e3a51443361dab02c6ada0a3863717e,,CLONALG,True
CLONALG/rosenbrockfcn.m,C:\Users\26096\Desktop\em\FP\CLONALG\rosenbrockfcn.m,rosenbrockfcn.m,rosenbrockfcn,.m,277,2025-12-04T10:36:32+01:00,2026-07-30T20:35:04+02:00,0c8ef1f534e482275f56cfb6bfabc878a296f90e4e57d27922de635c45c77c1d,2ef985e8577188fd44b36188b21b544a877c77826eb8334b25d05227c2ede6a4,CLONALG,True
CLONALG/scantorque.m,C:\Users\26096\Desktop\em\FP\CLONALG\scantorque.m,scantorque.m,scantorque,.m,2314,2026-03-16T21:50:50+01:00,2026-07-30T20:35:04+02:00,8d5619a2bb0c6846830a2c0000e7debd8cc66a17950248d8d42b7d1633aa9951,,CLONALG,True
CLONALG/schwefelfcn.m,C:\Users\26096\Desktop\em\FP\CLONALG\schwefelfcn.m,schwefelfcn.m,schwefelfcn,.m,280,2025-12-04T10:36:32+01:00,2026-07-30T20:35:04+02:00,509e9c14a752a5b8e6eb9c7b3ee884e6380c80caccdc47f82be2f52fe8b5f398,d26fc6df46c901a87a29a2fa694c8a9de83bc7f4cbdce226bc6e597d19534f51,CLONALG,True
CLONALG/seed_bits_0_15deg.mat,C:\Users\26096\Desktop\em\FP\CLONALG\seed_bits_0_15deg.mat,seed_bits_0_15deg.mat,seed_bits_0_15deg,.mat,195,2025-12-24T01:36:14+01:00,2026-07-30T20:35:04+02:00,627ee6f2f5654ab209e6bf310c4c3dadb5d2560a768f958aa6ca25e3f72c11f2,,CLONALG,True
CLONALG/seed_bits_0_15deg_1.mat,C:\Users\26096\Desktop\em\FP\CLONALG\seed_bits_0_15deg_1.mat,seed_bits_0_15deg_1.mat,seed_bits_0_15deg_1,.mat,445,2025-12-29T03:59:26+01:00,2026-07-30T20:35:04+02:00,1d5ef0fb65b656c1b51167b202ea4ee415030af9937653751b50991d0b8967cd,,CLONALG,True
CLONALG/seed_bits_1230_10gen.mat,C:\Users\26096\Desktop\em\FP\CLONALG\seed_bits_1230_10gen.mat,seed_bits_1230_10gen.mat,seed_bits_1230_10gen,.mat,442,2025-12-30T06:23:12+01:00,2026-07-30T20:35:04+02:00,cf82ebd7b66c2120f52a471326c8941159e402f35e64ebe9e88306553ffe80f1,,CLONALG,True
CLONALG/seed_bits_1230_20gen.mat,C:\Users\26096\Desktop\em\FP\CLONALG\seed_bits_1230_20gen.mat,seed_bits_1230_20gen.mat,seed_bits_1230_20gen,.mat,448,2025-12-30T10:23:52+01:00,2026-07-30T20:35:04+02:00,8880f1e7d8a12e7c5f2cee0f61d775a7c2ef7232c66a80d683bc99ef6ddaebd9,,CLONALG,True
CLONALG/seed_bits_1230_30gen.mat,C:\Users\26096\Desktop\em\FP\CLONALG\seed_bits_1230_30gen.mat,seed_bits_1230_30gen.mat,seed_bits_1230_30gen,.mat,448,2025-12-31T01:51:34+01:00,2026-07-30T20:35:04+02:00,8e2cad1a856192aa326fd1288303e1609c03dc8108edc1069aac1a1fce731891,,CLONALG,True
CLONALG/seed_bits_filter.mat,C:\Users\26096\Desktop\em\FP\CLONALG\seed_bits_filter.mat,seed_bits_filter.mat,seed_bits_filter,.mat,485,2026-02-10T08:49:26+01:00,2026-07-30T20:35:04+02:00,ccae67feedbf59ea431f46287b2fe2e4c2c999ae87f93b421c4455751dde633d,,CLONALG,True
CLONALG/seed_bits_fine,C:\Users\26096\Desktop\em\FP\CLONALG\seed_bits_fine,seed_bits_fine,seed_bits_fine,,133794,2026-01-18T15:26:30+01:00,2026-07-30T20:35:04+02:00,25931f96d8fced0497c471224c8dae2a5a6a16a45acc848edbfdf1302bd3225a,,CLONALG,True
CLONALG/seed_bits_fine.ans,C:\Users\26096\Desktop\em\FP\CLONALG\seed_bits_fine.ans,seed_bits_fine.ans,seed_bits_fine,.ans,6411033,2026-01-12T05:20:38+01:00,2026-07-30T20:35:04+02:00,18bcc559008a0a440a58efd30eec1fadd6723256e22172e87d3dbeacb9b83b36,,CLONALG,True
CLONALG/seed_bits_fine.FEM,C:\Users\26096\Desktop\em\FP\CLONALG\seed_bits_fine.FEM,seed_bits_fine.FEM,seed_bits_fine,.fem,133946,2026-02-01T05:08:40+01:00,2026-07-30T20:35:04+02:00,53b66550b9e002db4a6c084f384dca575092ade1273f2bfd6738ce64733d1bb5,,CLONALG,True
CLONALG/seed_bits_fine.mat,C:\Users\26096\Desktop\em\FP\CLONALG\seed_bits_fine.mat,seed_bits_fine.mat,seed_bits_fine,.mat,459,2026-01-01T04:02:38+01:00,2026-07-30T20:35:04+02:00,e7df25455c94d9f848197911be9d6be0e47f039a4e59666ad791cb514c08c43f,,CLONALG,True
CLONALG/seed_bits_fine_groupB_5gen.mat,C:\Users\26096\Desktop\em\FP\CLONALG\seed_bits_fine_groupB_5gen.mat,seed_bits_fine_groupB_5gen.mat,seed_bits_fine_groupB_5gen,.mat,456,2026-01-03T09:53:24+01:00,2026-07-30T20:35:04+02:00,a1decbfff5461ffab8a55386d122dc35603bd28caa7369f32d2b984da677ed15,,CLONALG,True
CLONALG/stator_design_domain.m,C:\Users\26096\Desktop\em\FP\CLONALG\stator_design_domain.m,stator_design_domain.m,stator_design_domain,.m,8948,2025-12-08T11:21:00+01:00,2026-07-30T20:35:04+02:00,4a568184cc21d94020f5e304953fe1d8d209fcdcc97e35fe42e1ed1f1d8cd279,,CLONALG,True
CLONALG/stator_design_domain_blank.m,C:\Users\26096\Desktop\em\FP\CLONALG\stator_design_domain_blank.m,stator_design_domain_blank.m,stator_design_domain_blank,.m,3179,2025-12-11T11:40:00+01:00,2026-07-30T20:35:04+02:00,9b3262ffec85681db4c95fa4cf79015e668c330a8d770532abaae670c78f5808,,CLONALG,True
CLONALG/strukturFemm.ans,C:\Users\26096\Desktop\em\FP\CLONALG\strukturFemm.ans,strukturFemm.ans,strukturFemm,.ans,1355959,2026-01-01T04:02:38+01:00,2026-07-30T20:35:04+02:00,1024eaff8ebc009b50f337df2727b33f5bab8644220179ccb58a59b579114f86,e399528b324535154efde27aad5fe85d0aa3e1eee10949ac2c0fec79ecdfc3d5,CLONALG,True
CLONALG/strukturFemm.fem,C:\Users\26096\Desktop\em\FP\CLONALG\strukturFemm.fem,strukturFemm.fem,strukturFemm,.fem,20756,2026-02-01T05:08:24+01:00,2026-07-30T20:35:04+02:00,845c1e1deec9f55acd88c5e4ae3c24765f0c8a66549dc216d3ea4355811216b4,,CLONALG,True
CLONALG/strukturFemm.m,C:\Users\26096\Desktop\em\FP\CLONALG\strukturFemm.m,strukturFemm.m,strukturFemm,.m,41470,2026-01-31T05:53:52+01:00,2026-07-30T20:35:04+02:00,b53616a28c0b30df715bc0d0e4068213db4eb3564e02f0a25f02cd2f5f37124b,,CLONALG,True
CLONALG/strukturFemm2.m,C:\Users\26096\Desktop\em\FP\CLONALG\strukturFemm2.m,strukturFemm2.m,strukturFemm2,.m,36751,2025-12-04T10:36:32+01:00,2026-07-30T20:35:04+02:00,6d12f345cb6a16f2d6774579fd209d25ccc44b3d55ff1ab41578303c56902c0b,,CLONALG,True
CLONALG/strukturFemmOld.m,C:\Users\26096\Desktop\em\FP\CLONALG\strukturFemmOld.m,strukturFemmOld.m,strukturFemmOld,.m,36752,2025-12-04T10:36:32+01:00,2026-07-30T20:35:04+02:00,c905ca170c56558cd499e98f10fbc5a54bebb0f73e1313d4a6672f92de0debf3,,CLONALG,True
CLONALG/temp_airgap_scan.ans,C:\Users\26096\Desktop\em\FP\CLONALG\temp_airgap_scan.ans,temp_airgap_scan.ans,temp_airgap_scan,.ans,803434,2026-03-10T10:04:02+01:00,2026-07-30T20:35:04+02:00,9ac24de358a8ccdaec5c699f5010eee79418c7dd13a96ea36b04c71959891501,,CLONALG,True
CLONALG/temp_airgap_scan.fem,C:\Users\26096\Desktop\em\FP\CLONALG\temp_airgap_scan.fem,temp_airgap_scan.fem,temp_airgap_scan,.fem,20774,2026-03-10T10:04:00+01:00,2026-07-30T20:35:04+02:00,3d058c8d6dd2a65362dcf05db42ef57cef4485b0ef75fe29c0b1b0a3d8568851,,CLONALG,True
CLONALG/test.ans,C:\Users\26096\Desktop\em\FP\CLONALG\test.ans,test.ans,test,.ans,12918556,2025-12-24T14:19:16+01:00,2026-07-30T20:35:04+02:00,9c0d51d31ee0f1927ef599434902acbbf8c1aa5c18a4caf8ab576b620e24ca25,,CLONALG,True
CLONALG/test.asv,C:\Users\26096\Desktop\em\FP\CLONALG\test.asv,test.asv,test,.asv,11382,2026-03-09T20:58:54+01:00,2026-07-30T20:35:04+02:00,3f5a8e57a199867f819406b5d17fd82c386b5afe146d3c8d7f8354fdc57822af,,CLONALG,True
CLONALG/test.fem,C:\Users\26096\Desktop\em\FP\CLONALG\test.fem,test.fem,test,.fem,148279,2025-12-24T14:49:34+01:00,2026-07-30T20:35:04+02:00,5696d3708534c7e46cb74170582bc9928881027c4bcab228a8dbc60298ad4af0,,CLONALG,True
CLONALG/test.m,C:\Users\26096\Desktop\em\FP\CLONALG\test.m,test.m,test,.m,11728,2026-05-09T23:25:50+02:00,2026-07-30T20:35:04+02:00,6b605f8e43a0b7af79038fab0f3912d0bfc9b800f425c81d1bc6e3fc23fb1386,,CLONALG,True
CLONALG/test_bits.m,C:\Users\26096\Desktop\em\FP\CLONALG\test_bits.m,test_bits.m,test_bits,.m,2895,2026-01-30T09:17:54+01:00,2026-07-30T20:35:04+02:00,a498948bf8227d2c9df9d9fa73b1854627e9e2e59e349e991240e9da714cb76f,,CLONALG,True
CLONALG/visualize_design_cells.m,C:\Users\26096\Desktop\em\FP\CLONALG\visualize_design_cells.m,visualize_design_cells.m,visualize_design_cells,.m,1122,2025-12-07T13:46:06+01:00,2026-07-30T20:35:04+02:00,181ba14b583a7a44bb08a10b7c812404a7c05bf19129982353e374c736231038,,CLONALG,True
CLONALG/visualize_design_domain.m,C:\Users\26096\Desktop\em\FP\CLONALG\visualize_design_domain.m,visualize_design_domain.m,visualize_design_domain,.m,753,2025-12-07T11:30:08+01:00,2026-07-30T20:35:04+02:00,6b8fd852b54525270a4d8912550fae8eccc137a16413a2dc8472d003b3995062,,CLONALG,True
CLONALG/.git/COMMIT_EDITMSG,C:\Users\26096\Desktop\em\FP\CLONALG\.git\COMMIT_EDITMSG,COMMIT_EDITMSG,COMMIT_EDITMSG,,19,2026-04-10T03:15:54+02:00,2026-07-30T20:35:04+02:00,9b61ec5507a8a315a46a5d55c1b9a57f38dfced6d066d94d3a3486f886de00d1,,CLONALG/.git,True
CLONALG/.git/config,C:\Users\26096\Desktop\em\FP\CLONALG\.git\config,config,config,,330,2026-07-30T20:35:07+02:00,2026-07-30T20:35:07+02:00,18f1978c6ee75a8c4599b4720e32e5c1de9d86e69bfbf1eebb7b095145dbab86,,CLONALG/.git,True
CLONALG/.git/description,C:\Users\26096\Desktop\em\FP\CLONALG\.git\description,description,description,,73,2025-12-04T10:04:44+01:00,2026-07-30T20:35:04+02:00,d66e92628235692e8b4301e15fab4ccdf2358896a6caa668385c0ffa59290881,,CLONALG/.git,True
CLONALG/.git/FETCH_HEAD,C:\Users\26096\Desktop\em\FP\CLONALG\.git\FETCH_HEAD,FETCH_HEAD,FETCH_HEAD,,107,2025-12-04T10:36:30+01:00,2026-07-30T20:35:04+02:00,54aed4e9bd167d8a632018b90378a9190673eeb816e4cb1fa52abdbf86ad9352,,CLONALG/.git,True
CLONALG/.git/HEAD,C:\Users\26096\Desktop\em\FP\CLONALG\.git\HEAD,HEAD,HEAD,,21,2025-12-04T10:17:16+01:00,2026-07-30T20:35:04+02:00,01c13e77cbca9189c06f22beedeaf33888f474bd6cb9d3e26ca7d785f7f7a190,,CLONALG/.git,True
CLONALG/.git/index,C:\Users\26096\Desktop\em\FP\CLONALG\.git\index,index,index,,11755,2026-04-10T03:15:54+02:00,2026-07-30T20:35:04+02:00,6ab117262fff3ea6ba1d92e034bead0697d78de1e8f1160626429e837615ffe4,,CLONALG/.git,True
CLONALG/.git/ORIG_HEAD,C:\Users\26096\Desktop\em\FP\CLONALG\.git\ORIG_HEAD,ORIG_HEAD,ORIG_HEAD,,41,2025-12-04T10:33:58+01:00,2026-07-30T20:35:04+02:00,03716f901723cbe937f48026e884d8e7af5b0c6d8b52a6a0ed81545b8f31201e,,CLONALG/.git,True
CLONALG/.git/hooks/applypatch-msg.sample,C:\Users\26096\Desktop\em\FP\CLONALG\.git\hooks\applypatch-msg.sample,applypatch-msg.sample,applypatch-msg,.sample,478,2025-12-04T10:04:44+01:00,2026-07-30T20:35:04+02:00,645f99dfef598add3372c8e216bbe82e9bad777eef288f97385624019c745656,,CLONALG/.git/hooks,True
CLONALG/.git/hooks/commit-msg.sample,C:\Users\26096\Desktop\em\FP\CLONALG\.git\hooks\commit-msg.sample,commit-msg.sample,commit-msg,.sample,896,2025-12-04T10:04:44+01:00,2026-07-30T20:35:04+02:00,c40b2b12a67e4de9d813b1eab595117694a125ce0c17dfa12ee06588ff1b6137,,CLONALG/.git/hooks,True
CLONALG/.git/hooks/fsmonitor-watchman.sample,C:\Users\26096\Desktop\em\FP\CLONALG\.git\hooks\fsmonitor-watchman.sample,fsmonitor-watchman.sample,fsmonitor-watchman,.sample,4726,2025-12-04T10:04:44+01:00,2026-07-30T20:35:04+02:00,965004e9db57b8c5d514010c4a9bd487a1180a1a0c52c8f4b1218bfac72701b4,,CLONALG/.git/hooks,True
CLONALG/.git/hooks/post-update.sample,C:\Users\26096\Desktop\em\FP\CLONALG\.git\hooks\post-update.sample,post-update.sample,post-update,.sample,189,2025-12-04T10:04:44+01:00,2026-07-30T20:35:04+02:00,745a5ddff07d22ef5424ea35630247fba125dfdffdb15c522fe2cb449586c8c5,,CLONALG/.git/hooks,True
CLONALG/.git/hooks/pre-applypatch.sample,C:\Users\26096\Desktop\em\FP\CLONALG\.git\hooks\pre-applypatch.sample,pre-applypatch.sample,pre-applypatch,.sample,424,2025-12-04T10:04:44+01:00,2026-07-30T20:35:04+02:00,da84e0dc95fd413b5e808b6515102f7b8965c99b67e822e633af29db8214700b,,CLONALG/.git/hooks,True
CLONALG/.git/hooks/pre-commit.sample,C:\Users\26096\Desktop\em\FP\CLONALG\.git\hooks\pre-commit.sample,pre-commit.sample,pre-commit,.sample,1649,2025-12-04T10:04:44+01:00,2026-07-30T20:35:04+02:00,2c349b0dda8b96b009ab173228500f203ca9cb4d2478103bb4e486c7ff3296d9,,CLONALG/.git/hooks,True
CLONALG/.git/hooks/pre-merge-commit.sample,C:\Users\26096\Desktop\em\FP\CLONALG\.git\hooks\pre-merge-commit.sample,pre-merge-commit.sample,pre-merge-commit,.sample,416,2025-12-04T10:04:44+01:00,2026-07-30T20:35:04+02:00,c16da53c77eefe4f2ba09b59a47136c8b7f789f6bf61badb36500b920fc55227,,CLONALG/.git/hooks,True
CLONALG/.git/hooks/pre-push.sample,C:\Users\26096\Desktop\em\FP\CLONALG\.git\hooks\pre-push.sample,pre-push.sample,pre-push,.sample,1374,2025-12-04T10:04:44+01:00,2026-07-30T20:35:04+02:00,71ebf7b1fef45108bd031ac805a61ebd522d654e80547647baec03f205cd1aa4,,CLONALG/.git/hooks,True
CLONALG/.git/hooks/pre-rebase.sample,C:\Users\26096\Desktop\em\FP\CLONALG\.git\hooks\pre-rebase.sample,pre-rebase.sample,pre-rebase,.sample,4898,2025-12-04T10:04:44+01:00,2026-07-30T20:35:04+02:00,b7e6986152d6ad6e9013d29e3bf3529972e80c9d331c6c713d1c1f364a92ae89,,CLONALG/.git/hooks,True
CLONALG/.git/hooks/pre-receive.sample,C:\Users\26096\Desktop\em\FP\CLONALG\.git\hooks\pre-receive.sample,pre-receive.sample,pre-receive,.sample,544,2025-12-04T10:04:44+01:00,2026-07-30T20:35:04+02:00,d92995e7cf840e71cb9b55e959890819580d764571a52ba47b28506e6ad8b27c,,CLONALG/.git/hooks,True
CLONALG/.git/hooks/prepare-commit-msg.sample,C:\Users\26096\Desktop\em\FP\CLONALG\.git\hooks\prepare-commit-msg.sample,prepare-commit-msg.sample,prepare-commit-msg,.sample,1492,2025-12-04T10:04:44+01:00,2026-07-30T20:35:04+02:00,cb339b05e6a004f63c7f18102f688493ebfdaf7d4f6098685186a3f9e99ff84c,,CLONALG/.git/hooks,True
CLONALG/.git/hooks/push-to-checkout.sample,C:\Users\26096\Desktop\em\FP\CLONALG\.git\hooks\push-to-checkout.sample,push-to-checkout.sample,push-to-checkout,.sample,2783,2025-12-04T10:04:44+01:00,2026-07-30T20:35:04+02:00,24a9e61e95320458f449381bbdef5bdd6c4abb456dbe9f516149144edcc5c352,,CLONALG/.git/hooks,True
CLONALG/.git/hooks/sendemail-validate.sample,C:\Users\26096\Desktop\em\FP\CLONALG\.git\hooks\sendemail-validate.sample,sendemail-validate.sample,sendemail-validate,.sample,2308,2025-12-04T10:04:44+01:00,2026-07-30T20:35:04+02:00,d1e056bdb1d009fb72e2e882c50c662c9642023dd881d631a803ad9a2e859a77,,CLONALG/.git/hooks,True
CLONALG/.git/hooks/update.sample,C:\Users\26096\Desktop\em\FP\CLONALG\.git\hooks\update.sample,update.sample,update,.sample,3650,2025-12-04T10:04:44+01:00,2026-07-30T20:35:04+02:00,e12abff51f96dcecb53436c12ecdd2ac95fabbc1de2b4c35616fdc88f3fd875b,,CLONALG/.git/hooks,True
CLONALG/.git/info/exclude,C:\Users\26096\Desktop\em\FP\CLONALG\.git\info\exclude,exclude,exclude,,240,2025-12-04T10:04:44+01:00,2026-07-30T20:35:04+02:00,616ee12baca30e0e6cd60e73e245f81484be30cb189b9da071ecae048041610e,,CLONALG/.git/info,True
CLONALG/.git/logs/HEAD,C:\Users\26096\Desktop\em\FP\CLONALG\.git\logs\HEAD,HEAD,HEAD,,3053,2026-04-10T03:15:54+02:00,2026-07-30T20:35:04+02:00,dffa3653560507b49a33ec5c95d04c3f3d6cc62e9112ced7d99ac8df472c53bd,,CLONALG/.git/logs,True
CLONALG/.git/logs/refs/heads/main,C:\Users\26096\Desktop\em\FP\CLONALG\.git\logs\refs\heads\main,main,main,,2859,2026-04-10T03:15:54+02:00,2026-07-30T20:35:04+02:00,07de103f2ba0f82780949d4f37cedf3515aef1069f28ec5cdbd0292bd3dc587f,,CLONALG/.git/logs/refs/heads,True
CLONALG/.git/logs/refs/remotes/origin/HEAD,C:\Users\26096\Desktop\em\FP\CLONALG\.git\logs\refs\remotes\origin\HEAD,HEAD,HEAD,,147,2025-12-04T10:36:30+01:00,2026-07-30T20:35:04+02:00,192be957f5bcac8a6c11bde4d62eecacc17f49ac7bc67eae350fd5aec6caa820,,CLONALG/.git/logs/refs/remotes/origin,True
CLONALG/.git/logs/refs/remotes/origin/main,C:\Users\26096\Desktop\em\FP\CLONALG\.git\logs\refs\remotes\origin\main,main,main,,1888,2026-04-10T03:15:54+02:00,2026-07-30T20:35:04+02:00,e51af9c96155b9c111b96afaa8a9540beccdfd6d900adf768e365f00428f8fbf,,CLONALG/.git/logs/refs/remotes/origin,True
CLONALG/.git/objects/01/9a25ece797cac40da4477e5067a53ee2ab3d40,C:\Users\26096\Desktop\em\FP\CLONALG\.git\objects\01\9a25ece797cac40da4477e5067a53ee2ab3d40,9a25ece797cac40da4477e5067a53ee2ab3d40,9a25ece797cac40da4477e5067a53ee2ab3d40,,433,2026-03-13T00:46:18+01:00,2026-07-30T20:35:04+02:00,84dd300c24652ef6703d942337cb39e12b9a2fc76b761b98e51004d853136464,,CLONALG/.git/objects/01,True
CLONALG/.git/objects/01/e68bd3e88e21d765d2fea057dcb1b7ef708694,C:\Users\26096\Desktop\em\FP\CLONALG\.git\objects\01\e68bd3e88e21d765d2fea057dcb1b7ef708694,e68bd3e88e21d765d2fea057dcb1b7ef708694,e68bd3e88e21d765d2fea057dcb1b7ef708694,,4854,2025-12-06T13:19:36+01:00,2026-07-30T20:35:04+02:00,c69b118bb87cef2042da0ddfb1bddfe9c54d55a5ce15c0328edcc0ac1684d320,,CLONALG/.git/objects/01,True
CLONALG/.git/objects/05/6a9691fdf497a5e19f36680b8ad11e4fbe6918,C:\Users\26096\Desktop\em\FP\CLONALG\.git\objects\05\6a9691fdf497a5e19f36680b8ad11e4fbe6918,6a9691fdf497a5e19f36680b8ad11e4fbe6918,6a9691fdf497a5e19f36680b8ad11e4fbe6918,,8026,2026-03-13T00:46:18+01:00,2026-07-30T20:35:04+02:00,78d44efd95f1b549239af2943e6e9cff8f1623ba74351e5c80b6689b77a2260e,,CLONALG/.git/objects/05,True
CLONALG/.git/objects/06/460016666897207c163064d8278164227eff00,C:\Users\26096\Desktop\em\FP\CLONALG\.git\objects\06\460016666897207c163064d8278164227eff00,460016666897207c163064d8278164227eff00,460016666897207c163064d8278164227eff00,,3974,2026-04-09T22:38:32+02:00,2026-07-30T20:35:04+02:00,8f92adfc32e0e885220356bc1986fa4caf3b72776853bf042cd3637f14cb4173,,CLONALG/.git/objects/06,True
CLONALG/.git/objects/06/5b055e32954941698ef2642abf4f43537ae15a,C:\Users\26096\Desktop\em\FP\CLONALG\.git\objects\06\5b055e32954941698ef2642abf4f43537ae15a,5b055e32954941698ef2642abf4f43537ae15a,5b055e32954941698ef2642abf4f43537ae15a,,8215,2026-03-13T00:46:18+01:00,2026-07-30T20:35:04+02:00,bb6b6a57d313df08f1f18347f15f0ee864a4791238bac02df8ac194e71adf45c,,CLONALG/.git/objects/06,True
CLONALG/.git/objects/06/ca28fcbe40eb74cdf750f4a0cbd6e51fe33563,C:\Users\26096\Desktop\em\FP\CLONALG\.git\objects\06\ca28fcbe40eb74cdf750f4a0cbd6e51fe33563,ca28fcbe40eb74cdf750f4a0cbd6e51fe33563,ca28fcbe40eb74cdf750f4a0cbd6e51fe33563,,50870,2026-01-02T02:14:04+01:00,2026-07-30T20:35:04+02:00,15e89f9a39076fa4c02e461bb8c8290de27aa2872e8371052a1524193c4f0086,,CLONALG/.git/objects/06,True
CLONALG/.git/objects/06/e1393cbc83a04ea0bbd98dac487b3e9cbc0166,C:\Users\26096\Desktop\em\FP\CLONALG\.git\objects\06\e1393cbc83a04ea0bbd98dac487b3e9cbc0166,e1393cbc83a04ea0bbd98dac487b3e9cbc0166,e1393cbc83a04ea0bbd98dac487b3e9cbc0166,,485,2025-12-04T10:48:28+01:00,2026-07-30T20:35:04+02:00,cde262d9a7ce94c7625b92eb6fa71cade9dbc04122709bbf973341ef9635d783,,CLONALG/.git/objects/06,True
CLONALG/.git/objects/07/6c16fef9c57ff59e9a59cbcbf0cc830bd4bd8e,C:\Users\26096\Desktop\em\FP\CLONALG\.git\objects\07\6c16fef9c57ff59e9a59cbcbf0cc830bd4bd8e,6c16fef9c57ff59e9a59cbcbf0cc830bd4bd8e,6c16fef9c57ff59e9a59cbcbf0cc830bd4bd8e,,2361,2026-01-02T04:21:30+01:00,2026-07-30T20:35:04+02:00,0b61ca6c80654cd9b1c37a8bfb0d0cb5c66abb06c8957246f87853200f5e7c88,,CLONALG/.git/objects/07,True
CLONALG/.git/objects/08/f0343cfe943217e75e65a9bdaead667fba1026,C:\Users\26096\Desktop\em\FP\CLONALG\.git\objects\08\f0343cfe943217e75e65a9bdaead667fba1026,f0343cfe943217e75e65a9bdaead667fba1026,f0343cfe943217e75e65a9bdaead667fba1026,,225,2025-12-04T10:48:28+01:00,2026-07-30T20:35:04+02:00,a6f83d99b11cda4478faec1975a1a38e8316de544da096863ad57c8784f5add3,,CLONALG/.git/objects/08,True
CLONALG/.git/objects/0a/9508d5bce8ee2cf388f0d80ba7d8e8c5653631,C:\Users\26096\Desktop\em\FP\CLONALG\.git\objects\0a\9508d5bce8ee2cf388f0d80ba7d8e8c5653631,9508d5bce8ee2cf388f0d80ba7d8e8c5653631,9508d5bce8ee2cf388f0d80ba7d8e8c5653631,,8268,2026-03-13T00:46:18+01:00,2026-07-30T20:35:04+02:00,25e0568a8c6360c409b51bc59dbcdaae7282c7434bbf82e6c7950d825d6fda2f,,CLONALG/.git/objects/0a,True
CLONALG/.git/objects/0b/4fed188c2c2388d5c39f8ac8521ee0d509d70c,C:\Users\26096\Desktop\em\FP\CLONALG\.git\objects\0b\4fed188c2c2388d5c39f8ac8521ee0d509d70c,4fed188c2c2388d5c39f8ac8521ee0d509d70c,4fed188c2c2388d5c39f8ac8521ee0d509d70c,,5096,2026-04-09T22:38:32+02:00,2026-07-30T20:35:04+02:00,04f853c495d19ff77a87a8a09cecdb9f239d1a4a5d167a05bfcfcff742fd8833,,CLONALG/.git/objects/0b,True
CLONALG/.git/objects/0c/1653372e0078d998ce77577d9efab95981afdf,C:\Users\26096\Desktop\em\FP\CLONALG\.git\objects\0c\1653372e0078d998ce77577d9efab95981afdf,1653372e0078d998ce77577d9efab95981afdf,1653372e0078d998ce77577d9efab95981afdf,,244,2026-01-02T02:14:04+01:00,2026-07-30T20:35:04+02:00,73644937e536901c7959da66529f19ba5acc4c588365ea25119cc5fdb0693116,,CLONALG/.git/objects/0c,True
CLONALG/.git/objects/0c/181ce58b9833e231728b8b1229c2095bde8b27,C:\Users\26096\Desktop\em\FP\CLONALG\.git\objects\0c\181ce58b9833e231728b8b1229c2095bde8b27,181ce58b9833e231728b8b1229c2095bde8b27,181ce58b9833e231728b8b1229c2095bde8b27,,4895,2026-01-02T02:14:04+01:00,2026-07-30T20:35:04+02:00,f84689341d59dc9a7dd4a5b135f4da689e8636f62157f9bc442fb27b9a3f250c,,CLONALG/.git/objects/0c,True
CLONALG/.git/objects/0d/a278865d1fbee7bf46f7795d39940fc33f7ba1,C:\Users\26096\Desktop\em\FP\CLONALG\.git\objects\0d\a278865d1fbee7bf46f7795d39940fc33f7ba1,a278865d1fbee7bf46f7795d39940fc33f7ba1,a278865d1fbee7bf46f7795d39940fc33f7ba1,,1833,2026-04-10T02:03:02+02:00,2026-07-30T20:35:04+02:00,f83918d8568f132056421441253db2e01756b4bd62df100c3314233260700c3d,,CLONALG/.git/objects/0d,True
CLONALG/.git/objects/0e/21a6e17547c1778d59ec02be1f9b2933e92d60,C:\Users\26096\Desktop\em\FP\CLONALG\.git\objects\0e\21a6e17547c1778d59ec02be1f9b2933e92d60,21a6e17547c1778d59ec02be1f9b2933e92d60,21a6e17547c1778d59ec02be1f9b2933e92d60,,39474,2026-03-13T00:46:16+01:00,2026-07-30T20:35:04+02:00,83e594e1d4f9ad14a4f925b39e79333b9b24dc3600f25ea2c5d26c3da08e17d4,,CLONALG/.git/objects/0e,True
CLONALG/.git/objects/12/2b8dc1666748977ab2a54cd91d10837739f795,C:\Users\26096\Desktop\em\FP\CLONALG\.git\objects\12\2b8dc1666748977ab2a54cd91d10837739f795,2b8dc1666748977ab2a54cd91d10837739f795,2b8dc1666748977ab2a54cd91d10837739f795,,122,2026-01-02T02:14:04+01:00,2026-07-30T20:35:04+02:00,71d302453d893fabaae615d3da1760d129bb6f631075bc79c8fd27ad1d5ef521,,CLONALG/.git/objects/12,True
CLONALG/.git/objects/12/8c57e51c7de00d38b4771b90681597238674e2,C:\Users\26096\Desktop\em\FP\CLONALG\.git\objects\12\8c57e51c7de00d38b4771b90681597238674e2,8c57e51c7de00d38b4771b90681597238674e2,8c57e51c7de00d38b4771b90681597238674e2,,14257,2026-01-02T02:14:02+01:00,2026-07-30T20:35:04+02:00,701d1cde139b1acece6bc6ee7fe6e17511b9bdff0c22761e98b5524dc33bc9ff,,CLONALG/.git/objects/12,True
CLONALG/.git/objects/13/b66e5fd607aba6399e0f3273478ca792145814,C:\Users\26096\Desktop\em\FP\CLONALG\.git\objects\13\b66e5fd607aba6399e0f3273478ca792145814,b66e5fd607aba6399e0f3273478ca792145814,b66e5fd607aba6399e0f3273478ca792145814,,24427,2026-03-13T00:46:16+01:00,2026-07-30T20:35:04+02:00,fcfb82886eb90fa267c90ba9f7a51bf74f800d84122d8ec573a302eb288e5ec0,,CLONALG/.git/objects/13,True
CLONALG/.git/objects/14/d97c21a76a38029e52d0cf5c74ee0536479971,C:\Users\26096\Desktop\em\FP\CLONALG\.git\objects\14\d97c21a76a38029e52d0cf5c74ee0536479971,d97c21a76a38029e52d0cf5c74ee0536479971,d97c21a76a38029e52d0cf5c74ee0536479971,,8068,2026-03-13T00:46:18+01:00,2026-07-30T20:35:04+02:00,83b2a68c96acf28bd8acf44e74c01704e70f8518d78ec682872abde0baf04129,,CLONALG/.git/objects/14,True
CLONALG/.git/objects/15/601c67772e35f86bdf8f59bc243f9009535d27,C:\Users\26096\Desktop\em\FP\CLONALG\.git\objects\15\601c67772e35f86bdf8f59bc243f9009535d27,601c67772e35f86bdf8f59bc243f9009535d27,601c67772e35f86bdf8f59bc243f9009535d27,,199,2025-12-04T10:33:58+01:00,2026-07-30T20:35:04+02:00,79174e9152fef8fb21cb59d4fe8bde42d426e5eb9fdda218730d44e478608aa2,,CLONALG/.git/objects/15,True
CLONALG/.git/objects/17/203c90f17b7a7e9ff97e9dcb8d5bb41ff77356,C:\Users\26096\Desktop\em\FP\CLONALG\.git\objects\17\203c90f17b7a7e9ff97e9dcb8d5bb41ff77356,203c90f17b7a7e9ff97e9dcb8d5bb41ff77356,203c90f17b7a7e9ff97e9dcb8d5bb41ff77356,,8083,2026-03-13T00:46:18+01:00,2026-07-30T20:35:04+02:00,bed01f1a54313968d705ad27a0b5e845c47a999d6ab36c209b9a2ef4b9e197b3,,CLONALG/.git/objects/17,True
CLONALG/.git/objects/17/aee0bb79cdb533848e4e4e21409839a2180358,C:\Users\26096\Desktop\em\FP\CLONALG\.git\objects\17\aee0bb79cdb533848e4e4e21409839a2180358,aee0bb79cdb533848e4e4e21409839a2180358,aee0bb79cdb533848e4e4e21409839a2180358,,2298,2025-12-04T10:48:28+01:00,2026-07-30T20:35:04+02:00,95b6b784e35ff37c028b6d2153bfe2aa8c41454e81f2e45a1214028a00732afb,,CLONALG/.git/objects/17,True
CLONALG/.git/objects/18/eaf37cc24286b22493c665ccfdfba8b8c7f3c6,C:\Users\26096\Desktop\em\FP\CLONALG\.git\objects\18\eaf37cc24286b22493c665ccfdfba8b8c7f3c6,eaf37cc24286b22493c665ccfdfba8b8c7f3c6,eaf37cc24286b22493c665ccfdfba8b8c7f3c6,,486468,2025-12-04T10:33:58+01:00,2026-07-30T20:35:04+02:00,523bb3c0716a9aafd2e3fb0fe013be9547d13933b2a0ac3427fafd3b4e1c4cb4,,CLONALG/.git/objects/18,True
CLONALG/.git/objects/18/fc0652cd8529f4609cc04a2875538c1fd6c42e,C:\Users\26096\Desktop\em\FP\CLONALG\.git\objects\18\fc0652cd8529f4609cc04a2875538c1fd6c42e,fc0652cd8529f4609cc04a2875538c1fd6c42e,fc0652cd8529f4609cc04a2875538c1fd6c42e,,8469,2026-03-13T00:46:18+01:00,2026-07-30T20:35:04+02:00,538ad31f7e826fc1667c91fe14b6e58fd538bc1c740478fc299501869e5488e2,,CLONALG/.git/objects/18,True
CLONALG/.git/objects/1a/004ad8b863774e86fda5bcb033103e4743f602,C:\Users\26096\Desktop\em\FP\CLONALG\.git\objects\1a\004ad8b863774e86fda5bcb033103e4743f602,004ad8b863774e86fda5bcb033103e4743f602,004ad8b863774e86fda5bcb033103e4743f602,,3853,2026-03-13T00:46:18+01:00,2026-07-30T20:35:04+02:00,87b12ff80b11ad45a8dd516a55f7b3d53633890cdb69a98b2c68889597c84163,,CLONALG/.git/objects/1a,True
CLONALG/.git/objects/1a/f88a8cc92bc4ea8135445794ad3ff82e7ef9a4,C:\Users\26096\Desktop\em\FP\CLONALG\.git\objects\1a\f88a8cc92bc4ea8135445794ad3ff82e7ef9a4,f88a8cc92bc4ea8135445794ad3ff82e7ef9a4,f88a8cc92bc4ea8135445794ad3ff82e7ef9a4,,423,2026-01-02T02:14:04+01:00,2026-07-30T20:35:04+02:00,48318d0c7985515fcad4e3fe08e8efa0fdf94770b205d065698f4ce68f268024,,CLONALG/.git/objects/1a,True
CLONALG/.git/objects/1c/aed66b5217527d341a752805fb8eed28385750,C:\Users\26096\Desktop\em\FP\CLONALG\.git\objects\1c\aed66b5217527d341a752805fb8eed28385750,aed66b5217527d341a752805fb8eed28385750,aed66b5217527d341a752805fb8eed28385750,,8051,2026-03-13T00:46:18+01:00,2026-07-30T20:35:04+02:00,4644f2f9b870284567d745ff6d9685fdd256801b6d53be5ae0237e433ccc72d8,,CLONALG/.git/objects/1c,True
CLONALG/.git/objects/1c/b67fb7d3ea6d53a8daee36ba1ab5bf78b87383,C:\Users\26096\Desktop\em\FP\CLONALG\.git\objects\1c\b67fb7d3ea6d53a8daee36ba1ab5bf78b87383,b67fb7d3ea6d53a8daee36ba1ab5bf78b87383,b67fb7d3ea6d53a8daee36ba1ab5bf78b87383,,8030,2026-03-13T00:46:18+01:00,2026-07-30T20:35:04+02:00,7cb1d0e9d2b3d8f4e8a0701bb3910db51e9453498eac0b66da6d1caa41cf7298,,CLONALG/.git/objects/1c,True
CLONALG/.git/objects/1e/363454d3d14e4598b0a8f3f98083aa65de088b,C:\Users\26096\Desktop\em\FP\CLONALG\.git\objects\1e\363454d3d14e4598b0a8f3f98083aa65de088b,363454d3d14e4598b0a8f3f98083aa65de088b,363454d3d14e4598b0a8f3f98083aa65de088b,,892,2026-03-13T00:46:18+01:00,2026-07-30T20:35:04+02:00,3b427f6f659e6153445b1ef48df0055ecaede081ddf47ac98021d07d738f7272,,CLONALG/.git/objects/1e,True
CLONALG/.git/objects/1f/7843988fbef2fbec3c8c3f9f43037fe1479672,C:\Users\26096\Desktop\em\FP\CLONALG\.git\objects\1f\7843988fbef2fbec3c8c3f9f43037fe1479672,7843988fbef2fbec3c8c3f9f43037fe1479672,7843988fbef2fbec3c8c3f9f43037fe1479672,,188,2025-12-04T10:33:58+01:00,2026-07-30T20:35:04+02:00,b4233f40180ba72db852005da5c21e6c195dc691a95ba700df7ebc3b0ce12c3e,,CLONALG/.git/objects/1f,True
CLONALG/.git/objects/1f/fea82158cf40a2004d1ae49b9680338c5739a1,C:\Users\26096\Desktop\em\FP\CLONALG\.git\objects\1f\fea82158cf40a2004d1ae49b9680338c5739a1,fea82158cf40a2004d1ae49b9680338c5739a1,fea82158cf40a2004d1ae49b9680338c5739a1,,199,2026-01-02T02:14:04+01:00,2026-07-30T20:35:04+02:00,025422e6a23f9ce68d1c6612fde87368fe3aa7088b58c01099dcd2bb9482db8d,,CLONALG/.git/objects/1f,True
CLONALG/.git/objects/20/895fced16efecce4064fa3056e26a310116806,C:\Users\26096\Desktop\em\FP\CLONALG\.git\objects\20\895fced16efecce4064fa3056e26a310116806,895fced16efecce4064fa3056e26a310116806,895fced16efecce4064fa3056e26a310116806,,1543,2026-01-02T02:14:04+01:00,2026-07-30T20:35:04+02:00,51c8cd665cd69ba68321d7332a2577f460de51968129c3034267c440587fac7b,,CLONALG/.git/objects/20,True
CLONALG/.git/objects/21/7335bb27f119964bd49d146ee9e9c67413010e,C:\Users\26096\Desktop\em\FP\CLONALG\.git\objects\21\7335bb27f119964bd49d146ee9e9c67413010e,7335bb27f119964bd49d146ee9e9c67413010e,7335bb27f119964bd49d146ee9e9c67413010e,,883,2026-01-02T02:14:04+01:00,2026-07-30T20:35:04+02:00,a12d386cb36a4163629441dc86e4411338051322adf4c441510d36f764af4841,,CLONALG/.git/objects/21,True
CLONALG/.git/objects/22/56ab971ceaba107abc4e98dc1edbfab008d494,C:\Users\26096\Desktop\em\FP\CLONALG\.git\objects\22\56ab971ceaba107abc4e98dc1edbfab008d494,56ab971ceaba107abc4e98dc1edbfab008d494,56ab971ceaba107abc4e98dc1edbfab008d494,,195,2026-04-09T22:38:32+02:00,2026-07-30T20:35:04+02:00,1f7e4c798f08168a6d066716caed06f3d0da0073d65e3a0dbcc383d1a554684c,,CLONALG/.git/objects/22,True
CLONALG/.git/objects/22/e92735576acd242df0ee1ee9a2f5c15528aecf,C:\Users\26096\Desktop\em\FP\CLONALG\.git\objects\22\e92735576acd242df0ee1ee9a2f5c15528aecf,e92735576acd242df0ee1ee9a2f5c15528aecf,e92735576acd242df0ee1ee9a2f5c15528aecf,,2169987,2026-01-02T02:14:04+01:00,2026-07-30T20:35:04+02:00,7b0e04af49865e0f39715f4af4c2a1083e83c30e3c8cad5cdf1fdd064543fa2b,,CLONALG/.git/objects/22,True
CLONALG/.git/objects/23/4e0040a1f442b159cebfa3090979def1ea8268,C:\Users\26096\Desktop\em\FP\CLONALG\.git\objects\23\4e0040a1f442b159cebfa3090979def1ea8268,4e0040a1f442b159cebfa3090979def1ea8268,4e0040a1f442b159cebfa3090979def1ea8268,,2565555,2026-03-13T00:46:18+01:00,2026-07-30T20:35:04+02:00,d420c3985afee01a756010684dfcedb3ad7941bf2aa082cebd7c2460bc3ddab1,,CLONALG/.git/objects/23,True
CLONALG/.git/objects/24/9d1da1b1419762f219d663a76b74f2a617a1d2,C:\Users\26096\Desktop\em\FP\CLONALG\.git\objects\24\9d1da1b1419762f219d663a76b74f2a617a1d2,9d1da1b1419762f219d663a76b74f2a617a1d2,9d1da1b1419762f219d663a76b74f2a617a1d2,,11544,2026-01-02T02:14:04+01:00,2026-07-30T20:35:04+02:00,aab458f5c46fc2a24501328be88dbbbe8466efa24a1036fe7915ccf201bf41df,,CLONALG/.git/objects/24,True
CLONALG/.git/objects/25/8489064928c2b3755cdc49ef837b3956617e1a,C:\Users\26096\Desktop\em\FP\CLONALG\.git\objects\25\8489064928c2b3755cdc49ef837b3956617e1a,8489064928c2b3755cdc49ef837b3956617e1a,8489064928c2b3755cdc49ef837b3956617e1a,,3888,2026-03-15T22:18:34+01:00,2026-07-30T20:35:04+02:00,c29775938a779a0a63950b8ea81190f5b277f1c1deedc729f38a6a41cd28de82,,CLONALG/.git/objects/25,True
CLONALG/.git/objects/28/25156842a823f122b7732b020df47a0985571b,C:\Users\26096\Desktop\em\FP\CLONALG\.git\objects\28\25156842a823f122b7732b020df47a0985571b,25156842a823f122b7732b020df47a0985571b,25156842a823f122b7732b020df47a0985571b,,8282,2026-03-13T00:46:18+01:00,2026-07-30T20:35:04+02:00,4d749d04ffab35f3bdb4a041d50c2fb7c1dde4dd86f0efcb73c8f764e8286a6a,,CLONALG/.git/objects/28,True
CLONALG/.git/objects/29/6bfbb3fbdf304f8ffa995bbcf3e44f98843d82,C:\Users\26096\Desktop\em\FP\CLONALG\.git\objects\29\6bfbb3fbdf304f8ffa995bbcf3e44f98843d82,6bfbb3fbdf304f8ffa995bbcf3e44f98843d82,6bfbb3fbdf304f8ffa995bbcf3e44f98843d82,,1299,2026-01-02T02:14:04+01:00,2026-07-30T20:35:04+02:00,1bc54cee876011152f96e2846941b43730bea9b3cd416f119cd83abbca482f1b,,CLONALG/.git/objects/29,True
CLONALG/.git/objects/29/85f6e82f93cea6eea11c14563ecee04ccdab67,C:\Users\26096\Desktop\em\FP\CLONALG\.git\objects\29\85f6e82f93cea6eea11c14563ecee04ccdab67,85f6e82f93cea6eea11c14563ecee04ccdab67,85f6e82f93cea6eea11c14563ecee04ccdab67,,418,2026-01-02T02:14:04+01:00,2026-07-30T20:35:04+02:00,46f87e16af3b93b9eb903402e1be897fb787f73d1d4f8d951219ca9acf14287d,,CLONALG/.git/objects/29,True
CLONALG/.git/objects/2a/5d652d24e18e3272fde32add309dd1bb45044a,C:\Users\26096\Desktop\em\FP\CLONALG\.git\objects\2a\5d652d24e18e3272fde32add309dd1bb45044a,5d652d24e18e3272fde32add309dd1bb45044a,5d652d24e18e3272fde32add309dd1bb45044a,,39680,2026-03-13T00:46:18+01:00,2026-07-30T20:35:04+02:00,9aae28845f13274086f3c2822cef22df7685364379b34a6cd1a1906e60f7b57b,,CLONALG/.git/objects/2a,True
CLONALG/.git/objects/2a/89be11b1a4d0bac727ba1a7fa4985eba31a50b,C:\Users\26096\Desktop\em\FP\CLONALG\.git\objects\2a\89be11b1a4d0bac727ba1a7fa4985eba31a50b,89be11b1a4d0bac727ba1a7fa4985eba31a50b,89be11b1a4d0bac727ba1a7fa4985eba31a50b,,8427,2026-01-02T02:14:04+01:00,2026-07-30T20:35:04+02:00,2e83c8b0e01b16644f6b8d740cdb695edde4913209666560ec626ad1ff0c36fe,,CLONALG/.git/objects/2a,True
CLONALG/.git/objects/2a/fb3b962fd714ab250ab241ebed3a848f422dd2,C:\Users\26096\Desktop\em\FP\CLONALG\.git\objects\2a\fb3b962fd714ab250ab241ebed3a848f422dd2,fb3b962fd714ab250ab241ebed3a848f422dd2,fb3b962fd714ab250ab241ebed3a848f422dd2,,8065,2026-03-13T00:46:18+01:00,2026-07-30T20:35:04+02:00,c2f3486ff0225e2e1b5b468064ce204acb4a5be2358567376017d7d734f02e59,,CLONALG/.git/objects/2a,True
CLONALG/.git/objects/2c/ab8a53520fb2588e00b99e689c96e9b7e2c1af,C:\Users\26096\Desktop\em\FP\CLONALG\.git\objects\2c\ab8a53520fb2588e00b99e689c96e9b7e2c1af,ab8a53520fb2588e00b99e689c96e9b7e2c1af,ab8a53520fb2588e00b99e689c96e9b7e2c1af,,16991,2026-03-13T00:46:16+01:00,2026-07-30T20:35:04+02:00,66d74f74674e9a21d7101aacfa458b01d9217f6d5afe32efe20e4a9eb5a169e7,,CLONALG/.git/objects/2c,True
CLONALG/.git/objects/2c/d8862ea19cca0ae8f0915c7d2f752344abb013,C:\Users\26096\Desktop\em\FP\CLONALG\.git\objects\2c\d8862ea19cca0ae8f0915c7d2f752344abb013,d8862ea19cca0ae8f0915c7d2f752344abb013,d8862ea19cca0ae8f0915c7d2f752344abb013,,9548,2026-01-02T02:14:02+01:00,2026-07-30T20:35:04+02:00,304f7b59149580335055d54c4bc424d0ece734fe8921440aa511d028403f5837,,CLONALG/.git/objects/2c,True
CLONALG/.git/objects/2d/7adf183071725856d3ba840a3054adcc7193d2,C:\Users\26096\Desktop\em\FP\CLONALG\.git\objects\2d\7adf183071725856d3ba840a3054adcc7193d2,7adf183071725856d3ba840a3054adcc7193d2,7adf183071725856d3ba840a3054adcc7193d2,,780,2025-12-04T10:48:28+01:00,2026-07-30T20:35:04+02:00,4db58b951edf9d97c4762f81145cd9350eb6f048e0eb389c8645a6bdf12ee2a5,,CLONALG/.git/objects/2d,True
CLONALG/.git/objects/2f/9abe85da2d234093f1e977d3fb008ceb086194,C:\Users\26096\Desktop\em\FP\CLONALG\.git\objects\2f\9abe85da2d234093f1e977d3fb008ceb086194,9abe85da2d234093f1e977d3fb008ceb086194,9abe85da2d234093f1e977d3fb008ceb086194,,10659,2026-03-13T00:46:18+01:00,2026-07-30T20:35:04+02:00,8325d1a6f90b54aa2ca15a55b61358f18e09be1c1c8d0811f54650aa49b789fd,,CLONALG/.git/objects/2f,True
CLONALG/.git/objects/2f/a4c6cb6dd952fc1a96bd66c8c63c641c10d197,C:\Users\26096\Desktop\em\FP\CLONALG\.git\objects\2f\a4c6cb6dd952fc1a96bd66c8c63c641c10d197,a4c6cb6dd952fc1a96bd66c8c63c641c10d197,a4c6cb6dd952fc1a96bd66c8c63c641c10d197,,8150,2026-03-13T00:46:18+01:00,2026-07-30T20:35:04+02:00,f0a9bf224bacee87f1ae26e5b01fef5103c76af9b1b2a530f76b1c0b76ee119a,,CLONALG/.git/objects/2f,True
CLONALG/.git/objects/30/a5d998e5802826a7c519f5cc3ed3d30b58c2e6,C:\Users\26096\Desktop\em\FP\CLONALG\.git\objects\30\a5d998e5802826a7c519f5cc3ed3d30b58c2e6,a5d998e5802826a7c519f5cc3ed3d30b58c2e6,a5d998e5802826a7c519f5cc3ed3d30b58c2e6,,6686,2026-04-10T02:03:02+02:00,2026-07-30T20:35:04+02:00,4d3a24868f2eb9e2df86d69aed4440cfd0ec6f6a2b3c210e59ee8f2dcbe59dd1,,CLONALG/.git/objects/30,True
CLONALG/.git/objects/31/55cc615d991435f2843b89ebd6fa4fe3c18ffc,C:\Users\26096\Desktop\em\FP\CLONALG\.git\objects\31\55cc615d991435f2843b89ebd6fa4fe3c18ffc,55cc615d991435f2843b89ebd6fa4fe3c18ffc,55cc615d991435f2843b89ebd6fa4fe3c18ffc,,189,2025-12-04T10:48:28+01:00,2026-07-30T20:35:04+02:00,9801d5d943add83e745d80c0e01f3c39c8fffa9738b53bc05dc97d89a5c86a46,,CLONALG/.git/objects/31,True
CLONALG/.git/objects/32/60af8e9d75fc7d9e507c58c7955657f489f794,C:\Users\26096\Desktop\em\FP\CLONALG\.git\objects\32\60af8e9d75fc7d9e507c58c7955657f489f794,60af8e9d75fc7d9e507c58c7955657f489f794,60af8e9d75fc7d9e507c58c7955657f489f794,,228,2025-12-06T13:19:36+01:00,2026-07-30T20:35:04+02:00,b166af1736c0e4c90bb066fbb3a67d5fb6f9f4ee02770739497f56c6628071ff,,CLONALG/.git/objects/32,True
CLONALG/.git/objects/32/699cc2f94d3dbf22bac9a4f46cedd545a4991d,C:\Users\26096\Desktop\em\FP\CLONALG\.git\objects\32\699cc2f94d3dbf22bac9a4f46cedd545a4991d,699cc2f94d3dbf22bac9a4f46cedd545a4991d,699cc2f94d3dbf22bac9a4f46cedd545a4991d,,51906,2026-03-13T00:46:18+01:00,2026-07-30T20:35:04+02:00,52259146d987b1b25ea93cd167ed93cc3f55c24c3686e07f085e77158e1d8334,,CLONALG/.git/objects/32,True
CLONALG/.git/objects/37/69f58f1e4bba2202aa7a23ac547e645d1ca1b0,C:\Users\26096\Desktop\em\FP\CLONALG\.git\objects\37\69f58f1e4bba2202aa7a23ac547e645d1ca1b0,69f58f1e4bba2202aa7a23ac547e645d1ca1b0,69f58f1e4bba2202aa7a23ac547e645d1ca1b0,,6099,2026-04-10T02:03:02+02:00,2026-07-30T20:35:04+02:00,e51f5f2f404d0454fc7a9617cbdbfec6e769cbcd2aa1927cb2893814144b9adf,,CLONALG/.git/objects/37,True
CLONALG/.git/objects/37/e694e0b2d885c092bbdaaba980a6187e818f40,C:\Users\26096\Desktop\em\FP\CLONALG\.git\objects\37\e694e0b2d885c092bbdaaba980a6187e818f40,e694e0b2d885c092bbdaaba980a6187e818f40,e694e0b2d885c092bbdaaba980a6187e818f40,,1840913,2026-01-02T02:14:04+01:00,2026-07-30T20:35:04+02:00,50f90e96aba908e11d6733ca6fb372ebc9fd6dbe83f1e0063d0beab9376cf697,,CLONALG/.git/objects/37,True
CLONALG/.git/objects/39/9786b3f6d3221710f009292d1adfd9cf7fc1f4,C:\Users\26096\Desktop\em\FP\CLONALG\.git\objects\39\9786b3f6d3221710f009292d1adfd9cf7fc1f4,9786b3f6d3221710f009292d1adfd9cf7fc1f4,9786b3f6d3221710f009292d1adfd9cf7fc1f4,,11295,2026-01-02T02:14:04+01:00,2026-07-30T20:35:05+02:00,a141d1060d4882186612a0dcf76e79f085684e85c61c6873860da5fff717b89c,,CLONALG/.git/objects/39,True
CLONALG/.git/objects/3c/1f1062d80643a3961a267961f8c1ce9c18282a,C:\Users\26096\Desktop\em\FP\CLONALG\.git\objects\3c\1f1062d80643a3961a267961f8c1ce9c18282a,1f1062d80643a3961a267961f8c1ce9c18282a,1f1062d80643a3961a267961f8c1ce9c18282a,,8046,2026-03-13T00:46:18+01:00,2026-07-30T20:35:05+02:00,660b92290d01926edf179cc3a6348e45ad004ba01dde464b1a3e1375d97358b9,,CLONALG/.git/objects/3c,True
CLONALG/.git/objects/3c/f20846637e7782f943e4ee0af0f6b152bd6cdf,C:\Users\26096\Desktop\em\FP\CLONALG\.git\objects\3c\f20846637e7782f943e4ee0af0f6b152bd6cdf,f20846637e7782f943e4ee0af0f6b152bd6cdf,f20846637e7782f943e4ee0af0f6b152bd6cdf,,170,2025-12-04T10:48:28+01:00,2026-07-30T20:35:05+02:00,adf83ce9ef092735ea0d3c0c8b5f2b58e75db3fab4aa5e35822f799138a9846c,,CLONALG/.git/objects/3c,True
CLONALG/.git/objects/3d/aec6fc143732b322f63ad813a1fcc84c6aae36,C:\Users\26096\Desktop\em\FP\CLONALG\.git\objects\3d\aec6fc143732b322f63ad813a1fcc84c6aae36,aec6fc143732b322f63ad813a1fcc84c6aae36,aec6fc143732b322f63ad813a1fcc84c6aae36,,3944,2026-04-09T22:38:32+02:00,2026-07-30T20:35:05+02:00,d6180f2dd5d78a2af9d1cf802a6f8b48de070fb05297d4ae7716f4db2b5e80d6,,CLONALG/.git/objects/3d,True
CLONALG/.git/objects/3e/b7e0402580d05596a26ef49e12d9d99b66c768,C:\Users\26096\Desktop\em\FP\CLONALG\.git\objects\3e\b7e0402580d05596a26ef49e12d9d99b66c768,b7e0402580d05596a26ef49e12d9d99b66c768,b7e0402580d05596a26ef49e12d9d99b66c768,,44461,2026-03-13T00:46:18+01:00,2026-07-30T20:35:05+02:00,890e2c56a06c37043dac7badc81bf7be7437084c0132f4581b4c0e833a526650,,CLONALG/.git/objects/3e,True
CLONALG/.git/objects/3e/c06b533e7a30a1b116726de8a1cec1617db5a2,C:\Users\26096\Desktop\em\FP\CLONALG\.git\objects\3e\c06b533e7a30a1b116726de8a1cec1617db5a2,c06b533e7a30a1b116726de8a1cec1617db5a2,c06b533e7a30a1b116726de8a1cec1617db5a2,,8103,2026-03-13T00:46:18+01:00,2026-07-30T20:35:05+02:00,970be8a9788d8749d16d1a8289063ee8f561fc4ea29d10c0af86d14109571123,,CLONALG/.git/objects/3e,True
CLONALG/.git/objects/3e/d185b028836a96a808f48f16f6e4650425acad,C:\Users\26096\Desktop\em\FP\CLONALG\.git\objects\3e\d185b028836a96a808f48f16f6e4650425acad,d185b028836a96a808f48f16f6e4650425acad,d185b028836a96a808f48f16f6e4650425acad,,211,2025-12-04T10:33:58+01:00,2026-07-30T20:35:05+02:00,240ddbb079e5d33c39a42ead76475f6cbbbf943f4a645845d919e6b67fec01a1,,CLONALG/.git/objects/3e,True
CLONALG/.git/objects/40/c9687f94f6faca6f4cba032f291bf650ef29ab,C:\Users\26096\Desktop\em\FP\CLONALG\.git\objects\40\c9687f94f6faca6f4cba032f291bf650ef29ab,c9687f94f6faca6f4cba032f291bf650ef29ab,c9687f94f6faca6f4cba032f291bf650ef29ab,,4050,2026-04-10T03:15:54+02:00,2026-07-30T20:35:05+02:00,b99a744b27e1453e6eacc53d9dd1cbc93a31c17ad2b1efadee7cf9c95386a142,,CLONALG/.git/objects/40,True
CLONALG/.git/objects/41/4d82c0d3e8164a7b538777bb9375ad7c22363c,C:\Users\26096\Desktop\em\FP\CLONALG\.git\objects\41\4d82c0d3e8164a7b538777bb9375ad7c22363c,4d82c0d3e8164a7b538777bb9375ad7c22363c,4d82c0d3e8164a7b538777bb9375ad7c22363c,,1675,2026-01-02T02:14:04+01:00,2026-07-30T20:35:05+02:00,9b5c6c280aaaa402d7a22cb8c7a56b764755eca7888f25109e22e21d4cb8f7b6,,CLONALG/.git/objects/41,True
CLONALG/.git/objects/41/a90da49fab066c56c328491275d3b5a3770ba0,C:\Users\26096\Desktop\em\FP\CLONALG\.git\objects\41\a90da49fab066c56c328491275d3b5a3770ba0,a90da49fab066c56c328491275d3b5a3770ba0,a90da49fab066c56c328491275d3b5a3770ba0,,8075,2026-03-13T00:46:18+01:00,2026-07-30T20:35:05+02:00,64be6f674eaee286e96ebcd41e6004522aae473bb461d63ace4dae5359bbaefd,,CLONALG/.git/objects/41,True
CLONALG/.git/objects/44/c6ce4959e7c119a44cdd946ff788b865c9ed77,C:\Users\26096\Desktop\em\FP\CLONALG\.git\objects\44\c6ce4959e7c119a44cdd946ff788b865c9ed77,c6ce4959e7c119a44cdd946ff788b865c9ed77,c6ce4959e7c119a44cdd946ff788b865c9ed77,,68709,2026-01-02T02:14:04+01:00,2026-07-30T20:35:05+02:00,dd0c13a579063a397d78c23dec915db8e6c69bdbd205486a01331cf8d6f86a06,,CLONALG/.git/objects/44,True
CLONALG/.git/objects/48/9eded7a18509457ffc657b2d1e257bacc4f7f2,C:\Users\26096\Desktop\em\FP\CLONALG\.git\objects\48\9eded7a18509457ffc657b2d1e257bacc4f7f2,9eded7a18509457ffc657b2d1e257bacc4f7f2,9eded7a18509457ffc657b2d1e257bacc4f7f2,,203,2025-12-04T10:48:28+01:00,2026-07-30T20:35:05+02:00,80f7eed4b15d90269eb861a446dda20d207c41cf8f6765c08a9abff24525819a,,CLONALG/.git/objects/48,True
CLONALG/.git/objects/48/ed488b266ebc11d5c9ec4f0f907be89de0212c,C:\Users\26096\Desktop\em\FP\CLONALG\.git\objects\48\ed488b266ebc11d5c9ec4f0f907be89de0212c,ed488b266ebc11d5c9ec4f0f907be89de0212c,ed488b266ebc11d5c9ec4f0f907be89de0212c,,8149,2026-03-13T00:46:18+01:00,2026-07-30T20:35:05+02:00,8a454ee1d57c38619a36381686bcc59a8380043be1dcd7ff1170b75420001ac6,,CLONALG/.git/objects/48,True
CLONALG/.git/objects/4a/558366a21a38cb3938f95fb0a7ef2bc97c6cd5,C:\Users\26096\Desktop\em\FP\CLONALG\.git\objects\4a\558366a21a38cb3938f95fb0a7ef2bc97c6cd5,558366a21a38cb3938f95fb0a7ef2bc97c6cd5,558366a21a38cb3938f95fb0a7ef2bc97c6cd5,,14382,2025-12-04T10:33:58+01:00,2026-07-30T20:35:05+02:00,d3be8193569fdc16b1ee1dde3974018aafe458aaadb6dae29ae101e300ceb9f5,,CLONALG/.git/objects/4a,True
CLONALG/.git/objects/4c/21e4da1fc9ba666bdebcb8b37c020dc0f90557,C:\Users\26096\Desktop\em\FP\CLONALG\.git\objects\4c\21e4da1fc9ba666bdebcb8b37c020dc0f90557,21e4da1fc9ba666bdebcb8b37c020dc0f90557,21e4da1fc9ba666bdebcb8b37c020dc0f90557,,3491,2025-12-07T09:58:04+01:00,2026-07-30T20:35:05+02:00,82758130b93105279328465f564a7696d3253a225870c5eb904b607c26917413,,CLONALG/.git/objects/4c,True
CLONALG/.git/objects/4e/7b118ce0906afefcb694e10604a28b0a7bac71,C:\Users\26096\Desktop\em\FP\CLONALG\.git\objects\4e\7b118ce0906afefcb694e10604a28b0a7bac71,7b118ce0906afefcb694e10604a28b0a7bac71,7b118ce0906afefcb694e10604a28b0a7bac71,,406,2026-01-02T02:14:02+01:00,2026-07-30T20:35:05+02:00,47e78e86f4077d6356a1deeb92e3bc4856930c690e630dcecc7033ed1d6f15ae,,CLONALG/.git/objects/4e,True
CLONALG/.git/objects/4e/b30c99528307958a413c850f3282f8794810a0,C:\Users\26096\Desktop\em\FP\CLONALG\.git\objects\4e\b30c99528307958a413c850f3282f8794810a0,b30c99528307958a413c850f3282f8794810a0,b30c99528307958a413c850f3282f8794810a0,,44394,2026-03-13T00:46:18+01:00,2026-07-30T20:35:05+02:00,f5ce49f0618c298d4a953ebb0c9909d5bc5637a12326108f82f08279ccc7370d,,CLONALG/.git/objects/4e,True
CLONALG/.git/objects/4f/3a91da19df7bc1154ec6719012c4bc34e2e7ec,C:\Users\26096\Desktop\em\FP\CLONALG\.git\objects\4f\3a91da19df7bc1154ec6719012c4bc34e2e7ec,3a91da19df7bc1154ec6719012c4bc34e2e7ec,3a91da19df7bc1154ec6719012c4bc34e2e7ec,,8467,2026-03-13T00:46:18+01:00,2026-07-30T20:35:05+02:00,bfcd7b87d01fa182037353d81c9a461b0411e2c7a7b89ad62778b9df0889752e,,CLONALG/.git/objects/4f,True
CLONALG/.git/objects/50/92a56dab24534a9b07e284cc3f11d19fd4bef0,C:\Users\26096\Desktop\em\FP\CLONALG\.git\objects\50\92a56dab24534a9b07e284cc3f11d19fd4bef0,92a56dab24534a9b07e284cc3f11d19fd4bef0,92a56dab24534a9b07e284cc3f11d19fd4bef0,,468,2026-03-13T00:46:18+01:00,2026-07-30T20:35:05+02:00,dcb7b0b5e3b87aebb46048ea8a96fa3d03d308a991598a0403300d1ecc88361f,,CLONALG/.git/objects/50,True
CLONALG/.git/objects/52/811dc2cca84d96d3091127211b2a095434e929,C:\Users\26096\Desktop\em\FP\CLONALG\.git\objects\52\811dc2cca84d96d3091127211b2a095434e929,811dc2cca84d96d3091127211b2a095434e929,811dc2cca84d96d3091127211b2a095434e929,,1623,2026-03-13T00:46:18+01:00,2026-07-30T20:35:05+02:00,65685ab4e0fd715d7c2f153ada0b9349d33f492d8001064b9fa09f9da9e9fe0e,,CLONALG/.git/objects/52,True
CLONALG/.git/objects/53/4557f7a360fa2d35e27153f833fa69992e8534,C:\Users\26096\Desktop\em\FP\CLONALG\.git\objects\53\4557f7a360fa2d35e27153f833fa69992e8534,4557f7a360fa2d35e27153f833fa69992e8534,4557f7a360fa2d35e27153f833fa69992e8534,,436,2026-01-02T02:14:04+01:00,2026-07-30T20:35:05+02:00,932df81edd2b3ebf85bb2672e6784c71db85ac63f29b3b19b449c86726cb4739,,CLONALG/.git/objects/53,True
CLONALG/.git/objects/54/40956bbfd74bcb851e701f830b496ea5da6983,C:\Users\26096\Desktop\em\FP\CLONALG\.git\objects\54\40956bbfd74bcb851e701f830b496ea5da6983,40956bbfd74bcb851e701f830b496ea5da6983,40956bbfd74bcb851e701f830b496ea5da6983,,8291,2026-03-13T00:46:18+01:00,2026-07-30T20:35:05+02:00,29d831cb26bcfc6b17075723625330af3274518bc6bbda0c4b15c952a7c86f53,,CLONALG/.git/objects/54,True
CLONALG/.git/objects/55/061188c37d0cf7030bcdbb1b4c051c6ef76004,C:\Users\26096\Desktop\em\FP\CLONALG\.git\objects\55\061188c37d0cf7030bcdbb1b4c051c6ef76004,061188c37d0cf7030bcdbb1b4c051c6ef76004,061188c37d0cf7030bcdbb1b4c051c6ef76004,,192,2025-12-04T10:33:58+01:00,2026-07-30T20:35:05+02:00,f5030cd2340db0f3684e834b1afd8bd4836af57107c5ef9881fa5a5f6b41aec6,,CLONALG/.git/objects/55,True
CLONALG/.git/objects/55/3851edf235d0547de9c5e4c7cc3c7f353ae1a0,C:\Users\26096\Desktop\em\FP\CLONALG\.git\objects\55\3851edf235d0547de9c5e4c7cc3c7f353ae1a0,3851edf235d0547de9c5e4c7cc3c7f353ae1a0,3851edf235d0547de9c5e4c7cc3c7f353ae1a0,,857,2025-12-07T09:58:04+01:00,2026-07-30T20:35:05+02:00,e99dc99537a43310787dbf7a846c4b3689c3db1ed9a792ca0c9f0810d4333d4a,,CLONALG/.git/objects/55,True
CLONALG/.git/objects/55/51b6e43f02556d7ef2fd656eed82c3cbef960d,C:\Users\26096\Desktop\em\FP\CLONALG\.git\objects\55\51b6e43f02556d7ef2fd656eed82c3cbef960d,51b6e43f02556d7ef2fd656eed82c3cbef960d,51b6e43f02556d7ef2fd656eed82c3cbef960d,,808,2026-01-02T02:14:04+01:00,2026-07-30T20:35:05+02:00,7a125002e85da4ec1f395bf3b8fdcb97a82b90ed5dcbb01a8a6500f3c4370bfc,,CLONALG/.git/objects/55,True
CLONALG/.git/objects/58/4680fc4074636e23fdb68d3719cbce5249ceaa,C:\Users\26096\Desktop\em\FP\CLONALG\.git\objects\58\4680fc4074636e23fdb68d3719cbce5249ceaa,4680fc4074636e23fdb68d3719cbce5249ceaa,4680fc4074636e23fdb68d3719cbce5249ceaa,,12993,2025-12-04T10:48:28+01:00,2026-07-30T20:35:05+02:00,f13757fec8553a774aa3f69cc9548413b24997be35a5d0c8f94b33c3aed1780e,,CLONALG/.git/objects/58,True
CLONALG/.git/objects/58/4ff0057e6e1a58134b37711d3e783a4156042e,C:\Users\26096\Desktop\em\FP\CLONALG\.git\objects\58\4ff0057e6e1a58134b37711d3e783a4156042e,4ff0057e6e1a58134b37711d3e783a4156042e,4ff0057e6e1a58134b37711d3e783a4156042e,,2398,2026-01-02T02:14:02+01:00,2026-07-30T20:35:05+02:00,a085f0c6a0f4a1127f60a3add47b63922d3669b063c09c8ba47e37ec84ccf849,,CLONALG/.git/objects/58,True
CLONALG/.git/objects/58/517b04f76e19713731e0836b5588efe91d8e68,C:\Users\26096\Desktop\em\FP\CLONALG\.git\objects\58\517b04f76e19713731e0836b5588efe91d8e68,517b04f76e19713731e0836b5588efe91d8e68,517b04f76e19713731e0836b5588efe91d8e68,,14245,2025-12-06T13:19:36+01:00,2026-07-30T20:35:05+02:00,3469f3bb2edfcaa86ca7b959859e28b26dacfe1c038b2f69badaea0f14a0ddee,,CLONALG/.git/objects/58,True
CLONALG/.git/objects/58/eff4b0902f11dffbc1cc3a0753ebc5da07c057,C:\Users\26096\Desktop\em\FP\CLONALG\.git\objects\58\eff4b0902f11dffbc1cc3a0753ebc5da07c057,eff4b0902f11dffbc1cc3a0753ebc5da07c057,eff4b0902f11dffbc1cc3a0753ebc5da07c057,,13155,2025-12-04T10:33:58+01:00,2026-07-30T20:35:05+02:00,fee99aa11f3009b213645b5a87b55c279bedffe032fef5f79feba8ef372efb8e,,CLONALG/.git/objects/58,True
CLONALG/.git/objects/59/106cd553d7c2c5ace0d605ee724692c4617909,C:\Users\26096\Desktop\em\FP\CLONALG\.git\objects\59\106cd553d7c2c5ace0d605ee724692c4617909,106cd553d7c2c5ace0d605ee724692c4617909,106cd553d7c2c5ace0d605ee724692c4617909,,197,2025-12-07T09:58:04+01:00,2026-07-30T20:35:05+02:00,1c33c767a4f34044aada83c79f951c5975d6915a9ad7b24499095f0d749e0db7,,CLONALG/.git/objects/59,True
CLONALG/.git/objects/5a/3bf0589f4814dcf1a12beb2ad3d29c84e141af,C:\Users\26096\Desktop\em\FP\CLONALG\.git\objects\5a\3bf0589f4814dcf1a12beb2ad3d29c84e141af,3bf0589f4814dcf1a12beb2ad3d29c84e141af,3bf0589f4814dcf1a12beb2ad3d29c84e141af,,8465,2026-03-13T00:46:18+01:00,2026-07-30T20:35:05+02:00,f468e65b3a9fbe7a88e1a66c588da214e2d17982d68d8d48b61848f45d91077c,,CLONALG/.git/objects/5a,True
CLONALG/.git/objects/5b/6cb2b551feb5ccaab65056d41944f99a449fc3,C:\Users\26096\Desktop\em\FP\CLONALG\.git\objects\5b\6cb2b551feb5ccaab65056d41944f99a449fc3,6cb2b551feb5ccaab65056d41944f99a449fc3,6cb2b551feb5ccaab65056d41944f99a449fc3,,1815,2026-03-15T22:18:34+01:00,2026-07-30T20:35:05+02:00,e8a89e5e169886525af69e259291ae33e2c619639a223309244c056db192eda5,,CLONALG/.git/objects/5b,True
CLONALG/.git/objects/5e/2cb155858e4c51046446e4563e68399500a1a0,C:\Users\26096\Desktop\em\FP\CLONALG\.git\objects\5e\2cb155858e4c51046446e4563e68399500a1a0,2cb155858e4c51046446e4563e68399500a1a0,2cb155858e4c51046446e4563e68399500a1a0,,484480,2025-12-04T10:48:28+01:00,2026-07-30T20:35:05+02:00,0ca79b9aa7e955b9a25195d38e004011ff73351d3624043f550ca93d9c1f1c2d,,CLONALG/.git/objects/5e,True
CLONALG/.git/objects/5f/f5a292df1e4540a04fd62a4fc48d891e8a2fc1,C:\Users\26096\Desktop\em\FP\CLONALG\.git\objects\5f\f5a292df1e4540a04fd62a4fc48d891e8a2fc1,f5a292df1e4540a04fd62a4fc48d891e8a2fc1,f5a292df1e4540a04fd62a4fc48d891e8a2fc1,,8434,2026-03-13T00:46:18+01:00,2026-07-30T20:35:05+02:00,ab979fbe6995197b70c1b21f6879573d99985b3b60cf0cae0679fa8c14086358,,CLONALG/.git/objects/5f,True
CLONALG/.git/objects/60/bf3ddbe0985e8d938395630a66d792cd02389c,C:\Users\26096\Desktop\em\FP\CLONALG\.git\objects\60\bf3ddbe0985e8d938395630a66d792cd02389c,bf3ddbe0985e8d938395630a66d792cd02389c,bf3ddbe0985e8d938395630a66d792cd02389c,,14439,2026-01-02T02:14:04+01:00,2026-07-30T20:35:05+02:00,d36086bea2b14622eab16fe076fb8f5fd3a7e51f9ea7e8c2496f8bd05c4ad0b9,,CLONALG/.git/objects/60,True
CLONALG/.git/objects/62/451bd1ccd64776063c7dc8002dee74e06c9e73,C:\Users\26096\Desktop\em\FP\CLONALG\.git\objects\62\451bd1ccd64776063c7dc8002dee74e06c9e73,451bd1ccd64776063c7dc8002dee74e06c9e73,451bd1ccd64776063c7dc8002dee74e06c9e73,,14325,2025-12-04T10:33:58+01:00,2026-07-30T20:35:05+02:00,7ed2e787f67ee9a9426d64d42a8f9d1ce453eb3a39ab745f9b828d949a1e5898,,CLONALG/.git/objects/62,True
CLONALG/.git/objects/63/41883276b8f8b2fa85eeee7a2998b463436dc6,C:\Users\26096\Desktop\em\FP\CLONALG\.git\objects\63\41883276b8f8b2fa85eeee7a2998b463436dc6,41883276b8f8b2fa85eeee7a2998b463436dc6,41883276b8f8b2fa85eeee7a2998b463436dc6,,1258,2026-03-13T00:46:18+01:00,2026-07-30T20:35:05+02:00,4aab3e7df379f6d16b1cd49e46b9bf5481ae8fbb5eee48ab1644bc73c1a1b512,,CLONALG/.git/objects/63,True
CLONALG/.git/objects/63/c31788723399999492108251ff2ba2b35cfe1b,C:\Users\26096\Desktop\em\FP\CLONALG\.git\objects\63\c31788723399999492108251ff2ba2b35cfe1b,c31788723399999492108251ff2ba2b35cfe1b,c31788723399999492108251ff2ba2b35cfe1b,,3810,2026-01-02T02:14:02+01:00,2026-07-30T20:35:05+02:00,c69a9e840af2c1a240530f8530e1071c72b252c20828cb137e36a4944f3e45f0,,CLONALG/.git/objects/63,True
CLONALG/.git/objects/65/259d5da96f0504b9024fad4d0a3edb19402ee4,C:\Users\26096\Desktop\em\FP\CLONALG\.git\objects\65\259d5da96f0504b9024fad4d0a3edb19402ee4,259d5da96f0504b9024fad4d0a3edb19402ee4,259d5da96f0504b9024fad4d0a3edb19402ee4,,609,2026-01-02T02:14:04+01:00,2026-07-30T20:35:05+02:00,114939a795ae93c4c81d36bcc4235b62a5fe8d991737f6af4e31ab054119ccab,,CLONALG/.git/objects/65,True
CLONALG/.git/objects/65/6cf53b6cf281746b4e70eb0552579c9c1af8df,C:\Users\26096\Desktop\em\FP\CLONALG\.git\objects\65\6cf53b6cf281746b4e70eb0552579c9c1af8df,6cf53b6cf281746b4e70eb0552579c9c1af8df,6cf53b6cf281746b4e70eb0552579c9c1af8df,,195,2026-03-15T22:18:34+01:00,2026-07-30T20:35:05+02:00,74ee80f972e2fc8beff0e6e7e83dcfa06abf44a729ab4561a9d70adf6855e910,,CLONALG/.git/objects/65,True
CLONALG/.git/objects/66/0b352ca1b70b5ba0999f357c46de73a04f3611,C:\Users\26096\Desktop\em\FP\CLONALG\.git\objects\66\0b352ca1b70b5ba0999f357c46de73a04f3611,0b352ca1b70b5ba0999f357c46de73a04f3611,0b352ca1b70b5ba0999f357c46de73a04f3611,,4646410,2026-01-02T02:14:04+01:00,2026-07-30T20:35:05+02:00,0d11fa523f47e4f42524bb9670dddaabd8554d5649eab8bfa8f8e8e69072bb14,,CLONALG/.git/objects/66,True
CLONALG/.git/objects/66/1e9fec73954cade6cc3728a1751dfceecb6188,C:\Users\26096\Desktop\em\FP\CLONALG\.git\objects\66\1e9fec73954cade6cc3728a1751dfceecb6188,1e9fec73954cade6cc3728a1751dfceecb6188,1e9fec73954cade6cc3728a1751dfceecb6188,,424,2026-01-02T02:14:04+01:00,2026-07-30T20:35:05+02:00,54929259ab8821d82b60b1285d54a9a130fb6f7a2fa7f02e40585d2504557206,,CLONALG/.git/objects/66,True
CLONALG/.git/objects/66/32c973305d8dd0e198b24da0e1987d0d68fb41,C:\Users\26096\Desktop\em\FP\CLONALG\.git\objects\66\32c973305d8dd0e198b24da0e1987d0d68fb41,32c973305d8dd0e198b24da0e1987d0d68fb41,32c973305d8dd0e198b24da0e1987d0d68fb41,,5095,2026-03-13T00:46:18+01:00,2026-07-30T20:35:05+02:00,69b69974cb836dfccf790fb91f7445fab3d63415dc1df9f4b84329c124282402,,CLONALG/.git/objects/66,True
CLONALG/.git/objects/67/f1f56d481a75e268b060c6186d318ced6abb47,C:\Users\26096\Desktop\em\FP\CLONALG\.git\objects\67\f1f56d481a75e268b060c6186d318ced6abb47,f1f56d481a75e268b060c6186d318ced6abb47,f1f56d481a75e268b060c6186d318ced6abb47,,8071,2026-03-13T00:46:18+01:00,2026-07-30T20:35:05+02:00,f6f5c7b067e172affe937aa12233ba1dee4a34a7ceb446170976bf565c0b48e6,,CLONALG/.git/objects/67,True
CLONALG/.git/objects/69/2fcc71f688e273bc1f243924e2066d0a140d8c,C:\Users\26096\Desktop\em\FP\CLONALG\.git\objects\69\2fcc71f688e273bc1f243924e2066d0a140d8c,2fcc71f688e273bc1f243924e2066d0a140d8c,2fcc71f688e273bc1f243924e2066d0a140d8c,,8491,2026-03-13T00:46:18+01:00,2026-07-30T20:35:05+02:00,be913d88940479982c2c88cb351532c45f1a3996bd0c6dde54a3111a0ebdbec9,,CLONALG/.git/objects/69,True
CLONALG/.git/objects/6c/0a4444f4c481e93bc58b238b9db195aa80a4dc,C:\Users\26096\Desktop\em\FP\CLONALG\.git\objects\6c\0a4444f4c481e93bc58b238b9db195aa80a4dc,0a4444f4c481e93bc58b238b9db195aa80a4dc,0a4444f4c481e93bc58b238b9db195aa80a4dc,,4879,2025-12-04T10:48:28+01:00,2026-07-30T20:35:05+02:00,ea0a8c71142665809d08af4110da2857621e014b06de3c7228600e1be01cf9fd,,CLONALG/.git/objects/6c,True
CLONALG/.git/objects/70/13ba4136abfe7b08a9d5ab6ca5b3b5e1dc2bf8,C:\Users\26096\Desktop\em\FP\CLONALG\.git\objects\70\13ba4136abfe7b08a9d5ab6ca5b3b5e1dc2bf8,13ba4136abfe7b08a9d5ab6ca5b3b5e1dc2bf8,13ba4136abfe7b08a9d5ab6ca5b3b5e1dc2bf8,,3585,2026-01-02T02:14:04+01:00,2026-07-30T20:35:05+02:00,c2ee80640211a7a7136665201e3ea64f23bb21ce29156c572b8658ace217a4a0,,CLONALG/.git/objects/70,True
CLONALG/.git/objects/77/9750c7de9987820f215a72f6cb4a3cfdada23a,C:\Users\26096\Desktop\em\FP\CLONALG\.git\objects\77\9750c7de9987820f215a72f6cb4a3cfdada23a,9750c7de9987820f215a72f6cb4a3cfdada23a,9750c7de9987820f215a72f6cb4a3cfdada23a,,3614,2025-12-06T13:19:36+01:00,2026-07-30T20:35:05+02:00,2d22b784aab5d4dbfc7e078b53bb6ed7dd44b6875d7cf083ddc6a0137a4e2181,,CLONALG/.git/objects/77,True
CLONALG/.git/objects/77/dd23a3554355305c9570e12730f8524f77bcd5,C:\Users\26096\Desktop\em\FP\CLONALG\.git\objects\77\dd23a3554355305c9570e12730f8524f77bcd5,dd23a3554355305c9570e12730f8524f77bcd5,dd23a3554355305c9570e12730f8524f77bcd5,,1548,2026-03-13T00:46:18+01:00,2026-07-30T20:35:05+02:00,0170a04b42e5a2150d014e021063145db8cb4ffb3662c4b7dc9e52b3f4fd10fe,,CLONALG/.git/objects/77,True
CLONALG/.git/objects/78/d1970854a0c979dcf18a11f7885e6dfcbceb5b,C:\Users\26096\Desktop\em\FP\CLONALG\.git\objects\78\d1970854a0c979dcf18a11f7885e6dfcbceb5b,d1970854a0c979dcf18a11f7885e6dfcbceb5b,d1970854a0c979dcf18a11f7885e6dfcbceb5b,,2281249,2026-03-13T00:46:18+01:00,2026-07-30T20:35:05+02:00,20fd07a66d74348597ae754802be548b34de8f3e61ea4e6e9199e886f49c2a7a,,CLONALG/.git/objects/78,True
CLONALG/.git/objects/7a/50ef8826456fdffe4edcbe442594b2e1bfc6a4,C:\Users\26096\Desktop\em\FP\CLONALG\.git\objects\7a\50ef8826456fdffe4edcbe442594b2e1bfc6a4,50ef8826456fdffe4edcbe442594b2e1bfc6a4,50ef8826456fdffe4edcbe442594b2e1bfc6a4,,1290,2026-04-09T22:38:32+02:00,2026-07-30T20:35:05+02:00,e5be9cff02e0d7985727ce4d3792f5129eaaea5b1d107a8e6c1561205d947795,,CLONALG/.git/objects/7a,True
CLONALG/.git/objects/7c/45b5164019e71cb8fd7f8319191ee098abc47a,C:\Users\26096\Desktop\em\FP\CLONALG\.git\objects\7c\45b5164019e71cb8fd7f8319191ee098abc47a,45b5164019e71cb8fd7f8319191ee098abc47a,45b5164019e71cb8fd7f8319191ee098abc47a,,8070,2026-03-13T00:46:18+01:00,2026-07-30T20:35:05+02:00,eab8a24df99ce550917f5d09d419a1f08ea57f87d0c6e5ef3aed862a53ac70cb,,CLONALG/.git/objects/7c,True
CLONALG/.git/objects/7c/c21018d02aa8fd98af993255dfec8524f01e93,C:\Users\26096\Desktop\em\FP\CLONALG\.git\objects\7c\c21018d02aa8fd98af993255dfec8524f01e93,c21018d02aa8fd98af993255dfec8524f01e93,c21018d02aa8fd98af993255dfec8524f01e93,,194,2025-12-04T10:33:58+01:00,2026-07-30T20:35:05+02:00,270f5954a377909a315c9a6f92c4aa6ea84c4f6dbbb39eae9ae39525f0d009dd,,CLONALG/.git/objects/7c,True
CLONALG/.git/objects/7c/e8f7990dde7cb504422aa4399dd3a075555c92,C:\Users\26096\Desktop\em\FP\CLONALG\.git\objects\7c\e8f7990dde7cb504422aa4399dd3a075555c92,e8f7990dde7cb504422aa4399dd3a075555c92,e8f7990dde7cb504422aa4399dd3a075555c92,,1288,2026-01-02T02:14:02+01:00,2026-07-30T20:35:05+02:00,f1aab12e64e6da0ff6bc3c934b273753de43e39c441379d7101745bbbeaab4f5,,CLONALG/.git/objects/7c,True
CLONALG/.git/objects/7d/71f00b09a5da1fc4e47540a6929bd2ec0ed494,C:\Users\26096\Desktop\em\FP\CLONALG\.git\objects\7d\71f00b09a5da1fc4e47540a6929bd2ec0ed494,71f00b09a5da1fc4e47540a6929bd2ec0ed494,71f00b09a5da1fc4e47540a6929bd2ec0ed494,,225,2025-12-04T10:33:58+01:00,2026-07-30T20:35:05+02:00,e883a1b652515ca55eaeb7e6b9023b82f0f2429088dabf21b875d136a6823e0b,,CLONALG/.git/objects/7d,True
CLONALG/.git/objects/7d/a504f3be1ed16d2c638f226a8dde5e41d47b74,C:\Users\26096\Desktop\em\FP\CLONALG\.git\objects\7d\a504f3be1ed16d2c638f226a8dde5e41d47b74,a504f3be1ed16d2c638f226a8dde5e41d47b74,a504f3be1ed16d2c638f226a8dde5e41d47b74,,3247,2026-03-15T22:18:34+01:00,2026-07-30T20:35:05+02:00,62c4d7216cfdcbb3628ff3e310f176cd09c6c5fe6adc9cfe0de060912c061a66,,CLONALG/.git/objects/7d,True
CLONALG/.git/objects/7e/03db829e88243f7c7398aae9d393b968fb6054,C:\Users\26096\Desktop\em\FP\CLONALG\.git\objects\7e\03db829e88243f7c7398aae9d393b968fb6054,03db829e88243f7c7398aae9d393b968fb6054,03db829e88243f7c7398aae9d393b968fb6054,,206,2025-12-04T10:48:28+01:00,2026-07-30T20:35:05+02:00,5348fa5a767bee1679d0733719cda19c560a05a1fbb979dc5e4bc39996ceb2ac,,CLONALG/.git/objects/7e,True
CLONALG/.git/objects/7e/77fb98ace6feb139e86b109f18444ad4d3a905,C:\Users\26096\Desktop\em\FP\CLONALG\.git\objects\7e\77fb98ace6feb139e86b109f18444ad4d3a905,77fb98ace6feb139e86b109f18444ad4d3a905,77fb98ace6feb139e86b109f18444ad4d3a905,,888,2025-12-06T13:19:36+01:00,2026-07-30T20:35:05+02:00,d9f3c6ac6ea4954ee2c5d5f4380a14ccb93cec162253adfea14f6206f949aa66,,CLONALG/.git/objects/7e,True
CLONALG/.git/objects/7f/8e4da64af5072c374b07a75d4bb96ea2a634cf,C:\Users\26096\Desktop\em\FP\CLONALG\.git\objects\7f\8e4da64af5072c374b07a75d4bb96ea2a634cf,8e4da64af5072c374b07a75d4bb96ea2a634cf,8e4da64af5072c374b07a75d4bb96ea2a634cf,,4640513,2026-01-02T02:14:04+01:00,2026-07-30T20:35:05+02:00,d923c1e89eec65756d267ac1441d25079f4cf57ae32e4c540471136f644ddbb3,,CLONALG/.git/objects/7f,True
CLONALG/.git/objects/7f/c5e7271e408ccb8614da6d787dc4007a500f7a,C:\Users\26096\Desktop\em\FP\CLONALG\.git\objects\7f\c5e7271e408ccb8614da6d787dc4007a500f7a,c5e7271e408ccb8614da6d787dc4007a500f7a,c5e7271e408ccb8614da6d787dc4007a500f7a,,14158,2025-12-04T10:48:28+01:00,2026-07-30T20:35:05+02:00,dc84921fbc4cbebdcf7c41ec8903703dff2e942f9d8f23a402eff26920570742,,CLONALG/.git/objects/7f,True
CLONALG/.git/objects/84/51e95abb44cece3aad2106afe58ac74eaf7b55,C:\Users\26096\Desktop\em\FP\CLONALG\.git\objects\84\51e95abb44cece3aad2106afe58ac74eaf7b55,51e95abb44cece3aad2106afe58ac74eaf7b55,51e95abb44cece3aad2106afe58ac74eaf7b55,,2551843,2026-03-13T00:46:18+01:00,2026-07-30T20:35:05+02:00,ee0d883f5b198318941319b90cda196c3ab46e338b1680f76ee06b073383a456,,CLONALG/.git/objects/84,True
CLONALG/.git/objects/84/9125936627695157f84ce23603dcb1cbfd5f96,C:\Users\26096\Desktop\em\FP\CLONALG\.git\objects\84\9125936627695157f84ce23603dcb1cbfd5f96,9125936627695157f84ce23603dcb1cbfd5f96,9125936627695157f84ce23603dcb1cbfd5f96,,857,2025-12-07T09:31:56+01:00,2026-07-30T20:35:05+02:00,f11cf976fd8a7934a91401704fe7e8a8b88e930541fe62f6c5ca943c66af9699,,CLONALG/.git/objects/84,True
CLONALG/.git/objects/86/c40962f27d98882da2b01b058941ee4a36add7,C:\Users\26096\Desktop\em\FP\CLONALG\.git\objects\86\c40962f27d98882da2b01b058941ee4a36add7,c40962f27d98882da2b01b058941ee4a36add7,c40962f27d98882da2b01b058941ee4a36add7,,22573,2026-01-02T02:14:04+01:00,2026-07-30T20:35:05+02:00,dd26494e059f37fcdb050c44bf06abe5a537b14529206cc5442dcc49a49ae0f5,,CLONALG/.git/objects/86,True
CLONALG/.git/objects/87/4b8178b0c9b85d8b743ab527dec1710427f819,C:\Users\26096\Desktop\em\FP\CLONALG\.git\objects\87\4b8178b0c9b85d8b743ab527dec1710427f819,4b8178b0c9b85d8b743ab527dec1710427f819,4b8178b0c9b85d8b743ab527dec1710427f819,,216,2025-12-04T10:48:28+01:00,2026-07-30T20:35:05+02:00,939d42ad6021f91cd356821a6d5441a5cc7ead3b5edeb5e7ced0f77f70715962,,CLONALG/.git/objects/87,True
CLONALG/.git/objects/88/ce31d14c0d939442347bc3198902767fd6558c,C:\Users\26096\Desktop\em\FP\CLONALG\.git\objects\88\ce31d14c0d939442347bc3198902767fd6558c,ce31d14c0d939442347bc3198902767fd6558c,ce31d14c0d939442347bc3198902767fd6558c,,148783,2026-01-02T02:14:04+01:00,2026-07-30T20:35:05+02:00,565dc69648a44058297d21e04fe61891455c4a7ce96d6aababc73a95c2046d96,,CLONALG/.git/objects/88,True
CLONALG/.git/objects/89/4a5cded2087885a94f867102066337ff622d50,C:\Users\26096\Desktop\em\FP\CLONALG\.git\objects\89\4a5cded2087885a94f867102066337ff622d50,4a5cded2087885a94f867102066337ff622d50,4a5cded2087885a94f867102066337ff622d50,,4862,2026-03-13T00:46:18+01:00,2026-07-30T20:35:05+02:00,2db53a333eb4657595f7b3ce639ef73f79fb5aa14cb791d69d475943be55bae2,,CLONALG/.git/objects/89,True
CLONALG/.git/objects/8a/4273dc8ceac89f9aea5ef7da93a059f747bbda,C:\Users\26096\Desktop\em\FP\CLONALG\.git\objects\8a\4273dc8ceac89f9aea5ef7da93a059f747bbda,4273dc8ceac89f9aea5ef7da93a059f747bbda,4273dc8ceac89f9aea5ef7da93a059f747bbda,,2199270,2026-03-13T00:46:18+01:00,2026-07-30T20:35:05+02:00,2c54a08aa046c0e553d8a397f40b0cf6d032c83307372b198e405bfd9c31f143,,CLONALG/.git/objects/8a,True
CLONALG/.git/objects/8a/e27434e888f0d9470b819ee2fc61a07777d6d7,C:\Users\26096\Desktop\em\FP\CLONALG\.git\objects\8a\e27434e888f0d9470b819ee2fc61a07777d6d7,e27434e888f0d9470b819ee2fc61a07777d6d7,e27434e888f0d9470b819ee2fc61a07777d6d7,,3543,2026-01-02T02:14:04+01:00,2026-07-30T20:35:05+02:00,491dffe8f9f95e93d2477395a55e6bd67a2ad2ec6b0c33a46287d455839bb103,,CLONALG/.git/objects/8a,True
CLONALG/.git/objects/8e/a72e01f143f02ffe6b8992bc500db68f8b2e94,C:\Users\26096\Desktop\em\FP\CLONALG\.git\objects\8e\a72e01f143f02ffe6b8992bc500db68f8b2e94,a72e01f143f02ffe6b8992bc500db68f8b2e94,a72e01f143f02ffe6b8992bc500db68f8b2e94,,12993,2025-12-04T10:48:28+01:00,2026-07-30T20:35:05+02:00,456bd1b434dc189221b2831838fef51def6c67ea1e2d8747ed46dd0662c0aeba,,CLONALG/.git/objects/8e,True
CLONALG/.git/objects/91/01268ff0dedd6f2a3ea7d3918cb8ad408e4d98,C:\Users\26096\Desktop\em\FP\CLONALG\.git\objects\91\01268ff0dedd6f2a3ea7d3918cb8ad408e4d98,01268ff0dedd6f2a3ea7d3918cb8ad408e4d98,01268ff0dedd6f2a3ea7d3918cb8ad408e4d98,,16079,2026-01-02T02:14:02+01:00,2026-07-30T20:35:05+02:00,dd8616a2f3d943bd9879b0def315428fe579dd26bc7927ff4062172898e66f68,,CLONALG/.git/objects/91,True
CLONALG/.git/objects/91/343dc8e33783ddaf244dd3e4a0c58620aaa99d,C:\Users\26096\Desktop\em\FP\CLONALG\.git\objects\91\343dc8e33783ddaf244dd3e4a0c58620aaa99d,343dc8e33783ddaf244dd3e4a0c58620aaa99d,343dc8e33783ddaf244dd3e4a0c58620aaa99d,,428,2025-12-07T09:31:56+01:00,2026-07-30T20:35:05+02:00,b8890fd8fce27ce7ceda2a7d63a643971a24eeb1799ab2de12668d71e26542a5,,CLONALG/.git/objects/91,True
CLONALG/.git/objects/91/7c1ee07940ddfe26d2a9c67c1d93704986197a,C:\Users\26096\Desktop\em\FP\CLONALG\.git\objects\91\7c1ee07940ddfe26d2a9c67c1d93704986197a,7c1ee07940ddfe26d2a9c67c1d93704986197a,7c1ee07940ddfe26d2a9c67c1d93704986197a,,195,2026-04-10T02:03:02+02:00,2026-07-30T20:35:05+02:00,551f4a6370b07f30ddba5070fdff01b288c6dc3e5fb3bf60402b172fd4cf7ac3,,CLONALG/.git/objects/91,True
CLONALG/.git/objects/93/8ded45772cfbf0f46f2b73ece1d6d275701c1b,C:\Users\26096\Desktop\em\FP\CLONALG\.git\objects\93\8ded45772cfbf0f46f2b73ece1d6d275701c1b,8ded45772cfbf0f46f2b73ece1d6d275701c1b,8ded45772cfbf0f46f2b73ece1d6d275701c1b,,185,2025-12-04T10:48:28+01:00,2026-07-30T20:35:05+02:00,ba41676106a414c3f3ee9197739bcc2bff5779f407ce3acbbcf6ae395563b92c,,CLONALG/.git/objects/93,True
CLONALG/.git/objects/95/8039b1f7fb387cb38a1f25fc28b614ed879cc3,C:\Users\26096\Desktop\em\FP\CLONALG\.git\objects\95\8039b1f7fb387cb38a1f25fc28b614ed879cc3,8039b1f7fb387cb38a1f25fc28b614ed879cc3,8039b1f7fb387cb38a1f25fc28b614ed879cc3,,139596,2026-03-13T00:46:18+01:00,2026-07-30T20:35:05+02:00,4fa794d72b7cd02d6097b26e84bee720f184a133801b1c94b43d064b74cdbcdb,,CLONALG/.git/objects/95,True
CLONALG/.git/objects/98/9fe2d0df8ead8ef2e4eb84b010c4394b23c810,C:\Users\26096\Desktop\em\FP\CLONALG\.git\objects\98\9fe2d0df8ead8ef2e4eb84b010c4394b23c810,9fe2d0df8ead8ef2e4eb84b010c4394b23c810,9fe2d0df8ead8ef2e4eb84b010c4394b23c810,,3280,2025-12-07T09:31:56+01:00,2026-07-30T20:35:05+02:00,dcf28292b098144de3b9ba4e8e15854f3c99a6aafcfbbacfc5330297985f04b5,,CLONALG/.git/objects/98,True
CLONALG/.git/objects/99/6680211b493814b64de612a2fea615e3181190,C:\Users\26096\Desktop\em\FP\CLONALG\.git\objects\99\6680211b493814b64de612a2fea615e3181190,6680211b493814b64de612a2fea615e3181190,6680211b493814b64de612a2fea615e3181190,,4868,2026-03-13T00:46:18+01:00,2026-07-30T20:35:05+02:00,7aa19d4ac961758bfcdd1dfde8b7053f779fad20b08512cba8cb9369eb652526,,CLONALG/.git/objects/99,True
CLONALG/.git/objects/9c/34103b808f8b9dd5c39d73b438669e29d43b67,C:\Users\26096\Desktop\em\FP\CLONALG\.git\objects\9c\34103b808f8b9dd5c39d73b438669e29d43b67,34103b808f8b9dd5c39d73b438669e29d43b67,34103b808f8b9dd5c39d73b438669e29d43b67,,1203,2025-12-04T10:33:58+01:00,2026-07-30T20:35:05+02:00,9f32fd3f1a137e160c186f68f04bb94ff6674a800224e44e56e7ebbb5505195b,,CLONALG/.git/objects/9c,True
CLONALG/.git/objects/9c/83d3d15e651ef11a57dc2b3b8683826d0c6b1e,C:\Users\26096\Desktop\em\FP\CLONALG\.git\objects\9c\83d3d15e651ef11a57dc2b3b8683826d0c6b1e,83d3d15e651ef11a57dc2b3b8683826d0c6b1e,83d3d15e651ef11a57dc2b3b8683826d0c6b1e,,4560,2026-03-13T00:46:18+01:00,2026-07-30T20:35:05+02:00,50f380a361eeef8272c93a2c0e9703e348fb3e5f94ec4b32cc8f6b8c3cd19d51,,CLONALG/.git/objects/9c,True
CLONALG/.git/objects/9c/8bc6586fda251de2fcea574ef60efc99d00b36,C:\Users\26096\Desktop\em\FP\CLONALG\.git\objects\9c\8bc6586fda251de2fcea574ef60efc99d00b36,8bc6586fda251de2fcea574ef60efc99d00b36,8bc6586fda251de2fcea574ef60efc99d00b36,,1824,2026-04-09T22:38:32+02:00,2026-07-30T20:35:05+02:00,9cc3b1274e89ef2b9e4e9fbc4128d882becf3e2460cc3f7056433e0b4faddd1c,,CLONALG/.git/objects/9c,True
CLONALG/.git/objects/9d/7b4f11dab8d4ec4e32b7c71fd1449dc0040fa2,C:\Users\26096\Desktop\em\FP\CLONALG\.git\objects\9d\7b4f11dab8d4ec4e32b7c71fd1449dc0040fa2,7b4f11dab8d4ec4e32b7c71fd1449dc0040fa2,7b4f11dab8d4ec4e32b7c71fd1449dc0040fa2,,233,2025-12-04T10:33:58+01:00,2026-07-30T20:35:05+02:00,a5dacc8fc51eb675c715e55a0558ac98695bd6166284458db0e67df9fb24cded,,CLONALG/.git/objects/9d,True
CLONALG/.git/objects/9f/2883a24dc102fa93f7ab6933b11475a8b5a3c9,C:\Users\26096\Desktop\em\FP\CLONALG\.git\objects\9f\2883a24dc102fa93f7ab6933b11475a8b5a3c9,2883a24dc102fa93f7ab6933b11475a8b5a3c9,2883a24dc102fa93f7ab6933b11475a8b5a3c9,,3764,2026-01-02T05:14:48+01:00,2026-07-30T20:35:05+02:00,0e9267e2a143689876258c5c46d9bcdfd1e6b336a18c28864fd4ae47dd8094f6,,CLONALG/.git/objects/9f,True
CLONALG/.git/objects/a1/22e48319a21303097d5253086c0f29b9ee50e0,C:\Users\26096\Desktop\em\FP\CLONALG\.git\objects\a1\22e48319a21303097d5253086c0f29b9ee50e0,22e48319a21303097d5253086c0f29b9ee50e0,22e48319a21303097d5253086c0f29b9ee50e0,,8449,2026-03-13T00:46:18+01:00,2026-07-30T20:35:05+02:00,77100208cbb9c2569941127cb0780db9d35c69654d915235d1748e6db99f588e,,CLONALG/.git/objects/a1,True
CLONALG/.git/objects/a1/8b2b8e8b6726bb5c2159e526d52cbd3a59b1a2,C:\Users\26096\Desktop\em\FP\CLONALG\.git\objects\a1\8b2b8e8b6726bb5c2159e526d52cbd3a59b1a2,8b2b8e8b6726bb5c2159e526d52cbd3a59b1a2,8b2b8e8b6726bb5c2159e526d52cbd3a59b1a2,,1354,2026-01-02T02:14:04+01:00,2026-07-30T20:35:05+02:00,9aa2b3c31d017655a5f55e70ccd69daa226ad6410c9801444f0a2ee062e6a1bd,,CLONALG/.git/objects/a1,True
CLONALG/.git/objects/a2/9c93ea7b1d6a4d863e61e7df3e838256908279,C:\Users\26096\Desktop\em\FP\CLONALG\.git\objects\a2\9c93ea7b1d6a4d863e61e7df3e838256908279,9c93ea7b1d6a4d863e61e7df3e838256908279,9c93ea7b1d6a4d863e61e7df3e838256908279,,798,2026-03-13T00:46:18+01:00,2026-07-30T20:35:05+02:00,a6847b5225f0eff7dd40e485ec29adecc29528061e72afdb7ac814e03187f4d7,,CLONALG/.git/objects/a2,True
CLONALG/.git/objects/a3/7cb2096197c43496950de51ca588b7f170c1f3,C:\Users\26096\Desktop\em\FP\CLONALG\.git\objects\a3\7cb2096197c43496950de51ca588b7f170c1f3,7cb2096197c43496950de51ca588b7f170c1f3,7cb2096197c43496950de51ca588b7f170c1f3,,228,2025-12-04T10:48:28+01:00,2026-07-30T20:35:05+02:00,973a16092ac0dcf2d2e486c0b990cf70290726b35fee17872a4c3e12aa2f149f,,CLONALG/.git/objects/a3,True
CLONALG/.git/objects/a3/f5e51b0fed95c1cbb9eb69279d50764d8668cf,C:\Users\26096\Desktop\em\FP\CLONALG\.git\objects\a3\f5e51b0fed95c1cbb9eb69279d50764d8668cf,f5e51b0fed95c1cbb9eb69279d50764d8668cf,f5e51b0fed95c1cbb9eb69279d50764d8668cf,,14193,2025-12-06T13:19:36+01:00,2026-07-30T20:35:05+02:00,7414897bad8f563a1ec6e596191e0e504508da48da98324624025584d57e4b23,,CLONALG/.git/objects/a3,True
CLONALG/.git/objects/a4/4fbe46b88a19e3b333bc7586ba969aa3c36749,C:\Users\26096\Desktop\em\FP\CLONALG\.git\objects\a4\4fbe46b88a19e3b333bc7586ba969aa3c36749,4fbe46b88a19e3b333bc7586ba969aa3c36749,4fbe46b88a19e3b333bc7586ba969aa3c36749,,1429,2026-03-13T00:46:18+01:00,2026-07-30T20:35:05+02:00,d14b3f1a64eb3ede50a8053e24114e11316cdcaf5108403e849890c11791a7b4,,CLONALG/.git/objects/a4,True
CLONALG/.git/objects/a7/69c71a2b24754bd61a3c425dc38c00aea79cb5,C:\Users\26096\Desktop\em\FP\CLONALG\.git\objects\a7\69c71a2b24754bd61a3c425dc38c00aea79cb5,69c71a2b24754bd61a3c425dc38c00aea79cb5,69c71a2b24754bd61a3c425dc38c00aea79cb5,,2837,2026-01-02T02:14:04+01:00,2026-07-30T20:35:05+02:00,c1bf66c3e410c52b4f20835fb35ce4f2a5029b36f06de4d8f51d0a9f18a9a614,,CLONALG/.git/objects/a7,True
CLONALG/.git/objects/a7/71df275c11fd13a375178fee81ee515f2a6f0e,C:\Users\26096\Desktop\em\FP\CLONALG\.git\objects\a7\71df275c11fd13a375178fee81ee515f2a6f0e,71df275c11fd13a375178fee81ee515f2a6f0e,71df275c11fd13a375178fee81ee515f2a6f0e,,1036,2026-03-13T00:46:18+01:00,2026-07-30T20:35:05+02:00,eb814dcbeddc73a150ea47b9b64e355b6aa5e683c4205237d6657789ab957aaf,,CLONALG/.git/objects/a7,True
CLONALG/.git/objects/a7/e6f5b2157fe33a65a129d5afdbcc375a3ed503,C:\Users\26096\Desktop\em\FP\CLONALG\.git\objects\a7\e6f5b2157fe33a65a129d5afdbcc375a3ed503,e6f5b2157fe33a65a129d5afdbcc375a3ed503,e6f5b2157fe33a65a129d5afdbcc375a3ed503,,2290,2026-01-02T02:14:04+01:00,2026-07-30T20:35:05+02:00,7f50c916b74587f8c7100eb7f3acd63dfb35647217a14bdc219e91f699c2b05a,,CLONALG/.git/objects/a7,True
CLONALG/.git/objects/a8/235611da1b8b1713df2ca59948677ccb78e916,C:\Users\26096\Desktop\em\FP\CLONALG\.git\objects\a8\235611da1b8b1713df2ca59948677ccb78e916,235611da1b8b1713df2ca59948677ccb78e916,235611da1b8b1713df2ca59948677ccb78e916,,229,2025-12-04T10:33:58+01:00,2026-07-30T20:35:05+02:00,658189a29e6d3b41b42a2f4380fe043aacea8069d009b4f053b161071dc8793f,,CLONALG/.git/objects/a8,True
CLONALG/.git/objects/a9/2d4344481a0771f49f5f64eb86b312d8077c22,C:\Users\26096\Desktop\em\FP\CLONALG\.git\objects\a9\2d4344481a0771f49f5f64eb86b312d8077c22,2d4344481a0771f49f5f64eb86b312d8077c22,2d4344481a0771f49f5f64eb86b312d8077c22,,8125,2026-03-13T00:46:18+01:00,2026-07-30T20:35:05+02:00,fe34c3e1f8b92a08172c8c0b72119c06e4e459e8aefbf50b13d0f8b0f4e2293d,,CLONALG/.git/objects/a9,True
CLONALG/.git/objects/a9/edcfd0e061a99ad8c264b997b2f9f797bfe8fc,C:\Users\26096\Desktop\em\FP\CLONALG\.git\objects\a9\edcfd0e061a99ad8c264b997b2f9f797bfe8fc,edcfd0e061a99ad8c264b997b2f9f797bfe8fc,edcfd0e061a99ad8c264b997b2f9f797bfe8fc,,188,2025-12-04T10:48:28+01:00,2026-07-30T20:35:05+02:00,63b45576e3f5fd75dfb4e71a5f698e4aaec7d91432063a3cf6d72481c3d5c0f3,,CLONALG/.git/objects/a9,True
CLONALG/.git/objects/ad/daaed133006b8e0d6a200811f3fd5e07f6dfd5,C:\Users\26096\Desktop\em\FP\CLONALG\.git\objects\ad\daaed133006b8e0d6a200811f3fd5e07f6dfd5,daaed133006b8e0d6a200811f3fd5e07f6dfd5,daaed133006b8e0d6a200811f3fd5e07f6dfd5,,8255,2026-03-13T00:46:18+01:00,2026-07-30T20:35:05+02:00,fb59649c4c07181beb021821682fa60e6bcef61d95c52e302044092b5846f351,,CLONALG/.git/objects/ad,True
CLONALG/.git/objects/ae/20e14aeb13c4805d5cbb1214ccb722c06769db,C:\Users\26096\Desktop\em\FP\CLONALG\.git\objects\ae\20e14aeb13c4805d5cbb1214ccb722c06769db,20e14aeb13c4805d5cbb1214ccb722c06769db,20e14aeb13c4805d5cbb1214ccb722c06769db,,14260,2026-03-13T00:46:18+01:00,2026-07-30T20:35:05+02:00,3af52f6bc640b5d0c3489277351e08a0f64436fc6cdf3adde60545158b660066,,CLONALG/.git/objects/ae,True
CLONALG/.git/objects/b0/711b593a2ead979342fad704c497f9d4300755,C:\Users\26096\Desktop\em\FP\CLONALG\.git\objects\b0\711b593a2ead979342fad704c497f9d4300755,711b593a2ead979342fad704c497f9d4300755,711b593a2ead979342fad704c497f9d4300755,,482900,2026-01-02T02:14:02+01:00,2026-07-30T20:35:05+02:00,2a0554fbca2cc377cf286d3e8b5c34a76ce2f3205ed369bf44b8d0d43d5b964f,,CLONALG/.git/objects/b0,True
CLONALG/.git/objects/b1/99c90fe92cee467b8d5e234c0f7c5dc7f98c01,C:\Users\26096\Desktop\em\FP\CLONALG\.git\objects\b1\99c90fe92cee467b8d5e234c0f7c5dc7f98c01,99c90fe92cee467b8d5e234c0f7c5dc7f98c01,99c90fe92cee467b8d5e234c0f7c5dc7f98c01,,112524,2026-01-02T02:14:04+01:00,2026-07-30T20:35:05+02:00,c59b73afa337efdd19a8ed10ddac9ab44bc2b31840e42420e8d5722e2f82ae07,,CLONALG/.git/objects/b1,True
CLONALG/.git/objects/b3/273ffb8ca97edcd3d0cfa2791f0ef14dbc0d87,C:\Users\26096\Desktop\em\FP\CLONALG\.git\objects\b3\273ffb8ca97edcd3d0cfa2791f0ef14dbc0d87,273ffb8ca97edcd3d0cfa2791f0ef14dbc0d87,273ffb8ca97edcd3d0cfa2791f0ef14dbc0d87,,182,2025-12-04T10:16:02+01:00,2026-07-30T20:35:05+02:00,38881851d53b1de7eb5a9b39171863de1037fc06950dab64ccdde2a9cb33747d,,CLONALG/.git/objects/b3,True
CLONALG/.git/objects/b3/3d0a461db7bd8fe8c4d3e92237846e69b45cfe,C:\Users\26096\Desktop\em\FP\CLONALG\.git\objects\b3\3d0a461db7bd8fe8c4d3e92237846e69b45cfe,3d0a461db7bd8fe8c4d3e92237846e69b45cfe,3d0a461db7bd8fe8c4d3e92237846e69b45cfe,,1442,2025-12-07T09:31:56+01:00,2026-07-30T20:35:05+02:00,7aae0582c4186d4a3207ba9ab2c7005bbb06ea94ca6da6d787d540a783a1d83e,,CLONALG/.git/objects/b3,True
CLONALG/.git/objects/b4/094428e4abdc974b81f51ea6677b8bfdce4902,C:\Users\26096\Desktop\em\FP\CLONALG\.git\objects\b4\094428e4abdc974b81f51ea6677b8bfdce4902,094428e4abdc974b81f51ea6677b8bfdce4902,094428e4abdc974b81f51ea6677b8bfdce4902,,196,2025-12-04T10:48:28+01:00,2026-07-30T20:35:05+02:00,a7ab5196f22decde625e3549199fb43d405e7cc47c80a44764447b3709826171,,CLONALG/.git/objects/b4,True
CLONALG/.git/objects/b4/ce7c377e88487c1e9a3028f6239c32e12377fe,C:\Users\26096\Desktop\em\FP\CLONALG\.git\objects\b4\ce7c377e88487c1e9a3028f6239c32e12377fe,ce7c377e88487c1e9a3028f6239c32e12377fe,ce7c377e88487c1e9a3028f6239c32e12377fe,,9553,2026-01-02T03:54:22+01:00,2026-07-30T20:35:05+02:00,7e180db45ca2f23f762b13311f157b830b7338fc1bc4bb53438c3b7ea1b72e76,,CLONALG/.git/objects/b4,True
CLONALG/.git/objects/b5/1d1caaaa5951a75b0bb99c9bb53f7140e3d953,C:\Users\26096\Desktop\em\FP\CLONALG\.git\objects\b5\1d1caaaa5951a75b0bb99c9bb53f7140e3d953,1d1caaaa5951a75b0bb99c9bb53f7140e3d953,1d1caaaa5951a75b0bb99c9bb53f7140e3d953,,13154,2025-12-04T10:33:58+01:00,2026-07-30T20:35:05+02:00,c1020373d632fe6cf360c65b9d85e32fc1a71f9ed29017b40ed038c98a927bff,,CLONALG/.git/objects/b5,True
CLONALG/.git/objects/b5/eb013da3813f65ff23146d0e1385f8fe0f3878,C:\Users\26096\Desktop\em\FP\CLONALG\.git\objects\b5\eb013da3813f65ff23146d0e1385f8fe0f3878,eb013da3813f65ff23146d0e1385f8fe0f3878,eb013da3813f65ff23146d0e1385f8fe0f3878,,4935,2026-01-02T04:21:26+01:00,2026-07-30T20:35:05+02:00,5cee320a286cb4e62653c255dc6fdb15d54f9757b7b71b1f7a7e4830c6ef275d,,CLONALG/.git/objects/b5,True
CLONALG/.git/objects/b6/896986a637ec546d6ca8b2fe1082de850c9a40,C:\Users\26096\Desktop\em\FP\CLONALG\.git\objects\b6\896986a637ec546d6ca8b2fe1082de850c9a40,896986a637ec546d6ca8b2fe1082de850c9a40,896986a637ec546d6ca8b2fe1082de850c9a40,,166,2026-01-02T02:14:04+01:00,2026-07-30T20:35:05+02:00,30f1a894b67c971366a25437fc9ef505273c9c34376ee5dd6351eb693fb77dd8,,CLONALG/.git/objects/b6,True
CLONALG/.git/objects/b6/e8edcbf5a59c670ddf0f61ca7d5f49e679c2d6,C:\Users\26096\Desktop\em\FP\CLONALG\.git\objects\b6\e8edcbf5a59c670ddf0f61ca7d5f49e679c2d6,e8edcbf5a59c670ddf0f61ca7d5f49e679c2d6,e8edcbf5a59c670ddf0f61ca7d5f49e679c2d6,,187,2026-01-02T02:14:04+01:00,2026-07-30T20:35:05+02:00,40fe786e06f0fbeb509c00c4102c6eca27e0b9808b8627bea6acebe310f4c07d,,CLONALG/.git/objects/b6,True
CLONALG/.git/objects/b7/648f4e9c2f192b69945b10f21c8eb8eaa71dd7,C:\Users\26096\Desktop\em\FP\CLONALG\.git\objects\b7\648f4e9c2f192b69945b10f21c8eb8eaa71dd7,648f4e9c2f192b69945b10f21c8eb8eaa71dd7,648f4e9c2f192b69945b10f21c8eb8eaa71dd7,,198,2026-01-02T05:14:48+01:00,2026-07-30T20:35:05+02:00,7a75ce22e0e807a29de9425e73334ecefe339c34b5faee2194c03a0952787994,,CLONALG/.git/objects/b7,True
CLONALG/.git/objects/b9/693df4298886fba3f3ea1dc004899f22086cd7,C:\Users\26096\Desktop\em\FP\CLONALG\.git\objects\b9\693df4298886fba3f3ea1dc004899f22086cd7,693df4298886fba3f3ea1dc004899f22086cd7,693df4298886fba3f3ea1dc004899f22086cd7,,484339,2025-12-06T13:19:36+01:00,2026-07-30T20:35:05+02:00,cb19fdf9a252418b8a425c57b01e9954c0e26c9162f4bb3abd58f1fea7b2f506,,CLONALG/.git/objects/b9,True
CLONALG/.git/objects/b9/6edf18f17dea2df5a665d1201be9a4fb8d50f4,C:\Users\26096\Desktop\em\FP\CLONALG\.git\objects\b9\6edf18f17dea2df5a665d1201be9a4fb8d50f4,6edf18f17dea2df5a665d1201be9a4fb8d50f4,6edf18f17dea2df5a665d1201be9a4fb8d50f4,,4663,2026-04-09T22:38:32+02:00,2026-07-30T20:35:05+02:00,c8e18c32b40af8965190d83a33295acaf9a4bc4e8e299f6fe2b8bee5936a48b5,,CLONALG/.git/objects/b9,True
CLONALG/.git/objects/ba/216129f8cec1c60e8640381f26f128a4cae350,C:\Users\26096\Desktop\em\FP\CLONALG\.git\objects\ba\216129f8cec1c60e8640381f26f128a4cae350,216129f8cec1c60e8640381f26f128a4cae350,216129f8cec1c60e8640381f26f128a4cae350,,3650,2025-12-06T13:19:36+01:00,2026-07-30T20:35:05+02:00,4d79353531bd7dd402038b678c3445a085feab268abca499b98c0eea765ddd64,,CLONALG/.git/objects/ba,True
CLONALG/.git/objects/bc/72a8ec7f771568656e38195435170cda385be6,C:\Users\26096\Desktop\em\FP\CLONALG\.git\objects\bc\72a8ec7f771568656e38195435170cda385be6,72a8ec7f771568656e38195435170cda385be6,72a8ec7f771568656e38195435170cda385be6,,7160,2026-04-10T03:15:54+02:00,2026-07-30T20:35:05+02:00,8893f0e2592d3325ed5e6499ce5d62d0dd8327816d6554580ef20a58cd8c58b0,,CLONALG/.git/objects/bc,True
CLONALG/.git/objects/c0/9839577bc80bfdf93ae2a80d5237f5eed9ab43,C:\Users\26096\Desktop\em\FP\CLONALG\.git\objects\c0\9839577bc80bfdf93ae2a80d5237f5eed9ab43,9839577bc80bfdf93ae2a80d5237f5eed9ab43,9839577bc80bfdf93ae2a80d5237f5eed9ab43,,1808,2026-03-13T00:46:18+01:00,2026-07-30T20:35:05+02:00,5e9b2fb723d89a8f0556c5afaa00734f788d6b20274b4f8987293b17c7189034,,CLONALG/.git/objects/c0,True
CLONALG/.git/objects/c1/69ccecd70ac4a18db2a406806ddf93a1aff715,C:\Users\26096\Desktop\em\FP\CLONALG\.git\objects\c1\69ccecd70ac4a18db2a406806ddf93a1aff715,69ccecd70ac4a18db2a406806ddf93a1aff715,69ccecd70ac4a18db2a406806ddf93a1aff715,,3746,2026-01-02T03:54:22+01:00,2026-07-30T20:35:05+02:00,0e2766e6d6f78c565fc486075b0b351263c14913f4ebc6e5549628d51ffa3bd2,,CLONALG/.git/objects/c1,True
CLONALG/.git/objects/c3/57d3791b2fefbd786f39a6e9d83f56098310de,C:\Users\26096\Desktop\em\FP\CLONALG\.git\objects\c3\57d3791b2fefbd786f39a6e9d83f56098310de,57d3791b2fefbd786f39a6e9d83f56098310de,57d3791b2fefbd786f39a6e9d83f56098310de,,310524,2025-12-04T10:48:28+01:00,2026-07-30T20:35:05+02:00,0d1a784a20bc099230282b1bee412d04e980a5ae359a68465ecf70ac5d3cad76,,CLONALG/.git/objects/c3,True
CLONALG/.git/objects/c5/65d918716bc7cec7f4e7086615cf72155cbc47,C:\Users\26096\Desktop\em\FP\CLONALG\.git\objects\c5\65d918716bc7cec7f4e7086615cf72155cbc47,65d918716bc7cec7f4e7086615cf72155cbc47,65d918716bc7cec7f4e7086615cf72155cbc47,,183,2025-12-04T10:48:28+01:00,2026-07-30T20:35:05+02:00,3353b9f4e5d8bbc0c485121a90a9008e3a52f0680a36b7770f43e9d4e575ef47,,CLONALG/.git/objects/c5,True
CLONALG/.git/objects/c5/7208abb3138af1df3f9bcd6cb95551b3070170,C:\Users\26096\Desktop\em\FP\CLONALG\.git\objects\c5\7208abb3138af1df3f9bcd6cb95551b3070170,7208abb3138af1df3f9bcd6cb95551b3070170,7208abb3138af1df3f9bcd6cb95551b3070170,,2411,2026-01-02T05:14:48+01:00,2026-07-30T20:35:05+02:00,19ee4a552439d71980435d29149eff62ada03305251117fb069888fa53752a81,,CLONALG/.git/objects/c5,True
CLONALG/.git/objects/c5/db1d701aa27b82ec3f6097abc4eedb7b9a74d6,C:\Users\26096\Desktop\em\FP\CLONALG\.git\objects\c5\db1d701aa27b82ec3f6097abc4eedb7b9a74d6,db1d701aa27b82ec3f6097abc4eedb7b9a74d6,db1d701aa27b82ec3f6097abc4eedb7b9a74d6,,4866,2026-01-02T02:14:02+01:00,2026-07-30T20:35:05+02:00,8b1a3eb30992e030f0bb1a4c4e6ca4d2fa01abf2529eae4ae3ab91d08735739e,,CLONALG/.git/objects/c5,True
CLONALG/.git/objects/c6/87f6acb070958d925443b61b1273e70a18c732,C:\Users\26096\Desktop\em\FP\CLONALG\.git\objects\c6\87f6acb070958d925443b61b1273e70a18c732,87f6acb070958d925443b61b1273e70a18c732,87f6acb070958d925443b61b1273e70a18c732,,7142,2026-04-10T02:03:02+02:00,2026-07-30T20:35:05+02:00,c52f39e291e8fcc67b0ccc5cc7a9ee0c7f689014791ec02bc7c22480502db662,,CLONALG/.git/objects/c6,True
CLONALG/.git/objects/c6/f5d211bb9f329729ec27a6c2973bddc0560700,C:\Users\26096\Desktop\em\FP\CLONALG\.git\objects\c6\f5d211bb9f329729ec27a6c2973bddc0560700,f5d211bb9f329729ec27a6c2973bddc0560700,f5d211bb9f329729ec27a6c2973bddc0560700,,200,2026-01-02T04:21:30+01:00,2026-07-30T20:35:05+02:00,4c05632ab7d9cec19acf13d5a9ed05c2816cbc14d0371cb14ec81ce7c979a6b9,,CLONALG/.git/objects/c6,True
CLONALG/.git/objects/c7/91fb915dc6e4baeba2af6fb0fd71649d875001,C:\Users\26096\Desktop\em\FP\CLONALG\.git\objects\c7\91fb915dc6e4baeba2af6fb0fd71649d875001,91fb915dc6e4baeba2af6fb0fd71649d875001,91fb915dc6e4baeba2af6fb0fd71649d875001,,36747,2026-01-02T02:14:04+01:00,2026-07-30T20:35:05+02:00,00885adfe2be0d29ff312c8a4c0d90f53079add1b4e9966cb9d89d4797e3533b,,CLONALG/.git/objects/c7,True
CLONALG/.git/objects/c8/3e1f1b0a1c6fa442e1d3a825388545407191cc,C:\Users\26096\Desktop\em\FP\CLONALG\.git\objects\c8\3e1f1b0a1c6fa442e1d3a825388545407191cc,3e1f1b0a1c6fa442e1d3a825388545407191cc,3e1f1b0a1c6fa442e1d3a825388545407191cc,,8534,2026-03-13T00:46:18+01:00,2026-07-30T20:35:05+02:00,a473a39ac4f2d77fd4821cd497b914b57410c87c21bf53b2eef395662fd972de,,CLONALG/.git/objects/c8,True
CLONALG/.git/objects/cb/e7f84233e5efe82535790b53f25bf33c7c3729,C:\Users\26096\Desktop\em\FP\CLONALG\.git\objects\cb\e7f84233e5efe82535790b53f25bf33c7c3729,e7f84233e5efe82535790b53f25bf33c7c3729,e7f84233e5efe82535790b53f25bf33c7c3729,,198,2026-01-02T03:54:22+01:00,2026-07-30T20:35:05+02:00,af133feb800f8640bfc8c045ee55b050ebd8d2c5af47107d0e38fbd9bcee087f,,CLONALG/.git/objects/cb,True
CLONALG/.git/objects/cc/72ba52a166400d0572fc169fd73e8ccdde0bd0,C:\Users\26096\Desktop\em\FP\CLONALG\.git\objects\cc\72ba52a166400d0572fc169fd73e8ccdde0bd0,72ba52a166400d0572fc169fd73e8ccdde0bd0,72ba52a166400d0572fc169fd73e8ccdde0bd0,,3747,2026-01-02T04:21:26+01:00,2026-07-30T20:35:05+02:00,1ae4e59f5dc21505ee93166ebeac784448c18a21c9d089bcfd1445642b9c9e68,,CLONALG/.git/objects/cc,True
CLONALG/.git/objects/cc/7d61a03b1a3de14b43c20cfc4088d6b4a715c4,C:\Users\26096\Desktop\em\FP\CLONALG\.git\objects\cc\7d61a03b1a3de14b43c20cfc4088d6b4a715c4,7d61a03b1a3de14b43c20cfc4088d6b4a715c4,7d61a03b1a3de14b43c20cfc4088d6b4a715c4,,4960,2025-12-04T10:33:58+01:00,2026-07-30T20:35:05+02:00,e8b5e98bff0fe747ae1bb1c772d82469271c1a20fb4aa7ea6b58773f8881d3f7,,CLONALG/.git/objects/cc,True
CLONALG/.git/objects/cd/27c8d8bd4c08dfdba165d53779a36e5fb1ad37,C:\Users\26096\Desktop\em\FP\CLONALG\.git\objects\cd\27c8d8bd4c08dfdba165d53779a36e5fb1ad37,27c8d8bd4c08dfdba165d53779a36e5fb1ad37,27c8d8bd4c08dfdba165d53779a36e5fb1ad37,,5787,2026-04-10T03:15:54+02:00,2026-07-30T20:35:05+02:00,a87ceac0f763fd1d8b15da63699a3ef4c6a18f78c6d55c530ca63568b6cb5d3a,,CLONALG/.git/objects/cd,True
CLONALG/.git/objects/cf/de71dfbc18e8c80620b4b8ae38df249e50d69c,C:\Users\26096\Desktop\em\FP\CLONALG\.git\objects\cf\de71dfbc18e8c80620b4b8ae38df249e50d69c,de71dfbc18e8c80620b4b8ae38df249e50d69c,de71dfbc18e8c80620b4b8ae38df249e50d69c,,1189,2025-12-04T10:48:28+01:00,2026-07-30T20:35:05+02:00,0e63b1f2feeffd3f5c3b1dd97bd6443d902d211b37cb6808fa36f3b10cf2b6b7,,CLONALG/.git/objects/cf,True
CLONALG/.git/objects/d0/850686c2a258d53e04537c67e8046440960ddf,C:\Users\26096\Desktop\em\FP\CLONALG\.git\objects\d0\850686c2a258d53e04537c67e8046440960ddf,850686c2a258d53e04537c67e8046440960ddf,850686c2a258d53e04537c67e8046440960ddf,,8024,2026-01-02T02:14:04+01:00,2026-07-30T20:35:05+02:00,40da8e3c31fb2061172be370ada78ba077ea73041e5f604961c746200b424b85,,CLONALG/.git/objects/d0,True
CLONALG/.git/objects/d0/bf6a0ef68d34ba0c1c2f69b9f32528c9f7bf92,C:\Users\26096\Desktop\em\FP\CLONALG\.git\objects\d0\bf6a0ef68d34ba0c1c2f69b9f32528c9f7bf92,bf6a0ef68d34ba0c1c2f69b9f32528c9f7bf92,bf6a0ef68d34ba0c1c2f69b9f32528c9f7bf92,,4524,2026-03-13T00:46:18+01:00,2026-07-30T20:35:05+02:00,fa46c8bf88a28d00dafdb2185fcbe1fc97d6f190750896227e102141d4947fce,,CLONALG/.git/objects/d0,True
CLONALG/.git/objects/d1/84a9ba23374b609e2ea009b2cc537630d9b44f,C:\Users\26096\Desktop\em\FP\CLONALG\.git\objects\d1\84a9ba23374b609e2ea009b2cc537630d9b44f,84a9ba23374b609e2ea009b2cc537630d9b44f,84a9ba23374b609e2ea009b2cc537630d9b44f,,753,2026-03-13T00:46:18+01:00,2026-07-30T20:35:05+02:00,29118dadeef61495a40405817c2a9b7593cda112b3476b470fac0426657e7a6e,,CLONALG/.git/objects/d1,True
CLONALG/.git/objects/d2/754afc12aaac49a2cc616d5a316ae79eeba4af,C:\Users\26096\Desktop\em\FP\CLONALG\.git\objects\d2\754afc12aaac49a2cc616d5a316ae79eeba4af,754afc12aaac49a2cc616d5a316ae79eeba4af,754afc12aaac49a2cc616d5a316ae79eeba4af,,51293,2026-03-13T00:46:18+01:00,2026-07-30T20:35:05+02:00,9e1e96f880c9c03838ff3e9f4627e06cbf2ac4ff13eab4c06e6ed643ffd87a61,,CLONALG/.git/objects/d2,True
CLONALG/.git/objects/d3/98b754903b46ccb51a6502e505157c11061e5f,C:\Users\26096\Desktop\em\FP\CLONALG\.git\objects\d3\98b754903b46ccb51a6502e505157c11061e5f,98b754903b46ccb51a6502e505157c11061e5f,98b754903b46ccb51a6502e505157c11061e5f,,12477,2026-03-13T00:46:18+01:00,2026-07-30T20:35:05+02:00,e869492831e7ef3fc64f8dc15b73d7df4eac7c60f7fb6fd5938a839e63ac0926,,CLONALG/.git/objects/d3,True
CLONALG/.git/objects/d6/8fd82a4a25cb69678626e59a5087981a3a3913,C:\Users\26096\Desktop\em\FP\CLONALG\.git\objects\d6\8fd82a4a25cb69678626e59a5087981a3a3913,8fd82a4a25cb69678626e59a5087981a3a3913,8fd82a4a25cb69678626e59a5087981a3a3913,,8146,2026-03-13T00:46:18+01:00,2026-07-30T20:35:05+02:00,d5f11a29d9b840cee41b6a48c5d9b8141d567fbd465fe0d224b86fb3b401614e,,CLONALG/.git/objects/d6,True
CLONALG/.git/objects/d7/5f27609dcac648a2451059437e19a16754cfcd,C:\Users\26096\Desktop\em\FP\CLONALG\.git\objects\d7\5f27609dcac648a2451059437e19a16754cfcd,5f27609dcac648a2451059437e19a16754cfcd,5f27609dcac648a2451059437e19a16754cfcd,,14217,2025-12-04T10:48:28+01:00,2026-07-30T20:35:05+02:00,9df3d8b6652f6d1a18c3772321177ccbf78cf5c8b8a9a7e7cdc577326d9fdd6a,,CLONALG/.git/objects/d7,True
CLONALG/.git/objects/d7/82dc95a56858dddb45db7931195f1371f9e853,C:\Users\26096\Desktop\em\FP\CLONALG\.git\objects\d7\82dc95a56858dddb45db7931195f1371f9e853,82dc95a56858dddb45db7931195f1371f9e853,82dc95a56858dddb45db7931195f1371f9e853,,1219,2026-01-02T02:14:04+01:00,2026-07-30T20:35:05+02:00,61107407aade20a273241307d1e94e0815de938760cb1e764d9b4ad3b56ae4b5,,CLONALG/.git/objects/d7,True
CLONALG/.git/objects/d7/aab2f1826387bb6927490149a059d3d6b5c3a3,C:\Users\26096\Desktop\em\FP\CLONALG\.git\objects\d7\aab2f1826387bb6927490149a059d3d6b5c3a3,aab2f1826387bb6927490149a059d3d6b5c3a3,aab2f1826387bb6927490149a059d3d6b5c3a3,,562,2026-01-02T02:14:04+01:00,2026-07-30T20:35:05+02:00,0f7b228590e7adcbd9bfafada7bff036b0d4b5852b33affe43075dd0c8062e90,,CLONALG/.git/objects/d7,True
CLONALG/.git/objects/d8/2de620661c9f9c01afc751b41744edf0311d75,C:\Users\26096\Desktop\em\FP\CLONALG\.git\objects\d8\2de620661c9f9c01afc751b41744edf0311d75,2de620661c9f9c01afc751b41744edf0311d75,2de620661c9f9c01afc751b41744edf0311d75,,209,2025-12-04T10:33:58+01:00,2026-07-30T20:35:05+02:00,ec55dda195308579cdd7b619726ae21b53c2b8539b321a68dcbe71335044a96e,,CLONALG/.git/objects/d8,True
CLONALG/.git/objects/dc/5cdb6fd0296085902158f2af64a37127485e22,C:\Users\26096\Desktop\em\FP\CLONALG\.git\objects\dc\5cdb6fd0296085902158f2af64a37127485e22,5cdb6fd0296085902158f2af64a37127485e22,5cdb6fd0296085902158f2af64a37127485e22,,50,2025-12-04T10:33:58+01:00,2026-07-30T20:35:05+02:00,a81d8cb4332e05d9dbf5996a02cfe588fe145b5abdfe129874a58cf61750fd90,,CLONALG/.git/objects/dc,True
CLONALG/.git/objects/de/16d1aad6e4abe27d98babdd3194e342f948080,C:\Users\26096\Desktop\em\FP\CLONALG\.git\objects\de\16d1aad6e4abe27d98babdd3194e342f948080,16d1aad6e4abe27d98babdd3194e342f948080,16d1aad6e4abe27d98babdd3194e342f948080,,6370,2026-04-10T03:15:54+02:00,2026-07-30T20:35:05+02:00,6633a4c42bf8c8c9d981639893007d23ea78f283487d916aa3892299bd427122,,CLONALG/.git/objects/de,True
CLONALG/.git/objects/df/16a122a88a8b8223cc57c3ba9fc97c89b2d527,C:\Users\26096\Desktop\em\FP\CLONALG\.git\objects\df\16a122a88a8b8223cc57c3ba9fc97c89b2d527,16a122a88a8b8223cc57c3ba9fc97c89b2d527,16a122a88a8b8223cc57c3ba9fc97c89b2d527,,10674,2026-03-13T00:46:18+01:00,2026-07-30T20:35:05+02:00,dbc17ed984060839ef38a1711fe951db139d59353bcdb284918bfd286ac080c8,,CLONALG/.git/objects/df,True
CLONALG/.git/objects/df/3da78c37b4df63c322e873f052792b249b0e42,C:\Users\26096\Desktop\em\FP\CLONALG\.git\objects\df\3da78c37b4df63c322e873f052792b249b0e42,3da78c37b4df63c322e873f052792b249b0e42,3da78c37b4df63c322e873f052792b249b0e42,,47344,2026-03-13T00:46:18+01:00,2026-07-30T20:35:05+02:00,cd2b119615fec0d1de859d4b1d8dd44a842016db066f7aa242371189a3c5603b,,CLONALG/.git/objects/df,True
CLONALG/.git/objects/e2/a3f68b5f579f59569bcc5f2003abcd971bcb10,C:\Users\26096\Desktop\em\FP\CLONALG\.git\objects\e2\a3f68b5f579f59569bcc5f2003abcd971bcb10,a3f68b5f579f59569bcc5f2003abcd971bcb10,a3f68b5f579f59569bcc5f2003abcd971bcb10,,17009,2026-01-02T02:14:02+01:00,2026-07-30T20:35:05+02:00,81e7fb5895ed2581564911ddf112f0d7b9c8db92ae215d7428919d1bdf8108ba,,CLONALG/.git/objects/e2,True
CLONALG/.git/objects/e3/18deb6778b27a51530b3cb104e3b0221a11e16,C:\Users\26096\Desktop\em\FP\CLONALG\.git\objects\e3\18deb6778b27a51530b3cb104e3b0221a11e16,18deb6778b27a51530b3cb104e3b0221a11e16,18deb6778b27a51530b3cb104e3b0221a11e16,,4207,2026-01-02T05:14:48+01:00,2026-07-30T20:35:05+02:00,6de242867a6ecfffa7ede5f9b18b2c6666fe40b4e7aebf80a47cb088ec583c0f,,CLONALG/.git/objects/e3,True
CLONALG/.git/objects/e7/7f8c107e51f48a108911a4fb002264668c078f,C:\Users\26096\Desktop\em\FP\CLONALG\.git\objects\e7\7f8c107e51f48a108911a4fb002264668c078f,7f8c107e51f48a108911a4fb002264668c078f,7f8c107e51f48a108911a4fb002264668c078f,,286262,2026-03-13T00:46:18+01:00,2026-07-30T20:35:05+02:00,b8820fd3c44741376e3d41d0fa32069501f469dac548efdd0a5d068554c69242,,CLONALG/.git/objects/e7,True
CLONALG/.git/objects/e7/cb79dd55384d025774de9f2b4149158842e982,C:\Users\26096\Desktop\em\FP\CLONALG\.git\objects\e7\cb79dd55384d025774de9f2b4149158842e982,cb79dd55384d025774de9f2b4149158842e982,cb79dd55384d025774de9f2b4149158842e982,,482895,2026-01-02T02:14:04+01:00,2026-07-30T20:35:05+02:00,bc182160cf5df38f25e05be598b2df85ba380fbb5e76d6f56ae52bf477baf541,,CLONALG/.git/objects/e7,True
CLONALG/.git/objects/e9/2406fcfb28265803492b9286edc4dd5b4f43e7,C:\Users\26096\Desktop\em\FP\CLONALG\.git\objects\e9\2406fcfb28265803492b9286edc4dd5b4f43e7,2406fcfb28265803492b9286edc4dd5b4f43e7,2406fcfb28265803492b9286edc4dd5b4f43e7,,4255,2026-01-02T05:14:48+01:00,2026-07-30T20:35:05+02:00,d386afae338a802dcf744bef3cb1398d336d23bdedf41f003a2a2df6adc46a66,,CLONALG/.git/objects/e9,True
CLONALG/.git/objects/ea/76f927c2ed84044bb5d8d841d35dff36ea1826,C:\Users\26096\Desktop\em\FP\CLONALG\.git\objects\ea\76f927c2ed84044bb5d8d841d35dff36ea1826,76f927c2ed84044bb5d8d841d35dff36ea1826,76f927c2ed84044bb5d8d841d35dff36ea1826,,16849,2026-01-02T02:14:04+01:00,2026-07-30T20:35:05+02:00,962e01b40c0aa6c16c5dbdb0ac323fdf5be3a24da4a20a46c5a55ec389d55be3,,CLONALG/.git/objects/ea,True
CLONALG/.git/objects/ea/c1fe174935d5b955418002eba24020effc75f9,C:\Users\26096\Desktop\em\FP\CLONALG\.git\objects\ea\c1fe174935d5b955418002eba24020effc75f9,c1fe174935d5b955418002eba24020effc75f9,c1fe174935d5b955418002eba24020effc75f9,,6781,2026-04-10T02:21:22+02:00,2026-07-30T20:35:05+02:00,364a9978f42144b36f83d841f0caad2bc616ecc16d9fa7cc82208a9c6d0fb647,,CLONALG/.git/objects/ea,True
CLONALG/.git/objects/eb/b2e543eb3eb54742d9881b3d4057d20083d127,C:\Users\26096\Desktop\em\FP\CLONALG\.git\objects\eb\b2e543eb3eb54742d9881b3d4057d20083d127,b2e543eb3eb54742d9881b3d4057d20083d127,b2e543eb3eb54742d9881b3d4057d20083d127,,4200,2026-01-02T03:54:22+01:00,2026-07-30T20:35:05+02:00,0afa745718ba1215b5012584e4d9ee28ff5d1bb6a948582330160b7452f6c32f,,CLONALG/.git/objects/eb,True
CLONALG/.git/objects/ee/7f4d7dd8f0810ea5414db80a9fe3a787a7ead0,C:\Users\26096\Desktop\em\FP\CLONALG\.git\objects\ee\7f4d7dd8f0810ea5414db80a9fe3a787a7ead0,7f4d7dd8f0810ea5414db80a9fe3a787a7ead0,7f4d7dd8f0810ea5414db80a9fe3a787a7ead0,,205,2025-12-07T09:31:56+01:00,2026-07-30T20:35:05+02:00,98c7096f3df7f08cf189bdd562b1838ef032ac8970c1e33cd5c9167e45225711,,CLONALG/.git/objects/ee,True
CLONALG/.git/objects/ef/4e70f9c4d33e637256f028f03cd96dd05a4dcf,C:\Users\26096\Desktop\em\FP\CLONALG\.git\objects\ef\4e70f9c4d33e637256f028f03cd96dd05a4dcf,4e70f9c4d33e637256f028f03cd96dd05a4dcf,4e70f9c4d33e637256f028f03cd96dd05a4dcf,,196,2026-03-13T00:50:38+01:00,2026-07-30T20:35:05+02:00,060ef55b8c06287f8cbc3f28664988e1252b9425b4494d9149292f4175361f88,,CLONALG/.git/objects/ef,True
CLONALG/.git/objects/f0/182c48659b936a43f621d5304c24afafcd03f5,C:\Users\26096\Desktop\em\FP\CLONALG\.git\objects\f0\182c48659b936a43f621d5304c24afafcd03f5,182c48659b936a43f621d5304c24afafcd03f5,182c48659b936a43f621d5304c24afafcd03f5,,1378,2026-03-13T00:46:18+01:00,2026-07-30T20:35:05+02:00,9ce05b12c898c87a6f519f1b8651a7b2b4e7e6b92c18f1faa8062f8ef6612327,,CLONALG/.git/objects/f0,True
CLONALG/.git/objects/f2/77da203f97226e01f10929b53cde7a6de81496,C:\Users\26096\Desktop\em\FP\CLONALG\.git\objects\f2\77da203f97226e01f10929b53cde7a6de81496,77da203f97226e01f10929b53cde7a6de81496,77da203f97226e01f10929b53cde7a6de81496,,1846991,2026-01-02T02:14:02+01:00,2026-07-30T20:35:05+02:00,3e7159ba731e314c9dcd7ab189dfff5b86d656b1cc7fee87441bfe961129305a,,CLONALG/.git/objects/f2,True
CLONALG/.git/objects/f2/aa31581b8aa5ec5644bdf9026d83a2da5c5bfb,C:\Users\26096\Desktop\em\FP\CLONALG\.git\objects\f2\aa31581b8aa5ec5644bdf9026d83a2da5c5bfb,aa31581b8aa5ec5644bdf9026d83a2da5c5bfb,aa31581b8aa5ec5644bdf9026d83a2da5c5bfb,,4259,2026-01-02T03:54:22+01:00,2026-07-30T20:35:05+02:00,86b6beb733be8b61b29f0c7b2dbd6b23e9466c41ee60388bf14ce6fe9fe381c9,,CLONALG/.git/objects/f2,True
CLONALG/.git/objects/f3/b474816240e61605318afe9b7dde9e63ac5b0c,C:\Users\26096\Desktop\em\FP\CLONALG\.git\objects\f3\b474816240e61605318afe9b7dde9e63ac5b0c,b474816240e61605318afe9b7dde9e63ac5b0c,b474816240e61605318afe9b7dde9e63ac5b0c,,4014,2026-04-10T02:03:02+02:00,2026-07-30T20:35:05+02:00,439a34a30c4dbacbd9e8c8b31ce27579720224ca0914b23adedde4d8f3a84060,,CLONALG/.git/objects/f3,True
CLONALG/.git/objects/f3/bb3046b6690309ccaab46a73b698eb7efc02f4,C:\Users\26096\Desktop\em\FP\CLONALG\.git\objects\f3\bb3046b6690309ccaab46a73b698eb7efc02f4,bb3046b6690309ccaab46a73b698eb7efc02f4,bb3046b6690309ccaab46a73b698eb7efc02f4,,779,2025-12-04T10:33:58+01:00,2026-07-30T20:35:05+02:00,b2ee51d0e0b10a23e0d3cc8083f2a63e737578465d36c7d916dddc7bcf0a4a46,,CLONALG/.git/objects/f3,True
CLONALG/.git/objects/f5/7491960a97fc7f711449205264a0ff79124afe,C:\Users\26096\Desktop\em\FP\CLONALG\.git\objects\f5\7491960a97fc7f711449205264a0ff79124afe,7491960a97fc7f711449205264a0ff79124afe,7491960a97fc7f711449205264a0ff79124afe,,421,2026-01-02T02:14:04+01:00,2026-07-30T20:35:05+02:00,6fefdd409389528a04f4988941e759752d7970e637634c04c9a5741045dad5d0,,CLONALG/.git/objects/f5,True
CLONALG/.git/objects/f5/8a4abfa4e9d1316f9a1756d550c2674847a123,C:\Users\26096\Desktop\em\FP\CLONALG\.git\objects\f5\8a4abfa4e9d1316f9a1756d550c2674847a123,8a4abfa4e9d1316f9a1756d550c2674847a123,8a4abfa4e9d1316f9a1756d550c2674847a123,,813,2025-12-04T10:33:58+01:00,2026-07-30T20:35:05+02:00,8201adc827e84f6e9305ed40078ea223e6ee4f099792e44dba1665d5819bc44b,,CLONALG/.git/objects/f5,True
CLONALG/.git/objects/f5/93670623ac0b913fd54584a97a945d2bc60baa,C:\Users\26096\Desktop\em\FP\CLONALG\.git\objects\f5\93670623ac0b913fd54584a97a945d2bc60baa,93670623ac0b913fd54584a97a945d2bc60baa,93670623ac0b913fd54584a97a945d2bc60baa,,196,2026-04-10T03:15:54+02:00,2026-07-30T20:35:05+02:00,984848d21ebb40685db022a12880e1949155b9f9922deffb2c929647adbaa0ce,,CLONALG/.git/objects/f5,True
CLONALG/.git/objects/f7/a62d18c09e6c6fa4fd94eb0e93e634c22579aa,C:\Users\26096\Desktop\em\FP\CLONALG\.git\objects\f7\a62d18c09e6c6fa4fd94eb0e93e634c22579aa,a62d18c09e6c6fa4fd94eb0e93e634c22579aa,a62d18c09e6c6fa4fd94eb0e93e634c22579aa,,696,2026-01-02T02:14:04+01:00,2026-07-30T20:35:05+02:00,c01484b24272a0b2e48af0cc3b5ac099bbe236e171556e75c44ac608b8ad9d34,,CLONALG/.git/objects/f7,True
CLONALG/.git/objects/f8/0276c9244cbe5cc1311d4e396f057d266059e7,C:\Users\26096\Desktop\em\FP\CLONALG\.git\objects\f8\0276c9244cbe5cc1311d4e396f057d266059e7,0276c9244cbe5cc1311d4e396f057d266059e7,0276c9244cbe5cc1311d4e396f057d266059e7,,14480,2026-03-13T00:46:18+01:00,2026-07-30T20:35:05+02:00,8eae91b8bef04ee3e280db6a70e8114a7afda0ab71767c6f49103cca01fc9eb7,,CLONALG/.git/objects/f8,True
CLONALG/.git/objects/f8/9f86e9c3d13c2ed1a7b27f1344ed8d6b84c83d,C:\Users\26096\Desktop\em\FP\CLONALG\.git\objects\f8\9f86e9c3d13c2ed1a7b27f1344ed8d6b84c83d,9f86e9c3d13c2ed1a7b27f1344ed8d6b84c83d,9f86e9c3d13c2ed1a7b27f1344ed8d6b84c83d,,2361,2026-01-02T03:54:22+01:00,2026-07-30T20:35:05+02:00,cee2520ac5e2b71fe76d7abfc045b0306ed5e577bbc409ab1f6f2398c3ef59c6,,CLONALG/.git/objects/f8,True
CLONALG/.git/objects/fb/23ec7317b72d27df45dc5467bdd39778358c5f,C:\Users\26096\Desktop\em\FP\CLONALG\.git\objects\fb\23ec7317b72d27df45dc5467bdd39778358c5f,23ec7317b72d27df45dc5467bdd39778358c5f,23ec7317b72d27df45dc5467bdd39778358c5f,,1831,2026-04-10T03:15:54+02:00,2026-07-30T20:35:05+02:00,baf85c40581a310015459f5dc98f6cfdbdac326c98ca48fb2399d7d98a15ad72,,CLONALG/.git/objects/fb,True
CLONALG/.git/objects/fb/c949ccc7df43f57b1b6f4bf39086821408971e,C:\Users\26096\Desktop\em\FP\CLONALG\.git\objects\fb\c949ccc7df43f57b1b6f4bf39086821408971e,c949ccc7df43f57b1b6f4bf39086821408971e,c949ccc7df43f57b1b6f4bf39086821408971e,,490,2025-12-04T10:33:58+01:00,2026-07-30T20:35:05+02:00,90ffc156d434c9851987add590a823c909620aed8c461a63b1fc23da12b8385c,,CLONALG/.git/objects/fb,True
CLONALG/.git/objects/fc/6ee1145665c426e08ff3637c69e58da406c753,C:\Users\26096\Desktop\em\FP\CLONALG\.git\objects\fc\6ee1145665c426e08ff3637c69e58da406c753,6ee1145665c426e08ff3637c69e58da406c753,6ee1145665c426e08ff3637c69e58da406c753,,613,2026-01-02T02:14:04+01:00,2026-07-30T20:35:05+02:00,ba180bd7b295cf1bef9bda6338739a1f70299ebf7bacd410205c54275993750c,,CLONALG/.git/objects/fc,True
CLONALG/.git/objects/fc/98f5f78059212755f5f6c086f0f069aa204ac9,C:\Users\26096\Desktop\em\FP\CLONALG\.git\objects\fc\98f5f78059212755f5f6c086f0f069aa204ac9,98f5f78059212755f5f6c086f0f069aa204ac9,98f5f78059212755f5f6c086f0f069aa204ac9,,1134,2025-12-06T13:19:36+01:00,2026-07-30T20:35:05+02:00,d7396e51aa0cc80f2156484c25cf9dfea02bf22beac743a5f318802d243b22e0,,CLONALG/.git/objects/fc,True
CLONALG/.git/objects/fd/89c002a2d6f2c09055ab52c5b25bec804f1bf3,C:\Users\26096\Desktop\em\FP\CLONALG\.git\objects\fd\89c002a2d6f2c09055ab52c5b25bec804f1bf3,89c002a2d6f2c09055ab52c5b25bec804f1bf3,89c002a2d6f2c09055ab52c5b25bec804f1bf3,,5096,2026-03-13T00:46:18+01:00,2026-07-30T20:35:05+02:00,cf3e46c9bf119a114044ac2230f0e99d73bb366c5e5634ceac9965fba1767244,,CLONALG/.git/objects/fd,True
CLONALG/.git/objects/fd/cb9b47d809e6488f687e2096133157c271259d,C:\Users\26096\Desktop\em\FP\CLONALG\.git\objects\fd\cb9b47d809e6488f687e2096133157c271259d,cb9b47d809e6488f687e2096133157c271259d,cb9b47d809e6488f687e2096133157c271259d,,1299,2026-01-02T02:14:04+01:00,2026-07-30T20:35:06+02:00,b5a75b125a73c4fc2ccda39e2676cd7344cf8db53ebf74b0083a6de0b8857ef9,,CLONALG/.git/objects/fd,True
CLONALG/.git/objects/fe/2965b149efc9434d177149db50f8aad0a9d042,C:\Users\26096\Desktop\em\FP\CLONALG\.git\objects\fe\2965b149efc9434d177149db50f8aad0a9d042,2965b149efc9434d177149db50f8aad0a9d042,2965b149efc9434d177149db50f8aad0a9d042,,2348,2025-12-04T10:33:58+01:00,2026-07-30T20:35:06+02:00,fdcb9060c9deaabdd4298d1260e182ef6bd2c27a0e9a03e5e09e7969281de360,,CLONALG/.git/objects/fe,True
CLONALG/.git/objects/ff/20787e7a8138838c38cda0bdb619961802adc6,C:\Users\26096\Desktop\em\FP\CLONALG\.git\objects\ff\20787e7a8138838c38cda0bdb619961802adc6,20787e7a8138838c38cda0bdb619961802adc6,20787e7a8138838c38cda0bdb619961802adc6,,3371,2026-01-02T02:14:04+01:00,2026-07-30T20:35:06+02:00,4071689adbd18a232aaa2010cd72b0fdc2f83f563833aaf75ec7e222bb178880,,CLONALG/.git/objects/ff,True
CLONALG/.git/objects/ff/acacaf931b6334dbd6fd0b2d08848d0ef50932,C:\Users\26096\Desktop\em\FP\CLONALG\.git\objects\ff\acacaf931b6334dbd6fd0b2d08848d0ef50932,acacaf931b6334dbd6fd0b2d08848d0ef50932,acacaf931b6334dbd6fd0b2d08848d0ef50932,,207,2025-12-04T10:48:28+01:00,2026-07-30T20:35:06+02:00,cd2e73a92af575e5f4e15f5b732203adf6c6cf67c2251b56135b4beba41e6c38,,CLONALG/.git/objects/ff,True
CLONALG/.git/refs/heads/main,C:\Users\26096\Desktop\em\FP\CLONALG\.git\refs\heads\main,main,main,,41,2026-04-10T03:15:54+02:00,2026-07-30T20:35:06+02:00,d53e503e25dd31ade302ba9c8780894e150bd9011465c53a274297c4d0d9d622,a60a66513b8eb0e4635c0d635110b126f412276794414af32a59746404c0dabe,CLONALG/.git/refs/heads,True
CLONALG/.git/refs/remotes/origin/HEAD,C:\Users\26096\Desktop\em\FP\CLONALG\.git\refs\remotes\origin\HEAD,HEAD,HEAD,,30,2025-12-04T10:36:30+01:00,2026-07-30T20:35:06+02:00,67d78f2f65358fecffe4b8a78f22513e98f6d931d7c176905282863265dd4dc8,,CLONALG/.git/refs/remotes/origin,True
CLONALG/.git/refs/remotes/origin/main,C:\Users\26096\Desktop\em\FP\CLONALG\.git\refs\remotes\origin\main,main,main,,41,2026-04-10T03:15:54+02:00,2026-07-30T20:35:06+02:00,d53e503e25dd31ade302ba9c8780894e150bd9011465c53a274297c4d0d9d622,a60a66513b8eb0e4635c0d635110b126f412276794414af32a59746404c0dabe,CLONALG/.git/refs/remotes/origin,True
IA_test/best_bits_coarse.mat,C:\Users\26096\Desktop\em\FP\IA_test\best_bits_coarse.mat,best_bits_coarse.mat,best_bits_coarse,.mat,7834,2026-01-13T12:02:04+01:00,2026-07-30T20:35:06+02:00,d4e3c93db7a57403342734a8f0b923991d6266f0ddcf7f6233c7dd2d62d16533,,IA_test,True
IA_test/best_J0.080216_20260110_195804.ans,C:\Users\26096\Desktop\em\FP\IA_test\best_J0.080216_20260110_195804.ans,best_J0.080216_20260110_195804.ans,best_J0.080216_20260110_195804,.ans,7046887,2026-01-10T12:59:04+01:00,2026-07-30T20:35:06+02:00,bcd0690898d933af76a628ad370a5f800f89ad4fe67b1b3669256330493cc177,6528190f4fb50f8820de0901d41b9dd6fcdffa1d7b2bee99b36291df5526d3ee,IA_test,True
IA_test/best_J0.080216_20260110_195804.fem,C:\Users\26096\Desktop\em\FP\IA_test\best_J0.080216_20260110_195804.fem,best_J0.080216_20260110_195804.fem,best_J0.080216_20260110_195804,.fem,151840,2026-01-10T12:58:20+01:00,2026-07-30T20:35:06+02:00,68c521805b75b363befcec9b70c30c333ffeb849a9a4749c7368d8f039dd94c0,0c31a08c68e1c3d223964512df8be96e9ee7511f615b4b7fed3000317b4fc6ca,IA_test,True
IA_test/best_J0.080216_20260110_195804.png,C:\Users\26096\Desktop\em\FP\IA_test\best_J0.080216_20260110_195804.png,best_J0.080216_20260110_195804.png,best_J0.080216_20260110_195804,.png,58,2026-01-10T12:59:04+01:00,2026-07-30T20:35:06+02:00,844e7d602988a91c7c63c3756ed0f0453f7ce13b98a99ff63f5b7dee6149658c,8721360559fedb06b47a0d9305b1164e5900e98a929692d89dd4850f7d6b390d,IA_test,True
IA_test/best_J0.080216_20260111_184658.ans,C:\Users\26096\Desktop\em\FP\IA_test\best_J0.080216_20260111_184658.ans,best_J0.080216_20260111_184658.ans,best_J0.080216_20260111_184658,.ans,7046887,2026-01-11T11:47:58+01:00,2026-07-30T20:35:06+02:00,bcd0690898d933af76a628ad370a5f800f89ad4fe67b1b3669256330493cc177,6528190f4fb50f8820de0901d41b9dd6fcdffa1d7b2bee99b36291df5526d3ee,IA_test,True
IA_test/best_J0.080216_20260111_184658.fem,C:\Users\26096\Desktop\em\FP\IA_test\best_J0.080216_20260111_184658.fem,best_J0.080216_20260111_184658.fem,best_J0.080216_20260111_184658,.fem,151840,2026-01-11T11:47:14+01:00,2026-07-30T20:35:06+02:00,68c521805b75b363befcec9b70c30c333ffeb849a9a4749c7368d8f039dd94c0,0c31a08c68e1c3d223964512df8be96e9ee7511f615b4b7fed3000317b4fc6ca,IA_test,True
IA_test/best_J0.080216_20260111_184658.png,C:\Users\26096\Desktop\em\FP\IA_test\best_J0.080216_20260111_184658.png,best_J0.080216_20260111_184658.png,best_J0.080216_20260111_184658,.png,58,2026-01-11T11:47:58+01:00,2026-07-30T20:35:06+02:00,844e7d602988a91c7c63c3756ed0f0453f7ce13b98a99ff63f5b7dee6149658c,8721360559fedb06b47a0d9305b1164e5900e98a929692d89dd4850f7d6b390d,IA_test,True
IA_test/best_J0.082148_20260108_181234.ans,C:\Users\26096\Desktop\em\FP\IA_test\best_J0.082148_20260108_181234.ans,best_J0.082148_20260108_181234.ans,best_J0.082148_20260108_181234,.ans,6849375,2026-01-08T11:13:24+01:00,2026-07-30T20:35:06+02:00,26edc9e69b3e337f5fa94a040139c97f5fb07edea00a386d04f6944d391d7c24,b7a7fe6058d419fa9c7d224fdb13c44ed9ca83a22370df344e5fb9ab1dcd97ee,IA_test,True
IA_test/best_J0.082148_20260108_181234.fem,C:\Users\26096\Desktop\em\FP\IA_test\best_J0.082148_20260108_181234.fem,best_J0.082148_20260108_181234.fem,best_J0.082148_20260108_181234,.fem,147878,2026-01-08T11:12:48+01:00,2026-07-30T20:35:06+02:00,b6f4e81d56cd3f586ad36d286cb02aca03bd5597f74e30265c21928b8254d6c7,216eacc2b773ee4fabbae4589fade40986f78368c1669bb851fd15e77ec036e6,IA_test,True
IA_test/best_J0.082148_20260108_181234.png,C:\Users\26096\Desktop\em\FP\IA_test\best_J0.082148_20260108_181234.png,best_J0.082148_20260108_181234.png,best_J0.082148_20260108_181234,.png,58,2026-01-08T11:13:24+01:00,2026-07-30T20:35:06+02:00,844e7d602988a91c7c63c3756ed0f0453f7ce13b98a99ff63f5b7dee6149658c,8721360559fedb06b47a0d9305b1164e5900e98a929692d89dd4850f7d6b390d,IA_test,True
IA_test/best_J0.082148_20260108_231323.ans,C:\Users\26096\Desktop\em\FP\IA_test\best_J0.082148_20260108_231323.ans,best_J0.082148_20260108_231323.ans,best_J0.082148_20260108_231323,.ans,6849375,2026-01-08T16:14:30+01:00,2026-07-30T20:35:06+02:00,26edc9e69b3e337f5fa94a040139c97f5fb07edea00a386d04f6944d391d7c24,b7a7fe6058d419fa9c7d224fdb13c44ed9ca83a22370df344e5fb9ab1dcd97ee,IA_test,True
IA_test/best_J0.082148_20260108_231323.fem,C:\Users\26096\Desktop\em\FP\IA_test\best_J0.082148_20260108_231323.fem,best_J0.082148_20260108_231323.fem,best_J0.082148_20260108_231323,.fem,147878,2026-01-08T16:13:42+01:00,2026-07-30T20:35:06+02:00,b6f4e81d56cd3f586ad36d286cb02aca03bd5597f74e30265c21928b8254d6c7,216eacc2b773ee4fabbae4589fade40986f78368c1669bb851fd15e77ec036e6,IA_test,True
IA_test/best_J0.082148_20260108_231323.png,C:\Users\26096\Desktop\em\FP\IA_test\best_J0.082148_20260108_231323.png,best_J0.082148_20260108_231323.png,best_J0.082148_20260108_231323,.png,58,2026-01-08T16:14:32+01:00,2026-07-30T20:35:06+02:00,844e7d602988a91c7c63c3756ed0f0453f7ce13b98a99ff63f5b7dee6149658c,8721360559fedb06b47a0d9305b1164e5900e98a929692d89dd4850f7d6b390d,IA_test,True
IA_test/best_J0.106306_20260105_193139.ans,C:\Users\26096\Desktop\em\FP\IA_test\best_J0.106306_20260105_193139.ans,best_J0.106306_20260105_193139.ans,best_J0.106306_20260105_193139,.ans,6861752,2026-01-05T12:32:36+01:00,2026-07-30T20:35:06+02:00,67897d8bd457a6fd6c6829d6e3d4af418356ce9809035ac13f883065ddc1680c,260d1c23e14f919025ff764edc6cccf61dd86c61bf6b0249e959d2ec3b97d6bf,IA_test,True
IA_test/best_J0.106306_20260105_193139.fem,C:\Users\26096\Desktop\em\FP\IA_test\best_J0.106306_20260105_193139.fem,best_J0.106306_20260105_193139.fem,best_J0.106306_20260105_193139,.fem,148606,2026-01-05T12:31:56+01:00,2026-07-30T20:35:06+02:00,1d8923e5a15215aad2c5a60e700778c395d03e4004af6a1d83b620f3c63501c5,a94118596403c6bf52a215165fef54ccbbc27b8a51088656a75a4ba69065a214,IA_test,True
IA_test/best_J0.106306_20260105_193139.png,C:\Users\26096\Desktop\em\FP\IA_test\best_J0.106306_20260105_193139.png,best_J0.106306_20260105_193139.png,best_J0.106306_20260105_193139,.png,58,2026-01-05T12:32:36+01:00,2026-07-30T20:35:06+02:00,844e7d602988a91c7c63c3756ed0f0453f7ce13b98a99ff63f5b7dee6149658c,8721360559fedb06b47a0d9305b1164e5900e98a929692d89dd4850f7d6b390d,IA_test,True
IA_test/best_J0.106306_20260106_151138.ans,C:\Users\26096\Desktop\em\FP\IA_test\best_J0.106306_20260106_151138.ans,best_J0.106306_20260106_151138.ans,best_J0.106306_20260106_151138,.ans,6861752,2026-01-06T08:12:34+01:00,2026-07-30T20:35:06+02:00,67897d8bd457a6fd6c6829d6e3d4af418356ce9809035ac13f883065ddc1680c,260d1c23e14f919025ff764edc6cccf61dd86c61bf6b0249e959d2ec3b97d6bf,IA_test,True
IA_test/best_J0.106306_20260106_151138.fem,C:\Users\26096\Desktop\em\FP\IA_test\best_J0.106306_20260106_151138.fem,best_J0.106306_20260106_151138.fem,best_J0.106306_20260106_151138,.fem,148606,2026-01-06T08:11:54+01:00,2026-07-30T20:35:06+02:00,1d8923e5a15215aad2c5a60e700778c395d03e4004af6a1d83b620f3c63501c5,a94118596403c6bf52a215165fef54ccbbc27b8a51088656a75a4ba69065a214,IA_test,True
IA_test/best_J0.106306_20260106_151138.png,C:\Users\26096\Desktop\em\FP\IA_test\best_J0.106306_20260106_151138.png,best_J0.106306_20260106_151138.png,best_J0.106306_20260106_151138,.png,58,2026-01-06T08:12:34+01:00,2026-07-30T20:35:06+02:00,844e7d602988a91c7c63c3756ed0f0453f7ce13b98a99ff63f5b7dee6149658c,8721360559fedb06b47a0d9305b1164e5900e98a929692d89dd4850f7d6b390d,IA_test,True
IA_test/best_J0.106306_20260106_224059.ans,C:\Users\26096\Desktop\em\FP\IA_test\best_J0.106306_20260106_224059.ans,best_J0.106306_20260106_224059.ans,best_J0.106306_20260106_224059,.ans,6861752,2026-01-06T15:42:18+01:00,2026-07-30T20:35:06+02:00,67897d8bd457a6fd6c6829d6e3d4af418356ce9809035ac13f883065ddc1680c,260d1c23e14f919025ff764edc6cccf61dd86c61bf6b0249e959d2ec3b97d6bf,IA_test,True
IA_test/best_J0.106306_20260106_224059.fem,C:\Users\26096\Desktop\em\FP\IA_test\best_J0.106306_20260106_224059.fem,best_J0.106306_20260106_224059.fem,best_J0.106306_20260106_224059,.fem,148606,2026-01-06T15:41:18+01:00,2026-07-30T20:35:06+02:00,1d8923e5a15215aad2c5a60e700778c395d03e4004af6a1d83b620f3c63501c5,a94118596403c6bf52a215165fef54ccbbc27b8a51088656a75a4ba69065a214,IA_test,True
IA_test/best_J0.106306_20260106_224059.png,C:\Users\26096\Desktop\em\FP\IA_test\best_J0.106306_20260106_224059.png,best_J0.106306_20260106_224059.png,best_J0.106306_20260106_224059,.png,58,2026-01-06T15:42:20+01:00,2026-07-30T20:35:06+02:00,844e7d602988a91c7c63c3756ed0f0453f7ce13b98a99ff63f5b7dee6149658c,8721360559fedb06b47a0d9305b1164e5900e98a929692d89dd4850f7d6b390d,IA_test,True
IA_test/best_J0.113614_20260103_045247.ans,C:\Users\26096\Desktop\em\FP\IA_test\best_J0.113614_20260103_045247.ans,best_J0.113614_20260103_045247.ans,best_J0.113614_20260103_045247,.ans,11962051,2026-01-02T21:57:08+01:00,2026-07-30T20:35:06+02:00,fcdecd80f9d6c3f5feace88a2335a674ea6e38fe5eadc419c307a3739bf5bce9,92b7a153c31e84dedefd1f3e109861ead26739cb4700717c1709395c1b732867,IA_test,True
IA_test/best_J0.113614_20260103_045247.fem,C:\Users\26096\Desktop\em\FP\IA_test\best_J0.113614_20260103_045247.fem,best_J0.113614_20260103_045247.fem,best_J0.113614_20260103_045247,.fem,132413,2026-01-02T21:55:24+01:00,2026-07-30T20:35:06+02:00,c6e8a9800185d815d663199bd81e1c8df5790a46e35b0ff1fa33f1a845043aef,71c4013106ac01bc9a8b262e8c945dfefee892f2eecb15c66524b169f930e904,IA_test,True
IA_test/best_J0.113614_20260103_045247.png,C:\Users\26096\Desktop\em\FP\IA_test\best_J0.113614_20260103_045247.png,best_J0.113614_20260103_045247.png,best_J0.113614_20260103_045247,.png,2929834,2026-01-02T21:57:10+01:00,2026-07-30T20:35:06+02:00,68aafba206a50649f5beb733f6b682d3c54dd796f610f404665eb22368736b4d,50e56ebaab5d966e0d0b0b878f7b0500db7167e5375d1ac59a149f49242e3a7f,IA_test,True
IA_test/best_J0.238035_20251229_211603.ans,C:\Users\26096\Desktop\em\FP\IA_test\best_J0.238035_20251229_211603.ans,best_J0.238035_20251229_211603.ans,best_J0.238035_20251229_211603,.ans,4364011,2025-12-29T14:16:42+01:00,2026-07-30T20:35:06+02:00,dae7de0cbc60db04af8e3c37ad4c07e4c7788d932abcc620fe3367999911212c,84bf3816ae932f7b0782184f1f650529af7fa990f510fcb2ef351eb5f93c19ef,IA_test,True
IA_test/best_J0.238035_20251229_211603.fem,C:\Users\26096\Desktop\em\FP\IA_test\best_J0.238035_20251229_211603.fem,best_J0.238035_20251229_211603.fem,best_J0.238035_20251229_211603,.fem,71182,2025-12-29T14:16:24+01:00,2026-07-30T20:35:06+02:00,691c2166f8ed66c834df542adb3757d5a6cc5f1eaa9bb57dbb3126d723d97fd0,f727b2948325a7a14c00f74425d0051593e8fe6bed15a0a443d3e840eb8f74cc,IA_test,True
IA_test/best_J0.257147_20251228_164352.ans,C:\Users\26096\Desktop\em\FP\IA_test\best_J0.257147_20251228_164352.ans,best_J0.257147_20251228_164352.ans,best_J0.257147_20251228_164352,.ans,13015562,2025-12-28T09:47:40+01:00,2026-07-30T20:35:06+02:00,ebb05fab026d231a93f0cdd2370d22f7307c5979694d536a235414ae7009d3ef,d30a6e2288edcef741dcd8453fb78d899f0fff0b47034478a518992e77d1c72f,IA_test,True
IA_test/best_J0.257147_20251228_164352.fem,C:\Users\26096\Desktop\em\FP\IA_test\best_J0.257147_20251228_164352.fem,best_J0.257147_20251228_164352.fem,best_J0.257147_20251228_164352,.fem,148325,2025-12-28T09:44:46+01:00,2026-07-30T20:35:07+02:00,0c9d0e2cbee095d96ecbd4d98b85a1ab6e5c77aea52da45532064dab8060ae58,099f794513938363d326f8ad3fa13f05f188414965a3477a0e2c1b9ac5ff5449,IA_test,True
IA_test/best_J0.257147_20251228_164352.png,C:\Users\26096\Desktop\em\FP\IA_test\best_J0.257147_20251228_164352.png,best_J0.257147_20251228_164352.png,best_J0.257147_20251228_164352,.png,2929834,2025-12-28T09:47:42+01:00,2026-07-30T20:35:07+02:00,6fdd629cdd3aa01ed03bded253c6428a9ec234e838b53adac54e3ab428476969,cfb8924682fabe6ecc80948f75dfb2397c2bfe064617840bd46f003a00c36258,IA_test,True
IA_test/best_result_20251224_164638.mat,C:\Users\26096\Desktop\em\FP\IA_test\best_result_20251224_164638.mat,best_result_20251224_164638.mat,best_result_20251224_164638,.mat,3468,2025-12-24T09:46:40+01:00,2026-07-30T20:35:07+02:00,3e2bdd30cfcdefcbe896ee8d5edfac6cb8284c1ce79b561de48a0f4511f7f85e,36424578a1261b6978d4e77c7bdcf2b92006b3d8ebb63058c2086332b19eb6de,IA_test,True
IA_test/best_result_20251225_164109.mat,C:\Users\26096\Desktop\em\FP\IA_test\best_result_20251225_164109.mat,best_result_20251225_164109.mat,best_result_20251225_164109,.mat,3453,2025-12-25T09:41:10+01:00,2026-07-30T20:35:07+02:00,c856135317cf0713aa3f4ff10c0b3c0323df89748ff02a34f61e76523e95bd53,bf310c6d99ca2736a79376867395c1101d5ccc9979d4ecf85eb1a1a7e81b8dcd,IA_test,True
IA_test/best_result_20251225_205212.mat,C:\Users\26096\Desktop\em\FP\IA_test\best_result_20251225_205212.mat,best_result_20251225_205212.mat,best_result_20251225_205212,.mat,3453,2025-12-25T13:52:14+01:00,2026-07-30T20:35:07+02:00,1b24594b35caf700230774c925f578f3c023d448382af20449d9ed9094f650b6,c37fdcd7f0ca87964d791a681583e6b4294a6ecd5033aae4a69f0e657cbc9fbd,IA_test,True
IA_test/best_result_20251228_164352.mat,C:\Users\26096\Desktop\em\FP\IA_test\best_result_20251228_164352.mat,best_result_20251228_164352.mat,best_result_20251228_164352,.mat,3361,2025-12-28T09:43:54+01:00,2026-07-30T20:35:07+02:00,3ace128dc11fce9b4d776e639438271023fcadb2234c5e36608d10db4927e28c,420446f9f968f6abaf75019cb0bb9321610bad0c72880811f21e599aa97bdc72,IA_test,True
IA_test/best_result_20251229_005752.mat,C:\Users\26096\Desktop\em\FP\IA_test\best_result_20251229_005752.mat,best_result_20251229_005752.mat,best_result_20251229_005752,.mat,3404,2025-12-28T17:57:54+01:00,2026-07-30T20:35:07+02:00,db53a793dbd6ff1730ee4173a513d134e274d57647aa7ba0f9b6d46f6ad60fca,eeec40c1b95aa8e7d5cc981f10abac96e829e4d528c68af9714945195f06d831,IA_test,True
IA_test/best_result_20251229_211603.mat,C:\Users\26096\Desktop\em\FP\IA_test\best_result_20251229_211603.mat,best_result_20251229_211603.mat,best_result_20251229_211603,.mat,3380,2025-12-29T14:16:04+01:00,2026-07-30T20:35:07+02:00,cf71edbd32c82e771fdf780ea89c9ae4518a516c25964a04a76919c8bd55cdca,ff70242255bf91f139855fd2987796bc03c603827dd8bd7ea9bbd483bc0807c4,IA_test,True
IA_test/best_result_20260103_045247.mat,C:\Users\26096\Desktop\em\FP\IA_test\best_result_20260103_045247.mat,best_result_20260103_045247.mat,best_result_20260103_045247,.mat,8023,2026-01-02T21:52:48+01:00,2026-07-30T20:35:07+02:00,166046c07190ed84199d96899ede0756c3843809715d32d189e713b10bc2849c,67cecd302ca9448e9905cf39de0defb9d39ae20e0b9004c6292c8a1e480e0071,IA_test,True
IA_test/best_result_20260105_193139.mat,C:\Users\26096\Desktop\em\FP\IA_test\best_result_20260105_193139.mat,best_result_20260105_193139.mat,best_result_20260105_193139,.mat,8071,2026-01-05T12:31:40+01:00,2026-07-30T20:35:07+02:00,9396e1a432a90be7f16c5a94dac257b1289f5d894ed256297a4ead3f8fa289b7,,IA_test,True
IA_test/best_result_20260106_151138.mat,C:\Users\26096\Desktop\em\FP\IA_test\best_result_20260106_151138.mat,best_result_20260106_151138.mat,best_result_20260106_151138,.mat,8071,2026-01-06T08:11:40+01:00,2026-07-30T20:35:07+02:00,f1c29646908f2a017e6c75e4d479db5b5c2fc489d5432e324fc5f144cbf531a1,,IA_test,True
IA_test/best_result_20260106_224059.mat,C:\Users\26096\Desktop\em\FP\IA_test\best_result_20260106_224059.mat,best_result_20260106_224059.mat,best_result_20260106_224059,.mat,8071,2026-01-06T15:41:00+01:00,2026-07-30T20:35:07+02:00,76ebb7e5e34b2023991b32c644c9b183935e172aeb64aa7acdc962a2078f89cc,,IA_test,True
IA_test/best_result_20260108_181234.mat,C:\Users\26096\Desktop\em\FP\IA_test\best_result_20260108_181234.mat,best_result_20260108_181234.mat,best_result_20260108_181234,.mat,8087,2026-01-08T11:12:36+01:00,2026-07-30T20:35:07+02:00,bd57440e8b6a588c0e8264b91c3aa2f8ab14a58e23bdf096a63ee83846b6f759,,IA_test,True
IA_test/best_result_20260108_231323.mat,C:\Users\26096\Desktop\em\FP\IA_test\best_result_20260108_231323.mat,best_result_20260108_231323.mat,best_result_20260108_231323,.mat,8074,2026-01-08T16:13:24+01:00,2026-07-30T20:35:07+02:00,0dd73586ed9c66114c2fc257540bd154c9e59ce8ebe73f54c8478313962f2bcf,,IA_test,True
IA_test/best_result_20260110_195804.mat,C:\Users\26096\Desktop\em\FP\IA_test\best_result_20260110_195804.mat,best_result_20260110_195804.mat,best_result_20260110_195804,.mat,8091,2026-01-10T12:58:06+01:00,2026-07-30T20:35:07+02:00,f3323c9a77d56f5e4b26a2f3d6fb41c7e89cfc24bbf4627f908eae402a720a19,,IA_test,True
IA_test/best_result_20260111_184658.mat,C:\Users\26096\Desktop\em\FP\IA_test\best_result_20260111_184658.mat,best_result_20260111_184658.mat,best_result_20260111_184658,.mat,8091,2026-01-11T11:47:00+01:00,2026-07-30T20:35:07+02:00,b4f3315cea9663951d65d8fb8be5892ed6be5c8d7ff856d4b8c6c03e83bca765,,IA_test,True
IA_test/best_result_20260112_211205.mat,C:\Users\26096\Desktop\em\FP\IA_test\best_result_20260112_211205.mat,best_result_20260112_211205.mat,best_result_20260112_211205,.mat,8091,2026-01-12T14:12:06+01:00,2026-07-30T20:35:07+02:00,2885c0be815b1d6ed4e84a2bc2ea70937950aba2b6efc8a450178c9527cd7b32,,IA_test,True
IA_test/best_result_20260113_190201.mat,C:\Users\26096\Desktop\em\FP\IA_test\best_result_20260113_190201.mat,best_result_20260113_190201.mat,best_result_20260113_190201,.mat,8091,2026-01-13T12:02:04+01:00,2026-07-30T20:35:07+02:00,83be83f92494e7d70b85af0a5cdd14afd38a4108592097f80a7961e47d3a28f2,,IA_test,True
IA_test/best_result_20260116_163434.mat,C:\Users\26096\Desktop\em\FP\IA_test\best_result_20260116_163434.mat,best_result_20260116_163434.mat,best_result_20260116_163434,.mat,8078,2026-01-16T09:34:36+01:00,2026-07-30T20:35:07+02:00,ac817e428a49b3e211fe0bee160c57baf601b9b15085b31a9599524fca91093b,,IA_test,True
IA_test/best_result_20260116_200125.mat,C:\Users\26096\Desktop\em\FP\IA_test\best_result_20260116_200125.mat,best_result_20260116_200125.mat,best_result_20260116_200125,.mat,8078,2026-01-16T13:01:26+01:00,2026-07-30T20:35:07+02:00,52b9357197252fcba4d0cc4a509a941e37496cfcd0604a8d38cff422902425c2,,IA_test,True
IA_test/best_result_20260117_234227.mat,C:\Users\26096\Desktop\em\FP\IA_test\best_result_20260117_234227.mat,best_result_20260117_234227.mat,best_result_20260117_234227,.mat,8091,2026-01-17T16:42:28+01:00,2026-07-30T20:35:07+02:00,48eb1bc2feec1745e3893ec311b0388f56db9a1f640f5832e03ce92d3d7640de,,IA_test,True
IA_test/best_result_20260118_224448.mat,C:\Users\26096\Desktop\em\FP\IA_test\best_result_20260118_224448.mat,best_result_20260118_224448.mat,best_result_20260118_224448,.mat,8103,2026-01-18T15:44:50+01:00,2026-07-30T20:35:07+02:00,79d654b4d8dd18b0d04885b9d313d99e361392acadf27b460f40b39da81437b1,,IA_test,True
IA_test/best_result_20260118_224518.mat,C:\Users\26096\Desktop\em\FP\IA_test\best_result_20260118_224518.mat,best_result_20260118_224518.mat,best_result_20260118_224518,.mat,8103,2026-01-18T15:45:20+01:00,2026-07-30T20:35:07+02:00,9a935eed6bf05e104451a528dac347d75a1c47f42f0fb52809d8420f19b426c5,599b8091bae86c9a1a2634ed19c1c5ba5c0c99849d79c76b4b3814ee2293554a,IA_test,True
IA_test/untitled.fig,C:\Users\26096\Desktop\em\FP\IA_test\untitled.fig,untitled.fig,untitled,.fig,8991,2025-12-31T12:26:06+01:00,2026-07-30T20:35:07+02:00,09022648cc1cd6d15abdc08db3f0e68b6f8f8b1f103ed4e36ea43b2c9838a0e6,b72d4a12120c7c20ad87af0fc90e7f9ab38435fe50935b248575c34290fbe429,IA_test,True
IA_test/无电流.png,C:\Users\26096\Desktop\em\FP\IA_test\无电流.png,无电流.png,无电流,.png,234782,2025-11-22T09:37:30+01:00,2026-07-30T20:35:07+02:00,40a7c6ce449beec220460238f60408842e0f85095d62e632c5a17602c8d7267c,0f333ef656b1f46520c4f5493187eb8d56077fd0c0d26d3bd01e094637bce43e,IA_test,True
IA_test/有电流 新.png,C:\Users\26096\Desktop\em\FP\IA_test\有电流 新.png,有电流 新.png,有电流 新,.png,110101,2025-12-01T10:19:34+01:00,2026-07-30T20:35:07+02:00,03500f4fcc49025f9052d772095324dc8889c56c26d4648f0f7b6d3137c83aa9,e8ae58b7f8ded9ac74a9555bfa5ffbef5c16a16d4273d0fd96ea2c1bdf03f0fa,IA_test,True
IA_test/有电流.png,C:\Users\26096\Desktop\em\FP\IA_test\有电流.png,有电流.png,有电流,.png,91582,2025-11-22T09:13:36+01:00,2026-07-30T20:35:07+02:00,fecc91fd4624dae78bb76e4f107bf674c4ecd51ef3332cd3b1325f870d7135eb,4fce6a7dc161deaf1e36641072ff6dcdbf55dbe82376c2903ea388682a4b140d,IA_test,True
IA_test/目标函数.png,C:\Users\26096\Desktop\em\FP\IA_test\目标函数.png,目标函数.png,目标函数,.png,17871,2025-12-01T23:10:26+01:00,2026-07-30T20:35:07+02:00,18f328b90e21de14cde1fbfcf98a631b243ea634e8e7cf6c9519b37198d4b501,7215a5e31a1dc4465c0df3321f5a0e8b256da175176bee64605797f9f52b58ea,IA_test,True
IA_test/结果.png,C:\Users\26096\Desktop\em\FP\IA_test\结果.png,结果.png,结果,.png,79826,2025-12-01T23:08:44+01:00,2026-07-30T20:35:07+02:00,097ff828e35915d120f697f939fa4f3bfc29f1b14e152be909a1ebd22f952d37,3af90685fd52e41d10c26a193ca824f9581da6b84223e51d0d55afa3497de57d,IA_test,True
IA_test/角度.png,C:\Users\26096\Desktop\em\FP\IA_test\角度.png,角度.png,角度,.png,16722,2025-12-01T23:09:48+01:00,2026-07-30T20:35:07+02:00,1e14b5a255f75518a3a894484447775426e911102c3a5636b7f7965962e1b586,53ca87cd36cd1ee22fb4a059fd8a7846446866582e176aa8df0ce2a9253b5574,IA_test,True
IA_test/0103 groupB/best_bits_coarse.mat,C:\Users\26096\Desktop\em\FP\IA_test\0103 groupB\best_bits_coarse.mat,best_bits_coarse.mat,best_bits_coarse,.mat,7827,2026-01-03T09:42:34+01:00,2026-07-30T20:35:07+02:00,fa2bc1dbfa539ac909646c20558dcf10ac0f5da0e59d944d12d92bf5f3a8e85e,,IA_test/0103 groupB,True
IA_test/0103 groupB/best_J0.110898_20260103_164233.ans,C:\Users\26096\Desktop\em\FP\IA_test\0103 groupB\best_J0.110898_20260103_164233.ans,best_J0.110898_20260103_164233.ans,best_J0.110898_20260103_164233,.ans,6486863,2026-01-03T09:44:08+01:00,2026-07-30T20:35:07+02:00,8985b7e93edb528952006da66612735ccf0dae97df3732672a441fd457c54b18,2c8081187d696b8f55d88114d5695d05a81c6d9f3b7661cf1d197d1e0a1ad538,IA_test/0103 groupB,True
IA_test/0103 groupB/best_J0.110898_20260103_164233.fem,C:\Users\26096\Desktop\em\FP\IA_test\0103 groupB\best_J0.110898_20260103_164233.fem,best_J0.110898_20260103_164233.fem,best_J0.110898_20260103_164233,.fem,141183,2026-01-03T09:43:36+01:00,2026-07-30T20:35:07+02:00,9b3488d6e5e740e99d49f687d10e511992d36e6a04ce6a8d3648b1649f3655d1,a32f8386db824a7216faf9be448937acf21027c02ba8c78ac9eb596fa72dece1,IA_test/0103 groupB,True
IA_test/0103 groupB/best_J0.110898_20260103_164233.png,C:\Users\26096\Desktop\em\FP\IA_test\0103 groupB\best_J0.110898_20260103_164233.png,best_J0.110898_20260103_164233.png,best_J0.110898_20260103_164233,.png,58,2026-01-03T09:44:08+01:00,2026-07-30T20:35:07+02:00,844e7d602988a91c7c63c3756ed0f0453f7ce13b98a99ff63f5b7dee6149658c,8721360559fedb06b47a0d9305b1164e5900e98a929692d89dd4850f7d6b390d,IA_test/0103 groupB,True
IA_test/0103 groupB/best_result_20260103_164233.mat,C:\Users\26096\Desktop\em\FP\IA_test\0103 groupB\best_result_20260103_164233.mat,best_result_20260103_164233.mat,best_result_20260103_164233,.mat,8064,2026-01-03T09:42:34+01:00,2026-07-30T20:35:07+02:00,8107650c6eb9d452f0af6badb9f8d6ae27acd50fce65d5755f8a1cd86031b18e,77dda55c43c846d5150e7339f839778033920e3b93a6b177adb8b9ec69ac2a55,IA_test/0103 groupB,True
IA_test/0104 groupA/best_bits_coarse.mat,C:\Users\26096\Desktop\em\FP\IA_test\0104 groupA\best_bits_coarse.mat,best_bits_coarse.mat,best_bits_coarse,.mat,7831,2026-01-05T01:19:54+01:00,2026-07-30T20:35:07+02:00,74fdbfe40c82ceccd201c00ee07530d09b98277e48fa744012febf6e1d603670,c220ff46b42c28e6b8000c44e5f76936fa0a14c8933f583df20dc2b8db23fea9,IA_test/0104 groupA,True
IA_test/0104 groupA/best_J0.0994011_20260105_081953.ans,C:\Users\26096\Desktop\em\FP\IA_test\0104 groupA\best_J0.0994011_20260105_081953.ans,best_J0.0994011_20260105_081953.ans,best_J0.0994011_20260105_081953,.ans,6816613,2026-01-05T01:21:18+01:00,2026-07-30T20:35:07+02:00,950a690e8a4576e29e5948e1cb2abba3f60fb7b98cbf0f5477d1d59f0efc9b81,4cb286075b55635dfec71848ee36afc5660e8e44fab6b9cb77e33934989d0afe,IA_test/0104 groupA,True
IA_test/0104 groupA/best_J0.0994011_20260105_081953.fem,C:\Users\26096\Desktop\em\FP\IA_test\0104 groupA\best_J0.0994011_20260105_081953.fem,best_J0.0994011_20260105_081953.fem,best_J0.0994011_20260105_081953,.fem,147498,2026-01-05T01:20:14+01:00,2026-07-30T20:35:07+02:00,9f9e5567f2dcef3e7020d043028fad9f281f80752a6b46a4ef500da4a337cefb,484c2a68ac1c376bfbb7c89ba0834f949410345e700053c4f3e5508e1acfe165,IA_test/0104 groupA,True
IA_test/0104 groupA/best_J0.0994011_20260105_081953.png,C:\Users\26096\Desktop\em\FP\IA_test\0104 groupA\best_J0.0994011_20260105_081953.png,best_J0.0994011_20260105_081953.png,best_J0.0994011_20260105_081953,.png,58,2026-01-05T01:21:18+01:00,2026-07-30T20:35:07+02:00,844e7d602988a91c7c63c3756ed0f0453f7ce13b98a99ff63f5b7dee6149658c,8721360559fedb06b47a0d9305b1164e5900e98a929692d89dd4850f7d6b390d,IA_test/0104 groupA,True
IA_test/0104 groupA/best_result_20260105_081953.mat,C:\Users\26096\Desktop\em\FP\IA_test\0104 groupA\best_result_20260105_081953.mat,best_result_20260105_081953.mat,best_result_20260105_081953,.mat,8102,2026-01-05T01:19:54+01:00,2026-07-30T20:35:07+02:00,f997578a94fecab890e56d8f1981b0e58375d9895b96a0c6ff2b414c0eef90ce,fb2ef813e4f2c38f2acf754061c410d205a93e928efe0b1d505f4f4c58b5a924,IA_test/0104 groupA,True
IA_test/0104 groupA/untitled2.fig,C:\Users\26096\Desktop\em\FP\IA_test\0104 groupA\untitled2.fig,untitled2.fig,untitled2,.fig,9016,2026-01-05T02:36:18+01:00,2026-07-30T20:35:07+02:00,8473312722f6d207ac7157010abce410dca45a390a617c22958a96748007c023,2ae1551f3a1da14ed6c677c57872e017620f60be2efb51a2b7614eb1fce3184d,IA_test/0104 groupA,True
IA_test/0104 groupB/best_bits_coarse.mat,C:\Users\26096\Desktop\em\FP\IA_test\0104 groupB\best_bits_coarse.mat,best_bits_coarse.mat,best_bits_coarse,.mat,7829,2026-01-04T08:08:58+01:00,2026-07-30T20:35:07+02:00,556b398defefba5fbecf1df5af2e8154302081a5f3a01a0db1236f31f2f425ac,,IA_test/0104 groupB,True
IA_test/0104 groupB/best_J0.106306_20260104_150857.ans,C:\Users\26096\Desktop\em\FP\IA_test\0104 groupB\best_J0.106306_20260104_150857.ans,best_J0.106306_20260104_150857.ans,best_J0.106306_20260104_150857,.ans,6861752,2026-01-04T08:09:52+01:00,2026-07-30T20:35:07+02:00,67897d8bd457a6fd6c6829d6e3d4af418356ce9809035ac13f883065ddc1680c,260d1c23e14f919025ff764edc6cccf61dd86c61bf6b0249e959d2ec3b97d6bf,IA_test/0104 groupB,True
IA_test/0104 groupB/best_J0.106306_20260104_150857.fem,C:\Users\26096\Desktop\em\FP\IA_test\0104 groupB\best_J0.106306_20260104_150857.fem,best_J0.106306_20260104_150857.fem,best_J0.106306_20260104_150857,.fem,148606,2026-01-04T08:09:12+01:00,2026-07-30T20:35:07+02:00,1d8923e5a15215aad2c5a60e700778c395d03e4004af6a1d83b620f3c63501c5,a94118596403c6bf52a215165fef54ccbbc27b8a51088656a75a4ba69065a214,IA_test/0104 groupB,True
IA_test/0104 groupB/best_J0.106306_20260104_150857.png,C:\Users\26096\Desktop\em\FP\IA_test\0104 groupB\best_J0.106306_20260104_150857.png,best_J0.106306_20260104_150857.png,best_J0.106306_20260104_150857,.png,58,2026-01-04T08:09:52+01:00,2026-07-30T20:35:07+02:00,844e7d602988a91c7c63c3756ed0f0453f7ce13b98a99ff63f5b7dee6149658c,8721360559fedb06b47a0d9305b1164e5900e98a929692d89dd4850f7d6b390d,IA_test/0104 groupB,True
IA_test/0104 groupB/best_result_20260104_150857.mat,C:\Users\26096\Desktop\em\FP\IA_test\0104 groupB\best_result_20260104_150857.mat,best_result_20260104_150857.mat,best_result_20260104_150857,.mat,8081,2026-01-04T08:08:58+01:00,2026-07-30T20:35:07+02:00,1d7c755e1d87f2a4e80f851c68689ebf235018c0b155558de5ea341a01cdc514,a2261632f6ca8d19d98da7d3d55dc2d710f89a7bece5d0a2e9cf1c1d927ed421,IA_test/0104 groupB,True
IA_test/0104 groupB/untitled3.fig,C:\Users\26096\Desktop\em\FP\IA_test\0104 groupB\untitled3.fig,untitled3.fig,untitled3,.fig,9443,2026-01-04T08:23:30+01:00,2026-07-30T20:35:07+02:00,7f5cdba846087fa35f14df654a51fe03029f249c6206c7dfae669243e8109528,,IA_test/0104 groupB,True
IA_test/0107 groupA2/best_bits_coarse.mat,C:\Users\26096\Desktop\em\FP\IA_test\0107 groupA2\best_bits_coarse.mat,best_bits_coarse.mat,best_bits_coarse,.mat,7832,2026-01-07T07:55:14+01:00,2026-07-30T20:35:07+02:00,2116ab4e0e0050bbfa6b7053926edae25d217528c875392d57b97d91cb715a8c,,IA_test/0107 groupA2,True
IA_test/0107 groupA2/best_J0.082148_20260107_145512.ans,C:\Users\26096\Desktop\em\FP\IA_test\0107 groupA2\best_J0.082148_20260107_145512.ans,best_J0.082148_20260107_145512.ans,best_J0.082148_20260107_145512,.ans,6849375,2026-01-07T07:56:04+01:00,2026-07-30T20:35:07+02:00,26edc9e69b3e337f5fa94a040139c97f5fb07edea00a386d04f6944d391d7c24,b7a7fe6058d419fa9c7d224fdb13c44ed9ca83a22370df344e5fb9ab1dcd97ee,IA_test/0107 groupA2,True
IA_test/0107 groupA2/best_J0.082148_20260107_145512.fem,C:\Users\26096\Desktop\em\FP\IA_test\0107 groupA2\best_J0.082148_20260107_145512.fem,best_J0.082148_20260107_145512.fem,best_J0.082148_20260107_145512,.fem,147878,2026-01-07T07:55:28+01:00,2026-07-30T20:35:07+02:00,b6f4e81d56cd3f586ad36d286cb02aca03bd5597f74e30265c21928b8254d6c7,216eacc2b773ee4fabbae4589fade40986f78368c1669bb851fd15e77ec036e6,IA_test/0107 groupA2,True
IA_test/0107 groupA2/best_J0.082148_20260107_145512.png,C:\Users\26096\Desktop\em\FP\IA_test\0107 groupA2\best_J0.082148_20260107_145512.png,best_J0.082148_20260107_145512.png,best_J0.082148_20260107_145512,.png,58,2026-01-07T07:56:04+01:00,2026-07-30T20:35:07+02:00,844e7d602988a91c7c63c3756ed0f0453f7ce13b98a99ff63f5b7dee6149658c,8721360559fedb06b47a0d9305b1164e5900e98a929692d89dd4850f7d6b390d,IA_test/0107 groupA2,True
IA_test/0107 groupA2/best_result_20260107_145512.mat,C:\Users\26096\Desktop\em\FP\IA_test\0107 groupA2\best_result_20260107_145512.mat,best_result_20260107_145512.mat,best_result_20260107_145512,.mat,8102,2026-01-07T07:55:14+01:00,2026-07-30T20:35:07+02:00,6808b8616eca5244454c5ff0147e217bb30d696f1d224f46ca6f2b54f23d43a9,ce5f4849a33cd7b2f90d8b962572196bbab0b6eca0f8dc8fdd3c55a8954a5f6f,IA_test/0107 groupA2,True
IA_test/0107 groupA2/untitled.fig,C:\Users\26096\Desktop\em\FP\IA_test\0107 groupA2\untitled.fig,untitled.fig,untitled,.fig,8493,2026-01-07T08:06:10+01:00,2026-07-30T20:35:07+02:00,73b1992190741b50fd47a0d626ab30f8eb4a59f1e38e94cc41360cfcbfba346f,,IA_test/0107 groupA2,True
IA_test/0109 groupA2 best/best_bits_coarse.mat,C:\Users\26096\Desktop\em\FP\IA_test\0109 groupA2 best\best_bits_coarse.mat,best_bits_coarse.mat,best_bits_coarse,.mat,7834,2026-01-09T09:54:16+01:00,2026-07-30T20:35:07+02:00,7e4dec0664825c53225ecbe64fdcc81d4f12156b05076dbba7f4193441c8e235,,IA_test/0109 groupA2 best,True
IA_test/0109 groupA2 best/best_J0.080216_20260109_165414.ans,C:\Users\26096\Desktop\em\FP\IA_test\0109 groupA2 best\best_J0.080216_20260109_165414.ans,best_J0.080216_20260109_165414.ans,best_J0.080216_20260109_165414,.ans,7046887,2026-01-09T09:55:12+01:00,2026-07-30T20:35:07+02:00,bcd0690898d933af76a628ad370a5f800f89ad4fe67b1b3669256330493cc177,6528190f4fb50f8820de0901d41b9dd6fcdffa1d7b2bee99b36291df5526d3ee,IA_test/0109 groupA2 best,True
IA_test/0109 groupA2 best/best_J0.080216_20260109_165414.fem,C:\Users\26096\Desktop\em\FP\IA_test\0109 groupA2 best\best_J0.080216_20260109_165414.fem,best_J0.080216_20260109_165414.fem,best_J0.080216_20260109_165414,.fem,151840,2026-01-09T09:54:30+01:00,2026-07-30T20:35:07+02:00,68c521805b75b363befcec9b70c30c333ffeb849a9a4749c7368d8f039dd94c0,0c31a08c68e1c3d223964512df8be96e9ee7511f615b4b7fed3000317b4fc6ca,IA_test/0109 groupA2 best,True
IA_test/0109 groupA2 best/best_J0.080216_20260109_165414.png,C:\Users\26096\Desktop\em\FP\IA_test\0109 groupA2 best\best_J0.080216_20260109_165414.png,best_J0.080216_20260109_165414.png,best_J0.080216_20260109_165414,.png,58,2026-01-09T09:55:14+01:00,2026-07-30T20:35:07+02:00,844e7d602988a91c7c63c3756ed0f0453f7ce13b98a99ff63f5b7dee6149658c,8721360559fedb06b47a0d9305b1164e5900e98a929692d89dd4850f7d6b390d,IA_test/0109 groupA2 best,True
IA_test/0109 groupA2 best/best_result_group4 100gen.mat,C:\Users\26096\Desktop\em\FP\IA_test\0109 groupA2 best\best_result_group4 100gen.mat,best_result_group4 100gen.mat,best_result_group4 100gen,.mat,8088,2026-01-09T09:54:16+01:00,2026-07-30T20:35:07+02:00,145543e0a685bd5669327a0a5ec8ce9c5fd4e74700d121179cdf703feead647b,fad63b5abaed689a490ee7e9159f678d5b6bf24206629923dcdcc715460a9341,IA_test/0109 groupA2 best,True
IA_test/0109 groupA2 best/untitled.fig,C:\Users\26096\Desktop\em\FP\IA_test\0109 groupA2 best\untitled.fig,untitled.fig,untitled,.fig,9369,2026-01-09T10:45:02+01:00,2026-07-30T20:35:07+02:00,ca30d37b4bddb12b70159bd8e2035b349f6dcefabf2fb76f7820773917effa28,,IA_test/0109 groupA2 best,True
IA_test/0118 groupA2/best_bits_coarse.mat,C:\Users\26096\Desktop\em\FP\IA_test\0118 groupA2\best_bits_coarse.mat,best_bits_coarse.mat,best_bits_coarse,.mat,7838,2026-01-18T15:25:52+01:00,2026-07-30T20:35:07+02:00,d398236ddb6539ea71b728d278e04c49b9600771cebdf9e11c2be10943a9b7bb,,IA_test/0118 groupA2,True
IA_test/0118 groupA2/best_result_20260118_222549.mat,C:\Users\26096\Desktop\em\FP\IA_test\0118 groupA2\best_result_20260118_222549.mat,best_result_20260118_222549.mat,best_result_20260118_222549,.mat,8103,2026-01-18T15:25:52+01:00,2026-07-30T20:35:07+02:00,77601e981b7e0e55341a8c8179b68c88dd87405aec799396e65ebd49cf676085,,IA_test/0118 groupA2,True
IA_test/0118 groupA2/tmp_eval_20260119_004747212_814724.fem,C:\Users\26096\Desktop\em\FP\IA_test\0118 groupA2\tmp_eval_20260119_004747212_814724.fem,tmp_eval_20260119_004747212_814724.fem,tmp_eval_20260119_004747212_814724,.fem,152140,2026-01-18T18:02:52+01:00,2026-07-30T20:35:07+02:00,54ebfd519babe182aae3ad0c70d3a79aac2190ced2de02d6cad779a08b389878,,IA_test/0118 groupA2,True
IA_test/0118 groupA2/untitled.fig,C:\Users\26096\Desktop\em\FP\IA_test\0118 groupA2\untitled.fig,untitled.fig,untitled,.fig,9435,2026-01-18T15:41:28+01:00,2026-07-30T20:35:07+02:00,0e5276fdd2fddc66a27aa609c80acccdb5d15885a0b796c27c22df7357d31c18,,IA_test/0118 groupA2,True
IA_test/0119 groupA2 存在悬浮铁/best_bits_coarse.mat,C:\Users\26096\Desktop\em\FP\IA_test\0119 groupA2 存在悬浮铁\best_bits_coarse.mat,best_bits_coarse.mat,best_bits_coarse,.mat,7841,2026-01-19T16:47:06+01:00,2026-07-30T20:35:07+02:00,6d6c3c24fb6e2a40e77f6f9486d14f45294b9e3d99d2c1b516ef2c49cf3d6fac,,IA_test/0119 groupA2 存在悬浮铁,True
IA_test/0119 groupA2 存在悬浮铁/best_result_20260119_234704.mat,C:\Users\26096\Desktop\em\FP\IA_test\0119 groupA2 存在悬浮铁\best_result_20260119_234704.mat,best_result_20260119_234704.mat,best_result_20260119_234704,.mat,8156,2026-01-19T16:47:06+01:00,2026-07-30T20:35:07+02:00,c5c2eb5ea999c36ab155f688ab1f1d0124c3614cdf907148381eef8154d1deeb,7f41c34fb542100eb9fb70f70ad10d63fd711a9a1b8b462ceb8aa1d9fd87f722,IA_test/0119 groupA2 存在悬浮铁,True
IA_test/0119 groupA2 存在悬浮铁/untitled.fig,C:\Users\26096\Desktop\em\FP\IA_test\0119 groupA2 存在悬浮铁\untitled.fig,untitled.fig,untitled,.fig,9563,2026-01-19T16:48:06+01:00,2026-07-30T20:35:07+02:00,ce83bb3eb0fc63882f54faa7379506c8ed158f4a2569ff73ca2c24d613ef886e,,IA_test/0119 groupA2 存在悬浮铁,True
IA_test/0120/best_bits_coarse.mat,C:\Users\26096\Desktop\em\FP\IA_test\0120\best_bits_coarse.mat,best_bits_coarse.mat,best_bits_coarse,.mat,7839,2026-01-20T18:33:14+01:00,2026-07-30T20:35:07+02:00,dfe606bdf6a58ba951190d30187b138bb00c36797e59d1b7629b528836e3d667,,IA_test/0120,True
IA_test/0120/best_result_20260121_013313.mat,C:\Users\26096\Desktop\em\FP\IA_test\0120\best_result_20260121_013313.mat,best_result_20260121_013313.mat,best_result_20260121_013313,.mat,8166,2026-01-20T18:33:14+01:00,2026-07-30T20:35:07+02:00,5180594fc2d66e06cb5d2c0f35f4a7e0aa0ba3c4bfa52f2cb744dcf33ba1c8c9,5611d6bd4eb17759d0a8a06db96361f958820548c05e9f314ef7233c88371fcd,IA_test/0120,True
IA_test/0120/tmp_eval_20260121_103344220_905792.fem,C:\Users\26096\Desktop\em\FP\IA_test\0120\tmp_eval_20260121_103344220_905792.fem,tmp_eval_20260121_103344220_905792.fem,tmp_eval_20260121_103344220_905792,.fem,155087,2026-01-21T04:00:26+01:00,2026-07-30T20:35:07+02:00,113bad4cc061f7f4c5f3134b838696fefa7ed41a3354fa6e908b1e8a6ec84d73,,IA_test/0120,True
IA_test/0120/untitled.fig,C:\Users\26096\Desktop\em\FP\IA_test\0120\untitled.fig,untitled.fig,untitled,.fig,8484,2026-01-21T00:03:52+01:00,2026-07-30T20:35:07+02:00,d283f9b212ba540531f2d3ffcad848e6c0b48d6edfcd90423e1a43f6be3f422b,,IA_test/0120,True
IA_test/0120/屏幕截图 2026-01-21 110559.png,C:\Users\26096\Desktop\em\FP\IA_test\0120\屏幕截图 2026-01-21 110559.png,屏幕截图 2026-01-21 110559.png,屏幕截图 2026-01-21 110559,.png,538260,2026-01-21T04:06:28+01:00,2026-07-30T20:35:07+02:00,2dafc6f4837ea0d47afad164ea5926d990010ffe2f503f47e58e5d89e059946e,,IA_test/0120,True
IA_test/12.21 N3G10/matlab.mat,C:\Users\26096\Desktop\em\FP\IA_test\12.21 N3G10\matlab.mat,matlab.mat,matlab,.mat,14989,2025-12-20T23:25:12+01:00,2026-07-30T20:35:07+02:00,481c41458b31c53178ddcd51cc5226f3f3dad81212c625f058934afc7d2f76b5,,IA_test/12.21 N3G10,True
IA_test/12.21 N3G10/untitled.fig,C:\Users\26096\Desktop\em\FP\IA_test\12.21 N3G10\untitled.fig,untitled.fig,untitled,.fig,8842,2025-12-20T23:23:38+01:00,2026-07-30T20:35:07+02:00,c483958b654a4441531bd5dcd375be4d0defa62b502249c1012ccf31231051a1,,IA_test/12.21 N3G10,True
IA_test/12.21 N3G10/w01/blank_inset_9x5_w01.fem,C:\Users\26096\Desktop\em\FP\IA_test\12.21 N3G10\w01\blank_inset_9x5_w01.fem,blank_inset_9x5_w01.fem,blank_inset_9x5_w01,.fem,118447,2025-12-18T13:38:44+01:00,2026-07-30T20:35:07+02:00,e02f3c7be2948df91c321c2bddb30b9bf2e9a6dc522fdc92724234fbc5713fb6,3ee6ec4df00b80590fdeee227d40ee113b5b3512b3610e88a1053cd0e4499170,IA_test/12.21 N3G10/w01,True
IA_test/12.21 N3G10/w01/case_000001.ans,C:\Users\26096\Desktop\em\FP\IA_test\12.21 N3G10\w01\case_000001.ans,case_000001.ans,case_000001,.ans,13316240,2025-12-20T11:47:10+01:00,2026-07-30T20:35:07+02:00,68aa2889c585adfebb4fb067efd56839efc4f01b0078d178e8ffb03e744fdb65,,IA_test/12.21 N3G10/w01,True
IA_test/12.21 N3G10/w01/case_000001.fem,C:\Users\26096\Desktop\em\FP\IA_test\12.21 N3G10\w01\case_000001.fem,case_000001.fem,case_000001,.fem,148144,2025-12-20T11:56:24+01:00,2026-07-30T20:35:07+02:00,32b79f73bcf1d4c1c42b040e0a1fd373e2b918c80a97d56870d73db01fc48a18,,IA_test/12.21 N3G10/w01,True
IA_test/12.21 N3G10/w01/case_05963250-a8c1-4677-b3e3-be5039f26d1d.ans,C:\Users\26096\Desktop\em\FP\IA_test\12.21 N3G10\w01\case_05963250-a8c1-4677-b3e3-be5039f26d1d.ans,case_05963250-a8c1-4677-b3e3-be5039f26d1d.ans,case_05963250-a8c1-4677-b3e3-be5039f26d1d,.ans,13245013,2025-12-20T18:32:06+01:00,2026-07-30T20:35:07+02:00,29d4525035675a4903803bbd7a8eb32b6bbde05e05012a824bb26380a22794da,,IA_test/12.21 N3G10/w01,True
IA_test/12.21 N3G10/w01/case_05963250-a8c1-4677-b3e3-be5039f26d1d.fem,C:\Users\26096\Desktop\em\FP\IA_test\12.21 N3G10\w01\case_05963250-a8c1-4677-b3e3-be5039f26d1d.fem,case_05963250-a8c1-4677-b3e3-be5039f26d1d.fem,case_05963250-a8c1-4677-b3e3-be5039f26d1d,.fem,148145,2025-12-20T18:29:34+01:00,2026-07-30T20:35:08+02:00,a1464cca03bbde6cced841d40e4a17da4c42e66e273dae6880d87f65b0623341,,IA_test/12.21 N3G10/w01,True
IA_test/12.21 N3G10/w01/case_1141e6dc-b050-48d0-87ac-9a58316d5c79.ans,C:\Users\26096\Desktop\em\FP\IA_test\12.21 N3G10\w01\case_1141e6dc-b050-48d0-87ac-9a58316d5c79.ans,case_1141e6dc-b050-48d0-87ac-9a58316d5c79.ans,case_1141e6dc-b050-48d0-87ac-9a58316d5c79,.ans,13282696,2025-12-20T22:38:46+01:00,2026-07-30T20:35:08+02:00,0d6f79c9d5bb32044b830c2d6ef97dca3850f65cd8172b911465f9feb1d1fe5c,,IA_test/12.21 N3G10/w01,True
IA_test/12.21 N3G10/w01/case_1141e6dc-b050-48d0-87ac-9a58316d5c79.fem,C:\Users\26096\Desktop\em\FP\IA_test\12.21 N3G10\w01\case_1141e6dc-b050-48d0-87ac-9a58316d5c79.fem,case_1141e6dc-b050-48d0-87ac-9a58316d5c79.fem,case_1141e6dc-b050-48d0-87ac-9a58316d5c79,.fem,148145,2025-12-20T22:35:54+01:00,2026-07-30T20:35:08+02:00,eb29165d8275aca0b6ac95f154ec8c55c94f042e7da26695943830887f8ef86e,,IA_test/12.21 N3G10/w01,True
IA_test/12.21 N3G10/w01/case_115ad528-f65b-4929-bfa4-daf3ca841231.ans,C:\Users\26096\Desktop\em\FP\IA_test\12.21 N3G10\w01\case_115ad528-f65b-4929-bfa4-daf3ca841231.ans,case_115ad528-f65b-4929-bfa4-daf3ca841231.ans,case_115ad528-f65b-4929-bfa4-daf3ca841231,.ans,13233000,2025-12-20T12:16:00+01:00,2026-07-30T20:35:08+02:00,5d8ee668ff9a5cc8f9db36d57d028136975958a18bc3f056d1286fbb1bc3aee1,,IA_test/12.21 N3G10/w01,True
IA_test/12.21 N3G10/w01/case_115ad528-f65b-4929-bfa4-daf3ca841231.fem,C:\Users\26096\Desktop\em\FP\IA_test\12.21 N3G10\w01\case_115ad528-f65b-4929-bfa4-daf3ca841231.fem,case_115ad528-f65b-4929-bfa4-daf3ca841231.fem,case_115ad528-f65b-4929-bfa4-daf3ca841231,.fem,148145,2025-12-20T12:13:00+01:00,2026-07-30T20:35:08+02:00,0c7025ea192666d0494acdb41129fa32072072791bab1159be243d1858d22b3f,,IA_test/12.21 N3G10/w01,True
IA_test/12.21 N3G10/w01/case_159544e8-63cb-4408-9973-e9d2ad3a60bd.ans,C:\Users\26096\Desktop\em\FP\IA_test\12.21 N3G10\w01\case_159544e8-63cb-4408-9973-e9d2ad3a60bd.ans,case_159544e8-63cb-4408-9973-e9d2ad3a60bd.ans,case_159544e8-63cb-4408-9973-e9d2ad3a60bd,.ans,13280696,2025-12-20T21:09:26+01:00,2026-07-30T20:35:08+02:00,af857951d73258bd16e15b45b0e94922de03c02864e99a8e6d00a517ccd6ca8b,506c0e4540d68fd0c62fff9dd780a4968d20d7a03e1b639bc455bc0c73591e2d,IA_test/12.21 N3G10/w01,True
IA_test/12.21 N3G10/w01/case_159544e8-63cb-4408-9973-e9d2ad3a60bd.fem,C:\Users\26096\Desktop\em\FP\IA_test\12.21 N3G10\w01\case_159544e8-63cb-4408-9973-e9d2ad3a60bd.fem,case_159544e8-63cb-4408-9973-e9d2ad3a60bd.fem,case_159544e8-63cb-4408-9973-e9d2ad3a60bd,.fem,148145,2025-12-20T21:06:34+01:00,2026-07-30T20:35:08+02:00,a5515a4716eaa376cd4180bc9a5c87a864e119f96183198589f0bbd1c37a8a89,516dc00d2a9c212f3beeac5467205f7d996a473f895d98b098c2922532f53523,IA_test/12.21 N3G10/w01,True
IA_test/12.21 N3G10/w01/case_1915b143-be46-4c57-85bf-b92b1c59bba4.ans,C:\Users\26096\Desktop\em\FP\IA_test\12.21 N3G10\w01\case_1915b143-be46-4c57-85bf-b92b1c59bba4.ans,case_1915b143-be46-4c57-85bf-b92b1c59bba4.ans,case_1915b143-be46-4c57-85bf-b92b1c59bba4,.ans,13352807,2025-12-20T14:02:22+01:00,2026-07-30T20:35:08+02:00,3d5dfef6140d70385cf36b888845842acfc25629e22f98aff59b027533ece4dd,,IA_test/12.21 N3G10/w01,True
IA_test/12.21 N3G10/w01/case_1915b143-be46-4c57-85bf-b92b1c59bba4.fem,C:\Users\26096\Desktop\em\FP\IA_test\12.21 N3G10\w01\case_1915b143-be46-4c57-85bf-b92b1c59bba4.fem,case_1915b143-be46-4c57-85bf-b92b1c59bba4.fem,case_1915b143-be46-4c57-85bf-b92b1c59bba4,.fem,148145,2025-12-20T13:59:48+01:00,2026-07-30T20:35:08+02:00,89fb3740d9be063e1f45285d82352f18098cb2d434655a1ef140ba94d7c472e9,,IA_test/12.21 N3G10/w01,True
IA_test/12.21 N3G10/w01/case_26334935-dc9f-4603-8b42-fe82caaf8ec9.ans,C:\Users\26096\Desktop\em\FP\IA_test\12.21 N3G10\w01\case_26334935-dc9f-4603-8b42-fe82caaf8ec9.ans,case_26334935-dc9f-4603-8b42-fe82caaf8ec9.ans,case_26334935-dc9f-4603-8b42-fe82caaf8ec9,.ans,13178101,2025-12-20T17:54:44+01:00,2026-07-30T20:35:08+02:00,64fe9a8535edf7cdecb82fad10ea10e900be2c864a84775a72bbc0eeb9ad3327,9f8ccda3349c55d3612e3e4642fad24396a8e9676f374ac3c44c4404dce14e06,IA_test/12.21 N3G10/w01,True
IA_test/12.21 N3G10/w01/case_26334935-dc9f-4603-8b42-fe82caaf8ec9.fem,C:\Users\26096\Desktop\em\FP\IA_test\12.21 N3G10\w01\case_26334935-dc9f-4603-8b42-fe82caaf8ec9.fem,case_26334935-dc9f-4603-8b42-fe82caaf8ec9.fem,case_26334935-dc9f-4603-8b42-fe82caaf8ec9,.fem,148145,2025-12-20T17:50:56+01:00,2026-07-30T20:35:08+02:00,4f5d8b4ed2ead440d78532ae9283346e0a9d6867e26fd1b94271d1ecea6736a4,f3f500b2a8381539e8e1bac355dd483599b65d03865374d0b6b248671df23417,IA_test/12.21 N3G10/w01,True
IA_test/12.21 N3G10/w01/case_2b2a547c-f178-454b-9e44-02c863fd6322.ans,C:\Users\26096\Desktop\em\FP\IA_test\12.21 N3G10\w01\case_2b2a547c-f178-454b-9e44-02c863fd6322.ans,case_2b2a547c-f178-454b-9e44-02c863fd6322.ans,case_2b2a547c-f178-454b-9e44-02c863fd6322,.ans,13270391,2025-12-20T19:20:26+01:00,2026-07-30T20:35:09+02:00,e9283777f2280bc537c5c0d451ae811508a77a5cdd3833ed2100138f3599efb0,a46a7a32b56ba8e8e8f948a2addfb8fb3c2f9a455aae1e53472d993aa8d62c6f,IA_test/12.21 N3G10/w01,True
IA_test/12.21 N3G10/w01/case_2b2a547c-f178-454b-9e44-02c863fd6322.fem,C:\Users\26096\Desktop\em\FP\IA_test\12.21 N3G10\w01\case_2b2a547c-f178-454b-9e44-02c863fd6322.fem,case_2b2a547c-f178-454b-9e44-02c863fd6322.fem,case_2b2a547c-f178-454b-9e44-02c863fd6322,.fem,148145,2025-12-20T19:18:14+01:00,2026-07-30T20:35:09+02:00,0f163fd0e5da1449385616b18a9ff33ec050fadd9c54cf53025ab96b1d0a7b53,b184d69aaae4c9d7048eb4c1420988c3ade5d6012d7f3d4b5496e1b1e3aacdc3,IA_test/12.21 N3G10/w01,True
IA_test/12.21 N3G10/w01/case_3881750a-9f02-446d-911b-1e57fa0eca81.ans,C:\Users\26096\Desktop\em\FP\IA_test\12.21 N3G10\w01\case_3881750a-9f02-446d-911b-1e57fa0eca81.ans,case_3881750a-9f02-446d-911b-1e57fa0eca81.ans,case_3881750a-9f02-446d-911b-1e57fa0eca81,.ans,13302111,2025-12-20T13:51:56+01:00,2026-07-30T20:35:09+02:00,6714a4ce615045330a59ca400f7afccd3f5efc35a432d67cf15cf70a8b79f47d,de3be65230eea68dfdc11ed3b98669bef72bdc992f25c2db5e30592af3d4ff11,IA_test/12.21 N3G10/w01,True
IA_test/12.21 N3G10/w01/case_3881750a-9f02-446d-911b-1e57fa0eca81.fem,C:\Users\26096\Desktop\em\FP\IA_test\12.21 N3G10\w01\case_3881750a-9f02-446d-911b-1e57fa0eca81.fem,case_3881750a-9f02-446d-911b-1e57fa0eca81.fem,case_3881750a-9f02-446d-911b-1e57fa0eca81,.fem,148145,2025-12-20T13:48:46+01:00,2026-07-30T20:35:09+02:00,1b68fb1fa2a47b45bf9b8b8ad77c95f0aede37ac46fc6e1d17a38c811e6a109a,71e5fa7b7d83c8b6cf43e03f39b0144dd5b2f8831f9e499112f45e075cf2df29,IA_test/12.21 N3G10/w01,True
IA_test/12.21 N3G10/w01/case_3a720ac5-09fc-4fb1-a0ba-2dca1089d401.ans,C:\Users\26096\Desktop\em\FP\IA_test\12.21 N3G10\w01\case_3a720ac5-09fc-4fb1-a0ba-2dca1089d401.ans,case_3a720ac5-09fc-4fb1-a0ba-2dca1089d401.ans,case_3a720ac5-09fc-4fb1-a0ba-2dca1089d401,.ans,13300074,2025-12-20T13:37:52+01:00,2026-07-30T20:35:09+02:00,07796872f578e25a5a05e30342221d126cf7d5c1bad28ebb6aea9e890c15a1f4,abc5fa24a19e96b36d228dbea32bca27c813503d819c3d1e6b417b0853993798,IA_test/12.21 N3G10/w01,True
IA_test/12.21 N3G10/w01/case_3a720ac5-09fc-4fb1-a0ba-2dca1089d401.fem,C:\Users\26096\Desktop\em\FP\IA_test\12.21 N3G10\w01\case_3a720ac5-09fc-4fb1-a0ba-2dca1089d401.fem,case_3a720ac5-09fc-4fb1-a0ba-2dca1089d401.fem,case_3a720ac5-09fc-4fb1-a0ba-2dca1089d401,.fem,148145,2025-12-20T13:35:16+01:00,2026-07-30T20:35:09+02:00,09e954cb8f0a19a074e62602021f8672e62ad71b1d6040fbe858b77113bf498a,048c98f9e88463ab12a00c96073d8238f1581dc14a6969e4b6a383a34526ce55,IA_test/12.21 N3G10/w01,True
IA_test/12.21 N3G10/w01/case_3ac07a5b-3e67-4c68-895f-a1c664264ced.ans,C:\Users\26096\Desktop\em\FP\IA_test\12.21 N3G10\w01\case_3ac07a5b-3e67-4c68-895f-a1c664264ced.ans,case_3ac07a5b-3e67-4c68-895f-a1c664264ced.ans,case_3ac07a5b-3e67-4c68-895f-a1c664264ced,.ans,13282695,2025-12-20T12:40:50+01:00,2026-07-30T20:35:09+02:00,f0fe093084040ab45de4771fdbacdf5264d0debd03aba10b189edd8900827cc5,,IA_test/12.21 N3G10/w01,True
IA_test/12.21 N3G10/w01/case_3ac07a5b-3e67-4c68-895f-a1c664264ced.fem,C:\Users\26096\Desktop\em\FP\IA_test\12.21 N3G10\w01\case_3ac07a5b-3e67-4c68-895f-a1c664264ced.fem,case_3ac07a5b-3e67-4c68-895f-a1c664264ced.fem,case_3ac07a5b-3e67-4c68-895f-a1c664264ced,.fem,148145,2025-12-20T12:38:30+01:00,2026-07-30T20:35:09+02:00,2780486a94d25fa0bf8d954a70da439bf1aaa41953fb459ea76583f64277055d,,IA_test/12.21 N3G10/w01,True
IA_test/12.21 N3G10/w01/case_435bdce4-b8b9-421e-926e-a54b11a7b00b.ans,C:\Users\26096\Desktop\em\FP\IA_test\12.21 N3G10\w01\case_435bdce4-b8b9-421e-926e-a54b11a7b00b.ans,case_435bdce4-b8b9-421e-926e-a54b11a7b00b.ans,case_435bdce4-b8b9-421e-926e-a54b11a7b00b,.ans,13254332,2025-12-20T21:38:56+01:00,2026-07-30T20:35:09+02:00,cf12c080df466379f342849967936381c38ea5360394f9b9980892a3b56a2dad,e00c94f20d2d8c5ab2224932a7f4b1cfcd243c551cca6c96f9182a268407428e,IA_test/12.21 N3G10/w01,True
IA_test/12.21 N3G10/w01/case_435bdce4-b8b9-421e-926e-a54b11a7b00b.fem,C:\Users\26096\Desktop\em\FP\IA_test\12.21 N3G10\w01\case_435bdce4-b8b9-421e-926e-a54b11a7b00b.fem,case_435bdce4-b8b9-421e-926e-a54b11a7b00b.fem,case_435bdce4-b8b9-421e-926e-a54b11a7b00b,.fem,148145,2025-12-20T21:36:04+01:00,2026-07-30T20:35:09+02:00,08dab8795ebc66d381b6fa2f5596412ccdae71de3c5ea34333a29abccca62c1b,e91ddfc3747b721215ad4a1269f6faa28962cce096a464a5e3a96da7457198bd,IA_test/12.21 N3G10/w01,True
IA_test/12.21 N3G10/w01/case_529bb037-4ab6-4ecd-a709-ad9308af1d2f.ans,C:\Users\26096\Desktop\em\FP\IA_test\12.21 N3G10\w01\case_529bb037-4ab6-4ecd-a709-ad9308af1d2f.ans,case_529bb037-4ab6-4ecd-a709-ad9308af1d2f.ans,case_529bb037-4ab6-4ecd-a709-ad9308af1d2f,.ans,13320699,2025-12-20T22:49:26+01:00,2026-07-30T20:35:09+02:00,44ed070f2206542eb8d7cc95fb8755ca91a4b634b33fce9df9f71e0810c5e086,7fea2f7a45f7dc8a7d98bf8b16d401d773919d80c30deb9b120c7b9317b8d86d,IA_test/12.21 N3G10/w01,True
IA_test/12.21 N3G10/w01/case_529bb037-4ab6-4ecd-a709-ad9308af1d2f.fem,C:\Users\26096\Desktop\em\FP\IA_test\12.21 N3G10\w01\case_529bb037-4ab6-4ecd-a709-ad9308af1d2f.fem,case_529bb037-4ab6-4ecd-a709-ad9308af1d2f.fem,case_529bb037-4ab6-4ecd-a709-ad9308af1d2f,.fem,148145,2025-12-20T22:47:14+01:00,2026-07-30T20:35:10+02:00,a7be61fc924526cbaaa0fe1ad01367a9257199bd582f994cce4fb041a882adbc,a232ee8f0bdcd90c196b176363dddecefea7cca6697f7c0772d026bb9a241762,IA_test/12.21 N3G10/w01,True
IA_test/12.21 N3G10/w01/case_5788955c-1a7b-42ad-9bb5-3897f1f1a6b4.ans,C:\Users\26096\Desktop\em\FP\IA_test\12.21 N3G10\w01\case_5788955c-1a7b-42ad-9bb5-3897f1f1a6b4.ans,case_5788955c-1a7b-42ad-9bb5-3897f1f1a6b4.ans,case_5788955c-1a7b-42ad-9bb5-3897f1f1a6b4,.ans,13288656,2025-12-20T14:41:58+01:00,2026-07-30T20:35:10+02:00,dc022f670f88926e88fde9b951c7fafe80d3cdb2c9624180f1324648fd14acf5,,IA_test/12.21 N3G10/w01,True
IA_test/12.21 N3G10/w01/case_5788955c-1a7b-42ad-9bb5-3897f1f1a6b4.fem,C:\Users\26096\Desktop\em\FP\IA_test\12.21 N3G10\w01\case_5788955c-1a7b-42ad-9bb5-3897f1f1a6b4.fem,case_5788955c-1a7b-42ad-9bb5-3897f1f1a6b4.fem,case_5788955c-1a7b-42ad-9bb5-3897f1f1a6b4,.fem,148145,2025-12-20T14:39:44+01:00,2026-07-30T20:35:10+02:00,c4621db71b3ed8102408ed1686ffea740a76fc8ebe082b479418d7507a7b31d1,,IA_test/12.21 N3G10/w01,True
IA_test/12.21 N3G10/w01/case_5990fe76-0532-4c4c-a616-1dc97f2c102d.ans,C:\Users\26096\Desktop\em\FP\IA_test\12.21 N3G10\w01\case_5990fe76-0532-4c4c-a616-1dc97f2c102d.ans,case_5990fe76-0532-4c4c-a616-1dc97f2c102d.ans,case_5990fe76-0532-4c4c-a616-1dc97f2c102d,.ans,13264837,2025-12-20T22:26:44+01:00,2026-07-30T20:35:10+02:00,783154251c4410d052303ae92d3746884a46fb3eb70acdfae850525148a1bc12,,IA_test/12.21 N3G10/w01,True
IA_test/12.21 N3G10/w01/case_5990fe76-0532-4c4c-a616-1dc97f2c102d.fem,C:\Users\26096\Desktop\em\FP\IA_test\12.21 N3G10\w01\case_5990fe76-0532-4c4c-a616-1dc97f2c102d.fem,case_5990fe76-0532-4c4c-a616-1dc97f2c102d.fem,case_5990fe76-0532-4c4c-a616-1dc97f2c102d,.fem,148145,2025-12-20T22:24:04+01:00,2026-07-30T20:35:10+02:00,beab8976d3564cce5bf9aa062b72b234691870ec667a3b80e26fe3c939dd17c0,,IA_test/12.21 N3G10/w01,True
IA_test/12.21 N3G10/w01/case_605aa08e-3688-4deb-b757-aead046701a8.ans,C:\Users\26096\Desktop\em\FP\IA_test\12.21 N3G10\w01\case_605aa08e-3688-4deb-b757-aead046701a8.ans,case_605aa08e-3688-4deb-b757-aead046701a8.ans,case_605aa08e-3688-4deb-b757-aead046701a8,.ans,13249617,2025-12-20T18:04:18+01:00,2026-07-30T20:35:10+02:00,5860e1c57a9e0b71cdedf5249464277c697c166d14c57ce7e673a4e536d3ddd8,,IA_test/12.21 N3G10/w01,True
IA_test/12.21 N3G10/w01/case_605aa08e-3688-4deb-b757-aead046701a8.fem,C:\Users\26096\Desktop\em\FP\IA_test\12.21 N3G10\w01\case_605aa08e-3688-4deb-b757-aead046701a8.fem,case_605aa08e-3688-4deb-b757-aead046701a8.fem,case_605aa08e-3688-4deb-b757-aead046701a8,.fem,148145,2025-12-20T18:02:04+01:00,2026-07-30T20:35:10+02:00,00481d162c1959f6ac0c68ae9898d7cdf3375a26ee757d24648d074e0eaef542,,IA_test/12.21 N3G10/w01,True
IA_test/12.21 N3G10/w01/case_6ea6528f-1564-4893-8bfc-b1396461dd94.ans,C:\Users\26096\Desktop\em\FP\IA_test\12.21 N3G10\w01\case_6ea6528f-1564-4893-8bfc-b1396461dd94.ans,case_6ea6528f-1564-4893-8bfc-b1396461dd94.ans,case_6ea6528f-1564-4893-8bfc-b1396461dd94,.ans,13301896,2025-12-20T20:00:34+01:00,2026-07-30T20:35:10+02:00,0bfbc2b67d7b233bfc62ee742b6447f077d6a5c737090e6a3833e29fa11f1ca0,a47fd12f2ca69f6e0e57ad1012e1ebb880087797886b32487c0a0918f0982ae6,IA_test/12.21 N3G10/w01,True
IA_test/12.21 N3G10/w01/case_6ea6528f-1564-4893-8bfc-b1396461dd94.fem,C:\Users\26096\Desktop\em\FP\IA_test\12.21 N3G10\w01\case_6ea6528f-1564-4893-8bfc-b1396461dd94.fem,case_6ea6528f-1564-4893-8bfc-b1396461dd94.fem,case_6ea6528f-1564-4893-8bfc-b1396461dd94,.fem,148145,2025-12-20T19:58:14+01:00,2026-07-30T20:35:10+02:00,53819f8283c065e923b22f7be8ab4696199890b23f988207b8749315ea2d2dc0,4cfa4981560207816e9e420c4c4e7c2c126e375f3d5517485bd07dc65acab7bf,IA_test/12.21 N3G10/w01,True
IA_test/12.21 N3G10/w01/case_7027617d-4c95-41c7-a3e3-467928059793.ans,C:\Users\26096\Desktop\em\FP\IA_test\12.21 N3G10\w01\case_7027617d-4c95-41c7-a3e3-467928059793.ans,case_7027617d-4c95-41c7-a3e3-467928059793.ans,case_7027617d-4c95-41c7-a3e3-467928059793,.ans,13246378,2025-12-20T17:38:04+01:00,2026-07-30T20:35:10+02:00,8882c50c7938b31c6255e36c82e123673dbcd0c4fe1ec606209a45b62ab0492c,,IA_test/12.21 N3G10/w01,True
IA_test/12.21 N3G10/w01/case_7027617d-4c95-41c7-a3e3-467928059793.fem,C:\Users\26096\Desktop\em\FP\IA_test\12.21 N3G10\w01\case_7027617d-4c95-41c7-a3e3-467928059793.fem,case_7027617d-4c95-41c7-a3e3-467928059793.fem,case_7027617d-4c95-41c7-a3e3-467928059793,.fem,148145,2025-12-20T17:35:10+01:00,2026-07-30T20:35:10+02:00,915956e3d82bc09d671b7d38b987a70f85f6a783366a218455097b03b26ed543,,IA_test/12.21 N3G10/w01,True
IA_test/12.21 N3G10/w01/case_7c635f09-76c8-4c6d-8b57-2013080f7f33.ans,C:\Users\26096\Desktop\em\FP\IA_test\12.21 N3G10\w01\case_7c635f09-76c8-4c6d-8b57-2013080f7f33.ans,case_7c635f09-76c8-4c6d-8b57-2013080f7f33.ans,case_7c635f09-76c8-4c6d-8b57-2013080f7f33,.ans,13222623,2025-12-20T12:30:10+01:00,2026-07-30T20:35:10+02:00,b2dbe48bb2881a8e47359f880623876e5343b519ec7feeb7c557ec493d749b2c,,IA_test/12.21 N3G10/w01,True
IA_test/12.21 N3G10/w01/case_7c635f09-76c8-4c6d-8b57-2013080f7f33.fem,C:\Users\26096\Desktop\em\FP\IA_test\12.21 N3G10\w01\case_7c635f09-76c8-4c6d-8b57-2013080f7f33.fem,case_7c635f09-76c8-4c6d-8b57-2013080f7f33.fem,case_7c635f09-76c8-4c6d-8b57-2013080f7f33,.fem,148205,2025-12-20T12:26:50+01:00,2026-07-30T20:35:11+02:00,609fe2083f6ff48e1d7fa8ae389cdb2a62f6a814cfbe47fecedbf9a1d9d22c7c,,IA_test/12.21 N3G10/w01,True
IA_test/12.21 N3G10/w01/case_7cc4f036-aae5-4a5b-99ca-ab8d40ea2659.ans,C:\Users\26096\Desktop\em\FP\IA_test\12.21 N3G10\w01\case_7cc4f036-aae5-4a5b-99ca-ab8d40ea2659.ans,case_7cc4f036-aae5-4a5b-99ca-ab8d40ea2659.ans,case_7cc4f036-aae5-4a5b-99ca-ab8d40ea2659,.ans,13314323,2025-12-20T17:00:54+01:00,2026-07-30T20:35:11+02:00,5187944d87bb554efb15edae71471ff4b2f2a121006e5ff21cb18abf78f87212,,IA_test/12.21 N3G10/w01,True
IA_test/12.21 N3G10/w01/case_7cc4f036-aae5-4a5b-99ca-ab8d40ea2659.fem,C:\Users\26096\Desktop\em\FP\IA_test\12.21 N3G10\w01\case_7cc4f036-aae5-4a5b-99ca-ab8d40ea2659.fem,case_7cc4f036-aae5-4a5b-99ca-ab8d40ea2659.fem,case_7cc4f036-aae5-4a5b-99ca-ab8d40ea2659,.fem,148145,2025-12-20T16:57:54+01:00,2026-07-30T20:35:11+02:00,ef01d607d89dd8ffaff6b0028851fa90e30ee02a18e98ccb5a3192416c9946f2,,IA_test/12.21 N3G10/w01,True
IA_test/12.21 N3G10/w01/case_845bec1a-d7c1-4128-971a-228fe0cf726e.ans,C:\Users\26096\Desktop\em\FP\IA_test\12.21 N3G10\w01\case_845bec1a-d7c1-4128-971a-228fe0cf726e.ans,case_845bec1a-d7c1-4128-971a-228fe0cf726e.ans,case_845bec1a-d7c1-4128-971a-228fe0cf726e,.ans,13222645,2025-12-20T18:58:40+01:00,2026-07-30T20:35:11+02:00,00a543659501a8c8913bb6b9aba375795888b51d809b1d275509afce09b08017,3174d4ded76e534c5d51d6160613270d6a39a4bcd8f7de2e7b3f770696b50cff,IA_test/12.21 N3G10/w01,True
IA_test/12.21 N3G10/w01/case_845bec1a-d7c1-4128-971a-228fe0cf726e.fem,C:\Users\26096\Desktop\em\FP\IA_test\12.21 N3G10\w01\case_845bec1a-d7c1-4128-971a-228fe0cf726e.fem,case_845bec1a-d7c1-4128-971a-228fe0cf726e.fem,case_845bec1a-d7c1-4128-971a-228fe0cf726e,.fem,148199,2025-12-20T18:55:48+01:00,2026-07-30T20:35:11+02:00,63cd0a52df375b63b1f8ab8dcdd4bc8dc3bc8411e616637886b027327b24c132,07b944f19d61cd2f135ae9cc9c28ac3ba80f552429e9b0866d56aa37c2886367,IA_test/12.21 N3G10/w01,True
IA_test/12.21 N3G10/w01/case_8513135f-ba52-4e31-afc6-966c01f1b3bc.ans,C:\Users\26096\Desktop\em\FP\IA_test\12.21 N3G10\w01\case_8513135f-ba52-4e31-afc6-966c01f1b3bc.ans,case_8513135f-ba52-4e31-afc6-966c01f1b3bc.ans,case_8513135f-ba52-4e31-afc6-966c01f1b3bc,.ans,13245438,2025-12-20T20:40:56+01:00,2026-07-30T20:35:11+02:00,94c9a04fe0fefd5121816277b22be29452475fa460073ac32a68d07dc3b45e63,,IA_test/12.21 N3G10/w01,True
IA_test/12.21 N3G10/w01/case_8513135f-ba52-4e31-afc6-966c01f1b3bc.fem,C:\Users\26096\Desktop\em\FP\IA_test\12.21 N3G10\w01\case_8513135f-ba52-4e31-afc6-966c01f1b3bc.fem,case_8513135f-ba52-4e31-afc6-966c01f1b3bc.fem,case_8513135f-ba52-4e31-afc6-966c01f1b3bc,.fem,148145,2025-12-20T20:38:00+01:00,2026-07-30T20:35:11+02:00,34077c73de7228fe8654436bf4c892010e67264ce920f519e0aec9e3adae8255,,IA_test/12.21 N3G10/w01,True
IA_test/12.21 N3G10/w01/case_924cd090-aa4f-49ba-8a04-282f6d2b4f1d.ans,C:\Users\26096\Desktop\em\FP\IA_test\12.21 N3G10\w01\case_924cd090-aa4f-49ba-8a04-282f6d2b4f1d.ans,case_924cd090-aa4f-49ba-8a04-282f6d2b4f1d.ans,case_924cd090-aa4f-49ba-8a04-282f6d2b4f1d,.ans,13301896,2025-12-20T20:13:18+01:00,2026-07-30T20:35:11+02:00,0bfbc2b67d7b233bfc62ee742b6447f077d6a5c737090e6a3833e29fa11f1ca0,a47fd12f2ca69f6e0e57ad1012e1ebb880087797886b32487c0a0918f0982ae6,IA_test/12.21 N3G10/w01,True
IA_test/12.21 N3G10/w01/case_924cd090-aa4f-49ba-8a04-282f6d2b4f1d.fem,C:\Users\26096\Desktop\em\FP\IA_test\12.21 N3G10\w01\case_924cd090-aa4f-49ba-8a04-282f6d2b4f1d.fem,case_924cd090-aa4f-49ba-8a04-282f6d2b4f1d.fem,case_924cd090-aa4f-49ba-8a04-282f6d2b4f1d,.fem,148145,2025-12-20T20:10:36+01:00,2026-07-30T20:35:11+02:00,53819f8283c065e923b22f7be8ab4696199890b23f988207b8749315ea2d2dc0,4cfa4981560207816e9e420c4c4e7c2c126e375f3d5517485bd07dc65acab7bf,IA_test/12.21 N3G10/w01,True
IA_test/12.21 N3G10/w01/case_96dab361-cb17-4e91-a8eb-655d2308954d.ans,C:\Users\26096\Desktop\em\FP\IA_test\12.21 N3G10\w01\case_96dab361-cb17-4e91-a8eb-655d2308954d.ans,case_96dab361-cb17-4e91-a8eb-655d2308954d.ans,case_96dab361-cb17-4e91-a8eb-655d2308954d,.ans,13270684,2025-12-20T14:30:24+01:00,2026-07-30T20:35:11+02:00,ecac10c33768ddaae3f43d21e8fcdc27220f476871b559cf318f20ad04598e4e,,IA_test/12.21 N3G10/w01,True
IA_test/12.21 N3G10/w01/case_96dab361-cb17-4e91-a8eb-655d2308954d.fem,C:\Users\26096\Desktop\em\FP\IA_test\12.21 N3G10\w01\case_96dab361-cb17-4e91-a8eb-655d2308954d.fem,case_96dab361-cb17-4e91-a8eb-655d2308954d.fem,case_96dab361-cb17-4e91-a8eb-655d2308954d,.fem,148145,2025-12-20T14:27:16+01:00,2026-07-30T20:35:11+02:00,d2b4ad7ce947100fe21d616824e271c4043f460784b121c35e0bab546c4a17ec,,IA_test/12.21 N3G10/w01,True
IA_test/12.21 N3G10/w01/case_a4dead31-1a55-488e-9fab-d4706f6eb981.ans,C:\Users\26096\Desktop\em\FP\IA_test\12.21 N3G10\w01\case_a4dead31-1a55-488e-9fab-d4706f6eb981.ans,case_a4dead31-1a55-488e-9fab-d4706f6eb981.ans,case_a4dead31-1a55-488e-9fab-d4706f6eb981,.ans,13170618,2025-12-20T20:57:58+01:00,2026-07-30T20:35:11+02:00,7396916e13ea7f4347ee6e40ace792bb1db3b041e948e497b052eb8d861060ac,d357a05cd1604f0b76508344170004b3eca78485dfd4e03ab816e9f6d6adac89,IA_test/12.21 N3G10/w01,True
IA_test/12.21 N3G10/w01/case_a4dead31-1a55-488e-9fab-d4706f6eb981.fem,C:\Users\26096\Desktop\em\FP\IA_test\12.21 N3G10\w01\case_a4dead31-1a55-488e-9fab-d4706f6eb981.fem,case_a4dead31-1a55-488e-9fab-d4706f6eb981.fem,case_a4dead31-1a55-488e-9fab-d4706f6eb981,.fem,148199,2025-12-20T20:54:42+01:00,2026-07-30T20:35:12+02:00,7df23dab62b952d89c31739b43841220e0f4448826a03bdde0374a70edda3eae,411c858ff36efb5eb711859428b340032faa8a22232ba5bfd5f3a225e3632dd5,IA_test/12.21 N3G10/w01,True
IA_test/12.21 N3G10/w01/case_a749e1e3-7a3a-4188-87da-d4e965f4a648.ans,C:\Users\26096\Desktop\em\FP\IA_test\12.21 N3G10\w01\case_a749e1e3-7a3a-4188-87da-d4e965f4a648.ans,case_a749e1e3-7a3a-4188-87da-d4e965f4a648.ans,case_a749e1e3-7a3a-4188-87da-d4e965f4a648,.ans,13257015,2025-12-20T22:14:42+01:00,2026-07-30T20:35:12+02:00,63a2ac9dad725045dafb100abfb9145d1038f6fb4346e2652787dc19e40adce7,54b1d9b4bbeb18eef1ffbc92080f47a5a031116d6ba25d1f9a4b20f7f00a7e1f,IA_test/12.21 N3G10/w01,True
IA_test/12.21 N3G10/w01/case_a749e1e3-7a3a-4188-87da-d4e965f4a648.fem,C:\Users\26096\Desktop\em\FP\IA_test\12.21 N3G10\w01\case_a749e1e3-7a3a-4188-87da-d4e965f4a648.fem,case_a749e1e3-7a3a-4188-87da-d4e965f4a648.fem,case_a749e1e3-7a3a-4188-87da-d4e965f4a648,.fem,148145,2025-12-20T22:12:12+01:00,2026-07-30T20:35:12+02:00,a28f0d9e5ca02e527392ac2f8c218262cbb4e4a2aa49978630acbe5736e01040,24824d55f74b866db3d9407109a3664869806aba52194dfd4b54fbec32f89fd4,IA_test/12.21 N3G10/w01,True
IA_test/12.21 N3G10/w01/case_adb29ec9-52ac-44de-b362-c9583ca2d6b5.ans,C:\Users\26096\Desktop\em\FP\IA_test\12.21 N3G10\w01\case_adb29ec9-52ac-44de-b362-c9583ca2d6b5.ans,case_adb29ec9-52ac-44de-b362-c9583ca2d6b5.ans,case_adb29ec9-52ac-44de-b362-c9583ca2d6b5,.ans,13302111,2025-12-20T14:16:32+01:00,2026-07-30T20:35:12+02:00,6714a4ce615045330a59ca400f7afccd3f5efc35a432d67cf15cf70a8b79f47d,de3be65230eea68dfdc11ed3b98669bef72bdc992f25c2db5e30592af3d4ff11,IA_test/12.21 N3G10/w01,True
IA_test/12.21 N3G10/w01/case_adb29ec9-52ac-44de-b362-c9583ca2d6b5.fem,C:\Users\26096\Desktop\em\FP\IA_test\12.21 N3G10\w01\case_adb29ec9-52ac-44de-b362-c9583ca2d6b5.fem,case_adb29ec9-52ac-44de-b362-c9583ca2d6b5.fem,case_adb29ec9-52ac-44de-b362-c9583ca2d6b5,.fem,148145,2025-12-20T14:13:26+01:00,2026-07-30T20:35:12+02:00,1b68fb1fa2a47b45bf9b8b8ad77c95f0aede37ac46fc6e1d17a38c811e6a109a,71e5fa7b7d83c8b6cf43e03f39b0144dd5b2f8831f9e499112f45e075cf2df29,IA_test/12.21 N3G10/w01,True
IA_test/12.21 N3G10/w01/case_b7c711f4-abbd-4e3e-8ebb-c96276d96490.ans,C:\Users\26096\Desktop\em\FP\IA_test\12.21 N3G10\w01\case_b7c711f4-abbd-4e3e-8ebb-c96276d96490.ans,case_b7c711f4-abbd-4e3e-8ebb-c96276d96490.ans,case_b7c711f4-abbd-4e3e-8ebb-c96276d96490,.ans,13293353,2025-12-20T22:02:20+01:00,2026-07-30T20:35:12+02:00,7c06a5e5c87e55aa3c2f572adb92256fcdbb8cf64fbaadbffd4622883f567977,,IA_test/12.21 N3G10/w01,True
IA_test/12.21 N3G10/w01/case_b7c711f4-abbd-4e3e-8ebb-c96276d96490.fem,C:\Users\26096\Desktop\em\FP\IA_test\12.21 N3G10\w01\case_b7c711f4-abbd-4e3e-8ebb-c96276d96490.fem,case_b7c711f4-abbd-4e3e-8ebb-c96276d96490.fem,case_b7c711f4-abbd-4e3e-8ebb-c96276d96490,.fem,148145,2025-12-20T22:00:02+01:00,2026-07-30T20:35:12+02:00,6e65189b986edcd1b81748285a781721c617a13378dfae2959bcb66358fee054,,IA_test/12.21 N3G10/w01,True
IA_test/12.21 N3G10/w01/case_b7e3f609-1358-4c27-aab2-25e3b8eccf83.ans,C:\Users\26096\Desktop\em\FP\IA_test\12.21 N3G10\w01\case_b7e3f609-1358-4c27-aab2-25e3b8eccf83.ans,case_b7e3f609-1358-4c27-aab2-25e3b8eccf83.ans,case_b7e3f609-1358-4c27-aab2-25e3b8eccf83,.ans,13245102,2025-12-20T19:11:06+01:00,2026-07-30T20:35:12+02:00,9880a316c8adbfd575c51c697e2b745668a31caa73cd56e87aec581cd1d7ab14,6b9d7294f6d90b09d45cf8fd85ca1c99a38874a7dca7b40621465ba1f29f6429,IA_test/12.21 N3G10/w01,True
IA_test/12.21 N3G10/w01/case_b7e3f609-1358-4c27-aab2-25e3b8eccf83.fem,C:\Users\26096\Desktop\em\FP\IA_test\12.21 N3G10\w01\case_b7e3f609-1358-4c27-aab2-25e3b8eccf83.fem,case_b7e3f609-1358-4c27-aab2-25e3b8eccf83.fem,case_b7e3f609-1358-4c27-aab2-25e3b8eccf83,.fem,148145,2025-12-20T19:08:30+01:00,2026-07-30T20:35:12+02:00,14de8866cbf796ba67d81c72bab004c82f57e50a8ebf4bff3e891bd776097937,cb03037ca193941ec13b891950258fc92efbe640bb09b2a1d5aeaf90898c3814,IA_test/12.21 N3G10/w01,True
IA_test/12.21 N3G10/w01/case_b96cec23-9ced-49cd-8cd5-b47aa69d4be2.ans,C:\Users\26096\Desktop\em\FP\IA_test\12.21 N3G10\w01\case_b96cec23-9ced-49cd-8cd5-b47aa69d4be2.ans,case_b96cec23-9ced-49cd-8cd5-b47aa69d4be2.ans,case_b96cec23-9ced-49cd-8cd5-b47aa69d4be2,.ans,13302532,2025-12-20T20:28:52+01:00,2026-07-30T20:35:12+02:00,9e6b8fec8df74c0186a1a8e30e6c6d00ff5fbc79b3cce73770458256cbf0775e,,IA_test/12.21 N3G10/w01,True
IA_test/12.21 N3G10/w01/case_b96cec23-9ced-49cd-8cd5-b47aa69d4be2.fem,C:\Users\26096\Desktop\em\FP\IA_test\12.21 N3G10\w01\case_b96cec23-9ced-49cd-8cd5-b47aa69d4be2.fem,case_b96cec23-9ced-49cd-8cd5-b47aa69d4be2.fem,case_b96cec23-9ced-49cd-8cd5-b47aa69d4be2,.fem,148145,2025-12-20T20:26:08+01:00,2026-07-30T20:35:12+02:00,5c2799c910ae3021c8e34b4d097346cd969a8c1f06a9a3ca90ef5199900fb5d7,,IA_test/12.21 N3G10/w01,True
IA_test/12.21 N3G10/w01/case_bdd5c199-4644-4ed0-9e29-b1842e899ba6.ans,C:\Users\26096\Desktop\em\FP\IA_test\12.21 N3G10\w01\case_bdd5c199-4644-4ed0-9e29-b1842e899ba6.ans,case_bdd5c199-4644-4ed0-9e29-b1842e899ba6.ans,case_bdd5c199-4644-4ed0-9e29-b1842e899ba6,.ans,13251854,2025-12-20T17:13:26+01:00,2026-07-30T20:35:12+02:00,bafab31cadad89e9808ca54bc41e8b3eee94f263dc35c759e2cc517345efa1d3,60f919a82315fe29203cc4931c50d38aa61e7c78db886d9d869d2b79d0b0a3ee,IA_test/12.21 N3G10/w01,True
IA_test/12.21 N3G10/w01/case_bdd5c199-4644-4ed0-9e29-b1842e899ba6.fem,C:\Users\26096\Desktop\em\FP\IA_test\12.21 N3G10\w01\case_bdd5c199-4644-4ed0-9e29-b1842e899ba6.fem,case_bdd5c199-4644-4ed0-9e29-b1842e899ba6.fem,case_bdd5c199-4644-4ed0-9e29-b1842e899ba6,.fem,148145,2025-12-20T17:10:48+01:00,2026-07-30T20:35:13+02:00,2a6033fff871c6b8df534a1a6b0bbcd973e33d9cf48e6834c831f0dd03ba406a,e005eadbc0e154f8f85c12c043ff36ecb65d99111e965182461f9ef05049b11f,IA_test/12.21 N3G10/w01,True
IA_test/12.21 N3G10/w01/case_bf3cd316-91b0-4ef9-aaa9-71ae850fcad1.ans,C:\Users\26096\Desktop\em\FP\IA_test\12.21 N3G10\w01\case_bf3cd316-91b0-4ef9-aaa9-71ae850fcad1.ans,case_bf3cd316-91b0-4ef9-aaa9-71ae850fcad1.ans,case_bf3cd316-91b0-4ef9-aaa9-71ae850fcad1,.ans,13209638,2025-12-20T19:50:42+01:00,2026-07-30T20:35:13+02:00,c6a4b6d2587e1118ef15aaa173eef19a6c8d72c3f2c5e4ad217668e4b42d4d61,03055e884de28b909bf275592f945b2a43cc09e33df02f779bd5889b7d4f11d5,IA_test/12.21 N3G10/w01,True
IA_test/12.21 N3G10/w01/case_bf3cd316-91b0-4ef9-aaa9-71ae850fcad1.fem,C:\Users\26096\Desktop\em\FP\IA_test\12.21 N3G10\w01\case_bf3cd316-91b0-4ef9-aaa9-71ae850fcad1.fem,case_bf3cd316-91b0-4ef9-aaa9-71ae850fcad1.fem,case_bf3cd316-91b0-4ef9-aaa9-71ae850fcad1,.fem,148205,2025-12-20T19:47:10+01:00,2026-07-30T20:35:13+02:00,2457bb6347c10f28ddf4c4016ade396329b4ad3d3db0c98ab35922aad787cbc3,d04e33642c2c64fa26a6c9b0ac1d5b6e00ddfd80743551fee2e8ff5139b5a5c9,IA_test/12.21 N3G10/w01,True
IA_test/12.21 N3G10/w01/case_c0c92f18-0cc9-47bb-92d3-3fa219d7f28e.ans,C:\Users\26096\Desktop\em\FP\IA_test\12.21 N3G10\w01\case_c0c92f18-0cc9-47bb-92d3-3fa219d7f28e.ans,case_c0c92f18-0cc9-47bb-92d3-3fa219d7f28e.ans,case_c0c92f18-0cc9-47bb-92d3-3fa219d7f28e,.ans,13269989,2025-12-20T17:24:58+01:00,2026-07-30T20:35:13+02:00,43524dc125c240b2f48067d963c0718d827ee4ce63ab264bae7411e2c84c413c,,IA_test/12.21 N3G10/w01,True
IA_test/12.21 N3G10/w01/case_c0c92f18-0cc9-47bb-92d3-3fa219d7f28e.fem,C:\Users\26096\Desktop\em\FP\IA_test\12.21 N3G10\w01\case_c0c92f18-0cc9-47bb-92d3-3fa219d7f28e.fem,case_c0c92f18-0cc9-47bb-92d3-3fa219d7f28e.fem,case_c0c92f18-0cc9-47bb-92d3-3fa219d7f28e,.fem,148145,2025-12-20T17:22:26+01:00,2026-07-30T20:35:13+02:00,cd5f250bf8d4fd5d120f4ac19af38c62b35bda5c19c10699df9452eafac439e5,,IA_test/12.21 N3G10/w01,True
IA_test/12.21 N3G10/w01/case_c55d66e1-d6c1-495f-871d-c7b32467c15c.ans,C:\Users\26096\Desktop\em\FP\IA_test\12.21 N3G10\w01\case_c55d66e1-d6c1-495f-871d-c7b32467c15c.ans,case_c55d66e1-d6c1-495f-871d-c7b32467c15c.ans,case_c55d66e1-d6c1-495f-871d-c7b32467c15c,.ans,13275968,2025-12-20T12:52:08+01:00,2026-07-30T20:35:13+02:00,b497f6be7d460fc99544fb971df6fd7adaa5b5686c3465934336cd55d0d2f375,22f9e48a214f5aaf1c05553a43fb8128df5a3278d07a6883f3e740b0c09caf46,IA_test/12.21 N3G10/w01,True
IA_test/12.21 N3G10/w01/case_c55d66e1-d6c1-495f-871d-c7b32467c15c.fem,C:\Users\26096\Desktop\em\FP\IA_test\12.21 N3G10\w01\case_c55d66e1-d6c1-495f-871d-c7b32467c15c.fem,case_c55d66e1-d6c1-495f-871d-c7b32467c15c.fem,case_c55d66e1-d6c1-495f-871d-c7b32467c15c,.fem,148145,2025-12-20T12:49:38+01:00,2026-07-30T20:35:13+02:00,3a5bc5ac3955baf48e648365a87a16673a62dedbff73f038de6af23fce0906cd,73e4e98332470c53d4dca1547ba6b52a2719d08abc88c1f1235f11b5e8a3e25f,IA_test/12.21 N3G10/w01,True
IA_test/12.21 N3G10/w01/case_c5866522-4cf0-4a2a-b1a1-7cd7f573cc1a.ans,C:\Users\26096\Desktop\em\FP\IA_test\12.21 N3G10\w01\case_c5866522-4cf0-4a2a-b1a1-7cd7f573cc1a.ans,case_c5866522-4cf0-4a2a-b1a1-7cd7f573cc1a.ans,case_c5866522-4cf0-4a2a-b1a1-7cd7f573cc1a,.ans,13222645,2025-12-20T18:44:32+01:00,2026-07-30T20:35:13+02:00,00a543659501a8c8913bb6b9aba375795888b51d809b1d275509afce09b08017,3174d4ded76e534c5d51d6160613270d6a39a4bcd8f7de2e7b3f770696b50cff,IA_test/12.21 N3G10/w01,True
IA_test/12.21 N3G10/w01/case_c5866522-4cf0-4a2a-b1a1-7cd7f573cc1a.fem,C:\Users\26096\Desktop\em\FP\IA_test\12.21 N3G10\w01\case_c5866522-4cf0-4a2a-b1a1-7cd7f573cc1a.fem,case_c5866522-4cf0-4a2a-b1a1-7cd7f573cc1a.fem,case_c5866522-4cf0-4a2a-b1a1-7cd7f573cc1a,.fem,148199,2025-12-20T18:41:58+01:00,2026-07-30T20:35:13+02:00,63cd0a52df375b63b1f8ab8dcdd4bc8dc3bc8411e616637886b027327b24c132,07b944f19d61cd2f135ae9cc9c28ac3ba80f552429e9b0866d56aa37c2886367,IA_test/12.21 N3G10/w01,True
IA_test/12.21 N3G10/w01/case_d913c8cd-1263-4f0d-b05e-0a8fab3137c5.ans,C:\Users\26096\Desktop\em\FP\IA_test\12.21 N3G10\w01\case_d913c8cd-1263-4f0d-b05e-0a8fab3137c5.ans,case_d913c8cd-1263-4f0d-b05e-0a8fab3137c5.ans,case_d913c8cd-1263-4f0d-b05e-0a8fab3137c5,.ans,13255702,2025-12-20T23:02:08+01:00,2026-07-30T20:35:13+02:00,efce3ed67b1ae229c8d5a2585f33dd090bb290e730e498f5aa90e5f6a4f25ee5,,IA_test/12.21 N3G10/w01,True
IA_test/12.21 N3G10/w01/case_d913c8cd-1263-4f0d-b05e-0a8fab3137c5.fem,C:\Users\26096\Desktop\em\FP\IA_test\12.21 N3G10\w01\case_d913c8cd-1263-4f0d-b05e-0a8fab3137c5.fem,case_d913c8cd-1263-4f0d-b05e-0a8fab3137c5.fem,case_d913c8cd-1263-4f0d-b05e-0a8fab3137c5,.fem,148145,2025-12-20T22:58:56+01:00,2026-07-30T20:35:13+02:00,0adfe2091c83ffb29b55328f78f4e6e35b32318ebca830d6fc6a5e65524b3904,,IA_test/12.21 N3G10/w01,True
IA_test/12.21 N3G10/w01/case_dae5f276-1734-4152-ad34-77bd08daf795.ans,C:\Users\26096\Desktop\em\FP\IA_test\12.21 N3G10\w01\case_dae5f276-1734-4152-ad34-77bd08daf795.ans,case_dae5f276-1734-4152-ad34-77bd08daf795.ans,case_dae5f276-1734-4152-ad34-77bd08daf795,.ans,13247156,2025-12-20T23:14:46+01:00,2026-07-30T20:35:13+02:00,51aded6ca2777c3479599609d6d80e50a0a383e5eae8c813a4199aa56477d2cf,,IA_test/12.21 N3G10/w01,True
IA_test/12.21 N3G10/w01/case_dae5f276-1734-4152-ad34-77bd08daf795.fem,C:\Users\26096\Desktop\em\FP\IA_test\12.21 N3G10\w01\case_dae5f276-1734-4152-ad34-77bd08daf795.fem,case_dae5f276-1734-4152-ad34-77bd08daf795.fem,case_dae5f276-1734-4152-ad34-77bd08daf795,.fem,148145,2025-12-20T23:12:04+01:00,2026-07-30T20:35:14+02:00,c4cf0c31037b6041891d86493a0528c262fdfb3b2e4dcb5d25c9de04a90be7ee,,IA_test/12.21 N3G10/w01,True
IA_test/12.21 N3G10/w01/case_dc30fb28-b7bc-4faf-9a24-649f92b0e581.ans,C:\Users\26096\Desktop\em\FP\IA_test\12.21 N3G10\w01\case_dc30fb28-b7bc-4faf-9a24-649f92b0e581.ans,case_dc30fb28-b7bc-4faf-9a24-649f92b0e581.ans,case_dc30fb28-b7bc-4faf-9a24-649f92b0e581,.ans,13353938,2025-12-20T13:25:22+01:00,2026-07-30T20:35:14+02:00,b745ada3a570f7fbbfd4c7fcb58a5d5c224cbc4f94a09fa2fdc088167ef85f1e,53763377585b995bcb4af4fb9336f9ce867a162e1ed0c79a6f4392a26bb23b62,IA_test/12.21 N3G10/w01,True
IA_test/12.21 N3G10/w01/case_dc30fb28-b7bc-4faf-9a24-649f92b0e581.fem,C:\Users\26096\Desktop\em\FP\IA_test\12.21 N3G10\w01\case_dc30fb28-b7bc-4faf-9a24-649f92b0e581.fem,case_dc30fb28-b7bc-4faf-9a24-649f92b0e581.fem,case_dc30fb28-b7bc-4faf-9a24-649f92b0e581,.fem,148145,2025-12-20T13:23:30+01:00,2026-07-30T20:35:14+02:00,dc0bbbd52f7dc2aa276841e6dae12ba091624c7d18b7677b40dadeacc3e10f37,68320e06bb0d948996f4e5930c2b801c55eaee556c9dcfda99d8be84c68f4c9d,IA_test/12.21 N3G10/w01,True
IA_test/12.21 N3G10/w01/case_e33f1d2d-0d7e-4924-a9d0-3977d35a0b95.ans,C:\Users\26096\Desktop\em\FP\IA_test\12.21 N3G10\w01\case_e33f1d2d-0d7e-4924-a9d0-3977d35a0b95.ans,case_e33f1d2d-0d7e-4924-a9d0-3977d35a0b95.ans,case_e33f1d2d-0d7e-4924-a9d0-3977d35a0b95,.ans,13270391,2025-12-20T19:32:42+01:00,2026-07-30T20:35:14+02:00,e9283777f2280bc537c5c0d451ae811508a77a5cdd3833ed2100138f3599efb0,a46a7a32b56ba8e8e8f948a2addfb8fb3c2f9a455aae1e53472d993aa8d62c6f,IA_test/12.21 N3G10/w01,True
IA_test/12.21 N3G10/w01/case_e33f1d2d-0d7e-4924-a9d0-3977d35a0b95.fem,C:\Users\26096\Desktop\em\FP\IA_test\12.21 N3G10\w01\case_e33f1d2d-0d7e-4924-a9d0-3977d35a0b95.fem,case_e33f1d2d-0d7e-4924-a9d0-3977d35a0b95.fem,case_e33f1d2d-0d7e-4924-a9d0-3977d35a0b95,.fem,148145,2025-12-20T19:30:18+01:00,2026-07-30T20:35:14+02:00,0f163fd0e5da1449385616b18a9ff33ec050fadd9c54cf53025ab96b1d0a7b53,b184d69aaae4c9d7048eb4c1420988c3ade5d6012d7f3d4b5496e1b1e3aacdc3,IA_test/12.21 N3G10/w01,True
IA_test/12.21 N3G10/w01/case_e4e2c761-d87a-4501-b0d7-4dc276a3fe44.ans,C:\Users\26096\Desktop\em\FP\IA_test\12.21 N3G10\w01\case_e4e2c761-d87a-4501-b0d7-4dc276a3fe44.ans,case_e4e2c761-d87a-4501-b0d7-4dc276a3fe44.ans,case_e4e2c761-d87a-4501-b0d7-4dc276a3fe44,.ans,13254332,2025-12-20T21:23:02+01:00,2026-07-30T20:35:14+02:00,cf12c080df466379f342849967936381c38ea5360394f9b9980892a3b56a2dad,e00c94f20d2d8c5ab2224932a7f4b1cfcd243c551cca6c96f9182a268407428e,IA_test/12.21 N3G10/w01,True
IA_test/12.21 N3G10/w01/case_e4e2c761-d87a-4501-b0d7-4dc276a3fe44.fem,C:\Users\26096\Desktop\em\FP\IA_test\12.21 N3G10\w01\case_e4e2c761-d87a-4501-b0d7-4dc276a3fe44.fem,case_e4e2c761-d87a-4501-b0d7-4dc276a3fe44.fem,case_e4e2c761-d87a-4501-b0d7-4dc276a3fe44,.fem,148145,2025-12-20T21:19:44+01:00,2026-07-30T20:35:14+02:00,08dab8795ebc66d381b6fa2f5596412ccdae71de3c5ea34333a29abccca62c1b,e91ddfc3747b721215ad4a1269f6faa28962cce096a464a5e3a96da7457198bd,IA_test/12.21 N3G10/w01,True
IA_test/12.21 N3G10/w01/case_e51f9061-5028-4304-bded-31ea0ccc434c.ans,C:\Users\26096\Desktop\em\FP\IA_test\12.21 N3G10\w01\case_e51f9061-5028-4304-bded-31ea0ccc434c.ans,case_e51f9061-5028-4304-bded-31ea0ccc434c.ans,case_e51f9061-5028-4304-bded-31ea0ccc434c,.ans,13206158,2025-12-20T13:17:16+01:00,2026-07-30T20:35:14+02:00,20e1f6dcb83f741d214ba9ab88876519f8888c245b82ab21f62a8c2f4cc2708f,,IA_test/12.21 N3G10/w01,True
IA_test/12.21 N3G10/w01/case_e51f9061-5028-4304-bded-31ea0ccc434c.fem,C:\Users\26096\Desktop\em\FP\IA_test\12.21 N3G10\w01\case_e51f9061-5028-4304-bded-31ea0ccc434c.fem,case_e51f9061-5028-4304-bded-31ea0ccc434c.fem,case_e51f9061-5028-4304-bded-31ea0ccc434c,.fem,148205,2025-12-20T13:12:32+01:00,2026-07-30T20:35:14+02:00,42113d23d1bb039cf3478176bdb8fd192d1cf1fe9c12a6549695618e298dd042,,IA_test/12.21 N3G10/w01,True
IA_test/12.21 N3G10/w01/case_e7958f48-6565-488f-8a32-ed6e9fdbbbee.ans,C:\Users\26096\Desktop\em\FP\IA_test\12.21 N3G10\w01\case_e7958f48-6565-488f-8a32-ed6e9fdbbbee.ans,case_e7958f48-6565-488f-8a32-ed6e9fdbbbee.ans,case_e7958f48-6565-488f-8a32-ed6e9fdbbbee,.ans,13284814,2025-12-20T18:15:28+01:00,2026-07-30T20:35:14+02:00,607fb0d5eb9ca207a8b3a7281e5545078fd2cf7e81fce77440dfed160d92f1af,017d5ebe4c88620f00ecf0510ebf935e348d6de917490afae898c8b1b6a82a73,IA_test/12.21 N3G10/w01,True
IA_test/12.21 N3G10/w01/case_e7958f48-6565-488f-8a32-ed6e9fdbbbee.fem,C:\Users\26096\Desktop\em\FP\IA_test\12.21 N3G10\w01\case_e7958f48-6565-488f-8a32-ed6e9fdbbbee.fem,case_e7958f48-6565-488f-8a32-ed6e9fdbbbee.fem,case_e7958f48-6565-488f-8a32-ed6e9fdbbbee,.fem,148145,2025-12-20T18:12:54+01:00,2026-07-30T20:35:14+02:00,a7ba80dd01427a18d260ac848017c1fe0147c60fb6216aacef0b39cac3ae8db0,e2d80f57f4b859534f813360a18ab5c25279aa38dd1ccd5705988d43edfc7145,IA_test/12.21 N3G10/w01,True
IA_test/12.21 N3G10/w01/case_e89c0421-6da4-4e3b-ab9d-837f509f1cc5.ans,C:\Users\26096\Desktop\em\FP\IA_test\12.21 N3G10\w01\case_e89c0421-6da4-4e3b-ab9d-837f509f1cc5.ans,case_e89c0421-6da4-4e3b-ab9d-837f509f1cc5.ans,case_e89c0421-6da4-4e3b-ab9d-837f509f1cc5,.ans,13287993,2025-12-20T21:51:26+01:00,2026-07-30T20:35:14+02:00,20c93f9e65affd37b3a328d8a1c100acf9d6f372e0d3f8f800d9d97b5b0783c2,,IA_test/12.21 N3G10/w01,True
IA_test/12.21 N3G10/w01/case_e89c0421-6da4-4e3b-ab9d-837f509f1cc5.fem,C:\Users\26096\Desktop\em\FP\IA_test\12.21 N3G10\w01\case_e89c0421-6da4-4e3b-ab9d-837f509f1cc5.fem,case_e89c0421-6da4-4e3b-ab9d-837f509f1cc5.fem,case_e89c0421-6da4-4e3b-ab9d-837f509f1cc5,.fem,148145,2025-12-20T21:48:26+01:00,2026-07-30T20:35:15+02:00,9550ef9c53bb4f12abfceb595ac34d3fc7d9f6c1f42fdcfabb9c964d818f4892,,IA_test/12.21 N3G10/w01,True
IA_test/12.21 N3G10/w02/blank_inset_9x5_w02.fem,C:\Users\26096\Desktop\em\FP\IA_test\12.21 N3G10\w02\blank_inset_9x5_w02.fem,blank_inset_9x5_w02.fem,blank_inset_9x5_w02,.fem,118447,2025-12-18T13:38:44+01:00,2026-07-30T20:35:15+02:00,e02f3c7be2948df91c321c2bddb30b9bf2e9a6dc522fdc92724234fbc5713fb6,3ee6ec4df00b80590fdeee227d40ee113b5b3512b3610e88a1053cd0e4499170,IA_test/12.21 N3G10/w02,True
IA_test/12.21 N3G10/w02/case_000001.ans,C:\Users\26096\Desktop\em\FP\IA_test\12.21 N3G10\w02\case_000001.ans,case_000001.ans,case_000001,.ans,13245664,2025-12-20T11:47:58+01:00,2026-07-30T20:35:15+02:00,ec3dd69daf88f07ecd64cae150351674470a44b5cc66f5e4a1257e93e470ce99,,IA_test/12.21 N3G10/w02,True
IA_test/12.21 N3G10/w02/case_000001.fem,C:\Users\26096\Desktop\em\FP\IA_test\12.21 N3G10\w02\case_000001.fem,case_000001.fem,case_000001,.fem,148204,2025-12-20T11:56:24+01:00,2026-07-30T20:35:15+02:00,3908bd18446c2dc46939c93893b7f82a4046f356f6ce903f8ce4877cb1d20eb1,,IA_test/12.21 N3G10/w02,True
IA_test/12.21 N3G10/w02/case_0704aed2-95f7-4488-b805-9fdc1df2a4b9.ans,C:\Users\26096\Desktop\em\FP\IA_test\12.21 N3G10\w02\case_0704aed2-95f7-4488-b805-9fdc1df2a4b9.ans,case_0704aed2-95f7-4488-b805-9fdc1df2a4b9.ans,case_0704aed2-95f7-4488-b805-9fdc1df2a4b9,.ans,13316083,2025-12-20T22:38:32+01:00,2026-07-30T20:35:15+02:00,02ddd24dd703b8891cbddb38fc20dd751a1af0729d3e28322ae9f7c347e9fdbd,b95e5009cdcbca9652b78bf75a1bfb23b8f985445df78e7294fbbdab86d2bf40,IA_test/12.21 N3G10/w02,True
IA_test/12.21 N3G10/w02/case_0704aed2-95f7-4488-b805-9fdc1df2a4b9.fem,C:\Users\26096\Desktop\em\FP\IA_test\12.21 N3G10\w02\case_0704aed2-95f7-4488-b805-9fdc1df2a4b9.fem,case_0704aed2-95f7-4488-b805-9fdc1df2a4b9.fem,case_0704aed2-95f7-4488-b805-9fdc1df2a4b9,.fem,148145,2025-12-20T22:35:52+01:00,2026-07-30T20:35:15+02:00,48d0d8b68e243912673ebb2b6a674e8ccabc87e05f72fb7c7674a3be13ce1abe,1dfb0ffdcfffeffb493caf68bb76b4cfd962255e65bc383e54be1824bd4260a7,IA_test/12.21 N3G10/w02,True
IA_test/12.21 N3G10/w02/case_07d06f9c-23de-489a-aa10-cde663a9bcea.ans,C:\Users\26096\Desktop\em\FP\IA_test\12.21 N3G10\w02\case_07d06f9c-23de-489a-aa10-cde663a9bcea.ans,case_07d06f9c-23de-489a-aa10-cde663a9bcea.ans,case_07d06f9c-23de-489a-aa10-cde663a9bcea,.ans,13306972,2025-12-20T18:00:46+01:00,2026-07-30T20:35:15+02:00,f9b30e78422b5f8907c48229e669f2c5af33f025d84cb019b0c1ff01fa772bfd,,IA_test/12.21 N3G10/w02,True
IA_test/12.21 N3G10/w02/case_07d06f9c-23de-489a-aa10-cde663a9bcea.fem,C:\Users\26096\Desktop\em\FP\IA_test\12.21 N3G10\w02\case_07d06f9c-23de-489a-aa10-cde663a9bcea.fem,case_07d06f9c-23de-489a-aa10-cde663a9bcea.fem,case_07d06f9c-23de-489a-aa10-cde663a9bcea,.fem,148145,2025-12-20T17:58:26+01:00,2026-07-30T20:35:15+02:00,659cfbeaf7378d4392155a14b8c9ee25eee431898c0f22adb4b4bd0d6b0c8be2,,IA_test/12.21 N3G10/w02,True
IA_test/12.21 N3G10/w02/case_10bdf2e7-6933-4a50-8be9-536a0f4dfc6a.ans,C:\Users\26096\Desktop\em\FP\IA_test\12.21 N3G10\w02\case_10bdf2e7-6933-4a50-8be9-536a0f4dfc6a.ans,case_10bdf2e7-6933-4a50-8be9-536a0f4dfc6a.ans,case_10bdf2e7-6933-4a50-8be9-536a0f4dfc6a,.ans,13245555,2025-12-20T14:16:02+01:00,2026-07-30T20:35:15+02:00,a8c6213ab52e0d41556262529216b1e3426c183f24ff7f255540888efb279dfb,,IA_test/12.21 N3G10/w02,True
IA_test/12.21 N3G10/w02/case_10bdf2e7-6933-4a50-8be9-536a0f4dfc6a.fem,C:\Users\26096\Desktop\em\FP\IA_test\12.21 N3G10\w02\case_10bdf2e7-6933-4a50-8be9-536a0f4dfc6a.fem,case_10bdf2e7-6933-4a50-8be9-536a0f4dfc6a.fem,case_10bdf2e7-6933-4a50-8be9-536a0f4dfc6a,.fem,148145,2025-12-20T14:13:02+01:00,2026-07-30T20:35:15+02:00,e795405fe5ed35b67c2e41970e7f7a226722dec1a1666b4490fad947d020ad85,,IA_test/12.21 N3G10/w02,True
IA_test/12.21 N3G10/w02/case_17c5fdbd-2370-4744-80bf-2a2f0a287340.ans,C:\Users\26096\Desktop\em\FP\IA_test\12.21 N3G10\w02\case_17c5fdbd-2370-4744-80bf-2a2f0a287340.ans,case_17c5fdbd-2370-4744-80bf-2a2f0a287340.ans,case_17c5fdbd-2370-4744-80bf-2a2f0a287340,.ans,13258360,2025-12-20T20:29:18+01:00,2026-07-30T20:35:15+02:00,070967fa50b9f8b7bb1edd9a48854a260851daf9ec4c13c89f9f29d73a8fdff2,b4c6ef08c383ec5ad6e554399192fe5e1999dc740d4c19ccf65ce3d41e227314,IA_test/12.21 N3G10/w02,True
IA_test/12.21 N3G10/w02/case_17c5fdbd-2370-4744-80bf-2a2f0a287340.fem,C:\Users\26096\Desktop\em\FP\IA_test\12.21 N3G10\w02\case_17c5fdbd-2370-4744-80bf-2a2f0a287340.fem,case_17c5fdbd-2370-4744-80bf-2a2f0a287340.fem,case_17c5fdbd-2370-4744-80bf-2a2f0a287340,.fem,148145,2025-12-20T20:26:38+01:00,2026-07-30T20:35:15+02:00,0de290388ca3a3316bad69e4d245dacabc2ff0247be229ae55a3ab2a5c7e4378,c91e4409a8f9c3de789841474b83ef2088fb54d226d885fed638d7d61412ebe9,IA_test/12.21 N3G10/w02,True
IA_test/12.21 N3G10/w02/case_1a903502-eae2-44aa-b20d-f5a319beef36.ans,C:\Users\26096\Desktop\em\FP\IA_test\12.21 N3G10\w02\case_1a903502-eae2-44aa-b20d-f5a319beef36.ans,case_1a903502-eae2-44aa-b20d-f5a319beef36.ans,case_1a903502-eae2-44aa-b20d-f5a319beef36,.ans,13304654,2025-12-20T21:51:28+01:00,2026-07-30T20:35:15+02:00,9a2e7e9b4bb3cc39c92430e2f186cdb689076cb269c93b9b3cf1202ffd548573,,IA_test/12.21 N3G10/w02,True
IA_test/12.21 N3G10/w02/case_1a903502-eae2-44aa-b20d-f5a319beef36.fem,C:\Users\26096\Desktop\em\FP\IA_test\12.21 N3G10\w02\case_1a903502-eae2-44aa-b20d-f5a319beef36.fem,case_1a903502-eae2-44aa-b20d-f5a319beef36.fem,case_1a903502-eae2-44aa-b20d-f5a319beef36,.fem,148145,2025-12-20T21:48:34+01:00,2026-07-30T20:35:16+02:00,d6ec5978c3f13d0a4ea6b5df7958896d36440d506df0df058e9879b7e7850539,,IA_test/12.21 N3G10/w02,True
IA_test/12.21 N3G10/w02/case_278f70c1-be87-474f-bd88-9270d1b9edf9.ans,C:\Users\26096\Desktop\em\FP\IA_test\12.21 N3G10\w02\case_278f70c1-be87-474f-bd88-9270d1b9edf9.ans,case_278f70c1-be87-474f-bd88-9270d1b9edf9.ans,case_278f70c1-be87-474f-bd88-9270d1b9edf9,.ans,13236681,2025-12-20T19:10:12+01:00,2026-07-30T20:35:16+02:00,194cfef494ac5382e5b29f746cb8b5b4d87cd33ca144ca24c487d5e6c9321ad4,,IA_test/12.21 N3G10/w02,True
IA_test/12.21 N3G10/w02/case_278f70c1-be87-474f-bd88-9270d1b9edf9.fem,C:\Users\26096\Desktop\em\FP\IA_test\12.21 N3G10\w02\case_278f70c1-be87-474f-bd88-9270d1b9edf9.fem,case_278f70c1-be87-474f-bd88-9270d1b9edf9.fem,case_278f70c1-be87-474f-bd88-9270d1b9edf9,.fem,148145,2025-12-20T19:07:34+01:00,2026-07-30T20:35:16+02:00,21c1e123dcaa1177bd631070582145d377805a03c6d73b5f36f27a1c2fafac16,,IA_test/12.21 N3G10/w02,True
IA_test/12.21 N3G10/w02/case_2cc7bc73-cd5f-4e19-869d-9b67a5b8b5af.ans,C:\Users\26096\Desktop\em\FP\IA_test\12.21 N3G10\w02\case_2cc7bc73-cd5f-4e19-869d-9b67a5b8b5af.ans,case_2cc7bc73-cd5f-4e19-869d-9b67a5b8b5af.ans,case_2cc7bc73-cd5f-4e19-869d-9b67a5b8b5af,.ans,13211494,2025-12-20T13:53:02+01:00,2026-07-30T20:35:16+02:00,a850a71abf76717e6b0856a8986867b8f0efb50d704c643d3d4bd3ebf9a13904,9a2075a8f983305c6134deb3587fa175f1b9bc4c7cf504a009b93dc5a00491fb,IA_test/12.21 N3G10/w02,True
IA_test/12.21 N3G10/w02/case_2cc7bc73-cd5f-4e19-869d-9b67a5b8b5af.fem,C:\Users\26096\Desktop\em\FP\IA_test\12.21 N3G10\w02\case_2cc7bc73-cd5f-4e19-869d-9b67a5b8b5af.fem,case_2cc7bc73-cd5f-4e19-869d-9b67a5b8b5af.fem,case_2cc7bc73-cd5f-4e19-869d-9b67a5b8b5af,.fem,148187,2025-12-20T13:49:52+01:00,2026-07-30T20:35:16+02:00,9724831c6c83877a10a0045974e21c75fb33bfd89e299f8ac2767609dcc30149,136ec7394db338493f61ec85f03f80856bc6328719547e42cfd924611bc81bf1,IA_test/12.21 N3G10/w02,True
IA_test/12.21 N3G10/w02/case_2efb83d5-5d0b-458b-b718-044c34efdc44.ans,C:\Users\26096\Desktop\em\FP\IA_test\12.21 N3G10\w02\case_2efb83d5-5d0b-458b-b718-044c34efdc44.ans,case_2efb83d5-5d0b-458b-b718-044c34efdc44.ans,case_2efb83d5-5d0b-458b-b718-044c34efdc44,.ans,13332070,2025-12-20T18:40:44+01:00,2026-07-30T20:35:16+02:00,e50c346d1f97097488373c58c46a5fbd2f8032f39f7f3c9272dafc4247abbde4,,IA_test/12.21 N3G10/w02,True
IA_test/12.21 N3G10/w02/case_2efb83d5-5d0b-458b-b718-044c34efdc44.fem,C:\Users\26096\Desktop\em\FP\IA_test\12.21 N3G10\w02\case_2efb83d5-5d0b-458b-b718-044c34efdc44.fem,case_2efb83d5-5d0b-458b-b718-044c34efdc44.fem,case_2efb83d5-5d0b-458b-b718-044c34efdc44,.fem,148145,2025-12-20T18:38:16+01:00,2026-07-30T20:35:16+02:00,b9c35094100c3794a3e136491b28fad1c0335c37ad505b89ece24b74017f606f,,IA_test/12.21 N3G10/w02,True
IA_test/12.21 N3G10/w02/case_3781bdbc-eb47-4019-9edd-e771f7eb5ab4.ans,C:\Users\26096\Desktop\em\FP\IA_test\12.21 N3G10\w02\case_3781bdbc-eb47-4019-9edd-e771f7eb5ab4.ans,case_3781bdbc-eb47-4019-9edd-e771f7eb5ab4.ans,case_3781bdbc-eb47-4019-9edd-e771f7eb5ab4,.ans,13260991,2025-12-20T20:42:08+01:00,2026-07-30T20:35:16+02:00,cfe9422ce2a708c13c85fae3a94b31737babf1533d73ce77dea606489de4f5ed,,IA_test/12.21 N3G10/w02,True
IA_test/12.21 N3G10/w02/case_3781bdbc-eb47-4019-9edd-e771f7eb5ab4.fem,C:\Users\26096\Desktop\em\FP\IA_test\12.21 N3G10\w02\case_3781bdbc-eb47-4019-9edd-e771f7eb5ab4.fem,case_3781bdbc-eb47-4019-9edd-e771f7eb5ab4.fem,case_3781bdbc-eb47-4019-9edd-e771f7eb5ab4,.fem,148145,2025-12-20T20:39:32+01:00,2026-07-30T20:35:16+02:00,acbec051e5ba424f325adf01c0c263433adf3aba02861b160a2af853905fe5b5,,IA_test/12.21 N3G10/w02,True
IA_test/12.21 N3G10/w02/case_39c72458-418d-4b0c-8b68-5fc28c1f9ce2.ans,C:\Users\26096\Desktop\em\FP\IA_test\12.21 N3G10\w02\case_39c72458-418d-4b0c-8b68-5fc28c1f9ce2.ans,case_39c72458-418d-4b0c-8b68-5fc28c1f9ce2.ans,case_39c72458-418d-4b0c-8b68-5fc28c1f9ce2,.ans,13258360,2025-12-20T20:53:50+01:00,2026-07-30T20:35:16+02:00,070967fa50b9f8b7bb1edd9a48854a260851daf9ec4c13c89f9f29d73a8fdff2,b4c6ef08c383ec5ad6e554399192fe5e1999dc740d4c19ccf65ce3d41e227314,IA_test/12.21 N3G10/w02,True
IA_test/12.21 N3G10/w02/case_39c72458-418d-4b0c-8b68-5fc28c1f9ce2.fem,C:\Users\26096\Desktop\em\FP\IA_test\12.21 N3G10\w02\case_39c72458-418d-4b0c-8b68-5fc28c1f9ce2.fem,case_39c72458-418d-4b0c-8b68-5fc28c1f9ce2.fem,case_39c72458-418d-4b0c-8b68-5fc28c1f9ce2,.fem,148145,2025-12-20T20:51:06+01:00,2026-07-30T20:35:16+02:00,0de290388ca3a3316bad69e4d245dacabc2ff0247be229ae55a3ab2a5c7e4378,c91e4409a8f9c3de789841474b83ef2088fb54d226d885fed638d7d61412ebe9,IA_test/12.21 N3G10/w02,True
IA_test/12.21 N3G10/w02/case_3a323f0f-60ba-4182-ae91-0c7440176ebc.ans,C:\Users\26096\Desktop\em\FP\IA_test\12.21 N3G10\w02\case_3a323f0f-60ba-4182-ae91-0c7440176ebc.ans,case_3a323f0f-60ba-4182-ae91-0c7440176ebc.ans,case_3a323f0f-60ba-4182-ae91-0c7440176ebc,.ans,13236333,2025-12-20T12:54:56+01:00,2026-07-30T20:35:16+02:00,ba7d31a94f0e1974a8aed7debb8bce267fc11d5a754b18cd9ad2ef67094619ca,,IA_test/12.21 N3G10/w02,True
IA_test/12.21 N3G10/w02/case_3a323f0f-60ba-4182-ae91-0c7440176ebc.fem,C:\Users\26096\Desktop\em\FP\IA_test\12.21 N3G10\w02\case_3a323f0f-60ba-4182-ae91-0c7440176ebc.fem,case_3a323f0f-60ba-4182-ae91-0c7440176ebc.fem,case_3a323f0f-60ba-4182-ae91-0c7440176ebc,.fem,148145,2025-12-20T12:52:04+01:00,2026-07-30T20:35:17+02:00,e316ab85c7275539f78339a634c3d33f5bc1df68f88fd0062b5010d81c0385e6,,IA_test/12.21 N3G10/w02,True
IA_test/12.21 N3G10/w02/case_3f463c7e-3d8c-4c80-9e27-fb58c599e037.ans,C:\Users\26096\Desktop\em\FP\IA_test\12.21 N3G10\w02\case_3f463c7e-3d8c-4c80-9e27-fb58c599e037.ans,case_3f463c7e-3d8c-4c80-9e27-fb58c599e037.ans,case_3f463c7e-3d8c-4c80-9e27-fb58c599e037,.ans,13246495,2025-12-20T21:25:04+01:00,2026-07-30T20:35:17+02:00,229669f300cc13f0904accbff63464758dfe2dda1c0baa05a19ee37f470f1da2,,IA_test/12.21 N3G10/w02,True
IA_test/12.21 N3G10/w02/case_3f463c7e-3d8c-4c80-9e27-fb58c599e037.fem,C:\Users\26096\Desktop\em\FP\IA_test\12.21 N3G10\w02\case_3f463c7e-3d8c-4c80-9e27-fb58c599e037.fem,case_3f463c7e-3d8c-4c80-9e27-fb58c599e037.fem,case_3f463c7e-3d8c-4c80-9e27-fb58c599e037,.fem,148145,2025-12-20T21:22:08+01:00,2026-07-30T20:35:17+02:00,862f684d22bbd64c9b3353af7b7271f575f50c40229ebfe8c60af316b5221464,,IA_test/12.21 N3G10/w02,True
IA_test/12.21 N3G10/w02/case_43941121-5520-4fab-a0e2-0ea2f23e15e3.ans,C:\Users\26096\Desktop\em\FP\IA_test\12.21 N3G10\w02\case_43941121-5520-4fab-a0e2-0ea2f23e15e3.ans,case_43941121-5520-4fab-a0e2-0ea2f23e15e3.ans,case_43941121-5520-4fab-a0e2-0ea2f23e15e3,.ans,13238923,2025-12-20T17:51:06+01:00,2026-07-30T20:35:17+02:00,a6152b05db0d4b4a05723c7ee9cfbfded49d0afc3f74c65593608bac1150b851,,IA_test/12.21 N3G10/w02,True
IA_test/12.21 N3G10/w02/case_43941121-5520-4fab-a0e2-0ea2f23e15e3.fem,C:\Users\26096\Desktop\em\FP\IA_test\12.21 N3G10\w02\case_43941121-5520-4fab-a0e2-0ea2f23e15e3.fem,case_43941121-5520-4fab-a0e2-0ea2f23e15e3.fem,case_43941121-5520-4fab-a0e2-0ea2f23e15e3,.fem,148145,2025-12-20T17:48:08+01:00,2026-07-30T20:35:17+02:00,b85a75e9cb234340db28970b6d6a403318e417a0eeaafc05bc36ae928006c4ae,,IA_test/12.21 N3G10/w02,True
IA_test/12.21 N3G10/w02/case_45e42035-642a-401b-bb86-90917e928696.ans,C:\Users\26096\Desktop\em\FP\IA_test\12.21 N3G10\w02\case_45e42035-642a-401b-bb86-90917e928696.ans,case_45e42035-642a-401b-bb86-90917e928696.ans,case_45e42035-642a-401b-bb86-90917e928696,.ans,13229512,2025-12-20T19:51:04+01:00,2026-07-30T20:35:17+02:00,76c0bcddcb739639815fe294c4249cddbd28dd5486366904c1123b4d6a78da5d,,IA_test/12.21 N3G10/w02,True
IA_test/12.21 N3G10/w02/case_45e42035-642a-401b-bb86-90917e928696.fem,C:\Users\26096\Desktop\em\FP\IA_test\12.21 N3G10\w02\case_45e42035-642a-401b-bb86-90917e928696.fem,case_45e42035-642a-401b-bb86-90917e928696.fem,case_45e42035-642a-401b-bb86-90917e928696,.fem,148205,2025-12-20T19:47:34+01:00,2026-07-30T20:35:17+02:00,108ef62b09020d71df24b14f8f68e160f530d4c113166737679ced638c7f59d1,,IA_test/12.21 N3G10/w02,True
IA_test/12.21 N3G10/w02/case_5128b0bc-6616-42bc-948a-0526565a2964.ans,C:\Users\26096\Desktop\em\FP\IA_test\12.21 N3G10\w02\case_5128b0bc-6616-42bc-948a-0526565a2964.ans,case_5128b0bc-6616-42bc-948a-0526565a2964.ans,case_5128b0bc-6616-42bc-948a-0526565a2964,.ans,13281859,2025-12-20T22:27:16+01:00,2026-07-30T20:35:17+02:00,39f06e4589bbc6a24ce2d463002c5542b793587a2cdcbd6bcb8f5d7e97133a53,,IA_test/12.21 N3G10/w02,True
IA_test/12.21 N3G10/w02/case_5128b0bc-6616-42bc-948a-0526565a2964.fem,C:\Users\26096\Desktop\em\FP\IA_test\12.21 N3G10\w02\case_5128b0bc-6616-42bc-948a-0526565a2964.fem,case_5128b0bc-6616-42bc-948a-0526565a2964.fem,case_5128b0bc-6616-42bc-948a-0526565a2964,.fem,148145,2025-12-20T22:24:30+01:00,2026-07-30T20:35:17+02:00,4076e3bfb0678cc4279a8ad9c1f8f9f485af03ad46d0838f3eb1e1a7ab24a52f,,IA_test/12.21 N3G10/w02,True
IA_test/12.21 N3G10/w02/case_54b7a8af-c961-4020-904c-27aee80cfda6.ans,C:\Users\26096\Desktop\em\FP\IA_test\12.21 N3G10\w02\case_54b7a8af-c961-4020-904c-27aee80cfda6.ans,case_54b7a8af-c961-4020-904c-27aee80cfda6.ans,case_54b7a8af-c961-4020-904c-27aee80cfda6,.ans,13270134,2025-12-20T14:30:54+01:00,2026-07-30T20:35:17+02:00,522f456e70b240c2e1d03554182cd1da089e9a5192749f4d6fcbb2115679beb8,,IA_test/12.21 N3G10/w02,True
IA_test/12.21 N3G10/w02/case_54b7a8af-c961-4020-904c-27aee80cfda6.fem,C:\Users\26096\Desktop\em\FP\IA_test\12.21 N3G10\w02\case_54b7a8af-c961-4020-904c-27aee80cfda6.fem,case_54b7a8af-c961-4020-904c-27aee80cfda6.fem,case_54b7a8af-c961-4020-904c-27aee80cfda6,.fem,148145,2025-12-20T14:27:48+01:00,2026-07-30T20:35:17+02:00,a4802f3a78b087f21909c68b624b622a4bd9ab6ed245f0e6fcc409df2bc10432,,IA_test/12.21 N3G10/w02,True
IA_test/12.21 N3G10/w02/case_5cb4e85c-14dd-444a-9cc3-965f42880507.ans,C:\Users\26096\Desktop\em\FP\IA_test\12.21 N3G10\w02\case_5cb4e85c-14dd-444a-9cc3-965f42880507.ans,case_5cb4e85c-14dd-444a-9cc3-965f42880507.ans,case_5cb4e85c-14dd-444a-9cc3-965f42880507,.ans,13289858,2025-12-20T18:56:54+01:00,2026-07-30T20:35:18+02:00,3ce9ebf2d97ca75d224e5a1797e866963eb932047b943e611211c993cffbae51,c3bc971ad37b446d3f1aae0e41764024ef0d779c027cff3f3039d5f5f3e9c0be,IA_test/12.21 N3G10/w02,True
IA_test/12.21 N3G10/w02/case_5cb4e85c-14dd-444a-9cc3-965f42880507.fem,C:\Users\26096\Desktop\em\FP\IA_test\12.21 N3G10\w02\case_5cb4e85c-14dd-444a-9cc3-965f42880507.fem,case_5cb4e85c-14dd-444a-9cc3-965f42880507.fem,case_5cb4e85c-14dd-444a-9cc3-965f42880507,.fem,148145,2025-12-20T18:53:56+01:00,2026-07-30T20:35:18+02:00,1c1eccb6025d83ccf81aa35f64343d7138ae4bf36412cc5c80ade35a0ca75cfb,7712d2df5471fbd2f83191510af49021a0191d53d66b86d63d0fbf761fdb418c,IA_test/12.21 N3G10/w02,True
IA_test/12.21 N3G10/w02/case_6dc6b2ab-4d29-44fa-a85f-5e86f0132a64.ans,C:\Users\26096\Desktop\em\FP\IA_test\12.21 N3G10\w02\case_6dc6b2ab-4d29-44fa-a85f-5e86f0132a64.ans,case_6dc6b2ab-4d29-44fa-a85f-5e86f0132a64.ans,case_6dc6b2ab-4d29-44fa-a85f-5e86f0132a64,.ans,13290056,2025-12-20T22:01:42+01:00,2026-07-30T20:35:18+02:00,c1e8b28c1e7d7a3fee5e15aef137db2b759ede75562763a907bb116cb233e1c9,5449cdd9fde0eeabcaef9f98b6658874e2717acbb15ea1c2b723050221cf70b1,IA_test/12.21 N3G10/w02,True
IA_test/12.21 N3G10/w02/case_6dc6b2ab-4d29-44fa-a85f-5e86f0132a64.fem,C:\Users\26096\Desktop\em\FP\IA_test\12.21 N3G10\w02\case_6dc6b2ab-4d29-44fa-a85f-5e86f0132a64.fem,case_6dc6b2ab-4d29-44fa-a85f-5e86f0132a64.fem,case_6dc6b2ab-4d29-44fa-a85f-5e86f0132a64,.fem,148145,2025-12-20T21:59:18+01:00,2026-07-30T20:35:18+02:00,fe3566fcaab106ec41fedfc6db9d49b661103cacbb91a1e27ca0ef676a6f6db8,2d464b9168d3dcbc83151c1240fbed1a30eff8bdb0b96527effa693dec7fa7f8,IA_test/12.21 N3G10/w02,True
IA_test/12.21 N3G10/w02/case_6ea371ff-ec56-4ae1-90b7-9c6394e79cb8.ans,C:\Users\26096\Desktop\em\FP\IA_test\12.21 N3G10\w02\case_6ea371ff-ec56-4ae1-90b7-9c6394e79cb8.ans,case_6ea371ff-ec56-4ae1-90b7-9c6394e79cb8.ans,case_6ea371ff-ec56-4ae1-90b7-9c6394e79cb8,.ans,13209638,2025-12-20T20:17:40+01:00,2026-07-30T20:35:18+02:00,c6a4b6d2587e1118ef15aaa173eef19a6c8d72c3f2c5e4ad217668e4b42d4d61,03055e884de28b909bf275592f945b2a43cc09e33df02f779bd5889b7d4f11d5,IA_test/12.21 N3G10/w02,True
IA_test/12.21 N3G10/w02/case_6ea371ff-ec56-4ae1-90b7-9c6394e79cb8.fem,C:\Users\26096\Desktop\em\FP\IA_test\12.21 N3G10\w02\case_6ea371ff-ec56-4ae1-90b7-9c6394e79cb8.fem,case_6ea371ff-ec56-4ae1-90b7-9c6394e79cb8.fem,case_6ea371ff-ec56-4ae1-90b7-9c6394e79cb8,.fem,148205,2025-12-20T20:14:06+01:00,2026-07-30T20:35:18+02:00,2457bb6347c10f28ddf4c4016ade396329b4ad3d3db0c98ab35922aad787cbc3,d04e33642c2c64fa26a6c9b0ac1d5b6e00ddfd80743551fee2e8ff5139b5a5c9,IA_test/12.21 N3G10/w02,True
IA_test/12.21 N3G10/w02/case_7406642a-8a7f-44e5-a919-9d6bdcdf667f.ans,C:\Users\26096\Desktop\em\FP\IA_test\12.21 N3G10\w02\case_7406642a-8a7f-44e5-a919-9d6bdcdf667f.ans,case_7406642a-8a7f-44e5-a919-9d6bdcdf667f.ans,case_7406642a-8a7f-44e5-a919-9d6bdcdf667f,.ans,13229249,2025-12-20T21:11:36+01:00,2026-07-30T20:35:18+02:00,5c5e5db77dcb0c8bacffe1c8b821d9a089339ee47845a7176fd97555e91923f8,,IA_test/12.21 N3G10/w02,True
IA_test/12.21 N3G10/w02/case_7406642a-8a7f-44e5-a919-9d6bdcdf667f.fem,C:\Users\26096\Desktop\em\FP\IA_test\12.21 N3G10\w02\case_7406642a-8a7f-44e5-a919-9d6bdcdf667f.fem,case_7406642a-8a7f-44e5-a919-9d6bdcdf667f.fem,case_7406642a-8a7f-44e5-a919-9d6bdcdf667f,.fem,148145,2025-12-20T21:08:30+01:00,2026-07-30T20:35:18+02:00,fb4e080265264c184fcb113593195ec37fc511322a94944cd5d9bdc266148361,,IA_test/12.21 N3G10/w02,True
IA_test/12.21 N3G10/w02/case_749129f2-9526-483c-aeb7-23858e7b0e59.ans,C:\Users\26096\Desktop\em\FP\IA_test\12.21 N3G10\w02\case_749129f2-9526-483c-aeb7-23858e7b0e59.ans,case_749129f2-9526-483c-aeb7-23858e7b0e59.ans,case_749129f2-9526-483c-aeb7-23858e7b0e59,.ans,13244515,2025-12-20T17:13:04+01:00,2026-07-30T20:35:18+02:00,07fa79ca678d8666d9747d66089e9e45b452d206eaf4c59edaa34e2b727fed7c,,IA_test/12.21 N3G10/w02,True
IA_test/12.21 N3G10/w02/case_749129f2-9526-483c-aeb7-23858e7b0e59.fem,C:\Users\26096\Desktop\em\FP\IA_test\12.21 N3G10\w02\case_749129f2-9526-483c-aeb7-23858e7b0e59.fem,case_749129f2-9526-483c-aeb7-23858e7b0e59.fem,case_749129f2-9526-483c-aeb7-23858e7b0e59,.fem,148145,2025-12-20T17:10:26+01:00,2026-07-30T20:35:18+02:00,c51b607c54825610cc0c1a187b0324062f9d30efb7a6459d3f732c2a7456ae75,,IA_test/12.21 N3G10/w02,True
IA_test/12.21 N3G10/w02/case_85e13400-b93f-41d7-a022-6af54ca5fdf6.ans,C:\Users\26096\Desktop\em\FP\IA_test\12.21 N3G10\w02\case_85e13400-b93f-41d7-a022-6af54ca5fdf6.ans,case_85e13400-b93f-41d7-a022-6af54ca5fdf6.ans,case_85e13400-b93f-41d7-a022-6af54ca5fdf6,.ans,13330266,2025-12-20T12:29:14+01:00,2026-07-30T20:35:18+02:00,0a4bbea97c038471db3cb585b43cd06ee6db392787ddc8672eb163963b2dfa62,1dd0c7144e2a92eac4f4806b2a2a585001281e8c3ccf736670fab80d11e03fdc,IA_test/12.21 N3G10/w02,True
IA_test/12.21 N3G10/w02/case_85e13400-b93f-41d7-a022-6af54ca5fdf6.fem,C:\Users\26096\Desktop\em\FP\IA_test\12.21 N3G10\w02\case_85e13400-b93f-41d7-a022-6af54ca5fdf6.fem,case_85e13400-b93f-41d7-a022-6af54ca5fdf6.fem,case_85e13400-b93f-41d7-a022-6af54ca5fdf6,.fem,148145,2025-12-20T12:26:18+01:00,2026-07-30T20:35:19+02:00,fb344e72fd0f2fb8d449e77ef08e86e339d3373da467ec45a3d23e822323142a,6e19e2eee98e43c0a4ab6651439cdb672f773e01d7bbbe60ecb082151464e86f,IA_test/12.21 N3G10/w02,True
IA_test/12.21 N3G10/w02/case_8b670471-529a-4d49-9e45-f711c972ed03.ans,C:\Users\26096\Desktop\em\FP\IA_test\12.21 N3G10\w02\case_8b670471-529a-4d49-9e45-f711c972ed03.ans,case_8b670471-529a-4d49-9e45-f711c972ed03.ans,case_8b670471-529a-4d49-9e45-f711c972ed03,.ans,13353938,2025-12-20T13:36:50+01:00,2026-07-30T20:35:19+02:00,b745ada3a570f7fbbfd4c7fcb58a5d5c224cbc4f94a09fa2fdc088167ef85f1e,53763377585b995bcb4af4fb9336f9ce867a162e1ed0c79a6f4392a26bb23b62,IA_test/12.21 N3G10/w02,True
IA_test/12.21 N3G10/w02/case_8b670471-529a-4d49-9e45-f711c972ed03.fem,C:\Users\26096\Desktop\em\FP\IA_test\12.21 N3G10\w02\case_8b670471-529a-4d49-9e45-f711c972ed03.fem,case_8b670471-529a-4d49-9e45-f711c972ed03.fem,case_8b670471-529a-4d49-9e45-f711c972ed03,.fem,148145,2025-12-20T13:33:56+01:00,2026-07-30T20:35:19+02:00,dc0bbbd52f7dc2aa276841e6dae12ba091624c7d18b7677b40dadeacc3e10f37,68320e06bb0d948996f4e5930c2b801c55eaee556c9dcfda99d8be84c68f4c9d,IA_test/12.21 N3G10/w02,True
IA_test/12.21 N3G10/w02/case_9ea14e95-b1d5-4690-b666-91fd603a3230.ans,C:\Users\26096\Desktop\em\FP\IA_test\12.21 N3G10\w02\case_9ea14e95-b1d5-4690-b666-91fd603a3230.ans,case_9ea14e95-b1d5-4690-b666-91fd603a3230.ans,case_9ea14e95-b1d5-4690-b666-91fd603a3230,.ans,13253090,2025-12-20T23:01:04+01:00,2026-07-30T20:35:19+02:00,f8d4d39e6aeb8456c228bbac0692445365e845f59f3a4b879ee279d98ba29997,,IA_test/12.21 N3G10/w02,True
IA_test/12.21 N3G10/w02/case_9ea14e95-b1d5-4690-b666-91fd603a3230.fem,C:\Users\26096\Desktop\em\FP\IA_test\12.21 N3G10\w02\case_9ea14e95-b1d5-4690-b666-91fd603a3230.fem,case_9ea14e95-b1d5-4690-b666-91fd603a3230.fem,case_9ea14e95-b1d5-4690-b666-91fd603a3230,.fem,148145,2025-12-20T22:58:20+01:00,2026-07-30T20:35:19+02:00,57785a1ec3b5cdb3e9bebd29be9883b4bb536c028eb5626d53c5feffd2f8252c,,IA_test/12.21 N3G10/w02,True
IA_test/12.21 N3G10/w02/case_a15f2e35-e60e-4aed-9a5f-94ee4990f15c.ans,C:\Users\26096\Desktop\em\FP\IA_test\12.21 N3G10\w02\case_a15f2e35-e60e-4aed-9a5f-94ee4990f15c.ans,case_a15f2e35-e60e-4aed-9a5f-94ee4990f15c.ans,case_a15f2e35-e60e-4aed-9a5f-94ee4990f15c,.ans,13253324,2025-12-20T22:49:56+01:00,2026-07-30T20:35:19+02:00,d346231417d87a8c93498e6e0d1cc529f324d41e80c784bc580bba8045a4825c,,IA_test/12.21 N3G10/w02,True
IA_test/12.21 N3G10/w02/case_a15f2e35-e60e-4aed-9a5f-94ee4990f15c.fem,C:\Users\26096\Desktop\em\FP\IA_test\12.21 N3G10\w02\case_a15f2e35-e60e-4aed-9a5f-94ee4990f15c.fem,case_a15f2e35-e60e-4aed-9a5f-94ee4990f15c.fem,case_a15f2e35-e60e-4aed-9a5f-94ee4990f15c,.fem,148145,2025-12-20T22:47:40+01:00,2026-07-30T20:35:19+02:00,2a4fe25d8bfbba9ae80a325eaf4258cd73ac7e140080df676f25c62ebabc8cf8,,IA_test/12.21 N3G10/w02,True
IA_test/12.21 N3G10/w02/case_a7ecd80d-fb62-407c-b380-670fa66c3f66.ans,C:\Users\26096\Desktop\em\FP\IA_test\12.21 N3G10\w02\case_a7ecd80d-fb62-407c-b380-670fa66c3f66.ans,case_a7ecd80d-fb62-407c-b380-670fa66c3f66.ans,case_a7ecd80d-fb62-407c-b380-670fa66c3f66,.ans,13245102,2025-12-20T19:34:32+01:00,2026-07-30T20:35:19+02:00,9880a316c8adbfd575c51c697e2b745668a31caa73cd56e87aec581cd1d7ab14,6b9d7294f6d90b09d45cf8fd85ca1c99a38874a7dca7b40621465ba1f29f6429,IA_test/12.21 N3G10/w02,True
IA_test/12.21 N3G10/w02/case_a7ecd80d-fb62-407c-b380-670fa66c3f66.fem,C:\Users\26096\Desktop\em\FP\IA_test\12.21 N3G10\w02\case_a7ecd80d-fb62-407c-b380-670fa66c3f66.fem,case_a7ecd80d-fb62-407c-b380-670fa66c3f66.fem,case_a7ecd80d-fb62-407c-b380-670fa66c3f66,.fem,148145,2025-12-20T19:31:42+01:00,2026-07-30T20:35:19+02:00,14de8866cbf796ba67d81c72bab004c82f57e50a8ebf4bff3e891bd776097937,cb03037ca193941ec13b891950258fc92efbe640bb09b2a1d5aeaf90898c3814,IA_test/12.21 N3G10/w02,True
IA_test/12.21 N3G10/w02/case_b387b2c3-8c37-4860-bddb-cac9004396a6.ans,C:\Users\26096\Desktop\em\FP\IA_test\12.21 N3G10\w02\case_b387b2c3-8c37-4860-bddb-cac9004396a6.ans,case_b387b2c3-8c37-4860-bddb-cac9004396a6.ans,case_b387b2c3-8c37-4860-bddb-cac9004396a6,.ans,13316060,2025-12-20T19:22:32+01:00,2026-07-30T20:35:19+02:00,c7c32e2f01a6393625de5ef9b51726a39379747dc68754b7094fea1ffda01ca6,,IA_test/12.21 N3G10/w02,True
IA_test/12.21 N3G10/w02/case_b387b2c3-8c37-4860-bddb-cac9004396a6.fem,C:\Users\26096\Desktop\em\FP\IA_test\12.21 N3G10\w02\case_b387b2c3-8c37-4860-bddb-cac9004396a6.fem,case_b387b2c3-8c37-4860-bddb-cac9004396a6.fem,case_b387b2c3-8c37-4860-bddb-cac9004396a6,.fem,148145,2025-12-20T19:20:02+01:00,2026-07-30T20:35:19+02:00,82dffc72c1b3aa5c632950b5ff75495c6c26216913dca57bc3f26e7a8a98994d,,IA_test/12.21 N3G10/w02,True
IA_test/12.21 N3G10/w02/case_bbd260f1-8d6a-4e88-bc2a-800810968b5c.ans,C:\Users\26096\Desktop\em\FP\IA_test\12.21 N3G10\w02\case_bbd260f1-8d6a-4e88-bc2a-800810968b5c.ans,case_bbd260f1-8d6a-4e88-bc2a-800810968b5c.ans,case_bbd260f1-8d6a-4e88-bc2a-800810968b5c,.ans,13299942,2025-12-20T22:14:04+01:00,2026-07-30T20:35:19+02:00,625cdc9d3be9fbfbc51bbe1a1dcb0c3eeb3240ed8dae90041a153865651a1a4a,,IA_test/12.21 N3G10/w02,True
IA_test/12.21 N3G10/w02/case_bbd260f1-8d6a-4e88-bc2a-800810968b5c.fem,C:\Users\26096\Desktop\em\FP\IA_test\12.21 N3G10\w02\case_bbd260f1-8d6a-4e88-bc2a-800810968b5c.fem,case_bbd260f1-8d6a-4e88-bc2a-800810968b5c.fem,case_bbd260f1-8d6a-4e88-bc2a-800810968b5c,.fem,148145,2025-12-20T22:11:24+01:00,2026-07-30T20:35:19+02:00,81cd6b8c13b8600069ec15a34517d3aba5736919f3575e6f85f628ca4db38865,,IA_test/12.21 N3G10/w02,True
IA_test/12.21 N3G10/w02/case_bc015e21-0860-4f7a-99ed-3a22058d8ee7.ans,C:\Users\26096\Desktop\em\FP\IA_test\12.21 N3G10\w02\case_bc015e21-0860-4f7a-99ed-3a22058d8ee7.ans,case_bc015e21-0860-4f7a-99ed-3a22058d8ee7.ans,case_bc015e21-0860-4f7a-99ed-3a22058d8ee7,.ans,13178101,2025-12-20T18:20:46+01:00,2026-07-30T20:35:19+02:00,64fe9a8535edf7cdecb82fad10ea10e900be2c864a84775a72bbc0eeb9ad3327,9f8ccda3349c55d3612e3e4642fad24396a8e9676f374ac3c44c4404dce14e06,IA_test/12.21 N3G10/w02,True
IA_test/12.21 N3G10/w02/case_bc015e21-0860-4f7a-99ed-3a22058d8ee7.fem,C:\Users\26096\Desktop\em\FP\IA_test\12.21 N3G10\w02\case_bc015e21-0860-4f7a-99ed-3a22058d8ee7.fem,case_bc015e21-0860-4f7a-99ed-3a22058d8ee7.fem,case_bc015e21-0860-4f7a-99ed-3a22058d8ee7,.fem,148145,2025-12-20T18:17:26+01:00,2026-07-30T20:35:20+02:00,4f5d8b4ed2ead440d78532ae9283346e0a9d6867e26fd1b94271d1ecea6736a4,f3f500b2a8381539e8e1bac355dd483599b65d03865374d0b6b248671df23417,IA_test/12.21 N3G10/w02,True
IA_test/12.21 N3G10/w02/case_bd182655-75e0-4b80-8bad-90b1cb383d32.ans,C:\Users\26096\Desktop\em\FP\IA_test\12.21 N3G10\w02\case_bd182655-75e0-4b80-8bad-90b1cb383d32.ans,case_bd182655-75e0-4b80-8bad-90b1cb383d32.ans,case_bd182655-75e0-4b80-8bad-90b1cb383d32,.ans,13275086,2025-12-20T23:12:30+01:00,2026-07-30T20:35:20+02:00,1e07f3338dd95887dbbef8315af8b59a3a4d81fab950c1c185e191c0748a4763,,IA_test/12.21 N3G10/w02,True
IA_test/12.21 N3G10/w02/case_bd182655-75e0-4b80-8bad-90b1cb383d32.fem,C:\Users\26096\Desktop\em\FP\IA_test\12.21 N3G10\w02\case_bd182655-75e0-4b80-8bad-90b1cb383d32.fem,case_bd182655-75e0-4b80-8bad-90b1cb383d32.fem,case_bd182655-75e0-4b80-8bad-90b1cb383d32,.fem,148145,2025-12-20T23:20:58+01:00,2026-07-30T20:35:20+02:00,04d73fa3d0fe3fb366b31289d2644420b61b8ae22950c13176a5bca532b2f2df,,IA_test/12.21 N3G10/w02,True
IA_test/12.21 N3G10/w02/case_bf096598-6d7f-40f1-baff-576a499c62f8.ans,C:\Users\26096\Desktop\em\FP\IA_test\12.21 N3G10\w02\case_bf096598-6d7f-40f1-baff-576a499c62f8.ans,case_bf096598-6d7f-40f1-baff-576a499c62f8.ans,case_bf096598-6d7f-40f1-baff-576a499c62f8,.ans,13280696,2025-12-20T21:36:38+01:00,2026-07-30T20:35:20+02:00,af857951d73258bd16e15b45b0e94922de03c02864e99a8e6d00a517ccd6ca8b,506c0e4540d68fd0c62fff9dd780a4968d20d7a03e1b639bc455bc0c73591e2d,IA_test/12.21 N3G10/w02,True
IA_test/12.21 N3G10/w02/case_bf096598-6d7f-40f1-baff-576a499c62f8.fem,C:\Users\26096\Desktop\em\FP\IA_test\12.21 N3G10\w02\case_bf096598-6d7f-40f1-baff-576a499c62f8.fem,case_bf096598-6d7f-40f1-baff-576a499c62f8.fem,case_bf096598-6d7f-40f1-baff-576a499c62f8,.fem,148145,2025-12-20T21:33:46+01:00,2026-07-30T20:35:20+02:00,a5515a4716eaa376cd4180bc9a5c87a864e119f96183198589f0bbd1c37a8a89,516dc00d2a9c212f3beeac5467205f7d996a473f895d98b098c2922532f53523,IA_test/12.21 N3G10/w02,True
IA_test/12.21 N3G10/w02/case_c876b0c1-ceff-482e-9d89-1d2d2ed0610a.ans,C:\Users\26096\Desktop\em\FP\IA_test\12.21 N3G10\w02\case_c876b0c1-ceff-482e-9d89-1d2d2ed0610a.ans,case_c876b0c1-ceff-482e-9d89-1d2d2ed0610a.ans,case_c876b0c1-ceff-482e-9d89-1d2d2ed0610a,.ans,13289858,2025-12-20T18:31:12+01:00,2026-07-30T20:35:20+02:00,3ce9ebf2d97ca75d224e5a1797e866963eb932047b943e611211c993cffbae51,c3bc971ad37b446d3f1aae0e41764024ef0d779c027cff3f3039d5f5f3e9c0be,IA_test/12.21 N3G10/w02,True
IA_test/12.21 N3G10/w02/case_c876b0c1-ceff-482e-9d89-1d2d2ed0610a.fem,C:\Users\26096\Desktop\em\FP\IA_test\12.21 N3G10\w02\case_c876b0c1-ceff-482e-9d89-1d2d2ed0610a.fem,case_c876b0c1-ceff-482e-9d89-1d2d2ed0610a.fem,case_c876b0c1-ceff-482e-9d89-1d2d2ed0610a,.fem,148145,2025-12-20T18:29:14+01:00,2026-07-30T20:35:20+02:00,1c1eccb6025d83ccf81aa35f64343d7138ae4bf36412cc5c80ade35a0ca75cfb,7712d2df5471fbd2f83191510af49021a0191d53d66b86d63d0fbf761fdb418c,IA_test/12.21 N3G10/w02,True
IA_test/12.21 N3G10/w02/case_ce520cd2-7cf9-421b-ba62-b8af3d02a342.ans,C:\Users\26096\Desktop\em\FP\IA_test\12.21 N3G10\w02\case_ce520cd2-7cf9-421b-ba62-b8af3d02a342.ans,case_ce520cd2-7cf9-421b-ba62-b8af3d02a342.ans,case_ce520cd2-7cf9-421b-ba62-b8af3d02a342,.ans,13321785,2025-12-20T17:23:24+01:00,2026-07-30T20:35:20+02:00,2149923cd8db0e39b2dbb3acb0dc8874af6ffe7e45a28fc5daa6e5615b1afd0e,1da2aa420cf6ecd327967876439a56d0577025c145cc4194ebb6f2ec2520c3e0,IA_test/12.21 N3G10/w02,True
IA_test/12.21 N3G10/w02/case_ce520cd2-7cf9-421b-ba62-b8af3d02a342.fem,C:\Users\26096\Desktop\em\FP\IA_test\12.21 N3G10\w02\case_ce520cd2-7cf9-421b-ba62-b8af3d02a342.fem,case_ce520cd2-7cf9-421b-ba62-b8af3d02a342.fem,case_ce520cd2-7cf9-421b-ba62-b8af3d02a342,.fem,148145,2025-12-20T17:21:04+01:00,2026-07-30T20:35:20+02:00,3b032898c208f6daac477dbcc9f2e854666641c73a5ba7aeaa46f24f2a661d24,376df9882d787a10209015a3ed9f8387fda0b4a9c51e09a2de7c69a13527dfdf,IA_test/12.21 N3G10/w02,True
IA_test/12.21 N3G10/w02/case_cfab5013-eb64-4989-a962-dd508f6cb161.ans,C:\Users\26096\Desktop\em\FP\IA_test\12.21 N3G10\w02\case_cfab5013-eb64-4989-a962-dd508f6cb161.ans,case_cfab5013-eb64-4989-a962-dd508f6cb161.ans,case_cfab5013-eb64-4989-a962-dd508f6cb161,.ans,13331434,2025-12-20T12:15:30+01:00,2026-07-30T20:35:20+02:00,838669d019e5c77064ee2eedc7d657778a6076de3dcda625ee1ebedde86b0a3f,,IA_test/12.21 N3G10/w02,True
IA_test/12.21 N3G10/w02/case_cfab5013-eb64-4989-a962-dd508f6cb161.fem,C:\Users\26096\Desktop\em\FP\IA_test\12.21 N3G10\w02\case_cfab5013-eb64-4989-a962-dd508f6cb161.fem,case_cfab5013-eb64-4989-a962-dd508f6cb161.fem,case_cfab5013-eb64-4989-a962-dd508f6cb161,.fem,148145,2025-12-20T12:12:34+01:00,2026-07-30T20:35:20+02:00,d268bb3250ccae0acabab9bf15d9bcd85161450bc57f60baafdfca7c92cd716b,,IA_test/12.21 N3G10/w02,True
IA_test/12.21 N3G10/w02/case_e4af992a-7c33-4699-bed8-01c1709c43ce.ans,C:\Users\26096\Desktop\em\FP\IA_test\12.21 N3G10\w02\case_e4af992a-7c33-4699-bed8-01c1709c43ce.ans,case_e4af992a-7c33-4699-bed8-01c1709c43ce.ans,case_e4af992a-7c33-4699-bed8-01c1709c43ce,.ans,13250546,2025-12-20T17:02:42+01:00,2026-07-30T20:35:20+02:00,d5bdbdd7fdc16aeeb4402dee651b51fa7a5cce95a8d1a16980ed2a01c74c984e,,IA_test/12.21 N3G10/w02,True
IA_test/12.21 N3G10/w02/case_e4af992a-7c33-4699-bed8-01c1709c43ce.fem,C:\Users\26096\Desktop\em\FP\IA_test\12.21 N3G10\w02\case_e4af992a-7c33-4699-bed8-01c1709c43ce.fem,case_e4af992a-7c33-4699-bed8-01c1709c43ce.fem,case_e4af992a-7c33-4699-bed8-01c1709c43ce,.fem,148145,2025-12-20T16:59:38+01:00,2026-07-30T20:35:21+02:00,d4d5bf86f8699541e880ce852f10e6d49f6167fa5702057e96c396e8de40ba6e,,IA_test/12.21 N3G10/w02,True
IA_test/12.21 N3G10/w02/case_f101242a-3f2d-456a-82aa-760b9fc8948a.ans,C:\Users\26096\Desktop\em\FP\IA_test\12.21 N3G10\w02\case_f101242a-3f2d-456a-82aa-760b9fc8948a.ans,case_f101242a-3f2d-456a-82aa-760b9fc8948a.ans,case_f101242a-3f2d-456a-82aa-760b9fc8948a,.ans,13283755,2025-12-20T13:06:48+01:00,2026-07-30T20:35:21+02:00,35165f0bfc4ffd21e0032587ac1649b3b8bc7db52261a08bb18970f80a122ab5,,IA_test/12.21 N3G10/w02,True
IA_test/12.21 N3G10/w02/case_f101242a-3f2d-456a-82aa-760b9fc8948a.fem,C:\Users\26096\Desktop\em\FP\IA_test\12.21 N3G10\w02\case_f101242a-3f2d-456a-82aa-760b9fc8948a.fem,case_f101242a-3f2d-456a-82aa-760b9fc8948a.fem,case_f101242a-3f2d-456a-82aa-760b9fc8948a,.fem,148145,2025-12-20T13:04:10+01:00,2026-07-30T20:35:21+02:00,9f0c1a35fb56d7ee01907d4b4f9bfdaba3506b8bec584cdcd0a82912c2b55faa,,IA_test/12.21 N3G10/w02,True
IA_test/12.21 N3G10/w02/case_f1aab01c-3f34-43bd-b140-90988461ff8b.ans,C:\Users\26096\Desktop\em\FP\IA_test\12.21 N3G10\w02\case_f1aab01c-3f34-43bd-b140-90988461ff8b.ans,case_f1aab01c-3f34-43bd-b140-90988461ff8b.ans,case_f1aab01c-3f34-43bd-b140-90988461ff8b,.ans,13251854,2025-12-20T17:35:34+01:00,2026-07-30T20:35:21+02:00,bafab31cadad89e9808ca54bc41e8b3eee94f263dc35c759e2cc517345efa1d3,60f919a82315fe29203cc4931c50d38aa61e7c78db886d9d869d2b79d0b0a3ee,IA_test/12.21 N3G10/w02,True
IA_test/12.21 N3G10/w02/case_f1aab01c-3f34-43bd-b140-90988461ff8b.fem,C:\Users\26096\Desktop\em\FP\IA_test\12.21 N3G10\w02\case_f1aab01c-3f34-43bd-b140-90988461ff8b.fem,case_f1aab01c-3f34-43bd-b140-90988461ff8b.fem,case_f1aab01c-3f34-43bd-b140-90988461ff8b,.fem,148145,2025-12-20T17:33:00+01:00,2026-07-30T20:35:21+02:00,2a6033fff871c6b8df534a1a6b0bbcd973e33d9cf48e6834c831f0dd03ba406a,e005eadbc0e154f8f85c12c043ff36ecb65d99111e965182461f9ef05049b11f,IA_test/12.21 N3G10/w02,True
IA_test/12.21 N3G10/w02/case_fea96c20-f768-4d65-83bf-57b62578b9b1.ans,C:\Users\26096\Desktop\em\FP\IA_test\12.21 N3G10\w02\case_fea96c20-f768-4d65-83bf-57b62578b9b1.ans,case_fea96c20-f768-4d65-83bf-57b62578b9b1.ans,case_fea96c20-f768-4d65-83bf-57b62578b9b1,.ans,13293280,2025-12-20T20:02:36+01:00,2026-07-30T20:35:21+02:00,3e3ec3ff9ae9b89799855a40a68b2ec2f6ecb3d19a42f12c0113be71e96f7087,,IA_test/12.21 N3G10/w02,True
IA_test/12.21 N3G10/w02/case_fea96c20-f768-4d65-83bf-57b62578b9b1.fem,C:\Users\26096\Desktop\em\FP\IA_test\12.21 N3G10\w02\case_fea96c20-f768-4d65-83bf-57b62578b9b1.fem,case_fea96c20-f768-4d65-83bf-57b62578b9b1.fem,case_fea96c20-f768-4d65-83bf-57b62578b9b1,.fem,148145,2025-12-20T20:00:08+01:00,2026-07-30T20:35:21+02:00,7da36f215f2640330d0adb94135bec0327d043b7557843a2ae6a12f9d9710666,,IA_test/12.21 N3G10/w02,True
IA_test/12.21 N3G10/w03/blank_inset_9x5_w03.fem,C:\Users\26096\Desktop\em\FP\IA_test\12.21 N3G10\w03\blank_inset_9x5_w03.fem,blank_inset_9x5_w03.fem,blank_inset_9x5_w03,.fem,118447,2025-12-18T13:38:44+01:00,2026-07-30T20:35:21+02:00,e02f3c7be2948df91c321c2bddb30b9bf2e9a6dc522fdc92724234fbc5713fb6,3ee6ec4df00b80590fdeee227d40ee113b5b3512b3610e88a1053cd0e4499170,IA_test/12.21 N3G10/w03,True
IA_test/12.21 N3G10/w03/case_000001.ans,C:\Users\26096\Desktop\em\FP\IA_test\12.21 N3G10\w03\case_000001.ans,case_000001.ans,case_000001,.ans,13266248,2025-12-20T11:47:30+01:00,2026-07-30T20:35:21+02:00,c2baf62a3568cdb28f884447b1bbf848bc9f7225f1afa3533bd4a25d2ea55943,,IA_test/12.21 N3G10/w03,True
IA_test/12.21 N3G10/w03/case_000001.fem,C:\Users\26096\Desktop\em\FP\IA_test\12.21 N3G10\w03\case_000001.fem,case_000001.fem,case_000001,.fem,148144,2025-12-20T11:56:26+01:00,2026-07-30T20:35:21+02:00,755d6ed3a288e572f191619ee608b510c27f1d0c65cf06c6ee8cee1ea8a18516,,IA_test/12.21 N3G10/w03,True
IA_test/12.21 N3G10/w03/case_0110943c-ca16-4544-815a-5016dd1279f1.ans,C:\Users\26096\Desktop\em\FP\IA_test\12.21 N3G10\w03\case_0110943c-ca16-4544-815a-5016dd1279f1.ans,case_0110943c-ca16-4544-815a-5016dd1279f1.ans,case_0110943c-ca16-4544-815a-5016dd1279f1,.ans,13330266,2025-12-20T12:53:16+01:00,2026-07-30T20:35:21+02:00,0a4bbea97c038471db3cb585b43cd06ee6db392787ddc8672eb163963b2dfa62,1dd0c7144e2a92eac4f4806b2a2a585001281e8c3ccf736670fab80d11e03fdc,IA_test/12.21 N3G10/w03,True
IA_test/12.21 N3G10/w03/case_0110943c-ca16-4544-815a-5016dd1279f1.fem,C:\Users\26096\Desktop\em\FP\IA_test\12.21 N3G10\w03\case_0110943c-ca16-4544-815a-5016dd1279f1.fem,case_0110943c-ca16-4544-815a-5016dd1279f1.fem,case_0110943c-ca16-4544-815a-5016dd1279f1,.fem,148145,2025-12-20T12:50:22+01:00,2026-07-30T20:35:22+02:00,fb344e72fd0f2fb8d449e77ef08e86e339d3373da467ec45a3d23e822323142a,6e19e2eee98e43c0a4ab6651439cdb672f773e01d7bbbe60ecb082151464e86f,IA_test/12.21 N3G10/w03,True
IA_test/12.21 N3G10/w03/case_07b5eb98-9a38-4771-b597-00e1c31895b2.ans,C:\Users\26096\Desktop\em\FP\IA_test\12.21 N3G10\w03\case_07b5eb98-9a38-4771-b597-00e1c31895b2.ans,case_07b5eb98-9a38-4771-b597-00e1c31895b2.ans,case_07b5eb98-9a38-4771-b597-00e1c31895b2,.ans,13211494,2025-12-20T14:17:28+01:00,2026-07-30T20:35:22+02:00,a850a71abf76717e6b0856a8986867b8f0efb50d704c643d3d4bd3ebf9a13904,9a2075a8f983305c6134deb3587fa175f1b9bc4c7cf504a009b93dc5a00491fb,IA_test/12.21 N3G10/w03,True
IA_test/12.21 N3G10/w03/case_07b5eb98-9a38-4771-b597-00e1c31895b2.fem,C:\Users\26096\Desktop\em\FP\IA_test\12.21 N3G10\w03\case_07b5eb98-9a38-4771-b597-00e1c31895b2.fem,case_07b5eb98-9a38-4771-b597-00e1c31895b2.fem,case_07b5eb98-9a38-4771-b597-00e1c31895b2,.fem,148187,2025-12-20T14:14:36+01:00,2026-07-30T20:35:22+02:00,9724831c6c83877a10a0045974e21c75fb33bfd89e299f8ac2767609dcc30149,136ec7394db338493f61ec85f03f80856bc6328719547e42cfd924611bc81bf1,IA_test/12.21 N3G10/w03,True
IA_test/12.21 N3G10/w03/case_0b166cbf-45e8-4aa7-9bcb-a44f87362407.ans,C:\Users\26096\Desktop\em\FP\IA_test\12.21 N3G10\w03\case_0b166cbf-45e8-4aa7-9bcb-a44f87362407.ans,case_0b166cbf-45e8-4aa7-9bcb-a44f87362407.ans,case_0b166cbf-45e8-4aa7-9bcb-a44f87362407,.ans,13284814,2025-12-20T17:48:50+01:00,2026-07-30T20:35:22+02:00,607fb0d5eb9ca207a8b3a7281e5545078fd2cf7e81fce77440dfed160d92f1af,017d5ebe4c88620f00ecf0510ebf935e348d6de917490afae898c8b1b6a82a73,IA_test/12.21 N3G10/w03,True
IA_test/12.21 N3G10/w03/case_0b166cbf-45e8-4aa7-9bcb-a44f87362407.fem,C:\Users\26096\Desktop\em\FP\IA_test\12.21 N3G10\w03\case_0b166cbf-45e8-4aa7-9bcb-a44f87362407.fem,case_0b166cbf-45e8-4aa7-9bcb-a44f87362407.fem,case_0b166cbf-45e8-4aa7-9bcb-a44f87362407,.fem,148145,2025-12-20T17:46:16+01:00,2026-07-30T20:35:22+02:00,a7ba80dd01427a18d260ac848017c1fe0147c60fb6216aacef0b39cac3ae8db0,e2d80f57f4b859534f813360a18ab5c25279aa38dd1ccd5705988d43edfc7145,IA_test/12.21 N3G10/w03,True
IA_test/12.21 N3G10/w03/case_0be1acca-91d2-4158-98fd-0fd1eb36f24d.ans,C:\Users\26096\Desktop\em\FP\IA_test\12.21 N3G10\w03\case_0be1acca-91d2-4158-98fd-0fd1eb36f24d.ans,case_0be1acca-91d2-4158-98fd-0fd1eb36f24d.ans,case_0be1acca-91d2-4158-98fd-0fd1eb36f24d,.ans,13338146,2025-12-20T12:38:56+01:00,2026-07-30T20:35:22+02:00,c6687d3737cf421e5395442e559e621957597b5c3fe077090e52d6df5f2eeef6,,IA_test/12.21 N3G10/w03,True
IA_test/12.21 N3G10/w03/case_0be1acca-91d2-4158-98fd-0fd1eb36f24d.fem,C:\Users\26096\Desktop\em\FP\IA_test\12.21 N3G10\w03\case_0be1acca-91d2-4158-98fd-0fd1eb36f24d.fem,case_0be1acca-91d2-4158-98fd-0fd1eb36f24d.fem,case_0be1acca-91d2-4158-98fd-0fd1eb36f24d,.fem,148145,2025-12-20T12:36:14+01:00,2026-07-30T20:35:22+02:00,954a4f482e5b4c74666d1d3c8e47f5855549937b3e79b2abd5d63354ffb235e0,,IA_test/12.21 N3G10/w03,True
IA_test/12.21 N3G10/w03/case_1bb73884-c37c-428d-a599-1a10b170ec9a.ans,C:\Users\26096\Desktop\em\FP\IA_test\12.21 N3G10\w03\case_1bb73884-c37c-428d-a599-1a10b170ec9a.ans,case_1bb73884-c37c-428d-a599-1a10b170ec9a.ans,case_1bb73884-c37c-428d-a599-1a10b170ec9a,.ans,13267650,2025-12-20T13:38:44+01:00,2026-07-30T20:35:22+02:00,c2f27f1132c265638758e53b06de5c055a52672bb692308079f368a9c0361e29,,IA_test/12.21 N3G10/w03,True
IA_test/12.21 N3G10/w03/case_1bb73884-c37c-428d-a599-1a10b170ec9a.fem,C:\Users\26096\Desktop\em\FP\IA_test\12.21 N3G10\w03\case_1bb73884-c37c-428d-a599-1a10b170ec9a.fem,case_1bb73884-c37c-428d-a599-1a10b170ec9a.fem,case_1bb73884-c37c-428d-a599-1a10b170ec9a,.fem,148145,2025-12-20T13:35:44+01:00,2026-07-30T20:35:22+02:00,eda79f522892b81f8d82c219c8789cfcffd7079c216ce9dcd78c46d8a05d6de8,,IA_test/12.21 N3G10/w03,True
IA_test/12.21 N3G10/w03/case_271d3202-ee3a-4537-8732-f53064677824.ans,C:\Users\26096\Desktop\em\FP\IA_test\12.21 N3G10\w03\case_271d3202-ee3a-4537-8732-f53064677824.ans,case_271d3202-ee3a-4537-8732-f53064677824.ans,case_271d3202-ee3a-4537-8732-f53064677824,.ans,13269218,2025-12-20T19:35:52+01:00,2026-07-30T20:35:22+02:00,22f43eed909bd2bc29f5e54b74bd199c545c658dcf0abe9543a6c9d5ccf25ca4,,IA_test/12.21 N3G10/w03,True
IA_test/12.21 N3G10/w03/case_271d3202-ee3a-4537-8732-f53064677824.fem,C:\Users\26096\Desktop\em\FP\IA_test\12.21 N3G10\w03\case_271d3202-ee3a-4537-8732-f53064677824.fem,case_271d3202-ee3a-4537-8732-f53064677824.fem,case_271d3202-ee3a-4537-8732-f53064677824,.fem,148145,2025-12-20T19:33:02+01:00,2026-07-30T20:35:22+02:00,e8eac8934769117d643743f36b7a66da87944695277944aa21a8749fad58658a,,IA_test/12.21 N3G10/w03,True
IA_test/12.21 N3G10/w03/case_2c3e8022-90a4-4ebd-9982-43ab040c88e4.ans,C:\Users\26096\Desktop\em\FP\IA_test\12.21 N3G10\w03\case_2c3e8022-90a4-4ebd-9982-43ab040c88e4.ans,case_2c3e8022-90a4-4ebd-9982-43ab040c88e4.ans,case_2c3e8022-90a4-4ebd-9982-43ab040c88e4,.ans,13303304,2025-12-20T21:37:04+01:00,2026-07-30T20:35:22+02:00,d7a63fb9830cce34e2866a66a2f5efbd58a55e59986bb5e8de60b54813e44a04,,IA_test/12.21 N3G10/w03,True
IA_test/12.21 N3G10/w03/case_2c3e8022-90a4-4ebd-9982-43ab040c88e4.fem,C:\Users\26096\Desktop\em\FP\IA_test\12.21 N3G10\w03\case_2c3e8022-90a4-4ebd-9982-43ab040c88e4.fem,case_2c3e8022-90a4-4ebd-9982-43ab040c88e4.fem,case_2c3e8022-90a4-4ebd-9982-43ab040c88e4,.fem,148145,2025-12-20T21:34:14+01:00,2026-07-30T20:35:23+02:00,baa567002bd370262bf3b2330c67f09c72416554ea6b1da2d1977df00260d8ad,,IA_test/12.21 N3G10/w03,True
IA_test/12.21 N3G10/w03/case_30613252-6f1a-436a-953b-92a27e8260e4.ans,C:\Users\26096\Desktop\em\FP\IA_test\12.21 N3G10\w03\case_30613252-6f1a-436a-953b-92a27e8260e4.ans,case_30613252-6f1a-436a-953b-92a27e8260e4.ans,case_30613252-6f1a-436a-953b-92a27e8260e4,.ans,13270311,2025-12-20T17:15:16+01:00,2026-07-30T20:35:23+02:00,5d58a725789c0282a54329cf7f935012e4d2ac5d2de90dd082be9ff6a6900d77,,IA_test/12.21 N3G10/w03,True
IA_test/12.21 N3G10/w03/case_30613252-6f1a-436a-953b-92a27e8260e4.fem,C:\Users\26096\Desktop\em\FP\IA_test\12.21 N3G10\w03\case_30613252-6f1a-436a-953b-92a27e8260e4.fem,case_30613252-6f1a-436a-953b-92a27e8260e4.fem,case_30613252-6f1a-436a-953b-92a27e8260e4,.fem,148145,2025-12-20T17:12:14+01:00,2026-07-30T20:35:23+02:00,0b46aa000059b2705efc5a3d69c9292e7ea5d72b58ab6ff74797affd4b51ac60,,IA_test/12.21 N3G10/w03,True
IA_test/12.21 N3G10/w03/case_3a8b1934-4441-4d43-b8e7-96228efff4aa.ans,C:\Users\26096\Desktop\em\FP\IA_test\12.21 N3G10\w03\case_3a8b1934-4441-4d43-b8e7-96228efff4aa.ans,case_3a8b1934-4441-4d43-b8e7-96228efff4aa.ans,case_3a8b1934-4441-4d43-b8e7-96228efff4aa,.ans,13252740,2025-12-20T13:51:26+01:00,2026-07-30T20:35:23+02:00,1cbbd664482253bd930e9e74bafe48ca9d7e06600b89d558c57582b85b49f2af,,IA_test/12.21 N3G10/w03,True
IA_test/12.21 N3G10/w03/case_3a8b1934-4441-4d43-b8e7-96228efff4aa.fem,C:\Users\26096\Desktop\em\FP\IA_test\12.21 N3G10\w03\case_3a8b1934-4441-4d43-b8e7-96228efff4aa.fem,case_3a8b1934-4441-4d43-b8e7-96228efff4aa.fem,case_3a8b1934-4441-4d43-b8e7-96228efff4aa,.fem,148145,2025-12-20T13:48:26+01:00,2026-07-30T20:35:23+02:00,f652eedaec2969c80a829c84e3e17414f61b1faddcea24dbe627338e48ddc9d0,,IA_test/12.21 N3G10/w03,True
IA_test/12.21 N3G10/w03/case_3bb26db5-3721-4b15-adf5-92e72e9c38d6.ans,C:\Users\26096\Desktop\em\FP\IA_test\12.21 N3G10\w03\case_3bb26db5-3721-4b15-adf5-92e72e9c38d6.ans,case_3bb26db5-3721-4b15-adf5-92e72e9c38d6.ans,case_3bb26db5-3721-4b15-adf5-92e72e9c38d6,.ans,13316083,2025-12-20T22:49:30+01:00,2026-07-30T20:35:23+02:00,02ddd24dd703b8891cbddb38fc20dd751a1af0729d3e28322ae9f7c347e9fdbd,b95e5009cdcbca9652b78bf75a1bfb23b8f985445df78e7294fbbdab86d2bf40,IA_test/12.21 N3G10/w03,True
IA_test/12.21 N3G10/w03/case_3bb26db5-3721-4b15-adf5-92e72e9c38d6.fem,C:\Users\26096\Desktop\em\FP\IA_test\12.21 N3G10\w03\case_3bb26db5-3721-4b15-adf5-92e72e9c38d6.fem,case_3bb26db5-3721-4b15-adf5-92e72e9c38d6.fem,case_3bb26db5-3721-4b15-adf5-92e72e9c38d6,.fem,148145,2025-12-20T22:47:16+01:00,2026-07-30T20:35:23+02:00,48d0d8b68e243912673ebb2b6a674e8ccabc87e05f72fb7c7674a3be13ce1abe,1dfb0ffdcfffeffb493caf68bb76b4cfd962255e65bc383e54be1824bd4260a7,IA_test/12.21 N3G10/w03,True
IA_test/12.21 N3G10/w03/case_4e22798d-f32f-4a70-80e5-5c7771b2b351.ans,C:\Users\26096\Desktop\em\FP\IA_test\12.21 N3G10\w03\case_4e22798d-f32f-4a70-80e5-5c7771b2b351.ans,case_4e22798d-f32f-4a70-80e5-5c7771b2b351.ans,case_4e22798d-f32f-4a70-80e5-5c7771b2b351,.ans,13271869,2025-12-20T14:39:48+01:00,2026-07-30T20:35:23+02:00,9822d67479daa1c0affa7497754b97c12c7cede9575744cf368a700ebd7471c6,,IA_test/12.21 N3G10/w03,True
IA_test/12.21 N3G10/w03/case_4e22798d-f32f-4a70-80e5-5c7771b2b351.fem,C:\Users\26096\Desktop\em\FP\IA_test\12.21 N3G10\w03\case_4e22798d-f32f-4a70-80e5-5c7771b2b351.fem,case_4e22798d-f32f-4a70-80e5-5c7771b2b351.fem,case_4e22798d-f32f-4a70-80e5-5c7771b2b351,.fem,148145,2025-12-20T14:37:48+01:00,2026-07-30T20:35:23+02:00,1d6546c10479f8876f50cdad86b7a2cadbff2cd1a8309afb0cc8b4a9fe36a067,,IA_test/12.21 N3G10/w03,True
IA_test/12.21 N3G10/w03/case_5f3baec7-3278-4e43-8895-de6c543775e4.ans,C:\Users\26096\Desktop\em\FP\IA_test\12.21 N3G10\w03\case_5f3baec7-3278-4e43-8895-de6c543775e4.ans,case_5f3baec7-3278-4e43-8895-de6c543775e4.ans,case_5f3baec7-3278-4e43-8895-de6c543775e4,.ans,13344422,2025-12-20T18:16:04+01:00,2026-07-30T20:35:23+02:00,c07798710d127952222275009e7d0c7d9bf301157d9e71ea621623af3fdceb44,,IA_test/12.21 N3G10/w03,True
IA_test/12.21 N3G10/w03/case_5f3baec7-3278-4e43-8895-de6c543775e4.fem,C:\Users\26096\Desktop\em\FP\IA_test\12.21 N3G10\w03\case_5f3baec7-3278-4e43-8895-de6c543775e4.fem,case_5f3baec7-3278-4e43-8895-de6c543775e4.fem,case_5f3baec7-3278-4e43-8895-de6c543775e4,.fem,148145,2025-12-20T18:13:28+01:00,2026-07-30T20:35:23+02:00,7f9d1a66c2fff958a5d675284f63bbf8ddffe33567ff392efc00e905767d1ad3,,IA_test/12.21 N3G10/w03,True
IA_test/12.21 N3G10/w03/case_64b66201-8dd1-4c2d-afdb-407e2222b655.ans,C:\Users\26096\Desktop\em\FP\IA_test\12.21 N3G10\w03\case_64b66201-8dd1-4c2d-afdb-407e2222b655.ans,case_64b66201-8dd1-4c2d-afdb-407e2222b655.ans,case_64b66201-8dd1-4c2d-afdb-407e2222b655,.ans,13273825,2025-12-20T13:17:56+01:00,2026-07-30T20:35:23+02:00,e1900c26dc3495cd74dc0e8411c2fc94486033eec88d5dd10ec5b8c57f6ca9df,,IA_test/12.21 N3G10/w03,True
IA_test/12.21 N3G10/w03/case_64b66201-8dd1-4c2d-afdb-407e2222b655.fem,C:\Users\26096\Desktop\em\FP\IA_test\12.21 N3G10\w03\case_64b66201-8dd1-4c2d-afdb-407e2222b655.fem,case_64b66201-8dd1-4c2d-afdb-407e2222b655.fem,case_64b66201-8dd1-4c2d-afdb-407e2222b655,.fem,148145,2025-12-20T13:15:36+01:00,2026-07-30T20:35:24+02:00,bf59692d605748218d864665120b5d00b7a3a2b894921f1970e23eb3dd1ec0d6,,IA_test/12.21 N3G10/w03,True
IA_test/12.21 N3G10/w03/case_656f7822-7a15-46b3-96da-19977c1d0d59.ans,C:\Users\26096\Desktop\em\FP\IA_test\12.21 N3G10\w03\case_656f7822-7a15-46b3-96da-19977c1d0d59.ans,case_656f7822-7a15-46b3-96da-19977c1d0d59.ans,case_656f7822-7a15-46b3-96da-19977c1d0d59,.ans,13320699,2025-12-20T22:26:24+01:00,2026-07-30T20:35:24+02:00,44ed070f2206542eb8d7cc95fb8755ca91a4b634b33fce9df9f71e0810c5e086,7fea2f7a45f7dc8a7d98bf8b16d401d773919d80c30deb9b120c7b9317b8d86d,IA_test/12.21 N3G10/w03,True
IA_test/12.21 N3G10/w03/case_656f7822-7a15-46b3-96da-19977c1d0d59.fem,C:\Users\26096\Desktop\em\FP\IA_test\12.21 N3G10\w03\case_656f7822-7a15-46b3-96da-19977c1d0d59.fem,case_656f7822-7a15-46b3-96da-19977c1d0d59.fem,case_656f7822-7a15-46b3-96da-19977c1d0d59,.fem,148145,2025-12-20T22:23:40+01:00,2026-07-30T20:35:24+02:00,a7be61fc924526cbaaa0fe1ad01367a9257199bd582f994cce4fb041a882adbc,a232ee8f0bdcd90c196b176363dddecefea7cca6697f7c0772d026bb9a241762,IA_test/12.21 N3G10/w03,True
IA_test/12.21 N3G10/w03/case_73a80977-7d67-41bf-95e0-c05f40cbb9e2.ans,C:\Users\26096\Desktop\em\FP\IA_test\12.21 N3G10\w03\case_73a80977-7d67-41bf-95e0-c05f40cbb9e2.ans,case_73a80977-7d67-41bf-95e0-c05f40cbb9e2.ans,case_73a80977-7d67-41bf-95e0-c05f40cbb9e2,.ans,13236346,2025-12-20T14:30:22+01:00,2026-07-30T20:35:24+02:00,9e6d814f7f539aac5784909f8aad93ccb6cf2ce52014e6a2f684296c8055fa45,,IA_test/12.21 N3G10/w03,True
IA_test/12.21 N3G10/w03/case_73a80977-7d67-41bf-95e0-c05f40cbb9e2.fem,C:\Users\26096\Desktop\em\FP\IA_test\12.21 N3G10\w03\case_73a80977-7d67-41bf-95e0-c05f40cbb9e2.fem,case_73a80977-7d67-41bf-95e0-c05f40cbb9e2.fem,case_73a80977-7d67-41bf-95e0-c05f40cbb9e2,.fem,148205,2025-12-20T14:27:34+01:00,2026-07-30T20:35:24+02:00,8a3b2868d8e0fac74f7a850c8d893fa4fcca74e68d13b13836ed7e64a6610747,,IA_test/12.21 N3G10/w03,True
IA_test/12.21 N3G10/w03/case_7e438ca1-c59d-463a-a10a-6d04b6f3b09e.ans,C:\Users\26096\Desktop\em\FP\IA_test\12.21 N3G10\w03\case_7e438ca1-c59d-463a-a10a-6d04b6f3b09e.ans,case_7e438ca1-c59d-463a-a10a-6d04b6f3b09e.ans,case_7e438ca1-c59d-463a-a10a-6d04b6f3b09e,.ans,13268619,2025-12-20T20:55:58+01:00,2026-07-30T20:35:24+02:00,031b70ace081c609f7a8400a34d73b5b8b7c96a93a22c770cbf3e2daa3836106,,IA_test/12.21 N3G10/w03,True
IA_test/12.21 N3G10/w03/case_7e438ca1-c59d-463a-a10a-6d04b6f3b09e.fem,C:\Users\26096\Desktop\em\FP\IA_test\12.21 N3G10\w03\case_7e438ca1-c59d-463a-a10a-6d04b6f3b09e.fem,case_7e438ca1-c59d-463a-a10a-6d04b6f3b09e.fem,case_7e438ca1-c59d-463a-a10a-6d04b6f3b09e,.fem,148145,2025-12-20T20:52:48+01:00,2026-07-30T20:35:24+02:00,0a4979fa84c23b9b2bffebd9c2c2ca12e8e5ea0928be2e6d48f752c5067f7343,,IA_test/12.21 N3G10/w03,True
IA_test/12.21 N3G10/w03/case_86d62f9a-dbfd-4195-8fd4-2ddf63b2c724.ans,C:\Users\26096\Desktop\em\FP\IA_test\12.21 N3G10\w03\case_86d62f9a-dbfd-4195-8fd4-2ddf63b2c724.ans,case_86d62f9a-dbfd-4195-8fd4-2ddf63b2c724.ans,case_86d62f9a-dbfd-4195-8fd4-2ddf63b2c724,.ans,13275968,2025-12-20T12:27:58+01:00,2026-07-30T20:35:24+02:00,b497f6be7d460fc99544fb971df6fd7adaa5b5686c3465934336cd55d0d2f375,22f9e48a214f5aaf1c05553a43fb8128df5a3278d07a6883f3e740b0c09caf46,IA_test/12.21 N3G10/w03,True
IA_test/12.21 N3G10/w03/case_86d62f9a-dbfd-4195-8fd4-2ddf63b2c724.fem,C:\Users\26096\Desktop\em\FP\IA_test\12.21 N3G10\w03\case_86d62f9a-dbfd-4195-8fd4-2ddf63b2c724.fem,case_86d62f9a-dbfd-4195-8fd4-2ddf63b2c724.fem,case_86d62f9a-dbfd-4195-8fd4-2ddf63b2c724,.fem,148145,2025-12-20T12:25:28+01:00,2026-07-30T20:35:24+02:00,3a5bc5ac3955baf48e648365a87a16673a62dedbff73f038de6af23fce0906cd,73e4e98332470c53d4dca1547ba6b52a2719d08abc88c1f1235f11b5e8a3e25f,IA_test/12.21 N3G10/w03,True
IA_test/12.21 N3G10/w03/case_91a9c760-b8d5-406b-984d-9d2d06311615.ans,C:\Users\26096\Desktop\em\FP\IA_test\12.21 N3G10\w03\case_91a9c760-b8d5-406b-984d-9d2d06311615.ans,case_91a9c760-b8d5-406b-984d-9d2d06311615.ans,case_91a9c760-b8d5-406b-984d-9d2d06311615,.ans,13321785,2025-12-20T17:35:38+01:00,2026-07-30T20:35:24+02:00,2149923cd8db0e39b2dbb3acb0dc8874af6ffe7e45a28fc5daa6e5615b1afd0e,1da2aa420cf6ecd327967876439a56d0577025c145cc4194ebb6f2ec2520c3e0,IA_test/12.21 N3G10/w03,True
IA_test/12.21 N3G10/w03/case_91a9c760-b8d5-406b-984d-9d2d06311615.fem,C:\Users\26096\Desktop\em\FP\IA_test\12.21 N3G10\w03\case_91a9c760-b8d5-406b-984d-9d2d06311615.fem,case_91a9c760-b8d5-406b-984d-9d2d06311615.fem,case_91a9c760-b8d5-406b-984d-9d2d06311615,.fem,148145,2025-12-20T17:33:12+01:00,2026-07-30T20:35:24+02:00,3b032898c208f6daac477dbcc9f2e854666641c73a5ba7aeaa46f24f2a661d24,376df9882d787a10209015a3ed9f8387fda0b4a9c51e09a2de7c69a13527dfdf,IA_test/12.21 N3G10/w03,True
IA_test/12.21 N3G10/w03/case_9477881f-38d7-4bf2-978e-c5c0e1dd186c.ans,C:\Users\26096\Desktop\em\FP\IA_test\12.21 N3G10\w03\case_9477881f-38d7-4bf2-978e-c5c0e1dd186c.ans,case_9477881f-38d7-4bf2-978e-c5c0e1dd186c.ans,case_9477881f-38d7-4bf2-978e-c5c0e1dd186c,.ans,13170618,2025-12-20T20:34:08+01:00,2026-07-30T20:35:24+02:00,7396916e13ea7f4347ee6e40ace792bb1db3b041e948e497b052eb8d861060ac,d357a05cd1604f0b76508344170004b3eca78485dfd4e03ab816e9f6d6adac89,IA_test/12.21 N3G10/w03,True
IA_test/12.21 N3G10/w03/case_9477881f-38d7-4bf2-978e-c5c0e1dd186c.fem,C:\Users\26096\Desktop\em\FP\IA_test\12.21 N3G10\w03\case_9477881f-38d7-4bf2-978e-c5c0e1dd186c.fem,case_9477881f-38d7-4bf2-978e-c5c0e1dd186c.fem,case_9477881f-38d7-4bf2-978e-c5c0e1dd186c,.fem,148199,2025-12-20T20:30:14+01:00,2026-07-30T20:35:24+02:00,7df23dab62b952d89c31739b43841220e0f4448826a03bdde0374a70edda3eae,411c858ff36efb5eb711859428b340032faa8a22232ba5bfd5f3a225e3632dd5,IA_test/12.21 N3G10/w03,True
IA_test/12.21 N3G10/w03/case_94e02f76-4578-4c74-aac4-25161d0050e0.ans,C:\Users\26096\Desktop\em\FP\IA_test\12.21 N3G10\w03\case_94e02f76-4578-4c74-aac4-25161d0050e0.ans,case_94e02f76-4578-4c74-aac4-25161d0050e0.ans,case_94e02f76-4578-4c74-aac4-25161d0050e0,.ans,13302582,2025-12-20T12:16:44+01:00,2026-07-30T20:35:24+02:00,a15bee69137407af4f695379e280d006b21b883c06216759a8c012289532b53b,,IA_test/12.21 N3G10/w03,True
IA_test/12.21 N3G10/w03/case_94e02f76-4578-4c74-aac4-25161d0050e0.fem,C:\Users\26096\Desktop\em\FP\IA_test\12.21 N3G10\w03\case_94e02f76-4578-4c74-aac4-25161d0050e0.fem,case_94e02f76-4578-4c74-aac4-25161d0050e0.fem,case_94e02f76-4578-4c74-aac4-25161d0050e0,.fem,148145,2025-12-20T12:13:44+01:00,2026-07-30T20:35:25+02:00,620994d91a70d215a6d2d6cd1bcc045ec718ceec9cb0157b4556b95a0dba146a,,IA_test/12.21 N3G10/w03,True
IA_test/12.21 N3G10/w03/case_a01e7cd3-4286-4e0f-9ec1-71ba10d5645d.ans,C:\Users\26096\Desktop\em\FP\IA_test\12.21 N3G10\w03\case_a01e7cd3-4286-4e0f-9ec1-71ba10d5645d.ans,case_a01e7cd3-4286-4e0f-9ec1-71ba10d5645d.ans,case_a01e7cd3-4286-4e0f-9ec1-71ba10d5645d,.ans,13216339,2025-12-20T18:35:32+01:00,2026-07-30T20:35:25+02:00,a907e95b1451c6ea2934784d751a9137f02094ce81288e18762e447401fbc898,,IA_test/12.21 N3G10/w03,True
IA_test/12.21 N3G10/w03/case_a01e7cd3-4286-4e0f-9ec1-71ba10d5645d.fem,C:\Users\26096\Desktop\em\FP\IA_test\12.21 N3G10\w03\case_a01e7cd3-4286-4e0f-9ec1-71ba10d5645d.fem,case_a01e7cd3-4286-4e0f-9ec1-71ba10d5645d.fem,case_a01e7cd3-4286-4e0f-9ec1-71ba10d5645d,.fem,148145,2025-12-20T18:32:28+01:00,2026-07-30T20:35:25+02:00,3dad9807b5ac608ca8b257a991d4ee6ebc20c5098cc7743375a59b694b12014f,,IA_test/12.21 N3G10/w03,True
IA_test/12.21 N3G10/w03/case_ac9126e5-a9bf-4997-929a-0d9737c68413.ans,C:\Users\26096\Desktop\em\FP\IA_test\12.21 N3G10\w03\case_ac9126e5-a9bf-4997-929a-0d9737c68413.ans,case_ac9126e5-a9bf-4997-929a-0d9737c68413.ans,case_ac9126e5-a9bf-4997-929a-0d9737c68413,.ans,13316408,2025-12-20T23:01:28+01:00,2026-07-30T20:35:25+02:00,8379e148a13513085480809f9b67920f830b67f7cf5799ddcf34e9ed51e0eec6,,IA_test/12.21 N3G10/w03,True
IA_test/12.21 N3G10/w03/case_ac9126e5-a9bf-4997-929a-0d9737c68413.fem,C:\Users\26096\Desktop\em\FP\IA_test\12.21 N3G10\w03\case_ac9126e5-a9bf-4997-929a-0d9737c68413.fem,case_ac9126e5-a9bf-4997-929a-0d9737c68413.fem,case_ac9126e5-a9bf-4997-929a-0d9737c68413,.fem,148145,2025-12-20T22:58:46+01:00,2026-07-30T20:35:25+02:00,48f55b104b794705c6adb060fa3e90da7916d6f0742666b853aa79e6b8570cbe,,IA_test/12.21 N3G10/w03,True
IA_test/12.21 N3G10/w03/case_af6a0094-c542-4d31-a44b-c2971979232f.ans,C:\Users\26096\Desktop\em\FP\IA_test\12.21 N3G10\w03\case_af6a0094-c542-4d31-a44b-c2971979232f.ans,case_af6a0094-c542-4d31-a44b-c2971979232f.ans,case_af6a0094-c542-4d31-a44b-c2971979232f,.ans,13273253,2025-12-20T19:48:52+01:00,2026-07-30T20:35:25+02:00,0f584add0f991741bd02da0f71fc583bead1fedbc4b2c8949292f2635fb64d7c,,IA_test/12.21 N3G10/w03,True
IA_test/12.21 N3G10/w03/case_af6a0094-c542-4d31-a44b-c2971979232f.fem,C:\Users\26096\Desktop\em\FP\IA_test\12.21 N3G10\w03\case_af6a0094-c542-4d31-a44b-c2971979232f.fem,case_af6a0094-c542-4d31-a44b-c2971979232f.fem,case_af6a0094-c542-4d31-a44b-c2971979232f,.fem,148145,2025-12-20T19:45:36+01:00,2026-07-30T20:35:25+02:00,1793799251d270decf93d708cab1d89677225cddb91fadd107706383c89ce3be,,IA_test/12.21 N3G10/w03,True
IA_test/12.21 N3G10/w03/case_bab7e4ee-c4d4-4c2c-b4db-3d29785844db.ans,C:\Users\26096\Desktop\em\FP\IA_test\12.21 N3G10\w03\case_bab7e4ee-c4d4-4c2c-b4db-3d29785844db.ans,case_bab7e4ee-c4d4-4c2c-b4db-3d29785844db.ans,case_bab7e4ee-c4d4-4c2c-b4db-3d29785844db,.ans,13302993,2025-12-20T18:58:20+01:00,2026-07-30T20:35:25+02:00,f4417ed441feb6f25ed584d18ccfb10959633b8d8a9460721b64a4f22089bcd2,,IA_test/12.21 N3G10/w03,True
IA_test/12.21 N3G10/w03/case_bab7e4ee-c4d4-4c2c-b4db-3d29785844db.fem,C:\Users\26096\Desktop\em\FP\IA_test\12.21 N3G10\w03\case_bab7e4ee-c4d4-4c2c-b4db-3d29785844db.fem,case_bab7e4ee-c4d4-4c2c-b4db-3d29785844db.fem,case_bab7e4ee-c4d4-4c2c-b4db-3d29785844db,.fem,148145,2025-12-20T18:55:16+01:00,2026-07-30T20:35:25+02:00,dfd59315ffe3de44bde7797d60cd9f825b84b7a87b51765fcac53c850b9edc57,,IA_test/12.21 N3G10/w03,True
IA_test/12.21 N3G10/w03/case_c63bcd95-e4d0-47e8-a21b-734be9388415.ans,C:\Users\26096\Desktop\em\FP\IA_test\12.21 N3G10\w03\case_c63bcd95-e4d0-47e8-a21b-734be9388415.ans,case_c63bcd95-e4d0-47e8-a21b-734be9388415.ans,case_c63bcd95-e4d0-47e8-a21b-734be9388415,.ans,13278737,2025-12-20T20:16:56+01:00,2026-07-30T20:35:25+02:00,5f7c867a246ce8f1977e77200e9eaa7a0a86a40afe018f3eec83281cac1d27c4,,IA_test/12.21 N3G10/w03,True
IA_test/12.21 N3G10/w03/case_c63bcd95-e4d0-47e8-a21b-734be9388415.fem,C:\Users\26096\Desktop\em\FP\IA_test\12.21 N3G10\w03\case_c63bcd95-e4d0-47e8-a21b-734be9388415.fem,case_c63bcd95-e4d0-47e8-a21b-734be9388415.fem,case_c63bcd95-e4d0-47e8-a21b-734be9388415,.fem,148145,2025-12-20T20:13:28+01:00,2026-07-30T20:35:25+02:00,c1227eaa74a96ccf73544af22af80df85aad032acc6563460907bd01276b5f41,,IA_test/12.21 N3G10/w03,True
IA_test/12.21 N3G10/w03/case_d02dea35-b420-4c03-8df6-c4477e5b8130.ans,C:\Users\26096\Desktop\em\FP\IA_test\12.21 N3G10\w03\case_d02dea35-b420-4c03-8df6-c4477e5b8130.ans,case_d02dea35-b420-4c03-8df6-c4477e5b8130.ans,case_d02dea35-b420-4c03-8df6-c4477e5b8130,.ans,13300074,2025-12-20T13:07:20+01:00,2026-07-30T20:35:26+02:00,07796872f578e25a5a05e30342221d126cf7d5c1bad28ebb6aea9e890c15a1f4,abc5fa24a19e96b36d228dbea32bca27c813503d819c3d1e6b417b0853993798,IA_test/12.21 N3G10/w03,True
IA_test/12.21 N3G10/w03/case_d02dea35-b420-4c03-8df6-c4477e5b8130.fem,C:\Users\26096\Desktop\em\FP\IA_test\12.21 N3G10\w03\case_d02dea35-b420-4c03-8df6-c4477e5b8130.fem,case_d02dea35-b420-4c03-8df6-c4477e5b8130.fem,case_d02dea35-b420-4c03-8df6-c4477e5b8130,.fem,148145,2025-12-20T13:04:44+01:00,2026-07-30T20:35:26+02:00,09e954cb8f0a19a074e62602021f8672e62ad71b1d6040fbe858b77113bf498a,048c98f9e88463ab12a00c96073d8238f1581dc14a6969e4b6a383a34526ce55,IA_test/12.21 N3G10/w03,True
IA_test/12.21 N3G10/w03/case_d0c2449e-f195-4d56-bb73-93d6dd49fe0d.ans,C:\Users\26096\Desktop\em\FP\IA_test\12.21 N3G10\w03\case_d0c2449e-f195-4d56-bb73-93d6dd49fe0d.ans,case_d0c2449e-f195-4d56-bb73-93d6dd49fe0d.ans,case_d0c2449e-f195-4d56-bb73-93d6dd49fe0d,.ans,13303861,2025-12-20T14:03:12+01:00,2026-07-30T20:35:26+02:00,a67641f56c577a0a747b2abdd55f41631a23dace008e543f2fb401d369165671,,IA_test/12.21 N3G10/w03,True
IA_test/12.21 N3G10/w03/case_d0c2449e-f195-4d56-bb73-93d6dd49fe0d.fem,C:\Users\26096\Desktop\em\FP\IA_test\12.21 N3G10\w03\case_d0c2449e-f195-4d56-bb73-93d6dd49fe0d.fem,case_d0c2449e-f195-4d56-bb73-93d6dd49fe0d.fem,case_d0c2449e-f195-4d56-bb73-93d6dd49fe0d,.fem,148145,2025-12-20T14:00:26+01:00,2026-07-30T20:35:26+02:00,bdbac19195e4a5126951508d6ad3f230601371189d04f3932d93ef6a0aca81d3,,IA_test/12.21 N3G10/w03,True
IA_test/12.21 N3G10/w03/case_d8083771-02f6-4dce-afe8-5233bf3f66fe.ans,C:\Users\26096\Desktop\em\FP\IA_test\12.21 N3G10\w03\case_d8083771-02f6-4dce-afe8-5233bf3f66fe.ans,case_d8083771-02f6-4dce-afe8-5233bf3f66fe.ans,case_d8083771-02f6-4dce-afe8-5233bf3f66fe,.ans,13297446,2025-12-20T19:09:48+01:00,2026-07-30T20:35:26+02:00,d6cc8f6e47ba4c36c4e24821139a16b0ec8b4d4a66cc6098c0587150077c45d8,,IA_test/12.21 N3G10/w03,True
IA_test/12.21 N3G10/w03/case_d8083771-02f6-4dce-afe8-5233bf3f66fe.fem,C:\Users\26096\Desktop\em\FP\IA_test\12.21 N3G10\w03\case_d8083771-02f6-4dce-afe8-5233bf3f66fe.fem,case_d8083771-02f6-4dce-afe8-5233bf3f66fe.fem,case_d8083771-02f6-4dce-afe8-5233bf3f66fe,.fem,148145,2025-12-20T19:07:12+01:00,2026-07-30T20:35:26+02:00,2236bf58e0f462180db19ba37a46e40dff924d03a21ee9b026c4cdbddee673ef,,IA_test/12.21 N3G10/w03,True
IA_test/12.21 N3G10/w03/case_dae3b9ab-a5df-434c-966d-77e470159d02.ans,C:\Users\26096\Desktop\em\FP\IA_test\12.21 N3G10\w03\case_dae3b9ab-a5df-434c-966d-77e470159d02.ans,case_dae3b9ab-a5df-434c-966d-77e470159d02.ans,case_dae3b9ab-a5df-434c-966d-77e470159d02,.ans,13171417,2025-12-20T21:11:50+01:00,2026-07-30T20:35:26+02:00,4c05548526bc611e48bb15afa3469e1c548fee1601200bcbc05cc2019bd4d37d,,IA_test/12.21 N3G10/w03,True
IA_test/12.21 N3G10/w03/case_dae3b9ab-a5df-434c-966d-77e470159d02.fem,C:\Users\26096\Desktop\em\FP\IA_test\12.21 N3G10\w03\case_dae3b9ab-a5df-434c-966d-77e470159d02.fem,case_dae3b9ab-a5df-434c-966d-77e470159d02.fem,case_dae3b9ab-a5df-434c-966d-77e470159d02,.fem,148187,2025-12-20T21:08:32+01:00,2026-07-30T20:35:26+02:00,51a7fa32fc35f0b7a72b0e5cc3479786b8d0d485955e50c78747de0b6b19262f,,IA_test/12.21 N3G10/w03,True
IA_test/12.21 N3G10/w03/case_e7bd6b47-d4fd-4718-866b-61937b1aaa14.ans,C:\Users\26096\Desktop\em\FP\IA_test\12.21 N3G10\w03\case_e7bd6b47-d4fd-4718-866b-61937b1aaa14.ans,case_e7bd6b47-d4fd-4718-866b-61937b1aaa14.ans,case_e7bd6b47-d4fd-4718-866b-61937b1aaa14,.ans,13281256,2025-12-20T16:58:50+01:00,2026-07-30T20:35:26+02:00,ee728d162dc43639b2180706c541d9c84306ab5f23419e4b5399cfcb42b3172a,,IA_test/12.21 N3G10/w03,True
IA_test/12.21 N3G10/w03/case_e7bd6b47-d4fd-4718-866b-61937b1aaa14.fem,C:\Users\26096\Desktop\em\FP\IA_test\12.21 N3G10\w03\case_e7bd6b47-d4fd-4718-866b-61937b1aaa14.fem,case_e7bd6b47-d4fd-4718-866b-61937b1aaa14.fem,case_e7bd6b47-d4fd-4718-866b-61937b1aaa14,.fem,148145,2025-12-20T16:56:18+01:00,2026-07-30T20:35:26+02:00,6ff23b320073328b24569d477234a7a783f8f77c18db3880514a18a6812912c8,,IA_test/12.21 N3G10/w03,True
IA_test/12.21 N3G10/w03/case_f97d8b24-16c3-4b5c-84bd-60685a3b65d9.ans,C:\Users\26096\Desktop\em\FP\IA_test\12.21 N3G10\w03\case_f97d8b24-16c3-4b5c-84bd-60685a3b65d9.ans,case_f97d8b24-16c3-4b5c-84bd-60685a3b65d9.ans,case_f97d8b24-16c3-4b5c-84bd-60685a3b65d9,.ans,13257015,2025-12-20T21:51:42+01:00,2026-07-30T20:35:26+02:00,63a2ac9dad725045dafb100abfb9145d1038f6fb4346e2652787dc19e40adce7,54b1d9b4bbeb18eef1ffbc92080f47a5a031116d6ba25d1f9a4b20f7f00a7e1f,IA_test/12.21 N3G10/w03,True
IA_test/12.21 N3G10/w03/case_f97d8b24-16c3-4b5c-84bd-60685a3b65d9.fem,C:\Users\26096\Desktop\em\FP\IA_test\12.21 N3G10\w03\case_f97d8b24-16c3-4b5c-84bd-60685a3b65d9.fem,case_f97d8b24-16c3-4b5c-84bd-60685a3b65d9.fem,case_f97d8b24-16c3-4b5c-84bd-60685a3b65d9,.fem,148145,2025-12-20T21:48:58+01:00,2026-07-30T20:35:26+02:00,a28f0d9e5ca02e527392ac2f8c218262cbb4e4a2aa49978630acbe5736e01040,24824d55f74b866db3d9407109a3664869806aba52194dfd4b54fbec32f89fd4,IA_test/12.21 N3G10/w03,True
IA_test/12.21 N3G10/w03/case_ff71ef89-6891-4223-b862-01eebccd32e4.ans,C:\Users\26096\Desktop\em\FP\IA_test\12.21 N3G10\w03\case_ff71ef89-6891-4223-b862-01eebccd32e4.ans,case_ff71ef89-6891-4223-b862-01eebccd32e4.ans,case_ff71ef89-6891-4223-b862-01eebccd32e4,.ans,13290056,2025-12-20T22:13:16+01:00,2026-07-30T20:35:26+02:00,c1e8b28c1e7d7a3fee5e15aef137db2b759ede75562763a907bb116cb233e1c9,5449cdd9fde0eeabcaef9f98b6658874e2717acbb15ea1c2b723050221cf70b1,IA_test/12.21 N3G10/w03,True
IA_test/12.21 N3G10/w03/case_ff71ef89-6891-4223-b862-01eebccd32e4.fem,C:\Users\26096\Desktop\em\FP\IA_test\12.21 N3G10\w03\case_ff71ef89-6891-4223-b862-01eebccd32e4.fem,case_ff71ef89-6891-4223-b862-01eebccd32e4.fem,case_ff71ef89-6891-4223-b862-01eebccd32e4,.fem,148145,2025-12-20T22:10:44+01:00,2026-07-30T20:35:27+02:00,fe3566fcaab106ec41fedfc6db9d49b661103cacbb91a1e27ca0ef676a6f6db8,2d464b9168d3dcbc83151c1240fbed1a30eff8bdb0b96527effa693dec7fa7f8,IA_test/12.21 N3G10/w03,True
IA_test/1225/best_J0.177345_20251225_205238.ans,C:\Users\26096\Desktop\em\FP\IA_test\1225\best_J0.177345_20251225_205238.ans,best_J0.177345_20251225_205238.ans,best_J0.177345_20251225_205238,.ans,12979916,2025-12-25T13:58:32+01:00,2026-07-30T20:35:27+02:00,8fc5124286d47762247d185e150982c4404a964d8daaece997bf0c90ca6ff565,0f7f9463cb30c340914a580f8e6a386630703623fd93e7ae6aabec71cce026fe,IA_test/1225,True
IA_test/1225/best_J0.177345_20251225_205238.fem,C:\Users\26096\Desktop\em\FP\IA_test\1225\best_J0.177345_20251225_205238.fem,best_J0.177345_20251225_205238.fem,best_J0.177345_20251225_205238,.fem,148325,2025-12-25T13:53:14+01:00,2026-07-30T20:35:27+02:00,5d189706758b18b2811def30e0b9c86599bf034e2ebe5074c72ad2c5fb34f444,a37c6f675eab5316b07b77916ad0d96473dc3901b444bd1def8cc53c03a51c42,IA_test/1225,True
IA_test/1225/best_J0.177345_20251225_205238.png,C:\Users\26096\Desktop\em\FP\IA_test\1225\best_J0.177345_20251225_205238.png,best_J0.177345_20251225_205238.png,best_J0.177345_20251225_205238,.png,2929834,2025-12-25T13:58:34+01:00,2026-07-30T20:35:27+02:00,a10b2f66da2033d98ae17198ce6d6c42de5becb3952ad7cb31ea228bb605b85f,d36ed36b669810f51bb72e827b5e6ae3bab18d8b7b87fe4e9f8ae95436d9cb7f,IA_test/1225,True
IA_test/1225/best_result_20251225_205238.mat,C:\Users\26096\Desktop\em\FP\IA_test\1225\best_result_20251225_205238.mat,best_result_20251225_205238.mat,best_result_20251225_205238,.mat,3453,2025-12-25T13:52:40+01:00,2026-07-30T20:35:27+02:00,da818b290af4d20df0f7c33ffadc12bb4ba5f7c2b6ed31e2f17ec1b8ef40b883,01ae61ee62cdc2a10bfd0def8c87554d6211941f06e05af1874e62301c53da90,IA_test/1225,True
IA_test/1226/best_J0.234241_20251226_165530.ans,C:\Users\26096\Desktop\em\FP\IA_test\1226\best_J0.234241_20251226_165530.ans,best_J0.234241_20251226_165530.ans,best_J0.234241_20251226_165530,.ans,13000125,2025-12-26T09:58:38+01:00,2026-07-30T20:35:27+02:00,10beda584e739fda12350598a5fce186456aeda49ad2f9b849885ddd0f2a2388,b4619cfa6ea91b0c2e9975b4222969a59b88e0a7bb681c0256c2696c2df84fe5,IA_test/1226,True
IA_test/1226/best_J0.234241_20251226_165530.fem,C:\Users\26096\Desktop\em\FP\IA_test\1226\best_J0.234241_20251226_165530.fem,best_J0.234241_20251226_165530.fem,best_J0.234241_20251226_165530,.fem,148325,2025-12-26T09:56:16+01:00,2026-07-30T20:35:27+02:00,214f29613e5001db029c784953b814f66ea4436a012d80d54cf14173a2ea2e9b,ee78bc5f18acbeb7cd1f3c3306a82cfb660633bbf90b8220224b5a4c40bd35c9,IA_test/1226,True
IA_test/1226/best_J0.234241_20251226_165530.png,C:\Users\26096\Desktop\em\FP\IA_test\1226\best_J0.234241_20251226_165530.png,best_J0.234241_20251226_165530.png,best_J0.234241_20251226_165530,.png,2929834,2025-12-26T09:58:38+01:00,2026-07-30T20:35:27+02:00,b0ce5fd10a36f6b6cd435477ff7833359c5560e16e337fc7094558837b9b6cd3,fa4317f88c194a4ef319544e78ae9c34b1d9613b469aaf878da4af0edf96fb7a,IA_test/1226,True
IA_test/1226/best_result_20251226_165530.mat,C:\Users\26096\Desktop\em\FP\IA_test\1226\best_result_20251226_165530.mat,best_result_20251226_165530.mat,best_result_20251226_165530,.mat,3436,2025-12-26T09:55:32+01:00,2026-07-30T20:35:27+02:00,7e4078fb5e58d0a0c2bc9135b6ad09ddb77158f856dbade40824b726bf4ffb01,4ded35e194a8298851363237fa674cb74802068004cc507b6e7d0ebf13ec6a96,IA_test/1226,True
IA_test/1227.1/best_J0.239788_20251227_151645.ans,C:\Users\26096\Desktop\em\FP\IA_test\1227.1\best_J0.239788_20251227_151645.ans,best_J0.239788_20251227_151645.ans,best_J0.239788_20251227_151645,.ans,13002759,2025-12-27T08:23:26+01:00,2026-07-30T20:35:27+02:00,a8ce020982480f0ab6c6cd05af8c5034f3d9f68ad389a69f0760ade3ac12a0df,b7a2c45d02739f4202ef0484312f16f27ec814dfd1f3a5f770a0d091e071ea79,IA_test/1227.1,True
IA_test/1227.1/best_J0.239788_20251227_151645.fem,C:\Users\26096\Desktop\em\FP\IA_test\1227.1\best_J0.239788_20251227_151645.fem,best_J0.239788_20251227_151645.fem,best_J0.239788_20251227_151645,.fem,148325,2025-12-27T08:18:02+01:00,2026-07-30T20:35:27+02:00,8adf32e1b0da1cc220be7ea14021a3f87e9feea2e596b7c271e99bbaf2d0fec9,00febc0a015e251429f170b91ba03b18e45b4b2c2b64a12f10ec225f5a9d59ee,IA_test/1227.1,True
IA_test/1227.1/best_J0.239788_20251227_151645.png,C:\Users\26096\Desktop\em\FP\IA_test\1227.1\best_J0.239788_20251227_151645.png,best_J0.239788_20251227_151645.png,best_J0.239788_20251227_151645,.png,2929834,2025-12-27T08:23:28+01:00,2026-07-30T20:35:27+02:00,33e1d33e40c2f7d312be616bfb37c1e4fdfa90089d197e62c5b3cdbc4b10bc8c,cc202ba445f3b15b13b702cdbe493b5feaeaa58137d7eb82ba4d8ff5d9fc41cc,IA_test/1227.1,True
IA_test/1227.1/best_result_20251227_151645.mat,C:\Users\26096\Desktop\em\FP\IA_test\1227.1\best_result_20251227_151645.mat,best_result_20251227_151645.mat,best_result_20251227_151645,.mat,3364,2025-12-27T08:16:46+01:00,2026-07-30T20:35:27+02:00,68a6b44e5616ba37af8fe6f5829df4652e881fec10ddf01485ff02bfc6d67a90,3f7ed041ad663a415ed65d6f9c1f470048c61b65831cae650349a2dd53eb96a2,IA_test/1227.1,True
IA_test/1227.2/best_J0.147733_20251228_001658.ans,C:\Users\26096\Desktop\em\FP\IA_test\1227.2\best_J0.147733_20251228_001658.ans,best_J0.147733_20251228_001658.ans,best_J0.147733_20251228_001658,.ans,13015629,2025-12-27T17:24:18+01:00,2026-07-30T20:35:27+02:00,68c86f8203206a68dd15ae6d6b94d4c529217a1f919878a484bc287b71892961,7a05382b10bbba8970e7a15ccb84bf3c3361d2a14cb13caf88797c0461a4e134,IA_test/1227.2,True
IA_test/1227.2/best_J0.147733_20251228_001658.fem,C:\Users\26096\Desktop\em\FP\IA_test\1227.2\best_J0.147733_20251228_001658.fem,best_J0.147733_20251228_001658.fem,best_J0.147733_20251228_001658,.fem,148325,2025-12-27T17:18:00+01:00,2026-07-30T20:35:27+02:00,c12108757c5e8534ea6c0aa8f150a2c0344af8f78bc7a9e3aca39d02f659773f,d1f0c48c8703df57cdc82c1100a8f3d21491e1601b87b79557edb1dc0b7fe1f2,IA_test/1227.2,True
IA_test/1227.2/best_J0.147733_20251228_001658.png,C:\Users\26096\Desktop\em\FP\IA_test\1227.2\best_J0.147733_20251228_001658.png,best_J0.147733_20251228_001658.png,best_J0.147733_20251228_001658,.png,58,2025-12-27T17:24:20+01:00,2026-07-30T20:35:27+02:00,844e7d602988a91c7c63c3756ed0f0453f7ce13b98a99ff63f5b7dee6149658c,8721360559fedb06b47a0d9305b1164e5900e98a929692d89dd4850f7d6b390d,IA_test/1227.2,True
IA_test/1227.2/best_result_20251228_001658.mat,C:\Users\26096\Desktop\em\FP\IA_test\1227.2\best_result_20251228_001658.mat,best_result_20251228_001658.mat,best_result_20251228_001658,.mat,3394,2025-12-27T17:17:00+01:00,2026-07-30T20:35:27+02:00,b1ca4e4e7ce30049bbdda9c5430ea1ec6a334938140601597050d74d86cddc74,5f67a4059f1aecc5be3173bd2e9525e47c6ac0aa9157aecbf2ebf7c345768164,IA_test/1227.2,True
IA_test/1228/best_J0.222504_20251229_005752.ans,C:\Users\26096\Desktop\em\FP\IA_test\1228\best_J0.222504_20251229_005752.ans,best_J0.222504_20251229_005752.ans,best_J0.222504_20251229_005752,.ans,12948443,2025-12-28T18:01:28+01:00,2026-07-30T20:35:27+02:00,88973fd7cedba82eb1e05ba5244212b7523d3014c9e98ee1ffd8013a54695f9e,278e216e184f719bfd5a284d730c67d09902be156488894d7873977d4d2ae17b,IA_test/1228,True
IA_test/1228/best_J0.222504_20251229_005752.fem,C:\Users\26096\Desktop\em\FP\IA_test\1228\best_J0.222504_20251229_005752.fem,best_J0.222504_20251229_005752.fem,best_J0.222504_20251229_005752,.fem,148325,2025-12-28T17:58:20+01:00,2026-07-30T20:35:28+02:00,ff157bce8157956af5d34e185594fb5d0fdc5a65a86cde1003021ba38c21cc0f,28534057bd73c4cb0a64724010003b3fd01eda01a8c43b93485f9b3bc17e7efd,IA_test/1228,True
IA_test/1228/best_J0.222504_20251229_005752.png,C:\Users\26096\Desktop\em\FP\IA_test\1228\best_J0.222504_20251229_005752.png,best_J0.222504_20251229_005752.png,best_J0.222504_20251229_005752,.png,58,2025-12-28T18:01:28+01:00,2026-07-30T20:35:28+02:00,844e7d602988a91c7c63c3756ed0f0453f7ce13b98a99ff63f5b7dee6149658c,8721360559fedb06b47a0d9305b1164e5900e98a929692d89dd4850f7d6b390d,IA_test/1228,True
IA_test/1228/untitled.fig,C:\Users\26096\Desktop\em\FP\IA_test\1228\untitled.fig,untitled.fig,untitled,.fig,8294,2025-12-28T18:02:14+01:00,2026-07-30T20:35:28+02:00,b0f3eda3db16b0ad092361c428aa025774cb52d575b9d93c3243ff2b24d6b56c,6e856beb9dffa6e4f39462f5b9c9690572f455deb5224bf8c0b5c09de188c932,IA_test/1228,True
IA_test/1229/best_bits_coarse.mat,C:\Users\26096\Desktop\em\FP\IA_test\1229\best_bits_coarse.mat,best_bits_coarse.mat,best_bits_coarse,.mat,3161,2025-12-29T15:14:36+01:00,2026-07-30T20:35:28+02:00,a9dfbd6888c1fd9ef48c0c774025a3394ee744b1134605d05e9094ddd8a3a1e4,f679059b497c3d8083b193968b4373fac729a6535834476601816507487b4a30,IA_test/1229,True
IA_test/1229/best_J0.238035_20251229_221434.ans,C:\Users\26096\Desktop\em\FP\IA_test\1229\best_J0.238035_20251229_221434.ans,best_J0.238035_20251229_221434.ans,best_J0.238035_20251229_221434,.ans,5991033,2025-12-29T15:15:28+01:00,2026-07-30T20:35:28+02:00,83eab21cf9e82352434ac6495a5f41af9961fd825263e6197e86af4c22ae4a0c,c3cd80853080ab84498333ecb4b8c2ce6737e4443d1da1ff93577cf9e23537c1,IA_test/1229,True
IA_test/1229/best_J0.238035_20251229_221434.fem,C:\Users\26096\Desktop\em\FP\IA_test\1229\best_J0.238035_20251229_221434.fem,best_J0.238035_20251229_221434.fem,best_J0.238035_20251229_221434,.fem,74765,2025-12-29T15:14:56+01:00,2026-07-30T20:35:28+02:00,e2d9d6ea1f65a99ce964cecde73e5f3033b1fe63ff53fe38c3ae47cdc9cc3f18,d45de5ae1da9e832e532cfb5bda368ccc6e815289d6722ec3d38ed7b82c51ab0,IA_test/1229,True
IA_test/1229/best_J0.238035_20251229_221434.png,C:\Users\26096\Desktop\em\FP\IA_test\1229\best_J0.238035_20251229_221434.png,best_J0.238035_20251229_221434.png,best_J0.238035_20251229_221434,.png,2929834,2025-12-29T15:15:28+01:00,2026-07-30T20:35:28+02:00,b02a5f254f681e6031b17dc47182a5a8339b8af4e5c7e9d30e17f25c1327abb2,2575ecc4c2c0d6029eee23ed4d854638952d691a865b5fd7fd3b876c2476583e,IA_test/1229,True
IA_test/1229/best_result_20251229_221434.mat,C:\Users\26096\Desktop\em\FP\IA_test\1229\best_result_20251229_221434.mat,best_result_20251229_221434.mat,best_result_20251229_221434,.mat,3380,2025-12-29T15:14:36+01:00,2026-07-30T20:35:28+02:00,edab1327e84abd2236064bb7ff0e201aa0330933e8d2cece5ebc2a4e59c026f5,4bdeb89fd5b146acb0b6da0e4421d0923654337e8ddbdbd689c61bf4a4e5ba5b,IA_test/1229,True
IA_test/1230/best_bits_coarse.mat,C:\Users\26096\Desktop\em\FP\IA_test\1230\best_bits_coarse.mat,best_bits_coarse.mat,best_bits_coarse,.mat,3161,2025-12-30T06:09:02+01:00,2026-07-30T20:35:28+02:00,54760c20317d63aa35e143cb812b0244d5c5cc5c1b42dd17aeac84995b80f614,394e376e91e4ec24ad74babd6a7eb630c767c0ca94e24e0a7bc8615d32e9c4be,IA_test/1230,True
IA_test/1230/best_J0.166453_20251230_130901.ans,C:\Users\26096\Desktop\em\FP\IA_test\1230\best_J0.166453_20251230_130901.ans,best_J0.166453_20251230_130901.ans,best_J0.166453_20251230_130901,.ans,6024523,2025-12-30T06:10:02+01:00,2026-07-30T20:35:28+02:00,9a0830896917758796b14408cd1b3d2872576a6ab609d490e2e54a3768556242,7dbd0846ed47e2f79e372d8c96e92f06093603c18cd7d535c5247ebf32be1347,IA_test/1230,True
IA_test/1230/best_J0.166453_20251230_130901.fem,C:\Users\26096\Desktop\em\FP\IA_test\1230\best_J0.166453_20251230_130901.fem,best_J0.166453_20251230_130901.fem,best_J0.166453_20251230_130901,.fem,74764,2025-12-30T06:09:32+01:00,2026-07-30T20:35:28+02:00,23a058591911b0775b270d29492aa63d019e4c30f0e29649d438b559de30accb,652a2def37397333aec63ff0423a0cf363f9be06145dea8163f6f23c8078b123,IA_test/1230,True
IA_test/1230/best_J0.166453_20251230_130901.png,C:\Users\26096\Desktop\em\FP\IA_test\1230\best_J0.166453_20251230_130901.png,best_J0.166453_20251230_130901.png,best_J0.166453_20251230_130901,.png,2929834,2025-12-30T06:10:02+01:00,2026-07-30T20:35:28+02:00,bdfbf27a57dfddecd57da82418a6c3b96283e428c11bc4d230da982bcef18e25,fe4a29b8b7a36b95000bdd1ee8018aedbba71bcbbb89e6587f846c09e927994a,IA_test/1230,True
IA_test/1230/best_result_20251230_130901.mat,C:\Users\26096\Desktop\em\FP\IA_test\1230\best_result_20251230_130901.mat,best_result_20251230_130901.mat,best_result_20251230_130901,.mat,3413,2025-12-30T06:09:02+01:00,2026-07-30T20:35:28+02:00,7b5d624aecd0889fa615a5a11807d50856f9d5e7568526b029489f28c2ce7b9a,f9491f6af68b82618be43a264a355c8ede35e8cecdebe8ee7308a505359c444e,IA_test/1230,True
IA_test/1230.2/best_bits_coarse.mat,C:\Users\26096\Desktop\em\FP\IA_test\1230.2\best_bits_coarse.mat,best_bits_coarse.mat,best_bits_coarse,.mat,3159,2025-12-30T09:51:06+01:00,2026-07-30T20:35:28+02:00,86b5e6d39254a2d3a587d97966e3963fee22406488f434ad5c79eda626544fee,794ae06432a821cfc992aaff43736bfdf88f04dbef184145759fa61625995e5e,IA_test/1230.2,True
IA_test/1230.2/best_J0.157009_20251230_165105.ans,C:\Users\26096\Desktop\em\FP\IA_test\1230.2\best_J0.157009_20251230_165105.ans,best_J0.157009_20251230_165105.ans,best_J0.157009_20251230_165105,.ans,5113421,2025-12-30T09:51:42+01:00,2026-07-30T20:35:28+02:00,8dcafeafec06f5941699794ff6452e7bc8dab9f8deb84ff94346df5212349e10,b1b25273648423e876985f34e2cbffbf29396d24d1db7abe6738377f0564475b,IA_test/1230.2,True
IA_test/1230.2/best_J0.157009_20251230_165105.fem,C:\Users\26096\Desktop\em\FP\IA_test\1230.2\best_J0.157009_20251230_165105.fem,best_J0.157009_20251230_165105.fem,best_J0.157009_20251230_165105,.fem,58167,2025-12-30T09:51:16+01:00,2026-07-30T20:35:28+02:00,2d06b09902932d86cf381eb81d8f18fc1bc421ac7deb997f5852372aab0d0ea3,613232a8efcc31f0547bd80f7dfc00a4181efef17a2b1827d8663d1e7944a247,IA_test/1230.2,True
IA_test/1230.2/best_J0.157009_20251230_165105.png,C:\Users\26096\Desktop\em\FP\IA_test\1230.2\best_J0.157009_20251230_165105.png,best_J0.157009_20251230_165105.png,best_J0.157009_20251230_165105,.png,2929834,2025-12-30T09:51:42+01:00,2026-07-30T20:35:28+02:00,6bb5f1cf348ecd4dd50d7eec6f78771ace8e0c4279a361db98dfd31890faed33,ce58b34d6c05e65c54ff0e8d064804d77dbe4dd8d903c3d7732f90bf49096ade,IA_test/1230.2,True
IA_test/1230.2/best_result_20251230_165105.mat,C:\Users\26096\Desktop\em\FP\IA_test\1230.2\best_result_20251230_165105.mat,best_result_20251230_165105.mat,best_result_20251230_165105,.mat,3404,2025-12-30T09:51:06+01:00,2026-07-30T20:35:28+02:00,3389bb8621574dbfd0da52b9644661c4316a95a791c19ec4db76fefef23408e2,63d0b7057e379c38726c463a82d4e741347ddc147b5df4c89aa6d5b3fb2fe407,IA_test/1230.2,True
IA_test/1230.2/untitled.fig,C:\Users\26096\Desktop\em\FP\IA_test\1230.2\untitled.fig,untitled.fig,untitled,.fig,8903,2025-12-30T10:21:56+01:00,2026-07-30T20:35:28+02:00,c17b1e5c2d42c8e45d5f82df6eb48f1232a0c5433f854d9ce0d2780e7c8562b2,993ba5157a668dccf6a27247d861fe81a82e8375fe7e418b0b6b63252658c624,IA_test/1230.2,True
IA_test/1230.3/best_bits_coarse.mat,C:\Users\26096\Desktop\em\FP\IA_test\1230.3\best_bits_coarse.mat,best_bits_coarse.mat,best_bits_coarse,.mat,3158,2025-12-30T14:29:30+01:00,2026-07-30T20:35:28+02:00,1f6b5b9081fdf4b4c1a60e8412cb3bc8cd9b2a51c58e5dcc8d4c1482d45feba0,5b67e916cc32d1fa6a2829c62ed364ef7b86166eaf1f611e0a924ba2711492ab,IA_test/1230.3,True
IA_test/1230.3/best_J0.150072_20251230_212929.ans,C:\Users\26096\Desktop\em\FP\IA_test\1230.3\best_J0.150072_20251230_212929.ans,best_J0.150072_20251230_212929.ans,best_J0.150072_20251230_212929,.ans,5110894,2025-12-30T14:30:10+01:00,2026-07-30T20:35:28+02:00,9aafa99acc302a5f8f30379525983da876caecb63c252dd025935d1e94d9a7ce,fd0f1ae64e3554e384c97b5ef5b6c844015f57fa147b96270cbb6547c5fdd1cf,IA_test/1230.3,True
IA_test/1230.3/best_J0.150072_20251230_212929.fem,C:\Users\26096\Desktop\em\FP\IA_test\1230.3\best_J0.150072_20251230_212929.fem,best_J0.150072_20251230_212929.fem,best_J0.150072_20251230_212929,.fem,58174,2025-12-30T14:29:40+01:00,2026-07-30T20:35:28+02:00,5321027324c647271d966b4ad2c9430bcdb08dac7ee76ec2adade08e53260d10,da57bc096fb4457e7e3c25a2bda64cbcf834342166bc0df9c0c84aa8a00bf218,IA_test/1230.3,True
IA_test/1230.3/best_J0.150072_20251230_212929.png,C:\Users\26096\Desktop\em\FP\IA_test\1230.3\best_J0.150072_20251230_212929.png,best_J0.150072_20251230_212929.png,best_J0.150072_20251230_212929,.png,2929834,2025-12-30T14:30:12+01:00,2026-07-30T20:35:28+02:00,1a2500a84ad00f67e286f08b40b463d145e53251e945db5d28ad807dabba0e28,afd2705e148eed59aa4a2b6778bc928f9f363a5ecdd79b985353df87c1d00d21,IA_test/1230.3,True
IA_test/1230.3/best_result_20251230_212929.mat,C:\Users\26096\Desktop\em\FP\IA_test\1230.3\best_result_20251230_212929.mat,best_result_20251230_212929.mat,best_result_20251230_212929,.mat,3389,2025-12-30T14:29:30+01:00,2026-07-30T20:35:28+02:00,981ebf9b35e794c76c29d930f6d1fb39130c7ee1a5bdc7cdfc4e9054ec13b87b,d5f0735de32d5c25c600dcda8d09ac5200f18f82f65042680a36308e001107c2,IA_test/1230.3,True
IA_test/1230.3/untitled.fig,C:\Users\26096\Desktop\em\FP\IA_test\1230.3\untitled.fig,untitled.fig,untitled,.fig,9106,2025-12-30T15:32:40+01:00,2026-07-30T20:35:28+02:00,4a9b1bc0a3a64b3da0d1b82995bf443b742a74604510d57c18193751a51f9dc3,f513f3e3014b6f5f13c9e0da6e97a58b3729be514b9338180e3d810bbe8492f1,IA_test/1230.3,True
IA_test/1231/best_bits_coarse.mat,C:\Users\26096\Desktop\em\FP\IA_test\1231\best_bits_coarse.mat,best_bits_coarse.mat,best_bits_coarse,.mat,3161,2025-12-31T12:24:00+01:00,2026-07-30T20:35:28+02:00,3521411d27d9746ebfb13165d42827857387f3325cf02f2a69ad868a3b786c92,95f755e727232166419a5852b86f66c79e71c9dda5495985e7364d9a1876f6f1,IA_test/1231,True
IA_test/1231/best_J0.145728_20251231_192359.ans,C:\Users\26096\Desktop\em\FP\IA_test\1231\best_J0.145728_20251231_192359.ans,best_J0.145728_20251231_192359.ans,best_J0.145728_20251231_192359,.ans,5114358,2025-12-31T12:24:52+01:00,2026-07-30T20:35:28+02:00,aabee2a8a22a892a442bd1214f5a906a61ae40c3dca12d7f5b0d6c8c9caefc51,494bb41630a26e967dd3c23e026ba71282db772f9727a01fbbfd39734f6210bf,IA_test/1231,True
IA_test/1231/best_J0.145728_20251231_192359.fem,C:\Users\26096\Desktop\em\FP\IA_test\1231\best_J0.145728_20251231_192359.fem,best_J0.145728_20251231_192359.fem,best_J0.145728_20251231_192359,.fem,58163,2025-12-31T12:24:10+01:00,2026-07-30T20:35:28+02:00,2c93a3a7d250d79fd2009d26fd6562e658a941eb3cc686b90b6a099086dcd3eb,10b1e2a41a5cb21427f8cf7c39664b5a28e4bc2f21390d0ffefce6e2db8a742f,IA_test/1231,True
IA_test/1231/best_J0.145728_20251231_192359.png,C:\Users\26096\Desktop\em\FP\IA_test\1231\best_J0.145728_20251231_192359.png,best_J0.145728_20251231_192359.png,best_J0.145728_20251231_192359,.png,2929834,2025-12-31T12:24:52+01:00,2026-07-30T20:35:28+02:00,3ebbbce5a186e2a8e581b8a85b7d3e696715cefbb3b1da41a78dd2ea4d397a87,15a10cf57c7ea8aeaa9818609f380f2ba22860d3ac9c91419a0d9e0a31a440ab,IA_test/1231,True
IA_test/1231/best_result_20251231_192359.mat,C:\Users\26096\Desktop\em\FP\IA_test\1231\best_result_20251231_192359.mat,best_result_20251231_192359.mat,best_result_20251231_192359,.mat,3405,2025-12-31T12:24:00+01:00,2026-07-30T20:35:28+02:00,96341fed649124ee7a880a42cc9db817028ab23a009bef8b0d652c6afead5e94,41ab943205de606288211babc45241d79ca40b8455047bc60effe35ee1159e92,IA_test/1231,True
IA_test/1组/第三代结果排名.png,C:\Users\26096\Desktop\em\FP\IA_test\1组\第三代结果排名.png,第三代结果排名.png,第三代结果排名,.png,16306,2025-12-01T13:56:12+01:00,2026-07-30T20:35:28+02:00,1ead133a60121ca8f8c61920a68c71477b76d655ec8cd0539ea725b1011787d3,13280e091bdb7f9b22c9f4fd685756423df1f29b536702814a923259a83e2506,IA_test/1组,True
IA_test/1组/结果.png,C:\Users\26096\Desktop\em\FP\IA_test\1组\结果.png,结果.png,结果,.png,12426,2025-12-01T13:55:40+01:00,2026-07-30T20:35:28+02:00,73c6d5b90f0e1c1f4a7c4f7ec41bbd09eb3cc28b4d1d9a1fc17dbbed9aeba021,b5f778d7a0c3de8f65df88eaa0c3693ac9cbbd6b8229e9b07011bf7c3f1f0166,IA_test/1组,True
IA_test/1组/结果图像.png,C:\Users\26096\Desktop\em\FP\IA_test\1组\结果图像.png,结果图像.png,结果图像,.png,131933,2025-12-02T09:22:16+01:00,2026-07-30T20:35:28+02:00,f647e3b41335e5b7aa323de4f306a3eed35ae70509775f0d8956021c9a3df195,f7d81c43fb391dce267d521669c4987cba0b312c31ef5abcc1d959ad03f189ff,IA_test/1组,True
IA_test/1组/角度.png,C:\Users\26096\Desktop\em\FP\IA_test\1组\角度.png,角度.png,角度,.png,17766,2025-12-01T13:49:40+01:00,2026-07-30T20:35:28+02:00,16a61d4a490cd4ca5bb8166661bc0cc469490cb23acfbae4521d9986fb016bc1,106bc5a941d09b257b303f377fe216b63ea0ed1c825bda60ecdf7ad842f2b5b0,IA_test/1组,True
IA_test/CLONALG/ackleyfcn.m,C:\Users\26096\Desktop\em\FP\IA_test\CLONALG\ackleyfcn.m,ackleyfcn.m,ackleyfcn,.m,293,2018-04-05T03:00:44+02:00,2026-07-30T20:35:28+02:00,3955cf116a71ea18e13ebbcd399a0c0970c148985a3055feaeb8d348b2eb28b4,5664a74aae5a86521790a081af346a2d64571a7f37bcbcbd0e277aeca66ee3e9,IA_test/CLONALG,True
IA_test/CLONALG/clonalg.m,C:\Users\26096\Desktop\em\FP\IA_test\CLONALG\clonalg.m,clonalg.m,clonalg,.m,4640,2018-04-26T21:35:14+02:00,2026-07-30T20:35:28+02:00,ac64c83007204319be5ca8e7a873833acff5ca1b94f3e75e14c100927a172419,41a39490abe2161ed9db9a045ea4b9e3f97853fcd4c0aa31d3e8c6b66816876c,IA_test/CLONALG,True
IA_test/CLONALG/crossintrayfcn.m,C:\Users\26096\Desktop\em\FP\IA_test\CLONALG\crossintrayfcn.m,crossintrayfcn.m,crossintrayfcn,.m,324,2018-04-05T03:08:56+02:00,2026-07-30T20:35:28+02:00,cb6b5fa7f4026cc2436d98fb486bb4b09f519a4d70d8fc286c28037f5add2f55,3b52fbb255265f9e2735bdec501d9cbe692c3a61039069fa4c7a132c70163997,IA_test/CLONALG,True
IA_test/CLONALG/dejong1fcn.m,C:\Users\26096\Desktop\em\FP\IA_test\CLONALG\dejong1fcn.m,dejong1fcn.m,dejong1fcn,.m,213,2018-04-05T02:51:34+02:00,2026-07-30T20:35:28+02:00,3ae8af896b1834bbf1e07ca0462de6abf01452702d267f642f6ce67dad7dc4a0,9f859cb8b1e26fbd65c1054354a6ff628518f4e78fb5b6c8ccc658684473f9a1,IA_test/CLONALG,True
IA_test/CLONALG/dropwavefcn.m,C:\Users\26096\Desktop\em\FP\IA_test\CLONALG\dropwavefcn.m,dropwavefcn.m,dropwavefcn,.m,339,2018-04-05T03:08:32+02:00,2026-07-30T20:35:28+02:00,13ccfb5413d474621ca9917e79403c4e68a2bf13d6e7c89355bec549f4516149,829a3249d6140f42186c90fb74c682b66ffa29d1a802f9deec1bc3f3059d4320,IA_test/CLONALG,True
IA_test/CLONALG/eggholderfcn.m,C:\Users\26096\Desktop\em\FP\IA_test\CLONALG\eggholderfcn.m,eggholderfcn.m,eggholderfcn,.m,374,2018-04-05T03:09:24+02:00,2026-07-30T20:35:28+02:00,5eef69d9ab5b592b05f327be1f5797efc3bc8785118c24db07a3adbe94c6a58c,3e6676f177340ece5f6eed09fd7550b0f62c5c01e2a668b3c72405a14eec111c,IA_test/CLONALG,True
IA_test/CLONALG/griewankfcn.m,C:\Users\26096\Desktop\em\FP\IA_test\CLONALG\griewankfcn.m,griewankfcn.m,griewankfcn,.m,265,2018-04-05T03:00:34+02:00,2026-07-30T20:35:28+02:00,d0a9d5250bf676c426da4c12fc2f0789cefca71efb187cc68d6fc6807f8a9f12,a81cb1267ac7d24f96c71c735e937207243aaad3dda9fbad8ac7a8c09cf78a4f,IA_test/CLONALG,True
IA_test/CLONALG/Learning and Optimization Using the Clonal Selection Principle [de Castro & Von Zuben][2002].pdf,C:\Users\26096\Desktop\em\FP\IA_test\CLONALG\Learning and Optimization Using the Clonal Selection Principle [de Castro & Von Zuben][2002].pdf,Learning and Optimization Using the Clonal Selection Principle [de Castro & Von Zuben][2002].pdf,Learning and Optimization Using the Clonal Selection Principle [de Castro & Von Zuben][2002],.pdf,481898,2018-04-20T18:20:06+02:00,2026-07-30T20:35:28+02:00,dc287f493ba876eddccacd803692bb99245d8536b605ab24459175c9233604bc,1147c54c8e9190115f4346042d948295bf7ba509d91c3d525362b72461006a62,IA_test/CLONALG,True
IA_test/CLONALG/rastriginfcn.m,C:\Users\26096\Desktop\em\FP\IA_test\CLONALG\rastriginfcn.m,rastriginfcn.m,rastriginfcn,.m,243,2018-04-05T03:00:16+02:00,2026-07-30T20:35:28+02:00,72fcb433f26423458b2737e53aceaf2c8997c427224bf3a49c621614001ebd7e,4e9d30791b7a01504380af8b684e19831bc9fb80cf5004026c84e54be81c4062,IA_test/CLONALG,True
IA_test/CLONALG/rosenbrockfcn.m,C:\Users\26096\Desktop\em\FP\IA_test\CLONALG\rosenbrockfcn.m,rosenbrockfcn.m,rosenbrockfcn,.m,277,2018-04-05T02:59:34+02:00,2026-07-30T20:35:28+02:00,0c8ef1f534e482275f56cfb6bfabc878a296f90e4e57d27922de635c45c77c1d,2ef985e8577188fd44b36188b21b544a877c77826eb8334b25d05227c2ede6a4,IA_test/CLONALG,True
IA_test/CLONALG/schwefelfcn.m,C:\Users\26096\Desktop\em\FP\IA_test\CLONALG\schwefelfcn.m,schwefelfcn.m,schwefelfcn,.m,280,2018-04-05T03:00:24+02:00,2026-07-30T20:35:28+02:00,509e9c14a752a5b8e6eb9c7b3ee884e6380c80caccdc47f82be2f52fe8b5f398,d26fc6df46c901a87a29a2fa694c8a9de83bc7f4cbdce226bc6e597d19534f51,IA_test/CLONALG,True
IA_test/新建文件夹/temp_airgap_scan.fem,C:\Users\26096\Desktop\em\FP\IA_test\新建文件夹\temp_airgap_scan.fem,temp_airgap_scan.fem,temp_airgap_scan,.fem,55685,2025-12-15T21:20:26+01:00,2026-07-30T20:35:28+02:00,0944b2e796bd80f329a4a8e0a27b297c021eec27e6119bf15bc1a3dca0ef456e,762c5848e98862e3da720229a7a9068c2db48ce2b99ed139cb77ca28bdf9e9f6,IA_test/新建文件夹,True
IA_test/新建文件夹/untitled.fig,C:\Users\26096\Desktop\em\FP\IA_test\新建文件夹\untitled.fig,untitled.fig,untitled,.fig,8554,2025-12-15T21:13:08+01:00,2026-07-30T20:35:28+02:00,bde4a04dcb2582e99384a0820efe9fd25f7396e3efe4f5469603f1f173e19535,18d1d2dd599d38921a4ca8bbac535ca7d0cf0e930eb19300c0c334ed25a7da2b,IA_test/新建文件夹,True
IA_test/新建文件夹/屏幕截图 2025-12-16 041331.png,C:\Users\26096\Desktop\em\FP\IA_test\新建文件夹\屏幕截图 2025-12-16 041331.png,屏幕截图 2025-12-16 041331.png,屏幕截图 2025-12-16 041331,.png,66233,2025-12-15T21:13:54+01:00,2026-07-30T20:35:28+02:00,107ff6324fea926f1f385810a98790e6d3e6ad29da02c6c24ffeae97b66b8ccb,f614f22fa10554f672703c4b29557b41ff53862969ab4d38bd28ac935723dcf5,IA_test/新建文件夹,True
IA_test/新建文件夹/屏幕截图 2025-12-16 041402.png,C:\Users\26096\Desktop\em\FP\IA_test\新建文件夹\屏幕截图 2025-12-16 041402.png,屏幕截图 2025-12-16 041402.png,屏幕截图 2025-12-16 041402,.png,21006,2025-12-15T21:14:18+01:00,2026-07-30T20:35:28+02:00,053476c19e72a1528c8bee3f3d4a30f6fffb3c25c1cd05105e828d3df5d84384,5203e29ae29419434e335cbe4569bfadfb4b0cbf196852c0b5aa8c0778f69209,IA_test/新建文件夹,True
IA_test/无优化组/best_bits_coarse.mat,C:\Users\26096\Desktop\em\FP\IA_test\无优化组\best_bits_coarse.mat,best_bits_coarse.mat,best_bits_coarse,.mat,7829,2026-01-04T18:15:46+01:00,2026-07-30T20:35:28+02:00,d60ed1606179a847fcf721fcd8211d51be288096cab7106cd804db68817087d2,,IA_test/无优化组,True
IA_test/无优化组/best_J0.106306_20260105_011544.ans,C:\Users\26096\Desktop\em\FP\IA_test\无优化组\best_J0.106306_20260105_011544.ans,best_J0.106306_20260105_011544.ans,best_J0.106306_20260105_011544,.ans,6861752,2026-01-04T18:16:42+01:00,2026-07-30T20:35:28+02:00,67897d8bd457a6fd6c6829d6e3d4af418356ce9809035ac13f883065ddc1680c,260d1c23e14f919025ff764edc6cccf61dd86c61bf6b0249e959d2ec3b97d6bf,IA_test/无优化组,True
IA_test/无优化组/best_J0.106306_20260105_011544.fem,C:\Users\26096\Desktop\em\FP\IA_test\无优化组\best_J0.106306_20260105_011544.fem,best_J0.106306_20260105_011544.fem,best_J0.106306_20260105_011544,.fem,148606,2026-01-04T18:16:00+01:00,2026-07-30T20:35:28+02:00,1d8923e5a15215aad2c5a60e700778c395d03e4004af6a1d83b620f3c63501c5,a94118596403c6bf52a215165fef54ccbbc27b8a51088656a75a4ba69065a214,IA_test/无优化组,True
IA_test/无优化组/best_J0.106306_20260105_011544.png,C:\Users\26096\Desktop\em\FP\IA_test\无优化组\best_J0.106306_20260105_011544.png,best_J0.106306_20260105_011544.png,best_J0.106306_20260105_011544,.png,58,2026-01-04T18:16:44+01:00,2026-07-30T20:35:28+02:00,844e7d602988a91c7c63c3756ed0f0453f7ce13b98a99ff63f5b7dee6149658c,8721360559fedb06b47a0d9305b1164e5900e98a929692d89dd4850f7d6b390d,IA_test/无优化组,True
IA_test/无优化组/best_J0.110898_20260103_223049.ans,C:\Users\26096\Desktop\em\FP\IA_test\无优化组\best_J0.110898_20260103_223049.ans,best_J0.110898_20260103_223049.ans,best_J0.110898_20260103_223049,.ans,6486863,2026-01-03T15:32:38+01:00,2026-07-30T20:35:28+02:00,8985b7e93edb528952006da66612735ccf0dae97df3732672a441fd457c54b18,2c8081187d696b8f55d88114d5695d05a81c6d9f3b7661cf1d197d1e0a1ad538,IA_test/无优化组,True
IA_test/无优化组/best_J0.110898_20260103_223049.fem,C:\Users\26096\Desktop\em\FP\IA_test\无优化组\best_J0.110898_20260103_223049.fem,best_J0.110898_20260103_223049.fem,best_J0.110898_20260103_223049,.fem,141183,2026-01-03T15:32:06+01:00,2026-07-30T20:35:28+02:00,9b3488d6e5e740e99d49f687d10e511992d36e6a04ce6a8d3648b1649f3655d1,a32f8386db824a7216faf9be448937acf21027c02ba8c78ac9eb596fa72dece1,IA_test/无优化组,True
IA_test/无优化组/best_J0.110898_20260103_223049.png,C:\Users\26096\Desktop\em\FP\IA_test\无优化组\best_J0.110898_20260103_223049.png,best_J0.110898_20260103_223049.png,best_J0.110898_20260103_223049,.png,58,2026-01-03T15:32:38+01:00,2026-07-30T20:35:28+02:00,844e7d602988a91c7c63c3756ed0f0453f7ce13b98a99ff63f5b7dee6149658c,8721360559fedb06b47a0d9305b1164e5900e98a929692d89dd4850f7d6b390d,IA_test/无优化组,True
IA_test/无优化组/best_J0.110898_20260104_040203.ans,C:\Users\26096\Desktop\em\FP\IA_test\无优化组\best_J0.110898_20260104_040203.ans,best_J0.110898_20260104_040203.ans,best_J0.110898_20260104_040203,.ans,6486863,2026-01-03T21:04:10+01:00,2026-07-30T20:35:28+02:00,8985b7e93edb528952006da66612735ccf0dae97df3732672a441fd457c54b18,2c8081187d696b8f55d88114d5695d05a81c6d9f3b7661cf1d197d1e0a1ad538,IA_test/无优化组,True
IA_test/无优化组/best_J0.110898_20260104_040203.fem,C:\Users\26096\Desktop\em\FP\IA_test\无优化组\best_J0.110898_20260104_040203.fem,best_J0.110898_20260104_040203.fem,best_J0.110898_20260104_040203,.fem,141183,2026-01-03T21:03:38+01:00,2026-07-30T20:35:29+02:00,9b3488d6e5e740e99d49f687d10e511992d36e6a04ce6a8d3648b1649f3655d1,a32f8386db824a7216faf9be448937acf21027c02ba8c78ac9eb596fa72dece1,IA_test/无优化组,True
IA_test/无优化组/best_J0.110898_20260104_040203.png,C:\Users\26096\Desktop\em\FP\IA_test\无优化组\best_J0.110898_20260104_040203.png,best_J0.110898_20260104_040203.png,best_J0.110898_20260104_040203,.png,58,2026-01-03T21:04:10+01:00,2026-07-30T20:35:29+02:00,844e7d602988a91c7c63c3756ed0f0453f7ce13b98a99ff63f5b7dee6149658c,8721360559fedb06b47a0d9305b1164e5900e98a929692d89dd4850f7d6b390d,IA_test/无优化组,True
IA_test/无优化组/best_J0.113614_20260103_045247.ans,C:\Users\26096\Desktop\em\FP\IA_test\无优化组\best_J0.113614_20260103_045247.ans,best_J0.113614_20260103_045247.ans,best_J0.113614_20260103_045247,.ans,11962051,2026-01-02T21:57:08+01:00,2026-07-30T20:35:29+02:00,fcdecd80f9d6c3f5feace88a2335a674ea6e38fe5eadc419c307a3739bf5bce9,92b7a153c31e84dedefd1f3e109861ead26739cb4700717c1709395c1b732867,IA_test/无优化组,True
IA_test/无优化组/best_J0.113614_20260103_045247.fem,C:\Users\26096\Desktop\em\FP\IA_test\无优化组\best_J0.113614_20260103_045247.fem,best_J0.113614_20260103_045247.fem,best_J0.113614_20260103_045247,.fem,132413,2026-01-02T21:55:24+01:00,2026-07-30T20:35:29+02:00,c6e8a9800185d815d663199bd81e1c8df5790a46e35b0ff1fa33f1a845043aef,71c4013106ac01bc9a8b262e8c945dfefee892f2eecb15c66524b169f930e904,IA_test/无优化组,True
IA_test/无优化组/best_J0.113614_20260103_045247.png,C:\Users\26096\Desktop\em\FP\IA_test\无优化组\best_J0.113614_20260103_045247.png,best_J0.113614_20260103_045247.png,best_J0.113614_20260103_045247,.png,2929834,2026-01-02T21:57:10+01:00,2026-07-30T20:35:29+02:00,68aafba206a50649f5beb733f6b682d3c54dd796f610f404665eb22368736b4d,50e56ebaab5d966e0d0b0b878f7b0500db7167e5375d1ac59a149f49242e3a7f,IA_test/无优化组,True
IA_test/无优化组/best_J0.238035_20251229_211603.ans,C:\Users\26096\Desktop\em\FP\IA_test\无优化组\best_J0.238035_20251229_211603.ans,best_J0.238035_20251229_211603.ans,best_J0.238035_20251229_211603,.ans,4364011,2025-12-29T14:16:42+01:00,2026-07-30T20:35:29+02:00,dae7de0cbc60db04af8e3c37ad4c07e4c7788d932abcc620fe3367999911212c,84bf3816ae932f7b0782184f1f650529af7fa990f510fcb2ef351eb5f93c19ef,IA_test/无优化组,True
IA_test/无优化组/best_J0.238035_20251229_211603.fem,C:\Users\26096\Desktop\em\FP\IA_test\无优化组\best_J0.238035_20251229_211603.fem,best_J0.238035_20251229_211603.fem,best_J0.238035_20251229_211603,.fem,71182,2025-12-29T14:16:24+01:00,2026-07-30T20:35:29+02:00,691c2166f8ed66c834df542adb3757d5a6cc5f1eaa9bb57dbb3126d723d97fd0,f727b2948325a7a14c00f74425d0051593e8fe6bed15a0a443d3e840eb8f74cc,IA_test/无优化组,True
IA_test/无优化组/best_J0.257147_20251228_164352.ans,C:\Users\26096\Desktop\em\FP\IA_test\无优化组\best_J0.257147_20251228_164352.ans,best_J0.257147_20251228_164352.ans,best_J0.257147_20251228_164352,.ans,13015562,2025-12-28T09:47:40+01:00,2026-07-30T20:35:29+02:00,ebb05fab026d231a93f0cdd2370d22f7307c5979694d536a235414ae7009d3ef,d30a6e2288edcef741dcd8453fb78d899f0fff0b47034478a518992e77d1c72f,IA_test/无优化组,True
IA_test/无优化组/best_J0.257147_20251228_164352.fem,C:\Users\26096\Desktop\em\FP\IA_test\无优化组\best_J0.257147_20251228_164352.fem,best_J0.257147_20251228_164352.fem,best_J0.257147_20251228_164352,.fem,148325,2025-12-28T09:44:46+01:00,2026-07-30T20:35:29+02:00,0c9d0e2cbee095d96ecbd4d98b85a1ab6e5c77aea52da45532064dab8060ae58,099f794513938363d326f8ad3fa13f05f188414965a3477a0e2c1b9ac5ff5449,IA_test/无优化组,True
IA_test/无优化组/best_J0.257147_20251228_164352.png,C:\Users\26096\Desktop\em\FP\IA_test\无优化组\best_J0.257147_20251228_164352.png,best_J0.257147_20251228_164352.png,best_J0.257147_20251228_164352,.png,2929834,2025-12-28T09:47:42+01:00,2026-07-30T20:35:29+02:00,6fdd629cdd3aa01ed03bded253c6428a9ec234e838b53adac54e3ab428476969,cfb8924682fabe6ecc80948f75dfb2397c2bfe064617840bd46f003a00c36258,IA_test/无优化组,True
IA_test/无优化组/best_J2.16323_20260103_182158.ans,C:\Users\26096\Desktop\em\FP\IA_test\无优化组\best_J2.16323_20260103_182158.ans,best_J2.16323_20260103_182158.ans,best_J2.16323_20260103_182158,.ans,3831411,2026-01-03T11:22:52+01:00,2026-07-30T20:35:29+02:00,c097a6925a19d7c26069458d7e516bfad4170be4468146f524d9c5614e1b6763,,IA_test/无优化组,True
IA_test/无优化组/best_J2.16323_20260103_182158.fem,C:\Users\26096\Desktop\em\FP\IA_test\无优化组\best_J2.16323_20260103_182158.fem,best_J2.16323_20260103_182158.fem,best_J2.16323_20260103_182158,.fem,88128,2026-01-03T11:22:24+01:00,2026-07-30T20:35:29+02:00,502751b51cbe55053ef6d14c4f0cf4cd637268b7bb5b955e23068d5f2653e433,,IA_test/无优化组,True
IA_test/无优化组/best_J2.16323_20260103_182158.png,C:\Users\26096\Desktop\em\FP\IA_test\无优化组\best_J2.16323_20260103_182158.png,best_J2.16323_20260103_182158.png,best_J2.16323_20260103_182158,.png,2929834,2026-01-03T11:22:52+01:00,2026-07-30T20:35:29+02:00,4d9728a2d4a9c9cd80d999498c9a4bd9ff9c3b9e01569e99bbe321df46eeb04b,,IA_test/无优化组,True
IA_test/无优化组/best_result_20251224_164638.mat,C:\Users\26096\Desktop\em\FP\IA_test\无优化组\best_result_20251224_164638.mat,best_result_20251224_164638.mat,best_result_20251224_164638,.mat,3468,2025-12-24T09:46:40+01:00,2026-07-30T20:35:29+02:00,3e2bdd30cfcdefcbe896ee8d5edfac6cb8284c1ce79b561de48a0f4511f7f85e,36424578a1261b6978d4e77c7bdcf2b92006b3d8ebb63058c2086332b19eb6de,IA_test/无优化组,True
IA_test/无优化组/best_result_20251225_164109.mat,C:\Users\26096\Desktop\em\FP\IA_test\无优化组\best_result_20251225_164109.mat,best_result_20251225_164109.mat,best_result_20251225_164109,.mat,3453,2025-12-25T09:41:10+01:00,2026-07-30T20:35:29+02:00,c856135317cf0713aa3f4ff10c0b3c0323df89748ff02a34f61e76523e95bd53,bf310c6d99ca2736a79376867395c1101d5ccc9979d4ecf85eb1a1a7e81b8dcd,IA_test/无优化组,True
IA_test/无优化组/best_result_20251225_205212.mat,C:\Users\26096\Desktop\em\FP\IA_test\无优化组\best_result_20251225_205212.mat,best_result_20251225_205212.mat,best_result_20251225_205212,.mat,3453,2025-12-25T13:52:14+01:00,2026-07-30T20:35:29+02:00,1b24594b35caf700230774c925f578f3c023d448382af20449d9ed9094f650b6,c37fdcd7f0ca87964d791a681583e6b4294a6ecd5033aae4a69f0e657cbc9fbd,IA_test/无优化组,True
IA_test/无优化组/best_result_20251228_164352.mat,C:\Users\26096\Desktop\em\FP\IA_test\无优化组\best_result_20251228_164352.mat,best_result_20251228_164352.mat,best_result_20251228_164352,.mat,3361,2025-12-28T09:43:54+01:00,2026-07-30T20:35:29+02:00,3ace128dc11fce9b4d776e639438271023fcadb2234c5e36608d10db4927e28c,420446f9f968f6abaf75019cb0bb9321610bad0c72880811f21e599aa97bdc72,IA_test/无优化组,True
IA_test/无优化组/best_result_20251229_005752.mat,C:\Users\26096\Desktop\em\FP\IA_test\无优化组\best_result_20251229_005752.mat,best_result_20251229_005752.mat,best_result_20251229_005752,.mat,3404,2025-12-28T17:57:54+01:00,2026-07-30T20:35:29+02:00,db53a793dbd6ff1730ee4173a513d134e274d57647aa7ba0f9b6d46f6ad60fca,eeec40c1b95aa8e7d5cc981f10abac96e829e4d528c68af9714945195f06d831,IA_test/无优化组,True
IA_test/无优化组/best_result_20251229_211603.mat,C:\Users\26096\Desktop\em\FP\IA_test\无优化组\best_result_20251229_211603.mat,best_result_20251229_211603.mat,best_result_20251229_211603,.mat,3380,2025-12-29T14:16:04+01:00,2026-07-30T20:35:29+02:00,cf71edbd32c82e771fdf780ea89c9ae4518a516c25964a04a76919c8bd55cdca,ff70242255bf91f139855fd2987796bc03c603827dd8bd7ea9bbd483bc0807c4,IA_test/无优化组,True
IA_test/无优化组/best_result_20260103_045247.mat,C:\Users\26096\Desktop\em\FP\IA_test\无优化组\best_result_20260103_045247.mat,best_result_20260103_045247.mat,best_result_20260103_045247,.mat,8023,2026-01-02T21:52:48+01:00,2026-07-30T20:35:29+02:00,166046c07190ed84199d96899ede0756c3843809715d32d189e713b10bc2849c,67cecd302ca9448e9905cf39de0defb9d39ae20e0b9004c6292c8a1e480e0071,IA_test/无优化组,True
IA_test/无优化组/best_result_20260103_182158.mat,C:\Users\26096\Desktop\em\FP\IA_test\无优化组\best_result_20260103_182158.mat,best_result_20260103_182158.mat,best_result_20260103_182158,.mat,8123,2026-01-03T11:22:00+01:00,2026-07-30T20:35:29+02:00,2d4fc1ec371397e516980567824476543d67c54cf89d11d43faab00eed22ec12,,IA_test/无优化组,True
IA_test/无优化组/best_result_20260103_223049.mat,C:\Users\26096\Desktop\em\FP\IA_test\无优化组\best_result_20260103_223049.mat,best_result_20260103_223049.mat,best_result_20260103_223049,.mat,8053,2026-01-03T15:30:50+01:00,2026-07-30T20:35:29+02:00,12b4f129bf09227af46ffd2e1f459ed3d489a6088fcbeb5a10c1863ab81dcf35,,IA_test/无优化组,True
IA_test/无优化组/best_result_20260104_040203.mat,C:\Users\26096\Desktop\em\FP\IA_test\无优化组\best_result_20260104_040203.mat,best_result_20260104_040203.mat,best_result_20260104_040203,.mat,8053,2026-01-03T21:02:04+01:00,2026-07-30T20:35:29+02:00,7205c0b4484aeff8862bcc959708396c81f97275ec38e020c48d1185012041f4,,IA_test/无优化组,True
IA_test/无优化组/best_result_20260105_011544.mat,C:\Users\26096\Desktop\em\FP\IA_test\无优化组\best_result_20260105_011544.mat,best_result_20260105_011544.mat,best_result_20260105_011544,.mat,8071,2026-01-04T18:15:46+01:00,2026-07-30T20:35:29+02:00,4c65900c6c09149c4573560b00fa510d76c8df5c0825f590020a275ea22817c3,,IA_test/无优化组,True
IA_test/无优化组/untitled.fig,C:\Users\26096\Desktop\em\FP\IA_test\无优化组\untitled.fig,untitled.fig,untitled,.fig,8991,2025-12-31T12:26:06+01:00,2026-07-30T20:35:29+02:00,09022648cc1cd6d15abdc08db3f0e68b6f8f8b1f103ed4e36ea43b2c9838a0e6,b72d4a12120c7c20ad87af0fc90e7f9ab38435fe50935b248575c34290fbe429,IA_test/无优化组,True
IA_test/无优化组/untitled2.fig,C:\Users\26096\Desktop\em\FP\IA_test\无优化组\untitled2.fig,untitled2.fig,untitled2,.fig,8884,2026-01-03T09:42:22+01:00,2026-07-30T20:35:29+02:00,6a6238d9922f0af0df2e41b572d80226d21b1a952e28258c994e28d8d8dca380,,IA_test/无优化组,True
IA_test/设计/blank.FEM,C:\Users\26096\Desktop\em\FP\IA_test\设计\blank.FEM,blank.FEM,blank,.fem,13383,2025-12-13T10:34:58+01:00,2026-07-30T20:35:29+02:00,ad6f4a6818609ff355f1f5a852dff701a684f9a9f18db40c8ca6795d3385d4bf,370d9dbe89a196140a26720892589da8ba9ab6e2f3a7e1c43e63837d80d17bba,IA_test/设计,True
IA_test_Float/best_bits_coarse.mat,C:\Users\26096\Desktop\em\FP\IA_test_Float\best_bits_coarse.mat,best_bits_coarse.mat,best_bits_coarse,.mat,8043,2026-03-06T17:42:00+01:00,2026-07-30T20:35:29+02:00,6e02e131b2d04c936be4d3da9247beeac4c49ddf92a84cf8e56b5d8deb607d22,,IA_test_Float,True
IA_test_Float/best_J0.0924955_20260306_174158.ans,C:\Users\26096\Desktop\em\FP\IA_test_Float\best_J0.0924955_20260306_174158.ans,best_J0.0924955_20260306_174158.ans,best_J0.0924955_20260306_174158,.ans,7249957,2026-03-06T17:42:50+01:00,2026-07-30T20:35:29+02:00,d357ab3d0b714be40f6d817d41c50b4b558f6d7b87d50b1a44562011561545b7,4ae4892a38c8c31464cb6271afd2531121c489041512350332f2a985ec8a2f27,IA_test_Float,True
IA_test_Float/best_J0.0924955_20260306_174158.fem,C:\Users\26096\Desktop\em\FP\IA_test_Float\best_J0.0924955_20260306_174158.fem,best_J0.0924955_20260306_174158.fem,best_J0.0924955_20260306_174158,.fem,158863,2026-03-06T17:42:10+01:00,2026-07-30T20:35:29+02:00,f71fc18073aefec796d23d54f57a05682ad3094475789dcf5f8bf17cec7c1333,9cbb27b37ed00188348bf9d1031fd1efbfe589ef4f971cc9f07c58d878740bb0,IA_test_Float,True
IA_test_Float/best_J0.0924955_20260306_174158.png,C:\Users\26096\Desktop\em\FP\IA_test_Float\best_J0.0924955_20260306_174158.png,best_J0.0924955_20260306_174158.png,best_J0.0924955_20260306_174158,.png,58,2026-03-06T17:42:50+01:00,2026-07-30T20:35:29+02:00,844e7d602988a91c7c63c3756ed0f0453f7ce13b98a99ff63f5b7dee6149658c,8721360559fedb06b47a0d9305b1164e5900e98a929692d89dd4850f7d6b390d,IA_test_Float,True
IA_test_Float/best_result_20260306_174158.mat,C:\Users\26096\Desktop\em\FP\IA_test_Float\best_result_20260306_174158.mat,best_result_20260306_174158.mat,best_result_20260306_174158,.mat,8464,2026-03-06T17:42:00+01:00,2026-07-30T20:35:29+02:00,ad2836b325e3a52cf498bc08362969348a45770b3b369e0fe556112bc456f36c,ece27e1036789b264a5b8e6eda7b4f27fafceec1ca1b9e29f4c5fa71fb06c338,IA_test_Float,True
IA_test_Float/trace_all_20260306_174158.mat,C:\Users\26096\Desktop\em\FP\IA_test_Float\trace_all_20260306_174158.mat,trace_all_20260306_174158.mat,trace_all_20260306_174158,.mat,187542,2026-03-06T17:42:00+01:00,2026-07-30T20:35:29+02:00,3b687a2d707bc9b45b547a8e4cfcaaf75ecb7ae992a4bc8f82af001d6925ba3b,,IA_test_Float,True
IA_test_Float/0227 30gen/best_bits_coarse.mat,C:\Users\26096\Desktop\em\FP\IA_test_Float\0227 30gen\best_bits_coarse.mat,best_bits_coarse.mat,best_bits_coarse,.mat,8023,2026-02-27T12:51:54+01:00,2026-07-30T20:35:29+02:00,74be0b731505fd6fc5c2fe3dbfa8c132b3d646a47ddc0d3761e391e0ec764991,,IA_test_Float/0227 30gen,True
IA_test_Float/0227 30gen/best_J0.120593_20260227_125153.ans,C:\Users\26096\Desktop\em\FP\IA_test_Float\0227 30gen\best_J0.120593_20260227_125153.ans,best_J0.120593_20260227_125153.ans,best_J0.120593_20260227_125153,.ans,6262709,2026-02-27T12:54:00+01:00,2026-07-30T20:35:29+02:00,49d352e645e915ff60d31b3415256d9640f4602c50e157e9f43743398dde0dfd,,IA_test_Float/0227 30gen,True
IA_test_Float/0227 30gen/best_J0.120593_20260227_125153.fem,C:\Users\26096\Desktop\em\FP\IA_test_Float\0227 30gen\best_J0.120593_20260227_125153.fem,best_J0.120593_20260227_125153.fem,best_J0.120593_20260227_125153,.fem,137777,2026-02-27T12:53:24+01:00,2026-07-30T20:35:29+02:00,53ec4d4d4d2d41caf04a4b3acf3c6a6165af2f19220c1ef2303b30a8669feb2b,,IA_test_Float/0227 30gen,True
IA_test_Float/0227 30gen/best_J0.120593_20260227_125153.png,C:\Users\26096\Desktop\em\FP\IA_test_Float\0227 30gen\best_J0.120593_20260227_125153.png,best_J0.120593_20260227_125153.png,best_J0.120593_20260227_125153,.png,58,2026-02-27T12:54:00+01:00,2026-07-30T20:35:29+02:00,844e7d602988a91c7c63c3756ed0f0453f7ce13b98a99ff63f5b7dee6149658c,8721360559fedb06b47a0d9305b1164e5900e98a929692d89dd4850f7d6b390d,IA_test_Float/0227 30gen,True
IA_test_Float/0227 30gen/best_result_20260227_112826.mat,C:\Users\26096\Desktop\em\FP\IA_test_Float\0227 30gen\best_result_20260227_112826.mat,best_result_20260227_112826.mat,best_result_20260227_112826,.mat,8239,2026-02-27T11:28:28+01:00,2026-07-30T20:35:29+02:00,d89014db2f4d61b819e97232c6cc9a8cf84f0b3444cdb3bbb1bf0ee9800ea21c,,IA_test_Float/0227 30gen,True
IA_test_Float/0227 30gen/best_result_20260227_120121.mat,C:\Users\26096\Desktop\em\FP\IA_test_Float\0227 30gen\best_result_20260227_120121.mat,best_result_20260227_120121.mat,best_result_20260227_120121,.mat,8239,2026-02-27T12:01:22+01:00,2026-07-30T20:35:29+02:00,3399fd2a899acb3507e8d0a21d9f5be174e983b37f1850adc6d474e84db88f7c,,IA_test_Float/0227 30gen,True
IA_test_Float/0227 30gen/best_result_20260227_125153.mat,C:\Users\26096\Desktop\em\FP\IA_test_Float\0227 30gen\best_result_20260227_125153.mat,best_result_20260227_125153.mat,best_result_20260227_125153,.mat,8256,2026-02-27T12:51:54+01:00,2026-07-30T20:35:29+02:00,732d1d26ceb7bb3ff192983ef4986e55d19d785d131e61b1b9a1430a5469f864,90418017a52b41367ce6387ac48d56d110e23a6d8d4b2b1ad2153167e01a5656,IA_test_Float/0227 30gen,True
IA_test_Float/0227 30gen/trace_all_20260227_112826.mat,C:\Users\26096\Desktop\em\FP\IA_test_Float\0227 30gen\trace_all_20260227_112826.mat,trace_all_20260227_112826.mat,trace_all_20260227_112826,.mat,92946,2026-02-27T11:28:28+01:00,2026-07-30T20:35:29+02:00,5b1d3d77f29583d2f1e5e8faad7ae0d1dfb7e58104cafad4068f62c23ee4174d,,IA_test_Float/0227 30gen,True
IA_test_Float/0227 30gen/trace_all_20260227_120121.mat,C:\Users\26096\Desktop\em\FP\IA_test_Float\0227 30gen\trace_all_20260227_120121.mat,trace_all_20260227_120121.mat,trace_all_20260227_120121,.mat,92112,2026-02-27T12:01:22+01:00,2026-07-30T20:35:29+02:00,e9b3585cece06c745724beff9a178962d2d062ae03ba2eab5d760aa9caf4ef29,,IA_test_Float/0227 30gen,True
IA_test_Float/0227 30gen/trace_all_20260227_125153.mat,C:\Users\26096\Desktop\em\FP\IA_test_Float\0227 30gen\trace_all_20260227_125153.mat,trace_all_20260227_125153.mat,trace_all_20260227_125153,.mat,92554,2026-02-27T12:51:54+01:00,2026-07-30T20:35:29+02:00,20aea521f6c123ca0b78ae908978f480efbb1bb1447dfabe1433121aa3cee9a6,,IA_test_Float/0227 30gen,True
IA_test_Float/0227 30gen/untitled.fig,C:\Users\26096\Desktop\em\FP\IA_test_Float\0227 30gen\untitled.fig,untitled.fig,untitled,.fig,8329,2026-02-27T12:54:12+01:00,2026-07-30T20:35:29+02:00,203d3bb97ca2f43bc4e9eb06e199d2935ff2746b4c950044e2340ee02d3c2619,,IA_test_Float/0227 30gen,True
IA_test_Float/0228 50gen/best_bits_coarse.mat,C:\Users\26096\Desktop\em\FP\IA_test_Float\0228 50gen\best_bits_coarse.mat,best_bits_coarse.mat,best_bits_coarse,.mat,8033,2026-02-28T12:47:28+01:00,2026-07-30T20:35:29+02:00,5426e2aab1e7c4eb0eec0158c3c847bc405bb8d222c0f1f0f90d31458eb01adc,,IA_test_Float/0228 50gen,True
IA_test_Float/0228 50gen/best_J0.114586_20260228_124726.ans,C:\Users\26096\Desktop\em\FP\IA_test_Float\0228 50gen\best_J0.114586_20260228_124726.ans,best_J0.114586_20260228_124726.ans,best_J0.114586_20260228_124726,.ans,6563741,2026-02-28T12:49:18+01:00,2026-07-30T20:35:29+02:00,5893394a7a98fb856ce67ae4f2af6ceccd9f01665be7cc056520f1eb00e4f926,,IA_test_Float/0228 50gen,True
IA_test_Float/0228 50gen/best_J0.114586_20260228_124726.fem,C:\Users\26096\Desktop\em\FP\IA_test_Float\0228 50gen\best_J0.114586_20260228_124726.fem,best_J0.114586_20260228_124726.fem,best_J0.114586_20260228_124726,.fem,144425,2026-02-28T12:48:50+01:00,2026-07-30T20:35:29+02:00,f9f78e47b9b63731f41af2f6a4dffe32368fa665e8d9766c84bef6989948d11a,,IA_test_Float/0228 50gen,True
IA_test_Float/0228 50gen/best_J0.114586_20260228_124726.png,C:\Users\26096\Desktop\em\FP\IA_test_Float\0228 50gen\best_J0.114586_20260228_124726.png,best_J0.114586_20260228_124726.png,best_J0.114586_20260228_124726,.png,58,2026-02-28T12:49:18+01:00,2026-07-30T20:35:29+02:00,844e7d602988a91c7c63c3756ed0f0453f7ce13b98a99ff63f5b7dee6149658c,8721360559fedb06b47a0d9305b1164e5900e98a929692d89dd4850f7d6b390d,IA_test_Float/0228 50gen,True
IA_test_Float/0228 50gen/best_result_20260228_124726.mat,C:\Users\26096\Desktop\em\FP\IA_test_Float\0228 50gen\best_result_20260228_124726.mat,best_result_20260228_124726.mat,best_result_20260228_124726,.mat,8300,2026-02-28T12:47:28+01:00,2026-07-30T20:35:29+02:00,b56af9ff1cbf6636a5793c7a2367b671eabf4acfd7ba02c5f8fff73fbf18da63,a7d90c9a6cceee9d1bc3022dfb51713f30c2593642b27dd7a7285d6ba631ddaf,IA_test_Float/0228 50gen,True
IA_test_Float/0228 50gen/trace_all_20260228_124726.mat,C:\Users\26096\Desktop\em\FP\IA_test_Float\0228 50gen\trace_all_20260228_124726.mat,trace_all_20260228_124726.mat,trace_all_20260228_124726,.mat,102921,2026-02-28T12:47:28+01:00,2026-07-30T20:35:29+02:00,a1c6b50d6cd61d5371dd8913c143756b843e37d187baacb9cf0d952528321d41,,IA_test_Float/0228 50gen,True
IA_test_Float/0228 50gen/untitled.fig,C:\Users\26096\Desktop\em\FP\IA_test_Float\0228 50gen\untitled.fig,untitled.fig,untitled,.fig,8379,2026-02-28T12:49:28+01:00,2026-07-30T20:35:29+02:00,a752682d070401cc9d0f9ee9a7f834c25d1cf20a705466a48da2df9bbbb9dd17,,IA_test_Float/0228 50gen,True
IA_test_Float/0228 70gen-140gen/best_bits_coarse.mat,C:\Users\26096\Desktop\em\FP\IA_test_Float\0228 70gen-140gen\best_bits_coarse.mat,best_bits_coarse.mat,best_bits_coarse,.mat,8036,2026-02-28T18:00:34+01:00,2026-07-30T20:35:29+02:00,a1f1bb082cfc5999ffed9d5ab71ae585f39eb66f3d527a169453063405cdb460,,IA_test_Float/0228 70gen-140gen,True
IA_test_Float/0228 70gen-140gen/best_J0.113564_20260228_180032.ans,C:\Users\26096\Desktop\em\FP\IA_test_Float\0228 70gen-140gen\best_J0.113564_20260228_180032.ans,best_J0.113564_20260228_180032.ans,best_J0.113564_20260228_180032,.ans,6676787,2026-02-28T18:02:54+01:00,2026-07-30T20:35:29+02:00,e3d5d5fe3927a06bea0589afdcb52fec756abc6280166fba58034823e19dc69a,b84a85494a9f5fd96718a8aba711eda75eeca31397ca4ab5fb4486111b83102b,IA_test_Float/0228 70gen-140gen,True
IA_test_Float/0228 70gen-140gen/best_J0.113564_20260228_180032.fem,C:\Users\26096\Desktop\em\FP\IA_test_Float\0228 70gen-140gen\best_J0.113564_20260228_180032.fem,best_J0.113564_20260228_180032.fem,best_J0.113564_20260228_180032,.fem,146524,2026-02-28T18:02:18+01:00,2026-07-30T20:35:29+02:00,3935f91d5959ac19d26af59c298362dab499a79bbe3f2f2b0bb26bf6717aea02,e82f6b1d342e8c850d957c9db3ffadb989147b925cbede62335fc81cc30d549c,IA_test_Float/0228 70gen-140gen,True
IA_test_Float/0228 70gen-140gen/best_J0.113564_20260228_180032.png,C:\Users\26096\Desktop\em\FP\IA_test_Float\0228 70gen-140gen\best_J0.113564_20260228_180032.png,best_J0.113564_20260228_180032.png,best_J0.113564_20260228_180032,.png,3979266,2026-02-28T18:02:56+01:00,2026-07-30T20:35:29+02:00,d9f0d8d59a15f66596fd16b924ae18647ddd7a17b367d2b0516589a26232f04e,7e695b867b791a7e8caccf2ed5ec4c0d6f30cda6ac0c6cf9f32584878ceb5902,IA_test_Float/0228 70gen-140gen,True
IA_test_Float/0228 70gen-140gen/best_J0.113564_20260301_172121.ans,C:\Users\26096\Desktop\em\FP\IA_test_Float\0228 70gen-140gen\best_J0.113564_20260301_172121.ans,best_J0.113564_20260301_172121.ans,best_J0.113564_20260301_172121,.ans,6676787,2026-03-01T17:23:40+01:00,2026-07-30T20:35:30+02:00,e3d5d5fe3927a06bea0589afdcb52fec756abc6280166fba58034823e19dc69a,b84a85494a9f5fd96718a8aba711eda75eeca31397ca4ab5fb4486111b83102b,IA_test_Float/0228 70gen-140gen,True
IA_test_Float/0228 70gen-140gen/best_J0.113564_20260301_172121.fem,C:\Users\26096\Desktop\em\FP\IA_test_Float\0228 70gen-140gen\best_J0.113564_20260301_172121.fem,best_J0.113564_20260301_172121.fem,best_J0.113564_20260301_172121,.fem,146524,2026-03-01T17:23:02+01:00,2026-07-30T20:35:30+02:00,3935f91d5959ac19d26af59c298362dab499a79bbe3f2f2b0bb26bf6717aea02,e82f6b1d342e8c850d957c9db3ffadb989147b925cbede62335fc81cc30d549c,IA_test_Float/0228 70gen-140gen,True
IA_test_Float/0228 70gen-140gen/best_J0.113564_20260301_172121.png,C:\Users\26096\Desktop\em\FP\IA_test_Float\0228 70gen-140gen\best_J0.113564_20260301_172121.png,best_J0.113564_20260301_172121.png,best_J0.113564_20260301_172121,.png,3979266,2026-03-01T17:23:40+01:00,2026-07-30T20:35:30+02:00,d9f0d8d59a15f66596fd16b924ae18647ddd7a17b367d2b0516589a26232f04e,7e695b867b791a7e8caccf2ed5ec4c0d6f30cda6ac0c6cf9f32584878ceb5902,IA_test_Float/0228 70gen-140gen,True
IA_test_Float/0228 70gen-140gen/best_J0.113564_20260301_224723.ans,C:\Users\26096\Desktop\em\FP\IA_test_Float\0228 70gen-140gen\best_J0.113564_20260301_224723.ans,best_J0.113564_20260301_224723.ans,best_J0.113564_20260301_224723,.ans,6676787,2026-03-01T22:50:32+01:00,2026-07-30T20:35:30+02:00,e3d5d5fe3927a06bea0589afdcb52fec756abc6280166fba58034823e19dc69a,b84a85494a9f5fd96718a8aba711eda75eeca31397ca4ab5fb4486111b83102b,IA_test_Float/0228 70gen-140gen,True
IA_test_Float/0228 70gen-140gen/best_J0.113564_20260301_224723.fem,C:\Users\26096\Desktop\em\FP\IA_test_Float\0228 70gen-140gen\best_J0.113564_20260301_224723.fem,best_J0.113564_20260301_224723.fem,best_J0.113564_20260301_224723,.fem,146524,2026-05-08T15:11:12+02:00,2026-07-30T20:35:30+02:00,3935f91d5959ac19d26af59c298362dab499a79bbe3f2f2b0bb26bf6717aea02,e82f6b1d342e8c850d957c9db3ffadb989147b925cbede62335fc81cc30d549c,IA_test_Float/0228 70gen-140gen,True
IA_test_Float/0228 70gen-140gen/best_J0.113564_20260301_224723.png,C:\Users\26096\Desktop\em\FP\IA_test_Float\0228 70gen-140gen\best_J0.113564_20260301_224723.png,best_J0.113564_20260301_224723.png,best_J0.113564_20260301_224723,.png,3979266,2026-03-01T22:50:34+01:00,2026-07-30T20:35:30+02:00,d9f0d8d59a15f66596fd16b924ae18647ddd7a17b367d2b0516589a26232f04e,7e695b867b791a7e8caccf2ed5ec4c0d6f30cda6ac0c6cf9f32584878ceb5902,IA_test_Float/0228 70gen-140gen,True
IA_test_Float/0228 70gen-140gen/best_result_20260228_180032.mat,C:\Users\26096\Desktop\em\FP\IA_test_Float\0228 70gen-140gen\best_result_20260228_180032.mat,best_result_20260228_180032.mat,best_result_20260228_180032,.mat,8315,2026-02-28T18:00:34+01:00,2026-07-30T20:35:30+02:00,540dd4485d8e407a3422203fc18a677d6d0bc29fbc0502fee7ac823434485066,fbd3fa7fae63517786bae979a899c70ddcf93a8d1a4c509e366a53dcc06db385,IA_test_Float/0228 70gen-140gen,True
IA_test_Float/0228 70gen-140gen/best_result_20260301_172121.mat,C:\Users\26096\Desktop\em\FP\IA_test_Float\0228 70gen-140gen\best_result_20260301_172121.mat,best_result_20260301_172121.mat,best_result_20260301_172121,.mat,8328,2026-03-01T17:21:22+01:00,2026-07-30T20:35:30+02:00,2d3927ed511a5077751545f44a600cf6fdddcc2ffd3b4b4cef258d74bed46d0d,,IA_test_Float/0228 70gen-140gen,True
IA_test_Float/0228 70gen-140gen/best_result_20260301_202152.mat,C:\Users\26096\Desktop\em\FP\IA_test_Float\0228 70gen-140gen\best_result_20260301_202152.mat,best_result_20260301_202152.mat,best_result_20260301_202152,.mat,8305,2026-03-01T20:21:54+01:00,2026-07-30T20:35:30+02:00,62116cc41ab01505254b339310a69d2e1b9deb058e17c86d6ee7e0caa791b794,,IA_test_Float/0228 70gen-140gen,True
IA_test_Float/0228 70gen-140gen/best_result_20260301_224723.mat,C:\Users\26096\Desktop\em\FP\IA_test_Float\0228 70gen-140gen\best_result_20260301_224723.mat,best_result_20260301_224723.mat,best_result_20260301_224723,.mat,8305,2026-03-01T22:47:24+01:00,2026-07-30T20:35:30+02:00,8f0a87c304c2515eaf8446995879132ff5a53187166ef41dda8d18f84b77032b,,IA_test_Float/0228 70gen-140gen,True
IA_test_Float/0228 70gen-140gen/groupF 100gen.fem,C:\Users\26096\Desktop\em\FP\IA_test_Float\0228 70gen-140gen\groupF 100gen.fem,groupF 100gen.fem,groupF 100gen,.fem,92956,2026-05-08T20:12:50+02:00,2026-07-30T20:35:30+02:00,252c0d8c24fcb3fb5daf3f801e60f9995019d7d01b79ac81f491ece246d86120,,IA_test_Float/0228 70gen-140gen,True
IA_test_Float/0228 70gen-140gen/trace_all_20260228_180032.mat,C:\Users\26096\Desktop\em\FP\IA_test_Float\0228 70gen-140gen\trace_all_20260228_180032.mat,trace_all_20260228_180032.mat,trace_all_20260228_180032,.mat,102540,2026-02-28T18:00:34+01:00,2026-07-30T20:35:30+02:00,4a61e530d255839fe658305e4fa4701699caa246ea55f666a9b6693855188c97,,IA_test_Float/0228 70gen-140gen,True
IA_test_Float/0228 70gen-140gen/trace_all_20260301_172121.mat,C:\Users\26096\Desktop\em\FP\IA_test_Float\0228 70gen-140gen\trace_all_20260301_172121.mat,trace_all_20260301_172121.mat,trace_all_20260301_172121,.mat,113727,2026-03-01T17:21:24+01:00,2026-07-30T20:35:30+02:00,02f875261ee2af9a31f4ca604eb3075eaa08489b3018c63743f1fe9eaea175c0,,IA_test_Float/0228 70gen-140gen,True
IA_test_Float/0228 70gen-140gen/trace_all_20260301_202152.mat,C:\Users\26096\Desktop\em\FP\IA_test_Float\0228 70gen-140gen\trace_all_20260301_202152.mat,trace_all_20260301_202152.mat,trace_all_20260301_202152,.mat,103338,2026-03-01T20:21:54+01:00,2026-07-30T20:35:30+02:00,8b8c44538ba739ba55a4c1b31651f49faee867c51b441c63e03bcfb6c418cc7d,,IA_test_Float/0228 70gen-140gen,True
IA_test_Float/0228 70gen-140gen/trace_all_20260301_224723.mat,C:\Users\26096\Desktop\em\FP\IA_test_Float\0228 70gen-140gen\trace_all_20260301_224723.mat,trace_all_20260301_224723.mat,trace_all_20260301_224723,.mat,102759,2026-03-01T22:47:24+01:00,2026-07-30T20:35:30+02:00,6200292ebc60de76c42bcb73d12591d8df1751d6ea2df21f3ac2bc0af1d636cf,,IA_test_Float/0228 70gen-140gen,True
IA_test_Float/0228 70gen-140gen/untitled.fig,C:\Users\26096\Desktop\em\FP\IA_test_Float\0228 70gen-140gen\untitled.fig,untitled.fig,untitled,.fig,9639,2026-03-01T00:58:46+01:00,2026-07-30T20:35:30+02:00,83beb78e49b50858b864d859c2b02625dd087d48ecabfbb766ac3208a372e51d,,IA_test_Float/0228 70gen-140gen,True
IA_test_Float/0302 160gen-200gen/best_bits_coarse.mat,C:\Users\26096\Desktop\em\FP\IA_test_Float\0302 160gen-200gen\best_bits_coarse.mat,best_bits_coarse.mat,best_bits_coarse,.mat,8041,2026-03-02T11:46:32+01:00,2026-07-30T20:35:30+02:00,d9bc4e148c4a57b2cab0d93a712cc7909ea26a81b141985406cc80081329e896,,IA_test_Float/0302 160gen-200gen,True
IA_test_Float/0302 160gen-200gen/best_J0.111733_20260302_114631.ans,C:\Users\26096\Desktop\em\FP\IA_test_Float\0302 160gen-200gen\best_J0.111733_20260302_114631.ans,best_J0.111733_20260302_114631.ans,best_J0.111733_20260302_114631,.ans,6803292,2026-03-02T11:47:18+01:00,2026-07-30T20:35:30+02:00,0f2862628e4540a85654fa32a3ae9afb0e0535015531615606936a20e0c1a130,,IA_test_Float/0302 160gen-200gen,True
IA_test_Float/0302 160gen-200gen/best_J0.111733_20260302_114631.fem,C:\Users\26096\Desktop\em\FP\IA_test_Float\0302 160gen-200gen\best_J0.111733_20260302_114631.fem,best_J0.111733_20260302_114631.fem,best_J0.111733_20260302_114631,.fem,148605,2026-03-02T11:46:42+01:00,2026-07-30T20:35:30+02:00,d08870c082326cf45a5759632cda0175a8bddf72af09cdeab28d566136157bb9,,IA_test_Float/0302 160gen-200gen,True
IA_test_Float/0302 160gen-200gen/best_J0.111733_20260302_114631.png,C:\Users\26096\Desktop\em\FP\IA_test_Float\0302 160gen-200gen\best_J0.111733_20260302_114631.png,best_J0.111733_20260302_114631.png,best_J0.111733_20260302_114631,.png,58,2026-03-02T11:47:20+01:00,2026-07-30T20:35:30+02:00,844e7d602988a91c7c63c3756ed0f0453f7ce13b98a99ff63f5b7dee6149658c,8721360559fedb06b47a0d9305b1164e5900e98a929692d89dd4850f7d6b390d,IA_test_Float/0302 160gen-200gen,True
IA_test_Float/0302 160gen-200gen/best_result_20260302_114631.mat,C:\Users\26096\Desktop\em\FP\IA_test_Float\0302 160gen-200gen\best_result_20260302_114631.mat,best_result_20260302_114631.mat,best_result_20260302_114631,.mat,8326,2026-03-02T11:46:32+01:00,2026-07-30T20:35:30+02:00,79544ab12cd35f2d182963820d2ed2b85106cc74c4c62a54a6731fcf2f68542b,a2ef688da93ca92259c38f4cbc0591760901d12d7c2dde9f67212bc2e1b5242b,IA_test_Float/0302 160gen-200gen,True
IA_test_Float/0302 160gen-200gen/trace_all_20260302_114631.mat,C:\Users\26096\Desktop\em\FP\IA_test_Float\0302 160gen-200gen\trace_all_20260302_114631.mat,trace_all_20260302_114631.mat,trace_all_20260302_114631,.mat,103498,2026-03-02T11:46:32+01:00,2026-07-30T20:35:30+02:00,67ea972cf091b9b0567f710ab895899c633f32ad69ab3985f7bae07572df9afd,,IA_test_Float/0302 160gen-200gen,True
IA_test_Float/0302 160gen-200gen/untitled.fig,C:\Users\26096\Desktop\em\FP\IA_test_Float\0302 160gen-200gen\untitled.fig,untitled.fig,untitled,.fig,9305,2026-03-02T11:47:36+01:00,2026-07-30T20:35:30+02:00,3c5fe6a49c49f0bba8ecd144de8caf5232d61108d7be0efcd951b505bbb86691,,IA_test_Float/0302 160gen-200gen,True
IA_test_Float/0302 300gen/best_bits_coarse.mat,C:\Users\26096\Desktop\em\FP\IA_test_Float\0302 300gen\best_bits_coarse.mat,best_bits_coarse.mat,best_bits_coarse,.mat,8044,2026-03-02T17:33:32+01:00,2026-07-30T20:35:30+02:00,bd6f4762d18af8c7dfbcb724fb80832ef0041d73594cd8921e2321cfe2242fa6,,IA_test_Float/0302 300gen,True
IA_test_Float/0302 300gen/best_J0.105091_20260302_173331.ans,C:\Users\26096\Desktop\em\FP\IA_test_Float\0302 300gen\best_J0.105091_20260302_173331.ans,best_J0.105091_20260302_173331.ans,best_J0.105091_20260302_173331,.ans,7100646,2026-03-02T17:34:20+01:00,2026-07-30T20:35:30+02:00,1417241cc6ea3fa88def3e2b443f6aecf3fd9163ae81b54a472cbfc531f8221f,,IA_test_Float/0302 300gen,True
IA_test_Float/0302 300gen/best_J0.105091_20260302_173331.fem,C:\Users\26096\Desktop\em\FP\IA_test_Float\0302 300gen\best_J0.105091_20260302_173331.fem,best_J0.105091_20260302_173331.fem,best_J0.105091_20260302_173331,.fem,156045,2026-03-02T17:33:42+01:00,2026-07-30T20:35:30+02:00,394cb5b40bc0ac647d19e42fe4615ce58266b609439a0d9a115ff81ba6a9d1a7,,IA_test_Float/0302 300gen,True
IA_test_Float/0302 300gen/best_J0.105091_20260302_173331.png,C:\Users\26096\Desktop\em\FP\IA_test_Float\0302 300gen\best_J0.105091_20260302_173331.png,best_J0.105091_20260302_173331.png,best_J0.105091_20260302_173331,.png,58,2026-03-02T17:34:22+01:00,2026-07-30T20:35:30+02:00,844e7d602988a91c7c63c3756ed0f0453f7ce13b98a99ff63f5b7dee6149658c,8721360559fedb06b47a0d9305b1164e5900e98a929692d89dd4850f7d6b390d,IA_test_Float/0302 300gen,True
IA_test_Float/0302 300gen/best_result_20260302_173331.mat,C:\Users\26096\Desktop\em\FP\IA_test_Float\0302 300gen\best_result_20260302_173331.mat,best_result_20260302_173331.mat,best_result_20260302_173331,.mat,8510,2026-03-02T17:33:32+01:00,2026-07-30T20:35:30+02:00,fd03453797ed49e4da13eeb430aff37b21a285ed746eabe500e112e56c05c4e7,616cb760f18a9e6cce9258725a88d30a4f8adf1c6d5f3ec7ea04afa5ae9476c0,IA_test_Float/0302 300gen,True
IA_test_Float/0302 300gen/trace_all_20260302_173331.mat,C:\Users\26096\Desktop\em\FP\IA_test_Float\0302 300gen\trace_all_20260302_173331.mat,trace_all_20260302_173331.mat,trace_all_20260302_173331,.mat,186325,2026-03-02T17:33:32+01:00,2026-07-30T20:35:30+02:00,d32b2c5b16c627ad53b075bd7eb246f131ebb6e5e77d8f24391310fda3f0a2f7,,IA_test_Float/0302 300gen,True
IA_test_Float/0302 300gen/untitled.fig,C:\Users\26096\Desktop\em\FP\IA_test_Float\0302 300gen\untitled.fig,untitled.fig,untitled,.fig,9569,2026-03-02T17:48:12+01:00,2026-07-30T20:35:30+02:00,16f4056293ea5171d37a26e3ccecf89d4c4a3a379a0c4185b7bbdb3b56bd5470,,IA_test_Float/0302 300gen,True
IA_test_Float/0302 400gen-500gen/best_bits_coarse.mat,C:\Users\26096\Desktop\em\FP\IA_test_Float\0302 400gen-500gen\best_bits_coarse.mat,best_bits_coarse.mat,best_bits_coarse,.mat,8045,2026-03-02T21:37:22+01:00,2026-07-30T20:35:30+02:00,c3e6ff4865f7b4715843ac7377822baa8c01a4ba6e639150ecb04a20d21544c8,,IA_test_Float/0302 400gen-500gen,True
IA_test_Float/0302 400gen-500gen/best_J0.0980357_20260302_213720.ans,C:\Users\26096\Desktop\em\FP\IA_test_Float\0302 400gen-500gen\best_J0.0980357_20260302_213720.ans,best_J0.0980357_20260302_213720.ans,best_J0.0980357_20260302_213720,.ans,7019971,2026-03-02T21:38:08+01:00,2026-07-30T20:35:30+02:00,7a09f502b9bfeb0e3c7e2d53645ea2d47370d1357fc7211b1c572bc48d39095d,a1df5a14c42d7bfe25053b3bdaa91d4feeff8a180a3b96b34d3ab764eabc8e26,IA_test_Float/0302 400gen-500gen,True
IA_test_Float/0302 400gen-500gen/best_J0.0980357_20260302_213720.fem,C:\Users\26096\Desktop\em\FP\IA_test_Float\0302 400gen-500gen\best_J0.0980357_20260302_213720.fem,best_J0.0980357_20260302_213720.fem,best_J0.0980357_20260302_213720,.fem,155344,2026-03-02T21:37:32+01:00,2026-07-30T20:35:30+02:00,9647921ab0a7fae4f6e5c65ac827ddd1c260cc56d2686a64e2118c6d6844ba79,9e5e210c20ba795683492d6e0864f53d0fb2cb4f9a24e6de0b36f16d03b4baf9,IA_test_Float/0302 400gen-500gen,True
IA_test_Float/0302 400gen-500gen/best_J0.0980357_20260302_213720.png,C:\Users\26096\Desktop\em\FP\IA_test_Float\0302 400gen-500gen\best_J0.0980357_20260302_213720.png,best_J0.0980357_20260302_213720.png,best_J0.0980357_20260302_213720,.png,58,2026-03-02T21:38:08+01:00,2026-07-30T20:35:30+02:00,844e7d602988a91c7c63c3756ed0f0453f7ce13b98a99ff63f5b7dee6149658c,8721360559fedb06b47a0d9305b1164e5900e98a929692d89dd4850f7d6b390d,IA_test_Float/0302 400gen-500gen,True
IA_test_Float/0302 400gen-500gen/best_result_20260302_213720.mat,C:\Users\26096\Desktop\em\FP\IA_test_Float\0302 400gen-500gen\best_result_20260302_213720.mat,best_result_20260302_213720.mat,best_result_20260302_213720,.mat,8494,2026-03-02T21:37:22+01:00,2026-07-30T20:35:30+02:00,cd8bd93ded9359c0396517e4b272f6e33b28a5238f99f8a087639a69f38be226,453031189bc9bc7b81b25b445aab4843e2eeeee6cc6002740da542046737cd00,IA_test_Float/0302 400gen-500gen,True
IA_test_Float/0302 400gen-500gen/trace_all_20260302_213720.mat,C:\Users\26096\Desktop\em\FP\IA_test_Float\0302 400gen-500gen\trace_all_20260302_213720.mat,trace_all_20260302_213720.mat,trace_all_20260302_213720,.mat,186360,2026-03-02T21:37:22+01:00,2026-07-30T20:35:30+02:00,f3dc306b40b74608a698b6737760136181434d526c0cecaf5277f5dc8a769b4d,,IA_test_Float/0302 400gen-500gen,True
IA_test_Float/0302 400gen-500gen/untitled.fig,C:\Users\26096\Desktop\em\FP\IA_test_Float\0302 400gen-500gen\untitled.fig,untitled.fig,untitled,.fig,9044,2026-03-02T21:44:38+01:00,2026-07-30T20:35:30+02:00,855021f8ce09eb3395b97b5831e5de0f273fcb4f998860a449141ca2c83f2d12,,IA_test_Float/0302 400gen-500gen,True
IA_test_Float/0303 700gen/best_bits_coarse.mat,C:\Users\26096\Desktop\em\FP\IA_test_Float\0303 700gen\best_bits_coarse.mat,best_bits_coarse.mat,best_bits_coarse,.mat,8041,2026-03-03T21:50:12+01:00,2026-07-30T20:35:30+02:00,3aaac3d92f0b5cf1f8a2dd1c3540038cfd80501c234348c5813114b1f64b0a44,,IA_test_Float/0303 700gen,True
IA_test_Float/0303 700gen/best_J0.0961933_20260303_215010.ans,C:\Users\26096\Desktop\em\FP\IA_test_Float\0303 700gen\best_J0.0961933_20260303_215010.ans,best_J0.0961933_20260303_215010.ans,best_J0.0961933_20260303_215010,.ans,7057495,2026-03-03T21:50:56+01:00,2026-07-30T20:35:30+02:00,83d7769e911e5190b6ea793a0260ca8eff4201f8991cf5f9f7b601e4fe80a75b,,IA_test_Float/0303 700gen,True
IA_test_Float/0303 700gen/best_J0.0961933_20260303_215010.fem,C:\Users\26096\Desktop\em\FP\IA_test_Float\0303 700gen\best_J0.0961933_20260303_215010.fem,best_J0.0961933_20260303_215010.fem,best_J0.0961933_20260303_215010,.fem,155710,2026-03-03T21:50:22+01:00,2026-07-30T20:35:30+02:00,709971e0aa5b6e93927940202b68e610f29a9be66292c26aa2d569c5a4ac0df4,,IA_test_Float/0303 700gen,True
IA_test_Float/0303 700gen/best_J0.0961933_20260303_215010.png,C:\Users\26096\Desktop\em\FP\IA_test_Float\0303 700gen\best_J0.0961933_20260303_215010.png,best_J0.0961933_20260303_215010.png,best_J0.0961933_20260303_215010,.png,58,2026-03-03T21:50:58+01:00,2026-07-30T20:35:30+02:00,844e7d602988a91c7c63c3756ed0f0453f7ce13b98a99ff63f5b7dee6149658c,8721360559fedb06b47a0d9305b1164e5900e98a929692d89dd4850f7d6b390d,IA_test_Float/0303 700gen,True
IA_test_Float/0303 700gen/best_J0.0980357_20260303_161511.ans,C:\Users\26096\Desktop\em\FP\IA_test_Float\0303 700gen\best_J0.0980357_20260303_161511.ans,best_J0.0980357_20260303_161511.ans,best_J0.0980357_20260303_161511,.ans,7019971,2026-03-03T16:16:10+01:00,2026-07-30T20:35:30+02:00,7a09f502b9bfeb0e3c7e2d53645ea2d47370d1357fc7211b1c572bc48d39095d,a1df5a14c42d7bfe25053b3bdaa91d4feeff8a180a3b96b34d3ab764eabc8e26,IA_test_Float/0303 700gen,True
IA_test_Float/0303 700gen/best_J0.0980357_20260303_161511.fem,C:\Users\26096\Desktop\em\FP\IA_test_Float\0303 700gen\best_J0.0980357_20260303_161511.fem,best_J0.0980357_20260303_161511.fem,best_J0.0980357_20260303_161511,.fem,155344,2026-03-03T16:15:24+01:00,2026-07-30T20:35:30+02:00,9647921ab0a7fae4f6e5c65ac827ddd1c260cc56d2686a64e2118c6d6844ba79,9e5e210c20ba795683492d6e0864f53d0fb2cb4f9a24e6de0b36f16d03b4baf9,IA_test_Float/0303 700gen,True
IA_test_Float/0303 700gen/best_J0.0980357_20260303_161511.png,C:\Users\26096\Desktop\em\FP\IA_test_Float\0303 700gen\best_J0.0980357_20260303_161511.png,best_J0.0980357_20260303_161511.png,best_J0.0980357_20260303_161511,.png,58,2026-03-03T16:16:10+01:00,2026-07-30T20:35:30+02:00,844e7d602988a91c7c63c3756ed0f0453f7ce13b98a99ff63f5b7dee6149658c,8721360559fedb06b47a0d9305b1164e5900e98a929692d89dd4850f7d6b390d,IA_test_Float/0303 700gen,True
IA_test_Float/0303 700gen/best_result_20260303_161511.mat,C:\Users\26096\Desktop\em\FP\IA_test_Float\0303 700gen\best_result_20260303_161511.mat,best_result_20260303_161511.mat,best_result_20260303_161511,.mat,8464,2026-03-03T16:15:12+01:00,2026-07-30T20:35:30+02:00,33d3d88500f9eceed0adfd784b47a84edf6cf900aae93e126216ce3771f06522,,IA_test_Float/0303 700gen,True
IA_test_Float/0303 700gen/best_result_20260303_215010.mat,C:\Users\26096\Desktop\em\FP\IA_test_Float\0303 700gen\best_result_20260303_215010.mat,best_result_20260303_215010.mat,best_result_20260303_215010,.mat,8494,2026-03-03T21:50:12+01:00,2026-07-30T20:35:30+02:00,658aa41c50e1cc374802df36fe7f1743498634a314d97c1ed9ccfc151d5bad23,789076e5adabddcc010d75206d5704c860e090e293674c677e2f62f118742e2e,IA_test_Float/0303 700gen,True
IA_test_Float/0303 700gen/trace_all_20260303_161511.mat,C:\Users\26096\Desktop\em\FP\IA_test_Float\0303 700gen\trace_all_20260303_161511.mat,trace_all_20260303_161511.mat,trace_all_20260303_161511,.mat,188322,2026-03-03T16:15:12+01:00,2026-07-30T20:35:30+02:00,23abfea63ad07c97f6592b223e0485d02a4e8a7746a00f22a7bc50c1be280267,,IA_test_Float/0303 700gen,True
IA_test_Float/0303 700gen/trace_all_20260303_215010.mat,C:\Users\26096\Desktop\em\FP\IA_test_Float\0303 700gen\trace_all_20260303_215010.mat,trace_all_20260303_215010.mat,trace_all_20260303_215010,.mat,186193,2026-03-03T21:50:12+01:00,2026-07-30T20:35:30+02:00,69a37c97a819eb763b160ae10d3de86c73eaf7ab41e748959aba159d681e2cfb,,IA_test_Float/0303 700gen,True
IA_test_Float/0303 700gen/untitled.fig,C:\Users\26096\Desktop\em\FP\IA_test_Float\0303 700gen\untitled.fig,untitled.fig,untitled,.fig,9589,2026-03-03T21:52:08+01:00,2026-07-30T20:35:30+02:00,97fd12e0c0621576ddf4e6077fece4f75cbafc695860167fde80a74b687dfe66,,IA_test_Float/0303 700gen,True
IA_test_Float/0304 800gen/best_bits_coarse.mat,C:\Users\26096\Desktop\em\FP\IA_test_Float\0304 800gen\best_bits_coarse.mat,best_bits_coarse.mat,best_bits_coarse,.mat,8044,2026-03-04T22:02:56+01:00,2026-07-30T20:35:30+02:00,5122a844d631201cceb21f964f3e39c1266c480638973f7a05843322e94edf76,,IA_test_Float/0304 800gen,True
IA_test_Float/0304 800gen/best_J0.092999_20260304_220254.ans,C:\Users\26096\Desktop\em\FP\IA_test_Float\0304 800gen\best_J0.092999_20260304_220254.ans,best_J0.092999_20260304_220254.ans,best_J0.092999_20260304_220254,.ans,7253358,2026-03-04T22:03:46+01:00,2026-07-30T20:35:30+02:00,ddb396c12cf661a884baad9276b6c81be04722c537daf707c195ea7eb80ead6c,,IA_test_Float/0304 800gen,True
IA_test_Float/0304 800gen/best_J0.092999_20260304_220254.fem,C:\Users\26096\Desktop\em\FP\IA_test_Float\0304 800gen\best_J0.092999_20260304_220254.fem,best_J0.092999_20260304_220254.fem,best_J0.092999_20260304_220254,.fem,158893,2026-03-04T22:03:06+01:00,2026-07-30T20:35:30+02:00,96950a8e6a96e954b1425151cc761c16a51899bc3a8004a1cebb1ac18f1de537,,IA_test_Float/0304 800gen,True
IA_test_Float/0304 800gen/best_J0.092999_20260304_220254.png,C:\Users\26096\Desktop\em\FP\IA_test_Float\0304 800gen\best_J0.092999_20260304_220254.png,best_J0.092999_20260304_220254.png,best_J0.092999_20260304_220254,.png,58,2026-03-04T22:03:46+01:00,2026-07-30T20:35:30+02:00,844e7d602988a91c7c63c3756ed0f0453f7ce13b98a99ff63f5b7dee6149658c,8721360559fedb06b47a0d9305b1164e5900e98a929692d89dd4850f7d6b390d,IA_test_Float/0304 800gen,True
IA_test_Float/0304 800gen/best_result_20260304_220254.mat,C:\Users\26096\Desktop\em\FP\IA_test_Float\0304 800gen\best_result_20260304_220254.mat,best_result_20260304_220254.mat,best_result_20260304_220254,.mat,8495,2026-03-04T22:02:56+01:00,2026-07-30T20:35:30+02:00,867354e8c12c5e060cd5e667e6b4e23f3aa4c10f337816cada5b1f012ee8f1ea,87d97e092efb49ac1b8e06cc2402e1bb8acac06fb321cd7d07ccad7f56b45dd6,IA_test_Float/0304 800gen,True
IA_test_Float/0304 800gen/trace_all_20260304_220254.mat,C:\Users\26096\Desktop\em\FP\IA_test_Float\0304 800gen\trace_all_20260304_220254.mat,trace_all_20260304_220254.mat,trace_all_20260304_220254,.mat,188679,2026-03-04T22:02:56+01:00,2026-07-30T20:35:30+02:00,bbaee71dd24ed39faadcd7bc3f6a98d60aef94408bb0fd899cb2aabdce6c9dda,,IA_test_Float/0304 800gen,True
IA_test_Float/0304 800gen/untitled.fig,C:\Users\26096\Desktop\em\FP\IA_test_Float\0304 800gen\untitled.fig,untitled.fig,untitled,.fig,8983,2026-03-04T22:16:50+01:00,2026-07-30T20:35:30+02:00,29dfcad75f9675d85ab09594b0555dd4343f88a6998d3915a9ef314f64635b7c,,IA_test_Float/0304 800gen,True
IA_test_Float/0305 900gen/best_bits_coarse.mat,C:\Users\26096\Desktop\em\FP\IA_test_Float\0305 900gen\best_bits_coarse.mat,best_bits_coarse.mat,best_bits_coarse,.mat,8043,2026-03-05T17:39:36+01:00,2026-07-30T20:35:30+02:00,87dea10b3bab257b6010475dce49ec1141c88bd38f4a2a97d30cc1b4f060a84e,,IA_test_Float/0305 900gen,True
IA_test_Float/0305 900gen/best_J0.0924955_20260305_173935.ans,C:\Users\26096\Desktop\em\FP\IA_test_Float\0305 900gen\best_J0.0924955_20260305_173935.ans,best_J0.0924955_20260305_173935.ans,best_J0.0924955_20260305_173935,.ans,7249957,2026-03-05T17:40:26+01:00,2026-07-30T20:35:30+02:00,d357ab3d0b714be40f6d817d41c50b4b558f6d7b87d50b1a44562011561545b7,4ae4892a38c8c31464cb6271afd2531121c489041512350332f2a985ec8a2f27,IA_test_Float/0305 900gen,True
IA_test_Float/0305 900gen/best_J0.0924955_20260305_173935.fem,C:\Users\26096\Desktop\em\FP\IA_test_Float\0305 900gen\best_J0.0924955_20260305_173935.fem,best_J0.0924955_20260305_173935.fem,best_J0.0924955_20260305_173935,.fem,158863,2026-03-05T17:39:46+01:00,2026-07-30T20:35:31+02:00,f71fc18073aefec796d23d54f57a05682ad3094475789dcf5f8bf17cec7c1333,9cbb27b37ed00188348bf9d1031fd1efbfe589ef4f971cc9f07c58d878740bb0,IA_test_Float/0305 900gen,True
IA_test_Float/0305 900gen/best_J0.0924955_20260305_173935.png,C:\Users\26096\Desktop\em\FP\IA_test_Float\0305 900gen\best_J0.0924955_20260305_173935.png,best_J0.0924955_20260305_173935.png,best_J0.0924955_20260305_173935,.png,58,2026-03-05T17:40:26+01:00,2026-07-30T20:35:31+02:00,844e7d602988a91c7c63c3756ed0f0453f7ce13b98a99ff63f5b7dee6149658c,8721360559fedb06b47a0d9305b1164e5900e98a929692d89dd4850f7d6b390d,IA_test_Float/0305 900gen,True
IA_test_Float/0305 900gen/best_result_20260305_173935.mat,C:\Users\26096\Desktop\em\FP\IA_test_Float\0305 900gen\best_result_20260305_173935.mat,best_result_20260305_173935.mat,best_result_20260305_173935,.mat,8479,2026-03-05T17:39:36+01:00,2026-07-30T20:35:31+02:00,00f96ee5df613ffaf8d6be33c7384e4ed74fba08b25a036108190764fa4bd24e,84dbad67b4351ec4c75ad67ed5fad1d7c05c4c88e5cee836ba7f82a8354e58d6,IA_test_Float/0305 900gen,True
IA_test_Float/0305 900gen/trace_all_20260305_173935.mat,C:\Users\26096\Desktop\em\FP\IA_test_Float\0305 900gen\trace_all_20260305_173935.mat,trace_all_20260305_173935.mat,trace_all_20260305_173935,.mat,188790,2026-03-05T17:39:36+01:00,2026-07-30T20:35:31+02:00,80464747429425ae11ce92d793f10fc33a3d9d0188849de0c6b37a0ade4318e0,,IA_test_Float/0305 900gen,True
IA_test_Float/0305 900gen/untitled.fig,C:\Users\26096\Desktop\em\FP\IA_test_Float\0305 900gen\untitled.fig,untitled.fig,untitled,.fig,9778,2026-03-05T18:50:14+01:00,2026-07-30T20:35:31+02:00,fb2fb8a15b25b2eead4ed0b88ce86d581a7935d31435fd0ceb4ba2a69597f4b1,,IA_test_Float/0305 900gen,True
IA_test_group4/best_bits_coarse.mat,C:\Users\26096\Desktop\em\FP\IA_test_group4\best_bits_coarse.mat,best_bits_coarse.mat,best_bits_coarse,.mat,7820,2026-02-05T10:29:16+01:00,2026-07-30T20:35:31+02:00,f42e785e98cb9648886d190b53418964a57303cb2a48ec516a5137e7c95b65fb,,IA_test_group4,True
IA_test_group4/best_J0.11069_20260203_184421.ans,C:\Users\26096\Desktop\em\FP\IA_test_group4\best_J0.11069_20260203_184421.ans,best_J0.11069_20260203_184421.ans,best_J0.11069_20260203_184421,.ans,6909299,2026-02-03T11:46:56+01:00,2026-07-30T20:35:31+02:00,552b40799e4f843e28e3e4098c31d00bf9215dc4a496df890094e542dfb63605,,IA_test_group4,True
IA_test_group4/best_J0.11069_20260203_184421.fem,C:\Users\26096\Desktop\em\FP\IA_test_group4\best_J0.11069_20260203_184421.fem,best_J0.11069_20260203_184421.fem,best_J0.11069_20260203_184421,.fem,150601,2026-02-03T11:46:12+01:00,2026-07-30T20:35:31+02:00,81cefd562cdbdbd9be7a5ff30009a671c45024e829fdfb66ac201482933cdc90,,IA_test_group4,True
IA_test_group4/best_J0.11069_20260203_184421.png,C:\Users\26096\Desktop\em\FP\IA_test_group4\best_J0.11069_20260203_184421.png,best_J0.11069_20260203_184421.png,best_J0.11069_20260203_184421,.png,3943578,2026-02-03T11:46:56+01:00,2026-07-30T20:35:31+02:00,38a349735cf2154e1851d3204b3103de33446417fb80a1e0a24cfdf5bddc4ee5,,IA_test_group4,True
IA_test_group4/best_J0.121914_20260205_172915.ans,C:\Users\26096\Desktop\em\FP\IA_test_group4\best_J0.121914_20260205_172915.ans,best_J0.121914_20260205_172915.ans,best_J0.121914_20260205_172915,.ans,6230448,2026-02-05T10:31:16+01:00,2026-07-30T20:35:31+02:00,cd96219e660b4d1b9762ab815a5de80fa9520daaf651ac65fcc200a8d391d43c,,IA_test_group4,True
IA_test_group4/best_J0.121914_20260205_172915.fem,C:\Users\26096\Desktop\em\FP\IA_test_group4\best_J0.121914_20260205_172915.fem,best_J0.121914_20260205_172915.fem,best_J0.121914_20260205_172915,.fem,137586,2026-02-05T10:30:50+01:00,2026-07-30T20:35:31+02:00,9c34b2eb3686f6be76894cb19f8e306144bc49978e2da29b968e268f65b86cdd,,IA_test_group4,True
IA_test_group4/best_J0.121914_20260205_172915.png,C:\Users\26096\Desktop\em\FP\IA_test_group4\best_J0.121914_20260205_172915.png,best_J0.121914_20260205_172915.png,best_J0.121914_20260205_172915,.png,3943578,2026-02-05T10:31:16+01:00,2026-07-30T20:35:31+02:00,be616966322c4ad2c2325d9914d7994255354e2ad4831f455a989138fa7894d3,,IA_test_group4,True
IA_test_group4/best_J0.123215_20260205_145651.ans,C:\Users\26096\Desktop\em\FP\IA_test_group4\best_J0.123215_20260205_145651.ans,best_J0.123215_20260205_145651.ans,best_J0.123215_20260205_145651,.ans,6061097,2026-02-05T07:58:18+01:00,2026-07-30T20:35:31+02:00,12ee0988c067f6e74be9b7c90c772bd815eeb7abbfbdac2732b2e4cb3060a27e,,IA_test_group4,True
IA_test_group4/best_J0.123215_20260205_145651.fem,C:\Users\26096\Desktop\em\FP\IA_test_group4\best_J0.123215_20260205_145651.fem,best_J0.123215_20260205_145651.fem,best_J0.123215_20260205_145651,.fem,133830,2026-02-05T07:57:48+01:00,2026-07-30T20:35:31+02:00,bee08d3637c83d9983cf3be8e617ef829bb10326f47a5a511cf315e90c9201f1,44e93eced8ff6b7a3460feec813c01a1fe4f7e6d5a97eb2edd2bd7484ca40d79,IA_test_group4,True
IA_test_group4/best_J0.123215_20260205_145651.png,C:\Users\26096\Desktop\em\FP\IA_test_group4\best_J0.123215_20260205_145651.png,best_J0.123215_20260205_145651.png,best_J0.123215_20260205_145651,.png,58,2026-02-05T07:58:18+01:00,2026-07-30T20:35:31+02:00,844e7d602988a91c7c63c3756ed0f0453f7ce13b98a99ff63f5b7dee6149658c,8721360559fedb06b47a0d9305b1164e5900e98a929692d89dd4850f7d6b390d,IA_test_group4,True
IA_test_group4/best_result_20260203_184421.mat,C:\Users\26096\Desktop\em\FP\IA_test_group4\best_result_20260203_184421.mat,best_result_20260203_184421.mat,best_result_20260203_184421,.mat,8116,2026-02-03T11:44:22+01:00,2026-07-30T20:35:31+02:00,6c0b826bb048f74b95ce63fe56962754f1b7548a56e673725dc3a90a08f767ed,,IA_test_group4,True
IA_test_group4/best_result_20260205_145651.mat,C:\Users\26096\Desktop\em\FP\IA_test_group4\best_result_20260205_145651.mat,best_result_20260205_145651.mat,best_result_20260205_145651,.mat,13432,2026-02-05T07:56:52+01:00,2026-07-30T20:35:31+02:00,568ef74f6e1d2353d08ee0542b8d125e63777fa84c8f3b0a2aa6f07b8531a7fe,,IA_test_group4,True
IA_test_group4/best_result_20260205_172915.mat,C:\Users\26096\Desktop\em\FP\IA_test_group4\best_result_20260205_172915.mat,best_result_20260205_172915.mat,best_result_20260205_172915,.mat,18451,2026-02-05T10:29:16+01:00,2026-07-30T20:35:31+02:00,b0a11913ff214419370f583b47008f9719ec1ef91b3a1455f16f70610e754c2c,,IA_test_group4,True
IA_test_group4/trace_all_20260205_145651.mat,C:\Users\26096\Desktop\em\FP\IA_test_group4\trace_all_20260205_145651.mat,trace_all_20260205_145651.mat,trace_all_20260205_145651,.mat,69608,2026-02-05T07:56:58+01:00,2026-07-30T20:35:31+02:00,bb213886579a929fdb08f946ed559d4306ceabadf668b15c2f71dedbd6eaec9f,,IA_test_group4,True
IA_test_group4/trace_all_20260205_152548.mat,C:\Users\26096\Desktop\em\FP\IA_test_group4\trace_all_20260205_152548.mat,trace_all_20260205_152548.mat,trace_all_20260205_152548,.mat,72040,2026-02-05T08:30:30+01:00,2026-07-30T20:35:31+02:00,4a527f2c5c772b6afbfab61332871ef74569e1570c406b9a3f681c4a44c0f5ae,,IA_test_group4,True
IA_test_group4/trace_all_20260205_172915.mat,C:\Users\26096\Desktop\em\FP\IA_test_group4\trace_all_20260205_172915.mat,trace_all_20260205_172915.mat,trace_all_20260205_172915,.mat,72040,2026-02-05T10:29:16+01:00,2026-07-30T20:35:31+02:00,c9f6700a2867e796cc42c90aea9a7c868886d3925253fe7975948564e8d6cede,,IA_test_group4,True
IA_test_groupA/best_bits_coarse.mat,C:\Users\26096\Desktop\em\FP\IA_test_groupA\best_bits_coarse.mat,best_bits_coarse.mat,best_bits_coarse,.mat,7833,2026-01-07T15:11:46+01:00,2026-07-30T20:35:31+02:00,f7aded121753fc7e42e4c655b523197cb8a683e33f8ed25c3e635572aebb0a04,,IA_test_groupA,True
IA_test_groupA/best_J0.0937403_20260107_221145.ans,C:\Users\26096\Desktop\em\FP\IA_test_groupA\best_J0.0937403_20260107_221145.ans,best_J0.0937403_20260107_221145.ans,best_J0.0937403_20260107_221145,.ans,6985476,2026-01-07T15:17:58+01:00,2026-07-30T20:35:31+02:00,2a8a12737fb4928b30e1c7ec0e93f2b82861b9fe318b2dc25bd50bb3ce06055b,,IA_test_groupA,True
IA_test_groupA/best_J0.0937403_20260107_221145.fem,C:\Users\26096\Desktop\em\FP\IA_test_groupA\best_J0.0937403_20260107_221145.fem,best_J0.0937403_20260107_221145.fem,best_J0.0937403_20260107_221145,.fem,150315,2026-01-07T15:12:34+01:00,2026-07-30T20:35:31+02:00,f09dee4b27e40e48a51316e7e015c04b4077e66bfe1c8cfd041cfd15ee8bd101,,IA_test_groupA,True
IA_test_groupA/best_J0.0937403_20260107_221145.png,C:\Users\26096\Desktop\em\FP\IA_test_groupA\best_J0.0937403_20260107_221145.png,best_J0.0937403_20260107_221145.png,best_J0.0937403_20260107_221145,.png,58,2026-01-07T15:17:58+01:00,2026-07-30T20:35:31+02:00,844e7d602988a91c7c63c3756ed0f0453f7ce13b98a99ff63f5b7dee6149658c,8721360559fedb06b47a0d9305b1164e5900e98a929692d89dd4850f7d6b390d,IA_test_groupA,True
IA_test_groupA/best_J0.112828_20260104_040221.ans,C:\Users\26096\Desktop\em\FP\IA_test_groupA\best_J0.112828_20260104_040221.ans,best_J0.112828_20260104_040221.ans,best_J0.112828_20260104_040221,.ans,6520117,2026-01-03T21:05:02+01:00,2026-07-30T20:35:31+02:00,21dd1e035967c4227c95a0fe3aa58ca68fa88b2a3546f5e352712b24de913be0,f61d90031db0a7ee4a0ae900d0330afae86da7c80aa35c468dce1d628397d232,IA_test_groupA,True
IA_test_groupA/best_J0.112828_20260104_040221.fem,C:\Users\26096\Desktop\em\FP\IA_test_groupA\best_J0.112828_20260104_040221.fem,best_J0.112828_20260104_040221.fem,best_J0.112828_20260104_040221,.fem,141724,2026-01-03T21:03:52+01:00,2026-07-30T20:35:31+02:00,171f4fa11cce24b111c21fa16959d4ccfd0854167c28d3cec1ffa4ad3da5d828,90123e095781e7c54c604d5070ba50606cf543d2fcfe3284fa00617c6215df97,IA_test_groupA,True
IA_test_groupA/best_J0.112828_20260104_040221.png,C:\Users\26096\Desktop\em\FP\IA_test_groupA\best_J0.112828_20260104_040221.png,best_J0.112828_20260104_040221.png,best_J0.112828_20260104_040221,.png,58,2026-01-03T21:05:02+01:00,2026-07-30T20:35:31+02:00,844e7d602988a91c7c63c3756ed0f0453f7ce13b98a99ff63f5b7dee6149658c,8721360559fedb06b47a0d9305b1164e5900e98a929692d89dd4850f7d6b390d,IA_test_groupA,True
IA_test_groupA/best_J0.113614_20260103_045247.ans,C:\Users\26096\Desktop\em\FP\IA_test_groupA\best_J0.113614_20260103_045247.ans,best_J0.113614_20260103_045247.ans,best_J0.113614_20260103_045247,.ans,11962051,2026-01-02T21:57:08+01:00,2026-07-30T20:35:31+02:00,fcdecd80f9d6c3f5feace88a2335a674ea6e38fe5eadc419c307a3739bf5bce9,92b7a153c31e84dedefd1f3e109861ead26739cb4700717c1709395c1b732867,IA_test_groupA,True
IA_test_groupA/best_J0.113614_20260103_045247.fem,C:\Users\26096\Desktop\em\FP\IA_test_groupA\best_J0.113614_20260103_045247.fem,best_J0.113614_20260103_045247.fem,best_J0.113614_20260103_045247,.fem,132413,2026-01-02T21:55:24+01:00,2026-07-30T20:35:31+02:00,c6e8a9800185d815d663199bd81e1c8df5790a46e35b0ff1fa33f1a845043aef,71c4013106ac01bc9a8b262e8c945dfefee892f2eecb15c66524b169f930e904,IA_test_groupA,True
IA_test_groupA/best_J0.113614_20260103_045247.png,C:\Users\26096\Desktop\em\FP\IA_test_groupA\best_J0.113614_20260103_045247.png,best_J0.113614_20260103_045247.png,best_J0.113614_20260103_045247,.png,2929834,2026-01-02T21:57:10+01:00,2026-07-30T20:35:31+02:00,68aafba206a50649f5beb733f6b682d3c54dd796f610f404665eb22368736b4d,50e56ebaab5d966e0d0b0b878f7b0500db7167e5375d1ac59a149f49242e3a7f,IA_test_groupA,True
IA_test_groupA/best_J0.238035_20251229_211603.ans,C:\Users\26096\Desktop\em\FP\IA_test_groupA\best_J0.238035_20251229_211603.ans,best_J0.238035_20251229_211603.ans,best_J0.238035_20251229_211603,.ans,4364011,2025-12-29T14:16:42+01:00,2026-07-30T20:35:31+02:00,dae7de0cbc60db04af8e3c37ad4c07e4c7788d932abcc620fe3367999911212c,84bf3816ae932f7b0782184f1f650529af7fa990f510fcb2ef351eb5f93c19ef,IA_test_groupA,True
IA_test_groupA/best_J0.238035_20251229_211603.fem,C:\Users\26096\Desktop\em\FP\IA_test_groupA\best_J0.238035_20251229_211603.fem,best_J0.238035_20251229_211603.fem,best_J0.238035_20251229_211603,.fem,71182,2025-12-29T14:16:24+01:00,2026-07-30T20:35:31+02:00,691c2166f8ed66c834df542adb3757d5a6cc5f1eaa9bb57dbb3126d723d97fd0,f727b2948325a7a14c00f74425d0051593e8fe6bed15a0a443d3e840eb8f74cc,IA_test_groupA,True
IA_test_groupA/best_J0.257147_20251228_164352.ans,C:\Users\26096\Desktop\em\FP\IA_test_groupA\best_J0.257147_20251228_164352.ans,best_J0.257147_20251228_164352.ans,best_J0.257147_20251228_164352,.ans,13015562,2025-12-28T09:47:40+01:00,2026-07-30T20:35:31+02:00,ebb05fab026d231a93f0cdd2370d22f7307c5979694d536a235414ae7009d3ef,d30a6e2288edcef741dcd8453fb78d899f0fff0b47034478a518992e77d1c72f,IA_test_groupA,True
IA_test_groupA/best_J0.257147_20251228_164352.fem,C:\Users\26096\Desktop\em\FP\IA_test_groupA\best_J0.257147_20251228_164352.fem,best_J0.257147_20251228_164352.fem,best_J0.257147_20251228_164352,.fem,148325,2025-12-28T09:44:46+01:00,2026-07-30T20:35:32+02:00,0c9d0e2cbee095d96ecbd4d98b85a1ab6e5c77aea52da45532064dab8060ae58,099f794513938363d326f8ad3fa13f05f188414965a3477a0e2c1b9ac5ff5449,IA_test_groupA,True
IA_test_groupA/best_J0.257147_20251228_164352.png,C:\Users\26096\Desktop\em\FP\IA_test_groupA\best_J0.257147_20251228_164352.png,best_J0.257147_20251228_164352.png,best_J0.257147_20251228_164352,.png,2929834,2025-12-28T09:47:42+01:00,2026-07-30T20:35:32+02:00,6fdd629cdd3aa01ed03bded253c6428a9ec234e838b53adac54e3ab428476969,cfb8924682fabe6ecc80948f75dfb2397c2bfe064617840bd46f003a00c36258,IA_test_groupA,True
IA_test_groupA/best_result_20251224_164638.mat,C:\Users\26096\Desktop\em\FP\IA_test_groupA\best_result_20251224_164638.mat,best_result_20251224_164638.mat,best_result_20251224_164638,.mat,3468,2025-12-24T09:46:40+01:00,2026-07-30T20:35:32+02:00,3e2bdd30cfcdefcbe896ee8d5edfac6cb8284c1ce79b561de48a0f4511f7f85e,36424578a1261b6978d4e77c7bdcf2b92006b3d8ebb63058c2086332b19eb6de,IA_test_groupA,True
IA_test_groupA/best_result_20251225_164109.mat,C:\Users\26096\Desktop\em\FP\IA_test_groupA\best_result_20251225_164109.mat,best_result_20251225_164109.mat,best_result_20251225_164109,.mat,3453,2025-12-25T09:41:10+01:00,2026-07-30T20:35:32+02:00,c856135317cf0713aa3f4ff10c0b3c0323df89748ff02a34f61e76523e95bd53,bf310c6d99ca2736a79376867395c1101d5ccc9979d4ecf85eb1a1a7e81b8dcd,IA_test_groupA,True
IA_test_groupA/best_result_20251225_205212.mat,C:\Users\26096\Desktop\em\FP\IA_test_groupA\best_result_20251225_205212.mat,best_result_20251225_205212.mat,best_result_20251225_205212,.mat,3453,2025-12-25T13:52:14+01:00,2026-07-30T20:35:32+02:00,1b24594b35caf700230774c925f578f3c023d448382af20449d9ed9094f650b6,c37fdcd7f0ca87964d791a681583e6b4294a6ecd5033aae4a69f0e657cbc9fbd,IA_test_groupA,True
IA_test_groupA/best_result_20251228_164352.mat,C:\Users\26096\Desktop\em\FP\IA_test_groupA\best_result_20251228_164352.mat,best_result_20251228_164352.mat,best_result_20251228_164352,.mat,3361,2025-12-28T09:43:54+01:00,2026-07-30T20:35:32+02:00,3ace128dc11fce9b4d776e639438271023fcadb2234c5e36608d10db4927e28c,420446f9f968f6abaf75019cb0bb9321610bad0c72880811f21e599aa97bdc72,IA_test_groupA,True
IA_test_groupA/best_result_20251229_005752.mat,C:\Users\26096\Desktop\em\FP\IA_test_groupA\best_result_20251229_005752.mat,best_result_20251229_005752.mat,best_result_20251229_005752,.mat,3404,2025-12-28T17:57:54+01:00,2026-07-30T20:35:32+02:00,db53a793dbd6ff1730ee4173a513d134e274d57647aa7ba0f9b6d46f6ad60fca,eeec40c1b95aa8e7d5cc981f10abac96e829e4d528c68af9714945195f06d831,IA_test_groupA,True
IA_test_groupA/best_result_20251229_211603.mat,C:\Users\26096\Desktop\em\FP\IA_test_groupA\best_result_20251229_211603.mat,best_result_20251229_211603.mat,best_result_20251229_211603,.mat,3380,2025-12-29T14:16:04+01:00,2026-07-30T20:35:32+02:00,cf71edbd32c82e771fdf780ea89c9ae4518a516c25964a04a76919c8bd55cdca,ff70242255bf91f139855fd2987796bc03c603827dd8bd7ea9bbd483bc0807c4,IA_test_groupA,True
IA_test_groupA/best_result_20260103_045247.mat,C:\Users\26096\Desktop\em\FP\IA_test_groupA\best_result_20260103_045247.mat,best_result_20260103_045247.mat,best_result_20260103_045247,.mat,8023,2026-01-02T21:52:48+01:00,2026-07-30T20:35:32+02:00,166046c07190ed84199d96899ede0756c3843809715d32d189e713b10bc2849c,67cecd302ca9448e9905cf39de0defb9d39ae20e0b9004c6292c8a1e480e0071,IA_test_groupA,True
IA_test_groupA/best_result_20260104_040221.mat,C:\Users\26096\Desktop\em\FP\IA_test_groupA\best_result_20260104_040221.mat,best_result_20260104_040221.mat,best_result_20260104_040221,.mat,8054,2026-01-03T21:02:22+01:00,2026-07-30T20:35:32+02:00,a5c86046c6b5a93659a3e2cff1378916ddf934a2d281d9a69e84538c77dcc975,,IA_test_groupA,True
IA_test_groupA/best_result_20260107_221145.mat,C:\Users\26096\Desktop\em\FP\IA_test_groupA\best_result_20260107_221145.mat,best_result_20260107_221145.mat,best_result_20260107_221145,.mat,8087,2026-01-07T15:11:46+01:00,2026-07-30T20:35:32+02:00,cb788f018e93ae6ff63ec6fc5016d62c108f3b41dabd2f49467ccba99be176ee,,IA_test_groupA,True
IA_test_groupA/untitled.fig,C:\Users\26096\Desktop\em\FP\IA_test_groupA\untitled.fig,untitled.fig,untitled,.fig,8991,2025-12-31T12:26:06+01:00,2026-07-30T20:35:32+02:00,09022648cc1cd6d15abdc08db3f0e68b6f8f8b1f103ed4e36ea43b2c9838a0e6,b72d4a12120c7c20ad87af0fc90e7f9ab38435fe50935b248575c34290fbe429,IA_test_groupA,True
IA_test_groupA/untitled2.fig,C:\Users\26096\Desktop\em\FP\IA_test_groupA\untitled2.fig,untitled2.fig,untitled2,.fig,8171,2026-01-07T16:02:40+01:00,2026-07-30T20:35:32+02:00,3f2210a20b565a70bb74ca503d75c42df719e324b153551473a7a6286ad98fb3,,IA_test_groupA,True
IA_test_groupA/无电流.png,C:\Users\26096\Desktop\em\FP\IA_test_groupA\无电流.png,无电流.png,无电流,.png,234782,2025-11-22T09:37:30+01:00,2026-07-30T20:35:32+02:00,40a7c6ce449beec220460238f60408842e0f85095d62e632c5a17602c8d7267c,0f333ef656b1f46520c4f5493187eb8d56077fd0c0d26d3bd01e094637bce43e,IA_test_groupA,True
IA_test_groupA/有电流 新.png,C:\Users\26096\Desktop\em\FP\IA_test_groupA\有电流 新.png,有电流 新.png,有电流 新,.png,110101,2025-12-01T10:19:34+01:00,2026-07-30T20:35:32+02:00,03500f4fcc49025f9052d772095324dc8889c56c26d4648f0f7b6d3137c83aa9,e8ae58b7f8ded9ac74a9555bfa5ffbef5c16a16d4273d0fd96ea2c1bdf03f0fa,IA_test_groupA,True
IA_test_groupA/有电流.png,C:\Users\26096\Desktop\em\FP\IA_test_groupA\有电流.png,有电流.png,有电流,.png,91582,2025-11-22T09:13:36+01:00,2026-07-30T20:35:32+02:00,fecc91fd4624dae78bb76e4f107bf674c4ecd51ef3332cd3b1325f870d7135eb,4fce6a7dc161deaf1e36641072ff6dcdbf55dbe82376c2903ea388682a4b140d,IA_test_groupA,True
IA_test_groupA/目标函数.png,C:\Users\26096\Desktop\em\FP\IA_test_groupA\目标函数.png,目标函数.png,目标函数,.png,17871,2025-12-01T23:10:26+01:00,2026-07-30T20:35:32+02:00,18f328b90e21de14cde1fbfcf98a631b243ea634e8e7cf6c9519b37198d4b501,7215a5e31a1dc4465c0df3321f5a0e8b256da175176bee64605797f9f52b58ea,IA_test_groupA,True
IA_test_groupA/结果.png,C:\Users\26096\Desktop\em\FP\IA_test_groupA\结果.png,结果.png,结果,.png,79826,2025-12-01T23:08:44+01:00,2026-07-30T20:35:32+02:00,097ff828e35915d120f697f939fa4f3bfc29f1b14e152be909a1ebd22f952d37,3af90685fd52e41d10c26a193ca824f9581da6b84223e51d0d55afa3497de57d,IA_test_groupA,True
IA_test_groupA/角度.png,C:\Users\26096\Desktop\em\FP\IA_test_groupA\角度.png,角度.png,角度,.png,16722,2025-12-01T23:09:48+01:00,2026-07-30T20:35:32+02:00,1e14b5a255f75518a3a894484447775426e911102c3a5636b7f7965962e1b586,53ca87cd36cd1ee22fb4a059fd8a7846446866582e176aa8df0ce2a9253b5574,IA_test_groupA,True
IA_test_groupA/0103 groupA/best_bits_coarse.mat,C:\Users\26096\Desktop\em\FP\IA_test_groupA\0103 groupA\best_bits_coarse.mat,best_bits_coarse.mat,best_bits_coarse,.mat,7826,2026-01-03T10:42:34+01:00,2026-07-30T20:35:32+02:00,62d42fd128d637509a5245d68a46d55be6a5b3094fe4ed8908e22b4f3c9cffb0,,IA_test_groupA/0103 groupA,True
IA_test_groupA/0103 groupA/best_J0.112828_20260103_174233.ans,C:\Users\26096\Desktop\em\FP\IA_test_groupA\0103 groupA\best_J0.112828_20260103_174233.ans,best_J0.112828_20260103_174233.ans,best_J0.112828_20260103_174233,.ans,6520117,2026-01-03T10:46:42+01:00,2026-07-30T20:35:32+02:00,21dd1e035967c4227c95a0fe3aa58ca68fa88b2a3546f5e352712b24de913be0,f61d90031db0a7ee4a0ae900d0330afae86da7c80aa35c468dce1d628397d232,IA_test_groupA/0103 groupA,True
IA_test_groupA/0103 groupA/best_J0.112828_20260103_174233.fem,C:\Users\26096\Desktop\em\FP\IA_test_groupA\0103 groupA\best_J0.112828_20260103_174233.fem,best_J0.112828_20260103_174233.fem,best_J0.112828_20260103_174233,.fem,141724,2026-01-03T10:45:20+01:00,2026-07-30T20:35:32+02:00,171f4fa11cce24b111c21fa16959d4ccfd0854167c28d3cec1ffa4ad3da5d828,90123e095781e7c54c604d5070ba50606cf543d2fcfe3284fa00617c6215df97,IA_test_groupA/0103 groupA,True
IA_test_groupA/0103 groupA/best_J0.112828_20260103_174233.png,C:\Users\26096\Desktop\em\FP\IA_test_groupA\0103 groupA\best_J0.112828_20260103_174233.png,best_J0.112828_20260103_174233.png,best_J0.112828_20260103_174233,.png,2929834,2026-01-03T10:46:44+01:00,2026-07-30T20:35:32+02:00,9be09d675d53b409fa42577b413e6b53c57c93004208d99fc7a91d64210850a7,,IA_test_groupA/0103 groupA,True
IA_test_groupA/0103 groupA/best_result_20260103_174233.mat,C:\Users\26096\Desktop\em\FP\IA_test_groupA\0103 groupA\best_result_20260103_174233.mat,best_result_20260103_174233.mat,best_result_20260103_174233,.mat,8067,2026-01-03T10:42:34+01:00,2026-07-30T20:35:32+02:00,8d63ac58e0fec74cf391bdfb3d8dec62f4f393fbdab6dd85348b199d1fd15541,,IA_test_groupA/0103 groupA,True
IA_test_groupA/0103 groupA/untitled2.fig,C:\Users\26096\Desktop\em\FP\IA_test_groupA\0103 groupA\untitled2.fig,untitled2.fig,untitled2,.fig,9077,2026-01-03T11:30:14+01:00,2026-07-30T20:35:32+02:00,a5d61777a7667238ec28a2789336e23f89375b618e3aa7a37868098bcac4b8b3,,IA_test_groupA/0103 groupA,True
IA_test_groupA/0104 groupA/best_bits_coarse.mat,C:\Users\26096\Desktop\em\FP\IA_test_groupA\0104 groupA\best_bits_coarse.mat,best_bits_coarse.mat,best_bits_coarse,.mat,7831,2026-01-05T01:19:54+01:00,2026-07-30T20:35:32+02:00,74fdbfe40c82ceccd201c00ee07530d09b98277e48fa744012febf6e1d603670,c220ff46b42c28e6b8000c44e5f76936fa0a14c8933f583df20dc2b8db23fea9,IA_test_groupA/0104 groupA,True
IA_test_groupA/0104 groupA/best_J0.0994011_20260105_081953.ans,C:\Users\26096\Desktop\em\FP\IA_test_groupA\0104 groupA\best_J0.0994011_20260105_081953.ans,best_J0.0994011_20260105_081953.ans,best_J0.0994011_20260105_081953,.ans,6816613,2026-01-05T01:21:18+01:00,2026-07-30T20:35:32+02:00,950a690e8a4576e29e5948e1cb2abba3f60fb7b98cbf0f5477d1d59f0efc9b81,4cb286075b55635dfec71848ee36afc5660e8e44fab6b9cb77e33934989d0afe,IA_test_groupA/0104 groupA,True
IA_test_groupA/0104 groupA/best_J0.0994011_20260105_081953.fem,C:\Users\26096\Desktop\em\FP\IA_test_groupA\0104 groupA\best_J0.0994011_20260105_081953.fem,best_J0.0994011_20260105_081953.fem,best_J0.0994011_20260105_081953,.fem,147498,2026-02-01T05:07:16+01:00,2026-07-30T20:35:32+02:00,9f9e5567f2dcef3e7020d043028fad9f281f80752a6b46a4ef500da4a337cefb,484c2a68ac1c376bfbb7c89ba0834f949410345e700053c4f3e5508e1acfe165,IA_test_groupA/0104 groupA,True
IA_test_groupA/0104 groupA/best_J0.0994011_20260105_081953.png,C:\Users\26096\Desktop\em\FP\IA_test_groupA\0104 groupA\best_J0.0994011_20260105_081953.png,best_J0.0994011_20260105_081953.png,best_J0.0994011_20260105_081953,.png,58,2026-01-05T01:21:18+01:00,2026-07-30T20:35:32+02:00,844e7d602988a91c7c63c3756ed0f0453f7ce13b98a99ff63f5b7dee6149658c,8721360559fedb06b47a0d9305b1164e5900e98a929692d89dd4850f7d6b390d,IA_test_groupA/0104 groupA,True
IA_test_groupA/0104 groupA/best_result_20260105_081953.mat,C:\Users\26096\Desktop\em\FP\IA_test_groupA\0104 groupA\best_result_20260105_081953.mat,best_result_20260105_081953.mat,best_result_20260105_081953,.mat,8102,2026-01-05T01:19:54+01:00,2026-07-30T20:35:32+02:00,f997578a94fecab890e56d8f1981b0e58375d9895b96a0c6ff2b414c0eef90ce,fb2ef813e4f2c38f2acf754061c410d205a93e928efe0b1d505f4f4c58b5a924,IA_test_groupA/0104 groupA,True
IA_test_groupA/0104 groupA/untitled2.fig,C:\Users\26096\Desktop\em\FP\IA_test_groupA\0104 groupA\untitled2.fig,untitled2.fig,untitled2,.fig,9016,2026-01-05T02:36:18+01:00,2026-07-30T20:35:32+02:00,8473312722f6d207ac7157010abce410dca45a390a617c22958a96748007c023,2ae1551f3a1da14ed6c677c57872e017620f60be2efb51a2b7614eb1fce3184d,IA_test_groupA/0104 groupA,True
IA_test_groupA/1225/best_J0.177345_20251225_205238.ans,C:\Users\26096\Desktop\em\FP\IA_test_groupA\1225\best_J0.177345_20251225_205238.ans,best_J0.177345_20251225_205238.ans,best_J0.177345_20251225_205238,.ans,12979916,2025-12-25T13:58:32+01:00,2026-07-30T20:35:32+02:00,8fc5124286d47762247d185e150982c4404a964d8daaece997bf0c90ca6ff565,0f7f9463cb30c340914a580f8e6a386630703623fd93e7ae6aabec71cce026fe,IA_test_groupA/1225,True
IA_test_groupA/1225/best_J0.177345_20251225_205238.fem,C:\Users\26096\Desktop\em\FP\IA_test_groupA\1225\best_J0.177345_20251225_205238.fem,best_J0.177345_20251225_205238.fem,best_J0.177345_20251225_205238,.fem,148325,2025-12-25T13:53:14+01:00,2026-07-30T20:35:32+02:00,5d189706758b18b2811def30e0b9c86599bf034e2ebe5074c72ad2c5fb34f444,a37c6f675eab5316b07b77916ad0d96473dc3901b444bd1def8cc53c03a51c42,IA_test_groupA/1225,True
IA_test_groupA/1225/best_J0.177345_20251225_205238.png,C:\Users\26096\Desktop\em\FP\IA_test_groupA\1225\best_J0.177345_20251225_205238.png,best_J0.177345_20251225_205238.png,best_J0.177345_20251225_205238,.png,2929834,2025-12-25T13:58:34+01:00,2026-07-30T20:35:32+02:00,a10b2f66da2033d98ae17198ce6d6c42de5becb3952ad7cb31ea228bb605b85f,d36ed36b669810f51bb72e827b5e6ae3bab18d8b7b87fe4e9f8ae95436d9cb7f,IA_test_groupA/1225,True
IA_test_groupA/1225/best_result_20251225_205238.mat,C:\Users\26096\Desktop\em\FP\IA_test_groupA\1225\best_result_20251225_205238.mat,best_result_20251225_205238.mat,best_result_20251225_205238,.mat,3453,2025-12-25T13:52:40+01:00,2026-07-30T20:35:32+02:00,da818b290af4d20df0f7c33ffadc12bb4ba5f7c2b6ed31e2f17ec1b8ef40b883,01ae61ee62cdc2a10bfd0def8c87554d6211941f06e05af1874e62301c53da90,IA_test_groupA/1225,True
IA_test_groupA/1226/best_J0.234241_20251226_165530.ans,C:\Users\26096\Desktop\em\FP\IA_test_groupA\1226\best_J0.234241_20251226_165530.ans,best_J0.234241_20251226_165530.ans,best_J0.234241_20251226_165530,.ans,13000125,2025-12-26T09:58:38+01:00,2026-07-30T20:35:32+02:00,10beda584e739fda12350598a5fce186456aeda49ad2f9b849885ddd0f2a2388,b4619cfa6ea91b0c2e9975b4222969a59b88e0a7bb681c0256c2696c2df84fe5,IA_test_groupA/1226,True
IA_test_groupA/1226/best_J0.234241_20251226_165530.fem,C:\Users\26096\Desktop\em\FP\IA_test_groupA\1226\best_J0.234241_20251226_165530.fem,best_J0.234241_20251226_165530.fem,best_J0.234241_20251226_165530,.fem,148325,2025-12-26T09:56:16+01:00,2026-07-30T20:35:32+02:00,214f29613e5001db029c784953b814f66ea4436a012d80d54cf14173a2ea2e9b,ee78bc5f18acbeb7cd1f3c3306a82cfb660633bbf90b8220224b5a4c40bd35c9,IA_test_groupA/1226,True
IA_test_groupA/1226/best_J0.234241_20251226_165530.png,C:\Users\26096\Desktop\em\FP\IA_test_groupA\1226\best_J0.234241_20251226_165530.png,best_J0.234241_20251226_165530.png,best_J0.234241_20251226_165530,.png,2929834,2025-12-26T09:58:38+01:00,2026-07-30T20:35:32+02:00,b0ce5fd10a36f6b6cd435477ff7833359c5560e16e337fc7094558837b9b6cd3,fa4317f88c194a4ef319544e78ae9c34b1d9613b469aaf878da4af0edf96fb7a,IA_test_groupA/1226,True
IA_test_groupA/1226/best_result_20251226_165530.mat,C:\Users\26096\Desktop\em\FP\IA_test_groupA\1226\best_result_20251226_165530.mat,best_result_20251226_165530.mat,best_result_20251226_165530,.mat,3436,2025-12-26T09:55:32+01:00,2026-07-30T20:35:32+02:00,7e4078fb5e58d0a0c2bc9135b6ad09ddb77158f856dbade40824b726bf4ffb01,4ded35e194a8298851363237fa674cb74802068004cc507b6e7d0ebf13ec6a96,IA_test_groupA/1226,True
IA_test_groupA/1227.1/best_J0.239788_20251227_151645.ans,C:\Users\26096\Desktop\em\FP\IA_test_groupA\1227.1\best_J0.239788_20251227_151645.ans,best_J0.239788_20251227_151645.ans,best_J0.239788_20251227_151645,.ans,13002759,2025-12-27T08:23:26+01:00,2026-07-30T20:35:32+02:00,a8ce020982480f0ab6c6cd05af8c5034f3d9f68ad389a69f0760ade3ac12a0df,b7a2c45d02739f4202ef0484312f16f27ec814dfd1f3a5f770a0d091e071ea79,IA_test_groupA/1227.1,True
IA_test_groupA/1227.1/best_J0.239788_20251227_151645.fem,C:\Users\26096\Desktop\em\FP\IA_test_groupA\1227.1\best_J0.239788_20251227_151645.fem,best_J0.239788_20251227_151645.fem,best_J0.239788_20251227_151645,.fem,148325,2025-12-27T08:18:02+01:00,2026-07-30T20:35:32+02:00,8adf32e1b0da1cc220be7ea14021a3f87e9feea2e596b7c271e99bbaf2d0fec9,00febc0a015e251429f170b91ba03b18e45b4b2c2b64a12f10ec225f5a9d59ee,IA_test_groupA/1227.1,True
IA_test_groupA/1227.1/best_J0.239788_20251227_151645.png,C:\Users\26096\Desktop\em\FP\IA_test_groupA\1227.1\best_J0.239788_20251227_151645.png,best_J0.239788_20251227_151645.png,best_J0.239788_20251227_151645,.png,2929834,2025-12-27T08:23:28+01:00,2026-07-30T20:35:32+02:00,33e1d33e40c2f7d312be616bfb37c1e4fdfa90089d197e62c5b3cdbc4b10bc8c,cc202ba445f3b15b13b702cdbe493b5feaeaa58137d7eb82ba4d8ff5d9fc41cc,IA_test_groupA/1227.1,True
IA_test_groupA/1227.1/best_result_20251227_151645.mat,C:\Users\26096\Desktop\em\FP\IA_test_groupA\1227.1\best_result_20251227_151645.mat,best_result_20251227_151645.mat,best_result_20251227_151645,.mat,3364,2025-12-27T08:16:46+01:00,2026-07-30T20:35:32+02:00,68a6b44e5616ba37af8fe6f5829df4652e881fec10ddf01485ff02bfc6d67a90,3f7ed041ad663a415ed65d6f9c1f470048c61b65831cae650349a2dd53eb96a2,IA_test_groupA/1227.1,True
IA_test_groupA/1227.2/best_J0.147733_20251228_001658.ans,C:\Users\26096\Desktop\em\FP\IA_test_groupA\1227.2\best_J0.147733_20251228_001658.ans,best_J0.147733_20251228_001658.ans,best_J0.147733_20251228_001658,.ans,13015629,2025-12-27T17:24:18+01:00,2026-07-30T20:35:32+02:00,68c86f8203206a68dd15ae6d6b94d4c529217a1f919878a484bc287b71892961,7a05382b10bbba8970e7a15ccb84bf3c3361d2a14cb13caf88797c0461a4e134,IA_test_groupA/1227.2,True
IA_test_groupA/1227.2/best_J0.147733_20251228_001658.fem,C:\Users\26096\Desktop\em\FP\IA_test_groupA\1227.2\best_J0.147733_20251228_001658.fem,best_J0.147733_20251228_001658.fem,best_J0.147733_20251228_001658,.fem,148325,2025-12-27T17:18:00+01:00,2026-07-30T20:35:33+02:00,c12108757c5e8534ea6c0aa8f150a2c0344af8f78bc7a9e3aca39d02f659773f,d1f0c48c8703df57cdc82c1100a8f3d21491e1601b87b79557edb1dc0b7fe1f2,IA_test_groupA/1227.2,True
IA_test_groupA/1227.2/best_J0.147733_20251228_001658.png,C:\Users\26096\Desktop\em\FP\IA_test_groupA\1227.2\best_J0.147733_20251228_001658.png,best_J0.147733_20251228_001658.png,best_J0.147733_20251228_001658,.png,58,2025-12-27T17:24:20+01:00,2026-07-30T20:35:33+02:00,844e7d602988a91c7c63c3756ed0f0453f7ce13b98a99ff63f5b7dee6149658c,8721360559fedb06b47a0d9305b1164e5900e98a929692d89dd4850f7d6b390d,IA_test_groupA/1227.2,True
IA_test_groupA/1227.2/best_result_20251228_001658.mat,C:\Users\26096\Desktop\em\FP\IA_test_groupA\1227.2\best_result_20251228_001658.mat,best_result_20251228_001658.mat,best_result_20251228_001658,.mat,3394,2025-12-27T17:17:00+01:00,2026-07-30T20:35:33+02:00,b1ca4e4e7ce30049bbdda9c5430ea1ec6a334938140601597050d74d86cddc74,5f67a4059f1aecc5be3173bd2e9525e47c6ac0aa9157aecbf2ebf7c345768164,IA_test_groupA/1227.2,True
IA_test_groupA/1228/best_J0.222504_20251229_005752.ans,C:\Users\26096\Desktop\em\FP\IA_test_groupA\1228\best_J0.222504_20251229_005752.ans,best_J0.222504_20251229_005752.ans,best_J0.222504_20251229_005752,.ans,12948443,2025-12-28T18:01:28+01:00,2026-07-30T20:35:33+02:00,88973fd7cedba82eb1e05ba5244212b7523d3014c9e98ee1ffd8013a54695f9e,278e216e184f719bfd5a284d730c67d09902be156488894d7873977d4d2ae17b,IA_test_groupA/1228,True
IA_test_groupA/1228/best_J0.222504_20251229_005752.fem,C:\Users\26096\Desktop\em\FP\IA_test_groupA\1228\best_J0.222504_20251229_005752.fem,best_J0.222504_20251229_005752.fem,best_J0.222504_20251229_005752,.fem,148325,2025-12-28T17:58:20+01:00,2026-07-30T20:35:33+02:00,ff157bce8157956af5d34e185594fb5d0fdc5a65a86cde1003021ba38c21cc0f,28534057bd73c4cb0a64724010003b3fd01eda01a8c43b93485f9b3bc17e7efd,IA_test_groupA/1228,True
IA_test_groupA/1228/best_J0.222504_20251229_005752.png,C:\Users\26096\Desktop\em\FP\IA_test_groupA\1228\best_J0.222504_20251229_005752.png,best_J0.222504_20251229_005752.png,best_J0.222504_20251229_005752,.png,58,2025-12-28T18:01:28+01:00,2026-07-30T20:35:33+02:00,844e7d602988a91c7c63c3756ed0f0453f7ce13b98a99ff63f5b7dee6149658c,8721360559fedb06b47a0d9305b1164e5900e98a929692d89dd4850f7d6b390d,IA_test_groupA/1228,True
IA_test_groupA/1228/untitled.fig,C:\Users\26096\Desktop\em\FP\IA_test_groupA\1228\untitled.fig,untitled.fig,untitled,.fig,8294,2025-12-28T18:02:14+01:00,2026-07-30T20:35:33+02:00,b0f3eda3db16b0ad092361c428aa025774cb52d575b9d93c3243ff2b24d6b56c,6e856beb9dffa6e4f39462f5b9c9690572f455deb5224bf8c0b5c09de188c932,IA_test_groupA/1228,True
IA_test_groupA/1229/best_bits_coarse.mat,C:\Users\26096\Desktop\em\FP\IA_test_groupA\1229\best_bits_coarse.mat,best_bits_coarse.mat,best_bits_coarse,.mat,3161,2025-12-29T15:14:36+01:00,2026-07-30T20:35:33+02:00,a9dfbd6888c1fd9ef48c0c774025a3394ee744b1134605d05e9094ddd8a3a1e4,f679059b497c3d8083b193968b4373fac729a6535834476601816507487b4a30,IA_test_groupA/1229,True
IA_test_groupA/1229/best_J0.238035_20251229_221434.ans,C:\Users\26096\Desktop\em\FP\IA_test_groupA\1229\best_J0.238035_20251229_221434.ans,best_J0.238035_20251229_221434.ans,best_J0.238035_20251229_221434,.ans,5991033,2025-12-29T15:15:28+01:00,2026-07-30T20:35:33+02:00,83eab21cf9e82352434ac6495a5f41af9961fd825263e6197e86af4c22ae4a0c,c3cd80853080ab84498333ecb4b8c2ce6737e4443d1da1ff93577cf9e23537c1,IA_test_groupA/1229,True
IA_test_groupA/1229/best_J0.238035_20251229_221434.fem,C:\Users\26096\Desktop\em\FP\IA_test_groupA\1229\best_J0.238035_20251229_221434.fem,best_J0.238035_20251229_221434.fem,best_J0.238035_20251229_221434,.fem,74765,2025-12-29T15:14:56+01:00,2026-07-30T20:35:33+02:00,e2d9d6ea1f65a99ce964cecde73e5f3033b1fe63ff53fe38c3ae47cdc9cc3f18,d45de5ae1da9e832e532cfb5bda368ccc6e815289d6722ec3d38ed7b82c51ab0,IA_test_groupA/1229,True
IA_test_groupA/1229/best_J0.238035_20251229_221434.png,C:\Users\26096\Desktop\em\FP\IA_test_groupA\1229\best_J0.238035_20251229_221434.png,best_J0.238035_20251229_221434.png,best_J0.238035_20251229_221434,.png,2929834,2025-12-29T15:15:28+01:00,2026-07-30T20:35:33+02:00,b02a5f254f681e6031b17dc47182a5a8339b8af4e5c7e9d30e17f25c1327abb2,2575ecc4c2c0d6029eee23ed4d854638952d691a865b5fd7fd3b876c2476583e,IA_test_groupA/1229,True
IA_test_groupA/1229/best_result_20251229_221434.mat,C:\Users\26096\Desktop\em\FP\IA_test_groupA\1229\best_result_20251229_221434.mat,best_result_20251229_221434.mat,best_result_20251229_221434,.mat,3380,2025-12-29T15:14:36+01:00,2026-07-30T20:35:33+02:00,edab1327e84abd2236064bb7ff0e201aa0330933e8d2cece5ebc2a4e59c026f5,4bdeb89fd5b146acb0b6da0e4421d0923654337e8ddbdbd689c61bf4a4e5ba5b,IA_test_groupA/1229,True
IA_test_groupA/1230/best_bits_coarse.mat,C:\Users\26096\Desktop\em\FP\IA_test_groupA\1230\best_bits_coarse.mat,best_bits_coarse.mat,best_bits_coarse,.mat,3161,2025-12-30T06:09:02+01:00,2026-07-30T20:35:33+02:00,54760c20317d63aa35e143cb812b0244d5c5cc5c1b42dd17aeac84995b80f614,394e376e91e4ec24ad74babd6a7eb630c767c0ca94e24e0a7bc8615d32e9c4be,IA_test_groupA/1230,True
IA_test_groupA/1230/best_J0.166453_20251230_130901.ans,C:\Users\26096\Desktop\em\FP\IA_test_groupA\1230\best_J0.166453_20251230_130901.ans,best_J0.166453_20251230_130901.ans,best_J0.166453_20251230_130901,.ans,6024523,2025-12-30T06:10:02+01:00,2026-07-30T20:35:33+02:00,9a0830896917758796b14408cd1b3d2872576a6ab609d490e2e54a3768556242,7dbd0846ed47e2f79e372d8c96e92f06093603c18cd7d535c5247ebf32be1347,IA_test_groupA/1230,True
IA_test_groupA/1230/best_J0.166453_20251230_130901.fem,C:\Users\26096\Desktop\em\FP\IA_test_groupA\1230\best_J0.166453_20251230_130901.fem,best_J0.166453_20251230_130901.fem,best_J0.166453_20251230_130901,.fem,74764,2025-12-30T06:09:32+01:00,2026-07-30T20:35:33+02:00,23a058591911b0775b270d29492aa63d019e4c30f0e29649d438b559de30accb,652a2def37397333aec63ff0423a0cf363f9be06145dea8163f6f23c8078b123,IA_test_groupA/1230,True
IA_test_groupA/1230/best_J0.166453_20251230_130901.png,C:\Users\26096\Desktop\em\FP\IA_test_groupA\1230\best_J0.166453_20251230_130901.png,best_J0.166453_20251230_130901.png,best_J0.166453_20251230_130901,.png,2929834,2025-12-30T06:10:02+01:00,2026-07-30T20:35:33+02:00,bdfbf27a57dfddecd57da82418a6c3b96283e428c11bc4d230da982bcef18e25,fe4a29b8b7a36b95000bdd1ee8018aedbba71bcbbb89e6587f846c09e927994a,IA_test_groupA/1230,True
IA_test_groupA/1230/best_result_20251230_130901.mat,C:\Users\26096\Desktop\em\FP\IA_test_groupA\1230\best_result_20251230_130901.mat,best_result_20251230_130901.mat,best_result_20251230_130901,.mat,3413,2025-12-30T06:09:02+01:00,2026-07-30T20:35:33+02:00,7b5d624aecd0889fa615a5a11807d50856f9d5e7568526b029489f28c2ce7b9a,f9491f6af68b82618be43a264a355c8ede35e8cecdebe8ee7308a505359c444e,IA_test_groupA/1230,True
IA_test_groupA/1230.2/best_bits_coarse.mat,C:\Users\26096\Desktop\em\FP\IA_test_groupA\1230.2\best_bits_coarse.mat,best_bits_coarse.mat,best_bits_coarse,.mat,3159,2025-12-30T09:51:06+01:00,2026-07-30T20:35:33+02:00,86b5e6d39254a2d3a587d97966e3963fee22406488f434ad5c79eda626544fee,794ae06432a821cfc992aaff43736bfdf88f04dbef184145759fa61625995e5e,IA_test_groupA/1230.2,True
IA_test_groupA/1230.2/best_J0.157009_20251230_165105.ans,C:\Users\26096\Desktop\em\FP\IA_test_groupA\1230.2\best_J0.157009_20251230_165105.ans,best_J0.157009_20251230_165105.ans,best_J0.157009_20251230_165105,.ans,5113421,2025-12-30T09:51:42+01:00,2026-07-30T20:35:33+02:00,8dcafeafec06f5941699794ff6452e7bc8dab9f8deb84ff94346df5212349e10,b1b25273648423e876985f34e2cbffbf29396d24d1db7abe6738377f0564475b,IA_test_groupA/1230.2,True
IA_test_groupA/1230.2/best_J0.157009_20251230_165105.fem,C:\Users\26096\Desktop\em\FP\IA_test_groupA\1230.2\best_J0.157009_20251230_165105.fem,best_J0.157009_20251230_165105.fem,best_J0.157009_20251230_165105,.fem,58167,2025-12-30T09:51:16+01:00,2026-07-30T20:35:33+02:00,2d06b09902932d86cf381eb81d8f18fc1bc421ac7deb997f5852372aab0d0ea3,613232a8efcc31f0547bd80f7dfc00a4181efef17a2b1827d8663d1e7944a247,IA_test_groupA/1230.2,True
IA_test_groupA/1230.2/best_J0.157009_20251230_165105.png,C:\Users\26096\Desktop\em\FP\IA_test_groupA\1230.2\best_J0.157009_20251230_165105.png,best_J0.157009_20251230_165105.png,best_J0.157009_20251230_165105,.png,2929834,2025-12-30T09:51:42+01:00,2026-07-30T20:35:33+02:00,6bb5f1cf348ecd4dd50d7eec6f78771ace8e0c4279a361db98dfd31890faed33,ce58b34d6c05e65c54ff0e8d064804d77dbe4dd8d903c3d7732f90bf49096ade,IA_test_groupA/1230.2,True
IA_test_groupA/1230.2/best_result_20251230_165105.mat,C:\Users\26096\Desktop\em\FP\IA_test_groupA\1230.2\best_result_20251230_165105.mat,best_result_20251230_165105.mat,best_result_20251230_165105,.mat,3404,2025-12-30T09:51:06+01:00,2026-07-30T20:35:33+02:00,3389bb8621574dbfd0da52b9644661c4316a95a791c19ec4db76fefef23408e2,63d0b7057e379c38726c463a82d4e741347ddc147b5df4c89aa6d5b3fb2fe407,IA_test_groupA/1230.2,True
IA_test_groupA/1230.2/untitled.fig,C:\Users\26096\Desktop\em\FP\IA_test_groupA\1230.2\untitled.fig,untitled.fig,untitled,.fig,8903,2025-12-30T10:21:56+01:00,2026-07-30T20:35:33+02:00,c17b1e5c2d42c8e45d5f82df6eb48f1232a0c5433f854d9ce0d2780e7c8562b2,993ba5157a668dccf6a27247d861fe81a82e8375fe7e418b0b6b63252658c624,IA_test_groupA/1230.2,True
IA_test_groupA/1230.3/best_bits_coarse.mat,C:\Users\26096\Desktop\em\FP\IA_test_groupA\1230.3\best_bits_coarse.mat,best_bits_coarse.mat,best_bits_coarse,.mat,3158,2025-12-30T14:29:30+01:00,2026-07-30T20:35:33+02:00,1f6b5b9081fdf4b4c1a60e8412cb3bc8cd9b2a51c58e5dcc8d4c1482d45feba0,5b67e916cc32d1fa6a2829c62ed364ef7b86166eaf1f611e0a924ba2711492ab,IA_test_groupA/1230.3,True
IA_test_groupA/1230.3/best_J0.150072_20251230_212929.ans,C:\Users\26096\Desktop\em\FP\IA_test_groupA\1230.3\best_J0.150072_20251230_212929.ans,best_J0.150072_20251230_212929.ans,best_J0.150072_20251230_212929,.ans,5110894,2025-12-30T14:30:10+01:00,2026-07-30T20:35:33+02:00,9aafa99acc302a5f8f30379525983da876caecb63c252dd025935d1e94d9a7ce,fd0f1ae64e3554e384c97b5ef5b6c844015f57fa147b96270cbb6547c5fdd1cf,IA_test_groupA/1230.3,True
IA_test_groupA/1230.3/best_J0.150072_20251230_212929.fem,C:\Users\26096\Desktop\em\FP\IA_test_groupA\1230.3\best_J0.150072_20251230_212929.fem,best_J0.150072_20251230_212929.fem,best_J0.150072_20251230_212929,.fem,58174,2025-12-30T14:29:40+01:00,2026-07-30T20:35:33+02:00,5321027324c647271d966b4ad2c9430bcdb08dac7ee76ec2adade08e53260d10,da57bc096fb4457e7e3c25a2bda64cbcf834342166bc0df9c0c84aa8a00bf218,IA_test_groupA/1230.3,True
IA_test_groupA/1230.3/best_J0.150072_20251230_212929.png,C:\Users\26096\Desktop\em\FP\IA_test_groupA\1230.3\best_J0.150072_20251230_212929.png,best_J0.150072_20251230_212929.png,best_J0.150072_20251230_212929,.png,2929834,2025-12-30T14:30:12+01:00,2026-07-30T20:35:33+02:00,1a2500a84ad00f67e286f08b40b463d145e53251e945db5d28ad807dabba0e28,afd2705e148eed59aa4a2b6778bc928f9f363a5ecdd79b985353df87c1d00d21,IA_test_groupA/1230.3,True
IA_test_groupA/1230.3/best_result_20251230_212929.mat,C:\Users\26096\Desktop\em\FP\IA_test_groupA\1230.3\best_result_20251230_212929.mat,best_result_20251230_212929.mat,best_result_20251230_212929,.mat,3389,2025-12-30T14:29:30+01:00,2026-07-30T20:35:33+02:00,981ebf9b35e794c76c29d930f6d1fb39130c7ee1a5bdc7cdfc4e9054ec13b87b,d5f0735de32d5c25c600dcda8d09ac5200f18f82f65042680a36308e001107c2,IA_test_groupA/1230.3,True
IA_test_groupA/1230.3/untitled.fig,C:\Users\26096\Desktop\em\FP\IA_test_groupA\1230.3\untitled.fig,untitled.fig,untitled,.fig,9106,2025-12-30T15:32:40+01:00,2026-07-30T20:35:33+02:00,4a9b1bc0a3a64b3da0d1b82995bf443b742a74604510d57c18193751a51f9dc3,f513f3e3014b6f5f13c9e0da6e97a58b3729be514b9338180e3d810bbe8492f1,IA_test_groupA/1230.3,True
IA_test_groupA/1231/best_bits_coarse.mat,C:\Users\26096\Desktop\em\FP\IA_test_groupA\1231\best_bits_coarse.mat,best_bits_coarse.mat,best_bits_coarse,.mat,3161,2025-12-31T12:24:00+01:00,2026-07-30T20:35:33+02:00,3521411d27d9746ebfb13165d42827857387f3325cf02f2a69ad868a3b786c92,95f755e727232166419a5852b86f66c79e71c9dda5495985e7364d9a1876f6f1,IA_test_groupA/1231,True
IA_test_groupA/1231/best_J0.145728_20251231_192359.ans,C:\Users\26096\Desktop\em\FP\IA_test_groupA\1231\best_J0.145728_20251231_192359.ans,best_J0.145728_20251231_192359.ans,best_J0.145728_20251231_192359,.ans,5114358,2025-12-31T12:24:52+01:00,2026-07-30T20:35:33+02:00,aabee2a8a22a892a442bd1214f5a906a61ae40c3dca12d7f5b0d6c8c9caefc51,494bb41630a26e967dd3c23e026ba71282db772f9727a01fbbfd39734f6210bf,IA_test_groupA/1231,True
IA_test_groupA/1231/best_J0.145728_20251231_192359.fem,C:\Users\26096\Desktop\em\FP\IA_test_groupA\1231\best_J0.145728_20251231_192359.fem,best_J0.145728_20251231_192359.fem,best_J0.145728_20251231_192359,.fem,58163,2025-12-31T12:24:10+01:00,2026-07-30T20:35:33+02:00,2c93a3a7d250d79fd2009d26fd6562e658a941eb3cc686b90b6a099086dcd3eb,10b1e2a41a5cb21427f8cf7c39664b5a28e4bc2f21390d0ffefce6e2db8a742f,IA_test_groupA/1231,True
IA_test_groupA/1231/best_J0.145728_20251231_192359.png,C:\Users\26096\Desktop\em\FP\IA_test_groupA\1231\best_J0.145728_20251231_192359.png,best_J0.145728_20251231_192359.png,best_J0.145728_20251231_192359,.png,2929834,2025-12-31T12:24:52+01:00,2026-07-30T20:35:33+02:00,3ebbbce5a186e2a8e581b8a85b7d3e696715cefbb3b1da41a78dd2ea4d397a87,15a10cf57c7ea8aeaa9818609f380f2ba22860d3ac9c91419a0d9e0a31a440ab,IA_test_groupA/1231,True
IA_test_groupA/1231/best_result_20251231_192359.mat,C:\Users\26096\Desktop\em\FP\IA_test_groupA\1231\best_result_20251231_192359.mat,best_result_20251231_192359.mat,best_result_20251231_192359,.mat,3405,2025-12-31T12:24:00+01:00,2026-07-30T20:35:33+02:00,96341fed649124ee7a880a42cc9db817028ab23a009bef8b0d652c6afead5e94,41ab943205de606288211babc45241d79ca40b8455047bc60effe35ee1159e92,IA_test_groupA/1231,True
IA_test_groupA/1组/第三代结果排名.png,C:\Users\26096\Desktop\em\FP\IA_test_groupA\1组\第三代结果排名.png,第三代结果排名.png,第三代结果排名,.png,16306,2025-12-01T13:56:12+01:00,2026-07-30T20:35:33+02:00,1ead133a60121ca8f8c61920a68c71477b76d655ec8cd0539ea725b1011787d3,13280e091bdb7f9b22c9f4fd685756423df1f29b536702814a923259a83e2506,IA_test_groupA/1组,True
IA_test_groupA/1组/结果.png,C:\Users\26096\Desktop\em\FP\IA_test_groupA\1组\结果.png,结果.png,结果,.png,12426,2025-12-01T13:55:40+01:00,2026-07-30T20:35:33+02:00,73c6d5b90f0e1c1f4a7c4f7ec41bbd09eb3cc28b4d1d9a1fc17dbbed9aeba021,b5f778d7a0c3de8f65df88eaa0c3693ac9cbbd6b8229e9b07011bf7c3f1f0166,IA_test_groupA/1组,True
IA_test_groupA/1组/结果图像.png,C:\Users\26096\Desktop\em\FP\IA_test_groupA\1组\结果图像.png,结果图像.png,结果图像,.png,131933,2025-12-02T09:22:16+01:00,2026-07-30T20:35:33+02:00,f647e3b41335e5b7aa323de4f306a3eed35ae70509775f0d8956021c9a3df195,f7d81c43fb391dce267d521669c4987cba0b312c31ef5abcc1d959ad03f189ff,IA_test_groupA/1组,True
IA_test_groupA/1组/角度.png,C:\Users\26096\Desktop\em\FP\IA_test_groupA\1组\角度.png,角度.png,角度,.png,17766,2025-12-01T13:49:40+01:00,2026-07-30T20:35:33+02:00,16a61d4a490cd4ca5bb8166661bc0cc469490cb23acfbae4521d9986fb016bc1,106bc5a941d09b257b303f377fe216b63ea0ed1c825bda60ecdf7ad842f2b5b0,IA_test_groupA/1组,True
IA_test_groupA/CLONALG/ackleyfcn.m,C:\Users\26096\Desktop\em\FP\IA_test_groupA\CLONALG\ackleyfcn.m,ackleyfcn.m,ackleyfcn,.m,293,2018-04-05T03:00:44+02:00,2026-07-30T20:35:33+02:00,3955cf116a71ea18e13ebbcd399a0c0970c148985a3055feaeb8d348b2eb28b4,5664a74aae5a86521790a081af346a2d64571a7f37bcbcbd0e277aeca66ee3e9,IA_test_groupA/CLONALG,True
IA_test_groupA/CLONALG/clonalg.m,C:\Users\26096\Desktop\em\FP\IA_test_groupA\CLONALG\clonalg.m,clonalg.m,clonalg,.m,4640,2018-04-26T21:35:14+02:00,2026-07-30T20:35:33+02:00,ac64c83007204319be5ca8e7a873833acff5ca1b94f3e75e14c100927a172419,41a39490abe2161ed9db9a045ea4b9e3f97853fcd4c0aa31d3e8c6b66816876c,IA_test_groupA/CLONALG,True
IA_test_groupA/CLONALG/crossintrayfcn.m,C:\Users\26096\Desktop\em\FP\IA_test_groupA\CLONALG\crossintrayfcn.m,crossintrayfcn.m,crossintrayfcn,.m,324,2018-04-05T03:08:56+02:00,2026-07-30T20:35:33+02:00,cb6b5fa7f4026cc2436d98fb486bb4b09f519a4d70d8fc286c28037f5add2f55,3b52fbb255265f9e2735bdec501d9cbe692c3a61039069fa4c7a132c70163997,IA_test_groupA/CLONALG,True
IA_test_groupA/CLONALG/dejong1fcn.m,C:\Users\26096\Desktop\em\FP\IA_test_groupA\CLONALG\dejong1fcn.m,dejong1fcn.m,dejong1fcn,.m,213,2018-04-05T02:51:34+02:00,2026-07-30T20:35:33+02:00,3ae8af896b1834bbf1e07ca0462de6abf01452702d267f642f6ce67dad7dc4a0,9f859cb8b1e26fbd65c1054354a6ff628518f4e78fb5b6c8ccc658684473f9a1,IA_test_groupA/CLONALG,True
IA_test_groupA/CLONALG/dropwavefcn.m,C:\Users\26096\Desktop\em\FP\IA_test_groupA\CLONALG\dropwavefcn.m,dropwavefcn.m,dropwavefcn,.m,339,2018-04-05T03:08:32+02:00,2026-07-30T20:35:33+02:00,13ccfb5413d474621ca9917e79403c4e68a2bf13d6e7c89355bec549f4516149,829a3249d6140f42186c90fb74c682b66ffa29d1a802f9deec1bc3f3059d4320,IA_test_groupA/CLONALG,True
IA_test_groupA/CLONALG/eggholderfcn.m,C:\Users\26096\Desktop\em\FP\IA_test_groupA\CLONALG\eggholderfcn.m,eggholderfcn.m,eggholderfcn,.m,374,2018-04-05T03:09:24+02:00,2026-07-30T20:35:33+02:00,5eef69d9ab5b592b05f327be1f5797efc3bc8785118c24db07a3adbe94c6a58c,3e6676f177340ece5f6eed09fd7550b0f62c5c01e2a668b3c72405a14eec111c,IA_test_groupA/CLONALG,True
IA_test_groupA/CLONALG/griewankfcn.m,C:\Users\26096\Desktop\em\FP\IA_test_groupA\CLONALG\griewankfcn.m,griewankfcn.m,griewankfcn,.m,265,2018-04-05T03:00:34+02:00,2026-07-30T20:35:33+02:00,d0a9d5250bf676c426da4c12fc2f0789cefca71efb187cc68d6fc6807f8a9f12,a81cb1267ac7d24f96c71c735e937207243aaad3dda9fbad8ac7a8c09cf78a4f,IA_test_groupA/CLONALG,True
IA_test_groupA/CLONALG/Learning and Optimization Using the Clonal Selection Principle [de Castro & Von Zuben][2002].pdf,C:\Users\26096\Desktop\em\FP\IA_test_groupA\CLONALG\Learning and Optimization Using the Clonal Selection Principle [de Castro & Von Zuben][2002].pdf,Learning and Optimization Using the Clonal Selection Principle [de Castro & Von Zuben][2002].pdf,Learning and Optimization Using the Clonal Selection Principle [de Castro & Von Zuben][2002],.pdf,481898,2018-04-20T18:20:06+02:00,2026-07-30T20:35:33+02:00,dc287f493ba876eddccacd803692bb99245d8536b605ab24459175c9233604bc,1147c54c8e9190115f4346042d948295bf7ba509d91c3d525362b72461006a62,IA_test_groupA/CLONALG,True
IA_test_groupA/CLONALG/rastriginfcn.m,C:\Users\26096\Desktop\em\FP\IA_test_groupA\CLONALG\rastriginfcn.m,rastriginfcn.m,rastriginfcn,.m,243,2018-04-05T03:00:16+02:00,2026-07-30T20:35:33+02:00,72fcb433f26423458b2737e53aceaf2c8997c427224bf3a49c621614001ebd7e,4e9d30791b7a01504380af8b684e19831bc9fb80cf5004026c84e54be81c4062,IA_test_groupA/CLONALG,True
IA_test_groupA/CLONALG/rosenbrockfcn.m,C:\Users\26096\Desktop\em\FP\IA_test_groupA\CLONALG\rosenbrockfcn.m,rosenbrockfcn.m,rosenbrockfcn,.m,277,2018-04-05T02:59:34+02:00,2026-07-30T20:35:33+02:00,0c8ef1f534e482275f56cfb6bfabc878a296f90e4e57d27922de635c45c77c1d,2ef985e8577188fd44b36188b21b544a877c77826eb8334b25d05227c2ede6a4,IA_test_groupA/CLONALG,True
IA_test_groupA/CLONALG/schwefelfcn.m,C:\Users\26096\Desktop\em\FP\IA_test_groupA\CLONALG\schwefelfcn.m,schwefelfcn.m,schwefelfcn,.m,280,2018-04-05T03:00:24+02:00,2026-07-30T20:35:33+02:00,509e9c14a752a5b8e6eb9c7b3ee884e6380c80caccdc47f82be2f52fe8b5f398,d26fc6df46c901a87a29a2fa694c8a9de83bc7f4cbdce226bc6e597d19534f51,IA_test_groupA/CLONALG,True
IA_test_groupA/新建文件夹/temp_airgap_scan.fem,C:\Users\26096\Desktop\em\FP\IA_test_groupA\新建文件夹\temp_airgap_scan.fem,temp_airgap_scan.fem,temp_airgap_scan,.fem,55685,2025-12-15T21:20:26+01:00,2026-07-30T20:35:33+02:00,0944b2e796bd80f329a4a8e0a27b297c021eec27e6119bf15bc1a3dca0ef456e,762c5848e98862e3da720229a7a9068c2db48ce2b99ed139cb77ca28bdf9e9f6,IA_test_groupA/新建文件夹,True
IA_test_groupA/新建文件夹/untitled.fig,C:\Users\26096\Desktop\em\FP\IA_test_groupA\新建文件夹\untitled.fig,untitled.fig,untitled,.fig,8554,2025-12-15T21:13:08+01:00,2026-07-30T20:35:33+02:00,bde4a04dcb2582e99384a0820efe9fd25f7396e3efe4f5469603f1f173e19535,18d1d2dd599d38921a4ca8bbac535ca7d0cf0e930eb19300c0c334ed25a7da2b,IA_test_groupA/新建文件夹,True
IA_test_groupA/新建文件夹/屏幕截图 2025-12-16 041331.png,C:\Users\26096\Desktop\em\FP\IA_test_groupA\新建文件夹\屏幕截图 2025-12-16 041331.png,屏幕截图 2025-12-16 041331.png,屏幕截图 2025-12-16 041331,.png,66233,2025-12-15T21:13:54+01:00,2026-07-30T20:35:33+02:00,107ff6324fea926f1f385810a98790e6d3e6ad29da02c6c24ffeae97b66b8ccb,f614f22fa10554f672703c4b29557b41ff53862969ab4d38bd28ac935723dcf5,IA_test_groupA/新建文件夹,True
IA_test_groupA/新建文件夹/屏幕截图 2025-12-16 041402.png,C:\Users\26096\Desktop\em\FP\IA_test_groupA\新建文件夹\屏幕截图 2025-12-16 041402.png,屏幕截图 2025-12-16 041402.png,屏幕截图 2025-12-16 041402,.png,21006,2025-12-15T21:14:18+01:00,2026-07-30T20:35:33+02:00,053476c19e72a1528c8bee3f3d4a30f6fffb3c25c1cd05105e828d3df5d84384,5203e29ae29419434e335cbe4569bfadfb4b0cbf196852c0b5aa8c0778f69209,IA_test_groupA/新建文件夹,True
IA_test_groupA/设计/blank.FEM,C:\Users\26096\Desktop\em\FP\IA_test_groupA\设计\blank.FEM,blank.FEM,blank,.fem,13383,2025-12-13T10:34:58+01:00,2026-07-30T20:35:33+02:00,ad6f4a6818609ff355f1f5a852dff701a684f9a9f18db40c8ca6795d3385d4bf,370d9dbe89a196140a26720892589da8ba9ab6e2f3a7e1c43e63837d80d17bba,IA_test_groupA/设计,True
IA_test_N/best_result_20260125_163246.mat,C:\Users\26096\Desktop\em\FP\IA_test_N\best_result_20260125_163246.mat,best_result_20260125_163246.mat,best_result_20260125_163246,.mat,8082,2026-01-25T09:32:48+01:00,2026-07-30T20:35:33+02:00,da673da6069172c93e7949447db5d4421d5f2e8c9e239a6c2598e9777ac138ab,,IA_test_N,True
IA_test_N/best_result_20260127_175045.mat,C:\Users\26096\Desktop\em\FP\IA_test_N\best_result_20260127_175045.mat,best_result_20260127_175045.mat,best_result_20260127_175045,.mat,8088,2026-01-27T10:50:46+01:00,2026-07-30T20:35:33+02:00,e952b6a6b440960f099b794ff33005c9b8776af1a6adb59cd756fdc5ed8284ab,,IA_test_N,True
IA_test_N/best_result_20260202_153442.mat,C:\Users\26096\Desktop\em\FP\IA_test_N\best_result_20260202_153442.mat,best_result_20260202_153442.mat,best_result_20260202_153442,.mat,8109,2026-02-02T08:34:44+01:00,2026-07-30T20:35:33+02:00,ed9a469a7a9993e021f3d1fe3e4a39036ae4de573b7eb27a4438cfd69ab5f333,,IA_test_N,True
IA_test_N/best_result_20260203_125234.mat,C:\Users\26096\Desktop\em\FP\IA_test_N\best_result_20260203_125234.mat,best_result_20260203_125234.mat,best_result_20260203_125234,.mat,8109,2026-02-03T05:52:36+01:00,2026-07-30T20:35:33+02:00,869e7f5c364938ec37aa7d4b497425f9f2167e0809e8949fbc9409c174434172,,IA_test_N,True
IA_test_N/best_result_20260204_123506.mat,C:\Users\26096\Desktop\em\FP\IA_test_N\best_result_20260204_123506.mat,best_result_20260204_123506.mat,best_result_20260204_123506,.mat,8109,2026-02-04T05:35:08+01:00,2026-07-30T20:35:33+02:00,68c0f0ed9132ce78bdb91dc9e1f6b4b6643d8102df332e1ca6faac925560f196,,IA_test_N,True
IA_test_N/0122/best_bits_coarse.mat,C:\Users\26096\Desktop\em\FP\IA_test_N\0122\best_bits_coarse.mat,best_bits_coarse.mat,best_bits_coarse,.mat,7818,2026-01-22T18:48:40+01:00,2026-07-30T20:35:33+02:00,f7f67eeb551fa289f14a8cd8e5c2baf4b80239a712c079930b6969b19b94781c,,IA_test_N/0122,True
IA_test_N/0122/best_result_20260123_014838.mat,C:\Users\26096\Desktop\em\FP\IA_test_N\0122\best_result_20260123_014838.mat,best_result_20260123_014838.mat,best_result_20260123_014838,.mat,8059,2026-01-22T18:48:40+01:00,2026-07-30T20:35:33+02:00,e754104c0da04ad0ecf62a0912b66d82af0b07c3605a695561ba6df9cc25466b,8c8fd0fff83f5a19b18cc91990337e64df18b9ed8af123188674f6a5dab49882,IA_test_N/0122,True
IA_test_N/0122/untitled.fig,C:\Users\26096\Desktop\em\FP\IA_test_N\0122\untitled.fig,untitled.fig,untitled,.fig,8674,2026-01-22T18:49:04+01:00,2026-07-30T20:35:33+02:00,466b1ae70b0d8e31b7e1844735ea514680a4a01bc8b8dc78542fe1feb3fb1e5d,,IA_test_N/0122,True
IA_test_N/0123/best_bits_coarse.mat,C:\Users\26096\Desktop\em\FP\IA_test_N\0123\best_bits_coarse.mat,best_bits_coarse.mat,best_bits_coarse,.mat,7836,2026-01-23T19:40:16+01:00,2026-07-30T20:35:33+02:00,d1deb2f18010db4570227b20e6bbac56f5e27fdd0729b513982fd3f820f1276d,,IA_test_N/0123,True
IA_test_N/0123/best_result_20260124_024015.mat,C:\Users\26096\Desktop\em\FP\IA_test_N\0123\best_result_20260124_024015.mat,best_result_20260124_024015.mat,best_result_20260124_024015,.mat,8165,2026-01-23T19:40:16+01:00,2026-07-30T20:35:33+02:00,ce447b3e82787f5641b25bf31d12d7f419373f5e768d10138288047e2889dd2c,929ba7036e666cc1130765b7ff36f087d77be83eceb2ed27f34bfe6bd8f2a1ec,IA_test_N/0123,True
IA_test_N/0126/best_bits_coarse.mat,C:\Users\26096\Desktop\em\FP\IA_test_N\0126\best_bits_coarse.mat,best_bits_coarse.mat,best_bits_coarse,.mat,7836,2026-01-26T15:01:04+01:00,2026-07-30T20:35:33+02:00,169589c7b7a256eeb60747ba98b897d92b7cf7af928c2988ddb63609f94bc27f,,IA_test_N/0126,True
IA_test_N/0126/best_result_20260126_220103.mat,C:\Users\26096\Desktop\em\FP\IA_test_N\0126\best_result_20260126_220103.mat,best_result_20260126_220103.mat,best_result_20260126_220103,.mat,8099,2026-01-26T15:01:04+01:00,2026-07-30T20:35:33+02:00,6d3e957bb11298056de98727569bc43d42de2e00e8d015bbc8bde819210a7bb1,8543017a07808745fa779a68edadd1b9d69794c89db6ffc5325cc30ecb5aeba5,IA_test_N/0126,True
IA_test_N/0126/untitled.fig,C:\Users\26096\Desktop\em\FP\IA_test_N\0126\untitled.fig,untitled.fig,untitled,.fig,9736,2026-01-26T15:18:18+01:00,2026-07-30T20:35:33+02:00,017d2f07777ab7e2aadadcf3793e7c88ff197b6980ae5e8aa2fcf7b5b6b5342d,,IA_test_N/0126,True
IA_test_N/0128/best_bits_coarse.mat,C:\Users\26096\Desktop\em\FP\IA_test_N\0128\best_bits_coarse.mat,best_bits_coarse.mat,best_bits_coarse,.mat,7836,2026-01-28T14:30:06+01:00,2026-07-30T20:35:33+02:00,63fd8377ede4a328f27346526ae1012f16b6bfd5a89f1d8082227843ec3b7325,,IA_test_N/0128,True
IA_test_N/0128/best_result_20260128_213005.mat,C:\Users\26096\Desktop\em\FP\IA_test_N\0128\best_result_20260128_213005.mat,best_result_20260128_213005.mat,best_result_20260128_213005,.mat,8099,2026-01-28T14:30:06+01:00,2026-07-30T20:35:33+02:00,6c5d2cbb90599690b07d17d7cea9ca10dd952573e72077819e0f955e419b3426,93e1ef58c0179e5e7c960ed464dd901cf159c094e53cff018021b29a5e756b8c,IA_test_N/0128,True
IA_test_N/0128/untitled.fig,C:\Users\26096\Desktop\em\FP\IA_test_N\0128\untitled.fig,untitled.fig,untitled,.fig,9582,2026-01-28T14:44:38+01:00,2026-07-30T20:35:33+02:00,70aae203e843ecb7706a1d5e87e13a5c992de0072330247ae4e788e2801a5018,,IA_test_N/0128,True
IA_test_N/0129/best_bits_coarse.mat,C:\Users\26096\Desktop\em\FP\IA_test_N\0129\best_bits_coarse.mat,best_bits_coarse.mat,best_bits_coarse,.mat,7838,2026-01-29T19:59:14+01:00,2026-07-30T20:35:33+02:00,1ce1e6d01aa3ff7295be2c0ec25d99ce081f83edcb86a7222a0d239f5e36d768,,IA_test_N/0129,True
IA_test_N/0129/best_result_20260130_025912.mat,C:\Users\26096\Desktop\em\FP\IA_test_N\0129\best_result_20260130_025912.mat,best_result_20260130_025912.mat,best_result_20260130_025912,.mat,8122,2026-01-29T19:59:14+01:00,2026-07-30T20:35:33+02:00,d483a046443024f409837e6f936104421ffddc576e28bae253abd83e81179344,7ade2c209fae6299acfbee546e7fcebe9e777e3b5d8407e4584488d5fd355f0c,IA_test_N/0129,True
IA_test_N/0129/untitled.fig,C:\Users\26096\Desktop\em\FP\IA_test_N\0129\untitled.fig,untitled.fig,untitled,.fig,9398,2026-01-30T01:30:04+01:00,2026-07-30T20:35:33+02:00,b5365d206b70ab85f580076770739618afd366fc73a0ef9f8c2a72d2bfbebbc7,,IA_test_N/0129,True
IA_test_N/0201/best_bits_coarse.mat,C:\Users\26096\Desktop\em\FP\IA_test_N\0201\best_bits_coarse.mat,best_bits_coarse.mat,best_bits_coarse,.mat,7841,2026-02-01T08:10:26+01:00,2026-07-30T20:35:33+02:00,7974fc986cbdcc349f7e3f47c82c747911763608ad867569cee0bd5a83d87b0d,,IA_test_N/0201,True
IA_test_N/0201/best_result_20260201_151024.mat,C:\Users\26096\Desktop\em\FP\IA_test_N\0201\best_result_20260201_151024.mat,best_result_20260201_151024.mat,best_result_20260201_151024,.mat,8140,2026-02-01T08:10:26+01:00,2026-07-30T20:35:33+02:00,ae4bd8e53d07480908ccf159bfa4d7959df5133540c7fb80b460e72d767f8db4,5d01590202dd0565ad5809e83ea486228e6755da81213643b53da0e586c85804,IA_test_N/0201,True
IA_test_N/0201/untitled.fig,C:\Users\26096\Desktop\em\FP\IA_test_N\0201\untitled.fig,untitled.fig,untitled,.fig,9747,2026-02-01T08:11:10+01:00,2026-07-30T20:35:33+02:00,489554ce5bc40befb8c27ccd241dfa43f6e88fbbd54e2129e19b9a8b5b9bcabd,,IA_test_N/0201,True
IA_test_N/0204 100gen/best_bits_coarse.mat,C:\Users\26096\Desktop\em\FP\IA_test_N\0204 100gen\best_bits_coarse.mat,best_bits_coarse.mat,best_bits_coarse,.mat,7841,2026-02-05T05:39:58+01:00,2026-07-30T20:35:33+02:00,748cdccbcf56712375b8bb0a9fed965b1b72cd9911b41d1eb1b758fc0fbb75f2,,IA_test_N/0204 100gen,True
IA_test_N/0204 100gen/best_result_20260205_123957.mat,C:\Users\26096\Desktop\em\FP\IA_test_N\0204 100gen\best_result_20260205_123957.mat,best_result_20260205_123957.mat,best_result_20260205_123957,.mat,8109,2026-02-05T05:39:58+01:00,2026-07-30T20:35:33+02:00,f3f4fde02f8e8d946e67dd593cb376a7c43345f34d27526f673e2f1541316359,7ad3c6e0a30e35a50e8272ebb542cf84ddc3e3472a0fa82515670ce12b1570f3,IA_test_N/0204 100gen,True
IA_test_N/0204 100gen/model.fem,C:\Users\26096\Desktop\em\FP\IA_test_N\0204 100gen\model.fem,model.fem,model,.fem,151305,2026-02-11T06:12:06+01:00,2026-07-30T20:35:33+02:00,2e99f20b2cf3891c947126afafbd0a6573b9b9dd526e16de81fd2d98cafad4f9,,IA_test_N/0204 100gen,True
IA_test_N/0204 100gen/untitled.fig,C:\Users\26096\Desktop\em\FP\IA_test_N\0204 100gen\untitled.fig,untitled.fig,untitled,.fig,8146,2026-02-05T05:40:30+01:00,2026-07-30T20:35:33+02:00,d8db2bddae5f2cda1cd1a00e2bf24ecc562b473be574af5d335a4475589c35c9,,IA_test_N/0204 100gen,True
免疫算法测试/无电流.png,C:\Users\26096\Desktop\em\FP\免疫算法测试\无电流.png,无电流.png,无电流,.png,234782,2025-11-22T09:37:30+01:00,2026-07-30T20:35:33+02:00,40a7c6ce449beec220460238f60408842e0f85095d62e632c5a17602c8d7267c,0f333ef656b1f46520c4f5493187eb8d56077fd0c0d26d3bd01e094637bce43e,免疫算法测试,True
免疫算法测试/有电流 新.png,C:\Users\26096\Desktop\em\FP\免疫算法测试\有电流 新.png,有电流 新.png,有电流 新,.png,110101,2025-12-01T10:19:34+01:00,2026-07-30T20:35:33+02:00,03500f4fcc49025f9052d772095324dc8889c56c26d4648f0f7b6d3137c83aa9,e8ae58b7f8ded9ac74a9555bfa5ffbef5c16a16d4273d0fd96ea2c1bdf03f0fa,免疫算法测试,True
免疫算法测试/有电流.png,C:\Users\26096\Desktop\em\FP\免疫算法测试\有电流.png,有电流.png,有电流,.png,91582,2025-11-22T09:13:36+01:00,2026-07-30T20:35:33+02:00,fecc91fd4624dae78bb76e4f107bf674c4ecd51ef3332cd3b1325f870d7135eb,4fce6a7dc161deaf1e36641072ff6dcdbf55dbe82376c2903ea388682a4b140d,免疫算法测试,True
免疫算法测试/目标函数.png,C:\Users\26096\Desktop\em\FP\免疫算法测试\目标函数.png,目标函数.png,目标函数,.png,17871,2025-12-01T23:10:26+01:00,2026-07-30T20:35:33+02:00,18f328b90e21de14cde1fbfcf98a631b243ea634e8e7cf6c9519b37198d4b501,7215a5e31a1dc4465c0df3321f5a0e8b256da175176bee64605797f9f52b58ea,免疫算法测试,True
免疫算法测试/结果.png,C:\Users\26096\Desktop\em\FP\免疫算法测试\结果.png,结果.png,结果,.png,79826,2025-12-01T23:08:44+01:00,2026-07-30T20:35:33+02:00,097ff828e35915d120f697f939fa4f3bfc29f1b14e152be909a1ebd22f952d37,3af90685fd52e41d10c26a193ca824f9581da6b84223e51d0d55afa3497de57d,免疫算法测试,True
免疫算法测试/角度.png,C:\Users\26096\Desktop\em\FP\免疫算法测试\角度.png,角度.png,角度,.png,16722,2025-12-01T23:09:48+01:00,2026-07-30T20:35:33+02:00,1e14b5a255f75518a3a894484447775426e911102c3a5636b7f7965962e1b586,53ca87cd36cd1ee22fb4a059fd8a7846446866582e176aa8df0ce2a9253b5574,免疫算法测试,True
免疫算法测试/01.13/best fem.png,C:\Users\26096\Desktop\em\FP\免疫算法测试\01.13\best fem.png,best fem.png,best fem,.png,602133,2026-01-20T07:09:08+01:00,2026-07-30T20:35:33+02:00,0fe69c7414bede096951d76dc35e04270cffea11c06c11c4e48dbad240f4d2aa,,免疫算法测试/01.13,True
免疫算法测试/01.13/best group4.fig,C:\Users\26096\Desktop\em\FP\免疫算法测试\01.13\best group4.fig,best group4.fig,best group4,.fig,9064,2026-01-12T05:31:44+01:00,2026-07-30T20:35:33+02:00,14d58b02ebbebe8e66c30207047fc1192326fa428eaebc9f790c43d06bae4bd6,,免疫算法测试/01.13,True
免疫算法测试/01.13/best.png,C:\Users\26096\Desktop\em\FP\免疫算法测试\01.13\best.png,best.png,best,.png,9738,2026-01-12T05:32:26+01:00,2026-07-30T20:35:33+02:00,8dbc3adb5718d3227a3f9a3240e09ffa3242aacfbd7286cfaea9d70cd49135f2,de2b1091aad5741f864f8106a84da1a2aa8a9375844ee7dd3df45f3be85bf1b3,免疫算法测试/01.13,True
免疫算法测试/01.13/best_J0.080216_20260109_165414.fem,C:\Users\26096\Desktop\em\FP\免疫算法测试\01.13\best_J0.080216_20260109_165414.fem,best_J0.080216_20260109_165414.fem,best_J0.080216_20260109_165414,.fem,151840,2026-01-09T09:54:30+01:00,2026-07-30T20:35:33+02:00,68c521805b75b363befcec9b70c30c333ffeb849a9a4749c7368d8f039dd94c0,0c31a08c68e1c3d223964512df8be96e9ee7511f615b4b7fed3000317b4fc6ca,免疫算法测试/01.13,True
免疫算法测试/01.13/blank 18x10.png,C:\Users\26096\Desktop\em\FP\免疫算法测试\01.13\blank 18x10.png,blank 18x10.png,blank 18x10,.png,220779,2026-01-20T07:12:58+01:00,2026-07-30T20:35:33+02:00,2cc8152c2259e7781453e01f356175dd8c7a0331e0e46930ca0f0cf150f62abc,,免疫算法测试/01.13,True
免疫算法测试/01.13/seed_bits_fine.ans,C:\Users\26096\Desktop\em\FP\免疫算法测试\01.13\seed_bits_fine.ans,seed_bits_fine.ans,seed_bits_fine,.ans,0,2026-01-12T04:19:26+01:00,2026-07-30T20:35:34+02:00,5feceb66ffc86f38d952786c6d696c79c2dbc239dd4e91b46729d73a27fb57e9,e3b0c44298fc1c149afbf4c8996fb92427ae41e4649b934ca495991b7852b855,免疫算法测试/01.13,True
免疫算法测试/01.13/seed_bits_fine.FEM,C:\Users\26096\Desktop\em\FP\免疫算法测试\01.13\seed_bits_fine.FEM,seed_bits_fine.FEM,seed_bits_fine,.fem,133830,2026-01-12T04:18:32+01:00,2026-07-30T20:35:34+02:00,bee08d3637c83d9983cf3be8e617ef829bb10326f47a5a511cf315e90c9201f1,44e93eced8ff6b7a3460feec813c01a1fe4f7e6d5a97eb2edd2bd7484ca40d79,免疫算法测试/01.13,True
免疫算法测试/01.13/seed_fine femm.png,C:\Users\26096\Desktop\em\FP\免疫算法测试\01.13\seed_fine femm.png,seed_fine femm.png,seed_fine femm,.png,518502,2026-01-20T07:11:28+01:00,2026-07-30T20:35:34+02:00,043e2b952ec31a57ebbaa5e5ba4dc4e85c66e93a41e1fddb618d6d4aadf29129,,免疫算法测试/01.13,True
免疫算法测试/01.13/seed_fine.fig,C:\Users\26096\Desktop\em\FP\免疫算法测试\01.13\seed_fine.fig,seed_fine.fig,seed_fine,.fig,8800,2026-01-12T05:21:06+01:00,2026-07-30T20:35:34+02:00,ecb5975688c4e2fa29c2c373f489463f5ae94ab5e679b2965ce8a4ace082f087,,免疫算法测试/01.13,True
免疫算法测试/01.13/seed_fine.png,C:\Users\26096\Desktop\em\FP\免疫算法测试\01.13\seed_fine.png,seed_fine.png,seed_fine,.png,9893,2026-01-12T05:21:36+01:00,2026-07-30T20:35:34+02:00,d0505232a0f87f1d25d5f69d263483993fd3f1596a5611484436fc64c2c83fd3,d3e40e3d2a328f3ca9d92b1a6530748eda9d53d0967c298a76cc78ffe7b47314,免疫算法测试/01.13,True
免疫算法测试/01.13/StrukturFemm femm.png,C:\Users\26096\Desktop\em\FP\免疫算法测试\01.13\StrukturFemm femm.png,StrukturFemm femm.png,StrukturFemm femm,.png,105214,2026-01-20T07:10:54+01:00,2026-07-30T20:35:34+02:00,9d7f7e460a29082b3db8e5ebe6b160d03160b7b17bb9f1714bf80ee9405f98e5,,免疫算法测试/01.13,True
免疫算法测试/01.13/strukturFemm.ans,C:\Users\26096\Desktop\em\FP\免疫算法测试\01.13\strukturFemm.ans,strukturFemm.ans,strukturFemm,.ans,1355959,2026-01-01T04:02:38+01:00,2026-07-30T20:35:34+02:00,1024eaff8ebc009b50f337df2727b33f5bab8644220179ccb58a59b579114f86,e399528b324535154efde27aad5fe85d0aa3e1eee10949ac2c0fec79ecdfc3d5,免疫算法测试/01.13,True
免疫算法测试/01.13/strukturFemm.fem,C:\Users\26096\Desktop\em\FP\免疫算法测试\01.13\strukturFemm.fem,strukturFemm.fem,strukturFemm,.fem,20757,2026-01-12T04:25:52+01:00,2026-07-30T20:35:34+02:00,7ba5f8d78376c6fe0579283556a1957d8a341ab302607355069f8c5075264fbe,,免疫算法测试/01.13,True
免疫算法测试/01.13/StrukturFemm.fig,C:\Users\26096\Desktop\em\FP\免疫算法测试\01.13\StrukturFemm.fig,StrukturFemm.fig,StrukturFemm,.fig,8033,2026-01-12T04:26:26+01:00,2026-07-30T20:35:34+02:00,758f116657d0c3cd6b492b4fb18b96113861e68901b6617ccb97d19e8ce07484,,免疫算法测试/01.13,True
免疫算法测试/01.13/StrukturFemm.png,C:\Users\26096\Desktop\em\FP\免疫算法测试\01.13\StrukturFemm.png,StrukturFemm.png,StrukturFemm,.png,9813,2026-01-12T04:27:08+01:00,2026-07-30T20:35:34+02:00,b5b5be02e6ca3294cbf4fc8848d7323f3fb86ae4bd8ab0a96952add880db679d,e8c0d79043c59315004e62a1e3d14fb1beee3a8ae646dbdab28d53ec1e0c4699,免疫算法测试/01.13,True
免疫算法测试/02.21/屏幕截图 2026-02-21 120041.png,C:\Users\26096\Desktop\em\FP\免疫算法测试\02.21\屏幕截图 2026-02-21 120041.png,屏幕截图 2026-02-21 120041.png,屏幕截图 2026-02-21 120041,.png,10669,2026-02-21T05:01:10+01:00,2026-07-30T20:35:34+02:00,ead620413486262d3a1d265c9d832740e49b76f254a8e5b8e6ba5b0a17cfb19d,,免疫算法测试/02.21,True
免疫算法测试/02.24/新建 DOCX 文档.docx,C:\Users\26096\Desktop\em\FP\免疫算法测试\02.24\新建 DOCX 文档.docx,新建 DOCX 文档.docx,新建 DOCX 文档,.docx,0,2026-02-24T09:43:24+01:00,2026-07-30T20:35:34+02:00,5feceb66ffc86f38d952786c6d696c79c2dbc239dd4e91b46729d73a27fb57e9,e3b0c44298fc1c149afbf4c8996fb92427ae41e4649b934ca495991b7852b855,免疫算法测试/02.24,True
免疫算法测试/03.10/best_J0.0924955_20260306_174158.fem,C:\Users\26096\Desktop\em\FP\免疫算法测试\03.10\best_J0.0924955_20260306_174158.fem,best_J0.0924955_20260306_174158.fem,best_J0.0924955_20260306_174158,.fem,158863,2026-03-06T17:42:10+01:00,2026-07-30T20:35:34+02:00,f71fc18073aefec796d23d54f57a05682ad3094475789dcf5f8bf17cec7c1333,9cbb27b37ed00188348bf9d1031fd1efbfe589ef4f971cc9f07c58d878740bb0,免疫算法测试/03.10,True
免疫算法测试/03.10/group A 100gen.png,C:\Users\26096\Desktop\em\FP\免疫算法测试\03.10\group A 100gen.png,group A 100gen.png,group A 100gen,.png,9738,2026-01-12T05:32:26+01:00,2026-07-30T20:35:34+02:00,8dbc3adb5718d3227a3f9a3240e09ffa3242aacfbd7286cfaea9d70cd49135f2,de2b1091aad5741f864f8106a84da1a2aa8a9375844ee7dd3df45f3be85bf1b3,免疫算法测试/03.10,True
免疫算法测试/03.10/group float 1000gen.png,C:\Users\26096\Desktop\em\FP\免疫算法测试\03.10\group float 1000gen.png,group float 1000gen.png,group float 1000gen,.png,11423,2026-03-09T20:42:26+01:00,2026-07-30T20:35:34+02:00,37f6d90495842c5a974c99b7dd028ef93e20683c3abfe40b11a12b08e9802261,,免疫算法测试/03.10,True
免疫算法测试/03.10/group float 100gen.png,C:\Users\26096\Desktop\em\FP\免疫算法测试\03.10\group float 100gen.png,group float 100gen.png,group float 100gen,.png,11748,2026-03-09T20:31:34+01:00,2026-07-30T20:35:34+02:00,796e1dd2c3728bb4d5874e2bd163afafc34a226df4ad6c2b8a51d34885ad9163,,免疫算法测试/03.10,True
免疫算法测试/03.10/group N 100gen.png,C:\Users\26096\Desktop\em\FP\免疫算法测试\03.10\group N 100gen.png,group N 100gen.png,group N 100gen,.png,11670,2026-03-09T21:09:14+01:00,2026-07-30T20:35:34+02:00,c9bfa32b6f9316e11619f56d03af0691e072f6bfb2620df0c0bd2d1078f9da7e,,免疫算法测试/03.10,True
免疫算法测试/03.10/seed_fine.png,C:\Users\26096\Desktop\em\FP\免疫算法测试\03.10\seed_fine.png,seed_fine.png,seed_fine,.png,9893,2026-01-12T05:21:36+01:00,2026-07-30T20:35:34+02:00,d0505232a0f87f1d25d5f69d263483993fd3f1596a5611484436fc64c2c83fd3,d3e40e3d2a328f3ca9d92b1a6530748eda9d53d0967c298a76cc78ffe7b47314,免疫算法测试/03.10,True
免疫算法测试/03.10/StrukturFemm.png,C:\Users\26096\Desktop\em\FP\免疫算法测试\03.10\StrukturFemm.png,StrukturFemm.png,StrukturFemm,.png,9813,2026-01-12T04:27:08+01:00,2026-07-30T20:35:34+02:00,b5b5be02e6ca3294cbf4fc8848d7323f3fb86ae4bd8ab0a96952add880db679d,e8c0d79043c59315004e62a1e3d14fb1beee3a8ae646dbdab28d53ec1e0c4699,免疫算法测试/03.10,True
免疫算法测试/03.10/torque_table_word.docx,C:\Users\26096\Desktop\em\FP\免疫算法测试\03.10\torque_table_word.docx,torque_table_word.docx,torque_table_word,.docx,27969,2026-03-09T21:12:20+01:00,2026-07-30T20:35:34+02:00,45554132cec9213f5c26fb2e46135ab58d292e35fa89060eff1f15e717449525,20acbaa215122dfe2adb38883a0223ca4caf35643a9c65758730dfe46304dac9,免疫算法测试/03.10,True
免疫算法测试/03.10/~$rque_table_word.docx,C:\Users\26096\Desktop\em\FP\免疫算法测试\03.10\~$rque_table_word.docx,~$rque_table_word.docx,~$rque_table_word,.docx,162,2026-03-10T01:14:14+01:00,2026-07-30T20:35:34+02:00,a3e7ee3cb1d774d0886f34a4fffc2d9619f6ce63e6dd2889e57c1c925a4e1f02,,免疫算法测试/03.10,True
免疫算法测试/0317/groupF_1000gen_block.fem,C:\Users\26096\Desktop\em\FP\免疫算法测试\0317\groupF_1000gen_block.fem,groupF_1000gen_block.fem,groupF_1000gen_block,.fem,162873,2026-03-17T00:28:40+01:00,2026-07-30T20:35:34+02:00,50417130fc56eb50fe717d1375a878c664ec721e64838b5b1e01628613746078,,免疫算法测试/0317,True
免疫算法测试/0317/groupN_100gen_block.fem,C:\Users\26096\Desktop\em\FP\免疫算法测试\0317\groupN_100gen_block.fem,groupN_100gen_block.fem,groupN_100gen_block,.fem,169661,2026-03-17T00:20:20+01:00,2026-07-30T20:35:34+02:00,2f1fa596a34904e9d2096cb623403f2a5fd29cc3069307eca62544ea272516df,,免疫算法测试/0317,True
免疫算法测试/0414/groupF 1000gen.fem,C:\Users\26096\Desktop\em\FP\免疫算法测试\0414\groupF 1000gen.fem,groupF 1000gen.fem,groupF 1000gen,.fem,168374,2026-04-12T22:22:26+02:00,2026-07-30T20:35:34+02:00,d7e41a2a3b0ce4371a02dec06c48b2c7bcb06cd876ba2f2372f697b5887083c5,,免疫算法测试/0414,True
免疫算法测试/0414/groupF 1000gen.png,C:\Users\26096\Desktop\em\FP\免疫算法测试\0414\groupF 1000gen.png,groupF 1000gen.png,groupF 1000gen,.png,11628,2026-04-12T22:21:54+02:00,2026-07-30T20:35:34+02:00,c99c0b307ec558da2b7c0f177bcea244a10b1fe531908421a14b1230945b9af1,,免疫算法测试/0414,True
免疫算法测试/0414/groupN 100gen.fem,C:\Users\26096\Desktop\em\FP\免疫算法测试\0414\groupN 100gen.fem,groupN 100gen.fem,groupN 100gen,.fem,177835,2026-04-13T22:45:38+02:00,2026-07-30T20:35:34+02:00,45786011642ac5e410e18970550b6ac55b52d252390a798903c8170f7a458514,,免疫算法测试/0414,True
免疫算法测试/0414/groupN 100gen.png,C:\Users\26096\Desktop\em\FP\免疫算法测试\0414\groupN 100gen.png,groupN 100gen.png,groupN 100gen,.png,11589,2026-04-13T22:44:16+02:00,2026-07-30T20:35:34+02:00,916e2f3c047edc0e2946bce242e85e2f6e01968efd53c844a06df75dce1bd81a,,免疫算法测试/0414,True
免疫算法测试/0414/torque_table_word.docx,C:\Users\26096\Desktop\em\FP\免疫算法测试\0414\torque_table_word.docx,torque_table_word.docx,torque_table_word,.docx,27969,2026-03-09T21:12:20+01:00,2026-07-30T20:35:34+02:00,45554132cec9213f5c26fb2e46135ab58d292e35fa89060eff1f15e717449525,20acbaa215122dfe2adb38883a0223ca4caf35643a9c65758730dfe46304dac9,免疫算法测试/0414,True
免疫算法测试/0415/4 pdf.pdf,C:\Users\26096\Desktop\em\FP\免疫算法测试\0415\4 pdf.pdf,4 pdf.pdf,4 pdf,.pdf,71218,2026-04-25T23:01:18+02:00,2026-07-30T20:35:34+02:00,c64ee096ab43f5d3315c5e0aa7812a73a23a108b4fd725dd04c8dfb1fc2ab7e6,,免疫算法测试/0415,True
免疫算法测试/0415/EET_Thesis_Word_Vorlage_deutsch.dotx,C:\Users\26096\Desktop\em\FP\免疫算法测试\0415\EET_Thesis_Word_Vorlage_deutsch.dotx,EET_Thesis_Word_Vorlage_deutsch.dotx,EET_Thesis_Word_Vorlage_deutsch,.dotx,114195,2026-04-20T22:18:10+02:00,2026-07-30T20:35:34+02:00,eb77247de008ef3d1b4b03ed7da4da2da5313df4cd038f75bc5fa6f6eb37b2cb,3db6024867fd7c6fcd6ba77b5b528ae036edb0739110d4c09a87f584ddddfd12,免疫算法测试/0415,True
免疫算法测试/0415/group4 100gen.ans,C:\Users\26096\Desktop\em\FP\免疫算法测试\0415\group4 100gen.ans,group4 100gen.ans,group4 100gen,.ans,4509837,2026-05-06T23:46:46+02:00,2026-07-30T20:35:34+02:00,d534ecb1149309974d08909db81b663f39f62e8eb9922cfadf9507ee204157a8,,免疫算法测试/0415,True
免疫算法测试/0415/group4 100gen.fem,C:\Users\26096\Desktop\em\FP\免疫算法测试\0415\group4 100gen.fem,group4 100gen.fem,group4 100gen,.fem,107181,2026-05-06T23:46:12+02:00,2026-07-30T20:35:34+02:00,f2ea79fc950e0dfd40a696f5237264f4ac790401d29569ee2c08b5e7ad7db98c,,免疫算法测试/0415,True
免疫算法测试/0415/group4 color.png,C:\Users\26096\Desktop\em\FP\免疫算法测试\0415\group4 color.png,group4 color.png,group4 color,.png,10751,2026-04-26T19:25:24+02:00,2026-07-30T20:35:34+02:00,5578207a25c225ff7b957924683a0a3ebaa33f4a1579681a8b93a872523773cf,,免疫算法测试/0415,True
免疫算法测试/0415/group4 T.png,C:\Users\26096\Desktop\em\FP\免疫算法测试\0415\group4 T.png,group4 T.png,group4 T,.png,621012,2026-04-25T23:08:46+02:00,2026-07-30T20:35:34+02:00,dfdc189418caa54d1ec2917d81242113f28a6b0bd9ee2598f53578861f31984a,,免疫算法测试/0415,True
免疫算法测试/0415/group4.ase,C:\Users\26096\Desktop\em\FP\免疫算法测试\0415\group4.ase,group4.ase,group4,.ase,31067,2026-04-26T19:25:22+02:00,2026-07-30T20:35:34+02:00,ac9e0b42ace8ac0246649dca305c8a8a50cd31378d5e23ed4491a1222a57d05d,,免疫算法测试/0415,True
免疫算法测试/0415/group4.png,C:\Users\26096\Desktop\em\FP\免疫算法测试\0415\group4.png,group4.png,group4,.png,64994,2026-04-25T23:10:06+02:00,2026-07-30T20:35:34+02:00,6a82404299bc63c9c0fe5d1c501809450b1993a47eec93828763bfe89ea3151f,,免疫算法测试/0415,True
免疫算法测试/0415/groupF 100 color.png,C:\Users\26096\Desktop\em\FP\免疫算法测试\0415\groupF 100 color.png,groupF 100 color.png,groupF 100 color,.png,39206,2026-05-08T22:04:24+02:00,2026-07-30T20:35:34+02:00,a632858f22cb2768c631fd7a0e41d19ada879f84e3d4dfff375e8ecb6acfb9d6,,免疫算法测试/0415,True
免疫算法测试/0415/groupF 100.ase,C:\Users\26096\Desktop\em\FP\免疫算法测试\0415\groupF 100.ase,groupF 100.ase,groupF 100,.ase,111397,2026-05-08T22:04:04+02:00,2026-07-30T20:35:34+02:00,803c724f092b5c33f46b6865ae24de2ce0dfef6776be8da87661708cf38b4f82,,免疫算法测试/0415,True
免疫算法测试/0415/groupF 100.png,C:\Users\26096\Desktop\em\FP\免疫算法测试\0415\groupF 100.png,groupF 100.png,groupF 100,.png,73727,2026-05-08T21:54:22+02:00,2026-07-30T20:35:34+02:00,10064d2d981800f0a612253e34e2da840aa5feb732eb089935a09f8e4bd5d6dc,,免疫算法测试/0415,True
免疫算法测试/0415/groupF 1000gen.ans,C:\Users\26096\Desktop\em\FP\免疫算法测试\0415\groupF 1000gen.ans,groupF 1000gen.ans,groupF 1000gen,.ans,4665334,2026-07-30T18:58:00+02:00,2026-07-30T20:35:34+02:00,dac4d2d5199b02cf97fa902c6a881b122db0a8d3c7f98137810eca4879ee4fb1,,免疫算法测试/0415,True
免疫算法测试/0415/groupF 1000gen.fem,C:\Users\26096\Desktop\em\FP\免疫算法测试\0415\groupF 1000gen.fem,groupF 1000gen.fem,groupF 1000gen,.fem,114896,2026-07-30T18:57:18+02:00,2026-07-30T20:35:34+02:00,0db46fff3c1887df67b4602ae7bf717e3a390f2439f167c0bcd7935d641cda21,,免疫算法测试/0415,True
免疫算法测试/0415/groupF color.png,C:\Users\26096\Desktop\em\FP\免疫算法测试\0415\groupF color.png,groupF color.png,groupF color,.png,14391,2026-04-26T19:26:12+02:00,2026-07-30T20:35:34+02:00,f025ebbe9659f5c62ba1fb65ae108fc805f282abc6a9cd3148a1bba755bc2a66,,免疫算法测试/0415,True
免疫算法测试/0415/groupF T.png,C:\Users\26096\Desktop\em\FP\免疫算法测试\0415\groupF T.png,groupF T.png,groupF T,.png,596471,2026-04-25T23:17:36+02:00,2026-07-30T20:35:34+02:00,99ace80ca3f860a59034e51a76505c16d8b744adad8141818bd836e392ee6650,,免疫算法测试/0415,True
免疫算法测试/0415/groupF.ase,C:\Users\26096\Desktop\em\FP\免疫算法测试\0415\groupF.ase,groupF.ase,groupF,.ase,27879,2026-04-26T19:26:10+02:00,2026-07-30T20:35:34+02:00,040f9db4d81bcc11c310b8f75a86b577d588b6bf48523bc387a93a3de8bae005,,免疫算法测试/0415,True
免疫算法测试/0415/groupF.png,C:\Users\26096\Desktop\em\FP\免疫算法测试\0415\groupF.png,groupF.png,groupF,.png,79237,2026-04-25T23:16:18+02:00,2026-07-30T20:35:34+02:00,dea8a0c4647d9cd2227a75b1b234f893296ab43d85abd9aed187f11a258d939b,,免疫算法测试/0415,True
免疫算法测试/0415/groupN 100gen.ans,C:\Users\26096\Desktop\em\FP\免疫算法测试\0415\groupN 100gen.ans,groupN 100gen.ans,groupN 100gen,.ans,5486209,2026-05-06T23:46:42+02:00,2026-07-30T20:35:34+02:00,3c3de2ed43ed23db4f7abcaaedab92ddd53213e22146f15f544d0c164fdae1d4,,免疫算法测试/0415,True
免疫算法测试/0415/groupN 100gen.fem,C:\Users\26096\Desktop\em\FP\免疫算法测试\0415\groupN 100gen.fem,groupN 100gen.fem,groupN 100gen,.fem,129632,2026-05-06T23:45:46+02:00,2026-07-30T20:35:34+02:00,7a87e6a24823069c551be8c0d8881fb1bed71d49aaaed07db753add66dfcdc28,,免疫算法测试/0415,True
免疫算法测试/0415/groupN 100gen.png,C:\Users\26096\Desktop\em\FP\免疫算法测试\0415\groupN 100gen.png,groupN 100gen.png,groupN 100gen,.png,7429,2026-04-15T20:56:30+02:00,2026-07-30T20:35:34+02:00,101d904ad37b7fdc28636e1ef0976e4d40ef85eb9de019c73caeffb1fa8bb329,,免疫算法测试/0415,True
免疫算法测试/0415/groupN color.png,C:\Users\26096\Desktop\em\FP\免疫算法测试\0415\groupN color.png,groupN color.png,groupN color,.png,15014,2026-04-26T19:25:50+02:00,2026-07-30T20:35:34+02:00,d899cef5e85821145a1a4432285142147b24017f3b0e819ffa423b8cdfc35fb1,,免疫算法测试/0415,True
免疫算法测试/0415/groupN T.png,C:\Users\26096\Desktop\em\FP\免疫算法测试\0415\groupN T.png,groupN T.png,groupN T,.png,639133,2026-04-25T23:14:00+02:00,2026-07-30T20:35:34+02:00,cebb6a7d52dea08272f5fd089bb838071208570c360426967257c2f5e276ecd6,,免疫算法测试/0415,True
免疫算法测试/0415/groupN.ase,C:\Users\26096\Desktop\em\FP\免疫算法测试\0415\groupN.ase,groupN.ase,groupN,.ase,28174,2026-04-26T19:25:46+02:00,2026-07-30T20:35:34+02:00,d91db69e062ae9514a57f827b7e7c03893da7d69d0f07536f9458c5b9c6aa9a0,,免疫算法测试/0415,True
免疫算法测试/0415/groupN.png,C:\Users\26096\Desktop\em\FP\免疫算法测试\0415\groupN.png,groupN.png,groupN,.png,84201,2026-04-25T23:13:02+02:00,2026-07-30T20:35:34+02:00,74cec74219da586174f380eff41151e18b2f43b0a1f0bae55829a12e97adaed3,,免疫算法测试/0415,True
免疫算法测试/0415/方法1流程.png,C:\Users\26096\Desktop\em\FP\免疫算法测试\0415\方法1流程.png,方法1流程.png,方法1流程,.png,198003,2026-04-15T20:46:08+02:00,2026-07-30T20:35:34+02:00,054b0ad899cb45bc7892cae909e1f98b46287419aa754dabddce090d3aa21283,8ded357265860aac82ff780cd9fe3bb97fe37e8992bb2cbfed987d7d67917a83,免疫算法测试/0415,True
免疫算法测试/0415/方法2流程.png,C:\Users\26096\Desktop\em\FP\免疫算法测试\0415\方法2流程.png,方法2流程.png,方法2流程,.png,184739,2026-04-15T20:45:16+02:00,2026-07-30T20:35:34+02:00,5c95866857edbd9fa663c0951d30dcfd9295c2645c89595a4ad662a2bdbc025b,14c4b7ebf316209a84fc8fe5749efb6b1d26353a6e5472bf7fd894dead750d83,免疫算法测试/0415,True
免疫算法测试/0415/超变异示意图.png,C:\Users\26096\Desktop\em\FP\免疫算法测试\0415\超变异示意图.png,超变异示意图.png,超变异示意图,.png,90463,2026-04-20T23:50:28+02:00,2026-07-30T20:35:34+02:00,8cd57883c6acc64f6d93cfae060da6b4ba38944d433b8646a90151140f2dad36,4118725d27ee68dc33930cc209c66ba889a56b6833582f1486a2e5c281499f9b,免疫算法测试/0415,True
免疫算法测试/1组/第三代结果排名.png,C:\Users\26096\Desktop\em\FP\免疫算法测试\1组\第三代结果排名.png,第三代结果排名.png,第三代结果排名,.png,16306,2025-12-01T13:56:12+01:00,2026-07-30T20:35:34+02:00,1ead133a60121ca8f8c61920a68c71477b76d655ec8cd0539ea725b1011787d3,13280e091bdb7f9b22c9f4fd685756423df1f29b536702814a923259a83e2506,免疫算法测试/1组,True
免疫算法测试/1组/结果.png,C:\Users\26096\Desktop\em\FP\免疫算法测试\1组\结果.png,结果.png,结果,.png,12426,2025-12-01T13:55:40+01:00,2026-07-30T20:35:34+02:00,73c6d5b90f0e1c1f4a7c4f7ec41bbd09eb3cc28b4d1d9a1fc17dbbed9aeba021,b5f778d7a0c3de8f65df88eaa0c3693ac9cbbd6b8229e9b07011bf7c3f1f0166,免疫算法测试/1组,True
免疫算法测试/1组/结果图像.png,C:\Users\26096\Desktop\em\FP\免疫算法测试\1组\结果图像.png,结果图像.png,结果图像,.png,131933,2025-12-02T09:22:16+01:00,2026-07-30T20:35:34+02:00,f647e3b41335e5b7aa323de4f306a3eed35ae70509775f0d8956021c9a3df195,f7d81c43fb391dce267d521669c4987cba0b312c31ef5abcc1d959ad03f189ff,免疫算法测试/1组,True
免疫算法测试/1组/角度.png,C:\Users\26096\Desktop\em\FP\免疫算法测试\1组\角度.png,角度.png,角度,.png,17766,2025-12-01T13:49:40+01:00,2026-07-30T20:35:34+02:00,16a61d4a490cd4ca5bb8166661bc0cc469490cb23acfbae4521d9986fb016bc1,106bc5a941d09b257b303f377fe216b63ea0ed1c825bda60ecdf7ad842f2b5b0,免疫算法测试/1组,True
免疫算法测试/CLONALG/ackleyfcn.m,C:\Users\26096\Desktop\em\FP\免疫算法测试\CLONALG\ackleyfcn.m,ackleyfcn.m,ackleyfcn,.m,293,2018-04-05T03:00:44+02:00,2026-07-30T20:35:34+02:00,3955cf116a71ea18e13ebbcd399a0c0970c148985a3055feaeb8d348b2eb28b4,5664a74aae5a86521790a081af346a2d64571a7f37bcbcbd0e277aeca66ee3e9,免疫算法测试/CLONALG,True
免疫算法测试/CLONALG/clonalg.m,C:\Users\26096\Desktop\em\FP\免疫算法测试\CLONALG\clonalg.m,clonalg.m,clonalg,.m,4640,2018-04-26T21:35:14+02:00,2026-07-30T20:35:34+02:00,ac64c83007204319be5ca8e7a873833acff5ca1b94f3e75e14c100927a172419,41a39490abe2161ed9db9a045ea4b9e3f97853fcd4c0aa31d3e8c6b66816876c,免疫算法测试/CLONALG,True
免疫算法测试/CLONALG/crossintrayfcn.m,C:\Users\26096\Desktop\em\FP\免疫算法测试\CLONALG\crossintrayfcn.m,crossintrayfcn.m,crossintrayfcn,.m,324,2018-04-05T03:08:56+02:00,2026-07-30T20:35:34+02:00,cb6b5fa7f4026cc2436d98fb486bb4b09f519a4d70d8fc286c28037f5add2f55,3b52fbb255265f9e2735bdec501d9cbe692c3a61039069fa4c7a132c70163997,免疫算法测试/CLONALG,True
免疫算法测试/CLONALG/dejong1fcn.m,C:\Users\26096\Desktop\em\FP\免疫算法测试\CLONALG\dejong1fcn.m,dejong1fcn.m,dejong1fcn,.m,213,2018-04-05T02:51:34+02:00,2026-07-30T20:35:34+02:00,3ae8af896b1834bbf1e07ca0462de6abf01452702d267f642f6ce67dad7dc4a0,9f859cb8b1e26fbd65c1054354a6ff628518f4e78fb5b6c8ccc658684473f9a1,免疫算法测试/CLONALG,True
免疫算法测试/CLONALG/dropwavefcn.m,C:\Users\26096\Desktop\em\FP\免疫算法测试\CLONALG\dropwavefcn.m,dropwavefcn.m,dropwavefcn,.m,339,2018-04-05T03:08:32+02:00,2026-07-30T20:35:34+02:00,13ccfb5413d474621ca9917e79403c4e68a2bf13d6e7c89355bec549f4516149,829a3249d6140f42186c90fb74c682b66ffa29d1a802f9deec1bc3f3059d4320,免疫算法测试/CLONALG,True
免疫算法测试/CLONALG/eggholderfcn.m,C:\Users\26096\Desktop\em\FP\免疫算法测试\CLONALG\eggholderfcn.m,eggholderfcn.m,eggholderfcn,.m,374,2018-04-05T03:09:24+02:00,2026-07-30T20:35:34+02:00,5eef69d9ab5b592b05f327be1f5797efc3bc8785118c24db07a3adbe94c6a58c,3e6676f177340ece5f6eed09fd7550b0f62c5c01e2a668b3c72405a14eec111c,免疫算法测试/CLONALG,True
免疫算法测试/CLONALG/griewankfcn.m,C:\Users\26096\Desktop\em\FP\免疫算法测试\CLONALG\griewankfcn.m,griewankfcn.m,griewankfcn,.m,265,2018-04-05T03:00:34+02:00,2026-07-30T20:35:34+02:00,d0a9d5250bf676c426da4c12fc2f0789cefca71efb187cc68d6fc6807f8a9f12,a81cb1267ac7d24f96c71c735e937207243aaad3dda9fbad8ac7a8c09cf78a4f,免疫算法测试/CLONALG,True
免疫算法测试/CLONALG/Learning and Optimization Using the Clonal Selection Principle [de Castro & Von Zuben][2002].pdf,C:\Users\26096\Desktop\em\FP\免疫算法测试\CLONALG\Learning and Optimization Using the Clonal Selection Principle [de Castro & Von Zuben][2002].pdf,Learning and Optimization Using the Clonal Selection Principle [de Castro & Von Zuben][2002].pdf,Learning and Optimization Using the Clonal Selection Principle [de Castro & Von Zuben][2002],.pdf,481898,2018-04-20T18:20:06+02:00,2026-07-30T20:35:34+02:00,dc287f493ba876eddccacd803692bb99245d8536b605ab24459175c9233604bc,1147c54c8e9190115f4346042d948295bf7ba509d91c3d525362b72461006a62,免疫算法测试/CLONALG,True
免疫算法测试/CLONALG/rastriginfcn.m,C:\Users\26096\Desktop\em\FP\免疫算法测试\CLONALG\rastriginfcn.m,rastriginfcn.m,rastriginfcn,.m,243,2018-04-05T03:00:16+02:00,2026-07-30T20:35:34+02:00,72fcb433f26423458b2737e53aceaf2c8997c427224bf3a49c621614001ebd7e,4e9d30791b7a01504380af8b684e19831bc9fb80cf5004026c84e54be81c4062,免疫算法测试/CLONALG,True
免疫算法测试/CLONALG/rosenbrockfcn.m,C:\Users\26096\Desktop\em\FP\免疫算法测试\CLONALG\rosenbrockfcn.m,rosenbrockfcn.m,rosenbrockfcn,.m,277,2018-04-05T02:59:34+02:00,2026-07-30T20:35:34+02:00,0c8ef1f534e482275f56cfb6bfabc878a296f90e4e57d27922de635c45c77c1d,2ef985e8577188fd44b36188b21b544a877c77826eb8334b25d05227c2ede6a4,免疫算法测试/CLONALG,True
免疫算法测试/CLONALG/schwefelfcn.m,C:\Users\26096\Desktop\em\FP\免疫算法测试\CLONALG\schwefelfcn.m,schwefelfcn.m,schwefelfcn,.m,280,2018-04-05T03:00:24+02:00,2026-07-30T20:35:34+02:00,509e9c14a752a5b8e6eb9c7b3ee884e6380c80caccdc47f82be2f52fe8b5f398,d26fc6df46c901a87a29a2fa694c8a9de83bc7f4cbdce226bc6e597d19534f51,免疫算法测试/CLONALG,True
免疫算法测试/新建文件夹/temp_airgap_scan.fem,C:\Users\26096\Desktop\em\FP\免疫算法测试\新建文件夹\temp_airgap_scan.fem,temp_airgap_scan.fem,temp_airgap_scan,.fem,55685,2025-12-15T21:20:26+01:00,2026-07-30T20:35:34+02:00,0944b2e796bd80f329a4a8e0a27b297c021eec27e6119bf15bc1a3dca0ef456e,762c5848e98862e3da720229a7a9068c2db48ce2b99ed139cb77ca28bdf9e9f6,免疫算法测试/新建文件夹,True
免疫算法测试/新建文件夹/untitled.fig,C:\Users\26096\Desktop\em\FP\免疫算法测试\新建文件夹\untitled.fig,untitled.fig,untitled,.fig,8554,2025-12-15T21:13:08+01:00,2026-07-30T20:35:34+02:00,bde4a04dcb2582e99384a0820efe9fd25f7396e3efe4f5469603f1f173e19535,18d1d2dd599d38921a4ca8bbac535ca7d0cf0e930eb19300c0c334ed25a7da2b,免疫算法测试/新建文件夹,True
免疫算法测试/新建文件夹/屏幕截图 2025-12-16 041331.png,C:\Users\26096\Desktop\em\FP\免疫算法测试\新建文件夹\屏幕截图 2025-12-16 041331.png,屏幕截图 2025-12-16 041331.png,屏幕截图 2025-12-16 041331,.png,66233,2025-12-15T21:13:54+01:00,2026-07-30T20:35:34+02:00,107ff6324fea926f1f385810a98790e6d3e6ad29da02c6c24ffeae97b66b8ccb,f614f22fa10554f672703c4b29557b41ff53862969ab4d38bd28ac935723dcf5,免疫算法测试/新建文件夹,True
免疫算法测试/新建文件夹/屏幕截图 2025-12-16 041402.png,C:\Users\26096\Desktop\em\FP\免疫算法测试\新建文件夹\屏幕截图 2025-12-16 041402.png,屏幕截图 2025-12-16 041402.png,屏幕截图 2025-12-16 041402,.png,21006,2025-12-15T21:14:18+01:00,2026-07-30T20:35:34+02:00,053476c19e72a1528c8bee3f3d4a30f6fffb3c25c1cd05105e828d3df5d84384,5203e29ae29419434e335cbe4569bfadfb4b0cbf196852c0b5aa8c0778f69209,免疫算法测试/新建文件夹,True
免疫算法测试/设计/blank.FEM,C:\Users\26096\Desktop\em\FP\免疫算法测试\设计\blank.FEM,blank.FEM,blank,.fem,13383,2025-12-13T10:34:58+01:00,2026-07-30T20:35:34+02:00,ad6f4a6818609ff355f1f5a852dff701a684f9a9f18db40c8ca6795d3385d4bf,370d9dbe89a196140a26720892589da8ba9ab6e2f3a7e1c43e63837d80d17bba,免疫算法测试/设计,True
参考资料/10_shiyang-watanabe-2020-topology-optimization-of-rotor-design-in-switched-reluctance-motor-using-immune-algorithm.pdf,C:\Users\26096\Desktop\em\FP\参考资料\10_shiyang-watanabe-2020-topology-optimization-of-rotor-design-in-switched-reluctance-motor-using-immune-algorithm.pdf,10_shiyang-watanabe-2020-topology-optimization-of-rotor-design-in-switched-reluctance-motor-using-immune-algorithm.pdf,10_shiyang-watanabe-2020-topology-optimization-of-rotor-design-in-switched-reluctance-motor-using-immune-algorithm,.pdf,483241,2025-11-02T21:09:48+01:00,2026-07-30T20:35:34+02:00,a976704ef50de1210a7699a4b6935d9ed679a8ff193e9fbb711f9b62b72ff2cc,bcc689b0154ce5a2b01b9d6b4167f43e9948b7b1b466a9dcfd79d7a4b33098e3,参考资料,True
参考资料/1_Stator_teeth_shape_design_for_torque_ripple_reduction_in_surface-mounted_permanent_magnet_synchronous_motor.pdf,C:\Users\26096\Desktop\em\FP\参考资料\1_Stator_teeth_shape_design_for_torque_ripple_reduction_in_surface-mounted_permanent_magnet_synchronous_motor.pdf,1_Stator_teeth_shape_design_for_torque_ripple_reduction_in_surface-mounted_permanent_magnet_synchronous_motor.pdf,1_Stator_teeth_shape_design_for_torque_ripple_reduction_in_surface-mounted_permanent_magnet_synchronous_motor,.pdf,385731,2025-10-24T18:32:26+02:00,2026-07-30T20:35:34+02:00,8973b4cef4b279179ce8cbd3ba5ac3985e0c6b9cb11f13ac5df237ecf1cf305d,b27fce4527c2f19a6f81d573b0cf6431613f2ea030c2a2da454ebfd8e720ae7e,参考资料,True
参考资料/25.11.04.doc,C:\Users\26096\Desktop\em\FP\参考资料\25.11.04.doc,25.11.04.doc,25.11.04,.doc,369664,2025-11-04T00:59:36+01:00,2026-07-30T20:35:34+02:00,65cc66437a4e24c1d47926279d76174eb2f28f5e4ec714579f820fcf216a7051,fcf94f507823047eae44679388134a1eebab1aeedce96bce2f22ad22d6a2f167,参考资料,True
参考资料/2_IET Electric Power Appl - 2018 - Wang - Cogging torque reduction by eccentric structure of teeth in external rotor.pdf,C:\Users\26096\Desktop\em\FP\参考资料\2_IET Electric Power Appl - 2018 - Wang - Cogging torque reduction by eccentric structure of teeth in external rotor.pdf,2_IET Electric Power Appl - 2018 - Wang - Cogging torque reduction by eccentric structure of teeth in external rotor.pdf,2_IET Electric Power Appl - 2018 - Wang - Cogging torque reduction by eccentric structure of teeth in external rotor,.pdf,2713464,2025-10-24T19:16:06+02:00,2026-07-30T20:35:34+02:00,556719c29a5993a2738ef8d6f6d09d73801079fced0c782b120ea2cf1b6347c0,5bf9514fb76e45fbb804804d7576d23c45f575448b3b2b3b8c3a90e5500750dc,参考资料,True
参考资料/3_1601137(GA 转子).pdf,C:\Users\26096\Desktop\em\FP\参考资料\3_1601137(GA 转子).pdf,3_1601137(GA 转子).pdf,3_1601137(GA 转子),.pdf,968636,2025-10-24T19:38:40+02:00,2026-07-30T20:35:34+02:00,e95993380326acf9ad94a12ae1f8bfaaa13d65b3d52b58976163d13a843a7fe3,b64f509052551362f53e793a487c9d09f139e611d2b9964fca00a4a79c873c62,参考资料,True
参考资料/4_10_73（定子 IA NGnet）.pdf,C:\Users\26096\Desktop\em\FP\参考资料\4_10_73（定子 IA NGnet）.pdf,4_10_73（定子 IA NGnet）.pdf,4_10_73（定子 IA NGnet）,.pdf,1595197,2025-10-25T18:55:46+02:00,2026-07-30T20:35:34+02:00,1c0dd4d763a3a24bc879c7a49128ea1040114b77d5e03229cde174f7821584d9,eb23ca9bb7875b05d1ba4b12d961ca10ff65a6cf6b2d8860adaf94ededcd3ebf,参考资料,True
参考资料/5_Topology_Optimization_of_the_Stator_for_Minimizing_Cogging_Torque_of_IPM_Motors.pdf,C:\Users\26096\Desktop\em\FP\参考资料\5_Topology_Optimization_of_the_Stator_for_Minimizing_Cogging_Torque_of_IPM_Motors.pdf,5_Topology_Optimization_of_the_Stator_for_Minimizing_Cogging_Torque_of_IPM_Motors.pdf,5_Topology_Optimization_of_the_Stator_for_Minimizing_Cogging_Torque_of_IPM_Motors,.pdf,453994,2025-10-25T19:48:42+02:00,2026-07-30T20:35:34+02:00,4afea62cde85abcb2e4ae27bd654cbddff8065228c3ea5e83995fedd2eb71476,0a9cd97eddcf02a6a2dcd84f2817582e88137232eb26efb7c646916c74b39cc4,参考资料,True
参考资料/6_Optimization_of_Stator_Core_Shape_to_Minimize_Harmonic_Current_in_Surface_Permanent_Magnet_Synchronous_Motor_Using_Topology_Optimization_Algorithm.pdf,C:\Users\26096\Desktop\em\FP\参考资料\6_Optimization_of_Stator_Core_Shape_to_Minimize_Harmonic_Current_in_Surface_Permanent_Magnet_Synchronous_Motor_Using_Topology_Optimization_Algorithm.pdf,6_Optimization_of_Stator_Core_Shape_to_Minimize_Harmonic_Current_in_Surface_Permanent_Magnet_Synchronous_Motor_Using_Topology_Optimization_Algorithm.pdf,6_Optimization_of_Stator_Core_Shape_to_Minimize_Harmonic_Current_in_Surface_Permanent_Magnet_Synchronous_Motor_Using_Topology_Optimization_Algorithm,.pdf,897893,2025-10-26T19:09:38+01:00,2026-07-30T20:35:34+02:00,a28ec7f2359be48e7889f5fcdfdca6d8f4dacf5e88c81284c6986d2b032c0e46,45ae10fbe043662570458a65a02eaa32a0caf585eebf0cf950871feef3a0056c,参考资料,True
参考资料/7_70041.pdf,C:\Users\26096\Desktop\em\FP\参考资料\7_70041.pdf,7_70041.pdf,7_70041,.pdf,292988,2025-11-02T21:11:06+01:00,2026-07-30T20:35:34+02:00,e6c7ed539c41f6192ac66aad0b1bc8120ec7d73c9f78ec6790631d2d152b1802,2ff3d1e5e001b237aa84682ecfba75d9443c3754762e72a4ea30bcc8292baf49,参考资料,True
参考资料/8_multimaterial-topology-optimization-of-electric-machines-4037b933z5.pdf,C:\Users\26096\Desktop\em\FP\参考资料\8_multimaterial-topology-optimization-of-electric-machines-4037b933z5.pdf,8_multimaterial-topology-optimization-of-electric-machines-4037b933z5.pdf,8_multimaterial-topology-optimization-of-electric-machines-4037b933z5,.pdf,345441,2025-11-02T21:11:26+01:00,2026-07-30T20:35:34+02:00,08cec473232a9e1a5ddc2f57537c73d97f09d519604c6455bde34aad488e84af,6ae53fcb97841f3c6851add1e18646ce7349a0d41b9ecc75967c6c6e510b31a7,参考资料,True
参考资料/9_PC-A1-17-2037d94.pdf,C:\Users\26096\Desktop\em\FP\参考资料\9_PC-A1-17-2037d94.pdf,9_PC-A1-17-2037d94.pdf,9_PC-A1-17-2037d94,.pdf,781350,2025-11-02T21:10:28+01:00,2026-07-30T20:35:34+02:00,2d276514bad533ff7d499ef6f13a16974fe07afa977b2880faae30a6ccb0f752,f206d5694dd32e9c53398b873253b30001b5796f8a218a3d18057250ddd9d106,参考资料,True
参考资料/Design_Solutions_for_Reducing_the_Cogging_Torque_o.pdf,C:\Users\26096\Desktop\em\FP\参考资料\Design_Solutions_for_Reducing_the_Cogging_Torque_o.pdf,Design_Solutions_for_Reducing_the_Cogging_Torque_o.pdf,Design_Solutions_for_Reducing_the_Cogging_Torque_o,.pdf,813858,2025-10-25T12:17:50+02:00,2026-07-30T20:35:34+02:00,0c009868e01a7684bda0bd9fe1328e6443aa42d27618cd3ee0f610e67e5cf4a6,92f15eb24270a712cd44bdc54af26af45abbcc310d42cdf05f33c49fb5bb833e,参考资料,True
参考资料/PMSM.png,C:\Users\26096\Desktop\em\FP\参考资料\PMSM.png,PMSM.png,PMSM,.png,154780,2025-10-27T18:27:16+01:00,2026-07-30T20:35:34+02:00,545a68d2269febdaba9a45712f8419f51b333477ce7489dc9df3606165a4f737,57d5aedc6493e81475ce77010b06e6b2aad4214502a23be20e82f4fcf84dd256,参考资料,True
参考资料/PMSM2.png,C:\Users\26096\Desktop\em\FP\参考资料\PMSM2.png,PMSM2.png,PMSM2,.png,209745,2025-10-27T19:21:46+01:00,2026-07-30T20:35:34+02:00,6f65cf8db335d6cb6bd86cd487e3d5be83584d92504f511f525f1ef80180fa5a,2fefae196034773bda7b615337651b75bfd3a09d9b07caacac7e6d97af280b4f,参考资料,True
参考资料/s2.0-S0196890411002792-main.pdf,C:\Users\26096\Desktop\em\FP\参考资料\s2.0-S0196890411002792-main.pdf,s2.0-S0196890411002792-main.pdf,s2.0-S0196890411002792-main,.pdf,1051394,2025-10-25T19:29:04+02:00,2026-07-30T20:35:34+02:00,50f6fa43ba750465f7d11ea59287303d7150eca9ec1b6f3096568af324e2b1dc,19f67c43c2fa707272d10f5690c1e5ed4bc9c779e178c258df4e394c1ce30a58,参考资料,True
参考资料/Siemens电机数据（带转矩脉动）.pdf,C:\Users\26096\Desktop\em\FP\参考资料\Siemens电机数据（带转矩脉动）.pdf,Siemens电机数据（带转矩脉动）.pdf,Siemens电机数据（带转矩脉动）,.pdf,113527,2025-11-03T22:34:58+01:00,2026-07-30T20:35:34+02:00,c9eef95b654680d4dcb70fa52183acca0cd4b6366a9e4cb423adc6ae7282fca6,e57ce12ae0095656033ab7d8d2a3b7fdb31705b2674a6f552f8e26d865b92d38,参考资料,True
参考资料/v2-bce9fca83a63bfc77d3022c03d60b595_1440w.jpg,C:\Users\26096\Desktop\em\FP\参考资料\v2-bce9fca83a63bfc77d3022c03d60b595_1440w.jpg,v2-bce9fca83a63bfc77d3022c03d60b595_1440w.jpg,v2-bce9fca83a63bfc77d3022c03d60b595_1440w,.jpg,111517,2025-10-27T19:09:02+01:00,2026-07-30T20:35:34+02:00,2855d3480a30311eb0fd3b28ba097679ed92807b2fd283d36b509e8626d58378,224b599f489c064b60ac346b7aebcfdce2834dbdea091e034b923c45cba888d6,参考资料,True
参考资料/屏幕截图 2025-10-27 190954.png,C:\Users\26096\Desktop\em\FP\参考资料\屏幕截图 2025-10-27 190954.png,屏幕截图 2025-10-27 190954.png,屏幕截图 2025-10-27 190954,.png,724559,2025-10-27T19:10:00+01:00,2026-07-30T20:35:34+02:00,eb81814a1475593825d2524cdf2923acda89a7e9bd824d79107e3cee360e66dd,b4c4be61d78881e6aeea45a26255d766c68fe7cc67990ee6b044c7915d3e41bf,参考资料,True
参考资料/论文总结.doc,C:\Users\26096\Desktop\em\FP\参考资料\论文总结.doc,论文总结.doc,论文总结,.doc,2849280,2025-10-27T19:48:04+01:00,2026-07-30T20:35:34+02:00,62e9b4dfa758c3d4dad1102ec33a65de3371e9c9ea5e4ae046692a2688103297,8a92949fdb9d7edb734e9d5db4a1d3ec05567c7500dece29ce49ea3f7753917c,参考资料,True
参考资料/论文总结.pdf,C:\Users\26096\Desktop\em\FP\参考资料\论文总结.pdf,论文总结.pdf,论文总结,.pdf,2414676,2025-10-27T19:53:10+01:00,2026-07-30T20:35:34+02:00,dc63c7c306d4d28df6d14911a99966828c3a969ccd3abf76954337e0048337f2,0453d31b556e0ef732ebe3b442258cdfef4be4629c462267cc3c9b7f1f6b370b,参考资料,True
参考资料/论文总结2.doc,C:\Users\26096\Desktop\em\FP\参考资料\论文总结2.doc,论文总结2.doc,论文总结2,.doc,69120,2025-11-03T22:03:44+01:00,2026-07-30T20:35:34+02:00,aeb55246317037c570eae0c2dd9d60fbb0a8e8fcb607869ae5705546ad919cf3,c1316897e66e5224669de3be272616c8fc9205fdb45dd74e2e1ca84f1953d406,参考资料,True
论文/blank.png,C:\Users\26096\Desktop\em\FP\论文\blank.png,blank.png,blank,.png,39590,2026-05-02T22:11:12+02:00,2026-07-30T20:35:34+02:00,adef1cb2bbaad61e45ba5b44a70bd596a40c72f9cc7c444bfec8afc50fac781f,,论文,True
论文/blank18x10.png,C:\Users\26096\Desktop\em\FP\论文\blank18x10.png,blank18x10.png,blank18x10,.png,225798,2026-01-31T08:51:48+01:00,2026-07-30T20:35:34+02:00,4b5e85b53bdc63b39158b26a8ff0811a0010e90a2418536e9ca29e1ba81a0188,,论文,True
论文/EET_Thesis_Word_Vorlage_deutsch.docx,C:\Users\26096\Desktop\em\FP\论文\EET_Thesis_Word_Vorlage_deutsch.docx,EET_Thesis_Word_Vorlage_deutsch.docx,EET_Thesis_Word_Vorlage_deutsch,.docx,114949,2026-04-21T22:09:34+02:00,2026-07-30T20:35:34+02:00,6aa08b6082f3ce417323d9ef170c617043e256701c78578094c9978973c62f3e,,论文,True
论文/EET_Thesis_Word_Vorlage_deutsch.dotx,C:\Users\26096\Desktop\em\FP\论文\EET_Thesis_Word_Vorlage_deutsch.dotx,EET_Thesis_Word_Vorlage_deutsch.dotx,EET_Thesis_Word_Vorlage_deutsch,.dotx,114195,2026-04-20T22:18:10+02:00,2026-07-30T20:35:34+02:00,eb77247de008ef3d1b4b03ed7da4da2da5313df4cd038f75bc5fa6f6eb37b2cb,3db6024867fd7c6fcd6ba77b5b528ae036edb0739110d4c09a87f584ddddfd12,论文,True
论文/pareto.aseprite,C:\Users\26096\Desktop\em\FP\论文\pareto.aseprite,pareto.aseprite,pareto,.aseprite,1288,2026-04-28T23:04:42+02:00,2026-07-30T20:35:34+02:00,bfcbd6aa8bf30a119cbf2dc004e0d634ba14150bfe0ebab50cb845a479d5a137,,论文,True
论文/pareto.drawio,C:\Users\26096\Desktop\em\FP\论文\pareto.drawio,pareto.drawio,pareto,.drawio,13155,2026-04-28T23:31:16+02:00,2026-07-30T20:35:34+02:00,c688d1c3df1900caabeeb4ee46f7954f38c03dcde48da2acdce6d0bcbfebf6be,,论文,True
论文/pareto.drawio (4).png,C:\Users\26096\Desktop\em\FP\论文\pareto.drawio (4).png,pareto.drawio (4).png,pareto.drawio (4),.png,84380,2026-04-28T23:32:00+02:00,2026-07-30T20:35:34+02:00,dccc2e141a8a32bbbd790a671c5ebf47cc8c3ac76f510f136aeedfe5097d6a07,,论文,True
论文/pareto.png,C:\Users\26096\Desktop\em\FP\论文\pareto.png,pareto.png,pareto,.png,1368,2026-04-28T23:04:46+02:00,2026-07-30T20:35:34+02:00,041acc5078a604b7ad85e1443231c282945ff890af0bc45de98a9f80f83db3f1,,论文,True
论文/strukturFemm.png,C:\Users\26096\Desktop\em\FP\论文\strukturFemm.png,strukturFemm.png,strukturFemm,.png,101451,2026-01-31T06:17:10+01:00,2026-07-30T20:35:34+02:00,5e4d2e5ae95fb2fb734e85f729e07e50586ffdc36168df317676c73127aea07a,,论文,True
论文/Topologieoptimierung des Stators einer Permanentmagnet Synchronmaschine mithilfe des Immunalgorithmus.pdf,C:\Users\26096\Desktop\em\FP\论文\Topologieoptimierung des Stators einer Permanentmagnet Synchronmaschine mithilfe des Immunalgorithmus.pdf,Topologieoptimierung des Stators einer Permanentmagnet Synchronmaschine mithilfe des Immunalgorithmus.pdf,Topologieoptimierung des Stators einer Permanentmagnet Synchronmaschine mithilfe des Immunalgorithmus,.pdf,1587864,2026-04-29T15:59:52+02:00,2026-07-30T20:35:34+02:00,7ffcc4981f3c691e4d3cee301c7e3b37b40395d6899d46b583fe1fb4f3e45031,,论文,True
论文/免疫算法实现流程的简要总结.docx,C:\Users\26096\Desktop\em\FP\论文\免疫算法实现流程的简要总结.docx,免疫算法实现流程的简要总结.docx,免疫算法实现流程的简要总结,.docx,20411,2026-02-03T11:24:18+01:00,2026-07-30T20:35:34+02:00,f6e0ef6a298eca5c6072d0e3bef1c8e76d9004a992d326d47dc05138bf09be85,,论文,True
论文/方法1流程DE.drawio,C:\Users\26096\Desktop\em\FP\论文\方法1流程DE.drawio,方法1流程DE.drawio,方法1流程DE,.drawio,13021,2026-04-23T21:29:24+02:00,2026-07-30T20:35:34+02:00,c91deb9ec2cce133832331fab56d09f500bc84e2eedecf0f9345c3c0a89d5533,,论文,True
论文/方法1流程DE.drawio (3).png,C:\Users\26096\Desktop\em\FP\论文\方法1流程DE.drawio (3).png,方法1流程DE.drawio (3).png,方法1流程DE.drawio (3),.png,229756,2026-04-29T13:39:22+02:00,2026-07-30T20:35:34+02:00,6a69e388a74e46a03d688d7477a287036983ed3b9d9d3afb579a1174f663fb54,,论文,True
论文/方法1流程拐弯.drawio,C:\Users\26096\Desktop\em\FP\论文\方法1流程拐弯.drawio,方法1流程拐弯.drawio,方法1流程拐弯,.drawio,12535,2026-04-23T14:12:06+02:00,2026-07-30T20:35:34+02:00,c3e006e92c376d9e893e04d19cf87b08c89e2ead1c25db8d2ad0e950ee403af4,,论文,True
论文/方法1示意图DE.drawio (2).png,C:\Users\26096\Desktop\em\FP\论文\方法1示意图DE.drawio (2).png,方法1示意图DE.drawio (2).png,方法1示意图DE.drawio (2),.png,193089,2026-04-29T13:51:50+02:00,2026-07-30T20:35:34+02:00,05f4b71c59d4e79144debf743596bfe58a169b36de4796b4b0d10610b7e8bba4,,论文,True
论文/方法2拐弯流程.drawio,C:\Users\26096\Desktop\em\FP\论文\方法2拐弯流程.drawio,方法2拐弯流程.drawio,方法2拐弯流程,.drawio,11741,2026-04-23T14:19:44+02:00,2026-07-30T20:35:34+02:00,acc227589b47603599880d8780a50949791617e316e299be51cca220364dfff1,,论文,True
论文/方法2流程.drawio,C:\Users\26096\Desktop\em\FP\论文\方法2流程.drawio,方法2流程.drawio,方法2流程,.drawio,11749,2026-04-15T20:46:18+02:00,2026-07-30T20:35:34+02:00,2ab17b10806fe8c494d66677f92e5d35b9a38d6ddd21b5a9594bb3de981e3c5c,,论文,True
论文/方法2流程DE.drawio,C:\Users\26096\Desktop\em\FP\论文\方法2流程DE.drawio,方法2流程DE.drawio,方法2流程DE,.drawio,12131,2026-04-23T21:44:02+02:00,2026-07-30T20:35:34+02:00,eef7143c6c6dec39521eff5dd448b4e7918dcf2916ec89c77af4d91d2550d552,,论文,True
论文/方法2流程DE.drawio (2).png,C:\Users\26096\Desktop\em\FP\论文\方法2流程DE.drawio (2).png,方法2流程DE.drawio (2).png,方法2流程DE.drawio (2),.png,217827,2026-04-29T13:40:50+02:00,2026-07-30T20:35:34+02:00,3174b4e6686e004caa306152f0c0a4f454829d7ded2ab4d17b948079f448eea0,,论文,True
论文/方法2示意图DE.drawio (1).png,C:\Users\26096\Desktop\em\FP\论文\方法2示意图DE.drawio (1).png,方法2示意图DE.drawio (1).png,方法2示意图DE.drawio (1),.png,203999,2026-04-29T13:53:48+02:00,2026-07-30T20:35:34+02:00,94b6b69ae8e6bb2035c987605292e9fe7527fe0ff9015dace443964d24aa2483,,论文,True
论文/种群4流程.drawio,C:\Users\26096\Desktop\em\FP\论文\种群4流程.drawio,种群4流程.drawio,种群4流程,.drawio,12351,2026-04-15T20:46:16+02:00,2026-07-30T20:35:34+02:00,e14ec6f32b5f93935895ded2a4f5788c2f8ed5c67df2e9c263542ff4198d2ef4,,论文,True
论文/结果4.drawio,C:\Users\26096\Desktop\em\FP\论文\结果4.drawio,结果4.drawio,结果4,.drawio,844800,2026-05-08T22:10:28+02:00,2026-07-30T20:35:34+02:00,e1f163ffc5eb270f75e8211bd2df8bde9b0bf2a1e4d022aac95305abb9f75b85,,论文,True
论文/结果4.drawio.png,C:\Users\26096\Desktop\em\FP\论文\结果4.drawio.png,结果4.drawio.png,结果4.drawio,.png,1365436,2026-04-26T20:55:02+02:00,2026-07-30T20:35:34+02:00,18aa5942f8c082b9892640a14d4183a1909d0e16a021242e73ba79bfe9cc5e75,,论文,True
论文/结果F.drawio,C:\Users\26096\Desktop\em\FP\论文\结果F.drawio,结果F.drawio,结果F,.drawio,986865,2026-05-08T22:13:02+02:00,2026-07-30T20:35:34+02:00,67a3ba0b9732215cf146540e9563e84945d2ae839e91bd812fd665d3a7522430,,论文,True
论文/结果F.drawio.png,C:\Users\26096\Desktop\em\FP\论文\结果F.drawio.png,结果F.drawio.png,结果F.drawio,.png,1336480,2026-04-26T20:58:04+02:00,2026-07-30T20:35:34+02:00,08402c6d46ac4dd5514bff28f52fab3836507c10ae3a5b3ba87a2ea4165d5dd0,,论文,True
论文/结果N.drawio,C:\Users\26096\Desktop\em\FP\论文\结果N.drawio,结果N.drawio,结果N,.drawio,870842,2026-05-08T22:32:22+02:00,2026-07-30T20:35:34+02:00,3ec2ab35f611b09a02c49c9632ea69f0ce0781c6e7ac6bc0c026560ff0413575,,论文,True
论文/结果N.drawio.png,C:\Users\26096\Desktop\em\FP\论文\结果N.drawio.png,结果N.drawio.png,结果N.drawio,.png,1423125,2026-04-26T20:56:52+02:00,2026-07-30T20:35:34+02:00,dbd2625d4afa7c3e3f8fd70e59237fbc838a32f5bd39b2a605933f5661183a4e,,论文,True
论文/草稿 中文.docx,C:\Users\26096\Desktop\em\FP\论文\草稿 中文.docx,草稿 中文.docx,草稿 中文,.docx,1712860,2026-04-24T03:02:26+02:00,2026-07-30T20:35:34+02:00,76bfacb9c4f7430948a6ea55908f7302ea97de8957f1ff09ceb6d12ea90950c3,,论文,True
论文/草稿 中文精简版.docx,C:\Users\26096\Desktop\em\FP\论文\草稿 中文精简版.docx,草稿 中文精简版.docx,草稿 中文精简版,.docx,42976,2026-04-29T00:01:16+02:00,2026-07-30T20:35:34+02:00,80c1f7329bd2ad935c27240e93d0d1b4d96bd3688afe62553ed1d3f51f095df1,,论文,True
论文/草稿 德语.docx,C:\Users\26096\Desktop\em\FP\论文\草稿 德语.docx,草稿 德语.docx,草稿 德语,.docx,264622,2026-02-03T10:35:42+01:00,2026-07-30T20:35:34+02:00,4a6482a8290934b8957c435eed959cc6c65b1ff3ebe549ca2d2aea65edc43e83,,论文,True
论文/草稿 德语精简版.docx,C:\Users\26096\Desktop\em\FP\论文\草稿 德语精简版.docx,草稿 德语精简版.docx,草稿 德语精简版,.docx,48495,2026-04-28T21:31:44+02:00,2026-07-30T20:35:34+02:00,9264e2e1a877c4524e26a3ec13c0d491a84c247c1e80aa99516fea5e752524ef,,论文,True
论文/论文草稿 0424.docx,C:\Users\26096\Desktop\em\FP\论文\论文草稿 0424.docx,论文草稿 0424.docx,论文草稿 0424,.docx,844244,2026-04-24T03:02:02+02:00,2026-07-30T20:35:34+02:00,f79b179ce6a078312a60990b551f4066c3b535e3fca9345ad93ae5ee06c44714,,论文,True
论文/论文草稿 0426.docx,C:\Users\26096\Desktop\em\FP\论文\论文草稿 0426.docx,论文草稿 0426.docx,论文草稿 0426,.docx,2304124,2026-04-26T23:17:28+02:00,2026-07-30T20:35:34+02:00,5c4fb031669dfd648ece26cce7b469808dae56c1ec2103734bb36f267ceac755,,论文,True
论文/论文草稿 0426_yw_sj.docx,C:\Users\26096\Desktop\em\FP\论文\论文草稿 0426_yw_sj.docx,论文草稿 0426_yw_sj.docx,论文草稿 0426_yw_sj,.docx,2398621,2026-04-29T00:26:04+02:00,2026-07-30T20:35:34+02:00,5c2aaf40b5e491f33f896e281c7bb508a2ce80a788e617a8425b518e480a3cba,,论文,True
论文/论文草稿0428.docx,C:\Users\26096\Desktop\em\FP\论文\论文草稿0428.docx,论文草稿0428.docx,论文草稿0428,.docx,2380449,2026-04-29T16:00:52+02:00,2026-07-30T20:35:34+02:00,090b2be2c54f8687b29b57ae4167359a10809af69aa7a5180e5dbf4b16970c10,,论文,True
论文/论文草稿0428.pdf,C:\Users\26096\Desktop\em\FP\论文\论文草稿0428.pdf,论文草稿0428.pdf,论文草稿0428,.pdf,1604176,2026-04-29T00:50:18+02:00,2026-07-30T20:35:35+02:00,0af40b46d78b8bf6e3fe87060a8b546497660429937ce6d16c27ff28205a0ec7,,论文,True
论文/论文草稿0429.pdf,C:\Users\26096\Desktop\em\FP\论文\论文草稿0429.pdf,论文草稿0429.pdf,论文草稿0429,.pdf,1584354,2026-04-29T13:56:04+02:00,2026-07-30T20:35:35+02:00,753c3827a9ce5338bcdc6c64e83a055658209ffa058b5a559b54dd32826f1f39,,论文,True
论文/超变异示意图DE.drawio (2).png,C:\Users\26096\Desktop\em\FP\论文\超变异示意图DE.drawio (2).png,超变异示意图DE.drawio (2).png,超变异示意图DE.drawio (2),.png,93301,2026-04-29T13:48:18+02:00,2026-07-30T20:35:35+02:00,b3af84350998a9a96bc2f87ee81d6d77e285f8d404af8d8c4a5573eab493e6dc,,论文,True
论文/ppt/18x10.png,C:\Users\26096\Desktop\em\FP\论文\ppt\18x10.png,18x10.png,18x10,.png,389299,2026-05-08T13:54:04+02:00,2026-07-30T20:35:35+02:00,cd46e22b0767153890fad7b2eb1c235a0fe3e149e5f59d60c7d0f7583b25a550,,论文/ppt,True
论文/ppt/4 100gen T new.png,C:\Users\26096\Desktop\em\FP\论文\ppt\4 100gen T new.png,4 100gen T new.png,4 100gen T new,.png,620038,2026-05-08T15:08:10+02:00,2026-07-30T20:35:35+02:00,162f7b10aff078b3816a61669798b950c375e7eb45c439bc61de9c55df5f7173,,论文/ppt,True
论文/ppt/blank.FEM,C:\Users\26096\Desktop\em\FP\论文\ppt\blank.FEM,blank.FEM,blank,.fem,13260,2026-05-08T13:45:54+02:00,2026-07-30T20:35:35+02:00,75674bbffc1574ed907648579e37c956e0f5967ae5d40be97a349a74b9c41b3d,,论文/ppt,True
论文/ppt/blank_18x10.FEM,C:\Users\26096\Desktop\em\FP\论文\ppt\blank_18x10.FEM,blank_18x10.FEM,blank_18x10,.fem,125079,2026-05-08T13:53:42+02:00,2026-07-30T20:35:35+02:00,b3df4303ec4db9350ffe46145c7f9e800b0f233e0c8aaae49c366ac18b94a52f,,论文/ppt,True
论文/ppt/dis ref.png,C:\Users\26096\Desktop\em\FP\论文\ppt\dis ref.png,dis ref.png,dis ref,.png,271011,2026-05-09T23:28:40+02:00,2026-07-30T20:35:35+02:00,a091c1bc8e2ed9bea5d555d1ca648e02b44b63588f9071ef2407e1cd94fc7924,,论文/ppt,True
论文/ppt/dis referencemodell.fem,C:\Users\26096\Desktop\em\FP\论文\ppt\dis referencemodell.fem,dis referencemodell.fem,dis referencemodell,.fem,71739,2026-05-09T23:26:48+02:00,2026-07-30T20:35:35+02:00,4e424d708b1be73e9673524b4661b444962f2dc4a177ec085a04a109826dd2d1,,论文/ppt,True
论文/ppt/F 1000gen T new.png,C:\Users\26096\Desktop\em\FP\论文\ppt\F 1000gen T new.png,F 1000gen T new.png,F 1000gen T new,.png,705730,2026-05-08T21:49:30+02:00,2026-07-30T20:35:35+02:00,3d2ce3a5cb2521f476a522cbf364caf1d32f54c458b0143067c93e65da3b2a71,,论文/ppt,True
论文/ppt/F 100gen T new.png,C:\Users\26096\Desktop\em\FP\论文\ppt\F 100gen T new.png,F 100gen T new.png,F 100gen T new,.png,533792,2026-05-08T21:53:40+02:00,2026-07-30T20:35:35+02:00,9c8681f2fb96d2abdd47e09531f47058bf6dc4e7f582cff0e239206e1e9390c8,,论文/ppt,True
论文/ppt/group4 100gen.ans,C:\Users\26096\Desktop\em\FP\论文\ppt\group4 100gen.ans,group4 100gen.ans,group4 100gen,.ans,4435804,2026-05-08T15:06:40+02:00,2026-07-30T20:35:35+02:00,21e301c3ad5c6a5643a8d460daae58a93ced6353ea5a3c219329767738d7b8cc,,论文/ppt,True
论文/ppt/group4 100gen.fem,C:\Users\26096\Desktop\em\FP\论文\ppt\group4 100gen.fem,group4 100gen.fem,group4 100gen,.fem,101676,2026-05-08T15:06:08+02:00,2026-07-30T20:35:35+02:00,9ef3d6da4795e24be3ef42143e4cbe936b3c315ae1fd6bee86b2175ad5b0d5f9,,论文/ppt,True
论文/ppt/groupF 1000gen.ans,C:\Users\26096\Desktop\em\FP\论文\ppt\groupF 1000gen.ans,groupF 1000gen.ans,groupF 1000gen,.ans,4649743,2026-05-08T21:46:16+02:00,2026-07-30T20:35:35+02:00,4416012df61ba1033bf011f034f011bb185948c2af08930cebf942e5ff938bd3,,论文/ppt,True
论文/ppt/groupF 1000gen.fem,C:\Users\26096\Desktop\em\FP\论文\ppt\groupF 1000gen.fem,groupF 1000gen.fem,groupF 1000gen,.fem,109351,2026-05-08T21:49:34+02:00,2026-07-30T20:35:35+02:00,4fae8cec0c5419d65bb388c3cc69e0aba5dd6cb3efcd4579106a0e0434718316,,论文/ppt,True
论文/ppt/groupF 100gen.ans,C:\Users\26096\Desktop\em\FP\论文\ppt\groupF 100gen.ans,groupF 100gen.ans,groupF 100gen,.ans,3843002,2026-05-08T21:52:32+02:00,2026-07-30T20:35:35+02:00,f851bc099a7c80949b8620681df3cddc796f1ccca5583e24f4cb14cdddf8d77a,,论文/ppt,True
论文/ppt/groupF 100gen.fem,C:\Users\26096\Desktop\em\FP\论文\ppt\groupF 100gen.fem,groupF 100gen.fem,groupF 100gen,.fem,87318,2026-05-08T21:53:44+02:00,2026-07-30T20:35:35+02:00,8331bfd371f8387b6a98daccc457d468427c60db2688969ecfec5d15a6a346fb,,论文/ppt,True
论文/ppt/groupN 100gen.ans,C:\Users\26096\Desktop\em\FP\论文\ppt\groupN 100gen.ans,groupN 100gen.ans,groupN 100gen,.ans,5601001,2026-05-08T21:41:38+02:00,2026-07-30T20:35:35+02:00,7ddf5c4fd8587a39df68e497e4a8f91c815b7f0b941d2cbd539ac81426d38c82,,论文/ppt,True
论文/ppt/groupN 100gen.fem,C:\Users\26096\Desktop\em\FP\论文\ppt\groupN 100gen.fem,groupN 100gen.fem,groupN 100gen,.fem,124124,2026-05-08T21:42:48+02:00,2026-07-30T20:35:35+02:00,d9b8b0024ff136a86e5c4b06ec25411fc6ad7cd2228f548e8e8e66439e8b23a6,,论文/ppt,True
论文/ppt/N 100gen T new.png,C:\Users\26096\Desktop\em\FP\论文\ppt\N 100gen T new.png,N 100gen T new.png,N 100gen T new,.png,633344,2026-05-08T22:31:42+02:00,2026-07-30T20:35:35+02:00,d1ea0db497be490d086ba21a422614c8477f371db3b650ac7bdd55d74b79946a,,论文/ppt,True
论文/ppt/og2u9-konvergenzverlauf-der-strafbasierten-methode- (1).png,C:\Users\26096\Desktop\em\FP\论文\ppt\og2u9-konvergenzverlauf-der-strafbasierten-methode- (1).png,og2u9-konvergenzverlauf-der-strafbasierten-methode- (1).png,og2u9-konvergenzverlauf-der-strafbasierten-methode- (1),.png,60932,2026-05-09T00:05:08+02:00,2026-07-30T20:35:35+02:00,ee17152d4af1b01e49c57444f6dd1ed2cfaaf3ae393454900c29bb0bcdbe723a,,论文/ppt,True
论文/ppt/PPT 0504_v01_sj.pdf,C:\Users\26096\Desktop\em\FP\论文\ppt\PPT 0504_v01_sj.pdf,PPT 0504_v01_sj.pdf,PPT 0504_v01_sj,.pdf,1366622,2026-05-06T15:15:12+02:00,2026-07-30T20:35:35+02:00,f556dff2ceeb49e8ca811af0a841af7821802dd0b48fbd99a1b323df9f40d139,,论文/ppt,True
论文/ppt/PPT 0506_v02_sj.pdf,C:\Users\26096\Desktop\em\FP\论文\ppt\PPT 0506_v02_sj.pdf,PPT 0506_v02_sj.pdf,PPT 0506_v02_sj,.pdf,1715905,2026-05-08T13:39:48+02:00,2026-07-30T20:35:35+02:00,992cca5e60be5c38c6bf5985e949d1ec34ee610d00923b6238295dcea4ace56d,,论文/ppt,True
论文/ppt/PPT 0511.pptx,C:\Users\26096\Desktop\em\FP\论文\ppt\PPT 0511.pptx,PPT 0511.pptx,PPT 0511,.pptx,9204284,2026-05-11T02:05:24+02:00,2026-07-30T20:35:35+02:00,c01c74b579a24a248857c9a867cec4f6639ee2af7b0035bad7a8bd2a6d8d5253,,论文/ppt,True
论文/ppt/PPT hs.pptx,C:\Users\26096\Desktop\em\FP\论文\ppt\PPT hs.pptx,PPT hs.pptx,PPT hs,.pptx,6500410,2025-07-05T19:21:06+02:00,2026-07-30T20:35:35+02:00,4b4c13d4f7e04be61f9fc36fa5974a20e89f96655dd14d52f9f367992fd23d25,,论文/ppt,True
论文/ppt/strukturFemm.fem,C:\Users\26096\Desktop\em\FP\论文\ppt\strukturFemm.fem,strukturFemm.fem,strukturFemm,.fem,15050,2026-05-08T13:51:38+02:00,2026-07-30T20:35:35+02:00,66fa40f105259a1fa43d10e3d2f44d0a7d0eabe0a1e6c267f66b1dff8b8f5a09,,论文/ppt,True
论文/ppt/免疫算法流程DE.drawio,C:\Users\26096\Desktop\em\FP\论文\ppt\免疫算法流程DE.drawio,免疫算法流程DE.drawio,免疫算法流程DE,.drawio,8362,2026-05-08T14:37:48+02:00,2026-07-30T20:35:35+02:00,68b67f5d8f40b5c57862b6a2295832cc5d523edd97aee33c1fdf4e9a02fa4dd5,,论文/ppt,True
论文/ppt/免疫算法流程DE.drawio (1).png,C:\Users\26096\Desktop\em\FP\论文\ppt\免疫算法流程DE.drawio (1).png,免疫算法流程DE.drawio (1).png,免疫算法流程DE.drawio (1),.png,66427,2026-05-08T14:38:02+02:00,2026-07-30T20:35:35+02:00,68c8f057e58a6b713e720523aa14a195309994c5dcc5f9172b735b68022aa478,,论文/ppt,True
论文/ppt/参考模型.png,C:\Users\26096\Desktop\em\FP\论文\ppt\参考模型.png,参考模型.png,参考模型,.png,143875,2026-05-08T13:51:58+02:00,2026-07-30T20:35:35+02:00,eecdaf72d9c84ede6a8c3119b9609f254b4fc6760a63b7ef9111fbb9e4c42cde,,论文/ppt,True
论文/ppt/扇区复制示意图.aseprite,C:\Users\26096\Desktop\em\FP\论文\ppt\扇区复制示意图.aseprite,扇区复制示意图.aseprite,扇区复制示意图,.aseprite,4104,2026-05-06T23:03:20+02:00,2026-07-30T20:35:35+02:00,c9e54f7f0620853dc9479bea991b7b7b2256e47c55b4b89dc8400294a1fe65a4,,论文/ppt,True
论文/ppt/扇区复制示意图.drawio,C:\Users\26096\Desktop\em\FP\论文\ppt\扇区复制示意图.drawio,扇区复制示意图.drawio,扇区复制示意图,.drawio,273834,2026-05-06T23:09:58+02:00,2026-07-30T20:35:35+02:00,dd3d2eb218d9ae5036f44a920117c1b61b01111b50d262c2bee87ee3515c43ee,,论文/ppt,True
论文/ppt/扇区复制示意图.drawio.png,C:\Users\26096\Desktop\em\FP\论文\ppt\扇区复制示意图.drawio.png,扇区复制示意图.drawio.png,扇区复制示意图.drawio,.png,504922,2026-05-06T23:06:42+02:00,2026-07-30T20:35:35+02:00,bf3334e80379fc9258dd49e4cd705ac92f974dc795645c8fcf1a3a7554246d97,,论文/ppt,True
论文/ppt/扇区复制示意图.png,C:\Users\26096\Desktop\em\FP\论文\ppt\扇区复制示意图.png,扇区复制示意图.png,扇区复制示意图,.png,202511,2026-05-06T22:56:48+02:00,2026-07-30T20:35:35+02:00,ac90b91edca41f8f39bc2a6e3d071c2574254978c522a7be8c0b79f5d4ec42a5,,论文/ppt,True
论文/ppt/扇区复制示意图.sai2,C:\Users\26096\Desktop\em\FP\论文\ppt\扇区复制示意图.sai2,扇区复制示意图.sai2,扇区复制示意图,.sai2,875884,2026-05-06T22:58:34+02:00,2026-07-30T20:35:35+02:00,4ed0f47d4acb75033511b835e30c6e5ec3c97edddc5c863f5e9cccfe6f288177,,论文/ppt,True
论文/ppt/扇区复制示意图15.png,C:\Users\26096\Desktop\em\FP\论文\ppt\扇区复制示意图15.png,扇区复制示意图15.png,扇区复制示意图15,.png,1642,2026-05-06T23:03:16+02:00,2026-07-30T20:35:35+02:00,01cbc5d8f092531cd5ad89725f0274433a6396987f0622f9fa3bc23d0abe7696,,论文/ppt,True
论文/ppt/方法1流程简化DE.drawio.png,C:\Users\26096\Desktop\em\FP\论文\ppt\方法1流程简化DE.drawio.png,方法1流程简化DE.drawio.png,方法1流程简化DE.drawio,.png,117237,2026-05-08T14:43:56+02:00,2026-07-30T20:35:35+02:00,45b7567240d87cbcb197948c0188c24790996a529889ca35aa0d05a62f3f431b,,论文/ppt,True
论文/ppt/方法2流程简化DE.drawio.png,C:\Users\26096\Desktop\em\FP\论文\ppt\方法2流程简化DE.drawio.png,方法2流程简化DE.drawio.png,方法2流程简化DE.drawio,.png,110463,2026-05-08T14:48:46+02:00,2026-07-30T20:35:35+02:00,1dc92fd4903361c917c901f66d96071bb9fea23e99f902a5b4cfd71fab7fb7d5,,论文/ppt,True
论文/ppt/空模型.png,C:\Users\26096\Desktop\em\FP\论文\ppt\空模型.png,空模型.png,空模型,.png,76275,2026-05-08T13:46:20+02:00,2026-07-30T20:35:35+02:00,956c106dc702baa44364ddd066ad8b4f040af2cb708adf8b48c5caf38d82a045,,论文/ppt,True
论文/ppt/结果4.drawio,C:\Users\26096\Desktop\em\FP\论文\ppt\结果4.drawio,结果4.drawio,结果4,.drawio,17755,2026-05-06T23:57:46+02:00,2026-07-30T20:35:35+02:00,52bf15a4bd2c6224c37f6d2962223caf5e0bb50b6b3a0b2ff72b49bb826c5dc5,,论文/ppt,True
论文/ppt/结果4.drawio (3).png,C:\Users\26096\Desktop\em\FP\论文\ppt\结果4.drawio (3).png,结果4.drawio (3).png,结果4.drawio (3),.png,1453087,2026-05-08T22:10:48+02:00,2026-07-30T20:35:35+02:00,af29d61845692ef3d44b99b2ed8b34194e0e8eeb73e5172ca067a737c59664b6,,论文/ppt,True
论文/ppt/结果F 100.drawio,C:\Users\26096\Desktop\em\FP\论文\ppt\结果F 100.drawio,结果F 100.drawio,结果F 100,.drawio,770361,2026-05-08T22:31:50+02:00,2026-07-30T20:35:35+02:00,e3888002f53c6f7e21735ed5295fcd2811edd0208a95a4d835f4781be127a2ea,,论文/ppt,True
论文/ppt/结果F 100.drawio (1).png,C:\Users\26096\Desktop\em\FP\论文\ppt\结果F 100.drawio (1).png,结果F 100.drawio (1).png,结果F 100.drawio (1),.png,1340375,2026-05-08T22:30:38+02:00,2026-07-30T20:35:35+02:00,eeb20227c7f03de41cb73ded5703b9d89010abec76f6e86fb88f2c36b9c63e89,,论文/ppt,True
论文/ppt/结果F.drawio (3).png,C:\Users\26096\Desktop\em\FP\论文\ppt\结果F.drawio (3).png,结果F.drawio (3).png,结果F.drawio (3),.png,1679364,2026-05-08T22:13:08+02:00,2026-07-30T20:35:35+02:00,30def560ff12ed723c5468602d2a2ae9632ba19e2a94f70f423f0eccaf47e349,,论文/ppt,True
论文/ppt/结果N.drawio (5).png,C:\Users\26096\Desktop\em\FP\论文\ppt\结果N.drawio (5).png,结果N.drawio (5).png,结果N.drawio (5),.png,1523417,2026-05-08T22:32:26+02:00,2026-07-30T20:35:35+02:00,1c5211efac5754088cd8d016d92ed825fded51f62d3164ab7dfbdbb4657913a4,,论文/ppt,True
论文/ppt/讲稿.docx,C:\Users\26096\Desktop\em\FP\论文\ppt\讲稿.docx,讲稿.docx,讲稿,.docx,39269,2026-05-12T02:32:26+02:00,2026-07-30T20:35:35+02:00,5643770dc4a17c102ea9311eb43197907cc655eb7a25cff43ff5f6c2a790cc30,,论文/ppt,True
论文/引用/[1]2002_TEC.pdf,C:\Users\26096\Desktop\em\FP\论文\引用\[1]2002_TEC.pdf,[1]2002_TEC.pdf,[1]2002_TEC,.pdf,481898,2026-04-23T01:22:48+02:00,2026-07-30T20:35:35+02:00,dc287f493ba876eddccacd803692bb99245d8536b605ab24459175c9233604bc,1147c54c8e9190115f4346042d948295bf7ba509d91c3d525362b72461006a62,论文/引用,True
论文/引用/[2]TR2022-128.pdf,C:\Users\26096\Desktop\em\FP\论文\引用\[2]TR2022-128.pdf,[2]TR2022-128.pdf,[2]TR2022-128,.pdf,759151,2026-04-23T02:42:24+02:00,2026-07-30T20:35:35+02:00,ac6cce01c04a76880476974308e8a29048afd15a12fdd60a277a928c1f24aaea,,论文/引用,True
论文/引用/[3]Overview of Torque Ripple Minimization Methods for Permanent Magnet Synchronous Motors Based on Harmonic Injection.pdf,C:\Users\26096\Desktop\em\FP\论文\引用\[3]Overview of Torque Ripple Minimization Methods for Permanent Magnet Synchronous Motors Based on Harmonic Injection.pdf,[3]Overview of Torque Ripple Minimization Methods for Permanent Magnet Synchronous Motors Based on Harmonic Injection.pdf,[3]Overview of Torque Ripple Minimization Methods for Permanent Magnet Synchronous Motors Based on Harmonic Injection,.pdf,857756,2026-04-23T02:45:30+02:00,2026-07-30T20:35:35+02:00,b2e9b1ce28ea4422130fea28684d95c559399cf4ec90bfe74568970a2093ae5f,,论文/引用,True
论文/引用/[5]The_optimal_design_and_research_of_interior_perman.pdf,C:\Users\26096\Desktop\em\FP\论文\引用\[5]The_optimal_design_and_research_of_interior_perman.pdf,[5]The_optimal_design_and_research_of_interior_perman.pdf,[5]The_optimal_design_and_research_of_interior_perman,.pdf,11941574,2026-04-23T03:01:44+02:00,2026-07-30T20:35:35+02:00,525e96f9c7269ca8fed3df499f4edbfcf2dd10c40a8f1a124f4456016ee046a9,,论文/引用,True
论文/引用/[6]eng-03-00044.pdf,C:\Users\26096\Desktop\em\FP\论文\引用\[6]eng-03-00044.pdf,[6]eng-03-00044.pdf,[6]eng-03-00044,.pdf,683851,2026-04-23T03:06:36+02:00,2026-07-30T20:35:35+02:00,75fea8df631f201e434eb551e3a89ab9f1cbd9d2b444405e7b2c30581038e568,,论文/引用,True
论文/引用/[7]PMM1{_}7{_}full.pdf,C:\Users\26096\Desktop\em\FP\论文\引用\[7]PMM1{_}7{_}full.pdf,[7]PMM1{_}7{_}full.pdf,[7]PMM1{_}7{_}full,.pdf,106441,2026-04-23T03:08:26+02:00,2026-07-30T20:35:35+02:00,a8e4b95988ac4dd978a7bba77308c069b81ce9eabae05a5771ca7f576e770ff2,,论文/引用,True
论文/引用/[8]Silwal2014.pdf,C:\Users\26096\Desktop\em\FP\论文\引用\[8]Silwal2014.pdf,[8]Silwal2014.pdf,[8]Silwal2014,.pdf,691625,2026-04-23T03:11:14+02:00,2026-07-30T20:35:35+02:00,95c391338cbd7dfd086a18c598881027dce36bf03cd4c142e241f3b4a88e42ea,,论文/引用,True
论文/引用/[9]Derivation_of_optimal_rotor_topologies_for_consequent-pole_PMSM_by_ON_OFF_method.pdf,C:\Users\26096\Desktop\em\FP\论文\引用\[9]Derivation_of_optimal_rotor_topologies_for_consequent-pole_PMSM_by_ON_OFF_method.pdf,[9]Derivation_of_optimal_rotor_topologies_for_consequent-pole_PMSM_by_ON_OFF_method.pdf,[9]Derivation_of_optimal_rotor_topologies_for_consequent-pole_PMSM_by_ON_OFF_method,.pdf,4373540,2025-05-11T17:36:08+02:00,2026-07-30T20:35:35+02:00,296fc59a1cd37ff3acbb7dc143ebf31db632ca38f3a17386b458ce073a590275,,论文/引用,True
论文/方法1流程/克隆.aseprite,C:\Users\26096\Desktop\em\FP\论文\方法1流程\克隆.aseprite,克隆.aseprite,克隆,.aseprite,1250,2026-04-18T23:11:40+02:00,2026-07-30T20:35:35+02:00,68158469ea6fefbcfac84990d7cfdb7a10aed184e4a0b41896a81a584473e589,,论文/方法1流程,True
论文/方法1流程/克隆4.png,C:\Users\26096\Desktop\em\FP\论文\方法1流程\克隆4.png,克隆4.png,克隆4,.png,1381,2026-04-19T00:00:38+02:00,2026-07-30T20:35:35+02:00,4b21a2435386f62b09db756a0727feeb485a3faf619f952f83b30f70ff96e782,,论文/方法1流程,True
论文/方法1流程/克隆池过滤与排序.aseprite,C:\Users\26096\Desktop\em\FP\论文\方法1流程\克隆池过滤与排序.aseprite,克隆池过滤与排序.aseprite,克隆池过滤与排序,.aseprite,880,2026-04-18T23:36:36+02:00,2026-07-30T20:35:35+02:00,b2fb1ab750566b53618a5da088a73ff1e50439ae9c4bc4c4dac92529df032931,,论文/方法1流程,True
论文/方法1流程/克隆池过滤与排序.png,C:\Users\26096\Desktop\em\FP\论文\方法1流程\克隆池过滤与排序.png,克隆池过滤与排序.png,克隆池过滤与排序,.png,1370,2026-04-19T00:01:14+02:00,2026-07-30T20:35:35+02:00,2a70070c4e01f8e83fc587f573df338790227fea7fdce8c771873e42d1343e74,,论文/方法1流程,True
论文/方法1流程/初始1.aseprite,C:\Users\26096\Desktop\em\FP\论文\方法1流程\初始1.aseprite,初始1.aseprite,初始1,.aseprite,1368,2026-04-19T00:03:44+02:00,2026-07-30T20:35:35+02:00,acf599bc67a34acdef0b6a92c0fa60d24e6ecdc3d4ad202a02681616f60a68d3,3aa6cf004400263d175bf10184a7d4a526a3defb6e2fb61de295dd937cc24487,论文/方法1流程,True
论文/方法1流程/初始1.png,C:\Users\26096\Desktop\em\FP\论文\方法1流程\初始1.png,初始1.png,初始1,.png,771,2026-04-19T00:03:54+02:00,2026-07-30T20:35:35+02:00,8e35fa1fc97b4558f67eb9c7961c2a0062295316d91dd2cb273c3078b6189df6,,论文/方法1流程,True
论文/方法1流程/参考示意图.png,C:\Users\26096\Desktop\em\FP\论文\方法1流程\参考示意图.png,参考示意图.png,参考示意图,.png,1002431,2026-04-18T00:14:40+02:00,2026-07-30T20:35:35+02:00,c31bc4fe32b171f6a4e117e0507a7614be2e8462172020715d7bb360a306de52,,论文/方法1流程,True
论文/方法1流程/变异.aseprite,C:\Users\26096\Desktop\em\FP\论文\方法1流程\变异.aseprite,变异.aseprite,变异,.aseprite,805,2026-04-18T23:22:22+02:00,2026-07-30T20:35:35+02:00,18703a3542a268ac2b9aa4ef4cc79931da114c071d35bc6fc49616a10ddd0f61,,论文/方法1流程,True
论文/方法1流程/变异.png,C:\Users\26096\Desktop\em\FP\论文\方法1流程\变异.png,变异.png,变异,.png,1203,2026-04-19T00:17:28+02:00,2026-07-30T20:35:35+02:00,040099c5c5f31bcd24013600949dec3f10ff49a54faf835713558bd840ab3bca,,论文/方法1流程,True
论文/方法1流程/悬浮铁过滤1.aseprite,C:\Users\26096\Desktop\em\FP\论文\方法1流程\悬浮铁过滤1.aseprite,悬浮铁过滤1.aseprite,悬浮铁过滤1,.aseprite,1442,2026-04-18T23:44:08+02:00,2026-07-30T20:35:35+02:00,38bd736165ebe08d436dc9600d57d301e20c9b8f3324aca47816ededfcf59131,,论文/方法1流程,True
论文/方法1流程/悬浮铁过滤1.png,C:\Users\26096\Desktop\em\FP\论文\方法1流程\悬浮铁过滤1.png,悬浮铁过滤1.png,悬浮铁过滤1,.png,821,2026-04-19T00:00:02+02:00,2026-07-30T20:35:35+02:00,422487d8cc43a71e06892ed904b609abed5fb6d7d820ec643b2546ec5a06424f,,论文/方法1流程,True
论文/方法1流程/择优更新，随机移民与精英保留.aseprite,C:\Users\26096\Desktop\em\FP\论文\方法1流程\择优更新，随机移民与精英保留.aseprite,择优更新，随机移民与精英保留.aseprite,择优更新，随机移民与精英保留,.aseprite,656,2026-04-19T00:02:16+02:00,2026-07-30T20:35:35+02:00,5ea6d9fa64882b8282b90242b886930cfde26d23f94378460aff042710987715,9b9c8beea86567f3951252998e65f04e84fd2fe6cdcca463a971f2c96e5bd4d9,论文/方法1流程,True
论文/方法1流程/择优更新，随机移民与精英保留.png,C:\Users\26096\Desktop\em\FP\论文\方法1流程\择优更新，随机移民与精英保留.png,择优更新，随机移民与精英保留.png,择优更新，随机移民与精英保留,.png,777,2026-04-19T00:01:44+02:00,2026-07-30T20:35:35+02:00,ffe96b2408da4ed1fa63df51632aca4f0b023a7eef997c763b83167a8475052d,,论文/方法1流程,True
论文/方法1流程/方法1流程.png,C:\Users\26096\Desktop\em\FP\论文\方法1流程\方法1流程.png,方法1流程.png,方法1流程,.png,198003,2026-04-15T20:46:08+02:00,2026-07-30T20:35:35+02:00,054b0ad899cb45bc7892cae909e1f98b46287419aa754dabddce090d3aa21283,8ded357265860aac82ff780cd9fe3bb97fe37e8992bb2cbfed987d7d67917a83,论文/方法1流程,True
论文/方法1流程/方法1流程DE.drawio (1).png,C:\Users\26096\Desktop\em\FP\论文\方法1流程\方法1流程DE.drawio (1).png,方法1流程DE.drawio (1).png,方法1流程DE.drawio (1),.png,229433,2026-04-23T21:28:22+02:00,2026-07-30T20:35:35+02:00,a577c189a05156f6bebbdd04c0067e8cd3f62ccff4be3518822e3c9ef3b7be53,,论文/方法1流程,True
论文/方法1流程/方法1流程DE.drawio (2).png,C:\Users\26096\Desktop\em\FP\论文\方法1流程\方法1流程DE.drawio (2).png,方法1流程DE.drawio (2).png,方法1流程DE.drawio (2),.png,230530,2026-04-23T21:28:50+02:00,2026-07-30T20:35:35+02:00,2c4a512dde5f43ca050cbd7787be0e64f1a561b8153b9316580e83234522ae52,,论文/方法1流程,True
论文/方法1流程/方法1流程简化DE.drawio,C:\Users\26096\Desktop\em\FP\论文\方法1流程\方法1流程简化DE.drawio,方法1流程简化DE.drawio,方法1流程简化DE,.drawio,11146,2026-05-08T14:43:44+02:00,2026-07-30T20:35:35+02:00,1af03a5b40c4880c8f36178a7ad566eaf1034ed3d43e0a8a7aaf67e546e79074,,论文/方法1流程,True
论文/方法1流程/方法1流程简化DE.drawio.png,C:\Users\26096\Desktop\em\FP\论文\方法1流程\方法1流程简化DE.drawio.png,方法1流程简化DE.drawio.png,方法1流程简化DE.drawio,.png,112967,2026-05-03T22:58:04+02:00,2026-07-30T20:35:35+02:00,6523ddb855a2865cfdef3bbaf03ade1217c93676fcb2a8d9b3607ecf69963b7b,,论文/方法1流程,True
论文/方法1流程/方法1示意图.drawio,C:\Users\26096\Desktop\em\FP\论文\方法1流程\方法1示意图.drawio,方法1示意图.drawio,方法1示意图,.drawio,21079,2026-04-20T00:54:24+02:00,2026-07-30T20:35:35+02:00,66c41554f478016079c99ac7115c8a3ee3e71587c6249d2914e6c521a017ca36,,论文/方法1流程,True
论文/方法1流程/方法1示意图.png,C:\Users\26096\Desktop\em\FP\论文\方法1流程\方法1示意图.png,方法1示意图.png,方法1示意图,.png,188635,2026-04-20T00:56:56+02:00,2026-07-30T20:35:35+02:00,99bf8885a42ba8e995118b26c6f6b005564016b932140e02e2b25ea83763ab0b,,论文/方法1流程,True
论文/方法1流程/方法1示意图DE.drawio,C:\Users\26096\Desktop\em\FP\论文\方法1流程\方法1示意图DE.drawio,方法1示意图DE.drawio,方法1示意图DE,.drawio,23632,2026-05-03T23:45:28+02:00,2026-07-30T20:35:35+02:00,89bd1dbecf7a93ade725ac2757c8d5813b4678d87e4cb2a8c8ee056aa7845b35,,论文/方法1流程,True
论文/方法1流程/方法1示意图DE.drawio (2).png,C:\Users\26096\Desktop\em\FP\论文\方法1流程\方法1示意图DE.drawio (2).png,方法1示意图DE.drawio (2).png,方法1示意图DE.drawio (2),.png,201632,2026-04-23T22:03:18+02:00,2026-07-30T20:35:35+02:00,09dcec04713a0b0f60eac73ee7df77834277c825fec3b4e0fb573c2c80e9af0f,,论文/方法1流程,True
论文/方法1流程/方法1示意图DE.drawio (7).png,C:\Users\26096\Desktop\em\FP\论文\方法1流程\方法1示意图DE.drawio (7).png,方法1示意图DE.drawio (7).png,方法1示意图DE.drawio (7),.png,182541,2026-05-03T23:45:42+02:00,2026-07-30T20:35:35+02:00,e1612c907f7d341df64cb3b10a57db775cd76c52a047b0508ebc5cef1002ed45,,论文/方法1流程,True
论文/方法1流程/白板示意图.aseprite,C:\Users\26096\Desktop\em\FP\论文\方法1流程\白板示意图.aseprite,白板示意图.aseprite,白板示意图,.aseprite,501,2026-04-18T20:03:24+02:00,2026-07-30T20:35:35+02:00,fa70d0644340d510d5d6685123a2aca953e10fa95cd08a4186e6e967219f5785,,论文/方法1流程,True
论文/方法1流程/精英保留与随机移民加入.aseprite,C:\Users\26096\Desktop\em\FP\论文\方法1流程\精英保留与随机移民加入.aseprite,精英保留与随机移民加入.aseprite,精英保留与随机移民加入,.aseprite,656,2026-04-19T00:02:02+02:00,2026-07-30T20:35:35+02:00,5ea6d9fa64882b8282b90242b886930cfde26d23f94378460aff042710987715,9b9c8beea86567f3951252998e65f04e84fd2fe6cdcca463a971f2c96e5bd4d9,论文/方法1流程,True
论文/方法1流程/超变异示意图.aseprite,C:\Users\26096\Desktop\em\FP\论文\方法1流程\超变异示意图.aseprite,超变异示意图.aseprite,超变异示意图,.aseprite,1574,2026-04-20T23:10:34+02:00,2026-07-30T20:35:35+02:00,8ff38678cfeea18af881e764dccaec384d640235d94c71648a4c3fd2ad1852b9,,论文/方法1流程,True
论文/方法1流程/超变异示意图.drawio,C:\Users\26096\Desktop\em\FP\论文\方法1流程\超变异示意图.drawio,超变异示意图.drawio,超变异示意图,.drawio,12794,2026-04-29T13:46:22+02:00,2026-07-30T20:35:35+02:00,b2885e5d3733209b5090690199007420915cb7c987eab9f387f8577330b959bd,,论文/方法1流程,True
论文/方法1流程/超变异示意图.png,C:\Users\26096\Desktop\em\FP\论文\方法1流程\超变异示意图.png,超变异示意图.png,超变异示意图,.png,90463,2026-04-20T23:50:28+02:00,2026-07-30T20:35:35+02:00,8cd57883c6acc64f6d93cfae060da6b4ba38944d433b8646a90151140f2dad36,4118725d27ee68dc33930cc209c66ba889a56b6833582f1486a2e5c281499f9b,论文/方法1流程,True
论文/方法1流程/超变异示意图1.png,C:\Users\26096\Desktop\em\FP\论文\方法1流程\超变异示意图1.png,超变异示意图1.png,超变异示意图1,.png,769,2026-04-20T23:24:26+02:00,2026-07-30T20:35:35+02:00,4722d1e7285e69b55d3afb50a4fec0924f56c0731bccbeb4fc53fcc443d9de15,,论文/方法1流程,True
论文/方法1流程/超变异示意图2.png,C:\Users\26096\Desktop\em\FP\论文\方法1流程\超变异示意图2.png,超变异示意图2.png,超变异示意图2,.png,874,2026-04-20T23:24:36+02:00,2026-07-30T20:35:35+02:00,89c79b782db188e29050e70abd0c783fe245d85a3a1da2aa69d12ed7ba025393,,论文/方法1流程,True
论文/方法1流程/超变异示意图DE.drawio,C:\Users\26096\Desktop\em\FP\论文\方法1流程\超变异示意图DE.drawio,超变异示意图DE.drawio,超变异示意图DE,.drawio,12874,2026-04-29T13:49:34+02:00,2026-07-30T20:35:35+02:00,212cdf82c594b77d79b7e2fe49c3822cee00012ff896ccd51810b8db82844567,,论文/方法1流程,True
论文/方法1流程/超变异示意图DE.drawio.png,C:\Users\26096\Desktop\em\FP\论文\方法1流程\超变异示意图DE.drawio.png,超变异示意图DE.drawio.png,超变异示意图DE.drawio,.png,97782,2026-04-23T22:16:02+02:00,2026-07-30T20:35:35+02:00,19ebb1f19fb6b0088feb3fef37d4075ecc7f59bd99c0efde7adcda84bb74d54d,,论文/方法1流程,True
论文/方法2流程/克隆.aseprite,C:\Users\26096\Desktop\em\FP\论文\方法2流程\克隆.aseprite,克隆.aseprite,克隆,.aseprite,741,2026-04-19T21:15:10+02:00,2026-07-30T20:35:36+02:00,e23428a06669460d092c9f3b8fc9e8173df5153d3c81bf274a2288d78ef7f6e0,,论文/方法2流程,True
论文/方法2流程/克隆.png,C:\Users\26096\Desktop\em\FP\论文\方法2流程\克隆.png,克隆.png,克隆,.png,1390,2026-04-19T23:01:10+02:00,2026-07-30T20:35:36+02:00,7e6a8f6c848b9a3ae7d99ffe7dad6d82c1e0af5a76ebb04f45356494c96542d0,,论文/方法2流程,True
论文/方法2流程/初始1.aseprite,C:\Users\26096\Desktop\em\FP\论文\方法2流程\初始1.aseprite,初始1.aseprite,初始1,.aseprite,1368,2026-04-19T00:03:44+02:00,2026-07-30T20:35:36+02:00,acf599bc67a34acdef0b6a92c0fa60d24e6ecdc3d4ad202a02681616f60a68d3,3aa6cf004400263d175bf10184a7d4a526a3defb6e2fb61de295dd937cc24487,论文/方法2流程,True
论文/方法2流程/变异.aseprite,C:\Users\26096\Desktop\em\FP\论文\方法2流程\变异.aseprite,变异.aseprite,变异,.aseprite,823,2026-04-19T21:19:56+02:00,2026-07-30T20:35:36+02:00,1fbfd4307926fc0cd14c112dbe0247be980b1be3efe22252ee179fed29932490,,论文/方法2流程,True
论文/方法2流程/变异.png,C:\Users\26096\Desktop\em\FP\论文\方法2流程\变异.png,变异.png,变异,.png,1198,2026-04-19T23:02:06+02:00,2026-07-30T20:35:36+02:00,f8f1293a32c960cffd3ca350d9133f58c4b06d8bbf2ed5c5acd71743f796d8bc,,论文/方法2流程,True
论文/方法2流程/快速筛选评估排序.aseprite,C:\Users\26096\Desktop\em\FP\论文\方法2流程\快速筛选评估排序.aseprite,快速筛选评估排序.aseprite,快速筛选评估排序,.aseprite,822,2026-04-20T00:34:42+02:00,2026-07-30T20:35:36+02:00,cc503d2cd86005df7486a451d63097fdcdc2f4738ddef62ae632a49c371c2850,,论文/方法2流程,True
论文/方法2流程/快速筛选评估排序.png,C:\Users\26096\Desktop\em\FP\论文\方法2流程\快速筛选评估排序.png,快速筛选评估排序.png,快速筛选评估排序,.png,1191,2026-04-19T23:01:40+02:00,2026-07-30T20:35:36+02:00,9958e9f1683afa4a4abca9356a605619cf371736a5dd4f10079b04f6239073d5,,论文/方法2流程,True
论文/方法2流程/择优更新随机移民精英保留.aseprite,C:\Users\26096\Desktop\em\FP\论文\方法2流程\择优更新随机移民精英保留.aseprite,择优更新随机移民精英保留.aseprite,择优更新随机移民精英保留,.aseprite,1043,2026-04-19T21:26:48+02:00,2026-07-30T20:35:36+02:00,e031dac895ba2b87a324fb5e882305a5fa2202b5d62b03ffe76e25cb28b5a56b,,论文/方法2流程,True
论文/方法2流程/择优更新随机移民精英保留.png,C:\Users\26096\Desktop\em\FP\论文\方法2流程\择优更新随机移民精英保留.png,择优更新随机移民精英保留.png,择优更新随机移民精英保留,.png,779,2026-04-19T23:14:54+02:00,2026-07-30T20:35:36+02:00,27fba00cf63954fe560704a14d1bafe98be9b4586f75368f19a2f1f2ae4d3e40,,论文/方法2流程,True
论文/方法2流程/方法2流程.png,C:\Users\26096\Desktop\em\FP\论文\方法2流程\方法2流程.png,方法2流程.png,方法2流程,.png,184739,2026-04-15T20:45:16+02:00,2026-07-30T20:35:36+02:00,5c95866857edbd9fa663c0951d30dcfd9295c2645c89595a4ad662a2bdbc025b,14c4b7ebf316209a84fc8fe5749efb6b1d26353a6e5472bf7fd894dead750d83,论文/方法2流程,True
论文/方法2流程/方法2流程DE.drawio (1).png,C:\Users\26096\Desktop\em\FP\论文\方法2流程\方法2流程DE.drawio (1).png,方法2流程DE.drawio (1).png,方法2流程DE.drawio (1),.png,217276,2026-04-24T02:45:18+02:00,2026-07-30T20:35:36+02:00,77639104e66f5a04ef251fa7986a4e7fd79599ebdce7c3de85f37688fb3a40ea,,论文/方法2流程,True
论文/方法2流程/方法2流程DE.drawio.png,C:\Users\26096\Desktop\em\FP\论文\方法2流程\方法2流程DE.drawio.png,方法2流程DE.drawio.png,方法2流程DE.drawio,.png,218567,2026-04-23T21:44:16+02:00,2026-07-30T20:35:36+02:00,6e6fd787d59029270609bf0760ea4af498ba8c0b8d5e0098e285ea36d3cb8207,,论文/方法2流程,True
论文/方法2流程/方法2流程简化DE.drawio,C:\Users\26096\Desktop\em\FP\论文\方法2流程\方法2流程简化DE.drawio,方法2流程简化DE.drawio,方法2流程简化DE,.drawio,9183,2026-05-08T14:48:38+02:00,2026-07-30T20:35:36+02:00,1f710773dab3f520276114c3d692e5eb1fa4dd6ebf857131172630298715f9a9,,论文/方法2流程,True
论文/方法2流程/方法2流程简化DE.drawio.png,C:\Users\26096\Desktop\em\FP\论文\方法2流程\方法2流程简化DE.drawio.png,方法2流程简化DE.drawio.png,方法2流程简化DE.drawio,.png,112187,2026-05-03T23:10:34+02:00,2026-07-30T20:35:36+02:00,10a13c6acaeec9bc80f2cd1df66315659f60e3674ffe86521ccaa2e6a4fac9dc,,论文/方法2流程,True
论文/方法2流程/方法2示意图.drawio,C:\Users\26096\Desktop\em\FP\论文\方法2流程\方法2示意图.drawio,方法2示意图.drawio,方法2示意图,.drawio,21533,2026-04-20T00:54:58+02:00,2026-07-30T20:35:36+02:00,1f21a123875043cbce8f977b25fd088dac503ff38756232de27a2ef870df16a5,,论文/方法2流程,True
论文/方法2流程/方法2示意图.png,C:\Users\26096\Desktop\em\FP\论文\方法2流程\方法2示意图.png,方法2示意图.png,方法2示意图,.png,198992,2026-04-20T00:56:12+02:00,2026-07-30T20:35:36+02:00,12b60370864220eb29f2d40f2fc7743a3200241f22aff09775d464e0655be414,,论文/方法2流程,True
论文/方法2流程/方法2示意图DE.drawio,C:\Users\26096\Desktop\em\FP\论文\方法2流程\方法2示意图DE.drawio,方法2示意图DE.drawio,方法2示意图DE,.drawio,23933,2026-05-03T23:51:34+02:00,2026-07-30T20:35:36+02:00,28d7c64ce7c9e3505143d96a8f30ac6eefb2c3bdee91550978ac84554e41ccf1,,论文/方法2流程,True
论文/方法2流程/方法2示意图DE.drawio (2).png,C:\Users\26096\Desktop\em\FP\论文\方法2流程\方法2示意图DE.drawio (2).png,方法2示意图DE.drawio (2).png,方法2示意图DE.drawio (2),.png,157181,2026-05-03T23:51:46+02:00,2026-07-30T20:35:36+02:00,2cbea0431b45b4619d98b5605ab06aface63728438273ffa4257e9d6f76748c7,,论文/方法2流程,True
论文/方法2流程/方法2示意图DE.drawio.png,C:\Users\26096\Desktop\em\FP\论文\方法2流程\方法2示意图DE.drawio.png,方法2示意图DE.drawio.png,方法2示意图DE.drawio,.png,213696,2026-04-23T22:10:58+02:00,2026-07-30T20:35:36+02:00,dd9ed89e602164c927a0b0a6e155e2922629020808e0b778e07befedcc6cc3af,,论文/方法2流程,True
资料/转矩.doc,C:\Users\26096\Desktop\em\FP\资料\转矩.doc,转矩.doc,转矩,.doc,1077248,2025-11-24T11:48:22+01:00,2026-07-30T20:35:36+02:00,98a38ec7918346d6f989c834d333ff90d5e2443e1606dffcf772e9350de3c181,,资料,True
资料/项目计划.doc,C:\Users\26096\Desktop\em\FP\资料\项目计划.doc,项目计划.doc,项目计划,.doc,26512,2025-10-14T02:02:06+02:00,2026-07-30T20:35:36+02:00,bddc60f6657059f96bf8a1a12d8a1f4be01ba3877baa42402c818f5aacece048,668f0f9ed4e33e337625fcb9afcbf8307040a2887928adca62253a8f4b137d9b,资料,True
资料/参考资料/10_shiyang-watanabe-2020-topology-optimization-of-rotor-design-in-switched-reluctance-motor-using-immune-algorithm.pdf,C:\Users\26096\Desktop\em\FP\资料\参考资料\10_shiyang-watanabe-2020-topology-optimization-of-rotor-design-in-switched-reluctance-motor-using-immune-algorithm.pdf,10_shiyang-watanabe-2020-topology-optimization-of-rotor-design-in-switched-reluctance-motor-using-immune-algorithm.pdf,10_shiyang-watanabe-2020-topology-optimization-of-rotor-design-in-switched-reluctance-motor-using-immune-algorithm,.pdf,483241,2025-11-02T21:09:48+01:00,2026-07-30T20:35:36+02:00,a976704ef50de1210a7699a4b6935d9ed679a8ff193e9fbb711f9b62b72ff2cc,bcc689b0154ce5a2b01b9d6b4167f43e9948b7b1b466a9dcfd79d7a4b33098e3,资料/参考资料,True
资料/参考资料/1_Stator_teeth_shape_design_for_torque_ripple_reduction_in_surface-mounted_permanent_magnet_synchronous_motor.pdf,C:\Users\26096\Desktop\em\FP\资料\参考资料\1_Stator_teeth_shape_design_for_torque_ripple_reduction_in_surface-mounted_permanent_magnet_synchronous_motor.pdf,1_Stator_teeth_shape_design_for_torque_ripple_reduction_in_surface-mounted_permanent_magnet_synchronous_motor.pdf,1_Stator_teeth_shape_design_for_torque_ripple_reduction_in_surface-mounted_permanent_magnet_synchronous_motor,.pdf,385731,2025-10-24T18:32:26+02:00,2026-07-30T20:35:36+02:00,8973b4cef4b279179ce8cbd3ba5ac3985e0c6b9cb11f13ac5df237ecf1cf305d,b27fce4527c2f19a6f81d573b0cf6431613f2ea030c2a2da454ebfd8e720ae7e,资料/参考资料,True
资料/参考资料/25.11.04.doc,C:\Users\26096\Desktop\em\FP\资料\参考资料\25.11.04.doc,25.11.04.doc,25.11.04,.doc,369664,2025-11-04T00:59:36+01:00,2026-07-30T20:35:36+02:00,65cc66437a4e24c1d47926279d76174eb2f28f5e4ec714579f820fcf216a7051,fcf94f507823047eae44679388134a1eebab1aeedce96bce2f22ad22d6a2f167,资料/参考资料,True
资料/参考资料/2_IET Electric Power Appl - 2018 - Wang - Cogging torque reduction by eccentric structure of teeth in external rotor.pdf,C:\Users\26096\Desktop\em\FP\资料\参考资料\2_IET Electric Power Appl - 2018 - Wang - Cogging torque reduction by eccentric structure of teeth in external rotor.pdf,2_IET Electric Power Appl - 2018 - Wang - Cogging torque reduction by eccentric structure of teeth in external rotor.pdf,2_IET Electric Power Appl - 2018 - Wang - Cogging torque reduction by eccentric structure of teeth in external rotor,.pdf,2713464,2025-10-24T19:16:06+02:00,2026-07-30T20:35:36+02:00,556719c29a5993a2738ef8d6f6d09d73801079fced0c782b120ea2cf1b6347c0,5bf9514fb76e45fbb804804d7576d23c45f575448b3b2b3b8c3a90e5500750dc,资料/参考资料,True
资料/参考资料/3_1601137(GA 转子).pdf,C:\Users\26096\Desktop\em\FP\资料\参考资料\3_1601137(GA 转子).pdf,3_1601137(GA 转子).pdf,3_1601137(GA 转子),.pdf,968636,2025-10-24T19:38:40+02:00,2026-07-30T20:35:36+02:00,e95993380326acf9ad94a12ae1f8bfaaa13d65b3d52b58976163d13a843a7fe3,b64f509052551362f53e793a487c9d09f139e611d2b9964fca00a4a79c873c62,资料/参考资料,True
资料/参考资料/4_10_73（定子 IA NGnet）.pdf,C:\Users\26096\Desktop\em\FP\资料\参考资料\4_10_73（定子 IA NGnet）.pdf,4_10_73（定子 IA NGnet）.pdf,4_10_73（定子 IA NGnet）,.pdf,1595197,2025-10-25T18:55:46+02:00,2026-07-30T20:35:36+02:00,1c0dd4d763a3a24bc879c7a49128ea1040114b77d5e03229cde174f7821584d9,eb23ca9bb7875b05d1ba4b12d961ca10ff65a6cf6b2d8860adaf94ededcd3ebf,资料/参考资料,True
资料/参考资料/5_Topology_Optimization_of_the_Stator_for_Minimizing_Cogging_Torque_of_IPM_Motors.pdf,C:\Users\26096\Desktop\em\FP\资料\参考资料\5_Topology_Optimization_of_the_Stator_for_Minimizing_Cogging_Torque_of_IPM_Motors.pdf,5_Topology_Optimization_of_the_Stator_for_Minimizing_Cogging_Torque_of_IPM_Motors.pdf,5_Topology_Optimization_of_the_Stator_for_Minimizing_Cogging_Torque_of_IPM_Motors,.pdf,453994,2025-10-25T19:48:42+02:00,2026-07-30T20:35:36+02:00,4afea62cde85abcb2e4ae27bd654cbddff8065228c3ea5e83995fedd2eb71476,0a9cd97eddcf02a6a2dcd84f2817582e88137232eb26efb7c646916c74b39cc4,资料/参考资料,True
资料/参考资料/6_Optimization_of_Stator_Core_Shape_to_Minimize_Harmonic_Current_in_Surface_Permanent_Magnet_Synchronous_Motor_Using_Topology_Optimization_Algorithm.pdf,C:\Users\26096\Desktop\em\FP\资料\参考资料\6_Optimization_of_Stator_Core_Shape_to_Minimize_Harmonic_Current_in_Surface_Permanent_Magnet_Synchronous_Motor_Using_Topology_Optimization_Algorithm.pdf,6_Optimization_of_Stator_Core_Shape_to_Minimize_Harmonic_Current_in_Surface_Permanent_Magnet_Synchronous_Motor_Using_Topology_Optimization_Algorithm.pdf,6_Optimization_of_Stator_Core_Shape_to_Minimize_Harmonic_Current_in_Surface_Permanent_Magnet_Synchronous_Motor_Using_Topology_Optimization_Algorithm,.pdf,897893,2025-10-26T19:09:38+01:00,2026-07-30T20:35:36+02:00,a28ec7f2359be48e7889f5fcdfdca6d8f4dacf5e88c81284c6986d2b032c0e46,45ae10fbe043662570458a65a02eaa32a0caf585eebf0cf950871feef3a0056c,资料/参考资料,True
资料/参考资料/7_70041.pdf,C:\Users\26096\Desktop\em\FP\资料\参考资料\7_70041.pdf,7_70041.pdf,7_70041,.pdf,292988,2025-11-02T21:11:06+01:00,2026-07-30T20:35:36+02:00,e6c7ed539c41f6192ac66aad0b1bc8120ec7d73c9f78ec6790631d2d152b1802,2ff3d1e5e001b237aa84682ecfba75d9443c3754762e72a4ea30bcc8292baf49,资料/参考资料,True
资料/参考资料/8_multimaterial-topology-optimization-of-electric-machines-4037b933z5.pdf,C:\Users\26096\Desktop\em\FP\资料\参考资料\8_multimaterial-topology-optimization-of-electric-machines-4037b933z5.pdf,8_multimaterial-topology-optimization-of-electric-machines-4037b933z5.pdf,8_multimaterial-topology-optimization-of-electric-machines-4037b933z5,.pdf,345441,2025-11-02T21:11:26+01:00,2026-07-30T20:35:36+02:00,08cec473232a9e1a5ddc2f57537c73d97f09d519604c6455bde34aad488e84af,6ae53fcb97841f3c6851add1e18646ce7349a0d41b9ecc75967c6c6e510b31a7,资料/参考资料,True
资料/参考资料/9_PC-A1-17-2037d94.pdf,C:\Users\26096\Desktop\em\FP\资料\参考资料\9_PC-A1-17-2037d94.pdf,9_PC-A1-17-2037d94.pdf,9_PC-A1-17-2037d94,.pdf,781350,2025-11-02T21:10:28+01:00,2026-07-30T20:35:36+02:00,2d276514bad533ff7d499ef6f13a16974fe07afa977b2880faae30a6ccb0f752,f206d5694dd32e9c53398b873253b30001b5796f8a218a3d18057250ddd9d106,资料/参考资料,True
资料/参考资料/Design_Solutions_for_Reducing_the_Cogging_Torque_o.pdf,C:\Users\26096\Desktop\em\FP\资料\参考资料\Design_Solutions_for_Reducing_the_Cogging_Torque_o.pdf,Design_Solutions_for_Reducing_the_Cogging_Torque_o.pdf,Design_Solutions_for_Reducing_the_Cogging_Torque_o,.pdf,813858,2025-10-25T12:17:50+02:00,2026-07-30T20:35:36+02:00,0c009868e01a7684bda0bd9fe1328e6443aa42d27618cd3ee0f610e67e5cf4a6,92f15eb24270a712cd44bdc54af26af45abbcc310d42cdf05f33c49fb5bb833e,资料/参考资料,True
资料/参考资料/Diskrete Topologieoptimierung einer permanentmagnet­erregten Synchronmaschine V2.pdf,C:\Users\26096\Desktop\em\FP\资料\参考资料\Diskrete Topologieoptimierung einer permanentmagnet­erregten Synchronmaschine V2.pdf,Diskrete Topologieoptimierung einer permanentmagnet­erregten Synchronmaschine V2.pdf,Diskrete Topologieoptimierung einer permanentmagnet­erregten Synchronmaschine V2,.pdf,1457607,2025-06-21T20:07:58+02:00,2026-07-30T20:35:36+02:00,284ea07f9fd0da362ccfe379bb96eaed8590f5f0eb53fb7206eb20688b142d99,,资料/参考资料,True
资料/参考资料/PMSM.png,C:\Users\26096\Desktop\em\FP\资料\参考资料\PMSM.png,PMSM.png,PMSM,.png,154780,2025-10-27T18:27:16+01:00,2026-07-30T20:35:36+02:00,545a68d2269febdaba9a45712f8419f51b333477ce7489dc9df3606165a4f737,57d5aedc6493e81475ce77010b06e6b2aad4214502a23be20e82f4fcf84dd256,资料/参考资料,True
资料/参考资料/PMSM2.png,C:\Users\26096\Desktop\em\FP\资料\参考资料\PMSM2.png,PMSM2.png,PMSM2,.png,209745,2025-10-27T19:21:46+01:00,2026-07-30T20:35:36+02:00,6f65cf8db335d6cb6bd86cd487e3d5be83584d92504f511f525f1ef80180fa5a,2fefae196034773bda7b615337651b75bfd3a09d9b07caacac7e6d97af280b4f,资料/参考资料,True
资料/参考资料/s2.0-S0196890411002792-main.pdf,C:\Users\26096\Desktop\em\FP\资料\参考资料\s2.0-S0196890411002792-main.pdf,s2.0-S0196890411002792-main.pdf,s2.0-S0196890411002792-main,.pdf,1051394,2025-10-25T19:29:04+02:00,2026-07-30T20:35:36+02:00,50f6fa43ba750465f7d11ea59287303d7150eca9ec1b6f3096568af324e2b1dc,19f67c43c2fa707272d10f5690c1e5ed4bc9c779e178c258df4e394c1ce30a58,资料/参考资料,True
资料/参考资料/Siemens电机数据（带转矩脉动）.pdf,C:\Users\26096\Desktop\em\FP\资料\参考资料\Siemens电机数据（带转矩脉动）.pdf,Siemens电机数据（带转矩脉动）.pdf,Siemens电机数据（带转矩脉动）,.pdf,113527,2025-11-03T22:34:58+01:00,2026-07-30T20:35:36+02:00,c9eef95b654680d4dcb70fa52183acca0cd4b6366a9e4cb423adc6ae7282fca6,e57ce12ae0095656033ab7d8d2a3b7fdb31705b2674a6f552f8e26d865b92d38,资料/参考资料,True
资料/参考资料/v2-bce9fca83a63bfc77d3022c03d60b595_1440w.jpg,C:\Users\26096\Desktop\em\FP\资料\参考资料\v2-bce9fca83a63bfc77d3022c03d60b595_1440w.jpg,v2-bce9fca83a63bfc77d3022c03d60b595_1440w.jpg,v2-bce9fca83a63bfc77d3022c03d60b595_1440w,.jpg,111517,2025-10-27T19:09:02+01:00,2026-07-30T20:35:36+02:00,2855d3480a30311eb0fd3b28ba097679ed92807b2fd283d36b509e8626d58378,224b599f489c064b60ac346b7aebcfdce2834dbdea091e034b923c45cba888d6,资料/参考资料,True
资料/参考资料/屏幕截图 2025-10-27 190954.png,C:\Users\26096\Desktop\em\FP\资料\参考资料\屏幕截图 2025-10-27 190954.png,屏幕截图 2025-10-27 190954.png,屏幕截图 2025-10-27 190954,.png,724559,2025-10-27T19:10:00+01:00,2026-07-30T20:35:36+02:00,eb81814a1475593825d2524cdf2923acda89a7e9bd824d79107e3cee360e66dd,b4c4be61d78881e6aeea45a26255d766c68fe7cc67990ee6b044c7915d3e41bf,资料/参考资料,True
资料/参考资料/论文总结.doc,C:\Users\26096\Desktop\em\FP\资料\参考资料\论文总结.doc,论文总结.doc,论文总结,.doc,2849280,2025-10-27T19:48:04+01:00,2026-07-30T20:35:36+02:00,62e9b4dfa758c3d4dad1102ec33a65de3371e9c9ea5e4ae046692a2688103297,8a92949fdb9d7edb734e9d5db4a1d3ec05567c7500dece29ce49ea3f7753917c,资料/参考资料,True
资料/参考资料/论文总结.pdf,C:\Users\26096\Desktop\em\FP\资料\参考资料\论文总结.pdf,论文总结.pdf,论文总结,.pdf,2414676,2025-10-27T19:53:10+01:00,2026-07-30T20:35:36+02:00,dc63c7c306d4d28df6d14911a99966828c3a969ccd3abf76954337e0048337f2,0453d31b556e0ef732ebe3b442258cdfef4be4629c462267cc3c9b7f1f6b370b,资料/参考资料,True
资料/参考资料/论文总结2.doc,C:\Users\26096\Desktop\em\FP\资料\参考资料\论文总结2.doc,论文总结2.doc,论文总结2,.doc,69120,2025-11-03T22:03:44+01:00,2026-07-30T20:35:36+02:00,aeb55246317037c570eae0c2dd9d60fbb0a8e8fcb607869ae5705546ad919cf3,c1316897e66e5224669de3be272616c8fc9205fdb45dd74e2e1ca84f1953d406,资料/参考资料,True
