candidate_pk,candidate_id,run_id,generation,candidate_order,chromosome_json,chromosome_hash,physical_key_hash,source,parent_candidate_id,parent_rank,clone_index,mutation_operator,mutation_strength,mutation_indices_json,hamming_distance_to_parent,lineage_id,status,validity_status,rejection_reasons_json,duplicate_of_sample_id,torque_ratio,historical_j,fitness_band,created_at,validated_at,completed_at
1,C000001,improved_dataset_1000_20260807_001,0,1,"[0,1,1,1,1,1,1,1,1,1,0,1,1,1,1,1,1,1,1,1,0,0,0,0,0,1,1,1,1,1,0,2,2,2,0,1,1,1,1,1,0,2,2,2,0,1,1,1,1,1,0,2,2,2,0,0,1,1,1,1,2,2,2,2,2,0,1,1,1,1,2,2,2,2,2,0,1,1,1,1,2,2,2,2,2,0,1,1,1,1,2,2,2,2,2,0,1,1,1,1,2,2,2,2,2,0,1,1,1,1,2,2,2,2,2,0,1,1,1,1,2,2,2,2,2,0,1,1,1,1,2,2,2,0,0,1,1,1,1,1,0,0,1,1,1,1,1,1,1,1,1,1,1,1,1,1,1,1,1,1,1,1,1,1,1,1,1,1,1,1,1,1,1,1,1,1,1,1,1,1]",00435b1e344f7280618f320a984a2ee6526a0debe44967d6f071d8662a6ceac3,16623498d2af3a714982c966d27cbd1c86b48f2626363ad866269fc43bc5bdb8,improved_initial_parent,,1,,,,[],0,L-SEED,completed,valid,[],,0.9893318341621269,0.1240243898712507,B6,2026-08-07T01:34:43.094+02:00,2026-08-07T01:34:43.094+02:00,2026-08-07T01:36:12.025+02:00
2,C000002,improved_dataset_1000_20260807_001,0,2,"[2,2,2,2,0,2,0,0,0,0,2,2,2,2,2,2,2,0,0,0,2,2,2,2,2,2,2,2,2,2,2,2,2,2,2,2,2,0,0,0,0,0,0,0,0,0,0,0,0,0,0,0,0,0,0,0,0,0,0,0,0,0,0,0,0,0,0,0,0,0,0,0,0,0,0,0,0,0,0,0,0,0,0,0,0,0,0,0,0,0,2,0,0,0,0,2,1,1,1,0,2,2,2,0,2,2,2,2,1,1,2,2,2,2,2,0,1,1,1,1,2,2,2,2,2,0,1,1,1,1,2,2,2,0,0,1,1,1,1,1,0,0,1,1,1,1,1,1,1,1,1,1,1,1,1,1,1,1,1,1,1,1,1,1,1,1,1,1,1,1,1,1,1,1,1,1,1,1,1,1]",0e029a408a20d987fd4779ff0c0e081c76b9f13e4d6ddd33bcabba6cc88c3b78,52c123036edd7eb0a6c5c26721d1ef330faed29911f3b9b6aef40d2514783b66,improved_initial_parent,,2,,,,[],0,L-SEED,completed,valid,[],,0.1203928161065561,8.729340416324618,B1,2026-08-07T01:36:12.162+02:00,2026-08-07T01:36:12.162+02:00,2026-08-07T01:37:10.242+02:00
3,C000003,improved_dataset_1000_20260807_001,0,3,"[2,1,1,1,1,1,1,1,1,1,2,1,1,1,1,1,1,1,1,1,2,2,2,2,2,1,1,1,1,1,2,2,2,2,2,1,1,1,1,1,2,2,2,2,2,1,1,1,1,1,2,2,2,2,2,0,1,1,1,1,2,2,2,2,2,0,1,1,1,1,2,2,2,2,2,0,1,1,1,1,2,2,2,2,2,0,1,1,1,1,0,2,2,0,0,0,1,1,1,1,0,2,0,0,0,0,1,1,1,1,0,0,0,0,0,0,1,1,1,1,0,0,0,0,0,0,1,0,1,1,0,0,0,0,0,0,0,0,1,1,0,0,0,0,0,0,0,0,0,1,0,0,0,0,0,0,0,0,0,1,0,0,0,0,0,0,0,0,1,1,0,0,0,0,0,0,0,0,1,1]",fcb16126af2775876bf45d40a1cba0aeb86b966c96d052b8522dfd6ac00c0f89,69b9b5563e80b7c104df3e486ae740b7c8e5a3d24df3a4436481d3b15ee45f33,improved_initial_parent,,3,,,,[],0,L-SEED,completed,valid,[],,0.6397225367019447,3.3061462197811045,B3,2026-08-07T01:37:10.387+02:00,2026-08-07T01:37:10.387+02:00,2026-08-07T01:38:59.989+02:00
4,C000004,improved_dataset_1000_20260807_001,0,4,"[2,2,1,1,0,1,0,0,0,0,2,1,1,1,1,1,1,0,0,0,2,1,1,1,1,1,1,1,1,0,1,1,1,1,1,1,1,0,0,0,0,1,1,1,1,1,0,0,0,0,0,1,0,1,1,0,0,0,0,0,1,1,1,1,1,1,1,1,1,0,1,1,1,1,1,1,1,1,1,1,1,1,1,1,1,1,1,1,0,0,2,1,1,1,2,2,1,1,1,0,2,2,2,1,2,2,2,2,1,1,2,2,2,2,2,0,1,1,1,1,2,2,2,2,2,0,1,1,1,1,2,2,2,0,0,1,1,1,1,1,0,0,1,1,1,1,1,1,1,1,1,1,1,1,1,1,1,1,1,1,1,1,1,1,1,1,1,1,1,1,1,1,1,1,1,1,1,1,1,1]",003241021410a984e37578d263484fefd770835e3ab2b7fdd61ecc533c91fa96,30d80c115a1586489a929fb103af176094f7567be78743e881ea233c73ce8edc,improved_initial_parent,,4,,,,[],0,L-SEED,completed,valid,[],,0.18731727961826358,11.566277320168856,B1,2026-08-07T01:39:00.163+02:00,2026-08-07T01:39:00.163+02:00,2026-08-07T01:45:09.999+02:00
5,C000005,improved_dataset_1000_20260807_001,0,5,"[2,2,2,2,2,2,2,2,0,0,0,2,2,2,2,2,2,2,2,0,0,2,2,2,2,2,1,1,1,0,0,2,2,2,0,1,1,1,1,0,0,2,2,2,0,1,1,1,1,1,0,2,2,2,2,1,1,1,1,0,2,2,2,2,2,2,2,1,1,1,2,0,2,0,2,1,1,1,1,1,2,0,2,2,1,1,0,1,1,1,1,1,1,1,1,1,0,0,1,1,2,2,1,1,1,0,0,0,1,1,2,2,2,2,2,0,1,1,1,1,2,0,2,2,2,2,1,1,1,1,2,2,2,2,2,1,1,1,1,1,2,2,1,1,1,1,1,1,1,1,1,1,1,1,1,1,1,1,1,1,1,1,1,1,1,1,1,1,1,1,1,1,1,1,1,1,1,1,1,1]",a5f97509b7941073ef8d78eb48dccd3dd9e90df65b0eb419ede553722fdf19fe,dd22db9bcd103c03c28d836cf4f186d27f05e43b2dfe4f0dd8930a6c327af29e,improved_initial_parent,,5,,,,[],0,L-SEED,completed,valid,[],,0.34404926514342293,6.400070240669342,B1,2026-08-07T01:45:10.142+02:00,2026-08-07T01:45:10.142+02:00,2026-08-07T02:19:29.696+02:00
6,C000006,improved_dataset_1000_20260807_001,0,6,"[0,0,0,0,0,2,2,0,2,0,0,0,0,0,0,0,2,2,2,2,0,0,0,0,0,2,2,2,2,0,0,2,2,2,0,2,2,2,0,0,0,2,0,2,0,0,2,2,2,2,0,0,0,0,0,0,2,0,2,2,0,0,0,0,0,0,2,2,2,1,0,0,0,0,0,0,2,1,1,1,0,0,0,0,0,0,2,2,1,1,0,0,0,0,0,0,1,1,1,1,0,0,0,0,0,0,1,1,1,1,0,0,0,0,0,0,1,1,1,1,0,0,0,0,0,0,1,1,1,1,0,0,0,0,0,1,1,1,1,1,0,0,1,1,1,1,1,1,1,1,1,1,1,1,1,1,1,1,1,1,1,1,1,1,1,1,1,1,1,1,1,1,1,1,1,1,1,1,1,1]",99b5dd3b763c86adffe5f6ec20ab9bc27bef0c76272666194054b29d0620a9ee,ba2bbf02996a871c6c9f3be7467c53347ab5f1033a65fd7454e75e32ce469540,improved_initial_parent,,6,,,,[],0,L-SEED,completed,valid,[],,0.08632730654339835,9.166036658141195,B1,2026-08-07T02:22:48.220+02:00,2026-08-07T02:22:48.220+02:00,2026-08-07T02:24:12.700+02:00
7,C000007,improved_dataset_1000_20260807_001,0,7,"[0,0,0,0,0,2,2,0,2,0,0,0,0,0,0,0,2,2,2,2,0,0,0,0,0,2,2,2,2,0,0,2,2,2,0,2,2,2,0,0,0,2,2,2,0,0,2,2,2,2,0,2,2,2,0,0,2,0,2,2,2,2,2,2,2,0,2,2,2,1,2,2,2,2,2,0,2,1,1,1,2,2,2,2,2,0,2,2,1,1,2,2,2,2,2,0,1,1,1,1,2,2,2,2,2,0,1,1,1,1,2,2,2,2,2,0,1,1,1,1,2,2,2,2,2,0,1,1,1,1,2,2,2,0,0,1,1,1,1,1,0,0,1,1,1,1,1,1,1,1,1,1,1,1,1,1,1,1,1,1,1,1,1,1,1,1,1,1,1,1,1,1,1,1,1,1,1,1,1,1]",abea64b08c0671fc72f7d376d82a193c990530e9f0941a372ff4938bb1806d03,0c0ddb21057e548b5874b6e6e6c7e0de2eb89bbed99eec26c3642762c43b74e5,improved_initial_parent,,7,,,,[],0,L-SEED,completed,valid,[],,0.12264845835203314,8.708134267113602,B1,2026-08-07T02:24:12.828+02:00,2026-08-07T02:24:12.828+02:00,2026-08-07T02:26:02.897+02:00
8,C000008,improved_dataset_1000_20260807_001,0,8,"[2,2,2,2,0,2,0,0,0,0,2,2,2,2,2,2,2,0,0,0,2,2,2,2,2,2,2,2,2,2,2,2,2,2,2,2,2,0,0,0,0,2,2,2,2,2,0,0,0,0,0,2,2,1,2,0,0,0,0,0,1,1,1,1,1,1,1,1,1,0,1,1,1,1,1,1,1,1,1,1,1,1,1,1,1,1,1,1,0,0,2,1,1,1,2,2,1,1,1,0,2,2,2,1,2,2,2,2,1,1,2,2,2,2,2,0,1,1,1,1,2,2,2,2,2,0,1,1,1,1,2,2,2,0,0,1,1,1,1,1,0,0,1,1,1,1,1,1,1,1,1,1,1,1,1,1,1,1,1,1,1,1,1,1,1,1,1,1,1,1,1,1,1,1,1,1,1,1,1,1]",aeacf5a36ac4a9cc1820ba987a0988e6288fc15b836b36fedfa680629b942ce1,3681c336631b75e6ebba8eeb4beaa18c7a7f3772b0d0bc6934778e671bc05c54,improved_initial_parent,,8,,,,[],0,L-SEED,completed,valid,[],,0.10496079414286412,8.951524192145639,B1,2026-08-07T02:26:03.094+02:00,2026-08-07T02:26:03.094+02:00,2026-08-07T02:31:05.363+02:00
9,C000009,improved_dataset_1000_20260807_001,0,9,"[0,0,0,0,0,0,0,0,0,0,0,0,0,0,0,0,0,0,0,0,0,0,0,0,0,0,0,0,0,0,0,2,2,2,0,0,0,0,0,0,0,2,2,2,0,0,0,0,0,0,0,2,2,2,0,0,0,0,0,0,2,2,2,2,2,2,2,2,2,2,2,2,2,2,2,2,2,2,2,2,2,2,2,2,2,2,2,2,2,2,2,2,2,2,2,2,2,2,2,2,2,2,2,2,2,2,2,2,1,1,2,2,2,2,2,0,1,1,1,1,2,2,2,2,2,0,1,1,1,1,2,2,2,0,0,1,1,1,1,1,0,0,1,1,1,1,1,1,1,1,1,1,1,1,1,1,1,1,1,1,1,1,1,1,1,1,1,1,1,1,1,1,1,1,1,1,1,1,1,1]",35c14d9a0d099e60e44e7cbc4f07334e2a4ed868a00474f74300c286750f6ab6,2f02c7e92d6514d1d2c43b73ff83d30938dedc54ca5f673a3eced05ecd1a3b76,improved_initial_parent,,9,,,,[],0,L-SEED,completed,valid,[],,0.0817534533545541,9.164780749307733,B1,2026-08-07T02:31:05.538+02:00,2026-08-07T02:31:05.538+02:00,2026-08-07T02:31:52.869+02:00
10,C000010,improved_dataset_1000_20260807_001,0,10,"[0,0,0,0,0,0,0,0,0,0,0,0,0,0,0,0,0,0,0,0,0,0,0,0,0,0,0,0,0,0,0,2,2,2,0,0,0,0,0,0,0,2,2,2,0,0,0,0,0,0,0,2,2,0,0,0,0,0,0,0,0,0,0,0,0,0,0,0,0,0,0,0,0,0,0,0,0,0,0,0,0,0,0,0,0,0,0,0,0,0,2,0,0,0,2,2,0,0,0,0,2,2,2,0,2,2,2,2,0,0,2,2,2,2,2,0,1,0,0,0,2,2,2,2,2,0,1,1,1,1,2,2,2,0,0,1,1,1,1,1,0,0,1,1,1,1,1,1,1,1,1,1,1,1,1,1,1,1,1,1,1,1,1,1,1,1,1,1,1,1,1,1,1,1,1,1,1,1,1,1]",5c12e402b40206dd93d087240fc359729d96906d1d2977c1020360ac4f3c60cc,c70bea51a635ca676a422b9886610c7e9c4655ff5d1887f1945b29863e2a0e41,improved_initial_parent,,10,,,,[],0,L-SEED,completed,valid,[],,0.08911984261137666,9.07794706735766,B1,2026-08-07T02:31:53.020+02:00,2026-08-07T02:31:53.020+02:00,2026-08-07T02:32:43.706+02:00
11,C000011,improved_dataset_1000_20260807_001,0,11,"[0,0,0,0,0,0,0,0,0,0,0,0,0,0,0,0,0,0,0,0,0,0,0,0,0,0,0,0,0,0,0,0,0,0,0,0,0,0,0,0,0,0,0,0,0,0,0,2,0,0,0,0,0,0,0,0,0,2,2,0,0,0,0,0,0,0,2,2,2,2,0,0,0,0,0,0,0,0,2,2,0,0,0,0,0,0,0,0,2,2,0,0,0,0,0,0,0,0,0,0,2,0,0,0,0,0,0,0,0,0,2,0,0,0,0,0,0,0,0,0,2,2,0,0,0,0,0,0,0,0,2,2,2,0,0,0,0,0,0,0,0,0,0,0,0,0,0,0,0,0,0,0,0,0,0,0,0,0,0,0,0,0,0,0,0,0,0,0,0,0,0,0,0,0,0,0,0,0,0,0]",a7f84fd946fd87800cad272e160e631f96edbdb082f5b80c4af314f6ed72f015,8b865395808dbe3e4dde2ca0aaee4cb1b5dc801785e1ff9f9575784c825430f9,improved_initial_parent,,1,,,,[],0,L-SEED,completed,valid,[],,0.03350776055129057,9.753048936715158,B1,2026-08-07T02:32:43.878+02:00,2026-08-07T02:32:43.878+02:00,2026-08-07T02:33:24.096+02:00
12,C000012,improved_dataset_1000_20260807_001,0,12,"[0,0,0,0,0,0,0,0,0,0,0,0,0,0,0,0,0,0,0,0,0,0,0,0,0,0,0,0,0,0,0,2,2,2,0,0,0,2,0,0,0,2,0,2,0,0,2,2,2,0,2,2,0,2,0,0,0,2,0,0,0,2,0,2,2,0,0,2,2,0,2,2,2,2,2,2,2,0,2,0,1,2,2,2,2,0,2,2,2,0,1,1,2,2,2,2,2,2,2,0,1,1,0,1,2,2,2,0,0,0,1,1,1,1,1,2,2,0,0,0,1,1,1,1,1,0,0,0,0,0,1,1,1,0,0,1,2,0,0,0,0,0,1,1,1,1,2,2,2,2,0,0,1,1,1,1,2,2,0,2,1,1,1,1,0,1,2,2,2,2,1,1,2,2,2,2,1,1,2,2]",42c1025f9553048f091da29ec9c784aa779a5070ebb797ca27c338fa7258cad5,091232a1e7dbf7a63f8ec5a9ce25ed5cbc9b70efb808aca3fac7a906534f2921,improved_initial_parent,,2,,,,[],0,L-SEED,completed,valid,[],,0.04468909581290203,9.596475212778378,B1,2026-08-07T02:33:24.228+02:00,2026-08-07T02:33:24.228+02:00,2026-08-07T02:36:28.958+02:00
13,C000013,improved_dataset_1000_20260807_001,0,13,"[0,1,1,1,1,1,1,1,1,1,0,1,1,1,1,1,1,1,1,1,0,0,0,0,0,1,1,1,1,1,0,0,0,0,0,1,1,1,1,1,0,0,0,0,0,1,1,1,1,1,0,0,0,0,0,0,1,1,1,1,0,0,0,0,0,0,1,1,1,1,0,0,0,0,0,0,1,1,1,1,0,0,0,0,0,0,1,1,1,1,0,0,0,0,0,0,1,1,1,1,2,0,0,0,0,0,1,1,1,1,2,0,0,0,0,0,1,1,1,1,2,2,0,0,0,0,1,0,1,1,2,2,2,0,0,0,0,0,1,1,0,0,0,0,0,0,0,0,0,1,0,0,0,0,0,0,0,0,0,1,0,0,0,0,0,0,0,0,1,1,0,0,0,0,0,0,0,0,1,1]",e241ce5c9830036d4e405e7385730e3f68caf1cc4351e96c14f2b867a6ba54d5,8cd90ca76428b8c80d088630a75114d869bb4ad787d4ee6a4994f6faa879d6ee,improved_initial_parent,,3,,,,[],0,L-SEED,completed,valid,[],,0.5981615187657507,3.7670426043440557,B2,2026-08-07T02:36:29.169+02:00,2026-08-07T02:36:29.169+02:00,2026-08-07T02:37:40.237+02:00
14,C000014,improved_dataset_1000_20260807_001,0,14,"[0,0,0,0,0,0,0,0,0,0,0,0,0,0,0,0,0,0,0,0,0,0,0,0,0,0,0,0,0,0,0,0,0,0,0,0,0,0,0,0,0,0,0,0,0,0,0,0,0,0,0,0,0,0,0,0,0,0,0,0,0,0,0,0,0,0,0,2,2,2,0,0,0,0,2,2,2,2,2,2,0,0,0,0,0,0,2,2,2,2,0,0,0,0,0,2,2,2,2,2,2,0,2,0,2,2,2,2,0,0,2,2,2,2,2,0,0,0,0,0,2,2,2,2,2,0,0,0,0,0,2,2,2,0,0,2,2,0,0,0,0,0,2,2,2,2,2,2,2,2,2,2,2,2,2,2,2,2,0,2,2,2,2,2,0,2,2,2,2,2,2,2,2,2,2,2,1,1,2,2]",75cf0b32d440db994df2349b625625ee1e4c128a332fdddadf5ee4d3ac226710,ff486bd127662018939d8d08bcdb1550286ef32014979d8db478b40314b2dcb6,improved_initial_parent,,4,,,,[],0,L-SEED,completed,valid,[],,0.03484270291465771,9.71981652860112,B1,2026-08-07T02:37:40.420+02:00,2026-08-07T02:37:40.420+02:00,2026-08-07T02:38:57.608+02:00
15,C000015,improved_dataset_1000_20260807_001,0,15,"[0,0,0,0,0,0,0,0,0,0,0,0,0,0,0,0,0,0,0,0,0,0,0,0,0,0,0,0,0,0,0,2,2,2,0,0,0,0,0,0,0,2,0,2,0,0,0,0,0,0,0,0,0,2,0,0,0,0,0,0,2,0,0,2,0,0,0,0,0,0,2,2,0,0,0,0,0,0,0,0,2,0,0,0,0,0,0,0,0,0,2,2,0,0,0,0,0,0,0,0,2,2,0,2,0,0,0,0,0,0,2,2,2,2,2,0,0,0,0,0,2,2,2,2,2,0,0,0,0,0,2,2,2,0,0,2,2,0,0,0,0,0,2,2,2,2,2,2,2,2,2,2,2,2,2,2,2,2,0,2,2,2,2,2,0,2,2,2,2,2,2,2,2,2,2,2,1,1,2,2]",eaa822b6bfa5cc37547e65925e784c02df854504df5b69afe48cc4c3c3f685ec,da2d7589ee30a8c7a2434f3f916692fbd235068f37f15b93fae440aeab386e2e,improved_initial_parent,,5,,,,[],0,L-SEED,completed,valid,[],,0.047680810934183006,9.55526777645051,B1,2026-08-07T02:38:57.811+02:00,2026-08-07T02:38:57.811+02:00,2026-08-07T02:40:27.632+02:00
16,C000016,improved_dataset_1000_20260807_001,0,16,"[0,0,0,0,0,0,0,0,0,0,0,0,0,0,0,0,0,0,0,0,0,0,0,0,0,0,0,0,0,0,0,2,2,2,0,0,0,0,0,0,0,2,2,2,0,0,0,0,0,0,0,2,2,2,0,0,0,0,0,0,2,2,2,2,2,2,2,2,2,2,2,2,2,2,2,2,2,2,2,2,2,2,2,2,2,2,2,2,2,2,2,2,2,2,2,2,2,2,2,2,2,2,2,2,2,2,2,2,0,0,2,2,2,2,2,0,0,0,0,0,2,2,2,2,2,0,0,0,0,0,2,2,2,0,0,2,2,0,0,0,0,0,2,2,2,2,2,2,2,2,2,2,2,2,2,2,2,2,0,2,2,2,2,2,0,2,2,2,2,2,2,2,2,2,2,2,1,1,2,2]",933e6894081de8a0a0bd6ed939b95a9f1f873358652a59e5353fc94fdd323ade,ef0267008290d670ff748648b946e3dbc0e5ff916e257b3eb22f1716436110fc,improved_initial_parent,,6,,,,[],0,L-SEED,completed,valid,[],,0.04688531697153338,9.57628868151635,B1,2026-08-07T02:40:27.889+02:00,2026-08-07T02:40:27.889+02:00,2026-08-07T02:41:42.041+02:00
17,C000017,improved_dataset_1000_20260807_001,0,17,"[0,0,0,0,2,2,0,2,2,2,0,0,0,0,2,0,0,2,0,2,0,0,0,2,2,2,2,2,2,2,0,2,2,2,2,2,2,2,2,2,0,2,2,2,2,2,2,0,2,0,0,2,2,2,2,2,2,2,2,0,2,2,0,0,2,2,2,2,2,2,0,0,0,0,0,2,2,2,2,2,0,0,2,2,2,2,2,2,2,2,0,0,0,2,0,2,2,2,2,2,0,0,0,0,2,2,2,2,0,0,0,0,0,0,0,0,0,0,0,0,0,0,0,0,0,0,0,0,0,0,0,0,0,0,0,0,0,0,0,0,0,0,0,0,0,0,0,0,0,0,0,0,0,0,0,0,0,0,0,0,0,0,0,0,0,0,0,0,0,0,0,0,0,0,0,0,1,1,0,0]",971613aff8090ab7cb3a04c553da24b8ebd3f7fbdb8a0b285e0257b8c704d121,da54d9d90569cfd4a810118bcf123b524559353bc6c291133d776c1a136c3e29,improved_initial_parent,,7,,,,[],0,L-SEED,completed,valid,[],,0.04888430270733974,9.582217331849685,B1,2026-08-07T02:41:42.364+02:00,2026-08-07T02:41:42.364+02:00,2026-08-07T02:42:54.652+02:00
18,C000018,improved_dataset_1000_20260807_001,0,18,"[0,0,0,0,0,0,0,0,0,0,0,0,0,0,0,0,0,0,0,0,0,0,0,0,0,0,0,0,0,0,0,2,2,2,0,0,0,0,0,0,0,2,2,2,0,0,0,0,0,0,0,2,2,2,0,0,0,0,0,0,0,2,2,2,0,2,2,2,2,2,0,0,2,0,0,2,2,2,2,2,0,0,0,0,0,2,0,2,2,2,0,0,0,0,0,2,0,0,2,2,0,0,0,0,0,0,0,0,0,0,0,0,0,0,0,0,0,0,0,0,0,0,0,0,0,0,2,0,0,0,0,0,0,0,0,2,2,2,0,2,0,0,2,2,2,2,2,2,2,2,0,2,2,2,2,2,2,2,0,2,2,2,2,2,2,2,2,2,2,2,2,2,1,2,2,2,2,1,1,1]",33c212b83f20484bfed726d76d37458bdeb13543a6985bf660ae86ded196903b,f75087107842682e1a5dbe01c7b24c625b91dd54a79124f2303e2c7c3c21d14e,improved_initial_parent,,8,,,,[],0,L-SEED,completed,valid,[],,0.041150229874254145,9.673735244584448,B1,2026-08-07T02:42:54.928+02:00,2026-08-07T02:42:54.928+02:00,2026-08-07T02:44:14.381+02:00
19,C000019,improved_dataset_1000_20260807_001,0,19,"[0,0,0,0,0,0,0,0,0,0,0,0,0,0,0,0,0,1,0,0,0,0,1,0,0,0,1,1,0,0,0,0,1,1,0,1,1,0,0,0,0,1,1,1,1,1,1,2,0,0,0,0,0,1,1,1,1,2,2,0,0,1,1,1,1,1,2,2,2,2,1,1,1,1,1,1,1,1,2,2,0,0,1,1,1,1,1,1,2,2,1,1,1,1,1,0,1,1,1,1,2,0,1,0,0,0,1,1,1,1,2,0,0,0,0,0,1,1,1,1,2,2,0,0,0,0,1,0,1,1,2,2,2,0,0,0,0,0,1,1,0,0,0,0,0,0,0,0,0,1,0,0,0,0,0,0,0,0,0,1,0,0,0,0,0,0,0,0,1,1,0,0,0,0,0,0,0,0,1,1]",f928ec31bbc5555040a53a78a0d9960c3077348f034ad0fb52de92252a0b5eb4,76b74730bcc5434bcf4bc3315905ca3a50f1fe155e19e939609b2ee688a32844,improved_initial_parent,,9,,,,[],0,L-SEED,completed,valid,[],,0.04375158292969051,11.154029697877547,B1,2026-08-07T02:44:14.637+02:00,2026-08-07T02:44:14.637+02:00,2026-08-07T02:47:00.888+02:00
20,C000020,improved_dataset_1000_20260807_001,0,20,"[0,0,0,0,0,0,0,0,0,0,0,0,0,0,0,0,0,0,0,0,0,0,0,0,0,0,0,0,0,0,0,2,2,2,0,0,0,0,0,0,0,2,0,2,0,0,0,0,0,0,0,0,0,2,0,0,0,0,0,0,0,0,0,2,0,0,0,0,0,0,0,0,0,0,0,0,0,0,0,0,1,0,0,0,0,0,0,0,0,0,1,1,0,0,0,0,0,0,0,0,1,1,0,1,0,0,0,0,0,0,1,1,1,1,1,0,0,0,0,0,1,1,1,1,1,0,0,0,0,0,1,1,1,0,0,1,2,0,0,0,0,0,1,1,1,1,2,2,2,2,0,0,1,1,1,1,2,2,0,2,1,1,1,1,0,1,2,2,2,2,1,1,2,2,2,2,1,1,2,2]",c15b659a2b8abaf90b96653e51f75a91528d9463bfd18910b93add1116c2af92,4f0ffd9c28bca0a2a33e0477dc363028815e985a7ddbb7a1a8e45b9512916cae,improved_initial_parent,,10,,,,[],0,L-SEED,completed,valid,[],,0.033430888938443315,9.782401588434439,B1,2026-08-07T02:47:01.168+02:00,2026-08-07T02:47:01.168+02:00,2026-08-07T02:48:27.052+02:00
21,C000021,improved_dataset_1000_20260807_001,0,21,"[2,2,2,2,2,2,2,2,0,0,0,2,2,2,2,2,2,2,2,0,0,2,2,2,2,2,2,2,2,0,0,2,2,2,0,2,2,2,2,2,0,2,2,2,0,2,2,2,2,2,0,2,2,2,2,2,2,2,2,0,2,2,2,2,2,2,2,2,2,2,2,0,2,0,2,2,2,2,2,2,2,0,2,2,2,2,0,2,2,2,2,2,2,2,2,2,0,0,2,2,2,2,2,2,2,2,0,0,0,0,2,2,2,2,2,0,2,0,0,0,2,0,2,2,2,2,2,0,0,0,2,2,2,2,2,2,2,0,0,0,2,2,2,2,2,2,2,2,0,0,2,2,2,2,2,2,0,2,2,2,2,2,2,2,2,2,2,2,2,1,2,2,2,2,2,2,2,2,1,1]",5754ccbe73166c1e76fce0fc62d7c3c2787ab2048c96bf84c8fba7660a987df9,e6bba18c9269ebca6190249c2429ae781327a85bcd00d3c57b54432020cc8ef3,improved_initial_parent,,1,,,,[],0,L-SEED,completed,valid,[],,0.054952803793159456,9.461390164972844,B1,2026-08-07T02:48:27.360+02:00,2026-08-07T02:48:27.360+02:00,2026-08-07T02:50:22.224+02:00
22,C000022,improved_dataset_1000_20260807_001,0,22,"[2,2,2,2,2,0,0,2,0,0,2,2,2,2,2,2,2,2,2,0,2,2,2,2,2,2,2,2,0,0,2,2,2,2,2,0,2,2,2,2,2,2,2,2,0,2,2,2,2,0,0,2,2,2,0,0,0,0,0,0,2,2,0,2,0,0,0,0,0,0,2,2,0,0,0,0,0,0,0,0,2,2,2,0,0,0,0,0,0,0,2,0,0,0,0,0,0,0,0,0,0,0,0,2,2,2,2,2,2,0,2,0,0,2,2,2,2,2,2,0,2,2,0,2,2,2,2,2,2,0,2,0,0,2,2,2,2,2,2,0,0,0,0,2,2,2,2,2,2,2,0,0,0,2,2,2,2,2,0,2,0,0,0,0,0,0,0,0,2,2,0,0,0,0,0,0,0,0,2,2]",c9c22b948cefe9c31413264ee612e95b3bfeab7623ff20fd5dec91c5754ebcb1,6fe1be0061943bd2656ee4257821f9d6f33fe863a0231f077616cb055730f025,improved_initial_parent,,2,,,,[],0,L-SEED,completed,valid,[],,0.06298969271467342,9.342085655305752,B1,2026-08-07T02:50:22.504+02:00,2026-08-07T02:50:22.504+02:00,2026-08-07T02:52:26.025+02:00
23,C000023,improved_dataset_1000_20260807_001,0,23,"[2,2,2,2,2,2,2,2,0,0,0,2,2,2,2,2,2,2,2,0,0,2,2,2,2,2,2,2,2,0,0,2,2,2,0,2,2,2,2,2,0,2,2,2,0,2,2,2,2,2,0,2,2,2,2,2,2,2,2,0,0,2,2,2,2,2,2,2,2,2,0,0,2,0,0,2,2,2,2,2,0,0,0,0,0,2,0,2,2,2,0,0,0,0,0,2,0,0,2,2,0,0,0,0,0,0,0,0,0,0,0,0,0,0,0,0,0,0,0,0,0,0,0,0,0,0,0,0,0,0,0,0,0,0,0,0,0,0,0,0,0,0,0,0,0,0,0,0,0,0,0,0,0,0,0,0,0,0,0,0,0,1,1,0,0,0,0,1,0,1,0,0,1,0,0,0,0,1,1,1]",b352516234530793a9286e41324b35dbea90e30b74365754566c0f68a02558c4,ca7a7af5f326cb6040543cc72f3040f2c9c0609f9f472e11d25376e4a57c9e64,improved_initial_parent,,3,,,,[],0,L-SEED,completed,valid,[],,0.06729687480808048,9.317768626646817,B1,2026-08-07T02:52:26.279+02:00,2026-08-07T02:52:26.279+02:00,2026-08-07T02:53:30.333+02:00
24,C000024,improved_dataset_1000_20260807_001,0,24,"[2,2,2,2,2,0,0,2,0,0,2,2,2,2,2,2,2,2,2,0,2,2,2,2,2,2,2,2,0,0,2,2,2,2,2,0,2,2,2,2,2,2,2,2,0,2,2,2,2,0,0,2,2,2,0,0,0,0,0,0,2,2,2,2,2,2,2,2,2,2,2,2,2,2,2,2,2,2,2,2,2,2,2,2,2,2,2,2,2,2,2,2,2,2,2,2,2,2,2,2,2,2,2,2,2,2,2,2,0,0,2,2,2,2,2,0,0,0,0,0,0,2,0,0,2,0,0,0,0,0,0,0,0,0,0,0,0,0,0,0,0,0,0,0,0,0,0,0,0,0,0,0,0,0,0,0,0,0,0,0,0,0,0,0,0,0,0,0,2,2,0,0,0,0,0,0,1,1,2,2]",d1f40b503fa7f8ec9f6078d25906881937fbcdb52dd6307e8a8cf92cca16b413,70414cee770ea0cf86f63ae44e95ab625c6a5b10e6cec449d7215af5f5c66205,improved_initial_parent,,4,,,,[],0,L-SEED,completed,valid,[],,0.06477932344292534,9.323823383907602,B1,2026-08-07T02:53:30.591+02:00,2026-08-07T02:53:30.591+02:00,2026-08-07T02:54:55.846+02:00
25,C000025,improved_dataset_1000_20260807_001,0,25,"[2,2,2,2,2,2,2,2,0,0,0,2,2,2,2,2,2,2,2,0,0,2,2,2,2,2,2,2,2,0,0,2,2,2,0,2,2,2,2,2,0,2,2,2,0,2,2,2,2,2,0,2,2,2,2,2,2,2,2,0,2,2,2,2,2,2,2,2,2,2,2,0,2,0,2,2,2,2,2,2,2,0,2,2,2,2,0,2,2,2,2,2,2,2,2,2,0,0,2,2,2,2,2,2,2,2,0,0,1,1,2,2,2,2,2,0,1,1,1,1,2,0,2,2,2,2,1,1,1,1,2,2,2,2,2,1,1,1,1,1,2,2,1,1,1,1,1,1,1,1,1,1,1,1,1,1,1,1,1,1,1,1,1,1,1,1,1,1,1,1,1,1,1,1,1,1,1,1,1,1]",e93d5b7ee61ea58690d3a97c76d09627560312f20056aceead22b3ec955a17bf,74ed7a73152220ae79f639c475fba995a41b31d37d054904872623c1ff736292,improved_initial_parent,,5,,,,[],0,L-SEED,completed,valid,[],,0.08379465308296624,9.129866356429165,B1,2026-08-07T02:54:56.156+02:00,2026-08-07T02:54:56.156+02:00,2026-08-07T02:56:26.798+02:00
26,C000026,improved_dataset_1000_20260807_001,0,26,"[2,2,2,2,2,2,2,2,0,0,0,2,2,2,2,2,2,2,2,0,0,2,2,2,2,2,2,2,2,0,0,2,2,2,0,2,2,2,2,2,0,2,2,2,0,2,2,2,2,2,0,2,2,2,2,2,2,2,2,0,2,2,2,2,2,2,2,2,2,2,2,0,2,0,2,2,2,2,2,2,2,0,2,2,2,2,0,2,2,2,2,2,2,2,2,2,0,0,2,2,2,2,2,2,2,2,0,0,0,0,2,2,2,2,2,0,0,0,0,0,2,0,2,2,2,2,0,0,0,0,2,2,2,2,2,0,0,0,0,0,2,2,0,0,0,0,0,0,0,0,0,0,0,0,0,0,0,0,0,0,1,0,0,1,0,0,0,0,0,0,1,0,0,1,1,0,0,0,1,1]",0bd12bcf399c1bc9f5c65bd4398caae9842aceae01278d5bd71f21667873105a,f3271402185d88bb5913c57f0f2ac43a07bd53b41b19e2bf0e561e26aeb2df0c,improved_initial_parent,,6,,,,[],0,L-SEED,completed,valid,[],,0.06350022638175586,9.364121631755687,B1,2026-08-07T02:56:27.077+02:00,2026-08-07T02:56:27.077+02:00,2026-08-07T02:58:12.084+02:00
27,C000027,improved_dataset_1000_20260807_001,0,27,"[2,0,0,0,0,0,0,0,0,0,2,0,0,0,0,2,0,0,0,0,2,2,2,2,2,2,2,2,0,0,2,2,2,2,2,2,2,2,2,2,2,2,2,2,2,0,2,2,0,2,2,2,2,2,2,2,2,2,2,2,2,2,2,2,2,2,2,2,2,2,2,2,2,2,2,2,2,2,2,2,2,2,2,2,2,2,2,2,2,2,2,2,2,2,2,2,2,2,2,2,2,2,2,2,2,2,2,2,1,1,2,2,2,2,2,2,2,1,1,1,2,2,2,2,2,2,2,0,1,1,2,2,2,2,2,2,2,2,1,1,2,2,2,2,2,2,2,2,2,1,2,2,2,2,2,2,2,2,2,1,2,2,2,2,2,2,2,2,1,1,2,2,2,2,2,2,2,2,1,1]",7796bcbad85ed6b89312c142d6565e2adaf88512effc8ae5cff429784a7c41e2,d63d28e15625326650e0799a1f85cb29666c1b788632c649141f9413e481d474,improved_initial_parent,,7,,,,[],0,L-SEED,completed,valid,[],,0.08353939233063203,9.148708873271888,B1,2026-08-07T02:58:12.412+02:00,2026-08-07T02:58:12.412+02:00,2026-08-07T02:59:44.463+02:00
28,C000028,improved_dataset_1000_20260807_001,0,28,"[0,1,1,1,1,1,1,1,1,1,0,1,1,1,1,1,1,1,1,1,0,0,0,0,0,1,1,1,1,1,0,2,2,2,0,1,1,1,1,1,0,2,2,2,0,1,1,1,1,1,0,2,2,2,0,0,1,1,1,1,2,2,2,2,2,0,1,1,1,1,2,2,2,2,2,0,1,1,1,1,2,2,2,2,2,0,1,1,1,1,2,2,2,2,2,0,1,1,1,1,2,2,2,2,2,0,1,1,1,1,2,2,2,2,2,0,1,1,1,1,2,2,2,2,2,0,1,0,1,1,2,2,2,0,0,0,0,0,1,1,0,0,0,0,0,0,0,0,0,1,0,0,0,0,0,0,0,0,0,1,0,0,0,0,0,0,0,0,1,1,0,0,0,0,0,0,0,0,1,1]",85ada0dd35103a570d56f0bf64d927ddbe72a5cab42df3db4695653b9acc9d04,39e38e6882691c30a14e22577326becb096d44c32c695b09659e1b1b266b2466,improved_initial_parent,,8,,,,[],0,L-SEED,completed,valid,[],,0.6167892779193617,3.5568238420912754,B3,2026-08-07T02:59:44.805+02:00,2026-08-07T02:59:44.805+02:00,2026-08-07T03:01:52.104+02:00
29,C000029,improved_dataset_1000_20260807_001,0,29,"[2,2,2,2,2,0,0,2,0,0,2,2,2,2,2,2,2,2,2,0,2,2,2,2,2,2,2,2,0,0,2,2,2,2,2,0,2,2,2,2,2,2,2,2,0,2,2,2,2,0,0,2,2,2,0,0,0,0,0,0,2,2,2,2,2,2,2,2,2,2,2,2,2,2,2,2,2,2,2,2,2,2,2,2,2,2,2,2,2,2,2,2,2,2,2,2,2,2,2,2,2,2,2,2,2,2,2,2,0,0,2,2,2,2,2,0,0,0,0,0,2,2,2,2,2,0,0,0,0,0,2,2,2,0,0,2,2,0,0,0,0,0,2,2,2,2,2,2,2,2,2,2,2,2,2,2,2,2,0,2,2,2,2,2,0,2,2,2,2,2,2,2,2,2,2,2,1,1,2,2]",94f03f2186c755e7ad5118c82851180114eb0c68af9f92ae169916b49bd861de,23104c0db93aa76a7f70ffc67b41e0f020e33e767797361a36b2ac1994a75774,improved_initial_parent,,9,,,,[],0,L-SEED,completed,valid,[],,0.056236648238694634,9.422532663992328,B1,2026-08-07T03:01:52.307+02:00,2026-08-07T03:01:52.307+02:00,2026-08-07T03:03:38.436+02:00
30,C000030,improved_dataset_1000_20260807_001,0,30,"[2,0,0,0,0,0,0,0,0,0,2,0,0,0,0,2,0,0,0,0,2,2,2,2,2,2,2,2,0,0,2,2,2,2,2,2,2,2,2,2,2,2,2,2,2,0,2,2,0,2,2,2,2,2,2,2,2,2,2,2,2,2,2,2,2,2,2,2,2,2,2,2,2,2,2,2,2,2,2,2,2,2,2,2,2,2,2,2,2,2,2,2,2,2,2,2,2,2,2,2,2,2,2,2,2,2,2,2,1,1,2,2,2,2,2,2,2,1,1,1,2,2,2,2,2,2,2,0,1,1,2,2,2,0,2,2,2,2,1,1,0,0,0,0,2,2,2,0,0,1,0,0,0,0,0,0,0,0,0,1,0,0,0,0,0,0,0,0,1,1,0,0,0,0,0,0,0,0,1,1]",e86d7b23be5fc8dd1cf0408823d4f4bf8d6ecc883bd4664e6e49f9b82b873553,822a06aaed3b14cdc5ad568ae063039e77f789de23cec90258da3f4185012203,improved_initial_parent,,10,,,,[],0,L-SEED,completed,valid,[],,0.08081561595239377,9.179235122481655,B1,2026-08-07T03:03:38.755+02:00,2026-08-07T03:03:38.755+02:00,2026-08-07T03:04:49.110+02:00
31,C000031,improved_dataset_1000_20260807_001,0,31,"[2,2,2,2,2,0,0,2,0,0,2,2,2,2,2,2,2,2,2,0,2,2,2,2,2,2,2,2,0,0,2,2,2,2,2,0,2,2,2,2,2,2,2,2,0,2,2,2,2,0,0,2,2,2,0,0,0,0,0,0,2,2,1,2,1,1,1,1,0,0,2,2,1,1,1,1,1,0,1,1,2,2,2,1,1,1,1,1,1,1,2,1,1,1,1,1,1,1,1,1,1,1,1,1,1,1,1,0,0,0,2,1,1,0,1,0,0,0,0,0,2,2,1,1,1,0,0,0,0,0,2,1,1,0,0,1,1,0,0,0,0,0,1,1,1,0,1,2,2,2,1,1,1,1,1,1,1,2,0,2,1,1,1,1,0,1,1,1,2,2,1,1,1,1,1,1,1,1,2,2]",25bb4314a9c99ffa67730076d656117911c95b2679b43f5112efb5956bfa7a9f,36775494cdc4c878effb68ad24b16d30f6ea8415b82c036f58fd6e67ab4f8611,improved_initial_parent,,1,,,,[],0,L-SEED,completed,valid,[],,0.13522800369414845,8.573564742427807,B1,2026-08-07T03:04:49.491+02:00,2026-08-07T03:04:49.491+02:00,2026-08-07T03:18:46.113+02:00
32,C000032,improved_dataset_1000_20260807_001,0,32,"[0,0,0,0,0,0,0,0,0,0,0,0,0,0,0,0,0,0,0,0,0,0,0,0,0,0,0,0,0,0,0,2,2,2,0,0,0,0,0,0,0,2,2,2,0,0,0,0,0,0,0,2,2,2,0,0,0,0,0,0,0,2,2,2,0,2,2,2,2,2,0,0,2,0,0,2,2,2,2,2,0,0,0,0,0,2,0,2,2,2,0,0,0,0,0,2,0,0,2,2,0,0,0,0,0,0,0,0,1,1,0,0,0,0,0,0,1,1,1,1,0,0,0,0,0,0,1,1,1,1,0,0,0,0,0,1,1,1,1,1,0,0,1,1,1,1,1,1,1,1,1,1,1,1,1,1,1,1,1,1,1,1,1,1,1,1,1,1,1,1,1,1,1,1,1,1,1,1,1,1]",176ae9d2dfd067cac282aa7e46a8b13e7e8ffd5135967fc9d64a8073061f9758,7d68c5518ba0c37146b0255e186e89e3fb27f19560d0437144573f1536fc864c,improved_initial_parent,,2,,,,[],0,L-SEED,completed,valid,[],,0.0689141632769985,9.309022474864653,B1,2026-08-07T03:18:46.319+02:00,2026-08-07T03:18:46.319+02:00,2026-08-07T03:19:45.578+02:00
33,C000033,improved_dataset_1000_20260807_001,0,33,"[2,2,2,2,2,0,0,2,0,0,2,2,2,2,2,2,2,2,2,0,2,2,2,2,2,2,2,2,0,0,2,2,2,2,2,0,2,2,2,2,2,2,2,2,0,2,2,2,2,0,0,2,2,2,0,0,0,0,0,0,2,2,2,2,2,2,2,2,2,2,2,2,2,2,2,2,2,2,2,2,2,2,2,2,2,2,2,2,2,2,2,2,2,2,2,2,2,2,2,2,2,2,2,2,2,2,2,2,0,0,2,2,1,2,2,0,0,0,0,0,2,2,1,2,2,0,0,0,0,0,2,1,1,0,0,1,1,0,0,0,0,0,1,1,1,0,1,2,2,2,1,1,1,1,1,1,1,2,0,2,1,1,1,1,0,1,1,1,2,2,1,1,1,1,1,1,1,1,2,2]",88df622fec9a5449e01ac5827cda857b60f098804926c09c514c9788b6300133,aa67e5740fbc225864c18e2dc770aafb0666f943ab85ab7dc310a0dadcbda927,improved_initial_parent,,3,,,,[],0,L-SEED,completed,valid,[],,0.06991362397256054,9.269483010754804,B1,2026-08-07T03:19:45.893+02:00,2026-08-07T03:19:45.893+02:00,2026-08-07T03:21:51.752+02:00
34,C000034,improved_dataset_1000_20260807_001,0,34,"[0,0,0,0,0,2,2,0,2,0,0,0,0,0,0,0,2,2,2,2,0,0,0,0,0,2,2,2,2,0,0,2,2,2,0,2,2,2,0,0,0,2,0,2,0,0,2,2,2,2,0,0,0,0,0,0,2,0,2,2,0,0,0,0,0,0,2,2,2,0,0,0,0,0,0,0,2,0,0,0,0,0,0,0,0,0,2,2,0,0,0,0,0,0,0,0,0,0,0,0,0,0,0,0,0,0,0,0,0,0,0,0,0,0,0,0,0,0,0,0,0,0,0,0,0,0,0,0,0,0,0,0,0,0,0,0,0,0,0,0,0,0,1,1,1,0,0,0,0,0,1,1,1,1,1,0,0,1,1,1,1,1,1,1,1,1,1,1,1,1,1,1,1,1,1,1,1,1,1,1]",f5e311fc1f09ccae9857c672e5793c2f844bb203b484dd76382c6542b86702ea,d03293efa98066471dc9e0083d62e903e83f7efa810cee0c38b43e6eccb78a19,improved_initial_parent,,4,,,,[],0,L-SEED,completed,valid,[],,0.05295946652006247,9.594997414309578,B1,2026-08-07T03:21:52.011+02:00,2026-08-07T03:21:52.011+02:00,2026-08-07T03:23:16.544+02:00
35,C000035,improved_dataset_1000_20260807_001,0,35,"[2,2,2,2,2,0,0,2,0,0,2,2,2,2,2,2,2,2,2,0,2,2,2,2,2,2,2,2,0,0,2,2,2,2,2,0,2,2,2,2,2,2,2,2,0,2,2,2,2,0,0,2,2,2,0,0,0,0,0,0,2,2,0,2,0,0,0,0,0,0,2,2,0,0,0,0,0,0,0,0,2,2,2,0,0,0,0,0,0,0,2,0,0,0,0,0,0,0,0,0,0,0,0,0,0,0,0,0,0,0,2,0,0,0,0,0,0,0,0,0,2,2,0,0,0,0,0,0,0,0,2,0,0,0,0,1,1,0,0,0,0,0,0,1,1,0,1,2,2,2,1,1,1,1,1,1,1,2,0,2,1,1,1,1,0,1,1,1,2,2,1,1,1,1,1,1,1,1,2,2]",65bf743a1c86552ee25e2ee79ff609e73bfe22bbd0eaf75f26d308377a3c6e41,dde47a6a2a59edf3a4f8fa2290f80de8b1493535c26833e2b1c55676eb0a8fae,improved_initial_parent,,5,,,,[],0,L-SEED,completed,valid,[],,0.08640869883053484,9.0864937185523,B1,2026-08-07T03:23:16.810+02:00,2026-08-07T03:23:16.810+02:00,2026-08-07T03:25:14.438+02:00
36,C000036,improved_dataset_1000_20260807_001,0,36,"[0,0,0,0,0,0,0,0,0,0,0,0,0,0,0,0,0,0,0,0,0,0,0,0,0,0,0,0,0,0,0,2,2,2,0,0,0,0,0,0,0,2,2,2,0,0,0,0,0,0,0,2,2,1,0,0,0,0,0,0,1,1,1,1,1,1,1,1,1,0,1,1,1,1,1,1,1,1,1,1,1,1,1,1,1,1,1,1,0,0,2,1,1,1,2,2,1,1,1,0,2,2,2,1,2,2,2,2,1,1,2,2,2,2,2,0,1,1,1,1,2,2,2,2,2,0,1,1,1,1,2,2,2,0,0,1,1,1,1,1,0,0,1,1,1,1,1,1,1,1,1,1,1,1,1,1,1,1,1,1,1,1,1,1,1,1,1,1,1,1,1,1,1,1,1,1,1,1,1,1]",3705955f8938c1db6a70045a180844a77a34a2effdeb3479727283d427b62767,25989372a52208f06f0edcfec2468374a7b65e53bcb80a1ff99714e08d4a8f9a,improved_initial_parent,,6,,,,[],0,L-SEED,completed,valid,[],,0.06086743862229027,9.67852913294053,B1,2026-08-07T03:25:14.679+02:00,2026-08-07T03:25:14.679+02:00,2026-08-07T03:28:38.789+02:00
37,C000037,improved_dataset_1000_20260807_001,0,37,"[2,2,2,2,0,2,0,0,0,0,2,2,2,2,2,2,2,0,0,0,2,2,2,2,2,2,2,2,2,2,2,2,2,2,2,2,2,0,0,0,0,0,0,0,0,0,0,0,0,0,0,0,0,0,0,0,0,0,0,0,0,0,0,0,0,0,0,0,0,0,0,0,0,0,0,0,0,0,0,0,0,0,0,0,0,0,0,0,0,0,2,0,0,0,0,2,0,0,0,0,2,2,2,0,2,2,2,2,0,0,2,2,2,2,2,0,0,0,0,0,2,2,2,2,2,0,0,0,0,0,2,2,2,0,0,0,0,0,0,0,0,0,1,0,0,0,0,0,0,0,1,1,1,1,0,0,0,0,0,1,1,1,1,1,1,0,1,0,0,1,1,1,1,1,1,0,1,1,0,1]",7e6634374c309ce04f6252d7e440a08a98c705a8a812b0eb1efefd1e7a5becbf,1bf19cd33fb94172e3e8d2861f2199c6cdfae2660566063364160a200971a610,improved_initial_parent,,7,,,,[],0,L-SEED,completed,valid,[],,0.08869402919796544,9.087587383386376,B1,2026-08-07T03:28:38.992+02:00,2026-08-07T03:28:38.992+02:00,2026-08-07T03:29:40.456+02:00
38,C000038,improved_dataset_1000_20260807_001,0,38,"[0,0,0,0,0,0,0,0,0,0,0,0,0,0,0,0,0,0,0,0,0,0,0,0,0,0,0,0,0,0,0,0,0,0,0,0,0,0,0,0,0,0,0,0,0,0,0,0,0,0,0,0,0,0,0,0,0,0,0,0,0,0,0,0,0,0,0,2,2,2,0,0,0,0,2,2,2,2,2,2,0,0,0,0,0,0,2,2,2,2,0,0,0,0,0,2,2,2,2,2,0,0,1,0,2,2,2,2,0,0,1,1,1,1,1,0,0,0,0,0,0,0,1,1,1,0,0,0,0,0,1,1,1,0,0,1,1,0,0,0,0,0,1,1,1,1,1,1,1,1,1,1,1,1,1,1,1,1,0,1,1,2,1,1,0,1,1,1,2,2,2,2,2,1,0,0,1,1,2,2]",3cfe3667b10d69d7a8c369132c125103643a47f4e82b1074a4edde2462d180b7,b33bf0d01fa6344003a16f1fcae84555cd1ec5264a612cf9ecdf3bf776b59251,improved_initial_parent,,8,,,,[],0,L-SEED,completed,valid,[],,0.02151637916624095,9.87210559181617,B1,2026-08-07T03:29:40.756+02:00,2026-08-07T03:29:40.756+02:00,2026-08-07T03:33:24.634+02:00
39,C000039,improved_dataset_1000_20260807_001,0,39,"[2,2,2,2,2,0,0,2,0,0,2,2,2,2,2,2,2,2,2,0,2,2,2,2,2,2,2,2,0,0,2,2,2,2,2,0,2,2,2,2,2,2,2,2,0,2,2,2,2,0,0,2,2,2,0,0,0,0,0,0,2,2,0,2,0,0,0,0,0,0,2,2,0,0,0,0,0,0,0,0,2,2,2,0,0,0,0,0,0,0,2,0,0,0,0,0,0,0,0,0,0,0,0,0,0,0,0,0,0,0,2,0,0,0,0,0,0,0,0,0,2,2,0,0,0,0,0,0,0,0,2,0,0,0,0,0,0,0,0,0,0,0,0,0,0,0,0,2,2,2,0,0,0,0,0,0,0,2,0,2,0,0,0,0,0,0,0,0,2,2,0,0,0,0,0,0,0,0,2,2]",18df0f39db670dcbaf3431982fafbd95bd95dd98377efbd3e32202552e395b1a,a48ad04f01fd03720ceea1253dfb3ce94c0765ea34aadff7f591ca9043a22998,improved_initial_parent,,9,,,,[],0,L-SEED,completed,valid,[],,0.07935397501780977,9.168346848160818,B1,2026-08-07T03:33:24.936+02:00,2026-08-07T03:33:24.936+02:00,2026-08-07T03:34:54.740+02:00
40,C000040,improved_dataset_1000_20260807_001,0,40,"[0,0,0,0,0,0,0,0,0,0,0,0,0,0,0,0,0,0,0,0,0,0,0,0,0,0,0,0,0,0,0,2,2,2,0,0,0,0,0,0,0,2,2,2,2,2,2,2,2,2,0,2,2,2,2,2,2,2,2,2,0,0,0,2,2,2,2,2,2,2,0,0,0,2,2,2,2,2,2,2,0,0,0,2,2,2,2,2,2,2,2,0,0,2,2,2,2,0,0,0,2,2,2,0,2,2,2,2,0,0,2,2,2,2,2,0,1,0,0,0,2,2,2,2,2,0,1,1,1,1,2,2,2,0,0,1,1,1,1,1,0,0,1,1,1,1,1,1,1,1,1,1,1,1,1,1,1,1,1,1,1,1,1,1,1,1,1,1,1,1,1,1,1,1,1,1,1,1,1,1]",94f5c50910251711ed849552b02e4bbfe4e5fbe24139ec391b420565be904832,032115a597661a7604af202224899f10ade2470f25aa4565f0159639f7cb4181,improved_initial_parent,,10,,,,[],0,L-SEED,completed,valid,[],,0.06720850033532601,9.341366436907775,B1,2026-08-07T03:34:55.082+02:00,2026-08-07T03:34:55.082+02:00,2026-08-07T03:35:59.206+02:00
41,C000041,improved_dataset_1000_20260807_001,0,41,"[2,0,0,0,0,0,0,0,0,0,2,0,0,0,0,0,0,0,0,0,2,2,2,2,2,0,0,0,0,0,2,2,2,2,2,0,0,0,0,0,2,2,2,2,2,0,0,0,0,0,2,2,2,2,2,2,0,0,0,0,2,2,2,2,2,2,0,0,0,0,2,2,2,2,2,2,0,0,0,0,2,2,2,2,2,2,0,0,0,0,2,2,2,2,2,2,0,0,0,0,2,2,2,2,2,2,0,0,1,1,2,2,2,2,2,2,0,1,1,1,2,2,2,2,2,2,0,0,1,1,2,2,2,0,2,2,2,2,1,1,0,0,0,0,2,2,2,0,0,1,0,0,0,0,0,0,0,0,0,1,0,0,0,0,0,0,0,0,1,1,0,0,0,0,0,0,0,0,1,1]",0f2862f486e8948516c8d2fcbd350c61776bde5cf0dd45c997ef5acc6343fe63,0b9ee68d0e603c10d13a1a5ad54729a6f93a5951b3a79d9acce49f32ee22840c,improved_initial_parent,,1,,,,[],0,L-SEED,completed,valid,[],,0.09697346962896394,9.006904333611443,B1,2026-08-07T03:35:59.628+02:00,2026-08-07T03:35:59.628+02:00,2026-08-07T03:37:03.901+02:00
42,C000042,improved_dataset_1000_20260807_001,0,42,"[2,2,2,2,2,2,2,2,0,0,0,2,2,2,2,2,2,2,2,0,0,2,2,2,2,2,0,0,0,0,0,2,2,2,0,0,0,0,0,0,0,2,2,2,0,0,0,0,0,0,0,2,2,2,2,0,0,0,0,0,2,2,2,2,2,2,2,0,0,0,2,0,2,0,2,0,0,0,0,0,2,0,2,2,0,0,0,0,0,0,0,0,0,0,0,0,0,0,0,0,2,2,0,0,0,0,0,0,0,0,2,2,2,2,2,0,0,0,0,0,2,0,2,2,2,2,0,0,0,0,2,2,2,2,2,0,0,0,0,0,2,2,1,0,0,0,0,0,0,0,1,1,1,1,1,1,1,0,0,1,1,1,1,1,1,1,1,1,1,1,1,1,1,1,1,1,1,1,1,1]",9ca9751f45cc43459e27b096ef80cb8b50076c4e88fa3a7d420ecc34d3a34750,449e67d1f254ef1d290e18232c9d9a3abbabd930f7d9dcbca4803f5f5da3183a,improved_initial_parent,,2,,,,[],0,L-SEED,completed,valid,[],,0.08721519561108133,9.094428121676698,B1,2026-08-07T03:37:04.126+02:00,2026-08-07T03:37:04.126+02:00,2026-08-07T03:38:20.099+02:00
43,C000043,improved_dataset_1000_20260807_001,0,43,"[2,0,0,0,0,0,0,0,0,0,2,0,0,0,0,0,0,0,0,0,2,2,2,2,2,0,0,0,0,0,0,0,2,2,2,0,0,0,0,0,0,0,0,2,2,0,0,0,0,0,0,0,0,0,0,0,0,0,0,0,0,0,0,0,0,0,0,0,0,0,0,0,0,0,0,0,0,0,0,0,0,0,0,0,0,0,0,0,0,0,0,2,2,0,0,0,0,0,0,0,2,2,2,0,0,2,0,0,1,1,2,2,2,0,2,2,0,1,1,1,2,2,2,2,2,2,0,0,1,1,2,2,2,2,2,2,2,2,1,1,2,2,2,2,2,2,2,2,2,1,2,2,2,2,2,2,2,2,2,1,2,2,2,2,2,2,2,2,1,1,0,2,2,2,2,2,2,0,1,1]",3ad18a06a00ccff162b97f963b92cae9accdc15b0292f23446422c094352629c,2dd131138ca468d838fddc108c76a80f4927c4d2a182e327c50bf25b9a8e20b8,improved_initial_parent,,3,,,,[],0,L-SEED,completed,valid,[],,0.0953992243618427,9.03954718275532,B1,2026-08-07T03:38:20.408+02:00,2026-08-07T03:38:20.408+02:00,2026-08-07T03:39:27.540+02:00
44,C000044,improved_dataset_1000_20260807_001,0,44,"[2,2,2,2,2,2,2,2,0,0,0,2,2,2,2,2,0,0,0,0,0,2,2,2,2,0,0,0,0,0,0,2,2,2,0,0,0,0,0,0,0,2,2,2,0,0,0,0,0,0,0,2,2,2,2,0,0,0,0,0,0,2,2,2,2,0,0,0,0,0,0,0,2,0,0,0,0,0,0,0,0,0,0,0,0,0,0,0,0,0,0,0,0,0,0,0,0,0,0,0,0,0,0,0,0,0,0,0,0,0,0,0,0,0,0,0,0,0,0,0,0,0,0,0,0,0,0,0,0,0,0,0,0,0,0,0,0,0,0,0,0,0,0,0,0,0,0,0,0,0,0,0,0,0,0,0,0,0,0,0,0,1,1,0,0,0,0,1,0,1,0,0,1,0,0,0,0,1,1,1]",b59faa02cd659cad59ebbfc214b08a899d98847bfadf774a813fd8cb64fb44cf,bd11cc1295b8aed9a62efc58e010c4f0b23fab316e22a09d4e7b7b6dc462361e,improved_initial_parent,,4,,,,[],0,L-SEED,completed,valid,[],,0.10919802501934055,8.855896216711528,B1,2026-08-07T03:39:27.797+02:00,2026-08-07T03:39:27.797+02:00,2026-08-07T03:40:24.378+02:00
45,C000045,improved_dataset_1000_20260807_001,0,45,"[0,0,0,0,0,0,0,0,0,0,0,0,0,0,0,0,0,0,0,0,0,0,0,0,0,0,0,0,0,0,0,2,2,2,0,0,0,0,0,0,0,2,2,2,0,0,0,0,0,0,0,2,2,2,0,0,0,0,0,0,2,2,2,2,2,2,2,2,2,2,2,2,2,2,2,2,2,2,2,2,2,2,2,2,2,2,2,2,2,2,2,2,2,2,2,2,2,2,2,2,2,2,2,2,2,2,2,2,0,0,2,0,2,2,2,0,0,0,0,0,2,0,2,2,2,0,0,0,0,0,2,0,0,0,0,0,0,0,0,0,0,0,0,0,0,0,0,0,0,0,0,0,0,0,0,0,0,0,0,0,0,0,0,0,0,0,0,0,0,0,0,0,0,0,0,0,1,1,0,0]",7f18145182775d7917c40d744d7fa791eecb7700e427913ba6b08c541f5eeacc,4cea626c23c86954dba6921d8bf1b13389f5368c23a2d3c1b8a23f1d089ccedd,improved_initial_parent,,5,,,,[],0,L-SEED,completed,valid,[],,0.05407407044911428,9.459859852116757,B1,2026-08-07T03:40:24.623+02:00,2026-08-07T03:40:24.623+02:00,2026-08-07T03:41:13.652+02:00
46,C000046,improved_dataset_1000_20260807_001,0,46,"[0,0,0,0,0,0,0,0,0,0,0,0,0,0,0,0,0,0,0,0,0,0,0,0,0,0,0,0,0,0,0,0,0,0,0,0,0,0,0,0,0,0,0,0,0,0,0,0,0,0,0,0,0,0,0,0,0,0,0,0,0,0,0,0,0,0,0,0,0,0,0,0,0,0,0,0,0,0,0,0,0,0,0,0,0,0,0,0,0,0,0,0,0,0,0,0,0,0,0,0,2,2,0,0,0,0,0,0,0,0,2,2,2,2,2,0,0,0,0,0,2,0,2,2,2,2,0,0,0,0,2,2,2,2,2,0,0,0,0,0,2,2,1,0,0,0,0,0,0,0,1,1,1,1,1,1,1,0,0,1,1,1,1,1,1,1,1,1,1,1,1,1,1,1,1,1,1,1,1,1]",aae9512ef45520aa7688b51728ba9faa18541da7f0c794369d17c19f11edb2e6,9872be3112628c5e0ed9b4258a25018f4471d998bede1f902dc7529185c587d6,improved_initial_parent,,6,,,,[],0,L-SEED,completed,valid,[],,0.06089547256840136,9.387936002006052,B1,2026-08-07T03:41:13.970+02:00,2026-08-07T03:41:13.970+02:00,2026-08-07T03:41:57.465+02:00
47,C000047,improved_dataset_1000_20260807_001,0,47,"[2,1,1,1,1,1,1,1,1,1,2,1,1,1,1,1,1,1,1,1,2,2,2,2,2,1,1,1,1,1,2,2,2,2,2,1,1,1,1,1,2,2,2,2,2,1,1,1,1,1,2,2,2,2,2,2,1,1,1,1,2,2,2,2,2,2,1,1,1,1,2,2,2,2,2,2,1,1,1,1,2,2,2,2,2,2,1,1,1,1,2,2,2,2,2,2,1,1,1,1,2,2,2,2,2,2,1,1,1,1,2,2,2,2,2,2,1,1,1,1,2,2,2,2,2,2,1,0,1,1,2,2,2,0,2,2,2,2,1,1,0,0,0,0,2,2,2,0,0,1,0,0,0,0,0,0,0,0,0,1,0,0,0,0,0,0,0,0,1,1,0,0,0,0,0,0,0,0,1,1]",52cd1a7000de05a958b1611c3818c179bd02568fb7a0bc379c57d54c4ed75564,675e7dea8926b18805385d5726eaa1a7abadb75d002df1c04cf7af65fd841300,improved_initial_parent,,7,,,,[],0,L-SEED,completed,valid,[],,0.6201155097945393,3.525923567996749,B3,2026-08-07T03:41:57.707+02:00,2026-08-07T03:41:57.707+02:00,2026-08-07T03:44:03.270+02:00
48,C000048,improved_dataset_1000_20260807_001,0,48,"[2,2,2,2,2,2,2,2,0,0,0,2,2,2,2,2,2,2,2,0,0,2,2,2,2,2,2,2,2,0,0,2,2,2,0,2,2,2,2,2,0,2,2,2,0,2,2,2,2,2,0,2,2,2,2,2,2,2,2,0,0,2,2,2,2,2,2,2,2,2,0,0,2,0,0,2,2,2,2,2,0,0,0,0,0,2,0,2,2,2,0,0,0,0,0,2,0,0,2,2,2,2,2,2,2,2,0,0,0,0,2,2,2,2,2,2,0,0,0,0,2,2,2,2,2,2,0,0,0,0,2,2,2,2,2,2,0,0,0,0,2,2,2,2,2,2,0,0,0,0,2,2,2,2,2,2,0,0,0,0,0,1,1,0,0,0,0,1,0,1,0,0,1,0,0,0,0,1,1,1]",732de493a0ca5b668b7acef6f8618b2bc06f0df021741d9132fdc55e15f9de9e,251117bc2564730f39599ac74d6996d37c1c652b176648d990cd370b0d3fcc93,improved_initial_parent,,8,,,,[],0,L-SEED,completed,valid,[],,0.05994122906135046,9.395041791206772,B1,2026-08-07T03:44:03.562+02:00,2026-08-07T03:44:03.562+02:00,2026-08-07T03:45:20.243+02:00
49,C000049,improved_dataset_1000_20260807_001,0,49,"[2,0,0,0,0,0,0,0,0,0,2,0,0,0,0,0,0,0,0,0,2,2,2,2,2,0,0,0,0,0,0,0,2,2,2,0,0,0,0,0,0,0,0,2,2,0,0,0,0,0,0,0,0,0,0,0,0,0,0,0,0,0,0,0,0,0,0,0,0,0,0,0,0,0,0,0,0,0,0,0,0,0,0,0,0,0,0,0,0,0,0,2,2,0,0,0,0,0,0,0,2,2,2,0,0,0,0,0,1,1,2,2,0,0,0,0,0,1,1,1,2,2,0,0,0,2,0,0,1,1,2,2,2,0,0,2,2,2,1,1,0,0,0,0,0,2,2,0,0,1,0,0,0,0,0,0,0,0,0,1,0,0,0,0,0,0,0,0,1,1,0,0,0,0,0,0,0,0,1,1]",a2b40cae1491bba62495099508381916e5b06805b690d36f4c890331ac6aed95,37273d66313de61e4d04939e1c43a7169b55db5340d534c47b95c1a6b368d6c9,improved_initial_parent,,9,,,,[],0,L-SEED,completed,valid,[],,0.1076014961336509,8.895992370397405,B1,2026-08-07T03:45:20.565+02:00,2026-08-07T03:45:20.565+02:00,2026-08-07T03:46:18.688+02:00
50,C000050,improved_dataset_1000_20260807_001,0,50,"[0,0,0,0,0,0,0,0,0,0,0,0,0,0,0,0,0,0,0,0,0,0,0,0,0,0,0,0,0,0,0,2,2,2,0,0,0,0,0,0,0,2,2,2,0,0,0,0,0,0,0,2,2,2,0,0,0,0,0,0,2,2,2,2,2,0,0,0,0,0,2,2,2,2,2,0,0,0,0,0,2,2,2,2,2,0,1,0,1,0,2,2,2,2,2,0,1,1,1,1,2,2,2,2,2,0,1,1,1,1,2,2,2,2,2,0,1,1,1,1,2,2,2,2,2,0,1,0,1,1,2,2,2,0,0,0,0,0,1,1,0,0,0,0,0,0,0,0,0,1,0,0,0,0,0,0,0,0,0,1,0,0,0,0,0,0,0,0,1,1,0,0,0,0,0,0,0,0,1,1]",fec11ba6225a0fa5904c631262659c4364f434099df773196fc3a45d2d8d4b2d,8abb0a04400b2f0b0fc917869eb399193fd1dc782fb9920908b83de7df605d37,improved_initial_parent,,10,,,,[],0,L-SEED,completed,valid,[],,0.12957125865416377,8.615228562155833,B1,2026-08-07T03:46:18.943+02:00,2026-08-07T03:46:18.943+02:00,2026-08-07T03:47:09.002+02:00
51,C000051,improved_dataset_1000_20260807_001,0,51,"[2,2,2,2,2,0,0,2,0,0,0,2,2,2,0,0,2,2,2,0,0,2,2,2,0,0,0,0,0,0,0,2,2,2,0,0,2,2,2,2,0,0,2,0,2,0,2,2,2,2,0,0,2,2,2,2,2,2,2,0,0,0,0,2,2,2,2,0,2,2,0,1,0,2,2,2,2,2,2,2,1,1,0,0,2,2,1,0,0,2,1,1,1,1,2,2,1,1,2,2,1,1,1,1,1,1,1,1,1,1,1,1,1,1,1,1,1,1,1,1,1,1,0,1,1,1,1,1,1,1,1,1,1,1,1,1,1,1,1,1,1,1,1,1,1,1,1,1,1,1,1,1,1,0,1,1,1,1,1,1,1,1,1,1,1,1,1,1,1,1,1,1,1,1,1,1,1,1,1,1]",488ea82e818d8a75b1f5e8cee4249e7d43969a53560bf5a376026180238bc7b2,0126ca395edb6e0f5d056f73c2c60b786298d69551eedf9ef7a7fe3c0fec435d,improved_initial_parent,,1,,,,[],0,L-SEED,completed,valid,[],,0.08450906647716858,9.106935635833306,B1,2026-08-07T03:47:09.385+02:00,2026-08-07T03:47:09.385+02:00,2026-08-07T03:49:03.955+02:00
52,C000052,improved_dataset_1000_20260807_001,0,52,"[0,0,0,0,2,2,2,2,0,0,0,0,0,0,0,2,2,2,2,0,0,0,0,0,0,0,0,2,2,0,0,0,0,0,0,0,0,0,0,0,0,2,0,0,0,0,0,0,0,0,0,2,2,0,0,0,0,0,0,0,0,2,2,0,0,0,0,0,2,2,0,1,2,0,0,0,2,2,2,2,1,1,0,0,0,0,0,2,2,2,1,1,1,1,0,0,0,0,2,2,1,1,1,1,1,0,0,0,0,0,1,1,1,1,0,0,0,0,0,0,1,1,0,1,0,1,0,0,0,0,1,1,1,1,1,1,1,0,0,0,1,1,1,1,1,1,0,0,0,0,1,1,1,0,1,0,0,0,0,0,1,1,1,0,0,0,0,1,0,1,1,1,1,0,0,0,0,1,1,1]",f68a3d96ac8a508e65a6c3cc7f8eac698c1cba77dcd03a3c54b2e091f30512a1,3f2efeac91aadcda34cf1979763083a113f3dce24d163986e6b173b84e0a82ee,improved_initial_parent,,2,,,,[],0,L-SEED,completed,valid,[],,0.0604702389156597,9.575883948155388,B1,2026-08-07T03:49:04.219+02:00,2026-08-07T03:49:04.219+02:00,2026-08-07T03:50:24.329+02:00
53,C000053,improved_dataset_1000_20260807_001,0,53,"[2,2,2,2,2,2,2,2,0,0,0,2,2,2,2,2,2,2,2,0,0,2,2,2,2,2,2,2,2,0,0,2,2,2,0,2,2,2,2,2,0,2,2,2,0,2,2,2,2,2,0,2,2,2,2,2,2,2,2,0,0,2,2,2,2,2,2,2,2,2,0,0,2,0,0,2,2,2,2,2,0,0,0,0,0,2,0,2,2,2,0,0,0,0,0,2,0,0,2,2,0,0,0,0,0,0,0,0,1,1,0,0,0,0,0,0,1,1,1,1,0,0,0,0,0,0,1,1,1,1,0,0,0,0,0,1,1,1,1,1,0,0,1,1,1,1,1,1,1,1,1,1,1,1,1,1,1,1,1,1,1,1,1,1,1,1,1,1,1,1,1,1,1,1,1,1,1,1,1,1]",7162366936dd2916da80b9c67785a6495d3ee042e62c2ef68283c91f19672b4f,68cc75e08fd8ab748954fd993ce976c4ca1d2c9aca859beb4c579afedd3f9280,improved_initial_parent,,3,,,,[],0,L-SEED,completed,valid,[],,0.07864158382942167,9.18973002815922,B1,2026-08-07T03:50:24.630+02:00,2026-08-07T03:50:24.630+02:00,2026-08-07T03:51:36.640+02:00
54,C000054,improved_dataset_1000_20260807_001,0,54,"[2,2,2,2,2,2,2,2,0,0,0,2,2,2,2,2,2,2,2,0,0,2,2,2,2,2,2,2,2,0,0,2,2,2,0,2,2,2,2,2,0,2,2,2,0,2,2,2,2,2,0,2,2,2,2,2,2,2,2,0,0,2,2,2,2,2,2,2,2,2,0,1,2,0,0,2,2,2,2,2,1,1,0,0,0,2,0,2,2,2,1,1,1,1,0,2,0,0,2,2,1,1,1,1,1,0,0,0,0,0,1,1,1,1,0,0,0,0,0,0,1,1,0,1,0,1,0,0,0,0,1,1,1,1,1,1,1,0,0,0,1,1,1,1,1,1,0,0,0,0,1,1,1,0,1,0,0,0,0,0,1,1,1,0,0,0,0,1,0,1,1,1,1,0,0,0,0,1,1,1]",e0598055ee0046615ed8a4dbe33a210573694cf000f77abc080110fd80168151,876f5f9f35fde5de4246a1af8819deea3738e2e10540f2f3b0ea9c32da7b3d33,improved_initial_parent,,4,,,,[],0,L-SEED,completed,valid,[],,0.07708457489215609,9.199437096496862,B1,2026-08-07T03:51:36.941+02:00,2026-08-07T03:51:36.941+02:00,2026-08-07T03:53:20.071+02:00
55,C000055,improved_dataset_1000_20260807_001,0,55,"[0,0,0,0,0,0,0,0,0,0,0,0,0,0,0,0,0,0,0,0,0,0,0,0,0,0,0,0,0,0,0,0,0,0,0,0,0,0,0,0,0,0,0,0,0,0,0,2,0,0,0,0,0,0,0,0,0,2,2,0,0,0,0,0,0,0,2,2,2,2,0,0,0,0,0,0,1,1,2,2,0,0,0,0,0,0,1,1,2,2,0,0,0,0,0,0,1,1,1,1,2,0,0,0,0,0,1,1,1,1,2,0,0,0,0,0,1,1,1,1,2,2,0,0,0,0,1,0,1,1,2,2,2,0,0,0,0,0,1,1,0,0,0,0,0,0,0,0,0,1,0,0,0,0,0,0,0,0,0,1,0,0,0,0,0,0,0,0,1,1,0,0,0,0,0,0,0,0,1,1]",95c3a4effe0f1ed616b4c1d305052d611e5fe06ec04f547088b0cedaa9547ee8,90b57e4434910f9112e4838b1188cc8b8e9db932bb59ffc4612bf8b9ff75d59f,improved_initial_parent,,5,,,,[],0,L-SEED,completed,valid,[],,0.07394303595442393,9.26930698668233,B1,2026-08-07T03:53:20.319+02:00,2026-08-07T03:53:20.319+02:00,2026-08-07T03:54:17.067+02:00
56,C000056,improved_dataset_1000_20260807_001,0,56,"[0,0,0,0,0,0,0,0,0,0,0,0,0,0,0,0,0,0,0,0,0,0,0,0,0,0,0,0,0,0,0,2,2,2,0,0,0,0,0,0,0,2,2,2,0,0,0,0,0,0,0,2,2,2,0,0,0,0,0,0,0,2,2,2,0,2,2,2,2,2,0,0,2,0,0,2,2,2,2,2,0,0,0,0,0,2,0,2,2,2,0,0,0,0,0,2,0,0,2,2,0,0,0,0,0,0,0,0,0,0,0,0,0,0,0,0,0,0,0,0,0,0,0,0,0,0,0,0,0,0,0,0,0,0,0,0,0,0,0,0,0,0,1,1,0,0,0,0,0,0,1,1,1,1,0,0,0,0,0,0,1,1,1,1,0,0,0,0,0,0,1,1,1,1,0,1,0,0,0,1]",37ab1863a4dd94aa962e3e296f0a21e180fb6b7fae37291a998b270f86151382,3ab4e96ab49b49c80834ba4101f487df8d378449f0ccda8da3a749f37ca2f0a0,improved_initial_parent,,6,,,,[],0,L-SEED,completed,valid,[],,0.055279869878707165,9.477188797801034,B1,2026-08-07T03:54:17.338+02:00,2026-08-07T03:54:17.338+02:00,2026-08-07T03:55:06.927+02:00
57,C000057,improved_dataset_1000_20260807_001,0,57,"[2,2,2,2,2,0,0,2,0,0,0,2,2,2,0,0,2,2,2,0,0,2,2,2,0,0,0,0,0,0,0,2,2,2,0,0,0,2,2,2,0,0,0,0,0,0,0,0,2,2,0,0,0,0,0,0,0,0,0,0,0,0,0,0,0,0,0,0,0,2,0,1,0,0,0,0,0,0,0,2,1,1,0,0,0,0,1,0,0,2,1,1,1,1,0,0,1,1,2,2,1,1,1,1,1,1,1,1,1,1,1,1,1,1,1,1,1,1,1,1,1,1,0,1,1,1,1,1,1,1,1,1,1,1,1,1,1,1,1,1,1,1,1,1,1,1,1,1,1,1,1,1,1,0,1,1,1,1,1,1,1,1,1,1,1,1,1,1,1,1,1,1,1,1,1,1,1,1,1,1]",e292a80153ffef51e6515eaacb27b3716c1fdc9264a03b9cf97f740163fd9513,760f5152e4d10c705132af62c2b1301cfdfbf534bccd2683c7cbac6a43b9af54,improved_initial_parent,,7,,,,[],0,L-SEED,completed,valid,[],,0.09763944129985377,8.986159232609511,B1,2026-08-07T03:55:07.209+02:00,2026-08-07T03:55:07.209+02:00,2026-08-07T03:56:26.699+02:00
58,C000058,improved_dataset_1000_20260807_001,0,58,"[0,0,0,0,0,0,0,0,0,0,0,0,0,0,0,0,0,0,0,0,0,0,0,0,0,0,0,0,0,0,0,2,2,2,0,0,0,0,0,0,0,2,0,2,0,0,0,0,0,0,0,0,0,2,0,0,0,0,0,0,2,0,0,2,0,0,0,0,0,0,2,2,0,0,0,0,0,0,0,0,2,0,0,0,0,0,0,0,0,0,2,2,0,0,0,0,0,0,0,0,2,2,0,0,0,0,0,0,0,0,2,0,0,0,0,0,0,0,0,0,2,2,0,0,0,0,0,0,0,0,2,0,0,0,0,0,0,0,0,0,0,0,0,0,0,0,0,0,2,2,0,0,0,0,0,0,0,0,0,2,0,0,0,0,0,0,0,0,0,2,0,0,0,0,0,0,1,1,2,2]",5d38c9dca3eb686acec4d1bb664f1f3ec9d1c7c2c73b2dc9735ffa71f8d68e75,fee4e90fe8ab7014c341e12a311df168f4aaba2b0bbff3ba163e07657ca7b0d9,improved_initial_parent,,8,,,,[],0,L-SEED,completed,valid,[],,0.062499095777708354,9.41655521953159,B1,2026-08-07T03:56:26.952+02:00,2026-08-07T03:56:26.952+02:00,2026-08-07T03:57:28.172+02:00
59,C000059,improved_dataset_1000_20260807_001,0,59,"[2,2,2,2,2,2,2,2,0,0,0,2,2,2,2,2,2,2,2,0,0,2,2,2,2,2,2,2,2,0,0,2,2,2,0,2,2,2,2,2,0,2,2,2,0,2,2,2,2,2,0,2,2,2,2,2,2,2,2,0,0,2,2,2,2,2,2,2,2,2,0,1,2,0,0,2,2,2,2,2,1,1,0,0,0,2,1,2,2,2,1,1,1,1,0,2,1,1,2,2,1,1,1,1,1,1,1,1,1,1,1,1,1,1,1,1,1,1,1,1,1,1,0,1,1,1,1,1,1,1,1,1,1,1,1,1,1,1,1,1,1,1,1,1,1,1,1,1,1,1,1,1,1,0,1,1,1,1,1,1,1,1,1,1,1,1,1,1,1,1,1,1,1,1,1,1,1,1,1,1]",17476e4c143179849c2c3085c2ac376e0312cfb6898b6759aa87a88d741d9ef2,7f11e9411717a1b3a53102db5ce045e14c8c4eb89e33312837bb0d2b1cb95561,improved_initial_parent,,9,,,,[],0,L-SEED,completed,valid,[],,0.08617327005998433,9.1030321426343,B1,2026-08-07T03:57:28.472+02:00,2026-08-07T03:57:28.472+02:00,2026-08-07T03:59:30.204+02:00
60,C000060,improved_dataset_1000_20260807_001,0,60,"[0,0,0,0,0,0,0,0,0,0,0,0,0,0,0,0,0,0,0,0,0,0,0,0,0,0,0,0,0,0,0,2,2,2,0,0,0,0,0,0,0,2,2,2,0,0,0,0,0,0,0,2,2,0,0,0,0,0,0,0,2,2,0,0,0,0,2,2,2,2,0,0,0,0,0,0,0,2,2,2,0,0,0,0,0,0,2,2,2,2,0,0,0,0,0,2,2,2,2,2,0,0,0,0,2,2,2,2,0,0,0,0,0,0,0,0,0,0,0,0,0,0,0,0,0,0,0,0,0,0,0,0,0,0,0,0,0,0,0,0,0,0,0,0,0,0,0,0,0,0,0,0,0,0,0,0,0,0,0,0,0,0,0,0,0,0,0,0,0,0,0,0,0,0,0,0,1,1,0,0]",23d41a4a049cb1e9b8264bedf4f9ea069a6325c9d507f2210b3439c465d62a7e,e22681745b46a713357a5c66181071c1a531be144651098ce51d3b2302bc94e6,improved_initial_parent,,10,,,,[],0,L-SEED,completed,valid,[],,0.047551527157951634,9.573745431640376,B1,2026-08-07T03:59:30.464+02:00,2026-08-07T03:59:30.464+02:00,2026-08-07T04:00:15.833+02:00
61,C000061,improved_dataset_1000_20260807_001,1,61,"[0,0,0,0,0,0,0,0,0,0,0,0,0,0,0,0,0,0,0,0,0,0,0,0,0,0,0,0,0,0,0,2,2,0,0,0,0,0,0,0,0,2,2,0,0,0,0,0,0,0,0,2,2,0,0,0,0,0,0,0,2,2,2,0,2,0,2,2,2,1,2,2,2,2,2,0,2,1,1,1,2,2,2,2,2,0,2,2,1,1,2,2,2,2,2,0,1,1,1,1,2,2,2,2,2,0,1,1,1,1,2,2,2,2,2,0,1,1,1,1,2,2,2,2,2,0,1,1,1,1,2,2,2,0,0,1,1,1,1,1,0,0,1,1,1,1,1,1,1,1,1,1,1,1,1,1,1,1,1,1,1,1,1,1,1,1,1,1,1,1,1,1,1,1,1,1,1,1,1,1]",ae5b5656ffd7cc67c056442c7e1d771a0140c8b1fd23385a0b0e2aedbdef2d27,fbcf046d14bf2f6ef6d9b38fcf291ca59ac3d3fa2ab89fd79de3b6cc56617741,improved_campaign_offspring,C000007,,1,rectangular_patch:large,0.17222222222222222,"[5,6,8,16,17,18,19,25,26,27,28,33,35,36,37,43,46,47,48,49,53,56,58,59,63]",25,L-SEED,completed,valid,[],,0.14548640966513726,8.445299899534719,B1,2026-08-07T04:00:16.579+02:00,2026-08-07T04:00:16.579+02:00,2026-08-07T04:01:16.478+02:00
62,C000062,improved_dataset_1000_20260807_001,1,62,"[0,1,1,1,1,1,1,1,1,1,0,1,1,1,1,1,1,1,1,1,0,0,0,0,0,1,1,1,1,1,0,2,2,2,0,1,1,1,1,1,0,2,2,2,0,1,1,1,1,1,0,2,2,2,0,0,1,1,1,1,2,2,2,2,2,0,1,1,1,1,2,2,2,2,2,0,1,1,1,1,2,2,2,2,2,0,1,1,1,1,2,2,2,2,2,0,1,1,1,1,2,2,2,2,2,0,1,1,1,1,2,2,2,2,2,0,1,1,1,1,2,2,2,2,2,0,1,1,1,1,2,2,2,0,0,2,2,2,1,1,0,0,1,1,1,2,2,2,1,1,1,1,1,1,1,2,1,1,1,1,1,1,1,1,1,1,1,1,1,1,1,1,1,1,1,1,1,1,1,1]",b4658decd829491253a8069cbba05ab7942ea455bb8db2ed283a0140629fa3d3,109e3c948fb96fe28aef88d6d420450497c4d9cf07987b1b7e9ba41e22985dc9,improved_campaign_offspring,C000001,,2,rectangular_patch:medium,0.03888888888888889,"[135,136,137,145,146,147,155]",7,L-SEED,completed,valid,[],,0.8855301283288453,0.46637723401959874,B5,2026-08-07T04:01:16.783+02:00,2026-08-07T04:01:16.783+02:00,2026-08-07T04:03:54.328+02:00
63,C000063,improved_dataset_1000_20260807_001,1,63,"[2,2,2,2,2,2,2,2,0,0,0,2,2,2,2,2,2,2,2,0,0,2,2,2,2,2,1,1,1,0,0,2,2,2,0,1,1,1,1,0,0,2,2,2,0,1,1,1,1,1,0,2,2,2,2,1,1,1,1,0,2,2,2,2,2,2,2,1,1,1,2,0,2,0,2,1,1,1,1,1,2,0,2,2,1,1,0,1,1,1,0,0,2,1,1,1,0,0,1,1,2,2,1,1,1,0,0,0,1,1,2,2,2,2,2,0,1,1,1,1,2,0,2,2,2,2,1,1,1,1,2,2,2,2,2,1,1,1,1,1,2,2,1,1,1,1,1,1,1,1,1,1,1,1,1,1,1,1,1,1,1,1,1,1,1,1,1,1,1,1,1,1,1,1,1,1,1,1,1,1]",6a31874f2f9e1938e6a316ef97cff707592c3d9bce692303c05bdfdafdc75b17,db6f606174a4c6597232cf265886522a32b0664198a01e271ab5323078a0dcde,improved_campaign_offspring,C000005,,3,boundary_growth:small,0.005555555555555556,"[90,91,92]",3,L-SEED,completed,valid,[],,0.3471930026700966,6.361158898585467,B1,2026-08-07T04:03:54.458+02:00,2026-08-07T04:03:54.458+02:00,2026-08-07T04:06:39.799+02:00
64,C000064,improved_dataset_1000_20260807_001,1,64,"[0,1,1,1,1,1,1,1,1,1,0,1,1,1,1,1,1,1,1,1,0,0,0,0,0,1,1,1,1,1,0,2,2,2,0,1,1,1,1,1,0,2,2,2,0,1,1,1,1,1,0,2,2,2,0,1,1,1,1,1,2,2,2,2,2,1,1,1,1,1,2,2,2,2,2,1,1,1,1,1,2,2,2,2,2,1,1,1,1,1,2,2,2,2,2,1,1,1,1,1,2,2,2,2,2,1,1,1,1,1,2,2,2,2,2,1,1,1,1,1,2,2,2,2,2,1,1,1,1,1,2,2,2,0,0,1,1,1,1,1,0,0,1,1,1,1,1,1,1,1,1,1,1,1,1,1,1,1,1,1,1,1,1,1,1,1,1,1,1,1,1,1,1,1,1,1,1,1,1,1]",85ba922a8905f9c86515a05fa70b44fa3a4d288b73b1bd7b487c4c5bf71ee98e,427f3a726821411a35429eb577722e6c040b952b126f7eba653e79b7e8c081d6,improved_campaign_offspring,C000001,,4,boundary_growth:medium,0.044444444444444446,"[55,65,75,85,95,105,115,125]",8,L-SEED,completed,valid,[],,0.993316538308943,0.12116678289955563,B6,2026-08-07T04:06:39.970+02:00,2026-08-07T04:06:39.970+02:00,2026-08-07T04:07:56.453+02:00
65,C000065,improved_dataset_1000_20260807_001,1,65,"[2,2,2,2,2,2,2,2,0,0,0,2,2,2,2,2,2,2,2,0,0,2,2,2,2,2,0,0,0,0,0,2,2,2,0,0,0,0,0,0,0,2,2,2,0,0,0,0,0,0,0,2,2,2,2,0,0,0,0,0,2,2,2,2,2,2,2,0,0,0,2,0,2,0,2,0,0,0,0,0,2,0,2,2,0,0,0,0,0,0,0,0,0,0,0,0,0,0,0,0,2,2,0,0,0,0,0,0,0,0,2,2,2,2,2,0,1,1,0,0,2,0,2,2,2,2,1,0,0,0,2,2,2,2,2,1,1,1,1,1,2,2,1,1,1,1,1,1,1,1,1,1,1,1,1,1,1,1,1,1,1,1,1,1,1,1,1,1,1,1,1,1,1,1,1,1,1,1,1,1]",ad5986b60de522c348c584d6168e81092a47bf0db08f853a9f1e8c74bcc6854e,b7488289aa6981872438b31ff48c2212ab1f8da5573bba9b13db3bc55b2834c3,improved_campaign_offspring,C000005,,5,connected_region_repaint:large,0.1388888888888889,"[26,27,28,35,36,37,38,45,46,47,48,49,55,56,57,58,67,68,69,75,76,77,78,79,84,85,87,88,89,90,91,92,93,94,95,98,99,102,103,104,108,109,118,119,127,128,129]",47,L-SEED,completed,valid,[],,0.10124740150855832,8.935486144891216,B1,2026-08-07T04:07:56.579+02:00,2026-08-07T04:07:56.579+02:00,2026-08-07T04:09:13.441+02:00
66,C000066,improved_dataset_1000_20260807_001,1,66,"[0,0,0,0,0,0,0,0,0,0,0,0,0,2,0,0,0,0,0,0,0,0,0,2,2,2,2,2,0,0,0,2,2,2,2,2,2,2,0,0,0,2,0,2,2,0,2,2,2,0,2,2,0,2,2,2,2,2,0,0,0,2,0,2,2,2,2,2,2,0,2,2,2,2,2,2,2,0,2,0,1,2,2,2,2,0,2,2,2,0,1,1,2,2,2,2,2,2,2,0,1,1,0,1,2,2,2,0,0,0,1,1,1,1,1,2,2,0,0,0,1,1,1,1,1,0,0,0,0,0,1,1,1,0,0,1,2,0,0,0,0,0,1,1,1,1,2,2,2,2,0,0,1,1,1,1,2,2,0,2,1,1,1,1,0,1,2,2,2,2,1,1,2,2,2,2,1,1,2,2]",a232f906269b6c19dc7cdfe0dddca3b71c296acdea0a96e971da1d721f5c1095,80eb0df928820d14b9286ffbf4b65fd431f08923e674265d60da81d92c513ed6,improved_campaign_offspring,C000012,,1,connected_region_repaint:medium,0.08333333333333333,"[13,23,24,25,26,27,34,35,36,44,54,55,56,65,66]",15,L-SEED,completed,valid,[],,0.05057073551856197,9.508341239320941,B1,2026-08-07T04:09:13.639+02:00,2026-08-07T04:09:13.639+02:00,2026-08-07T04:12:09.513+02:00
67,C000067,improved_dataset_1000_20260807_001,1,67,"[0,0,0,0,0,0,0,0,0,0,0,0,0,0,0,0,0,0,0,0,0,0,0,0,0,0,0,0,0,0,0,2,2,2,0,0,0,0,0,0,0,2,0,2,0,0,0,0,0,0,2,2,0,2,0,0,0,0,0,0,0,2,0,2,2,0,0,0,0,0,2,2,2,2,2,2,2,0,2,0,1,2,2,2,2,0,2,2,2,0,1,1,2,2,2,2,2,2,2,0,1,1,0,1,2,2,2,0,0,0,1,1,1,1,1,2,2,0,0,0,1,1,1,1,1,0,0,0,0,0,1,1,1,0,0,1,2,0,0,0,0,0,1,1,1,1,2,2,2,2,0,0,1,1,1,1,2,2,0,2,1,1,1,1,0,1,2,2,2,2,1,1,2,2,2,2,1,1,2,2]",96eee92da1033ada050543adb263d9ad2d6d48cfd8135410b9da21a305084079,597572c8578d3d8f76cf308d9180c1a3da07dda113730539a1f1f6abb61f2e5f,improved_campaign_offspring,C000012,,2,boundary_growth:medium,0.03888888888888889,"[37,46,47,48,57,67,68]",7,L-SEED,completed,valid,[],,0.04444951325923976,9.608400420039107,B1,2026-08-07T04:12:09.732+02:00,2026-08-07T04:12:09.732+02:00,2026-08-07T04:14:29.056+02:00
68,C000068,improved_dataset_1000_20260807_001,1,68,"[0,0,0,0,0,0,0,0,0,0,0,0,0,0,0,0,0,1,0,0,0,0,1,0,0,0,1,1,0,0,0,0,1,1,0,1,1,0,0,0,0,1,1,1,1,1,1,2,0,0,0,0,0,1,1,1,1,2,2,0,0,1,1,1,1,1,2,2,2,2,0,0,0,1,1,1,1,1,2,2,0,0,1,1,1,1,1,1,2,2,1,1,1,1,1,0,1,1,1,1,2,0,1,0,0,0,1,1,1,1,2,0,0,0,0,0,1,1,1,1,2,2,0,0,0,0,1,0,1,1,2,2,2,0,0,0,0,0,1,1,0,0,0,0,0,0,0,0,0,1,0,0,0,0,0,0,0,0,0,1,0,0,0,0,0,0,0,0,1,1,0,0,0,0,0,0,0,0,1,1]",607468882d3bfb8072f521c188194d6b5a3320247760199240267d8c26d60d3d,ac6d873c84e6a7b084faf9c83a4d6a686c6c82169ee62353bb8c5be125c52cd1,improved_campaign_offspring,C000019,,3,connected_region_repaint:small,0.011111111111111112,"[70,71,72]",3,L-SEED,completed,valid,[],,0.12006171052474772,9.542555269831599,B1,2026-08-07T04:14:29.185+02:00,2026-08-07T04:14:29.185+02:00,2026-08-07T04:17:27.063+02:00
69,C000069,improved_dataset_1000_20260807_001,1,69,"[0,0,0,0,0,2,2,0,0,0,0,0,0,0,2,2,2,0,0,0,0,0,0,0,2,2,2,0,0,0,0,2,2,2,2,2,2,0,0,0,0,2,0,2,0,2,2,0,0,0,0,0,0,2,0,0,0,0,0,0,2,0,0,2,0,0,0,0,0,0,2,2,0,0,0,0,0,0,0,0,2,0,0,0,0,0,0,0,0,0,2,2,0,0,0,0,0,0,0,0,2,2,0,2,0,0,0,0,0,0,2,2,2,2,2,0,0,0,0,0,2,2,2,2,2,0,0,0,0,0,2,2,2,0,0,2,2,0,0,0,0,0,2,2,2,2,2,2,2,2,2,2,2,2,2,2,2,2,0,2,2,2,2,2,0,2,2,2,2,2,2,2,2,2,2,2,1,1,2,2]",847f47ff496ab776c5801a65f8024709c67ec2744dee7acb4a5cd1870f54dda3,e6eec6b4691510c05e61f5ff9ffe28f5c1c2f187804ca11b31f7e1d28ee4c1b7,improved_campaign_offspring,C000015,,4,boundary_growth:medium,0.07222222222222222,"[5,6,14,15,16,24,25,26,34,35,36,45,46]",13,L-SEED,completed,valid,[],,0.051686776789918065,9.538294539493492,B1,2026-08-07T04:17:27.238+02:00,2026-08-07T04:17:27.238+02:00,2026-08-07T04:19:18.562+02:00
70,C000070,improved_dataset_1000_20260807_001,1,70,"[0,0,0,2,2,2,2,2,2,2,0,0,0,0,2,0,2,2,2,2,0,0,0,0,0,2,2,2,2,2,0,2,2,2,2,2,2,2,2,2,0,2,0,2,2,2,2,2,2,2,2,2,0,2,2,0,0,2,2,2,0,2,0,2,2,0,0,2,2,2,2,2,2,2,2,2,2,0,2,2,1,2,2,2,2,0,2,2,2,2,1,1,2,2,2,2,2,2,2,0,1,1,0,1,2,2,2,0,0,0,1,1,1,1,1,2,2,0,0,0,1,1,1,1,1,0,0,0,0,0,1,1,1,0,0,1,2,0,0,0,0,0,1,1,1,1,2,2,2,2,0,0,1,1,1,1,2,2,0,2,1,1,1,1,0,1,2,2,2,2,1,1,2,2,2,2,1,1,2,2]",f0bc11f8ca233e979659133944d0866b5ed12e48749eeaec615cd7f1b0d2244e,d960aadc0e2590d39dabf994c3980bb0c1274fb5670dac41b243f9f947b2a0b8,improved_campaign_offspring,C000012,,5,boundary_growth:large,0.17222222222222222,"[3,4,5,6,7,8,9,14,16,17,18,19,25,26,27,28,29,34,35,36,38,39,44,45,49,54,58,59,69,79,89]",31,L-SEED,completed,valid,[],,0.04519336844144579,9.666654270606381,B1,2026-08-07T04:19:18.829+02:00,2026-08-07T04:19:18.829+02:00,2026-08-07T04:22:26.247+02:00
71,C000071,improved_dataset_1000_20260807_001,1,71,"[2,0,0,0,0,0,0,0,0,0,2,0,0,0,0,2,0,0,0,0,2,2,2,2,2,2,2,2,0,0,2,2,2,2,2,2,2,2,2,2,2,2,2,2,2,0,2,2,0,2,2,2,2,2,2,2,2,2,2,2,2,2,2,2,2,2,2,2,2,2,2,2,2,2,2,2,2,2,2,2,2,2,2,2,2,2,2,2,2,2,0,0,2,2,2,2,2,2,2,2,0,0,0,2,2,2,2,2,1,1,0,0,0,2,2,2,2,1,1,1,0,0,0,2,2,2,2,0,1,1,0,0,2,2,2,2,2,2,1,1,2,2,2,2,2,2,2,2,2,1,2,2,2,2,2,2,2,2,2,1,2,2,2,2,2,2,2,2,1,1,2,2,2,2,2,2,2,2,1,1]",6c706f216c97eb5dca2803c5f19ffee9432f868157a746e40f74e8fb10cd424e,c19781fd573122636c130b29a0e92c2a8fc66e4084b4da5eda7cb7bdbad31d36,improved_campaign_offspring,C000027,,1,connected_region_repaint:medium,0.06666666666666667,"[90,91,100,101,102,110,111,112,120,121,122,130,131]",13,L-SEED,completed,valid,[],,0.08297511906646365,9.151197086973903,B1,2026-08-07T04:22:26.445+02:00,2026-08-07T04:22:26.445+02:00,2026-08-07T04:23:46.888+02:00
72,C000072,improved_dataset_1000_20260807_001,1,72,"[2,0,0,0,0,0,0,0,0,0,2,0,0,0,0,2,0,0,0,0,2,2,2,2,2,2,2,2,0,0,2,2,2,2,2,2,2,2,2,2,2,2,2,2,2,0,2,2,0,2,2,2,2,2,2,2,0,2,2,2,2,2,2,2,0,2,0,2,2,2,2,2,2,2,0,0,0,2,2,2,2,2,2,0,0,0,2,2,2,2,2,2,2,2,2,2,2,2,2,2,2,2,2,2,2,2,2,2,1,1,2,2,2,2,2,2,2,1,1,1,2,2,2,2,2,2,2,0,1,1,2,2,2,0,2,2,2,2,1,1,0,0,0,0,2,2,2,0,0,1,0,0,0,0,0,0,0,0,0,1,0,0,0,0,0,0,0,0,1,1,0,0,0,0,0,0,0,0,1,1]",5dce853aa9502346ae7a3b9b05e73e4ab99707ef4749e0bf8c418a0eba94fb83,388e917dd361d32bfab2f2fb048a307fd58610784d9a89accf85bac038325042,improved_campaign_offspring,C000030,,2,connected_region_repaint:medium,0.05,"[56,64,66,74,75,76,83,84,85]",9,L-SEED,completed,valid,[],,0.08303370031101379,9.149808709794224,B1,2026-08-07T04:23:47.034+02:00,2026-08-07T04:23:47.034+02:00,2026-08-07T04:25:20.147+02:00
73,C000073,improved_dataset_1000_20260807_001,1,73,"[0,1,1,1,1,1,1,1,1,1,0,1,1,1,1,1,1,1,1,1,0,0,0,0,0,1,1,1,1,1,0,0,0,0,0,1,1,1,1,1,0,0,0,0,0,1,1,1,1,1,0,2,2,0,0,0,1,1,1,1,2,2,2,2,2,0,1,1,1,1,2,2,2,2,2,0,1,1,1,1,2,2,2,2,2,0,1,1,1,1,2,2,2,2,2,0,1,1,1,1,2,2,2,2,2,0,1,1,1,1,2,2,2,2,2,0,1,1,1,1,2,2,2,2,2,0,1,0,1,1,2,2,2,0,0,0,0,0,1,1,0,0,0,0,0,0,0,0,0,1,0,0,0,0,0,0,0,0,0,1,0,0,0,0,0,0,0,0,1,1,0,0,0,0,0,0,0,0,1,1]",410b56d76085baabb508e2c85c131a4daae157d239161e2ada49ec2c9ba36c91,4a85a77e50b479bc4c1ffb18fa2224fff8042bfc4cb7f651211014f1cc0ca414,improved_campaign_offspring,C000028,,3,connected_region_repaint:medium,0.03333333333333333,"[31,32,33,41,42,43,53]",7,L-SEED,completed,valid,[],,0.612822594342072,3.605841140182794,B3,2026-08-07T04:25:20.287+02:00,2026-08-07T04:25:20.287+02:00,2026-08-07T04:26:54.746+02:00
74,C000074,improved_dataset_1000_20260807_001,1,74,"[2,2,2,2,2,0,0,2,0,0,2,2,2,2,2,2,2,2,2,0,2,2,2,2,2,2,2,2,0,0,2,2,2,2,2,0,2,2,2,2,2,2,2,2,0,2,2,2,2,0,0,2,2,2,0,0,0,0,0,0,2,2,2,2,2,2,2,2,2,2,2,2,2,2,2,2,2,2,2,2,2,2,2,2,2,0,0,0,2,2,2,2,2,2,2,0,0,0,2,2,2,2,2,2,2,0,0,0,0,0,2,2,2,2,2,0,0,0,0,0,2,2,2,2,2,0,0,0,0,0,2,2,2,0,0,2,2,0,0,0,0,0,2,2,2,2,2,2,2,2,2,2,2,2,2,2,2,2,0,2,2,2,2,2,0,2,2,2,2,2,2,2,2,2,2,2,1,1,2,2]",c080b0b6719c81df129465d991a1f879f34f4ef8cfec04aae5c6f12b6fd0c281,d6391de8257c61e7e14abc01ee3a0f826cf5ffe1418449c282807f01339dbe62,improved_campaign_offspring,C000029,,4,boundary_growth:medium,0.05,"[85,86,87,95,96,97,105,106,107]",9,L-SEED,completed,valid,[],,0.058505261053197484,9.386479903078298,B1,2026-08-07T04:26:54.882+02:00,2026-08-07T04:26:54.882+02:00,2026-08-07T04:29:10.475+02:00
75,C000075,improved_dataset_1000_20260807_001,1,75,"[2,2,2,2,2,2,2,2,0,0,0,2,2,2,2,2,2,2,2,0,0,2,2,2,2,2,2,2,2,0,0,2,2,2,0,2,2,2,2,2,0,2,2,2,0,2,2,2,2,2,0,2,2,2,2,2,2,2,2,0,2,2,2,2,2,2,2,2,2,2,2,0,2,0,2,2,2,2,2,2,2,0,2,2,2,2,0,2,2,2,2,2,2,2,2,2,0,0,2,2,2,0,2,2,2,2,0,0,1,1,2,2,2,2,2,0,1,1,1,1,2,0,2,2,2,2,1,1,1,1,2,2,2,2,2,1,1,1,1,1,2,2,1,1,1,1,1,1,1,1,1,1,1,1,1,1,1,1,1,1,1,1,1,1,1,1,1,1,1,1,1,1,1,1,1,1,1,1,1,1]",fec8737d4efd5a8cbe87e4ffaab72d43e0aa1f45dbde9e175bcc3a3ad86a8a60,2580ce5490342096ed36d4a03f699cde9c7a10c41d50e35eda9f5f3ce12d1315,improved_campaign_offspring,C000025,,5,connected_region_repaint:small,0.005555555555555556,[101],1,L-SEED,completed,valid,[],,0.08349902918258875,9.13577523405729,B1,2026-08-07T04:29:10.608+02:00,2026-08-07T04:29:10.608+02:00,2026-08-07T04:30:59.406+02:00
76,C000076,improved_dataset_1000_20260807_001,1,76,"[2,2,2,2,0,2,0,0,0,0,2,2,2,2,2,2,2,0,0,0,2,2,2,2,2,2,2,2,2,2,2,2,2,2,2,2,2,0,0,0,0,0,0,0,0,0,0,0,0,0,0,0,0,0,0,0,0,0,0,0,0,0,0,0,0,0,0,0,0,0,0,0,0,0,0,0,0,0,0,0,0,0,0,0,0,0,0,0,0,0,2,0,0,0,0,2,0,0,0,0,2,2,2,0,2,2,2,2,0,0,2,2,2,2,2,0,0,0,0,0,2,2,2,2,2,0,0,0,0,0,2,2,2,0,0,0,0,0,0,0,0,0,2,0,0,0,0,0,0,0,2,2,2,1,0,0,0,0,0,1,2,2,2,1,1,0,1,0,0,1,2,2,1,1,1,0,1,1,0,1]",08d0fc84f0f61eb5d505424517fcb3f25756f0851942df0c1019dc181cd33239,72f0e712b815c97a8d49d203a807d5616ebad987d015fc0cdf3388360f5481ef,improved_campaign_offspring,C000037,,1,connected_region_repaint:medium,0.05,"[142,150,151,152,160,161,162,170,171]",9,L-SEED,completed,valid,[],,0.08523180471051307,9.139817535890062,B1,2026-08-07T04:30:59.669+02:00,2026-08-07T04:30:59.669+02:00,2026-08-07T04:32:32.482+02:00
77,C000077,improved_dataset_1000_20260807_001,1,77,"[2,2,2,2,0,2,0,0,0,0,2,2,2,2,2,2,2,0,0,0,2,2,2,2,2,2,2,2,2,2,2,2,2,2,2,2,2,0,0,0,0,0,0,0,0,0,0,0,0,0,0,0,0,0,0,0,0,0,0,0,0,0,0,0,0,0,0,0,0,0,0,0,0,0,0,0,0,0,0,0,0,0,0,0,0,0,0,0,0,0,2,0,0,0,0,2,0,0,0,0,2,2,2,0,2,2,2,2,0,0,2,2,2,2,2,0,0,0,0,0,2,2,2,2,2,0,0,0,0,0,2,2,2,0,0,0,0,0,0,0,0,0,0,0,0,0,0,0,0,0,1,0,0,1,0,0,0,0,0,1,1,1,1,1,1,0,1,0,0,1,1,1,1,1,1,0,1,1,0,1]",f0c1c361fe398ea9db3c7a6b9746c315f13cc78c7e86fdc0c9d3caf3428adaf0,f9fce630bc8d09c14657b6c21eaf068e45a1a1a99695f2cab1d6af8e8b8dd7c0,improved_campaign_offspring,C000037,,2,boundary_growth:small,0.016666666666666666,"[142,151,152]",3,L-SEED,completed,valid,[],,0.08829027582834646,9.09034203536539,B1,2026-08-07T04:32:32.660+02:00,2026-08-07T04:32:32.660+02:00,2026-08-07T04:33:43.747+02:00
78,C000078,improved_dataset_1000_20260807_001,1,78,"[2,2,2,2,2,0,0,2,0,0,2,2,2,2,2,2,2,2,2,0,2,2,2,2,2,2,2,2,0,0,2,2,2,2,2,0,2,2,2,2,2,2,2,2,0,2,2,2,2,0,0,2,2,2,0,0,0,0,0,0,2,2,2,2,2,2,2,2,2,2,2,2,2,2,2,2,2,2,2,2,2,2,2,2,2,2,2,2,2,2,2,2,2,2,2,2,2,2,2,2,2,2,2,2,2,2,2,2,0,0,2,2,1,2,2,0,0,0,0,0,2,2,1,2,2,0,0,0,0,0,2,1,1,0,0,1,1,0,0,0,0,0,1,1,1,0,1,2,2,2,1,1,1,1,1,1,1,2,0,2,1,1,1,1,0,1,1,1,2,2,1,0,1,1,1,1,1,1,2,2]",c11e4dabc853e605747912fdb3402773b1df0393cc1b09385d6b02bb376d7111,cffb79371db301adab62109170c486b277a5bf314c2e9abe76408febb041ff60,improved_campaign_offspring,C000033,,3,connected_region_repaint:small,0.005555555555555556,[171],1,L-SEED,completed,valid,[],,0.06865603747484882,9.278551716613647,B1,2026-08-07T04:33:43.874+02:00,2026-08-07T04:33:43.874+02:00,2026-08-07T04:36:06.840+02:00
79,C000079,improved_dataset_1000_20260807_001,1,79,"[2,2,2,2,2,0,0,2,0,0,2,2,2,2,2,2,2,2,2,0,2,2,2,2,2,2,2,2,0,0,2,2,2,2,2,0,2,2,2,2,2,2,2,2,0,2,2,2,2,0,0,2,2,2,0,0,0,0,0,0,2,2,0,2,0,0,0,0,0,0,2,2,0,0,0,0,0,0,0,0,2,2,2,0,0,0,0,0,0,0,2,0,0,0,0,0,0,0,0,0,0,0,0,0,0,0,0,0,0,0,2,0,0,0,0,0,0,0,0,0,2,2,0,0,0,0,0,0,0,0,2,0,0,0,0,1,1,0,0,0,0,0,0,1,1,0,1,2,2,2,0,0,1,1,1,1,1,2,0,2,1,0,0,1,0,1,1,1,2,2,1,1,0,1,1,1,1,1,2,2]",2da5eda85180920652031d67c8bcb3ad8ad517f036e87cfbbcb09515de1194e2,91c5add84525c1ee4aecbefa0d869e53f3ddb36584c3b503542cbdca1da0806d,improved_campaign_offspring,C000035,,4,connected_region_repaint:medium,0.027777777777777776,"[150,151,161,162,172]",5,L-SEED,completed,valid,[],,0.0856561952436223,9.099102724388803,B1,2026-08-07T04:36:06.970+02:00,2026-08-07T04:36:06.970+02:00,2026-08-07T04:38:22.389+02:00
80,C000080,improved_dataset_1000_20260807_001,1,80,"[2,2,2,2,2,0,0,2,0,0,2,2,2,2,2,2,2,2,2,0,2,2,2,2,2,2,2,2,0,0,2,2,1,1,2,0,2,2,2,2,2,1,1,1,0,2,2,2,2,0,0,1,1,0,0,0,0,0,0,0,1,1,1,0,1,1,1,1,0,0,1,1,1,1,1,1,1,0,1,1,1,1,1,1,1,1,1,1,1,1,1,1,1,1,1,1,1,1,1,1,1,1,1,1,1,1,1,0,0,0,2,1,1,0,1,0,0,0,0,0,2,2,1,1,1,0,0,0,0,0,2,1,1,0,0,1,1,0,0,0,0,0,1,1,1,0,1,2,2,2,1,1,1,1,1,1,1,2,0,2,1,1,1,1,0,1,1,1,2,2,1,1,1,1,1,1,1,1,2,2]",e180eab9f9e8f81930ead2cadb0485616dde3dae643519df7bc772421414053a,ee0b4e7140db2254db94319352d202e82ba670f99e0425c178c9c8c0af048c62,improved_campaign_offspring,C000031,,5,boundary_growth:medium,0.08333333333333333,"[32,33,41,42,43,51,52,53,60,61,63,70,71,80,81,82,90]",17,L-SEED,completed,valid,[],,0.11639160524225871,8.967165079988682,B1,2026-08-07T04:38:22.524+02:00,2026-08-07T04:38:22.524+02:00,2026-08-07T04:51:26.035+02:00
81,C000081,improved_dataset_1000_20260807_001,1,81,"[0,0,0,0,0,0,0,0,0,0,0,0,0,0,0,0,0,0,0,0,0,0,0,0,0,0,0,0,0,0,0,2,2,2,0,0,0,0,0,0,0,2,2,2,0,0,0,0,0,0,0,2,2,2,0,0,0,0,0,0,2,2,2,2,2,2,2,2,2,2,2,2,2,2,2,2,2,2,2,2,2,2,2,2,2,2,2,2,2,2,2,2,2,2,2,2,2,2,2,2,2,2,2,2,2,2,2,2,0,0,2,0,2,2,2,2,2,0,0,0,2,0,2,2,2,0,2,2,2,0,2,0,0,0,0,0,0,0,0,0,0,0,0,0,0,0,0,0,0,0,0,0,0,0,0,0,0,0,0,0,0,0,0,0,0,0,0,0,0,0,0,0,0,0,0,0,1,1,0,0]",446ff5535d00c9ef99ee71572d8946376c32b2ff8b7d15f6dccf404d291d16e0,aaee119f44c1d0dfc24af36036ea505a448b368f976fae945a03fe36282116d4,improved_campaign_offspring,C000045,,1,boundary_growth:medium,0.027777777777777776,"[115,116,126,127,128]",5,L-SEED,completed,valid,[],,0.05251643517758903,9.49680042562281,B1,2026-08-07T04:51:26.280+02:00,2026-08-07T04:51:26.280+02:00,2026-08-07T04:52:26.059+02:00
82,C000082,improved_dataset_1000_20260807_001,1,82,"[2,0,0,0,0,0,0,0,0,0,2,0,0,0,0,0,0,0,0,0,2,2,2,2,2,0,0,0,0,0,0,0,2,2,2,0,0,0,0,0,0,0,0,2,2,0,0,0,0,0,0,0,0,0,0,0,0,0,0,0,0,0,0,0,0,0,0,0,0,0,0,0,0,0,0,0,0,0,0,0,0,0,0,0,0,0,0,0,0,0,0,2,2,0,0,0,0,0,0,0,2,2,2,0,0,2,0,0,1,1,2,2,2,0,2,2,0,1,1,1,2,2,2,2,2,1,0,0,1,1,2,2,2,1,1,1,0,0,1,1,2,2,2,1,1,1,1,1,1,1,2,2,2,1,1,2,1,1,1,1,2,2,2,2,2,2,1,1,1,1,0,2,2,2,2,2,2,0,1,1]",efbc5f5a1ccd41c562a2a0866d89ea5edfaa72b22eea64252ff62f72fc53a7dd,178f42609f765ddb535899bd852ffd818bcb6329f5255c16da8a64d1b477a8e8,improved_campaign_offspring,C000043,,2,boundary_growth:large,0.09444444444444444,"[125,133,134,135,136,137,143,144,145,146,147,148,153,154,156,157,158,166,167]",19,L-SEED,completed,valid,[],,0.1064782150556638,8.906267652800382,B1,2026-08-07T04:52:26.185+02:00,2026-08-07T04:52:26.185+02:00,2026-08-07T04:53:46.019+02:00
83,C000083,improved_dataset_1000_20260807_001,1,83,"[2,0,0,0,0,0,0,0,0,0,2,0,0,0,0,0,0,0,0,0,2,2,2,2,2,0,0,0,0,0,2,2,2,2,2,0,0,0,0,0,2,2,2,2,2,0,0,0,0,0,2,2,2,2,2,2,0,0,0,0,2,2,2,2,2,2,0,0,0,0,2,2,2,2,2,2,0,0,0,0,2,2,2,2,2,2,0,0,1,0,2,2,2,2,2,2,0,1,1,0,2,2,2,2,2,2,0,0,1,1,2,2,2,2,2,2,0,1,1,1,2,2,2,2,2,2,0,0,1,1,2,2,2,0,2,2,2,2,1,1,0,0,0,0,2,2,2,0,0,1,0,0,0,0,0,0,0,0,0,1,0,0,0,0,0,0,0,0,1,1,0,0,0,0,0,0,0,0,1,1]",3467f643e0b50b3c6a245aa8d5272bc24392f042a6724630aad5c9efa1be3434,8dd31fac0f504872f5b49e5f202e12dc35faa5c6bd13cae51cdd22fd910dc216,improved_campaign_offspring,C000041,,3,boundary_growth:small,0.016666666666666666,"[88,97,98]",3,L-SEED,completed,valid,[],,0.11892410344010979,8.76316019816604,B1,2026-08-07T04:53:46.153+02:00,2026-08-07T04:53:46.153+02:00,2026-08-07T04:54:46.671+02:00
84,C000084,improved_dataset_1000_20260807_001,1,84,"[2,0,0,0,0,0,0,0,0,0,2,0,0,0,0,0,0,0,0,0,2,2,2,2,2,0,0,0,0,0,0,0,2,2,2,0,0,0,0,0,0,0,0,2,2,0,0,0,0,0,0,0,0,0,0,0,0,0,0,0,0,0,0,0,0,0,0,0,0,0,0,0,0,0,0,0,0,0,0,0,0,0,0,0,0,0,0,0,0,0,0,2,2,0,0,0,0,0,0,0,2,2,2,0,0,0,0,0,0,0,2,2,0,0,0,0,0,0,0,0,2,2,0,0,0,2,0,0,0,2,2,2,2,0,0,2,2,2,2,2,0,0,0,0,0,2,2,0,0,1,0,0,0,0,0,0,0,0,0,1,0,0,0,0,0,0,0,0,1,1,0,0,0,0,0,0,0,0,1,1]",60e2da0a448d9da21926cf65f3161ab313acb5e7dd2147c48de1e66069d513a1,f5ba90543412697842f19dc45ad939d24cfa0098bdb921d248963a4e0da332d1,improved_campaign_offspring,C000049,,4,boundary_growth:small,0.016666666666666666,"[108,109,117,118,119,128,129,138,139]",9,L-SEED,completed,valid,[],,0.07385543878036303,9.295021573395,B1,2026-08-07T04:54:46.799+02:00,2026-08-07T04:54:46.799+02:00,2026-08-07T04:55:43.166+02:00
85,C000085,improved_dataset_1000_20260807_001,1,85,"[0,0,0,0,0,0,0,0,0,0,0,0,0,0,0,0,0,0,0,0,0,0,0,0,0,0,0,0,0,0,0,0,0,0,0,0,0,0,0,0,0,0,0,0,0,0,0,0,0,0,0,0,0,0,0,0,0,0,0,0,0,0,0,0,0,0,0,0,0,0,0,0,0,0,0,0,0,0,0,0,0,0,0,0,0,0,0,0,0,0,0,0,0,0,0,0,0,0,0,0,2,2,0,0,0,0,0,0,0,0,2,2,2,0,0,0,0,0,0,0,2,0,2,0,0,0,0,0,0,0,2,2,2,0,0,0,0,0,0,0,2,2,1,0,0,0,0,0,0,0,1,1,1,1,1,1,1,0,0,1,1,1,1,1,1,1,1,1,1,1,1,1,1,1,1,1,1,1,1,1]",fe296ef983a72c97d4da18f3ed6ca0e8691933de364c697ba8536917fe37ef60,d78fb55d461e4d5f28bf4693e771b982bff8052072431db7c0e70e7fcbbeaa62,improved_campaign_offspring,C000046,,5,rectangular_patch:large,0.17777777777777778,"[113,114,123,124,125,133,134]",7,L-SEED,completed,valid,[],,0.07026734246000706,9.279887581548387,B1,2026-08-07T04:55:43.293+02:00,2026-08-07T04:55:43.293+02:00,2026-08-07T04:56:19.894+02:00
86,C000086,improved_dataset_1000_20260807_001,1,86,"[2,2,2,2,2,2,2,2,0,0,0,2,2,2,2,2,2,2,2,0,0,2,2,2,2,2,2,2,2,0,0,2,2,2,0,2,2,2,2,2,0,2,2,2,0,2,2,2,2,2,0,2,2,2,2,2,2,2,2,0,0,2,2,2,2,2,2,2,2,2,0,1,2,0,0,2,2,2,2,2,1,1,0,0,0,2,0,2,2,2,1,1,1,1,0,2,0,0,2,2,1,1,1,1,1,0,0,0,0,0,1,1,1,1,0,0,0,0,0,0,1,1,0,1,0,0,0,0,0,0,1,1,0,0,0,0,0,0,0,0,1,1,1,1,1,1,0,0,0,0,1,1,1,0,1,0,0,0,0,0,1,1,1,0,0,0,0,1,0,1,1,1,1,0,0,0,0,1,1,1]",8bfe794abb35b4503bc1caf06f007d50b0a21572b849c24055beac3f7c4cb1d5,6e8799d2be876330f451fabb80713c8c20cf7b65f676a1ffa2c1d2d2ba5d6522,improved_campaign_offspring,C000054,,1,connected_region_repaint:small,0.022222222222222223,"[125,132,133,134,135,136]",6,L-SEED,completed,valid,[],,0.0778090400849693,9.20280718942135,B1,2026-08-07T04:56:20.101+02:00,2026-08-07T04:56:20.101+02:00,2026-08-07T04:57:46.728+02:00
87,C000087,improved_dataset_1000_20260807_001,1,87,"[2,2,2,2,2,0,0,2,2,2,0,2,2,2,0,0,2,2,2,2,0,2,2,2,0,0,2,2,2,2,0,2,2,2,0,2,2,2,2,2,0,0,0,0,0,0,0,0,2,2,0,0,0,0,0,0,0,0,0,0,0,0,0,0,0,0,0,0,0,2,0,1,0,0,0,0,0,0,0,2,1,1,0,0,0,0,1,0,0,2,1,1,1,1,0,0,1,1,2,2,1,1,1,1,1,1,1,1,1,1,1,1,1,1,1,1,1,1,1,1,1,1,0,1,1,1,1,1,1,1,1,1,1,1,1,1,1,1,1,1,1,1,1,1,1,1,1,1,1,1,1,1,1,0,1,1,1,1,1,1,1,1,1,1,1,1,1,1,1,1,1,1,1,1,1,1,1,1,1,1]",ef0fe7fc300b21d9c858fbbd2fa209d622aa32551e7cccf23d8b7d9f338770da,3d3d416daf5636f13baaaaa6d6b41927cc50a941537a5261b5764b20c634a05a,improved_campaign_offspring,C000057,,2,boundary_growth:medium,0.05,"[8,9,19,26,27,28,29,35,36]",9,L-SEED,completed,valid,[],,0.08351510115069471,9.150485669755417,B1,2026-08-07T04:57:46.856+02:00,2026-08-07T04:57:46.856+02:00,2026-08-07T04:58:50.549+02:00
88,C000088,improved_dataset_1000_20260807_001,1,88,"[0,0,0,0,0,0,0,0,0,0,0,0,0,0,0,0,0,0,0,0,0,0,0,0,0,0,0,0,0,0,0,2,2,2,0,0,0,0,0,0,0,2,0,2,0,0,0,0,0,0,0,0,0,2,0,0,0,0,0,0,2,0,0,2,0,0,0,0,0,0,2,2,0,0,0,0,0,0,0,0,2,0,0,0,0,0,0,0,0,0,2,2,0,0,0,0,0,0,0,0,2,2,0,0,0,0,0,0,0,0,2,0,0,0,0,0,0,0,0,0,2,2,0,0,0,0,0,0,0,0,2,0,0,0,0,0,0,0,0,0,0,0,0,0,0,0,0,0,2,2,0,0,0,0,0,0,0,0,0,2,0,0,0,0,0,0,0,0,0,2,0,0,0,0,0,0,1,2,2,2]",9ccb84d36a45539f00179726dcc2872d9ad114b20f6e356cd042dd18d761b686,d7d0dc4729aba046f3f9e45b9a4094aa98caa32d2709f0f0faa0a84d16ce62a5,improved_campaign_offspring,C000058,,3,connected_region_repaint:small,0.005555555555555556,[177],1,L-SEED,completed,valid,[],,0.05894663761891644,9.451909933345837,B1,2026-08-07T04:58:50.679+02:00,2026-08-07T04:58:50.679+02:00,2026-08-07T04:59:49.283+02:00
89,C000089,improved_dataset_1000_20260807_001,1,89,"[2,2,2,2,2,0,0,2,0,0,0,2,2,2,0,0,2,2,2,0,0,2,2,2,0,0,0,0,0,0,0,2,2,2,0,0,0,2,2,2,0,0,0,0,0,0,0,0,2,2,0,0,0,0,0,0,0,0,0,0,0,0,0,0,0,0,0,0,0,2,0,1,0,0,0,0,0,0,0,2,1,1,0,0,0,0,1,0,0,2,1,1,1,1,0,0,1,1,2,2,1,1,1,1,1,1,1,1,1,1,1,1,1,1,1,1,1,1,1,1,1,1,0,1,1,1,1,1,1,1,1,1,1,1,1,1,1,1,1,1,1,1,1,1,1,1,1,1,1,1,1,1,1,0,1,1,1,1,1,1,1,1,1,1,1,1,1,1,1,1,1,1,1,1,1,1,0,0,0,1]",3516f2cf37671df959d408c15bea87dedd7a591001f510daad0ce97802d0b10c,30c0a6e8e3ba39dc63537410ae4f1b1ae505e82034f5d5fab6fa10a986f92386,improved_campaign_offspring,C000057,,4,connected_region_repaint:small,0.016666666666666666,"[176,177,178]",3,L-SEED,completed,valid,[],,0.09689901751074785,8.99119637078057,B1,2026-08-07T04:59:49.500+02:00,2026-08-07T04:59:49.500+02:00,2026-08-07T05:01:03.519+02:00
90,C000090,improved_dataset_1000_20260807_001,1,90,"[2,2,2,2,2,2,2,2,0,0,0,2,2,2,2,2,2,2,2,0,2,2,2,2,2,2,2,2,2,2,0,2,2,2,2,2,2,2,2,2,0,2,2,2,0,2,2,2,0,2,0,2,2,0,0,2,0,2,2,0,0,2,2,0,0,0,0,2,2,2,0,1,2,0,0,0,2,2,2,2,1,1,0,0,0,0,0,2,2,2,1,1,1,1,0,0,0,0,2,2,1,1,1,1,1,0,0,0,0,0,1,1,1,1,0,0,0,0,0,0,1,1,0,1,0,1,0,0,0,0,1,1,1,1,1,1,1,0,0,0,1,1,1,1,1,1,0,0,0,0,1,1,1,0,1,0,0,0,0,0,1,1,1,0,0,0,0,1,0,1,1,1,1,0,0,0,0,1,1,1]",d9a4569dacc721ce3d47d0825e5383ca9a9f6855bd5cc1f33cbf6bb6502937a3,9b7e351710a184cb0fe5bcdaf3f8870574dd3aa53cafa6cc2b1f983d32241ef6,improved_campaign_offspring,C000052,,5,boundary_growth:large,0.19444444444444445,"[0,1,2,3,11,12,13,14,20,21,22,23,24,25,26,29,31,32,33,34,35,36,37,38,39,42,43,45,46,47,49,55,57,58,67]",35,L-SEED,completed,valid,[],,0.08220419121276833,9.158830818826203,B1,2026-08-07T05:01:03.651+02:00,2026-08-07T05:01:03.651+02:00,2026-08-07T05:03:19.038+02:00
91,C000091,improved_dataset_1000_20260807_001,2,91,"[2,1,1,1,1,1,1,1,1,0,2,1,1,1,1,1,1,1,1,0,2,2,2,2,2,1,1,1,1,0,2,2,2,2,2,1,1,1,1,1,2,2,2,2,2,1,1,1,1,1,2,2,2,2,2,0,1,1,1,1,2,2,2,2,2,0,1,1,1,1,2,2,2,2,2,0,1,1,1,1,2,2,2,2,2,0,1,1,1,1,0,2,2,0,0,0,1,1,1,1,0,2,0,0,0,0,1,1,1,1,0,0,0,0,0,0,1,1,1,1,0,0,0,0,0,0,1,0,1,1,0,0,0,0,0,0,0,0,1,1,0,0,0,0,0,0,0,0,0,1,0,0,0,0,0,0,0,0,0,1,0,0,0,0,0,0,0,0,1,1,0,0,0,0,0,0,0,0,1,1]",7bbf86353f07cc939c42b47417cd9f402498795267dcf29c257771fb5745060c,7c6f086300dbf26997e22328717dc7d13d939ff9947eaf26b3fe281a5aabf80e,improved_campaign_offspring,C000003,,1,connected_region_repaint:small,0.016666666666666666,"[9,19,29]",3,L-SEED,completed,valid,[],,0.6266554521271502,3.3770666208152136,B3,2026-08-07T05:03:19.452+02:00,2026-08-07T05:03:19.452+02:00,2026-08-07T05:05:11.217+02:00
92,C000092,improved_dataset_1000_20260807_001,2,92,"[0,1,1,1,1,1,1,1,1,1,0,1,1,1,1,1,1,1,1,1,0,0,0,0,0,1,1,1,1,1,0,2,2,2,0,1,1,1,1,1,0,2,2,2,0,1,1,1,1,1,0,2,2,2,0,0,1,1,1,1,2,2,2,2,2,0,1,1,1,1,2,2,2,2,2,0,1,1,1,1,2,2,2,2,2,0,1,1,1,1,2,2,2,2,2,0,1,1,0,1,2,2,2,2,2,0,1,0,0,1,2,2,2,2,2,0,1,0,0,1,2,2,2,2,2,0,0,0,1,1,2,2,2,0,0,1,0,1,1,1,0,0,1,1,1,1,1,1,1,1,1,1,1,1,1,1,1,1,1,1,1,1,1,1,1,1,1,1,1,1,1,1,1,1,1,1,1,1,1,1]",2bde04bd71fcec6f40b91a5141c94d77119b00b128bbcab96f11cc18da263b26,669bd0af5f4a555fa10ffe2a4024e31218edd51f8e068392ccc8d97f6e17f182,improved_campaign_offspring,C000001,,2,connected_region_repaint:medium,0.044444444444444446,"[98,107,108,117,118,126,127,136]",8,L-SEED,completed,valid,[],,0.6373275319264367,3.187081768270442,B3,2026-08-07T05:05:11.345+02:00,2026-08-07T05:05:11.345+02:00,2026-08-07T05:07:47.757+02:00
93,C000093,improved_dataset_1000_20260807_001,2,93,"[0,1,1,1,1,1,1,1,1,1,0,1,1,1,1,1,1,1,1,1,0,0,0,0,0,1,1,1,1,1,0,2,2,2,0,1,1,1,1,1,0,2,2,2,0,1,1,1,1,1,0,2,2,2,0,1,1,1,1,1,2,2,2,2,2,1,1,1,1,1,2,2,2,2,2,1,1,1,1,2,2,2,2,2,2,1,1,1,1,2,2,2,2,2,2,1,1,1,2,2,2,2,2,2,2,1,1,1,1,1,2,2,2,2,2,1,1,1,1,1,2,2,2,2,2,1,1,1,1,1,2,2,2,0,0,1,1,1,1,1,0,0,1,1,1,1,1,1,1,1,1,1,1,1,1,1,1,1,1,1,1,1,1,1,1,1,1,1,1,1,1,1,1,1,1,1,1,1,1,1]",f757bb9275d52f18504414bd0e64971cdc6c1f85ca16941a88eeba041395b234,88efde8aeb838b2633215af7241256ff2efc92a9090e3d18a57bedf4380ac1d6,improved_campaign_offspring,C000064,,3,connected_region_repaint:small,0.022222222222222223,"[79,89,98,99]",4,L-SEED,completed,valid,[],,0.8959053256664623,0.3654771819496951,B5,2026-08-07T05:07:47.880+02:00,2026-08-07T05:07:47.880+02:00,2026-08-07T05:10:38.005+02:00
94,C000094,improved_dataset_1000_20260807_001,2,94,"[2,2,2,2,0,2,0,0,0,0,2,2,2,2,2,2,2,0,0,0,2,2,2,2,2,2,2,2,2,2,2,2,2,2,2,2,2,0,0,0,0,0,0,0,0,0,0,0,0,0,0,0,0,0,0,0,0,0,0,0,0,0,0,0,0,0,0,0,0,0,0,0,0,0,0,0,0,0,0,0,0,0,0,0,0,0,0,0,0,0,2,2,0,0,0,2,1,1,1,0,2,2,2,0,2,2,2,2,1,1,2,2,2,2,2,0,1,1,1,1,2,2,2,2,2,0,1,1,1,1,2,2,2,0,0,1,1,1,1,1,0,0,1,1,1,1,1,1,1,1,1,1,1,1,1,1,1,1,1,1,1,1,1,1,1,1,1,1,1,1,1,1,1,1,1,1,1,1,1,1]",e1a7cb9fc486721f86113ce3ce8c90acb3fb1c13cdcc57fccfc821f0d6782555,6e6779d72ea1bac6a49b6b05453430333cdbdb661c1f91df9fc102b41e67450b,improved_campaign_offspring,C000002,,4,boundary_growth:small,0.005555555555555556,[91],1,L-SEED,completed,valid,[],,0.12057259222677585,8.72770309979364,B1,2026-08-07T05:10:38.137+02:00,2026-08-07T05:10:38.137+02:00,2026-08-07T05:11:35.048+02:00
95,C000095,improved_dataset_1000_20260807_001,2,95,"[0,1,1,1,1,1,1,1,1,1,0,1,1,1,1,1,1,1,1,1,0,0,0,0,0,1,1,1,1,1,0,2,2,2,0,1,1,1,1,1,0,2,2,2,0,1,1,1,1,1,0,2,2,2,0,0,1,1,1,1,2,2,2,2,2,0,1,1,1,1,2,2,2,2,2,0,1,1,1,1,2,2,2,2,2,0,1,1,1,1,2,2,2,2,2,0,1,1,1,1,2,2,2,2,2,0,1,1,1,1,2,2,2,2,2,0,1,1,1,1,2,2,2,2,2,0,1,1,1,1,2,2,2,0,0,1,1,1,1,1,0,0,1,1,1,1,1,1,1,1,1,1,1,1,1,1,1,1,1,1,1,1,1,1,1,1,1,1,1,1,1,1,1,1,1,1,0,1,1,1]",39e39d00b4eb87323967567ca6516279e47f4840cf2d8234d80e13442874392f,6fa0ea1c31909f749ca1f1eb4b53841d21d4536eb9ea55f43d7127eaec1dfb50,improved_campaign_offspring,C000001,,5,connected_region_repaint:small,0.005555555555555556,[176],1,L-SEED,completed,valid,[],,0.9890515301306166,0.12466059609918458,B6,2026-08-07T05:11:35.410+02:00,2026-08-07T05:11:35.410+02:00,2026-08-07T05:13:42.587+02:00
96,C000096,improved_dataset_1000_20260807_001,2,96,"[0,0,0,0,0,0,0,0,0,0,0,0,0,0,0,0,0,0,0,0,0,0,0,0,0,0,0,0,0,0,0,0,0,0,0,0,0,0,0,0,0,0,0,0,0,0,0,0,0,0,0,0,0,0,0,0,0,0,0,0,0,0,0,2,2,2,2,2,2,2,2,2,2,2,2,2,2,2,2,2,2,2,2,2,2,2,2,2,2,2,2,2,2,2,2,2,2,2,2,2,2,2,2,2,2,2,2,2,0,0,2,2,2,2,2,0,0,0,0,0,2,2,2,2,2,0,0,0,0,0,2,2,2,0,0,2,2,0,0,0,0,0,2,2,2,2,2,2,2,2,2,2,2,2,2,2,2,2,0,2,2,2,2,2,0,2,2,2,2,2,2,2,2,2,2,2,1,1,2,2]",ed00a2c8ee4f13eba46fd5839b38c0070db3708405ea7c4be2b7937a7d69c229,157f1e754568354cdbd25ea9aa8767a659e0b3e5239927bf72bb8662c0c28d8a,improved_campaign_offspring,C000016,,1,connected_region_repaint:medium,0.05555555555555555,"[31,32,33,41,42,43,51,52,53,60,61,62]",12,L-SEED,completed,valid,[],,0.04088471059744038,9.63180925165706,B1,2026-08-07T05:13:42.785+02:00,2026-08-07T05:13:42.785+02:00,2026-08-07T05:14:46.829+02:00
97,C000097,improved_dataset_1000_20260807_001,2,97,"[0,0,0,0,0,2,2,0,2,0,0,0,0,0,2,2,2,2,2,2,0,0,0,0,2,2,2,2,2,0,0,2,2,2,2,2,2,2,2,0,0,2,0,2,0,2,2,2,0,0,0,0,0,2,0,0,2,2,2,0,2,0,0,2,0,0,0,2,2,0,2,2,0,0,0,0,0,0,2,0,2,0,0,0,0,0,0,0,0,0,2,2,0,0,0,0,0,0,0,0,2,2,0,2,0,0,0,0,0,0,2,2,2,2,2,0,0,0,0,0,2,2,2,2,2,0,0,0,0,0,2,2,2,0,0,2,2,0,0,0,0,0,2,2,2,2,2,2,2,2,2,2,2,2,2,2,2,2,0,2,2,2,2,2,0,2,2,2,2,2,2,2,2,2,2,2,1,1,2,2]",4264eaf25ff0b3a57b81b72ac06a38ab6862f801eed1aec382f3b8129202d6c5,727793ccc5b48d3ffe488a0fd4a61d4b875ccfba29c76c4d0b210cc02ea17d13,improved_campaign_offspring,C000069,,2,boundary_growth:medium,0.08333333333333333,"[8,17,18,19,27,28,37,38,47,56,57,58,67,68,78]",15,L-SEED,completed,valid,[],,0.04840189502183911,9.58700151134309,B1,2026-08-07T05:14:46.959+02:00,2026-08-07T05:14:46.959+02:00,2026-08-07T05:17:13.501+02:00
98,C000098,improved_dataset_1000_20260807_001,2,98,"[0,0,0,0,2,2,0,2,2,2,0,0,0,0,2,0,0,2,0,2,0,0,0,2,2,2,2,2,2,2,0,2,2,2,2,2,2,2,2,2,0,2,2,2,2,2,2,0,2,0,0,2,2,2,2,2,2,2,2,0,2,2,0,0,2,2,2,2,2,2,0,0,0,0,0,2,2,2,2,2,0,0,2,2,2,0,2,2,2,2,0,0,0,2,0,0,2,2,2,2,0,0,0,0,0,0,2,2,0,0,0,0,0,0,0,0,0,0,0,0,0,0,0,0,0,0,0,0,0,0,0,0,0,0,0,0,0,0,0,0,0,0,0,0,0,0,0,0,0,0,0,0,0,0,0,0,0,0,0,0,0,0,0,0,0,0,0,0,0,0,0,0,0,0,0,0,1,1,0,0]",93365cb33a4008a96f383cb58298943d25cedd81972cb017882f8446ca5339dd,99a6a2d82856ea094466783330bda22417524101dcb3a27a9049869a4ea22014,improved_campaign_offspring,C000017,,3,boundary_growth:small,0.022222222222222223,"[85,95,104,105]",4,L-SEED,completed,valid,[],,0.04992686519762034,9.57939775972989,B1,2026-08-07T05:17:13.629+02:00,2026-08-07T05:17:13.629+02:00,2026-08-07T05:18:31.295+02:00
99,C000099,improved_dataset_1000_20260807_001,2,99,"[0,0,0,0,0,0,0,0,0,0,0,0,0,2,0,0,0,0,0,0,0,0,0,2,2,2,0,0,0,0,0,2,2,2,2,2,0,0,0,0,0,2,0,2,2,0,0,0,0,0,2,2,0,2,2,0,0,0,0,0,0,2,0,2,2,0,0,0,0,0,2,2,2,2,2,0,2,0,2,0,1,2,2,2,2,0,2,2,2,0,1,1,2,2,2,2,2,2,2,0,1,1,0,1,2,2,2,0,0,0,1,1,1,1,1,2,2,0,0,0,1,1,1,1,1,0,0,0,0,0,1,1,1,0,0,1,2,0,0,0,0,0,1,1,1,1,2,2,2,2,0,0,1,1,1,1,2,2,0,2,1,1,1,1,0,1,2,2,2,2,1,1,2,2,2,2,1,1,2,2]",8a77ec3850a574b75acf9c7d62e8d24d1bf9b3fbad8766741c2120a0c8ce07f7,9cdab118a32da3b37e60d440572b581f85a315758e8cae8f52e7bbda5d6395b2,improved_campaign_offspring,C000066,,4,boundary_growth:medium,0.07222222222222222,"[26,27,36,37,46,47,48,55,56,57,65,66,67,68,75]",15,L-SEED,completed,valid,[],,0.05218058111940625,9.504289099443753,B1,2026-08-07T05:18:31.470+02:00,2026-08-07T05:18:31.470+02:00,2026-08-07T05:21:22.192+02:00
100,C000100,improved_dataset_1000_20260807_001,2,100,"[0,0,0,0,0,0,0,0,0,0,0,0,0,0,0,0,0,0,0,0,0,0,0,0,0,0,0,0,0,0,0,2,2,2,0,0,0,0,0,0,0,2,2,2,0,0,0,0,0,0,0,2,2,2,0,0,0,0,0,0,2,2,2,2,2,2,2,2,2,2,2,2,2,2,2,2,2,2,2,2,2,2,2,2,2,2,2,2,2,2,2,2,2,2,2,2,2,2,2,0,2,2,2,2,2,2,2,2,0,0,2,2,2,2,2,0,0,0,0,0,2,2,2,2,2,0,0,0,0,0,2,2,2,0,0,2,2,0,0,0,0,0,2,2,2,2,2,2,2,2,2,2,2,2,2,2,2,2,0,2,2,2,2,2,0,2,2,2,2,2,2,2,2,2,2,2,1,1,2,2]",bc29f3bb6b94463f1623b78f20d7f1d237c999b8e6a5c9cf09ebcacad62fd6b1,9bb5096e2d11a7b76bdf68a36855df6eb36a10baef5932cc7278713ffe251c51,improved_campaign_offspring,C000016,,5,rectangular_patch:small,0.005555555555555556,[99],1,L-SEED,completed,valid,[],,0.046870600377340366,9.600022576318938,B1,2026-08-07T05:21:22.321+02:00,2026-08-07T05:21:22.321+02:00,2026-08-07T05:22:33.601+02:00
101,C000101,improved_dataset_1000_20260807_001,2,101,"[2,2,2,2,2,2,2,2,0,0,0,2,2,2,2,2,2,2,2,0,0,2,2,2,2,2,2,2,0,0,0,2,2,2,0,2,2,2,2,2,0,2,2,2,0,2,2,2,2,2,0,2,2,2,2,2,2,2,2,0,2,2,2,2,2,2,2,2,2,2,2,0,2,0,2,2,2,2,2,2,2,0,2,2,2,2,0,2,2,2,2,2,2,2,2,2,0,0,2,2,2,2,2,2,2,2,0,0,0,0,2,2,2,2,2,0,0,0,0,0,2,0,2,2,2,2,0,0,0,0,2,2,2,2,2,0,0,0,0,0,2,2,0,0,0,0,0,0,0,0,0,0,0,0,0,0,0,0,0,0,1,0,0,1,0,0,0,0,0,0,1,0,0,1,1,0,0,0,1,1]",5186e0e66515dfe9629a46586f7db11d07c002554f91390cb629b7dbf5445f6d,42a8d0b64bc90fd2e2d7548d7438a830d7b56a57821f6a512af28db2b8073514,improved_campaign_offspring,C000026,,1,boundary_growth:small,0.005555555555555556,[28],1,L-SEED,completed,valid,[],,0.06353887739364789,9.380344096392104,B1,2026-08-07T05:22:33.806+02:00,2026-08-07T05:22:33.806+02:00,2026-08-07T05:24:13.326+02:00
102,C000102,improved_dataset_1000_20260807_001,2,102,"[2,2,2,2,2,2,2,2,0,0,0,2,2,2,2,2,2,2,2,0,0,2,2,2,2,2,2,2,2,0,0,2,2,2,0,2,2,2,2,2,0,2,2,2,0,2,2,2,2,2,0,2,2,2,2,2,2,2,2,0,2,2,2,2,2,2,2,2,2,2,2,0,2,0,2,2,2,2,2,2,2,0,2,2,2,2,0,2,2,2,2,2,2,2,2,2,0,0,2,2,2,2,0,2,2,2,0,0,1,1,2,2,0,2,2,0,1,1,1,1,2,0,2,2,2,2,1,1,1,1,2,2,2,2,2,1,1,1,1,1,2,2,1,1,1,1,1,1,1,1,1,1,1,1,1,1,1,1,1,1,1,1,1,1,1,1,1,1,1,1,1,1,1,1,1,1,1,1,1,1]",9fb7db7e27f2f257210ea6410a6ef646947ead994a687b69557662af4878a06e,7f051df18ecce44ea8e542ead45e30ccde9acc946fd4a0de999ef1384026e93d,improved_campaign_offspring,C000025,,2,connected_region_repaint:small,0.011111111111111112,"[102,112]",2,L-SEED,completed,valid,[],,0.0828762469440552,9.138783721661197,B1,2026-08-07T05:24:13.464+02:00,2026-08-07T05:24:13.464+02:00,2026-08-07T05:25:56.304+02:00
103,C000103,improved_dataset_1000_20260807_001,2,103,"[0,1,1,1,1,1,1,1,1,1,0,1,1,1,1,1,1,1,1,1,0,0,0,0,0,1,1,1,1,1,0,0,0,0,0,1,1,1,1,1,0,0,0,0,0,1,1,1,1,1,0,2,2,0,0,0,1,1,1,1,2,2,2,2,2,0,1,1,1,1,2,2,2,2,2,0,1,1,1,1,2,2,2,2,2,0,1,1,1,1,2,2,2,2,2,0,0,0,1,1,2,2,2,2,2,0,0,0,1,1,2,2,2,2,2,0,0,1,1,1,2,2,2,2,2,0,0,0,1,1,2,2,2,0,0,0,0,0,1,1,0,0,0,0,0,0,0,0,0,1,0,0,0,0,0,0,0,0,0,1,0,0,0,0,0,0,0,0,1,1,0,0,0,0,0,0,0,0,1,1]",fe71966517e5d734ec7855bd36c85fdf02ca518bd26b71fe81e5d6173e6aeb2f,4a271ba4122cd4ce9f47681c75a4b156a13f626c316a622e09eba28e84d35138,improved_campaign_offspring,C000073,,3,boundary_growth:medium,0.03333333333333333,"[96,97,106,107,116,126]",6,L-SEED,completed,valid,[],,0.6060771414305126,3.6920780239143927,B3,2026-08-07T05:25:56.430+02:00,2026-08-07T05:25:56.430+02:00,2026-08-07T05:27:41.110+02:00
104,C000104,improved_dataset_1000_20260807_001,2,104,"[0,1,1,1,1,1,1,1,1,1,0,1,1,1,1,1,1,1,1,1,0,0,0,0,0,1,1,1,1,1,0,0,0,0,0,1,1,1,1,1,0,0,0,0,1,1,1,1,1,1,0,2,2,0,1,0,1,1,1,1,2,2,2,2,2,0,1,1,1,1,2,2,2,2,2,0,1,1,1,1,2,2,2,2,2,0,1,1,1,1,2,2,2,2,2,0,1,1,1,1,2,2,2,2,2,0,1,1,1,1,2,2,2,2,2,0,1,1,1,1,2,2,2,2,2,0,1,0,1,1,2,2,2,0,0,0,0,0,1,1,0,0,0,0,0,0,0,0,0,1,0,0,0,0,0,0,0,0,0,1,0,0,0,0,0,0,0,0,1,1,0,0,0,0,0,0,0,0,1,1]",904ad2201fb2da6fa8ac1d27423333e77f68bf4fed523f610febb31b3eb2451e,f5ee27034eaf07bc19048a3691f8d4c1c201a1a5a75006db6b18f161e83fdf23,improved_campaign_offspring,C000073,,4,boundary_growth:small,0.011111111111111112,"[44,54]",2,L-SEED,completed,valid,[],,0.6098689877150085,3.6275070928688113,B3,2026-08-07T05:27:41.245+02:00,2026-08-07T05:27:41.245+02:00,2026-08-07T05:29:25.745+02:00
105,C000105,improved_dataset_1000_20260807_001,2,105,"[2,0,0,0,0,0,0,0,0,0,2,0,0,0,0,2,0,0,0,0,2,2,2,2,2,2,2,2,0,0,2,2,2,2,2,2,2,2,2,2,2,2,2,2,2,0,2,2,0,2,2,2,2,2,2,2,2,2,2,2,2,2,2,2,2,2,2,2,2,2,2,2,2,2,2,2,2,2,2,2,2,2,2,2,2,2,2,2,2,2,0,0,2,2,2,2,2,2,2,2,0,0,0,2,2,2,2,2,1,1,0,2,2,2,2,2,2,1,1,1,0,2,2,2,2,2,2,0,1,1,0,0,2,2,2,2,2,2,1,1,2,2,2,2,2,2,2,2,2,1,2,2,2,2,2,2,2,2,2,1,2,2,2,2,2,2,2,2,1,1,2,2,2,2,2,2,2,2,1,1]",c717930fbcdecb8c37c42b3fe4e8aec7bc4f8d28075728bb07c307ee1c493418,b3939b441e7b30775ac55603cb787fefa2ea1b3635f1f6f763c1d6dea4d9ec28,improved_campaign_offspring,C000071,,5,boundary_growth:small,0.022222222222222223,"[111,112,121,122]",4,L-SEED,completed,valid,[],,0.08309319529851966,9.146130935863459,B1,2026-08-07T05:29:26.026+02:00,2026-08-07T05:29:26.026+02:00,2026-08-07T05:30:53.543+02:00
106,C000106,improved_dataset_1000_20260807_001,2,106,"[0,0,0,0,0,0,0,0,0,0,0,0,0,0,0,0,0,0,0,0,0,0,0,0,0,0,0,0,0,0,0,2,2,2,0,0,0,0,0,0,0,2,2,2,0,0,0,0,0,0,0,2,2,2,0,0,0,0,0,0,0,0,0,2,0,2,2,2,2,2,0,0,0,0,0,2,2,2,2,2,0,0,0,0,0,2,0,2,2,2,0,0,0,0,0,2,0,0,2,2,0,0,0,0,0,0,0,0,1,1,0,0,0,0,0,0,1,1,1,1,0,0,0,0,0,0,1,1,1,1,0,0,0,0,0,1,1,1,1,1,0,0,1,1,1,1,1,1,1,1,1,1,1,1,1,1,1,1,1,1,1,1,1,1,1,1,1,1,1,1,1,1,1,1,1,1,1,1,1,1]",786678a6b20b82f381595a36c0b244670c06999d2c5bcd4120d321b4e6c62a77,13078da9cd1a8710bda2c993fbdbaac9113fd78ce957ca8be2128e2d94dab00b,improved_campaign_offspring,C000032,,1,rectangular_patch:small,0.011111111111111112,"[61,62,72]",3,L-SEED,completed,valid,[],,0.06389090453601998,9.36947781978075,B1,2026-08-07T05:30:53.792+02:00,2026-08-07T05:30:53.792+02:00,2026-08-07T05:31:42.923+02:00
107,C000107,improved_dataset_1000_20260807_001,2,107,"[0,0,0,0,0,0,0,0,0,0,0,0,0,0,0,0,0,0,0,0,0,0,0,0,0,0,0,0,0,0,0,2,2,2,0,0,0,0,0,0,0,2,2,2,2,2,2,2,2,2,0,2,2,2,2,2,2,2,2,2,0,0,0,2,2,0,0,2,2,2,0,0,0,2,2,2,0,0,2,2,0,0,0,2,2,2,0,0,2,2,2,0,0,2,2,2,2,0,0,0,2,2,2,0,2,2,2,2,0,0,2,2,2,2,2,0,1,0,0,0,2,2,2,2,2,0,1,1,1,1,2,2,2,0,0,1,1,1,1,1,0,0,1,1,1,1,1,1,1,1,1,1,1,1,1,1,1,1,1,1,1,1,1,1,1,1,1,1,1,1,1,1,1,1,1,1,1,1,1,1]",45d3d00ddeb673d587b89a6364a226d2b0f4a08c3fbc36405b61748bd8eb4639,b6c1735903af4447b6c6fbd520cea8d808a2a5870b95d0205cbe10851845142a,improved_campaign_offspring,C000040,,2,connected_region_repaint:medium,0.03333333333333333,"[65,66,76,77,86,87]",6,L-SEED,completed,valid,[],,0.07058078363831051,9.300047708147812,B1,2026-08-07T05:31:43.059+02:00,2026-08-07T05:31:43.059+02:00,2026-08-07T05:32:47.405+02:00
108,C000108,improved_dataset_1000_20260807_001,2,108,"[2,2,2,2,2,0,0,2,0,0,2,2,2,2,2,2,2,2,2,0,2,2,2,2,2,2,2,2,0,0,2,2,2,2,2,0,0,2,2,2,2,2,2,2,0,2,2,2,2,0,0,2,2,2,0,0,0,0,0,0,2,2,1,2,1,1,1,1,0,0,2,2,1,1,1,1,1,0,1,1,2,2,2,1,1,1,1,1,1,1,2,1,1,1,1,1,1,1,1,1,1,1,1,1,1,1,1,0,0,0,2,1,1,0,1,0,0,0,0,0,2,2,1,1,1,0,0,0,0,0,2,1,1,0,0,1,1,0,0,0,0,0,1,1,1,0,1,2,2,2,1,1,1,1,1,1,1,2,0,2,1,1,1,1,0,1,1,1,2,2,1,1,1,1,1,1,1,1,2,2]",7fc04feba902b1e25b58227bd7d125bda528ec73eb9fd4c78f6a25d05c3177d7,c006a7fdfb7fec1f684df9e7103dfbc7d294823ae113f990e0d079b60bcd3287,improved_campaign_offspring,C000031,,3,boundary_growth:small,0.005555555555555556,[36],1,L-SEED,completed,valid,[],,0.13468558258796337,8.580577684936069,B1,2026-08-07T05:32:47.540+02:00,2026-08-07T05:32:47.540+02:00,2026-08-07T05:46:41.310+02:00
109,C000109,improved_dataset_1000_20260807_001,2,109,"[2,2,2,2,0,0,0,0,0,0,2,2,2,2,2,0,0,0,0,0,2,2,2,0,0,0,0,0,0,0,2,2,2,0,0,0,0,0,0,0,0,0,0,0,0,0,0,0,0,0,0,0,0,0,0,0,0,0,0,0,0,0,0,0,0,0,0,0,0,0,0,0,0,0,0,0,0,0,0,0,0,0,0,0,0,0,0,0,0,0,2,0,0,0,0,2,0,0,0,0,2,2,2,0,2,2,2,2,0,0,2,2,2,2,2,0,0,0,0,0,2,2,2,2,2,0,0,0,0,0,2,2,2,0,0,0,0,0,0,0,0,0,2,0,0,0,0,0,0,0,2,2,2,1,0,0,0,0,0,1,2,2,2,1,1,0,1,0,0,1,2,2,1,1,1,0,1,1,0,1]",511cae9f96514a0141216e2fa6ea042fcd1f80e4983a4de55800a7ce59a73c6f,133ec29d9b665ee21b0299a6091e7d693596d2e0389f97ff62088f4f31eab14f,improved_campaign_offspring,C000076,,4,connected_region_repaint:medium,0.07777777777777778,"[5,15,16,23,24,25,26,27,28,29,33,34,35,36]",14,L-SEED,completed,valid,[],,0.08703531786339222,9.15345973085891,B1,2026-08-07T05:46:41.439+02:00,2026-08-07T05:46:41.439+02:00,2026-08-07T05:47:47.042+02:00
110,C000110,improved_dataset_1000_20260807_001,2,110,"[2,2,2,2,2,0,0,2,0,0,2,2,2,2,2,2,2,2,2,0,2,2,2,2,2,2,2,2,0,0,2,2,1,1,2,0,2,2,2,2,2,1,1,1,0,2,2,2,2,0,0,1,1,0,0,0,0,0,0,0,1,1,1,0,1,1,1,1,0,0,1,1,1,1,1,1,1,0,1,1,1,1,1,1,1,1,1,1,1,1,1,1,1,1,1,1,1,1,1,1,1,1,1,1,1,1,1,0,0,0,2,1,1,0,1,0,0,0,0,0,2,2,1,1,1,0,0,0,0,0,2,1,1,0,0,0,1,0,0,0,0,0,1,1,1,0,1,2,2,2,1,1,1,1,1,1,1,2,0,2,1,1,1,1,0,1,1,1,2,2,1,1,1,1,1,1,1,1,2,2]",5c63349cad83690181104a90a9cd484f337ade507b5e58585ac171f5e7c9fe71,2047ae09e3871d52885d6898b3e6db6e3fc8d68544df63f54a5ca270fddb0614,improved_campaign_offspring,C000080,,5,rectangular_patch:small,0.005555555555555556,[135],1,L-SEED,completed,valid,[],,0.11635213051611819,8.968247118004381,B1,2026-08-07T05:47:47.221+02:00,2026-08-07T05:47:47.221+02:00,2026-08-07T06:01:34.298+02:00
111,C000111,improved_dataset_1000_20260807_001,2,111,"[2,0,0,0,0,0,0,0,0,0,2,0,0,0,0,0,0,0,0,0,2,2,2,2,2,0,0,0,0,0,0,0,2,2,2,0,0,0,0,0,0,0,0,2,2,0,0,0,0,0,0,0,0,0,0,0,0,0,0,0,0,0,0,0,0,0,0,0,0,0,0,0,0,0,0,0,0,0,0,0,0,0,0,0,0,0,0,0,0,0,0,2,2,0,0,0,0,0,0,0,2,2,2,0,2,0,0,0,0,0,2,2,0,2,2,0,0,0,0,0,2,2,0,2,0,2,0,0,0,2,2,2,2,0,0,2,2,2,2,2,0,0,0,0,0,2,2,0,0,1,0,0,0,0,0,0,0,0,0,1,0,0,0,0,0,0,0,0,1,1,0,0,0,0,0,0,0,0,1,1]",a65a4083852eec1f27406c4b65dc940a1b404f7acf13e1409c662fe09c9e0058,bc98b2d8b416832b3d802c90e290d922eb0ad99533f6f831b7e7ac173e738d62,improved_campaign_offspring,C000084,,1,connected_region_repaint:small,0.022222222222222223,"[104,113,114,123]",4,L-SEED,completed,valid,[],,0.07048108017558877,9.350989036598065,B1,2026-08-07T06:01:34.566+02:00,2026-08-07T06:01:34.566+02:00,2026-08-07T06:02:43.145+02:00
112,C000112,improved_dataset_1000_20260807_001,2,112,"[2,1,1,1,1,1,1,1,1,1,2,1,1,1,1,1,1,1,1,1,2,2,2,2,2,1,1,1,1,1,2,2,0,2,2,1,1,1,1,1,0,0,0,0,2,1,1,1,1,1,0,0,0,2,2,2,1,1,1,1,2,2,2,2,2,2,1,1,1,1,2,2,2,2,2,2,1,1,1,1,2,2,2,2,2,2,1,1,1,1,2,2,2,2,2,2,1,1,1,1,2,2,2,2,2,2,1,1,1,1,2,2,2,2,2,2,1,1,1,1,2,2,2,2,2,2,1,0,1,1,2,2,2,0,2,2,2,2,1,1,0,0,0,0,2,2,2,0,0,1,0,0,0,0,0,0,0,0,0,1,0,0,0,0,0,0,0,0,1,1,0,0,0,0,0,0,0,0,1,1]",ffb3ffbc82113d58bb9000e35830e4fa2ccea68267023d76f6dd0e3932f086f8,f37208d401efd66af02ec7db5d59af63e7a37d6bc29ba5614370cc235b94d3b4,improved_campaign_offspring,C000047,,2,connected_region_repaint:medium,0.044444444444444446,"[32,40,41,42,43,50,51,52]",8,L-SEED,completed,valid,[],,0.6142922138256958,3.586248636998759,B3,2026-08-07T06:02:43.280+02:00,2026-08-07T06:02:43.280+02:00,2026-08-07T06:05:18.299+02:00
113,C000113,improved_dataset_1000_20260807_001,2,113,"[0,0,0,0,0,0,0,0,0,0,0,0,0,0,0,0,0,0,0,0,0,0,0,0,0,0,0,0,0,0,0,2,2,2,0,0,0,0,0,0,0,2,2,2,0,0,0,0,0,0,0,2,2,2,0,0,0,0,0,0,2,2,2,2,2,0,0,0,0,0,2,2,2,2,2,0,0,0,0,0,2,2,2,2,2,0,1,0,1,0,2,2,2,2,2,1,1,1,1,1,2,2,2,2,2,1,1,1,1,1,2,2,2,2,2,1,1,1,1,1,2,2,2,2,2,1,1,0,1,1,2,2,2,0,0,0,0,0,1,1,0,0,0,0,0,0,0,0,0,1,0,0,0,0,0,0,0,0,0,1,0,0,0,0,0,0,0,0,1,1,0,0,0,0,0,0,0,0,1,1]",7dfe285ebda963703b32727fb888c42f7d70dd5588f25bab1c661a6098d718dd,0e1d8433724271939183d6c9044155249e67bc1ee0e01b4adcf23c9b8e789a9e,improved_campaign_offspring,C000050,,3,boundary_growth:small,0.022222222222222223,"[95,105,115,125]",4,L-SEED,completed,valid,[],,0.13124918446896802,8.588615706699104,B1,2026-08-07T06:05:18.552+02:00,2026-08-07T06:05:18.552+02:00,2026-08-07T06:06:07.054+02:00
114,C000114,improved_dataset_1000_20260807_001,2,114,"[2,1,1,1,1,1,1,1,1,1,2,1,1,1,1,1,1,1,1,1,2,2,2,2,2,1,1,1,1,1,2,2,2,2,2,1,1,1,1,1,2,2,2,2,2,1,1,1,1,1,2,2,2,2,2,2,1,1,1,1,2,2,2,2,2,2,1,1,1,1,2,2,2,2,2,2,0,0,1,1,2,2,2,2,2,2,0,0,0,1,2,2,2,2,2,2,0,1,1,1,2,2,2,2,2,2,0,1,1,1,2,2,2,2,2,2,0,1,1,1,2,2,2,2,2,2,0,0,1,1,2,2,2,0,2,2,2,2,1,1,0,0,0,0,2,2,2,0,0,1,0,0,0,0,0,0,0,0,0,1,0,0,0,0,0,0,0,0,1,1,0,0,0,0,0,0,0,0,1,1]",b845840de6f86ff93ef3357bbd7f2cd6acc12652667c8e3364408713fdd04191,f4cd7eb2322414c728efc79e4a0a1bf775dd9f3b7d8261d6570afe98123a718d,improved_campaign_offspring,C000047,,4,connected_region_repaint:medium,0.044444444444444446,"[76,77,86,87,88,96,106,116,126]",9,L-SEED,completed,valid,[],,0.5526472323365222,4.314248387882376,B2,2026-08-07T06:06:07.191+02:00,2026-08-07T06:06:07.191+02:00,2026-08-07T06:08:08.194+02:00
115,C000115,improved_dataset_1000_20260807_001,2,115,"[2,0,0,0,0,0,0,0,0,0,2,0,0,0,0,0,0,0,0,0,2,0,0,2,2,0,0,0,0,0,2,2,0,2,2,0,0,0,0,0,2,2,2,2,2,0,0,0,0,0,2,2,2,2,2,2,0,0,0,0,2,2,2,2,2,2,0,0,0,0,2,2,2,2,2,2,0,0,0,0,2,2,2,2,2,2,0,0,0,0,2,2,2,2,2,2,0,0,0,0,2,2,2,2,2,2,0,0,1,1,2,2,2,2,2,2,0,1,1,1,2,2,2,2,2,2,0,0,1,1,2,2,2,0,2,2,2,2,1,1,0,0,0,0,2,2,2,0,0,1,0,0,0,0,0,0,0,0,0,1,0,0,0,0,0,0,0,0,1,1,0,0,0,0,0,0,0,0,1,1]",1eb2ed984fe57363b843896ba0bd95165ff3d9598ddac4ba0b7c9abd9ce1144a,6ea9d608cf9abd4a8886d2b1c28a7976cfaa6679e1f524aabe407a497c0f6f62,improved_campaign_offspring,C000041,,5,connected_region_repaint:small,0.016666666666666666,"[21,22,32]",3,L-SEED,completed,valid,[],,0.09685873643163104,8.998005409355377,B1,2026-08-07T06:08:08.326+02:00,2026-08-07T06:08:08.326+02:00,2026-08-07T06:09:08.909+02:00
116,C000116,improved_dataset_1000_20260807_001,2,116,"[0,0,0,2,2,2,2,2,0,0,0,0,2,2,2,2,2,2,2,0,0,0,0,2,2,2,2,2,2,0,0,0,0,2,0,2,2,2,2,2,0,0,0,0,0,2,2,2,2,2,0,0,2,2,2,2,2,2,2,0,0,0,2,2,2,2,2,2,2,2,0,1,2,0,0,2,2,2,2,2,1,1,0,0,0,2,0,2,2,2,1,1,1,1,0,2,0,0,2,2,1,1,1,1,1,0,0,0,0,0,1,1,1,1,0,0,0,0,0,0,1,1,0,1,0,0,0,0,0,0,1,1,0,0,0,0,0,0,0,0,1,1,1,1,1,1,0,0,0,0,1,1,1,0,1,0,0,0,0,0,1,1,1,0,0,0,0,1,0,1,1,1,1,0,0,0,0,1,1,1]",fe05253bd860747e491a058589c20031240014b016d409330ad171259a988390,0d93ec39884fb30a56f4ed7246234a4cec5ae5651dc8c99d47d6af0b66f70b89,improved_campaign_offspring,C000086,,1,boundary_growth:medium,0.06666666666666667,"[0,1,2,11,21,22,31,32,41,42,43,51,61]",13,L-SEED,completed,valid,[],,0.06058055476152575,9.440077726945521,B1,2026-08-07T06:09:09.157+02:00,2026-08-07T06:09:09.157+02:00,2026-08-07T06:10:24.048+02:00
117,C000117,improved_dataset_1000_20260807_001,2,117,"[2,2,2,2,2,2,2,2,0,0,0,2,2,2,2,2,2,2,2,0,0,2,2,2,2,2,2,2,2,0,0,2,2,2,0,2,2,2,2,2,0,2,2,2,0,2,2,2,2,2,0,2,2,2,2,2,2,2,2,0,0,2,2,2,2,2,2,2,2,2,0,0,2,0,0,2,2,2,2,2,0,0,0,0,0,2,0,2,2,2,0,0,0,0,0,2,0,0,2,2,0,0,0,0,0,0,0,0,1,1,0,0,0,0,0,0,1,1,1,1,0,0,0,0,0,0,1,1,1,1,0,0,0,0,0,1,1,1,1,1,0,0,1,1,1,1,1,1,1,1,1,1,1,1,1,1,1,1,1,1,1,1,1,1,1,1,1,1,1,1,0,1,1,1,1,1,1,1,1,1]",b8ed0d3cac2e6f90efa2acf4d15e2bce36a6cd1f5aec2a5423761291e6aef8ed,8781c67a608fcf2b45177edf3b66ed1f33d24f4919d2e182daf5d59d655f79d7,improved_campaign_offspring,C000053,,2,rectangular_patch:small,0.005555555555555556,[170],1,L-SEED,completed,valid,[],,0.07855825119783982,9.188946363385428,B1,2026-08-07T06:10:24.182+02:00,2026-08-07T06:10:24.182+02:00,2026-08-07T06:11:31.563+02:00
118,C000118,improved_dataset_1000_20260807_001,2,118,"[2,2,2,2,2,0,0,2,0,0,0,2,2,2,0,0,2,2,2,0,0,2,2,2,0,0,0,0,0,0,0,2,2,2,0,0,0,2,2,2,0,0,0,0,0,0,0,0,2,2,0,0,0,0,0,0,0,0,0,0,0,0,0,0,0,0,0,0,0,2,0,1,0,0,0,0,0,0,0,2,1,1,0,0,0,0,1,0,0,2,1,1,1,1,0,0,1,1,2,2,1,1,1,1,1,1,1,1,1,1,1,1,1,1,1,1,1,1,1,1,1,1,0,0,1,1,1,1,1,1,1,1,1,1,1,1,1,1,1,1,1,1,1,1,1,1,1,1,1,1,1,1,1,0,1,1,1,1,1,1,1,1,1,1,1,1,1,1,1,1,1,1,1,1,1,1,0,0,0,1]",4d7685a01079864d40d9933aa3b71363d31df13d25a1eded912612bebd4f1e6c,2c535dbde7758c688c470c8027e1a854b2352687d8b009696d33a71657c993cb,improved_campaign_offspring,C000089,,3,boundary_growth:small,0.005555555555555556,[123],1,L-SEED,completed,valid,[],,0.09688218716259377,8.991516941091488,B1,2026-08-07T06:11:31.694+02:00,2026-08-07T06:11:31.694+02:00,2026-08-07T06:12:44.852+02:00
119,C000119,improved_dataset_1000_20260807_001,2,119,"[2,2,2,2,2,2,2,2,0,0,0,2,2,2,2,2,2,2,2,0,0,2,2,2,2,2,2,2,2,0,0,2,2,2,0,2,2,2,2,2,0,2,2,2,0,2,2,2,2,2,0,2,2,2,2,2,2,2,2,0,0,2,2,2,2,2,2,2,2,2,0,1,2,0,0,2,2,2,2,2,1,1,0,0,0,2,0,2,2,2,1,1,1,1,0,2,0,0,2,2,1,1,1,1,1,0,0,0,0,0,1,1,1,1,0,0,0,0,0,0,1,1,0,1,0,0,0,0,0,0,1,1,0,0,0,0,0,0,0,0,1,1,1,1,1,1,0,0,0,0,1,1,1,0,1,1,0,0,0,0,1,1,1,0,0,0,0,1,0,1,1,1,1,0,0,0,0,1,1,1]",e0593ff13be9f0f4df6fc611446ae09ef8c4d3374b0f52e7fdf02e14ad65f989,25fcf4af15fc8fcd9ea608edafeda06b50bcf96fbf7e3c0bd2f180398bd86147,improved_campaign_offspring,C000086,,4,boundary_growth:small,0.005555555555555556,[155],1,L-SEED,completed,valid,[],,0.07780521697708985,9.202961189357733,B1,2026-08-07T06:12:44.988+02:00,2026-08-07T06:12:44.988+02:00,2026-08-07T06:14:11.568+02:00
120,C000120,improved_dataset_1000_20260807_001,2,120,"[0,0,0,0,0,0,0,2,0,0,0,0,0,0,0,0,2,2,2,0,0,0,0,0,0,0,0,0,0,0,0,0,0,0,0,0,0,2,2,2,0,0,0,0,0,0,0,0,2,2,0,0,0,0,0,0,0,0,0,0,0,0,0,0,0,0,0,0,0,2,0,1,0,0,0,0,0,0,0,2,1,1,0,0,0,0,1,0,0,2,1,1,1,1,0,0,1,1,2,2,1,1,1,1,1,1,1,1,1,1,1,1,1,1,1,1,1,1,1,1,1,1,0,1,1,1,1,1,1,1,1,1,1,1,1,1,1,1,1,1,1,1,1,1,1,1,1,1,1,1,1,1,1,0,1,1,1,1,1,1,1,1,1,1,1,1,1,1,1,1,1,1,1,1,1,1,1,1,1,1]",e1d1fb8767f754a800a45d1e8abbcbb23f69a0c63ae4c75ddf1495af2f224200,0e6d3685a6c95f8ff80a41b793925643bd98a18bf0c785895e0936e8d8007de8,improved_campaign_offspring,C000057,,5,boundary_growth:medium,0.07777777777777778,"[0,1,2,3,4,11,12,13,21,22,23,31,32,33]",14,L-SEED,completed,valid,[],,0.02885436760829266,10.023389226468984,B1,2026-08-07T06:14:11.701+02:00,2026-08-07T06:14:11.701+02:00,2026-08-07T06:15:06.774+02:00
121,C000121,improved_dataset_1000_20260807_001,3,121,"[0,0,0,0,0,0,1,1,1,1,0,0,0,0,0,0,1,0,1,1,0,0,0,0,0,0,0,0,0,1,0,2,2,2,0,0,0,1,1,1,0,2,2,2,0,0,0,1,1,1,0,2,2,2,0,0,0,0,1,1,2,2,2,2,2,0,1,1,1,1,2,2,2,2,2,0,1,1,1,1,2,2,2,2,2,0,1,1,1,1,2,2,2,2,2,0,1,1,1,1,2,2,2,2,2,0,1,1,1,1,2,2,2,2,2,0,1,1,1,1,2,2,2,2,2,0,1,1,1,1,2,2,2,0,0,1,1,1,1,1,0,0,1,1,1,1,1,1,1,1,1,1,1,1,1,1,1,1,1,1,1,1,1,1,1,1,1,1,1,1,1,1,1,1,1,1,1,1,1,1]",10a85f7a9c847237a17a2b1104e6d0e60c2dbb7fb61efa54ec1390846ae9fd75,c9401524cc5e4b003e36ed5c43ba5c87a40d9b0192773af263b681fefda14bf8,improved_campaign_offspring,C000001,,1,connected_region_repaint:large,0.1,"[1,2,3,4,5,11,12,13,14,15,17,25,26,27,28,35,36,45,46,56,57]",21,L-SEED,completed,valid,[],,0.6039881554280006,3.4817653366588446,B3,2026-08-07T06:15:07.069+02:00,2026-08-07T06:15:07.069+02:00,2026-08-07T06:16:43.519+02:00
122,C000122,improved_dataset_1000_20260807_001,3,122,"[2,2,2,2,2,2,2,2,0,0,0,2,2,2,2,2,2,2,2,0,0,2,2,2,2,2,1,1,1,0,0,2,2,2,0,1,1,1,1,0,0,2,2,2,0,1,1,1,1,1,0,2,2,2,2,1,1,1,1,0,2,2,2,2,2,2,2,1,1,1,2,0,2,0,2,1,1,1,1,1,2,0,2,2,1,1,0,1,1,1,1,1,1,1,1,1,0,0,1,1,2,2,1,1,1,0,0,0,1,1,2,2,2,2,2,0,1,1,1,1,2,0,2,2,2,2,1,1,1,1,2,2,2,2,2,1,1,1,1,1,2,2,1,1,1,1,1,1,1,1,1,1,1,1,1,1,1,1,1,1,0,1,1,1,1,1,1,1,1,1,0,1,1,1,1,1,1,1,1,1]",8a648ee57bcc695be5439d77cb784e99ba7c6dfaa0e72082aae2db7077c6d470,92f9d0997e59830c431c1d68d83751e7f4f916e0c271d23083fd20c6f5d03785,improved_campaign_offspring,C000005,,2,connected_region_repaint:small,0.011111111111111112,"[160,170]",2,L-SEED,completed,valid,[],,0.3439924864583725,6.401572549326254,B1,2026-08-07T06:16:43.652+02:00,2026-08-07T06:16:43.652+02:00,2026-08-07T06:22:54.930+02:00
123,C000123,improved_dataset_1000_20260807_001,3,123,"[0,0,0,0,0,0,0,0,0,0,0,0,0,0,0,0,0,0,0,0,0,0,0,0,0,0,0,0,0,0,0,2,2,2,0,0,0,0,0,0,0,2,2,2,0,0,0,0,0,0,0,2,2,2,0,0,0,0,0,0,2,2,2,2,2,2,2,2,2,2,2,2,2,2,2,2,2,2,2,2,2,2,2,2,2,2,2,2,2,2,2,2,2,2,2,2,2,2,2,2,2,2,2,2,2,2,2,2,1,1,2,2,2,2,2,0,1,1,1,1,2,2,2,2,2,0,1,1,1,1,2,2,2,0,0,1,1,1,1,1,0,0,1,2,2,1,1,1,1,1,1,1,1,2,2,1,1,1,1,1,1,1,1,2,2,2,1,1,1,1,1,1,1,1,1,2,1,1,1,1]",105e03d521bbe964a65623a98619fccd1060b42dc7d8d892f7fef23ced54d16f,1906614553834c79c7e39add76deddf317164a9801bb5689b163ee6367d3af36,improved_campaign_offspring,C000009,,3,connected_region_repaint:medium,0.044444444444444446,"[143,144,153,154,163,164,165,175]",8,L-SEED,completed,valid,[],,0.08124908402812654,9.14873092843812,B1,2026-08-07T06:22:55.077+02:00,2026-08-07T06:22:55.077+02:00,2026-08-07T06:23:56.659+02:00
124,C000124,improved_dataset_1000_20260807_001,3,124,"[0,1,1,1,1,1,1,1,1,1,0,1,1,1,1,1,1,1,1,1,0,0,0,0,0,1,1,1,1,1,0,2,2,2,0,1,1,1,1,1,0,2,2,2,0,1,1,1,1,1,0,1,2,2,0,0,1,1,1,1,1,1,1,2,2,0,1,1,1,1,0,1,1,1,1,0,1,1,1,1,1,1,1,1,1,0,1,1,1,1,1,1,1,1,0,0,1,1,1,1,1,1,1,1,0,0,1,1,1,1,1,1,1,1,1,0,1,1,1,1,1,1,1,1,1,0,1,1,1,1,1,1,1,0,0,1,1,1,1,1,0,0,1,1,1,1,1,1,1,1,1,1,1,1,1,1,1,1,1,1,1,1,1,1,1,1,1,1,1,1,1,1,1,1,1,1,1,1,1,1]",69ae88df0c3c9a85c4f9d7b6d735c8b8431388d4cbc8ef21d3213af02ad46afe,a28577696944fdb9e4c877de78c4c9ab131db4e936c54f2d3174523a02e316a6,improved_campaign_offspring,C000001,,4,connected_region_repaint:large,0.18888888888888888,"[51,60,61,62,70,71,72,73,74,80,81,82,83,84,90,91,92,93,94,100,101,102,103,104,110,111,112,113,114,120,121,122,123,124,130,131,132]",37,L-SEED,completed,valid,[],,0.9871817974032984,0.1272553920683986,B6,2026-08-07T06:23:56.810+02:00,2026-08-07T06:23:56.810+02:00,2026-08-07T06:26:12.975+02:00
125,C000125,improved_dataset_1000_20260807_001,3,125,"[0,1,1,1,1,1,1,1,1,1,0,1,1,1,1,1,1,1,1,1,0,0,0,0,0,1,1,1,1,1,0,2,2,2,0,1,1,1,1,1,0,2,2,2,0,1,1,1,1,1,0,2,2,2,0,1,1,1,1,1,2,2,2,2,2,1,1,1,1,1,2,2,2,2,2,1,1,1,1,1,2,2,2,2,2,1,1,1,1,1,2,2,2,2,2,1,1,1,1,1,2,2,2,2,2,1,1,1,1,1,2,2,2,2,2,1,1,1,1,1,2,2,2,2,2,1,1,1,1,1,2,2,2,0,0,1,1,1,1,1,0,0,1,1,1,1,1,1,1,1,1,1,1,1,1,1,1,1,1,1,1,1,1,1,1,1,1,0,1,0,1,1,1,1,1,0,0,0,0,0]",3f50845756ce1882630cfb09ee3fa5be53593b0449b51242726d26a30068f6dd,0d11ecfc2515273ab8eb51cf24795003273e076f03f1e29c674e9f7c3e605c8a,improved_campaign_offspring,C000064,,5,connected_region_repaint:medium,0.03888888888888889,"[167,169,175,176,177,178,179]",7,L-SEED,completed,valid,[],,0.9823690225571652,0.12564351771418025,B6,2026-08-07T06:26:13.124+02:00,2026-08-07T06:26:13.124+02:00,2026-08-07T06:28:54.223+02:00
126,C000126,improved_dataset_1000_20260807_001,3,126,"[0,0,0,0,0,0,0,0,0,0,0,0,0,2,0,0,0,0,2,0,0,0,0,2,2,2,0,2,2,0,0,2,2,2,2,2,2,2,2,2,0,2,0,2,2,2,2,0,2,2,2,2,0,2,2,0,2,2,2,2,0,2,0,2,2,2,2,2,2,2,2,2,2,2,2,2,2,2,2,2,1,2,2,2,2,0,2,2,2,2,1,1,2,2,2,2,2,2,2,2,1,1,0,1,2,2,2,2,2,2,1,1,1,1,1,2,2,2,2,2,1,1,1,1,1,2,2,2,2,2,1,1,1,0,0,1,2,2,2,2,0,0,1,1,1,1,2,2,2,2,0,0,1,1,1,1,2,2,0,2,1,1,1,1,0,1,2,2,2,2,1,1,2,2,2,2,1,1,2,2]",c1b634f3be11d42f116079d806a4b1629262ec8dbf5a9cfc4eae1576a58d4b6c,9531850047ae4b1000d7ead55f14fa08c9f49112e9a04f97299bc535478f37c8,improved_campaign_offspring,C000099,,1,connected_region_repaint:large,0.21666666666666667,"[18,27,28,36,37,38,39,45,46,48,49,56,57,58,59,65,66,67,68,69,75,77,79,89,99,107,108,109,117,118,119,125,126,127,128,129,137,138,139]",39,L-SEED,completed,valid,[],,0.0370458839707622,9.655504150946609,B1,2026-08-07T06:28:54.443+02:00,2026-08-07T06:28:54.443+02:00,2026-08-07T06:31:49.095+02:00
127,C000127,improved_dataset_1000_20260807_001,3,127,"[0,0,0,0,0,0,0,0,0,0,0,0,0,0,0,0,0,0,0,0,0,0,0,0,0,0,0,0,0,0,0,2,2,2,0,0,0,0,0,0,0,2,2,2,0,0,0,0,0,0,0,2,2,2,0,0,0,0,0,0,0,2,2,2,0,0,0,0,2,2,0,0,2,0,0,0,0,0,0,2,0,0,0,0,0,0,0,2,2,2,0,0,0,0,0,0,0,0,2,2,0,0,0,0,0,0,0,0,0,0,0,0,0,0,0,0,0,0,0,0,0,0,0,0,0,0,2,0,0,0,0,0,0,0,0,2,2,2,0,2,0,0,2,2,2,2,2,2,2,2,0,2,2,2,2,2,2,2,0,2,2,2,2,2,2,2,2,2,2,2,2,2,1,2,2,2,2,1,1,1]",9fc3b0fe392cc1e6282e1549556472ff546e09004c51b711b86d7bb061c13676,f9b08af5640e8f4f072e52138463643289b979ae84bbe54f6907ab96b326088e,improved_campaign_offspring,C000018,,2,boundary_growth:medium,0.03333333333333333,"[65,66,67,75,76,77,78,85,95]",9,L-SEED,completed,valid,[],,0.04223427981487166,9.657387257615936,B1,2026-08-07T06:31:49.274+02:00,2026-08-07T06:31:49.274+02:00,2026-08-07T06:33:05.329+02:00
128,C000128,improved_dataset_1000_20260807_001,3,128,"[0,1,1,1,1,1,1,1,1,1,0,1,1,1,1,1,1,1,1,1,0,0,0,0,1,1,1,1,1,1,0,0,0,0,0,1,1,1,1,1,0,0,0,0,0,1,1,1,1,1,0,0,0,0,0,0,1,1,1,1,0,0,0,0,0,0,1,1,1,1,0,0,0,0,0,0,1,1,1,1,0,0,0,0,0,0,1,1,1,1,0,0,0,0,0,0,1,1,1,1,2,0,0,0,0,0,1,1,1,1,2,0,0,0,0,0,1,1,1,1,2,2,0,0,0,0,1,0,1,1,2,2,2,0,0,0,0,0,1,1,0,0,0,0,0,0,0,0,0,1,0,0,0,0,0,0,0,0,0,1,0,0,0,0,0,0,0,0,1,1,0,0,0,0,0,0,0,0,1,1]",e2acc81f403ca80e19a8cded4b94b675c7de9914f82e7cfa9eeae4e98dcc55e4,844e3a64d92443cf1ad84dfda57afef52867867421760018c53cd61f3ab177fd,improved_campaign_offspring,C000013,,3,boundary_growth:small,0.005555555555555556,[24],1,L-SEED,completed,valid,[],,0.5952401267005988,3.770268043343179,B2,2026-08-07T06:33:05.472+02:00,2026-08-07T06:33:05.472+02:00,2026-08-07T06:34:29.629+02:00
129,C000129,improved_dataset_1000_20260807_001,3,129,"[0,0,0,0,0,0,0,0,0,0,0,0,0,2,0,0,0,0,0,0,0,0,0,2,2,2,0,0,0,0,0,2,2,2,2,2,0,0,0,0,0,2,0,2,2,0,0,0,0,0,2,2,0,2,2,0,0,0,0,0,0,2,0,2,2,0,0,0,0,0,2,2,0,0,0,0,2,0,2,0,1,2,0,0,0,0,2,2,2,0,1,1,0,2,2,2,2,2,2,0,1,1,0,1,2,2,2,0,0,0,1,1,1,1,1,2,2,0,0,0,1,1,1,1,1,0,0,0,0,0,1,1,1,0,0,1,2,0,0,0,0,0,1,1,1,1,2,2,2,2,0,0,1,1,1,1,2,2,0,2,1,1,1,1,0,1,2,2,2,2,1,1,2,2,2,2,1,1,2,2]",794f7a00791255501b158c35b8a91374f8ce8c4b85eb2c3ca36246b68d2594fb,3abdd53c4b04c03993f4be0caf36b54164626dbe01968089e67bda909a5f5359,improved_campaign_offspring,C000099,,4,rectangular_patch:medium,0.03888888888888889,"[72,73,74,82,83,84,92]",7,L-SEED,completed,valid,[],,0.051355385647553084,9.506440115573254,B1,2026-08-07T06:34:29.762+02:00,2026-08-07T06:34:29.762+02:00,2026-08-07T06:37:28.601+02:00
130,C000130,improved_dataset_1000_20260807_001,3,130,"[2,1,1,1,1,1,1,1,1,1,2,1,1,1,1,1,1,1,1,1,2,2,2,0,0,1,1,1,1,1,2,0,2,2,0,1,1,1,1,1,2,0,0,0,0,1,1,1,1,1,2,2,0,0,0,0,1,1,1,1,2,0,0,0,0,0,1,1,1,1,0,0,0,0,0,0,1,1,1,1,0,0,0,0,0,0,1,1,1,1,0,0,0,0,0,0,1,1,1,1,2,0,0,0,0,0,1,1,1,1,2,0,0,0,0,0,1,1,1,1,2,2,0,0,0,0,1,0,1,1,2,2,2,0,0,0,0,0,1,1,0,0,0,0,0,0,0,0,0,1,0,0,0,0,0,0,0,0,0,1,0,0,0,0,0,0,0,0,1,1,0,0,0,0,0,0,0,0,1,1]",df069e52a3ac0e5e410e67436ab346568442a7488256e3bbbad0c1fd690543af,4eca20ce73cbf66e2da891731a20f2b7098f22fb863da6dc5f956db0c51d3cd1,improved_campaign_offspring,C000013,,5,connected_region_repaint:medium,0.06666666666666667,"[0,10,20,21,22,30,32,33,40,50,51,60]",12,L-SEED,completed,valid,[],,0.6350625030043776,3.3485927910131683,B3,2026-08-07T06:37:28.739+02:00,2026-08-07T06:37:28.739+02:00,2026-08-07T06:39:24.067+02:00
131,C000131,improved_dataset_1000_20260807_001,3,131,"[0,1,1,1,1,1,1,1,1,1,0,1,1,1,1,1,1,1,1,1,0,0,0,0,0,1,1,1,1,1,0,0,0,0,0,1,1,2,1,1,0,0,0,0,0,1,2,2,1,1,0,2,2,0,0,0,1,2,1,1,2,2,2,2,2,0,1,1,1,1,2,2,2,2,2,0,1,1,1,1,2,2,2,2,2,0,1,1,1,1,2,2,2,2,2,0,1,1,1,1,2,2,2,2,2,0,1,1,1,1,2,2,2,2,2,0,1,1,1,1,2,2,2,2,2,0,1,0,1,1,2,2,2,0,0,0,0,0,1,1,0,0,0,0,0,0,0,0,0,1,0,0,0,0,0,0,0,0,0,1,0,0,0,0,0,0,0,0,1,1,0,0,0,0,0,0,0,0,1,1]",bbf418f9325e1d8a9deb01a16698036936ab74af12ab55b2e4cb3de9df7d239d,c711037c0776f7a586549ea4b16dcc97fefee8fcde5ee2290d0933bce34cb8d3,improved_campaign_offspring,C000073,,1,connected_region_repaint:small,0.022222222222222223,"[37,46,47,57]",4,L-SEED,completed,valid,[],,0.5976770404219668,3.7426040579966586,B2,2026-08-07T06:39:24.317+02:00,2026-08-07T06:39:24.317+02:00,2026-08-07T06:42:02.193+02:00
132,C000132,improved_dataset_1000_20260807_001,3,132,"[0,0,0,0,0,0,2,2,0,0,0,2,0,0,0,0,2,2,2,0,0,2,2,2,0,0,2,2,2,0,0,2,2,2,0,2,2,2,2,2,0,2,2,2,0,2,2,2,2,2,0,2,2,2,2,2,2,2,2,0,2,2,2,2,2,2,2,2,2,2,2,0,2,0,2,2,2,2,2,2,2,0,2,2,2,2,0,2,2,2,2,2,2,2,2,2,0,0,2,2,2,2,2,2,2,2,0,0,0,0,2,2,2,2,2,0,0,0,0,0,2,0,2,2,2,2,0,0,0,0,2,2,2,2,2,0,0,0,0,0,2,2,0,0,0,0,0,0,0,0,0,0,0,0,0,0,0,0,0,0,1,0,0,1,0,0,0,0,0,0,1,0,0,1,1,0,0,0,1,1]",61c0a7d0776ab037d9f5dc956b70df8d168e962505777cdabd50842656d6bf48,03c95026c2067c87b67922e9a31bcc967eb4d71aa34c0b78c085416adc731a1d,improved_campaign_offspring,C000026,,2,connected_region_repaint:medium,0.05555555555555555,"[0,1,2,3,4,5,12,13,14,15,24,25]",12,L-SEED,completed,valid,[],,0.055399867119734,9.434430676059627,B1,2026-08-07T06:42:02.323+02:00,2026-08-07T06:42:02.323+02:00,2026-08-07T06:43:55.204+02:00
133,C000133,improved_dataset_1000_20260807_001,3,133,"[2,2,2,2,2,2,2,2,0,0,0,2,2,2,2,2,2,2,2,0,0,2,2,2,2,2,2,2,2,0,0,2,2,2,0,2,2,2,2,2,0,2,2,2,0,2,2,2,2,2,0,2,2,2,2,2,2,2,2,0,2,2,2,2,2,2,2,2,2,2,2,0,2,0,2,2,2,2,2,2,2,0,2,2,2,2,0,2,2,2,2,2,0,0,2,2,0,0,2,2,2,2,2,0,0,2,0,0,1,1,0,0,0,0,0,0,1,1,1,1,2,0,0,0,0,0,1,1,1,1,2,2,2,0,0,1,1,1,1,1,2,2,1,1,1,1,1,1,1,1,1,1,1,1,1,1,1,1,1,1,1,1,1,1,1,1,1,1,1,1,1,1,1,1,1,1,1,1,1,1]",6fb777844b0cfb5b44e1412af4d189ef860ea22b02f0ca8257a248d87f61a80a,ab7ef2c65a53f7db1b00292ccb5d2e2f9fea7a94c44b797a4dace8bff8e02b0e,improved_campaign_offspring,C000025,,3,connected_region_repaint:medium,0.07777777777777778,"[92,93,103,104,110,111,112,113,114,122,123,124,125,133,134]",15,L-SEED,completed,valid,[],,0.08107195997348561,9.159508645222934,B1,2026-08-07T06:43:55.405+02:00,2026-08-07T06:43:55.405+02:00,2026-08-07T06:45:34.668+02:00
134,C000134,improved_dataset_1000_20260807_001,3,134,"[2,2,2,2,2,0,0,2,0,0,2,2,2,2,2,2,2,2,2,0,2,2,2,2,2,2,2,2,0,0,2,2,0,0,0,0,0,2,2,2,2,2,0,0,0,0,0,2,2,0,0,2,0,0,0,0,0,0,0,0,2,2,0,0,0,0,0,0,0,0,2,2,0,0,0,0,0,0,0,0,2,2,2,0,0,0,0,0,0,0,2,0,0,0,0,0,0,0,0,0,0,0,0,2,2,2,2,2,2,0,2,0,0,2,2,2,2,2,2,0,2,2,0,2,2,2,2,2,2,0,2,0,0,2,2,2,2,2,2,0,0,0,0,2,2,2,2,2,2,2,0,0,0,2,2,2,2,2,0,2,0,0,0,0,0,0,0,0,2,2,0,0,0,0,0,0,0,0,2,2]",45551dcd0c5574d52e70cc00be7e439d94447111af62bb1a25e8f497597809e2,626593106795403c375d142f446aa7f57d7dd374aa2a7b82a207de5b92c465e1,improved_campaign_offspring,C000022,,4,rectangular_patch:large,0.10555555555555556,"[32,33,34,36,42,43,45,46,52,53,63]",11,L-SEED,completed,valid,[],,0.060456395395298436,9.379552594382494,B1,2026-08-07T06:45:34.796+02:00,2026-08-07T06:45:34.796+02:00,2026-08-07T06:47:31.568+02:00
135,C000135,improved_dataset_1000_20260807_001,3,135,"[2,2,2,2,2,0,0,2,0,0,2,2,2,2,2,2,2,2,2,0,2,2,2,2,2,2,2,2,0,0,2,2,2,2,2,0,2,2,2,2,2,2,2,2,2,2,2,2,2,0,0,2,2,2,2,2,2,0,0,0,2,2,0,2,2,0,0,0,0,0,2,2,0,0,0,0,0,0,0,0,2,2,2,0,0,0,0,0,0,0,2,0,0,0,0,0,0,0,0,0,0,0,0,2,2,2,2,2,2,0,2,0,0,2,2,2,2,2,2,0,2,2,0,2,2,2,2,2,2,0,2,0,0,2,2,2,2,2,2,0,0,0,0,2,2,2,2,2,2,2,0,0,0,2,2,2,2,2,0,2,0,0,0,0,0,0,0,0,2,2,0,0,0,0,0,0,0,0,2,2]",82ef8c9d8122f575b425a37463344cd9f685355353c94ae5b15d93b6e603d897,308b12bc5f2f2d16f6ac332badd0b93f02474491604aa604382d9d7fccc9d89e,improved_campaign_offspring,C000022,,5,rectangular_patch:medium,0.03888888888888889,"[44,54,55,56,64]",5,L-SEED,completed,valid,[],,0.06275725476505092,9.340725157557147,B1,2026-08-07T06:47:31.698+02:00,2026-08-07T06:47:31.698+02:00,2026-08-07T06:49:13.953+02:00
136,C000136,improved_dataset_1000_20260807_001,3,136,"[0,0,0,0,0,0,0,0,0,0,0,0,0,0,0,0,0,0,0,0,0,0,0,0,0,0,0,0,0,0,0,2,2,2,0,0,0,0,0,0,0,2,1,1,1,1,1,1,2,2,0,1,1,1,1,1,1,1,2,2,0,0,0,1,1,0,0,2,2,2,0,0,0,1,1,1,0,0,2,2,0,0,0,1,1,1,0,0,2,2,2,0,0,1,1,1,1,0,0,0,2,2,1,0,1,1,1,1,0,0,2,2,1,1,1,0,1,0,0,0,2,2,1,0,1,0,1,1,1,1,2,2,1,0,0,1,1,1,1,1,0,0,1,1,1,1,1,1,1,1,1,1,1,1,1,1,1,1,1,1,1,1,1,1,1,1,1,1,1,1,1,1,1,1,1,1,1,1,1,1]",274a98ad84704b0b038a7624ec04046b0fc68682d0c4d10c844ba50ee688a88c,21fbe9e2a50c652c15ed3ce0bdf6b04e1d3be078cc92227db13081ad49e7a363,improved_campaign_offspring,C000107,,1,connected_region_repaint:large,0.2,"[42,43,44,45,46,47,51,52,53,54,55,56,57,63,64,73,74,75,83,84,85,93,94,95,96,102,104,105,106,107,112,113,114,122,123,124,132]",37,L-SEED,completed,valid,[],,0.14512769506430495,8.512085732162046,B1,2026-08-07T06:49:14.157+02:00,2026-08-07T06:49:14.157+02:00,2026-08-07T06:50:55.519+02:00
137,C000137,improved_dataset_1000_20260807_001,3,137,"[2,2,2,2,0,2,0,0,0,0,2,2,2,2,2,2,2,0,0,0,2,2,2,2,2,2,2,2,2,2,2,2,2,2,2,2,2,0,0,0,0,0,0,0,0,0,0,0,0,0,0,0,0,0,0,0,0,0,0,0,0,0,0,0,0,0,0,0,0,0,0,0,0,0,0,0,0,0,0,0,0,0,0,0,0,0,0,0,0,0,2,0,0,0,0,2,0,0,0,0,2,2,2,0,2,2,2,2,0,0,2,2,2,2,2,0,0,0,0,0,2,2,2,2,2,0,0,0,0,0,2,2,2,0,0,0,0,0,0,0,0,0,2,0,0,0,0,0,0,0,2,2,2,1,0,0,0,0,0,1,2,2,2,1,0,0,1,0,0,1,2,2,1,1,1,0,1,1,0,1]",23973488ea8887ca798eacba05fb22dfa1251645978cbb255da4bd791365cbe2,735b2e36df645a7f628e72f7839054a0a8b35d5e0622fc0952e934922365206c,improved_campaign_offspring,C000076,,2,connected_region_repaint:small,0.005555555555555556,[164],1,L-SEED,completed,valid,[],,0.0851761765569342,9.140480775449143,B1,2026-08-07T06:50:55.762+02:00,2026-08-07T06:50:55.762+02:00,2026-08-07T06:52:27.219+02:00
138,C000138,improved_dataset_1000_20260807_001,3,138,"[0,0,0,0,0,0,0,0,0,0,0,0,0,0,0,0,0,0,0,0,0,0,0,0,0,0,0,0,0,0,0,2,2,2,0,0,0,0,0,0,0,2,2,2,2,2,2,2,2,2,0,2,2,2,2,2,2,2,2,2,0,0,0,2,2,0,0,2,2,2,0,0,0,2,2,2,0,0,2,2,0,0,0,2,2,2,0,0,2,2,2,2,0,2,2,2,2,0,0,0,2,2,2,0,2,2,2,2,0,0,2,2,2,2,2,0,1,0,0,0,2,2,2,2,2,0,1,1,1,1,2,2,2,0,0,1,1,1,1,1,0,0,1,1,1,1,1,1,1,1,1,1,1,1,1,1,1,1,1,1,1,1,1,1,1,1,1,1,1,1,1,1,1,1,1,1,1,1,1,1]",96b989ecb5fcb0d3567c2068e54ee056e7d212889670010f1181c2415dfe0b0e,61a0fdbd7109beb4ef6ffc811d2cc4c2eb42a35f97346d58eff4db37481ead87,improved_campaign_offspring,C000107,,3,boundary_growth:small,0.005555555555555556,[91],1,L-SEED,completed,valid,[],,0.07125915975311727,9.278515301217658,B1,2026-08-07T06:52:27.351+02:00,2026-08-07T06:52:27.351+02:00,2026-08-07T06:53:30.456+02:00
139,C000139,improved_dataset_1000_20260807_001,3,139,"[2,2,2,2,2,0,0,2,0,0,2,2,2,2,2,2,2,2,2,0,2,2,2,2,2,2,2,0,0,0,2,2,2,2,2,0,2,0,0,0,2,2,2,2,0,2,2,2,2,0,0,2,2,2,0,0,0,0,0,0,2,2,1,2,1,1,1,1,0,0,2,2,1,1,1,1,1,0,1,1,2,2,2,1,1,1,1,1,1,1,2,1,1,1,1,1,1,1,1,1,1,1,1,1,1,1,1,0,0,0,2,1,1,0,1,0,0,0,0,0,2,2,1,1,1,0,0,0,0,0,2,1,1,0,0,1,1,0,0,0,0,0,1,1,1,0,1,2,2,2,1,1,1,1,1,1,1,2,0,2,1,1,1,1,0,1,1,1,2,2,1,1,1,1,1,1,1,1,2,2]",88bb9f3c729cf5b20b83cb34233480061c31f2e037eac2c779fe579382e03de8,256b7424c80255925182a99279d4c6101d7cd36246c253a14aa2a733438f3f7b,improved_campaign_offspring,C000031,,4,rectangular_patch:small,0.022222222222222223,"[27,37,38,39]",4,L-SEED,completed,valid,[],,0.14051997306450767,8.517242819473855,B1,2026-08-07T06:53:30.594+02:00,2026-08-07T06:53:30.594+02:00,2026-08-07T07:06:00.285+02:00
140,C000140,improved_dataset_1000_20260807_001,3,140,"[2,2,2,2,0,2,0,0,0,0,2,2,2,2,2,2,2,0,0,0,2,2,2,2,2,2,2,2,2,2,2,2,2,2,2,2,2,0,0,0,0,0,0,0,0,0,0,0,0,0,0,0,0,0,0,0,0,0,0,0,0,0,0,0,0,0,0,0,0,0,0,0,0,0,0,0,0,0,0,0,0,0,0,0,0,0,0,0,0,0,2,0,0,0,0,0,0,0,0,0,2,2,2,0,0,0,0,0,0,0,2,2,2,2,0,0,0,0,0,0,2,2,2,2,2,0,0,0,0,0,2,2,2,0,0,0,0,0,0,0,0,0,2,0,0,0,0,0,0,0,2,2,2,1,0,0,0,0,0,1,2,2,2,1,1,0,1,0,0,1,2,2,1,1,1,0,1,1,0,1]",5f157a541231316e0bd53de12be27f4213b35d231a2d43412792d65f8ed994ac,abda5c86dac7f18edc0f607b63e0cd01fe7bbad06650d14ca5829b88f081d947,improved_campaign_offspring,C000076,,5,connected_region_repaint:small,0.022222222222222223,"[95,104,105,106,107,114]",6,L-SEED,completed,valid,[],,0.0884506880024661,9.094945537838475,B1,2026-08-07T07:06:00.431+02:00,2026-08-07T07:06:00.431+02:00,2026-08-07T07:07:02.192+02:00
141,C000141,improved_dataset_1000_20260807_001,3,141,"[2,1,1,1,1,1,1,1,1,1,2,1,1,1,1,1,1,1,1,1,2,2,2,2,2,1,1,1,0,0,2,2,2,2,2,1,1,1,1,1,2,2,2,2,2,1,1,1,1,1,2,2,2,2,2,2,1,1,1,1,2,2,2,2,2,2,1,1,1,1,2,2,2,2,2,2,1,1,1,1,2,2,2,2,2,2,1,1,1,1,2,2,2,2,2,2,1,1,1,1,2,2,2,2,2,2,1,1,1,1,2,2,2,2,2,2,1,1,1,1,2,2,2,2,2,2,1,0,1,1,2,2,2,0,2,2,2,2,1,1,0,0,0,0,2,2,2,0,0,1,0,0,0,0,0,0,0,0,0,1,0,0,0,0,0,0,0,0,1,1,0,0,0,0,0,0,0,0,1,1]",37d7d636be52072855c6966a0b9fd2b6759ff347e5ddba48e2ceccd1c2a2ab17,1c42b3513474cf9613f772ed23af1450a9c01dbb8e2db3360bb6aa02eef68e45,improved_campaign_offspring,C000047,,1,rectangular_patch:small,0.011111111111111112,"[28,29]",2,L-SEED,completed,valid,[],,0.6188055158094632,3.5225107788254837,B3,2026-08-07T07:07:02.393+02:00,2026-08-07T07:07:02.393+02:00,2026-08-07T07:09:43.999+02:00
142,C000142,improved_dataset_1000_20260807_001,3,142,"[0,0,0,0,0,0,0,0,0,0,0,0,0,0,0,0,0,0,0,0,0,0,0,0,0,0,0,0,0,0,0,2,2,2,0,0,0,0,0,0,0,2,2,2,0,0,0,0,0,0,0,2,2,2,0,0,0,0,0,0,2,2,2,2,2,2,2,2,2,2,2,2,2,2,2,2,2,2,2,2,2,2,2,2,2,2,2,2,2,2,2,2,2,2,2,2,2,2,2,2,2,2,2,2,2,2,2,2,0,0,2,0,2,2,2,2,2,0,0,0,2,0,2,2,2,0,2,2,2,0,2,0,0,0,0,0,0,2,2,0,0,0,0,0,0,0,0,2,0,0,0,0,0,0,0,0,0,0,0,0,0,0,0,0,0,0,0,0,0,0,0,0,0,0,0,0,1,1,0,0]",83ae6fc94bca2670a3a5081d6c4af715cfd9d45390557141dd136a9e91a2b86e,4eabc94483e7eaca402697fa98d209bf6c892cb39b997fee2915c9292be6f263,improved_campaign_offspring,C000081,,2,boundary_growth:small,0.016666666666666666,"[137,138,147]",3,L-SEED,completed,valid,[],,0.050764141392223586,9.551453393276418,B1,2026-08-07T07:09:44.129+02:00,2026-08-07T07:09:44.129+02:00,2026-08-07T07:10:41.331+02:00
143,C000143,improved_dataset_1000_20260807_001,3,143,"[2,1,1,1,1,1,1,1,1,1,2,1,1,1,1,1,1,1,1,1,2,2,2,2,2,1,1,1,1,1,2,2,0,2,2,1,1,1,1,1,0,0,0,0,1,1,1,1,1,1,0,0,0,1,1,1,1,1,1,1,1,0,1,1,0,0,1,1,1,1,1,1,0,1,1,1,1,1,1,1,2,1,1,1,1,1,1,1,1,1,2,2,2,1,1,1,1,1,1,1,2,2,2,1,1,1,1,1,1,1,2,2,2,1,0,1,1,1,1,1,2,2,1,1,1,2,1,0,1,1,2,2,2,0,2,2,2,2,1,1,0,0,0,0,2,2,2,0,0,1,0,0,0,0,0,0,0,0,0,1,0,0,0,0,0,0,0,0,1,1,0,0,0,0,0,0,0,0,1,1]",cff64e5d881090f55e4d66ac879f524605017b9df2962611f23a88e99348ca2f,4eaa69587feb319720ae055e6cb8c874209d63d81c322471a6c4b3ed5f647e80,improved_campaign_offspring,C000112,,3,boundary_growth:large,0.15555555555555556,"[44,53,54,55,60,61,62,63,64,65,70,71,72,73,74,75,81,82,83,84,85,93,94,95,103,104,105,113,114,115,122,123,124]",33,L-SEED,completed,valid,[],,0.52371838622992,4.489316326022851,B2,2026-08-07T07:10:41.465+02:00,2026-08-07T07:10:41.465+02:00,2026-08-07T07:16:35.835+02:00
144,C000144,improved_dataset_1000_20260807_001,3,144,"[2,0,0,0,0,0,0,0,0,0,2,0,0,0,0,0,0,0,0,0,2,2,2,2,2,0,0,0,0,0,0,0,2,2,2,0,0,0,0,0,0,0,0,2,2,0,0,0,0,0,0,0,0,0,0,0,0,0,0,0,0,0,0,0,0,0,0,0,0,0,0,0,0,0,0,0,0,0,0,0,0,0,0,0,0,0,0,0,0,0,0,2,2,0,0,0,0,0,0,0,2,2,2,0,0,0,0,0,0,0,2,2,0,0,0,0,0,0,0,0,2,2,0,0,0,2,0,0,0,2,2,2,2,0,0,2,2,2,2,2,0,0,0,0,0,2,2,0,0,0,0,0,0,0,0,0,0,0,0,0,0,0,0,0,0,0,0,0,0,0,0,0,0,0,0,0,0,0,0,0]",908388f7109b077cbe9a1c0b7140a69937cfb50b7e63e62b4d0af60ccf31403a,ad3a9c4b7b535dc912b1d772398109ec8e25cb16992eefa3b7d98d2598bc352f,improved_campaign_offspring,C000084,,4,boundary_growth:medium,0.07222222222222222,"[149,159,168,169,178,179]",6,L-SEED,completed,valid,[],,0.06736096969306805,9.372122541402042,B1,2026-08-07T07:16:36.072+02:00,2026-08-07T07:16:36.072+02:00,2026-08-07T07:17:29.776+02:00
145,C000145,improved_dataset_1000_20260807_001,3,145,"[2,2,2,2,2,2,2,2,0,0,0,2,2,2,2,2,0,0,0,0,0,2,2,2,2,0,0,0,0,2,0,2,2,2,0,0,2,2,2,2,0,2,2,2,0,0,0,0,0,0,0,2,2,2,2,0,0,0,0,0,0,2,2,2,2,0,0,0,0,0,0,0,2,0,0,0,0,0,0,0,0,0,0,0,0,0,0,0,0,0,0,0,0,0,0,0,0,0,0,0,0,0,0,0,0,0,0,0,0,0,0,0,0,0,0,0,0,0,0,0,0,0,0,0,0,0,0,0,0,0,0,0,0,0,0,0,0,0,0,0,0,0,0,0,0,0,0,0,0,0,0,0,0,0,0,0,0,0,0,0,0,1,1,0,0,0,0,1,0,1,0,0,1,0,0,0,0,1,1,1]",e5235962a4caf0fc3b11cf7b41b62ea99e523e0e5e431a4d2d8ae964ad567689,2c8fe35f72c458b423d104ed6bd54b0a0c603a8bbce74bd3b361924ae8dfe753,improved_campaign_offspring,C000044,,5,connected_region_repaint:medium,0.027777777777777776,"[29,36,37,38,39]",5,L-SEED,completed,valid,[],,0.09664083739498804,8.990111753757423,B1,2026-08-07T07:17:29.908+02:00,2026-08-07T07:17:29.908+02:00,2026-08-07T07:18:22.152+02:00
146,C000146,improved_dataset_1000_20260807_001,3,146,"[2,2,2,2,2,0,0,2,0,0,0,2,2,2,0,0,2,2,2,0,0,2,2,2,0,0,0,0,0,0,0,2,2,2,0,0,0,2,2,2,0,0,0,0,0,0,0,0,2,2,0,0,0,0,0,0,0,0,0,0,0,0,0,0,0,0,0,0,0,2,0,0,0,0,0,0,0,0,0,2,0,0,0,0,0,0,0,0,0,2,2,2,2,2,0,0,0,0,2,2,2,0,2,2,2,2,2,2,1,1,0,2,2,2,2,2,2,1,1,1,2,2,0,2,2,2,2,2,1,1,2,2,2,2,2,2,2,2,1,1,1,1,2,2,1,1,2,2,1,1,1,1,1,0,1,1,2,1,1,1,1,1,1,1,1,1,1,1,1,1,1,1,1,1,1,1,1,1,1,1]",591718372433751dc80490f69162d95cee8e30f2b44c0dfe0bf60475656e0da1,27888abbe4ce8fbf63e87945e4a4429057d8de577052763c4ea762101dea817d,improved_campaign_offspring,C000057,,1,connected_region_repaint:large,0.20555555555555555,"[71,80,81,86,90,91,92,93,96,97,100,101,102,103,104,105,106,107,110,111,112,113,114,115,116,120,121,123,124,125,126,127,130,131,132,133,134,135,136,137,142,143,146,147,156]",45,L-SEED,completed,valid,[],,0.08387046674315146,9.115650551402133,B1,2026-08-07T07:18:22.359+02:00,2026-08-07T07:18:22.359+02:00,2026-08-07T07:20:12.070+02:00
147,C000147,improved_dataset_1000_20260807_001,3,147,"[0,0,0,0,0,0,0,0,0,0,0,0,0,0,0,0,0,0,0,0,0,0,0,0,0,0,0,0,0,0,0,0,0,0,0,0,0,0,0,0,0,0,0,0,0,0,0,2,0,0,0,0,0,0,0,0,0,2,2,0,0,0,0,0,0,0,2,2,2,2,0,0,0,0,0,0,1,1,2,2,0,0,0,0,0,0,1,1,2,2,0,0,0,0,0,0,1,1,1,1,2,0,0,0,0,0,1,1,1,1,2,0,0,0,0,0,1,1,1,1,2,2,0,0,0,0,1,0,1,1,2,2,2,0,0,0,2,2,1,1,0,0,0,0,0,0,0,2,0,1,0,0,0,0,0,0,0,2,2,1,0,0,0,0,0,0,0,2,1,1,0,0,0,0,0,0,0,2,1,1]",700441a6a74ddea6dbd2d69b95ea6a5b1ae8d9baa2c2dfaacdbf8763e9c0ea92,63acbaef56655ab68948def7c92f8ca7913fcaf7e3875e12aaa42ccc58889979,improved_campaign_offspring,C000055,,2,connected_region_repaint:medium,0.03888888888888889,"[136,137,147,157,158,167,177]",7,L-SEED,completed,valid,[],,0.0962227049617052,8.987381897211128,B1,2026-08-07T07:20:12.308+02:00,2026-08-07T07:20:12.308+02:00,2026-08-07T07:21:15.227+02:00
148,C000148,improved_dataset_1000_20260807_001,3,148,"[0,0,0,0,0,0,0,0,0,0,0,0,0,0,0,0,0,0,0,0,2,0,0,0,0,0,0,0,0,0,2,2,2,2,0,0,0,0,0,0,2,2,2,2,0,0,0,0,0,0,2,2,2,2,0,0,0,0,0,0,2,2,2,2,0,0,0,0,0,0,2,2,2,2,2,2,0,0,0,0,2,0,0,2,2,2,2,0,0,0,2,2,0,0,2,0,0,0,0,0,2,2,0,0,2,2,2,2,0,0,2,0,0,0,2,0,0,0,0,0,2,2,0,0,0,0,0,0,0,0,2,0,0,0,0,0,0,0,0,0,0,0,0,0,0,0,0,0,2,2,0,0,0,0,0,0,0,0,0,2,0,0,0,0,0,0,0,0,0,2,0,0,0,0,0,0,1,2,2,2]",00a31cd2a0400ef4838598fa46ad4bbea04c4d2243fca8d1b09b5d25f15c7168,75238d1125ca0282dc1faa46cd17f613658513511280a4d326c08e2cf6e7b27d,improved_campaign_offspring,C000088,,3,connected_region_repaint:large,0.12777777777777777,"[20,30,40,42,50,51,52,61,62,72,73,74,75,83,84,85,86,94,104,105,106,107,114]",23,L-SEED,completed,valid,[],,0.06420800768224123,9.387482458502314,B1,2026-08-07T07:21:15.372+02:00,2026-08-07T07:21:15.372+02:00,2026-08-07T07:22:38.251+02:00
149,C000149,improved_dataset_1000_20260807_001,3,149,"[0,0,0,2,2,2,2,2,0,0,0,0,2,2,2,2,2,2,2,0,0,0,0,2,2,2,2,2,2,0,0,0,0,2,0,2,2,2,0,0,0,0,0,0,0,2,2,2,0,0,0,0,2,2,2,2,2,2,2,0,0,0,2,2,2,2,2,2,2,2,0,1,2,0,0,2,2,2,2,2,1,1,0,0,0,2,0,2,2,2,1,1,1,1,0,2,0,0,2,2,1,1,1,1,1,0,0,0,0,0,1,1,1,1,0,0,0,0,0,0,1,1,0,1,0,0,0,0,0,0,1,1,0,0,0,0,0,0,0,0,1,1,1,1,1,1,0,0,0,0,1,1,1,0,1,0,0,0,0,0,1,1,1,0,0,0,0,1,0,1,1,1,1,0,0,0,0,1,1,1]",d48753d0e91ce72e6a8481542e409c9d42be2dd953cf133e43bdfc2365900bf6,d98f71d64137a8e291df22289c5cae9fd34e6bce082e665c21dfa936d8084b85,improved_campaign_offspring,C000116,,4,connected_region_repaint:small,0.022222222222222223,"[38,39,48,49]",4,L-SEED,completed,valid,[],,0.06319876529638273,9.410169724871777,B1,2026-08-07T07:22:38.389+02:00,2026-08-07T07:22:38.389+02:00,2026-08-07T07:23:52.720+02:00
150,C000150,improved_dataset_1000_20260807_001,3,150,"[0,0,0,0,0,0,0,0,0,0,0,0,0,0,0,0,0,0,0,0,0,0,0,0,0,0,0,0,0,0,0,2,2,2,0,0,0,0,0,0,0,2,2,2,0,0,0,0,0,0,0,2,2,2,0,0,0,0,0,0,0,2,2,2,0,2,2,2,2,2,0,0,2,0,0,2,2,2,2,2,0,0,0,0,0,2,0,2,2,2,0,0,0,0,0,2,0,0,2,2,0,0,0,0,0,0,0,0,0,0,0,0,0,0,0,0,0,0,0,0,0,0,0,0,0,0,0,0,0,0,0,0,0,0,0,0,0,0,0,0,0,0,1,1,0,0,0,0,0,0,1,1,1,1,0,0,0,0,0,0,1,1,1,1,0,0,0,0,0,0,1,1,1,1,0,0,0,0,0,1]",7e7fb9a9d5edb76e413a0c6986e522a261457e8da983d03b717a6a07bbc928ab,9f6ee8d6fec34f730af15faaadd864a10e32810dea2f9b033f553d1924fa6e96,improved_campaign_offspring,C000056,,5,connected_region_repaint:small,0.016666666666666666,[175],1,L-SEED,completed,valid,[],,0.055332819212832125,9.471528676984759,B1,2026-08-07T07:23:52.857+02:00,2026-08-07T07:23:52.858+02:00,2026-08-07T07:24:40.889+02:00
151,C000151,improved_dataset_1000_20260807_001,4,151,"[2,2,2,2,2,2,2,2,0,0,0,2,2,2,2,2,2,2,2,0,0,2,2,2,2,2,0,0,0,0,0,2,2,2,0,0,0,0,0,0,0,2,2,2,0,0,0,0,0,0,0,2,2,2,2,0,0,0,0,0,2,2,2,2,2,2,2,0,0,0,2,0,2,0,2,0,0,0,0,0,2,0,2,2,0,0,0,0,0,0,0,0,0,0,0,0,0,0,0,0,2,2,0,0,0,0,0,0,0,0,2,2,0,2,2,0,1,1,0,0,2,0,0,0,2,2,1,0,0,0,2,2,2,2,2,1,1,1,1,1,2,2,1,1,1,1,1,1,1,1,1,1,1,1,1,1,1,1,1,1,1,1,1,1,1,1,1,1,1,1,1,1,1,1,1,1,1,1,1,1]",48b69535238089f1cfee9f5cee2d3a2b6779102a85208fa68bc86c1ae095070b,dde1a1794a96aedf60e97cb64afe38602757fbedeb053e31a2a43bcde0f5f307,improved_campaign_offspring,C000065,,1,connected_region_repaint:small,0.016666666666666666,"[112,122,123]",3,L-SEED,completed,valid,[],,0.10300489885258647,8.914983230841457,B1,2026-08-07T07:24:41.193+02:00,2026-08-07T07:24:41.193+02:00,2026-08-07T07:26:03.544+02:00
152,C000152,improved_dataset_1000_20260807_001,4,152,"[0,0,0,0,0,0,0,0,0,0,0,0,0,0,0,0,0,0,0,0,0,0,0,0,0,0,0,0,0,0,0,2,2,2,0,0,0,0,0,0,0,2,2,2,0,0,0,0,0,0,0,2,2,0,0,0,0,0,0,0,0,0,0,0,0,0,0,0,0,0,0,0,0,0,0,0,0,0,0,0,0,0,0,0,0,0,0,0,0,0,2,0,0,0,2,2,0,0,0,0,2,2,2,0,2,2,2,2,0,0,2,2,2,2,2,0,1,0,0,0,2,2,2,2,2,0,1,1,1,1,2,2,2,0,0,0,1,1,1,1,0,0,1,1,1,1,1,1,1,1,1,1,1,1,1,1,1,1,1,1,1,1,1,1,1,1,1,1,1,1,1,1,1,1,1,1,1,1,1,1]",d67136949222dd533a64d8f0b84205a82ac7abc3db31e9c4ad6ffdd0e5bddee0,4d2d44ca016554f64c1621cb707318d5941179a215f714e790936e05501788d1,improved_campaign_offspring,C000010,,2,boundary_growth:small,0.005555555555555556,[135],1,L-SEED,completed,valid,[],,0.08978520358028319,9.069909967616788,B1,2026-08-07T07:26:03.676+02:00,2026-08-07T07:26:03.676+02:00,2026-08-07T07:26:51.463+02:00
153,C000153,improved_dataset_1000_20260807_001,4,153,"[2,1,1,1,1,1,1,1,1,0,2,1,1,1,1,1,1,1,1,0,2,2,2,2,2,1,1,1,1,0,2,2,2,2,2,1,1,1,1,1,2,2,2,2,2,1,1,1,1,1,2,2,2,2,2,0,1,1,1,1,2,2,2,2,2,0,1,1,1,1,2,2,2,2,2,0,1,1,1,1,2,2,2,2,2,0,1,1,1,1,0,2,2,0,0,0,1,1,1,1,0,2,0,0,0,0,1,1,1,1,0,0,0,0,0,0,1,1,1,1,0,0,0,0,0,0,1,0,1,1,0,0,0,0,0,0,0,0,1,1,0,0,0,1,1,0,0,0,0,1,0,0,0,1,0,0,0,0,0,1,0,0,0,1,1,0,0,0,1,1,0,0,0,1,1,0,0,0,1,1]",5319477aa352ef71756d2452dbe8bcdf9a631d336de7c5b262b0a3cd9829714d,aae41acd6dc60a16ed80f70837ba09d67eca8c41e2a52e404ff0eaeea2469de3,improved_campaign_offspring,C000091,,3,connected_region_repaint:medium,0.03888888888888889,"[143,144,153,163,164,173,174]",7,L-SEED,completed,valid,[],,0.6412832152029073,3.1998947211898923,B3,2026-08-07T07:26:51.596+02:00,2026-08-07T07:26:51.596+02:00,2026-08-07T07:28:49.270+02:00
154,C000154,improved_dataset_1000_20260807_001,4,154,"[2,2,2,2,2,2,2,2,0,0,0,2,2,2,2,2,2,2,2,0,0,2,2,2,2,2,1,1,1,0,0,2,2,2,0,1,1,1,1,0,0,2,2,2,0,1,1,1,1,1,0,2,2,2,2,1,1,1,1,0,2,2,2,0,0,0,0,1,1,1,2,0,2,0,0,1,1,1,1,1,2,0,2,2,1,1,0,1,1,1,1,1,1,1,1,1,0,0,1,1,2,2,1,1,1,0,0,0,1,1,2,2,2,2,2,0,1,1,1,1,2,0,2,2,2,2,1,1,1,1,2,2,2,2,2,1,1,1,1,1,2,2,1,1,1,1,1,1,1,1,1,1,1,1,1,1,1,1,1,1,0,1,1,1,1,1,1,1,1,1,0,1,1,1,1,1,1,1,1,1]",cb7c587ef68b4d2e696e594654d4e081983a8f37417389dadfc8859a4edc4cd1,5dba062e02db5ff9424168c5c015f11261ab6ebebfca01500a72c685a8511b4e,improved_campaign_offspring,C000122,,4,boundary_growth:small,0.011111111111111112,"[63,64,65,66,74]",5,L-SEED,completed,valid,[],,0.3416870634171015,6.428260083209797,B1,2026-08-07T07:28:49.402+02:00,2026-08-07T07:28:49.402+02:00,2026-08-07T07:34:37.196+02:00
155,C000155,improved_dataset_1000_20260807_001,4,155,"[2,2,2,2,2,2,2,2,0,0,0,2,2,2,2,2,2,2,2,0,0,2,2,2,2,2,1,1,1,0,0,2,2,2,2,1,1,1,1,0,0,2,2,2,0,1,1,1,1,1,0,2,2,2,2,1,1,1,1,0,2,2,2,2,2,2,2,1,1,1,2,0,2,0,2,1,1,1,1,1,2,0,2,2,1,1,0,1,1,1,1,1,1,1,1,1,0,0,1,1,2,2,1,1,1,0,0,0,1,1,2,2,2,2,2,0,1,1,1,1,2,0,2,2,2,2,1,1,1,1,2,2,2,2,2,1,1,1,1,1,2,2,1,1,1,1,1,1,1,1,1,1,1,1,1,1,1,1,1,1,0,1,1,1,1,1,1,1,1,1,0,1,1,1,1,1,1,1,1,1]",9bbbefb5314f932957d1e127b4b4fd3e705ceb4102408a9fd9f9703bd3ba978a,550da8752b533766bd5b240245c85edaa57b7ebd546410641b22b52bc761e2e6,improved_campaign_offspring,C000122,,5,connected_region_repaint:small,0.005555555555555556,[34],1,L-SEED,completed,valid,[],,0.34330005426343074,6.404690150293857,B1,2026-08-07T07:34:37.329+02:00,2026-08-07T07:34:37.329+02:00,2026-08-07T07:41:15.159+02:00
156,C000156,improved_dataset_1000_20260807_001,4,156,"[2,1,1,1,1,1,1,1,1,1,2,1,1,1,1,1,1,1,1,1,2,2,2,0,0,1,1,1,1,1,2,0,2,2,0,1,1,1,1,1,2,0,0,0,0,1,1,1,1,1,2,2,0,0,0,0,1,1,1,1,1,1,1,1,1,1,1,1,1,1,1,1,1,1,1,1,1,1,1,1,1,1,1,1,1,1,1,1,1,1,1,1,1,1,1,1,1,1,1,1,1,1,1,1,1,1,1,1,1,1,1,1,1,1,1,1,1,1,1,1,2,2,0,0,0,0,1,0,1,1,2,2,2,0,0,0,0,0,1,1,0,0,0,0,0,0,0,0,0,1,0,0,0,0,0,0,0,0,0,1,0,0,0,0,0,0,0,0,1,1,0,0,0,0,0,0,0,0,1,1]",3a1c6b974cba5a19425d04d47a9ed2cfec7f7360adde73ce30c4966f227e8804,632d0de9bb0244635bd9bcf4cb7967140b9fad71b599c3b0aa51b8c7be539b04,improved_campaign_offspring,C000130,,1,rectangular_patch:large,0.2,"[60,61,62,63,64,65,70,71,72,73,74,75,80,81,82,83,84,85,90,91,92,93,94,95,100,101,102,103,104,105,110,111,112,113,114,115]",36,L-SEED,completed,valid,[],,0.6567306123925113,3.013106969984166,B3,2026-08-07T07:41:15.384+02:00,2026-08-07T07:41:15.384+02:00,2026-08-07T07:43:43.083+02:00
157,C000157,improved_dataset_1000_20260807_001,4,157,"[0,0,0,0,0,2,2,0,2,0,0,0,0,0,2,2,2,2,2,2,0,0,0,0,2,2,2,2,2,0,0,2,2,2,2,2,2,2,2,0,0,2,0,2,0,2,2,2,0,0,0,0,0,2,0,0,2,2,2,0,2,0,0,2,0,0,0,2,2,0,2,2,0,0,0,0,0,0,2,0,2,0,0,0,0,0,0,0,0,0,2,2,0,0,0,0,0,0,0,0,2,2,0,0,0,0,0,0,0,0,2,0,0,0,0,0,0,0,0,0,2,0,0,0,0,0,0,0,0,0,2,0,0,0,0,0,0,0,0,0,0,0,0,0,0,0,0,2,2,2,0,0,0,0,0,0,0,2,0,2,0,0,0,0,0,0,0,2,2,2,0,0,0,0,0,0,1,1,2,2]",c584d1fb2f9f9d44e9e5e11f1a1a25373bf34384c82bd9f20403c33da09b0424,e37b471782a25c96056eed1a77d47f8984c385990597e2cbe5e3fc5cc6d7a662,improved_campaign_offspring,C000097,,2,connected_region_repaint:large,0.17777777777777778,"[103,111,112,113,114,121,122,123,124,131,132,135,136,142,143,144,145,146,150,151,152,153,154,155,156,160,161,162,163,165,166,170,171,172,173,174,175]",37,L-SEED,completed,valid,[],,0.05202467320078817,9.588004339880472,B1,2026-08-07T07:43:43.267+02:00,2026-08-07T07:43:43.267+02:00,2026-08-07T07:45:30.154+02:00
158,C000158,improved_dataset_1000_20260807_001,4,158,"[2,0,0,0,2,2,2,2,2,2,2,0,0,2,2,2,2,2,2,2,2,2,2,0,0,2,2,2,2,2,2,0,2,2,0,2,2,2,2,2,2,0,0,0,0,2,2,2,2,2,2,2,0,0,0,0,2,2,2,2,2,0,0,0,0,0,1,2,2,2,0,0,0,0,0,0,1,1,2,2,0,0,0,0,0,0,1,1,1,1,0,0,0,0,0,0,1,1,1,1,2,0,0,0,0,0,1,1,1,1,2,0,0,0,0,0,1,1,1,1,2,2,0,0,0,0,1,0,1,1,2,2,2,0,0,0,0,0,1,1,0,0,0,0,0,0,0,0,0,1,0,0,0,0,0,0,0,0,0,1,0,0,0,0,0,0,0,0,1,1,0,0,0,0,0,0,0,0,1,1]",80f7f5ef67a8861490f58385b3881b18a96fd0688d1eb6dbd6167368cb8fddbf,0307c4df50ab0ac8e24efbf79030da5f7c82210bad8595b026bbe674204cbb35,improved_campaign_offspring,C000130,,3,connected_region_repaint:large,0.20555555555555555,"[1,2,3,4,5,6,7,8,9,11,12,13,14,15,16,17,18,19,25,26,27,28,29,35,36,37,38,39,45,46,47,48,49,56,57,58,59,67,68,69,78,79]",42,L-SEED,completed,valid,[],,0.09966239746886697,8.996416267439793,B1,2026-08-07T07:45:30.355+02:00,2026-08-07T07:45:30.355+02:00,2026-08-07T07:47:00.537+02:00
159,C000159,improved_dataset_1000_20260807_001,4,159,"[0,1,1,1,1,1,1,1,1,1,0,1,1,1,1,1,1,1,1,1,0,0,0,0,0,1,1,1,1,1,0,0,0,0,0,0,1,1,1,1,0,0,0,0,0,1,1,1,1,1,0,0,0,0,0,0,1,1,1,1,0,0,0,0,0,0,1,1,1,1,0,0,0,0,0,0,1,1,1,1,0,0,0,0,0,0,1,1,1,1,0,0,0,0,0,0,1,1,1,1,2,0,0,0,0,0,1,1,1,1,2,0,0,0,0,0,1,1,1,1,2,2,0,0,0,0,1,0,1,1,2,2,2,0,0,0,0,0,1,1,0,0,0,0,0,0,0,0,0,1,0,0,0,0,0,0,0,0,0,1,0,0,0,0,0,0,0,0,1,1,0,0,0,0,0,0,0,0,1,1]",445350c97667835e938c1f69cc870bfc2a3d8ed8ec57bd2ab2902fcb29a0dc0c,c35c5eb3e7a8c7330332f69d2c60f1c9b672ada711677ef6b2e60bd21b4624cb,improved_campaign_offspring,C000013,,4,boundary_growth:small,0.005555555555555556,[35],1,L-SEED,completed,valid,[],,0.597755000926726,3.7665716173229415,B2,2026-08-07T07:47:00.677+02:00,2026-08-07T07:47:00.678+02:00,2026-08-07T07:48:08.193+02:00
160,C000160,improved_dataset_1000_20260807_001,4,160,"[0,0,0,0,0,0,0,0,0,0,0,0,0,0,0,0,0,0,0,0,0,0,0,0,0,0,0,0,0,0,0,0,0,0,0,0,0,0,0,0,0,0,0,0,0,0,0,0,0,0,0,0,0,0,0,0,0,0,0,0,0,0,0,2,2,2,2,2,2,2,2,2,2,0,2,2,2,2,2,2,2,2,2,0,2,2,2,2,2,2,2,2,0,0,0,2,2,2,2,2,2,0,0,0,0,2,2,2,0,0,2,0,0,0,0,0,0,0,0,0,2,0,0,0,0,0,0,0,0,0,0,0,0,0,0,2,2,0,0,0,0,0,0,0,0,2,2,2,2,2,0,0,0,0,0,0,2,2,0,2,2,2,0,0,0,2,2,2,2,2,2,2,0,0,0,0,1,1,2,2]",0e92f21a0480e223a4a6caabeb2885412f35e5f108ebaab918ac42943fe74570,36c5351c5e95a2a0b594390841d1d8a04c036482cccfb4bcf7b5b30eba9973a7,improved_campaign_offspring,C000096,,5,boundary_growth:large,0.18888888888888888,"[73,83,92,93,94,101,102,103,104,111,112,113,114,121,122,123,124,130,131,132,142,143,144,150,151,152,153,154,155,162,163,172,173,174,175]",35,L-SEED,completed,valid,[],,0.03472396685176758,9.74698475493075,B1,2026-08-07T07:48:08.387+02:00,2026-08-07T07:48:08.387+02:00,2026-08-07T07:49:14.652+02:00
161,C000161,improved_dataset_1000_20260807_001,4,161,"[2,0,0,0,0,0,0,0,0,0,2,0,0,0,0,2,0,0,0,0,2,2,2,2,2,2,2,2,0,0,2,2,2,2,2,2,2,2,2,2,2,2,2,2,2,0,2,2,0,2,2,2,2,2,2,2,2,2,2,2,2,2,2,2,2,2,2,2,2,2,2,2,2,2,2,2,2,2,2,2,2,2,2,2,2,2,2,2,2,2,0,0,2,2,2,2,2,2,2,2,0,0,0,2,2,2,2,2,1,1,0,0,0,2,2,2,2,1,1,1,0,0,0,2,2,2,2,0,1,1,0,0,2,2,2,2,2,2,1,1,2,2,2,2,2,2,0,0,0,1,2,2,2,2,2,2,0,0,0,1,2,2,2,2,2,2,2,2,1,1,2,2,2,2,2,2,2,2,1,1]",563a6c3f5a113d1e0deff54b275983bafb57201337c7d3cba3286fef00d808df,428d80714dd8648aba126732e7c48059c2c4dbd88438327f67007c6cd03321b6,improved_campaign_offspring,C000071,,1,rectangular_patch:small,0.022222222222222223,"[146,147,148,156,157,158]",6,L-SEED,completed,valid,[],,0.08269688215097508,9.158723163470189,B1,2026-08-07T07:49:14.856+02:00,2026-08-07T07:49:14.856+02:00,2026-08-07T07:50:34.918+02:00
162,C000162,improved_dataset_1000_20260807_001,4,162,"[2,2,2,2,2,0,0,2,0,0,2,2,2,2,2,2,2,2,2,0,2,2,2,2,2,2,2,2,0,0,2,2,0,0,0,0,0,2,2,2,2,2,0,0,0,0,0,2,2,0,0,2,0,0,0,0,0,0,0,0,2,2,0,0,0,0,0,0,0,0,2,2,0,0,0,0,0,0,0,0,2,2,2,0,0,0,0,0,0,0,2,0,0,0,0,0,0,0,0,0,0,0,0,0,0,0,0,2,2,0,2,0,0,0,2,0,0,2,2,0,2,2,0,0,2,0,2,2,2,0,2,0,0,2,2,2,2,2,2,0,0,0,0,2,2,2,2,2,2,2,0,0,0,2,2,2,2,2,0,2,0,0,0,0,0,0,0,0,2,2,0,0,0,0,0,0,0,0,2,2]",1db4956bf59797587e17219694944060596e1f95e98ba60b596575106bd96e80,172ac6113118b4136ffd0d5b04cf858d4b7fe9829dc62b493cbcac42443715d9,improved_campaign_offspring,C000134,,2,connected_region_repaint:medium,0.05,"[103,104,105,106,113,115,116,123,125]",9,L-SEED,completed,valid,[],,0.0645470040719444,9.33011443978852,B1,2026-08-07T07:50:35.067+02:00,2026-08-07T07:50:35.067+02:00,2026-08-07T07:52:29.254+02:00
163,C000163,improved_dataset_1000_20260807_001,4,163,"[2,2,2,2,2,2,2,2,0,0,0,2,2,2,2,2,2,2,2,0,0,2,2,2,2,2,2,2,2,0,0,2,2,2,0,2,2,2,2,2,0,2,2,2,0,2,2,2,2,2,0,2,2,2,2,2,2,2,2,0,0,2,2,2,2,2,0,0,0,0,0,0,2,0,0,0,0,0,0,0,0,0,0,0,0,0,0,0,0,0,0,0,0,0,0,0,0,0,0,0,0,0,0,0,0,0,0,0,0,0,0,0,0,0,0,0,0,0,0,0,0,0,0,0,0,0,0,0,0,0,0,0,0,0,0,0,0,0,0,0,0,0,0,0,0,0,0,0,0,0,0,0,0,0,0,0,0,0,0,0,0,1,1,0,0,0,0,1,0,1,0,0,1,0,0,0,0,1,1,1]",10e52f173fbb452b25100aafc2e241eb04cdd338db76351024a604fba7261707,eb17a3249a7632b702d409f5f1e3190eec62dab58d15e55e0e9173ad18817ed7,improved_campaign_offspring,C000023,,3,connected_region_repaint:medium,0.07222222222222222,"[66,67,68,69,75,76,77,78,79,85,87,88,89,95,98,99]",16,L-SEED,completed,valid,[],,0.08144990310698133,9.163332578663008,B1,2026-08-07T07:52:29.389+02:00,2026-08-07T07:52:29.389+02:00,2026-08-07T07:53:23.792+02:00
164,C000164,improved_dataset_1000_20260807_001,4,164,"[2,2,2,2,2,2,2,2,0,0,0,2,2,2,2,2,2,2,2,0,0,2,2,2,2,2,2,2,2,0,0,2,2,2,0,2,2,2,2,2,0,2,2,2,0,2,2,2,2,2,0,2,2,2,2,2,2,2,2,0,0,2,2,2,2,2,2,2,0,0,0,0,2,0,0,2,2,2,2,2,0,0,0,0,0,2,0,2,2,2,0,0,0,0,0,2,0,0,2,2,0,0,0,0,0,0,0,0,0,0,0,0,0,0,0,0,0,0,0,0,0,0,0,0,0,0,0,0,0,0,0,0,0,0,0,0,0,0,0,0,0,0,0,0,0,0,0,0,0,0,0,0,0,0,0,0,0,0,0,0,0,1,1,0,0,0,0,1,0,1,0,0,1,0,0,0,0,1,1,1]",62480e8d306a14cd02a3e6a7ce07e92bc497dc21c5821232688259586906c2a8,a9f763833ef3cb8383e8834a2cb3afd8450ba681f7a70d0ffff3637be18b8c5a,improved_campaign_offspring,C000023,,4,connected_region_repaint:small,0.011111111111111112,"[68,69]",2,L-SEED,completed,valid,[],,0.06927303950012732,9.294447797860112,B1,2026-08-07T07:53:23.923+02:00,2026-08-07T07:53:23.923+02:00,2026-08-07T07:54:31.984+02:00
165,C000165,improved_dataset_1000_20260807_001,4,165,"[0,1,1,1,1,1,1,1,1,1,0,1,1,1,1,1,1,1,1,1,0,0,0,0,0,1,1,1,1,1,0,0,0,0,0,1,1,1,1,1,0,0,0,0,0,1,1,1,1,1,0,2,2,0,0,0,1,1,0,1,2,2,2,2,2,0,1,1,0,0,2,2,2,2,2,0,1,1,0,0,2,2,2,2,2,0,1,1,1,0,2,2,2,2,2,0,1,1,1,1,2,2,2,2,2,0,1,1,1,1,2,2,2,2,2,0,1,1,1,1,2,2,2,2,2,0,1,0,1,1,2,2,2,0,0,0,0,0,1,1,0,0,0,0,0,0,0,0,0,1,0,0,0,0,0,0,0,0,0,1,0,0,0,0,0,0,0,0,1,1,0,0,0,0,0,0,0,0,1,1]",164a421abe59aed671928c517a7c0e5e9cae1e6606c3f4a17146874aa7a574e6,ee8ed6281c2c28beb6c03322db80cb607aa32f7370a48087d0ffe955e4d18be5,improved_campaign_offspring,C000073,,5,connected_region_repaint:medium,0.03333333333333333,"[58,68,69,78,79,89]",6,L-SEED,completed,valid,[],,0.6085349089387498,3.6586476406917385,B3,2026-08-07T07:54:32.118+02:00,2026-08-07T07:54:32.118+02:00,2026-08-07T07:57:10.176+02:00
166,C000166,improved_dataset_1000_20260807_001,4,166,"[0,0,0,0,0,0,0,0,0,0,0,0,0,0,0,0,0,0,0,0,0,0,0,0,0,0,0,0,0,0,0,2,2,2,0,0,0,0,0,0,0,2,2,2,0,0,0,0,0,0,0,2,2,1,0,0,0,0,0,0,1,1,1,1,1,1,1,1,1,0,1,1,1,1,1,1,1,1,1,1,1,2,2,2,2,1,1,1,0,0,2,2,2,0,2,2,1,1,1,0,2,2,2,0,2,2,2,2,1,1,2,2,2,2,2,0,1,1,1,1,2,2,2,2,2,0,1,1,1,1,2,2,2,0,0,1,1,1,1,1,0,0,1,1,1,1,1,1,1,1,1,1,1,1,1,1,1,1,1,1,1,1,1,1,1,1,1,1,1,1,1,1,1,1,1,1,1,1,1,1]",4d614c48d9e9eb4b759feefa41b39bfa287d4aa6113e15513957f67b78ca36e8,f89cd854f1a6b449b2122128fec8197acb1c4a3a9cdf78be7ef4f3b8aa2c9c4f,improved_campaign_offspring,C000036,,1,connected_region_repaint:medium,0.03333333333333333,"[81,82,83,84,91,92,93,103]",8,L-SEED,completed,valid,[],,0.08144682202481959,9.450255015752896,B1,2026-08-07T07:57:10.402+02:00,2026-08-07T07:57:10.402+02:00,2026-08-07T08:01:22.217+02:00
167,C000167,improved_dataset_1000_20260807_001,4,167,"[0,0,0,0,0,0,0,0,0,0,0,0,0,0,0,0,0,0,0,0,0,0,0,0,0,0,0,0,0,0,0,2,2,2,0,0,0,0,0,0,0,2,1,1,1,1,1,1,2,2,0,1,1,1,1,1,1,1,2,2,0,0,0,1,1,0,0,2,2,2,0,0,0,1,1,1,1,0,2,2,0,0,0,1,1,1,1,1,2,2,2,0,0,1,1,1,1,1,1,1,2,2,1,0,1,1,1,1,1,1,2,2,1,1,1,0,1,1,1,1,2,2,1,0,1,0,1,1,1,1,2,2,1,0,0,1,1,1,1,1,0,0,1,1,1,1,1,1,1,1,1,1,1,1,1,1,1,1,1,1,1,1,1,1,1,1,1,1,1,1,1,1,1,1,1,1,1,1,1,1]",68aeed70b0db3d97d7d702797f118b640ea9c43b63793ae7e84b90b6e39948b8,bc2ec93f690257664e84c53d614a8fe440219f6090364e73fb5ce0d2fda94bfc,improved_campaign_offspring,C000136,,2,boundary_growth:medium,0.06111111111111111,"[76,86,87,97,98,99,108,109,117,118,119]",11,L-SEED,completed,valid,[],,0.14556227511055558,8.499157365557835,B1,2026-08-07T08:01:22.353+02:00,2026-08-07T08:01:22.353+02:00,2026-08-07T08:02:38.230+02:00
168,C000168,improved_dataset_1000_20260807_001,4,168,"[2,2,2,2,2,0,0,2,0,0,2,2,2,2,2,2,2,2,2,0,2,2,2,2,2,2,2,2,0,0,2,2,2,2,2,0,2,2,2,2,2,2,2,2,0,2,2,2,2,0,0,2,2,2,0,0,0,0,0,0,2,2,0,2,0,0,0,0,0,0,2,2,0,0,0,0,0,0,0,0,2,2,2,0,0,0,0,0,0,0,2,0,0,0,0,0,0,0,0,0,0,0,0,0,0,0,0,0,0,0,2,0,0,0,0,0,0,0,0,0,2,2,0,0,0,0,0,0,0,0,2,0,0,0,0,0,0,0,0,0,0,0,0,0,0,0,0,2,2,2,0,0,0,0,0,0,0,2,0,2,0,0,0,0,0,1,1,0,2,2,0,0,0,0,0,0,1,1,2,2]",53f75a13bec2842aaacf5790c9226b4e48fb895280c2c0c77e92cf88cc2a5221,055f5b166f1a7c9a242819fd595b3c253ade7374dc00085e3f937053f98ae473,improved_campaign_offspring,C000039,,3,connected_region_repaint:small,0.022222222222222223,"[165,166,176,177]",4,L-SEED,completed,valid,[],,0.07975471314009376,9.16075588598353,B1,2026-08-07T08:02:38.414+02:00,2026-08-07T08:02:38.414+02:00,2026-08-07T08:04:08.463+02:00
169,C000169,improved_dataset_1000_20260807_001,4,169,"[2,2,2,2,2,0,0,2,0,0,2,2,2,2,2,2,2,2,2,0,2,2,2,2,2,2,2,2,0,0,2,2,2,2,2,0,2,2,2,2,2,2,2,2,0,2,2,2,2,0,0,2,2,2,0,0,0,0,0,0,2,2,2,2,2,2,2,2,2,2,2,2,2,2,2,2,2,2,2,2,2,2,2,2,2,2,2,2,2,2,2,2,2,2,2,2,2,2,2,2,2,2,2,2,2,2,2,2,0,0,2,2,2,2,2,0,0,0,0,0,2,2,2,2,2,0,0,0,0,0,2,2,2,0,0,1,1,0,0,0,0,0,2,2,2,0,1,2,2,2,1,1,2,1,2,2,1,2,0,2,1,1,1,1,0,2,1,1,2,2,1,0,1,1,1,2,1,1,2,2]",21f898a7a1987630b16b1a44052ad453cb534e300d014150c7f03ccbe729f288,f40ca410d68438e7936da2140fccd9b34394902d15cf8fcd0b16744ea3f2cae2,improved_campaign_offspring,C000078,,4,boundary_growth:medium,0.06666666666666667,"[112,122,131,132,142,143,144,152,154,155,165,175]",12,L-SEED,completed,valid,[],,0.06685258146978332,9.298753755859007,B1,2026-08-07T08:04:08.647+02:00,2026-08-07T08:04:08.647+02:00,2026-08-07T08:06:39.658+02:00
170,C000170,improved_dataset_1000_20260807_001,4,170,"[0,0,0,0,0,0,0,0,0,0,0,0,0,0,0,0,0,0,0,0,0,0,0,0,0,0,0,0,0,0,0,0,0,0,0,0,0,0,0,0,0,0,0,0,0,0,0,0,0,0,0,0,0,0,0,0,0,0,0,0,0,0,0,0,0,0,0,0,0,0,0,0,0,0,0,0,0,0,0,0,0,0,0,0,0,0,0,0,0,0,2,2,0,0,0,0,0,0,0,0,2,2,2,0,0,0,0,0,0,0,2,2,2,2,2,0,1,0,0,0,2,2,2,2,2,0,1,1,1,1,2,2,2,0,0,1,1,1,1,1,0,0,1,1,1,1,1,1,1,1,1,1,1,1,1,1,1,1,1,1,1,1,1,1,1,1,1,1,1,1,1,1,1,1,1,1,1,1,1,1]",70c9179154d19206584e8959fbd9ff3aa118bafcdae8913d949c26af0be01663,c63cd1d3c928d2689d45932cd2817d46185d64d750137bb24ad6056793385fd8,improved_campaign_offspring,C000138,,5,connected_region_repaint:large,0.2111111111111111,"[31,32,33,41,42,43,44,45,46,47,48,49,51,52,53,54,55,56,57,58,59,63,64,67,68,69,73,74,75,78,79,83,84,85,88,89,93,94,95,96,104,105,106,107]",44,L-SEED,completed,valid,[],,0.08878204042891527,9.063230627504401,B1,2026-08-07T08:06:39.843+02:00,2026-08-07T08:06:39.843+02:00,2026-08-07T08:07:13.611+02:00
171,C000171,improved_dataset_1000_20260807_001,4,171,"[2,0,0,0,0,0,0,0,0,0,2,0,0,0,0,0,0,0,0,0,2,2,2,2,2,0,0,0,0,0,2,2,2,2,2,0,0,0,0,0,2,2,2,2,2,0,0,0,0,0,2,2,2,2,2,2,0,0,0,0,2,2,2,2,2,2,2,2,2,2,2,2,2,2,2,2,2,2,2,2,2,2,2,2,2,2,2,2,2,1,2,2,2,2,2,2,2,2,1,1,2,2,2,2,2,2,2,2,2,1,2,2,2,2,2,2,2,2,1,1,2,2,2,2,2,2,0,0,1,1,2,2,2,0,2,2,2,2,1,1,0,0,0,0,2,2,2,0,0,1,0,0,0,0,0,0,0,0,0,1,0,0,0,0,0,0,0,0,1,1,0,0,0,0,0,0,0,0,1,1]",f60fb812bf175deb24a855a9bdaaec44dc34619852bd49054f17598d345599f9,aa55e96266f34968e83d3b9f796d615dff8d0113d70fa0d28fa2a88888a8bb0f,improved_campaign_offspring,C000141,,1,connected_region_repaint:large,0.1,"[1,2,3,4,5,6,7,8,9,11,12,13,14,15,16,17,18,19,25,26,27,35,36,37,38,39,45,46,47,48,49,56,57,58,59,66,67,68,69,76,77,78,79,86,87,88,96,97,106,107,108,116,117,126]",54,L-SEED,completed,valid,[],,0.10422659655022529,8.931593964065343,B1,2026-08-07T08:07:13.817+02:00,2026-08-07T08:07:13.817+02:00,2026-08-07T08:08:14.843+02:00
172,C000172,improved_dataset_1000_20260807_001,4,172,"[2,1,1,1,1,1,1,1,1,1,2,1,1,1,1,1,1,1,1,1,2,2,2,2,2,1,1,1,1,1,2,2,2,2,2,1,1,1,1,1,2,2,2,2,2,1,1,1,1,1,2,2,2,2,2,2,1,1,1,1,2,2,2,2,2,2,1,1,1,1,2,2,2,2,2,2,1,1,1,1,2,2,2,2,2,2,1,1,1,1,2,2,2,2,2,2,1,1,1,1,2,2,2,2,2,2,1,1,1,1,2,2,2,2,2,2,1,1,1,1,2,2,2,2,2,2,1,0,1,1,2,2,2,0,2,2,2,2,1,1,0,0,0,0,2,2,2,0,0,1,0,0,0,0,2,2,0,0,0,1,0,0,0,0,2,0,0,0,1,1,0,0,0,0,0,0,0,0,1,1]",d22a052fe04ef4aa68d9785d81cf34d9d88cb7c05f9870a2503e473947001047,33b346760b674563621d6f504d7d7893c16cfcb863a672ababb996c64dfaec48,improved_campaign_offspring,C000047,,2,rectangular_patch:small,0.016666666666666666,"[154,155,164]",3,L-SEED,completed,valid,[],,0.6171657083362662,3.563441256019046,B3,2026-08-07T08:08:14.983+02:00,2026-08-07T08:08:14.983+02:00,2026-08-07T08:10:22.946+02:00
173,C000173,improved_dataset_1000_20260807_001,4,173,"[0,0,0,0,0,0,0,0,0,0,0,0,0,0,0,0,0,0,0,0,0,0,0,0,0,0,0,0,0,0,0,2,0,0,0,0,0,0,0,0,0,2,2,0,0,0,0,0,0,0,0,2,0,0,0,0,0,0,0,0,2,2,0,0,2,2,2,2,2,2,2,2,2,2,2,2,2,2,2,2,2,2,2,2,2,2,2,2,2,2,2,2,2,2,2,2,2,2,2,2,2,2,2,2,2,2,2,2,0,0,2,0,2,2,2,2,2,0,0,0,2,0,2,2,2,0,2,2,2,0,2,0,0,0,0,0,0,2,2,0,0,0,0,0,0,0,0,2,0,0,0,0,0,0,0,0,0,0,0,0,0,0,0,0,0,0,0,0,0,0,0,0,0,0,0,0,1,1,0,0]",a643fa02c45a8ca3c3c8b49bf3fd76db1bff3a152fccd38480316aae7ce6bec2,e7b159167bc9391628165ad9489de9dba2c16bc9a65232457907fc4334bd9a98,improved_campaign_offspring,C000142,,3,boundary_growth:medium,0.03888888888888889,"[32,33,43,52,53,62,63]",7,L-SEED,completed,valid,[],,0.04578188019946594,9.554318621047667,B1,2026-08-07T08:10:23.139+02:00,2026-08-07T08:10:23.139+02:00,2026-08-07T08:11:27.566+02:00
174,C000174,improved_dataset_1000_20260807_001,4,174,"[2,1,1,1,1,1,1,1,1,1,2,1,1,1,1,1,1,1,1,1,2,2,2,2,2,1,1,1,0,0,2,2,2,2,2,1,1,1,1,1,2,2,2,2,2,1,1,1,1,1,2,2,2,2,2,2,1,1,1,1,2,2,2,2,2,2,1,1,1,1,2,2,2,2,2,2,1,1,1,1,2,2,2,2,2,2,1,1,1,1,2,2,2,2,2,2,1,1,1,1,2,2,2,2,2,2,1,1,1,1,2,2,2,2,2,2,1,1,1,1,2,2,2,2,2,2,1,0,1,1,2,2,2,2,2,2,2,2,1,1,2,2,2,2,2,2,2,2,2,1,2,2,2,2,2,2,2,2,2,1,2,2,2,2,2,2,2,2,1,1,2,2,2,2,2,2,2,2,1,1]",8d74764f182ca07242b9925777b686dfd9302247c2ba339ae064d01bff453231,88040bffa1e423ada5796fdf9a6e0d8e672bb78528b3a4b57be3a890472c8f0b,improved_campaign_offspring,C000141,,4,boundary_growth:large,0.2222222222222222,"[133,140,141,142,143,147,148,150,151,152,153,154,155,156,157,158,160,161,162,163,164,165,166,167,170,171,172,173,174,175,176,177]",32,L-SEED,completed,valid,[],,0.6027017064304099,3.7035281146553083,B3,2026-08-07T08:11:27.701+02:00,2026-08-07T08:11:27.701+02:00,2026-08-07T08:13:52.041+02:00
175,C000175,improved_dataset_1000_20260807_001,4,175,"[2,0,0,0,0,0,0,0,0,0,2,0,0,0,0,0,0,0,0,0,2,2,2,2,2,0,0,0,0,0,0,0,2,2,2,0,0,0,0,0,0,0,0,2,2,0,0,0,0,0,0,0,0,0,0,0,0,0,0,0,0,0,0,0,0,0,0,0,0,0,0,0,0,0,0,0,0,0,0,0,0,0,0,0,0,0,0,0,0,0,0,2,2,0,0,0,0,0,0,0,2,2,2,0,0,2,0,0,1,1,2,2,2,0,2,2,0,1,1,1,2,2,2,2,2,2,0,0,1,1,2,2,2,2,2,2,2,2,1,1,2,2,2,2,2,2,2,2,2,1,2,2,0,2,2,2,2,2,2,1,2,2,2,2,2,2,2,2,1,1,0,2,2,2,2,2,2,0,1,1]",abd9763b7f21479c16c7d44100fe23be858709d58da121c709603d915e7bfa1d,526ee1f9d38b67b32661d8b6ed87b151d427587782118b852e42fb96f7f007d1,improved_campaign_offspring,C000043,,5,connected_region_repaint:small,0.005555555555555556,[152],1,L-SEED,completed,valid,[],,0.09636623990854329,9.026844262721415,B1,2026-08-07T08:13:52.177+02:00,2026-08-07T08:13:52.177+02:00,2026-08-07T08:15:22.252+02:00
176,C000176,improved_dataset_1000_20260807_001,4,176,"[0,0,0,0,0,0,0,0,0,0,0,0,0,0,0,0,0,0,0,0,0,0,0,0,0,0,0,0,0,0,0,2,2,2,0,2,0,0,0,0,0,2,2,2,0,2,0,0,0,0,0,2,2,0,2,2,0,0,0,0,2,2,0,2,2,2,2,2,2,2,0,0,0,0,2,2,2,2,2,2,0,0,0,0,0,2,2,2,2,2,0,0,0,0,0,2,2,2,2,2,0,0,0,0,2,2,2,2,0,0,0,0,0,0,0,0,0,0,0,0,0,0,0,0,0,0,0,0,0,0,0,0,0,0,0,0,0,0,0,0,0,0,0,0,0,0,0,0,0,0,0,0,0,0,0,0,0,0,0,0,0,0,0,0,0,0,0,0,0,0,0,0,0,0,0,0,1,1,0,0]",9eb6eb0e20730e9bac7a93c17a5b10e54e125e10a63707924f2f515ea279a82c,8f518f7d9041e977b371d88d33764b351e49e306fe17fda15fc171d093ed5c6b,improved_campaign_offspring,C000060,,1,boundary_growth:medium,0.06111111111111111,"[35,45,54,55,63,64,65,74,75,76,85]",11,L-SEED,completed,valid,[],,0.048610709979059925,9.54656949956454,B1,2026-08-07T08:15:22.515+02:00,2026-08-07T08:15:22.515+02:00,2026-08-07T08:16:15.475+02:00
177,C000177,improved_dataset_1000_20260807_001,4,177,"[2,2,2,2,2,0,0,2,0,0,0,2,2,2,0,0,2,2,2,0,0,2,2,2,0,0,0,0,0,0,0,2,2,2,0,0,0,2,2,2,0,0,0,0,0,2,2,2,2,2,0,0,0,2,2,2,2,2,0,0,0,0,0,0,0,2,2,2,0,2,0,0,0,0,0,0,0,2,0,2,0,0,0,0,0,0,0,0,0,2,2,2,2,2,0,0,0,0,2,2,2,0,2,2,2,2,2,2,1,1,0,2,2,2,2,2,2,1,1,1,2,2,0,2,2,2,2,2,1,1,2,2,2,2,2,2,2,2,1,1,1,1,2,2,1,1,2,2,1,1,1,1,1,0,1,1,2,1,1,1,1,1,1,1,1,1,1,1,1,1,1,1,1,1,1,1,1,1,1,1]",ba5eb5c7d5e9f45d23ba249c8f41fed97fae1b97d97dc09b45f948fd5d3399a1,72196438e8506565c98822d066e3b4af8835c6b0692893a0f9b203c911137967,improved_campaign_offspring,C000146,,2,boundary_growth:medium,0.06666666666666667,"[45,46,47,53,54,55,56,57,65,66,67,77]",12,L-SEED,completed,valid,[],,0.0807771458340801,9.146945369528623,B1,2026-08-07T08:16:15.727+02:00,2026-08-07T08:16:15.727+02:00,2026-08-07T08:18:50.724+02:00
178,C000178,improved_dataset_1000_20260807_001,4,178,"[2,2,2,2,2,0,0,2,0,0,0,2,2,2,0,0,2,2,2,0,0,2,2,2,0,0,0,0,0,0,0,2,2,2,0,0,0,2,2,2,0,0,0,0,0,0,0,0,2,2,0,0,0,0,0,0,0,0,0,0,0,0,0,0,0,0,0,0,0,2,0,0,0,0,0,0,0,0,0,2,0,0,0,0,0,0,0,0,0,2,2,2,2,2,0,0,2,0,2,2,2,0,2,2,2,2,2,2,1,1,0,2,2,2,2,2,2,1,1,1,2,2,0,2,2,2,2,2,1,1,2,2,2,2,2,2,2,2,1,1,1,1,2,2,1,1,2,2,1,1,1,1,1,0,1,1,2,1,1,1,1,1,1,1,1,1,1,1,1,1,1,1,1,1,1,1,1,1,1,1]",12dc6cd0b13fd2d2c4034a8cabfb0b9f6957ce406be92ea4d3a250d402d0adf3,b4bfb10e64c9a695993b930a9a453a1dbac8d891ef35f646c132056730cfbe5f,improved_campaign_offspring,C000146,,3,boundary_growth:small,0.005555555555555556,[96],1,L-SEED,completed,valid,[],,0.08470479002707233,9.107160185355731,B1,2026-08-07T08:18:50.858+02:00,2026-08-07T08:18:50.858+02:00,2026-08-07T08:20:45.673+02:00
179,C000179,improved_dataset_1000_20260807_001,4,179,"[0,0,0,0,0,0,0,0,0,0,0,0,0,0,0,0,0,0,2,0,0,0,0,0,0,0,0,2,2,0,0,0,0,0,0,0,0,2,2,0,0,0,0,0,0,0,0,2,2,0,0,0,0,0,0,0,0,2,2,0,0,0,0,0,0,0,2,2,2,2,0,0,0,0,0,0,1,1,2,2,0,0,0,0,0,0,1,1,2,2,0,0,0,0,0,0,1,1,1,1,2,0,0,0,0,0,1,1,1,1,2,0,0,0,0,0,1,1,1,1,2,2,0,0,0,0,1,0,1,1,2,2,2,0,0,0,2,2,1,1,0,0,0,0,0,0,0,2,0,1,0,0,0,0,0,0,0,2,2,1,0,0,0,0,0,0,0,2,1,1,0,0,0,0,0,0,0,2,1,1]",530ee5a1f8fef4ff567af5e253f75fcf64ed810025f0c0d0deb7d6a5db1fee3b,1f1de046877415f3e99d513b1e88bfa8d02cb17fefc2167a93e8879e41ce0daa,improved_campaign_offspring,C000147,,4,connected_region_repaint:medium,0.03333333333333333,"[18,27,28,37,38,48]",6,L-SEED,completed,valid,[],,0.084213484834405,9.114834932787653,B1,2026-08-07T08:20:45.807+02:00,2026-08-07T08:20:45.807+02:00,2026-08-07T08:22:09.704+02:00
180,C000180,improved_dataset_1000_20260807_001,4,180,"[2,2,2,2,2,0,0,2,0,0,0,2,2,2,0,0,2,2,2,0,0,2,2,2,0,0,0,0,0,0,0,2,2,2,0,0,0,2,2,2,0,0,0,0,0,0,0,0,2,2,0,0,0,0,0,0,0,0,0,0,0,0,0,0,0,0,0,0,0,0,0,1,0,0,0,0,0,0,0,0,1,1,0,0,0,0,1,0,0,0,1,1,1,1,0,0,1,1,0,0,1,1,1,1,1,1,1,1,1,1,1,1,1,1,1,1,1,1,1,1,1,1,0,1,1,1,1,1,1,1,1,1,1,1,1,1,1,1,1,1,1,1,1,1,1,1,1,1,1,1,1,1,1,0,1,1,1,1,1,1,1,1,1,1,1,1,1,1,1,1,1,1,1,1,1,1,1,1,1,1]",3b10074208448991e77d3ac8fd75f96dac01e3bb56ba4d8d6f815dc824e189e3,39a9ff0e839bb7489f628d1e096c858f69a3b9f3750e52de3c3c66998923fcad,improved_campaign_offspring,C000057,,5,boundary_growth:medium,0.08333333333333333,"[69,79,89,98,99]",5,L-SEED,completed,valid,[],,0.11633645804890703,8.777570702330319,B1,2026-08-07T08:22:09.838+02:00,2026-08-07T08:22:09.838+02:00,2026-08-07T08:23:07.703+02:00
181,C000181,improved_dataset_1000_20260807_001,5,181,"[0,1,1,1,1,1,1,1,1,1,0,1,1,1,1,1,1,1,1,1,0,1,1,1,1,1,1,1,1,1,0,1,1,1,1,1,1,1,1,1,0,1,1,1,0,1,1,1,1,1,0,2,2,2,0,1,1,1,1,1,2,2,2,2,2,1,1,1,1,1,2,2,2,2,2,1,1,1,1,1,2,2,2,2,2,1,1,1,1,1,2,2,2,2,2,1,1,1,1,1,2,2,2,2,2,1,1,1,1,1,2,2,2,2,2,1,1,1,1,1,2,2,2,2,2,1,1,1,1,1,2,2,2,0,0,1,1,1,1,1,0,0,1,1,1,1,1,1,1,1,1,1,1,1,1,1,1,1,1,1,1,1,1,1,1,1,1,1,1,1,1,1,1,1,1,1,1,1,1,1]",1719a22d52e572138df0b849f1fd677912b7a69886e01a427fa8f315b6d097a2,26859d6de23f03f2a5c36213855e8a847f63abf0e51272b9be1e9bd8f09e7dce,improved_campaign_offspring,C000064,,1,rectangular_patch:medium,0.06111111111111111,"[21,22,23,24,31,32,33,34,41,42,43]",11,L-SEED,completed,valid,[],,1.0139390187614012,0.12983028404096209,B7,2026-08-07T08:23:08.029+02:00,2026-08-07T08:23:08.029+02:00,2026-08-07T08:24:26.823+02:00
182,C000182,improved_dataset_1000_20260807_001,5,182,"[0,1,1,1,1,1,1,1,1,1,0,1,1,1,1,1,1,1,1,1,0,0,0,0,0,1,1,1,1,1,0,1,2,2,0,1,1,1,1,1,0,1,2,2,0,1,1,1,1,1,0,1,1,1,0,1,1,1,1,1,1,1,1,1,0,1,1,1,1,1,1,1,1,0,0,1,1,1,1,1,1,1,1,1,1,1,1,1,1,1,1,1,1,0,1,1,1,1,1,1,2,1,1,1,2,1,1,1,1,1,2,2,2,1,2,1,1,1,1,1,2,2,2,2,2,1,1,1,1,1,2,2,2,0,0,1,1,1,1,1,0,0,1,1,1,1,1,1,1,1,1,1,1,1,1,1,1,1,1,1,1,1,1,1,1,1,1,1,1,1,1,1,1,1,1,1,1,1,1,1]",2caae3011d1769440696d1a0e9cea6fa3a1161427f4639b58dc558a121d98f9f,3235a5a3f51c6eefb493aaed2a3552ff23eff5e7c0a2acd4b5564b71c90f696c,improved_campaign_offspring,C000064,,2,connected_region_repaint:large,0.1388888888888889,"[31,41,51,52,53,60,61,62,63,64,70,71,72,73,74,80,81,82,83,84,90,91,92,93,94,101,102,103,113]",29,L-SEED,completed,valid,[],,0.9296506742455375,0.13549977414952516,B6,2026-08-07T08:24:26.961+02:00,2026-08-07T08:24:26.961+02:00,2026-08-07T08:27:33.220+02:00
183,C000183,improved_dataset_1000_20260807_001,5,183,"[0,1,1,1,1,1,1,1,1,1,0,1,1,1,1,1,1,1,1,1,0,0,0,0,0,1,1,1,1,1,0,2,2,2,0,1,1,1,1,1,0,2,2,2,2,1,1,1,1,1,0,2,2,2,2,2,1,1,1,1,2,2,2,2,2,2,1,1,1,1,2,2,2,2,2,0,1,1,1,1,2,2,2,2,2,0,1,1,1,1,2,2,2,2,2,0,1,1,1,1,2,2,2,2,2,0,1,1,1,1,2,2,2,2,2,0,1,1,1,1,2,2,2,2,2,0,1,1,1,1,2,2,2,0,0,1,1,1,1,1,0,0,1,1,1,1,1,1,1,1,1,1,1,1,1,1,1,1,1,1,1,1,1,1,1,1,1,1,1,1,1,1,1,1,1,1,1,1,1,1]",2ff79987889a5924c9785a57ee61b94387c1799c9b21859df4dc8f8ce08ada66,cefabe8274f360e193d2b70a2e4f1b3b5eb61ee4315e21f58d811d8b05537134,improved_campaign_offspring,C000001,,3,boundary_growth:small,0.022222222222222223,"[44,54,55,65]",4,L-SEED,completed,valid,[],,0.9900698208791091,0.12275544847457527,B6,2026-08-07T08:27:33.359+02:00,2026-08-07T08:27:33.359+02:00,2026-08-07T08:28:56.525+02:00
184,C000184,improved_dataset_1000_20260807_001,5,184,"[2,1,1,1,1,1,1,1,1,0,2,1,1,1,1,1,1,1,1,0,2,2,2,2,2,1,1,1,1,0,0,0,2,2,2,1,1,1,1,1,0,0,0,0,2,1,1,1,1,1,0,0,0,0,2,0,1,1,1,1,2,0,0,0,2,0,1,1,1,1,2,0,0,2,2,0,1,1,1,1,2,2,2,2,2,0,1,1,1,1,0,2,2,0,0,0,1,1,1,1,0,2,0,0,0,0,1,1,1,1,0,0,0,0,0,0,1,1,1,1,0,0,0,0,0,0,1,0,1,1,0,0,0,0,0,0,0,0,1,1,0,0,0,0,0,0,0,0,0,1,0,0,0,0,0,0,0,0,0,1,0,0,0,0,0,0,0,0,1,1,0,0,0,0,0,0,0,0,1,1]",e91f41c2e9447e0319dc474371a29cfde502025979f9bf79d71d7db202a50125,e7d53234f519e4367600a18e06be76128d82df29591431a3916586ecb9103445,improved_campaign_offspring,C000091,,4,connected_region_repaint:medium,0.07222222222222222,"[30,31,40,41,42,43,50,51,52,53,61,62,63,71,72]",15,L-SEED,completed,valid,[],,0.6276967297023772,3.363984846315502,B3,2026-08-07T08:28:56.666+02:00,2026-08-07T08:28:56.666+02:00,2026-08-07T08:31:32.393+02:00
185,C000185,improved_dataset_1000_20260807_001,5,185,"[0,1,1,1,1,1,1,1,1,1,0,1,1,1,1,1,1,1,1,1,0,0,0,0,0,1,1,1,1,1,0,2,2,2,0,1,1,1,1,1,0,2,2,2,0,1,1,1,1,1,0,2,2,2,0,0,1,1,1,1,2,2,2,2,2,0,1,1,1,1,2,2,2,2,2,0,1,1,1,1,2,2,2,2,2,0,1,1,1,1,2,2,2,2,2,0,1,1,1,1,2,2,2,2,2,0,1,1,1,1,2,2,2,2,2,0,1,1,1,1,2,2,2,2,2,0,1,1,1,1,2,2,2,0,0,1,1,1,1,1,1,1,1,1,1,1,1,1,1,1,1,1,1,1,1,1,1,1,1,1,1,1,1,1,1,1,1,1,1,1,1,1,1,1,1,1,1,1,1,1]",be1be2d6564a3e7dede45a85b788ac393558253215a8dbd12aba8bc19cb55806,4810bca5f2823b15c1340531762985d8d217a0acb3c6097979be5a3aada74c35,improved_campaign_offspring,C000001,,5,boundary_growth:small,0.022222222222222223,"[140,141]",2,L-SEED,completed,valid,[],,0.9891978646887987,0.12530011165176594,B6,2026-08-07T08:31:32.528+02:00,2026-08-07T08:31:32.528+02:00,2026-08-07T08:33:03.110+02:00
186,C000186,improved_dataset_1000_20260807_001,5,186,"[0,0,0,0,2,2,0,2,2,2,0,0,0,0,2,0,0,2,0,2,0,0,0,2,2,2,2,2,2,2,0,2,2,2,2,2,2,2,2,2,0,2,2,2,2,2,2,0,2,2,0,2,2,2,2,2,2,2,2,2,2,2,0,0,2,2,2,2,2,2,0,0,0,0,0,2,2,2,2,2,0,0,2,2,2,0,2,2,2,2,0,0,0,2,0,0,2,2,2,2,0,0,0,0,0,0,2,2,0,0,0,0,0,0,0,0,0,0,0,0,0,0,0,0,0,0,0,0,0,0,0,0,0,0,0,0,0,0,0,0,0,0,0,0,0,0,0,0,0,0,0,0,0,0,0,0,0,0,0,0,0,0,0,0,0,0,0,0,0,0,0,0,0,0,0,0,1,1,0,0]",f8f3b7cd51551fe6d6f2bdd201ab61fe083d1061482e2d2d3c0ec0e2a6adc784,03db2811852163ac2cbbce6e048cb55da2b9e113b48786294770605e0f2e9ef1,improved_campaign_offspring,C000098,,1,boundary_growth:small,0.011111111111111112,"[49,59]",2,L-SEED,completed,valid,[],,0.04902848126136125,9.585446459758627,B1,2026-08-07T08:33:03.319+02:00,2026-08-07T08:33:03.319+02:00,2026-08-07T08:34:11.981+02:00
187,C000187,improved_dataset_1000_20260807_001,5,187,"[0,0,0,0,0,0,0,0,0,0,0,0,0,0,0,0,0,0,0,0,0,0,0,0,0,0,0,0,0,0,0,2,2,2,0,0,0,0,0,0,0,2,2,2,0,0,0,0,0,0,0,2,2,2,0,0,0,0,0,0,0,2,2,2,0,0,0,0,2,2,0,0,2,0,2,2,2,2,2,2,0,0,0,2,2,2,2,2,2,2,0,0,0,0,0,2,2,0,2,2,0,0,0,0,2,2,2,2,2,2,0,0,0,0,0,2,2,2,2,2,0,0,0,0,0,0,2,2,2,2,0,0,0,0,0,2,2,2,2,2,0,0,2,2,2,2,2,2,2,2,0,2,2,2,2,2,2,2,0,2,2,2,2,2,2,2,2,2,2,2,2,2,1,2,2,2,2,1,1,1]",2e8347caef3c4b023a1537e9f7b8e41c7c3058c7431b4ca51feee69f51d40b53,5fa453e9fff99d835e53c5dd7ae2355b0deddc21896bd99140943e20cf5dd874,improved_campaign_offspring,C000127,,2,boundary_growth:large,0.14444444444444443,"[74,75,76,77,78,83,84,85,86,95,96,104,105,106,107,108,109,115,116,117,118,119,127,128,129,138]",26,L-SEED,completed,valid,[],,0.03686809299297936,9.687855630968327,B1,2026-08-07T08:34:12.117+02:00,2026-08-07T08:34:12.118+02:00,2026-08-07T08:35:36.366+02:00
188,C000188,improved_dataset_1000_20260807_001,5,188,"[2,0,0,0,0,0,0,0,0,0,2,0,0,0,0,0,0,0,0,0,2,2,2,0,0,0,0,0,0,0,2,0,2,2,0,0,0,0,0,0,2,0,0,0,0,0,0,0,0,0,2,2,0,0,0,0,0,0,0,0,2,0,0,0,0,0,0,0,0,0,0,0,0,0,0,0,0,0,1,0,0,0,0,0,0,0,0,0,1,1,0,0,0,0,0,0,0,0,1,1,2,0,0,0,0,0,0,0,1,1,2,0,0,0,0,0,0,0,1,1,2,2,0,0,0,0,0,0,1,1,2,2,2,0,0,0,0,0,1,1,0,0,0,0,0,0,0,0,0,1,0,0,0,0,0,0,0,0,0,1,0,0,0,0,0,0,0,0,1,1,0,0,0,0,0,0,0,0,1,1]",24b2ab483937ce7d37fca8e611bba12778369fcd99636d0aef80473102b11a4d,916a6bea4b9f2529f3254bebb9b40517441a3a615d7b698f5d8fde94b0560e7b,improved_campaign_offspring,C000130,,3,boundary_growth:large,0.18333333333333332,"[1,2,3,4,5,6,7,8,9,11,12,13,14,15,16,17,18,19,25,26,27,28,29,35,36,37,38,39,45,46,47,48,49,56,57,58,59,66,67,68,69,76,77,79,86,87,96,97,106,107,116,117,126]",53,L-SEED,completed,valid,[],,0.1520625744361986,8.422669825933609,B1,2026-08-07T08:35:36.506+02:00,2026-08-07T08:35:36.506+02:00,2026-08-07T08:36:30.980+02:00
189,C000189,improved_dataset_1000_20260807_001,5,189,"[0,0,0,0,0,0,0,0,0,0,0,0,0,0,0,0,0,0,0,0,0,0,0,0,0,0,0,0,0,0,0,0,0,0,0,0,0,0,0,0,0,0,0,0,0,0,0,0,0,0,0,0,0,0,0,0,0,0,0,0,0,0,0,0,2,2,2,2,2,2,0,0,0,0,0,2,2,2,2,2,0,0,0,0,2,2,2,2,2,2,0,0,0,0,0,0,2,2,2,2,0,0,0,2,0,2,2,2,0,0,0,0,0,2,0,0,0,0,0,0,2,0,2,2,2,0,0,0,0,0,2,2,2,0,0,2,2,0,0,0,0,0,2,2,2,2,2,2,2,2,2,2,2,2,2,2,2,2,0,2,2,2,2,2,0,2,2,2,2,2,2,2,2,2,2,2,1,1,2,2]",84dea200fc9ac03e5b85e0f175ec15d2192b2545bfbed4e30bc46efc7a083d3a,4c83790690061eae204ed62d60a9f6179e96a22e17019f1c34021329b695ce9c,improved_campaign_offspring,C000096,,4,connected_region_repaint:large,0.13333333333333333,"[63,70,71,72,73,74,80,81,82,83,90,91,92,93,94,95,100,101,102,104,110,111,112,114,121]",25,L-SEED,completed,valid,[],,0.03188285175385174,9.782155798970948,B1,2026-08-07T08:36:31.122+02:00,2026-08-07T08:36:31.122+02:00,2026-08-07T08:37:45.876+02:00
190,C000190,improved_dataset_1000_20260807_001,5,190,"[0,0,0,0,0,0,0,0,0,0,0,0,0,0,0,0,0,0,0,0,0,0,0,0,0,0,0,0,0,0,0,0,0,0,0,0,0,0,0,0,0,0,0,0,0,0,0,2,0,0,0,0,0,0,0,0,0,2,2,0,0,0,0,0,0,0,2,2,2,2,0,0,0,0,0,0,0,0,2,2,0,0,0,0,0,0,0,0,2,2,0,0,0,0,0,0,0,0,0,0,2,0,0,0,0,0,0,0,0,0,2,0,0,0,0,0,0,0,0,0,2,2,0,0,0,0,0,0,0,0,2,2,2,0,0,0,0,0,0,0,2,2,0,0,0,0,0,0,0,0,2,0,0,0,0,0,0,0,0,0,0,0,0,0,0,0,0,0,0,0,0,0,0,0,0,0,0,0,0,0]",8ad854ee47adad2fbfbec17ca772d466b34d2dd19cc871993ecedf4b3a413bc5,f2a592e8638e7f5d40e621c742e4132b61dce6173d0229237e953fa5327984af,improved_campaign_offspring,C000011,,5,connected_region_repaint:small,0.016666666666666666,"[140,141,150]",3,L-SEED,completed,valid,[],,0.03521113870191494,9.702131125739685,B1,2026-08-07T08:37:46.016+02:00,2026-08-07T08:37:46.016+02:00,2026-08-07T08:38:36.598+02:00
191,C000191,improved_dataset_1000_20260807_001,5,191,"[2,0,0,0,0,0,0,0,0,0,2,0,0,0,0,2,0,0,0,0,2,2,2,2,2,2,2,2,0,0,2,2,2,2,2,2,2,2,2,2,2,2,2,2,2,2,2,2,0,2,2,2,2,2,2,2,2,2,2,2,2,2,2,2,2,2,2,2,2,2,2,2,2,2,2,2,2,2,2,2,2,2,2,2,2,2,2,2,2,2,0,0,2,2,2,2,2,2,2,2,0,0,0,2,2,2,2,2,1,1,0,0,0,2,2,2,2,1,1,1,0,0,0,2,2,2,2,0,1,1,0,0,2,2,2,2,2,2,1,1,2,2,2,2,2,2,2,2,2,1,2,2,2,2,2,2,2,2,2,1,2,2,2,2,2,2,2,2,1,1,2,2,2,2,2,2,2,2,1,1]",f067bf969fbb7ea63396bef156a30c821e58a01bb2a81d36723f4013c4c2ee55,48eaae9feaaf5eb28c7b43f0b50593a76b696586d96b0f51923acd5d2f34c206,improved_campaign_offspring,C000071,,1,connected_region_repaint:small,0.005555555555555556,[45],1,L-SEED,completed,valid,[],,0.08270542526811522,9.145973274818669,B1,2026-08-07T08:38:36.807+02:00,2026-08-07T08:38:36.807+02:00,2026-08-07T08:39:46.097+02:00
192,C000192,improved_dataset_1000_20260807_001,5,192,"[2,2,2,2,2,0,0,2,0,0,2,2,2,2,2,2,2,2,2,0,2,2,2,2,2,0,2,2,0,0,2,2,2,2,2,0,2,2,2,2,2,2,2,2,0,2,2,2,2,0,0,2,2,2,0,0,0,0,0,0,2,2,2,2,2,2,2,2,2,2,2,2,2,2,2,2,2,2,2,2,2,2,2,2,2,2,2,2,2,2,2,2,2,2,2,2,2,2,2,2,2,2,2,2,2,2,2,2,0,0,2,2,2,2,2,0,0,0,0,0,0,2,0,0,2,0,0,0,0,0,0,0,0,0,0,0,0,0,0,0,0,0,0,0,0,0,0,0,0,0,0,0,0,0,0,0,0,0,0,0,0,0,0,0,0,0,0,0,2,2,0,0,0,0,0,0,1,1,2,2]",9e97eae5f1cf9f38612cff940f1473ca95124474fce215f3a87b750c200eb01b,e2c8ce2ca55f796531f9b2e74b46561717a3d150d11b387d995f9baabdc54f70,improved_campaign_offspring,C000024,,2,boundary_growth:small,0.005555555555555556,[25],1,L-SEED,completed,valid,[],,0.06475070124190019,9.322077931972633,B1,2026-08-07T08:39:46.233+02:00,2026-08-07T08:39:46.233+02:00,2026-08-07T08:41:07.495+02:00
193,C000193,improved_dataset_1000_20260807_001,5,193,"[2,0,0,0,0,0,0,0,0,0,2,0,0,0,0,2,0,0,0,0,2,2,2,2,2,2,2,2,0,0,2,2,2,0,0,0,0,2,2,2,2,2,2,0,0,0,0,2,0,2,2,2,2,0,0,0,0,2,2,2,2,2,2,0,0,0,2,2,2,2,2,2,2,2,2,2,2,2,2,2,2,2,2,2,2,2,2,2,2,2,0,0,2,2,2,2,2,2,2,2,0,0,0,2,2,2,2,2,1,1,0,0,0,2,2,2,2,1,1,1,0,0,0,2,2,2,2,0,1,1,0,0,2,2,2,2,2,2,1,1,2,2,2,2,2,2,2,2,2,1,2,2,2,2,2,2,2,2,2,1,2,2,2,2,2,2,2,2,1,1,2,2,2,2,2,2,2,2,1,1]",440994e629bf9588f6ddcda93371bd00b40fa8cd81504382ddeb591b1d980828,927cbdbe8d36f7253ac70576cfce45f80b4498a83fc1c3eef181b88d8d422022,improved_campaign_offspring,C000071,,3,rectangular_patch:medium,0.08333333333333333,"[33,34,35,36,43,44,46,53,54,55,56,63,64,65]",14,L-SEED,completed,valid,[],,0.08188648244240648,9.157376765385473,B1,2026-08-07T08:41:07.629+02:00,2026-08-07T08:41:07.629+02:00,2026-08-07T08:42:53.592+02:00
194,C000194,improved_dataset_1000_20260807_001,5,194,"[2,0,0,0,0,0,0,0,0,0,2,0,0,0,0,2,0,0,0,0,2,2,2,2,2,2,2,2,0,0,2,2,2,2,2,2,2,2,2,2,2,2,2,2,2,0,2,2,0,2,2,2,2,2,2,2,2,2,2,2,2,2,2,2,2,2,2,2,2,2,2,2,2,2,2,2,2,2,2,2,2,2,2,2,2,2,2,2,0,0,0,0,2,2,2,2,2,2,2,2,0,0,0,2,2,2,2,2,1,1,0,0,0,2,2,2,2,1,1,1,0,0,0,2,2,2,2,0,1,1,0,0,2,2,2,2,2,2,1,1,2,2,2,2,2,2,2,2,2,1,2,2,2,2,2,2,2,2,2,1,2,2,2,2,2,2,2,2,1,1,2,2,2,2,2,2,2,2,1,1]",1cb0a9d4bd6dbb0132a2318d92c126af8f68b70b0d4f48c53567236fac7e1bd3,0fa2faff058d78c26d600b7e4238bd31a3b940d2aefab6b8af9492e68e42cbf0,improved_campaign_offspring,C000071,,4,connected_region_repaint:small,0.011111111111111112,"[88,89]",2,L-SEED,completed,valid,[],,0.08351219479687895,9.137611480827973,B1,2026-08-07T08:42:53.730+02:00,2026-08-07T08:42:53.730+02:00,2026-08-07T08:44:17.946+02:00
195,C000195,improved_dataset_1000_20260807_001,5,195,"[0,1,1,1,1,1,1,1,1,1,0,1,1,1,1,1,1,1,1,1,0,0,0,2,0,1,1,1,1,1,0,0,2,2,2,1,1,1,1,1,0,0,2,2,2,1,1,1,1,1,0,2,2,2,2,2,1,1,1,1,2,2,2,2,2,2,1,1,1,1,2,2,2,2,2,0,1,1,1,1,2,2,2,2,2,0,1,1,1,1,2,2,2,2,2,0,1,1,1,1,2,2,2,2,2,0,1,1,1,1,2,2,2,2,2,0,1,1,1,1,2,2,2,2,2,0,1,0,1,1,2,2,2,0,0,0,0,0,1,1,0,0,0,0,0,0,0,0,0,1,0,0,0,0,0,0,0,0,0,1,0,0,0,0,0,0,0,0,1,1,0,0,0,0,0,0,0,0,1,1]",b12a874999fbdc927c9e8c6be080477d6ad236833077edb223979217a5f05c56,628128ceaeaff7454e97408da957384175fc8d683bdba6b63191490cc49d4606,improved_campaign_offspring,C000073,,5,boundary_growth:medium,0.06111111111111111,"[23,32,33,34,42,43,44,53,54,55,65]",11,L-SEED,completed,valid,[],,0.619152766930586,3.534162522016279,B3,2026-08-07T08:44:18.079+02:00,2026-08-07T08:44:18.079+02:00,2026-08-07T08:46:33.022+02:00
196,C000196,improved_dataset_1000_20260807_001,5,196,"[2,2,2,2,2,0,0,2,0,0,2,2,2,2,2,2,2,2,2,0,2,2,2,2,2,2,2,0,0,0,0,0,0,0,2,0,2,0,0,0,0,0,0,0,0,2,2,2,2,0,0,0,0,0,0,0,0,0,0,0,0,2,1,0,1,1,1,1,0,0,2,2,1,1,1,1,1,0,1,1,2,2,2,1,1,1,1,1,1,1,2,1,1,1,1,1,1,1,1,1,1,1,1,1,1,1,1,0,0,0,2,1,1,0,1,0,0,0,0,0,2,2,1,1,1,0,0,0,0,0,2,1,1,0,0,1,1,0,0,0,0,0,1,1,1,0,1,2,2,2,1,1,1,1,1,1,1,2,0,2,1,1,1,1,0,1,1,1,2,2,1,1,1,1,1,1,1,1,2,2]",c067b771b4f638d0baddd6fffa782c89bf87ef6e98f4af91b314a30ef1d882a3,ac02845423446b8ff8037efc2b0fbde0358a4d7f2bc07eab6f1358347af8b261,improved_campaign_offspring,C000139,,1,rectangular_patch:medium,0.07222222222222222,"[30,31,32,33,40,41,42,43,51,52,53,60,63]",13,L-SEED,completed,valid,[],,0.1286829180273288,8.655173551317539,B1,2026-08-07T08:46:33.236+02:00,2026-08-07T08:46:33.236+02:00,2026-08-07T08:58:36.766+02:00
197,C000197,improved_dataset_1000_20260807_001,5,197,"[0,0,0,0,0,0,0,0,0,0,0,0,0,0,0,0,0,0,0,0,0,0,0,0,0,0,0,0,0,0,0,2,2,2,0,0,0,0,0,0,0,2,2,2,0,0,0,0,0,0,0,2,2,2,0,0,0,0,0,0,0,0,0,2,0,2,2,2,2,2,0,0,0,0,0,2,2,2,2,2,0,0,0,0,0,2,0,2,2,2,0,0,0,0,0,2,0,0,2,2,0,0,0,0,0,0,0,0,1,1,0,0,0,0,0,0,1,1,1,1,0,0,0,0,0,0,1,1,1,1,0,0,0,0,0,1,1,1,1,1,0,0,1,1,1,1,1,1,1,1,1,1,1,1,0,1,1,1,1,1,1,1,1,1,1,1,1,1,1,1,1,1,1,1,1,1,1,1,1,1]",1723c994e0a88f1d9d8f8dbc6fc06456e2e6b666c95b7e85278fd57cb2991de2,4a5e14394086620da5db93af24913a433cf72b3db40069840c9f5d4f6688a2d0,improved_campaign_offspring,C000106,,2,connected_region_repaint:small,0.005555555555555556,[154],1,L-SEED,completed,valid,[],,0.06554723075860583,9.345951767211988,B1,2026-08-07T08:58:36.904+02:00,2026-08-07T08:58:36.904+02:00,2026-08-07T08:59:33.527+02:00
198,C000198,improved_dataset_1000_20260807_001,5,198,"[2,2,2,2,2,0,0,2,0,0,2,2,2,2,2,2,2,2,2,0,2,2,2,2,2,2,2,2,0,0,2,2,2,2,2,0,2,2,2,2,2,2,2,2,0,2,2,2,2,0,0,2,2,2,0,0,0,0,0,0,2,2,2,2,2,2,2,2,2,2,2,2,2,2,2,2,2,2,2,2,2,2,2,2,2,2,2,2,2,2,2,0,2,2,2,2,2,2,2,2,2,2,2,2,2,2,2,2,0,0,2,2,2,2,2,0,0,0,0,0,2,2,2,2,2,0,0,0,0,0,2,2,2,0,0,1,1,0,0,0,0,0,2,2,2,0,1,2,2,2,1,1,2,1,2,2,1,2,0,2,1,1,1,1,0,2,1,1,2,2,1,0,1,1,1,2,1,1,2,2]",101d8dd575013bdb67570fa65cc3381a5259d91a38405c545cf9618928bfcfcc,0af8f7597356f9ce3c048b341c2eae996f84d6e909a9aa25de0dff198f27c8d2,improved_campaign_offspring,C000169,,3,connected_region_repaint:small,0.005555555555555556,[91],1,L-SEED,completed,valid,[],,0.06692266056638567,9.308234810870864,B1,2026-08-07T08:59:33.675+02:00,2026-08-07T08:59:33.675+02:00,2026-08-07T09:02:09.926+02:00
199,C000199,improved_dataset_1000_20260807_001,5,199,"[0,0,0,0,0,0,0,0,0,0,0,0,0,0,0,0,0,0,0,0,0,0,0,0,0,0,0,0,0,0,0,2,2,2,0,0,0,0,0,0,0,2,1,1,1,1,1,1,2,2,0,1,1,1,1,1,1,1,2,2,0,0,0,1,1,0,0,2,2,2,0,0,0,1,1,1,0,0,2,2,0,0,0,1,1,1,0,0,2,2,2,0,0,1,1,1,1,0,0,0,2,2,1,0,1,1,1,1,0,0,2,2,1,1,1,0,1,0,0,0,2,2,1,0,1,0,1,1,1,1,2,2,1,0,0,1,1,1,1,1,0,0,0,0,1,1,1,1,1,1,0,0,0,1,1,1,1,1,1,1,1,1,1,1,1,1,1,1,1,1,1,1,1,1,1,1,1,1,1,1]",d0a9ee0f18800eec6f806818e5cdcf622056a7efbd3b022ec8222b1080c21890,de0b3f9389d5d87875693a334ca867ae203b41c19830c3a20e1c71684974907a,improved_campaign_offspring,C000136,,4,connected_region_repaint:medium,0.027777777777777776,"[142,143,150,151,152]",5,L-SEED,completed,valid,[],,0.1426218274309192,8.551503472265281,B1,2026-08-07T09:02:10.074+02:00,2026-08-07T09:02:10.074+02:00,2026-08-07T09:04:14.914+02:00
200,C000200,improved_dataset_1000_20260807_001,5,200,"[0,0,0,0,0,0,0,0,0,0,0,0,0,0,0,0,0,0,0,0,0,0,0,0,0,0,0,0,0,0,0,0,0,0,0,0,0,0,0,0,2,0,2,2,0,0,0,0,0,0,2,2,2,2,0,0,0,0,0,0,2,0,2,2,2,0,0,2,2,2,2,2,2,2,2,2,2,2,2,2,2,2,2,2,2,2,2,2,2,2,2,2,2,2,2,2,2,2,2,2,2,2,1,2,2,2,2,2,0,0,1,1,1,1,1,0,0,0,0,0,0,0,1,1,1,0,0,0,0,0,1,1,1,0,0,1,1,0,0,0,0,0,1,1,1,1,1,1,1,1,1,1,1,1,1,1,1,1,0,1,1,2,1,1,0,1,1,1,2,2,2,2,2,1,0,0,1,1,2,2]",d70cb98fe481cf9c1f222556fe4789fb022fb98536148a860f89eed59dec7ee7,b64f74d6f1a63bdc04e441540368a4e5100605b033d9340a83bde096c9f57864,improved_campaign_offspring,C000038,,5,boundary_growth:large,0.16111111111111112,"[40,42,43,50,51,52,53,60,62,63,64,70,71,72,73,80,81,82,83,84,85,90,91,92,93,94,100,101,103]",29,L-SEED,completed,valid,[],,0.053886015015435336,9.490860835655782,B1,2026-08-07T09:04:15.076+02:00,2026-08-07T09:04:15.076+02:00,2026-08-07T09:09:43.279+02:00
201,C000201,improved_dataset_1000_20260807_001,5,201,"[2,0,0,0,0,0,0,0,0,0,2,0,0,0,0,0,0,0,0,0,2,2,2,2,2,0,0,0,0,0,0,0,2,2,2,0,0,0,0,0,0,0,0,2,2,0,0,0,0,0,0,0,0,0,0,0,0,0,0,0,0,0,0,0,0,0,0,0,0,0,0,0,0,0,0,0,0,0,0,0,0,0,0,0,0,0,0,0,0,0,0,0,0,0,0,0,0,0,0,0,0,0,0,0,0,0,0,0,0,0,0,0,0,0,0,0,0,0,0,0,0,0,0,0,0,2,0,0,0,2,0,0,0,0,0,2,2,2,2,2,0,0,0,0,0,2,2,0,0,0,0,0,0,0,0,0,0,0,0,0,0,0,0,0,0,0,0,0,0,0,0,0,0,0,0,0,0,0,0,0]",bf0865adbbf0236c824e6fa3cc6df2ad5efd9ddea30ed6f4e795ab91888655c7,b33f935dcd640e22c9e8ec5dc5f08502c6bdfb1c7a648598e5d8b046047ce5ac,improved_campaign_offspring,C000144,,1,connected_region_repaint:medium,0.06666666666666667,"[91,92,100,101,102,110,111,120,121,130,131,132]",12,L-SEED,completed,valid,[],,0.07345670653241837,9.289548572256864,B1,2026-08-07T09:09:43.494+02:00,2026-08-07T09:09:43.494+02:00,2026-08-07T09:10:27.516+02:00
202,C000202,improved_dataset_1000_20260807_001,5,202,"[2,2,2,2,0,0,0,0,0,0,0,2,2,2,0,0,0,0,0,0,0,2,2,2,2,0,0,0,0,0,0,2,2,2,0,0,0,0,0,0,0,2,2,2,0,0,0,0,0,0,0,2,2,2,2,0,0,0,0,0,2,2,2,2,2,2,2,0,0,0,2,0,2,0,2,0,0,0,0,0,2,0,2,2,0,0,0,0,0,0,0,0,0,0,0,0,0,0,0,0,2,2,0,0,0,0,0,0,0,0,2,2,2,2,2,0,0,0,0,0,2,0,2,2,2,2,0,0,0,0,2,2,2,2,2,0,0,0,0,0,2,2,1,0,0,0,0,0,0,0,1,1,1,1,1,1,1,0,0,1,1,1,1,1,1,1,1,1,1,1,1,1,1,1,1,1,1,1,1,1]",5fb451254602c17df32913172a66e51774dd1690cd0086068dc82929cccc92e1,fde66cc528f7b1e5c739d9ebbb67fcc11c4b43436bbc219f42ddbbf80bb781d9,improved_campaign_offspring,C000042,,2,connected_region_repaint:medium,0.05555555555555555,"[4,5,6,7,14,15,16,17,18,25]",10,L-SEED,completed,valid,[],,0.08914823038595274,9.098965999772368,B1,2026-08-07T09:10:27.653+02:00,2026-08-07T09:10:27.653+02:00,2026-08-07T09:11:44.582+02:00
203,C000203,improved_dataset_1000_20260807_001,5,203,"[2,0,0,0,0,0,0,0,0,0,2,0,0,0,0,0,0,0,0,0,2,2,2,2,2,0,0,0,0,0,2,0,2,2,2,0,0,0,0,0,2,0,2,2,2,0,0,0,0,0,2,2,2,2,0,0,0,0,0,0,2,2,2,2,2,0,0,0,0,0,2,2,2,0,0,0,0,0,0,0,2,2,2,2,0,0,0,0,0,0,2,2,2,2,0,0,0,0,0,0,2,2,2,0,0,0,0,0,0,0,2,2,0,0,0,0,0,0,0,0,2,2,0,0,0,2,0,0,0,2,2,2,2,0,0,2,2,2,2,2,0,0,0,0,0,2,2,0,0,0,0,0,0,0,0,0,0,0,0,0,0,0,0,0,0,0,0,0,0,0,0,0,0,0,0,0,0,0,0,0]",90bb0317ebfd8f8405a3e22260df19d38abb816e2b0e625db1bc6613e58d415c,bbe8b92d2032fac3199b26b5af2d82adc2f89d25d2de364b0036f9bf75167d9f,improved_campaign_offspring,C000144,,3,boundary_growth:large,0.11666666666666667,"[30,40,42,50,51,52,53,60,61,62,63,64,70,71,72,80,81,82,83,90,93]",21,L-SEED,completed,valid,[],,0.07182752272255084,9.305679990711893,B1,2026-08-07T09:11:44.720+02:00,2026-08-07T09:11:44.720+02:00,2026-08-07T09:12:51.576+02:00
204,C000204,improved_dataset_1000_20260807_001,5,204,"[0,0,0,0,0,0,0,0,0,0,0,0,0,0,0,0,0,0,0,0,0,0,0,0,0,0,0,0,0,0,0,0,0,0,0,0,0,0,0,0,0,0,0,0,0,0,0,0,0,0,0,0,0,0,0,0,0,0,0,0,0,0,0,0,0,0,0,0,0,0,0,0,0,0,0,0,0,0,0,0,0,0,0,0,0,0,0,0,0,0,0,0,0,0,0,0,0,0,0,0,2,2,0,0,0,0,0,0,0,0,2,2,2,0,0,0,0,0,0,0,2,0,2,0,0,0,0,0,0,0,2,2,2,0,0,0,0,0,0,0,2,2,1,0,0,0,0,0,0,0,1,2,1,1,1,1,1,0,0,1,1,2,2,1,1,1,1,1,1,1,1,1,1,1,1,1,1,1,1,1]",b9f5633fdb5f4611e2ef67249fc86ebb4c5ada71434c1bd25fb35b278d28902a,a406be6b0305895190d6fea23bf83b9bdc16b52ee026445572a3df6e0d5080c5,improved_campaign_offspring,C000085,,4,connected_region_repaint:small,0.016666666666666666,"[151,161,162]",3,L-SEED,completed,valid,[],,0.07056544557351277,9.265471457552591,B1,2026-08-07T09:12:51.720+02:00,2026-08-07T09:12:51.720+02:00,2026-08-07T09:13:33.266+02:00
205,C000205,improved_dataset_1000_20260807_001,5,205,"[0,0,0,0,0,0,0,0,0,0,0,0,0,0,0,0,0,0,0,0,0,0,0,0,0,0,0,0,0,0,0,2,2,2,0,0,0,0,0,0,0,2,2,2,0,0,0,0,0,0,0,2,2,2,0,0,0,0,0,0,2,2,2,2,2,2,2,2,2,2,2,2,2,2,2,2,2,2,2,2,2,2,2,2,2,2,2,2,2,2,2,2,2,2,2,2,2,2,2,2,2,2,2,2,2,2,2,2,0,0,2,0,2,2,2,2,2,0,0,0,2,0,2,2,2,0,2,2,2,0,2,0,0,0,2,0,0,2,2,0,0,0,0,0,0,0,0,2,0,0,0,0,0,0,0,0,0,0,0,0,0,0,0,0,0,0,0,0,0,0,0,0,0,0,0,0,1,1,0,0]",2b5571a2590b9498f6a6a50febb6176d217d8ffa1dfacc240b438fa93d59fb6a,f3050f0eb29988f88660ffc2739582c71e56537a200725ff6dfa8c220bad8d69,improved_campaign_offspring,C000142,,5,connected_region_repaint:small,0.005555555555555556,[134],1,L-SEED,completed,valid,[],,0.049965422815775484,9.537848665376348,B1,2026-08-07T09:13:33.407+02:00,2026-08-07T09:13:33.407+02:00,2026-08-07T09:14:41.168+02:00
206,C000206,improved_dataset_1000_20260807_001,5,206,"[2,2,2,2,2,0,0,2,0,0,0,2,2,2,0,0,2,2,2,0,0,2,2,2,0,0,0,0,0,0,0,2,2,2,0,0,0,2,2,2,0,0,0,0,0,2,2,2,2,2,0,0,0,2,2,2,2,2,0,0,0,0,0,0,0,2,2,2,0,2,0,0,0,0,0,0,0,2,0,2,0,0,0,0,0,0,0,0,0,2,2,2,2,2,0,0,0,0,2,2,2,0,2,2,2,2,2,2,1,1,0,2,2,2,2,2,2,1,1,1,2,2,0,2,2,2,2,2,1,1,2,2,2,2,2,2,2,2,1,1,0,0,2,2,1,1,2,2,1,1,0,0,1,0,1,1,2,1,1,1,0,1,1,1,1,1,1,1,1,1,1,1,1,1,1,1,1,1,1,1]",d1a53efe97f18f7df3134b3b2376da306b539702456fce38b23bf8c59c2cb2cd,466e019ad17092c5602960a2c667fc013208bed4d0374f6c80faf8f529bac5b4,improved_campaign_offspring,C000177,,1,rectangular_patch:small,0.016666666666666666,"[140,141,150,151,160]",5,L-SEED,completed,valid,[],,0.08161858631433278,9.140434093734227,B1,2026-08-07T09:14:41.389+02:00,2026-08-07T09:14:41.389+02:00,2026-08-07T09:17:02.981+02:00
207,C000207,improved_dataset_1000_20260807_001,5,207,"[0,0,0,0,0,0,0,0,0,0,0,0,0,0,0,0,0,0,2,0,0,0,0,0,2,0,0,2,2,0,0,0,0,0,2,0,2,2,2,0,0,2,0,2,2,2,2,2,2,0,0,2,2,2,2,2,2,2,2,0,0,2,2,2,0,2,2,2,2,2,0,2,0,0,0,0,1,1,2,2,0,0,0,0,0,0,1,1,2,2,0,0,0,0,0,0,1,1,1,1,2,0,0,0,0,0,1,1,1,1,2,0,0,0,0,0,1,1,1,1,2,2,0,0,0,0,1,0,1,1,2,2,2,0,0,0,2,2,1,1,0,0,0,0,0,0,0,2,0,1,0,0,0,0,0,0,0,2,2,1,0,0,0,0,0,0,0,2,1,1,0,0,0,0,0,0,0,2,1,1]",4fc61e5f8a8c5026bf7ae741b061e77c66a816c0ad8f4ae0f78b5211c903f67f,996848bcd2cd8033513e8b5f685a7e0dd9d711a13c2cbcdbd6082b73b95993c0,improved_campaign_offspring,C000179,,2,connected_region_repaint:large,0.10555555555555556,"[24,34,36,41,43,44,45,46,51,52,53,54,55,56,61,62,63,65,71]",19,L-SEED,completed,valid,[],,0.09827260076297861,8.961487018589464,B1,2026-08-07T09:17:03.117+02:00,2026-08-07T09:17:03.117+02:00,2026-08-07T09:19:04.815+02:00
208,C000208,improved_dataset_1000_20260807_001,5,208,"[2,2,2,2,2,0,0,2,0,0,0,2,2,2,0,0,2,2,2,0,0,2,2,2,0,0,0,0,0,0,0,2,2,2,0,0,0,2,2,2,0,0,0,0,0,2,2,2,2,2,0,0,0,2,2,2,2,2,0,0,0,0,0,0,0,2,2,2,0,2,0,0,0,0,0,0,0,2,0,2,0,0,0,0,0,0,0,0,0,2,2,2,2,2,0,0,0,0,2,2,2,0,2,2,2,2,2,2,1,1,0,2,2,2,2,2,2,1,1,1,2,2,0,2,2,2,2,2,1,1,2,2,2,2,2,2,2,2,1,1,1,1,2,2,1,1,2,2,1,1,1,1,1,0,1,1,2,2,2,1,1,1,1,1,1,1,1,2,2,1,1,1,1,1,1,1,1,1,1,1]",48ce6cf12cdbf358273044029081d13cee733f6e7235b902fba0a98566840d39,7ce36f86c09ad87635b4fe49f768c5279fc666e1d49f462ee81e49ea9041dabe,improved_campaign_offspring,C000177,,3,rectangular_patch:small,0.022222222222222223,"[157,158,167,168]",4,L-SEED,completed,valid,[],,0.07864734209448497,9.17366069508422,B1,2026-08-07T09:19:04.955+02:00,2026-08-07T09:19:04.955+02:00,2026-08-07T09:21:15.444+02:00
209,C000209,improved_dataset_1000_20260807_001,5,209,"[0,0,0,0,0,0,0,0,0,0,0,0,0,0,0,0,0,0,0,0,2,0,0,0,0,0,0,0,0,0,2,2,2,2,0,0,0,0,0,0,2,2,2,2,0,0,0,0,0,0,2,2,2,2,0,0,0,0,0,0,2,2,2,2,0,0,0,0,0,0,2,2,2,2,2,2,0,0,0,0,2,2,2,2,2,2,2,0,0,0,2,2,2,2,2,0,0,0,0,0,2,2,0,0,2,2,2,2,0,0,2,0,0,0,2,0,0,0,0,0,2,2,0,0,0,0,0,0,0,0,2,0,0,0,0,0,0,0,0,0,0,0,0,0,0,0,0,0,2,2,0,0,0,0,0,0,0,0,0,2,0,0,0,0,0,0,0,0,0,2,0,0,0,0,0,0,1,2,2,2]",ca25a7f779033e1ac2aa22f3e3fe9f929b34b66bff1bdc0ac54e757f5ea5d3d0,ad51fe727aade1cb1d891ead69c36d63d0248109c50fa0842210f7af3c965c7d,improved_campaign_offspring,C000148,,4,boundary_growth:small,0.022222222222222223,"[81,82,92,93]",4,L-SEED,completed,valid,[],,0.06499735163327407,9.342467449866383,B1,2026-08-07T09:21:15.597+02:00,2026-08-07T09:21:15.597+02:00,2026-08-07T09:22:19.090+02:00
210,C000210,improved_dataset_1000_20260807_001,5,210,"[0,0,0,0,0,0,0,0,0,0,0,0,0,0,0,0,0,0,0,0,2,0,0,0,0,0,0,0,0,0,2,2,2,2,0,0,0,0,0,0,2,2,2,2,0,0,0,0,0,0,2,2,2,2,0,0,0,0,0,0,2,2,2,2,0,0,0,0,0,0,2,2,2,2,2,2,0,0,0,0,2,0,0,2,2,2,2,0,0,0,2,2,0,0,2,0,0,0,0,0,2,2,0,0,2,2,2,2,0,0,2,0,0,0,2,0,0,0,0,0,2,2,0,0,0,0,0,0,0,0,2,0,0,0,0,0,0,0,0,0,0,0,0,0,0,0,0,0,2,2,0,0,0,0,0,0,0,2,0,2,0,0,0,0,0,0,2,2,2,2,0,0,0,0,0,0,1,2,2,2]",79ade83fa60afa4ddabcd7982f423044a34bbb074f0a649907e3389a9a8897ec,93363825abc236d36b66181c55032cc416c9ffc905f62795f1aa8d5ebb7b0426,improved_campaign_offspring,C000148,,5,connected_region_repaint:small,0.022222222222222223,"[157,166,167,168]",4,L-SEED,completed,valid,[],,0.060931736592265015,9.447727644921553,B1,2026-08-07T09:22:19.236+02:00,2026-08-07T09:22:19.237+02:00,2026-08-07T09:23:37.787+02:00
211,C000211,improved_dataset_1000_20260807_001,6,211,"[0,0,0,0,0,0,0,0,0,0,0,0,0,0,0,0,0,0,0,0,0,0,0,0,0,0,0,0,0,0,0,2,2,2,0,0,0,0,0,0,0,2,2,2,0,0,0,0,0,0,0,2,2,0,0,0,0,0,0,0,0,0,0,0,0,0,0,0,0,0,0,0,0,0,0,0,0,0,0,0,0,0,0,0,0,0,0,0,0,0,2,0,0,0,2,2,0,0,0,0,2,2,2,0,2,2,2,2,0,0,2,2,2,2,2,0,0,0,0,0,2,2,2,2,2,0,0,2,2,2,2,2,2,0,0,0,2,2,2,2,0,0,1,1,1,1,1,2,2,2,1,1,1,1,1,1,1,1,2,2,1,1,1,1,1,1,1,1,1,2,1,1,1,1,1,1,1,1,1,1]",4517202448ea4ee29f03ed3c9d5e808e4bb5d439e88e57954ac7bc6a2a8e76de,5e17eacb098361f346e41759a7d6367a13d4b012d6b13743e5e0b64dadcba9a3,improved_campaign_offspring,C000152,,1,connected_region_repaint:medium,0.07222222222222222,"[116,126,127,128,129,136,137,138,139,147,148,149,158,159,169]",15,L-SEED,completed,valid,[],,0.05413779393419631,9.51452901835349,B1,2026-08-07T09:23:38.102+02:00,2026-08-07T09:23:38.102+02:00,2026-08-07T09:24:39.651+02:00
212,C000212,improved_dataset_1000_20260807_001,6,212,"[0,0,0,0,0,0,0,0,0,0,0,0,0,0,0,0,0,0,0,0,0,0,0,0,0,0,0,0,0,0,0,2,2,2,0,0,0,0,0,0,0,2,2,2,0,0,0,0,0,0,0,2,2,0,0,0,0,0,0,0,0,0,0,0,0,0,0,0,0,0,0,0,0,0,0,0,0,2,0,0,0,0,0,0,0,0,2,2,0,0,2,0,0,0,2,2,2,0,0,0,2,2,2,0,2,2,2,2,0,0,2,2,2,2,2,0,1,0,0,0,2,2,2,2,2,0,1,1,1,1,2,2,2,0,0,0,1,1,1,1,0,0,1,1,1,1,1,1,1,1,1,1,1,1,1,1,1,1,1,1,1,1,1,1,1,1,1,1,1,1,1,1,1,1,1,1,1,1,1,1]",f9f395cdc973fd47cf88196cd1c15431ac2e1a785f35a8bf2a7cc34269c0c2f9,26bd214f1272432a2b5ba27888276cba336d1cb3c740e76bd5f7e64e3d5e8678,improved_campaign_offspring,C000152,,2,boundary_growth:small,0.022222222222222223,"[77,86,87,96]",4,L-SEED,completed,valid,[],,0.08410225938518091,9.14065343602619,B1,2026-08-07T09:24:39.843+02:00,2026-08-07T09:24:39.843+02:00,2026-08-07T09:25:34.534+02:00
213,C000213,improved_dataset_1000_20260807_001,6,213,"[0,1,1,1,1,1,1,1,1,1,0,1,1,1,1,1,1,1,1,1,0,0,0,0,0,1,1,1,1,1,0,2,2,2,0,1,1,1,1,1,0,2,2,2,0,1,1,1,1,1,0,2,2,2,0,1,1,1,1,1,2,2,2,2,2,1,1,1,1,1,2,2,2,2,2,1,1,1,1,1,2,2,2,2,2,1,1,1,1,1,2,2,2,2,2,1,1,1,1,1,2,2,2,2,2,1,1,1,1,1,2,2,2,2,2,1,1,1,1,1,2,2,2,2,2,1,1,1,1,1,2,2,2,0,0,1,1,1,1,1,0,2,2,2,2,1,1,1,1,1,1,2,2,2,2,1,1,1,1,1,1,2,2,2,1,1,1,1,1,1,1,1,1,1,1,1,1,1,1,1]",c9f48a0f886daa289030407df8eebec98caa922dff2d0e2878c1abed40e4d3d3,259a77d6a629d9f660d0c60c1ff2213a104f56a82e9dc64a29f02b3891d52363,improved_campaign_offspring,C000064,,3,rectangular_patch:medium,0.06111111111111111,"[141,142,143,144,151,152,153,154,161,162,163]",11,L-SEED,completed,valid,[],,0.9338861692717978,0.12438538274605053,B6,2026-08-07T09:25:34.675+02:00,2026-08-07T09:25:34.675+02:00,2026-08-07T09:27:26.826+02:00
214,C000214,improved_dataset_1000_20260807_001,6,214,"[2,2,2,2,2,2,2,2,0,0,0,2,2,2,2,2,2,1,1,0,0,2,2,2,2,2,1,1,1,0,0,2,2,2,0,1,1,1,1,0,0,2,2,2,0,1,1,1,1,1,0,2,2,2,2,1,1,1,1,0,2,2,2,0,0,0,0,1,1,1,2,0,2,0,0,1,1,1,1,1,2,0,2,2,1,1,0,1,1,1,1,1,1,1,1,1,0,0,1,1,2,2,1,1,1,0,0,0,1,1,2,2,2,2,2,0,1,1,1,1,2,0,2,2,2,2,1,1,1,1,2,2,2,2,2,1,1,1,1,1,2,2,1,1,1,1,1,1,1,1,1,1,1,1,1,1,1,1,1,1,0,1,1,1,1,1,1,1,1,1,0,1,1,1,1,1,1,1,1,1]",1e962a4324a2fbcd9241e1c5e926d09b23a01a9a68872388886102bb5e26290b,dc619ccc6c33092f58365bed01c5ed8352dfecda75363fba5ba466f9505bce21,improved_campaign_offspring,C000154,,4,connected_region_repaint:small,0.011111111111111112,"[17,18]",2,L-SEED,completed,valid,[],,0.4420657824932604,5.293061027764348,B1,2026-08-07T09:27:26.967+02:00,2026-08-07T09:27:26.967+02:00,2026-08-07T09:33:35.438+02:00
215,C000215,improved_dataset_1000_20260807_001,6,215,"[0,1,1,1,1,1,1,1,1,1,0,1,1,1,1,1,1,1,1,1,0,0,1,0,0,1,1,1,1,1,0,2,2,2,0,1,1,1,1,1,0,2,2,2,0,1,1,1,1,1,0,2,2,2,0,1,1,1,1,1,2,2,2,2,2,1,1,1,1,1,2,2,2,2,2,1,1,1,1,1,2,2,2,2,2,1,1,1,1,1,2,2,2,2,2,1,1,1,1,1,2,2,2,2,2,1,1,1,1,1,2,2,2,2,2,1,1,1,1,1,2,2,2,2,2,1,1,1,1,1,2,2,2,0,0,1,1,1,1,1,0,0,1,1,1,1,1,1,1,1,1,1,1,1,1,1,1,1,1,1,1,1,1,1,1,1,1,1,1,1,1,1,1,1,1,1,1,1,1,1]",d450e9d0028037a1d994e04cb480c4a6c6fcd2e791ed71efa53773e4037979aa,f109681d9459487e02c41634682d3904ac6418c04dd8c465f51a854cc433465e,improved_campaign_offspring,C000064,,5,rectangular_patch:small,0.005555555555555556,[22],1,L-SEED,completed,valid,[],,0.9914274723693218,0.12301787422433665,B6,2026-08-07T09:33:35.584+02:00,2026-08-07T09:33:35.584+02:00,2026-08-07T09:35:02.484+02:00
216,C000216,improved_dataset_1000_20260807_001,6,216,"[0,0,0,0,0,0,0,0,0,0,0,0,0,0,0,0,0,0,0,0,0,0,0,0,0,0,0,0,0,0,0,2,2,2,0,0,0,0,0,0,0,2,2,2,0,0,0,0,0,0,0,2,2,2,0,0,0,0,0,0,0,2,2,2,0,0,0,0,2,2,0,0,2,0,0,0,0,0,0,2,0,0,0,0,0,0,0,2,2,2,0,0,0,0,0,0,0,0,2,2,0,0,0,0,0,0,0,0,0,2,0,0,0,0,0,0,0,0,0,2,0,0,0,0,0,0,2,0,0,2,0,0,0,0,0,2,2,2,0,2,0,0,2,2,2,2,2,2,2,2,0,2,2,2,2,2,2,2,0,2,2,2,2,2,2,2,2,2,2,2,2,2,1,2,2,2,2,1,1,1]",9cc0a5e7af3793bd00e0d06d0bfc1a4f975f780ada7641833decd871fb1a6042,c1b2e8fe29ea48fb4bf20b6839fe2574b08d56d3d1f37ef60a92b349acdaf4be,improved_campaign_offspring,C000127,,1,connected_region_repaint:small,0.016666666666666666,"[109,119,129]",3,L-SEED,completed,valid,[],,0.042118937493035545,9.649369049436075,B1,2026-08-07T09:35:02.692+02:00,2026-08-07T09:35:02.692+02:00,2026-08-07T09:36:37.665+02:00
217,C000217,improved_dataset_1000_20260807_001,6,217,"[0,0,0,0,2,2,0,2,2,0,0,0,0,0,2,0,0,2,0,0,0,0,0,2,2,2,2,2,2,0,0,2,2,2,2,2,2,2,2,0,0,2,2,2,2,2,2,0,2,2,0,2,2,2,2,2,2,2,2,2,2,2,0,0,2,2,2,2,2,2,0,0,0,0,0,2,2,2,2,2,0,0,2,2,2,0,2,2,2,2,0,0,0,2,0,0,2,2,2,2,0,0,0,0,0,0,2,2,0,0,0,0,0,0,0,0,0,0,0,0,0,0,0,0,0,0,0,0,0,0,0,0,0,0,0,0,0,0,0,0,0,0,0,0,0,0,0,0,0,0,0,0,0,0,0,0,0,0,0,0,0,0,0,0,0,0,0,0,0,0,0,0,0,0,0,0,1,1,0,0]",bedfdd4d6029e958af555232d4506dee4d478e7034562967f47cc9e32c2eb8d3,d2a0b2519547bbe51cb3a7a75862cd23d9f1a889f3e78211791fdf4ba660270b,improved_campaign_offspring,C000186,,2,boundary_growth:small,0.022222222222222223,"[9,19,29,39]",4,L-SEED,completed,valid,[],,0.051427634311873104,9.559297412130778,B1,2026-08-07T09:36:37.807+02:00,2026-08-07T09:36:37.807+02:00,2026-08-07T09:37:47.978+02:00
218,C000218,improved_dataset_1000_20260807_001,6,218,"[0,0,0,0,2,2,0,2,2,2,0,0,0,0,2,0,0,2,0,0,0,0,0,2,2,2,2,2,0,0,0,2,2,2,2,2,2,2,2,0,0,2,2,2,2,2,2,0,2,2,0,2,2,2,2,2,2,2,2,2,2,2,0,0,2,2,2,2,2,2,0,0,0,0,0,2,2,2,2,2,0,0,2,2,2,0,2,2,2,2,0,0,0,2,0,0,2,2,2,2,0,0,0,0,0,0,2,2,0,0,0,0,0,0,0,0,0,0,0,0,0,0,0,0,0,0,0,0,0,0,0,0,0,0,0,0,0,0,0,0,0,0,0,0,0,0,0,0,0,0,0,0,0,0,0,0,0,0,0,0,0,0,0,0,0,0,0,0,0,0,0,0,0,0,0,0,1,1,0,0]",915bafffbc0f4d1d998a8f60c9f3308dbbcff61cba46a7d19d4cc7018e00a833,43d79ef8126d33a3bd965e7d439a98bcc21b2a6b0e395b613faab941e70f4cc1,improved_campaign_offspring,C000186,,3,connected_region_repaint:small,0.022222222222222223,"[19,28,29,39]",4,L-SEED,completed,valid,[],,0.0514392919534047,9.557822224019105,B1,2026-08-07T09:37:48.127+02:00,2026-08-07T09:37:48.127+02:00,2026-08-07T09:38:57.944+02:00
219,C000219,improved_dataset_1000_20260807_001,6,219,"[2,1,1,1,1,1,1,1,1,1,2,1,1,1,1,1,1,1,1,1,2,2,2,0,0,1,1,1,1,1,2,0,2,2,0,1,1,1,1,1,2,0,0,0,0,1,1,1,1,1,2,2,0,0,0,0,1,1,1,1,1,1,1,1,1,1,1,1,1,1,1,1,1,1,1,1,1,1,1,1,1,1,1,1,1,1,1,1,1,1,1,1,1,1,1,1,1,1,1,1,1,1,1,0,0,1,1,1,1,1,1,1,1,0,1,1,1,1,1,1,2,2,0,0,0,0,1,0,1,1,2,2,2,0,0,0,0,0,1,1,0,0,0,0,0,0,0,0,0,1,0,0,0,0,0,0,0,0,0,1,0,0,0,0,0,0,0,0,1,1,0,0,0,0,0,0,0,0,1,1]",7ceb2754e4e3593b7a6383454510ec8f13a51ec8fac0eed98b1e6a72103259c2,52c1602fd733e733bc8f2af2a28ace683f7c5dcd7bbf97802fbfcfe43a2e6ad8,improved_campaign_offspring,C000156,,4,connected_region_repaint:small,0.016666666666666666,"[103,104,113]",3,L-SEED,completed,valid,[],,0.6582998629577277,2.9973358684802562,B3,2026-08-07T09:38:58.084+02:00,2026-08-07T09:38:58.084+02:00,2026-08-07T09:41:47.517+02:00
220,C000220,improved_dataset_1000_20260807_001,6,220,"[2,1,1,1,1,1,1,1,1,1,2,1,1,1,1,1,1,1,1,1,2,2,2,0,0,1,1,1,1,1,2,0,2,2,0,1,1,1,1,1,2,0,0,0,0,1,1,1,1,1,2,2,0,0,0,0,1,1,1,1,1,1,1,1,1,1,1,1,1,1,1,1,1,1,1,1,1,1,1,1,1,1,1,1,1,1,1,1,1,1,1,1,1,1,1,1,1,1,1,1,1,1,1,1,1,1,1,1,1,1,1,1,1,1,1,1,1,1,1,1,2,2,2,2,2,0,1,0,1,1,2,2,2,2,2,0,0,0,1,1,0,0,2,2,2,0,0,0,0,1,0,0,0,0,0,0,0,0,0,1,0,0,0,0,0,0,0,0,1,1,0,0,0,0,0,0,0,0,1,1]",d8d26f11671e9ce71482134abfe6554e6cfe531d4232098b2be8c82be22c5fa5,a0187b11b0c5837e56a8c4cf54c2cfe0b09f240d0c2215862c3395b4d286f6c5,improved_campaign_offspring,C000156,,5,rectangular_patch:medium,0.05,"[122,123,124,133,134,142,143,144]",8,L-SEED,completed,valid,[],,0.4230110500707317,5.622327647887983,B1,2026-08-07T09:41:47.714+02:00,2026-08-07T09:41:47.714+02:00,2026-08-07T09:44:10.683+02:00
221,C000221,improved_dataset_1000_20260807_001,6,221,"[0,1,1,1,1,1,1,1,1,1,0,1,1,1,1,1,1,1,1,1,0,0,0,0,0,1,1,1,1,1,0,2,2,2,0,1,1,1,1,1,0,2,2,2,0,1,1,1,1,1,0,0,2,2,0,0,1,1,1,1,0,0,0,2,2,0,1,1,1,1,0,0,0,0,2,0,1,1,1,1,0,0,0,0,0,0,1,1,1,1,0,0,0,0,0,0,1,1,1,1,0,0,0,0,0,0,1,1,1,1,0,0,0,0,0,0,1,1,1,1,2,2,0,0,0,0,1,0,1,1,2,2,2,0,0,0,0,0,1,1,0,0,0,0,0,0,0,0,0,1,0,0,0,0,0,0,0,0,0,1,0,0,0,0,0,0,0,0,1,1,0,0,0,0,0,0,0,0,1,1]",738dc863e313996879f25e24fd8170de8875dc67c93bace165a2706068838cb9,d59a97d09a148a047a72ed61dbff60c6100a86cdca8666f4f9701d93313c4a65,improved_campaign_offspring,C000028,,1,connected_region_repaint:large,0.15555555555555556,"[51,60,61,62,70,71,72,73,80,81,82,83,84,90,91,92,93,94,100,101,102,103,104,110,111,112,113,114,122,123,124]",31,L-SEED,completed,valid,[],,0.6225809092473914,3.4968514068696077,B3,2026-08-07T09:44:10.954+02:00,2026-08-07T09:44:10.954+02:00,2026-08-07T09:46:01.852+02:00
222,C000222,improved_dataset_1000_20260807_001,6,222,"[0,1,1,1,1,1,1,1,1,1,0,1,1,1,1,1,1,1,1,1,0,0,0,0,0,1,1,0,0,0,0,2,2,2,0,1,1,0,0,0,0,2,2,2,0,1,1,0,0,0,0,2,2,2,0,0,1,1,1,1,2,2,2,2,2,0,1,1,1,1,2,2,2,2,2,0,1,1,1,1,2,2,2,2,2,0,1,1,1,1,2,2,2,2,2,0,1,1,1,1,2,2,2,2,2,0,1,1,1,1,2,2,2,2,2,0,1,1,1,1,2,2,2,2,2,0,1,0,1,1,2,2,2,0,0,0,0,0,1,1,0,0,0,0,0,0,0,0,0,1,0,0,0,0,0,0,0,0,0,1,0,0,0,0,0,0,0,0,1,1,0,0,0,0,0,0,0,0,1,1]",85e7056d406634b39b6a095600c450af673613e6e78e2438e64928663da885a8,e647cce0029a4e4288c5269619a96c4af4ec0cfc605916792bef25d035d8c3b7,improved_campaign_offspring,C000028,,2,rectangular_patch:medium,0.05,"[27,28,29,37,38,39,47,48,49]",9,L-SEED,completed,valid,[],,0.5506151664194189,4.142900695497361,B2,2026-08-07T09:46:01.991+02:00,2026-08-07T09:46:01.991+02:00,2026-08-07T09:48:33.871+02:00
223,C000223,improved_dataset_1000_20260807_001,6,223,"[2,2,2,2,2,2,2,2,0,2,0,2,2,2,2,2,2,2,2,2,0,2,2,2,2,2,2,2,2,2,0,2,2,2,0,2,2,2,2,2,0,2,2,2,0,2,2,2,2,2,0,2,2,2,2,2,2,2,2,0,2,2,2,2,2,2,2,2,2,2,2,0,2,0,2,2,2,2,2,2,2,0,2,2,2,2,0,2,2,2,2,2,2,2,2,2,0,0,2,2,2,2,2,2,2,2,0,0,1,1,2,2,2,2,2,0,1,1,1,1,2,0,2,2,2,2,1,1,1,1,2,2,2,2,2,1,1,1,1,1,2,2,1,1,1,1,1,1,1,1,1,1,1,1,1,1,1,1,1,1,1,1,1,1,1,1,1,1,1,1,1,1,1,1,1,1,1,1,1,1]",940c189eba5a3cacd5a31c7c6945faeb58bf4ea01c359234dfcf5984e698e740,cbccbf1d7affa0e33d334349a675042c61d3f2a7949db001e99f922b6f68226a,improved_campaign_offspring,C000025,,3,boundary_growth:small,0.016666666666666666,"[9,19,29]",3,L-SEED,completed,valid,[],,0.08241101577139047,9.152028483176544,B1,2026-08-07T09:48:34.007+02:00,2026-08-07T09:48:34.008+02:00,2026-08-07T09:50:30.269+02:00
224,C000224,improved_dataset_1000_20260807_001,6,224,"[0,0,0,0,0,0,0,2,2,0,0,0,0,0,0,2,2,2,2,2,0,0,0,0,0,2,2,2,2,1,0,2,2,2,0,2,1,2,1,1,0,2,2,2,0,2,1,1,1,1,0,2,2,2,0,0,1,1,1,1,2,2,2,2,2,0,1,1,1,1,2,2,2,2,2,0,1,1,1,1,2,2,2,2,2,0,1,1,1,1,2,2,2,2,2,0,1,1,1,1,2,2,2,2,2,0,1,1,1,1,2,2,2,2,2,0,1,1,1,1,2,2,2,2,2,0,1,0,1,1,2,2,2,0,0,0,0,0,1,1,0,0,0,0,0,0,0,0,0,1,0,0,0,0,0,0,0,0,0,1,0,0,0,0,0,0,0,0,1,1,0,0,0,0,0,0,0,0,1,1]",748b1fd84401470c3955e94215b9d3e2d7f8c51e54e0d66a740cda829cb5288d,cae3c1caf5b7b63c712f53057188401df9ec6feb3cc315db5c371f0c27464ff4,improved_campaign_offspring,C000028,,4,connected_region_repaint:medium,0.07777777777777778,"[1,2,3,4,5,6,7,8,9,11,12,13,14,15,16,17,18,19,25,26,27,28,35,37,45]",25,L-SEED,completed,valid,[],,0.28466238612270756,6.966801294113522,B1,2026-08-07T09:50:30.423+02:00,2026-08-07T09:50:30.423+02:00,2026-08-07T09:52:07.738+02:00
225,C000225,improved_dataset_1000_20260807_001,6,225,"[0,1,1,1,1,1,1,1,1,1,0,1,1,1,1,1,1,1,1,1,0,0,0,0,0,1,1,1,1,1,0,2,2,2,0,1,1,1,1,1,0,2,2,2,0,1,1,1,1,1,0,2,2,2,0,0,1,1,1,1,2,2,2,2,2,0,1,1,1,1,2,2,2,2,2,0,1,1,1,1,2,2,2,2,2,0,1,1,1,1,2,2,2,2,2,0,1,1,1,1,2,2,2,2,2,0,1,1,1,1,2,2,2,2,2,0,1,1,1,1,2,2,2,2,2,1,1,1,1,1,2,2,2,1,0,1,0,1,1,1,0,0,0,1,1,1,1,1,1,1,0,0,1,1,1,1,1,1,1,1,0,0,0,0,1,1,1,1,1,1,0,0,0,0,1,1,1,1,1,1]",39471eb8854ff2a8c1dff6e021ea08506fa4c0106fbefb5638c4c35fe105998c,bb49940fb4238f09aeda73fa138c908d1ed7b687d0d73f13b5cf8c3bc528bca2,improved_campaign_offspring,C000028,,5,connected_region_repaint:large,0.14444444444444443,"[125,127,133,135,137,143,144,145,146,147,148,152,153,154,155,156,157,158,164,165,166,167,174,175,176,177]",26,L-SEED,completed,valid,[],,0.7664865317106309,1.863563970902869,B4,2026-08-07T09:52:07.881+02:00,2026-08-07T09:52:07.881+02:00,2026-08-07T09:54:51.815+02:00
226,C000226,improved_dataset_1000_20260807_001,6,226,"[2,2,2,2,2,0,0,2,0,0,2,2,2,2,2,2,2,2,2,0,2,2,2,2,2,2,2,2,0,0,2,2,2,2,2,0,2,2,2,2,2,2,2,2,0,2,2,2,2,0,0,2,2,2,0,0,0,0,0,0,2,2,2,2,2,2,2,2,2,2,2,2,2,2,2,2,2,2,2,2,2,2,2,2,2,2,2,2,2,2,2,2,2,2,2,2,2,2,2,2,2,2,2,2,2,2,2,2,0,0,2,2,2,2,2,0,0,0,0,0,2,2,2,2,2,0,0,0,0,0,2,2,2,0,0,1,1,0,0,0,0,0,2,2,2,0,1,2,2,2,1,1,2,2,2,2,1,2,0,2,1,1,1,2,0,2,1,1,2,2,1,0,1,1,1,2,1,1,2,2]",674afd0fbe82f894ae7852d921fb7d1fbe3c43b8205e74f7e4c5047cd4d46265,0b30cb3992c8a8b1e25f9bcac883ce128b9ee0e8aec6d1e6fd2f918848b375fb,improved_campaign_offspring,C000169,,1,connected_region_repaint:small,0.011111111111111112,"[153,163]",2,L-SEED,completed,valid,[],,0.06721364613751735,9.299773962323794,B1,2026-08-07T09:54:52.027+02:00,2026-08-07T09:54:52.027+02:00,2026-08-07T09:57:22.339+02:00
227,C000227,improved_dataset_1000_20260807_001,6,227,"[0,0,0,0,0,0,0,0,0,0,0,0,0,0,0,0,0,0,0,0,0,0,0,0,0,0,0,0,0,0,0,2,2,2,0,0,0,0,0,0,0,2,2,2,0,0,0,0,0,0,0,2,2,0,0,0,0,0,0,0,0,0,0,0,0,1,1,1,1,0,0,0,0,0,0,0,1,1,1,1,0,2,2,2,2,1,1,1,0,0,2,2,2,0,2,2,1,1,1,0,2,2,2,0,2,2,2,2,1,1,2,2,2,2,2,0,1,1,1,1,2,2,2,2,2,0,1,1,1,1,2,2,2,0,0,1,1,1,1,1,0,0,1,1,1,1,1,1,1,1,1,1,1,1,1,1,1,1,1,1,1,1,1,1,1,1,1,1,1,1,1,1,1,1,1,1,1,1,1,1]",6474ebdf58b7bf017ef84b13b64f8e5c5662e532b23506dcb6ad29334d39fd1d,73ce645949e281b2d27ff72f6c54fac55c2fb20d61abb34536f4bb1519d4fa62,improved_campaign_offspring,C000166,,2,connected_region_repaint:medium,0.027777777777777776,"[53,60,61,62,63,64,70,71,72,73,74,75,80]",13,L-SEED,completed,valid,[],,0.17979936191056642,8.07648998066565,B1,2026-08-07T09:57:22.486+02:00,2026-08-07T09:57:22.486+02:00,2026-08-07T09:58:32.958+02:00
228,C000228,improved_dataset_1000_20260807_001,6,228,"[0,0,0,0,0,0,0,0,0,0,0,0,0,0,0,0,0,0,0,0,0,0,0,0,0,0,0,0,0,0,0,2,2,2,0,0,0,0,0,0,0,2,2,2,0,0,0,0,0,0,0,2,2,2,0,0,0,0,0,0,0,0,0,2,0,0,0,2,2,2,0,0,0,0,0,0,0,2,2,2,0,0,0,0,0,0,0,2,2,2,0,0,0,0,0,0,0,0,2,2,0,0,0,0,0,0,0,0,1,1,0,0,0,0,0,0,1,1,1,1,0,0,0,0,0,0,1,1,1,1,0,0,0,0,0,1,1,1,1,1,0,0,1,1,1,1,1,1,1,1,1,1,1,1,0,1,1,1,1,1,1,1,1,1,1,1,1,1,1,1,1,1,1,1,1,1,1,1,1,1]",4f306535827b8b5b84addafcc20eb87281706be260ec501e3754c095874c9a39,634b36b50f31675810a94e5b8ba38bf3e4fafe4811d0ce734c517f475aab3d16,improved_campaign_offspring,C000197,,3,rectangular_patch:medium,0.03333333333333333,"[65,66,75,76,85,95]",6,L-SEED,completed,valid,[],,0.06457356049375829,9.358142294952216,B1,2026-08-07T09:58:33.101+02:00,2026-08-07T09:58:33.101+02:00,2026-08-07T09:59:21.871+02:00
229,C000229,improved_dataset_1000_20260807_001,6,229,"[0,0,0,0,0,0,0,0,0,0,0,0,0,0,0,0,0,0,0,0,0,0,0,0,0,0,0,0,0,0,0,2,2,2,0,0,0,0,0,0,0,2,2,2,0,0,0,0,0,0,0,2,2,1,0,0,0,0,0,0,1,1,1,1,1,1,1,1,1,0,1,1,1,1,1,1,1,1,1,1,1,2,2,2,2,1,1,1,0,0,2,2,2,0,2,2,1,1,1,0,2,2,2,0,0,2,2,2,1,1,2,2,0,0,0,0,1,1,1,1,2,2,0,0,0,0,1,1,1,1,2,2,2,0,0,1,1,1,1,1,0,0,1,1,1,1,1,1,1,1,1,1,1,1,1,1,1,1,1,1,1,1,1,1,1,1,1,1,1,1,1,1,1,1,1,1,1,1,1,1]",98793edfd16574f6d87f44ea8704a681d1973573c54ea8373d8308d16b66d854,9c6726d97b2af5bce76d4a09215364be09bc727c2f4bb8385f020d52f281ebaf,improved_campaign_offspring,C000166,,4,boundary_growth:medium,0.03888888888888889,"[104,112,113,114,122,123,124]",7,L-SEED,completed,valid,[],,0.0868651612825348,9.355390813019337,B1,2026-08-07T09:59:22.017+02:00,2026-08-07T09:59:22.017+02:00,2026-08-07T10:03:35.744+02:00
230,C000230,improved_dataset_1000_20260807_001,6,230,"[2,2,2,2,2,0,0,2,0,0,2,2,2,2,2,2,2,2,2,0,2,2,2,2,2,2,2,2,0,0,2,2,2,2,2,0,2,2,2,2,2,2,2,2,0,2,2,2,2,0,0,2,2,2,0,0,0,0,0,0,2,2,0,2,0,0,0,0,0,0,2,2,2,2,2,2,0,0,0,0,2,2,2,2,2,2,0,0,0,0,2,2,2,2,2,2,0,0,0,0,2,2,2,2,2,2,0,0,0,0,2,2,2,0,0,0,0,0,0,0,2,2,0,0,0,0,0,0,0,0,2,0,0,0,0,0,0,0,0,0,0,0,0,0,0,0,0,2,2,2,0,0,0,0,0,0,0,2,0,2,0,0,0,0,0,0,0,0,2,2,0,0,0,0,0,0,0,0,2,2]",5c3676008d624d6a2b54d7cd9182ef11d21805ba9dba3c3033695d4b0a74b5dd,22f6d9c5eaa8bb8dfe51a0807775a9437b31474fb005f1a89f7e4e62105354f3,improved_campaign_offspring,C000039,,5,rectangular_patch:large,0.15,"[72,73,74,75,83,84,85,91,92,93,94,95,100,101,102,103,104,105,111,112]",20,L-SEED,completed,valid,[],,0.07229299589226856,9.237570048723917,B1,2026-08-07T10:03:35.891+02:00,2026-08-07T10:03:35.891+02:00,2026-08-07T10:05:01.768+02:00
231,C000231,improved_dataset_1000_20260807_001,6,231,"[2,1,1,1,1,1,1,1,1,1,2,1,1,1,1,1,1,1,1,1,2,2,2,2,2,1,1,1,1,1,2,2,2,2,2,1,1,1,1,1,2,2,2,2,2,1,1,1,1,1,2,2,0,0,2,2,1,1,1,1,2,2,0,0,2,2,1,1,1,1,2,2,2,2,2,2,1,1,1,1,2,2,2,2,2,2,1,1,1,1,2,2,2,2,2,2,1,1,1,1,2,2,2,2,2,2,1,1,1,1,2,2,2,2,2,2,1,1,1,1,2,2,2,2,2,2,1,0,1,1,2,2,2,0,2,2,2,2,1,1,0,0,0,0,2,2,2,0,0,1,0,0,0,0,0,0,0,0,0,1,0,0,0,0,0,0,0,0,1,1,0,0,0,0,0,0,0,0,1,1]",9e037b10654b8126a85a14e5e808b1a8c35b98d8e9fe1f1ca967e35db3d81f00,2ab0deb83a8aec61b419b8dbfac5b5a5d571c51289966b81c04c818ba72610c4,improved_campaign_offspring,C000047,,1,rectangular_patch:small,0.022222222222222223,"[52,53,62,63]",4,L-SEED,completed,valid,[],,0.617552556471093,3.553748660328193,B3,2026-08-07T10:05:01.985+02:00,2026-08-07T10:05:01.985+02:00,2026-08-07T10:07:17.543+02:00
232,C000232,improved_dataset_1000_20260807_001,6,232,"[2,0,0,0,0,0,0,0,0,0,2,0,0,0,0,0,0,0,0,0,2,0,0,2,2,0,0,0,0,0,2,2,0,2,2,0,0,0,0,0,2,2,2,2,2,0,0,0,0,0,2,2,2,2,2,2,0,0,0,0,2,2,2,2,2,2,0,0,0,0,2,2,2,2,2,2,0,0,0,0,2,2,2,2,2,2,0,0,0,0,2,2,2,2,2,2,1,1,1,0,2,2,2,2,2,2,1,1,1,1,2,2,2,2,2,2,1,1,1,1,2,2,2,2,2,2,0,0,1,1,2,2,2,0,2,2,2,2,1,1,0,0,0,0,2,2,2,0,0,1,0,0,0,0,0,0,0,0,0,1,0,0,0,0,0,0,0,0,1,1,0,0,0,0,0,0,0,0,1,1]",d92be56f375378c9283ca79d5653227f669f95482e6b2ba9eb0e532d4b0541b8,2a632be4b629eab6a104d614b90b30364497c394ad674b6cc3a58f9af22a0385,improved_campaign_offspring,C000115,,2,rectangular_patch:medium,0.03888888888888889,"[96,97,98,106,107,116]",6,L-SEED,completed,valid,[],,0.1146911655489534,8.799449874513673,B1,2026-08-07T10:07:17.864+02:00,2026-08-07T10:07:17.864+02:00,2026-08-07T10:08:21.361+02:00
233,C000233,improved_dataset_1000_20260807_001,6,233,"[2,2,2,1,1,1,1,1,1,1,2,2,1,1,1,1,1,1,1,1,2,2,2,2,2,1,1,1,0,0,2,2,2,2,2,1,1,1,1,1,2,2,2,2,2,1,1,1,1,1,2,2,2,2,2,2,1,1,1,1,2,2,2,2,2,2,1,1,1,1,2,2,2,2,2,2,1,1,1,1,2,2,2,2,2,2,1,1,1,1,2,2,2,2,2,2,1,1,1,1,2,2,2,2,2,2,1,1,1,1,2,2,2,2,2,2,1,1,1,1,2,2,2,2,2,2,1,0,1,1,2,2,2,0,2,2,2,2,1,1,0,0,0,0,2,2,2,0,0,1,0,0,0,0,0,0,0,0,0,1,0,0,0,0,0,0,0,0,1,1,0,0,0,0,0,0,0,0,1,1]",b78d0486f7c87da708b1b6d2f4e975a9175ee694ef03f86903e44826c1c7d843,0449a1ae396a63a8c6f82ab84379dc8a2cbeb4f0ce20c14b338a7c02b7f6a36f,improved_campaign_offspring,C000141,,3,boundary_growth:small,0.016666666666666666,"[1,2,11]",3,L-SEED,completed,valid,[],,0.644549387904064,3.4512928960273426,B3,2026-08-07T10:08:21.503+02:00,2026-08-07T10:08:21.503+02:00,2026-08-07T10:11:12.016+02:00
234,C000234,improved_dataset_1000_20260807_001,6,234,"[2,1,1,1,1,1,1,1,1,1,2,1,1,1,1,1,1,1,1,1,2,2,2,2,2,1,1,1,0,0,2,2,2,2,2,1,1,1,1,1,2,2,2,2,2,1,1,1,1,1,2,2,2,2,2,2,1,1,1,1,2,2,2,2,2,2,1,1,1,1,2,2,2,2,2,2,1,1,1,1,2,2,2,2,2,2,1,1,1,1,2,2,2,2,2,2,1,1,1,1,2,2,2,2,2,2,2,1,1,1,2,2,2,2,2,2,2,2,1,1,2,2,2,2,2,2,2,0,1,1,2,2,2,0,2,2,2,2,1,1,0,0,0,0,2,2,2,0,0,1,0,0,0,0,0,0,0,0,0,1,0,0,0,0,0,0,0,0,1,1,0,0,0,0,0,0,0,0,1,1]",0eb37b35ea7bcd837bd3979897a8e7617e577c35e64c904549f2364c7ba44fc1,30855cd0fe6630bea58697d7b82738cbf5ec6b4c9649c48ed4da468735e25071,improved_campaign_offspring,C000141,,4,connected_region_repaint:small,0.022222222222222223,"[106,116,117,126]",4,L-SEED,completed,valid,[],,0.6106775976474754,3.6273496333095423,B3,2026-08-07T10:11:12.163+02:00,2026-08-07T10:11:12.163+02:00,2026-08-07T10:14:04.663+02:00
235,C000235,improved_dataset_1000_20260807_001,6,235,"[2,2,2,2,2,2,2,2,0,0,0,2,2,2,2,2,0,0,0,0,0,2,2,2,2,0,0,0,0,2,0,2,2,2,0,0,2,2,2,2,0,2,2,2,0,0,0,0,0,0,0,2,2,2,2,0,0,0,0,0,0,2,2,2,2,0,0,0,0,0,0,0,2,0,0,0,0,0,0,0,0,0,0,0,0,0,0,0,0,0,0,0,0,0,0,0,0,0,2,0,0,0,0,0,0,0,0,0,2,2,0,0,0,0,0,0,0,0,0,2,0,0,0,0,0,0,0,0,0,2,0,0,0,0,0,0,0,0,0,2,0,0,0,0,0,0,0,0,0,0,0,0,0,0,0,0,0,0,0,0,0,1,1,0,0,0,0,1,0,1,0,0,1,0,0,0,0,1,1,1]",22cc308f755d9819369ba7b734a4730d96c215a3ce756e6774cbf5812e536ee5,c93c063418b636189bd67b392cf79158b91ceaae8cf490e6056f3aab27cfbf99,improved_campaign_offspring,C000145,,5,connected_region_repaint:medium,0.03333333333333333,"[98,108,109,119,129,139]",6,L-SEED,completed,valid,[],,0.08359012161407875,9.140100210281723,B1,2026-08-07T10:14:04.807+02:00,2026-08-07T10:14:04.807+02:00,2026-08-07T10:15:09.103+02:00
236,C000236,improved_dataset_1000_20260807_001,6,236,"[2,2,2,2,2,2,2,2,0,0,0,2,2,2,2,2,2,2,2,0,0,2,2,2,2,2,2,2,2,2,0,2,2,2,0,2,2,2,2,2,0,2,2,2,0,2,2,2,2,2,0,2,2,2,2,2,2,2,2,0,0,2,2,2,2,2,2,2,2,2,0,1,2,0,0,2,2,2,2,2,1,1,0,0,0,2,1,2,2,2,1,1,1,1,0,2,1,1,2,2,1,1,1,1,1,1,1,1,1,1,1,1,1,1,1,1,1,1,1,1,1,1,0,1,1,1,1,1,1,1,1,1,1,1,1,1,1,1,1,1,1,1,1,1,1,1,1,1,1,1,1,1,1,0,1,1,1,1,1,1,1,1,1,1,1,1,1,1,1,1,1,1,1,1,1,1,1,1,1,1]",0616853a320d3990e701b6e7243de6ed03f546459a96cfb3819c7ab3af656c44,246fb2f9cf6d6f8156e4cf2b497cf0cfc9828d4fbc7344c4f0b2011e5d7414d7,improved_campaign_offspring,C000059,,1,connected_region_repaint:small,0.005555555555555556,[29],1,L-SEED,completed,valid,[],,0.08609230712206045,9.1106421345068,B1,2026-08-07T10:15:09.319+02:00,2026-08-07T10:15:09.319+02:00,2026-08-07T10:16:46.570+02:00
237,C000237,improved_dataset_1000_20260807_001,6,237,"[2,2,2,2,2,2,2,2,0,0,0,2,2,2,2,2,2,2,2,0,0,2,2,2,2,2,2,2,2,0,0,2,2,2,0,2,2,2,2,2,0,2,2,2,0,2,2,2,2,2,0,2,2,2,2,2,2,2,2,0,0,2,2,2,2,2,2,2,2,2,0,1,2,0,0,2,2,2,2,2,1,1,0,0,0,2,1,2,2,2,1,1,1,1,0,2,1,1,2,2,0,0,1,1,1,1,1,1,1,1,0,1,1,1,1,1,1,1,1,1,1,1,0,1,1,1,1,1,1,1,1,1,1,1,1,1,1,1,1,1,1,1,1,1,1,1,1,1,1,1,1,1,1,0,1,1,1,1,1,1,1,1,1,1,1,1,1,1,1,1,1,1,1,1,1,1,1,1,1,1]",cb702d49d2171c54d4208076353f1eeae1aabc25e2f189e819bbfe7797aa4120,d07730efe1af8b52ec0159350ba7988fb0602a7d42f76b37eaec97d94b9cbf4d,improved_campaign_offspring,C000059,,2,rectangular_patch:small,0.016666666666666666,"[100,101,110]",3,L-SEED,completed,valid,[],,0.0866063273506688,9.097096720691981,B1,2026-08-07T10:16:46.835+02:00,2026-08-07T10:16:46.836+02:00,2026-08-07T10:18:29.175+02:00
238,C000238,improved_dataset_1000_20260807_001,6,238,"[0,0,0,0,0,0,0,0,0,0,0,0,0,0,0,0,0,0,2,0,0,0,0,0,2,0,0,2,2,0,0,0,0,0,2,0,2,2,2,0,0,2,0,2,2,2,2,2,2,0,0,2,2,2,2,2,2,2,2,0,0,2,2,2,0,2,2,2,2,2,0,2,0,0,0,0,1,1,2,2,0,0,0,0,0,0,1,1,2,2,0,0,0,0,0,0,1,1,1,1,0,0,0,0,0,0,1,1,1,1,0,0,0,0,0,0,1,1,1,1,0,0,0,0,0,0,1,0,1,1,0,0,0,0,0,0,2,2,1,1,0,0,0,0,0,0,0,2,0,1,0,0,0,0,0,0,0,2,2,1,0,0,0,0,0,0,0,2,1,1,0,0,0,0,0,0,0,2,1,1]",3b1849f6d949099405d40c3a3e413cf0732d26bcff0c88b3449634bf3ee95ddd,1044c408526f41fef82ee839c7f1d60411f79e93878c35d39ccf1d1dc3b206cd,improved_campaign_offspring,C000207,,3,connected_region_repaint:large,0.10555555555555556,"[100,110,120,121,130,131,132]",7,L-SEED,completed,valid,[],,0.08929681865867388,9.061563272063283,B1,2026-08-07T10:18:29.321+02:00,2026-08-07T10:18:29.321+02:00,2026-08-07T10:20:00.643+02:00
239,C000239,improved_dataset_1000_20260807_001,6,239,"[0,0,0,0,0,0,0,0,0,0,0,0,0,0,0,0,0,0,2,0,0,0,0,0,2,0,0,2,2,0,0,0,0,0,2,0,2,2,2,0,0,2,0,2,2,2,2,2,2,0,0,2,2,2,2,2,2,2,2,0,0,2,2,2,0,2,2,2,2,0,0,2,0,0,0,0,1,1,2,2,0,0,0,0,0,0,1,1,2,2,0,0,0,0,0,0,1,1,1,1,2,0,0,0,0,0,1,1,1,1,2,0,0,0,0,0,1,1,1,1,2,2,0,0,0,0,1,0,1,1,2,2,2,0,0,0,2,2,1,1,0,0,0,0,0,0,0,2,0,1,0,0,0,0,0,0,0,2,2,1,0,0,0,0,0,0,0,2,1,1,0,0,0,0,0,0,0,2,1,1]",7dcf3d622c27278d12d11317ec324c8312f85a5cf60b7f2ef72280bf3c646671,c287647c199ff86fa50311cf0dc94306109bd3413612a5707ef3d5c45a2b9868,improved_campaign_offspring,C000207,,4,connected_region_repaint:small,0.005555555555555556,[69],1,L-SEED,completed,valid,[],,0.09887552525135228,8.960195959282826,B1,2026-08-07T10:20:00.855+02:00,2026-08-07T10:20:00.855+02:00,2026-08-07T10:21:54.050+02:00
240,C000240,improved_dataset_1000_20260807_001,6,240,"[0,0,0,0,0,0,0,0,0,0,0,0,0,0,0,0,0,0,0,0,2,0,0,0,0,0,0,0,0,0,2,2,2,2,0,0,0,0,0,0,2,2,2,2,0,0,0,0,0,0,2,2,2,2,0,0,0,0,0,0,2,2,2,2,0,0,0,0,0,0,2,2,2,2,2,2,0,0,0,0,2,0,2,2,2,2,2,0,0,0,2,0,2,2,2,0,0,0,0,0,2,2,0,0,2,2,2,2,0,0,2,0,0,0,2,0,0,0,0,0,2,2,0,0,0,0,0,0,0,0,2,0,0,0,0,0,0,0,0,0,0,0,0,0,0,0,0,0,2,2,0,0,0,0,0,0,0,0,0,2,0,0,0,0,0,0,0,0,0,2,0,0,0,0,0,0,1,2,2,2]",186d3cc9348ebcbb7cf42deec3b743fa506a910144d628ee3e854a7d835dc8f8,c19708a27b022779725d1ea29963ed87ce60fce54a138f0f2004bb03e7c251eb,improved_campaign_offspring,C000209,,5,connected_region_repaint:small,0.011111111111111112,"[81,91]",2,L-SEED,completed,valid,[],,0.06515275483465753,9.384813231470078,B1,2026-08-07T10:21:54.193+02:00,2026-08-07T10:21:54.193+02:00,2026-08-07T10:23:02.685+02:00
241,C000241,improved_dataset_1000_20260807_001,7,241,"[0,1,1,0,0,1,1,1,1,1,0,1,1,1,1,1,1,1,1,1,0,0,0,0,0,1,1,1,1,1,0,2,2,2,0,1,1,1,1,1,0,2,2,2,0,1,1,1,1,1,0,2,2,2,0,1,1,1,1,1,2,2,2,2,2,1,1,1,1,1,2,2,2,2,2,1,1,1,1,1,2,2,2,2,2,1,1,1,1,1,2,2,2,2,2,1,1,1,1,1,2,2,2,2,2,1,1,1,1,1,2,2,2,2,2,1,1,1,1,1,2,2,2,2,2,1,1,1,1,1,2,2,2,0,0,1,1,1,1,1,0,0,1,1,1,1,1,1,1,1,1,1,1,1,1,1,1,1,1,1,1,1,1,1,1,1,1,1,1,1,1,1,1,1,1,1,1,1,1,1]",d390743f00df1b79dd82ead6ce5c95607d839bb70cc9b0d0112f9cc0f67d71e5,3978928787d8f203fa9ee9ae0df23c972469a1bdfaf95eb83e7ecfb1b9db78d3,improved_campaign_offspring,C000064,,1,rectangular_patch:small,0.011111111111111112,"[3,4]",2,L-SEED,completed,valid,[],,0.9634085029914579,0.1654656181981007,B6,2026-08-07T10:23:03.006+02:00,2026-08-07T10:23:03.006+02:00,2026-08-07T10:24:42.236+02:00
242,C000242,improved_dataset_1000_20260807_001,7,242,"[2,2,2,2,2,2,2,2,0,0,0,2,2,2,2,2,2,1,1,0,0,2,2,2,2,2,1,1,1,0,0,2,2,2,0,1,1,1,1,0,0,2,2,2,0,1,1,1,1,1,0,2,2,2,2,1,1,1,1,0,2,2,2,0,0,0,0,1,1,1,2,0,2,0,0,1,1,1,1,1,2,0,2,2,1,1,0,1,1,1,1,1,1,1,1,1,0,0,1,1,2,2,1,1,1,0,0,0,1,1,2,2,2,2,2,0,1,1,1,1,2,0,2,2,2,2,1,1,1,1,2,2,2,2,2,1,1,1,1,1,2,2,1,1,1,1,1,1,1,1,0,0,0,1,1,1,1,1,1,1,0,0,1,1,1,1,1,1,1,1,0,0,1,1,1,1,1,1,1,1]",3484d9b601e71019cf7752fca520a50f041f834c5fdce13c81e70e3b5929fcce,8c3627e245a21215aadc1850517c9b99f238275745b542a196d962fd5de51831,improved_campaign_offspring,C000214,,2,connected_region_repaint:small,0.022222222222222223,"[150,151,152,161,171]",5,L-SEED,completed,valid,[],,0.4299117727210039,5.439267257826723,B1,2026-08-07T10:24:42.383+02:00,2026-08-07T10:24:42.383+02:00,2026-08-07T10:29:26.575+02:00
243,C000243,improved_dataset_1000_20260807_001,7,243,"[0,1,1,1,1,1,1,1,1,1,0,1,1,1,1,1,1,1,1,1,0,0,0,0,0,1,1,1,1,1,0,2,2,2,0,1,1,1,1,1,0,2,2,2,2,1,0,1,1,1,0,2,2,2,2,2,1,1,1,1,2,2,2,2,2,2,1,1,1,1,2,2,2,2,2,0,1,1,1,1,2,2,2,2,2,0,1,1,1,1,2,2,2,2,2,0,1,1,1,1,2,2,2,2,2,0,1,1,1,1,2,2,2,2,2,0,1,1,1,1,2,2,2,2,2,0,1,1,1,1,2,2,2,0,0,1,1,1,1,1,0,0,1,1,1,1,1,1,1,1,1,1,1,1,1,1,1,1,1,1,1,1,1,1,1,1,1,1,1,1,1,1,1,1,1,1,1,1,1,1]",bf3d41a087c10f9e702a97d5efedc9e5669a30fb581411dc9dd92a7c5ca00582,0e6311af6f96883d59ac1d4b89abc0bcb58293d0e60f4310dbd37608b98ed3e8,improved_campaign_offspring,C000183,,3,connected_region_repaint:small,0.005555555555555556,[46],1,L-SEED,completed,valid,[],,0.961329416610535,0.12802081624117462,B6,2026-08-07T10:29:26.784+02:00,2026-08-07T10:29:26.784+02:00,2026-08-07T10:31:12.269+02:00
244,C000244,improved_dataset_1000_20260807_001,7,244,"[0,1,1,1,1,1,1,1,1,1,0,1,1,1,1,1,1,1,1,1,0,0,0,0,0,1,1,1,1,1,0,2,2,2,0,1,1,1,1,1,0,2,2,2,0,1,1,1,1,1,0,2,2,2,0,1,1,1,1,1,2,2,2,2,2,1,1,1,1,1,2,2,2,2,2,1,1,1,1,1,2,2,2,2,2,1,1,1,1,1,2,2,2,2,2,1,1,1,1,1,2,2,2,2,2,1,1,1,1,1,2,2,2,2,2,1,2,2,1,1,2,2,2,2,2,2,2,2,2,1,2,2,2,0,0,2,2,2,1,1,0,0,1,2,0,2,2,1,1,1,1,1,1,2,2,2,1,1,1,1,1,1,2,2,1,1,1,1,1,1,1,1,1,2,1,1,1,1,1,1]",6b07496b606559db54f9ab011f3d5f5a184f06e5c224b1bf5d44997d0bb6abc1,0d9a03c383ad2e0bcf8519001682c598ddac027024daecc858e1d39c4a87cd73,improved_campaign_offspring,C000064,,4,connected_region_repaint:large,0.1,"[116,117,125,126,127,128,135,136,137,143,144,145,146,153,154,155,162,163,173]",19,L-SEED,completed,valid,[],,0.6318545773930572,3.2956880490481386,B3,2026-08-07T10:31:12.413+02:00,2026-08-07T10:31:12.413+02:00,2026-08-07T10:34:28.088+02:00
245,C000245,improved_dataset_1000_20260807_001,7,245,"[2,1,1,1,1,1,1,1,1,0,2,1,1,1,1,1,1,1,1,0,2,2,2,2,2,1,1,1,1,0,0,0,2,2,2,1,1,1,1,1,0,0,0,0,2,1,1,1,1,1,0,0,0,0,2,0,1,1,1,1,0,0,0,0,0,0,1,1,1,1,0,0,0,0,0,0,1,1,1,1,0,0,0,0,0,0,1,1,1,1,0,0,0,0,0,0,1,1,1,1,0,0,0,0,0,0,1,1,1,1,0,0,0,0,0,0,1,1,1,1,0,0,0,0,0,0,1,0,1,1,0,0,0,0,0,0,0,0,1,1,0,0,0,0,0,0,0,0,0,1,0,0,0,0,0,0,0,0,0,1,0,0,0,0,0,0,0,0,1,1,0,0,0,0,0,0,0,0,1,1]",e2eece296b76cd75712a54423a858497c7b9307fbc62b2830689006b8481152e,3b6b39c163189872bf7fc365c2be73ce5863a7c57419294c828c8109dc317d2b,improved_campaign_offspring,C000184,,5,boundary_growth:medium,0.05,"[60,64,70,73,74,80,81,82,83,84,91,92,101]",13,L-SEED,completed,valid,[],,0.6466876089119146,3.129446282778983,B3,2026-08-07T10:34:28.237+02:00,2026-08-07T10:34:28.237+02:00,2026-08-07T10:35:52.541+02:00
246,C000246,improved_dataset_1000_20260807_001,7,246,"[0,0,0,0,0,0,0,0,0,0,0,0,0,0,0,0,0,0,0,0,0,0,0,0,0,0,0,0,0,0,0,2,2,2,0,0,0,0,0,0,0,2,2,2,0,0,0,0,0,0,0,2,2,2,0,0,0,0,0,0,0,2,2,2,0,0,0,0,2,2,0,0,2,0,0,0,0,0,0,2,0,0,0,0,0,0,0,2,2,2,0,0,0,0,0,0,0,0,0,2,0,0,0,0,0,0,0,0,0,2,0,0,0,0,0,0,0,0,0,2,0,0,0,0,0,0,2,0,0,2,0,0,0,0,0,2,2,2,0,2,0,0,2,2,2,2,2,2,2,2,0,2,2,2,2,2,2,2,0,2,2,2,2,2,2,2,2,2,2,2,2,2,1,2,2,2,2,1,1,1]",27202f94248faf5e60ca0f11056d350c27944c71dd9285c0cec354305a11fee7,ab74a803df8e21447a6c7f08c3ca585c92bdad9d7b449157fd911a3329837f66,improved_campaign_offspring,C000216,,1,boundary_growth:small,0.005555555555555556,[98],1,L-SEED,completed,valid,[],,0.04243172880337504,9.642377028520363,B1,2026-08-07T10:35:52.768+02:00,2026-08-07T10:35:52.768+02:00,2026-08-07T10:37:16.462+02:00
247,C000247,improved_dataset_1000_20260807_001,7,247,"[2,1,1,1,1,1,1,1,1,1,2,1,1,1,1,1,1,1,1,1,2,2,2,0,0,1,1,1,1,1,1,0,2,2,0,1,1,1,1,1,1,0,0,0,0,1,1,1,1,1,1,1,0,0,0,0,1,1,1,1,1,1,1,1,1,1,1,1,1,1,1,1,1,1,1,1,1,1,1,1,1,1,1,1,1,1,1,1,1,1,1,1,1,1,1,1,1,1,1,1,1,1,1,1,1,1,1,1,1,1,1,1,1,1,1,1,1,1,1,1,2,2,0,0,0,0,1,0,1,1,2,2,2,0,0,0,0,0,1,1,0,0,0,0,0,0,0,0,0,1,0,0,0,0,0,0,0,0,0,1,0,0,0,0,0,0,0,0,1,1,0,0,0,0,0,0,0,0,1,1]",0f848919e5c906558a560247f6f8b1760776bd2ce6ec0c0b3c4374c9203ddc31,6254e2b6c5ec1492ed230271aed68bab0f74c9b0db2e90b0deaa3adb73aa8f1b,improved_campaign_offspring,C000156,,2,connected_region_repaint:small,0.022222222222222223,"[30,40,50,51]",4,L-SEED,completed,valid,[],,0.5538056434326284,4.159401129907551,B2,2026-08-07T10:37:16.664+02:00,2026-08-07T10:37:16.664+02:00,2026-08-07T10:39:19.659+02:00
248,C000248,improved_dataset_1000_20260807_001,7,248,"[0,0,0,0,2,2,0,2,2,2,0,0,0,0,2,0,0,2,0,0,0,0,0,2,2,2,2,2,0,0,0,2,2,2,2,2,2,2,2,0,0,2,2,2,2,2,2,0,2,2,0,2,2,2,2,2,2,2,2,2,2,2,2,0,2,2,2,2,2,2,2,2,2,2,2,2,2,2,2,2,2,0,2,2,2,0,2,2,2,2,2,0,0,2,0,0,2,2,2,2,0,0,0,0,0,0,2,2,0,0,0,0,0,0,0,0,0,0,0,0,0,0,0,0,0,0,0,0,0,0,0,0,0,0,0,0,0,0,0,0,0,0,0,0,0,0,0,0,0,0,0,0,0,0,0,0,0,0,0,0,0,0,0,0,0,0,0,0,0,0,0,0,0,0,0,0,1,1,0,0]",e1ccaade818a3cbc76813d0c5c43eec078f50f971057c8289076173d2257cd49,ecb133d19ce955e9e44b1b0ebca405d3b385539d42151756e55499131f52dcac,improved_campaign_offspring,C000218,,3,connected_region_repaint:medium,0.044444444444444446,"[62,70,71,72,73,74,80,90]",8,L-SEED,completed,valid,[],,0.0539593709080631,9.50805597548898,B1,2026-08-07T10:39:19.806+02:00,2026-08-07T10:39:19.806+02:00,2026-08-07T10:40:35.874+02:00
249,C000249,improved_dataset_1000_20260807_001,7,249,"[2,1,1,1,1,1,1,1,1,1,2,1,1,1,1,1,1,1,1,1,2,2,2,0,0,1,1,1,1,1,2,0,2,2,0,1,1,1,1,1,2,0,0,0,0,0,0,0,1,1,2,2,0,0,0,0,0,0,1,1,1,1,1,1,0,0,1,1,1,1,1,1,1,1,1,1,1,1,1,1,1,1,1,1,1,1,1,1,1,1,1,1,1,1,1,1,1,1,1,1,1,1,1,1,1,1,1,1,1,1,1,1,1,1,1,1,1,1,1,1,2,2,0,0,0,0,1,0,1,1,2,2,2,0,0,0,0,0,1,1,0,0,0,0,0,0,0,0,0,1,0,0,0,0,0,0,0,0,0,1,0,0,0,0,0,0,0,0,1,1,0,0,0,0,0,0,0,0,1,1]",de0cc94d33eb4f62f4c09f9aaa34051561a50b8da3dc68969c7b2bb9ace3fb78,735295a897d95d9cb661cc728c0bd849d2ba4f1e8767dc95873e34f701614c7f,improved_campaign_offspring,C000156,,4,rectangular_patch:medium,0.05555555555555555,"[45,46,47,56,57,64,65]",7,L-SEED,completed,valid,[],,0.5466574760303606,4.214653984157945,B2,2026-08-07T10:40:36.024+02:00,2026-08-07T10:40:36.024+02:00,2026-08-07T10:43:28.169+02:00
250,C000250,improved_dataset_1000_20260807_001,7,250,"[2,1,1,1,1,1,1,1,1,1,2,1,1,1,1,1,1,1,1,1,2,2,2,0,0,1,1,1,1,1,2,0,0,0,0,1,1,1,1,1,2,0,0,0,0,1,1,1,1,1,2,2,0,0,0,0,1,1,1,1,1,1,1,1,1,1,1,1,1,1,1,1,1,1,1,1,1,1,1,1,1,1,1,1,1,1,1,1,1,1,1,1,1,1,1,1,1,1,1,1,1,1,1,0,0,1,1,1,1,1,1,1,1,0,1,1,1,1,1,1,2,2,0,0,0,0,1,0,1,1,2,2,2,0,0,0,0,0,1,1,0,0,0,0,0,0,0,0,0,1,0,0,0,0,0,0,0,0,0,1,0,0,0,0,0,0,0,0,1,1,0,0,0,0,0,0,0,0,1,1]",68419200216dff9e4302c3c8b2b8b59f9105785670cc853c64ced67ccbbaa77f,1ece4a25dcc0b5cac6f667e83a15c35a9389b1f95b506a75ac5609305499da01,improved_campaign_offspring,C000219,,5,connected_region_repaint:small,0.011111111111111112,"[32,33]",2,L-SEED,completed,valid,[],,0.6168461890910323,3.459802132727698,B3,2026-08-07T10:43:28.316+02:00,2026-08-07T10:43:28.316+02:00,2026-08-07T10:45:51.373+02:00
251,C000251,improved_dataset_1000_20260807_001,7,251,"[2,2,2,2,2,2,2,2,0,0,0,2,2,2,2,2,2,2,2,0,0,2,2,2,2,2,2,2,2,0,0,2,2,2,0,2,2,2,2,2,0,2,2,0,0,2,2,2,2,2,0,2,2,0,0,0,0,2,2,0,0,2,2,0,0,0,0,2,2,2,0,0,2,0,0,0,0,0,0,2,0,0,0,0,0,0,0,2,2,2,0,0,0,0,0,0,0,0,2,2,0,0,0,0,0,0,0,0,0,0,0,0,0,0,0,0,0,0,0,0,0,0,0,0,0,0,0,0,0,0,0,0,0,0,0,0,0,0,0,0,0,0,0,0,0,0,0,0,0,0,0,0,0,0,0,0,0,0,0,0,0,1,1,0,0,0,0,1,0,1,0,0,1,0,0,0,0,1,1,1]",b65b7b35625d3dadbbf3d7800972abec6a7efcd49d57638ae9cd6a158ca0055f,e40cb5007753e2aa285b05580dffc6453a2cdc751c84e7a05280833da3dde567,improved_campaign_offspring,C000023,,1,connected_region_repaint:medium,0.07222222222222222,"[43,53,54,55,56,63,64,65,66,75,76,77,78,85,95]",15,L-SEED,completed,valid,[],,0.07346066263929517,9.251677211062049,B1,2026-08-07T10:45:51.597+02:00,2026-08-07T10:45:51.597+02:00,2026-08-07T10:46:55.107+02:00
252,C000252,improved_dataset_1000_20260807_001,7,252,"[0,0,0,0,0,2,2,2,0,2,0,0,0,0,0,2,2,2,2,2,0,0,0,0,0,2,2,2,2,2,0,0,2,2,0,2,2,2,2,2,0,2,2,2,0,2,2,2,2,2,0,2,2,2,2,2,2,2,2,0,2,2,2,2,2,2,2,2,2,2,2,0,2,0,2,2,2,2,2,2,2,0,2,2,2,2,0,2,2,2,2,2,2,2,2,2,0,0,2,2,2,2,2,2,2,2,0,0,1,1,2,2,2,2,2,0,1,1,1,1,2,0,2,2,2,2,1,1,1,1,2,2,2,2,2,1,1,1,1,1,2,2,1,1,1,1,1,1,1,1,1,1,1,1,1,1,1,1,1,1,1,1,1,1,1,1,1,1,1,1,1,1,1,1,1,1,1,1,1,1]",5cd6531eedc5d0b0eb97f301373ca57325603bae6690c3af0b11cd3619fc9610,d7250b410145896e11c2f4a36afff861b781858a6c924a7ef62372060ea0185c,improved_campaign_offspring,C000223,,2,rectangular_patch:large,0.09444444444444444,"[0,1,2,3,4,11,12,13,14,21,22,23,24,31]",14,L-SEED,completed,valid,[],,0.07269842445201635,9.28115911819789,B1,2026-08-07T10:46:55.260+02:00,2026-08-07T10:46:55.260+02:00,2026-08-07T10:48:34.121+02:00
253,C000253,improved_dataset_1000_20260807_001,7,253,"[2,2,2,2,2,2,2,2,2,0,2,2,2,2,2,2,2,2,2,2,2,2,2,2,2,2,2,2,2,1,2,2,2,2,2,2,1,2,1,1,2,2,2,2,2,2,1,1,1,1,0,2,2,2,2,0,1,1,1,1,2,2,2,2,2,0,1,1,1,1,2,2,2,2,2,0,1,1,1,1,2,2,2,2,2,0,1,1,1,1,2,2,2,2,2,0,1,1,1,1,2,2,2,2,2,0,1,1,1,1,2,2,2,2,2,0,1,1,1,1,2,2,2,2,2,0,1,0,1,1,2,2,2,0,0,0,0,0,1,1,0,0,0,0,0,0,0,0,0,1,0,0,0,0,0,0,0,0,0,1,0,0,0,0,0,0,0,0,1,1,0,0,0,0,0,0,0,0,1,1]",892ed956896f952dae7053c5912abc2fbcbe156205027802924c318da6c841d4,f23d6fb8729361621fcd73ddd3bf08d987b46a5254335f3ecd3d27a9b18d43e2,improved_campaign_offspring,C000224,,3,connected_region_repaint:large,0.12222222222222222,"[0,1,2,3,4,5,6,10,11,12,13,14,20,21,22,23,24,30,34,40,44,54]",22,L-SEED,completed,valid,[],,0.29536671279132504,6.861310955050349,B1,2026-08-07T10:48:34.271+02:00,2026-08-07T10:48:34.271+02:00,2026-08-07T10:50:07.072+02:00
254,C000254,improved_dataset_1000_20260807_001,7,254,"[0,1,1,1,1,1,1,1,1,1,0,1,1,1,1,1,1,1,1,1,0,0,0,0,0,1,1,1,1,1,0,2,2,2,0,1,1,1,1,1,0,2,2,2,0,1,1,1,1,1,0,0,2,2,0,0,1,1,1,1,0,0,0,2,2,0,1,1,1,1,0,0,0,0,2,0,1,1,1,1,0,0,0,0,0,0,1,1,1,1,0,0,0,0,0,0,1,1,1,1,0,0,0,0,0,0,1,1,1,1,0,0,0,0,0,0,1,1,1,1,2,2,0,0,0,0,1,0,1,1,2,2,2,0,0,0,0,1,1,1,0,0,0,0,0,0,1,1,0,1,0,0,0,0,0,0,0,0,0,1,0,0,0,0,0,0,0,0,1,1,0,0,0,0,0,0,0,0,1,1]",1d183c926ed65ed41a334d1397defb8e3aaff9965636f4fe217c4cb01b56be3f,0e5a98d541a02db63e652e7de4c2b310c85172b0e794278b589585b1bcd71791,improved_campaign_offspring,C000221,,4,connected_region_repaint:small,0.016666666666666666,"[137,146,147]",3,L-SEED,completed,valid,[],,0.6422253112369671,3.249857015456799,B3,2026-08-07T10:50:07.220+02:00,2026-08-07T10:50:07.220+02:00,2026-08-07T10:52:05.634+02:00
255,C000255,improved_dataset_1000_20260807_001,7,255,"[2,2,2,2,2,2,2,2,0,2,0,2,2,2,2,2,2,2,2,2,0,2,2,2,2,2,2,2,2,2,0,2,2,2,0,2,2,2,2,2,0,2,2,2,0,2,2,2,2,2,0,2,2,2,2,2,2,2,2,0,2,2,2,2,2,2,2,2,2,2,2,0,2,0,2,2,2,2,2,2,2,0,2,2,2,2,0,2,2,2,2,2,2,2,2,2,0,0,2,2,2,2,2,2,2,2,0,0,1,1,2,2,2,2,2,0,2,1,1,1,2,0,2,2,2,2,2,2,1,1,2,2,2,2,2,1,2,2,1,1,2,2,1,1,1,1,2,2,2,1,1,1,1,1,1,1,1,2,1,1,1,1,1,1,1,1,1,1,1,1,1,1,1,1,1,1,1,1,1,1]",8438d60173f4fbea547c3423bd2f79b9b2fe024e6ac719514f951ffeac9b9765,a8759b5c09edf872c9b924761f0e56cce603da7a7312be7cad44be76f0ace909,improved_campaign_offspring,C000223,,5,connected_region_repaint:medium,0.05,"[116,126,127,136,137,146,147,148,157]",9,L-SEED,completed,valid,[],,0.0794331511699505,9.184289547899123,B1,2026-08-07T10:52:05.843+02:00,2026-08-07T10:52:05.843+02:00,2026-08-07T10:54:31.811+02:00
256,C000256,improved_dataset_1000_20260807_001,7,256,"[0,0,0,0,0,0,0,0,0,0,0,0,0,0,0,0,0,0,0,0,0,0,0,0,0,0,0,0,0,0,0,2,2,2,0,0,0,0,0,0,0,2,1,1,1,1,1,1,0,0,0,1,1,1,1,1,1,1,0,0,0,0,0,1,1,0,0,0,0,0,0,0,0,1,1,1,1,0,0,0,0,0,0,1,1,1,1,1,0,0,2,0,0,1,1,1,1,1,1,1,2,2,1,0,1,1,1,1,1,1,2,2,1,1,1,0,1,1,1,1,2,2,1,0,1,0,1,1,1,1,2,2,1,0,0,1,1,1,1,1,0,0,1,1,1,1,1,1,1,1,1,1,1,1,1,1,1,1,1,1,1,1,1,1,1,1,1,1,1,1,1,1,1,1,1,1,1,1,1,1]",09e0346f3084f22db8bb216069821f8bfd33ef36fc46138da589ee70a3e68052,88c77bbc67dba20b5d23f9e9eff3b379a3591b652b9ee39b78e8cad219a2e376,improved_campaign_offspring,C000167,,1,connected_region_repaint:medium,0.07777777777777778,"[48,49,58,59,67,68,69,78,79,88,89]",11,L-SEED,completed,valid,[],,0.2693721253825347,7.116195086104961,B1,2026-08-07T10:54:32.029+02:00,2026-08-07T10:54:32.030+02:00,2026-08-07T10:55:32.316+02:00
257,C000257,improved_dataset_1000_20260807_001,7,257,"[0,0,0,0,0,0,0,2,0,0,0,0,0,0,0,0,2,2,2,0,0,0,0,0,2,2,2,0,0,0,0,0,0,0,2,0,2,0,0,0,0,0,0,0,0,2,2,2,2,0,0,0,0,0,0,0,0,0,0,0,0,2,1,0,1,1,1,1,0,0,2,2,1,1,1,1,1,0,1,1,2,2,2,1,1,1,1,1,1,1,2,1,1,1,1,1,1,1,1,1,1,1,1,1,1,1,1,0,0,0,2,1,1,0,1,0,0,0,0,0,2,2,1,1,1,0,0,0,0,0,2,1,1,0,0,1,1,0,0,0,0,0,1,1,1,0,1,2,2,2,1,1,1,1,1,1,1,2,0,2,1,1,1,1,0,1,1,1,2,2,1,1,1,1,1,1,1,1,2,2]",34730ab6dd03e12e7fb2d683bd33da69f51aaf74e16dbdb3b8362e70d0c2be0a,2e40c7645ee2b08c369aea559926143925a6b1c559b0587002df5af747af98a5,improved_campaign_offspring,C000196,,2,connected_region_repaint:medium,0.06111111111111111,"[0,1,2,3,4,10,11,12,13,14,15,20,21,22,23]",15,L-SEED,completed,valid,[],,0.09546342033574831,9.045003527303324,B1,2026-08-07T10:55:32.456+02:00,2026-08-07T10:55:32.456+02:00,2026-08-07T11:08:52.657+02:00
258,C000258,improved_dataset_1000_20260807_001,7,258,"[0,0,0,0,0,0,0,0,0,0,0,0,0,0,0,0,0,0,0,0,0,0,0,0,0,0,0,0,0,0,0,2,2,2,0,0,0,0,0,0,0,2,2,2,0,0,0,0,0,0,0,2,2,0,0,0,0,0,0,0,0,0,0,0,0,1,1,1,1,0,0,0,0,0,0,0,1,1,1,1,0,2,2,2,2,1,1,1,0,0,2,2,2,0,2,2,1,1,1,0,2,2,2,0,2,2,2,2,1,1,2,2,2,2,2,0,0,1,1,1,2,2,2,2,2,0,0,1,1,1,2,2,2,0,0,0,0,0,0,1,0,0,0,0,0,0,0,0,1,1,1,1,0,0,0,0,0,0,0,1,1,1,0,1,0,0,0,0,1,1,1,1,1,1,1,1,0,0,1,1]",099a900be2ffe3e51192158188bce1624e069985400ac87954072df08bc03304,6e44249173e342fe5e4cc800c57b1c75ba5be020047a9ab8ce6fbdc2de24413f,improved_campaign_offspring,C000227,,3,connected_region_repaint:large,0.13333333333333333,"[116,126,135,136,137,138,142,143,144,145,146,147,152,153,154,155,156,157,158,162,164,165,166,167,176,177]",26,L-SEED,completed,valid,[],,0.18069153942854632,8.061479949021649,B1,2026-08-07T11:08:52.798+02:00,2026-08-07T11:08:52.798+02:00,2026-08-07T11:10:16.445+02:00
259,C000259,improved_dataset_1000_20260807_001,7,259,"[2,2,2,2,2,0,0,2,0,0,2,2,2,2,2,2,2,2,2,0,2,2,2,2,2,2,2,2,0,0,2,2,2,2,2,0,2,2,2,2,2,2,2,2,0,2,2,2,2,0,0,2,2,2,0,0,2,2,0,0,2,2,0,2,0,0,2,0,0,0,2,2,2,2,2,2,2,0,0,0,2,2,2,2,2,2,2,2,2,2,2,2,2,2,2,2,0,2,2,2,2,2,2,2,2,2,2,2,2,2,2,2,2,0,0,0,0,2,2,2,2,2,0,0,0,0,0,0,2,2,2,0,0,0,0,0,0,0,0,0,0,0,0,0,0,0,0,2,2,2,0,0,0,0,0,0,0,2,0,2,0,0,0,0,0,0,0,0,2,2,0,0,0,0,0,0,0,0,2,2]",ce5bd8b16cf9927b5a8750ff7f7312d09a8bc11f0411ddd4dc50d37249d98218,bbd84de7df7bc60cba5f127191a1eb4a11117a8adaeffbda21f3caabb094da66,improved_campaign_offspring,C000230,,4,connected_region_repaint:large,0.1111111111111111,"[56,57,66,76,86,87,88,89,97,98,99,106,107,108,109,117,118,119,128,129]",20,L-SEED,completed,valid,[],,0.05971140959888965,9.385389648860912,B1,2026-08-07T11:10:16.591+02:00,2026-08-07T11:10:16.591+02:00,2026-08-07T11:12:17.963+02:00
260,C000260,improved_dataset_1000_20260807_001,7,260,"[0,0,0,0,0,0,0,0,0,0,0,0,0,0,0,0,0,0,0,0,0,0,0,0,0,0,0,0,0,0,0,2,2,2,0,0,0,0,0,0,0,2,1,1,1,1,1,1,2,2,0,1,1,1,1,1,1,1,2,2,0,0,0,1,1,0,0,2,2,2,0,0,0,1,1,1,1,0,2,2,0,0,0,1,1,1,1,1,2,2,2,0,0,1,1,1,1,1,1,1,2,2,1,0,1,1,1,1,1,1,2,2,1,1,1,0,1,1,1,1,2,2,1,0,1,0,1,1,1,1,2,2,1,0,0,1,1,1,1,1,0,0,1,1,1,1,1,1,1,1,1,0,0,1,1,1,1,1,1,1,1,0,1,1,1,1,1,1,1,1,1,1,1,1,1,1,1,1,1,1]",2f527041cc1aace727f2b86e6dd14981dac8a3756534586a734137c9b9c9c538,ee4a99e7d6e0508e4fd0f61baef404f0a2dbd17df6a913cc28b32828ca471a22,improved_campaign_offspring,C000167,,5,rectangular_patch:small,0.016666666666666666,"[151,152,161]",3,L-SEED,completed,valid,[],,0.14518265242640976,8.509191891577023,B1,2026-08-07T11:12:18.106+02:00,2026-08-07T11:12:18.106+02:00,2026-08-07T11:13:46.233+02:00
261,C000261,improved_dataset_1000_20260807_001,7,261,"[2,2,2,2,2,2,2,2,0,0,0,2,2,2,2,2,0,0,0,0,0,2,2,2,2,0,0,0,0,2,0,2,2,2,0,0,2,2,2,2,0,2,2,2,0,0,0,0,0,0,0,2,2,2,2,0,0,0,0,0,0,2,2,2,2,0,0,0,0,0,0,0,2,0,0,0,0,0,0,0,0,0,0,0,0,0,0,0,0,0,0,0,0,0,0,0,0,0,2,0,0,0,0,0,0,0,0,0,2,2,0,0,0,0,0,0,0,0,0,2,0,0,0,0,0,0,0,0,0,2,0,0,0,0,0,0,0,0,0,2,0,0,0,0,0,0,0,0,2,0,0,0,0,0,0,0,0,0,2,2,0,1,1,0,0,0,0,1,2,1,0,0,1,0,0,0,0,1,1,1]",f571e0154ed9dfd51840b753942a3ac4e82e3b0b98b2a57c9b63a307a1a6a1fe,5e554b6066712be8dd868045a78f6b8dcb9b6ca43cb9108acef0369160085c2b,improved_campaign_offspring,C000235,,1,connected_region_repaint:small,0.022222222222222223,"[148,158,159,168]",4,L-SEED,completed,valid,[],,0.07935645294082283,9.185246195062376,B1,2026-08-07T11:13:46.508+02:00,2026-08-07T11:13:46.508+02:00,2026-08-07T11:14:55.335+02:00
262,C000262,improved_dataset_1000_20260807_001,7,262,"[2,1,1,1,1,1,1,1,1,1,2,1,1,1,1,1,1,1,1,1,2,2,2,2,2,1,1,1,0,0,2,2,2,2,2,1,1,1,1,1,2,2,2,2,2,1,1,1,1,1,2,2,2,2,2,2,1,1,1,1,2,2,0,0,2,2,1,1,1,1,2,2,2,2,2,2,1,1,1,1,2,2,2,2,2,2,1,1,1,1,2,2,2,2,2,2,1,1,1,1,2,2,2,2,2,2,1,1,1,1,2,2,2,2,2,2,1,1,1,1,2,2,2,2,2,2,1,0,1,1,2,2,2,0,2,2,2,2,1,1,0,0,0,0,2,2,2,0,0,1,0,0,0,0,0,0,0,0,0,1,0,0,0,0,0,0,0,0,1,1,0,0,0,0,0,0,0,0,1,1]",96ceff5a431d4b4f80d75f17b62ebc3c40b1a31d71a921048303530140818064,925f3da907e6b36cd35f03b4f06f597c1458ab463fc670f3ee248139c025da50,improved_campaign_offspring,C000141,,2,rectangular_patch:small,0.011111111111111112,"[62,63]",2,L-SEED,completed,valid,[],,0.6178072592784275,3.5353146243875524,B3,2026-08-07T11:14:55.494+02:00,2026-08-07T11:14:55.494+02:00,2026-08-07T11:17:43.029+02:00
263,C000263,improved_dataset_1000_20260807_001,7,263,"[2,1,1,1,1,1,1,1,1,1,2,1,1,1,1,1,1,1,1,1,2,2,2,2,2,1,1,1,0,0,2,2,2,2,2,1,1,1,1,1,2,2,2,2,2,1,1,1,1,1,2,2,2,2,2,2,1,1,1,1,2,2,2,2,2,2,1,1,1,1,2,2,2,2,2,2,1,1,1,1,2,2,2,2,2,2,1,1,1,1,2,2,2,2,2,2,1,1,1,1,0,2,2,2,2,2,1,1,1,1,2,2,2,2,2,2,1,1,1,1,2,2,2,2,2,2,1,0,1,1,2,2,2,0,2,2,2,2,1,1,0,0,0,0,2,2,2,0,0,1,0,0,0,0,0,0,0,0,0,1,0,0,0,0,0,0,0,0,1,1,0,0,0,0,0,0,0,0,1,1]",6118ab216833a3bd9d4eb15ea218a3bd7cd97dcc172c1a2ea44d2f1216275c34,ddcd29302b15ae9cd230f9607d4ef012c600fe2ea404da7dd001348f2ded8dba,improved_campaign_offspring,C000141,,3,connected_region_repaint:small,0.005555555555555556,[100],1,L-SEED,completed,valid,[],,0.6187544501607661,3.5255213045702143,B3,2026-08-07T11:17:43.172+02:00,2026-08-07T11:17:43.172+02:00,2026-08-07T11:20:30.702+02:00
264,C000264,improved_dataset_1000_20260807_001,7,264,"[2,2,2,1,1,1,1,1,1,1,2,2,1,1,1,1,1,1,1,1,2,2,2,2,2,1,1,1,0,0,2,2,2,2,2,1,1,1,1,1,2,2,2,2,2,1,1,1,1,1,2,2,2,2,2,2,1,1,1,1,2,2,2,2,2,2,1,1,1,1,2,2,2,2,2,2,1,1,1,1,2,2,2,2,2,2,1,1,1,1,2,2,2,2,2,2,1,1,1,1,2,2,2,2,2,2,1,1,1,1,2,2,2,2,2,2,1,1,1,1,2,2,2,2,2,2,1,0,1,1,2,2,2,0,2,2,2,2,1,1,0,0,0,0,2,2,2,0,0,1,0,0,0,0,0,0,0,0,0,1,0,0,0,0,0,0,2,2,1,1,0,0,0,0,0,0,2,2,1,1]",6413ec71684e2a4c52336cdf4587c4b3d47a3127437fe08954c39cc0bbdb44ff,b27ec6f3e3e103b06d9485418cec421b2293c4f62704b4fd84f5bafed0ffdf5a,improved_campaign_offspring,C000233,,4,connected_region_repaint:small,0.022222222222222223,"[166,167,176,177]",4,L-SEED,completed,valid,[],,0.6342738623303572,3.5686106853671693,B3,2026-08-07T11:20:30.848+02:00,2026-08-07T11:20:30.848+02:00,2026-08-07T11:23:55.346+02:00
265,C000265,improved_dataset_1000_20260807_001,7,265,"[2,0,0,0,0,0,0,0,0,0,2,0,0,0,0,0,0,0,0,0,2,2,2,2,2,2,2,0,0,0,0,0,2,2,2,2,2,0,0,0,0,0,0,2,2,2,0,0,0,0,0,0,0,0,0,0,0,0,0,0,0,0,0,0,0,0,0,0,0,0,0,0,0,0,0,0,0,0,0,0,0,0,0,0,0,0,0,0,0,0,0,2,2,0,0,0,0,0,0,0,2,2,2,0,0,2,0,0,1,1,2,2,2,0,2,2,0,1,1,1,2,2,2,2,2,2,0,0,1,1,2,2,2,2,2,2,2,2,1,1,2,2,2,2,2,2,2,2,2,1,2,2,0,2,2,2,2,2,2,1,2,2,2,2,2,2,2,2,1,1,0,2,2,2,2,2,2,0,1,1]",8a549573681fcfd99343a41767f71c79f08bf4017857f0ea8d3c37f0f1a5fe69,7162aa85468f5c61d48a764caaa9ce09be960fed90b3a37be08623ab514cd981,improved_campaign_offspring,C000175,,5,boundary_growth:medium,0.027777777777777776,"[25,26,35,36,45]",5,L-SEED,completed,valid,[],,0.0940040200504568,9.061220038917702,B1,2026-08-07T11:23:55.502+02:00,2026-08-07T11:23:55.502+02:00,2026-08-07T11:25:16.738+02:00
266,C000266,improved_dataset_1000_20260807_001,7,266,"[0,0,0,0,0,0,0,0,0,0,0,0,0,0,0,0,0,0,2,0,0,0,0,0,2,0,0,2,2,0,0,0,0,0,2,0,2,2,2,0,0,2,0,2,2,2,2,2,2,0,0,2,2,2,2,2,2,2,2,0,0,2,2,2,0,2,2,2,2,0,0,2,0,0,0,0,1,1,2,2,0,0,0,0,0,0,1,1,2,2,0,0,0,0,0,0,1,1,1,1,2,0,0,0,0,0,1,1,1,1,2,0,0,0,0,0,1,1,1,1,2,2,2,2,0,0,1,0,1,1,2,2,2,2,0,0,2,2,1,1,0,0,0,2,2,2,0,2,0,1,0,0,0,2,0,0,0,2,2,1,0,0,0,0,0,0,0,2,1,1,0,0,0,0,0,0,0,2,1,1]",737a1a94220249c99db837deb747e921a0b32151cce9d540ead794db2aaaac02,39bd32b8d33c36b71c36a2a68ec67d3d2405b0758c4c645e09487feeb57163c3,improved_campaign_offspring,C000239,,1,connected_region_repaint:medium,0.03888888888888889,"[122,123,133,143,144,145,153]",7,L-SEED,completed,valid,[],,0.10531322730454283,8.879118600166924,B1,2026-08-07T11:25:16.958+02:00,2026-08-07T11:25:16.958+02:00,2026-08-07T11:27:32.385+02:00
267,C000267,improved_dataset_1000_20260807_001,7,267,"[0,0,0,0,0,0,0,0,0,0,0,0,0,0,0,0,0,0,2,0,0,0,0,0,2,0,0,2,2,0,0,0,0,0,2,0,2,2,2,0,0,2,0,2,2,2,2,2,2,0,0,2,2,2,2,2,2,2,2,0,0,2,2,2,0,2,2,2,2,0,0,2,0,0,0,0,1,1,2,2,0,0,0,0,0,0,1,1,2,2,0,0,0,0,0,1,1,1,1,1,2,0,0,0,0,1,1,1,1,1,2,0,0,0,1,1,1,1,1,1,2,2,0,0,1,1,1,0,1,1,2,2,2,0,0,0,2,2,1,1,0,0,0,0,0,0,0,2,0,1,0,0,0,0,0,0,0,2,2,1,0,0,0,0,0,0,0,2,1,1,0,0,0,0,0,0,0,2,1,1]",d7d3e577705e21877b7ad0a4f18bf3dc71e366e1393ca2a8313c020bd7913ef9,99ee9517aa5fb419572b89f59a596b06b53bbbc549d382b49a33cc22981aa848,improved_campaign_offspring,C000239,,2,connected_region_repaint:medium,0.03333333333333333,"[95,105,114,115,124,125]",6,L-SEED,completed,valid,[],,0.09967385865246464,8.950176353907365,B1,2026-08-07T11:27:32.530+02:00,2026-08-07T11:27:32.530+02:00,2026-08-07T11:29:33.028+02:00
268,C000268,improved_dataset_1000_20260807_001,7,268,"[0,0,0,0,2,2,2,2,0,0,0,0,0,0,0,2,2,2,2,0,0,0,0,0,0,0,0,2,2,0,0,0,0,0,0,0,0,0,0,0,0,2,0,0,0,0,0,0,0,0,0,2,2,0,0,0,0,0,0,0,0,2,2,0,0,0,0,0,2,2,0,1,2,0,0,0,2,2,2,2,1,1,0,0,0,0,0,2,2,2,1,1,1,1,0,0,0,0,0,2,1,1,1,1,1,0,0,0,0,0,1,1,1,1,0,0,0,0,0,0,1,1,0,1,0,1,0,0,0,0,1,1,1,1,1,1,1,0,0,0,1,1,1,1,1,1,0,0,0,0,1,1,1,0,1,0,0,0,0,0,1,1,1,0,0,0,0,1,0,1,1,1,1,0,0,0,0,1,1,1]",ecfaccb2d312a6d894531f6004b3c60dd9c4dfe186ba28d2d0381b6823be7887,8eca69699c9abfb39380015cbde90f52ad8746928d38933ac364e14460187cf4,improved_campaign_offspring,C000052,,3,rectangular_patch:small,0.011111111111111112,[98],1,L-SEED,completed,valid,[],,0.062359988376451896,9.55180041722601,B1,2026-08-07T11:29:33.175+02:00,2026-08-07T11:29:33.175+02:00,2026-08-07T11:30:55.680+02:00
269,C000269,improved_dataset_1000_20260807_001,7,269,"[0,0,0,2,2,2,2,2,0,0,0,0,2,2,2,2,2,2,2,0,0,0,0,2,2,2,2,2,2,0,0,0,0,2,0,2,2,2,0,0,0,0,0,0,0,2,2,2,0,0,0,0,2,2,2,2,2,2,2,0,0,0,2,2,2,2,2,2,2,2,0,1,2,0,0,2,2,2,2,2,1,1,0,0,0,2,0,2,2,2,1,1,1,1,0,2,0,0,2,2,1,1,1,1,1,0,0,0,0,0,1,1,1,1,0,0,0,0,0,0,1,1,0,1,0,0,0,0,0,0,1,1,0,0,0,0,0,0,0,0,1,1,1,1,1,1,0,0,0,0,1,1,1,1,1,0,0,0,0,0,1,1,1,1,1,0,0,1,0,1,1,1,1,1,1,1,0,1,1,1]",6cbd26a86c881bd5360037a415f1be47bd27fcddf8f1b8a2e31195a1356648fc,b644bae53420e892babd2f17f777105b285edb078a2c1f71fe6f47965ce74dd1,improved_campaign_offspring,C000149,,4,connected_region_repaint:medium,0.03333333333333333,"[153,163,164,173,174,175]",6,L-SEED,completed,valid,[],,0.06407746492618342,9.399559330980358,B1,2026-08-07T11:30:55.828+02:00,2026-08-07T11:30:55.828+02:00,2026-08-07T11:32:09.898+02:00
270,C000270,improved_dataset_1000_20260807_001,7,270,"[0,0,0,0,0,0,0,0,0,0,0,0,0,0,0,0,0,0,2,0,0,0,0,0,0,0,0,2,2,0,0,0,0,0,0,0,0,2,2,0,0,0,0,0,0,0,0,2,2,0,0,0,0,0,0,0,0,2,2,0,0,0,0,0,0,0,2,2,2,2,0,0,0,0,0,0,1,1,2,2,0,0,0,0,0,0,1,1,2,2,0,0,0,0,0,0,1,1,1,1,0,0,0,0,0,0,1,1,1,1,0,0,0,0,0,0,1,1,1,1,0,0,0,0,0,0,1,0,1,1,0,0,0,0,0,0,2,2,1,1,0,0,0,0,0,0,0,2,0,1,0,0,0,0,0,0,0,2,2,1,0,0,0,0,0,0,0,2,1,1,0,0,0,0,0,0,0,2,1,1]",be5e611c33ff6ef2fa81ade2ad85a263debb0357403f07797c95d00ec066c0c1,4d85b463232fe27190faacb3177e62ea7706713992ce577dae568e1283dbdb57,improved_campaign_offspring,C000179,,5,rectangular_patch:large,0.12222222222222222,"[100,110,120,121,130,131,132]",7,L-SEED,completed,valid,[],,0.06562268735206521,9.335398167009165,B1,2026-08-07T11:32:10.055+02:00,2026-08-07T11:32:10.055+02:00,2026-08-07T11:33:12.024+02:00
271,C000271,improved_dataset_1000_20260807_001,8,271,"[2,2,2,2,2,2,2,2,0,0,0,2,2,2,2,2,2,1,1,0,0,2,2,2,2,2,1,1,1,0,0,2,2,2,0,1,1,1,1,0,0,2,2,2,0,1,1,1,1,1,0,2,2,2,2,1,1,1,1,0,2,2,2,0,0,0,0,1,1,1,2,0,2,0,0,1,1,1,1,1,2,0,2,2,1,1,0,1,1,1,1,1,1,1,1,1,0,0,1,1,2,2,1,1,1,0,0,0,1,1,2,2,2,2,2,0,1,1,1,1,2,0,2,2,2,2,1,1,1,1,2,2,2,2,2,1,1,1,1,1,2,2,0,0,1,1,1,1,1,1,0,0,0,0,1,1,1,1,1,1,0,0,1,1,1,1,1,1,1,1,0,0,1,1,1,1,1,1,1,1]",bbfec9d4d2ff2442a17f544cfff3a6a1c23d4e380757bd666bac227af7fea686,1636accb961791632f39ae057b8182df197b3417dc994a14464f8cbb2cb62095,improved_campaign_offspring,C000242,,1,boundary_growth:small,0.011111111111111112,"[142,143,153]",3,L-SEED,completed,valid,[],,0.4298296675796791,5.440203132223314,B1,2026-08-07T11:33:12.349+02:00,2026-08-07T11:33:12.349+02:00,2026-08-07T11:38:00.900+02:00
272,C000272,improved_dataset_1000_20260807_001,8,272,"[0,0,0,0,0,0,0,0,0,0,0,0,0,0,0,0,0,0,0,0,0,0,0,0,0,0,0,0,0,0,0,2,2,2,0,0,0,0,0,0,0,2,2,2,0,0,0,0,0,0,0,2,2,2,0,0,0,0,0,0,2,2,2,2,2,2,2,2,2,2,2,2,2,2,2,2,2,2,2,2,2,2,2,2,2,2,2,2,2,2,2,2,2,2,2,2,2,2,2,2,2,2,2,2,2,2,2,2,0,0,2,2,2,2,2,0,0,0,0,0,2,2,2,2,2,0,0,0,0,0,2,2,2,0,0,0,0,0,0,0,0,0,1,2,2,0,0,0,0,0,1,1,1,2,2,0,0,0,0,0,1,1,1,2,2,2,0,0,0,0,1,1,1,1,1,2,0,0,0,0]",f3b39d359d452cfebfc82d88f410ceabb3633dd983c9a8f08cadf893f2da1adc,850f5de02fa44f769d97211e555bb274df2f443600e27198111eb68c9ebc1d21,improved_campaign_offspring,C000123,,2,boundary_growth:large,0.2222222222222222,"[108,109,116,117,118,119,126,127,128,129,135,136,137,138,139,145,146,147,148,149,155,156,157,158,159,166,167,168,169,176,177,178,179]",33,L-SEED,completed,valid,[],,0.05263439328217761,9.47658172522763,B1,2026-08-07T11:38:01.046+02:00,2026-08-07T11:38:01.046+02:00,2026-08-07T11:38:58.161+02:00
273,C000273,improved_dataset_1000_20260807_001,8,273,"[0,1,1,1,1,1,1,1,1,1,0,1,1,1,1,1,1,1,1,1,0,0,0,0,0,1,1,1,1,1,0,2,2,2,0,1,1,1,1,1,0,2,2,2,0,1,1,1,1,1,0,2,2,2,0,1,1,1,1,1,2,2,2,2,2,1,1,1,1,1,2,2,2,2,2,1,1,1,1,1,2,2,2,2,2,1,1,1,1,1,2,2,2,2,2,1,1,1,1,1,2,2,2,2,2,1,1,1,1,1,1,1,1,1,2,1,1,1,1,1,1,1,1,1,2,1,1,1,1,1,1,1,1,1,0,1,1,1,1,1,1,0,1,1,1,1,1,1,1,1,1,1,1,1,1,1,1,1,1,1,1,1,1,1,1,1,1,1,1,1,1,1,1,1,1,1,1,1,1,1]",74296be33e92ea40447b202930495fc8ee88f654a984721f5b82964168915d02,b038ed86cbb0170a5fa7b61bf338ce562d8f3cc45a635fb6a91f671ee4569018,improved_campaign_offspring,C000064,,3,rectangular_patch:medium,0.07222222222222222,"[110,111,112,113,120,121,122,123,130,131,132,133,140]",13,L-SEED,completed,valid,[],,0.9939216370947263,0.119883933042965,B6,2026-08-07T11:38:58.308+02:00,2026-08-07T11:38:58.308+02:00,2026-08-07T11:40:54.381+02:00
274,C000274,improved_dataset_1000_20260807_001,8,274,"[0,1,1,1,1,1,1,1,1,1,0,1,1,1,1,1,1,1,1,1,0,0,0,0,0,1,1,1,1,1,0,2,2,2,0,1,1,1,1,1,0,2,2,2,0,1,1,1,1,1,0,2,2,2,0,1,1,1,1,1,2,2,2,2,2,1,1,1,1,1,2,2,2,2,2,1,1,1,1,1,2,2,2,2,2,1,1,1,1,1,2,2,2,2,2,1,1,1,1,1,2,2,2,2,2,1,1,1,1,1,2,2,2,2,2,1,1,1,1,1,2,2,2,2,2,1,1,1,1,1,0,2,2,0,0,1,1,1,1,1,0,0,1,1,1,1,1,1,1,1,1,1,1,1,1,1,1,1,1,1,1,1,1,1,1,1,1,1,1,1,1,1,1,1,1,1,1,1,1,1]",3ecb27732b28d49bc3cfcae92280fe2145caada72a9c8b450dd01cdbe7a1d632,b0ae3e9eda9e1e585c72479cc970f8f787a9c05fe62cd64f42525029fe0bc3da,improved_campaign_offspring,C000064,,4,connected_region_repaint:small,0.005555555555555556,[130],1,L-SEED,completed,valid,[],,0.9934091303392352,0.1179338985170087,B6,2026-08-07T11:40:54.531+02:00,2026-08-07T11:40:54.531+02:00,2026-08-07T11:42:15.870+02:00
275,C000275,improved_dataset_1000_20260807_001,8,275,"[0,1,1,1,1,1,1,1,1,1,0,1,1,1,1,1,1,1,1,1,0,0,0,0,0,1,1,1,1,1,0,2,2,2,0,1,1,1,1,1,0,2,2,2,0,1,1,1,1,1,0,2,2,2,0,1,1,1,1,1,2,2,2,2,2,1,1,1,1,1,2,2,2,2,2,1,1,1,1,1,2,2,2,2,2,1,1,1,1,1,2,2,2,2,2,1,1,1,1,1,2,2,2,2,2,1,1,1,1,1,2,2,2,2,2,1,1,1,1,1,2,2,2,2,2,1,1,1,1,1,2,2,2,0,0,1,1,1,1,0,0,0,1,1,1,1,1,1,1,0,1,1,1,1,1,1,1,1,0,0,1,1,1,1,1,1,1,1,1,0,1,1,1,1,1,1,1,1,1,0]",6c92d133b1ee31d68b8f83d9cf99afe06fcd5e6e5f7d38d9888e03bf84e918bd,8102fc6f9eb16cbdcbde83a917aa77ab1184a4e38aa6498b27ddabc8e5123402,improved_campaign_offspring,C000064,,5,connected_region_repaint:medium,0.03333333333333333,"[139,149,158,159,169,179]",6,L-SEED,completed,valid,[],,0.9910302994094647,0.12368446264010316,B6,2026-08-07T11:42:16.025+02:00,2026-08-07T11:42:16.025+02:00,2026-08-07T11:44:25.776+02:00
276,C000276,improved_dataset_1000_20260807_001,8,276,"[2,1,1,1,1,1,1,1,1,1,2,1,1,1,1,1,1,1,1,1,2,2,2,0,0,1,1,1,1,1,2,0,2,2,0,1,1,1,1,1,2,0,0,0,0,1,1,1,1,1,2,2,0,0,0,0,1,1,1,1,0,0,0,0,0,1,1,1,1,1,0,0,0,0,0,0,1,1,1,1,0,0,1,1,0,1,1,1,1,1,0,1,1,1,1,1,1,1,1,1,1,1,1,1,1,1,1,1,1,1,1,1,1,1,1,1,1,1,1,1,2,2,0,0,0,0,1,0,1,1,2,2,2,0,0,0,0,0,1,1,0,0,0,0,0,0,0,0,0,1,0,0,0,0,0,0,0,0,0,1,0,0,0,0,0,0,0,0,1,1,0,0,0,0,0,0,0,0,1,1]",f5d67c4b2a2397c0656813b57cd61b304df6809ebc0b51f3b3b2d29a44f8b374,0cf2878959e4170c4dcf585a744725d80e2e3a65143a12774a29676d3d6f39fc,improved_campaign_offspring,C000156,,1,connected_region_repaint:medium,0.08333333333333333,"[60,61,62,63,64,70,71,72,73,74,75,80,81,84,90]",15,L-SEED,completed,valid,[],,0.6836175792090964,2.7653784522940157,B3,2026-08-07T11:44:26.064+02:00,2026-08-07T11:44:26.064+02:00,2026-08-07T11:47:09.881+02:00
277,C000277,improved_dataset_1000_20260807_001,8,277,"[2,1,1,1,1,1,1,1,1,1,2,1,1,1,1,1,1,1,1,1,2,2,2,0,0,1,1,1,1,1,2,0,2,2,0,1,1,1,1,1,2,0,0,0,0,1,1,1,1,1,2,2,0,0,0,0,1,1,1,1,1,1,1,1,1,1,1,1,1,1,1,1,1,1,1,1,1,1,1,0,1,1,1,1,1,1,1,1,1,0,1,1,1,1,1,1,1,1,0,0,1,1,1,0,0,1,1,1,1,0,1,1,1,0,1,1,1,1,1,0,2,2,0,0,0,0,1,0,1,1,2,2,2,0,0,0,0,0,1,1,0,0,0,0,0,0,0,0,0,1,0,0,0,0,0,0,0,0,0,1,0,0,0,0,0,0,0,0,1,1,0,0,0,0,0,0,0,0,1,1]",4c8825f2ae4017cfdd2469ed58cea244d81cf175d06238201f9eff8edd01c504,149f9ff77e7e43fe510914e138abfeb27aa5f75e31247d99ab6fcfd8d9f72f43,improved_campaign_offspring,C000219,,2,connected_region_repaint:medium,0.03333333333333333,"[79,89,98,99,109,119]",6,L-SEED,completed,valid,[],,0.6495587654643515,3.096897018205574,B3,2026-08-07T11:47:10.042+02:00,2026-08-07T11:47:10.042+02:00,2026-08-07T11:50:59.940+02:00
278,C000278,improved_dataset_1000_20260807_001,8,278,"[2,1,1,1,1,1,1,1,1,1,2,1,1,1,1,1,1,1,1,1,2,2,2,0,0,1,1,1,1,1,2,0,2,2,0,1,1,1,1,1,2,0,0,0,0,1,1,1,1,1,2,2,0,0,0,0,1,1,1,1,0,0,2,1,1,1,1,1,1,1,0,0,2,2,2,1,1,1,1,1,0,2,2,1,1,1,1,1,1,1,2,2,2,1,1,1,1,1,1,1,2,2,1,1,1,1,1,1,1,1,2,2,2,2,1,1,1,1,1,1,2,2,0,0,0,0,1,0,1,1,2,2,2,0,0,0,0,0,1,1,0,0,0,0,0,0,0,0,0,1,0,0,0,0,0,0,0,0,0,1,0,0,0,0,0,0,0,0,1,1,0,0,0,0,0,0,0,0,1,1]",8aa4e9fbf00b7510abe4caf3283d7bc57e41e2969d689067124736b04596c53f,3ea3959fc568a85c47b445a8130d405a963598b7a8dd3566da2e096edb6e2f69,improved_campaign_offspring,C000156,,3,boundary_growth:medium,0.08333333333333333,"[60,61,62,70,71,72,73,74,80,81,82,90,91,92,100,101,110,111,112,113]",20,L-SEED,completed,valid,[],,0.636292283274894,3.299717319920358,B3,2026-08-07T11:51:00.175+02:00,2026-08-07T11:51:00.175+02:00,2026-08-07T11:53:51.454+02:00
279,C000279,improved_dataset_1000_20260807_001,8,279,"[1,1,1,1,1,1,1,1,1,1,1,1,1,1,1,1,1,1,1,1,1,1,1,0,0,1,1,1,1,1,1,0,1,1,0,1,1,1,1,1,1,0,0,0,0,1,1,1,1,1,1,1,0,0,0,0,1,1,1,1,1,1,1,1,1,1,1,1,1,1,1,1,1,1,1,1,1,1,1,1,1,1,1,1,1,1,1,1,1,1,1,1,1,1,1,1,1,1,1,1,1,1,1,1,1,1,1,1,1,1,1,1,1,1,1,1,1,1,1,1,2,2,0,0,0,0,1,0,1,1,2,2,2,0,0,0,0,0,1,1,0,0,0,0,0,0,0,0,0,1,0,0,0,0,0,0,0,0,0,1,0,0,0,0,0,0,0,0,1,1,0,0,0,0,0,0,0,0,1,1]",9bda507d08c08919170eae0b490b38788ea04a5643397802f71c5cd10fb29451,67c5a3ff88d90e587272442d70b0c69f954831dea0b605ba297b61e911aea69c,improved_campaign_offspring,C000156,,4,connected_region_repaint:medium,0.07222222222222222,"[0,10,20,21,22,30,32,33,40,50,51]",11,L-SEED,completed,valid,[],,0.0005898102622811721,11.229786779703,B1,2026-08-07T11:53:51.602+02:00,2026-08-07T11:53:51.602+02:00,2026-08-07T11:56:35.589+02:00
280,C000280,improved_dataset_1000_20260807_001,8,280,"[0,0,0,0,0,2,2,0,2,0,0,0,0,0,2,2,2,2,2,2,0,0,0,0,2,2,2,2,2,0,0,2,2,2,2,2,2,2,2,0,0,2,0,2,0,2,2,2,0,0,0,2,2,2,0,0,2,2,2,0,2,2,0,2,0,0,0,2,2,0,2,2,0,0,0,0,0,0,2,0,2,0,0,0,0,0,0,0,0,0,2,2,0,0,0,0,0,0,0,0,2,2,0,2,0,0,0,0,0,0,2,2,2,2,2,0,0,0,0,0,2,2,2,2,2,0,0,0,0,0,2,2,2,0,0,2,2,0,0,0,0,0,2,2,2,2,2,2,2,2,2,2,2,2,2,2,2,2,0,2,2,2,2,2,0,2,2,2,2,2,2,2,2,2,2,2,1,1,2,2]",5dc875ed93ceb17a5ec2a1c7f9ebed7041e0527db597264b122e13c1ce1737ed,7e722207449cf0856ba64a677e30271fae121cd02ce9c28b274ba1a1a785704f,improved_campaign_offspring,C000097,,5,boundary_growth:small,0.016666666666666666,"[51,52,61]",3,L-SEED,completed,valid,[],,0.04903280696105739,9.575098175269005,B1,2026-08-07T11:56:35.741+02:00,2026-08-07T11:56:35.741+02:00,2026-08-07T11:59:47.906+02:00
281,C000281,improved_dataset_1000_20260807_001,8,281,"[2,2,2,2,2,2,2,2,0,0,0,2,2,2,2,2,2,2,2,0,0,2,2,2,2,2,2,2,2,0,0,2,2,2,0,2,2,2,2,2,0,2,2,0,0,2,2,2,2,2,0,2,2,2,0,0,0,2,2,0,0,2,2,2,2,0,0,2,2,2,0,0,2,2,0,0,0,0,0,2,0,0,0,0,0,0,0,2,2,2,0,0,0,0,0,0,0,0,2,2,0,0,0,0,0,0,0,0,0,0,0,0,0,0,0,0,0,0,0,0,0,0,0,0,0,0,0,0,0,0,0,0,0,0,0,0,0,0,0,0,0,0,0,0,0,0,0,0,0,0,0,0,0,0,0,0,0,0,0,0,0,1,1,0,0,0,0,1,0,1,0,0,1,0,0,0,0,1,1,1]",f83297b10496193e3e32c88293ee0ad611a998d43f7a9fe5ca94d9b179d5f769,0083e51ea76fa20f9c0a06bd25b68d4eeab6cf7ea4fdff33925aa8b5560fd7ac,improved_campaign_offspring,C000251,,1,boundary_growth:small,0.022222222222222223,"[53,63,64,73]",4,L-SEED,completed,valid,[],,0.07207239136041002,9.272385049116806,B1,2026-08-07T11:59:48.135+02:00,2026-08-07T11:59:48.135+02:00,2026-08-07T12:00:54.123+02:00
282,C000282,improved_dataset_1000_20260807_001,8,282,"[2,2,2,2,2,0,0,2,0,0,2,2,2,2,2,2,2,2,2,0,2,2,2,2,2,2,2,2,0,0,2,2,2,2,2,0,2,2,2,2,2,2,2,2,0,2,2,2,2,0,0,2,2,2,0,0,0,0,0,0,2,2,2,2,2,2,2,2,2,2,2,2,2,2,2,2,2,2,2,2,2,2,2,2,2,0,0,0,2,2,2,2,2,2,2,0,0,0,2,2,2,2,2,2,2,0,0,0,0,0,2,2,2,2,2,0,0,0,0,0,2,2,2,2,2,0,0,0,0,0,2,2,2,0,0,2,2,0,0,0,0,0,2,2,2,2,2,2,2,2,2,2,2,2,0,0,2,2,0,2,2,2,2,2,0,2,2,2,2,2,2,2,2,2,2,2,1,1,2,2]",849041a25f224c91cb6b8122ebb99f11c5a05433f4189a485816e170f6a9fe43,aca13f771f1dd4a44c03285f06b328d414e7f31d5657153b688e1e67dd073c77,improved_campaign_offspring,C000074,,2,boundary_growth:small,0.011111111111111112,"[154,155]",2,L-SEED,completed,valid,[],,0.05891362422997196,9.394722500815599,B1,2026-08-07T12:00:54.335+02:00,2026-08-07T12:00:54.335+02:00,2026-08-07T12:03:13.677+02:00
283,C000283,improved_dataset_1000_20260807_001,8,283,"[2,0,0,0,0,0,0,0,0,0,2,0,0,0,0,2,0,0,0,0,2,2,2,2,2,2,2,2,0,0,2,2,0,0,2,2,2,2,2,2,2,2,2,2,2,0,2,2,0,2,2,2,2,2,2,2,0,2,2,2,2,2,2,2,0,2,0,2,2,2,2,2,2,2,0,0,0,2,2,2,2,2,2,0,0,0,2,2,2,2,2,2,2,2,2,2,2,2,2,2,2,2,2,2,2,2,2,2,1,1,2,2,2,2,2,2,2,1,1,1,2,2,2,2,2,2,2,0,1,1,2,2,2,0,2,2,2,2,1,1,0,0,0,0,2,2,2,0,0,1,0,0,0,0,0,0,0,0,0,1,0,0,0,0,0,0,0,0,1,1,0,0,0,0,0,0,0,0,1,1]",454e889b438b293373a305dfeda70f35fae0e512f7d93bef1401ef3a808b8a03,95012159b246a1f6d30ff4555e6fc5cdad6b7e5227fb3d4533711b9cb8988c86,improved_campaign_offspring,C000072,,3,connected_region_repaint:small,0.011111111111111112,"[32,33]",2,L-SEED,completed,valid,[],,0.08157970100674583,9.162725768371226,B1,2026-08-07T12:03:13.830+02:00,2026-08-07T12:03:13.830+02:00,2026-08-07T12:05:10.503+02:00
284,C000284,improved_dataset_1000_20260807_001,8,284,"[2,2,2,2,2,2,0,0,0,0,0,2,2,2,2,2,0,0,0,0,0,2,2,2,2,2,0,0,0,0,0,2,2,2,0,2,0,0,0,2,0,2,2,2,0,2,2,2,2,2,0,2,2,2,2,2,2,2,2,0,2,2,2,2,2,2,2,2,2,2,2,0,2,0,2,2,2,2,2,2,2,0,2,2,2,2,0,2,2,2,2,2,2,2,2,2,0,0,2,2,2,2,2,2,2,2,0,0,1,1,2,2,2,2,2,0,1,1,1,1,2,0,2,2,2,2,1,1,1,1,2,2,2,2,2,1,1,1,1,1,2,2,1,1,1,1,1,1,1,1,1,1,1,1,1,1,1,1,1,1,1,1,1,1,1,1,1,1,1,1,1,1,1,1,1,1,1,1,1,1]",dd7a30bfd08d7c298f2708c2d093bdbc37152bc0c7c9017a2f8b177143d75cbb,8b946bf9ddcd2199a486ca207dfda543723409189f0f0a527c5e2629f7d8335f,improved_campaign_offspring,C000223,,4,rectangular_patch:medium,0.08333333333333333,"[6,7,9,16,17,18,19,26,27,28,29,36,37,38]",14,L-SEED,completed,valid,[],,0.08675482466328484,9.12098710751436,B1,2026-08-07T12:05:10.661+02:00,2026-08-07T12:05:10.661+02:00,2026-08-07T12:06:42.722+02:00
285,C000285,improved_dataset_1000_20260807_001,8,285,"[0,1,1,1,1,1,1,1,1,1,0,1,1,1,1,1,1,1,1,1,0,0,0,0,0,1,1,1,1,1,0,2,2,2,0,1,1,1,1,1,0,2,2,2,1,1,1,1,1,1,0,0,2,2,1,1,1,1,1,1,0,0,0,2,2,1,1,1,1,1,0,0,0,1,2,1,1,1,1,1,1,0,1,1,1,1,1,1,1,1,1,1,1,1,1,1,1,1,1,1,1,0,1,1,1,1,1,1,1,1,1,1,1,1,1,1,1,1,1,1,2,2,0,1,0,1,1,0,1,1,2,2,2,1,0,1,0,1,1,1,0,0,0,0,0,0,1,1,0,1,0,0,0,0,0,0,0,0,0,1,0,0,0,0,0,0,0,0,1,1,0,0,0,0,0,0,0,0,1,1]",ab25c9fff417037c281ee7f2afa285751c153322066f0259b0aff022dab7c966,ccc5162498b825f4f4041ad2cc9acf4283c2d543cd3711930e8bc0df089e4f44,improved_campaign_offspring,C000254,,5,connected_region_repaint:large,0.17777777777777778,"[44,54,55,65,73,75,80,82,83,84,85,90,91,92,93,94,95,100,102,103,104,105,110,111,112,113,114,115,123,125,133,135]",32,L-SEED,completed,valid,[],,0.6821972999397611,2.773814785089233,B3,2026-08-07T12:06:42.870+02:00,2026-08-07T12:06:42.870+02:00,2026-08-07T12:10:24.940+02:00
286,C000286,improved_dataset_1000_20260807_001,8,286,"[0,0,0,0,0,0,0,0,0,0,0,0,0,0,0,0,0,0,0,0,2,0,0,0,0,0,0,0,0,0,2,0,0,0,0,0,0,0,0,0,2,2,2,0,0,0,0,0,0,0,0,2,2,2,0,0,0,0,0,0,2,2,2,2,2,2,2,2,2,2,2,2,2,2,2,2,2,2,2,2,2,2,2,2,2,2,2,2,2,2,2,2,2,2,2,2,2,2,2,2,2,2,2,2,2,2,2,2,0,0,2,2,2,2,2,0,0,0,0,0,2,2,2,2,2,0,0,0,0,0,2,2,2,0,0,1,1,0,0,0,0,0,2,2,2,0,1,2,2,2,1,1,2,2,2,2,1,2,0,2,1,1,1,2,0,2,1,1,2,2,1,0,1,1,1,2,1,1,2,2]",46e597fb2b61d3e198fb49ce6153409f9f2c18596cf59532e8bc51d480b41632,c23057453bf97ffd8fa3c2903f3ab82a52468e367bce5104ba18b91138efd749,improved_campaign_offspring,C000226,,1,boundary_growth:large,0.18888888888888888,"[0,1,2,3,4,7,10,11,12,13,14,15,16,17,18,21,22,23,24,25,26,27,31,32,33,34,36,37,38,39,43,45,46,47,48]",35,L-SEED,completed,valid,[],,0.05715190113974267,9.420615696672092,B1,2026-08-07T12:10:25.311+02:00,2026-08-07T12:10:25.311+02:00,2026-08-07T12:12:18.113+02:00
287,C000287,improved_dataset_1000_20260807_001,8,287,"[2,2,2,2,2,0,0,2,0,0,2,2,2,2,2,2,2,2,2,0,2,2,2,2,2,2,2,0,0,0,0,0,0,0,2,0,2,0,0,0,0,0,0,0,0,2,2,2,2,0,0,0,0,0,0,0,0,0,0,0,0,2,1,0,1,1,1,1,0,0,2,2,1,1,1,1,1,0,1,1,2,2,2,1,1,1,1,1,1,1,2,1,1,1,1,1,1,1,1,1,1,1,1,1,1,1,1,0,0,0,2,1,1,0,1,0,0,0,0,0,2,2,1,1,1,0,0,0,0,0,2,1,1,0,0,1,1,0,0,0,0,0,1,1,1,0,1,2,2,2,1,1,1,1,1,1,1,2,0,2,1,1,1,1,0,0,1,1,2,2,1,1,1,1,1,1,1,1,2,2]",dc0b0149386d879f6d7947f152348a73b67f802121c360116c5250d511aa98f1,67690ea13d6a80b0c2febf4a73fafdba06507416f534b24fa65810b7969fb129,improved_campaign_offspring,C000196,,2,boundary_growth:small,0.005555555555555556,[165],1,L-SEED,completed,valid,[],,0.12820614422181534,8.660254048550756,B1,2026-08-07T12:12:18.259+02:00,2026-08-07T12:12:18.259+02:00,2026-08-07T12:24:49.810+02:00
288,C000288,improved_dataset_1000_20260807_001,8,288,"[2,2,2,2,2,0,0,2,0,0,2,2,2,2,2,2,2,2,2,0,2,2,2,2,2,2,2,0,0,1,1,1,1,1,2,0,2,0,0,1,1,1,1,1,1,2,2,2,2,1,1,1,1,1,1,1,1,1,1,1,1,2,1,1,1,1,1,1,1,1,2,2,1,1,1,1,1,0,1,1,2,2,2,1,1,1,1,1,1,1,2,1,1,1,1,1,1,1,1,1,1,1,1,1,1,1,1,0,0,0,2,1,1,0,1,0,0,0,0,0,2,2,1,1,1,0,0,0,0,0,2,1,1,0,0,1,1,0,0,0,0,0,1,1,1,0,1,2,2,2,1,1,1,1,1,1,1,2,0,2,1,1,1,1,0,1,1,1,2,2,1,1,1,1,1,1,1,1,2,2]",66e7e9564b63641340f70a553f80628d096ae3eab0dcd57631f498240d7549d5,ed2fb0267eb8602b2c6f70d65303566135b4c31e791f73996a3707cec10e71e6,improved_campaign_offspring,C000196,,3,connected_region_repaint:large,0.14444444444444443,"[29,30,31,32,33,39,40,41,42,43,44,49,50,51,52,53,54,55,56,57,58,59,60,63,68,69]",26,L-SEED,completed,valid,[],,0.17262969146364052,8.527552927831207,B1,2026-08-07T12:24:49.963+02:00,2026-08-07T12:24:49.963+02:00,2026-08-07T12:37:51.403+02:00
289,C000289,improved_dataset_1000_20260807_001,8,289,"[0,0,0,0,0,0,0,0,0,0,0,0,0,0,1,0,0,0,0,0,0,0,0,0,1,1,0,0,0,0,0,2,2,2,1,0,0,0,0,0,0,2,1,1,1,1,1,1,0,0,0,1,1,1,1,1,1,1,0,0,0,0,0,1,1,0,0,0,0,0,0,0,0,1,1,1,1,0,0,0,0,0,0,1,1,1,1,1,0,0,2,0,0,1,1,1,1,1,1,1,2,2,1,0,1,1,1,1,1,1,2,2,1,1,1,0,1,1,1,1,2,2,1,0,1,0,1,1,1,1,2,2,1,0,0,1,1,1,1,1,0,0,1,1,1,1,1,1,1,1,1,1,1,1,1,1,1,1,1,1,1,1,1,1,1,1,1,1,1,1,1,1,1,1,1,1,1,1,1,1]",b659e61f57c83af69ae37162b3e4dbadbd21ff6e5884cd5db165b5f0778c03e5,4afdcc201b64a763c0925b25e3527f8e22fc8692f51606a358df3c7f7daca955,improved_campaign_offspring,C000256,,4,connected_region_repaint:small,0.022222222222222223,"[14,24,25,34]",4,L-SEED,completed,valid,[],,0.405778779498487,6.461829377824869,B1,2026-08-07T12:37:51.629+02:00,2026-08-07T12:37:51.629+02:00,2026-08-07T12:39:26.003+02:00
290,C000290,improved_dataset_1000_20260807_001,8,290,"[2,2,2,2,2,0,0,2,0,1,2,2,2,2,2,2,2,2,2,1,2,2,2,2,2,2,2,1,1,1,0,0,0,0,2,0,2,1,1,1,0,0,0,0,0,2,2,2,2,1,0,0,0,0,0,0,0,0,1,1,0,2,1,0,1,1,1,1,1,1,2,2,1,1,1,1,1,0,1,1,2,2,2,1,1,1,1,1,1,1,2,1,1,1,1,1,1,1,1,1,1,1,1,1,1,1,1,0,0,0,2,1,1,0,1,0,0,0,0,0,2,2,1,1,1,0,0,0,0,0,2,1,1,0,0,1,1,0,0,0,0,0,1,1,1,0,1,2,2,2,1,1,1,1,1,1,1,2,0,2,1,1,1,1,0,1,1,1,2,2,1,1,1,1,1,1,1,1,2,2]",75f422cde8c01a71a3e6a4beb2ac86aa16b16e5477c243e991a77665d2a3ce43,151d077f75df61cc4eee3a89bc0c6c800ef3ef5bf383d60da7963d9c00b55ea4,improved_campaign_offspring,C000196,,5,connected_region_repaint:medium,0.07222222222222222,"[9,19,27,28,29,37,38,39,49,58,59,68,69]",13,L-SEED,completed,valid,[],,0.3539951029330022,7.505639781257529,B1,2026-08-07T12:39:26.221+02:00,2026-08-07T12:39:26.221+02:00,2026-08-07T12:53:04.784+02:00
291,C000291,improved_dataset_1000_20260807_001,8,291,"[2,2,2,2,2,2,2,2,0,0,2,2,2,2,2,2,0,0,0,0,2,2,2,2,2,0,0,0,0,2,2,2,2,2,0,0,2,2,2,2,2,2,2,2,0,0,0,0,0,0,2,2,2,2,2,0,0,0,0,0,0,2,2,2,2,0,0,0,0,0,0,0,2,0,0,0,0,0,0,0,0,0,0,0,0,0,0,0,0,0,0,0,0,0,0,0,0,0,2,0,0,0,0,0,0,0,0,0,2,2,0,0,0,0,0,0,0,0,0,2,0,0,0,0,0,0,0,0,0,2,0,0,0,0,0,0,0,0,0,2,0,0,0,0,0,0,0,0,2,0,0,0,0,0,0,0,0,0,2,2,0,1,1,0,0,0,0,1,2,1,0,0,1,0,0,0,0,1,1,1]",18d4c37b594037183c1652128272a9972f348bd4da094ef381786177df60c94f,b572cf55d4f6f436846851024f994a6a66b2333b5b3eadc345ef6072baa0b827,improved_campaign_offspring,C000261,,1,boundary_growth:medium,0.027777777777777776,"[10,20,30,40,50]",5,L-SEED,completed,valid,[],,0.08365333451231881,9.130610750659148,B1,2026-08-07T12:53:05.017+02:00,2026-08-07T12:53:05.017+02:00,2026-08-07T12:54:13.576+02:00
292,C000292,improved_dataset_1000_20260807_001,8,292,"[2,2,2,2,2,2,2,2,0,0,0,2,2,2,2,2,2,2,2,0,0,2,2,2,2,2,0,0,0,0,0,2,2,2,0,0,0,0,0,0,0,2,2,2,0,0,0,0,0,0,0,0,2,0,0,0,0,0,0,0,0,0,0,0,0,0,0,0,0,0,0,0,0,0,0,0,0,0,0,0,0,0,0,0,0,0,0,0,0,0,0,0,0,0,0,0,0,0,0,0,2,2,0,0,0,0,0,0,0,0,2,2,2,2,2,0,0,0,0,0,2,0,2,2,2,2,0,0,0,0,2,2,2,2,2,0,0,0,0,0,2,2,1,0,0,0,0,0,0,0,1,1,1,1,1,1,1,0,0,1,1,1,1,1,1,1,1,1,1,1,1,1,1,1,1,1,1,1,1,1]",3367437df9242bf4c131ec92ae6107b356e6bc6eae8a3586029ce5cb15c2d6d7,214bd5b5adff073e5b52e3bbdcef320d5d051f1af5ec8673b336b0e7fe4f113a,improved_campaign_offspring,C000042,,2,connected_region_repaint:medium,0.06111111111111111,"[51,53,54,60,61,62,63,64,65,66,70,72,74,80,82,83]",16,L-SEED,completed,valid,[],,0.09112486804058559,9.05721735079169,B1,2026-08-07T12:54:13.720+02:00,2026-08-07T12:54:13.720+02:00,2026-08-07T12:55:09.874+02:00
293,C000293,improved_dataset_1000_20260807_001,8,293,"[2,1,1,1,1,1,1,1,1,1,2,1,1,1,1,1,1,1,1,1,2,2,2,2,2,1,1,1,0,0,2,2,2,2,2,1,1,1,1,1,2,2,2,2,2,1,1,1,1,1,2,2,2,2,2,2,1,1,1,1,2,2,2,2,2,2,1,1,1,1,2,2,2,2,2,2,1,1,1,1,2,2,2,2,2,2,1,1,1,1,2,2,2,2,2,2,1,1,1,1,2,2,2,2,2,2,1,1,1,1,2,2,2,2,2,2,1,1,1,1,0,0,2,2,2,2,1,0,1,1,2,2,2,0,2,2,2,2,1,1,0,0,0,0,2,2,2,0,0,1,0,0,0,0,0,0,0,0,0,1,0,0,0,0,0,0,0,0,1,1,0,0,0,0,0,0,0,0,1,1]",e8b28868bc9ed0d66a13ed0d5e415ec6aa812752f1718fdfe2ba3dafced1a73d,5571f343899f4c870eb502b9be706aca276118270dbc8943246c24bd364eaca4,improved_campaign_offspring,C000141,,3,connected_region_repaint:small,0.011111111111111112,"[120,121]",2,L-SEED,completed,valid,[],,0.620092169370193,3.5141883418077056,B3,2026-08-07T12:55:10.093+02:00,2026-08-07T12:55:10.093+02:00,2026-08-07T12:57:50.635+02:00
294,C000294,improved_dataset_1000_20260807_001,8,294,"[0,0,0,0,0,0,0,0,0,0,0,0,0,0,0,0,0,0,0,0,0,0,0,0,0,0,0,0,0,0,0,2,2,2,0,0,0,0,0,0,0,2,2,2,0,0,0,0,0,0,0,2,2,2,0,0,0,0,0,0,2,2,2,2,2,2,2,2,2,2,2,2,2,2,2,2,2,2,2,2,2,2,2,2,2,2,2,2,2,2,2,2,2,2,2,2,2,2,2,2,2,2,2,2,2,2,2,2,0,0,2,0,2,2,2,2,2,0,2,2,2,0,2,2,2,0,2,2,2,0,2,0,0,0,0,0,0,2,2,0,0,0,0,0,0,0,0,2,0,0,0,0,0,0,0,0,0,0,0,0,0,0,0,0,0,0,0,0,0,0,0,0,0,0,0,0,1,1,0,0]",252b6ada5c83d538f394b10fe534aa27b259a2b6f5f6d4f9d89ee9d8a5be7f75,141d07ed5403abcf7f6ee4ff86d06f750de42cec6a1ed7c6f8b1b62da42b76a8,improved_campaign_offspring,C000142,,4,boundary_growth:small,0.011111111111111112,"[118,119]",2,L-SEED,completed,valid,[],,0.049604290270738746,9.558699846929409,B1,2026-08-07T12:57:50.848+02:00,2026-08-07T12:57:50.848+02:00,2026-08-07T12:58:54.973+02:00
295,C000295,improved_dataset_1000_20260807_001,8,295,"[2,0,0,0,0,0,0,0,0,0,2,0,0,0,0,0,0,0,0,0,2,2,2,2,2,0,0,0,0,0,2,0,2,2,2,0,0,0,0,0,2,0,2,2,2,0,0,0,0,0,2,2,2,2,0,0,0,0,0,0,2,2,2,2,2,0,0,0,0,0,2,2,2,0,0,0,0,0,0,0,2,2,2,2,0,0,0,0,0,0,2,2,2,2,0,0,0,0,0,0,2,2,2,0,0,0,0,0,0,0,2,2,0,0,0,0,0,0,0,0,2,2,0,0,0,2,0,0,0,2,2,2,2,2,2,2,2,2,2,2,0,0,0,2,2,2,2,0,0,0,0,0,0,0,0,0,0,0,0,0,0,0,0,0,0,0,0,0,0,0,0,0,0,0,0,0,0,0,0,0]",870a971a217949ab4515df6e4e669bf1591f0f2e52a5c0340c9fe6b65ded8c74,c08abbabae0543540041797ef04cc5b8160c36f93c3caea5cc74f1a11fc87000,improved_campaign_offspring,C000203,,5,rectangular_patch:small,0.022222222222222223,"[133,134,143,144]",4,L-SEED,completed,valid,[],,0.06903266605371589,9.351600496227782,B1,2026-08-07T12:58:55.129+02:00,2026-08-07T12:58:55.129+02:00,2026-08-07T12:59:57.386+02:00
296,C000296,improved_dataset_1000_20260807_001,8,296,"[0,0,0,0,0,0,0,0,0,0,0,0,0,0,0,0,0,0,0,0,0,0,0,0,0,0,0,0,0,0,0,2,2,2,0,2,0,0,0,0,0,2,2,2,0,2,0,0,0,0,0,2,2,0,2,2,0,0,0,0,2,2,0,2,2,2,2,2,2,2,2,2,0,0,2,2,2,2,2,2,0,0,0,0,0,2,2,2,2,2,0,0,0,0,0,2,2,2,2,2,0,0,0,0,2,2,2,2,0,0,0,0,0,0,0,0,0,0,0,0,0,0,0,0,0,0,0,0,0,0,0,0,0,0,0,0,0,0,0,0,0,0,0,0,0,0,0,0,0,0,0,0,0,0,0,0,0,0,0,0,0,0,0,0,0,0,0,0,0,0,0,0,0,0,0,0,1,1,0,0]",26e865bc6f50532768e8bea5acc5caf5be36c5e47acbe56a8336e83db7c8e153,9e0e94d80e9f07d060b35efba0a86daca085da2f18f2469d5bdc39099f75040a,improved_campaign_offspring,C000176,,1,boundary_growth:small,0.011111111111111112,"[70,71]",2,L-SEED,completed,valid,[],,0.04915340701367134,9.547862363616172,B1,2026-08-07T12:59:57.614+02:00,2026-08-07T12:59:57.614+02:00,2026-08-07T13:00:49.312+02:00
297,C000297,improved_dataset_1000_20260807_001,8,297,"[2,2,2,2,2,0,0,0,0,0,0,2,2,2,0,0,0,0,0,0,0,2,2,2,0,0,0,0,0,0,0,2,2,2,0,0,0,2,2,2,0,0,0,0,0,2,2,2,2,2,0,0,0,2,2,2,2,2,0,0,0,0,0,0,0,2,2,2,0,2,0,0,0,0,0,0,0,2,0,2,0,0,0,0,0,0,0,0,0,2,2,2,2,2,0,0,0,0,2,2,2,0,2,2,2,2,2,2,1,1,0,2,2,2,2,2,2,1,1,1,2,2,0,2,2,2,2,2,1,1,2,2,2,2,2,2,2,2,1,1,0,0,2,2,1,1,2,2,1,1,0,0,1,0,1,1,2,1,1,1,0,1,1,1,1,1,1,1,1,1,1,1,1,1,1,1,1,1,1,1]",605278f83e468200d486581bbbaac469ca28bd497bd0f74d311bad2096e781ee,bb0506ba052738c4baa347498f73490a53a0fcb64d056cad00ef776c8263cf5d,improved_campaign_offspring,C000206,,2,boundary_growth:small,0.022222222222222223,"[7,16,17,18]",4,L-SEED,completed,valid,[],,0.08198281617912259,9.179299964217696,B1,2026-08-07T13:00:49.463+02:00,2026-08-07T13:00:49.463+02:00,2026-08-07T13:02:38.629+02:00
298,C000298,improved_dataset_1000_20260807_001,8,298,"[2,2,2,2,2,2,2,2,0,0,0,2,2,2,2,2,1,2,1,0,0,2,2,2,2,2,1,1,1,1,0,2,2,2,0,2,2,1,0,1,0,2,2,2,0,1,1,1,1,1,0,2,2,2,2,2,2,1,1,0,0,2,2,2,2,2,2,1,1,2,0,1,2,0,0,1,1,1,1,2,1,1,0,0,0,0,1,1,1,2,1,1,1,1,0,0,1,1,2,2,1,1,1,1,1,1,1,1,1,1,1,1,1,1,1,1,1,1,1,1,1,1,0,1,1,1,1,1,1,1,1,1,1,1,1,1,1,1,1,1,1,1,1,1,1,1,1,1,1,1,1,1,1,0,1,1,1,1,1,1,1,1,1,1,1,1,1,1,1,1,1,1,1,1,1,1,1,1,1,1]",bd6966122695e9def2e7a71e40bf6602679934c68a4d8b11828596c10e9649dc,88f7962e979abbee6c81eb49f51d572add3104939281a5e9e337757eac1178d9,improved_campaign_offspring,C000236,,3,connected_region_repaint:large,0.12777777777777777,"[16,18,26,27,28,29,37,38,39,45,46,47,48,49,57,58,67,68,75,76,77,78,85,87,88,95]",26,L-SEED,completed,valid,[],,0.40177877887663305,5.859143725305888,B1,2026-08-07T13:02:38.841+02:00,2026-08-07T13:02:38.841+02:00,2026-08-07T13:06:16.820+02:00
299,C000299,improved_dataset_1000_20260807_001,8,299,"[0,0,0,0,0,0,0,0,0,0,0,0,0,0,0,0,0,0,2,0,0,0,0,0,2,0,0,2,2,0,0,0,0,0,2,0,2,2,2,0,0,2,0,2,2,2,2,2,2,0,0,2,2,2,2,2,2,2,2,0,0,2,2,2,0,2,2,2,2,0,0,2,0,0,0,0,1,1,2,2,0,0,0,0,0,0,1,1,2,2,0,0,0,0,0,0,1,1,1,1,2,0,0,0,0,0,1,1,1,1,2,2,0,0,0,0,1,1,1,1,2,2,2,2,0,0,1,0,1,1,2,2,2,2,0,0,2,2,1,1,0,0,0,2,2,2,0,2,0,1,0,0,0,2,0,0,0,2,2,1,0,0,0,0,0,0,0,2,1,1,0,0,0,0,0,0,0,2,1,1]",d50e466fd08fa05936796e231850426e1538a2eb39ad05d23ac57ee7d227af27,8074a3410674f31875cbd18d3af270d249aa82c6ee92a12a1d667aa2d507df41,improved_campaign_offspring,C000266,,4,boundary_growth:small,0.005555555555555556,[111],1,L-SEED,completed,valid,[],,0.10577551435789553,8.881303584858323,B1,2026-08-07T13:06:16.970+02:00,2026-08-07T13:06:16.970+02:00,2026-08-07T13:08:42.763+02:00
300,C000300,improved_dataset_1000_20260807_001,8,300,"[0,0,0,0,0,0,0,0,0,0,0,0,0,0,0,0,0,0,0,0,0,0,0,0,0,0,0,0,0,0,0,0,0,0,0,0,0,0,0,0,0,0,0,0,0,0,0,0,0,0,0,2,0,0,0,0,0,0,0,0,2,2,2,0,0,0,0,0,0,0,2,2,2,0,2,2,0,0,0,0,2,2,2,2,2,2,2,0,0,0,2,2,2,2,2,0,0,0,0,0,2,2,0,0,2,2,2,2,0,0,2,0,0,0,2,0,0,0,0,0,2,2,0,0,0,0,0,0,0,0,2,0,0,0,0,0,0,0,0,0,0,0,0,0,0,0,0,0,2,2,0,0,0,0,0,0,0,0,0,2,0,0,0,0,0,0,0,0,0,2,0,0,0,0,0,0,1,2,2,2]",75438854e2ee79e61f6466c1997008d45cf86778a1e96533901e59d673eda859,07d511a7b9e839145bb4fe85c7e2ecefdee1210742926ee571e6ac82c25651d7,improved_campaign_offspring,C000209,,5,connected_region_repaint:medium,0.07777777777777778,"[20,30,31,32,33,40,41,42,43,50,52,53,63,73]",14,L-SEED,completed,valid,[],,0.0513319825132323,9.515468246806158,B1,2026-08-07T13:08:42.969+02:00,2026-08-07T13:08:42.969+02:00,2026-08-07T13:09:44.329+02:00
301,C000301,improved_dataset_1000_20260807_001,9,301,"[0,1,1,1,1,1,1,1,1,1,0,1,1,1,1,1,1,1,1,1,0,0,0,0,0,1,1,1,1,1,0,2,2,2,0,1,1,1,1,1,0,2,2,2,0,1,1,1,1,1,0,2,2,2,0,1,1,1,1,1,2,2,2,2,2,1,1,1,1,1,2,2,2,2,2,1,1,1,1,1,2,2,2,2,2,1,1,1,1,1,2,2,2,2,2,1,1,1,1,1,2,2,2,2,2,1,1,1,1,1,2,2,2,2,2,1,1,1,1,1,2,2,2,2,2,1,1,1,1,1,0,0,0,0,0,1,1,1,1,1,0,0,0,0,0,1,1,1,1,1,1,0,0,0,0,1,1,1,1,1,1,0,0,0,0,1,1,1,1,1,1,1,1,1,1,1,1,1,1,1]",df89095c3540532fa7b5cbc1f14fd16a5dbf8c759e98da3cca96e4d697da7525,b49eab9dc3a65da69d6228d87f1a51129072c7550e566ffca1cc9f28bb1cf9e4,improved_campaign_offspring,C000274,,1,rectangular_patch:large,0.08888888888888889,"[131,132,142,143,144,151,152,153,154,161,162,163,164]",13,L-SEED,completed,valid,[],,0.9298954953276279,0.1251270087267737,B6,2026-08-07T13:09:44.669+02:00,2026-08-07T13:09:44.669+02:00,2026-08-07T13:11:12.942+02:00
302,C000302,improved_dataset_1000_20260807_001,9,302,"[0,0,0,0,0,2,2,0,2,0,0,0,0,0,0,0,2,2,2,2,0,0,0,0,0,2,2,2,2,0,0,0,0,0,0,2,2,2,0,0,0,0,0,0,0,0,2,2,2,2,0,0,0,0,0,0,2,0,2,2,0,0,0,0,0,0,2,2,2,1,0,0,0,0,0,0,2,1,1,1,0,0,0,0,0,0,2,2,1,1,0,0,0,0,0,0,1,1,1,1,0,0,0,0,0,0,1,1,1,1,0,0,0,0,0,0,1,1,1,1,0,0,0,0,0,0,1,1,1,1,0,0,0,0,0,1,1,1,1,1,0,0,1,1,1,1,1,1,1,1,1,1,1,1,1,1,1,1,1,1,1,1,1,1,1,1,1,1,1,1,1,1,1,1,1,1,1,1,1,1]",d688d98a5049b3d1aaca7af216ca4995cd0a3cc75d0387f31f161f2d150a7f21,000914f5594bf681013479639b409b077ec282c60d0db6ec97cceda1d5ccaf52,improved_campaign_offspring,C000006,,2,boundary_growth:medium,0.05,"[31,32,33,41,43]",5,L-SEED,completed,valid,[],,0.07627575396753372,9.334466924943706,B1,2026-08-07T13:11:13.098+02:00,2026-08-07T13:11:13.098+02:00,2026-08-07T13:12:17.135+02:00
303,C000303,improved_dataset_1000_20260807_001,9,303,"[2,2,2,2,2,2,2,1,1,0,2,2,2,2,2,2,1,1,1,0,2,2,2,2,2,1,1,1,1,0,0,0,2,2,2,1,1,1,1,1,0,0,0,0,2,1,1,1,1,1,0,0,0,0,2,0,1,1,1,1,0,0,0,0,0,0,1,1,1,1,0,0,0,0,0,0,1,1,1,1,0,0,0,0,0,0,1,1,1,1,0,0,0,0,0,0,1,1,1,1,0,0,0,0,0,0,1,1,1,1,0,0,0,0,0,0,1,1,1,1,0,0,0,0,0,0,1,0,1,1,0,0,0,0,0,0,0,0,1,1,0,0,0,0,0,0,0,0,0,1,0,0,0,0,0,0,0,0,0,1,0,0,0,0,0,0,0,0,1,1,0,0,0,0,0,0,0,0,1,1]",100186b51cd58aefedf29e234054ebd43f671ac132e107f94155c967ac97c4ae,f4211019a0aadb08309097bfa9e607f118e0a50c17cb10ff36019b230efe08f1,improved_campaign_offspring,C000245,,3,boundary_growth:medium,0.06111111111111111,"[1,2,3,4,5,6,11,12,13,14,15]",11,L-SEED,completed,valid,[],,0.5921430823095581,3.9647296606785445,B2,2026-08-07T13:12:17.286+02:00,2026-08-07T13:12:17.286+02:00,2026-08-07T13:13:23.873+02:00
304,C000304,improved_dataset_1000_20260807_001,9,304,"[0,0,0,0,0,0,0,1,1,1,0,0,0,0,0,0,1,1,1,1,0,0,0,0,0,0,1,1,1,1,0,2,2,2,0,1,1,1,1,1,0,2,2,2,0,1,1,1,1,1,0,2,2,2,0,1,1,1,1,1,2,2,2,2,2,1,1,1,1,1,2,2,2,2,2,1,1,1,1,1,2,2,2,2,2,1,1,1,1,1,2,2,2,2,2,1,1,1,1,1,2,2,2,2,2,1,1,1,1,1,2,2,2,2,2,1,1,1,1,1,2,2,2,2,2,1,1,1,1,1,0,2,2,0,0,1,1,1,1,1,0,0,1,1,1,1,1,1,1,1,1,1,1,1,1,1,1,1,1,1,1,1,1,1,1,1,1,1,1,1,1,1,1,1,1,1,1,1,1,1]",e5166db196de86602f0eeeeb61fdf72f44a2b46eda46ecaaf8c0eed8b01a6251,3e8576602be6b3a54f95ed01be8e992dbd45de0051f8ebdbf42672e939dabcae,improved_campaign_offspring,C000274,,4,connected_region_repaint:medium,0.044444444444444446,"[1,2,3,4,5,6,11,12,13,14,15,25]",12,L-SEED,completed,valid,[],,0.7616943860201429,2.032674281549573,B4,2026-08-07T13:13:24.030+02:00,2026-08-07T13:13:24.030+02:00,2026-08-07T13:14:28.544+02:00
305,C000305,improved_dataset_1000_20260807_001,9,305,"[2,2,2,2,0,2,0,0,0,0,2,2,2,2,2,2,2,0,0,0,2,2,2,2,2,2,2,2,2,2,2,2,2,2,2,2,2,0,0,0,0,0,0,0,0,0,0,0,0,0,0,0,0,0,0,0,0,0,0,0,0,0,0,0,0,0,0,0,0,0,0,0,0,0,0,0,0,0,0,0,0,0,0,0,0,0,0,0,0,0,2,0,0,0,0,2,1,1,1,0,2,2,2,0,2,2,2,2,1,1,2,2,2,0,2,0,1,1,1,1,2,2,2,0,2,0,1,1,1,1,2,2,2,0,0,1,1,1,1,1,0,0,1,1,1,1,1,1,1,1,1,1,1,1,1,1,1,1,1,1,1,1,1,1,1,1,1,1,1,1,1,1,1,1,1,1,1,1,1,1]",1e7717ff6bb6ba708909e4501da9cf396d2daf4c895327f4a39d59bdc17e8c7c,f533636b5fa6a4f3b51d82c5ffb36c11b0a5ef5e855a485e5c5b38b1c80dc3b2,improved_campaign_offspring,C000002,,5,connected_region_repaint:small,0.011111111111111112,"[113,123]",2,L-SEED,completed,valid,[],,0.12162987296499905,8.72287639112624,B1,2026-08-07T13:14:28.696+02:00,2026-08-07T13:14:28.696+02:00,2026-08-07T13:15:27.964+02:00
306,C000306,improved_dataset_1000_20260807_001,9,306,"[0,0,0,0,0,2,2,0,2,0,0,0,0,0,2,2,2,2,2,2,0,0,0,0,2,2,2,2,2,0,0,2,2,2,2,2,2,2,2,0,0,2,0,2,0,2,2,2,0,0,0,2,2,2,0,0,2,2,2,0,2,2,0,2,0,0,0,2,2,0,2,2,0,0,0,0,0,0,2,0,2,0,0,0,0,0,0,0,0,0,2,2,0,0,0,0,0,0,0,0,2,2,0,2,0,0,0,0,0,0,2,2,2,2,2,0,0,0,0,0,2,2,2,2,2,0,0,0,0,0,2,2,2,0,0,2,2,0,0,0,0,0,2,2,2,2,2,2,2,2,2,2,2,2,2,2,2,2,0,2,2,2,2,2,2,2,2,2,2,2,2,2,2,2,2,2,1,1,2,2]",8ebe177462ccf416ff7672decb13d62167da4b1653cc201b3f9e93fb5a5a4407,5fa19eaef925c636d5bcc56ea2cf9e01d00a0530e460776e86a2c3c9fa3d1da7,improved_campaign_offspring,C000280,,1,boundary_growth:small,0.022222222222222223,[164],1,L-SEED,completed,valid,[],,0.04936522638825403,9.560101676871172,B1,2026-08-07T13:15:28.222+02:00,2026-08-07T13:15:28.222+02:00,2026-08-07T13:17:55.877+02:00
307,C000307,improved_dataset_1000_20260807_001,9,307,"[2,2,2,0,0,0,0,0,0,0,0,0,2,2,0,0,0,0,2,0,0,2,2,2,2,2,0,2,2,0,0,2,2,2,2,2,2,2,2,2,0,2,0,2,2,2,2,0,2,2,2,2,0,2,2,0,2,2,2,2,0,2,0,2,2,2,2,2,2,2,2,2,2,2,2,2,2,2,2,2,1,2,2,2,2,0,2,2,2,2,1,1,2,2,2,2,2,2,2,2,1,1,0,1,2,2,2,2,2,2,1,1,1,1,1,2,2,2,2,2,1,1,1,1,1,2,2,2,2,2,1,1,1,0,0,1,2,2,2,2,0,0,1,1,1,1,2,2,2,2,0,0,1,1,1,1,2,2,0,2,1,1,1,1,0,1,2,2,2,2,1,1,2,2,2,2,1,1,2,2]",24774ceba1df147a854b74b441be98e1d75fb0a9a75d1b1fd4df56bb6326c981,8003d42ed50dec267f0060fb5daa9a13109a339a5a59448880de1b5b5845f474,improved_campaign_offspring,C000126,,2,connected_region_repaint:medium,0.03333333333333333,"[0,1,2,12,21,22]",6,L-SEED,completed,valid,[],,0.0418496875457435,9.614405554258548,B1,2026-08-07T13:17:56.026+02:00,2026-08-07T13:17:56.026+02:00,2026-08-07T13:21:36.679+02:00
308,C000308,improved_dataset_1000_20260807_001,9,308,"[2,1,1,1,1,1,1,1,1,1,2,1,1,1,1,1,1,1,1,1,2,2,2,0,0,1,1,1,1,1,2,0,2,2,0,1,1,1,1,1,2,0,0,0,0,1,1,1,1,1,2,2,0,0,0,0,0,1,1,1,1,1,1,1,1,1,0,1,1,1,1,1,1,1,1,1,1,1,1,1,1,1,1,1,1,1,1,1,1,1,1,1,1,1,1,1,1,1,1,1,1,1,1,0,0,1,1,1,1,1,1,1,1,0,1,1,1,1,1,1,2,2,0,0,0,0,1,0,1,1,2,2,2,0,0,0,0,0,1,1,0,0,0,0,0,0,0,0,0,1,0,0,0,0,0,0,0,0,0,1,0,0,0,0,0,0,0,0,1,1,0,0,0,0,0,0,0,0,1,1]",e391d6a8da3b24782cb47bc7f216c710e60fef338c0cf449b6f91d24deaac141,7c91cfcda9cf1f23cdc138572885bab3f2db3eaae67f3ef834dc2d98af6553e5,improved_campaign_offspring,C000219,,3,connected_region_repaint:small,0.011111111111111112,"[56,66]",2,L-SEED,completed,valid,[],,0.6458233035780256,3.121774104256323,B3,2026-08-07T13:21:36.834+02:00,2026-08-07T13:21:36.834+02:00,2026-08-07T13:24:30.438+02:00
309,C000309,improved_dataset_1000_20260807_001,9,309,"[2,1,1,1,1,1,1,1,1,1,2,1,1,1,1,1,1,1,1,1,2,2,2,0,0,1,1,1,1,1,2,0,2,2,0,1,1,1,1,1,2,0,0,0,0,1,1,1,1,1,2,2,0,0,0,0,1,1,1,1,1,1,1,1,1,1,1,1,1,1,1,1,1,1,1,1,1,1,1,1,1,1,1,1,1,1,0,0,0,1,1,1,1,1,1,1,1,1,1,1,1,1,1,0,0,1,1,1,1,1,1,1,1,0,1,1,1,1,1,1,2,2,0,0,0,0,1,0,1,1,2,2,2,0,0,0,0,0,1,1,0,0,0,0,0,0,0,0,0,1,0,0,0,0,0,0,0,0,0,1,0,0,0,0,0,0,0,0,1,1,0,0,0,0,0,0,0,0,1,1]",0915d3acab876281634b18d67672459d6763bfe8f75d087f301b55b7e49d957c,f552f04b2348b5510b594c88a59f0d1ff1fd7b110790daf84ff962c9e589cabf,improved_campaign_offspring,C000219,,4,connected_region_repaint:small,0.016666666666666666,"[86,87,88]",3,L-SEED,completed,valid,[],,0.6540553360361872,3.047492526515752,B3,2026-08-07T13:24:30.597+02:00,2026-08-07T13:24:30.597+02:00,2026-08-07T13:28:07.572+02:00
310,C000310,improved_dataset_1000_20260807_001,9,310,"[0,0,0,0,0,0,0,0,0,0,0,0,0,0,0,0,0,0,0,0,0,0,0,0,0,0,0,0,0,0,0,0,0,0,0,0,0,0,0,0,0,0,0,0,0,0,0,0,0,0,0,0,0,0,0,0,0,0,0,0,0,0,0,2,2,2,2,2,2,2,2,2,2,2,2,2,2,2,2,2,2,2,2,2,2,2,2,2,2,2,2,2,2,2,2,2,2,0,0,2,2,2,2,2,2,2,2,0,0,0,2,2,2,2,2,0,0,0,0,0,2,2,2,2,2,0,0,0,0,0,2,2,2,0,0,2,2,0,0,0,0,0,2,2,2,2,2,2,2,2,2,2,2,2,2,2,2,2,0,2,2,2,2,2,0,2,2,2,2,2,2,2,2,2,2,2,1,1,2,2]",415126a5a8aac310f632d9374862deef73afae3f355c0381d21cc1ea098b8f37,0434dfcc583a7ef2b2533bfde8226ce36e2fd2a579dc716eaf6650a0ba33287e,improved_campaign_offspring,C000096,,5,boundary_growth:small,0.016666666666666666,"[97,98,107]",3,L-SEED,completed,valid,[],,0.042520826958984174,9.631179204682633,B1,2026-08-07T13:28:07.788+02:00,2026-08-07T13:28:07.788+02:00,2026-08-07T13:29:13.451+02:00
311,C000311,improved_dataset_1000_20260807_001,9,311,"[2,2,2,2,2,2,0,0,0,0,0,2,2,2,2,2,0,0,0,0,0,2,2,2,2,2,0,0,0,0,0,2,2,2,0,2,0,0,0,2,0,2,2,2,0,2,2,2,2,2,0,2,2,2,2,2,2,2,2,0,0,2,2,2,2,2,2,2,2,2,2,0,2,0,2,2,2,2,2,2,2,0,2,2,2,2,0,2,2,2,2,2,2,2,2,2,0,0,2,2,2,2,2,2,2,2,0,0,1,1,2,2,2,2,2,0,1,1,1,1,2,0,2,2,2,2,1,1,1,1,2,2,2,2,2,1,1,1,1,1,2,2,1,1,1,1,1,1,1,1,1,1,1,1,1,1,1,1,1,1,1,1,1,1,1,1,1,1,1,1,1,1,1,1,1,1,1,1,1,1]",e5de975e1d2bb9949636f86313daa130f999011a2bf4a76e1c7070d6d807706f,790bd1164ed0750e1070038146318873b99f5e9045f5c368dc69b3420676ba40,improved_campaign_offspring,C000284,,1,boundary_growth:small,0.005555555555555556,[60],1,L-SEED,completed,valid,[],,0.08735118940848587,9.110969109129911,B1,2026-08-07T13:29:13.680+02:00,2026-08-07T13:29:13.680+02:00,2026-08-07T13:31:19.650+02:00
312,C000312,improved_dataset_1000_20260807_001,9,312,"[2,2,2,2,2,0,0,2,0,0,2,2,2,2,2,2,2,2,2,0,2,2,2,2,2,2,2,2,0,0,2,2,0,0,0,0,0,2,2,2,2,2,0,0,0,0,0,2,2,0,0,2,0,0,0,0,0,0,0,0,2,2,0,0,0,0,0,0,0,0,2,2,0,0,0,0,0,0,0,0,2,2,2,0,0,0,0,0,0,0,2,0,0,0,0,0,0,0,0,0,0,0,0,0,0,0,0,2,2,0,2,0,0,0,2,0,0,2,2,0,2,2,0,0,2,0,2,2,2,0,2,0,0,2,2,2,2,2,2,0,0,0,0,2,2,2,2,2,2,2,0,0,0,2,2,2,2,2,0,2,0,0,2,2,0,0,0,0,2,2,0,0,0,2,0,0,0,0,2,2]",04e5380081c35c6f36edce8edb131f7b830a21ee708acbc14619dd1f690d620a,22e9d59a23481f37f9c08659a923736d65794f639820d5fc1e889398abc83329,improved_campaign_offspring,C000162,,2,connected_region_repaint:small,0.016666666666666666,"[162,163,173]",3,L-SEED,completed,valid,[],,0.06210750269501568,9.36355669977392,B1,2026-08-07T13:31:19.800+02:00,2026-08-07T13:31:19.800+02:00,2026-08-07T13:33:49.580+02:00
313,C000313,improved_dataset_1000_20260807_001,9,313,"[0,1,1,1,1,1,1,1,1,1,0,1,1,1,1,1,1,1,1,1,0,0,0,0,0,1,1,1,1,1,0,2,2,2,0,1,1,1,1,1,0,2,2,2,1,1,1,1,1,1,0,0,2,2,1,1,1,1,1,1,0,0,0,2,2,1,1,1,1,1,0,0,0,1,2,1,1,1,1,1,1,0,1,1,1,1,1,1,1,1,1,1,1,1,1,1,1,1,1,1,1,0,1,1,1,1,1,1,1,1,1,1,1,1,1,1,1,1,1,1,2,2,0,1,0,1,1,0,1,1,2,2,2,1,0,1,0,0,0,1,0,0,0,0,0,0,0,0,0,1,0,0,0,0,0,0,0,0,0,1,0,0,0,0,0,0,0,0,1,1,0,0,0,0,0,0,0,0,1,1]",ec1a5ddfa3273ad7c90388fe2e3441bc73c1e4b1e3f2e1e0db13cfb3b4a36f2b,ee17e17c5a26d4736fdf4a4b38da815ce8376d2ecd40a1f41e74c50b6bb8ebf4,improved_campaign_offspring,C000285,,3,connected_region_repaint:small,0.011111111111111112,"[137,138,146,147]",4,L-SEED,completed,valid,[],,0.6753109461197865,2.8613160738986876,B3,2026-08-07T13:33:49.727+02:00,2026-08-07T13:33:49.727+02:00,2026-08-07T13:37:15.945+02:00
314,C000314,improved_dataset_1000_20260807_001,9,314,"[2,0,0,0,0,0,0,0,0,0,2,0,0,0,0,2,0,0,0,0,2,2,2,2,2,2,2,2,0,0,2,2,2,0,0,0,0,2,2,2,2,2,2,0,0,0,0,2,0,2,2,2,2,0,0,0,0,2,2,2,2,2,2,0,0,0,2,2,2,2,2,2,2,2,2,2,2,2,2,2,2,2,2,2,2,2,2,2,2,2,0,0,2,2,2,2,2,2,2,2,0,0,0,2,2,2,2,2,1,1,0,0,0,2,2,2,2,1,1,1,0,0,0,2,2,2,2,0,1,1,0,0,2,2,2,2,2,2,1,1,0,0,2,2,2,2,2,2,2,1,2,2,2,2,2,2,2,2,2,1,2,2,2,2,2,2,2,2,1,1,2,2,2,2,2,2,2,2,1,1]",fd662fd18e29a279ce8a7f66ee05e4b8127a28f1eb3f82fc9277210355bccaf4,94f8ceda8df12997f16e35edd5de00fe58c9c18d9a4c36a3af722b9f2952b321,improved_campaign_offspring,C000193,,4,rectangular_patch:small,0.022222222222222223,"[140,141]",2,L-SEED,completed,valid,[],,0.0819954823315133,9.155867884105987,B1,2026-08-07T13:37:16.098+02:00,2026-08-07T13:37:16.098+02:00,2026-08-07T13:38:46.841+02:00
315,C000315,improved_dataset_1000_20260807_001,9,315,"[2,2,2,2,2,2,2,2,0,0,0,2,2,2,2,2,2,2,2,0,0,2,2,2,2,2,2,2,2,0,0,2,2,2,0,2,2,2,2,2,0,0,2,0,0,2,2,2,2,2,0,2,2,0,0,0,0,2,2,0,0,2,2,0,0,0,0,2,2,2,0,0,2,0,0,0,0,0,0,2,0,0,0,0,0,0,0,2,2,2,0,0,0,0,0,0,0,0,2,2,0,0,0,0,0,0,0,0,0,0,0,0,0,0,0,0,0,0,0,0,0,0,0,0,0,0,0,0,0,0,0,0,0,0,0,0,0,0,0,0,0,0,0,0,0,0,0,0,0,0,0,0,0,0,0,0,0,0,0,0,0,1,1,0,0,0,0,1,0,1,0,0,1,0,0,0,0,1,1,1]",029052d6b1576afa5c6d46295a8f434e488b461871aa76d9770cafd2ca5146e7,964457acefd0ce00c906fb84865ad5d62506a3d906445186029e26ab94d078aa,improved_campaign_offspring,C000251,,5,connected_region_repaint:small,0.005555555555555556,[41],1,L-SEED,completed,valid,[],,0.07289890013953583,9.258802584564544,B1,2026-08-07T13:38:47.053+02:00,2026-08-07T13:38:47.053+02:00,2026-08-07T13:39:51.853+02:00
316,C000316,improved_dataset_1000_20260807_001,9,316,"[2,2,2,2,2,0,0,2,0,0,2,2,2,2,2,2,2,2,2,0,2,2,2,2,2,2,2,2,0,0,2,2,2,2,2,0,2,2,2,2,2,2,2,2,0,2,2,2,2,0,0,2,2,2,0,0,0,0,0,0,2,2,2,2,2,2,2,2,2,2,2,2,2,2,2,2,2,2,2,2,2,2,2,2,2,0,2,2,2,2,2,2,2,0,0,0,2,2,2,2,2,2,2,0,0,2,2,2,0,0,2,0,0,0,0,0,0,0,0,0,0,0,0,0,0,0,0,0,0,0,0,0,0,0,0,1,1,0,0,0,0,0,0,2,2,0,1,2,2,2,1,1,2,2,2,2,1,2,0,2,1,1,1,2,0,2,1,1,2,2,1,0,1,1,1,2,1,1,2,2]",543127cd0d895662153ce128013c3d91fd33726f9afa941b7b6bc0f5e74fe97c,77119ba4b2078698d70cf17f4f1ff2dee8bc13ce34219dca852eadc88d83b2b2,improved_campaign_offspring,C000226,,1,connected_region_repaint:large,0.09444444444444444,"[85,93,94,95,103,104,111,112,113,114,120,121,122,123,124,130,131,132,142]",19,L-SEED,completed,valid,[],,0.06735436136586657,9.29248114815127,B1,2026-08-07T13:39:52.081+02:00,2026-08-07T13:39:52.081+02:00,2026-08-07T13:42:31.602+02:00
317,C000317,improved_dataset_1000_20260807_001,9,317,"[2,2,2,2,2,0,0,2,0,0,2,2,2,2,2,2,2,2,2,0,2,2,2,2,2,2,2,2,0,0,2,2,2,2,2,0,2,2,2,2,2,2,2,2,0,2,2,2,2,0,0,2,2,2,0,0,0,0,0,0,2,2,2,2,2,2,2,2,2,2,2,2,2,2,2,2,2,2,2,2,2,2,2,2,2,2,2,2,2,2,2,2,2,2,0,2,2,2,2,2,2,2,2,2,0,2,2,2,0,0,2,2,2,0,0,0,0,0,0,0,2,2,2,2,0,0,0,0,0,0,2,2,2,0,0,1,1,0,0,0,0,0,2,2,2,0,1,2,2,2,1,1,2,2,2,2,1,2,0,2,1,1,1,2,0,2,1,1,2,2,1,0,1,1,1,2,1,1,2,2]",bf46f18ccd475239079befefb15fb7511592c20a9e4a449e2d01b119ef6882cf,66319c6b6325c741e79b9b667456e5997722fdc5518e9564f75faf00b4765058,improved_campaign_offspring,C000226,,2,boundary_growth:medium,0.027777777777777776,"[94,104,113,114,124]",5,L-SEED,completed,valid,[],,0.06823906690919258,9.28573189722333,B1,2026-08-07T13:42:31.754+02:00,2026-08-07T13:42:31.754+02:00,2026-08-07T13:45:15.772+02:00
318,C000318,improved_dataset_1000_20260807_001,9,318,"[0,0,0,0,0,2,2,0,0,0,0,0,0,0,1,0,2,2,0,0,0,0,0,0,1,1,0,0,0,0,0,2,2,2,1,0,0,0,0,0,0,2,1,1,1,1,1,1,0,0,0,1,1,1,1,1,1,1,0,0,0,0,0,1,1,0,0,0,0,0,0,0,0,1,1,1,1,0,0,0,0,0,0,1,1,1,1,1,0,0,2,0,0,1,1,1,1,1,1,1,2,2,1,0,1,1,1,1,1,1,2,2,1,1,1,0,1,1,1,1,2,2,1,0,1,0,1,1,1,1,2,2,1,0,0,1,1,1,1,1,0,0,1,1,1,1,1,1,1,1,1,1,1,1,1,1,1,1,1,1,1,1,1,1,1,1,1,1,1,1,1,1,1,1,1,1,1,1,1,1]",ee589aaa76df7083a1e548fc015b85adb7b5beef8512af22fd6286a06dd0854b,5ae7cb529a344384a72791e16a4cba51c34a8bd26b77dd7e9f2e376a2623b7da,improved_campaign_offspring,C000289,,3,connected_region_repaint:small,0.022222222222222223,"[5,6,16,17]",4,L-SEED,completed,valid,[],,0.3399105355168606,7.424564290932403,B1,2026-08-07T13:45:15.921+02:00,2026-08-07T13:45:15.921+02:00,2026-08-07T13:46:59.273+02:00
319,C000319,improved_dataset_1000_20260807_001,9,319,"[0,0,0,0,0,0,0,0,0,0,0,0,0,0,0,0,0,0,0,0,0,0,0,0,0,0,0,0,0,0,0,2,2,2,0,0,0,0,0,0,0,2,2,2,0,0,0,0,0,0,0,2,2,0,0,0,0,0,0,0,0,0,0,0,0,0,0,0,0,0,0,0,0,0,0,0,0,0,0,0,0,2,2,2,2,0,0,0,0,0,2,2,2,0,2,2,0,0,0,0,2,2,2,0,2,2,2,2,0,0,2,2,2,2,2,0,0,0,0,0,2,2,2,2,2,0,0,1,1,1,2,2,2,0,0,0,0,0,0,1,0,0,0,0,0,0,0,0,1,1,1,1,0,0,0,0,0,0,0,1,1,1,0,1,0,0,0,0,1,1,1,1,1,1,1,1,0,0,1,1]",7330f747121bce0a2b2e60fa386226f7bec55bb1c82f645544fbcd5c40eaee16,29cdc10aa58518fa86e217ab7b949dc15cb6ca1415226460ea85e0d2373b63ba,improved_campaign_offspring,C000258,,4,boundary_growth:large,0.10555555555555556,"[65,66,67,68,76,77,78,79,85,86,87,96,97,98,108,109,117,118,119]",19,L-SEED,completed,valid,[],,0.08100015286448933,9.1735265034835,B1,2026-08-07T13:46:59.423+02:00,2026-08-07T13:46:59.423+02:00,2026-08-07T13:48:02.759+02:00
320,C000320,improved_dataset_1000_20260807_001,9,320,"[0,0,0,0,0,0,0,0,0,0,0,0,0,0,1,0,0,0,0,0,0,0,0,0,1,1,0,0,0,0,0,2,2,2,1,0,0,0,0,0,0,2,1,1,1,1,1,1,0,0,0,1,1,1,1,1,1,1,0,0,0,0,0,1,1,0,0,0,0,0,0,0,0,1,1,1,1,0,0,0,0,0,0,1,1,1,1,1,0,0,2,0,0,1,1,1,1,1,1,1,2,2,1,0,1,1,1,1,1,1,2,2,1,1,1,0,1,1,1,1,2,2,1,0,1,0,1,1,1,1,2,2,1,0,0,1,1,1,1,2,0,0,1,1,1,1,1,1,2,2,1,1,1,1,1,1,1,1,2,2,1,1,1,1,1,1,1,1,2,1,1,1,1,1,1,1,1,1,1,1]",bf4bebc54a842de2e85392ddb6240465cfe48f5c662948fc4b791ddffb8da0d7,56d21498ad1328be7bec482355cd000343bcb04c8467b5dc8e2531161d40c743,improved_campaign_offspring,C000289,,5,connected_region_repaint:medium,0.03333333333333333,"[139,148,149,158,159,168]",6,L-SEED,completed,valid,[],,0.2782522160269931,8.302828869444593,B1,2026-08-07T13:48:02.912+02:00,2026-08-07T13:48:02.912+02:00,2026-08-07T13:50:19.426+02:00
321,C000321,improved_dataset_1000_20260807_001,9,321,"[0,1,1,1,1,1,1,1,1,1,1,1,1,1,1,1,1,1,1,1,1,2,2,2,2,1,1,1,0,0,2,2,2,2,2,1,1,1,1,1,2,2,2,2,2,1,1,1,1,1,2,2,2,2,2,2,1,1,1,1,2,2,2,2,2,2,1,1,1,1,2,2,2,2,2,2,1,1,1,1,2,2,2,2,2,2,1,1,1,1,2,2,2,2,2,2,1,1,1,1,2,2,2,2,2,2,1,1,1,1,2,2,2,2,2,2,1,1,1,1,0,0,2,2,2,2,1,0,1,1,2,2,2,0,2,2,2,2,1,1,0,0,0,0,2,2,2,0,0,1,0,0,0,0,0,0,0,0,0,1,0,0,0,0,0,0,0,0,1,1,0,0,0,0,0,0,0,0,1,1]",6353285069f5cf2a5255f7cb6718718e2315cabfd6f0e6f724d49a40d50ea0b4,b0e999330598311a6069290ad6efcc9132ffc6ac27ccdcf881000e312e8253e6,improved_campaign_offspring,C000293,,1,rectangular_patch:small,0.016666666666666666,"[0,10,20]",3,L-SEED,completed,valid,[],,0.4683262411741098,5.263683720377083,B1,2026-08-07T13:50:19.675+02:00,2026-08-07T13:50:19.675+02:00,2026-08-07T13:53:00.238+02:00
322,C000322,improved_dataset_1000_20260807_001,9,322,"[2,2,2,2,2,2,2,2,0,0,0,2,2,2,2,2,2,2,2,0,0,2,2,2,2,2,2,2,2,0,0,2,2,2,0,2,2,2,2,2,0,2,2,2,0,2,2,2,2,2,0,2,2,2,2,2,2,2,2,0,0,2,2,2,2,2,2,2,2,2,0,0,2,0,0,2,2,2,2,2,0,0,0,0,0,2,0,2,2,2,0,0,0,0,0,2,0,0,2,2,2,0,0,2,2,2,0,0,0,0,2,0,0,2,2,2,0,0,0,0,2,2,2,2,2,2,0,0,0,0,2,2,2,2,2,2,0,0,0,0,2,2,2,2,2,2,0,0,0,0,2,2,2,2,2,2,0,0,0,0,0,1,1,0,0,0,0,1,0,1,0,0,1,0,0,0,0,1,1,1]",7647ad37b58cfd34906e32d7dd8340274c3c9585963ddca90372b1a25fcd348e,c3efc996e77008f589033fb4ed6c9a2dafe70fdbad4d654c0b7a7e19499ede11,improved_campaign_offspring,C000048,,2,rectangular_patch:small,0.022222222222222223,"[101,102,111,112]",4,L-SEED,completed,valid,[],,0.06087291021934879,9.401709739610517,B1,2026-08-07T13:53:00.402+02:00,2026-08-07T13:53:00.402+02:00,2026-08-07T13:54:23.642+02:00
323,C000323,improved_dataset_1000_20260807_001,9,323,"[0,0,0,0,0,0,0,0,0,0,0,0,0,0,0,0,0,0,0,0,0,0,0,0,0,0,0,0,0,0,0,0,0,0,0,0,0,0,0,0,0,0,0,0,0,0,0,0,0,0,0,0,0,0,0,0,0,0,0,0,0,0,0,0,0,0,0,0,0,0,0,0,0,0,0,0,0,0,0,0,0,0,0,0,0,0,0,0,0,0,0,0,0,0,0,0,0,0,0,0,2,2,0,0,0,0,0,0,0,0,2,2,2,0,0,0,0,0,0,0,2,0,2,0,0,0,0,0,0,0,2,2,2,0,0,0,0,0,0,0,2,2,1,0,0,0,0,0,0,0,1,2,1,1,1,1,1,0,0,0,1,2,2,1,1,0,0,0,0,0,1,1,1,1,1,1,0,0,0,0]",b39371591c1b46b92c9b7336d02d2f07c5ba6dcd0aaa607cee1a0cb58eb19311,6d5fb331fbd01ee00fd77ac3697a735bb9502c2a3434dc68e1e80ac616924479,improved_campaign_offspring,C000204,,3,connected_region_repaint:medium,0.044444444444444446,"[159,165,166,167,168,169,176,177,178,179]",10,L-SEED,completed,valid,[],,0.06914196302888453,9.284834459426627,B1,2026-08-07T13:54:23.850+02:00,2026-08-07T13:54:23.850+02:00,2026-08-07T13:55:07.403+02:00
324,C000324,improved_dataset_1000_20260807_001,9,324,"[2,1,1,1,1,1,1,1,1,1,2,1,1,1,1,1,1,1,1,1,2,2,2,2,2,1,1,1,0,0,2,2,2,2,2,1,1,1,1,1,2,2,2,2,2,1,1,1,1,1,2,2,2,2,2,2,1,1,1,1,2,2,2,2,2,2,1,1,1,1,2,2,2,2,2,2,1,1,1,1,2,2,2,2,2,2,1,1,1,1,2,2,2,2,2,2,1,1,1,1,2,2,2,2,2,2,1,1,1,1,2,2,2,2,2,2,1,1,1,1,0,0,2,2,2,2,1,0,1,1,2,2,2,0,2,2,2,2,1,1,0,0,0,0,2,2,2,2,2,1,0,0,2,2,2,2,2,2,2,1,0,0,0,0,2,2,2,2,1,1,0,0,0,0,2,0,2,0,1,1]",2941df8964a061738d94a38bb4342fb5e622ed4383e298872db2a2f77ba387f5,fd3983d987c0dd8cbac11c2dc89c948f33186c58017a379d72a143c21bdbabd4,improved_campaign_offspring,C000293,,4,boundary_growth:medium,0.08333333333333333,"[147,148,152,153,154,155,156,157,158,164,165,166,167,174,176]",15,L-SEED,completed,valid,[],,0.6080881858302309,3.6473578864617,B3,2026-08-07T13:55:07.617+02:00,2026-08-07T13:55:07.617+02:00,2026-08-07T13:58:55.602+02:00
325,C000325,improved_dataset_1000_20260807_001,9,325,"[0,0,0,0,0,0,0,0,0,0,0,0,0,0,0,0,0,0,0,0,0,0,0,2,2,0,0,0,0,0,0,0,0,2,2,0,0,0,0,0,0,0,2,2,2,0,0,0,0,0,2,0,0,2,2,2,0,0,0,0,2,0,2,2,2,2,0,0,0,0,2,2,2,2,2,2,0,0,0,0,2,2,2,2,2,2,0,0,0,0,2,2,2,2,2,2,1,1,1,0,2,2,2,2,2,2,1,1,1,1,2,2,2,2,2,2,1,1,1,1,2,2,2,2,2,2,0,0,1,1,2,2,2,0,2,2,2,2,1,1,0,0,0,0,2,2,2,0,0,1,0,0,0,0,0,0,0,0,0,1,0,0,0,0,0,0,0,0,1,1,0,0,0,0,0,0,0,0,1,1]",047c7ee8ca29f2848d54e5671f2338de7e8f43f5baca342937e47154551905d1,2e13ea88394fd40757482aa1345b2a3da6dac99502be8d6bd214ba8ee6b3bbcf,improved_campaign_offspring,C000232,,5,boundary_growth:medium,0.05555555555555555,"[0,10,20,30,31,40,41,51,52,61]",10,L-SEED,completed,valid,[],,0.11077831458561259,8.822679562881124,B1,2026-08-07T13:58:55.824+02:00,2026-08-07T13:58:55.824+02:00,2026-08-07T13:59:56.956+02:00
326,C000326,improved_dataset_1000_20260807_001,9,326,"[0,0,0,0,0,2,2,2,0,0,0,0,0,0,0,2,1,2,1,0,0,0,0,0,2,2,1,1,1,1,0,0,0,0,0,2,2,1,0,1,0,0,0,0,0,1,1,1,1,1,0,0,0,0,0,0,0,1,1,0,0,0,0,0,0,0,0,1,1,2,0,1,0,0,0,1,1,1,1,2,1,1,0,0,0,0,1,1,1,2,1,1,1,1,0,0,1,1,2,2,1,1,1,1,1,1,1,1,1,1,1,1,1,1,1,1,1,1,1,1,1,1,0,1,1,1,1,1,1,1,1,1,1,1,1,1,1,1,1,1,1,1,1,1,1,1,1,1,1,1,1,1,1,0,1,1,1,1,1,1,1,1,1,1,1,1,1,1,1,1,1,1,1,1,1,1,1,1,1,1]",ce2e2b040f5dcd79c73d04b84a8e7eec1b89890b02cba27b6c9691d7676282b5,f41ed6c206262a8ca0ab132f088a23c9a3bc3cd4fdc27ef648f8394582c0eecb,improved_campaign_offspring,C000298,,1,connected_region_repaint:large,0.16111111111111112,"[0,1,2,3,4,11,12,13,14,21,22,23,31,32,33,41,42,43,51,52,53,54,55,56,61,62,63,64,65,66,72]",31,L-SEED,completed,valid,[],,0.23048989902954933,7.997558642516795,B1,2026-08-07T13:59:57.189+02:00,2026-08-07T13:59:57.189+02:00,2026-08-07T14:02:12.610+02:00
327,C000327,improved_dataset_1000_20260807_001,9,327,"[0,0,0,0,0,0,2,2,0,0,0,0,0,0,2,2,2,2,2,0,0,2,2,0,0,2,2,2,2,0,0,2,2,2,0,2,2,2,2,2,0,2,2,2,0,2,2,2,2,2,0,2,2,2,2,2,2,2,2,0,0,2,2,2,2,2,2,2,2,2,0,0,2,0,0,2,2,2,2,2,0,0,0,0,0,2,0,2,2,2,0,0,0,0,0,2,0,0,2,2,0,0,0,0,0,0,0,0,1,1,0,0,0,0,0,0,1,1,1,1,0,0,0,0,0,0,1,1,1,1,0,0,0,0,0,1,1,1,1,1,0,0,1,1,1,1,1,1,1,1,1,1,1,1,1,1,1,1,1,1,1,1,1,1,1,1,1,1,1,1,0,1,1,1,1,1,1,1,1,1]",178a9a10f4ded3488aa1d089ad2d2529aad7b7afa3f7b110d7ceb8fb58d030f4,5fbe5336fece1a0bd489c4dbc8bf4782436e236a822a74c718b2cec3ede154f1,improved_campaign_offspring,C000117,,2,boundary_growth:medium,0.06111111111111111,"[0,1,2,3,4,5,11,12,13,23,24]",11,L-SEED,completed,valid,[],,0.06597849830005689,9.352051016811593,B1,2026-08-07T14:02:12.760+02:00,2026-08-07T14:02:12.760+02:00,2026-08-07T14:03:25.651+02:00
328,C000328,improved_dataset_1000_20260807_001,9,328,"[0,0,0,0,0,0,0,0,0,0,0,0,0,0,0,0,0,0,2,0,0,0,0,0,0,0,0,2,2,0,0,0,0,0,0,0,0,0,2,0,0,0,0,0,0,0,0,2,2,0,0,0,0,0,0,0,0,2,2,0,0,0,0,0,0,0,2,2,2,2,0,0,0,0,0,0,1,1,2,2,0,0,0,0,0,0,1,1,2,2,0,0,0,0,0,0,1,1,1,1,0,0,0,0,0,0,1,1,1,1,0,0,0,0,0,0,1,1,1,1,0,0,0,0,0,0,1,0,1,1,0,0,0,0,0,0,2,2,1,1,0,0,0,0,0,0,0,2,0,1,0,0,0,0,0,0,0,2,2,1,0,0,0,0,0,0,0,2,1,1,0,0,0,0,0,0,0,2,1,1]",9111095efff045e76127dae62ee2480d6fd8d4a0f1e149c244465c0a0e9fecbf,441c5aa825c861ddefc66425972591b1f6318d4f08dce385b4925dd6fdb5e5df,improved_campaign_offspring,C000270,,3,boundary_growth:small,0.005555555555555556,[37],1,L-SEED,completed,valid,[],,0.0662221059102796,9.319701177587504,B1,2026-08-07T14:03:25.802+02:00,2026-08-07T14:03:25.802+02:00,2026-08-07T14:04:24.924+02:00
329,C000329,improved_dataset_1000_20260807_001,9,329,"[2,2,2,2,2,0,0,2,0,0,0,2,2,2,0,0,2,2,2,0,0,2,2,2,0,0,0,0,0,0,0,2,2,2,0,0,0,2,2,2,2,2,0,0,0,0,0,0,2,2,2,0,0,0,0,0,0,0,0,0,0,0,0,0,0,0,0,0,0,0,0,1,0,0,0,0,0,0,0,0,1,1,0,0,0,0,1,0,0,0,1,1,1,1,0,0,1,1,0,0,1,1,1,1,1,1,1,1,1,1,1,1,1,1,1,1,1,1,1,1,1,1,0,1,1,1,1,1,1,1,1,1,1,1,1,1,1,1,1,1,1,1,1,1,1,1,1,1,1,1,1,1,1,0,1,1,1,1,1,1,1,1,1,1,1,1,1,1,1,1,1,1,1,1,1,1,1,1,1,1]",7eb45ecd782ba0a7ca2182764942bdcc284ff02f2c6f7064bea5acf581e5ed44,68ebb561f2b6eff6c59e3ce12c8987e673525c197cda0160dd7f41f110688c56,improved_campaign_offspring,C000180,,4,boundary_growth:small,0.016666666666666666,"[40,41,50]",3,L-SEED,completed,valid,[],,0.12204122432461961,8.712063743718907,B1,2026-08-07T14:04:25.090+02:00,2026-08-07T14:04:25.090+02:00,2026-08-07T14:05:29.313+02:00
330,C000330,improved_dataset_1000_20260807_001,9,330,"[2,2,2,2,2,2,2,2,0,0,0,2,2,2,2,2,1,2,1,0,0,2,2,2,2,2,1,1,1,1,0,2,2,2,0,2,2,1,0,1,0,2,2,2,0,1,1,1,1,1,0,2,2,2,2,2,2,1,1,0,0,2,2,2,2,2,2,1,1,2,0,1,2,0,0,1,1,1,1,2,1,1,0,0,0,0,1,1,1,2,1,1,1,2,0,0,1,1,2,2,1,1,2,2,1,1,1,1,1,1,1,1,1,2,1,1,1,1,1,1,1,1,0,1,1,1,1,1,1,1,1,1,1,1,1,1,1,1,1,1,1,1,1,1,1,1,1,1,1,1,1,1,1,0,1,1,1,1,1,1,1,1,1,1,1,1,1,1,1,1,1,1,1,1,1,1,1,1,1,1]",3be57e3b1d9322ba227a40af00a2ffed0b09436709b7c4935411ff77b3e205cd,8282b014d25318aa76f232097b8364121aa038e76d7a7c72bbf5c3f1105139b0,improved_campaign_offspring,C000298,,5,connected_region_repaint:small,0.022222222222222223,"[93,102,103,113]",4,L-SEED,completed,valid,[],,0.4080993771918353,5.782839878375311,B1,2026-08-07T14:05:29.462+02:00,2026-08-07T14:05:29.462+02:00,2026-08-07T14:09:51.971+02:00
331,C000331,improved_dataset_1000_20260807_001,10,331,"[0,1,1,1,1,1,1,1,1,1,0,1,1,1,1,1,1,1,1,1,0,0,0,0,0,1,1,1,1,1,0,2,2,2,0,1,1,1,1,1,0,2,2,2,0,1,1,1,1,1,0,2,2,2,0,1,1,1,1,1,2,2,2,2,2,1,1,1,1,1,2,2,0,2,0,1,1,1,1,1,2,0,0,0,0,1,1,1,1,1,0,0,0,0,0,1,1,1,1,1,0,0,0,0,0,1,1,1,1,1,1,1,1,1,0,1,1,1,1,1,1,1,1,1,0,1,1,1,1,1,1,1,1,1,0,1,1,1,1,1,1,0,1,1,1,1,1,1,1,1,1,1,1,1,1,1,1,1,1,1,1,1,1,1,1,1,1,1,1,1,1,1,1,1,1,1,1,1,1,1]",9ab947773bbcc2b38a08defafaf7b4f52b877a328dc89c225dbbbfee3c38039a,cf3d4865edcac269f591d775ccc4eaf17ed7588866f1d8c0a50406836436f2de,improved_campaign_offspring,C000273,,1,connected_region_repaint:large,0.1,"[72,74,81,82,83,84,90,91,92,93,94,100,101,102,103,104,114,124]",18,L-SEED,completed,valid,[],,0.9936361301028255,0.12234200266762894,B6,2026-08-07T14:09:52.329+02:00,2026-08-07T14:09:52.329+02:00,2026-08-07T14:11:52.672+02:00
332,C000332,improved_dataset_1000_20260807_001,10,332,"[0,0,0,0,0,0,0,0,0,0,0,0,0,0,0,0,0,0,0,0,0,0,0,0,0,0,0,0,0,0,0,2,2,2,0,0,0,0,0,0,0,2,2,2,0,0,0,0,0,0,0,2,2,2,0,0,0,0,0,0,2,2,2,2,0,0,0,2,2,2,2,2,2,2,2,0,0,0,2,2,2,2,2,2,2,0,0,0,0,0,2,2,2,2,2,2,0,0,0,0,2,2,2,2,2,2,0,0,0,0,2,2,2,2,2,0,0,0,0,0,2,2,2,2,2,0,0,0,0,0,2,2,2,0,0,0,0,0,0,0,0,0,1,2,2,0,0,0,0,0,1,1,1,2,2,0,0,0,0,0,1,1,1,2,2,2,0,0,0,0,1,1,1,1,1,2,0,0,0,0]",ec0c3160e4731fe056604fa042ba4c0b627a5a0e220e95675ec5eb0dae0580c9,8a8b55dfe31ca8fde18ee5f8f5d6d406699168fdc8e69018bf62b0e1dae414d1,improved_campaign_offspring,C000272,,2,connected_region_repaint:medium,0.08333333333333333,"[64,65,66,75,76,77,85,86,87,88,89,96,97,98,99,106,107]",17,L-SEED,completed,valid,[],,0.059417015375209624,9.428013263715064,B1,2026-08-07T14:11:52.829+02:00,2026-08-07T14:11:52.829+02:00,2026-08-07T14:13:07.729+02:00
333,C000333,improved_dataset_1000_20260807_001,10,333,"[0,0,0,0,0,2,2,0,2,0,0,0,0,0,0,0,2,2,2,2,0,0,0,0,0,2,2,2,2,0,0,0,0,0,0,2,2,2,0,0,0,0,0,0,0,0,2,2,2,2,0,0,0,0,0,0,2,0,2,2,0,0,0,0,0,0,2,2,2,1,0,0,0,0,0,0,2,1,1,1,0,0,0,0,0,0,2,2,1,1,0,0,0,0,0,0,1,1,1,1,0,0,0,0,0,0,0,1,1,1,0,0,0,0,0,0,1,1,1,1,0,0,0,0,0,0,1,1,1,1,0,0,0,0,0,1,1,1,1,1,0,0,1,1,1,1,1,1,1,1,1,1,1,1,1,1,1,1,1,1,1,1,1,1,1,1,1,1,1,1,1,1,1,1,1,1,1,1,1,1]",aa7e7673f1d84a2d1459e95852fe9b4178db7d9d3a3163c6253833caaaa83761,8ae97f1a2f3aca4521e4d3130c53d9bb1a3cca133bb8d95f5fc1246ccea36e4c,improved_campaign_offspring,C000302,,3,connected_region_repaint:small,0.005555555555555556,[106],1,L-SEED,completed,valid,[],,0.07623170422381857,9.334876581573923,B1,2026-08-07T14:13:07.885+02:00,2026-08-07T14:13:07.885+02:00,2026-08-07T14:14:13.779+02:00
334,C000334,improved_dataset_1000_20260807_001,10,334,"[2,2,2,2,2,2,2,2,0,0,0,2,2,2,2,2,2,2,2,0,0,2,2,2,2,2,0,0,0,0,0,2,2,2,0,0,0,0,0,0,0,2,2,2,0,0,0,0,0,0,0,2,2,2,2,0,0,0,0,0,2,2,2,2,2,2,2,1,1,0,2,0,2,0,2,1,1,1,1,1,2,0,2,2,1,1,1,1,1,1,0,0,0,1,0,1,0,1,1,1,2,2,0,1,1,1,1,0,0,0,2,2,0,2,2,1,1,1,0,0,2,0,0,0,2,2,1,0,0,0,2,2,2,2,2,1,1,1,1,1,2,2,1,1,1,1,1,1,1,1,1,1,1,1,1,1,1,1,1,1,1,1,1,1,1,1,1,1,1,1,1,1,1,1,1,1,1,1,1,1]",c015b74c2880750b468a3d96099ba85ea8906d7c888f171cc0a9bd5055e882d6,7eced2e1bae756235627d4fe16fbe1bcf1a4b1badbc34b206ea7550d86038ddf,improved_campaign_offspring,C000151,,4,connected_region_repaint:large,0.12777777777777777,"[67,68,75,76,77,78,79,84,85,86,87,88,89,93,95,97,98,99,103,104,105,106,115]",23,L-SEED,completed,valid,[],,0.1625112785457646,8.253676821181346,B1,2026-08-07T14:14:13.937+02:00,2026-08-07T14:14:13.937+02:00,2026-08-07T14:16:15.979+02:00
335,C000335,improved_dataset_1000_20260807_001,10,335,"[0,1,1,1,1,1,1,1,1,1,0,1,1,1,1,1,1,1,1,1,0,0,0,0,0,0,0,1,1,1,0,2,2,2,0,1,0,1,1,1,0,2,2,2,0,1,0,1,1,1,0,2,2,2,0,1,1,1,1,1,2,2,2,2,2,1,1,1,1,1,2,2,2,2,2,1,1,1,1,1,2,2,2,2,2,1,1,1,1,1,2,2,2,2,2,1,1,1,1,1,2,2,2,2,2,1,1,1,1,1,2,2,2,2,2,1,1,1,1,1,2,2,2,2,2,1,1,1,1,1,0,2,2,0,0,1,1,1,1,1,0,0,1,1,1,1,1,1,1,1,1,1,1,1,1,1,1,1,1,1,1,1,1,1,1,1,1,1,1,1,1,1,1,1,1,1,1,1,1,1]",aa7d16122b63384b5ea2072008ce2ea27a9beada35d314abdf1d6f0ebe0dd287,47e215bc87249bc199ba513f43dabd58f987410a3e0890d0693c902c988fb2d5,improved_campaign_offspring,C000274,,5,connected_region_repaint:small,0.022222222222222223,"[25,26,36,46]",4,L-SEED,completed,valid,[],,0.9074620293349027,0.381966422313536,B6,2026-08-07T14:16:16.138+02:00,2026-08-07T14:16:16.138+02:00,2026-08-07T14:18:25.053+02:00
336,C000336,improved_dataset_1000_20260807_001,10,336,"[0,1,1,1,1,1,1,1,1,1,0,1,1,1,1,1,1,1,1,1,0,0,0,0,0,1,1,1,1,1,0,0,0,0,0,1,1,1,1,1,0,0,0,0,0,1,1,1,1,1,0,0,0,0,0,0,1,1,1,1,0,0,0,0,0,1,1,1,1,1,0,0,0,0,0,0,1,1,1,1,0,0,1,1,0,1,1,1,1,1,0,1,1,1,1,1,1,1,1,1,1,1,1,1,1,1,1,1,1,1,1,1,1,1,1,1,1,1,1,1,2,2,0,0,0,0,1,0,1,1,2,2,2,0,0,0,0,0,1,1,0,0,0,0,0,0,0,0,0,1,0,0,0,0,0,0,0,0,0,1,0,0,0,0,0,0,0,0,1,1,0,0,0,0,0,0,0,0,1,1]",05b37b9a97367c3b2ee17a393948867ae2fb18209bf136d88e1f27437eb787eb,5e0e3d2165d795d8a24f99171522b9dcb59b45753e31dd19c528e9db03226a60,improved_campaign_offspring,C000276,,1,boundary_growth:large,0.2,"[0,10,20,21,22,30,32,33,40,50,51]",11,L-SEED,completed,valid,[],,0.23677940676481668,8.009072097549573,B1,2026-08-07T14:18:25.369+02:00,2026-08-07T14:18:25.369+02:00,2026-08-07T14:19:51.394+02:00
337,C000337,improved_dataset_1000_20260807_001,10,337,"[0,0,0,0,2,2,0,2,2,2,0,0,0,0,2,0,0,2,0,0,0,0,0,2,2,2,2,2,0,0,0,2,2,2,2,2,2,0,0,0,0,2,2,2,2,2,2,0,0,0,0,2,2,2,2,2,2,2,2,0,2,2,0,0,2,2,2,2,2,0,0,0,0,0,0,2,2,2,2,0,0,0,2,2,2,0,2,2,2,2,0,0,0,2,0,0,2,2,2,2,0,0,0,0,0,0,2,2,0,0,0,0,0,0,0,0,0,0,0,0,0,0,0,0,0,0,0,0,0,0,0,0,0,0,0,0,0,0,0,0,0,0,0,0,0,0,0,0,0,0,0,0,0,0,0,0,0,0,0,0,0,0,0,0,0,0,0,0,0,0,0,0,0,0,0,0,1,1,0,0]",b53279b2560e91de7d2941bc29c49096dff68687089721a454e8c21b0a7bc257,21d0cceb94e34bfc0cac71f2e1743cf21d68f7fb076d5dff2b63933e7823a18a,improved_campaign_offspring,C000218,,2,connected_region_repaint:medium,0.03888888888888889,"[37,38,48,49,59,69,79]",7,L-SEED,completed,valid,[],,0.05647482151582344,9.504988586716236,B1,2026-08-07T14:19:51.607+02:00,2026-08-07T14:19:51.607+02:00,2026-08-07T14:20:59.802+02:00
338,C000338,improved_dataset_1000_20260807_001,10,338,"[2,1,1,1,1,1,1,1,1,1,2,1,1,1,1,1,1,1,1,1,2,2,2,0,0,1,1,1,1,1,2,0,2,2,0,1,1,1,1,1,2,0,0,0,0,1,1,1,1,1,2,2,0,0,0,0,1,1,1,1,0,0,0,0,0,1,1,1,1,1,0,0,0,0,0,0,1,1,1,1,0,0,0,0,0,1,1,1,1,1,0,0,0,0,0,1,1,1,1,1,0,0,0,0,0,0,1,1,1,1,0,0,0,0,0,0,0,0,1,1,2,2,0,0,0,0,0,0,1,1,2,2,2,0,0,0,0,0,1,1,0,0,0,0,0,0,0,0,0,1,0,0,0,0,0,0,0,0,0,1,0,0,0,0,0,0,0,0,1,1,0,0,0,0,0,0,0,0,1,1]",3e7320bb677ef30f62356aff9317e124b74a22f1ab8178e407158e47e67c6e69,2ba07192add791d487f9d7a8cd86950e60bfd9cc3e1ac0bc291ec8c59277a20a,improved_campaign_offspring,C000276,,3,connected_region_repaint:medium,0.05555555555555555,"[82,83,91,92,93,94,100,101,102,103,104,105,110,111,112,113,114,115,116,117,126]",21,L-SEED,completed,valid,[],,0.6377140743703553,3.3190473433596748,B3,2026-08-07T14:20:59.960+02:00,2026-08-07T14:20:59.960+02:00,2026-08-07T14:22:53.707+02:00
339,C000339,improved_dataset_1000_20260807_001,10,339,"[0,0,0,0,0,0,0,0,0,0,0,0,0,0,0,0,0,0,0,0,0,0,0,0,0,0,0,0,0,0,0,0,0,0,0,0,0,0,0,0,0,0,0,0,0,0,0,2,0,0,0,0,0,0,0,0,0,2,2,0,0,0,0,0,0,0,2,2,2,2,0,0,0,0,0,0,0,0,2,2,0,0,0,0,0,0,0,0,2,2,0,0,0,0,0,0,0,0,0,0,2,0,0,0,0,0,0,0,0,0,2,2,2,0,0,0,0,0,0,0,2,2,2,2,2,0,0,0,0,0,2,2,2,0,0,0,0,0,0,0,2,2,0,0,0,0,0,0,0,0,2,0,0,0,0,0,0,0,0,0,0,0,0,0,0,0,0,0,0,0,0,0,0,0,0,0,0,0,0,0]",90fdbf19f5cccde25003147b9120f2bf0e8022334d9e9b6dfd912130f8edb6e5,ee06e6501e1da562b670c327d5bd771019a80d05f2e45857dfc41d3486a26bbc,improved_campaign_offspring,C000190,,4,connected_region_repaint:medium,0.027777777777777776,"[111,112,122,123,124]",5,L-SEED,completed,valid,[],,0.039185844421343104,9.674683034725293,B1,2026-08-07T14:22:53.863+02:00,2026-08-07T14:22:53.863+02:00,2026-08-07T14:23:40.322+02:00
340,C000340,improved_dataset_1000_20260807_001,10,340,"[2,1,1,1,1,1,1,1,1,1,2,1,1,1,1,1,1,1,1,1,2,2,2,0,0,1,1,1,1,1,2,0,2,2,0,1,1,1,1,1,2,0,0,0,0,0,0,1,1,1,2,2,0,0,0,0,0,1,1,1,1,1,1,1,1,0,0,0,1,1,1,1,1,1,1,1,0,1,1,1,1,1,1,1,1,1,1,1,1,1,1,1,1,1,1,1,1,1,1,1,1,1,1,0,0,1,1,1,1,1,1,1,1,0,1,1,1,1,1,1,2,2,0,0,0,0,1,0,1,1,2,2,2,0,0,0,0,0,1,1,0,0,0,0,0,0,0,0,0,1,0,0,0,0,0,0,0,0,0,1,0,0,0,0,0,0,0,0,1,1,0,0,0,0,0,0,0,0,1,1]",0a28ce7080bee10dc29450c8901195152a3e9bb4c8c6d92dc081add81f8cc68f,f9214d6c7440766e454e8bcce413a31e675531a5471a18067c95dfcbed34e022,improved_campaign_offspring,C000219,,5,connected_region_repaint:medium,0.03888888888888889,"[45,46,56,65,66,67,76]",7,L-SEED,completed,valid,[],,0.5957644256361605,3.6512393885225882,B2,2026-08-07T14:23:40.482+02:00,2026-08-07T14:23:40.482+02:00,2026-08-07T14:27:01.066+02:00
341,C000341,improved_dataset_1000_20260807_001,10,341,"[0,1,1,1,1,1,1,1,1,1,0,1,1,1,1,1,1,1,1,1,0,0,0,0,0,1,1,1,1,1,0,2,2,2,0,1,1,1,1,1,0,2,2,2,1,1,1,0,0,1,0,0,2,2,1,1,0,0,1,1,0,0,0,2,2,1,1,0,1,1,0,0,0,1,2,1,1,1,1,1,1,0,1,1,1,1,1,1,1,1,1,1,1,1,1,1,1,1,1,1,1,0,1,1,1,1,1,1,1,1,1,1,1,1,1,1,1,1,1,1,2,2,0,1,0,1,1,0,1,1,2,2,2,1,0,1,0,1,1,1,0,0,0,0,0,0,1,1,0,1,0,0,0,0,0,0,0,0,0,1,0,0,0,0,0,0,0,0,1,1,0,0,0,0,0,0,0,0,1,1]",205c838f37f858dc612260516d4ac548a2d0a44df7613ae71a11ddb2eb94b836,e24eeeb07eab883bfa7e4821b36f9c1c01d9f55831f550f6f66c072ceeee8749,improved_campaign_offspring,C000285,,1,connected_region_repaint:medium,0.027777777777777776,"[47,48,56,57,67]",5,L-SEED,completed,valid,[],,0.6308614343701362,3.2676994693008985,B3,2026-08-07T14:27:01.296+02:00,2026-08-07T14:27:01.296+02:00,2026-08-07T14:32:17.651+02:00
342,C000342,improved_dataset_1000_20260807_001,10,342,"[0,1,1,1,1,1,1,1,1,1,0,1,1,1,1,1,1,1,1,1,0,0,0,0,0,1,1,1,1,1,0,2,2,2,0,1,1,1,1,1,0,2,2,2,0,1,1,1,1,1,0,2,2,2,0,0,1,1,1,1,2,2,2,2,2,0,1,1,1,1,2,2,2,2,2,0,1,1,1,1,2,2,2,2,2,0,1,1,1,1,2,2,2,2,2,0,1,1,1,1,2,2,2,2,2,0,1,1,1,1,2,2,2,2,2,0,1,1,1,1,2,2,2,2,2,1,1,1,1,1,2,2,2,0,0,1,0,1,1,1,0,0,0,0,0,0,1,1,1,1,0,0,0,0,0,0,0,1,1,1,0,0,0,0,0,0,1,1,1,1,0,0,0,0,1,0,0,1,1,1]",7de367e6a0df9c8379ca9f89f0385234527e20dba961b15c8ca43c8996d6c48b,6f37903d7352b6f0a16236665cccee529a1a04e1a6f4bfbd66422128152d8739,improved_campaign_offspring,C000225,,2,boundary_growth:medium,0.06666666666666667,"[133,143,144,145,152,153,154,155,156,164,165,175,176]",13,L-SEED,completed,valid,[],,0.7297426792599204,2.3140279808644517,B4,2026-08-07T14:32:17.865+02:00,2026-08-07T14:32:17.865+02:00,2026-08-07T14:34:49.495+02:00
343,C000343,improved_dataset_1000_20260807_001,10,343,"[2,2,2,2,2,2,2,2,2,0,2,2,2,2,2,2,2,2,2,2,2,2,2,2,2,2,2,2,2,0,2,2,2,2,2,2,2,2,2,2,2,2,2,2,2,2,2,2,2,2,0,2,2,2,2,0,2,2,2,2,2,2,2,2,2,0,2,2,2,1,2,2,2,2,2,0,1,1,1,1,2,2,2,2,2,0,1,1,1,1,2,2,2,2,2,0,1,1,1,1,2,2,2,2,2,0,1,1,1,1,2,2,2,2,2,0,1,1,1,1,2,2,2,2,2,0,1,0,1,1,2,2,2,0,0,0,0,0,1,1,0,0,0,0,0,0,0,0,0,1,0,0,0,0,0,0,0,0,0,1,0,0,0,0,0,0,0,0,1,1,0,0,0,0,0,0,0,0,1,1]",1a8743baad0272b1a2e2bb072f8deb693dc5245cd8af3730c7918cfda6a58d85,ae684f80dd441a1cb36915a5935dc56914246e536d6412a85c714dbc8707e703,improved_campaign_offspring,C000253,,3,rectangular_patch:medium,0.08333333333333333,"[29,36,38,39,46,47,48,49,56,57,58,59,66,67,68]",15,L-SEED,completed,valid,[],,0.1337614884679838,8.571616626656807,B1,2026-08-07T14:34:49.646+02:00,2026-08-07T14:34:49.646+02:00,2026-08-07T14:35:55.416+02:00
344,C000344,improved_dataset_1000_20260807_001,10,344,"[2,0,0,0,0,0,0,0,0,0,2,0,0,0,0,2,0,0,0,0,2,2,2,2,2,2,2,2,0,0,2,2,2,2,2,2,2,2,2,2,2,2,2,2,2,0,2,2,0,2,2,2,2,2,2,2,0,2,2,2,2,2,2,2,0,2,0,2,2,2,2,2,2,2,0,0,0,2,2,2,2,2,2,0,0,0,2,2,2,2,2,2,2,2,2,2,2,2,2,2,2,2,2,2,2,2,2,2,0,0,2,2,2,2,2,2,2,0,0,0,2,2,2,2,2,2,2,0,0,0,2,2,2,0,2,2,2,2,0,0,0,0,0,0,2,2,2,0,0,0,0,0,0,0,0,0,0,0,0,1,0,0,0,0,0,0,0,0,1,1,0,0,0,0,0,0,0,0,1,1]",ecfdfb5dcafd3bc066d5e10eeb754f5fa73aaa1432bc83965144a85834bcd4fa,bf6533c011d6cafbf9c1e79fa886f55e481f0397c5c796b6c0c2673c175b397d,improved_campaign_offspring,C000072,,4,connected_region_repaint:small,0.011111111111111112,"[108,109,117,118,119,128,129,138,139,149]",10,L-SEED,completed,valid,[],,0.05964276774034444,9.421245943420637,B1,2026-08-07T14:35:55.579+02:00,2026-08-07T14:35:55.579+02:00,2026-08-07T14:37:23.621+02:00
345,C000345,improved_dataset_1000_20260807_001,10,345,"[2,2,2,2,2,2,0,0,0,0,0,2,2,2,2,2,0,0,0,0,0,2,2,2,2,2,0,0,0,0,0,2,2,2,0,2,0,0,0,2,0,2,2,2,0,2,2,2,2,2,0,2,2,2,2,2,2,2,2,0,0,2,2,2,2,2,2,2,2,2,2,0,2,0,2,2,2,2,2,2,2,0,2,2,2,2,0,2,2,2,2,2,2,2,2,2,0,0,2,2,2,2,2,2,2,2,0,0,1,1,2,2,2,2,2,0,1,1,1,1,2,0,2,2,2,2,1,1,1,1,2,2,2,2,2,1,1,1,1,1,2,2,2,2,1,1,1,1,1,1,1,1,1,1,1,1,1,1,1,1,1,1,1,1,1,1,1,1,1,1,1,1,1,1,1,1,1,1,1,1]",ed18ce8edeca9d7f9977008f892800ae3d303a8c4b1f8b3cbc0b9e23d7e81a2d,6d49ff0661c7682af8dc136e34695e1632ea5ff1710f9d663148f49ee4686ca8,improved_campaign_offspring,C000311,,5,boundary_growth:small,0.011111111111111112,"[142,143]",2,L-SEED,completed,valid,[],,0.08764950352439528,9.106958098081856,B1,2026-08-07T14:37:23.775+02:00,2026-08-07T14:37:23.775+02:00,2026-08-07T14:39:30.575+02:00
346,C000346,improved_dataset_1000_20260807_001,10,346,"[0,0,0,0,0,0,0,0,0,0,0,0,0,0,1,0,0,0,0,0,0,0,0,0,1,1,0,0,0,0,0,2,2,2,1,0,0,0,0,0,0,2,1,1,1,1,1,1,0,0,0,1,1,1,1,1,1,1,0,0,0,0,0,1,1,0,0,0,0,0,0,0,0,1,1,1,1,0,0,0,0,0,0,1,1,1,1,1,0,0,2,0,0,1,1,1,1,1,1,1,2,2,0,0,1,1,1,1,1,1,2,2,0,0,1,0,1,1,1,1,2,2,0,0,1,0,1,1,1,1,2,2,1,0,0,1,1,1,1,1,0,0,1,1,1,1,1,1,1,1,1,1,1,1,1,1,1,1,1,1,1,1,1,1,1,1,1,1,1,1,1,1,1,1,1,1,1,1,1,1]",4169cfbf51be99aa30e6b7ac2944e56dfd66afe3edd5e1c186903dda00614093,513d2c067e71d7137447ac1ee6eec508b2e9a4afc187f0f19d1372ac81efb882,improved_campaign_offspring,C000289,,1,boundary_growth:small,0.016666666666666666,"[102,112,113,122]",4,L-SEED,completed,valid,[],,0.4056090996612846,6.46587503898625,B1,2026-08-07T14:39:30.815+02:00,2026-08-07T14:39:30.815+02:00,2026-08-07T14:40:47.540+02:00
347,C000347,improved_dataset_1000_20260807_001,10,347,"[0,0,0,0,0,0,0,0,0,0,0,0,0,0,1,0,0,0,0,0,0,0,0,0,1,1,0,0,0,0,0,2,2,2,1,0,0,0,0,0,0,2,1,1,1,1,1,1,0,0,0,1,1,1,1,1,1,1,0,0,0,0,0,1,1,0,0,0,0,0,0,0,0,1,1,1,1,0,0,0,0,0,0,0,0,1,1,1,0,0,2,0,0,1,1,1,1,1,1,1,2,2,1,0,1,1,1,1,1,1,2,2,1,1,1,0,1,1,1,1,2,2,1,0,1,0,1,1,1,1,2,2,1,0,0,1,1,1,1,1,0,0,1,1,1,1,1,1,1,1,1,1,1,1,1,1,1,1,1,1,1,1,1,1,1,1,1,1,1,1,1,1,1,1,1,1,1,1,1,1]",7ba4deeaeec1502e309d1c9f99d40b5c15b013dfd6c9bb3b17a44b181911ae34,7088054a041c880b8963b681b77dab749fafa82823cc4a99ba09a3bc1a119575,improved_campaign_offspring,C000289,,2,connected_region_repaint:small,0.011111111111111112,"[83,84]",2,L-SEED,completed,valid,[],,0.38567428848129803,6.693810128884554,B1,2026-08-07T14:40:47.688+02:00,2026-08-07T14:40:47.688+02:00,2026-08-07T14:42:39.483+02:00
348,C000348,improved_dataset_1000_20260807_001,10,348,"[0,0,0,0,0,0,0,0,0,0,0,0,0,0,0,0,0,0,0,0,0,0,0,0,0,0,0,0,0,0,0,2,2,2,0,0,0,0,0,0,0,2,2,2,0,0,0,0,0,0,0,2,2,0,0,0,0,0,0,0,0,0,0,0,0,1,1,1,1,0,0,0,0,0,0,0,1,1,1,1,0,0,0,0,0,0,0,1,0,0,2,0,0,0,0,0,0,1,1,0,2,0,0,0,0,0,0,0,1,1,2,0,0,0,0,0,0,1,1,1,2,0,0,0,0,0,0,1,1,1,2,0,0,0,0,0,0,0,0,1,0,0,0,0,0,0,0,0,1,1,1,1,0,0,0,0,0,0,0,1,1,1,0,1,0,0,0,0,1,1,1,1,1,1,1,1,0,0,1,1]",1c44b031b6d66cd879729384be6edf24a5fb900dcd24517ca09562612ecea9d2,bbf8ef67dec43cfb9e3e8b7cf230f6c579f0767452a97ffd9a779e644eb75e50,improved_campaign_offspring,C000258,,3,rectangular_patch:large,0.19444444444444445,"[81,82,83,84,85,86,91,92,94,95,96,101,102,104,105,106,107,111,112,113,114,121,122,123,124,131,132]",27,L-SEED,completed,valid,[],,0.17807534045773976,8.083754046084161,B1,2026-08-07T14:42:39.635+02:00,2026-08-07T14:42:39.635+02:00,2026-08-07T14:43:37.087+02:00
349,C000349,improved_dataset_1000_20260807_001,10,349,"[0,0,0,0,0,0,0,0,0,0,0,0,0,0,0,0,0,0,0,0,0,0,0,0,0,0,0,0,0,0,0,0,0,0,0,0,0,0,0,0,2,0,2,2,0,0,0,0,0,0,2,2,2,2,0,0,0,0,0,0,2,0,2,2,2,0,0,2,2,2,2,2,2,2,2,2,2,2,2,2,2,2,2,2,2,2,2,2,2,2,2,2,2,2,2,2,2,2,2,2,2,2,0,2,2,2,2,2,0,0,0,0,0,0,0,0,0,0,0,0,0,0,0,0,0,0,0,0,0,0,0,0,0,0,0,0,0,0,0,0,0,0,0,0,0,0,1,1,1,1,0,0,0,0,0,0,0,1,0,1,0,2,0,0,0,0,0,1,2,2,2,2,2,0,0,0,0,1,2,2]",8343505793f35bb36adb4501305714e201341c5e27bc6b560486fc1e858649a5,1805dc223c5cb594109dc70f6916206ab50599f011e2c9306d55aa2d26eb7589,improved_campaign_offspring,C000200,,4,connected_region_repaint:large,0.17777777777777778,"[102,110,111,112,113,114,122,123,124,130,131,132,135,136,142,143,144,145,150,151,152,153,154,155,156,160,162,163,165,166,173,176]",32,L-SEED,completed,valid,[],,0.05352064397582855,9.488077033379396,B1,2026-08-07T14:43:37.235+02:00,2026-08-07T14:43:37.235+02:00,2026-08-07T14:44:40.119+02:00
350,C000350,improved_dataset_1000_20260807_001,10,350,"[0,0,0,0,0,0,0,0,0,0,0,0,0,0,0,0,0,0,0,0,0,0,0,0,0,0,0,0,0,0,0,2,2,2,0,0,0,0,0,0,0,2,1,1,1,1,1,1,0,0,0,1,1,1,1,1,1,1,0,0,0,0,0,1,1,0,0,0,0,0,0,0,0,1,1,1,1,0,0,0,0,0,0,1,1,1,1,1,0,0,2,0,0,1,1,1,1,1,1,1,2,2,1,0,1,1,1,1,1,1,2,2,1,1,1,0,1,1,1,1,2,2,1,0,1,0,1,1,1,2,2,2,1,0,0,1,1,1,1,2,0,0,1,1,1,1,1,1,1,2,1,1,1,1,1,1,1,1,1,2,1,1,1,1,1,1,1,1,1,1,1,1,1,1,1,1,1,1,1,1]",2ac15d12d4875bb23d53dae8baba65d96ad41b6b7e5a8429e21bfbc38bc492ee,ac990221deb771103794602c290257516548da604afccfdaf73eb1dd76521db8,improved_campaign_offspring,C000256,,5,connected_region_repaint:small,0.022222222222222223,"[129,139,149,159]",4,L-SEED,completed,valid,[],,0.20420930360505635,7.8473702952943745,B1,2026-08-07T14:44:40.290+02:00,2026-08-07T14:44:40.290+02:00,2026-08-07T14:46:15.510+02:00
351,C000351,improved_dataset_1000_20260807_001,10,351,"[2,2,2,2,2,2,0,0,0,0,2,2,2,2,2,2,2,0,0,0,2,2,2,2,2,0,2,0,0,0,2,2,2,2,2,2,2,0,0,0,2,2,2,2,2,0,2,0,0,0,2,2,2,2,2,2,0,0,0,0,2,2,2,2,2,2,0,0,0,0,2,2,2,2,2,2,0,0,0,0,2,2,2,2,2,2,0,0,0,0,2,2,2,2,2,2,1,1,1,0,2,2,2,2,2,2,1,1,1,1,2,2,2,2,2,2,1,1,1,1,2,2,2,2,2,2,0,0,1,1,2,2,2,0,2,2,2,2,1,1,0,0,0,0,2,2,2,0,0,1,0,0,0,0,0,0,0,0,0,1,0,0,0,0,0,0,0,0,1,1,0,0,0,0,0,0,0,0,1,1]",ce9877bc3ac84de984d827f370c41a29bbe3ba409238b6bc62a0bd21332f94d7,a159af30e24b33296d6b3e8bae0c381f59ae44a550b67d3bc677af13551b8ffd,improved_campaign_offspring,C000325,,1,boundary_growth:large,0.15555555555555556,"[0,1,2,3,4,5,10,11,12,13,14,15,16,20,21,22,26,30,31,32,35,36,40,41,46,51,52,61]",28,L-SEED,completed,valid,[],,0.11895297372287496,8.726208869807692,B1,2026-08-07T14:46:15.755+02:00,2026-08-07T14:46:15.755+02:00,2026-08-07T14:47:34.628+02:00
352,C000352,improved_dataset_1000_20260807_001,10,352,"[2,2,2,2,2,2,2,0,0,0,2,2,2,2,2,2,0,2,0,0,2,2,2,2,2,2,2,2,0,0,2,2,2,2,2,2,2,2,2,0,0,2,2,2,2,0,2,2,0,0,2,2,0,2,2,2,2,2,0,0,2,2,2,2,2,2,0,0,0,0,2,2,2,2,2,2,0,0,0,0,2,2,2,2,2,2,0,0,0,0,2,2,2,2,2,2,1,1,1,0,2,2,2,2,2,2,1,1,1,1,2,2,2,2,2,2,1,1,1,1,2,2,2,2,2,2,0,0,1,1,2,2,2,0,2,2,2,2,1,1,0,0,0,0,2,2,2,0,0,1,0,0,0,0,0,0,0,0,0,1,0,0,0,0,0,0,0,0,1,1,0,0,0,0,0,0,0,0,1,1]",9786b449f5f8db1521a2ef50a128c49e108d40a24cebfc2ca26ef6f72c797592,63f9949c47e43b2b5c230f937df42dffb5642ef5687cea6b68b7f8e80622aac1,improved_campaign_offspring,C000325,,2,boundary_growth:large,0.18888888888888888,"[0,1,2,3,4,5,6,10,11,12,13,14,15,17,20,21,22,25,26,27,30,31,32,35,36,37,38,41,46,47,51,56,57,61]",34,L-SEED,completed,valid,[],,0.11426876721175001,8.771033333173648,B1,2026-08-07T14:47:34.782+02:00,2026-08-07T14:47:34.782+02:00,2026-08-07T14:48:59.466+02:00
353,C000353,improved_dataset_1000_20260807_001,10,353,"[2,2,2,2,2,2,2,2,0,0,0,2,2,2,2,2,2,2,2,0,0,2,2,2,2,2,2,2,2,0,0,2,2,2,0,2,2,2,2,2,0,2,2,2,0,2,2,2,2,2,0,2,2,2,2,2,2,2,2,0,0,2,2,2,2,2,2,2,2,2,0,0,2,0,0,2,2,2,2,2,0,0,0,0,0,2,1,2,2,2,0,0,0,0,0,2,1,1,2,2,2,0,0,2,2,2,1,1,1,1,2,0,0,2,2,2,1,1,1,0,2,2,2,2,2,2,1,1,1,1,2,2,2,2,2,2,1,1,1,1,2,2,2,2,2,2,1,1,1,1,2,2,2,2,2,2,1,1,0,1,0,1,1,0,0,0,0,1,0,1,0,0,1,0,0,0,0,1,1,1]",ecdedd19264b3c4b6fb2e9c9cd1a0029f979e23691e52b36fb5832bcef97ca75,e39361c86973217b9886f6ea5d0e379acf648896c79486491d69ab2158221a79,improved_campaign_offspring,C000322,,3,connected_region_repaint:large,0.1388888888888889,"[86,96,97,106,107,108,109,116,117,118,126,127,128,129,136,137,138,139,146,147,148,149,156,157,159]",25,L-SEED,completed,valid,[],,0.10019626144721207,8.929056340051613,B1,2026-08-07T14:48:59.620+02:00,2026-08-07T14:48:59.620+02:00,2026-08-07T14:50:49.849+02:00
354,C000354,improved_dataset_1000_20260807_001,10,354,"[2,0,0,0,0,0,0,0,0,0,2,0,0,0,0,0,0,0,0,0,2,2,2,2,2,2,2,0,0,0,0,0,2,2,2,2,2,0,0,0,0,0,0,2,2,2,0,0,0,0,0,0,0,0,0,0,0,0,0,0,0,0,0,0,0,0,0,2,0,0,0,0,0,0,2,2,0,2,0,0,0,0,0,2,0,2,2,2,2,0,0,2,2,2,2,2,2,2,2,2,2,2,2,0,0,2,2,2,1,1,2,2,2,0,2,2,2,1,1,1,2,2,2,2,2,2,2,2,1,1,2,2,2,2,2,2,2,2,1,1,2,2,2,2,2,2,2,2,2,1,2,2,0,2,2,2,2,2,2,1,2,2,2,2,2,2,2,2,1,1,0,2,2,2,2,2,2,0,1,1]",12463df463b5dac07b019ed215580068e08ccd5a945616ada8fed845f862042b,cb6ff3b0c0bcf68a1ef2199cca79ceb6ce21299141462a4f16661f01b6bc9d97,improved_campaign_offspring,C000265,,4,boundary_growth:large,0.11666666666666667,"[67,74,75,77,83,85,86,87,88,93,94,95,96,97,98,99,106,107,116,126,127]",21,L-SEED,completed,valid,[],,0.0871187525818165,9.12037867220741,B1,2026-08-07T14:50:50.014+02:00,2026-08-07T14:50:50.014+02:00,2026-08-07T14:52:42.837+02:00
355,C000355,improved_dataset_1000_20260807_001,10,355,"[2,1,1,1,1,1,1,1,1,1,2,1,1,1,1,1,1,1,1,1,2,1,2,2,2,1,1,1,0,0,2,2,2,2,2,1,1,1,1,1,2,2,2,2,2,1,1,1,1,1,2,2,2,2,2,2,1,1,1,1,2,2,2,2,2,2,1,1,1,1,2,2,2,2,2,2,1,1,1,1,2,2,2,2,2,2,1,1,1,1,2,2,2,2,2,2,1,1,1,1,2,2,2,2,2,2,1,1,1,1,2,2,2,2,2,2,1,1,1,1,0,0,2,2,2,2,1,0,1,1,2,2,2,0,2,2,2,2,1,1,0,0,0,0,2,2,2,0,0,1,0,0,0,0,0,0,0,0,0,1,0,0,0,0,0,0,0,0,1,1,0,0,0,0,0,0,0,0,1,1]",5416ded70585981e326a0b39945578a38c28563d18ce758335718b4a4f4e3aae,3dcd2607ec45d7e2a7a943cf0f4ef843663da230cfcb15f8adf9b0fc12fd7bef,improved_campaign_offspring,C000293,,5,boundary_growth:small,0.005555555555555556,[21],1,L-SEED,completed,valid,[],,0.6088120951034175,3.6526616202596207,B3,2026-08-07T14:52:43.025+02:00,2026-08-07T14:52:43.025+02:00,2026-08-07T14:55:35.511+02:00
356,C000356,improved_dataset_1000_20260807_001,10,356,"[2,2,2,2,2,0,0,0,0,0,0,2,2,2,0,0,0,0,0,0,0,2,2,2,0,0,0,0,0,0,0,2,2,2,0,0,0,2,2,2,0,0,0,0,0,2,2,2,2,2,0,0,0,2,2,2,2,2,0,0,0,0,0,0,0,2,2,2,0,2,0,0,0,0,0,0,0,2,0,2,0,0,0,0,0,0,0,0,0,2,2,2,2,2,0,0,0,0,2,2,2,0,2,2,2,2,2,2,1,1,0,0,0,0,2,2,2,1,1,1,2,0,0,2,2,2,2,2,1,1,2,2,2,2,2,2,2,2,1,1,0,0,2,2,1,1,2,2,1,1,0,0,1,0,1,1,2,1,1,1,0,1,1,1,1,1,1,1,1,1,1,1,1,1,1,1,1,1,1,1]",285c139a0c6ac51518bd94a13db491593fd02cad492854c940bc5ddbeba7317b,1cd07510aae8aafb2f655afbe793f93a767cb4900bd5da6919fa1ee8ece182e2,improved_campaign_offspring,C000297,,1,connected_region_repaint:small,0.022222222222222223,"[111,112,113,121]",4,L-SEED,completed,valid,[],,0.08090304657733215,9.190739235404846,B1,2026-08-07T14:55:35.828+02:00,2026-08-07T14:55:35.828+02:00,2026-08-07T14:57:58.048+02:00
357,C000357,improved_dataset_1000_20260807_001,10,357,"[2,2,2,2,2,0,0,2,0,0,0,2,2,2,0,0,2,2,2,0,0,2,2,2,0,0,0,0,0,0,0,2,0,0,0,0,0,2,2,2,2,2,0,0,0,0,0,0,2,2,2,0,0,0,0,0,0,0,0,0,0,0,0,0,0,0,0,0,0,0,0,1,0,0,0,0,0,0,0,0,1,1,0,0,0,0,1,0,0,0,1,1,1,1,0,0,1,1,0,0,1,1,1,1,1,1,1,1,1,1,1,1,1,1,1,1,1,1,1,1,1,1,0,1,1,1,1,1,1,1,1,1,1,1,1,1,1,1,1,1,1,1,1,1,1,1,1,1,1,1,1,1,1,0,1,1,1,1,1,1,1,1,1,1,1,1,1,1,1,1,1,1,1,1,1,1,1,1,1,1]",439da469d71dbe98de04ef58281d90a739578b3083736e1e1501c9d072f493bf,41a7758f29a9b6d20cbf26bd7a6795962dc984d9d9755da26add30358b80c8cd,improved_campaign_offspring,C000329,,2,connected_region_repaint:small,0.011111111111111112,"[32,33]",2,L-SEED,completed,valid,[],,0.12088508387459544,8.730643276391852,B1,2026-08-07T14:57:58.204+02:00,2026-08-07T14:57:58.204+02:00,2026-08-07T14:59:07.736+02:00
358,C000358,improved_dataset_1000_20260807_001,10,358,"[2,2,2,2,2,2,2,2,0,0,0,2,2,2,2,2,0,2,0,0,0,2,2,2,2,2,0,0,0,0,0,2,2,2,0,2,2,0,0,0,0,2,2,2,0,0,0,0,0,0,0,2,2,2,2,2,2,1,0,0,0,2,2,2,2,2,2,1,1,2,0,1,2,0,0,1,1,1,1,2,1,1,0,0,0,0,1,1,1,2,1,1,1,1,0,0,1,1,2,2,1,1,1,1,1,1,1,1,1,1,1,1,1,1,1,1,1,1,1,1,1,1,0,1,1,1,1,1,1,1,1,1,1,1,1,1,1,1,1,1,1,1,1,1,1,1,1,1,1,1,1,1,1,0,1,1,1,1,1,1,1,1,1,1,1,1,1,1,1,1,1,1,1,1,1,1,1,1,1,1]",dfce7433b2e48593a777000d4b14e94b4ef4534096c4c9673bd9799720b01472,2cdb7679e6cb77ece2197c16b1d27ffa4b19f128e3f5a55618a592f44918c7f1,improved_campaign_offspring,C000298,,3,connected_region_repaint:medium,0.05,"[16,18,26,27,28,29,37,39,45,46,47,48,49,58]",14,L-SEED,completed,valid,[],,0.14963960531917234,8.395635579035497,B1,2026-08-07T14:59:08.096+02:00,2026-08-07T14:59:08.096+02:00,2026-08-07T15:00:51.415+02:00
359,C000359,improved_dataset_1000_20260807_001,10,359,"[2,2,2,2,2,2,2,2,0,0,2,2,2,2,2,2,1,2,1,0,2,2,2,2,2,2,1,1,1,1,2,2,2,2,0,2,2,1,0,1,2,2,2,2,0,1,1,1,1,1,2,2,2,2,2,2,2,1,1,0,2,2,2,2,2,2,2,1,1,2,2,1,2,0,0,1,1,1,1,2,1,1,0,0,0,0,1,1,1,2,1,1,1,2,0,0,1,1,2,2,1,1,2,2,1,1,1,1,1,1,1,1,1,2,1,1,1,1,1,1,1,1,0,1,1,1,1,1,1,1,1,1,1,1,1,1,1,1,1,1,1,1,1,1,1,1,1,1,1,1,1,1,1,0,1,1,1,1,1,1,1,1,1,1,1,1,1,1,1,1,1,1,1,1,1,1,1,1,1,1]",d286fcfe52afa639228c5f842295a2ecbf649260b37d3836f86307590e1e4b14,98336448fcefcef82b82a361475bd7f30111deca9d62d390a5b196518693b7db,improved_campaign_offspring,C000330,,4,connected_region_repaint:large,0.12777777777777777,"[10,20,30,40,50,60,70]",7,L-SEED,completed,valid,[],,0.41881532229838736,5.6655964347995775,B1,2026-08-07T15:00:51.654+02:00,2026-08-07T15:00:51.654+02:00,2026-08-07T15:05:16.257+02:00
360,C000360,improved_dataset_1000_20260807_001,10,360,"[2,2,2,2,2,2,2,2,0,0,0,2,2,2,2,2,1,2,1,0,0,2,2,2,2,2,1,1,1,1,0,2,2,2,0,2,2,1,0,1,0,2,2,2,0,1,1,1,1,1,0,2,2,2,2,2,2,1,1,0,0,2,2,2,2,2,2,1,1,2,0,1,2,0,0,1,1,1,1,2,1,1,1,1,0,0,1,1,1,2,1,1,1,2,0,0,1,1,2,2,1,1,2,2,1,1,1,1,1,1,1,1,1,2,1,1,1,1,1,1,1,1,0,1,1,1,1,1,1,1,1,1,1,1,1,1,1,1,1,1,1,1,1,1,1,1,1,1,1,1,1,1,1,0,1,1,1,1,1,1,1,1,1,1,1,1,1,1,1,1,1,1,1,1,1,1,1,1,1,1]",2665bd1f6dae1c55c12bdbc0254eeca2895a61eeaeb9febe6086e94d5455ae83,af1eb68ec9cf633f8ae8a366cef2c315be1f78a134dfbe0fa98cbc34308a5bac,improved_campaign_offspring,C000330,,5,boundary_growth:small,0.011111111111111112,"[82,83]",2,L-SEED,completed,valid,[],,0.4080001749257682,5.783636826941153,B1,2026-08-07T15:05:16.414+02:00,2026-08-07T15:05:16.414+02:00,2026-08-07T15:09:50.677+02:00
361,C000361,improved_dataset_1000_20260807_001,11,361,"[2,2,2,2,2,2,2,2,0,0,0,2,2,2,2,2,2,0,0,0,0,2,2,2,2,2,0,0,0,0,0,2,2,2,0,0,0,0,0,0,0,2,2,2,0,0,0,0,0,0,0,2,2,2,2,0,0,1,0,0,2,2,2,0,0,0,0,1,1,1,2,0,2,0,0,1,1,1,1,1,2,0,2,2,1,1,0,1,1,1,1,1,1,1,1,1,0,0,1,1,2,2,1,1,1,0,0,0,1,1,2,2,2,2,2,0,1,1,1,1,2,0,2,2,2,2,1,1,1,1,2,2,2,2,2,1,1,1,1,1,2,2,0,0,1,1,1,1,1,1,0,0,0,0,1,1,1,1,1,1,0,0,1,1,1,1,1,1,1,1,0,0,1,1,1,1,1,1,1,1]",90fb152ba7fc4b9b106fc72e0c96a8c09495ff58ef122f7b548b4730ad13dac6,eb343c3bd756ad547d6d7dd85bdc96e5df2955e1b3d579786d96fe0f67ed4b5b,improved_campaign_offspring,C000271,,1,connected_region_repaint:medium,0.07222222222222222,"[17,18,26,27,28,35,36,37,38,45,46,47,48,49,55,56,58]",17,L-SEED,completed,valid,[],,0.1798595834488884,8.056436540336877,B1,2026-08-07T15:09:51.115+02:00,2026-08-07T15:09:51.115+02:00,2026-08-07T15:13:19.630+02:00
362,C000362,improved_dataset_1000_20260807_001,11,362,"[0,1,1,1,1,1,1,1,1,1,0,1,1,1,1,1,1,1,1,1,0,0,0,1,1,1,1,1,1,1,0,2,2,2,1,1,1,1,1,1,0,2,2,2,1,1,1,1,1,1,0,2,2,2,0,1,1,1,1,1,2,2,2,2,2,1,1,1,1,1,2,2,2,2,2,1,1,1,1,1,2,2,2,2,2,1,1,1,1,1,2,2,2,2,2,1,1,1,1,1,2,2,2,2,2,1,1,1,1,1,2,2,2,2,2,1,1,1,1,1,2,2,2,2,2,1,1,1,1,1,0,2,2,0,0,1,1,1,1,1,0,0,1,1,1,1,1,1,1,1,1,1,1,1,1,1,1,1,1,1,1,1,1,1,1,1,1,1,1,1,1,1,1,1,1,1,1,1,1,1]",6167923367a8b9c81eb299f7c9557f022b7528a3711e52a4b5a183ffed0cc4b9,71102f1016fb3a22a80527b1eb0c8f29902cfeba1415c61bb7ebe671cd3e7044,improved_campaign_offspring,C000274,,2,boundary_growth:small,0.022222222222222223,"[23,24,34,44]",4,L-SEED,completed,valid,[],,1.0184416879835596,0.1193137524824377,B7,2026-08-07T15:13:19.789+02:00,2026-08-07T15:13:19.789+02:00,2026-08-07T15:14:42.329+02:00
363,C000363,improved_dataset_1000_20260807_001,11,363,"[0,1,1,1,1,1,1,1,1,1,0,1,1,1,1,1,1,1,1,1,0,0,0,0,0,1,1,1,1,1,0,2,2,2,0,1,1,1,1,1,0,2,2,2,0,1,1,1,1,1,0,2,2,2,0,1,1,1,1,1,2,2,2,2,2,1,1,1,1,1,2,1,2,2,2,1,1,1,1,1,2,1,1,1,1,1,1,1,1,1,1,1,1,1,1,1,1,1,1,1,0,1,1,1,1,1,1,1,1,1,1,1,1,1,0,1,1,1,1,1,1,1,1,1,0,1,1,1,1,1,1,1,1,1,0,1,1,1,1,1,1,0,1,1,1,1,1,1,1,1,1,1,1,1,1,1,1,1,1,1,1,1,1,1,1,1,1,1,1,1,1,1,1,1,1,1,1,1,1,1]",f2ef58674ee1b2fafd28af01cf041d0b92d03bb0d82c0fcf476e6ce8a21fca5c,6143adc87b3912729724fdcf362cfcf5ef0d8ae0a8524b81fff416bc8180a297,improved_campaign_offspring,C000273,,3,connected_region_repaint:medium,0.07777777777777778,"[71,81,82,83,84,90,91,92,93,94,100,101,102,103,104,114,124]",17,L-SEED,completed,valid,[],,0.994727763371325,0.12061556106467368,B6,2026-08-07T15:14:42.577+02:00,2026-08-07T15:14:42.577+02:00,2026-08-07T15:17:03.331+02:00
364,C000364,improved_dataset_1000_20260807_001,11,364,"[2,2,2,2,0,2,0,0,0,0,2,2,2,2,2,2,2,0,0,0,2,2,2,2,2,2,2,2,2,2,2,2,2,2,2,2,2,0,0,0,0,0,0,0,0,0,0,0,0,0,0,0,0,0,0,0,0,0,0,0,0,0,0,0,0,0,0,0,0,0,0,0,0,0,0,0,0,0,0,0,0,0,0,0,0,0,0,0,0,0,2,0,0,0,0,2,1,1,1,0,2,2,2,0,2,2,2,2,1,1,2,0,2,0,2,0,1,1,1,1,2,0,2,0,2,0,1,1,1,1,2,2,2,0,0,1,1,1,1,1,0,0,1,1,1,1,1,1,1,1,1,1,1,1,1,1,1,1,1,1,1,1,1,1,1,1,1,1,1,1,1,1,1,1,1,1,1,1,1,1]",69c8f8d6d926227c3aa915257233d6a7bb93a2abc3c0f2f57176e5438c6ca22c,e3b0143918ba934a6b7ad9d83ae2ff8d05b8165a8f3cbd9151de17ff44c9d217,improved_campaign_offspring,C000305,,4,connected_region_repaint:small,0.011111111111111112,"[111,121]",2,L-SEED,completed,valid,[],,0.12036524788976827,8.731825312754903,B1,2026-08-07T15:17:03.484+02:00,2026-08-07T15:17:03.484+02:00,2026-08-07T15:18:11.820+02:00
365,C000365,improved_dataset_1000_20260807_001,11,365,"[2,2,1,1,0,1,0,0,0,0,2,1,1,1,1,1,1,0,0,0,2,1,1,1,1,1,1,1,1,0,1,1,1,1,1,1,1,0,0,0,0,1,1,1,1,1,0,0,0,0,0,1,0,1,1,0,0,0,0,0,1,1,1,1,1,1,1,1,1,0,1,1,1,1,1,1,1,1,1,1,1,1,1,1,1,1,1,1,0,0,2,1,1,1,2,2,1,1,1,0,2,2,2,1,2,2,2,2,1,1,2,2,2,2,2,0,1,1,1,1,2,2,2,2,2,0,1,1,1,1,2,2,2,0,0,1,1,1,1,1,0,0,0,0,0,0,1,1,1,1,1,1,0,1,0,1,1,1,1,1,1,1,1,1,0,1,1,1,1,1,1,1,1,1,1,1,1,1,1,1]",ebc561b99a66cb82b02bfeb8959f66af7a0a5be2b48ff0a9a234e5d905248e98,30c361d593c26eea7d2887763fdc67c1f177b70fce91930a54055d41e7394126,improved_campaign_offspring,C000004,,5,connected_region_repaint:medium,0.03888888888888889,"[142,143,144,145,152,154,164]",7,L-SEED,completed,valid,[],,0.1861377441345229,11.618262106702627,B1,2026-08-07T15:18:11.982+02:00,2026-08-07T15:18:11.982+02:00,2026-08-07T15:22:46.668+02:00
366,C000366,improved_dataset_1000_20260807_001,11,366,"[0,0,0,0,0,0,0,0,0,0,0,0,0,0,0,0,0,0,0,0,0,0,0,0,0,0,0,0,0,0,0,2,2,2,0,0,0,0,0,0,0,2,2,2,0,0,0,0,0,0,0,2,2,2,0,0,0,0,2,0,0,2,2,2,0,0,0,0,2,2,0,0,2,0,0,0,0,0,0,2,0,0,0,0,0,0,0,2,2,2,0,0,0,0,0,0,0,0,2,2,0,0,0,0,0,0,0,0,0,2,0,0,0,0,0,0,0,0,0,2,0,0,0,0,0,0,2,0,0,2,0,0,0,0,0,2,2,2,0,2,0,0,2,2,2,2,2,2,2,2,0,2,2,2,2,2,2,2,0,2,2,2,2,2,2,2,2,2,2,2,2,2,1,2,2,2,2,1,1,1]",d69532dc1363a14a6810a997b5dd7449acf79122293c9c25f78bca7d0b83ad27,f53a3932251ca0d5d24b6c27ed61b13eb1f3a3c5a5fa929715b008db87f2849c,improved_campaign_offspring,C000216,,1,boundary_growth:small,0.005555555555555556,[58],1,L-SEED,completed,valid,[],,0.04078707783073947,9.65069829460306,B1,2026-08-07T15:22:46.917+02:00,2026-08-07T15:22:46.917+02:00,2026-08-07T15:24:16.989+02:00
367,C000367,improved_dataset_1000_20260807_001,11,367,"[0,0,0,0,0,0,0,0,0,0,0,0,0,0,0,0,0,0,0,0,0,0,0,0,0,0,0,0,0,0,0,2,2,2,0,0,0,0,0,0,0,2,2,2,0,0,0,0,0,0,0,2,2,2,0,0,0,0,0,0,0,2,2,2,0,0,0,0,2,2,0,0,2,0,0,0,0,0,0,2,0,0,0,0,0,0,0,2,2,2,0,0,0,0,0,0,0,0,2,2,0,0,0,0,0,0,0,0,0,2,0,0,0,0,0,0,0,0,0,2,0,0,0,0,0,0,0,0,0,2,0,0,0,0,0,2,0,2,0,2,0,0,2,2,2,2,2,2,2,2,0,2,2,2,2,2,2,2,0,2,2,2,2,2,2,2,2,2,2,2,2,2,1,2,2,2,2,1,1,1]",1ff8a5446693b4180b066ba77beacd883d45a7e1338aec3a753d93b37c6f314d,c80b967f75bb714688d7c50233d22316d7fdcc550a53830dfdab5dc832bf5ead,improved_campaign_offspring,C000216,,2,rectangular_patch:small,0.016666666666666666,"[126,136]",2,L-SEED,completed,valid,[],,0.04278907020659109,9.624284956324592,B1,2026-08-07T15:24:17.141+02:00,2026-08-07T15:24:17.141+02:00,2026-08-07T15:25:52.348+02:00
368,C000368,improved_dataset_1000_20260807_001,11,368,"[2,0,0,0,0,0,0,0,0,0,2,2,0,2,0,0,0,0,2,0,2,2,0,2,2,2,0,2,2,0,2,2,2,2,2,2,2,2,2,2,2,2,0,2,2,2,2,0,2,2,2,2,0,2,2,0,2,2,2,2,0,2,0,2,2,2,2,2,2,2,2,2,2,2,2,2,2,2,2,2,1,2,2,2,2,0,2,2,2,2,1,1,2,2,2,2,2,2,2,2,1,1,0,1,2,2,2,2,2,2,1,1,1,1,1,2,2,2,2,2,1,1,1,1,1,2,2,2,2,2,1,1,1,0,0,1,2,2,2,2,0,0,1,1,1,1,2,2,2,2,0,0,1,1,1,1,2,2,0,2,1,1,1,1,0,1,2,2,2,2,1,1,2,2,2,2,1,1,2,2]",88ad31ad9c627f16a356c7329e6e340e6a613c7ac21345946a935cd7802dc8db,648ae3bcad2c8bc1bead1e55724fe7aeea96770716884f615c2a8ff86417c7e7,improved_campaign_offspring,C000126,,3,connected_region_repaint:medium,0.03888888888888889,"[0,10,11,20,21,30,40]",7,L-SEED,completed,valid,[],,0.04368412494725066,9.621800178226735,B1,2026-08-07T15:25:52.512+02:00,2026-08-07T15:25:52.512+02:00,2026-08-07T15:29:00.759+02:00
369,C000369,improved_dataset_1000_20260807_001,11,369,"[0,0,0,0,2,2,0,2,2,2,0,0,0,0,2,0,0,2,0,0,0,0,0,2,2,2,2,2,0,0,0,2,2,2,2,2,2,2,2,0,0,2,2,2,2,2,2,0,2,2,0,2,2,2,2,2,2,2,2,2,2,2,0,0,2,2,2,2,2,2,0,2,2,0,0,2,2,2,2,2,0,2,2,2,2,2,2,2,2,2,2,2,2,2,2,2,2,2,2,2,2,2,2,2,2,2,2,2,2,2,0,0,0,0,2,2,2,2,2,0,0,0,0,0,0,2,2,0,0,0,0,2,2,2,0,2,2,2,0,0,0,0,2,2,2,2,2,2,0,0,0,0,0,0,0,0,0,0,0,0,0,0,0,0,0,0,0,0,0,0,0,0,0,0,0,0,1,1,0,0]",1f4c52dfd0a912577afbad163152969b1bdc677210c5903dcfa36c183b0d4aa4,a6ae463b2a3561199fccc94a37fe62b7156ebf6aba83b1b070217207c59f6402,improved_campaign_offspring,C000218,,4,boundary_growth:large,0.2,"[71,72,81,85,90,91,92,94,95,100,101,102,103,104,105,108,109,114,115,116,117,118,125,126,131,132,133,135,136,137,142,143,144,145,146,147]",36,L-SEED,completed,valid,[],,0.04741459506864327,9.58692193524474,B1,2026-08-07T15:29:00.912+02:00,2026-08-07T15:29:00.912+02:00,2026-08-07T15:30:45.407+02:00
370,C000370,improved_dataset_1000_20260807_001,11,370,"[0,0,0,0,0,0,0,0,0,0,0,0,0,0,0,0,0,1,0,0,0,0,1,0,0,0,1,1,0,0,0,0,1,1,0,1,1,0,0,0,0,1,1,1,1,1,1,2,0,0,0,0,0,1,1,1,1,2,2,0,0,1,1,1,1,1,2,2,2,2,1,1,1,1,1,1,1,1,2,2,0,0,1,1,1,1,1,1,2,2,1,1,1,1,1,2,1,1,1,1,2,0,1,2,2,2,1,1,1,1,2,0,0,2,2,2,1,1,1,1,2,2,0,2,2,2,1,0,1,1,2,2,2,0,2,0,0,0,1,1,0,0,0,0,0,0,0,0,0,1,0,0,0,0,0,0,0,0,0,1,0,0,0,0,0,0,0,0,1,1,0,0,0,0,0,0,0,0,1,1]",9eef8c4c8eb989bd45b5cd161b2d92fb2ce595fc0bd7521f86f540c2ca0644fa,e2ead3f1f5e471a417af7aeefe0f85ba032438f8fc00819b14e5c7304c6afedb,improved_campaign_offspring,C000019,,5,connected_region_repaint:medium,0.06111111111111111,"[95,103,104,105,113,114,115,123,124,125,134]",11,L-SEED,completed,valid,[],,0.05260530652762588,10.919001499804093,B1,2026-08-07T15:30:45.572+02:00,2026-08-07T15:30:45.572+02:00,2026-08-07T15:34:14.598+02:00
371,C000371,improved_dataset_1000_20260807_001,11,371,"[0,0,0,0,0,1,1,1,1,1,0,0,0,0,0,0,1,1,1,1,0,0,0,0,0,1,1,1,1,1,0,2,2,2,0,1,1,1,1,1,0,2,2,2,0,1,1,1,1,1,0,2,2,2,0,0,1,1,1,1,2,2,2,2,2,0,1,1,1,1,2,2,2,2,2,0,1,1,1,1,2,2,2,2,2,0,1,1,1,1,2,2,2,2,2,0,1,1,1,1,2,2,2,2,2,0,1,1,1,1,2,2,2,2,2,0,1,1,1,1,2,2,2,2,2,1,1,1,1,1,2,2,2,0,0,1,0,1,1,1,0,0,0,0,0,0,1,1,1,1,0,0,0,0,0,0,0,1,1,1,0,0,0,0,0,0,1,1,1,1,0,0,0,0,1,0,0,1,1,1]",3edd4faa3a19e9a76d5d5f04462700ce94124135765186d8118e7aba0a35e6dd,695e756581b120e1684df39d313b74b07e31ff664b2031b173e300a456a50532,improved_campaign_offspring,C000342,,1,boundary_growth:medium,0.05,"[1,2,3,4,11,12,13,14,15]",9,L-SEED,completed,valid,[],,0.728020292305689,2.3875739535088614,B4,2026-08-07T15:34:14.844+02:00,2026-08-07T15:34:14.844+02:00,2026-08-07T15:36:02.980+02:00
372,C000372,improved_dataset_1000_20260807_001,11,372,"[0,1,1,1,1,1,1,1,1,1,0,1,1,1,1,1,1,1,1,1,0,0,0,0,0,1,1,1,1,1,0,2,2,2,0,1,1,1,1,1,0,2,2,2,0,1,1,1,1,1,0,2,2,2,0,0,1,1,1,1,2,2,2,2,2,0,1,1,1,1,2,2,2,2,2,0,1,1,1,1,2,2,2,2,2,0,1,1,1,1,2,2,2,2,2,0,1,1,1,1,2,2,2,2,2,0,1,1,1,1,2,2,2,2,2,0,1,1,1,1,2,2,2,2,2,0,1,1,1,1,2,2,2,0,0,0,0,1,1,1,0,0,0,0,0,0,1,1,1,1,0,0,0,0,0,0,0,1,1,1,0,0,0,0,0,0,1,1,1,1,0,0,0,0,1,0,0,1,1,1]",0614501744518d41dbe13c7fa26cbf8a2b63ae0f8ddefc5fa99cbc4e49eb7f9f,262e44b96b42b310a7133dacf0a72036dd764dbaaf8bd8556ebce989dba6fd22,improved_campaign_offspring,C000342,,2,connected_region_repaint:small,0.011111111111111112,"[125,135]",2,L-SEED,completed,valid,[],,0.7280847623376164,2.33359959968503,B4,2026-08-07T15:36:03.138+02:00,2026-08-07T15:36:03.138+02:00,2026-08-07T15:38:08.855+02:00
373,C000373,improved_dataset_1000_20260807_001,11,373,"[0,0,0,0,0,0,2,2,0,0,0,2,0,0,0,0,2,2,2,0,0,2,2,2,0,0,2,2,2,0,0,2,2,2,0,2,2,2,2,2,0,2,2,2,0,2,2,2,2,2,0,2,2,2,2,2,2,2,2,0,2,2,0,2,2,2,2,2,2,2,2,0,0,0,2,2,2,2,2,2,2,0,2,2,2,2,0,2,2,2,2,2,2,2,2,2,0,0,2,2,2,2,2,2,2,2,0,0,0,0,2,2,2,2,2,0,0,0,0,0,2,0,2,2,2,2,0,0,0,0,2,2,2,2,2,0,0,0,0,0,2,2,0,0,0,0,0,0,0,0,0,0,0,0,0,0,0,0,0,0,1,0,0,1,0,0,0,0,0,0,1,0,0,1,1,0,0,0,1,1]",1388f3b1dbcb5a641b1559f3969fbf40da6fac1b680f8f88a3e2265ba74ef2b5,877e5572d7d0e730e3ac07ee1b3d684a893a0fc3e43a940ff0cd171fe6c53949,improved_campaign_offspring,C000132,,3,connected_region_repaint:small,0.011111111111111112,"[62,72]",2,L-SEED,completed,valid,[],,0.05472756105870665,9.447240155158022,B1,2026-08-07T15:38:09.007+02:00,2026-08-07T15:38:09.007+02:00,2026-08-07T15:39:55.485+02:00
374,C000374,improved_dataset_1000_20260807_001,11,374,"[0,0,0,2,2,2,0,0,2,0,0,0,0,2,2,2,0,2,2,2,0,0,0,0,0,2,2,2,0,0,0,2,2,2,0,0,2,2,2,2,0,2,2,2,0,2,2,2,2,1,0,2,2,2,0,0,1,2,2,1,2,2,2,2,2,0,1,2,2,1,2,2,2,2,2,0,1,1,1,1,2,2,2,2,2,0,1,1,1,1,2,2,2,2,2,0,1,1,1,1,2,2,2,2,2,0,1,1,1,1,2,2,2,2,2,0,1,1,1,1,2,2,2,2,2,1,1,1,1,1,2,2,2,1,0,1,0,1,1,1,0,0,0,1,1,1,1,1,1,1,0,0,1,1,1,1,1,1,1,1,0,0,0,0,1,1,1,1,1,1,0,0,0,0,1,1,1,1,1,1]",92f094dc783bb3e959d10b10e97c866522e80546b10bff575c2c1b03a935cfed,2b7e089bd85ba76e0f8537a29ba6c4691e82f3ba5f6954e69ebcc4f950b40bca,improved_campaign_offspring,C000225,,4,connected_region_repaint:large,0.1388888888888889,"[1,2,3,4,5,6,7,8,9,11,12,13,14,15,16,17,18,19,25,26,27,28,29,35,36,37,38,39,45,46,47,48,57,58,67,68]",36,L-SEED,completed,valid,[],,0.1783690969001484,8.083455252065741,B1,2026-08-07T15:39:55.652+02:00,2026-08-07T15:39:55.652+02:00,2026-08-07T15:41:53.189+02:00
375,C000375,improved_dataset_1000_20260807_001,11,375,"[0,1,1,1,1,1,1,1,1,1,0,1,1,1,1,1,1,1,1,1,0,0,0,0,0,1,1,1,1,1,0,2,2,2,0,1,1,1,1,1,0,2,2,2,0,1,1,1,1,1,0,2,2,2,0,0,1,1,1,1,2,2,2,2,2,0,1,1,1,1,2,2,2,2,2,0,1,1,1,1,2,2,2,2,2,0,1,1,1,1,2,2,2,2,2,0,1,1,1,1,2,2,2,2,2,0,1,1,1,1,2,2,2,2,2,0,1,1,1,1,2,2,2,2,2,1,1,1,1,1,2,2,2,0,0,1,0,1,1,1,0,0,0,0,0,0,1,1,1,1,0,0,0,0,0,0,0,1,1,1,0,0,0,0,0,0,0,0,0,1,0,0,0,0,1,0,0,0,1,1]",05cd560c86bf5208ce5bb84769a411ce6344170ccaee9f739c38f6de4c74e3f7,cd2082ef359cf381d71b89e94270d8005df1907b6768f9d116f3124f7b3439fb,improved_campaign_offspring,C000342,,5,connected_region_repaint:small,0.022222222222222223,"[166,167,168,177]",4,L-SEED,completed,valid,[],,0.6653923297878385,2.999188012694887,B3,2026-08-07T15:41:53.415+02:00,2026-08-07T15:41:53.415+02:00,2026-08-07T15:43:48.799+02:00
376,C000376,improved_dataset_1000_20260807_001,11,376,"[0,0,0,0,0,0,0,0,0,0,0,0,0,0,1,0,0,0,0,0,0,0,0,0,1,1,0,0,0,0,0,2,2,2,1,0,0,0,0,0,0,2,1,1,1,1,1,1,0,0,0,1,1,1,1,1,1,1,0,0,0,0,0,1,1,0,0,0,0,0,0,0,0,1,1,1,1,0,0,0,0,0,0,1,1,1,1,1,0,0,2,0,0,1,1,1,1,1,1,1,2,2,2,2,2,2,2,2,1,1,2,2,2,2,2,2,2,2,1,1,2,2,2,2,2,2,2,2,1,1,2,2,2,2,2,2,2,2,1,1,0,0,2,2,2,2,2,2,1,1,1,1,1,1,1,1,1,1,1,1,1,1,1,1,1,1,1,1,1,1,1,1,1,1,1,1,1,1,1,1]",1a30dd41489f4d2835ac190518ad7fd94e328fa8d9332fa49e9d08aa27fe3bd8,3b16d9fdb39ed8f1c56ddbbcdcecdf76783e1141fa7d38d9926dd119080f7dea,improved_campaign_offspring,C000289,,1,rectangular_patch:large,0.16666666666666666,"[102,103,104,105,106,107,112,113,114,115,116,117,122,123,124,125,126,127,132,133,134,135,136,137,142,143,144,145,146,147]",30,L-SEED,completed,valid,[],,0.36949280509480725,6.871936355856043,B1,2026-08-07T15:43:49.105+02:00,2026-08-07T15:43:49.105+02:00,2026-08-07T15:45:19.807+02:00
377,C000377,improved_dataset_1000_20260807_001,11,377,"[0,0,0,0,0,0,0,0,0,0,0,0,0,0,0,0,0,0,0,0,0,0,0,0,0,0,0,0,0,0,0,2,2,2,0,0,0,0,0,0,0,2,1,0,0,0,0,1,0,0,0,1,1,1,1,1,1,1,0,0,0,0,0,1,1,0,0,0,0,0,0,0,0,1,1,1,1,0,0,0,0,0,0,1,1,1,1,1,0,0,2,0,0,1,1,1,1,1,1,1,2,2,1,0,1,1,1,1,1,1,2,2,1,1,1,0,1,1,1,1,2,2,1,0,1,0,1,1,1,1,2,2,1,0,0,1,1,1,1,1,0,0,1,1,1,1,1,1,1,1,1,1,1,1,1,1,1,1,1,1,1,1,1,1,1,1,1,1,1,1,1,1,1,1,1,1,1,1,1,1]",8d39dc3b7694dcd9f88aea326b63955a99abf3b029d82ffd6132e5469b521ab8,7a6cfc8b1b18b78939d3b5ca89decc62545e7fb28cf2ada7c5fa4970752c3e3d,improved_campaign_offspring,C000289,,2,boundary_growth:medium,0.044444444444444446,"[14,24,25,34,43,44,45,46]",8,L-SEED,completed,valid,[],,0.25645179499803994,7.240713707529188,B1,2026-08-07T15:45:19.974+02:00,2026-08-07T15:45:19.974+02:00,2026-08-07T15:46:22.865+02:00
378,C000378,improved_dataset_1000_20260807_001,11,378,"[0,0,0,0,0,0,0,0,0,0,0,0,0,0,0,0,0,0,0,0,0,0,0,0,0,0,0,0,0,0,0,0,0,0,0,0,0,0,0,0,2,0,2,2,0,0,0,0,0,0,2,2,2,2,0,0,0,0,0,0,2,0,2,2,2,0,0,2,2,2,2,2,2,2,2,2,2,2,2,2,2,2,2,2,2,2,2,2,2,2,2,2,2,2,2,2,2,2,2,2,2,2,0,2,2,2,2,2,0,0,0,0,2,2,0,0,0,0,0,0,0,0,2,2,0,0,0,0,0,0,1,1,1,0,0,1,1,0,0,0,0,0,1,1,1,1,1,1,1,1,1,1,1,1,1,1,1,1,0,1,1,2,1,1,0,1,1,1,2,2,2,2,2,1,0,0,1,1,2,2]",141e3b54d1995bcb9794c352dc5a133e2885e403eec7adbb500cfb9404581473,8e891072f1c70a3c3a6ac768f0ead2b7fee517a89180e2f800dae19d001b7b97,improved_campaign_offspring,C000200,,3,rectangular_patch:small,0.022222222222222223,"[102,110,111,112,113,114,122,123,124]",9,L-SEED,completed,valid,[],,0.05360928993308079,9.491218842678219,B1,2026-08-07T15:46:23.024+02:00,2026-08-07T15:46:23.024+02:00,2026-08-07T15:51:40.533+02:00
379,C000379,improved_dataset_1000_20260807_001,11,379,"[0,0,0,0,0,0,0,0,0,0,0,0,0,0,1,0,0,0,0,0,0,0,0,0,1,1,0,0,0,0,0,2,2,2,1,0,0,0,0,0,0,2,1,1,1,1,1,1,0,0,0,1,1,1,1,1,1,1,0,0,0,0,0,1,1,0,0,0,0,0,0,0,0,1,1,1,1,0,0,0,0,0,0,1,1,1,1,1,0,0,2,0,0,1,1,1,1,1,1,1,2,2,1,0,1,1,1,1,1,1,2,2,1,1,1,0,1,1,1,1,2,2,1,0,1,0,1,0,1,1,2,2,1,0,0,1,0,0,1,1,0,0,1,1,1,1,0,1,1,1,1,1,1,1,1,1,1,1,1,1,1,1,1,1,1,1,1,1,1,1,1,1,1,1,1,1,1,1,1,1]",655aa61ca5c157d46feefd90f4a05d24c7d796c9095cd0ec0c92de5235db56d3,93b73cd4f85126ef96db97a0e1b8d7c271d0b3ab212a69a18dd92c683913e36c,improved_campaign_offspring,C000289,,4,connected_region_repaint:small,0.022222222222222223,"[127,136,137,146]",4,L-SEED,completed,valid,[],,0.4051982545928102,6.473833714865716,B1,2026-08-07T15:51:40.688+02:00,2026-08-07T15:51:40.688+02:00,2026-08-07T15:53:50.028+02:00
380,C000380,improved_dataset_1000_20260807_001,11,380,"[0,0,0,0,0,2,2,0,2,0,0,0,0,0,0,0,2,2,2,2,0,0,0,0,0,2,2,2,2,0,0,2,2,2,0,2,2,2,0,0,0,2,0,2,0,0,2,2,2,2,0,0,0,0,0,0,2,0,2,2,0,0,0,0,0,0,2,2,2,0,0,0,0,0,0,0,2,0,2,2,0,0,0,0,0,0,2,2,2,2,0,0,0,0,0,0,0,0,2,2,0,0,0,0,0,0,0,2,2,0,0,0,0,0,0,0,0,0,2,0,0,0,0,0,0,0,0,0,0,0,0,0,0,0,0,0,0,0,0,0,0,0,1,1,1,0,0,0,0,0,1,1,1,1,1,0,0,1,1,1,1,1,1,1,1,1,1,1,1,1,1,1,1,1,1,1,1,1,1,1]",2247efaf8849695a3d5394a1c45e5d6a9da83692996fb12e30138814227158e9,9c0451ef0a09a78079ce54b76714728f89ed0eee938333f566c4a897ca9f0336,improved_campaign_offspring,C000034,,5,connected_region_repaint:medium,0.05,"[78,79,88,89,98,99,107,108,118]",9,L-SEED,completed,valid,[],,0.04398329326261922,9.676669006914716,B1,2026-08-07T15:53:50.208+02:00,2026-08-07T15:53:50.208+02:00,2026-08-07T15:55:34.824+02:00
381,C000381,improved_dataset_1000_20260807_001,11,381,"[2,0,0,0,0,0,0,0,0,0,2,0,0,0,0,0,0,0,0,0,2,2,2,2,2,0,0,0,0,0,2,0,2,2,2,0,0,0,0,0,2,0,2,2,2,0,0,0,0,0,2,2,2,2,0,0,0,0,0,0,2,2,2,2,2,0,0,0,0,0,2,2,2,0,0,0,0,0,0,0,2,2,2,2,0,0,0,0,0,0,2,2,2,2,0,0,0,0,0,0,2,2,2,0,0,0,0,0,0,0,2,2,0,0,0,0,0,0,0,0,2,2,0,0,0,2,0,0,0,2,2,2,2,2,2,2,2,2,2,2,0,0,0,2,2,2,2,2,2,0,0,0,0,0,0,0,0,0,0,0,0,0,0,0,0,0,0,0,0,0,0,0,0,0,0,0,0,0,0,0]",ba1a8bdc5ef4b859f4e61117dcbb787989a93458ee0f459d0087dd2f2aa9ce2e,990918d1517de3b171eeae5a1868037dd0649609cadd892be6a675c8996dedba,improved_campaign_offspring,C000295,,1,connected_region_repaint:small,0.011111111111111112,"[147,148]",2,L-SEED,completed,valid,[],,0.06623200982962099,9.393438276728777,B1,2026-08-07T15:55:35.070+02:00,2026-08-07T15:55:35.070+02:00,2026-08-07T15:56:37.842+02:00
382,C000382,improved_dataset_1000_20260807_001,11,382,"[2,2,2,2,2,2,2,2,0,0,0,2,2,2,2,2,2,2,2,0,0,2,2,2,2,2,0,0,0,0,0,2,2,2,0,0,0,0,0,0,0,2,2,2,0,0,0,0,0,0,0,2,2,2,2,0,0,0,0,0,2,2,2,2,2,2,2,0,0,0,2,0,2,0,2,0,0,0,0,0,2,0,2,2,0,1,1,0,1,1,0,0,0,0,0,1,1,1,1,0,2,2,0,0,0,1,1,1,1,1,2,2,2,2,2,0,0,1,1,1,2,0,2,2,2,2,1,1,1,1,2,2,2,2,2,1,1,1,1,1,2,2,1,0,1,1,1,1,1,1,1,1,1,1,1,1,1,1,1,1,1,1,1,1,1,1,1,1,1,1,1,1,1,1,1,1,1,1,1,1]",53df51e4f6d8b0343bb7a45914fb9b88f862fe3350e4ae5c8e2c34a254a43926,37508ad56ee1923e901bff6e772d8e08e66e2b0249b2d2a11a677822d77cfa12,improved_campaign_offspring,C000042,,2,connected_region_repaint:large,0.18333333333333332,"[85,86,88,89,95,96,97,98,105,106,107,108,109,117,118,119,126,127,128,129,135,136,137,138,139,144,145,146,147,148,149,157,158]",33,L-SEED,completed,valid,[],,0.13400910290430093,8.562422859172763,B1,2026-08-07T15:56:38.001+02:00,2026-08-07T15:56:38.001+02:00,2026-08-07T15:58:49.899+02:00
383,C000383,improved_dataset_1000_20260807_001,11,383,"[0,0,0,0,0,0,0,0,0,0,0,0,0,0,0,0,0,0,0,0,0,0,0,2,2,0,0,0,0,0,0,0,0,2,2,0,0,0,0,0,0,0,2,2,2,0,0,0,0,0,2,0,0,2,2,2,0,0,0,0,2,0,2,2,2,2,0,0,0,0,2,2,2,2,2,2,0,0,0,0,2,2,2,2,2,2,0,0,0,0,2,2,2,2,2,2,1,1,1,0,2,2,2,2,2,2,1,1,1,1,2,2,2,2,2,2,1,1,1,1,2,2,2,2,2,2,0,0,1,1,2,2,2,0,2,2,2,2,1,1,0,0,0,0,2,2,2,2,2,1,0,0,0,0,0,2,0,2,2,1,0,0,0,0,2,2,2,2,1,1,0,0,0,2,2,2,2,2,1,1]",47701b56986b18fce7f335dca0b814ec2930251743a29db4d25d9e2a892c7278,168a10431402bb9810b0511217262ff60c6de882e649e4ceb22ca526132fa3a8,improved_campaign_offspring,C000325,,3,connected_region_repaint:medium,0.07777777777777778,"[147,148,155,157,158,164,165,166,167,173,174,175,176,177]",14,L-SEED,completed,valid,[],,0.11060512750210115,8.824707460099384,B1,2026-08-07T15:58:50.073+02:00,2026-08-07T15:58:50.073+02:00,2026-08-07T16:00:11.327+02:00
384,C000384,improved_dataset_1000_20260807_001,11,384,"[2,2,2,2,2,2,2,2,0,0,0,2,2,2,2,2,2,2,2,0,0,2,2,2,2,2,0,0,0,0,0,2,2,2,0,0,0,0,0,0,0,2,2,2,0,0,0,0,0,0,0,2,2,2,2,0,0,0,0,0,2,2,2,2,2,2,2,0,0,0,2,0,2,0,2,0,0,0,0,0,2,0,2,2,0,0,0,0,0,0,0,0,0,0,0,0,0,0,0,0,2,2,0,0,0,0,0,0,0,0,2,2,2,2,2,0,0,0,0,0,2,0,2,2,2,2,0,0,0,0,2,2,2,2,2,1,1,0,0,0,2,2,1,0,1,1,0,0,0,0,1,1,1,1,1,1,1,0,0,1,1,1,1,1,1,1,1,1,1,1,1,1,1,1,1,1,1,1,1,1]",48c1fab7a665724600883511f50bd0889fa97027fb41700bae7afed4b9bf376e,d13857e0704823fcb86caccc7ac178f47ad75902bc035b5ed00909a109a597a4,improved_campaign_offspring,C000042,,4,connected_region_repaint:small,0.022222222222222223,"[135,136,144,145]",4,L-SEED,completed,valid,[],,0.09195662416606584,9.043854217080096,B1,2026-08-07T16:00:11.486+02:00,2026-08-07T16:00:11.487+02:00,2026-08-07T16:01:31.914+02:00
385,C000385,improved_dataset_1000_20260807_001,11,385,"[2,2,2,1,1,1,1,1,1,1,2,2,1,1,1,1,1,1,1,1,2,2,2,2,2,1,1,1,0,0,2,2,2,2,2,1,1,1,1,1,2,2,2,2,2,1,1,1,1,1,2,2,2,2,2,2,1,1,1,1,2,2,2,2,2,2,1,1,1,1,2,2,2,2,2,2,1,1,1,1,2,2,2,2,2,2,1,1,1,1,2,2,2,2,2,2,1,1,1,1,2,2,2,2,2,2,1,1,1,1,2,2,2,2,2,2,1,1,1,1,2,2,2,2,2,2,1,0,1,1,2,2,2,0,2,2,2,2,1,1,0,0,0,0,2,2,2,0,0,1,0,0,0,2,2,0,0,0,0,1,0,0,0,0,0,0,0,0,1,1,0,0,0,0,0,0,0,0,1,1]",61ee34929968fa9e8fe7e97f664d12761b9212680b720891c07764155cdea043,422659521a117f34ef9b12f043e8c7f3e31f55eb49bfa621be0af808e309a144,improved_campaign_offspring,C000233,,5,rectangular_patch:small,0.011111111111111112,"[153,154]",2,L-SEED,completed,valid,[],,0.642350702644674,3.472800481642788,B3,2026-08-07T16:01:32.143+02:00,2026-08-07T16:01:32.143+02:00,2026-08-07T16:04:23.977+02:00
386,C000386,improved_dataset_1000_20260807_001,11,386,"[2,2,2,2,2,2,2,2,0,0,2,2,2,2,2,2,1,2,1,0,2,2,2,2,2,2,1,1,1,1,2,2,2,2,0,2,2,1,0,1,2,2,2,2,0,1,1,1,1,1,2,2,2,2,2,2,2,1,1,0,2,2,2,2,2,2,2,1,1,2,2,1,2,0,0,1,1,1,1,2,1,1,0,0,0,0,1,1,1,2,0,1,1,2,0,0,1,1,2,2,0,1,2,2,1,1,1,1,1,1,1,1,1,2,1,1,1,1,1,1,1,1,0,1,1,1,1,1,1,1,1,1,1,1,1,1,1,1,1,1,1,1,1,1,1,1,1,1,1,1,1,1,1,0,1,1,1,1,1,1,1,1,1,1,1,1,1,1,1,1,1,1,1,1,1,1,1,1,1,1]",bbc9b45b71f867e2126e7235c0ec8974470814177262e2be2a61baac840f746e,5065194a25c6c0dbb6ef0c86542918d2f0c67efad2ac9d80e2941553b689bf38,improved_campaign_offspring,C000359,,1,connected_region_repaint:small,0.011111111111111112,"[90,100]",2,L-SEED,completed,valid,[],,0.41875379590408757,5.665268318926567,B1,2026-08-07T16:04:24.219+02:00,2026-08-07T16:04:24.219+02:00,2026-08-07T16:08:48.014+02:00
387,C000387,improved_dataset_1000_20260807_001,11,387,"[2,2,2,2,2,2,2,2,0,0,0,2,2,2,2,2,1,2,1,0,0,2,2,2,2,2,1,1,1,1,0,2,2,2,0,2,2,1,0,1,0,2,2,2,0,1,1,1,1,1,0,2,2,2,2,2,2,1,1,0,0,2,2,2,2,2,2,1,1,0,0,1,2,0,0,1,1,1,1,0,1,1,0,0,0,0,1,1,1,0,1,1,1,2,0,0,1,1,1,1,1,1,2,2,1,1,1,1,1,1,1,1,1,2,1,1,1,1,1,1,1,1,0,1,1,1,1,1,1,1,1,1,1,1,1,1,1,1,1,1,1,1,1,1,1,1,1,1,1,1,1,1,1,0,1,1,1,1,1,1,1,1,1,1,1,1,1,1,1,1,1,1,1,1,1,1,1,1,1,1]",9c8f14e39027e87d94d1c99f06b3b65df40684aeab328a258039d579b9a79c23,d846193733e532215eed32cf5c82e4c2294342fd9c5294dd165a5af4ddff6f41,improved_campaign_offspring,C000330,,2,boundary_growth:small,0.011111111111111112,"[69,79,89,98,99]",5,L-SEED,completed,valid,[],,0.45583304428307797,5.23962792258901,B1,2026-08-07T16:08:48.169+02:00,2026-08-07T16:08:48.169+02:00,2026-08-07T16:12:50.837+02:00
388,C000388,improved_dataset_1000_20260807_001,11,388,"[2,2,2,2,2,2,2,2,0,0,2,2,2,2,2,2,1,2,1,0,2,2,0,0,0,2,1,1,1,1,2,2,0,0,0,2,2,1,0,1,2,0,0,0,0,1,1,1,1,1,2,0,2,0,0,2,2,1,1,0,2,2,2,2,0,2,2,1,1,2,2,1,2,0,0,1,1,1,1,2,1,1,0,0,0,0,1,1,1,2,1,1,1,2,0,0,1,1,2,2,1,1,2,2,1,1,1,1,1,1,1,1,1,2,1,1,1,1,1,1,1,1,0,1,1,1,1,1,1,1,1,1,1,1,1,1,1,1,1,1,1,1,1,1,1,1,1,1,1,1,1,1,1,0,1,1,1,1,1,1,1,1,1,1,1,1,1,1,1,1,1,1,1,1,1,1,1,1,1,1]",5d34c5fd3b31ad8c9bb24f9ab161fcf95fa7d0074b59be59c926935735791419,70b69f8e2fa90a5f962431c1e50e7625d9fe8f8b49abb8f0a1f4a0daa1d4af1e,improved_campaign_offspring,C000359,,3,connected_region_repaint:medium,0.06666666666666667,"[22,23,24,32,33,41,42,43,51,53,54,64]",12,L-SEED,completed,valid,[],,0.4026349285301002,5.862183313760513,B1,2026-08-07T16:12:50.996+02:00,2026-08-07T16:12:50.996+02:00,2026-08-07T16:17:50.296+02:00
389,C000389,improved_dataset_1000_20260807_001,11,389,"[0,0,0,0,0,0,0,0,0,0,0,0,0,0,0,0,0,0,0,0,0,0,0,0,0,0,0,0,0,0,0,0,0,0,0,0,0,0,0,0,0,0,0,0,0,0,0,0,0,0,0,2,0,0,0,0,0,0,0,0,2,2,2,0,0,0,0,0,0,0,2,2,2,0,2,2,0,0,0,0,2,2,2,2,2,2,2,0,2,2,2,2,2,2,2,0,0,0,2,2,2,2,0,0,2,2,2,2,2,2,2,0,0,0,2,0,0,0,2,2,2,2,0,0,0,0,0,0,0,0,2,0,0,0,0,0,0,0,0,0,0,0,0,0,0,0,0,0,2,2,0,0,0,0,0,0,0,0,0,2,0,0,0,0,0,0,0,0,0,2,0,0,0,0,0,0,1,2,2,2]",43ef022b84547493ac210f3fa90c8011709134695ad2fe9ab63e7f9981489ea1,2ac56d084ac7625df5f7155abbde1c0424255b5e6f900d66b8bc0e5dc852e932,improved_campaign_offspring,C000300,,4,boundary_growth:medium,0.044444444444444446,"[88,89,98,99,108,109,118,119]",8,L-SEED,completed,valid,[],,0.044289022678654165,9.5843463686804,B1,2026-08-07T16:17:50.531+02:00,2026-08-07T16:17:50.531+02:00,2026-08-07T16:18:57.930+02:00
390,C000390,improved_dataset_1000_20260807_001,11,390,"[2,2,2,2,2,0,0,2,0,0,0,0,2,2,0,0,2,2,2,0,0,0,2,2,0,0,0,0,0,0,0,0,0,0,0,0,0,2,2,2,0,0,0,0,0,0,0,0,2,2,0,0,0,0,0,0,0,0,0,0,0,0,0,0,0,0,0,0,0,0,0,1,0,0,0,0,0,0,0,0,1,1,0,0,0,0,1,0,0,0,1,1,1,1,0,0,1,1,0,0,1,1,1,1,1,1,1,1,1,1,1,1,1,1,1,1,1,1,1,1,1,1,0,1,1,1,1,1,1,1,1,1,1,1,1,1,1,1,1,1,1,1,1,1,1,1,1,1,1,1,1,1,1,0,1,1,1,1,1,1,1,1,1,1,1,1,1,1,1,1,1,1,1,1,1,1,1,1,1,1]",846026abedcf2a622d299a3ccab8f7f542fe02cb52cbddac4b7909f8cd02e2b8,859c0d111a7c028829567c5343e474d1b11e160374a8e4985a1fa5d12882ebf5,improved_campaign_offspring,C000357,,5,connected_region_repaint:medium,0.03333333333333333,"[11,21,31,40,41,50]",6,L-SEED,completed,valid,[],,0.10653362251628015,8.886477645434214,B1,2026-08-07T16:18:58.092+02:00,2026-08-07T16:18:58.092+02:00,2026-08-07T16:19:56.307+02:00
391,C000391,improved_dataset_1000_20260807_001,12,391,"[2,2,2,2,2,2,2,2,0,0,0,2,2,2,2,2,2,2,2,0,0,2,2,2,2,2,0,0,0,0,0,2,2,2,0,0,0,0,0,0,0,2,2,1,0,0,0,0,0,0,0,1,1,1,1,0,0,0,0,0,0,1,2,1,1,1,1,1,1,0,0,0,2,0,1,1,1,1,1,1,0,0,2,2,1,1,1,1,1,1,0,0,0,1,0,1,0,1,1,1,2,2,0,1,1,1,1,0,0,0,2,2,0,2,2,1,1,1,0,0,2,0,0,0,2,2,1,0,0,0,2,2,2,2,2,1,1,1,1,1,2,2,1,1,1,1,1,1,1,1,1,1,1,1,1,1,1,1,1,1,1,1,1,1,1,1,1,1,1,1,1,1,1,1,1,1,1,1,1,1]",a6fc8cee12823285f7a399fcc74424ccb29dcfd79825038bf0e79e8131a13a52,f23460df49a1a27395973bde8fb72ff4ba51ac66b2dad0df1fe9befccef0d204,improved_campaign_offspring,C000334,,1,connected_region_repaint:medium,0.06111111111111111,"[43,51,52,53,54,60,61,63,64,65,66,70,74,80]",14,L-SEED,completed,valid,[],,0.20455479214310346,7.81623686697697,B1,2026-08-07T16:19:56.654+02:00,2026-08-07T16:19:56.654+02:00,2026-08-07T16:22:16.509+02:00
392,C000392,improved_dataset_1000_20260807_001,12,392,"[0,1,1,1,1,1,1,1,1,1,0,1,1,1,1,1,1,1,1,1,0,0,0,0,0,1,1,1,1,1,0,2,2,2,0,1,1,1,1,1,0,2,2,2,0,1,1,1,1,1,0,2,2,2,0,1,1,1,1,1,2,2,2,2,2,1,1,1,1,1,2,2,2,2,2,1,1,1,1,1,0,0,0,0,2,1,1,1,1,1,0,0,0,2,2,1,1,1,1,1,0,0,0,0,2,1,1,1,1,1,0,0,0,0,0,1,1,1,1,1,0,0,0,0,0,1,1,1,1,1,0,0,0,0,0,1,1,1,1,1,0,0,1,1,1,1,1,1,1,1,1,1,1,1,1,1,1,1,1,1,1,1,1,1,1,1,1,1,1,1,1,1,1,1,1,1,1,1,1,1]",5145e388c039960c522116b6a71316ba2e16bd0c795791a6b76076d377ca3fbd,4f1a4a7be6831f49abcd59a782d541458cf897d7cc8e4785932e9175dd4253db,improved_campaign_offspring,C000274,,2,boundary_growth:large,0.12777777777777777,"[80,81,82,83,90,91,92,100,101,102,103,110,111,112,113,114,120,121,122,123,124,131,132]",23,L-SEED,completed,valid,[],,0.9938455118069804,0.11928627051018907,B6,2026-08-07T16:22:16.669+02:00,2026-08-07T16:22:16.669+02:00,2026-08-07T16:23:34.937+02:00
393,C000393,improved_dataset_1000_20260807_001,12,393,"[2,2,2,2,2,2,2,1,1,0,2,2,2,2,2,2,1,1,1,0,2,2,2,2,2,1,1,1,1,0,0,0,2,2,2,1,1,1,1,1,0,0,0,0,2,1,1,1,1,1,0,0,0,0,2,0,2,2,2,1,0,0,0,0,0,0,2,2,2,1,0,0,0,0,0,0,1,1,1,1,0,0,0,0,0,0,1,1,1,1,0,0,0,0,0,0,1,1,1,1,0,0,0,0,0,0,1,1,1,1,0,0,0,0,0,0,1,1,1,1,0,0,0,0,0,0,1,0,1,1,0,0,0,0,0,0,0,0,1,1,0,0,0,0,0,0,0,0,0,1,0,0,0,0,0,0,0,0,0,1,0,0,0,0,0,0,0,0,1,1,0,0,0,0,0,0,0,0,1,1]",608173f4d183fd1bf8695cf5bd3888ccb6d60d730983d45acb6d4a9e953c8904,672a2feeaa288d8bdc70f4b33f478fc56b3d7eccb6606b6a7bd9e3aaff8bab90,improved_campaign_offspring,C000303,,3,rectangular_patch:medium,0.03333333333333333,"[56,57,58,66,67,68]",6,L-SEED,completed,valid,[],,0.5086122988971569,4.89801676991347,B2,2026-08-07T16:23:35.100+02:00,2026-08-07T16:23:35.100+02:00,2026-08-07T16:25:06.183+02:00
394,C000394,improved_dataset_1000_20260807_001,12,394,"[0,1,1,1,1,1,1,1,1,1,0,1,1,1,1,1,1,1,1,1,0,0,0,0,0,1,1,1,1,1,0,2,2,2,0,1,1,1,1,1,0,2,2,2,0,1,1,1,1,1,0,2,2,2,0,1,1,1,1,1,2,2,2,2,2,1,1,1,1,1,2,2,2,1,1,1,1,1,1,1,2,2,2,1,2,1,1,1,1,1,2,2,2,2,2,1,1,1,1,1,2,2,2,2,2,1,1,1,1,1,2,2,2,2,2,1,1,1,1,1,2,2,2,2,2,1,1,1,1,1,0,2,2,0,0,1,1,1,1,1,0,0,1,1,1,1,1,1,1,1,1,1,1,1,1,1,1,1,1,1,1,1,1,1,1,1,1,1,1,1,1,1,1,1,1,1,1,1,1,1]",fd70666baad99ff6d33339f7a3412929a338ecf4de05d32e8f1b84a294213c45,e3c80a8512cdac9c35fc20c96cd316d53e7a02b687e47996db44d6c5edc5d5fa,improved_campaign_offspring,C000274,,4,boundary_growth:small,0.016666666666666666,"[73,74,83]",3,L-SEED,completed,valid,[],,0.9936413897206603,0.12029130938436448,B6,2026-08-07T16:25:06.338+02:00,2026-08-07T16:25:06.338+02:00,2026-08-07T16:26:50.460+02:00
395,C000395,improved_dataset_1000_20260807_001,12,395,"[0,0,0,0,0,0,0,0,0,0,0,0,0,0,0,0,0,0,0,0,0,0,0,0,0,0,0,0,0,0,0,2,2,2,0,0,0,0,0,0,0,2,2,2,0,0,0,0,0,0,0,2,2,0,0,0,0,0,0,0,0,0,0,0,0,0,0,0,0,0,0,0,0,0,0,0,0,0,0,0,0,0,0,0,0,0,0,0,0,0,0,0,0,0,2,2,0,0,0,0,0,0,0,0,2,2,2,2,0,0,0,0,0,0,2,0,0,0,0,0,0,0,0,0,0,0,0,2,2,2,0,0,0,0,0,0,2,2,2,2,0,0,1,1,1,1,1,2,2,2,1,1,1,1,1,1,1,1,2,2,1,1,1,1,1,1,1,1,1,2,1,1,1,1,1,1,1,1,1,1]",34703b83f7a9b936d6bc3a61005720b11653c799a7084d33a97ab75cfe8edc0a,7c6da233180a079cad1fd76647d22515192b2d8d301f9c7d38daf276945a360c,improved_campaign_offspring,C000211,,5,boundary_growth:medium,0.08333333333333333,"[90,100,101,102,110,111,112,113,120,121,122,123,124,130,131,132]",16,L-SEED,completed,valid,[],,0.04509888808967534,9.556625715658187,B1,2026-08-07T16:26:50.704+02:00,2026-08-07T16:26:50.704+02:00,2026-08-07T16:27:43.623+02:00
396,C000396,improved_dataset_1000_20260807_001,12,396,"[0,0,0,0,0,2,2,0,2,0,0,0,0,0,2,2,2,2,2,2,0,0,0,0,2,2,2,2,2,0,0,2,2,2,2,2,2,2,2,0,0,2,0,2,0,2,2,2,0,0,0,2,2,2,0,0,2,2,2,0,2,2,0,2,0,0,0,2,2,0,2,2,0,0,0,0,0,0,2,0,2,0,0,0,0,0,0,0,0,0,2,2,0,0,0,0,0,0,0,0,2,2,0,2,0,0,2,2,2,0,2,2,2,2,2,0,2,2,2,0,2,2,2,2,2,0,0,0,0,0,2,2,2,0,0,2,2,0,0,0,0,0,2,2,2,2,2,2,2,2,2,2,2,2,2,2,2,2,0,2,2,2,2,2,2,2,2,2,2,2,2,2,2,2,2,2,1,1,2,2]",89ca8a5cb0567c48f8631ff1021f46f3421102408f64319353848d6c01ea6250,b8b521b3e9cd77ec603978eee1e0cdfb9017a1ecd8a0d353d01b535df81c5477,improved_campaign_offspring,C000306,,1,rectangular_patch:medium,0.03333333333333333,"[106,107,108,116,117,118]",6,L-SEED,completed,valid,[],,0.04725943802931418,9.598211456505897,B1,2026-08-07T16:27:44.119+02:00,2026-08-07T16:27:44.119+02:00,2026-08-07T16:30:38.285+02:00
397,C000397,improved_dataset_1000_20260807_001,12,397,"[2,1,1,1,1,1,1,1,1,1,2,1,1,1,1,1,1,1,1,1,2,2,2,0,0,1,1,1,1,1,2,0,2,2,0,1,1,1,1,1,2,0,0,0,0,1,1,1,1,1,2,2,0,0,0,0,1,1,1,1,0,0,0,0,0,1,1,1,1,1,0,0,0,0,0,0,1,1,1,1,0,0,1,1,0,1,1,1,1,1,0,1,1,1,1,1,1,1,1,1,1,1,1,1,1,1,1,1,1,1,1,1,1,1,1,1,1,1,1,1,2,2,0,0,0,0,1,0,1,1,2,2,2,0,0,0,0,0,1,1,0,0,0,0,0,0,0,0,0,1,0,0,0,2,2,0,0,0,0,1,0,0,2,2,0,0,0,0,1,1,0,0,0,2,0,0,0,0,1,1]",5bdb004c031e3c28b6c62367a3f04607557b379e33790b1c4e644441a4d0dc99,341a57116284f8212fe20d73d3191740041962df48ff0bcaf1fcf96b9d6c1660,improved_campaign_offspring,C000276,,2,connected_region_repaint:medium,0.027777777777777776,"[153,154,162,163,173]",5,L-SEED,completed,valid,[],,0.5566935627247187,4.163022093108088,B2,2026-08-07T16:30:38.532+02:00,2026-08-07T16:30:38.532+02:00,2026-08-07T16:34:09.146+02:00
398,C000398,improved_dataset_1000_20260807_001,12,398,"[0,0,0,0,2,2,0,2,2,2,0,0,0,0,2,0,0,2,0,0,0,0,0,2,2,2,0,2,0,0,0,2,2,2,2,0,0,0,0,0,0,2,2,2,0,0,0,0,2,2,0,2,2,2,2,2,2,2,2,2,2,2,0,0,2,2,2,2,2,2,0,2,2,0,0,2,2,2,2,2,0,2,2,2,2,2,2,2,2,2,2,2,2,2,2,2,2,2,2,2,2,2,2,2,2,2,2,2,2,2,0,0,0,0,2,2,2,2,2,0,0,0,0,0,0,2,2,0,0,0,0,2,2,2,0,2,2,2,0,0,0,0,2,2,2,2,2,2,0,0,0,0,0,0,0,0,0,0,0,0,0,0,0,0,0,0,0,0,0,0,0,0,0,0,0,0,1,1,0,0]",e456ff509af3b06af08d2c83449a46cb3663b32cb4751885d2b86ea28a9a9eb0,69ccccf0f6118134da027b401b53bb9a121db31ad8a41f9d09604d9ade0e1e57,improved_campaign_offspring,C000369,,3,connected_region_repaint:medium,0.044444444444444446,"[26,35,36,37,38,44,45,46]",8,L-SEED,completed,valid,[],,0.04574821891653667,9.645421855975504,B1,2026-08-07T16:34:09.499+02:00,2026-08-07T16:34:09.499+02:00,2026-08-07T16:35:50.437+02:00
399,C000399,improved_dataset_1000_20260807_001,12,399,"[0,0,0,0,0,2,2,0,2,0,0,0,0,0,2,2,2,2,2,2,0,0,0,0,2,2,2,2,2,0,0,2,2,2,2,2,2,2,2,0,0,2,0,2,0,2,2,2,0,0,0,2,2,2,0,0,2,2,2,0,2,2,0,2,0,0,0,2,2,0,2,2,0,0,0,0,0,0,2,0,2,0,0,0,0,0,0,0,0,0,0,0,0,0,0,0,0,0,0,0,0,0,0,0,0,0,0,0,0,0,0,0,0,0,0,0,0,0,0,0,0,0,0,0,0,0,0,0,0,0,0,0,2,0,0,2,2,0,0,0,0,0,2,2,2,2,2,2,2,2,2,2,2,2,2,2,2,2,0,2,2,2,2,2,2,2,2,2,2,2,2,2,2,2,2,2,1,1,2,2]",d541500af0bfc1fe56c7b99aa31b4ef8979a4fb7822a3d9749f3e18fafa03588,8983744cb59ba951108848f7ec7bce4282154203ee40619f93a12f0e2f662760,improved_campaign_offspring,C000306,,4,connected_region_repaint:large,0.08888888888888889,"[90,91,100,101,103,110,111,112,113,114,120,121,122,123,124,130,131]",17,L-SEED,completed,valid,[],,0.04966336752016655,9.556091081045711,B1,2026-08-07T16:35:50.808+02:00,2026-08-07T16:35:50.808+02:00,2026-08-07T16:37:44.396+02:00
400,C000400,improved_dataset_1000_20260807_001,12,400,"[2,1,1,1,1,1,1,1,1,1,2,1,1,1,1,1,1,1,1,1,2,2,2,0,0,1,1,1,1,1,2,0,2,2,0,1,1,1,1,1,2,0,0,0,0,1,1,1,1,1,2,2,0,0,0,0,1,1,1,1,0,0,0,0,0,1,1,1,1,1,0,0,0,0,0,0,1,1,1,1,0,0,1,1,0,1,1,1,1,1,0,1,1,1,1,1,1,1,1,1,1,1,1,1,1,1,1,1,1,1,1,1,1,1,1,1,1,1,1,1,2,1,1,0,0,0,1,0,1,1,2,2,2,0,0,0,0,0,1,1,0,0,0,0,0,0,0,0,0,1,0,0,0,0,0,0,0,0,0,1,0,0,0,0,0,0,0,0,1,1,0,0,0,0,0,0,0,0,1,1]",ef1c97c5d80c500e05eb8bdc366254f190903b29bd94fc64b19caa4877105ffe,4a49f915a87d526406d52f5d62e28ac8436aee4ee8ce612a31abd06961072c6c,improved_campaign_offspring,C000276,,5,rectangular_patch:small,0.022222222222222223,"[121,122]",2,L-SEED,completed,valid,[],,0.7253257389553609,2.301511032544238,B4,2026-08-07T16:37:44.638+02:00,2026-08-07T16:37:44.638+02:00,2026-08-07T16:40:27.830+02:00
401,C000401,improved_dataset_1000_20260807_001,12,401,"[0,1,1,1,1,1,1,1,1,1,0,1,1,1,1,1,1,1,1,1,0,0,0,0,0,1,1,1,1,1,0,2,2,2,0,1,1,1,1,1,0,2,2,2,0,1,1,1,1,1,0,2,2,2,0,0,1,1,1,1,2,2,2,2,2,0,1,1,1,1,2,2,2,2,2,0,1,1,1,1,2,2,2,2,2,0,1,1,1,1,0,2,2,2,2,0,1,1,1,1,0,0,2,2,2,0,1,1,1,1,0,0,0,0,0,0,1,1,1,1,0,0,0,0,0,1,1,1,1,1,0,0,0,1,0,1,0,1,1,1,0,0,0,1,1,1,1,1,1,1,0,0,1,1,1,1,1,1,1,1,0,0,0,0,1,1,1,1,1,1,0,0,0,0,1,1,1,1,1,1]",c16629d737dcc0cd57962b29fd6f3d4917c741666ef9c23e0db708e0fae53063,a8fa2f7a8204a73289405b53ca0e513ce24dd622e6b1f9110873c183d20c2d74,improved_campaign_offspring,C000225,,1,boundary_growth:medium,0.07222222222222222,"[90,100,101,110,111,112,113,114,120,121,122,123,124,130,131,132]",16,L-SEED,completed,valid,[],,0.7744528950896185,1.775408309958379,B4,2026-08-07T16:40:28.205+02:00,2026-08-07T16:40:28.205+02:00,2026-08-07T16:42:42.591+02:00
402,C000402,improved_dataset_1000_20260807_001,12,402,"[2,0,0,0,0,0,0,0,0,0,2,0,0,0,0,2,0,0,0,0,2,2,2,2,2,2,2,2,0,0,2,2,2,2,2,2,2,2,2,2,2,2,2,2,2,0,2,2,0,2,2,2,2,2,2,2,0,2,2,2,2,2,0,2,0,2,0,2,2,2,2,2,0,0,0,0,0,2,2,2,2,2,2,0,0,0,2,2,2,2,2,2,2,2,2,2,2,2,2,2,2,2,2,2,2,2,2,2,0,0,2,2,2,2,2,2,2,0,0,0,2,2,2,2,2,2,2,0,0,0,2,2,2,0,2,2,2,2,0,0,0,0,0,0,2,2,2,0,0,0,0,0,0,0,0,0,0,0,0,1,0,0,0,0,0,0,0,0,1,1,0,0,0,0,0,0,0,0,1,1]",ea3d4fdb1d91db6c4b4bcad8106d22a21e075b214c0a4b966bfb9365305169ff,938da1efcd1f1f9944747fc2c9263c90424dfae1502066b1d5272094fc48d097,improved_campaign_offspring,C000344,,2,connected_region_repaint:small,0.016666666666666666,"[62,72,73]",3,L-SEED,completed,valid,[],,0.058747661556750104,9.415627114649629,B1,2026-08-07T16:42:42.828+02:00,2026-08-07T16:42:42.828+02:00,2026-08-07T16:44:21.853+02:00
403,C000403,improved_dataset_1000_20260807_001,12,403,"[2,0,0,0,0,0,0,0,0,0,2,0,0,0,0,2,0,0,2,0,2,2,2,2,2,2,2,2,2,0,2,2,2,0,0,0,0,2,2,2,2,2,2,0,0,0,0,2,0,2,2,2,2,0,0,0,0,2,2,2,2,2,2,0,0,0,2,2,2,2,2,2,2,2,2,2,2,2,2,2,2,2,2,2,2,2,2,2,2,2,0,0,2,2,2,2,2,2,2,2,0,0,0,2,2,2,2,2,1,1,0,0,0,2,2,2,2,1,1,1,0,0,0,2,2,2,2,0,1,1,0,0,2,2,2,2,2,2,1,1,2,2,2,2,2,2,2,2,2,1,2,2,2,2,2,2,2,2,2,1,2,2,2,2,2,2,2,2,1,1,2,2,2,2,2,2,2,2,1,1]",fff575f4c60e765ccd39d0456fb0965c4e79f868f948d3ab744d5b20dea1dbc6,fa02a6ee48b69f193cef452b532227ed0e44a8d1cb1296b31697e2dfa5c33009,improved_campaign_offspring,C000193,,3,boundary_growth:small,0.011111111111111112,"[18,28]",2,L-SEED,completed,valid,[],,0.08086763758012899,9.1829581102181,B1,2026-08-07T16:44:22.101+02:00,2026-08-07T16:44:22.101+02:00,2026-08-07T16:46:16.254+02:00
404,C000404,improved_dataset_1000_20260807_001,12,404,"[2,2,2,2,2,2,2,2,0,0,0,2,2,2,2,2,2,2,2,0,0,2,2,2,2,2,2,2,2,0,0,2,2,2,0,2,2,2,2,2,0,0,2,0,0,2,2,2,2,2,0,2,2,0,0,0,0,2,2,0,0,2,2,0,0,0,0,2,2,2,0,0,2,0,0,0,0,0,0,2,0,0,0,0,0,0,0,2,2,2,0,0,0,0,0,0,0,0,2,2,0,0,0,0,0,0,0,0,0,0,0,0,0,0,0,0,0,2,2,2,0,0,0,0,0,0,0,2,2,0,0,0,0,0,0,0,0,0,2,0,0,0,0,0,0,0,0,2,2,2,0,0,0,0,0,0,0,0,2,0,0,1,1,0,0,0,0,1,0,1,0,0,1,0,0,0,0,1,1,1]",0e6dc5e4b28d3a82c9ca9360407efcebc1ae060e17e34d8c22bfd9c7a477f6c8,1eed5cd37801351250e9e779f54a1c219f0fefb223cd1d0e5c4d356fea20287e,improved_campaign_offspring,C000315,,4,connected_region_repaint:medium,0.05555555555555555,"[117,118,119,127,128,138,147,148,149,158]",10,L-SEED,completed,valid,[],,0.06199392972019097,9.388217062078597,B1,2026-08-07T16:46:16.503+02:00,2026-08-07T16:46:16.503+02:00,2026-08-07T16:47:59.457+02:00
405,C000405,improved_dataset_1000_20260807_001,12,405,"[2,2,2,2,2,2,2,2,0,0,2,2,2,2,2,2,2,2,2,0,2,2,2,2,2,2,2,2,0,0,2,2,2,2,2,0,2,2,2,2,2,2,2,2,0,2,2,2,2,0,0,2,2,2,0,0,0,0,0,0,2,2,2,2,2,2,2,2,2,2,2,2,2,2,2,2,2,2,2,2,2,2,2,2,2,0,0,0,2,2,2,2,2,2,2,0,0,0,2,2,2,2,2,2,2,0,0,0,0,0,2,2,2,2,2,0,0,0,0,0,2,2,2,2,2,0,0,0,0,0,2,2,2,0,0,2,2,0,0,0,0,0,2,2,2,2,2,2,2,2,2,2,2,2,2,2,2,2,0,2,2,2,2,2,0,2,2,2,2,2,2,2,2,2,2,2,1,1,2,2]",b7f4959c2caaac5655c079c2b88d1b72b85781c795bf854a30031c6750191e2d,42fbb090fbf0957b3ccea651d6d4fac57a1cbac0f1f37fc039796df745bb15b5,improved_campaign_offspring,C000074,,5,boundary_growth:small,0.011111111111111112,"[5,6]",2,L-SEED,completed,valid,[],,0.05961367252582675,9.397213593162881,B1,2026-08-07T16:47:59.700+02:00,2026-08-07T16:47:59.700+02:00,2026-08-07T16:49:47.872+02:00
406,C000406,improved_dataset_1000_20260807_001,12,406,"[0,0,0,0,0,0,0,0,0,0,0,0,0,0,0,0,0,0,0,0,0,0,0,0,0,0,0,0,0,0,0,0,0,0,0,0,0,0,0,0,0,0,0,0,0,0,0,0,0,0,0,0,0,0,0,0,0,0,0,0,0,0,0,0,0,1,1,1,1,0,0,0,0,0,0,0,1,1,1,1,0,2,2,2,2,1,1,1,0,0,2,2,2,0,2,2,1,1,1,0,2,2,2,0,2,2,2,2,1,1,2,2,2,2,2,0,0,1,1,1,2,2,2,2,2,0,0,1,1,1,2,2,2,0,0,0,0,0,0,1,0,0,0,0,0,0,0,0,1,1,1,1,0,0,0,0,0,0,0,1,1,1,0,1,0,0,0,0,1,1,1,1,1,1,1,1,0,0,1,1]",876516cba5d23ac42a09e9835d3f035193c32ee42917e0a6207a38a6d1f8f9b8,5db1124f9bcac8da819e747e0af646e421ffdfd9ad3d861b3188c9945169038b,improved_campaign_offspring,C000258,,1,connected_region_repaint:medium,0.05,"[31,32,33,41,42,43,51,52]",8,L-SEED,completed,valid,[],,0.18332767934304803,8.016191761970177,B1,2026-08-07T16:49:48.281+02:00,2026-08-07T16:49:48.281+02:00,2026-08-07T16:51:03.901+02:00
407,C000407,improved_dataset_1000_20260807_001,12,407,"[0,0,0,0,0,0,0,0,0,0,0,0,0,0,1,0,0,0,0,0,0,0,0,0,1,1,0,0,0,0,0,2,2,2,1,0,0,0,0,0,0,2,1,1,1,1,1,1,0,0,0,1,1,1,0,0,1,1,0,0,0,0,0,1,0,0,0,0,0,0,0,0,0,1,1,1,1,0,0,0,0,0,0,1,1,1,1,1,0,0,2,0,0,1,1,1,1,1,1,1,2,2,1,0,1,1,1,1,1,1,2,2,1,1,1,0,1,1,1,1,2,2,1,0,1,0,1,1,1,1,2,2,1,0,0,1,1,1,1,1,0,0,1,1,1,1,1,1,1,1,1,1,1,1,1,1,1,1,1,1,1,1,1,1,1,1,1,1,1,1,1,1,1,1,1,1,1,1,1,1]",5b949b70a9ba223ccd7a3237702199a7b217b1cc25b3dc86232e388f90065b59,9f29fa76fcb937a06afad59dee6d6043d565e7987e1fed27b7ec75c5d3615e6c,improved_campaign_offspring,C000289,,2,boundary_growth:small,0.016666666666666666,"[54,55,64]",3,L-SEED,completed,valid,[],,0.37033547820794777,6.876679904585233,B1,2026-08-07T16:51:04.151+02:00,2026-08-07T16:51:04.151+02:00,2026-08-07T16:53:11.353+02:00
408,C000408,improved_dataset_1000_20260807_001,12,408,"[0,0,2,2,0,0,0,0,0,0,0,0,2,0,1,0,0,0,0,0,0,0,2,0,1,1,0,0,0,0,0,2,2,2,1,0,0,0,0,0,0,2,1,1,1,1,1,1,0,0,0,1,1,1,1,1,1,1,0,0,0,0,0,1,1,0,0,0,0,0,0,0,0,1,1,1,1,0,0,0,0,0,0,1,1,1,1,1,0,0,2,0,0,1,1,1,1,1,1,1,2,2,1,0,1,1,1,1,1,1,2,2,1,1,1,0,1,1,1,1,2,2,1,0,1,0,1,1,1,1,2,2,1,0,0,1,1,1,1,1,0,0,1,1,1,1,1,1,1,1,1,1,1,1,1,1,1,1,1,1,1,1,1,1,1,1,1,1,1,1,1,1,1,1,1,1,1,1,1,1]",8c0992d4deec71291dd12e3527d0e2b16f7ccadab11d32b52aadea79271ce602,26757e29a4574f285c8160a85f2e3478604bac3cf3a53720d3054a5a4627b297,improved_campaign_offspring,C000289,,3,connected_region_repaint:small,0.022222222222222223,"[2,3,12,22]",4,L-SEED,completed,valid,[],,0.3984567870854292,6.565095016607235,B1,2026-08-07T16:53:11.609+02:00,2026-08-07T16:53:11.609+02:00,2026-08-07T16:55:33.922+02:00
409,C000409,improved_dataset_1000_20260807_001,12,409,"[0,0,0,0,0,0,0,0,0,0,0,0,0,0,1,0,0,0,0,0,0,0,0,0,1,1,0,0,0,0,0,2,2,2,1,0,0,0,0,0,0,2,1,1,1,1,1,1,0,0,0,1,1,1,1,1,1,1,0,0,0,0,0,1,1,0,0,0,0,0,0,0,0,1,1,1,1,0,0,0,0,0,0,1,1,1,1,1,0,0,2,0,0,1,1,1,1,1,1,1,2,2,1,0,1,1,1,1,1,1,2,2,1,1,1,0,1,1,1,1,2,2,1,1,1,0,1,1,1,1,2,2,1,1,1,1,1,1,1,1,0,0,1,1,1,1,1,1,1,1,1,1,1,1,1,1,1,1,1,1,1,1,1,1,1,1,1,1,1,1,1,1,1,1,1,1,1,1,1,1]",5efcc97b2f0bc1cac6475a5a4816f44fc4a3089637c87b212e917aee68e45f6c,034971cfc72ee3d4b118bb9aa130bb755273c82aaf746e05deb3800525f3d761,improved_campaign_offspring,C000289,,4,connected_region_repaint:medium,0.06111111111111111,"[123,133,134]",3,L-SEED,completed,valid,[],,0.405111067393102,6.47286614234262,B1,2026-08-07T16:55:34.408+02:00,2026-08-07T16:55:34.408+02:00,2026-08-07T16:57:07.660+02:00
410,C000410,improved_dataset_1000_20260807_001,12,410,"[2,2,2,2,0,2,0,0,0,0,2,2,2,2,2,2,2,0,0,0,2,2,2,2,2,2,2,2,2,2,2,2,2,2,2,2,2,0,0,0,0,0,0,0,0,0,0,0,0,0,0,0,0,0,0,0,0,0,0,0,0,0,0,0,0,0,0,0,0,0,0,0,0,0,0,0,0,0,0,0,0,0,0,0,0,0,0,0,0,0,2,0,0,0,0,2,0,0,0,0,2,2,2,0,2,2,2,2,0,0,2,2,2,2,2,0,0,0,0,0,2,2,2,2,2,0,0,0,0,0,2,2,2,0,0,0,0,0,0,0,0,0,2,0,0,0,0,0,0,0,2,2,2,2,0,0,0,0,0,1,2,2,2,2,2,0,1,0,0,1,2,2,2,2,2,0,1,1,0,1]",4e3c98b82b453286cbe46a6a77c228c47f06a40fc3585e76e20aae831ef73d72,ea242eb8ccc7aab43e4173715c3a29dd46229bd1e00c11c29c4149a5c3a9841a,improved_campaign_offspring,C000076,,5,boundary_growth:medium,0.08333333333333333,"[153,163,164,172,173,174]",6,L-SEED,completed,valid,[],,0.07952141975725552,9.20851932187615,B1,2026-08-07T16:57:07.913+02:00,2026-08-07T16:57:07.913+02:00,2026-08-07T16:58:20.957+02:00
411,C000411,improved_dataset_1000_20260807_001,12,411,"[0,0,0,0,0,0,0,0,0,0,0,0,0,0,0,0,0,0,0,0,0,0,0,0,0,0,0,0,0,2,0,0,0,0,0,0,2,2,2,2,0,0,0,0,0,0,0,0,0,0,0,0,0,0,0,0,0,0,0,0,0,0,0,0,0,0,0,0,0,0,0,0,0,0,0,0,0,0,0,0,0,0,0,0,0,0,0,0,0,0,0,0,0,0,0,0,0,0,2,0,0,0,0,0,0,0,0,0,2,2,0,0,0,0,0,0,0,0,0,2,0,0,0,0,0,0,0,0,0,2,0,0,0,0,0,0,0,0,0,2,0,0,0,0,0,0,0,0,2,0,0,0,0,0,0,0,0,0,2,2,0,1,1,0,0,0,0,1,2,1,0,0,1,0,0,0,0,1,1,1]",8bd5c3e262591fe3d854876689e5a4cd47c44fd23ea127ecb4ef4f023b064166,c0ea5771ff0c57a937f3b8c2e4fd0f83aff648688efc2e9c2cb77500ea11f33f,improved_campaign_offspring,C000291,,1,connected_region_repaint:large,0.17777777777777778,"[0,1,2,3,4,5,6,7,10,11,12,13,14,15,20,21,22,23,24,30,31,32,33,40,41,42,43,50,51,52,53,54,61,62,63,64,72]",37,L-SEED,completed,valid,[],,0.014647725724642593,10.09885430145575,B1,2026-08-07T16:58:21.210+02:00,2026-08-07T16:58:21.210+02:00,2026-08-07T16:59:08.828+02:00
412,C000412,improved_dataset_1000_20260807_001,12,412,"[2,2,2,2,2,2,2,2,0,0,2,2,2,2,2,2,0,0,0,0,2,2,2,2,2,0,0,0,0,2,2,2,2,2,0,0,2,2,2,2,2,2,2,2,0,0,2,0,2,2,2,2,2,2,2,2,2,2,2,2,0,2,2,2,2,2,2,2,0,2,0,0,2,0,0,2,2,2,2,2,0,0,0,0,2,2,2,2,2,2,0,0,0,2,2,2,2,2,2,2,0,0,0,0,0,0,2,2,2,2,0,0,0,0,0,0,0,2,2,2,0,0,0,0,0,0,0,2,0,2,0,0,0,0,0,0,0,0,0,2,0,0,0,0,0,0,0,0,2,0,0,0,0,0,0,0,0,0,2,2,0,1,1,0,0,0,0,1,2,1,0,0,1,0,0,0,0,1,1,1]",c15a1ee1d9366b66a2e07ba4590918d08c309a5afeac7c31f3d3c20a6d7b4a72,ac415f6bfe91ab6614251c8b169a46af141b4dce0e920be0bbf3f0bd905d2a38,improved_campaign_offspring,C000291,,2,connected_region_repaint:large,0.18888888888888888,"[46,48,49,55,56,57,58,59,65,66,67,69,75,76,77,78,79,84,85,86,87,88,89,93,94,95,96,97,99,106,107,117,118,127]",34,L-SEED,completed,valid,[],,0.06003657638592654,9.393920592290305,B1,2026-08-07T16:59:08.986+02:00,2026-08-07T16:59:08.986+02:00,2026-08-07T17:00:44.565+02:00
413,C000413,improved_dataset_1000_20260807_001,12,413,"[0,0,0,0,0,0,0,0,0,0,0,0,0,0,0,0,0,0,0,0,0,0,0,0,0,0,0,0,0,0,0,0,0,2,0,0,0,0,0,0,0,0,2,2,2,0,0,0,0,0,2,0,0,2,2,2,0,0,0,0,2,0,2,2,2,2,0,0,0,0,2,2,2,2,2,2,0,0,0,0,2,2,2,2,2,2,0,0,0,0,2,2,2,2,2,2,1,1,1,0,2,2,2,2,2,2,1,1,1,1,2,2,2,2,2,2,1,1,1,1,2,2,2,2,2,2,0,0,1,1,2,2,2,0,2,2,2,2,1,1,0,0,0,0,2,2,2,2,2,1,0,0,0,0,0,2,0,2,2,1,0,0,0,0,2,2,2,2,1,1,0,0,0,2,2,2,2,2,1,1]",d95ec72aadd4ff62563228740a1e2fd9b7d5b41b12585899595481664bcec893,cf34216d4a5aabfdd29376b92c8bb9173ca0e0e8530b581cc3121a3efc45e708,improved_campaign_offspring,C000383,,3,boundary_growth:small,0.016666666666666666,"[23,24,34]",3,L-SEED,completed,valid,[],,0.1106754693162509,8.8361178875309,B1,2026-08-07T17:00:44.724+02:00,2026-08-07T17:00:44.724+02:00,2026-08-07T17:02:36.489+02:00
414,C000414,improved_dataset_1000_20260807_001,12,414,"[2,2,2,1,1,1,1,1,1,1,2,2,1,1,1,1,1,1,1,1,2,2,2,2,2,1,1,1,0,0,2,2,2,2,2,1,1,1,1,1,2,2,2,2,2,1,1,1,1,1,2,2,2,2,2,2,1,1,1,1,2,0,2,2,2,2,1,1,1,1,2,0,2,2,2,2,1,1,1,1,2,2,2,2,2,2,1,1,1,1,2,2,2,2,2,2,1,1,1,1,2,2,2,2,2,2,1,1,1,1,2,2,2,2,2,2,1,1,1,1,2,2,2,2,2,2,1,0,1,1,2,2,2,0,2,2,2,2,1,1,0,0,0,0,2,2,2,0,0,1,0,0,0,0,0,0,0,0,0,1,0,0,0,0,0,0,0,0,1,1,0,0,0,0,0,0,0,0,1,1]",f7536f91f029daa7839c957e503fbb64feaa144f73c84709ea8758ad9ec8291b,ae940fa305c2b32d766fe0c178d7e5ea0fb19c4bf35cb3eb994b96a28e078f26,improved_campaign_offspring,C000233,,4,connected_region_repaint:small,0.011111111111111112,"[61,71]",2,L-SEED,completed,valid,[],,0.6426394353958212,3.4726589589281835,B3,2026-08-07T17:02:36.746+02:00,2026-08-07T17:02:36.746+02:00,2026-08-07T18:09:27.488+02:00
415,C000415,improved_dataset_1000_20260807_001,12,415,"[2,2,2,2,2,2,2,2,2,2,0,2,2,2,2,2,2,2,2,2,0,2,2,2,2,2,2,2,2,2,0,2,2,2,2,2,2,2,2,2,0,2,2,2,2,2,2,2,2,2,0,2,2,2,2,2,2,2,2,2,2,2,2,2,2,2,2,2,2,2,2,0,2,0,2,2,2,2,2,2,2,0,2,2,0,1,1,2,1,1,0,0,0,0,0,1,1,1,1,0,2,2,0,0,0,1,1,1,1,1,2,2,2,2,2,0,0,1,1,1,2,0,2,2,2,2,1,1,1,1,2,2,2,2,2,1,1,1,1,1,2,2,1,0,1,1,1,1,1,1,1,1,1,1,1,1,1,1,1,1,1,1,1,1,1,1,1,1,1,1,1,1,1,1,1,1,1,1,1,1]",f8e3a47a857b317f20a20332acd549cc9a56cfd846dd20cfc4211552de8bbd28,176a30be535677cfb6142e7361df3bc5abaf77df20680c2d47081d13d9713ff7,improved_campaign_offspring,C000382,,5,connected_region_repaint:large,0.21666666666666667,"[8,9,19,26,27,28,29,34,35,36,37,38,39,44,45,46,47,48,49,55,56,57,58,59,67,68,69,75,76,77,78,79,87]",33,L-SEED,completed,valid,[],,0.10138762051761575,8.927615022199952,B1,2026-08-07T18:09:27.856+02:00,2026-08-07T18:09:27.856+02:00,2026-08-07T18:11:07.102+02:00
416,C000416,improved_dataset_1000_20260807_001,12,416,"[0,0,0,2,2,2,2,2,0,0,0,0,2,2,2,2,2,2,2,0,0,0,0,2,2,2,2,2,2,0,0,0,0,2,0,2,2,2,0,0,0,0,0,0,0,2,2,2,0,0,0,0,0,0,0,2,2,2,2,0,0,0,0,0,0,0,2,2,2,2,0,1,0,0,0,0,2,2,2,2,1,1,0,0,0,0,0,2,2,2,1,1,1,1,0,0,0,0,2,2,1,1,1,1,1,0,0,0,0,0,1,1,1,1,0,0,0,0,0,0,1,1,0,1,0,0,0,0,0,0,1,1,0,0,0,0,0,0,0,0,1,1,1,1,1,1,0,0,0,0,1,1,1,0,1,0,0,0,0,0,1,1,1,0,0,0,0,1,0,1,1,1,1,0,0,0,0,1,1,1]",d9e55a44067a3da9aa7e33d461ed2c6387b138abb3f9186f630a5f8116c47d8b,1ab5e9dbe352532be6f8762dc001fa76ed5c3262fa517c260a215c74965fe4df,improved_campaign_offspring,C000149,,1,boundary_growth:medium,0.044444444444444446,"[52,53,54,62,63,64,65,72,75,85,95]",11,L-SEED,completed,valid,[],,0.06013119230127877,9.462969162852797,B1,2026-08-07T18:11:07.652+02:00,2026-08-07T18:11:07.652+02:00,2026-08-07T18:12:54.930+02:00
417,C000417,improved_dataset_1000_20260807_001,12,417,"[2,2,2,2,2,0,0,0,0,0,0,2,2,2,0,0,0,0,0,0,0,2,2,2,0,0,0,0,0,0,0,2,2,2,0,0,0,2,2,2,0,0,0,0,0,2,2,2,2,2,0,0,0,2,2,2,2,2,0,0,0,0,0,0,0,2,2,2,0,2,0,0,0,0,0,0,0,2,0,2,0,0,0,0,0,0,0,0,0,2,2,2,2,2,0,0,0,0,2,2,2,0,2,2,2,2,2,2,1,1,0,0,0,0,2,2,2,1,1,1,2,0,0,2,2,2,2,2,1,1,2,2,2,2,2,2,2,2,1,1,2,2,2,2,1,1,2,2,1,1,2,2,1,0,1,1,2,1,1,1,2,1,1,1,1,1,1,1,1,1,1,1,1,1,1,1,1,1,1,1]",d3c326125f9a2a427200387da73159cecf593159098390879d865fd419760903,9648495d9871126ff81bb71929508a57a649bf65f13d6a28c879adeae7a66877,improved_campaign_offspring,C000356,,2,connected_region_repaint:medium,0.044444444444444446,"[140,141,150,151,160]",5,L-SEED,completed,valid,[],,0.08167261970913506,9.176040662536234,B1,2026-08-07T18:12:55.109+02:00,2026-08-07T18:12:55.109+02:00,2026-08-07T18:14:53.122+02:00
418,C000418,improved_dataset_1000_20260807_001,12,418,"[0,0,0,0,0,0,0,0,0,0,0,0,0,0,0,0,0,0,0,0,0,0,0,0,0,0,0,0,0,0,0,2,2,2,0,2,0,0,0,0,0,2,2,2,0,2,0,0,0,0,0,2,2,0,2,2,0,0,0,0,2,2,0,0,0,0,0,0,0,0,2,2,0,0,0,0,0,0,0,0,0,0,0,0,0,2,0,0,0,0,0,0,0,0,0,2,2,0,0,0,0,0,0,0,2,2,2,2,0,0,0,0,0,0,0,0,0,0,0,0,0,0,0,0,0,0,0,0,0,0,0,0,0,0,0,0,0,0,0,0,0,0,0,0,0,0,0,0,0,0,0,0,0,0,0,0,0,0,0,0,0,0,0,0,0,0,0,0,0,0,0,0,0,0,0,0,1,1,0,0]",dc5f8ceb437b16e5e428bcafed4abc3ded252556dc87712dfffa37054e0c2ad1,af824ce0f9976882f050e484c398796dba8bf496b516b80dea49a139b730a750,improved_campaign_offspring,C000296,,3,boundary_growth:large,0.10555555555555556,"[63,64,65,66,67,68,69,74,75,76,77,78,79,86,87,88,89,97,98,99]",20,L-SEED,completed,valid,[],,0.0712889888150005,9.2628986071707,B1,2026-08-07T18:14:53.287+02:00,2026-08-07T18:14:53.287+02:00,2026-08-07T18:15:48.571+02:00
419,C000419,improved_dataset_1000_20260807_001,12,419,"[2,2,2,2,2,2,2,2,0,0,2,2,2,2,2,2,0,2,0,0,2,2,2,2,2,2,0,2,2,0,2,2,2,2,0,2,2,2,0,0,2,2,2,2,0,2,2,2,2,0,2,2,2,2,2,2,2,2,2,0,2,2,2,2,2,2,2,2,1,2,2,1,2,0,0,1,1,2,1,2,1,1,0,0,0,0,1,1,1,2,0,1,1,2,0,0,1,1,2,2,0,1,2,2,1,1,1,1,1,1,1,1,1,2,1,1,1,1,1,1,1,1,0,1,1,1,1,1,1,1,1,1,1,1,1,1,1,1,1,1,1,1,1,1,1,1,1,1,1,1,1,1,1,0,1,1,1,1,1,1,1,1,1,1,1,1,1,1,1,1,1,1,1,1,1,1,1,1,1,1]",65543af11e428549b01e82d177337fef50481468126e4dc8c6f78fbe36435026,931cd240460125a64cfb25d44bc44ff5ba92fc1d7af1df890c4a581a026ed48a,improved_campaign_offspring,C000386,,4,boundary_growth:medium,0.06111111111111111,"[16,18,26,27,28,29,37,39,45,46,47,48,49,57,58,67,77]",17,L-SEED,completed,valid,[],,0.12892801711690685,8.615592519721684,B1,2026-08-07T18:15:48.746+02:00,2026-08-07T18:15:48.746+02:00,2026-08-07T18:18:16.542+02:00
420,C000420,improved_dataset_1000_20260807_001,12,420,"[2,2,2,2,2,0,0,0,0,0,0,2,2,2,0,0,0,0,0,0,0,2,2,2,0,0,0,0,0,0,0,2,2,2,0,0,0,2,2,2,0,0,0,0,0,2,2,2,2,2,0,0,0,2,2,2,2,2,0,0,0,0,0,0,0,2,2,2,0,2,0,0,0,0,0,0,0,2,0,2,0,0,0,0,0,0,0,0,0,2,2,2,2,2,0,0,0,0,2,2,2,0,2,2,2,2,2,2,0,0,0,0,0,0,2,2,2,0,0,0,2,0,0,2,2,2,2,2,0,0,2,2,2,2,2,2,2,2,0,0,0,0,2,2,1,1,2,2,1,1,0,0,1,0,1,1,2,1,1,1,0,1,1,1,1,1,1,1,1,1,1,1,1,1,1,1,1,1,1,1]",d12d902fc5a24dda021cdaebe5cbde53a864519df1bf224585de9c4e6b865d88,a9b84d9f9ecc8790fbe9878a7e5f23e3a1835694da8fd3fc7bbb23368d45e774,improved_campaign_offspring,C000356,,5,rectangular_patch:small,0.011111111111111112,"[108,109,117,118,119,128,129,138,139]",9,L-SEED,completed,valid,[],,0.06163840386887068,9.42108560581594,B1,2026-08-07T18:18:16.705+02:00,2026-08-07T18:18:16.705+02:00,2026-08-07T18:19:58.526+02:00
421,C000421,improved_dataset_1000_20260807_001,13,421,"[0,1,1,1,1,1,1,1,1,1,0,1,1,1,1,1,1,1,1,1,0,0,0,0,0,1,1,1,1,1,0,2,2,2,0,1,1,1,1,1,0,2,2,2,0,1,1,1,1,1,0,2,2,2,0,1,1,1,1,1,2,2,2,2,2,1,1,1,1,1,2,2,2,2,2,1,1,1,1,1,2,2,2,2,2,1,1,1,1,1,2,2,2,2,2,1,1,1,1,1,2,2,2,2,2,1,1,1,1,1,2,2,2,2,2,1,1,1,1,1,2,0,2,2,2,1,1,1,1,1,0,2,2,0,0,1,1,1,1,1,0,0,1,1,1,1,1,1,1,1,1,1,1,1,1,1,1,1,1,1,1,1,1,1,1,1,1,1,1,1,1,1,1,1,1,1,1,1,1,1]",1059c86637b38c9a2d2b0b5d18935d1bde19cf652a8319f5ba7af92d8f2cf843,b10f66f612814a66c5b5bf55a46400bed39642b4295775267369ff022ab642d3,improved_campaign_offspring,C000274,,1,connected_region_repaint:small,0.005555555555555556,[121],1,L-SEED,completed,valid,[],,0.9938041539352795,0.12155140314366213,B6,2026-08-07T18:19:58.895+02:00,2026-08-07T18:19:58.895+02:00,2026-08-07T18:21:29.190+02:00
422,C000422,improved_dataset_1000_20260807_001,13,422,"[0,1,1,1,1,1,1,1,1,1,0,1,1,1,1,1,1,1,1,1,0,0,0,0,0,1,1,1,1,1,0,0,0,0,0,1,1,1,1,1,0,0,0,0,0,1,1,1,1,1,0,2,0,0,0,1,1,1,1,1,2,2,2,0,2,1,1,1,1,1,2,2,2,2,2,1,1,1,1,1,0,0,0,0,2,1,1,1,1,1,0,0,0,2,2,1,1,1,1,1,0,0,0,0,2,1,1,1,1,1,0,0,0,0,0,1,1,1,1,1,0,0,0,0,0,1,1,1,1,1,0,0,0,0,0,1,1,1,1,1,0,0,1,1,1,1,1,1,1,1,1,1,1,1,1,1,1,1,1,1,1,1,1,1,1,1,1,1,1,1,1,1,1,1,1,1,1,1,1,1]",f4a7d16917655bcb72607ed5b70ab10475589a9a2b1b928efbfd0c72464e0c36,2343e77ce8d1085e09069035ee4b428a99406475cae1bfc51ae54befa2da4223,improved_campaign_offspring,C000392,,2,boundary_growth:medium,0.05,"[31,32,33,41,42,43,52,53,63]",9,L-SEED,completed,valid,[],,0.9932438707876272,0.12164925656311049,B6,2026-08-07T18:21:29.425+02:00,2026-08-07T18:21:29.425+02:00,2026-08-07T18:22:46.403+02:00
423,C000423,improved_dataset_1000_20260807_001,13,423,"[2,2,2,2,2,2,2,2,0,0,0,2,2,2,2,2,2,1,1,0,0,2,2,2,2,2,1,1,1,0,0,2,2,2,0,1,1,1,1,0,0,2,2,2,0,1,1,1,1,1,0,2,2,2,2,1,1,1,1,0,2,2,2,0,0,0,0,1,1,1,2,0,2,0,0,1,1,1,1,1,2,0,2,2,1,1,0,1,1,1,1,1,1,1,1,1,0,0,1,1,2,2,1,1,1,0,0,0,1,1,2,2,2,2,2,0,1,1,1,1,2,0,2,2,2,2,1,1,1,1,2,2,2,2,2,1,1,1,1,1,2,2,0,0,1,1,1,1,1,1,0,0,0,0,1,1,1,1,1,1,0,0,0,0,0,1,1,1,1,1,0,0,0,0,1,1,1,1,1,1]",616a4cefd6604dd7ab14acc1593d0540130eef70a3c347922007f495c3d6867b,b37097f93a9f6ad0f2c23442cca851160005e1dab7aa7400b3aca91ca627b91d,improved_campaign_offspring,C000271,,3,connected_region_repaint:medium,0.027777777777777776,"[162,163,164,172,173]",5,L-SEED,completed,valid,[],,0.42497780162717697,5.514130446737584,B1,2026-08-07T18:22:46.568+02:00,2026-08-07T18:22:46.568+02:00,2026-08-07T18:27:45.971+02:00
424,C000424,improved_dataset_1000_20260807_001,13,424,"[2,2,2,2,2,2,2,1,1,0,2,2,2,2,2,2,1,1,1,0,2,0,0,0,0,0,0,0,1,0,0,0,0,0,0,0,0,0,1,1,0,0,0,0,0,0,0,0,1,1,0,0,0,0,0,0,0,0,0,1,0,0,0,0,0,0,0,0,0,1,0,0,0,0,0,0,1,1,1,1,0,0,0,0,0,0,1,1,1,1,0,0,0,0,0,0,1,1,1,1,0,0,0,0,0,0,1,1,1,1,0,0,0,0,0,0,1,1,1,1,0,0,0,0,0,0,1,0,1,1,0,0,0,0,0,0,0,0,1,1,0,0,0,0,0,0,0,0,0,1,0,0,0,0,0,0,0,0,0,1,0,0,0,0,0,0,0,0,1,1,0,0,0,0,0,0,0,0,1,1]",3c060167e960f5dc0016a27fcc0fcde6e4d955fd5f45d6ef61d1297e579f6739,cb199477516ab7c2a296ad2a0c2197878979238b86527961a380d35e16a806e3,improved_campaign_offspring,C000393,,4,rectangular_patch:large,0.2222222222222222,"[21,22,23,24,25,26,27,32,33,34,35,36,37,44,45,46,47,54,56,57,58,66,67,68]",24,L-SEED,completed,valid,[],,0.4658551142492444,5.576960575069258,B1,2026-08-07T18:27:46.136+02:00,2026-08-07T18:27:46.136+02:00,2026-08-07T18:28:42.396+02:00
425,C000425,improved_dataset_1000_20260807_001,13,425,"[2,2,2,2,2,2,2,2,0,0,0,2,2,2,2,2,2,2,2,0,0,2,2,2,2,2,0,0,0,0,0,2,2,2,0,0,0,0,0,0,0,2,2,2,0,0,0,0,0,0,0,2,2,2,2,0,0,0,0,0,2,2,2,2,2,2,2,0,0,0,2,0,2,0,2,0,0,0,0,0,2,0,2,2,0,0,0,0,0,0,0,0,0,0,0,0,0,0,0,0,2,2,0,0,0,0,0,0,0,0,2,2,0,2,2,0,0,0,0,0,2,0,0,0,2,2,0,0,0,0,2,2,2,2,2,0,0,0,1,1,2,2,0,0,0,0,0,0,1,1,0,0,0,0,0,0,0,1,1,1,0,0,0,0,0,0,0,1,1,1,0,0,1,0,0,1,1,1,1,1]",a52e4b06ed95a61e1bceab40afdee12e05c4cbb204e838de9f81c299398d83a1,0ceb6c77219be7d6cc319bcdad3811237eed1d87716ad92593a03d5275d3a5b0,improved_campaign_offspring,C000334,,5,connected_region_repaint:large,0.13333333333333333,"[67,68,75,76,77,78,79,84,85,86,87,88,89,93,95,97,98,99,103,104,105,106,115,116,117,126,135,136,137,142,143,144,145,146,147,150,151,152,153,154,155,156,160,161,162,163,164,165,166,170,171,173,174]",53,L-SEED,completed,valid,[],,0.09225348517613972,9.04157540123261,B1,2026-08-07T18:28:42.562+02:00,2026-08-07T18:28:42.562+02:00,2026-08-07T18:30:18.282+02:00
426,C000426,improved_dataset_1000_20260807_001,13,426,"[0,0,0,0,0,0,0,0,0,0,0,0,0,0,0,0,0,0,0,0,0,0,0,0,0,0,0,0,0,0,0,0,0,0,0,0,0,0,0,0,0,0,0,0,0,0,0,0,0,0,0,0,0,0,0,0,0,0,0,0,0,0,0,2,2,2,2,2,2,2,2,2,2,2,2,2,2,2,2,2,2,2,2,2,2,2,2,2,2,2,2,2,2,2,2,2,2,2,2,2,2,2,2,2,2,2,2,2,0,0,2,2,2,0,0,0,0,0,0,0,2,2,2,0,0,0,0,0,0,0,2,2,2,0,0,2,2,0,0,0,0,0,2,2,2,2,2,2,2,2,2,2,2,2,2,2,2,2,0,2,2,2,2,2,0,2,2,2,2,2,2,2,2,2,2,2,1,1,2,2]",de521536e603cb7bcb36521ee7643e881fb95ac42703ffd92105db503651a66a,27e72384e69fcd8d3770fb9fd0fd8b2db67b8684b3238d03fae215c0056ace37,improved_campaign_offspring,C000096,,1,rectangular_patch:small,0.022222222222222223,"[113,114,123,124]",4,L-SEED,completed,valid,[],,0.04057489227423304,9.670637888371823,B1,2026-08-07T18:30:18.609+02:00,2026-08-07T18:30:18.609+02:00,2026-08-07T18:31:22.316+02:00
427,C000427,improved_dataset_1000_20260807_001,13,427,"[2,1,1,1,1,1,1,1,1,1,2,1,1,1,1,1,1,1,1,1,2,2,2,0,0,1,1,1,1,1,2,0,2,2,0,1,1,1,1,1,2,0,0,0,0,1,1,1,1,1,2,2,0,0,0,0,1,1,1,1,0,0,0,0,0,1,1,1,1,1,0,0,0,0,0,0,1,1,1,1,0,0,1,1,0,1,1,1,1,1,0,1,1,1,1,1,1,1,1,1,1,1,1,1,1,1,1,1,1,1,1,1,1,1,1,1,1,1,1,1,2,2,0,0,1,0,1,0,1,1,2,2,2,0,1,0,0,0,1,1,0,0,0,0,1,1,0,0,0,1,0,0,0,0,0,0,0,0,0,1,0,0,0,0,0,0,0,0,1,1,0,0,0,0,0,0,0,0,1,1]",359d1c8d8e3827a701b7f7700528263b8451a8c800bc072678ae1189d23e31f8,dfd45f1e9ed31882c449e712764e77014ca010a81e4342de582f58409ab09a3d,improved_campaign_offspring,C000276,,2,connected_region_repaint:small,0.022222222222222223,"[124,134,144,145]",4,L-SEED,completed,valid,[],,0.6872563190397338,2.716070619119498,B3,2026-08-07T18:31:22.478+02:00,2026-08-07T18:31:22.478+02:00,2026-08-07T18:34:26.441+02:00
428,C000428,improved_dataset_1000_20260807_001,13,428,"[2,1,1,1,1,1,1,1,1,1,2,1,1,1,1,1,1,1,1,1,2,2,2,0,0,1,1,1,1,1,2,0,2,2,0,1,1,1,1,1,2,0,0,0,0,1,1,1,1,1,2,2,0,0,1,0,1,1,1,1,0,0,1,0,1,1,1,1,1,1,1,1,1,1,1,0,1,1,1,1,1,1,1,1,1,1,1,1,1,1,0,1,1,1,1,1,1,1,1,1,1,1,1,1,1,1,1,1,1,1,1,1,1,1,1,1,1,1,1,1,2,1,1,0,0,0,1,0,1,1,2,2,2,0,0,0,0,0,1,1,0,0,0,0,0,0,0,0,0,1,0,0,0,0,0,0,0,0,0,1,0,0,0,0,0,0,0,0,1,1,0,0,0,0,0,0,0,0,1,1]",44f713605e8e091817fdcb5487821f7a1f90c9bac2f3d618b57fb41b6792e14a,d0dac25d3b4d3190f20700dbb1989a7f94f5c2cb9d25563a3468728b43bb4407,improved_campaign_offspring,C000400,,3,connected_region_repaint:medium,0.06111111111111111,"[54,62,64,70,71,72,73,74,80,81,84]",11,L-SEED,completed,valid,[],,0.7096209763857989,2.42831863698187,B4,2026-08-07T18:34:26.985+02:00,2026-08-07T18:34:26.985+02:00,2026-08-07T18:38:45.897+02:00
429,C000429,improved_dataset_1000_20260807_001,13,429,"[0,0,0,0,0,2,2,0,2,0,0,0,0,0,2,2,2,2,2,2,0,0,0,0,2,2,2,2,2,0,0,2,2,2,2,2,2,2,2,0,0,2,0,2,0,2,2,2,0,0,0,2,2,2,0,0,2,2,2,0,2,2,0,2,0,0,0,2,2,0,2,2,0,0,0,0,0,0,0,0,2,0,0,0,0,0,0,0,0,0,2,2,0,0,0,0,0,0,0,0,2,2,0,2,0,0,2,2,2,0,2,2,2,2,2,0,2,2,2,0,2,2,2,2,2,0,0,0,0,0,2,2,2,0,0,2,2,0,0,0,0,0,2,2,2,2,2,2,2,2,2,2,2,2,2,2,2,2,0,2,2,2,2,2,2,2,2,2,2,2,2,2,2,2,2,2,1,1,2,2]",f682ac7a43cdfc143226b895ee3525206578cacf1a2795aae7a73d635205dd1f,f2ba12597f22eb6341e311f8959e5bf866c59fad3b85964e01c019e69c6e7bfc,improved_campaign_offspring,C000396,,4,boundary_growth:small,0.005555555555555556,[78],1,L-SEED,completed,valid,[],,0.046962328099075516,9.602163043272089,B1,2026-08-07T18:38:46.060+02:00,2026-08-07T18:38:46.060+02:00,2026-08-07T18:41:19.990+02:00
430,C000430,improved_dataset_1000_20260807_001,13,430,"[0,0,0,0,0,0,0,0,0,0,0,0,0,0,0,0,0,0,2,0,0,0,0,0,2,2,0,2,2,0,0,2,2,0,0,2,2,2,2,2,0,2,0,0,0,2,2,0,2,2,2,2,0,0,0,0,2,2,2,2,0,0,0,0,0,0,2,2,2,2,0,0,0,0,0,0,2,2,2,2,1,0,0,0,0,0,2,2,2,2,1,1,0,0,0,2,2,2,2,2,1,1,0,1,0,2,2,2,2,2,1,1,1,1,1,2,2,2,2,2,1,1,1,1,1,2,2,2,2,2,1,1,1,0,0,1,2,2,2,2,0,0,1,1,1,1,2,2,2,2,0,0,1,1,1,1,2,2,0,2,1,1,1,1,0,1,2,2,2,2,1,1,2,2,2,2,1,1,2,2]",d5cc28a442d35c4ca7ed857ac75700e2971bccd0655947ec58e8499735dee555,cb3febcc262767674c2cf6a9c2765853dac6737d7a2f6defe056237795f36ac8,improved_campaign_offspring,C000126,,5,connected_region_repaint:large,0.13333333333333333,"[13,23,33,34,43,44,53,54,61,63,64,65,70,71,72,73,74,75,81,82,83,84,92,93,94,104]",26,L-SEED,completed,valid,[],,0.025134441017012697,9.90608053976502,B1,2026-08-07T18:41:20.177+02:00,2026-08-07T18:41:20.177+02:00,2026-08-07T18:43:37.293+02:00
431,C000431,improved_dataset_1000_20260807_001,13,431,"[2,2,2,2,2,2,2,2,2,0,2,2,2,2,2,2,2,2,2,2,2,2,2,2,2,2,2,2,2,0,2,2,2,2,2,2,2,2,2,2,2,2,2,2,2,2,2,2,2,2,0,2,2,2,2,0,2,2,2,2,2,2,2,2,2,0,2,2,2,0,2,2,2,2,2,0,0,0,0,0,2,2,2,2,2,0,0,0,0,0,2,2,2,2,2,0,0,0,0,0,2,2,2,2,2,0,0,0,0,0,2,2,2,2,2,0,0,0,0,0,2,2,2,2,2,0,0,0,0,0,2,2,2,0,0,0,0,0,0,0,0,0,0,0,0,0,0,0,0,0,0,0,0,0,0,0,0,0,0,0,0,0,0,0,0,0,0,0,0,0,0,0,0,0,0,0,0,0,0,0]",e82de7ce0d4806ecaaf164a8394ac0f9c3f087490660723a47b93404aa530668,35f80d17f9ef393e2c1e8b62c008828c6ead2de466fe99e3ad90972a3d9ae1b5,improved_campaign_offspring,C000343,,1,boundary_growth:large,0.17777777777777778,"[69,76,77,78,79,86,87,88,89,96,97,98,99,106,107,108,109,116,117,118,119,126,128,129,138,139,149,159,168,169,178,179]",32,L-SEED,completed,valid,[],,0.07082527673882014,9.280195065666335,B1,2026-08-07T18:43:37.538+02:00,2026-08-07T18:43:37.538+02:00,2026-08-07T18:44:32.496+02:00
432,C000432,improved_dataset_1000_20260807_001,13,432,"[2,2,2,2,2,2,2,2,0,0,0,2,2,2,2,2,2,2,2,0,0,2,2,2,2,2,2,2,2,0,0,2,2,2,0,2,2,0,0,0,0,0,2,0,0,2,2,2,0,0,0,2,2,0,0,0,0,0,0,0,0,2,2,0,0,0,0,0,0,0,0,0,2,0,0,0,0,0,0,0,0,0,0,0,0,0,0,0,0,0,0,0,0,0,0,0,0,0,0,0,0,0,0,0,0,0,0,0,0,0,0,0,0,0,0,0,0,0,0,0,0,0,0,0,0,0,0,0,0,0,0,0,0,0,0,0,0,0,0,0,0,0,0,0,0,0,0,0,0,0,0,0,0,0,0,0,0,0,0,0,0,1,1,0,0,0,0,1,0,1,0,0,1,0,0,0,0,1,1,1]",7997b7cefb4a16dae938f4cd28ac104e168e821cf606fafc9b3143e9bb8bf1f4,71d6761f8df991447718bb791c440d98a4c80a13ac8c60c02f01cf2c8f7511a3,improved_campaign_offspring,C000315,,2,connected_region_repaint:medium,0.08333333333333333,"[37,38,39,48,49,57,58,67,68,69,79,87,88,89,98,99]",16,L-SEED,completed,valid,[],,0.09643509970818205,9.001756067078606,B1,2026-08-07T18:44:32.663+02:00,2026-08-07T18:44:32.663+02:00,2026-08-07T18:45:26.903+02:00
433,C000433,improved_dataset_1000_20260807_001,13,433,"[2,1,1,1,1,1,1,1,1,1,2,1,1,1,1,1,1,1,1,1,2,2,2,2,2,1,1,1,1,1,2,2,2,2,2,1,1,1,1,1,2,2,2,2,2,1,1,1,1,1,2,2,2,2,2,2,1,1,1,1,2,2,2,2,2,2,1,1,1,1,2,2,2,2,2,2,1,1,1,1,2,2,2,2,2,2,1,1,1,1,0,2,2,2,2,0,1,1,1,1,0,0,2,2,2,0,1,1,1,1,0,0,0,0,0,0,1,1,1,1,0,0,0,0,0,1,1,1,1,1,0,0,0,1,0,1,0,1,1,1,0,0,0,1,1,1,1,1,1,1,0,0,1,1,1,1,1,1,1,1,0,0,0,0,1,1,1,1,1,1,0,0,0,0,1,1,1,1,1,1]",c020d5aef0455b2e07bf5220e3231b3623c9a92b246ad05cf62d61152e34c669,4c88c30d51c64ba21a3ecec7936342ca75e12efd6bd149e51fe84c1774bd89e3,improved_campaign_offspring,C000401,,3,connected_region_repaint:large,0.09444444444444444,"[0,10,20,21,22,23,24,30,34,40,44,50,54,55,65,75,85]",17,L-SEED,completed,valid,[],,0.7782961591254903,1.7259984973758276,B4,2026-08-07T18:45:27.064+02:00,2026-08-07T18:45:27.064+02:00,2026-08-07T18:48:00.333+02:00
434,C000434,improved_dataset_1000_20260807_001,13,434,"[0,1,1,1,1,1,1,1,1,1,0,1,1,1,1,1,1,1,1,1,0,0,0,0,0,1,1,1,1,1,0,2,2,2,0,1,1,1,1,1,0,2,2,2,0,1,1,1,1,1,0,2,2,2,0,0,1,1,1,1,2,2,2,2,2,0,1,1,1,1,2,2,2,2,2,0,1,1,1,1,2,2,2,2,2,0,1,1,1,1,0,2,2,2,2,0,1,1,1,1,0,0,2,2,2,0,1,1,1,1,0,0,0,0,0,0,1,0,1,1,0,0,0,0,0,1,1,1,1,1,0,0,0,1,0,1,0,1,1,1,0,0,0,1,1,1,1,1,1,1,0,0,1,1,1,1,1,1,1,1,0,0,0,0,1,1,1,1,1,1,0,0,0,0,1,1,1,1,1,1]",f339a957bb51c2088b1e23518cf92ed8275aecc679ad613d12a9f61c168056b4,41b14db65ef5a62ec13191781c7147a0f949a8980602d7fc0638f58f6c9ee9d0,improved_campaign_offspring,C000401,,4,rectangular_patch:small,0.005555555555555556,[117],1,L-SEED,completed,valid,[],,0.7735496004541216,1.7833293663070222,B4,2026-08-07T18:48:00.507+02:00,2026-08-07T18:48:00.507+02:00,2026-08-07T18:51:23.616+02:00
435,C000435,improved_dataset_1000_20260807_001,13,435,"[2,2,2,2,2,2,2,2,0,0,0,2,2,2,2,2,2,2,2,0,0,2,2,2,2,2,2,2,2,0,0,2,2,2,0,2,2,2,2,2,0,0,0,0,0,2,2,2,2,2,0,0,0,0,0,0,0,2,2,0,0,0,0,0,0,0,0,2,2,2,0,0,0,0,0,0,0,0,0,2,0,0,0,0,0,0,0,2,2,2,0,0,0,0,0,0,0,0,2,2,0,0,0,0,0,0,0,0,0,0,0,0,0,0,0,0,0,0,0,0,0,0,0,0,0,0,0,0,0,0,0,0,0,0,0,0,0,0,0,0,0,0,0,0,0,0,0,0,0,0,0,0,0,0,0,0,0,0,0,0,0,1,1,0,0,0,0,1,0,1,0,0,1,0,0,0,0,1,1,1]",d951110ce76efe6ed3715cb2084240e262931ef6faac7f87a065cff075ebb665,6b78681edb51b73b27ab1997d46409ec9222df7f801e404d2d0cdfc498c1dcdf,improved_campaign_offspring,C000315,,5,boundary_growth:medium,0.027777777777777776,"[42,51,52,61,62,72]",6,L-SEED,completed,valid,[],,0.06952023463959368,9.3084333852469,B1,2026-08-07T18:51:23.784+02:00,2026-08-07T18:51:23.784+02:00,2026-08-07T18:52:29.327+02:00
436,C000436,improved_dataset_1000_20260807_001,13,436,"[0,0,0,0,0,0,0,0,0,0,0,0,0,0,1,0,0,0,0,0,0,0,0,0,1,1,0,0,0,0,0,2,2,2,1,0,0,0,0,0,0,2,1,1,1,1,1,1,0,0,0,1,1,1,1,1,1,1,0,0,0,0,0,1,1,0,0,0,0,0,0,0,0,1,1,1,1,0,0,0,0,0,0,1,1,1,1,1,0,0,2,0,0,1,1,1,1,1,1,1,2,2,1,0,1,1,1,1,1,1,2,2,1,1,1,0,1,1,1,1,2,2,1,0,1,0,1,1,1,1,2,2,1,1,1,1,1,1,1,1,0,0,1,1,1,1,1,1,1,1,1,1,1,1,1,1,1,1,1,1,1,1,1,1,1,1,1,1,1,1,1,1,1,1,1,1,1,1,1,1]",a3b878481785818a2e6f8da90efc7ca240605fa3e3a7e6ddf40c9ad3e8c30e21,a0bb49f189b164b10330513f81d72f25ca303c4101e7c46ffd1ec492da8e0a0d,improved_campaign_offspring,C000289,,1,boundary_growth:small,0.011111111111111112,"[133,134]",2,L-SEED,completed,valid,[],,0.40497677007170185,6.476295125264284,B1,2026-08-07T18:52:29.570+02:00,2026-08-07T18:52:29.570+02:00,2026-08-07T18:54:18.946+02:00
437,C000437,improved_dataset_1000_20260807_001,13,437,"[0,0,0,0,0,0,0,0,0,0,0,0,0,0,0,0,0,0,0,0,0,0,0,0,0,0,0,0,0,0,0,0,0,0,0,0,0,0,0,0,2,0,2,2,0,0,0,0,0,0,2,2,2,2,0,0,0,0,0,0,2,0,2,2,2,0,0,2,2,2,2,2,2,2,2,2,2,2,2,2,2,0,2,2,2,2,2,2,2,2,0,0,2,2,2,2,2,2,2,2,0,0,0,2,2,2,2,2,0,0,0,0,2,2,0,0,0,0,0,0,0,0,2,2,0,0,0,0,0,0,1,1,1,0,0,1,1,0,0,0,0,0,1,1,1,1,1,1,1,1,1,1,1,1,1,1,1,1,0,1,1,2,1,1,0,1,1,1,2,2,2,2,2,1,0,0,1,1,2,2]",95aa2ca326bf837d382e0a735e24e8aa9b46be7556b1a13c78647d3ffeb16d49,cc8f54425f57101ea19d7511d6ea862140d52f3b932e9175680175b8034dd25d,improved_campaign_offspring,C000378,,2,connected_region_repaint:small,0.022222222222222223,"[81,90,91,100,101]",5,L-SEED,completed,valid,[],,0.0502957806680119,9.541783775594439,B1,2026-08-07T18:54:19.110+02:00,2026-08-07T18:54:19.110+02:00,2026-08-07T18:59:48.777+02:00
438,C000438,improved_dataset_1000_20260807_001,13,438,"[2,2,2,2,2,0,0,2,0,1,2,2,2,2,2,2,2,2,2,1,2,2,2,2,2,2,2,1,1,1,0,0,0,0,2,0,2,1,1,1,0,0,0,0,0,2,2,2,2,1,0,0,0,0,0,0,0,0,1,1,0,2,1,0,1,1,1,1,1,1,2,2,1,1,1,1,1,0,1,1,2,2,2,1,1,1,1,1,1,1,2,1,1,1,1,1,1,1,1,1,1,1,1,1,1,1,1,0,0,0,2,1,1,0,2,2,0,0,0,0,2,2,1,1,2,2,0,0,0,0,2,1,1,0,0,1,1,0,0,0,0,0,1,1,1,0,1,2,2,2,1,1,1,1,1,1,1,2,0,2,1,1,1,1,0,1,1,1,2,2,1,1,1,1,1,1,1,1,2,2]",6a7dba23aa61cc65ddd683ffaa45c53bb5667c27d57ae52b412dcbba988b5e17,a942f73fc331cfee2cb795e4738a4a398aaf123a122a987d36bdf8a9136b23d8,improved_campaign_offspring,C000290,,3,rectangular_patch:small,0.022222222222222223,"[114,115,124,125]",4,L-SEED,completed,valid,[],,0.3212803039238795,8.01307307072264,B1,2026-08-07T18:59:48.941+02:00,2026-08-07T18:59:48.941+02:00,2026-08-07T19:12:48.524+02:00
439,C000439,improved_dataset_1000_20260807_001,13,439,"[0,0,0,0,0,0,0,0,0,0,2,2,0,0,1,0,0,0,0,0,2,0,0,0,1,1,0,0,0,0,2,2,2,2,1,0,0,0,0,0,0,2,1,1,1,1,1,1,0,0,0,1,1,1,1,1,1,1,0,0,0,0,0,1,1,0,0,0,0,0,0,0,0,1,1,1,1,0,0,0,0,0,0,1,1,1,1,1,0,0,2,0,0,1,1,1,1,1,1,1,2,2,0,0,1,1,1,1,1,1,2,2,0,0,1,0,1,1,1,1,2,2,0,0,1,0,1,1,1,1,2,2,1,0,0,1,1,1,1,1,0,0,1,1,1,1,1,1,1,1,1,1,1,1,1,1,1,1,1,1,1,1,1,1,1,1,1,1,1,1,1,1,1,1,1,1,1,1,1,1]",1abf7f78c435fb9f9ecc106480c215cc469728e64846259572e0f2d136682a69,e30e50fccda8df97489299683caca5056bd7f17b3fa140eab27c113e4a43942b,improved_campaign_offspring,C000346,,4,connected_region_repaint:small,0.022222222222222223,"[10,11,20,30]",4,L-SEED,completed,valid,[],,0.40805105072051673,6.430135761259342,B1,2026-08-07T19:12:48.687+02:00,2026-08-07T19:12:48.687+02:00,2026-08-07T19:14:20.805+02:00
440,C000440,improved_dataset_1000_20260807_001,13,440,"[0,0,0,0,0,0,0,0,0,0,0,0,0,0,0,0,0,0,0,0,0,2,2,2,2,2,2,0,0,0,0,2,2,2,2,2,2,0,0,0,0,2,2,2,2,2,2,0,0,0,0,2,2,2,2,2,2,0,0,0,0,2,2,2,2,2,2,0,0,0,0,2,2,1,1,1,1,0,0,0,0,0,0,1,1,1,1,1,0,0,2,0,0,1,1,1,1,1,1,1,2,2,1,0,1,1,1,1,1,1,2,2,1,1,1,0,1,1,1,1,2,2,1,0,1,0,1,1,1,1,2,2,1,0,0,1,1,1,1,1,0,0,1,1,1,1,1,1,1,1,1,1,1,1,1,1,1,1,1,1,1,1,1,1,1,1,1,1,1,1,1,1,1,1,1,1,1,1,1,1]",5abe9508fccf9f6d25d3e4b6b0ddd3b78c64565f76c4973447dfe80f85ad24a5,c1bcc28d0fc40260d591d609dbfb27ca259c905c3da5238ad69f29660ceaf5a2,improved_campaign_offspring,C000289,,5,rectangular_patch:large,0.17777777777777778,"[14,21,22,23,24,25,26,34,35,36,42,43,44,45,46,47,51,52,53,54,55,56,57,61,62,63,64,65,66,71,72]",31,L-SEED,completed,valid,[],,0.1342534623162815,8.564958825580087,B1,2026-08-07T19:14:20.967+02:00,2026-08-07T19:14:20.967+02:00,2026-08-07T19:15:19.200+02:00
441,C000441,improved_dataset_1000_20260807_001,13,441,"[2,2,2,2,2,2,2,2,2,2,0,2,2,2,2,2,2,2,2,2,0,2,2,2,2,2,2,2,2,2,0,2,2,2,2,2,2,2,2,2,0,2,2,2,2,2,2,2,2,2,0,2,2,2,2,2,2,2,2,2,2,2,2,2,2,2,2,2,2,2,2,0,2,0,2,2,2,2,2,2,2,0,2,2,0,0,0,2,0,0,0,0,0,0,0,0,0,0,0,0,2,2,0,0,0,0,0,0,0,0,2,2,2,2,2,0,0,0,0,0,2,0,2,2,2,2,1,0,0,0,2,2,2,2,2,1,1,1,0,1,2,2,1,0,1,1,1,1,1,1,1,1,1,1,1,1,1,1,1,1,1,1,1,1,1,1,1,1,1,1,1,1,1,1,1,1,1,1,1,1]",b91bc45c2c8d1a86399399e5ccbd6aafbcb2b36fc3408f4bbb84968e826a13bb,2658a83717b72afec6b54c0a377ca8240360c44cab719beebaa8166997728768,improved_campaign_offspring,C000415,,1,boundary_growth:large,0.10555555555555556,"[85,86,88,89,95,96,97,98,105,106,107,108,109,117,118,119,127,128,129,138]",20,L-SEED,completed,valid,[],,0.0733614102769621,9.254620549152348,B1,2026-08-07T19:15:19.441+02:00,2026-08-07T19:15:19.441+02:00,2026-08-07T19:16:32.172+02:00
442,C000442,improved_dataset_1000_20260807_001,13,442,"[2,0,0,0,0,0,0,0,0,0,2,0,0,0,0,0,0,0,0,0,2,2,2,2,2,2,2,0,0,0,0,0,2,2,2,2,2,0,0,0,0,0,0,2,2,2,0,0,0,0,0,0,0,0,0,0,0,0,0,0,0,0,0,0,0,0,0,2,0,0,0,0,0,0,2,2,0,2,0,0,0,0,0,2,0,2,2,2,2,0,0,2,2,2,2,2,2,2,2,2,2,2,2,0,0,2,2,2,1,1,2,2,2,0,2,2,2,1,1,1,2,2,2,2,2,2,2,2,1,1,2,2,2,2,2,2,2,2,1,1,2,2,2,2,2,2,2,2,2,1,2,2,2,2,2,2,2,2,2,1,2,2,2,2,2,2,2,2,1,1,0,2,2,2,2,2,2,0,1,1]",e9eb70292f53ed82ec84ff69a18f97bd084d72c430505c75c5cd073e1574b957,acdc1aa5a997291a4f791b2046c21d263044f5e55f39e226438473dd2e520a15,improved_campaign_offspring,C000354,,2,boundary_growth:small,0.016666666666666666,[152],1,L-SEED,completed,valid,[],,0.08750654524672662,9.119940781504122,B1,2026-08-07T19:16:32.334+02:00,2026-08-07T19:16:32.334+02:00,2026-08-07T19:18:16.445+02:00
443,C000443,improved_dataset_1000_20260807_001,13,443,"[0,0,0,0,0,0,0,0,0,0,0,0,0,0,0,0,0,0,0,0,0,0,0,0,0,0,0,0,0,0,0,2,2,2,0,0,0,0,0,0,0,2,2,2,0,0,0,0,0,0,0,2,2,2,0,0,0,0,0,0,2,2,2,2,2,2,2,2,2,0,2,2,2,2,2,2,2,0,0,0,2,2,2,2,2,2,0,0,2,0,2,2,2,2,2,2,2,2,2,2,2,2,2,2,2,2,2,2,0,0,2,0,2,2,2,2,2,0,2,2,2,0,2,2,2,0,2,2,2,0,2,0,0,0,0,0,0,2,2,0,0,0,0,0,0,0,0,2,0,0,0,0,0,0,0,0,0,0,0,0,0,0,0,0,0,0,0,0,0,0,0,0,0,0,0,0,1,1,0,0]",706c399e6a28ae9ee2c53f0f7b1f9272a4affdc4e7075f8bb7b5a6fac9ce07ae,20dc32121e96f204b46622bfc4e861608f8cb2c268eb0ba9a5822ab88c1e90f1,improved_campaign_offspring,C000294,,3,connected_region_repaint:medium,0.03888888888888889,"[69,77,78,79,86,87,89]",7,L-SEED,completed,valid,[],,0.054013554861618504,9.470438408850336,B1,2026-08-07T19:18:16.609+02:00,2026-08-07T19:18:16.610+02:00,2026-08-07T19:19:26.271+02:00
444,C000444,improved_dataset_1000_20260807_001,13,444,"[2,2,2,1,1,1,1,1,1,1,2,2,1,1,1,1,1,1,1,1,2,2,2,2,2,1,1,1,0,0,2,2,2,2,2,1,1,1,1,1,2,2,2,2,2,1,1,1,1,1,2,2,2,2,2,2,1,1,1,1,2,2,2,2,2,2,1,1,1,1,2,2,2,2,2,2,1,1,1,1,2,2,2,2,2,2,1,0,0,1,2,2,2,2,2,2,1,1,1,1,2,2,2,2,2,2,1,1,1,1,2,2,2,2,2,2,1,1,1,1,2,2,2,2,2,2,1,0,1,1,2,2,2,0,2,2,2,2,1,1,0,0,0,0,2,2,2,0,0,1,0,0,0,0,0,0,0,0,0,1,0,0,0,0,0,0,0,0,1,1,0,0,0,0,0,0,0,0,1,1]",c4c3defb4cbeca271dfd5ceb0f733cf718ae055258d5582151dcda172f52c38c,efad0366b09b650bb98b59f42331426d5394a7172a30e70e1ef8f4087e36d89d,improved_campaign_offspring,C000233,,4,connected_region_repaint:small,0.011111111111111112,"[87,88]",2,L-SEED,completed,valid,[],,0.6418396761470985,3.4808452518964565,B3,2026-08-07T19:19:26.433+02:00,2026-08-07T19:19:26.433+02:00,2026-08-07T19:22:58.662+02:00
445,C000445,improved_dataset_1000_20260807_001,13,445,"[2,2,2,1,1,1,1,1,1,1,2,2,1,1,1,1,1,1,1,1,2,2,2,2,2,1,1,1,0,0,2,2,2,2,2,1,1,1,1,0,2,2,2,2,2,1,1,1,1,0,2,2,2,2,2,2,1,1,1,1,2,2,2,2,2,2,1,1,1,1,2,2,2,2,2,2,1,1,1,1,2,2,2,2,2,2,1,1,1,1,2,2,2,2,2,2,1,1,1,1,2,2,2,2,2,2,1,1,1,1,2,2,2,2,2,2,1,1,1,1,2,2,2,2,2,2,1,0,1,1,2,2,2,0,2,2,2,2,1,1,0,0,0,0,2,2,2,0,0,1,0,0,0,0,0,0,0,0,0,1,0,0,0,0,0,0,0,0,1,1,0,0,0,0,0,0,0,0,1,1]",3db92648e4513b57bdae580cfc3069781c9ca20cfa0ff44b37f6e5474fc52d6e,d9b80df9e7087ef7d4aacf5771e04df453506865be107c3b9c26aee4c1231231,improved_campaign_offspring,C000233,,5,boundary_growth:small,0.011111111111111112,"[39,49]",2,L-SEED,completed,valid,[],,0.6427545188086137,3.471009386780339,B3,2026-08-07T19:22:58.822+02:00,2026-08-07T19:22:58.822+02:00,2026-08-07T19:25:45.920+02:00
446,C000446,improved_dataset_1000_20260807_001,13,446,"[2,2,2,2,2,2,2,2,0,0,0,2,2,2,2,2,1,2,1,0,0,2,2,2,2,2,1,1,1,1,0,2,2,2,0,2,2,1,0,1,0,2,2,2,0,1,1,1,1,1,0,2,2,2,2,2,2,1,1,0,0,2,2,2,2,2,2,1,1,0,0,1,2,0,0,1,1,1,1,0,1,1,0,0,0,0,1,1,1,0,1,1,1,2,0,0,1,1,1,1,1,1,2,2,1,1,1,1,1,1,1,1,1,2,1,1,1,1,1,1,1,1,0,1,1,1,1,1,1,1,1,1,1,1,1,1,1,1,1,1,1,1,1,1,1,1,0,1,1,1,1,1,1,0,0,0,0,0,1,1,1,1,1,1,0,0,0,0,0,0,1,1,1,1,1,0,0,0,0,0]",4cf57550772f51749f43e3b0aff265d6832108878c1d20c682e20814b563b8b4,0710d7a3165a8b30cbf1e4b6b1d1db0f91a06fed18e83f7255181360a64cf98b,improved_campaign_offspring,C000387,,1,connected_region_repaint:medium,0.08333333333333333,"[146,154,155,156,157,164,165,166,167,168,169,175,176,177,178,179]",16,L-SEED,completed,valid,[],,0.4559830758427464,5.2380310895089295,B1,2026-08-07T19:25:46.164+02:00,2026-08-07T19:25:46.164+02:00,2026-08-07T19:30:29.989+02:00
447,C000447,improved_dataset_1000_20260807_001,13,447,"[0,0,0,2,2,2,2,2,0,0,0,0,2,2,0,2,2,2,2,0,0,0,0,2,2,2,2,2,2,0,0,0,0,2,0,2,2,2,0,0,0,0,0,0,0,2,2,2,0,0,0,0,0,0,0,2,2,2,2,0,0,0,0,0,0,0,2,2,2,2,0,1,0,0,0,0,2,2,2,2,1,1,0,0,0,0,0,2,2,2,1,1,1,1,0,0,0,0,2,2,1,1,1,1,1,0,0,0,0,0,1,1,1,1,0,0,0,0,0,0,1,1,0,1,0,0,0,0,0,0,1,1,0,0,0,0,0,0,0,0,1,1,1,1,1,1,0,0,0,0,1,1,1,0,1,0,0,0,0,0,1,1,1,0,0,0,0,1,0,1,1,1,1,0,0,0,0,1,1,1]",f3539fb2a4ab461e2aa7c973d11de023cb4975c69b961a520b8c0a5202354960,4c54aee0604b4a54bcfa72c9a1745f03f1067b3f3445895d8ab43db586600d28,improved_campaign_offspring,C000416,,2,connected_region_repaint:small,0.005555555555555556,[14],1,L-SEED,completed,valid,[],,0.0554036202186855,9.56651040825474,B1,2026-08-07T19:30:30.155+02:00,2026-08-07T19:30:30.155+02:00,2026-08-07T19:31:53.372+02:00
448,C000448,improved_dataset_1000_20260807_001,13,448,"[0,0,0,0,0,0,0,0,0,0,0,0,0,0,0,0,0,0,0,0,0,0,0,0,0,0,0,0,0,0,0,0,0,0,0,0,0,0,0,0,0,0,0,0,0,0,0,0,0,0,0,2,0,0,0,0,0,0,0,0,2,2,2,0,0,0,0,0,0,0,2,2,2,0,2,2,0,0,0,0,2,2,2,2,2,2,2,0,2,2,2,2,2,2,2,0,0,0,2,2,2,2,0,0,2,2,2,2,2,2,2,0,0,0,2,0,0,0,2,2,2,2,0,0,0,0,0,0,0,0,2,0,0,0,0,0,0,0,0,0,0,0,0,0,0,0,0,0,0,0,0,0,0,0,0,0,0,0,0,0,0,0,0,0,0,0,0,0,0,1,0,0,0,0,0,0,1,0,0,1]",7fcdda2917fff6e48464decc4e4d4368bfcdab019ab1d782eec4515e43cb77f8,22745ce5373251070597da4674d15334a3071caf27580e8917a4f431b00c62c8,improved_campaign_offspring,C000389,,3,connected_region_repaint:small,0.011111111111111112,"[148,149,159,169,177,178,179]",7,L-SEED,completed,valid,[],,0.05258113620509936,9.505442039434987,B1,2026-08-07T19:31:53.538+02:00,2026-08-07T19:31:53.538+02:00,2026-08-07T19:32:56.817+02:00
449,C000449,improved_dataset_1000_20260807_001,13,449,"[2,2,2,2,2,2,2,2,0,0,0,2,2,2,2,2,1,2,1,0,0,2,2,2,2,2,1,1,1,1,0,2,2,2,0,2,2,1,0,1,0,2,2,2,0,1,1,1,1,1,0,2,2,2,2,2,2,1,1,0,0,2,2,2,2,2,2,1,1,0,0,1,2,0,0,1,1,1,1,0,1,1,0,0,0,0,1,1,1,0,1,1,1,2,0,0,1,1,1,1,1,1,2,2,1,1,1,1,1,1,1,1,1,2,1,1,1,1,1,1,1,1,0,1,1,1,1,1,1,1,1,1,1,1,1,1,1,1,1,1,1,1,1,1,0,0,1,1,1,1,1,1,1,0,1,1,1,1,1,1,1,1,1,1,1,1,1,1,1,1,1,1,1,1,1,1,1,1,1,1]",62595ea35393dd7f54a782d771b77b99f7c054baca9efc0fb28fcb220e9ad91b,99e551db9c3cfdae6dc761bddb2113070b1733497c4de1c9a66ac5102d805508,improved_campaign_offspring,C000387,,4,rectangular_patch:small,0.011111111111111112,"[144,145]",2,L-SEED,completed,valid,[],,0.45524503154878293,5.251403617926076,B1,2026-08-07T19:32:57.049+02:00,2026-08-07T19:32:57.049+02:00,2026-08-07T19:37:17.144+02:00
450,C000450,improved_dataset_1000_20260807_001,13,450,"[0,0,0,0,0,0,0,0,0,0,0,0,0,0,0,0,0,0,2,0,0,0,0,0,2,0,0,2,2,0,0,0,0,0,2,0,2,2,2,0,0,2,0,2,2,2,2,2,2,0,0,2,2,2,2,2,2,2,2,0,0,2,2,2,0,2,2,2,2,0,0,2,0,0,0,0,1,1,2,2,0,0,0,0,0,0,1,1,2,2,0,0,0,0,0,0,1,1,1,1,2,0,0,0,0,0,1,1,1,1,2,2,0,0,0,0,1,1,1,1,2,2,2,2,0,0,1,0,1,1,2,2,2,0,0,0,2,2,1,1,0,0,0,0,0,0,0,2,0,1,0,0,0,0,0,0,0,2,2,1,0,0,0,0,0,0,0,2,1,1,0,0,0,0,0,0,0,2,1,1]",0925906b3d19ede49eac3d662a04cf04bba7ecce037f5b9eca56d81b6398731f,bc4cf443ff656b32daeee13073106dd9c929ab8dc3302561fca063e66e2ff441,improved_campaign_offspring,C000299,,5,connected_region_repaint:small,0.011111111111111112,"[133,143,144,145,153]",5,L-SEED,completed,valid,[],,0.10147024730195801,8.933201770814154,B1,2026-08-07T19:37:17.382+02:00,2026-08-07T19:37:17.382+02:00,2026-08-07T19:39:10.717+02:00
451,C000451,improved_dataset_1000_20260807_001,14,451,"[0,1,1,1,1,1,1,1,1,1,0,1,1,1,1,1,1,1,1,1,0,0,0,2,2,1,1,1,1,1,0,2,2,2,0,1,1,1,1,1,0,2,2,2,0,1,1,1,1,1,0,2,2,2,0,1,1,1,1,1,2,2,2,2,2,1,1,1,1,1,2,2,2,2,2,1,1,1,1,1,2,2,2,2,2,1,1,1,1,1,2,2,2,2,2,1,1,1,1,1,2,2,2,2,2,1,1,1,1,1,2,2,2,2,2,1,1,1,1,1,2,2,2,2,2,1,1,1,1,1,0,2,2,0,0,1,1,1,1,1,0,0,1,1,1,1,1,1,1,1,1,1,1,1,1,1,1,1,1,1,1,1,1,1,1,1,1,1,1,1,1,1,1,1,1,1,1,1,1,1]",fa2be1f87b52259be7cefd507671478c4d0768e9e2ecace9294e92d190e7d684,935cd49708ddd231bbb85f04c88079c97a5309856c8623c6e946be496b5b9900,improved_campaign_offspring,C000274,,1,boundary_growth:small,0.011111111111111112,"[23,24]",2,L-SEED,completed,valid,[],,0.9935232065861399,0.12176015236471961,B6,2026-08-07T19:39:11.110+02:00,2026-08-07T19:39:11.110+02:00,2026-08-07T19:40:47.214+02:00
452,C000452,improved_dataset_1000_20260807_001,14,452,"[2,2,2,2,2,2,2,2,0,0,0,2,2,2,2,2,2,1,1,0,0,2,2,2,2,2,2,2,1,0,0,2,2,2,0,1,1,1,1,0,0,2,2,2,0,1,1,1,1,1,0,2,2,2,2,1,1,1,1,0,2,2,2,0,0,0,0,1,1,1,2,0,2,0,0,1,1,1,1,1,2,0,2,2,1,1,0,1,1,1,1,1,1,1,1,1,0,0,1,1,2,2,1,1,1,0,0,0,1,1,2,2,2,2,2,0,1,1,1,1,2,0,2,2,2,2,1,1,1,1,2,2,2,2,2,1,1,1,1,1,2,2,0,0,1,1,1,1,1,1,0,0,0,0,1,1,1,1,1,1,0,0,0,0,0,1,1,1,1,1,0,0,0,0,1,1,1,1,1,1]",11cd653c84d02b779aa49552122020b45d9b4d1e31a77db08a1e55e633a1301d,488755c0888ba1fc110e38f7ed27de350c2e208af631b819f4e6ecba2f221b8c,improved_campaign_offspring,C000423,,2,boundary_growth:small,0.011111111111111112,"[26,27]",2,L-SEED,completed,valid,[],,0.4089043619189831,5.701839285167538,B1,2026-08-07T19:40:47.443+02:00,2026-08-07T19:40:47.443+02:00,2026-08-07T19:45:56.958+02:00
453,C000453,improved_dataset_1000_20260807_001,14,453,"[2,2,2,2,2,2,2,0,0,0,2,2,2,2,2,2,0,0,2,0,2,2,2,2,2,0,0,0,2,0,0,0,2,2,2,0,0,2,2,0,0,0,0,0,2,2,2,2,2,2,0,0,0,0,2,0,2,2,2,2,0,0,0,0,0,0,2,2,2,2,0,0,0,0,0,0,1,1,1,2,0,0,0,0,0,0,1,1,1,1,0,0,0,0,0,0,1,1,1,1,0,0,0,0,0,0,1,1,1,1,0,0,0,0,0,0,1,1,1,1,0,0,0,0,0,0,1,0,1,1,0,0,0,0,0,0,0,0,1,1,0,0,0,0,0,0,0,0,0,1,0,0,0,0,0,0,0,0,0,1,0,0,0,0,0,0,0,0,1,1,0,0,0,0,0,0,0,0,1,1]",def364bcdaf3a784966803d9808c726cf11b6dfd31f0912a500e2a97a4bfd52c,8a82c0e9b4d42f112f3dee630cd3524c20ab1351f601bfd87b4209d43b072511,improved_campaign_offspring,C000393,,3,connected_region_repaint:medium,0.06666666666666667,"[7,8,16,17,18,25,26,27,28,35,36,37,38,39,45,46,47,48,49,59,69,79]",22,L-SEED,completed,valid,[],,0.10843522498671307,8.848587952192469,B1,2026-08-07T19:45:57.360+02:00,2026-08-07T19:45:57.360+02:00,2026-08-07T19:46:58.006+02:00
454,C000454,improved_dataset_1000_20260807_001,14,454,"[0,0,0,0,0,2,2,0,2,0,0,0,0,0,2,2,2,2,2,2,0,0,0,0,0,2,2,2,2,0,0,0,0,0,0,2,2,2,0,0,0,0,0,0,0,0,2,2,2,2,0,0,0,0,0,0,2,0,2,2,0,0,0,0,0,0,2,2,2,1,0,0,0,0,0,0,2,1,1,1,0,0,0,0,0,0,2,2,1,1,0,0,0,0,0,0,1,1,1,1,0,0,0,0,0,0,1,1,1,1,0,0,0,0,0,0,1,1,1,1,0,0,0,0,0,0,1,1,1,1,0,0,0,0,0,1,1,1,1,1,0,0,1,1,1,1,1,1,1,1,1,1,1,1,1,1,1,1,1,1,1,1,1,1,1,1,1,1,1,1,1,1,1,1,1,1,1,1,1,1]",568c31fe92a07d7d66d4437eeffd951c0c6d9e6223f932ebab480fd3ae836514,bb7eb65e356f5dcc77f8f2c8763ae197936dc46dcd2ec10c8f38fef0890458b9,improved_campaign_offspring,C000302,,4,boundary_growth:small,0.011111111111111112,"[14,15]",2,L-SEED,completed,valid,[],,0.07934417478077883,9.300025533851477,B1,2026-08-07T19:46:58.215+02:00,2026-08-07T19:46:58.215+02:00,2026-08-07T19:48:03.223+02:00
455,C000455,improved_dataset_1000_20260807_001,14,455,"[0,1,1,1,1,1,1,1,1,1,0,1,1,1,1,1,1,1,1,1,0,0,0,0,0,1,1,1,1,1,0,2,2,2,0,1,1,1,1,1,0,2,2,2,0,1,1,1,1,1,0,2,2,2,0,1,1,1,1,1,2,2,2,2,2,1,1,1,1,1,2,2,2,2,2,1,1,1,1,1,0,0,0,0,2,1,1,1,1,1,0,0,0,2,2,1,1,1,1,1,0,0,0,0,2,2,1,1,1,1,0,0,0,0,0,1,1,1,1,1,0,0,0,0,0,1,1,1,1,1,0,0,0,0,0,1,1,1,1,1,0,0,1,1,1,1,1,1,1,1,1,1,1,1,1,1,1,1,1,1,1,1,1,1,1,1,1,1,1,1,1,1,1,1,1,1,1,1,1,1]",7bf5060305374eabe69b76d300cd5411fecd64f5bc84311b3d80771b1f723e24,60676b60903f5edf8e77010d3659d3fbdb7d85efd7c33f2bebce21f60dcf782b,improved_campaign_offspring,C000392,,5,boundary_growth:small,0.005555555555555556,[105],1,L-SEED,completed,valid,[],,0.9933573770531622,0.11965936315666018,B6,2026-08-07T19:48:03.384+02:00,2026-08-07T19:48:03.384+02:00,2026-08-07T19:49:15.601+02:00
456,C000456,improved_dataset_1000_20260807_001,14,456,"[0,0,0,0,0,2,2,2,2,2,0,0,2,2,2,2,2,2,2,2,0,0,0,0,2,2,0,2,2,2,0,0,0,0,2,2,2,2,2,2,0,0,0,2,2,2,2,2,2,2,0,0,0,2,2,2,0,2,2,2,0,0,0,0,0,2,2,2,2,2,0,0,0,0,2,2,2,0,2,2,0,0,0,0,0,2,0,0,2,2,0,0,0,0,0,0,0,0,0,0,2,0,0,0,0,0,0,0,0,0,2,2,2,0,0,0,0,0,0,0,2,2,2,2,2,0,0,0,0,0,2,2,2,0,0,0,0,0,0,0,2,2,0,0,0,0,0,0,0,0,2,0,0,0,0,0,0,0,0,0,0,0,0,0,0,0,0,0,0,0,0,0,0,0,0,0,0,0,0,0]",5bfbede866d05383ac38eef2ba8864037533bb9d8eae05a11dbb562e3484de2f,efcc4ec409fb68a63d6afd617f5fc853d22b8a29772d4569abbeae2ea77d87d2,improved_campaign_offspring,C000339,,1,connected_region_repaint:large,0.21666666666666667,"[5,6,7,8,9,12,13,14,15,16,17,18,19,24,25,27,28,29,34,35,36,37,38,39,43,44,45,46,48,49,53,54,55,59,65,74,75,76,85]",39,L-SEED,completed,valid,[],,0.04797447142653555,9.629654151134295,B1,2026-08-07T19:49:15.889+02:00,2026-08-07T19:49:15.889+02:00,2026-08-07T19:50:29.660+02:00
457,C000457,improved_dataset_1000_20260807_001,14,457,"[0,0,0,0,0,2,2,0,2,0,0,0,0,0,2,2,2,2,2,2,0,0,0,0,2,2,2,2,2,0,0,2,2,2,2,2,2,2,2,0,0,2,0,2,0,2,2,2,0,0,0,2,2,2,0,0,2,2,2,0,2,2,2,2,0,0,0,2,2,0,2,2,2,2,2,0,0,0,2,0,2,2,2,2,0,0,0,0,0,0,2,2,2,2,0,0,0,0,0,0,2,2,0,2,0,0,2,2,2,0,2,2,2,2,2,0,2,2,2,0,2,2,2,2,2,0,0,0,0,0,2,2,2,0,0,2,2,0,0,0,0,0,2,2,2,2,2,2,2,2,2,2,2,2,2,2,2,2,0,2,2,2,2,2,2,2,2,2,2,2,2,2,2,2,2,2,1,1,2,2]",ffd3aa9ff450bfad340d8c1d652fd90a480d1995a79a34819688f37b092261df,ecdbfab4bcc1a9eadedab9fa2938003a066828c11a1aaf70ff054e713630a098,improved_campaign_offspring,C000396,,2,boundary_growth:medium,0.05,"[62,72,73,74,81,82,83,92,93]",9,L-SEED,completed,valid,[],,0.0481607882062241,9.586616262635884,B1,2026-08-07T19:50:29.853+02:00,2026-08-07T19:50:29.853+02:00,2026-08-07T19:53:21.770+02:00
458,C000458,improved_dataset_1000_20260807_001,14,458,"[0,0,0,0,2,2,0,2,2,2,0,0,0,0,2,0,0,2,0,0,0,0,0,2,2,2,0,2,0,0,0,2,2,2,2,0,0,0,0,0,0,2,2,2,0,0,0,0,2,0,0,2,2,2,2,2,2,2,2,2,2,2,0,0,2,2,2,2,2,2,0,2,2,0,0,2,2,2,2,2,0,2,2,2,2,2,2,2,2,2,2,2,2,2,2,2,2,2,2,2,2,2,2,2,2,2,2,2,2,2,0,0,0,0,2,2,2,2,2,0,0,0,0,0,0,2,2,0,0,0,0,2,2,2,0,2,2,2,0,0,0,0,2,2,2,2,2,2,0,0,0,0,0,0,0,0,0,0,0,0,0,0,0,0,0,0,0,0,0,0,0,0,0,0,0,0,1,1,0,0]",9733ab6162bb1bd73fb727ae59abd473c6dc995194e5473b7dddedbacbe9cbaf,db7f0238ce5c83ce5da480249083a980f07d94a9beef9c73e0217a7977608cff,improved_campaign_offspring,C000398,,3,boundary_growth:small,0.005555555555555556,[49],1,L-SEED,completed,valid,[],,0.04597898481052717,9.633488029309186,B1,2026-08-07T19:53:21.962+02:00,2026-08-07T19:53:21.962+02:00,2026-08-07T19:55:06.395+02:00
459,C000459,improved_dataset_1000_20260807_001,14,459,"[1,1,1,1,1,1,1,1,1,1,1,1,1,1,1,1,1,1,1,1,1,1,1,0,0,1,1,1,1,1,1,0,1,1,0,1,1,1,1,1,1,0,0,0,0,1,1,1,1,1,1,1,0,0,0,0,1,1,1,1,0,0,0,0,0,1,1,1,1,1,0,0,0,0,0,0,1,1,1,1,0,0,1,1,0,1,1,1,1,1,0,1,1,1,1,1,1,1,1,1,1,1,1,1,1,1,1,1,1,1,1,1,1,1,1,1,1,1,1,1,2,1,1,0,0,0,1,0,1,1,2,2,2,0,0,0,0,0,1,1,0,0,0,0,0,0,0,0,0,1,0,0,0,0,0,0,0,0,0,1,0,0,0,0,0,0,0,0,1,1,0,0,0,0,0,0,0,0,1,1]",b3c245d3c6eb895f37ea436b4ac85119a83e9eb63b313a9666060a24644eba7a,13763f279e3f6abcd27a9e71e6c8698261d5b77df8597e7a820b38262441d970,improved_campaign_offspring,C000400,,4,connected_region_repaint:large,0.15,"[0,10,20,21,22,30,32,33,40,50,51]",11,L-SEED,completed,valid,[],,0.045076410105152495,10.35019426863765,B1,2026-08-07T19:55:06.588+02:00,2026-08-07T19:55:06.588+02:00,2026-08-07T19:57:08.971+02:00
460,C000460,improved_dataset_1000_20260807_001,14,460,"[2,1,1,1,1,1,1,1,1,1,2,1,1,1,1,1,1,1,1,1,2,2,2,0,0,1,1,1,1,1,2,0,2,2,0,1,1,1,1,1,2,0,0,0,0,1,1,1,1,1,2,2,0,0,0,0,1,1,1,1,0,0,0,0,0,1,1,1,1,1,0,0,0,0,0,0,1,1,1,1,0,0,1,1,0,1,1,1,1,1,0,1,1,1,1,1,1,1,1,1,1,1,1,1,1,1,1,1,1,1,1,1,1,1,1,1,1,1,1,1,2,1,1,0,0,0,1,0,1,1,2,2,2,0,0,0,0,0,1,1,2,2,2,2,2,0,0,0,0,1,2,2,0,0,0,0,0,0,0,1,2,0,0,0,0,0,0,0,1,1,2,2,2,0,0,0,0,0,1,1]",f931de62f4cd148e6d9a85b25d53893ab91e3cb1dca4361c7e6326639a40ccbd,619f5719795bb3b531cd5b686fd029be5a6aaa3ed2f556c5b645eefa6691a9fd,improved_campaign_offspring,C000400,,5,connected_region_repaint:medium,0.06111111111111111,"[140,141,142,143,144,150,151,160,170,171,172]",11,L-SEED,completed,valid,[],,0.48268698655708514,4.986276699018655,B1,2026-08-07T19:57:09.156+02:00,2026-08-07T19:57:09.156+02:00,2026-08-07T20:01:10.421+02:00
461,C000461,improved_dataset_1000_20260807_001,14,461,"[2,1,1,1,1,1,1,1,1,1,2,1,1,1,1,1,1,1,1,1,2,2,2,2,2,1,1,1,1,1,2,2,2,2,2,1,1,1,1,1,2,2,2,2,2,1,1,1,1,1,2,2,2,2,2,2,1,1,1,1,2,2,2,2,2,2,1,1,1,1,2,2,2,2,2,2,1,1,1,1,2,2,2,2,2,2,1,1,1,1,0,2,2,2,2,0,0,0,1,1,0,0,2,2,2,0,0,1,1,1,0,0,0,0,0,0,1,1,1,1,0,0,0,0,0,1,1,1,1,1,0,0,0,1,0,1,0,1,1,1,0,0,0,1,1,1,1,1,1,1,0,0,1,1,1,1,1,1,1,1,0,0,0,0,1,1,1,1,1,1,0,0,0,0,1,1,1,1,1,1]",0018052e7d656a764ef35247d5960ad5ee6b3b5ea1e4605c0f6e3ad0abf771ae,651d2e29714ab14752f4420439fc87fa6043a84d98d0f3f30a259c7095039ade,improved_campaign_offspring,C000433,,1,rectangular_patch:small,0.016666666666666666,"[96,97,106]",3,L-SEED,completed,valid,[],,0.7669769986170005,1.8635736593839682,B4,2026-08-07T20:01:10.710+02:00,2026-08-07T20:01:10.710+02:00,2026-08-07T20:04:31.323+02:00
462,C000462,improved_dataset_1000_20260807_001,14,462,"[2,0,0,0,0,0,0,0,0,0,2,0,0,0,0,2,0,0,0,0,2,2,2,2,2,2,2,2,0,0,2,2,2,0,0,0,0,2,2,2,2,2,2,0,0,0,0,2,0,2,2,2,2,0,0,0,0,2,2,2,2,2,2,0,0,0,2,2,2,2,2,2,2,2,2,2,2,2,2,2,2,2,2,2,2,2,2,2,2,2,0,0,2,2,2,2,2,2,2,2,0,0,0,2,2,2,2,2,0,0,0,0,0,2,2,2,2,0,0,0,0,0,0,2,2,2,2,0,0,0,0,0,2,2,2,2,2,2,0,0,2,2,2,2,2,2,2,2,2,2,2,2,2,2,2,2,2,2,2,2,2,2,2,2,2,2,2,2,2,2,2,2,2,2,2,2,2,2,2,2]",126f94fabfe5c5fda2e0c442aa35b5304b68e8ff801a05dd24b671d69713c3a1,8451d8a9b20ac3c458c30c0274ccb2e6e7fbc05bd58700007f415af022defe3e,improved_campaign_offspring,C000193,,2,boundary_growth:medium,0.03333333333333333,"[108,109,117,118,119,128,129,138,139,149,159,168,169,178,179]",15,L-SEED,completed,valid,[],,0.04379643146885951,9.61777286039497,B1,2026-08-07T20:04:31.523+02:00,2026-08-07T20:04:31.523+02:00,2026-08-07T20:05:50.295+02:00
463,C000463,improved_dataset_1000_20260807_001,14,463,"[2,1,1,1,1,1,1,1,1,1,2,1,1,1,1,1,1,1,1,1,2,2,2,2,2,1,1,1,1,1,2,2,2,2,2,1,1,1,1,1,2,2,2,2,2,1,1,1,1,1,2,2,2,2,2,2,1,1,1,1,2,2,2,2,2,2,1,1,1,1,2,2,2,2,2,2,1,1,1,1,2,2,2,2,2,2,1,1,1,1,2,2,2,2,2,2,1,1,1,1,2,2,2,2,2,2,1,1,1,1,2,2,2,2,2,2,1,1,1,1,2,2,2,2,2,1,1,1,1,1,2,2,2,1,2,1,0,1,1,1,2,2,2,1,1,1,1,1,1,1,2,2,1,1,1,1,1,1,1,1,2,2,2,2,1,1,1,1,1,1,2,2,2,2,1,1,1,1,1,1]",9b87530e7eb2b84c1ad068a52a50b191aa96ee9f19704eaf02b11d2b34d04cc6,3ab05c8b353c10763a53e78a3a3c415c81e25a1a41a2c0561602ca74b52d15e1,improved_campaign_offspring,C000433,,3,connected_region_repaint:large,0.20555555555555555,"[90,95,100,101,105,110,111,112,113,114,115,120,121,122,123,124,130,131,132,134,140,141,142,150,151,160,161,162,163,170,171,172,173]",33,L-SEED,completed,valid,[],,0.7620758557572832,1.9230177805653472,B4,2026-08-07T20:05:50.500+02:00,2026-08-07T20:05:50.500+02:00,2026-08-07T20:08:52.344+02:00
464,C000464,improved_dataset_1000_20260807_001,14,464,"[2,1,1,1,1,1,1,1,1,1,2,1,1,1,1,1,1,1,1,1,2,2,2,2,2,1,1,1,1,1,2,0,2,2,2,1,1,1,1,1,0,0,2,2,2,1,1,1,1,1,0,2,2,2,2,2,1,1,1,1,2,2,2,2,2,2,1,1,1,1,2,2,2,2,2,2,1,1,1,1,2,2,2,2,2,2,1,1,1,1,0,2,2,2,2,0,1,1,1,1,0,0,2,2,2,0,1,1,1,1,0,0,0,0,0,0,1,1,1,1,0,0,0,0,0,1,1,1,1,1,0,0,0,1,0,1,0,1,1,1,0,0,0,1,1,1,1,1,1,1,0,0,1,1,1,1,1,1,1,1,0,0,0,0,1,1,1,1,1,1,0,0,0,0,1,1,1,1,1,1]",b53b8d5a2fbfd3dbe7b4702ed3ff4cde586d1edb349098be957f5c2840159bfa,67b27669e6dbbea4ae03bb0e61313ef72a18d3fd0c1df02d027966951ae0ce97,improved_campaign_offspring,C000433,,4,connected_region_repaint:small,0.022222222222222223,"[31,40,41,50]",4,L-SEED,completed,valid,[],,0.7770067029078576,1.746995911379701,B4,2026-08-07T20:08:52.536+02:00,2026-08-07T20:08:52.536+02:00,2026-08-07T20:11:46.645+02:00
465,C000465,improved_dataset_1000_20260807_001,14,465,"[2,2,2,2,2,2,2,2,2,0,2,2,2,2,2,2,2,2,2,2,2,2,2,2,2,2,2,2,2,0,2,2,2,2,2,2,2,2,2,2,2,2,2,2,2,2,2,2,2,2,0,2,2,2,2,0,2,2,2,2,2,2,2,2,2,0,2,2,2,1,2,2,2,2,2,0,1,1,1,1,2,2,2,2,2,0,1,1,1,1,0,0,0,0,0,0,1,1,1,1,0,0,0,0,0,0,1,1,1,1,0,0,0,0,0,0,1,1,1,1,0,0,0,0,0,0,1,0,1,1,0,0,0,0,0,0,0,0,1,1,0,0,0,0,0,0,0,0,0,1,0,0,0,0,0,0,0,0,0,1,0,0,0,0,0,0,0,0,1,1,0,0,0,0,0,0,0,0,1,1]",d9cb5ffb1c8ba09c047a4bcc8ae1bca1e0bf3e2d02eb9d16f69cb2a71144f691,3e2aef459437efcae478f3bada769b159cae7c981d506060b9d3af751b198995,improved_campaign_offspring,C000343,,5,rectangular_patch:large,0.13333333333333333,"[90,91,92,93,94,100,101,102,103,104,110,111,112,113,114,120,121,122,123,124,130,131,132]",23,L-SEED,completed,valid,[],,0.12745353745644336,8.639096454047946,B1,2026-08-07T20:11:46.998+02:00,2026-08-07T20:11:46.998+02:00,2026-08-07T20:12:42.613+02:00
466,C000466,improved_dataset_1000_20260807_001,14,466,"[0,0,0,0,0,0,0,0,0,0,0,0,0,0,1,0,0,0,0,0,0,0,0,0,1,1,0,0,0,0,0,2,2,2,1,0,0,0,0,0,0,2,1,1,1,1,1,1,0,0,0,1,1,1,1,1,1,1,0,0,0,0,1,1,1,0,0,0,0,0,0,0,0,1,1,1,1,0,0,0,0,0,0,1,1,1,1,1,0,0,2,0,0,1,1,1,1,1,1,1,2,2,1,0,1,1,1,1,1,1,2,2,1,1,1,0,1,1,1,1,2,2,1,0,1,0,1,1,1,1,2,2,1,0,0,1,1,1,1,1,0,0,1,1,1,1,1,1,1,1,1,1,1,1,1,1,1,1,1,1,1,1,1,1,1,1,1,1,1,1,1,1,1,1,1,1,1,1,1,1]",f4954671fb67096dfadab4a2058e9512a9f47516c8829b7a75223ce522d3b98a,7b7a321b9ea26e2f4855c5e56a94a5c82a5ac51b9211b3204bf0c0664d632a7a,improved_campaign_offspring,C000289,,1,boundary_growth:small,0.005555555555555556,[62],1,L-SEED,completed,valid,[],,0.4066205582197861,6.4475791078685765,B1,2026-08-07T20:12:42.896+02:00,2026-08-07T20:12:42.896+02:00,2026-08-07T20:14:19.917+02:00
467,C000467,improved_dataset_1000_20260807_001,14,467,"[0,0,0,0,0,0,0,0,0,0,2,2,0,0,1,0,0,0,0,0,2,0,0,0,1,1,0,0,0,0,2,2,2,2,1,0,0,0,0,0,0,2,1,1,1,0,0,0,0,0,0,1,1,1,1,0,0,0,0,0,0,0,0,1,1,0,0,0,0,0,0,0,0,1,1,1,1,0,0,0,0,0,0,1,1,1,1,1,0,0,2,0,0,1,1,1,1,1,1,1,2,2,0,0,1,1,1,1,1,1,2,2,0,0,1,0,1,1,1,1,2,2,0,0,1,0,1,1,1,1,2,2,1,0,0,1,1,1,1,1,0,0,1,1,1,1,1,1,1,1,1,1,1,1,1,1,1,1,1,1,1,1,1,1,1,1,1,1,1,1,1,1,1,1,1,1,1,1,1,1]",d3fb2992979700bf4adf9d267e54d11ad30c564dacfefd630691b559b12c4326,c76f23010a5699b3b49c46e8cfad43294a8614fa6bef318d1576165c62b42cd7,improved_campaign_offspring,C000439,,2,connected_region_repaint:small,0.011111111111111112,"[45,46,47,55,56,57]",6,L-SEED,completed,valid,[],,0.39507000684986526,6.65085410516376,B1,2026-08-07T20:14:20.202+02:00,2026-08-07T20:14:20.202+02:00,2026-08-07T20:15:49.148+02:00
468,C000468,improved_dataset_1000_20260807_001,14,468,"[2,2,2,2,2,0,0,2,0,0,2,2,2,2,2,2,2,2,2,0,2,2,2,2,2,2,2,2,0,0,2,2,2,2,2,0,2,2,2,2,2,2,2,2,0,2,2,2,2,0,0,2,2,2,0,0,2,2,0,0,2,2,0,2,0,0,2,0,0,0,2,2,2,2,2,2,2,0,0,0,2,2,2,2,2,2,2,2,2,2,0,0,0,0,2,2,0,2,2,2,0,0,0,0,2,2,2,2,2,2,0,0,0,0,0,0,0,2,2,2,0,0,0,0,0,0,0,0,2,2,0,0,0,0,0,0,0,0,0,0,0,0,0,0,0,0,0,2,2,2,0,0,0,0,0,0,0,2,0,2,0,0,0,0,0,0,0,0,2,2,0,0,0,0,0,0,0,0,2,2]",7acc3b8ff650ea0442f25a7a5734a0cba9369313ae1e4680a0ca005f2a32bc5c,14ef02439b655422524800b62544b57a48696add218fd88d1b5c320cdd6fd1cf,improved_campaign_offspring,C000259,,3,rectangular_patch:medium,0.07777777777777778,"[90,91,92,93,100,101,102,103,110,111,112,120,121,130]",14,L-SEED,completed,valid,[],,0.06138856089199887,9.3674169275367,B1,2026-08-07T20:15:49.340+02:00,2026-08-07T20:15:49.340+02:00,2026-08-07T20:17:44.414+02:00
469,C000469,improved_dataset_1000_20260807_001,14,469,"[2,2,2,2,2,0,0,2,0,0,2,2,2,2,2,2,2,2,2,0,2,2,2,2,2,2,2,0,0,0,0,0,0,0,2,0,2,0,0,0,0,0,0,0,0,2,2,2,2,0,0,0,0,0,0,0,0,0,0,0,0,2,1,0,1,1,1,1,1,1,2,2,1,1,1,1,1,0,1,1,2,2,2,1,1,1,1,1,1,1,2,1,1,1,1,1,1,1,1,1,1,1,1,1,1,1,1,0,0,0,2,1,1,0,2,2,0,0,0,0,2,2,1,1,2,2,0,0,0,0,2,1,1,0,0,1,1,0,0,0,0,0,1,1,1,0,1,2,2,2,1,1,1,1,1,1,1,2,0,2,1,1,1,1,0,1,1,1,2,2,1,1,1,1,1,1,1,1,2,2]",8889d04f4a1798508de4d83d1c7ab63da121dee61cfdcecc29becb54bd1d444d,cee3bdc369524f87dff3b9e9c7ced6245f65faced39b30cce09629cd5da6b201,improved_campaign_offspring,C000438,,4,boundary_growth:small,0.011111111111111112,"[9,19,27,28,29,37,38,39,49,58,59]",11,L-SEED,completed,valid,[],,0.11763132892453443,8.782511311099068,B1,2026-08-07T20:17:44.689+02:00,2026-08-07T20:17:44.689+02:00,2026-08-07T20:31:31.836+02:00
470,C000470,improved_dataset_1000_20260807_001,14,470,"[2,2,2,2,2,2,2,2,0,0,2,2,2,2,1,2,0,2,0,0,2,2,2,2,1,1,0,0,0,0,2,2,2,2,1,0,0,0,0,0,0,2,1,1,1,1,1,1,0,0,0,1,1,1,1,1,1,1,0,0,0,0,0,1,1,0,0,0,0,0,0,0,0,1,1,1,1,0,0,0,0,0,0,1,1,1,1,1,0,0,2,0,0,1,1,1,1,1,1,1,2,2,0,0,1,1,1,1,1,1,2,2,0,0,1,0,1,1,1,1,2,2,0,0,1,0,1,1,1,1,2,2,1,0,0,1,1,1,1,1,0,0,1,1,1,1,1,1,1,1,1,1,1,1,1,1,1,1,1,1,1,1,1,1,1,1,1,1,1,1,1,1,1,1,1,1,1,1,1,1]",95df9784a5df205a9d9e0483661294991b83b2d2c335776ec190acb622df030b,634a3e2aacee659d5455d1c60c9a70ca25810d6d9809a8971ae171c4fa571dba,improved_campaign_offspring,C000439,,5,connected_region_repaint:medium,0.08333333333333333,"[0,1,2,3,4,5,6,7,12,13,15,17,21,22,23]",15,L-SEED,completed,valid,[],,0.36568797427769434,7.057564635795016,B1,2026-08-07T20:31:32.028+02:00,2026-08-07T20:31:32.028+02:00,2026-08-07T20:33:20.097+02:00
471,C000471,improved_dataset_1000_20260807_001,14,471,"[2,2,2,2,2,2,2,2,2,2,0,2,2,2,2,2,2,2,2,2,0,2,2,2,2,2,2,2,2,2,0,2,2,2,2,2,2,2,2,2,0,2,2,2,2,2,2,2,2,2,0,2,2,2,2,2,2,2,2,2,2,2,2,2,2,2,2,2,2,0,2,0,2,0,2,2,2,2,2,0,2,0,2,2,0,1,1,2,1,1,0,0,0,0,0,1,1,1,1,0,2,2,0,0,0,1,1,1,1,1,2,2,2,2,2,0,0,1,1,1,2,0,2,2,2,2,1,1,1,1,2,2,2,2,2,1,1,1,1,1,2,2,1,0,1,1,1,1,1,1,1,1,1,1,1,1,1,1,1,1,1,1,1,1,1,1,1,1,1,1,1,1,1,1,1,1,1,1,1,1]",2f63a544627fc2f0834bdc9e7affeb37fb7f32f4e3d47ceea20b459b903cf6c2,f6a09c0a3de98c3d5f1c05977d37bdff5cdbda7931bf42ca0424c509c78689ad,improved_campaign_offspring,C000415,,1,connected_region_repaint:small,0.011111111111111112,"[69,79]",2,L-SEED,completed,valid,[],,0.10524693166555855,8.875044123876082,B1,2026-08-07T20:33:20.396+02:00,2026-08-07T20:33:20.396+02:00,2026-08-07T20:34:49.965+02:00
472,C000472,improved_dataset_1000_20260807_001,14,472,"[0,0,0,0,0,0,0,0,0,0,0,0,0,0,0,0,0,0,0,0,0,0,0,0,0,0,0,0,0,0,0,0,0,2,0,0,2,0,0,0,0,0,2,2,2,2,2,2,0,0,2,0,0,2,2,2,2,0,0,0,2,0,2,2,2,2,2,0,0,0,2,2,2,2,2,2,0,0,0,0,2,2,2,2,2,2,0,0,0,0,2,2,2,2,2,2,1,1,1,0,2,2,2,2,2,2,1,1,1,1,2,2,2,2,2,2,1,1,1,1,2,2,2,2,2,2,0,0,1,1,2,2,2,0,2,2,2,2,1,1,0,0,0,0,2,2,2,2,2,1,0,0,0,0,0,2,0,2,2,1,0,0,0,0,2,2,2,2,1,1,0,0,0,2,2,2,2,2,1,1]",27e05f578d10e0f5062c6bc7c9cb6684734396188e08c30808b98332c8bf0842,a059eb619c8958503d7796688892e682d61ec8b252876a365f69cf5f979f6bc8,improved_campaign_offspring,C000413,,2,connected_region_repaint:medium,0.03333333333333333,"[36,45,46,47,56,66]",6,L-SEED,completed,valid,[],,0.10756872617940792,8.863848697262352,B1,2026-08-07T20:34:50.160+02:00,2026-08-07T20:34:50.160+02:00,2026-08-07T20:36:29.661+02:00
473,C000473,improved_dataset_1000_20260807_001,14,473,"[2,2,2,0,2,1,1,1,1,1,2,2,2,2,2,1,1,1,1,1,2,2,2,2,2,1,1,1,0,0,2,2,2,2,2,1,1,1,1,1,2,2,2,2,2,1,1,1,1,1,2,2,2,2,2,2,1,1,1,1,2,2,2,2,2,2,1,1,1,1,2,2,2,2,2,2,1,1,1,1,2,2,2,2,2,2,1,1,1,1,2,2,2,2,2,2,1,1,1,1,2,2,2,2,2,2,1,1,1,1,2,2,2,2,2,2,1,1,1,1,2,2,2,2,2,2,1,0,1,1,2,2,2,0,2,2,2,2,1,1,0,0,0,0,2,2,2,0,0,1,0,0,0,0,0,0,0,0,0,1,0,0,0,0,0,0,0,0,1,1,0,0,0,0,0,0,0,0,1,1]",f30e1b3174790320b380a1b3c8f467799df56ef29c776ef6db2deb19aa65a179,ed5184bea5e93b754b36ef73d10e058988714feaa3a9dcfd489640d073a7d92f,improved_campaign_offspring,C000233,,3,boundary_growth:small,0.022222222222222223,"[3,4,12,13,14]",5,L-SEED,completed,valid,[],,0.6379280133977853,3.4981085131595577,B3,2026-08-07T20:36:29.847+02:00,2026-08-07T20:36:29.848+02:00,2026-08-07T20:39:12.616+02:00
474,C000474,improved_dataset_1000_20260807_001,14,474,"[0,0,0,0,0,0,0,0,0,0,0,0,0,0,0,0,0,0,0,0,0,0,0,0,0,0,0,0,0,0,0,0,0,0,0,0,0,0,0,0,0,0,0,0,0,0,0,0,0,0,0,0,0,0,0,0,0,0,0,0,0,0,0,0,0,0,0,0,0,0,0,0,0,0,0,0,0,0,0,0,0,0,0,0,0,0,0,0,0,0,0,0,0,0,0,0,0,0,0,0,2,2,0,0,0,0,0,0,0,0,2,2,2,0,0,0,0,0,0,0,2,0,2,0,0,0,0,0,0,0,2,2,2,0,0,0,0,0,0,0,2,2,1,0,0,0,0,0,0,0,1,2,1,1,1,0,0,0,0,0,1,2,2,1,1,1,0,0,0,0,1,1,1,1,1,1,1,0,0,1]",bcf1bff45aaa13037f08bd007ab0fbd698f3f4f1822f8fb7ef115fd3f892db9d,1d8d9ce3a68e985b11763d9f12af8f40c4dabc84bc10a7f55881a1ff1d4b8a71,improved_campaign_offspring,C000204,,4,boundary_growth:medium,0.044444444444444446,"[155,156,159,166,167,168,169,177,178]",9,L-SEED,completed,valid,[],,0.06682398209840121,9.325313237859019,B1,2026-08-07T20:39:12.971+02:00,2026-08-07T20:39:12.971+02:00,2026-08-07T20:39:57.259+02:00
475,C000475,improved_dataset_1000_20260807_001,14,475,"[0,0,0,1,1,1,1,1,1,1,0,0,1,1,1,1,1,1,1,1,0,0,0,0,0,1,1,1,0,0,0,0,0,0,0,1,1,1,1,0,0,0,0,0,0,1,1,1,1,0,2,0,0,0,2,2,1,1,1,1,2,0,2,2,2,2,1,1,1,1,2,2,2,2,2,2,1,1,1,1,2,2,2,2,2,2,1,1,1,1,2,2,2,2,2,2,1,1,1,1,2,2,2,2,2,2,1,1,1,1,2,2,2,2,2,2,1,1,1,1,2,2,2,2,2,2,1,0,1,1,2,2,2,0,2,2,2,2,1,1,0,0,0,0,2,2,2,0,0,1,0,0,0,0,0,0,0,0,0,1,0,0,0,0,0,0,0,0,1,1,0,0,0,0,0,0,0,0,1,1]",4098f8618d5e0a2661c6ed5985d8391f55da854e8f8751014ed0ed7b3f08194b,12547ad67634a8e474c297f150c43108b21c2cced4fc1b92f79e309dc8df2085,improved_campaign_offspring,C000445,,5,connected_region_repaint:large,0.11666666666666667,"[0,1,2,10,11,20,21,22,23,24,30,31,32,33,34,40,41,42,43,44,51,52,53,61]",24,L-SEED,completed,valid,[],,0.6300088346320027,3.641893100256904,B3,2026-08-07T20:39:57.445+02:00,2026-08-07T20:39:57.445+02:00,2026-08-07T20:54:15.887+02:00
476,C000476,improved_dataset_1000_20260807_001,14,476,"[2,2,2,2,2,2,2,2,0,0,0,2,2,2,2,2,1,2,1,0,0,2,2,2,2,2,1,1,1,1,0,2,2,2,0,2,2,1,0,1,0,2,2,2,0,0,0,2,1,1,0,2,2,2,2,2,2,2,1,0,0,2,2,2,2,2,2,1,1,0,0,1,2,0,0,1,1,1,1,0,1,1,0,0,0,0,1,1,1,0,1,1,1,2,0,0,1,1,1,1,1,1,2,2,1,1,1,1,1,1,1,1,1,2,1,1,1,1,1,1,1,1,0,1,1,1,1,1,1,1,1,1,1,1,1,1,1,1,1,1,1,1,1,1,1,1,1,1,1,1,1,1,1,0,1,1,1,1,1,1,1,1,1,1,1,1,1,1,1,1,1,1,1,1,1,1,1,1,1,1]",1f2cd4fcff2eb931ce33f507f3078f9334f83d88185ba395961075871f59c648,61e89b938ce80501e31cce54088039ee1db6d6d8197cf8b4cbd3a986e58143e8,improved_campaign_offspring,C000387,,1,boundary_growth:small,0.011111111111111112,"[45,46,47,57]",4,L-SEED,completed,valid,[],,0.4093661630652624,5.749719390099273,B1,2026-08-07T20:54:16.199+02:00,2026-08-07T20:54:16.199+02:00,2026-08-07T21:04:26.842+02:00
477,C000477,improved_dataset_1000_20260807_001,14,477,"[2,2,2,2,2,2,2,2,0,0,0,2,2,2,2,2,1,2,1,0,0,2,2,2,2,2,1,1,1,1,0,2,2,2,0,2,2,1,0,1,0,2,2,2,0,1,1,1,1,1,0,2,2,2,2,2,2,1,1,0,0,2,2,2,2,2,2,1,1,0,0,1,2,0,0,1,1,1,1,0,1,1,0,0,0,0,1,1,1,0,1,1,1,2,0,0,1,1,1,1,1,1,2,2,1,1,1,1,1,1,1,1,1,2,1,1,1,1,1,1,1,1,0,1,1,2,2,1,1,1,1,1,1,1,1,2,2,1,1,1,1,1,1,2,2,2,2,1,1,1,1,1,1,0,2,2,2,1,1,1,1,1,1,1,1,1,2,1,1,1,1,1,1,1,1,1,1,1,1,1]",f91e8705ffcdc975ec51ea3728cb45979dfb0009e828d83f8c91a927db14d37a,9ddab8b52d85c479d1486d564535586e5ca4b2ab2ff619ec77655af0bd6983fc,improved_campaign_offspring,C000387,,2,connected_region_repaint:medium,0.06666666666666667,"[125,126,135,136,143,144,145,146,154,155,156,166]",12,L-SEED,completed,valid,[],,0.4531822692672535,5.260394893234393,B1,2026-08-07T20:54:16.355+02:00,2026-08-07T20:54:16.355+02:00,2026-08-07T21:04:26.849+02:00
478,C000478,improved_dataset_1000_20260807_001,14,478,"[2,2,2,2,2,2,2,2,0,0,0,2,2,2,2,2,1,2,1,0,0,2,2,2,2,2,1,1,1,1,0,2,2,2,0,2,2,1,0,1,0,2,2,2,0,1,1,1,1,1,0,2,2,2,2,2,2,1,1,0,0,2,2,2,2,2,2,1,0,0,0,1,2,0,0,1,1,1,0,0,1,1,0,0,0,0,1,1,0,0,1,1,1,2,0,0,1,1,1,1,1,1,2,2,1,1,1,1,1,1,1,1,1,2,1,1,1,1,1,1,1,1,0,1,1,1,1,1,1,1,1,1,1,1,1,1,1,1,1,1,1,1,1,1,1,1,0,1,1,1,1,1,1,0,0,0,0,0,1,1,1,1,1,1,0,0,0,0,0,0,1,1,1,1,1,0,0,0,0,0]",febc487643bdaabfdbdd9ad4d0ad5bf36802639bc5ad60c6a3469b7ccb7c455a,bfddb5d5b1956ff5d79f4a6ce810acc5d016164bc52fb83927de572d5226706d,improved_campaign_offspring,C000446,,3,boundary_growth:small,0.016666666666666666,"[68,78,88]",3,L-SEED,completed,valid,[],,0.4230885921349924,5.5701444632552,B1,2026-08-07T21:04:39.206+02:00,2026-08-07T21:04:39.206+02:00,2026-08-07T21:09:40.335+02:00
479,C000479,improved_dataset_1000_20260807_001,14,479,"[2,2,2,2,2,2,2,2,0,0,0,2,2,2,2,2,1,2,1,0,0,2,2,2,2,2,1,1,1,1,0,2,2,2,0,2,2,1,0,1,0,2,2,2,0,1,1,1,1,1,0,2,2,2,2,2,2,1,1,0,0,2,2,2,2,2,2,1,1,0,0,1,2,0,0,1,1,1,1,0,1,1,0,0,0,0,1,1,1,0,1,1,1,1,0,0,1,1,1,1,1,1,1,1,1,1,1,1,1,1,1,1,1,1,1,1,1,1,1,1,1,1,0,1,1,1,1,1,1,1,1,1,1,1,1,1,1,1,1,1,1,1,1,1,1,1,0,1,1,1,1,1,1,0,0,0,0,0,1,1,1,1,1,1,0,0,0,0,0,0,1,1,1,1,1,0,0,0,0,0]",3b9f1658c81c8bbc2a37763bc30b60bc6b775d45671cbb4cf06bef9b20879cdc,6226aa6706f0095b3bf723fed938d53ac0b3053468eacc441935a7292b98465e,improved_campaign_offspring,C000446,,4,boundary_growth:medium,0.027777777777777776,"[93,102,103,113]",4,L-SEED,completed,valid,[],,0.45847511491606935,5.213049218458341,B1,2026-08-07T21:04:39.347+02:00,2026-08-07T21:04:39.347+02:00,2026-08-07T21:09:40.342+02:00
480,C000480,improved_dataset_1000_20260807_001,14,480,"[2,2,2,2,2,0,0,2,0,0,0,0,2,2,0,0,2,2,2,0,0,0,2,2,0,0,0,0,0,0,0,0,0,0,0,0,0,2,2,2,0,0,0,0,0,0,0,0,2,2,0,0,0,0,0,0,0,0,0,0,0,0,0,0,0,0,0,0,0,0,0,1,0,0,0,0,0,0,0,0,1,1,0,0,0,0,2,0,0,0,1,1,1,1,0,0,2,2,0,0,1,1,1,1,1,1,1,2,1,1,1,1,1,1,1,1,2,2,1,1,1,1,0,1,1,1,1,1,1,1,1,1,1,1,1,1,1,1,1,1,1,1,1,1,1,1,1,1,1,1,1,1,1,0,1,1,1,1,1,1,1,1,1,1,1,1,1,1,1,1,1,1,1,1,1,1,1,1,1,1]",e08fe61cace5619acbf0413664b0ef64017313d1fe6395b2c96d8cab81a027b9,0679e1de97bf25284da58d8a1efcdc16284824f578a55c9f0371851420ad38ba,improved_campaign_offspring,C000390,,5,connected_region_repaint:medium,0.03333333333333333,"[86,96,97,107,116,117]",6,L-SEED,completed,valid,[],,0.0848832854103322,9.116585154427986,B1,2026-08-07T21:04:39.578+02:00,2026-08-07T21:04:39.578+02:00,2026-08-07T21:09:40.350+02:00
481,C000481,improved_dataset_1000_20260807_001,15,481,"[2,2,2,2,2,2,2,1,1,0,2,2,2,2,2,2,1,1,1,0,2,2,2,2,2,1,1,1,1,0,0,0,2,0,0,1,1,1,1,1,0,0,0,0,0,1,1,1,1,1,0,0,0,0,0,0,2,2,2,1,0,0,0,0,0,0,2,2,2,1,0,0,0,0,0,0,1,1,1,1,0,0,0,0,0,0,1,1,1,1,0,0,0,0,0,0,1,1,1,1,0,0,0,0,0,0,1,1,1,1,0,0,0,0,0,0,1,1,1,1,0,0,0,0,0,0,1,0,1,1,0,0,0,0,0,0,0,0,1,1,0,0,0,0,0,0,0,0,0,1,0,0,0,0,0,0,0,0,0,1,0,0,0,0,0,0,0,0,1,1,0,0,0,0,0,0,0,0,1,1]",416f18518c28c34a0ffc9a97004787d31684a82c3598a36f0fb216e0e2f410d4,7d875bdfade91d7d9e8bbf0482fa3ccd18c1c03dab15284f9fc0918b38d65f19,improved_campaign_offspring,C000393,,1,connected_region_repaint:small,0.022222222222222223,"[33,34,44,54]",4,L-SEED,completed,valid,[],,0.5135376799764495,4.843401016707338,B2,2026-08-07T21:16:39.451+02:00,2026-08-07T21:16:39.451+02:00,2026-08-07T21:18:02.072+02:00
482,C000482,improved_dataset_1000_20260807_001,15,482,"[2,2,2,2,2,2,2,1,1,0,2,0,2,2,2,2,1,1,1,0,2,0,2,2,2,1,1,1,1,0,0,0,2,2,2,1,1,1,1,1,0,0,0,0,2,1,1,1,1,1,0,0,0,0,2,0,2,2,2,1,0,0,0,0,0,0,2,2,2,1,0,0,0,0,0,0,1,1,1,1,0,0,0,0,0,0,1,1,1,1,0,0,0,0,0,0,1,1,1,1,0,0,0,0,0,0,1,1,1,1,0,0,0,0,0,0,1,1,1,1,0,0,0,0,0,0,1,0,1,1,0,0,0,0,0,0,0,0,1,1,0,0,0,0,0,0,0,0,0,1,0,0,0,0,0,0,0,0,0,1,0,0,0,0,0,0,0,0,1,1,0,0,0,0,0,0,0,0,1,1]",4a9ad1858581c47dade32ac36e449758db81ba5de78c4c41b7634785026cface,445e939039273ee05e1c56e36785cf9998f90c2ba9e850ffe9c8f67c7f0212bf,improved_campaign_offspring,C000393,,2,connected_region_repaint:small,0.011111111111111112,"[11,21]",2,L-SEED,completed,valid,[],,0.5040997822314413,4.94052267151739,B2,2026-08-07T21:19:44.717+02:00,2026-08-07T21:19:44.717+02:00,2026-08-07T21:23:11.861+02:00
483,C000483,improved_dataset_1000_20260807_001,15,483,"[2,2,2,2,2,2,2,2,0,0,0,2,2,2,2,2,2,0,0,0,0,2,2,2,2,2,2,2,2,0,0,2,2,2,0,2,2,2,2,0,0,2,2,2,0,2,2,2,0,0,0,2,2,2,2,2,2,2,2,0,2,2,2,0,0,0,0,1,1,1,2,0,2,0,0,1,1,1,1,1,2,0,2,2,1,1,0,1,1,1,1,1,1,1,1,1,0,0,1,1,2,2,1,1,1,0,0,0,1,1,2,2,2,2,2,0,1,1,1,1,2,0,2,2,2,2,1,1,1,1,2,2,2,2,2,1,1,1,1,1,2,2,0,0,1,1,1,1,1,1,0,0,0,0,1,1,1,1,1,1,0,0,0,0,0,1,1,1,1,1,0,0,0,0,1,1,1,1,1,1]",3c515dff798b8a6cebc07ca672282ff2496f55a5550801f1f531b99018d17a7b,fc18aadf2fd5b65245bf4ca5121ccb1c561b0eb4dcb372fec79467d6f5d5bf3e,improved_campaign_offspring,C000452,,3,connected_region_repaint:medium,0.06666666666666667,"[17,18,28,35,36,37,38,45,46,47,48,49,55,56,57,58]",16,L-SEED,completed,valid,[],,0.14641609063025202,8.43032801082086,B1,2026-08-07T21:19:44.847+02:00,2026-08-07T21:19:44.847+02:00,2026-08-07T21:23:11.868+02:00
484,C000484,improved_dataset_1000_20260807_001,15,484,"[2,2,2,2,0,2,0,0,0,0,2,2,2,2,2,2,2,0,0,0,2,2,2,2,2,2,2,2,2,2,2,2,2,2,2,2,2,0,0,0,0,0,0,0,0,0,0,0,0,0,0,0,0,0,0,0,0,0,0,0,0,0,0,0,0,0,0,0,0,0,0,0,0,0,0,0,0,0,0,0,0,0,0,0,0,0,0,0,0,0,2,0,0,0,0,2,1,1,1,0,2,2,2,0,2,2,2,2,1,1,2,2,2,0,2,0,1,1,1,1,2,2,2,0,2,0,1,1,1,1,2,2,2,0,0,1,1,1,1,1,0,0,1,1,1,0,1,1,1,1,1,1,1,1,1,0,1,1,1,1,1,1,1,1,1,1,1,1,1,1,1,1,1,1,1,1,1,1,1,1]",8d1bf0f2595ae55ba7d7fb34febb3f6aa68fdca05be6d44cf957c29195a75e50,96b14af3adc10424db0a95951046cb17d514df18f91efa3eba55720f4a397167,improved_campaign_offspring,C000305,,4,connected_region_repaint:small,0.011111111111111112,"[145,155]",2,L-SEED,completed,valid,[],,0.12169451323634742,8.720235186840656,B1,2026-08-07T21:19:44.969+02:00,2026-08-07T21:19:44.969+02:00,2026-08-07T21:23:11.875+02:00
485,C000485,improved_dataset_1000_20260807_001,15,485,"[0,1,1,1,1,1,1,1,1,1,0,1,1,1,1,1,0,0,1,1,0,0,0,0,0,0,0,0,0,1,0,2,2,2,0,0,0,1,1,1,0,2,2,2,0,0,0,0,1,1,0,2,2,2,0,0,0,1,1,1,2,2,2,2,2,0,0,1,1,1,2,2,2,2,2,1,1,1,1,1,0,0,0,0,2,1,1,1,1,1,0,0,0,2,2,1,1,1,1,1,0,0,0,0,2,1,1,1,1,1,0,0,0,0,0,1,1,1,1,1,0,0,0,0,0,1,1,1,1,1,0,0,0,0,0,1,1,1,1,1,0,0,1,1,1,1,1,1,1,1,1,1,1,1,1,1,1,1,1,1,1,1,1,1,1,1,1,1,1,1,1,1,1,1,1,1,1,1,1,1]",46a862422766553978459b5d96578dc3069560e726e6bf78096dd8225304b6f6,243db15ed7fa56dde01761e76b3fb751f90cc6d4ce8c30f87409110fd7961e47,improved_campaign_offspring,C000392,,5,connected_region_repaint:medium,0.08333333333333333,"[16,17,25,26,27,28,35,36,45,46,47,55,56,65,66]",15,L-SEED,completed,valid,[],,0.553638820256011,4.642787012178758,B2,2026-08-07T21:23:12.060+02:00,2026-08-07T21:23:12.060+02:00,2026-08-07T21:25:27.014+02:00
486,C000486,improved_dataset_1000_20260807_001,15,486,"[0,0,0,0,0,2,2,0,2,0,0,0,0,0,2,2,2,2,2,2,0,0,0,0,2,2,2,2,2,0,0,2,2,2,2,2,2,2,2,0,0,2,0,2,0,2,2,2,0,0,0,2,2,2,0,0,2,2,2,0,2,2,2,2,0,0,0,2,2,0,2,2,2,2,2,0,0,0,2,0,2,2,2,2,0,0,0,0,0,0,2,2,2,2,0,0,0,0,0,0,2,2,0,2,0,0,2,2,2,0,2,2,2,2,2,0,2,2,2,0,2,2,1,2,2,0,0,0,0,0,2,2,1,0,0,2,2,0,0,0,0,0,1,1,2,2,2,2,2,2,1,1,1,1,2,2,2,2,0,2,0,1,1,2,2,2,2,2,2,2,1,1,1,2,2,2,1,1,2,2]",27f44455a3275983e3965add484bb5f07d41d2a32d4ff74c80bf1bde2ed5f8e3,20781e158ebe422b9441c98b7ee3aa79a83a4c35611f166e91dc7752a9f73952,improved_campaign_offspring,C000457,,1,connected_region_repaint:medium,0.07222222222222222,"[122,132,142,143,150,151,152,153,160,161,162,170,171,172]",14,L-SEED,completed,valid,[],,0.05197614542223605,9.515492048901228,B1,2026-08-07T21:25:27.366+02:00,2026-08-07T21:25:27.366+02:00,2026-08-07T21:28:56.441+02:00
487,C000487,improved_dataset_1000_20260807_001,15,487,"[2,1,1,1,1,1,1,1,1,1,2,1,1,1,1,1,1,1,1,1,2,2,2,0,0,1,1,1,1,1,2,2,2,2,0,1,1,1,1,1,2,2,2,2,0,1,1,1,1,1,2,2,0,0,0,0,1,1,1,1,0,0,0,0,0,1,1,1,1,1,0,0,0,0,0,0,1,1,1,1,0,0,1,1,0,1,1,1,1,1,0,1,1,1,1,1,1,1,1,1,1,1,1,1,1,1,1,1,1,1,1,1,1,1,1,1,1,1,1,1,2,1,1,0,0,0,1,0,1,1,2,2,2,0,0,0,0,0,1,1,0,0,0,0,0,0,0,0,0,1,0,0,0,0,0,0,0,0,0,1,0,0,0,0,0,0,0,0,1,1,0,0,0,0,0,0,0,0,1,1]",73c708fcfcc99302d0dffb9392970528f0031728ea6bda716d7d15894a938343,76f1728548c52927734f65b830936b9259ca93a7940788c0e0985988fcdd744c,improved_campaign_offspring,C000400,,2,boundary_growth:small,0.022222222222222223,"[31,41,42,43]",4,L-SEED,completed,valid,[],,0.7659955271905776,1.8392146320939196,B4,2026-08-07T21:25:27.515+02:00,2026-08-07T21:25:27.515+02:00,2026-08-07T21:28:56.450+02:00
488,C000488,improved_dataset_1000_20260807_001,15,488,"[0,0,0,0,2,2,0,2,2,2,0,0,0,0,2,0,0,2,0,0,0,0,0,2,2,2,0,2,0,0,0,2,2,2,2,0,0,0,0,0,0,0,2,2,0,0,0,0,2,2,0,0,2,2,2,2,2,2,2,2,0,0,0,0,2,2,2,2,2,2,0,0,0,0,0,2,2,2,2,2,0,0,0,0,0,0,2,2,2,2,0,0,0,0,0,2,2,2,2,2,0,0,0,0,0,0,2,2,2,2,0,0,0,0,0,2,2,2,2,0,0,0,0,0,0,2,2,0,0,0,0,2,2,2,0,2,2,2,0,0,0,0,2,2,2,2,2,2,0,0,0,0,0,0,0,0,0,0,0,0,0,0,0,0,0,0,0,0,0,0,0,0,0,0,0,0,1,1,0,0]",a2e8c673e31274d331a248ab2240165b7bd0afcca4dd7a9c6b30d4e487fffe62,cde15aae1b5fed504ea88e30540543f929a52206cf37c6ead4a422887dcb593d,improved_campaign_offspring,C000398,,3,boundary_growth:large,0.12777777777777777,"[41,51,60,61,71,72,81,82,83,84,85,90,91,92,93,94,100,101,102,103,104,105,114]",23,L-SEED,completed,valid,[],,0.03934189221002064,9.752613404352099,B1,2026-08-07T21:25:27.673+02:00,2026-08-07T21:25:27.673+02:00,2026-08-07T21:28:56.457+02:00
489,C000489,improved_dataset_1000_20260807_001,15,489,"[2,1,1,1,1,1,1,1,1,1,2,1,1,1,1,1,1,1,1,1,2,2,2,0,0,1,0,1,1,1,2,0,2,2,0,1,0,0,1,1,2,0,0,0,0,1,0,0,0,1,2,2,0,0,0,0,1,0,1,1,0,0,0,0,0,1,1,0,1,1,0,0,0,0,0,0,1,1,1,1,0,0,1,1,0,1,1,1,1,1,0,1,1,1,1,1,1,1,1,1,1,1,1,1,1,1,1,1,1,1,1,1,1,1,1,1,1,1,1,1,2,1,1,0,0,0,1,0,1,1,2,2,2,0,0,0,0,0,1,1,0,0,0,0,0,0,0,0,0,1,0,0,0,0,0,0,0,0,0,1,0,0,0,0,0,0,0,0,1,1,0,0,0,0,0,0,0,0,1,1]",fb53e47731b7fb16ce7eca1e904fd488defd8388081ef0b12a4a6374d99dbf4d,ef0b8faed5d049d79b85b089ca39691eb188eb3296eec8592df554d9304ebe31,improved_campaign_offspring,C000400,,4,connected_region_repaint:medium,0.044444444444444446,"[26,36,37,46,47,48,57,67]",8,L-SEED,completed,valid,[],,0.5306699752898393,4.3375869454358815,B2,2026-08-07T21:28:56.669+02:00,2026-08-07T21:28:56.669+02:00,2026-08-07T21:32:55.745+02:00
490,C000490,improved_dataset_1000_20260807_001,15,490,"[0,0,0,0,0,2,2,0,2,0,0,0,0,0,2,2,2,2,2,2,0,0,0,0,2,2,2,2,2,0,0,2,2,2,2,2,2,2,2,0,0,2,0,2,0,2,2,2,0,0,0,2,2,2,0,0,2,2,2,0,0,2,2,2,0,0,0,2,2,0,0,0,2,2,2,0,0,0,2,0,0,0,0,2,0,0,0,0,0,0,0,0,0,2,0,0,0,0,0,0,0,0,0,2,0,0,2,2,2,0,0,0,2,2,2,0,2,2,2,0,0,2,2,2,2,0,0,0,0,0,2,2,2,0,0,2,2,0,0,0,0,0,2,2,2,2,2,2,2,2,2,2,2,2,2,2,2,2,0,2,2,2,2,2,2,2,2,2,2,2,2,2,2,2,2,2,1,1,2,2]",57b0251f3599b2b69771274b5059975eda60b5bc8bb06856c488dd496368417f,6adb6f061815e93345a53e10d3643a0db5ab0a9fbc61110c4309365f433687df,improved_campaign_offspring,C000457,,5,connected_region_repaint:medium,0.07777777777777778,"[60,70,71,80,81,82,90,91,92,100,101,110,111,120]",14,L-SEED,completed,valid,[],,0.0450921871533281,9.603651597594437,B1,2026-08-07T21:28:57.001+02:00,2026-08-07T21:28:57.001+02:00,2026-08-07T21:32:55.757+02:00
491,C000491,improved_dataset_1000_20260807_001,15,491,"[2,2,2,2,2,2,2,0,0,0,2,2,2,2,2,0,0,0,0,0,2,2,2,2,2,2,0,0,0,0,2,2,2,2,2,0,0,0,0,0,2,2,2,2,0,0,0,0,0,0,0,2,2,2,0,0,0,0,0,0,2,2,2,2,2,2,2,2,2,2,2,2,2,2,2,2,2,2,2,2,2,2,2,2,2,0,0,0,2,2,2,2,2,2,2,0,0,0,2,2,2,2,2,2,2,0,0,0,0,0,2,2,2,2,2,0,0,0,0,0,2,2,2,2,2,0,0,0,0,0,2,2,2,0,0,2,2,0,0,0,0,0,2,2,2,2,2,2,2,2,2,2,2,2,2,2,2,2,0,2,2,2,2,2,0,2,2,2,2,2,2,2,2,2,2,2,1,1,2,2]",4b8b808f9325bce2ae0c80fc1ee5ccce367d1a3605738ca700bd2c4e9a1c4ac2,5121f9aa4ddee8e798cc844a22e47ced006d598467cc428dc7085946950a2e16,improved_campaign_offspring,C000405,,1,connected_region_repaint:medium,0.06666666666666667,"[7,15,16,17,18,26,27,36,37,38,39,45,46,47,48]",15,L-SEED,completed,valid,[],,0.06025191937810196,9.401689160650669,B1,2026-08-07T21:32:56.074+02:00,2026-08-07T21:32:56.074+02:00,2026-08-07T21:36:26.395+02:00
492,C000492,improved_dataset_1000_20260807_001,15,492,"[2,2,1,1,1,1,1,1,1,1,2,2,2,1,1,1,1,1,1,1,2,2,2,2,2,1,1,1,1,1,2,2,2,2,2,1,1,1,1,1,2,2,2,2,2,1,1,1,1,1,2,2,2,2,2,2,1,1,1,1,2,2,2,2,2,2,1,1,1,1,2,2,2,2,2,2,1,1,1,1,2,2,2,2,2,2,1,1,1,1,0,2,2,2,2,0,1,1,1,1,0,0,2,2,2,0,1,1,1,1,0,0,0,0,0,0,1,1,1,1,0,0,0,0,0,1,1,1,1,1,0,0,0,1,0,1,0,1,1,1,0,0,0,1,1,1,1,1,1,1,0,0,1,1,1,1,1,1,1,1,0,0,0,0,1,1,1,1,1,1,0,0,0,0,1,1,1,1,1,1]",3823c56abd8d08bc094b01155dd8cabb65a0f6c1688fb24a247e638bba74960a,e464bf6e7b16d2cb65d42b98dfa7d45369abd2cea81e8eeeca2bbafc371d5b9b,improved_campaign_offspring,C000433,,2,boundary_growth:small,0.016666666666666666,"[1,11,12]",3,L-SEED,completed,valid,[],,0.8000809618752813,1.440945090436321,B5,2026-08-07T21:32:56.227+02:00,2026-08-07T21:32:56.227+02:00,2026-08-07T21:36:26.405+02:00
493,C000493,improved_dataset_1000_20260807_001,15,493,"[2,2,2,2,2,2,0,0,0,0,0,2,2,2,2,2,0,0,0,0,0,2,2,2,2,2,0,0,0,0,0,2,2,2,0,2,0,0,0,2,0,2,2,2,0,2,2,2,2,2,0,2,2,2,2,2,2,2,2,0,0,2,2,2,2,2,2,2,2,2,2,0,2,0,2,2,2,2,2,2,2,0,2,2,2,2,0,2,2,2,2,2,2,2,2,2,1,1,2,2,2,2,2,2,2,2,1,0,1,1,2,2,2,2,2,0,1,1,1,1,2,0,2,2,2,2,1,1,1,1,2,2,2,2,2,1,1,1,1,1,2,2,2,2,1,1,1,1,1,1,1,1,1,1,1,1,1,1,1,1,1,1,1,1,1,1,1,1,1,1,1,1,1,1,1,1,1,1,1,1]",eecf7d96b6e384208e1c58c56823756a19e8204f1743f0f3024e6d01e08b25f2,7e661a82130a32f4ca6c375912ddafa5e969a391ad694251204a20f3d3ae4a49,improved_campaign_offspring,C000345,,3,rectangular_patch:small,0.016666666666666666,"[96,97,106]",3,L-SEED,completed,valid,[],,0.09673022913352741,8.997931986833654,B1,2026-08-07T21:32:56.374+02:00,2026-08-07T21:32:56.374+02:00,2026-08-07T21:36:26.414+02:00
494,C000494,improved_dataset_1000_20260807_001,15,494,"[0,2,2,2,2,2,2,2,2,0,0,2,2,2,2,2,2,2,2,2,2,2,2,2,2,2,2,2,2,0,2,2,2,2,2,2,2,2,2,2,2,2,2,2,2,2,2,2,2,2,0,2,2,2,2,0,2,2,2,2,2,2,2,2,2,0,2,2,2,1,2,2,2,2,2,0,1,1,1,1,2,2,2,2,2,0,1,1,1,1,0,0,0,0,0,0,1,1,1,1,0,0,0,0,0,0,1,1,1,1,0,0,0,0,0,0,1,1,1,1,0,0,0,0,0,0,1,0,1,1,0,0,0,0,0,0,0,0,1,1,0,0,0,0,0,0,0,0,0,1,0,0,0,0,0,0,0,0,0,1,0,0,0,0,0,0,0,0,1,1,0,0,0,0,0,0,0,0,1,1]",83b51c12aeaa6c969bdc640db93a769c357d8ae7a94041c2b305e9f4133f398f,65b984715df4b4eefb9f14bc5fe3cdb2831748b512c430db4448f0ad67af4caa,improved_campaign_offspring,C000465,,4,connected_region_repaint:small,0.011111111111111112,"[0,10]",2,L-SEED,completed,valid,[],,0.12406276721515334,8.688698303722244,B1,2026-08-07T21:32:56.519+02:00,2026-08-07T21:32:56.519+02:00,2026-08-07T21:36:26.422+02:00
495,C000495,improved_dataset_1000_20260807_001,15,495,"[2,2,2,2,2,2,2,2,2,0,2,2,2,2,2,2,2,2,2,2,2,2,2,2,2,2,2,2,2,0,2,2,2,2,2,2,2,2,2,2,2,2,2,2,2,2,2,2,2,2,0,2,2,2,2,0,2,2,2,2,2,2,2,2,2,0,2,2,2,1,2,2,2,2,2,0,1,1,1,1,2,2,2,2,2,2,2,1,1,1,0,0,0,0,2,2,2,1,1,1,0,0,0,0,2,2,2,1,1,1,0,0,0,0,0,0,1,1,1,1,0,0,0,0,0,0,1,0,1,1,0,0,0,0,0,0,0,0,1,1,0,0,0,0,0,0,0,0,0,1,0,0,0,0,0,0,0,0,0,1,0,0,0,0,0,0,0,0,1,1,0,0,0,0,0,0,0,0,1,1]",1d463f9ea50f95bd54b02cf45fae3a64d4bf17bed756db94d9a6890130244b1a,2d7de0e4cb3bc40cdd8c285f5f3568fbcea2d294f558edb526b6373d09ef2594,improved_campaign_offspring,C000465,,5,rectangular_patch:medium,0.05,"[85,86,94,95,96,104,105,106]",8,L-SEED,completed,valid,[],,0.1280692394972955,8.638316011983756,B1,2026-08-07T21:32:56.663+02:00,2026-08-07T21:32:56.663+02:00,2026-08-07T21:36:26.431+02:00
496,C000496,improved_dataset_1000_20260807_001,15,496,"[0,0,0,0,0,0,0,0,0,0,0,0,0,0,1,0,0,0,0,0,0,0,0,0,1,1,0,0,0,0,1,1,1,0,1,0,0,0,0,0,0,0,1,1,1,1,1,1,0,0,0,1,1,1,1,1,1,1,0,0,0,0,0,1,1,0,0,0,0,0,0,0,0,1,1,1,1,0,0,0,0,0,0,1,1,1,1,1,0,0,2,0,0,1,1,1,1,1,1,1,2,2,0,0,1,1,1,1,1,1,2,2,0,0,1,0,1,1,1,1,2,2,0,0,1,0,1,1,1,1,2,2,1,0,0,1,1,1,1,1,0,0,1,1,1,1,1,1,1,1,1,1,1,1,1,1,1,1,1,1,1,1,1,1,1,1,1,1,1,1,1,1,1,1,1,1,1,1,1,1]",0bd6552e09778bb5ddabf970356c8244798ebcaa0a98c35023df81841895aed3,396b2202b1571fd01f5f026fbd201454b5d90dbb3ee1819f511004f02efa0c42,improved_campaign_offspring,C000439,,1,boundary_growth:small,0.016666666666666666,"[10,11,20,30,31,32,33,41]",8,L-SEED,completed,valid,[],,0.35928527702483065,6.931136870181112,B1,2026-08-07T21:36:26.925+02:00,2026-08-07T21:36:26.925+02:00,2026-08-07T21:40:37.741+02:00
497,C000497,improved_dataset_1000_20260807_001,15,497,"[0,0,0,0,0,0,0,0,0,0,0,0,0,0,1,0,0,0,0,0,0,0,0,0,1,1,0,0,0,0,0,2,2,2,1,0,0,0,0,0,0,2,1,1,1,1,1,1,0,0,0,1,1,1,1,1,1,1,0,0,0,0,1,1,1,0,0,0,0,0,0,0,0,1,1,1,1,0,0,0,0,0,0,1,1,1,1,1,0,0,2,0,0,1,1,1,1,1,1,1,2,2,1,0,1,1,1,1,1,1,2,2,1,1,1,0,1,1,1,1,2,2,1,0,1,0,1,1,1,1,2,2,1,0,0,1,1,1,1,1,0,0,1,1,1,1,1,1,1,1,0,1,1,1,1,1,1,1,1,1,0,1,1,1,1,1,1,1,1,1,1,1,1,1,1,1,1,1,1,1]",5b5975218cd036d2f8185b69616a06eaad59c5a9cad16d2e6faa7d6ada50a797,ac72e976d16aa15696c6f056331ad7e37e0271895c45847a713374f1f94fe8c6,improved_campaign_offspring,C000466,,2,connected_region_repaint:small,0.011111111111111112,"[150,160]",2,L-SEED,completed,valid,[],,0.40668677596763303,6.448296604608512,B1,2026-08-07T21:36:27.241+02:00,2026-08-07T21:36:27.241+02:00,2026-08-07T21:40:37.749+02:00
498,C000498,improved_dataset_1000_20260807_001,15,498,"[0,0,0,0,0,0,0,0,0,0,2,2,0,0,1,0,0,0,0,0,2,0,0,0,1,1,0,0,0,0,2,2,2,2,1,0,0,0,0,0,2,2,1,1,1,1,1,1,0,0,2,1,1,1,1,1,1,1,0,0,2,2,0,1,1,0,0,0,0,0,0,0,0,1,1,1,1,0,0,0,0,0,0,1,1,1,1,1,0,0,2,0,0,1,1,1,1,1,1,1,2,2,0,0,1,1,1,1,1,1,2,2,0,0,1,0,1,1,1,1,2,2,0,0,1,0,1,1,1,1,2,2,1,0,0,1,1,1,1,1,0,0,1,1,1,1,1,1,1,1,1,1,1,1,1,1,1,1,1,1,1,1,1,1,1,1,1,1,1,1,1,1,1,1,1,1,1,1,1,1]",e75e5703c193a91a6f319f2d6ecee301d32217e555c560d26d409b8630365bc6,500a6f19f1c16cf5ae6737d82f71fac11f49a37c2d335da3909084f3c1ec1f02,improved_campaign_offspring,C000439,,3,boundary_growth:small,0.022222222222222223,"[40,50,60,61]",4,L-SEED,completed,valid,[],,0.40879932559026894,6.418172050038983,B1,2026-08-07T21:36:27.449+02:00,2026-08-07T21:36:27.449+02:00,2026-08-07T21:40:37.759+02:00
499,C000499,improved_dataset_1000_20260807_001,15,499,"[0,0,0,0,0,0,0,0,0,0,0,0,0,0,0,0,0,0,0,0,0,0,0,0,0,0,0,0,0,0,0,0,0,0,0,0,0,0,0,0,0,0,0,0,0,0,0,0,0,0,0,0,0,0,0,0,0,0,0,0,0,0,0,0,0,0,0,0,0,0,0,0,0,0,0,0,0,0,0,0,0,2,2,2,2,0,0,0,0,0,2,2,2,0,2,2,0,0,1,0,2,2,2,0,2,2,2,2,1,1,2,2,2,2,2,0,0,1,1,1,2,2,2,2,2,0,0,1,1,1,2,2,2,0,0,0,0,0,0,1,0,0,0,0,0,0,0,0,1,1,1,1,0,0,0,0,0,0,0,1,1,1,0,1,0,0,0,0,1,1,1,1,1,1,1,1,0,0,1,1]",ffc7a4e64af0756b2bcae7d2efbb0601b6f36e54c7bf5867e9d47f5f7e794b02,e2c225e49139e2d98214d71692d634aa6d5915cfbf5d1b786451ecc191ce5221,improved_campaign_offspring,C000406,,4,boundary_growth:medium,0.05555555555555555,"[65,66,67,68,76,77,78,79,85,86,87,96,97]",13,L-SEED,completed,valid,[],,0.09953197550442751,8.949582758287356,B1,2026-08-07T21:36:27.652+02:00,2026-08-07T21:36:27.652+02:00,2026-08-07T21:40:37.768+02:00
500,C000500,improved_dataset_1000_20260807_001,15,500,"[0,0,0,0,0,0,0,0,0,0,0,0,0,0,1,0,0,0,0,0,0,0,0,0,1,1,0,0,0,0,0,2,2,2,1,0,0,0,0,0,0,2,1,1,1,1,1,1,0,0,0,1,1,1,1,1,1,1,0,0,0,0,1,1,1,0,0,0,0,0,0,0,0,1,1,1,1,0,0,0,0,0,0,1,1,1,1,1,0,0,2,0,0,1,1,1,1,0,0,0,2,2,1,0,1,1,1,0,0,0,2,2,1,1,1,0,1,0,0,0,2,2,1,0,1,0,1,0,0,0,2,2,1,0,0,1,1,0,1,0,0,0,1,1,1,1,1,1,1,1,1,1,1,1,1,1,1,1,1,1,1,1,1,1,1,1,1,1,1,1,1,1,1,1,1,1,1,1,1,1]",ac51d19479385c37b0f9ba9a65280cea1967a3f7c5f6606356947fcc22affedd,ce6141a48682ca3b8066e8ce683f1e468d91d68ecac0fa1b18d61c5bd3840e74,improved_campaign_offspring,C000466,,5,connected_region_repaint:medium,0.07777777777777778,"[97,98,99,107,108,109,117,118,119,127,128,129,137,139]",14,L-SEED,completed,valid,[],,0.4046866357397302,6.475555108515109,B1,2026-08-07T21:36:27.877+02:00,2026-08-07T21:36:27.877+02:00,2026-08-07T21:40:37.776+02:00
501,C000501,improved_dataset_1000_20260807_001,15,501,"[2,2,2,2,2,2,2,2,0,0,2,2,2,2,2,2,0,0,0,0,2,2,2,2,2,0,0,0,0,2,2,2,2,2,0,0,2,2,2,2,2,2,2,2,0,0,2,0,2,2,2,2,2,2,2,2,2,2,2,2,0,2,2,2,2,2,2,2,0,2,0,0,2,0,0,2,2,2,2,2,0,0,0,0,2,2,2,2,2,2,0,0,0,2,2,2,2,2,2,2,0,0,0,0,0,0,0,0,2,2,0,0,0,0,0,0,0,2,2,2,0,0,0,0,0,0,0,2,0,2,0,0,0,0,0,0,0,0,0,2,0,0,0,0,0,0,0,0,2,0,0,0,0,0,0,0,0,0,2,2,0,1,1,0,0,0,0,1,2,1,0,0,1,0,0,0,0,1,1,1]",f7e5196abd160f6f83f3f449af88bc4b3686b82f03f96d873211beacb509ffa6,f74153a4ffca9f5a3f3f90c906190336c0e190424f3f83ea5bb47e53475b322f,improved_campaign_offspring,C000412,,1,connected_region_repaint:small,0.011111111111111112,"[106,107]",2,L-SEED,completed,valid,[],,0.06178306370419238,9.368327988133041,B1,2026-08-07T21:40:38.241+02:00,2026-08-07T21:40:38.241+02:00,2026-08-07T21:46:26.195+02:00
502,C000502,improved_dataset_1000_20260807_001,15,502,"[2,2,2,1,1,1,1,1,1,1,2,2,1,1,1,1,1,1,1,1,2,2,2,2,2,1,1,1,0,0,2,2,2,2,2,1,1,1,1,0,2,2,2,0,0,1,1,1,1,0,2,2,2,2,2,2,1,1,1,1,2,2,2,2,2,2,1,1,1,1,2,2,2,2,2,2,1,1,1,1,2,2,2,2,2,2,1,1,1,1,2,2,2,2,2,2,1,1,1,1,2,2,2,2,2,2,1,1,1,1,2,2,2,2,2,2,1,1,1,1,2,2,2,2,2,2,1,0,1,1,2,2,2,0,2,2,2,2,1,1,0,0,0,0,2,2,2,0,0,1,0,0,0,0,0,0,0,0,0,1,0,0,0,0,0,0,0,0,1,1,0,0,0,0,0,0,0,0,1,1]",815324912807ca3baea713bdb9e61f24179bc1238a123a7f6d639ee59697a735,b7e420d0916656b69b50ed0e13ed02c4e4fb5c79f82dc496f4af6a7e93565723,improved_campaign_offspring,C000445,,2,connected_region_repaint:small,0.011111111111111112,"[43,44]",2,L-SEED,completed,valid,[],,0.6423596042718578,3.4749516494180956,B3,2026-08-07T21:40:38.452+02:00,2026-08-07T21:40:38.452+02:00,2026-08-07T21:46:26.204+02:00
503,C000503,improved_dataset_1000_20260807_001,15,503,"[2,2,2,1,1,1,1,1,1,1,2,2,1,1,1,1,1,1,1,1,2,2,2,2,2,1,1,1,0,0,2,2,2,2,2,1,1,1,1,0,2,2,2,2,2,1,1,1,1,0,2,2,2,2,2,2,1,1,1,1,2,2,2,2,2,2,1,1,1,1,2,2,2,2,2,2,1,1,1,1,2,2,2,2,2,2,1,1,1,1,2,2,2,2,2,0,1,1,1,1,2,2,2,0,2,0,1,1,1,1,2,2,2,0,0,0,1,1,1,1,2,2,2,0,0,0,1,0,1,1,2,2,2,0,0,0,0,0,1,1,0,0,0,0,0,0,0,0,0,1,0,0,0,0,0,0,0,0,0,1,0,0,0,0,0,0,0,0,1,1,0,0,0,0,0,0,0,0,1,1]",c18783b09dfa3a02534d709c0e2ee6c633c2fdc7dfaad933d7df567414edd362,6579298c0538587c5436293f01b8d481729146c5aaa63852867113704cd4b224,improved_campaign_offspring,C000445,,3,connected_region_repaint:medium,0.08333333333333333,"[95,103,105,113,114,115,123,124,125,134,135,136,137,144,145,146]",16,L-SEED,completed,valid,[],,0.651538457013368,3.357678223565987,B3,2026-08-07T21:40:38.787+02:00,2026-08-07T21:40:38.787+02:00,2026-08-07T21:46:26.213+02:00
504,C000504,improved_dataset_1000_20260807_001,15,504,"[2,2,2,1,1,1,1,1,1,1,2,2,1,1,1,1,1,1,1,1,2,2,2,2,2,1,1,1,0,0,2,2,2,2,2,1,1,1,1,1,2,2,2,2,2,1,1,1,1,1,2,2,2,2,2,2,1,1,1,1,2,2,2,2,2,2,1,1,1,1,2,2,2,2,2,2,1,1,1,1,2,2,2,2,2,2,1,1,1,1,2,2,2,2,2,2,1,1,1,1,2,2,2,2,2,2,1,1,1,1,2,2,2,2,2,2,1,1,1,1,2,2,2,2,2,2,1,0,1,1,2,2,2,0,2,2,1,0,1,1,0,0,0,0,2,2,1,0,0,1,0,0,0,0,0,0,0,0,0,1,0,0,0,0,0,0,0,0,1,1,0,0,0,0,0,0,0,0,1,1]",e4ec8c87f05534f1dfc0eb03fd235f79268214f41a00fe3aaccb28eea5cf3ca9,60121396e12ec9d2626b568d96c85249d37e07ae767386c72c5ab257cb0cd220,improved_campaign_offspring,C000233,,4,connected_region_repaint:small,0.011111111111111112,"[136,137,146]",3,L-SEED,completed,valid,[],,0.6620184768750468,3.241938623599675,B3,2026-08-07T21:40:39.106+02:00,2026-08-07T21:40:39.106+02:00,2026-08-07T21:46:26.222+02:00
505,C000505,improved_dataset_1000_20260807_001,15,505,"[2,2,2,1,1,1,1,1,1,1,2,2,1,1,1,1,1,1,1,1,2,2,2,2,2,1,1,1,0,0,2,2,2,2,2,1,1,1,1,0,2,2,2,2,2,1,1,1,1,0,2,2,2,2,2,2,1,1,1,1,2,2,2,2,2,2,1,1,1,1,2,2,2,2,2,2,1,1,1,1,2,2,0,2,2,2,1,1,1,1,2,2,2,2,2,2,1,1,1,1,2,2,2,2,2,2,1,1,1,1,2,2,2,2,2,2,1,1,1,1,2,2,2,2,2,2,1,0,1,1,2,2,2,0,2,2,2,2,1,1,0,0,0,0,2,2,2,0,0,1,0,0,0,0,0,0,0,0,0,1,0,0,0,0,0,0,0,0,1,1,0,0,0,0,0,0,0,0,1,1]",c8e8e6c35dec1117b03e5805b7397e2bbdb74f68d12c40c958c77b2bdef59df6,43abbd56e408586c0fd73f569ebf78601b1d45332f351b25794dd3d7bcc69972,improved_campaign_offspring,C000445,,5,rectangular_patch:small,0.005555555555555556,[82],1,L-SEED,completed,valid,[],,0.6433184516397857,3.461132880512631,B3,2026-08-07T21:40:39.324+02:00,2026-08-07T21:40:39.324+02:00,2026-08-07T21:46:26.230+02:00
506,C000506,improved_dataset_1000_20260807_001,15,506,"[0,0,0,0,0,0,0,0,0,0,0,0,0,0,0,0,0,0,2,0,0,0,0,0,2,0,0,2,2,0,0,0,0,0,2,0,2,2,2,0,0,2,0,2,2,2,2,2,2,0,0,2,2,2,2,2,2,2,2,0,0,2,2,2,0,2,2,2,2,0,0,2,0,0,0,0,1,1,2,2,0,0,0,0,0,0,1,1,2,2,0,0,0,0,0,0,1,1,1,1,2,0,0,0,0,0,1,1,1,1,2,0,0,0,0,0,1,1,1,1,2,0,0,2,0,0,1,0,1,1,2,2,2,2,0,0,2,2,1,1,0,0,0,2,2,2,0,2,0,1,0,0,0,2,0,0,0,2,2,1,0,0,0,0,0,0,0,2,1,1,0,0,0,0,0,0,0,2,1,1]",462e421e63e2e531bdb492498d5c3ec5ae17497c36d2f2452417d01f83a55894,20aafa30e2c530d8579167dc6fffcf9323cf25c7f49efbdaa6ac051893cd36a1,improved_campaign_offspring,C000299,,1,rectangular_patch:small,0.022222222222222223,"[111,121,122]",3,L-SEED,completed,valid,[],,0.1029598359545823,8.9132696671936,B1,2026-08-07T21:46:26.689+02:00,2026-08-07T21:46:26.689+02:00,2026-08-07T21:50:22.684+02:00
507,C000507,improved_dataset_1000_20260807_001,15,507,"[2,2,2,2,2,2,0,0,0,0,0,2,2,2,0,0,0,0,0,0,0,2,2,2,0,0,0,0,0,0,0,2,2,2,0,0,0,2,2,2,0,0,0,0,0,2,2,2,2,2,0,0,0,2,2,2,2,2,0,0,0,0,0,0,0,2,2,2,0,2,0,0,0,0,0,0,0,2,0,2,0,0,0,0,0,0,0,0,0,2,2,2,2,2,0,0,0,0,2,2,2,0,2,2,2,2,2,2,0,0,0,0,0,0,2,2,2,0,0,0,2,0,0,2,2,2,2,2,0,0,2,2,2,2,2,2,2,2,0,0,0,0,2,2,1,1,2,2,1,1,0,0,1,0,1,1,2,1,1,1,0,1,1,1,1,1,1,1,1,1,1,1,1,1,1,1,1,1,1,1]",480dcea41c0af2f43cb90771e84778caa699e36dd823cca2d4275aa898afc721,329bbdb09537d5c1cd1c7b11d0d752f73bd4b9ad6a3583974444ee2274121f0b,improved_campaign_offspring,C000420,,2,boundary_growth:small,0.005555555555555556,[5],1,L-SEED,completed,valid,[],,0.06281378637637113,9.407878339622425,B1,2026-08-07T21:46:26.899+02:00,2026-08-07T21:46:26.899+02:00,2026-08-07T21:50:22.692+02:00
508,C000508,improved_dataset_1000_20260807_001,15,508,"[2,2,2,2,2,0,0,2,0,0,0,0,2,2,0,0,2,2,2,0,0,0,2,2,0,0,0,0,0,0,0,0,0,0,0,0,0,2,2,2,0,0,0,0,0,0,0,0,2,2,0,0,0,0,0,0,0,0,0,0,0,0,0,0,0,0,0,0,0,0,0,1,0,0,0,0,0,0,0,0,1,1,0,0,0,0,2,0,0,0,1,1,1,1,0,0,2,2,0,0,1,1,1,1,1,1,1,2,1,1,1,1,1,1,1,1,0,1,1,1,1,1,0,1,1,1,1,1,1,1,1,1,1,1,1,1,1,1,1,1,1,1,1,1,1,1,1,1,1,1,1,1,1,0,1,1,1,1,1,1,1,1,1,1,1,1,1,1,1,1,1,1,1,1,1,1,1,1,1,1]",c14648a28f0653b3ef95384568b2b7352c4dff7d06621f10b7a9156da6094c87,cf083b45fea58de4cfc137c8cc2971d70788d1f06ce242fa8df763d0f222a18c,improved_campaign_offspring,C000480,,3,boundary_growth:small,0.005555555555555556,"[116,117]",2,L-SEED,completed,valid,[],,0.08914608845811653,9.071800925498984,B1,2026-08-07T21:46:27.103+02:00,2026-08-07T21:46:27.103+02:00,2026-08-07T21:50:22.699+02:00
509,C000509,improved_dataset_1000_20260807_001,15,509,"[2,2,2,2,2,0,0,2,0,0,0,0,2,2,0,0,2,2,2,0,0,0,2,2,0,0,0,0,0,0,0,0,0,0,0,0,0,2,2,2,0,0,0,0,0,0,0,0,2,2,0,0,0,0,0,0,0,0,0,0,0,0,0,0,0,0,0,0,0,0,0,1,0,0,0,0,0,0,0,0,1,1,0,0,0,0,2,0,0,0,1,1,1,1,0,0,2,2,0,0,1,1,1,1,1,1,1,2,1,1,1,1,1,1,1,1,2,2,1,2,1,1,0,1,1,1,1,1,1,2,1,1,1,1,1,1,1,1,2,2,1,1,1,1,1,1,1,1,2,2,1,1,1,0,1,1,2,2,2,2,1,1,1,1,1,1,2,0,2,2,1,1,1,2,2,2,2,2,2,2]",e0607898e7648c6ab0b24f9c6410086d99f9907f40b9f7dc80062f90f9b3c93a,975a9841abea3bc3c4b684242faf2bff3b7a2abc1e0ff27eac0c009c2b670c35,improved_campaign_offspring,C000480,,4,connected_region_repaint:large,0.1111111111111111,"[119,129,138,139,148,149,156,157,158,159,166,167,168,169,173,174,175,176,177,178,179]",21,L-SEED,completed,valid,[],,0.04632192697855512,9.538702757874054,B1,2026-08-07T21:46:27.308+02:00,2026-08-07T21:46:27.308+02:00,2026-08-07T21:50:22.708+02:00
510,C000510,improved_dataset_1000_20260807_001,15,510,"[2,2,2,2,2,0,0,2,0,0,0,0,2,2,0,0,2,2,2,0,0,0,2,2,0,0,0,0,0,0,0,0,0,0,0,0,0,0,0,0,0,0,0,0,0,0,0,0,0,0,0,0,0,0,0,0,0,0,0,0,0,0,0,0,0,0,0,0,0,0,0,1,0,0,0,0,0,0,0,0,1,1,0,0,0,0,2,0,0,0,1,1,1,1,0,0,2,2,0,0,1,1,1,1,1,1,1,2,1,1,1,1,1,1,1,1,2,2,1,1,1,1,0,1,1,1,1,1,1,1,1,1,1,1,1,1,1,1,1,1,1,1,1,1,1,1,1,1,1,1,1,1,1,0,1,1,1,1,1,1,1,1,1,1,1,1,1,1,1,1,1,1,1,1,1,1,1,1,1,1]",70baab4d87243b79049afd374cdb318ddf6fd71dfefe432539729d6451e8c547,96d9b88a4fdaa66545800843df49cf0ead678de595da7fc6fec4d25d7d86e371,improved_campaign_offspring,C000480,,5,boundary_growth:medium,0.06111111111111111,"[37,38,39,48,49]",5,L-SEED,completed,valid,[],,0.10157922298815092,8.942929441227776,B1,2026-08-07T21:46:27.523+02:00,2026-08-07T21:46:27.523+02:00,2026-08-07T21:50:22.715+02:00
511,C000511,improved_dataset_1000_20260807_001,16,511,"[0,1,1,1,1,1,1,1,1,1,0,1,1,1,1,1,1,1,1,1,0,0,0,0,0,1,1,1,1,1,0,2,2,2,0,1,1,1,1,1,0,2,2,2,0,1,1,1,1,1,0,2,2,2,0,1,1,1,1,1,2,2,2,2,2,1,1,1,1,1,2,2,2,2,2,1,1,1,1,1,2,0,0,0,0,1,1,1,1,1,2,0,0,0,0,1,1,1,1,1,2,0,0,0,0,1,1,1,1,1,2,0,0,0,2,1,1,1,1,1,2,2,2,2,2,1,1,1,1,1,0,2,2,0,0,1,1,1,1,1,0,0,1,1,1,1,1,1,1,1,1,1,1,1,1,1,1,1,1,1,1,1,1,1,1,1,1,1,1,1,1,1,1,1,1,1,1,1,1,1]",2bbff24a8b1f737dee4837f35b6d23ec305915649cbf8a8beabd1b689d92ea74,dadf2fbafcf1c52d8b02606a125ed863275a7c6da7a04940e1db0636cb3c1771,improved_campaign_offspring,C000274,,1,rectangular_patch:medium,0.08333333333333333,"[81,82,83,84,91,92,93,94,101,102,103,104,111,112,113]",15,L-SEED,completed,valid,[],,0.9940356371026171,0.12136889501959014,B6,2026-08-07T21:50:23.361+02:00,2026-08-07T21:50:23.361+02:00,2026-08-07T21:53:18.203+02:00
512,C000512,improved_dataset_1000_20260807_001,16,512,"[2,2,2,2,0,2,0,0,0,0,2,2,2,2,2,2,2,0,0,0,2,2,2,2,2,2,2,2,2,2,2,2,2,2,2,2,2,0,0,0,0,0,2,2,2,2,2,0,0,0,0,2,2,2,2,2,2,2,0,0,2,2,2,2,2,2,2,0,0,0,0,2,2,2,2,2,2,0,0,0,2,2,2,2,2,2,2,0,0,0,2,0,2,2,2,2,1,1,1,0,2,2,2,2,2,2,2,2,1,1,2,2,2,2,2,0,1,1,1,1,2,2,2,2,2,0,1,1,1,1,2,2,2,0,0,1,1,1,1,1,0,0,1,1,1,0,1,1,1,1,1,1,1,1,1,0,1,1,1,1,1,1,1,1,1,1,1,1,1,1,1,1,1,1,1,1,1,1,1,1]",0e78bcb961d4b25bfdc10d369bffef5918d3897377eee788a0291f9757d2698e,fef114c5ff7f3dd50336d23a76b35ea9aaa1ed1fc5f6702a57d665299fca26b6,improved_campaign_offspring,C000484,,2,connected_region_repaint:large,0.2111111111111111,"[42,43,44,45,46,51,52,53,54,55,56,57,60,61,62,63,64,65,66,71,72,73,74,75,76,80,81,82,83,84,85,86,92,93,94,103,113,123]",38,L-SEED,completed,valid,[],,0.11122180355572954,8.842643851134355,B1,2026-08-07T21:50:23.555+02:00,2026-08-07T21:50:23.555+02:00,2026-08-07T21:53:18.210+02:00
513,C000513,improved_dataset_1000_20260807_001,16,513,"[0,1,1,1,1,1,1,1,1,1,0,1,1,0,1,1,1,1,1,1,0,0,0,0,0,1,1,1,1,1,0,2,2,2,0,1,1,1,1,1,0,2,2,2,0,1,1,1,1,1,0,2,2,2,0,1,1,1,1,1,2,2,2,2,2,1,1,1,1,1,2,2,2,2,2,1,1,1,1,1,2,2,2,2,2,1,1,1,1,1,2,2,2,2,2,1,1,1,1,1,2,2,2,2,2,1,1,1,1,1,2,2,2,2,2,1,1,1,1,1,2,2,2,2,2,1,1,1,1,1,0,2,2,0,0,1,1,1,1,1,0,0,1,1,1,1,1,1,1,1,1,1,1,1,1,1,1,1,1,1,1,1,1,1,1,1,1,1,1,1,1,1,1,1,1,1,1,1,1,1]",36d7cf424c84572b859322a0f85e1657da032ef188d1f42574434896eab9c0ff,f8652ac01a332aab83cede9f41950be367d8a02384857c6b1378f5344402faec,improved_campaign_offspring,C000274,,3,connected_region_repaint:small,0.005555555555555556,[13],1,L-SEED,completed,valid,[],,0.984485043207453,0.07871951952870826,B6,2026-08-07T21:50:23.753+02:00,2026-08-07T21:50:23.753+02:00,2026-08-07T21:53:18.217+02:00
514,C000514,improved_dataset_1000_20260807_001,16,514,"[0,1,1,1,1,1,1,1,1,1,0,1,1,1,1,1,1,1,1,1,0,0,0,0,0,1,1,1,1,1,0,2,0,0,0,1,1,1,1,1,0,2,0,0,0,1,1,1,1,1,0,2,2,0,0,1,1,1,1,1,2,2,0,0,0,1,1,1,1,1,0,0,0,0,0,1,1,1,1,1,0,0,0,0,0,1,1,1,1,1,2,2,0,0,2,1,1,1,1,1,2,2,0,0,2,1,1,1,1,1,2,2,2,2,2,1,1,1,1,1,2,2,2,2,2,1,1,1,1,1,0,2,2,0,0,1,1,1,1,1,0,0,1,1,1,1,1,1,1,1,1,1,1,1,1,1,1,1,1,1,1,1,1,1,1,1,1,1,1,1,1,1,1,1,1,1,1,1,1,1]",3bf03113b6d171a94b9fa1b7b3bf525287f643bf271445950bf4cab5160e1066,40851f82be73d9a14fb742976bf13b0d0c890107841c772f8a78a2ba5c6e2c97,improved_campaign_offspring,C000274,,4,connected_region_repaint:large,0.11666666666666667,"[32,33,42,43,53,62,63,64,70,71,72,73,74,80,81,82,83,84,92,93,102,103]",22,L-SEED,completed,valid,[],,0.9947730306179821,0.1215945301289031,B6,2026-08-07T21:50:23.950+02:00,2026-08-07T21:50:23.950+02:00,2026-08-07T21:53:18.224+02:00
515,C000515,improved_dataset_1000_20260807_001,16,515,"[0,1,1,1,1,1,1,1,1,1,0,1,1,1,1,1,1,1,1,1,0,0,0,0,0,1,1,1,1,1,0,2,2,2,0,1,1,1,1,1,0,2,2,2,0,1,1,1,1,1,0,2,2,2,0,1,1,1,1,1,2,2,2,2,2,1,1,1,1,1,2,2,2,2,2,1,1,1,1,1,0,0,0,0,2,1,0,1,1,1,0,0,0,2,2,1,1,1,1,1,0,0,0,0,2,1,1,1,1,1,0,0,0,0,0,1,1,1,1,1,0,0,0,0,0,1,1,1,1,1,0,0,0,0,0,1,1,1,1,1,0,0,1,1,1,1,1,1,1,1,1,1,1,1,1,1,1,1,1,1,1,1,1,1,1,1,1,1,1,1,1,1,1,1,1,1,1,1,1,1]",841c6bb0f5084536e338c8e9c7a2dbabf45d7b0506013cfa933f6b7afa2cb75a,1892ae24b2571ec465ee1a6a3e2e7fe2ad87002f5c4e23ab70232daa844128b7,improved_campaign_offspring,C000392,,5,connected_region_repaint:small,0.005555555555555556,[86],1,L-SEED,completed,valid,[],,0.9929859713296119,0.12198191376526943,B6,2026-08-07T21:50:24.159+02:00,2026-08-07T21:50:24.159+02:00,2026-08-07T21:53:18.231+02:00
516,C000516,improved_dataset_1000_20260807_001,16,516,"[2,1,1,1,1,1,1,1,1,1,2,1,1,1,1,1,1,1,1,1,2,2,2,0,0,1,1,1,1,1,2,0,2,2,0,1,1,1,1,1,2,0,0,0,0,1,1,1,1,1,2,2,0,0,0,0,1,1,1,1,0,0,0,0,0,1,1,1,1,1,0,0,0,0,0,0,1,1,1,1,0,0,2,2,0,1,1,1,1,1,0,2,2,2,2,2,1,1,1,1,2,2,2,2,2,2,1,1,1,1,2,2,2,2,2,2,1,1,1,1,2,2,0,0,0,0,1,0,1,1,2,2,2,0,0,0,0,0,1,1,0,0,0,0,0,0,0,0,0,1,0,0,0,0,0,0,0,0,0,1,0,0,0,0,0,0,0,0,1,1,0,0,0,0,0,0,0,0,1,1]",e4c456d6cc9bde88e2c30064a63cd0e996e82a6642d50a883327cbff4d518207,fed794b45d2606026f58d22ad6b90dbc2043a23c3cbe6a836adc7ab7a70f290b,improved_campaign_offspring,C000400,,1,connected_region_repaint:large,0.1111111111111111,"[82,83,91,92,93,94,95,100,101,102,103,104,105,110,111,112,113,114,115,121,122]",21,L-SEED,completed,valid,[],,0.6190799916452989,3.5292821796596208,B3,2026-08-07T21:53:18.509+02:00,2026-08-07T21:53:18.509+02:00,2026-08-07T21:57:50.446+02:00
517,C000517,improved_dataset_1000_20260807_001,16,517,"[2,2,0,0,0,0,0,0,0,0,2,2,0,0,0,0,0,0,0,0,0,0,0,0,0,0,0,0,0,0,0,2,2,2,0,0,0,0,0,0,0,2,2,2,0,0,0,0,0,0,0,2,2,2,0,0,0,0,2,0,0,2,2,2,0,0,0,0,2,2,0,0,2,0,0,0,0,0,0,2,0,0,0,0,0,0,0,2,2,2,0,0,0,0,0,0,0,0,2,2,0,0,0,0,0,0,0,0,0,2,0,0,0,0,0,0,0,0,0,2,0,0,0,0,0,0,2,0,0,2,0,0,0,0,0,2,2,2,0,2,0,0,2,2,2,2,2,2,2,2,0,2,2,2,2,2,2,2,0,2,2,2,2,2,2,2,2,2,2,2,2,2,1,2,2,2,2,1,1,1]",939b02558978378d5399076656135037bfd1f308126860383b131b713f3a54ef,3d7b044444eb6ddcc81a600ef33579bfd98da9bce209e6b01587ea97d4a99b41,improved_campaign_offspring,C000366,,2,connected_region_repaint:small,0.022222222222222223,"[0,1,10,11]",4,L-SEED,completed,valid,[],,0.04720936677462448,9.63066074287501,B1,2026-08-07T21:53:18.630+02:00,2026-08-07T21:53:18.630+02:00,2026-08-07T21:57:50.454+02:00
518,C000518,improved_dataset_1000_20260807_001,16,518,"[2,1,1,1,1,1,1,1,1,1,2,1,1,1,1,1,1,1,1,1,2,2,2,0,0,1,1,1,1,1,2,2,2,2,0,1,1,1,1,1,2,2,2,2,0,1,1,1,1,1,2,2,0,0,0,0,1,1,1,1,0,0,0,0,0,1,1,1,1,1,0,0,0,0,0,0,1,1,1,1,0,0,1,1,0,1,1,1,1,1,0,0,0,1,1,1,1,1,1,1,0,0,0,0,0,0,1,1,1,1,0,0,0,0,0,0,1,1,1,1,2,0,0,0,0,0,1,0,1,1,2,2,2,0,0,0,0,0,1,1,0,0,0,0,0,0,0,0,0,1,0,0,0,0,0,0,0,0,0,1,0,0,0,0,0,0,0,0,1,1,0,0,0,0,0,0,0,0,1,1]",b34ab93bc8d85f8deabd5913a37717a10238a1e4a95fe29a2fe5f8da2d4e1977,5ab3cac262b07d7d5f46c55bc7933cc30a53d6b46f3dbc2b394adebf96650aa2,improved_campaign_offspring,C000487,,3,connected_region_repaint:medium,0.044444444444444446,"[91,92,100,101,102,103,104,105,110,111,112,113,114,115,121,122]",16,L-SEED,completed,valid,[],,0.6579477187360675,3.066162353575052,B3,2026-08-07T21:53:18.760+02:00,2026-08-07T21:53:18.760+02:00,2026-08-07T21:57:50.462+02:00
519,C000519,improved_dataset_1000_20260807_001,16,519,"[2,1,1,1,1,1,1,1,1,1,2,1,1,1,1,1,1,1,1,1,2,2,2,0,0,1,1,1,1,1,2,0,2,2,0,1,1,1,1,1,2,0,0,0,0,1,1,1,1,1,2,2,0,0,0,0,1,1,1,1,0,0,0,0,0,1,1,1,1,1,0,0,0,0,0,0,1,1,1,1,0,0,1,1,0,1,1,1,1,1,0,1,1,1,1,1,1,1,1,1,1,1,1,1,1,1,1,1,1,1,1,1,1,1,1,1,1,1,1,1,0,1,1,1,1,1,1,0,1,1,0,0,1,1,1,1,0,0,1,1,0,0,1,1,1,1,0,0,0,1,0,0,1,1,0,0,0,0,0,1,0,0,0,0,0,0,0,0,1,1,0,0,0,0,0,0,0,0,1,1]",0f33ac56bf49d33566555e3c298fd974c2c14a531cc5f0a1aa9ade7716323f58,42eca980adf4841e51a99656825a859ca1de7ea32adcbc3593dc9710bb058fc5,improved_campaign_offspring,C000400,,4,rectangular_patch:medium,0.07777777777777778,"[120,123,124,125,130,131,132,133,134,135,142,143,144,145,152,153]",16,L-SEED,completed,valid,[],,0.9892843546494927,0.12063725759924858,B6,2026-08-07T21:53:18.900+02:00,2026-08-07T21:53:18.900+02:00,2026-08-07T21:57:50.468+02:00
520,C000520,improved_dataset_1000_20260807_001,16,520,"[2,1,1,1,1,1,1,1,1,1,2,1,1,1,1,1,1,1,1,1,2,2,2,0,0,1,1,1,1,1,2,0,2,2,0,1,1,1,1,1,2,0,0,0,0,1,1,1,1,1,2,2,0,0,0,0,1,1,1,1,0,0,0,0,0,1,1,1,1,1,0,0,0,0,0,0,1,1,1,1,0,0,1,1,0,1,1,1,1,1,0,1,1,1,1,1,1,1,1,1,1,1,1,1,1,1,1,1,1,1,0,0,0,0,0,1,1,1,1,1,0,0,0,0,0,0,1,0,1,1,0,0,0,0,0,0,0,0,1,1,0,0,0,0,0,0,0,0,0,1,0,0,0,0,0,0,0,0,0,1,0,0,0,0,0,0,0,0,1,1,0,0,0,0,0,0,0,0,1,1]",e362a1c9c8a8786c3901c545d14d91fd38882cc589d6d086c346eb24d334fc77,5d02db09fc7bec908df6893b3fc0950623ce72212cf6224a24019e21f91171ba,improved_campaign_offspring,C000400,,5,rectangular_patch:large,0.09444444444444444,"[110,111,112,113,114,120,121,122,130,131,132]",11,L-SEED,completed,valid,[],,0.9169256533952926,0.14886000284748296,B6,2026-08-07T21:53:19.028+02:00,2026-08-07T21:53:19.028+02:00,2026-08-07T21:57:50.476+02:00
521,C000521,improved_dataset_1000_20260807_001,16,521,"[2,0,0,0,0,0,0,0,0,0,2,0,0,0,0,2,0,0,0,0,2,2,2,2,2,2,2,2,0,0,2,2,2,0,0,0,0,1,1,0,2,2,2,0,0,0,0,1,0,0,2,2,2,0,0,0,0,1,1,1,2,2,2,0,0,0,1,1,1,1,2,2,2,2,1,1,1,1,1,1,2,2,2,2,2,1,1,1,1,1,0,0,2,2,1,1,1,1,1,1,0,0,0,2,2,2,1,1,1,1,0,0,0,1,1,1,1,1,1,1,0,0,0,1,1,1,1,0,1,1,0,0,2,2,2,1,2,2,1,1,2,2,2,2,2,2,2,2,2,1,2,2,2,2,2,2,2,2,2,1,2,2,2,2,2,2,2,2,1,1,2,2,2,2,2,2,2,2,1,1]",bd74bafcb0721fa025cb50341be2057f166e195cd4cc5ef4d31b7ea9d438a7c4,040aa9651bde8dac0dd937cf62efba416e1c7dbb91cbb586c4baade9c467101c,improved_campaign_offspring,C000193,,1,boundary_growth:large,0.2111111111111111,"[37,38,39,47,49,57,58,59,66,67,68,69,74,75,76,77,78,79,85,86,87,88,89,94,95,96,97,98,99,106,107,113,114,115,116,123,124,125,126,135]",40,L-SEED,completed,valid,[],,0.2723020162966004,7.069535151102946,B1,2026-08-07T21:57:50.744+02:00,2026-08-07T21:57:50.744+02:00,2026-08-07T22:01:41.099+02:00
522,C000522,improved_dataset_1000_20260807_001,16,522,"[2,1,1,1,1,1,1,1,1,1,2,1,1,1,1,1,1,1,1,1,2,2,2,2,2,1,1,1,1,1,2,1,1,1,2,1,1,1,1,1,2,1,1,1,1,1,1,1,1,1,2,2,2,1,1,1,1,1,1,1,2,2,2,2,2,1,1,1,1,1,2,2,2,2,2,2,1,1,1,1,2,2,2,2,2,2,1,1,1,1,0,2,2,2,2,0,1,1,1,1,0,0,2,2,2,0,1,1,1,1,0,0,0,0,0,0,1,1,1,1,0,0,0,0,0,1,1,1,1,1,0,0,0,1,0,1,0,1,1,1,0,0,0,1,1,1,1,1,1,1,0,0,1,1,1,1,1,1,1,1,0,0,0,0,1,1,1,1,1,1,0,0,0,0,1,1,1,1,1,1]",b9792fd661d309934880fb0ebc7c021cc53abda5cc9a0ae979248403fcc9b2bf,10df0ea261af8f38945fddca0f50ff4c8ea85f4e934f91cebb4b2c61ca3d24ad,improved_campaign_offspring,C000433,,2,boundary_growth:medium,0.06111111111111111,"[31,32,33,41,42,43,44,53,54,55,65]",11,L-SEED,completed,valid,[],,0.752340226340556,1.9813540934706444,B4,2026-08-07T21:57:50.873+02:00,2026-08-07T21:57:50.873+02:00,2026-08-07T22:01:41.108+02:00
523,C000523,improved_dataset_1000_20260807_001,16,523,"[2,0,0,0,0,0,0,0,0,0,2,0,0,0,0,0,0,0,0,0,2,2,0,0,0,0,2,2,0,0,2,2,2,0,0,0,0,2,2,2,2,2,2,0,0,0,0,2,0,2,2,2,2,0,0,0,0,2,2,2,2,2,2,0,0,0,2,2,2,2,2,2,2,2,2,2,2,2,2,2,2,2,2,2,2,2,2,2,2,2,0,0,2,2,2,2,2,2,2,2,0,0,0,2,2,2,2,2,1,1,0,0,0,2,2,2,2,1,1,1,0,0,0,2,2,2,2,0,1,1,0,0,2,2,2,2,2,2,1,1,2,2,2,2,2,2,2,2,2,1,2,2,2,2,2,2,2,2,2,1,2,2,2,2,2,2,2,2,1,1,2,2,2,2,2,2,2,2,1,1]",09b4761ea2f212e1f9b83f9dbedd721fb7f086f0092cb1a04fc2cf56310042dd,96e7a022599d033de3fef3cf45ffd63014028e4af37e89c4c92bd9c88815be79,improved_campaign_offspring,C000193,,3,connected_region_repaint:small,0.022222222222222223,"[15,22,23,24,25]",5,L-SEED,completed,valid,[],,0.0816903272894718,9.182916814969792,B1,2026-08-07T21:57:51.007+02:00,2026-08-07T21:57:51.007+02:00,2026-08-07T22:01:41.115+02:00
524,C000524,improved_dataset_1000_20260807_001,16,524,"[2,2,2,2,2,0,0,2,0,0,2,2,2,2,2,2,2,2,2,0,2,2,2,2,2,2,2,2,0,0,2,2,0,0,0,0,0,2,2,2,2,2,0,0,0,0,0,2,2,0,0,2,0,0,0,0,0,0,0,0,2,2,0,0,0,0,0,0,0,0,2,2,0,0,0,0,0,0,0,0,2,2,2,0,0,0,0,0,0,0,2,0,0,0,0,0,0,0,0,0,0,0,0,0,0,0,0,1,1,0,2,0,0,0,1,0,0,1,1,0,2,2,0,0,1,0,1,1,1,0,2,0,0,1,1,1,1,1,1,0,0,0,0,1,1,1,1,1,1,1,0,0,0,1,1,1,1,1,0,1,0,0,1,1,0,0,0,0,1,1,0,0,0,1,0,0,0,0,1,1]",724da80513a8e2d7bfdcec53057cbb2b0c7e2d476598c9cf618fcfb49ffc761d,753475c8c080372f0f9bd7fca48d6d6b0c040ccf61c8fd2cf875b2f62ecaea5b,improved_campaign_offspring,C000312,,4,connected_region_repaint:large,0.21666666666666667,"[107,108,114,117,118,124,126,127,128,133,134,135,136,137,138,143,144,145,146,147,148,149,153,154,155,156,157,159,162,163,168,169,173,178,179]",35,L-SEED,completed,valid,[],,0.11446726448277347,8.782880988073748,B1,2026-08-07T21:57:51.132+02:00,2026-08-07T21:57:51.132+02:00,2026-08-07T22:01:41.123+02:00
525,C000525,improved_dataset_1000_20260807_001,16,525,"[2,2,2,2,2,2,2,2,2,0,2,2,2,2,2,2,2,2,2,2,2,2,2,2,2,2,2,2,2,0,2,2,2,2,2,2,2,2,2,2,2,2,2,2,2,2,2,2,2,2,0,2,2,2,2,0,2,2,2,2,2,2,2,2,2,0,2,2,2,1,2,2,2,2,2,0,1,1,1,1,2,2,2,2,2,2,2,1,1,1,0,0,0,0,2,2,2,1,1,1,0,0,0,0,2,2,2,1,1,1,0,0,0,0,2,2,1,1,1,1,0,0,0,0,2,2,1,0,1,1,0,0,0,0,0,0,0,0,1,1,0,0,0,0,0,0,0,0,0,1,0,0,0,0,0,0,0,0,0,1,0,0,0,0,0,0,0,0,1,1,0,0,0,0,0,0,0,0,1,1]",805f2f5f781b9fc402f44389ce60e4702225d566d2fa60f1ac051345d2fb8412,bec25189ca0bf3a363a4456ddd823f895069ca653741f778e4f053071226a1f2,improved_campaign_offspring,C000495,,5,connected_region_repaint:small,0.022222222222222223,"[114,115,124,125]",4,L-SEED,completed,valid,[],,0.12987761411206222,8.611224104260225,B1,2026-08-07T21:57:51.314+02:00,2026-08-07T21:57:51.314+02:00,2026-08-07T22:01:41.131+02:00
526,C000526,improved_dataset_1000_20260807_001,16,526,"[0,0,0,0,0,0,0,0,0,0,0,0,0,0,0,0,0,0,0,0,0,0,0,0,0,0,0,0,0,0,0,0,0,0,0,0,0,0,0,0,0,0,0,0,0,0,0,0,0,0,0,0,0,0,0,0,0,0,0,0,0,0,0,0,0,1,1,1,1,0,0,0,0,0,0,0,1,1,1,1,0,2,2,2,2,1,1,1,0,0,2,2,2,0,2,2,1,1,1,0,2,2,2,0,2,2,2,2,1,1,2,2,2,2,2,0,0,1,1,1,2,2,2,2,2,0,0,1,1,1,2,2,2,0,0,0,0,0,0,1,0,0,0,0,0,0,0,0,1,1,1,0,0,0,0,0,0,0,0,1,1,0,0,1,0,0,0,0,1,1,1,1,1,1,1,1,0,0,1,1]",98c410dda46b01b14a927b8d0af31d17c60b6a0943c1e0e198dc6c64bdde2fb0,490894e4f1c9840a34300b4fd1cf6f3d375872276a8fca9430e4cceff577ebaf,improved_campaign_offspring,C000406,,1,boundary_growth:small,0.011111111111111112,"[151,161]",2,L-SEED,completed,valid,[],,0.18327683602166878,8.017077646088909,B1,2026-08-07T22:01:41.416+02:00,2026-08-07T22:01:41.416+02:00,2026-08-07T22:13:41.365+02:00
527,C000527,improved_dataset_1000_20260807_001,16,527,"[0,0,0,0,0,0,0,0,0,0,2,2,0,0,0,0,0,0,0,0,2,0,0,0,0,0,0,0,0,0,2,2,2,2,0,0,0,0,0,0,0,2,0,0,0,0,0,0,0,0,0,0,0,0,0,0,0,0,0,0,0,0,0,0,0,0,0,0,0,0,0,2,2,2,2,2,2,2,0,0,0,2,2,2,2,2,2,2,0,0,2,2,2,2,2,2,2,2,1,1,2,2,2,2,2,2,2,2,1,1,2,2,2,2,2,2,2,2,1,1,2,2,2,2,2,0,1,1,1,1,2,2,1,0,0,1,1,1,1,1,0,0,1,1,1,1,1,1,1,1,1,1,1,1,1,1,1,1,1,1,1,1,1,1,1,1,1,1,1,1,1,1,1,1,1,1,1,1,1,1]",16b4d1c1b83dfe3684f40f2cfdb23af01ba1aab17cb61a01ce97bdc7e06cf666,efe5edf9ebd63b1e916a8bffcd6fa320ab6f2488eb88a61c18d651ee484469f2,improved_campaign_offspring,C000439,,2,rectangular_patch:large,0.21666666666666667,"[14,24,25,34,42,43,44,45,46,47,51,52,53,54,55,56,57,63,64,71,72,73,74,75,76,77,81,82,83,84,85,86,87,91,92,93,94,95,96,97,102,103,104,105,106,107,112,113,114,115,116,117,122,123,124]",55,L-SEED,completed,valid,[],,0.10068393326787436,8.94050053449666,B1,2026-08-07T22:01:41.552+02:00,2026-08-07T22:01:41.553+02:00,2026-08-07T22:13:41.371+02:00
528,C000528,improved_dataset_1000_20260807_001,16,528,"[2,2,2,2,2,0,0,2,0,1,2,2,2,2,2,2,2,2,2,1,2,2,2,2,2,2,2,1,1,1,0,0,0,0,2,0,2,1,1,1,0,0,0,0,0,2,2,2,2,1,0,0,0,0,0,0,0,0,1,1,0,2,1,0,1,0,1,1,1,1,2,2,1,1,1,0,0,0,1,1,2,2,2,1,1,1,1,1,1,1,2,1,1,1,1,1,1,1,1,1,1,1,1,1,1,1,1,0,0,0,2,1,1,0,2,2,0,0,0,0,2,2,1,1,2,2,0,0,0,0,2,1,1,0,0,1,1,0,0,0,0,0,1,1,1,0,1,2,2,2,1,1,1,1,1,1,1,2,0,2,1,1,1,1,0,1,1,1,2,2,1,1,1,1,1,1,1,1,2,2]",74d89b1abdf39a8c180c6615c5ea7779de16a28e1c8db9137fea20cb8e134bd4,810a92b4e4e74893622661f0423fe4dd9fcb54ab3c9104aac2fdb1436dfdca8d,improved_campaign_offspring,C000438,,3,connected_region_repaint:small,0.016666666666666666,"[65,75,76]",3,L-SEED,completed,valid,[],,0.3210425468712456,8.012153944045618,B1,2026-08-07T22:01:41.685+02:00,2026-08-07T22:01:41.685+02:00,2026-08-07T22:13:41.377+02:00
529,C000529,improved_dataset_1000_20260807_001,16,529,"[2,2,2,2,2,0,0,2,0,0,2,2,2,2,2,2,2,2,2,0,2,2,2,2,2,2,2,2,0,0,2,2,2,2,2,0,2,2,2,2,2,2,2,2,0,2,2,2,2,0,0,2,2,2,0,0,2,2,0,0,2,2,0,2,0,0,2,0,0,0,2,2,2,2,2,2,2,0,0,0,2,2,2,2,2,2,2,2,2,2,0,0,0,0,2,2,0,2,2,2,0,0,0,0,2,2,2,2,2,2,0,0,0,0,0,0,0,2,2,2,0,0,0,0,0,1,1,0,2,2,0,0,0,0,0,0,1,1,1,0,0,0,0,0,0,1,1,2,2,2,0,0,0,0,1,1,1,2,0,2,0,0,0,0,0,0,1,1,2,2,0,0,0,0,0,0,1,0,2,2]",483c4b664ea5025c6abf35fa6e4767758aebc36ddf7c5715128d9daa588bb960,eb1d24282ce8b88cc9168b6db33f7e3ab25437fb52b1d9a024b4002b02cc8ab7,improved_campaign_offspring,C000468,,4,connected_region_repaint:medium,0.07222222222222222,"[125,126,136,137,138,145,146,154,155,156,166,167,176]",13,L-SEED,completed,valid,[],,0.06767205759785812,9.29639005013845,B1,2026-08-07T22:01:41.815+02:00,2026-08-07T22:01:41.815+02:00,2026-08-07T22:13:41.383+02:00
530,C000530,improved_dataset_1000_20260807_001,16,530,"[0,0,0,0,0,0,0,0,0,0,2,2,0,0,1,0,0,0,0,0,2,0,0,0,1,1,0,0,0,0,2,2,0,0,1,0,0,0,0,0,0,2,1,1,1,1,1,1,0,0,0,1,1,1,1,1,1,1,0,0,0,0,0,1,1,0,0,0,0,0,0,0,0,1,1,1,1,0,0,0,0,0,0,1,1,1,1,1,0,0,2,0,0,1,1,1,1,1,1,1,2,2,0,0,1,1,1,1,1,1,2,2,0,0,1,0,1,1,1,1,2,2,0,0,1,0,1,1,1,1,2,2,1,0,0,1,1,1,1,1,0,0,1,1,1,1,1,1,1,1,1,1,1,1,1,1,1,1,1,1,1,1,1,1,1,1,1,1,1,1,1,1,1,1,1,1,1,1,1,1]",fabf840d794f9074f374af81a45559d678b349d965f0e3915d9eb9eba3015a87,809aa2158873e39083ba5dc198a335ab237f4a68778a6d6b40c618e04fb5bc4c,improved_campaign_offspring,C000439,,5,boundary_growth:small,0.005555555555555556,"[32,33]",2,L-SEED,completed,valid,[],,0.41464748260797596,6.347513414823131,B1,2026-08-07T22:01:42.030+02:00,2026-08-07T22:01:42.030+02:00,2026-08-07T22:13:41.389+02:00
531,C000531,improved_dataset_1000_20260807_001,16,531,"[2,0,0,0,0,0,0,0,0,0,2,0,0,0,0,0,0,0,0,0,2,2,2,2,2,0,0,0,0,0,2,0,2,2,2,0,0,0,0,0,2,0,2,2,2,0,0,0,0,0,2,2,2,2,0,0,0,0,0,0,2,2,2,2,2,0,0,0,0,0,2,2,2,0,0,0,0,0,0,0,2,2,2,2,0,0,0,0,0,0,0,0,2,2,0,0,0,0,0,0,2,2,2,0,0,0,0,0,0,0,2,2,0,0,0,0,0,0,0,0,2,2,0,0,0,2,0,0,0,2,2,2,2,2,2,2,2,2,2,2,0,0,0,2,2,2,2,0,0,0,0,0,0,0,0,0,0,0,0,0,0,0,0,0,0,0,0,0,0,0,0,0,0,0,0,0,0,0,0,0]",38df247bb901cfdc11ae19b04ed1f0a5086b1df42f8ba1befa8899b2ce1a1ab0,71303400bf5ffac3a309437a1334c0466e28bd55446f96f54b1866b88532cdfc,improved_campaign_offspring,C000295,,1,connected_region_repaint:small,0.011111111111111112,"[90,91]",2,L-SEED,completed,valid,[],,0.06985432943025437,9.352877865447176,B1,2026-08-07T22:13:41.657+02:00,2026-08-07T22:13:41.657+02:00,2026-08-07T22:16:56.414+02:00
532,C000532,improved_dataset_1000_20260807_001,16,532,"[2,0,0,0,0,0,0,0,0,0,2,0,0,0,0,0,0,0,0,0,2,2,2,2,2,0,0,0,0,0,2,0,2,2,2,0,0,0,0,0,2,0,2,2,2,0,0,0,0,0,2,2,2,2,0,0,0,0,0,0,2,2,2,2,2,0,0,0,0,0,2,2,2,0,0,0,0,0,0,0,2,2,2,2,0,0,0,0,0,0,2,2,2,2,0,0,0,0,0,0,2,2,2,0,0,0,0,0,0,0,2,2,0,0,0,0,0,0,0,0,2,2,0,0,0,0,0,0,0,2,2,2,2,2,0,0,0,2,2,2,0,0,0,0,0,0,0,0,0,0,0,0,0,0,0,0,0,0,0,0,0,0,0,0,0,0,0,0,0,0,0,0,0,0,0,0,0,0,0,0]",6b0d95d0a4886a629ba108397c46d6571f9c790ef19f47beb66ffd9bcde11fff,a23324a04448d7ff65a95bcb7c88e84985c8c196a5c32055cdb6e475198d1a82,improved_campaign_offspring,C000295,,2,connected_region_repaint:medium,0.044444444444444446,"[125,134,135,136,143,144,145,146]",8,L-SEED,completed,valid,[],,0.07585653070311149,9.271380794811591,B1,2026-08-07T22:13:41.788+02:00,2026-08-07T22:13:41.788+02:00,2026-08-07T22:16:56.423+02:00
533,C000533,improved_dataset_1000_20260807_001,16,533,"[0,0,0,0,0,0,0,0,0,0,0,0,0,0,0,0,0,0,0,0,0,0,0,0,0,0,0,0,0,0,0,0,0,2,0,0,2,0,0,0,0,0,2,2,2,2,2,2,0,0,2,0,0,2,2,2,2,0,0,0,2,0,2,2,2,2,2,0,0,0,2,2,2,2,2,2,0,0,0,0,2,2,2,2,2,2,0,0,0,0,2,2,2,2,2,1,1,1,1,0,2,2,2,2,2,2,1,1,1,1,2,2,2,2,2,2,1,1,1,1,2,2,2,2,2,2,0,0,1,1,2,2,2,0,2,2,2,2,1,1,0,0,0,0,2,2,2,2,2,1,0,0,0,0,0,2,0,2,2,1,0,0,0,0,2,2,2,2,1,1,0,0,0,2,2,2,2,2,1,1]",9ae09453b690d5661372dbc487bb9f34aed073d43c955333632b0371cc7592f5,40a56c70fcef81043e6a8bd1cd25c1ff8a3eaebb6bf93f6ad3bf0d23b0b6d9e7,improved_campaign_offspring,C000472,,3,connected_region_repaint:small,0.005555555555555556,[95],1,L-SEED,completed,valid,[],,0.11332614160014412,8.791108789970664,B1,2026-08-07T22:13:41.983+02:00,2026-08-07T22:13:41.983+02:00,2026-08-07T22:16:56.431+02:00
534,C000534,improved_dataset_1000_20260807_001,16,534,"[2,2,2,2,2,2,2,2,2,2,0,2,2,2,2,2,2,2,2,2,0,2,2,2,2,2,2,2,2,2,0,2,2,2,2,2,2,2,2,2,0,2,2,2,2,2,2,2,2,2,0,2,2,2,2,2,2,2,2,2,2,2,2,2,2,2,2,2,2,0,2,0,2,0,2,2,2,2,2,0,2,0,2,2,0,2,2,2,0,0,0,0,0,0,0,2,2,2,2,0,2,2,0,0,0,2,2,2,2,2,2,2,2,2,2,0,0,2,2,2,2,0,2,2,2,2,2,2,2,2,2,2,2,2,2,2,2,1,2,2,2,2,1,0,0,0,2,1,2,1,1,1,1,1,2,2,2,1,1,1,1,1,1,1,2,1,2,1,1,1,1,1,1,1,1,1,2,1,1,1]",cc0caca960617623f0293695cec4ea07e7618b49f12cabf6cdd397425363ab0c,f1612e2340b318b2da992698ed532c6a27b9d56ed1e184aa542ee35161587edb,improved_campaign_offspring,C000471,,4,boundary_growth:large,0.16666666666666666,"[85,86,88,89,95,96,97,98,105,106,107,108,109,117,118,119,126,127,128,129,135,136,138,139,144,145,146,148,154,155,156,164,166,176]",34,L-SEED,completed,valid,[],,0.060649415262967896,9.402574076358407,B1,2026-08-07T22:13:42.103+02:00,2026-08-07T22:13:42.103+02:00,2026-08-07T22:16:56.438+02:00
535,C000535,improved_dataset_1000_20260807_001,16,535,"[2,2,2,2,2,2,2,2,0,0,2,2,2,2,2,2,0,0,0,0,2,2,2,2,2,0,0,0,0,2,2,2,2,2,0,0,2,2,2,2,2,2,2,2,0,0,2,0,2,2,2,2,2,2,2,2,2,2,2,2,0,2,2,2,2,2,2,2,0,2,0,0,2,0,0,2,2,2,2,2,0,0,0,0,2,2,2,2,2,2,0,0,0,2,2,2,2,2,2,2,0,0,0,0,0,0,2,2,2,2,0,0,0,0,0,0,0,2,2,2,0,0,0,0,0,0,0,2,0,2,0,0,0,0,0,0,0,2,0,2,0,0,0,0,0,0,2,2,2,0,0,0,0,0,0,0,0,0,2,2,0,1,1,0,0,0,0,1,2,1,0,0,1,0,0,0,0,1,1,1]",148a8819c13567302a5d66c3b0680b3ea6178cc75352fa874744f0be8ba390aa,3ef9dcd6f4006d0f80df48a03f515a7b8de96290d42638fc84f39d2df0b33b04,improved_campaign_offspring,C000412,,5,connected_region_repaint:small,0.016666666666666666,"[137,146,147]",3,L-SEED,completed,valid,[],,0.05911075631632553,9.382795950339595,B1,2026-08-07T22:13:42.224+02:00,2026-08-07T22:13:42.224+02:00,2026-08-07T22:16:56.444+02:00
536,C000536,improved_dataset_1000_20260807_001,16,536,"[2,2,2,2,2,2,2,2,0,0,0,2,2,2,2,2,1,2,1,0,0,2,2,2,2,2,1,1,1,1,0,2,2,2,0,0,0,0,0,1,0,2,2,2,0,0,0,0,1,1,0,2,2,2,0,0,0,0,1,0,0,2,2,2,0,0,0,1,1,0,0,1,2,0,0,1,1,1,1,0,1,1,0,0,0,0,1,1,1,0,1,1,1,1,0,0,1,1,1,1,1,1,1,1,1,1,1,1,1,1,1,1,1,1,1,1,1,1,1,1,1,1,0,1,1,1,1,1,1,1,1,1,1,1,1,1,1,1,1,1,1,1,1,1,1,1,0,1,1,1,1,1,1,0,0,0,0,0,1,1,1,1,1,1,0,0,0,0,0,0,1,1,1,1,1,0,0,0,0,0]",f01a883bfcfe153536703f392a90c1cb83d6cf391b95461322dd07167a1d885b,c344ef90085b227cd0399bd9a0bf176017c333446516a7c45d5dfba2634c6f77,improved_campaign_offspring,C000479,,1,rectangular_patch:medium,0.07777777777777778,"[35,36,37,45,46,47,54,55,56,57,64,65,66]",13,L-SEED,completed,valid,[],,0.4016026366055423,5.85563573218386,B1,2026-08-07T22:16:56.755+02:00,2026-08-07T22:16:56.755+02:00,2026-08-07T22:21:37.770+02:00
537,C000537,improved_dataset_1000_20260807_001,16,537,"[2,2,2,2,2,2,2,2,0,0,0,2,2,2,2,2,1,2,1,0,0,2,2,2,2,2,1,1,1,1,0,2,2,2,0,2,2,1,0,0,0,2,2,2,0,1,1,1,0,0,0,2,2,2,2,2,2,1,0,0,0,2,2,2,2,2,2,1,1,0,0,1,2,0,0,1,1,1,1,0,1,1,0,0,0,0,1,1,1,0,1,1,1,2,0,0,1,1,1,1,1,1,2,2,1,1,1,1,1,1,1,1,1,2,1,1,1,1,1,1,1,1,0,1,1,1,1,1,1,1,1,1,1,1,1,1,1,1,1,1,1,1,1,1,1,1,0,1,1,1,1,1,1,0,0,0,0,0,1,1,1,1,1,1,0,0,0,0,0,0,1,1,1,1,1,0,0,0,0,0]",ce078eb4921af808dd8620ac0163e5c8a4237b089e3b071f5b6ed99028682c70,eccb1c0376f3b9aca6a4bd9938528f31c9d9388b6b0aa54e56a678d342471c16,improved_campaign_offspring,C000446,,2,boundary_growth:small,0.022222222222222223,"[39,48,49,58]",4,L-SEED,completed,valid,[],,0.4059870035271152,5.741590848417997,B1,2026-08-07T22:16:56.884+02:00,2026-08-07T22:16:56.884+02:00,2026-08-07T22:21:37.777+02:00
538,C000538,improved_dataset_1000_20260807_001,16,538,"[0,0,0,0,0,0,2,2,0,0,0,0,0,0,2,2,2,2,2,0,0,2,2,0,0,2,2,2,2,0,0,2,2,2,0,2,2,2,2,2,0,2,2,2,0,2,2,2,2,2,0,2,2,2,2,2,2,2,2,0,0,2,2,2,2,2,2,2,2,2,0,0,2,0,0,2,2,2,2,2,0,0,0,0,0,2,0,2,2,2,0,0,0,0,0,2,0,0,2,2,0,0,0,0,0,0,0,0,1,1,0,0,0,0,0,0,1,1,1,1,0,0,0,0,0,0,1,1,1,1,0,0,0,0,0,1,1,1,1,1,0,0,1,1,1,1,1,1,1,1,0,0,1,1,1,1,1,1,1,1,0,0,1,1,1,1,1,1,1,1,0,0,1,1,1,1,1,1,1,1]",e65277bd0596a021da331f7c24ba918892fc80c0f8a225bff31abff132b09e8f,815aeb7a63c095aa5a44e15d1bea2ae121c65ab7f7cce20ddcafffab4f2320b0,improved_campaign_offspring,C000327,,3,boundary_growth:small,0.016666666666666666,"[150,151,160,161,171]",5,L-SEED,completed,valid,[],,0.06517862306658885,9.360790901287102,B1,2026-08-07T22:16:57.008+02:00,2026-08-07T22:16:57.008+02:00,2026-08-07T22:21:37.784+02:00
539,C000539,improved_dataset_1000_20260807_001,16,539,"[0,0,0,0,0,0,0,0,0,0,0,0,0,0,0,0,0,0,2,0,0,0,0,0,2,0,0,2,2,0,0,0,0,0,2,0,2,2,2,0,0,2,0,2,2,2,2,2,2,0,0,2,2,2,2,2,2,2,2,0,0,2,2,2,0,2,2,2,2,0,0,2,0,0,0,0,1,1,2,2,0,0,0,0,0,0,1,1,2,2,0,0,0,0,0,0,1,1,1,1,2,0,0,0,0,0,1,1,1,1,2,2,0,0,0,0,1,1,1,1,2,2,2,2,0,0,1,0,1,1,2,2,2,2,0,0,0,0,1,1,0,0,0,2,2,2,0,0,0,1,0,0,0,2,0,0,0,0,0,1,0,0,0,0,0,0,0,0,1,1,0,0,0,0,0,0,0,0,1,1]",c56aead8ad08fd9384e806e4310c2bb2ce4dd64ce1940c7dc89d7b754d6a36b5,de9b00126a7cb9780e8ab0e8e8f79a5164fe140fa1e56382ad19c41bdcaec6be,improved_campaign_offspring,C000299,,4,boundary_growth:medium,0.05,"[136,137,147,157,158,167,177]",7,L-SEED,completed,valid,[],,0.10119958570375709,8.934163705091473,B1,2026-08-07T22:16:57.134+02:00,2026-08-07T22:16:57.134+02:00,2026-08-07T22:21:37.791+02:00
540,C000540,improved_dataset_1000_20260807_001,16,540,"[0,2,2,2,2,2,2,2,0,0,2,2,2,2,2,2,2,2,2,0,2,2,2,2,2,2,2,2,2,0,2,2,2,2,2,2,2,0,0,0,2,2,2,2,2,0,2,2,2,2,0,2,2,2,2,2,0,0,2,0,0,2,2,2,2,2,0,0,2,2,0,1,2,2,2,0,2,2,2,2,1,1,0,0,0,0,0,2,2,2,1,1,1,1,0,0,0,0,0,2,1,1,1,1,1,0,0,0,0,0,1,1,1,1,0,0,0,0,0,0,1,1,0,1,0,1,0,0,0,0,1,1,1,1,1,1,1,0,0,0,1,1,1,1,1,1,0,0,0,0,1,1,1,0,1,0,0,0,0,0,1,1,1,0,0,0,0,1,0,1,1,1,1,0,0,0,0,1,1,1]",a2519c7309341d2d0fe88083520ca8f492e4b00aebf63bdb2f161ab8dc9e2e4c,7468f2158c8dd3396ec703640e7f03c26073c4dc84b0e2b1faa7ce1e14139ea3,improved_campaign_offspring,C000268,,5,connected_region_repaint:large,0.21666666666666667,"[1,2,3,10,11,12,13,14,20,21,22,23,24,25,26,30,31,32,33,34,35,36,40,42,43,44,46,47,48,49,53,54,55,58,63,64,65,73,74]",39,L-SEED,completed,valid,[],,0.09396387821216469,9.016725888285036,B1,2026-08-07T22:16:57.257+02:00,2026-08-07T22:16:57.257+02:00,2026-08-07T22:21:37.798+02:00
541,C000541,improved_dataset_1000_20260807_001,17,541,"[2,2,2,2,0,2,0,0,0,0,2,2,2,2,2,2,2,0,0,0,2,2,2,2,2,2,2,2,2,2,2,2,2,2,2,2,2,0,0,0,0,0,2,2,2,2,2,0,0,0,0,2,2,2,2,2,2,2,0,0,2,2,2,2,2,2,2,0,0,0,0,2,2,2,2,2,2,0,0,0,2,2,2,2,2,2,2,0,0,0,2,0,2,2,2,2,1,1,1,0,2,2,2,2,2,2,2,2,1,1,2,2,2,2,2,0,1,1,1,1,2,2,2,2,2,0,2,1,1,1,2,2,2,0,0,0,2,1,1,1,0,0,1,1,1,0,2,1,1,1,1,1,1,1,1,0,2,1,1,1,1,1,1,1,1,1,1,1,1,1,1,1,1,1,1,1,1,1,1,1]",3bb8b4db5227db7d9db2c196e4ce402b7bcf1108210143761ca8f39e76c8ba00,f61201d10532555cadbc6a48959228cf6d55a7335ac9dcc6ac0f158063addd54,improved_campaign_offspring,C000512,,1,connected_region_repaint:small,0.022222222222222223,"[126,135,136,146,156]",5,L-SEED,completed,valid,[],,0.10923527033622768,8.87508264198039,B1,2026-08-07T22:21:38.237+02:00,2026-08-07T22:21:38.237+02:00,2026-08-07T22:27:07.188+02:00
542,C000542,improved_dataset_1000_20260807_001,17,542,"[2,2,2,2,0,2,0,0,0,0,2,2,2,2,0,2,2,0,0,0,2,2,2,2,0,0,2,2,2,2,2,2,2,0,0,2,2,0,0,0,0,0,0,0,2,2,2,0,0,0,0,0,0,0,0,2,2,2,0,0,0,0,0,0,0,0,0,0,0,0,0,0,0,2,0,0,0,0,0,0,0,0,2,2,2,0,0,0,0,0,2,0,2,2,2,2,1,1,1,0,2,2,2,2,2,2,2,2,1,1,2,2,2,2,2,0,1,1,1,1,2,2,2,2,2,0,1,1,1,1,2,2,2,0,0,1,1,1,1,1,0,0,1,1,1,0,1,1,1,1,1,1,1,1,1,0,1,1,1,1,1,1,1,1,1,1,1,1,1,1,1,1,1,1,1,1,1,1,1,1]",18f18585a3a46737154eef5bbb9255478b017119f5cdfb8f138764c6ffd0363c,aff03814e434c8847c33adc285833d28baf8eb9837af2a6598ccd1eb87b99ae5,improved_campaign_offspring,C000512,,2,connected_region_repaint:large,0.12777777777777777,"[14,24,25,33,34,42,43,51,52,53,54,60,61,62,63,64,65,66,71,72,74,75,76,80,81,85,86]",27,L-SEED,completed,valid,[],,0.11487596764279284,8.804536543429759,B1,2026-08-07T22:21:38.366+02:00,2026-08-07T22:21:38.366+02:00,2026-08-07T22:27:07.195+02:00
543,C000543,improved_dataset_1000_20260807_001,17,543,"[2,2,1,1,0,1,0,0,0,0,2,1,1,1,1,1,1,0,0,0,2,1,1,1,1,1,1,1,1,0,1,1,1,1,1,1,1,0,0,0,0,1,1,1,1,1,0,0,0,0,0,1,0,1,1,0,0,0,0,0,1,1,1,1,1,1,1,1,1,0,1,1,1,1,1,1,1,1,1,1,1,1,1,1,1,1,1,1,0,0,0,1,1,1,2,2,1,1,1,0,0,0,0,1,2,2,2,2,1,1,0,0,0,2,2,0,1,1,1,1,0,0,0,2,2,0,1,1,1,1,0,0,0,0,0,1,1,1,1,1,0,0,0,0,0,0,1,1,1,1,1,1,0,1,0,1,1,1,1,1,1,1,1,1,0,1,1,1,1,1,1,1,1,1,1,1,1,1,1,1]",37927aabd428a009cdeef5bf6bbae4ea542d334c6284a0fe74610fa2925ca140,3350976bc40eb216c30f03d6099316a91f36b29ca55a04afb591c0e9d318a679,improved_campaign_offspring,C000365,,3,connected_region_repaint:medium,0.06666666666666667,"[90,100,101,102,110,111,112,120,121,122,130,131,132]",13,L-SEED,completed,valid,[],,0.2599634879041531,9.87679957148703,B1,2026-08-07T22:21:38.502+02:00,2026-08-07T22:21:38.502+02:00,2026-08-07T22:27:07.202+02:00
544,C000544,improved_dataset_1000_20260807_001,17,544,"[2,2,2,2,2,2,2,1,1,0,2,2,2,2,2,2,1,1,1,0,2,2,2,2,2,1,1,1,1,0,0,0,2,2,2,1,1,1,1,1,0,0,0,0,2,1,1,1,1,1,0,0,0,0,2,0,2,2,2,1,0,0,0,0,2,2,2,2,2,1,0,0,0,2,2,0,1,1,1,1,0,0,0,0,0,0,1,1,1,1,0,0,0,0,0,0,1,1,1,1,0,0,0,0,0,0,1,1,1,1,0,0,0,0,0,0,1,1,1,1,0,0,0,0,0,0,1,0,1,1,0,0,0,0,0,0,0,0,1,1,0,0,0,0,0,0,0,0,0,1,0,0,0,0,0,0,0,0,0,1,0,0,0,0,0,0,0,0,1,1,0,0,0,0,0,0,0,0,1,1]",f567c3ec0d8177b8f4fe96d2bb595454664336694d13c1f36c5894af8c0e9b08,74d01357c1bc0ff3e80911931d745e34a9140ee55c78c6dd27282988c3134466,improved_campaign_offspring,C000393,,4,connected_region_repaint:small,0.022222222222222223,"[64,65,73,74]",4,L-SEED,completed,valid,[],,0.5119444664571917,4.867393241929685,B2,2026-08-07T22:21:38.627+02:00,2026-08-07T22:21:38.627+02:00,2026-08-07T22:27:07.208+02:00
545,C000545,improved_dataset_1000_20260807_001,17,545,"[2,2,2,2,2,2,2,2,0,0,0,2,2,2,2,2,2,1,1,0,0,2,2,2,2,2,2,2,1,0,0,2,2,2,0,1,1,1,1,0,0,2,2,2,0,1,1,1,1,1,0,2,2,2,2,1,1,1,1,0,2,2,0,0,0,0,0,1,1,1,2,0,0,0,0,1,1,1,1,1,2,0,0,0,1,1,0,1,1,1,1,1,1,1,1,1,0,0,1,1,2,2,1,1,1,0,0,0,1,1,2,2,2,2,2,0,1,1,1,1,2,0,2,2,2,2,1,1,1,1,2,2,2,2,2,1,1,1,1,1,2,2,0,0,1,1,1,1,1,1,0,0,0,0,1,1,1,1,1,1,0,0,0,0,0,1,1,1,1,1,0,0,0,0,1,1,1,1,1,1]",aad25f72d37684a5794b415897e465b87b96e77f36468b8598c3eb7f39e0d6b5,65c2f7b7c98a4a84038b203969de88d6eed1e35d38664c8dcfa68a7b6a4eb409,improved_campaign_offspring,C000452,,5,boundary_growth:small,0.005555555555555556,"[62,72,82,83]",4,L-SEED,completed,valid,[],,0.40713519801659914,5.7264694693228435,B1,2026-08-07T22:21:38.756+02:00,2026-08-07T22:21:38.756+02:00,2026-08-07T22:27:07.215+02:00
546,C000546,improved_dataset_1000_20260807_001,17,546,"[2,1,1,1,1,1,1,1,1,1,2,1,1,1,1,1,1,1,1,1,2,2,2,0,0,1,1,1,1,1,2,0,2,2,0,1,1,1,1,1,2,0,0,0,0,1,1,1,1,1,2,2,0,0,0,0,1,1,1,1,0,0,0,0,0,1,1,1,1,1,0,0,0,0,0,0,1,1,1,1,0,0,0,0,0,1,1,1,1,1,0,0,0,0,1,1,1,1,1,1,0,0,0,0,1,1,1,1,1,1,0,0,0,0,1,1,1,1,1,1,0,0,0,0,0,1,1,0,1,1,0,0,0,0,0,0,0,0,1,1,0,0,0,0,0,0,0,0,0,1,0,0,0,0,0,0,0,0,0,1,0,0,0,0,0,0,0,0,1,1,0,0,0,0,0,0,0,0,1,1]",3cd38c9baca727a6847ff6e73d76c8d1ca9becc2b05ebbae44781bdebe18c902,aba64e7704f7bffc960d2e8d73a806e2b73d0957dd878f5ffc2aa2cefe176c8b,improved_campaign_offspring,C000519,,1,connected_region_repaint:medium,0.06111111111111111,"[82,83,91,92,93,100,101,102,103,110,111,112,113,121,122,123,124,132,133,134,135,142,143,144,145,152,153]",27,L-SEED,completed,valid,[],,0.6814893277591909,2.8052532193626267,B3,2026-08-07T22:27:07.537+02:00,2026-08-07T22:27:07.537+02:00,2026-08-07T22:31:20.745+02:00
547,C000547,improved_dataset_1000_20260807_001,17,547,"[0,0,0,0,0,0,0,0,0,0,0,0,0,0,0,0,0,1,0,0,0,0,1,0,0,0,1,1,0,0,0,0,1,1,0,1,1,0,0,0,0,1,1,1,1,1,1,2,0,0,0,0,0,1,1,1,1,2,2,0,0,1,1,1,1,1,2,2,2,2,1,1,1,1,1,1,1,1,2,2,0,0,1,1,1,1,1,1,2,2,1,1,1,1,1,2,1,1,1,1,2,0,1,2,2,2,1,1,1,1,2,0,0,2,2,2,1,1,1,1,2,2,0,2,2,2,1,1,1,1,2,2,2,0,2,0,0,1,1,1,0,0,0,0,0,0,0,1,0,1,0,0,0,0,0,0,0,0,0,1,0,0,0,0,0,0,0,0,1,1,0,0,0,0,0,0,0,0,1,1]",26c58d514e2dba29fc4c97da9faa632460e52d691b1b6cb770a6687508c10e6e,c3c757e5f6b04cd1e97acd62d8186685773a0db948d1de946803d4e307c14895,improved_campaign_offspring,C000370,,2,boundary_growth:small,0.016666666666666666,"[127,137,147]",3,L-SEED,completed,valid,[],,0.0565810372536851,10.768004635511836,B1,2026-08-07T22:27:07.675+02:00,2026-08-07T22:27:07.675+02:00,2026-08-07T22:31:20.752+02:00
548,C000548,improved_dataset_1000_20260807_001,17,548,"[0,0,0,0,0,0,0,0,0,0,0,0,0,0,0,0,0,0,0,0,0,0,0,0,0,0,0,0,0,0,0,2,2,2,0,0,0,0,0,0,0,2,0,2,0,0,0,0,0,0,0,0,0,2,0,0,0,0,0,0,0,0,0,2,0,0,0,0,0,0,0,0,0,0,0,0,0,0,0,0,1,0,0,0,0,0,0,0,0,0,1,1,0,0,0,0,0,0,0,0,1,1,0,1,0,0,0,0,0,0,1,1,1,1,1,0,0,0,0,0,1,1,1,1,1,0,0,0,0,0,1,1,1,1,1,1,2,0,0,0,0,0,1,1,1,1,2,2,2,2,0,0,1,1,1,1,2,2,0,2,1,1,1,1,0,1,2,2,2,2,1,1,2,2,2,2,1,1,2,2]",94318659e4c83339b353d22b22e41b78258a2770aa18740b6bbafa858c424730,00eae2d84bf5a85011c17d55edd50ffa31451dc96749754019cf37b896550b03,improved_campaign_offspring,C000020,,3,boundary_growth:small,0.022222222222222223,"[133,134]",2,L-SEED,completed,valid,[],,0.033209054011365,9.73114843936957,B1,2026-08-07T22:27:07.873+02:00,2026-08-07T22:27:07.873+02:00,2026-08-07T22:31:20.758+02:00
549,C000549,improved_dataset_1000_20260807_001,17,549,"[0,0,0,0,0,0,0,0,0,0,0,0,0,0,0,0,0,0,0,0,0,0,0,0,0,0,0,0,0,0,0,0,0,0,0,0,0,0,0,0,0,0,0,0,0,0,0,2,0,0,0,0,0,0,0,0,0,2,2,0,0,0,0,0,0,0,2,2,2,2,0,0,0,0,0,0,0,0,2,2,0,0,0,0,0,0,0,0,2,2,0,0,0,0,0,0,0,0,0,0,2,0,0,0,0,0,0,0,0,0,2,2,2,0,0,0,2,2,2,0,2,2,2,2,2,0,2,0,0,0,2,2,2,0,0,2,2,0,0,0,2,2,0,0,0,2,2,2,2,0,2,2,2,2,2,2,2,2,0,0,2,2,2,2,2,2,2,2,0,0,2,2,2,0,0,0,0,0,0,0]",4675302e44a03ab198e0783f07b8617b3d46099b9fda2725a8c622180b475f0c,540501041a62b32344413783833445a57113d5066d70f20c3f75cf1ae9cad634,improved_campaign_offspring,C000339,,4,connected_region_repaint:large,0.15555555555555556,"[116,117,118,126,135,136,145,146,147,148,151,152,153,154,155,156,157,160,161,162,163,164,165,166,167,170,171,172]",28,L-SEED,completed,valid,[],,0.0365884140807184,9.735422484490226,B1,2026-08-07T22:27:08.194+02:00,2026-08-07T22:27:08.194+02:00,2026-08-07T22:31:20.763+02:00
550,C000550,improved_dataset_1000_20260807_001,17,550,"[2,1,1,1,1,1,1,1,1,1,2,1,1,1,1,1,1,1,1,1,2,2,2,0,0,1,1,1,1,1,2,0,2,2,0,1,1,1,1,1,2,0,0,0,0,1,1,1,1,1,2,2,0,0,0,0,1,1,1,1,0,0,0,0,0,1,1,1,1,1,0,0,0,0,0,0,1,1,1,1,0,0,1,1,0,1,1,1,1,1,0,1,1,1,1,1,1,1,1,1,1,1,1,1,1,1,1,1,1,1,0,0,0,0,0,1,1,1,1,1,0,0,0,0,0,0,1,0,1,1,0,0,0,0,0,0,0,0,1,1,0,0,0,0,0,0,0,0,0,1,0,0,0,1,1,0,0,0,0,1,0,0,1,1,1,1,0,0,1,1,0,0,0,0,1,0,0,0,1,1]",f14536f4113de5fa1dd8a52bfde3417299d2b911d92b17cce8cd13bd7d6c5108,15da92a861fd57a0390d946bca2efc1139ff17d061ab38af460674b10e91f2b2,improved_campaign_offspring,C000520,,5,connected_region_repaint:medium,0.03888888888888889,"[153,154,162,163,164,165,174]",7,L-SEED,completed,valid,[],,0.9192198083944807,0.1262712396235252,B6,2026-08-07T22:27:08.314+02:00,2026-08-07T22:27:08.314+02:00,2026-08-07T22:31:20.769+02:00
551,C000551,improved_dataset_1000_20260807_001,17,551,"[0,0,0,0,0,0,2,2,0,0,0,2,0,0,0,0,2,2,2,0,0,2,2,2,0,0,2,2,2,0,0,2,2,2,0,2,2,2,2,2,0,2,2,2,0,2,2,2,2,2,0,0,0,0,0,0,2,2,2,0,0,0,0,0,0,0,2,2,2,2,0,0,0,0,0,0,2,2,2,2,0,0,0,0,0,0,0,2,2,2,0,0,0,0,0,0,0,0,2,2,2,2,2,2,2,2,0,0,0,0,2,2,2,2,2,0,0,0,0,0,2,0,2,2,2,2,0,0,0,0,2,2,2,2,2,0,0,0,0,0,2,2,0,0,0,0,0,0,0,0,0,0,0,0,0,0,0,0,0,0,1,0,0,1,0,0,0,0,0,0,1,0,0,1,1,0,0,0,1,1]",0b90ca2151f054f0ec1cdfaf44dfca10f815b5e4244bca57454d874d062b1a25,dca3aa3c775bd12c400e2d6bebc777dbf46a8c8d38048c7cb7b9d2bde9dc34d6,improved_campaign_offspring,C000373,,1,rectangular_patch:large,0.16666666666666666,"[51,52,53,54,55,60,61,63,64,65,70,74,75,80,82,83,84,85,90,91,92,93,94,95]",24,L-SEED,completed,valid,[],,0.05050114244787462,9.496070439176231,B1,2026-08-07T22:31:21.093+02:00,2026-08-07T22:31:21.093+02:00,2026-08-07T22:34:41.659+02:00
552,C000552,improved_dataset_1000_20260807_001,17,552,"[2,1,1,1,1,1,1,1,1,1,2,1,1,1,1,1,1,1,1,1,2,2,2,2,2,1,1,1,1,1,2,2,2,2,2,1,1,1,1,1,2,2,2,2,2,1,1,1,1,1,2,2,2,2,2,2,1,1,1,1,2,2,2,2,2,2,1,1,1,1,2,2,2,2,2,2,1,1,1,1,2,2,2,2,2,2,1,1,1,1,0,2,2,2,2,0,1,1,1,1,0,0,2,2,2,0,1,1,1,1,0,0,0,0,0,0,1,1,1,1,0,0,0,0,0,0,0,1,1,1,0,0,0,1,0,0,0,1,1,1,0,0,0,1,1,1,1,1,1,1,0,0,1,1,1,1,1,1,1,1,0,0,0,0,1,1,1,1,1,1,0,0,0,0,1,1,1,1,1,1]",8ea31b838589dd57adaf16f28fd706ff215a3fa078f7ee05afc44ca6aef418ee,51ad48b45cb6117b93740b7415a1c547edfdf6e75c0bf3d2b9983c229efd02d6,improved_campaign_offspring,C000433,,2,boundary_growth:small,0.016666666666666666,"[125,126,135]",3,L-SEED,completed,valid,[],,0.7779552354202651,1.7324288659418523,B4,2026-08-07T22:31:21.225+02:00,2026-08-07T22:31:21.225+02:00,2026-08-07T22:34:41.664+02:00
553,C000553,improved_dataset_1000_20260807_001,17,553,"[0,0,0,2,2,2,2,2,0,0,0,0,0,2,2,2,2,2,2,0,0,0,0,0,0,2,2,2,2,0,0,0,0,0,0,2,2,2,2,2,0,0,0,0,0,2,2,2,2,2,0,0,0,0,0,0,0,2,2,0,0,0,0,0,0,0,0,2,2,2,0,0,0,0,0,0,0,0,0,2,0,0,0,0,0,0,0,2,2,2,0,0,0,0,0,0,0,0,2,2,0,0,0,0,0,0,0,0,0,0,0,0,0,0,0,0,0,0,0,0,0,0,0,0,0,0,0,0,0,0,0,0,0,0,0,0,0,0,0,0,0,0,0,0,0,0,0,0,0,0,0,0,0,0,0,0,0,0,0,0,0,1,1,0,0,0,0,1,0,1,0,0,1,0,0,0,0,1,1,1]",15f2ff7e44a81280dd8eaafee0511ddcdd40e588cee3dbd91ef9fbf80975ece0,2398b4338fcc826849fadf849657a734eea2a759f3c789fb520fd1876169da7d,improved_campaign_offspring,C000435,,3,boundary_growth:medium,0.05555555555555555,"[0,1,2,11,12,21,22,23,24,31,32,33]",12,L-SEED,completed,valid,[],,0.04764175105861787,9.703668178402395,B1,2026-08-07T22:31:21.349+02:00,2026-08-07T22:31:21.349+02:00,2026-08-07T22:34:41.670+02:00
554,C000554,improved_dataset_1000_20260807_001,17,554,"[2,2,1,1,1,1,1,1,1,1,2,2,2,1,1,1,1,1,1,1,2,2,2,2,2,1,1,1,1,1,2,2,2,2,2,1,1,1,1,1,2,2,2,2,2,1,1,1,1,1,2,2,2,2,2,2,1,1,1,1,2,2,2,2,2,2,1,1,1,1,2,2,2,2,2,2,1,1,1,1,2,2,2,2,0,2,1,1,1,1,0,2,2,2,2,0,1,1,1,1,0,0,2,2,2,0,1,1,1,1,0,0,0,0,0,0,1,1,1,1,0,0,0,0,0,1,1,1,1,1,0,0,0,1,0,1,0,1,1,1,0,0,0,1,1,1,1,1,1,1,0,0,1,1,1,1,1,1,1,1,0,0,0,0,1,1,1,1,1,1,0,0,0,0,1,1,1,1,1,1]",d8c68dbc74e721ec0f8f91b09d03244c86f1f4559e8b84e10201bd437b162f5f,605372ee4b27f368d231d257c3cb1fb21f62c1d14cacfaddd2fa1ad9494a0db8,improved_campaign_offspring,C000492,,4,rectangular_patch:small,0.005555555555555556,[84],1,L-SEED,completed,valid,[],,0.7999569999146049,1.4378846965505039,B4,2026-08-07T22:31:21.467+02:00,2026-08-07T22:31:21.467+02:00,2026-08-07T22:34:41.677+02:00
555,C000555,improved_dataset_1000_20260807_001,17,555,"[2,1,1,1,1,1,1,1,1,1,2,1,1,1,1,1,1,1,1,1,2,2,2,2,2,1,1,1,1,1,2,2,2,2,2,1,1,1,1,1,2,2,2,2,2,1,1,1,1,1,2,2,2,2,2,2,1,1,1,1,2,2,2,2,2,2,1,1,1,1,2,2,2,2,2,2,1,1,1,1,2,2,2,2,2,2,1,1,1,1,1,2,2,2,2,1,1,1,1,1,1,1,2,2,2,1,1,1,1,1,1,1,1,1,1,1,1,1,1,1,1,1,1,1,1,1,1,1,1,1,1,1,1,1,1,1,0,1,1,1,1,1,1,1,1,1,1,1,1,1,1,1,1,1,1,1,1,1,1,1,1,1,1,1,1,1,1,1,1,1,1,1,1,1,1,1,1,1,1,1]",876bf26d4e85e1801d5ad45e832c26c36e6371778d548b8d90bf4b67ab55203a,9851bfa93d031b550fee87bf86016372329cb2b98cf32e7c7bd40aae0480fc31,improved_campaign_offspring,C000433,,5,connected_region_repaint:large,0.18333333333333332,"[90,95,100,101,105,110,111,112,113,114,115,120,121,122,123,124,130,131,132,134,140,141,142,150,151,160,161,162,163,170,171,172,173]",33,L-SEED,completed,valid,[],,0.9916517086486515,0.12356897006641382,B6,2026-08-07T22:31:21.679+02:00,2026-08-07T22:31:21.679+02:00,2026-08-07T22:34:41.683+02:00
556,C000556,improved_dataset_1000_20260807_001,17,556,"[0,0,0,0,0,0,0,0,0,0,2,2,0,0,0,0,0,0,0,0,2,0,0,0,0,0,0,0,0,0,2,2,2,2,0,0,0,0,0,0,2,2,0,0,0,0,0,0,0,0,2,0,0,0,0,0,0,0,0,0,2,2,0,0,0,0,0,0,0,0,0,0,0,0,0,0,0,0,0,0,0,0,0,0,0,0,0,0,0,0,2,0,0,0,2,2,0,0,0,0,2,2,0,0,2,2,2,2,0,2,2,2,0,0,2,0,2,2,2,2,2,2,0,0,2,0,2,2,2,2,2,2,1,0,0,1,1,2,2,2,0,0,1,1,1,1,1,1,1,1,1,1,1,1,1,1,1,1,1,1,1,1,1,1,1,1,1,1,1,1,1,1,1,1,1,1,1,1,1,1]",25c168cecdbc1fc213ac95d35c467a4f10c188af894560e4554a31fdb19a7b15,9ee5dbe2b1f771c6afd592ff3df70f8ea1689c917b07378c4475312b8c79a75f,improved_campaign_offspring,C000498,,1,connected_region_repaint:large,0.1111111111111111,"[14,24,25,34,42,43,44,45,46,47,51,52,53,54,55,56,57,63,64,73,74,75,76,83,84,85,86,87,93,94,95,96,97,98,99,104,105,106,107,108,109,114,116,117,118,119,124,126,127,128,129,137,138,139]",54,L-SEED,completed,valid,[],,0.06819975998161588,9.315728151431147,B1,2026-08-07T22:34:41.940+02:00,2026-08-07T22:34:41.940+02:00,2026-08-07T22:47:04.576+02:00
557,C000557,improved_dataset_1000_20260807_001,17,557,"[2,2,2,2,2,0,0,2,0,1,2,2,2,2,2,2,2,2,2,1,2,2,2,2,2,2,2,1,1,1,0,0,0,0,2,0,2,1,1,1,0,0,0,0,0,2,2,2,2,1,0,0,0,0,0,0,0,0,1,1,0,2,1,0,1,0,1,1,1,1,2,2,1,1,1,0,0,0,1,1,2,2,2,1,1,1,1,1,1,1,2,1,1,1,1,1,1,1,1,1,1,1,1,1,1,1,1,0,0,0,2,1,1,0,2,2,0,0,0,0,2,2,1,1,2,2,0,0,0,0,2,1,1,0,0,1,1,0,0,0,0,0,1,1,1,0,1,2,2,2,1,1,1,1,1,1,1,2,0,2,1,1,1,1,0,1,1,1,0,0,1,1,1,1,1,1,1,1,0,0]",d95a8664340012329f2865a24453786da58a7c1e856adf576eab96bfa05172ec,8405493e01cf535ff900efdba65e9ed6f3c38f65cdb6d5e73d4c6e2b59a56f2a,improved_campaign_offspring,C000528,,2,connected_region_repaint:small,0.016666666666666666,"[168,169,178,179]",4,L-SEED,completed,valid,[],,0.3525453779137342,7.529499036609849,B1,2026-08-07T22:34:42.067+02:00,2026-08-07T22:34:42.067+02:00,2026-08-07T22:47:04.585+02:00
558,C000558,improved_dataset_1000_20260807_001,17,558,"[2,2,2,2,0,2,0,0,0,0,2,2,2,2,2,2,2,0,0,0,2,2,2,2,2,2,2,2,2,2,2,2,2,2,2,2,2,0,0,0,0,0,0,0,0,0,0,0,0,0,0,0,0,0,0,0,0,0,0,0,0,0,0,0,0,0,0,0,0,0,0,0,0,0,0,0,0,0,0,0,0,0,0,0,0,0,0,0,0,0,2,0,0,0,0,2,0,0,0,0,2,2,2,0,2,2,2,2,0,0,2,2,2,2,2,2,2,2,0,0,2,2,2,2,2,2,2,0,0,0,2,2,2,0,0,2,2,0,0,0,0,0,2,0,0,2,0,0,0,0,2,2,2,1,2,2,2,0,0,1,2,2,2,1,1,2,1,0,0,1,2,2,1,1,1,0,1,1,0,1]",e3278c851bc4c46d0aa76c6b90488f14d82ab9dced83eea4d98f26e1a4d70c2f,80eb6750520aa738783b3f822ba8b72204e673e65781f7e401e2d56c14e310e4,improved_campaign_offspring,C000076,,3,boundary_growth:medium,0.06666666666666667,"[115,116,117,125,126,135,136,145,154,155,156,165]",12,L-SEED,completed,valid,[],,0.0760242560831869,9.245541805989637,B1,2026-08-07T22:34:42.197+02:00,2026-08-07T22:34:42.197+02:00,2026-08-07T22:47:04.594+02:00
559,C000559,improved_dataset_1000_20260807_001,17,559,"[0,0,0,0,0,0,0,0,0,0,0,0,0,0,0,0,0,0,0,0,0,0,0,0,0,0,0,0,0,0,0,2,2,2,0,0,0,0,0,0,0,2,2,2,0,0,0,0,0,0,0,2,2,2,0,0,0,0,0,0,0,0,0,2,0,2,2,2,2,2,0,0,0,0,0,2,2,2,2,2,0,0,0,0,0,2,0,2,2,2,0,0,0,0,0,2,0,0,2,2,0,0,0,0,1,1,1,1,1,1,0,0,0,0,0,0,1,1,1,1,0,0,0,0,0,0,1,1,1,1,0,0,0,0,0,1,1,1,1,1,0,0,1,1,1,1,1,1,1,1,1,1,1,1,0,1,1,1,1,1,1,1,1,1,1,1,1,1,1,1,1,1,1,1,1,1,1,1,1,1]",5121b1723e31c5731355ac7245174c2962db7ef5ae148af99589339a0f6e43c7,c85c04b19e566112668ddee364c3543cf1bc42c2fff5856765448f0c35ad7072,improved_campaign_offspring,C000197,,4,boundary_growth:small,0.022222222222222223,"[104,105,106,107]",4,L-SEED,completed,valid,[],,0.0667716766475696,9.317031128405185,B1,2026-08-07T22:34:42.321+02:00,2026-08-07T22:34:42.321+02:00,2026-08-07T22:47:04.606+02:00
560,C000560,improved_dataset_1000_20260807_001,17,560,"[0,0,0,0,0,0,0,0,0,0,2,2,0,0,0,0,0,0,0,0,2,0,0,0,0,0,0,0,0,0,2,2,2,2,0,0,0,0,0,0,0,2,0,0,0,0,0,0,0,0,0,0,0,0,0,0,0,0,0,0,0,0,0,0,0,0,0,0,0,0,0,2,2,2,2,2,2,2,0,0,0,2,2,2,2,2,2,2,0,0,2,2,2,2,2,2,2,2,1,1,2,2,2,2,2,2,2,2,1,1,2,2,2,2,2,2,2,2,1,1,2,2,2,2,2,0,1,1,1,1,2,2,1,0,0,1,0,0,1,1,0,0,1,1,1,1,0,1,1,1,1,1,1,1,1,1,1,1,1,1,1,1,1,1,1,1,1,1,1,1,1,1,1,1,1,1,1,1,1,1]",2b2c1bf6b03fd4595fb8bcfb02cf9af986b43a5457d6d4087396c6f04c2ea55a,d0203f0c787f11c7e984d5a1200bd1f8c3e01ff11e4a6caac5c5742e7fad1495,improved_campaign_offspring,C000527,,5,rectangular_patch:small,0.016666666666666666,"[136,137,146]",3,L-SEED,completed,valid,[],,0.10083103149344297,8.955019356593468,B1,2026-08-07T22:34:42.441+02:00,2026-08-07T22:34:42.441+02:00,2026-08-07T22:47:04.625+02:00
561,C000561,improved_dataset_1000_20260807_001,17,561,"[2,2,2,2,2,2,2,2,2,2,0,2,2,2,2,2,2,2,2,2,0,2,2,2,2,2,2,2,2,2,0,2,2,2,2,2,2,2,2,2,0,2,2,2,2,2,2,2,2,2,0,2,2,2,2,2,2,2,2,2,2,2,2,2,2,2,2,2,2,0,2,0,2,0,2,2,2,2,2,0,2,0,2,2,0,2,2,2,0,0,0,0,0,0,0,2,2,2,2,0,2,2,0,0,0,2,2,2,2,2,2,2,2,2,2,0,0,2,2,2,2,0,2,2,2,2,2,2,2,2,2,1,1,1,2,2,2,1,2,2,2,2,1,0,0,0,2,1,2,1,1,1,1,1,2,2,2,1,1,1,1,1,1,1,2,1,2,1,1,1,1,1,1,1,1,1,2,1,1,1]",3b6265fdadd51712e6187d532bba36576aa4e8e1fda8c000cae6b6db7d509825,787f92551c933d117980dc63a4607d8f6e315787945595b95ff1cc64d1e3acc0,improved_campaign_offspring,C000534,,1,connected_region_repaint:small,0.016666666666666666,"[131,132,133]",3,L-SEED,completed,valid,[],,0.06166674139858515,9.400231661718129,B1,2026-08-07T22:47:05.714+02:00,2026-08-07T22:47:05.714+02:00,2026-08-07T22:52:03.382+02:00
562,C000562,improved_dataset_1000_20260807_001,17,562,"[0,0,0,0,0,0,0,0,0,0,0,0,0,0,0,0,0,0,0,0,0,0,0,0,0,0,0,0,0,0,0,0,0,2,0,0,2,0,0,0,0,0,2,2,2,2,2,2,0,0,2,0,0,2,2,2,2,0,0,0,2,0,2,2,2,2,2,0,0,0,2,2,2,2,2,2,0,0,0,0,2,2,2,2,2,2,0,0,0,0,2,2,2,2,2,1,1,1,1,0,2,2,2,2,2,2,1,1,1,1,2,2,2,1,1,1,1,1,1,1,2,2,2,1,1,1,1,0,1,1,2,2,2,1,1,2,2,2,1,1,0,0,0,0,2,2,2,2,2,1,0,0,0,0,0,2,0,2,2,1,0,0,0,0,2,2,2,2,1,1,0,0,0,2,2,2,2,2,1,1]",1bc5502681c34939a2a37a41edbedb82d16e95d08d1d01f54c7c34997b95d833,f8f7440b319805839216a995c856e8a48d733379142e61ad8f5de884b7024c64,improved_campaign_offspring,C000533,,2,rectangular_patch:medium,0.05555555555555555,"[113,114,115,123,124,125,126,133,134]",9,L-SEED,completed,valid,[],,0.11372256602607302,8.780899439877722,B1,2026-08-07T22:47:06.054+02:00,2026-08-07T22:47:06.054+02:00,2026-08-07T22:52:03.390+02:00
563,C000563,improved_dataset_1000_20260807_001,17,563,"[2,2,2,1,1,1,1,1,1,1,2,2,1,1,1,1,1,1,1,1,2,2,2,2,2,1,1,1,0,0,2,2,2,2,2,1,1,1,1,0,2,2,2,2,2,1,1,1,1,0,2,2,2,2,2,2,1,1,1,1,2,2,2,2,2,2,1,1,1,1,2,2,2,2,2,2,1,1,1,1,2,2,2,2,2,2,1,1,1,1,2,2,2,2,2,0,1,0,1,1,2,2,2,0,2,0,0,0,1,1,2,2,2,0,0,0,0,1,1,1,2,2,2,0,0,0,0,0,1,1,2,2,2,0,0,0,0,0,1,1,0,0,0,0,0,0,0,0,0,1,0,0,0,0,0,0,0,0,0,1,0,0,0,0,0,0,0,0,1,1,0,0,0,0,0,0,0,0,1,1]",c7b1280b34d02e5f8ed8fa42b2bc6f1f1bcadd7d6d9b627e81f70bae1d2666c2,d341fac0df6b51b6f500daddb38b4f03aefd4387cb3a411962f45e801977b412,improved_campaign_offspring,C000503,,3,connected_region_repaint:medium,0.027777777777777776,"[97,106,107,116,126]",5,L-SEED,completed,valid,[],,0.6449785995871524,3.433276396624543,B3,2026-08-07T22:47:06.458+02:00,2026-08-07T22:47:06.458+02:00,2026-08-07T22:52:03.401+02:00
564,C000564,improved_dataset_1000_20260807_001,17,564,"[2,0,0,0,0,0,0,0,0,0,2,0,0,0,0,0,0,0,0,0,2,2,2,2,2,2,2,0,0,0,0,0,2,2,2,2,2,0,0,0,0,0,0,2,2,2,0,0,0,0,0,0,0,0,0,0,0,0,0,0,0,0,0,0,0,0,0,2,0,0,0,0,0,0,0,2,0,2,0,0,0,0,0,0,0,2,2,2,2,0,0,0,0,0,0,2,2,2,2,2,2,0,0,0,0,2,2,2,1,1,2,2,2,0,2,2,2,1,1,1,2,2,2,2,2,2,2,2,1,1,2,2,2,2,2,2,2,2,1,1,2,2,2,2,2,2,2,2,2,1,2,2,2,2,2,2,2,2,2,1,2,2,2,2,2,2,2,2,1,1,0,2,2,2,2,2,2,0,1,1]",6be4b3ea6419cd3f4c69c63126878c5127d54876e7d442a91f16d863c6025b4e,c7785909bf779a75290c359fb3debead30edd179a012c2fc774665ac6ddfb281,improved_campaign_offspring,C000442,,4,rectangular_patch:medium,0.07777777777777778,"[74,83,91,92,93,94,101,102]",8,L-SEED,completed,valid,[],,0.08729382442452809,9.133227330971387,B1,2026-08-07T22:47:06.659+02:00,2026-08-07T22:47:06.659+02:00,2026-08-07T22:52:03.409+02:00
565,C000565,improved_dataset_1000_20260807_001,17,565,"[2,0,0,0,0,0,0,0,0,0,2,0,0,0,0,0,0,0,0,0,2,2,2,2,2,2,2,0,0,0,0,0,2,2,2,2,2,0,0,0,0,0,0,2,2,2,0,0,0,0,0,0,0,0,0,0,0,0,0,0,0,0,0,0,0,0,0,2,0,0,0,0,0,0,2,2,0,2,0,0,0,0,0,2,0,2,2,2,2,0,0,2,2,2,2,2,2,0,2,2,2,2,2,0,0,2,2,0,1,1,2,2,2,0,2,2,2,1,1,1,2,2,2,2,2,2,2,2,1,1,2,2,2,2,2,2,2,2,1,1,2,2,2,2,2,2,2,2,2,1,2,2,2,2,2,2,2,2,2,1,2,2,2,2,2,2,2,2,1,1,0,2,2,2,2,2,2,0,1,1]",1d44348dc5c7e4ec5cf8b554b1f45dea31ee17e6ad58caae6827a18e400d54ad,a6bf18f101405e2bbd17bc8316dca82195657d14d6ebf899a4f988cbd827f84c,improved_campaign_offspring,C000442,,5,connected_region_repaint:small,0.011111111111111112,"[97,107]",2,L-SEED,completed,valid,[],,0.0894844422860247,9.099324126445271,B1,2026-08-07T22:47:06.857+02:00,2026-08-07T22:47:06.857+02:00,2026-08-07T22:52:03.418+02:00
566,C000566,improved_dataset_1000_20260807_001,17,566,"[0,2,2,2,2,2,2,2,0,0,2,2,2,2,2,2,2,2,2,0,2,2,2,2,2,2,2,2,2,0,2,2,2,2,2,0,0,0,0,0,2,2,2,2,2,0,2,2,2,2,0,2,2,2,2,2,0,0,2,0,0,2,2,2,2,2,0,0,2,2,0,1,2,2,2,0,2,2,2,2,1,1,0,0,0,0,0,2,2,2,1,1,1,1,0,0,0,0,0,2,1,1,1,1,1,0,0,0,0,0,1,1,1,1,0,0,0,0,0,0,1,1,0,1,0,1,0,0,0,0,1,1,1,1,1,1,1,0,0,0,1,1,1,1,1,1,0,0,0,0,1,1,1,0,1,0,0,0,0,0,1,1,1,0,0,0,0,1,0,1,1,1,1,0,0,0,0,1,1,1]",908fdcbdeaedfb3a0b3e8b40938c01d976b3a4e679de1fbd7e86c800006010bc,5e0335aa3e2588ba018f2003d27623fca187f3ed8179739292f5f4f931c9c827,improved_campaign_offspring,C000540,,1,boundary_growth:small,0.011111111111111112,"[35,36]",2,L-SEED,completed,valid,[],,0.09204696691391391,9.038072192003984,B1,2026-08-07T22:52:03.873+02:00,2026-08-07T22:52:03.873+02:00,2026-08-07T22:58:58.471+02:00
567,C000567,improved_dataset_1000_20260807_001,17,567,"[2,2,2,2,2,2,0,0,0,0,0,2,2,2,0,0,0,0,0,0,0,2,2,2,0,0,0,0,0,0,0,2,2,2,0,0,0,2,2,2,0,0,0,0,0,2,2,2,2,2,0,0,0,2,2,2,2,2,0,0,0,0,0,0,0,2,2,2,0,2,0,0,0,0,0,0,0,2,0,2,0,0,0,0,0,0,0,0,0,2,0,0,0,2,0,0,0,0,2,2,0,0,2,2,2,2,2,2,0,0,0,0,0,0,2,2,2,0,0,0,2,0,0,2,2,2,2,2,0,0,2,2,2,2,2,2,2,2,0,0,0,0,2,2,1,1,2,2,1,1,0,0,1,0,1,1,2,1,1,1,0,1,1,1,1,1,1,1,1,1,1,1,1,1,1,1,1,1,1,1]",b43c9d5a6b8d0f736b766c6da891426fa4a87bfe126bb1a3f4f6fb065feae8ab,57faf9054a0f51f9417d754bcf0a71bc7712d0b39ea0e0e3611a3177a2bbbc4c,improved_campaign_offspring,C000507,,2,connected_region_repaint:small,0.022222222222222223,"[90,91,92,100]",4,L-SEED,completed,valid,[],,0.06161614435216824,9.425144528846397,B1,2026-08-07T22:52:04.072+02:00,2026-08-07T22:52:04.072+02:00,2026-08-07T22:58:58.478+02:00
568,C000568,improved_dataset_1000_20260807_001,17,568,"[0,2,2,2,2,2,2,2,0,0,2,2,2,2,2,2,2,2,2,0,2,2,2,2,2,2,2,2,2,0,2,2,2,2,2,2,2,0,0,0,2,2,2,2,2,0,2,2,2,2,0,2,2,2,2,2,0,0,2,0,1,1,2,2,2,2,0,0,2,2,0,1,2,2,2,0,2,2,2,2,1,1,0,0,0,0,0,2,2,2,1,1,1,1,0,0,0,0,0,2,1,1,1,1,1,0,0,0,0,0,1,1,1,1,0,0,0,0,0,0,1,1,0,1,0,1,0,0,0,0,1,1,1,1,1,1,1,0,0,0,1,1,1,1,1,1,0,0,0,0,1,1,1,0,1,0,0,0,0,0,1,1,1,0,0,0,0,1,0,1,1,1,1,0,0,0,0,1,1,1]",1bf20a4237138c2bc8f9bbdb009045ca4812c67b626113e84212d5c334e22ea4,e2bf2988196fa2958d6dee8b1d801a64479a3a8feeaf2b38ccf9bb384166b028,improved_campaign_offspring,C000540,,3,rectangular_patch:small,0.011111111111111112,"[60,61]",2,L-SEED,completed,valid,[],,0.0942467670787589,9.020950042876603,B1,2026-08-07T22:52:04.256+02:00,2026-08-07T22:52:04.257+02:00,2026-08-07T22:58:58.486+02:00
569,C000569,improved_dataset_1000_20260807_001,17,569,"[2,2,2,2,2,2,2,2,0,0,0,2,2,2,2,2,1,2,1,0,0,2,2,2,2,2,1,1,1,1,0,2,2,2,0,2,2,1,0,1,0,2,2,2,0,1,1,1,1,1,0,2,2,2,2,2,2,1,1,0,0,2,2,2,2,2,2,1,1,0,0,1,2,0,0,1,1,1,1,0,1,1,0,0,0,0,1,1,1,0,1,1,1,1,0,0,1,1,1,1,1,1,1,1,1,1,1,1,1,1,1,1,1,1,1,1,1,1,1,1,1,1,0,1,1,1,1,1,1,1,1,0,0,0,1,1,1,1,1,1,1,0,0,0,0,1,0,1,1,1,1,0,1,0,0,0,0,0,1,1,1,0,1,1,0,0,0,0,0,0,1,1,1,1,1,0,0,0,0,0]",ce51c80eb8cbaa89ca6dcd14b0ae5eafd58b6f7d303f3355ab0a9c5f322bfb32,02c3030b84e18eacfdd77dbe52c90c84cc525b1ddcdb8b300e4543aa3ad32eae,improved_campaign_offspring,C000479,,4,connected_region_repaint:medium,0.05,"[131,132,133,141,142,143,144,151,161]",9,L-SEED,completed,valid,[],,0.45728170253895867,5.225397777678526,B1,2026-08-07T22:52:04.444+02:00,2026-08-07T22:52:04.444+02:00,2026-08-07T22:58:58.494+02:00
570,C000570,improved_dataset_1000_20260807_001,17,570,"[0,0,0,0,0,0,0,0,0,0,0,0,0,0,0,0,0,0,2,0,0,0,0,0,2,0,0,2,2,0,0,0,0,0,2,0,2,2,0,0,0,2,0,2,2,2,2,2,0,0,0,2,2,2,2,2,2,0,0,0,0,2,2,2,0,2,2,2,2,0,0,2,0,0,0,0,1,1,2,2,0,0,0,0,0,0,1,1,2,2,0,0,0,0,0,0,1,1,1,1,2,0,0,0,0,0,1,1,1,1,2,2,0,0,0,0,1,1,1,1,2,2,2,2,0,0,1,0,1,1,2,2,2,2,0,0,2,2,1,1,0,0,0,2,2,2,0,2,0,1,0,0,0,2,0,0,0,2,2,1,0,0,0,0,0,0,0,2,1,1,0,0,0,0,0,0,0,2,1,1]",13e41aefdbb895d0b23b8c9a000a41a60a927a19c92b563c0f74069cd2286e3e,e6ef188fc4b1580e54dadfcbbabacab94e4cfe6802ff4e261706257fba14974c,improved_campaign_offspring,C000299,,5,connected_region_repaint:small,0.022222222222222223,"[38,48,57,58]",4,L-SEED,completed,valid,[],,0.11194547892728804,8.804762804677416,B1,2026-08-07T22:52:04.742+02:00,2026-08-07T22:52:04.742+02:00,2026-08-07T22:58:58.503+02:00
571,C000571,improved_dataset_1000_20260807_001,18,571,"[0,1,1,1,1,1,1,1,1,1,0,1,1,0,1,1,1,1,1,1,0,0,0,0,0,1,1,1,1,1,0,2,2,2,0,1,1,1,1,1,0,2,2,2,0,1,1,1,1,1,0,2,2,2,0,1,1,1,1,1,2,2,2,2,2,1,1,1,1,1,2,2,2,2,2,1,1,1,1,1,2,2,2,2,2,1,1,1,1,1,2,2,2,2,2,1,1,1,1,1,2,2,2,2,2,1,1,1,1,1,2,2,2,2,2,1,1,1,1,1,2,2,2,2,2,1,1,1,1,1,0,2,2,0,0,1,1,1,1,1,0,0,1,1,1,1,1,1,1,1,1,1,1,1,1,1,1,1,1,1,1,0,1,1,1,1,1,1,1,1,1,1,1,1,1,1,1,1,1,1]",7a658be93e47f0dff6d99ed0eb907f54d39ced4c767612f80d550d22839148dc,5ab2221b9e64fe4fd3305e331b8fbd94025cc7c80bdf1b24704a08bff9edb286,improved_campaign_offspring,C000513,,1,rectangular_patch:small,0.005555555555555556,[161],1,L-SEED,completed,valid,[],,0.9828483925925368,0.08164617430133846,B6,2026-08-07T22:58:59.119+02:00,2026-08-07T22:58:59.119+02:00,2026-08-07T23:05:45.421+02:00
572,C000572,improved_dataset_1000_20260807_001,18,572,"[0,1,1,1,1,1,1,1,1,1,0,1,1,0,1,1,1,1,1,1,0,0,0,0,0,1,1,1,1,1,0,2,2,2,0,1,1,1,1,1,0,2,2,2,0,1,1,1,1,1,0,2,2,2,0,1,1,1,1,1,2,2,2,2,2,1,1,1,1,1,2,2,2,2,2,1,1,1,1,1,2,2,2,2,2,1,1,1,1,1,2,2,2,2,2,1,1,1,1,1,2,2,2,2,2,1,1,1,1,1,2,2,2,2,2,1,1,1,1,1,2,2,2,2,2,1,1,1,1,1,0,2,2,0,0,1,1,1,1,1,0,0,0,1,1,1,1,1,1,1,1,1,1,1,1,1,1,1,1,1,1,1,1,1,1,1,1,1,1,1,1,1,1,1,1,1,1,1,1,1]",e9c47654244beb26db024d82d3e88944a0d1f2565b75f548f7c6a5b1fa4393fc,ec0390ba63b2adc8f5a614b15e869987794cb72c9bb5910f6ad59f93bf69bea5,improved_campaign_offspring,C000513,,2,rectangular_patch:small,0.005555555555555556,[142],1,L-SEED,completed,valid,[],,0.9839949850661208,0.07899752395031717,B6,2026-08-07T22:58:59.319+02:00,2026-08-07T22:58:59.320+02:00,2026-08-07T23:05:45.428+02:00
573,C000573,improved_dataset_1000_20260807_001,18,573,"[0,1,1,1,1,1,1,1,1,1,0,1,1,0,1,1,1,1,1,1,0,0,0,0,0,1,1,1,1,1,0,2,2,2,0,1,1,1,1,1,0,2,2,2,0,1,1,1,1,1,0,2,2,2,0,1,1,1,1,1,2,2,2,2,2,1,1,1,1,1,2,2,2,2,1,1,1,1,1,1,2,2,1,1,1,1,1,1,1,1,2,2,1,2,1,1,1,1,1,1,2,2,2,2,1,1,1,1,1,1,2,2,2,2,2,1,1,1,1,1,2,2,2,2,2,1,1,1,1,1,0,2,2,0,0,1,1,1,1,1,0,0,1,1,1,1,1,1,1,1,1,1,1,1,1,1,1,1,1,1,1,1,1,1,1,1,1,1,1,1,1,1,1,1,1,1,1,1,1,1]",96b2e31b926c8245f28f79519ea2de83a14b42f20786d6644c04b108f3ebae54,f2d39ddd75c7cea3bed140c82ba0e6a09a91d4c7f8571683bca08dac7f994d52,improved_campaign_offspring,C000513,,3,boundary_growth:medium,0.03888888888888889,"[74,82,83,84,92,94,104]",7,L-SEED,completed,valid,[],,0.9846593981822331,0.08232246243740417,B6,2026-08-07T22:58:59.510+02:00,2026-08-07T22:58:59.510+02:00,2026-08-07T23:05:45.435+02:00
574,C000574,improved_dataset_1000_20260807_001,18,574,"[0,1,1,1,1,1,1,1,1,1,0,1,1,0,1,1,1,1,1,1,0,0,0,0,0,1,1,1,1,1,0,2,2,2,0,1,1,1,1,1,0,2,2,2,0,1,1,1,1,1,0,2,2,2,0,1,1,1,1,1,2,2,2,2,2,1,1,1,1,1,2,2,2,2,2,1,1,1,1,1,2,2,2,2,2,1,1,1,1,1,2,2,2,2,2,1,1,1,1,1,2,2,2,2,2,1,1,1,1,1,2,2,2,2,2,1,1,1,1,1,2,2,2,2,2,1,1,1,1,1,0,2,2,0,0,1,1,1,1,1,0,0,1,1,1,1,1,1,1,1,1,1,1,1,1,1,1,2,1,2,1,1,1,1,1,2,2,2,2,2,1,1,1,1,2,2,2,1,1,2]",59a63b0545e90ecff9f9348e57cf5c50b45326ab3591f243dd96015eea359330,d995b1b92170f161717ad21931471ceb3a8183376d416f5f677a759f6b30f00f,improved_campaign_offspring,C000513,,4,connected_region_repaint:medium,0.06111111111111111,"[157,159,165,166,167,168,169,174,175,176,179]",11,L-SEED,completed,valid,[],,0.7302028473443706,2.1803714811149533,B4,2026-08-07T22:58:59.696+02:00,2026-08-07T22:58:59.696+02:00,2026-08-07T23:05:45.443+02:00
575,C000575,improved_dataset_1000_20260807_001,18,575,"[2,2,2,2,2,2,2,2,0,0,0,2,0,0,0,0,0,0,0,0,0,2,0,0,0,0,0,0,0,0,0,2,0,0,0,0,0,0,0,0,0,2,0,0,0,0,0,0,0,0,0,2,0,0,0,0,0,0,0,0,2,2,2,2,2,2,2,0,0,0,2,0,2,0,2,0,0,0,0,0,2,0,2,2,0,0,0,0,0,0,0,0,0,0,0,0,0,0,0,0,2,2,0,0,0,0,0,0,0,0,2,2,0,2,2,0,0,0,0,0,2,0,0,0,2,2,0,0,0,0,2,2,2,2,2,0,0,0,1,1,2,2,0,0,0,0,0,0,1,1,0,0,0,0,0,0,0,1,1,1,0,0,0,0,0,0,0,1,1,1,0,0,1,0,0,1,1,1,1,1]",d85037dae981fa8212129ebcad1e032f4d71f33286fd9192abee1146b4374b79,b9a191140c3795229318135c6e4b2abdb561ad264553dda36658c32132a29fc3,improved_campaign_offspring,C000425,,5,rectangular_patch:large,0.16111111111111112,"[12,13,14,15,16,17,18,22,23,24,25,32,33,42,43,52,53,54]",18,L-SEED,completed,valid,[],,0.0877987622065061,9.106480060606842,B1,2026-08-07T22:58:59.880+02:00,2026-08-07T22:58:59.880+02:00,2026-08-07T23:05:45.449+02:00
576,C000576,improved_dataset_1000_20260807_001,18,576,"[2,1,1,1,1,1,1,1,1,1,2,1,1,1,1,1,1,1,1,1,2,2,2,0,0,1,1,1,1,1,2,0,2,2,0,1,1,1,1,1,2,0,0,0,0,1,1,1,1,1,2,2,0,0,0,0,1,1,1,1,0,0,0,0,0,1,1,1,1,1,0,0,0,0,0,0,1,1,1,1,0,0,1,1,0,1,1,1,1,1,0,1,1,1,1,1,1,1,1,1,1,1,1,1,1,1,1,1,1,1,0,0,0,1,1,1,1,1,1,1,0,0,0,0,0,0,1,0,1,1,0,0,0,0,0,0,0,0,1,1,0,0,0,0,0,0,0,0,0,1,0,0,0,1,1,0,0,0,0,1,0,0,1,1,1,1,0,0,1,1,0,0,0,0,1,0,0,0,1,1]",507fdfa0fe911272ca23b9cff375338361f109416f7cabb427104ec3f39be892,0ae4521ecce3797340f8a690cdf4246160a169cedc0a0588c03bc6b16961b630,improved_campaign_offspring,C000550,,1,rectangular_patch:small,0.022222222222222223,"[113,114]",2,L-SEED,completed,valid,[],,0.919883579185798,0.12609473518637956,B6,2026-08-07T23:05:45.721+02:00,2026-08-07T23:05:45.721+02:00,2026-08-07T23:09:01.278+02:00
577,C000577,improved_dataset_1000_20260807_001,18,577,"[0,0,0,0,0,0,0,0,0,0,0,0,0,0,0,0,0,0,0,0,0,0,0,0,0,0,0,0,0,0,0,0,0,0,0,0,0,0,0,0,0,0,0,0,0,0,0,2,0,0,0,0,0,0,0,0,0,2,2,0,0,0,0,0,0,0,2,2,2,2,0,0,0,0,0,0,0,0,2,2,0,0,0,0,0,0,0,0,2,2,0,0,0,0,0,0,0,0,0,2,2,0,0,0,0,0,0,0,0,2,2,2,2,0,0,0,2,2,2,0,2,2,2,2,2,0,2,0,0,0,2,2,2,0,0,2,2,0,0,0,2,2,0,0,0,2,2,2,2,0,2,2,2,2,2,2,2,2,0,0,2,2,2,2,2,2,2,2,0,0,2,2,2,0,0,0,0,0,0,0]",bc3accc72b616fd1007ba83836933722cccf22117c75343db0c0285374d9daf4,f8fd943b2f0fe0ccbf5d311d5b6a15d95fde9e3c93c7daf27790e16772d43ab6,improved_campaign_offspring,C000549,,2,boundary_growth:small,0.011111111111111112,"[99,109]",2,L-SEED,completed,valid,[],,0.03501312678352037,9.72092968035314,B1,2026-08-07T23:05:45.854+02:00,2026-08-07T23:05:45.854+02:00,2026-08-07T23:09:01.285+02:00
578,C000578,improved_dataset_1000_20260807_001,18,578,"[0,0,0,0,0,0,0,0,0,0,0,0,0,0,0,0,0,0,0,0,0,0,0,0,0,0,0,0,0,0,0,2,2,2,0,0,0,0,0,0,0,2,0,2,0,0,0,0,0,0,0,0,0,2,2,0,0,0,0,0,0,0,0,2,0,0,0,0,0,0,0,0,0,0,0,0,0,0,0,0,1,0,0,0,0,0,0,0,0,0,1,1,0,0,0,0,0,0,0,0,1,1,0,1,0,0,0,0,0,0,1,1,1,1,1,0,0,0,0,0,1,1,1,1,1,0,0,0,0,0,1,1,1,1,1,1,2,0,0,0,0,0,1,1,1,1,2,2,2,2,0,0,1,1,1,1,2,2,0,2,1,1,1,1,0,1,2,2,2,2,1,1,2,2,2,2,1,1,2,2]",c009a436b0ab1ff700f6167f849af42f437fe59c23417475a64e0ad406e02ef7,f76344e9efeea938fbcbf2fbcd3f120f81f8544e53ad663f6649bd53e3935e54,improved_campaign_offspring,C000548,,3,boundary_growth:small,0.005555555555555556,[54],1,L-SEED,completed,valid,[],,0.0359188036738484,9.720692594185527,B1,2026-08-07T23:05:45.982+02:00,2026-08-07T23:05:45.982+02:00,2026-08-07T23:09:01.291+02:00
579,C000579,improved_dataset_1000_20260807_001,18,579,"[2,2,0,0,0,0,0,0,0,0,2,2,0,0,0,0,0,0,0,0,0,0,0,0,0,0,0,0,0,0,0,2,2,2,0,0,0,0,0,0,0,2,2,2,0,0,0,0,0,0,0,2,2,2,0,0,0,0,1,0,0,2,2,2,0,0,0,0,1,1,0,0,2,0,0,0,0,0,0,1,0,0,0,0,0,0,0,1,1,1,0,0,0,0,0,0,0,0,1,1,0,0,0,0,0,0,0,0,0,1,0,0,0,0,0,0,0,0,0,1,0,0,0,0,0,0,0,0,0,1,0,0,0,0,0,1,0,0,0,1,0,0,0,0,1,1,1,1,1,1,0,1,1,1,1,1,1,1,0,1,2,2,2,2,2,1,1,1,1,1,2,2,1,2,2,2,1,1,1,1]",e5de32edf0b49b0b2f6686facc066eef8fa2e6d81a698b4b5a1db9693920dc57,8f9a69b3cf8285ec10db69b6babea02d1195e320196e6706d2a7b598f7637c36,improved_campaign_offspring,C000517,,4,connected_region_repaint:large,0.18888888888888888,"[58,68,69,79,87,88,89,98,99,109,119,126,129,135,136,137,139,142,143,144,145,146,147,148,149,151,152,153,154,155,156,157,159,165,166,167,168,169,176]",39,L-SEED,completed,valid,[],,0.1822533866313981,8.087451129248937,B1,2026-08-07T23:05:46.107+02:00,2026-08-07T23:05:46.107+02:00,2026-08-07T23:09:01.298+02:00
580,C000580,improved_dataset_1000_20260807_001,18,580,"[2,0,0,0,0,0,0,0,0,0,2,0,0,0,0,0,0,0,0,0,2,2,2,0,0,0,0,0,0,0,2,0,2,2,0,0,0,0,0,0,2,0,0,0,0,0,0,0,0,0,2,2,0,0,0,0,0,1,1,0,0,0,0,0,0,0,0,0,1,1,0,0,0,0,0,0,0,0,0,1,0,0,1,1,0,0,0,1,1,1,0,1,1,1,1,0,0,0,1,1,1,1,1,1,1,0,0,0,1,1,1,1,1,1,1,1,1,1,1,1,0,1,1,1,1,1,1,0,1,1,0,0,1,1,1,1,0,0,1,1,0,0,1,1,1,1,0,0,0,1,0,0,1,1,0,0,0,0,0,1,0,0,0,0,0,0,0,0,1,1,0,0,0,0,0,0,0,0,1,1]",deafcb389f36338f613ba0ab3bac396a4b64f0bd870adee21883caf457d0ccb4,199b4cbdf7272ec75d207622662ebb18037a81eb90b442f8ee51c115ae39d8c3,improved_campaign_offspring,C000519,,5,boundary_growth:large,0.14444444444444443,"[1,2,3,4,5,6,7,8,9,11,12,13,14,15,16,17,18,19,25,26,27,28,29,35,36,37,38,39,45,46,47,48,49,56,59,65,66,67,76,77,78,85,86,95,96,97,105,106,107]",49,L-SEED,completed,valid,[],,0.21101060150377016,7.785897983761216,B1,2026-08-07T23:05:46.224+02:00,2026-08-07T23:05:46.224+02:00,2026-08-07T23:09:01.305+02:00
581,C000581,improved_dataset_1000_20260807_001,18,581,"[2,2,2,2,2,2,2,2,2,0,2,2,2,2,2,2,2,2,2,2,2,2,2,2,2,2,2,2,2,0,2,2,2,2,2,2,2,2,2,2,2,2,2,2,2,2,2,2,2,2,0,2,2,2,2,0,2,2,2,2,2,2,2,2,2,0,2,2,2,1,2,2,2,2,2,0,1,1,1,1,2,2,2,2,2,2,2,1,1,1,0,0,0,0,2,2,2,1,1,1,0,0,0,0,2,2,2,1,1,1,0,0,0,0,2,2,1,1,1,1,0,0,0,0,2,2,1,0,1,1,0,0,0,0,2,0,0,0,1,1,0,0,0,0,0,0,0,0,0,1,0,0,0,0,0,0,0,0,0,1,0,0,0,0,0,0,0,0,1,1,0,0,0,0,0,0,0,0,1,1]",efbeb5192a01355fb3a87fc97de828b69a50ba9142c5399315d946315d41924d,13db28ee5ea807c3285d2cdb4db98201fe735b37d202dbefba985f0a7595d3f4,improved_campaign_offspring,C000525,,1,connected_region_repaint:small,0.005555555555555556,[134],1,L-SEED,completed,valid,[],,0.12983133351978093,8.614982659932432,B1,2026-08-07T23:09:01.569+02:00,2026-08-07T23:09:01.569+02:00,2026-08-07T23:12:38.429+02:00
582,C000582,improved_dataset_1000_20260807_001,18,582,"[2,1,1,1,1,1,1,1,1,1,2,1,1,1,1,1,1,1,1,1,2,2,2,2,2,1,1,1,1,1,2,2,2,2,2,1,1,1,1,1,2,2,2,2,2,1,1,1,1,1,2,2,2,2,2,2,1,1,1,1,2,2,2,2,2,2,1,1,1,1,2,2,2,2,2,2,1,1,1,1,2,2,2,2,2,2,1,1,1,1,1,2,2,2,2,1,1,1,1,1,1,1,2,2,2,1,1,1,1,1,1,1,1,1,1,1,1,1,1,1,1,1,1,1,1,1,1,1,1,1,1,1,1,1,1,1,0,1,1,1,1,1,1,1,1,1,1,1,1,1,1,1,0,0,0,1,1,1,1,1,1,0,0,0,1,1,1,1,1,1,1,1,1,0,0,1,1,1,1,1]",99d5c886831b909f291baddb60905e7f06238288ab0dc689209adc05623c6396,c187d9ddab3f14b650e4f7a592dfddeb4f14eb3a672151b3c705e4824af1906b,improved_campaign_offspring,C000555,,2,connected_region_repaint:medium,0.044444444444444446,"[152,153,154,161,162,163,173,174]",8,L-SEED,completed,valid,[],,0.9914050365215777,0.1230554303410373,B6,2026-08-07T23:09:01.697+02:00,2026-08-07T23:09:01.697+02:00,2026-08-07T23:12:38.435+02:00
583,C000583,improved_dataset_1000_20260807_001,18,583,"[2,0,0,0,0,0,0,0,0,0,2,0,0,0,0,0,0,0,0,0,2,2,0,0,0,0,2,2,0,0,2,2,2,0,0,0,0,2,2,2,2,2,2,0,0,0,0,0,0,2,2,2,2,0,0,0,0,0,2,2,2,2,2,0,0,0,0,0,2,2,2,2,2,2,2,0,0,0,0,2,2,2,2,2,2,0,0,0,2,2,0,0,2,2,2,2,2,2,2,2,0,0,0,2,2,2,2,2,1,1,0,0,0,2,2,2,2,1,1,1,0,0,0,2,2,2,2,0,1,1,0,0,2,2,2,2,2,2,1,1,2,2,2,2,2,2,2,2,2,1,2,2,2,2,2,2,2,2,2,1,2,2,2,2,2,2,2,2,1,1,2,2,2,2,2,2,2,2,1,1]",dbbd48d70bff0f1b21f29192f6227ecbdc1534366507a83d41a0b33a4f909e1a,ecc35577b589222624730bd36f2599d598837cc3eb9940b86393f40d7cb59c39,improved_campaign_offspring,C000523,,3,connected_region_repaint:medium,0.06111111111111111,"[47,57,66,67,75,76,77,78,85,86,87]",11,L-SEED,completed,valid,[],,0.085929361104058,9.134109109767095,B1,2026-08-07T23:09:01.833+02:00,2026-08-07T23:09:01.833+02:00,2026-08-07T23:12:38.441+02:00
584,C000584,improved_dataset_1000_20260807_001,18,584,"[2,2,2,2,2,2,2,2,2,0,2,2,2,2,2,2,2,2,2,2,2,2,2,2,2,2,2,2,2,0,2,2,2,2,2,2,2,2,2,2,2,2,2,2,2,2,2,2,2,2,0,2,2,2,2,2,2,2,2,2,2,2,2,2,2,2,2,2,2,1,2,2,2,2,2,2,1,1,1,1,2,2,2,2,2,2,2,1,1,1,0,0,0,0,2,2,2,1,1,1,0,0,0,0,2,2,2,1,1,1,0,0,0,0,2,2,1,1,1,1,0,0,0,0,2,2,1,0,1,1,0,0,0,0,0,0,0,0,1,1,0,0,0,0,0,0,0,0,0,1,0,0,0,0,0,0,0,0,0,1,0,0,0,0,0,0,0,0,1,1,0,0,0,0,0,0,0,0,1,1]",f44d8a6f079ba3dbc8a964f86fa08f336e225f1727bedd04580cd4630107c6ed,55dd7789bb572c8bbc569c5b9ffbee901685dd1082e5eee616e598d735f24312,improved_campaign_offspring,C000525,,4,boundary_growth:small,0.022222222222222223,"[55,65,75]",3,L-SEED,completed,valid,[],,0.1298366775735441,8.614732078483193,B1,2026-08-07T23:09:01.963+02:00,2026-08-07T23:09:01.963+02:00,2026-08-07T23:12:38.447+02:00
585,C000585,improved_dataset_1000_20260807_001,18,585,"[2,2,2,2,0,2,2,2,2,0,2,2,2,2,0,0,2,2,2,2,2,2,2,2,0,0,0,0,2,0,2,2,2,2,0,0,2,2,2,2,2,2,2,2,0,0,0,2,2,2,0,2,2,0,0,0,2,2,2,2,2,2,2,2,0,0,2,2,2,1,2,2,2,2,2,0,1,1,1,1,2,2,2,2,2,2,2,1,1,1,0,0,0,0,2,2,2,1,1,1,0,0,0,0,2,2,2,1,1,1,0,0,0,0,2,2,1,1,1,1,0,0,0,0,2,2,1,0,1,1,0,0,0,0,0,0,0,0,1,1,0,0,0,0,0,0,0,0,0,1,0,0,0,0,0,0,0,0,0,1,0,0,0,0,0,0,0,0,1,1,0,0,0,0,0,0,0,0,1,1]",f7bd2ab87b9bf30527a9d2b45ed1cebfe984cd8945ad831baa7e108e04a529e5,41771f769089b25175023b1f7594de5d0f18e31c3ed0eabac05d924f9151c0f7,improved_campaign_offspring,C000525,,5,connected_region_repaint:medium,0.08333333333333333,"[4,14,15,24,25,26,27,34,35,44,45,46,53,54,64]",15,L-SEED,completed,valid,[],,0.12816038370013183,8.637394074706704,B1,2026-08-07T23:09:02.085+02:00,2026-08-07T23:09:02.085+02:00,2026-08-07T23:12:38.453+02:00
586,C000586,improved_dataset_1000_20260807_001,18,586,"[2,2,2,2,0,2,0,0,0,0,2,2,2,2,2,2,2,0,0,0,2,2,2,2,2,2,2,2,2,2,2,2,2,2,2,2,2,0,0,0,0,0,0,0,0,0,0,0,0,0,0,0,0,0,0,0,0,0,0,0,0,0,0,0,0,0,0,0,0,0,0,0,0,0,0,0,0,0,0,0,0,0,0,0,0,0,0,0,0,0,2,0,0,0,0,2,0,0,0,0,2,2,2,0,2,2,2,2,0,0,2,2,2,2,2,2,2,2,0,0,2,2,2,2,2,2,2,0,0,0,2,2,2,0,0,2,2,0,0,0,0,0,2,0,0,2,0,0,0,0,2,2,2,1,2,2,2,0,0,1,2,2,2,1,1,2,1,0,0,1,2,2,1,1,1,0,1,0,0,1]",f2000a70b2580c3e4a17d0f359d266117406717fd83c460ebba124c5968c0c86,cb1516bf57000824d72dc8d2a4afc7cc62c5cdcdfa8354305b43b25707a9b491,improved_campaign_offspring,C000558,,1,boundary_growth:small,0.005555555555555556,[177],1,L-SEED,completed,valid,[],,0.07601647766705946,9.247876294390222,B1,2026-08-07T23:12:38.719+02:00,2026-08-07T23:12:38.719+02:00,2026-08-07T23:15:30.894+02:00
587,C000587,improved_dataset_1000_20260807_001,18,587,"[0,0,0,0,0,0,0,0,0,0,0,0,0,0,0,0,0,0,0,0,0,0,0,0,0,0,0,0,0,0,0,0,0,0,0,0,0,0,0,0,0,0,2,0,0,0,0,0,0,0,0,0,2,2,2,0,0,0,0,0,0,0,0,0,0,1,1,1,1,0,0,0,0,0,0,0,1,1,1,1,0,2,2,2,2,1,1,1,0,0,2,2,2,0,2,2,1,1,1,0,2,2,2,0,2,2,2,2,1,1,2,2,2,2,2,0,0,1,1,1,2,2,2,2,2,0,0,1,1,1,2,2,2,0,0,0,0,0,0,1,0,0,0,0,0,0,0,0,1,1,1,1,0,0,0,0,0,0,0,1,1,1,0,1,0,0,0,0,1,1,1,1,1,1,1,1,0,0,1,1]",3b6632eaa1a5448ed7f271f4de5d2f9f0aabc95af72f2f020a63a22875e66c3d,a01c8302d8f7807ff92508762cd7a89d6bd1a0fe30d29884ecc75df14d7395e3,improved_campaign_offspring,C000406,,2,connected_region_repaint:small,0.022222222222222223,"[42,52,53,54]",4,L-SEED,completed,valid,[],,0.18020090187551063,8.059509513964452,B1,2026-08-07T23:12:38.842+02:00,2026-08-07T23:12:38.842+02:00,2026-08-07T23:15:30.905+02:00
588,C000588,improved_dataset_1000_20260807_001,18,588,"[0,0,0,0,0,0,0,0,0,0,2,2,0,0,1,0,0,0,0,0,2,0,0,0,1,1,0,0,0,0,2,2,0,0,1,0,0,0,0,0,0,2,1,1,1,1,1,1,0,0,0,1,1,1,1,1,1,1,0,0,0,0,0,1,1,0,0,0,0,0,0,0,0,2,1,1,1,0,0,0,0,0,0,2,2,1,1,1,0,0,2,0,0,2,1,1,1,1,1,1,2,2,0,0,1,1,1,1,1,1,2,2,0,0,1,0,1,1,1,1,2,2,0,0,1,0,1,1,1,1,2,2,1,0,0,1,1,1,1,1,0,0,1,1,1,1,1,1,1,1,1,1,1,1,1,1,1,1,1,1,1,1,1,1,1,1,1,1,1,1,1,1,1,1,1,1,1,1,1,1]",f0caeab076e8116bf67878915466c19cebb2f9b479b8ece224924f8dea612adb,bafe2fea7e7f7d5772de58b205e2cc9b671e627aaa51e4e5aa3646e4f406dbb5,improved_campaign_offspring,C000530,,3,connected_region_repaint:small,0.022222222222222223,"[73,83,84,93]",4,L-SEED,completed,valid,[],,0.3818611804374295,6.730868549716998,B1,2026-08-07T23:12:38.970+02:00,2026-08-07T23:12:38.970+02:00,2026-08-07T23:15:30.905+02:00
589,C000589,improved_dataset_1000_20260807_001,18,589,"[0,0,0,0,0,0,0,0,0,0,2,2,0,0,0,0,0,0,0,0,2,0,0,0,0,0,0,0,0,0,2,2,2,2,0,0,0,0,0,0,0,2,0,0,0,0,0,0,0,0,0,0,0,0,0,0,0,0,0,0,0,0,0,0,0,0,0,0,0,0,0,2,2,2,2,2,2,2,0,0,0,2,2,2,2,2,2,2,0,0,2,2,2,2,2,2,2,2,1,1,2,2,2,2,2,2,2,2,1,1,2,2,2,2,2,2,2,2,1,1,2,2,2,2,2,0,1,1,1,1,2,2,1,0,0,1,1,1,1,1,0,0,1,1,1,1,1,1,1,1,0,0,1,1,1,1,1,1,1,1,0,1,1,1,1,1,1,1,1,1,1,1,1,1,1,1,1,1,1,1]",51d9ab7b0e4c8d9aceed0f023c383cc588c4563c568f10cba6815d2b6b4768df,f1a86571c9af8f23904f1248321169cfa974f80f14df97c8d7bdb64d8d025724,improved_campaign_offspring,C000527,,4,boundary_growth:small,0.016666666666666666,"[150,151,160]",3,L-SEED,completed,valid,[],,0.10019267502998522,8.956831629930335,B1,2026-08-07T23:12:39.106+02:00,2026-08-07T23:12:39.106+02:00,2026-08-07T23:15:30.905+02:00
590,C000590,improved_dataset_1000_20260807_001,18,590,"[0,0,0,0,0,0,0,0,0,0,2,2,0,0,1,0,0,0,0,0,2,0,0,0,1,1,0,0,0,0,2,1,0,0,1,0,0,0,0,0,0,1,1,1,1,1,1,1,0,0,0,1,1,1,1,1,1,1,0,0,0,0,0,1,1,0,0,0,0,0,0,0,0,1,1,1,1,0,0,0,0,0,0,1,1,1,1,1,0,0,2,0,0,1,1,1,1,1,1,1,2,2,0,0,1,1,1,1,1,1,2,2,0,0,1,0,1,1,1,1,2,2,0,0,1,0,1,1,1,1,2,2,1,0,0,1,1,1,1,1,0,0,1,1,1,1,1,1,1,1,1,1,1,1,1,1,1,1,1,1,1,1,1,1,1,1,1,1,1,1,1,1,1,1,1,1,1,1,1,1]",bc25bb308f644d30702c72efb683a86ccaebc669237019cc10792edab90e5ed7,82f102c23edf822d79691df2688a1b770ceaec0141076195f844688ae3ca9e32,improved_campaign_offspring,C000530,,5,connected_region_repaint:small,0.011111111111111112,"[31,41]",2,L-SEED,completed,valid,[],,0.41405177692441436,6.311594841985303,B1,2026-08-07T23:12:39.227+02:00,2026-08-07T23:12:39.227+02:00,2026-08-07T23:15:30.921+02:00
591,C000591,improved_dataset_1000_20260807_001,18,591,"[2,2,2,1,1,1,1,1,1,1,2,2,1,1,1,1,1,1,1,1,2,2,2,2,2,1,1,1,0,0,2,2,2,2,2,1,1,1,1,1,2,2,2,2,2,1,1,1,1,1,2,2,2,2,2,2,1,1,1,1,2,2,2,2,2,2,1,1,1,1,2,2,2,2,2,2,1,1,1,1,2,2,2,2,2,2,1,1,1,1,2,2,2,2,2,2,1,1,1,1,2,2,2,2,2,2,1,1,1,1,2,2,2,2,2,2,1,1,1,1,2,2,2,2,2,2,1,0,1,1,2,2,2,1,2,2,1,0,1,1,0,1,0,1,2,2,1,0,0,1,0,1,1,1,1,1,1,1,1,1,0,0,1,1,1,1,1,1,1,1,1,1,1,1,1,1,1,1,1,1]",548b5eed4fd49f675236e4fc808fc81c724bf449d817a7d0b2c9657eea5a9a06,767ab43d74368a4da244d318d3f1dc72333441836670edd099a7352906dc0a95,improved_campaign_offspring,C000504,,1,connected_region_repaint:large,0.1388888888888889,"[133,141,143,151,152,153,154,155,156,157,158,162,163,164,165,166,167,170,171,172,173,174,175,176,177]",25,L-SEED,completed,valid,[],,0.8924074659266644,0.5578878855894062,B5,2026-08-07T23:15:31.169+02:00,2026-08-07T23:15:31.169+02:00,2026-08-07T23:20:09.846+02:00
592,C000592,improved_dataset_1000_20260807_001,18,592,"[0,0,0,0,0,0,0,0,0,0,0,0,0,0,0,0,0,0,0,0,0,0,0,0,0,0,0,0,0,0,0,2,2,2,0,0,0,0,0,0,0,2,2,2,0,0,0,0,0,0,0,2,2,2,0,0,0,0,0,0,2,2,2,2,2,2,2,2,2,0,2,0,2,2,2,2,2,0,0,0,2,0,2,2,2,2,0,0,2,0,2,2,2,2,2,2,2,2,2,2,2,2,2,2,2,2,2,2,0,0,2,0,2,2,2,2,2,0,2,2,2,0,2,2,2,0,2,2,2,0,2,0,0,0,0,0,0,2,2,0,0,0,0,0,0,0,0,2,0,0,0,0,0,0,0,0,0,0,0,0,0,0,0,0,0,0,0,0,0,0,0,0,0,0,0,0,1,1,0,0]",2f8f1d5b3f2c98c0b55a714311e4f46dcca2e35301ddeaef3fc781d47c9c8a2e,4f4cc18813db65900571c256331a6fae5cb59cd1951124586a8a5f58408dffd0,improved_campaign_offspring,C000443,,2,connected_region_repaint:small,0.011111111111111112,"[71,81]",2,L-SEED,completed,valid,[],,0.05347289307981251,9.475812156598874,B1,2026-08-07T23:15:31.284+02:00,2026-08-07T23:15:31.284+02:00,2026-08-07T23:20:09.861+02:00
593,C000593,improved_dataset_1000_20260807_001,18,593,"[2,2,2,2,2,2,2,2,0,0,0,2,2,2,2,2,2,2,2,0,0,2,2,2,2,2,2,2,2,0,0,2,2,2,0,2,2,2,2,2,0,2,2,2,0,2,2,2,2,2,0,2,2,2,2,2,2,2,2,0,0,2,2,2,2,2,2,2,2,2,0,0,2,0,0,2,2,2,2,2,0,0,0,0,0,2,0,2,2,2,0,0,0,0,0,2,0,0,2,2,2,0,0,2,2,2,0,0,0,0,2,0,0,2,2,2,0,0,0,0,2,0,0,0,0,2,0,0,0,0,2,0,0,2,2,2,0,0,0,0,2,2,2,2,2,2,0,0,0,0,2,2,2,2,2,2,0,0,0,0,0,1,1,0,0,0,0,1,0,1,0,0,1,0,0,0,0,1,1,1]",d227880f31f79f88e3b0dc2bda7e0e2df6406307432396e833bda9d2c38db5f7,9c32001469147245d71d627676212f62b5e61289ed8b890c1a650e6d724f379e,improved_campaign_offspring,C000322,,3,boundary_growth:medium,0.03333333333333333,"[121,122,123,124,131,132]",6,L-SEED,completed,valid,[],,0.060606897581979,9.388191158201606,B1,2026-08-07T23:15:31.422+02:00,2026-08-07T23:15:31.422+02:00,2026-08-07T23:20:09.861+02:00
594,C000594,improved_dataset_1000_20260807_001,18,594,"[2,2,2,1,1,1,1,1,1,1,2,2,1,1,1,1,1,1,1,1,2,2,2,2,2,1,1,1,0,0,2,2,2,2,2,1,1,1,1,1,2,2,2,2,2,1,1,1,1,1,2,2,2,2,2,2,1,1,1,1,2,2,2,2,2,2,1,1,1,1,2,2,2,2,2,2,1,1,1,1,2,2,2,2,2,2,1,1,1,1,2,2,2,2,2,2,1,1,1,1,2,2,2,2,2,2,1,1,1,1,2,2,2,2,2,2,1,1,1,1,2,2,2,2,2,2,1,0,1,1,2,2,2,0,2,2,1,0,1,1,0,0,0,0,2,2,1,0,0,1,0,0,0,1,1,0,0,0,0,1,0,0,0,1,0,0,0,0,1,1,0,0,0,1,0,0,0,0,1,1]",920559c4c719fa79b1b677412bef9ca94effd54cf0682eba5a5fa843bac48c36,61993511078b67d335bef82ebb05e361601c9de12f6d54d72452bc0a64cbb2fb,improved_campaign_offspring,C000504,,4,connected_region_repaint:small,0.022222222222222223,"[153,154,163,173]",4,L-SEED,completed,valid,[],,0.6746909691154109,3.096557580374559,B3,2026-08-07T23:15:31.554+02:00,2026-08-07T23:15:31.554+02:00,2026-08-07T23:20:09.873+02:00
595,C000595,improved_dataset_1000_20260807_001,18,595,"[2,0,0,0,0,0,0,0,0,0,2,0,0,0,0,0,0,0,0,0,2,2,2,2,2,0,0,0,0,0,2,0,2,2,2,0,0,0,0,0,2,0,2,2,2,0,0,0,0,0,2,2,2,0,0,0,0,0,0,0,2,2,2,0,0,0,0,0,0,0,2,2,2,0,0,0,0,0,0,0,2,2,2,2,0,0,0,0,0,0,0,0,2,2,0,0,0,0,0,0,2,2,2,0,0,0,0,0,0,0,2,2,0,0,0,0,0,0,0,0,2,2,0,0,0,2,0,0,0,2,2,2,2,2,2,2,2,2,2,2,0,0,0,2,2,2,2,0,0,0,0,0,0,0,0,0,0,0,0,0,0,0,0,0,0,0,0,0,0,0,0,0,0,0,0,0,0,0,0,0]",86b4ad46a1960acdc20121da5dc448dc7b5af4e9113ee37e26d24cd0099e26a2,de7effa8be516c7b6087947a841b10417e577fbe8b9a7984857d579d579a91b8,improved_campaign_offspring,C000531,,5,rectangular_patch:medium,0.027777777777777776,"[53,63,64]",3,L-SEED,completed,valid,[],,0.06889443805692073,9.358243205097393,B1,2026-08-07T23:15:31.679+02:00,2026-08-07T23:15:31.679+02:00,2026-08-07T23:20:09.873+02:00
596,C000596,improved_dataset_1000_20260807_001,18,596,"[2,2,2,2,2,2,2,2,0,0,0,2,2,2,2,2,1,2,0,0,0,2,2,2,2,2,1,1,0,0,0,2,2,2,0,2,2,1,0,1,0,2,2,2,0,1,1,1,1,1,0,2,2,2,2,2,2,1,1,0,0,2,2,2,2,2,2,1,1,0,0,1,2,0,0,1,1,1,1,0,1,1,0,0,0,0,1,1,1,0,1,1,1,1,0,0,1,1,1,1,1,1,1,1,1,1,1,1,1,1,1,1,1,1,1,1,1,1,1,1,1,1,0,1,1,1,1,1,1,1,1,1,1,1,1,1,1,1,1,1,1,1,1,1,1,1,0,1,1,1,1,1,1,0,0,0,0,0,1,1,1,1,1,1,0,0,0,0,0,0,1,1,1,1,1,0,0,0,0,0]",e6e69e54214981a9f4cec0d030154d64bd91db5077ee052eb7dc141f8280d9af,d14a857300a1e9945276d0a4c1c4e0b3a867edf61a6b00ba1060a58718ffd2f5,improved_campaign_offspring,C000479,,1,boundary_growth:small,0.016666666666666666,"[18,28,29]",3,L-SEED,completed,valid,[],,0.39106408781030555,6.338631550796323,B1,2026-08-07T23:20:10.329+02:00,2026-08-07T23:20:10.329+02:00,2026-08-07T23:26:05.754+02:00
597,C000597,improved_dataset_1000_20260807_001,18,597,"[2,2,2,2,2,2,2,2,0,0,0,2,2,2,2,2,0,2,0,0,0,2,2,2,2,2,0,0,0,0,0,2,2,2,0,2,2,0,0,0,0,2,2,2,0,0,0,0,0,0,0,2,2,2,2,2,2,0,0,0,0,2,2,2,2,2,2,0,0,0,0,1,2,0,0,0,0,0,0,0,1,1,0,0,0,0,0,0,0,0,1,1,1,1,0,0,0,0,2,2,1,1,1,1,1,1,2,2,0,2,1,1,1,1,1,1,2,2,2,2,1,1,0,1,2,2,2,0,2,2,1,0,0,0,0,2,0,0,2,2,1,0,0,0,0,0,0,2,2,2,1,0,1,0,0,0,0,0,2,2,1,0,1,1,0,0,0,0,0,0,1,1,1,1,1,0,0,0,0,0]",9e4d78da35ae5d5cdb5741a0242d70083f17b3a78d3cf9dc1230d9a2e72b6f6a,83d4094cb224c088f2d67ac3e3ac19410a30b88e64407802e96da5719803702b,improved_campaign_offspring,C000569,,2,connected_region_repaint:large,0.12222222222222222,"[16,18,26,27,28,29,37,39,45,46,47,48,49,57,58,67,68,75,76,77,78,86,87,88,96,97,98,99,106,107,108,109,116,117,118,119,124,125,126,127,128,129,134,135,136,137,138,139,145,147,148,149,158,159]",54,L-SEED,completed,valid,[],,0.07674014773369194,9.208154536686633,B1,2026-08-07T23:20:10.532+02:00,2026-08-07T23:20:10.532+02:00,2026-08-07T23:26:05.770+02:00
598,C000598,improved_dataset_1000_20260807_001,18,598,"[0,0,0,0,0,0,0,0,0,0,0,0,0,0,0,0,0,0,0,0,0,0,0,0,0,0,0,0,0,0,0,0,0,0,0,0,0,0,0,0,0,0,0,0,0,0,0,0,0,0,0,2,0,0,0,0,0,0,0,0,2,2,2,0,0,0,0,0,0,0,2,2,2,0,0,0,0,0,0,0,2,2,0,0,0,0,0,0,2,2,2,2,0,0,0,0,0,0,2,2,2,2,0,0,2,2,2,2,2,2,2,0,0,0,2,0,0,0,2,2,2,2,0,0,0,0,0,0,0,0,2,0,0,0,0,0,0,0,0,0,0,0,0,0,0,0,0,0,2,2,0,0,0,0,0,0,0,0,0,2,0,0,0,0,0,0,0,0,0,2,0,0,0,0,0,0,1,2,2,2]",809c6ac1739e813efd7431cb42f565f5ed7881a95fc4a2e3239589004edcfcad,58fae5ad30489c4beabaf27200f87063caec059cba728e3f86edca32c70a7fe2,improved_campaign_offspring,C000389,,3,boundary_growth:medium,0.05,"[74,75,82,83,84,85,86,92,93,94]",10,L-SEED,completed,valid,[],,0.040606779599148685,9.624592495403329,B1,2026-08-07T23:20:10.720+02:00,2026-08-07T23:20:10.720+02:00,2026-08-07T23:26:05.770+02:00
599,C000599,improved_dataset_1000_20260807_001,18,599,"[2,2,2,2,2,0,0,2,0,0,0,0,2,2,0,0,2,2,2,0,0,0,2,2,0,0,0,0,0,0,0,0,0,0,0,0,0,2,2,2,0,0,0,0,0,0,0,2,2,2,0,0,0,0,0,0,0,0,0,0,0,0,0,0,0,0,0,0,0,0,0,1,0,0,0,0,0,0,0,0,1,1,0,0,0,0,2,0,0,0,1,1,1,1,0,0,2,2,0,0,1,1,1,1,1,1,1,2,1,1,1,1,1,1,1,1,2,2,1,2,1,1,0,1,1,1,1,1,1,2,1,1,1,1,1,1,1,1,2,2,1,1,1,1,1,1,1,1,2,2,1,1,1,0,1,1,2,2,2,2,1,1,1,1,1,1,2,0,2,2,1,1,1,2,2,2,2,2,2,2]",8ab6aefdadd35a78d2e9a275e6e9eb0ed02f3b2c665c047d4cc81ca4e401dffd,e5ce394120b433f091e27fedc424042aedac96e84279d1d301753a78b32f9ed4,improved_campaign_offspring,C000509,,4,boundary_growth:small,0.005555555555555556,[47],1,L-SEED,completed,valid,[],,0.04582994260355888,9.543725960779096,B1,2026-08-07T23:20:11.139+02:00,2026-08-07T23:20:11.139+02:00,2026-08-07T23:26:05.770+02:00
600,C000600,improved_dataset_1000_20260807_001,18,600,"[2,2,2,2,2,2,2,2,0,0,0,2,0,0,2,2,1,2,1,0,0,2,0,0,2,2,1,1,1,1,0,2,2,2,0,2,2,1,0,1,0,2,2,2,0,1,1,1,1,1,0,2,2,2,2,2,2,1,1,0,0,2,2,2,2,2,2,1,1,0,0,1,2,0,0,1,1,1,1,0,1,1,0,0,0,0,1,1,1,0,1,1,1,1,0,0,1,1,1,1,1,1,1,1,1,1,1,1,1,1,1,1,1,1,1,1,1,1,1,1,1,1,0,1,1,1,1,1,1,1,1,0,0,0,1,1,1,1,1,1,1,0,0,0,0,1,0,1,1,1,1,0,1,0,0,0,0,0,1,1,1,0,1,1,0,0,0,0,0,0,1,1,1,1,1,0,0,0,0,0]",414123181cb749ffebadd2841450dad2e1f75071fd6cea36f6d3967b5aa8356a,9aa73025df91cabba5dab7d83c2a5b24566445d0a2f39036e62c0a781ea3ef86,improved_campaign_offspring,C000569,,5,rectangular_patch:small,0.022222222222222223,"[12,13,22,23]",4,L-SEED,completed,valid,[],,0.45724190623244787,5.243258901961053,B1,2026-08-07T23:20:11.324+02:00,2026-08-07T23:20:11.324+02:00,2026-08-07T23:26:05.786+02:00
601,C000601,improved_dataset_1000_20260807_001,19,601,"[2,2,2,2,2,2,2,2,0,0,0,2,0,0,0,0,0,0,0,0,0,2,0,0,0,0,0,0,0,0,0,2,0,0,0,0,0,0,0,0,0,2,0,0,0,0,0,0,0,0,0,2,0,0,0,0,0,0,0,0,2,2,2,2,2,2,2,0,0,0,2,0,2,0,2,0,0,0,0,0,2,0,2,1,1,1,1,1,1,0,0,0,0,1,1,1,1,1,1,0,2,2,0,1,1,1,1,1,1,0,2,2,0,1,1,1,1,1,1,0,2,0,0,1,1,1,1,1,1,0,2,2,2,1,0,0,0,0,1,1,2,2,0,0,0,0,0,0,1,1,0,0,0,0,0,0,0,1,1,1,0,0,0,0,0,0,0,1,1,1,0,0,1,0,0,1,1,1,1,1]",713765d6cc256033c467da23ed6d0ca7a8c3435130553d6ddad648ed9c033b93,02b0c11f14ba3370e33a55695003348eaa2cdd74453757c3752699115696bb59,improved_campaign_offspring,C000575,,1,rectangular_patch:large,0.17222222222222222,"[83,84,85,86,87,88,93,94,95,96,97,98,103,104,105,106,107,108,113,114,115,116,117,118,123,124,125,126,127,128,133,134]",32,L-SEED,completed,valid,[],,0.14392290547581077,8.469515078193048,B1,2026-08-07T23:26:06.149+02:00,2026-08-07T23:26:06.149+02:00,2026-08-07T23:30:46.965+02:00
602,C000602,improved_dataset_1000_20260807_001,19,602,"[2,2,2,2,2,2,2,2,0,0,0,2,0,0,0,0,0,0,0,0,0,2,0,0,0,0,0,0,0,0,0,2,0,0,0,0,0,0,0,0,0,2,0,0,0,0,0,0,0,0,0,2,0,0,0,0,2,2,0,0,2,2,2,2,2,2,2,0,0,0,2,0,2,0,2,0,0,0,0,0,2,0,2,2,0,0,0,0,0,0,0,0,0,0,0,0,0,0,0,0,2,2,0,0,0,0,0,0,0,0,2,2,0,2,2,0,0,0,0,0,2,0,0,0,2,2,0,0,0,0,2,2,2,2,2,0,0,0,1,1,2,2,0,0,0,0,0,0,1,1,0,0,0,0,0,0,0,1,1,1,0,0,0,0,0,0,0,1,1,1,0,0,1,0,0,1,1,1,1,1]",b0323eec8117023609126039723afcb9c9612cf95b66626aeabee06b1bd7c25e,4c42c924366027251abc306729453f2a8f0a940a48ce112b9f72287173512097,improved_campaign_offspring,C000575,,2,rectangular_patch:small,0.016666666666666666,"[56,57]",2,L-SEED,completed,valid,[],,0.08648915553006255,9.120113663374996,B1,2026-08-07T23:26:06.366+02:00,2026-08-07T23:26:06.366+02:00,2026-08-07T23:30:46.980+02:00
603,C000603,improved_dataset_1000_20260807_001,19,603,"[0,0,0,0,0,2,2,2,2,0,0,0,0,0,2,2,2,2,2,2,0,0,0,0,0,2,2,2,2,0,0,0,0,0,0,2,2,2,0,0,0,0,0,0,0,0,2,2,2,2,0,0,0,0,0,0,2,0,2,2,0,0,0,0,0,0,2,2,2,1,0,0,0,0,0,0,2,1,1,1,0,0,0,0,0,0,2,2,1,1,0,0,0,0,0,0,1,1,1,1,0,0,0,0,0,0,1,1,1,1,0,0,0,0,0,0,1,1,1,1,0,0,0,0,0,0,1,1,1,1,0,0,0,0,0,1,1,1,1,1,0,0,1,1,1,1,1,1,1,1,1,1,1,1,1,1,1,1,1,1,1,1,1,1,1,1,1,1,1,1,1,1,1,1,1,1,1,1,1,1]",db9747e80b578d6d06965261ba6f2617b470419b4909adac7a63bfbe884adbe2,a17930f4137b4bc31816eb24d7ed6a8d5e8f9e2c108ea25e3ddeef9a9019ec1b,improved_campaign_offspring,C000454,,3,boundary_growth:small,0.022222222222222223,[7],1,L-SEED,completed,valid,[],,0.07959123002775075,9.32660441434709,B1,2026-08-07T23:26:06.481+02:00,2026-08-07T23:26:06.481+02:00,2026-08-07T23:30:46.980+02:00
604,C000604,improved_dataset_1000_20260807_001,19,604,"[2,2,1,1,0,1,0,0,0,0,2,1,1,1,1,1,1,0,0,0,2,1,1,1,1,1,1,1,1,0,1,1,1,1,1,1,1,0,0,0,0,1,1,1,1,1,0,0,0,0,0,1,0,1,1,0,0,0,0,0,1,1,1,1,1,1,1,1,1,0,1,1,1,1,1,1,1,1,1,1,1,1,1,1,1,1,1,1,0,0,0,1,1,1,2,2,1,1,1,0,0,0,0,1,2,2,2,2,1,1,0,0,0,2,2,2,1,1,1,1,0,0,0,2,2,2,1,1,1,1,0,0,0,0,0,1,1,1,1,1,0,0,0,0,0,0,1,1,1,1,1,1,0,1,0,1,1,1,1,1,1,1,1,1,0,1,1,1,1,1,1,1,1,1,1,1,1,1,1,1]",38c692af1fd3c9d303d5413c5a5987615b9e03b500b7943e84681cccf26e8a25,1063c4d26e633360384346f6c1b85ccbdd9f48881f46af788527d8eb35731c62,improved_campaign_offspring,C000543,,4,connected_region_repaint:small,0.016666666666666666,"[115,125]",2,L-SEED,completed,valid,[],,0.24219173082706014,10.25160189022747,B1,2026-08-07T23:26:06.599+02:00,2026-08-07T23:26:06.599+02:00,2026-08-07T23:30:46.980+02:00
605,C000605,improved_dataset_1000_20260807_001,19,605,"[2,2,2,2,2,2,2,1,1,0,2,2,0,2,2,2,1,1,1,0,2,2,0,0,2,1,1,1,1,0,0,0,0,2,2,1,1,1,1,1,0,0,0,0,2,1,1,1,1,1,0,0,0,0,2,0,2,2,2,1,0,0,0,0,0,0,2,2,2,1,0,0,0,0,0,0,1,1,1,1,0,0,0,0,0,0,1,1,1,1,0,0,0,0,0,0,1,1,1,1,0,0,0,0,0,0,1,1,1,1,0,0,0,0,0,0,1,1,1,1,0,0,0,0,0,0,1,0,1,1,0,0,0,0,0,0,0,0,1,1,0,0,0,0,0,0,0,0,0,1,0,0,0,0,0,0,0,0,0,1,0,0,0,0,0,0,0,0,1,1,0,0,0,0,0,0,0,0,1,1]",e7539189a6c9ba2e04ef15de120c9c800f7bde26c931d33e6e67dddfe6e70840,4ca595d11b5bf576c30986fc51daa71b079135b723060a9815f2fbacc63f2096,improved_campaign_offspring,C000393,,5,boundary_growth:small,0.022222222222222223,"[12,22,23,32]",4,L-SEED,completed,valid,[],,0.5104991877672014,4.869241934493615,B2,2026-08-07T23:26:06.713+02:00,2026-08-07T23:26:06.713+02:00,2026-08-07T23:30:46.996+02:00
606,C000606,improved_dataset_1000_20260807_001,19,606,"[2,1,1,1,1,1,1,1,1,1,2,1,1,1,1,1,1,1,1,1,2,2,2,0,0,1,1,1,1,1,2,0,2,2,0,1,1,1,1,1,2,0,0,0,0,1,1,1,1,1,2,2,0,0,0,0,1,1,1,1,0,0,0,0,0,1,1,1,1,1,0,0,0,0,0,0,1,0,1,1,0,0,1,1,0,1,1,0,1,1,0,1,1,1,1,1,1,1,1,1,1,1,1,1,1,1,1,1,1,1,1,1,1,1,1,1,1,1,1,1,0,1,1,1,1,1,1,0,1,1,0,0,1,1,1,1,0,0,1,1,0,0,1,1,1,1,0,0,0,1,0,0,1,1,0,0,0,0,0,1,0,0,0,0,0,0,0,0,1,1,0,0,0,0,0,0,0,0,1,1]",9ee7821288258a32a097006468e86fd307fc4294ce11502f015531d3013c96d1,e85977b6914e088bf5f6dc67cd9d5b002b532b21328f0786f6327a904affb1c9,improved_campaign_offspring,C000519,,1,connected_region_repaint:small,0.011111111111111112,"[77,87]",2,L-SEED,completed,valid,[],,0.9758121246062718,0.129212069871118,B6,2026-08-07T23:30:47.249+02:00,2026-08-07T23:30:47.249+02:00,2026-08-08T02:24:52.644+02:00
607,C000607,improved_dataset_1000_20260807_001,19,607,"[0,0,0,0,0,0,0,0,0,0,0,0,0,0,0,0,0,0,2,0,0,0,0,0,2,2,0,2,2,0,0,2,2,0,0,2,2,2,2,2,0,2,0,0,0,2,2,0,2,2,2,2,0,0,0,0,2,2,2,2,0,0,0,0,0,0,2,2,2,2,0,0,0,0,0,0,2,2,2,2,1,0,0,0,0,0,2,2,2,2,1,1,0,0,0,2,2,2,2,2,1,1,0,1,0,2,2,2,2,2,1,1,1,1,1,2,2,2,2,2,1,1,1,1,1,2,2,2,2,2,1,1,1,0,0,1,2,2,2,2,0,0,1,1,1,1,2,2,2,2,0,0,1,1,1,1,0,0,0,0,1,1,1,1,0,1,0,0,0,0,1,1,2,2,2,2,0,0,0,0]",9ecfeeda7dcaf5c7ef327a68f873e63c68f9e38716fb96f14513045fa4c3b4a1,47447ac5eaf17e7b8b8c6c9fa672f34b3cab4762a39309d485411642ec143d03,improved_campaign_offspring,C000430,,2,rectangular_patch:medium,0.06666666666666667,"[156,157,159,166,167,168,169,176,177,178,179]",11,L-SEED,completed,valid,[],,0.028195077374833358,9.860300531615444,B1,2026-08-07T23:30:47.381+02:00,2026-08-07T23:30:47.381+02:00,2026-08-08T02:24:52.644+02:00
608,C000608,improved_dataset_1000_20260807_001,19,608,"[2,1,1,1,1,1,1,1,1,1,2,1,1,1,1,1,1,1,1,1,2,2,2,0,0,1,1,1,1,1,2,0,2,2,0,1,1,1,1,1,2,0,0,0,0,1,1,1,1,1,2,2,0,0,0,0,1,1,1,1,0,0,0,0,0,1,1,1,1,1,0,0,0,0,0,0,1,1,1,1,0,0,1,1,0,1,1,1,1,1,0,1,1,1,1,1,1,1,1,1,1,1,1,1,1,1,1,1,1,1,0,0,0,1,1,1,1,1,1,1,0,0,0,0,0,0,1,0,1,1,0,0,0,0,0,0,0,0,1,1,0,0,0,0,0,0,0,0,1,1,0,0,0,1,1,0,0,1,1,1,0,0,1,1,1,1,0,0,1,1,0,0,0,0,1,0,0,0,1,1]",f31219d7a94e5955cef6a82d4f2ecf8ca3155f282338f597edd992e0a06a40c3,e9d65bf601022079d74a55d1b3a05f8066a603fd7ca3c7445bf8ce999eb8af3e,improved_campaign_offspring,C000576,,3,connected_region_repaint:small,0.016666666666666666,"[148,157,158]",3,L-SEED,completed,valid,[],,0.953342243476041,0.13349862311038077,B6,2026-08-07T23:30:47.590+02:00,2026-08-07T23:30:47.590+02:00,2026-08-08T02:24:52.660+02:00
609,C000609,improved_dataset_1000_20260807_001,19,609,"[2,1,1,1,1,1,1,1,1,1,2,1,1,1,1,1,1,1,1,1,2,2,2,0,0,1,1,1,1,1,2,0,2,2,0,1,1,1,1,1,2,0,0,0,0,1,1,1,1,1,2,2,0,0,0,0,1,1,1,1,0,0,0,0,0,1,1,1,1,1,0,2,2,0,0,0,1,1,1,1,2,2,1,1,0,1,1,1,1,1,2,1,1,1,1,1,1,1,1,1,1,1,1,1,1,1,1,1,1,1,0,0,0,1,1,1,1,1,1,1,0,0,0,0,0,0,1,0,1,1,0,0,0,0,0,0,0,0,1,1,0,0,0,0,0,0,0,0,0,1,0,0,0,1,1,0,0,0,0,1,0,0,1,1,1,1,0,0,1,1,0,0,0,0,1,0,0,0,1,1]",08709a9fe4203b587c77c166db5db8f866dd90bc9a3db60f1e64539527a264ea,0712e0c758d6da394dd03f41b47b3928de96469bf07325ed297d2c8016c0c37e,improved_campaign_offspring,C000576,,4,connected_region_repaint:medium,0.027777777777777776,"[71,72,80,81,90]",5,L-SEED,completed,valid,[],,0.905240551792405,0.2691078611756795,B6,2026-08-07T23:30:47.766+02:00,2026-08-07T23:30:47.766+02:00,2026-08-08T02:24:52.660+02:00
610,C000610,improved_dataset_1000_20260807_001,19,610,"[2,1,1,1,1,1,1,1,1,1,2,1,1,1,1,1,1,1,1,1,2,2,2,0,0,1,1,1,1,1,2,0,2,2,0,1,1,1,1,1,2,0,0,0,0,1,1,1,1,1,2,2,0,0,0,0,1,1,1,1,0,0,0,0,0,1,1,1,1,1,0,1,0,0,0,0,1,1,1,1,1,1,1,1,0,1,1,1,1,1,1,1,1,1,1,1,1,1,1,1,1,1,1,1,1,1,1,1,1,1,1,1,1,1,1,1,1,1,1,1,0,1,1,1,1,1,1,0,1,1,0,0,1,1,1,1,0,0,1,1,0,0,1,1,1,1,0,0,0,1,0,0,1,1,0,0,0,0,0,1,0,0,0,0,0,0,0,0,1,1,0,0,0,0,0,0,0,0,1,1]",699de9685b2870102c8e63b7fc29d50987266408d99cb04221e9cf2d57fa559c,02a8e6e077a050611b4fa662466c3867973a474eaf5b63a38d661c6f953e58eb,improved_campaign_offspring,C000519,,5,boundary_growth:small,0.022222222222222223,"[71,80,81,90]",4,L-SEED,completed,valid,[],,0.9954763763545474,0.11609032324320435,B6,2026-08-07T23:30:47.882+02:00,2026-08-07T23:30:47.882+02:00,2026-08-08T02:24:52.680+02:00
611,C000611,improved_dataset_1000_20260807_001,19,611,"[0,0,0,2,2,2,2,2,0,0,0,0,0,2,2,2,2,2,2,0,0,2,0,0,0,2,2,2,2,0,0,2,2,2,0,2,2,2,2,2,0,0,0,0,0,2,2,2,2,2,0,0,0,0,0,0,0,2,2,0,0,0,0,0,0,0,0,2,2,2,0,0,0,0,0,0,0,0,0,2,0,0,0,0,0,0,0,2,2,2,0,0,0,0,0,0,0,0,2,2,0,0,0,0,0,0,0,0,0,0,0,0,0,0,0,0,0,0,0,0,0,0,0,0,0,0,0,0,0,0,0,0,0,0,0,0,0,0,0,0,0,0,0,0,0,0,0,0,0,0,0,0,0,0,0,0,0,0,0,0,0,1,1,0,0,0,0,1,0,1,0,0,1,0,0,0,0,1,1,1]",fb3f76a1399602af7af61c46ce95dafd21130bc3c9c933336a487005f5fd7110,a9b65a1e85dc605e490f138f37b3b96cd9e50cb89e80dd759e3e0ed4f5a5abee,improved_campaign_offspring,C000553,,1,connected_region_repaint:small,0.022222222222222223,"[21,31,32,33]",4,L-SEED,completed,valid,[],,0.05549894243861578,9.540512511708195,B1,2026-08-08T02:24:52.959+02:00,2026-08-08T02:24:52.959+02:00,2026-08-08T02:29:08.862+02:00
612,C000612,improved_dataset_1000_20260807_001,19,612,"[2,2,2,2,2,2,0,0,0,0,0,2,2,2,2,2,0,0,0,0,0,2,2,2,2,2,0,0,0,0,0,2,2,2,0,2,0,0,0,2,0,2,2,2,0,2,2,2,2,2,0,2,2,2,2,2,2,2,2,0,0,2,2,2,2,2,2,2,2,2,2,0,2,0,2,2,2,2,2,2,2,0,2,2,2,2,0,2,2,2,2,2,2,2,1,1,1,1,2,2,2,2,2,2,1,1,1,0,1,1,2,2,2,2,2,0,1,1,1,1,2,0,2,2,2,2,1,1,1,1,2,2,2,2,2,1,1,1,1,1,2,2,2,2,1,1,1,1,1,1,1,1,1,1,1,1,1,1,1,1,1,1,1,1,1,1,1,1,1,1,1,1,1,1,1,1,1,1,1,1]",6c5230ac84836fefcc658057234177509c19f531cc74616fb7da199f0432909c,340cacbe610545b77cb2376fb80c4c49acee18ff48d4593042e6fa66079132bc,improved_campaign_offspring,C000493,,2,boundary_growth:small,0.022222222222222223,"[94,95,104,105]",4,L-SEED,completed,valid,[],,0.10219480105503467,8.934394589905466,B1,2026-08-08T02:24:53.081+02:00,2026-08-08T02:24:53.081+02:00,2026-08-08T02:29:08.862+02:00
613,C000613,improved_dataset_1000_20260807_001,19,613,"[2,1,1,1,1,1,1,1,1,1,2,1,1,1,1,1,1,1,1,1,2,2,2,2,2,1,1,1,1,1,2,2,2,2,2,1,1,1,1,1,2,2,2,2,2,1,1,1,1,1,2,2,2,2,2,2,1,1,1,1,2,2,2,2,2,2,1,1,1,1,2,2,2,2,2,2,1,1,1,1,2,2,2,2,2,2,1,1,1,1,1,2,2,2,2,1,1,1,1,1,1,1,2,2,2,1,1,1,1,1,1,1,1,1,1,1,1,1,1,1,1,1,1,1,1,1,1,0,1,1,1,1,1,1,1,1,0,0,1,1,1,1,1,1,1,1,1,0,1,1,1,1,0,0,0,1,1,1,1,1,1,0,0,0,1,1,1,1,1,1,1,1,1,0,0,1,1,1,1,1]",100a2a614e717769bc3e40743c6f5503b300b3e01589909a8f74ccdd27130623,4445a6f11f1d28380b65ae5eeb75888ae54a696e97242ed93939adb5d3480512,improved_campaign_offspring,C000582,,3,connected_region_repaint:small,0.016666666666666666,"[127,137,147]",3,L-SEED,completed,valid,[],,0.9902230330685607,0.1243189188104604,B6,2026-08-08T02:24:53.213+02:00,2026-08-08T02:24:53.213+02:00,2026-08-08T02:29:08.878+02:00
614,C000614,improved_dataset_1000_20260807_001,19,614,"[2,0,0,0,0,0,0,0,1,1,2,0,0,0,0,1,1,1,1,1,2,2,2,2,2,1,1,1,1,1,2,2,2,2,2,1,1,1,1,1,2,2,2,2,2,1,1,1,1,1,2,2,2,2,2,2,1,1,1,1,2,2,2,2,2,2,1,1,1,1,2,2,2,2,2,2,1,1,1,1,2,2,2,2,2,2,1,1,1,1,1,2,2,2,2,1,1,1,1,1,1,1,2,2,2,1,1,1,1,1,1,1,1,1,1,1,1,1,1,1,1,1,1,1,1,1,1,1,1,1,1,1,1,1,1,1,0,1,1,1,1,1,1,1,1,1,1,1,1,1,1,1,1,1,1,1,1,1,1,1,1,1,1,1,1,1,1,1,1,1,1,1,1,1,1,1,1,1,1,1]",b60a1d109db87377106cac0a1b271f369f2f58e8160f1749b5617cb4775a1bf2,b04c59a12fd25eff232239e9b3b1a285e2e62e3022688600b98117547afd67d0,improved_campaign_offspring,C000555,,4,connected_region_repaint:medium,0.03888888888888889,"[1,2,3,4,5,6,7,11,12,13,14]",11,L-SEED,completed,valid,[],,0.713698502456846,2.559062588845577,B4,2026-08-08T02:24:53.340+02:00,2026-08-08T02:24:53.340+02:00,2026-08-08T02:29:08.878+02:00
615,C000615,improved_dataset_1000_20260807_001,19,615,"[2,2,2,2,2,0,0,2,0,0,2,2,2,0,2,2,2,2,2,0,2,2,2,2,2,2,2,2,0,0,2,2,0,0,0,0,0,2,2,2,2,2,0,0,0,0,0,2,2,0,0,2,0,0,0,0,0,0,0,0,2,2,0,0,0,0,0,0,0,0,2,2,0,0,0,0,0,0,0,0,2,2,2,0,0,0,0,0,0,0,2,0,0,0,0,0,0,0,0,0,0,0,0,0,0,0,0,2,2,0,2,0,0,0,2,0,0,2,2,0,2,2,0,0,2,0,2,2,2,0,2,0,0,2,2,2,2,2,2,0,0,0,0,2,2,2,2,2,2,2,0,0,0,2,2,2,2,2,0,2,0,0,2,2,0,0,0,0,2,2,0,0,0,2,0,0,0,0,2,2]",e4736974d37bba23921486cc7b51597dc7b40d0f24ea5ba292c91ad46d880d84,6ba4b7bbbdfd67b6c2c16faaaa7f96de25bb3bccffaf411b20eac2b674624e2b,improved_campaign_offspring,C000312,,5,connected_region_repaint:small,0.005555555555555556,[13],1,L-SEED,completed,valid,[],,0.06032956739821424,9.355345227136626,B1,2026-08-08T02:24:53.476+02:00,2026-08-08T02:24:53.476+02:00,2026-08-08T02:29:08.878+02:00
616,C000616,improved_dataset_1000_20260807_001,19,616,"[0,0,0,0,0,0,0,0,0,0,0,0,0,0,0,0,0,0,0,0,0,0,0,0,0,0,0,0,0,0,0,2,2,2,0,0,0,0,0,0,0,2,2,2,0,0,0,0,0,0,0,2,2,2,0,0,0,0,0,0,0,0,0,2,0,2,2,2,2,2,0,0,0,0,0,2,2,2,2,2,0,0,0,0,2,2,0,2,2,2,0,0,2,2,2,2,0,0,2,2,0,0,2,2,1,1,1,1,1,1,0,0,2,2,2,0,1,1,1,1,0,0,0,2,0,0,1,1,1,1,0,0,0,2,0,1,1,1,1,1,0,0,1,1,1,1,1,1,1,1,1,1,1,1,0,1,1,1,1,1,1,1,1,1,1,1,1,1,1,1,1,1,1,1,1,1,1,1,1,1]",db221fae190311d98693e1bb4d79d784b22568f6cbea7bfb8ba7c907e989dc82,77b0c8a0737dec9731ea6b4913d19b56c99d23c2a0c1461bf145645738120051,improved_campaign_offspring,C000559,,1,connected_region_repaint:medium,0.06111111111111111,"[84,92,93,94,102,103,112,113,114,123,133]",11,L-SEED,completed,valid,[],,0.07650090156928571,9.225751872464016,B1,2026-08-08T02:29:09.138+02:00,2026-08-08T02:29:09.138+02:00,2026-08-08T02:31:58.899+02:00
617,C000617,improved_dataset_1000_20260807_001,19,617,"[2,2,2,2,2,0,0,2,0,0,2,2,2,2,2,2,2,2,2,0,2,2,2,2,2,2,2,2,0,0,2,2,2,2,2,2,2,2,2,2,2,2,2,2,0,2,2,2,2,0,0,2,2,2,0,0,2,2,0,0,2,2,0,2,0,0,2,0,0,0,2,2,2,2,2,2,2,0,0,0,2,2,2,2,2,2,2,2,2,2,0,0,0,0,2,2,0,2,2,2,0,0,0,0,2,2,2,2,2,2,0,0,0,0,0,0,0,2,2,2,0,0,0,0,0,0,0,0,2,2,0,0,0,0,0,0,0,0,0,0,0,0,0,0,0,0,0,2,2,2,0,0,0,0,0,0,0,2,0,2,0,0,0,0,0,0,0,0,2,2,0,0,0,0,0,0,0,0,2,2]",afa22670c0f17d6ce8b0c626d70c3b0592ebcc40978155833d0b0b0181b0a084,7bcc019ffc144eef88ae328af3e87c8b3b92cd2143df589380b371576c05f0d4,improved_campaign_offspring,C000468,,2,connected_region_repaint:small,0.005555555555555556,[35],1,L-SEED,completed,valid,[],,0.060656876598640795,9.372580701787642,B1,2026-08-08T02:29:09.286+02:00,2026-08-08T02:29:09.286+02:00,2026-08-08T02:31:58.899+02:00
618,C000618,improved_dataset_1000_20260807_001,19,618,"[0,0,0,0,0,2,2,0,2,0,0,0,0,0,0,0,2,2,2,2,0,0,0,0,0,2,2,2,2,0,2,2,2,2,0,2,2,2,0,0,2,2,0,2,0,0,2,2,2,2,0,0,0,0,0,0,2,0,2,2,0,0,0,0,0,0,2,2,2,0,0,0,0,0,0,0,2,0,2,2,0,0,0,0,0,0,2,2,2,2,0,0,0,0,0,0,0,0,2,2,0,0,0,0,0,0,0,2,2,0,0,0,0,0,0,0,0,0,2,0,0,0,0,0,0,0,0,0,0,0,0,0,0,0,0,0,0,0,0,0,0,0,1,1,1,0,0,0,0,0,1,1,1,1,1,0,0,1,1,1,1,1,1,1,1,1,1,1,1,1,1,1,1,1,1,1,1,1,1,1]",32b75c53a8acfef9ad4ac7e550928f28f27e54489c754376222af649f7be14fa,08c53d801639dddc69681d4c91a2a49b4f4a56260ed020f425f0923ca42d07e4,improved_campaign_offspring,C000380,,3,boundary_growth:small,0.011111111111111112,"[30,40]",2,L-SEED,completed,valid,[],,0.047527912269119205,9.621314562504457,B1,2026-08-08T02:29:09.423+02:00,2026-08-08T02:29:09.423+02:00,2026-08-08T02:31:58.915+02:00
619,C000619,improved_dataset_1000_20260807_001,19,619,"[2,2,2,2,2,0,0,2,0,0,2,2,2,0,0,2,2,2,2,0,2,2,2,0,0,2,2,2,0,0,2,2,0,0,0,0,2,2,2,2,2,0,0,0,0,2,2,2,2,0,0,2,2,0,0,0,2,2,0,0,2,2,0,0,0,0,2,0,0,0,2,2,2,2,2,2,2,0,0,0,2,2,2,2,2,2,2,2,2,2,0,0,0,0,2,2,0,2,2,2,0,0,0,0,2,2,2,2,2,2,0,0,0,0,0,0,0,2,2,2,0,0,0,0,0,0,0,0,2,2,0,0,0,0,0,0,0,0,0,0,0,0,0,0,0,0,0,2,2,2,0,0,0,0,0,0,0,2,0,2,0,0,0,0,0,0,0,0,2,2,0,0,0,0,0,0,0,0,2,2]",4cb783de467dd27574ccf3faf89098ca273559b3ad051a9c48a92043e2b9562e,f2f0526a6acd05f63b37f8dabcce376fdca9c29000c0a1d9f523364cd7149252,improved_campaign_offspring,C000468,,4,boundary_growth:medium,0.06666666666666667,"[13,14,23,24,32,33,34,41,42,43,53,63]",12,L-SEED,completed,valid,[],,0.054185286331508556,9.438512394051463,B1,2026-08-08T02:29:09.624+02:00,2026-08-08T02:29:09.624+02:00,2026-08-08T02:31:58.915+02:00
620,C000620,improved_dataset_1000_20260807_001,19,620,"[0,0,0,0,0,0,0,0,0,0,2,2,0,0,1,0,0,0,0,0,2,0,0,0,1,1,0,0,0,0,2,1,0,0,1,0,0,0,0,0,0,1,1,1,1,1,1,1,0,0,0,1,1,1,1,1,1,1,0,0,0,0,0,1,1,0,0,0,0,0,0,0,0,1,1,1,1,0,0,0,0,0,0,1,1,1,1,1,0,0,2,0,0,1,1,1,1,1,1,1,2,2,2,0,1,1,1,1,1,1,2,2,2,0,1,0,1,1,1,1,2,2,2,0,1,0,1,1,1,1,2,2,1,0,0,1,1,1,1,1,0,0,1,1,1,1,1,1,1,1,1,1,1,1,1,1,1,1,1,1,1,1,1,1,1,1,1,1,1,1,1,1,1,1,1,1,1,1,1,1]",129b2fd41aace19f44f36d61aa8e367260509e05777e0acfb0e8db82c4736825,1cdc5c368f706b122ffbb0d472fca1c201276f8f44ab99ae8cd51997eab4ad24,improved_campaign_offspring,C000590,,5,boundary_growth:small,0.016666666666666666,"[102,112,122]",3,L-SEED,completed,valid,[],,0.41855165868915956,6.257596658230551,B1,2026-08-08T02:29:09.740+02:00,2026-08-08T02:29:09.740+02:00,2026-08-08T02:31:58.915+02:00
621,C000621,improved_dataset_1000_20260807_001,19,621,"[0,0,0,0,0,0,2,2,2,2,0,0,0,0,0,0,2,2,2,2,0,0,0,0,0,0,2,2,2,2,0,0,0,0,0,0,2,0,0,0,0,0,0,0,0,0,0,0,0,0,0,0,0,0,0,0,0,0,0,0,0,0,0,0,0,0,0,0,0,0,0,0,0,0,0,0,0,0,0,0,0,0,0,0,0,0,0,0,0,0,0,0,0,0,0,0,0,0,0,0,2,2,0,0,0,0,0,0,0,0,2,2,2,0,0,0,0,0,0,0,2,0,2,0,0,0,0,0,0,0,2,2,2,0,0,0,0,0,0,0,2,2,1,0,0,0,0,0,0,0,1,2,1,1,1,1,1,0,0,1,1,2,2,1,1,1,1,1,1,1,1,1,1,1,1,1,1,1,1,1]",acbbb1d07aec5033d1dbe949ae969201b3a440333ce07c0484d7d13022d3ef0b,42ae41035bbb6b03529a26f6469928d99815e8b94630f929b2b16ac9608cae1e,improved_campaign_offspring,C000204,,1,rectangular_patch:medium,0.07222222222222222,"[6,7,8,9,16,17,18,19,26,27,28,29,36]",13,L-SEED,completed,valid,[],,0.0570751305853649,9.570578850505424,B1,2026-08-08T02:31:59.200+02:00,2026-08-08T02:31:59.200+02:00,2026-08-08T02:36:25.535+02:00
622,C000622,improved_dataset_1000_20260807_001,19,622,"[0,0,0,0,0,0,0,0,0,0,0,0,0,0,0,0,0,0,0,0,0,0,0,0,0,0,0,0,0,0,0,0,0,2,0,0,2,0,0,0,0,0,2,2,2,2,2,2,0,0,2,0,0,2,2,2,2,0,0,0,2,0,2,2,2,2,2,0,0,0,2,2,2,2,2,2,0,0,0,0,2,2,2,2,2,2,0,0,0,0,2,2,2,2,2,1,1,1,1,0,2,2,2,2,2,2,1,1,1,1,2,2,2,1,1,1,1,1,1,1,2,2,2,1,1,1,1,0,1,1,2,2,2,1,1,0,0,0,1,1,0,0,0,0,0,0,0,0,0,1,0,0,0,0,0,0,0,0,0,1,0,0,0,0,0,0,0,0,1,1,0,0,0,0,0,0,0,0,1,1]",b69b6256716b5b64ef7687a670c01e5e2fdea19eeb18b578e803f7b2d349ab30,a9ccf204e1b196f9e696e806c7010b9e1c75051d48ab6a45f276339a14203e98,improved_campaign_offspring,C000562,,2,boundary_growth:large,0.14444444444444443,"[135,136,137,144,145,146,147,148,155,157,158,164,165,166,167,173,174,175,176,177]",20,L-SEED,completed,valid,[],,0.10910693499902117,8.852608313332551,B1,2026-08-08T02:31:59.331+02:00,2026-08-08T02:31:59.331+02:00,2026-08-08T02:36:25.551+02:00
623,C000623,improved_dataset_1000_20260807_001,19,623,"[2,2,2,1,1,1,1,1,1,1,2,2,1,1,1,1,1,1,1,1,2,0,2,2,2,1,1,1,0,0,2,2,2,2,2,1,1,1,1,1,2,2,2,2,2,1,1,1,1,1,2,2,2,2,2,2,1,1,1,1,2,2,2,2,2,2,1,1,1,1,2,2,2,2,2,2,1,1,1,1,2,2,2,2,2,2,1,1,1,1,2,2,2,2,2,2,1,1,1,1,2,2,2,2,2,2,1,1,1,1,2,2,2,2,2,2,1,1,1,1,2,2,2,2,2,2,1,0,1,1,2,2,2,0,2,2,1,0,1,1,0,0,0,0,2,2,1,0,0,1,0,0,0,1,1,0,0,0,0,1,0,0,0,1,0,0,0,0,1,1,0,0,0,1,0,0,0,0,1,1]",0819b29508524cf73733e53c3d88242528ab2484ae50969c0ae51637e351864c,ba18cb3a2f0b90d2dc2d1bcb312c862689d42d9588528cc61b403832d9d050ad,improved_campaign_offspring,C000594,,3,connected_region_repaint:small,0.005555555555555556,[21],1,L-SEED,completed,valid,[],,0.6747891996068286,3.094364196802576,B3,2026-08-08T02:31:59.447+02:00,2026-08-08T02:31:59.447+02:00,2026-08-08T02:36:25.551+02:00
624,C000624,improved_dataset_1000_20260807_001,19,624,"[0,0,0,0,0,0,0,0,0,0,0,0,0,0,0,0,0,0,0,0,0,0,0,0,0,0,0,0,0,0,0,0,0,0,0,0,0,0,0,0,0,0,0,0,0,0,0,0,0,0,0,2,2,2,0,0,0,0,0,0,2,2,2,2,2,2,2,2,2,0,2,2,2,2,2,2,2,0,0,0,2,2,2,2,2,2,0,0,2,0,2,2,2,2,2,2,2,2,2,2,2,2,2,2,2,2,2,2,0,0,2,0,2,2,2,2,2,0,2,2,2,0,2,2,2,0,2,2,2,0,2,0,0,0,0,0,0,2,2,0,0,0,0,0,0,0,0,2,0,0,0,0,0,0,0,0,0,0,0,0,0,0,0,0,0,0,0,0,0,0,0,0,0,0,0,0,1,1,0,0]",c18639cfcd4d5407ee96b35c91481671f67c3e64d14b714198dfd83484ed3aa7,50fe016f5057b2df867c0d12fd5f18c23c524eb65891010cbd90261face1d897,improved_campaign_offspring,C000443,,4,boundary_growth:medium,0.03333333333333333,"[31,32,33,41,42,43]",6,L-SEED,completed,valid,[],,0.05098235583436511,9.50812816816441,B1,2026-08-08T02:31:59.563+02:00,2026-08-08T02:31:59.563+02:00,2026-08-08T02:36:25.566+02:00
625,C000625,improved_dataset_1000_20260807_001,19,625,"[2,2,2,1,1,1,1,1,1,1,2,2,1,1,1,1,1,1,1,1,2,2,2,2,2,1,1,1,0,0,2,2,2,2,2,1,1,1,1,1,2,2,2,2,2,1,1,1,1,1,2,2,2,2,2,2,1,1,1,1,2,2,2,2,1,1,1,1,1,1,2,2,2,2,1,1,1,1,1,1,2,2,2,2,2,2,1,1,1,1,2,2,2,2,2,2,1,1,1,1,2,2,2,2,2,2,1,1,1,1,2,2,2,2,2,2,1,1,1,1,2,2,2,2,2,2,1,0,1,1,2,2,2,1,2,2,1,0,1,1,0,1,0,1,2,2,1,0,0,1,0,1,1,1,1,1,1,1,1,1,0,0,1,1,1,1,1,1,1,1,1,1,1,1,1,1,1,1,1,1]",99937b0fbe62b8d83ae5326404da7b3b36feed4638aa62cee30c73730488b880,8ec5a30935c7000d306958b1543fa89e7727f9077a8b1d0be5f86b256f308414,improved_campaign_offspring,C000591,,5,rectangular_patch:small,0.022222222222222223,"[64,65,74,75]",4,L-SEED,completed,valid,[],,0.8928791898077103,0.5569433283883748,B5,2026-08-08T02:31:59.816+02:00,2026-08-08T02:31:59.816+02:00,2026-08-08T02:36:25.566+02:00
626,C000626,improved_dataset_1000_20260807_001,19,626,"[2,2,2,2,2,2,0,0,0,0,0,2,2,2,0,0,0,0,0,0,0,2,2,2,0,0,0,0,0,0,0,2,2,2,0,0,0,2,2,2,0,0,0,0,0,2,2,2,2,2,0,0,0,0,0,0,2,2,0,0,0,0,0,0,0,0,2,2,0,2,0,0,0,0,0,0,0,2,0,2,0,0,0,0,0,0,0,0,0,2,0,0,0,2,0,0,0,0,2,2,0,0,2,2,2,2,2,2,0,0,0,0,0,0,2,2,2,0,0,0,2,0,0,2,2,2,2,2,0,0,2,2,2,2,2,2,2,2,0,0,0,0,2,2,1,1,2,2,1,1,0,0,1,0,1,1,2,1,1,1,0,1,1,1,1,1,1,1,1,1,1,1,1,1,1,1,1,1,1,1]",cc9f753466a9d9a8589ae9c44d93c6954712d7b9658ee082775daaa754774256,9e703432ec83933ed1c4dd944894e7fe13ca6346fcc704b2048a61c29acfd05d,improved_campaign_offspring,C000567,,1,boundary_growth:small,0.022222222222222223,"[53,54,55,65]",4,L-SEED,completed,valid,[],,0.06275938789402742,9.416879347277428,B1,2026-08-08T02:36:25.835+02:00,2026-08-08T02:36:25.835+02:00,2026-08-08T02:41:25.150+02:00
627,C000627,improved_dataset_1000_20260807_001,19,627,"[0,0,0,0,0,0,0,0,0,0,0,0,0,0,0,0,0,0,0,0,0,0,0,0,0,0,0,0,0,0,0,2,2,2,0,2,0,0,0,0,0,2,2,2,0,2,0,0,0,0,0,2,2,0,2,2,0,0,0,0,2,2,0,2,2,2,2,2,2,2,2,2,0,0,2,2,2,2,2,2,0,0,0,0,0,2,2,2,2,2,0,0,0,0,0,0,2,2,2,2,0,0,0,0,0,0,0,2,0,0,0,0,0,0,0,0,0,0,0,0,0,0,0,0,0,0,0,0,0,0,0,0,0,0,0,0,0,0,0,0,0,0,0,0,0,0,0,0,0,0,0,0,0,0,0,0,0,0,0,0,0,0,0,0,0,0,0,0,0,0,0,0,0,0,0,0,1,1,0,0]",f9e32e812867587ab9b6d99cd34fddac663332a0efa6c20c7b229247c9ce16a0,fc214aa56a19b03d8b1bea8876ac43bccf6383c1f430f6bd364de41cdb3c29aa,improved_campaign_offspring,C000296,,2,connected_region_repaint:small,0.016666666666666666,"[95,104,105,106]",4,L-SEED,completed,valid,[],,0.05140385412803722,9.5059805371473,B1,2026-08-08T02:36:25.967+02:00,2026-08-08T02:36:25.967+02:00,2026-08-08T02:41:25.150+02:00
628,C000628,improved_dataset_1000_20260807_001,19,628,"[0,0,0,0,0,0,2,2,0,0,0,0,0,0,2,2,2,2,2,0,0,2,2,0,0,2,2,2,2,0,0,2,2,2,0,2,2,2,2,2,0,2,2,2,0,2,2,2,2,2,0,2,2,2,2,2,2,2,2,0,0,2,2,2,2,2,2,2,2,2,0,0,2,0,0,2,2,2,2,2,0,0,0,0,0,2,0,2,2,2,0,0,0,0,0,2,0,0,2,2,0,0,0,0,0,0,0,0,1,1,1,1,0,0,0,0,1,1,1,1,1,0,1,0,0,0,1,1,1,1,1,1,1,1,0,1,1,1,1,1,1,1,1,1,1,1,1,1,1,1,1,1,1,1,1,1,1,1,1,1,1,1,1,1,1,1,1,1,1,1,0,1,1,1,1,1,1,1,1,1]",87bf050ab1472f56a6c38acec4bb7816ff512441869654cf8ba6540ff909463f,fa59042d125c1de6cb2c28893adf9a5ff220b11698bfd5abad698b34dd39033d,improved_campaign_offspring,C000327,,3,connected_region_repaint:medium,0.05555555555555555,"[110,111,120,122,130,131,132,133,140,141]",10,L-SEED,completed,valid,[],,0.06545949890872893,9.356505025590112,B1,2026-08-08T02:36:26.098+02:00,2026-08-08T02:36:26.098+02:00,2026-08-08T02:41:25.165+02:00
629,C000629,improved_dataset_1000_20260807_001,19,629,"[2,2,2,2,2,2,2,2,0,0,0,2,2,2,2,2,1,2,1,0,0,2,2,2,2,2,1,1,1,1,0,2,2,2,0,2,2,1,0,1,0,2,2,2,0,1,1,1,1,1,0,2,2,2,2,2,2,1,1,0,0,2,2,2,2,2,2,1,1,0,0,1,2,0,0,1,1,1,1,0,1,1,0,0,0,0,1,1,1,0,1,1,1,1,0,0,1,1,1,1,1,1,1,1,1,1,1,1,1,1,1,1,1,1,0,1,1,1,1,1,1,1,0,1,0,1,0,0,1,1,1,0,0,0,0,0,0,1,1,1,1,0,0,0,0,0,0,1,1,1,1,1,0,0,0,0,0,0,1,1,1,1,1,1,0,0,0,0,0,0,1,1,1,1,1,0,0,0,0,0]",1f338a76e3501927bd651d926e08098344acfcb3065088fd4fe37c525acc4d58,3d79201e8d648d0d83db2051a0e2e967fe444a0a7f1d97e3b5b1fa1bcd1a52a1,improved_campaign_offspring,C000479,,4,boundary_growth:medium,0.08333333333333333,"[114,124,126,127,131,132,133,134,135,136,141,142,143,144,145,152]",16,L-SEED,completed,valid,[],,0.44344755697633254,5.3675447327864845,B1,2026-08-08T02:36:26.229+02:00,2026-08-08T02:36:26.229+02:00,2026-08-08T02:41:25.165+02:00
630,C000630,improved_dataset_1000_20260807_001,19,630,"[2,2,2,2,2,2,2,2,0,0,1,2,2,2,2,2,1,2,1,0,1,2,2,2,2,2,1,1,1,1,1,2,2,2,0,2,2,1,0,1,1,2,2,2,0,1,1,1,1,1,1,2,2,2,2,2,2,1,1,0,1,2,2,2,2,2,2,1,1,0,1,1,2,0,0,1,1,1,1,0,1,1,0,0,0,0,1,1,1,0,1,1,1,1,0,0,1,1,1,1,1,1,1,1,1,1,1,1,1,1,1,1,1,1,1,1,1,1,1,1,1,1,0,1,1,1,1,1,1,1,1,0,0,0,1,1,1,1,1,1,1,0,0,0,0,1,0,1,1,1,1,0,1,0,0,0,0,0,1,1,1,0,1,1,0,0,0,0,0,0,1,1,1,1,1,0,0,0,0,0]",b49c5cc9648b238dc488a6c22a028aed6ddee91831e75dd50312fbb3a821c3f8,32f74165507ba69374a2c6f6037bd945b2a2f1166dba63cb0b399a24c5456a74,improved_campaign_offspring,C000569,,5,boundary_growth:medium,0.07222222222222222,"[10,20,30,40,50,60,70]",7,L-SEED,completed,valid,[],,0.40525460979036043,5.984223066449098,B1,2026-08-08T02:36:26.351+02:00,2026-08-08T02:36:26.351+02:00,2026-08-08T02:41:25.185+02:00
631,C000631,improved_dataset_1000_20260807_001,20,631,"[0,1,1,1,1,1,1,1,1,1,0,1,1,0,1,1,1,1,1,1,0,0,0,0,0,1,1,1,1,1,0,2,2,2,0,1,1,1,1,1,0,2,2,2,0,1,1,1,1,1,0,2,2,2,0,1,1,1,1,1,2,2,2,2,2,1,1,1,1,1,2,2,2,2,2,1,1,1,1,1,2,2,2,2,2,1,1,1,1,1,2,2,2,2,2,1,1,1,1,1,2,2,2,2,2,1,1,1,1,1,2,2,2,2,2,1,1,1,1,1,2,2,2,2,2,1,1,1,1,1,0,2,2,0,0,1,1,1,1,1,0,0,0,1,1,1,1,1,1,1,1,1,1,1,1,1,1,1,1,1,1,1,1,1,1,1,1,1,1,1,0,1,1,1,1,1,1,1,1,1]",284e7764ceb6b553bcbe2061637e2ca46b4b714e1c0a3739c3c18138f773c8cc,ca5a84624caf560710ac1f6209e75da993d087a5ef998d14fc53dfdef6fcecb3,improved_campaign_offspring,C000572,,1,connected_region_repaint:small,0.005555555555555556,[170],1,L-SEED,completed,valid,[],,0.9830669918224471,0.08191337633227111,B6,2026-08-08T02:41:25.632+02:00,2026-08-08T02:41:25.632+02:00,2026-08-08T02:44:26.098+02:00
632,C000632,improved_dataset_1000_20260807_001,20,632,"[0,1,1,1,1,1,1,1,1,1,0,1,1,0,1,1,1,1,1,1,0,0,0,0,0,1,1,1,1,1,0,2,2,2,0,1,1,1,1,1,0,2,2,2,0,1,1,1,1,1,0,2,2,2,0,1,1,1,1,1,2,2,2,2,2,1,1,1,1,1,2,2,2,2,2,1,1,1,1,1,2,2,2,2,2,1,1,1,1,1,2,2,2,2,2,1,1,1,1,1,2,2,2,2,2,1,1,1,1,1,2,2,2,2,2,1,1,1,1,1,2,2,2,2,2,1,1,1,1,1,0,2,2,0,0,1,1,1,1,1,0,0,0,1,1,1,1,1,1,1,1,0,1,1,1,1,1,1,1,1,1,1,1,1,1,1,1,1,1,1,1,1,1,1,1,1,1,1,1,1]",81921e7a4b3e98fa0750ae06599bcfbcdb71419b63ba66131ac7a978965a77d4,2c7eb3656399ce58f5e8fd57048ecd231692ae7d152bd6046e1ca0fda1e56702,improved_campaign_offspring,C000572,,2,connected_region_repaint:small,0.005555555555555556,[151],1,L-SEED,completed,valid,[],,0.9827741580746592,0.08290854504820838,B6,2026-08-08T02:41:25.828+02:00,2026-08-08T02:41:25.828+02:00,2026-08-08T02:44:26.098+02:00
633,C000633,improved_dataset_1000_20260807_001,20,633,"[0,1,1,1,1,1,1,1,1,1,0,1,1,0,1,1,1,1,1,1,0,0,0,0,0,1,1,1,1,1,0,2,2,2,0,1,1,1,1,1,0,2,2,2,0,1,1,1,1,1,0,2,2,2,0,1,1,1,1,1,2,2,2,2,2,1,1,1,1,1,2,2,2,2,2,1,1,1,1,1,2,2,2,2,2,1,1,1,1,1,2,2,2,2,2,2,2,2,2,1,2,2,2,2,2,2,2,1,1,1,2,2,2,2,2,1,2,1,1,1,2,2,2,2,2,1,1,1,1,1,0,2,2,0,0,1,1,1,1,1,0,0,1,1,1,1,1,1,1,1,1,1,1,1,1,1,1,1,1,1,1,1,1,1,1,1,1,1,1,1,1,1,1,1,1,1,1,1,1,1]",11b3d69f7495dd057cc3fc86510ffc0dd829f26bae8060046792b69b1445784a,418d84242283d07d6d46d9b1d8a823b87df5ba8488a968da34c5f7b25659dd26,improved_campaign_offspring,C000513,,3,connected_region_repaint:medium,0.03888888888888889,"[95,96,97,98,105,106,116]",7,L-SEED,completed,valid,[],,0.6512026255764708,3.2510642534190457,B3,2026-08-08T02:41:25.954+02:00,2026-08-08T02:41:25.954+02:00,2026-08-08T02:44:26.098+02:00
634,C000634,improved_dataset_1000_20260807_001,20,634,"[2,2,2,2,2,2,2,1,1,0,2,2,2,2,2,2,1,1,1,0,2,2,2,2,2,1,1,0,0,0,0,0,2,2,2,1,1,1,0,0,0,0,0,0,2,1,1,1,1,1,0,0,0,0,2,0,2,2,2,1,0,0,0,0,0,0,2,2,2,1,0,0,0,0,0,0,1,1,1,1,0,0,0,0,0,0,1,1,1,1,0,0,0,0,0,0,1,1,1,1,0,0,0,0,0,0,1,1,1,1,0,0,0,0,0,0,1,1,1,1,0,0,0,0,0,0,1,0,1,1,0,0,0,0,0,0,0,0,1,1,0,0,0,0,0,0,0,0,0,1,0,0,0,0,0,0,0,0,0,1,0,0,0,0,0,0,0,0,1,1,0,0,0,0,0,0,0,0,1,1]",0bb92e85b7c46d80a6f7b72d0a1dfcb82020958f7ffbcffe69d12f20f85f9b2e,26041297625166cf99d1567316c437072506bed4d3535474e8bfab659c111778,improved_campaign_offspring,C000393,,4,connected_region_repaint:small,0.022222222222222223,"[27,28,38,39]",4,L-SEED,completed,valid,[],,0.4744725289978847,5.434794368249452,B1,2026-08-08T02:41:26.182+02:00,2026-08-08T02:41:26.182+02:00,2026-08-08T02:44:26.113+02:00
635,C000635,improved_dataset_1000_20260807_001,20,635,"[0,0,0,0,0,2,2,2,2,0,0,0,0,0,2,2,2,2,2,2,0,0,0,0,0,2,2,2,2,2,0,0,0,0,0,2,2,2,2,2,0,0,0,0,0,0,2,2,2,2,0,0,0,0,0,0,2,0,2,2,0,0,0,0,0,0,2,2,2,1,0,0,0,0,0,0,2,1,1,1,0,0,0,0,0,0,2,2,1,1,0,0,0,0,0,0,1,1,1,1,0,0,0,0,0,0,1,1,1,1,0,0,0,0,0,0,1,1,1,1,0,0,0,0,0,0,1,1,1,1,0,0,0,0,0,1,1,1,1,1,0,0,1,1,1,1,1,1,1,1,1,1,1,1,1,1,1,1,1,1,1,1,1,1,1,1,1,1,1,1,1,1,1,1,1,1,1,1,1,1]",e62b423c78cfdfbadd9dae41536aafea551fcd31db4fc0b239e4af78baf7ad9f,c090bedf332278b6b7830fc500f0fb48c2fa41aaa35001b2424b5607e2d3aa05,improved_campaign_offspring,C000603,,5,boundary_growth:medium,0.03888888888888889,"[29,38,39]",3,L-SEED,completed,valid,[],,0.07215379660390325,9.413359089231195,B1,2026-08-08T02:41:26.382+02:00,2026-08-08T02:41:26.382+02:00,2026-08-08T02:44:26.113+02:00
636,C000636,improved_dataset_1000_20260807_001,20,636,"[0,0,0,0,0,2,2,0,2,0,0,0,0,0,2,2,2,2,2,2,0,0,0,0,2,2,2,2,2,0,0,2,2,2,2,2,2,2,2,0,0,2,0,2,0,2,2,2,0,0,0,2,2,2,0,0,2,2,2,0,2,2,2,2,0,0,0,2,2,0,2,2,2,2,2,0,0,0,2,0,2,2,2,2,0,0,0,0,0,0,2,2,2,2,0,0,0,0,0,0,2,2,0,2,0,0,2,2,2,0,2,2,2,2,2,0,2,2,2,0,2,2,2,2,2,0,0,0,0,0,2,2,2,0,0,2,2,2,2,0,0,0,2,2,2,2,2,2,2,2,2,2,2,2,2,2,2,2,0,2,2,2,2,2,2,2,2,2,2,2,2,2,2,2,2,2,1,1,2,2]",58d72c2a62439043697ac6112f38498b53541948acf892721197204b99880f2d,9e42f6093189f441e0661911f387fcef89ba2b66485b6d79732779e2fcf8e78f,improved_campaign_offspring,C000457,,1,connected_region_repaint:small,0.011111111111111112,"[137,138]",2,L-SEED,completed,valid,[],,0.04730447850817292,9.598303213863622,B1,2026-08-08T02:44:26.399+02:00,2026-08-08T02:44:26.399+02:00,2026-08-08T02:50:07.627+02:00
637,C000637,improved_dataset_1000_20260807_001,20,637,"[0,0,0,0,0,0,0,0,0,0,0,0,0,0,0,0,0,0,0,0,0,0,0,0,0,0,0,0,0,0,0,0,2,2,0,0,0,0,0,0,0,0,0,2,0,0,0,0,0,0,0,0,0,2,2,0,0,0,0,0,0,0,0,2,0,0,0,0,0,0,0,0,0,0,0,0,0,0,0,0,1,0,0,0,0,0,0,0,0,0,1,1,0,0,0,0,0,0,0,0,1,1,0,1,0,0,0,0,0,0,1,1,1,1,1,0,0,0,0,0,1,1,1,1,1,0,0,0,0,0,1,1,1,1,1,1,2,0,0,0,0,0,1,1,1,1,2,2,2,2,0,0,1,1,1,1,2,2,0,2,1,1,1,1,0,1,2,2,2,2,1,1,2,2,2,2,1,1,2,2]",44bec76df4978e213038dc3b81515d88dc51b07eb750b198f664c55bcd10591c,76ac3f034236c13113c42bcfdd04fbba474addb2316d128711b20a3c41b5b480,improved_campaign_offspring,C000578,,2,boundary_growth:small,0.005555555555555556,"[31,41]",2,L-SEED,completed,valid,[],,0.028615668676224122,9.798821694437645,B1,2026-08-08T02:44:26.563+02:00,2026-08-08T02:44:26.563+02:00,2026-08-08T02:50:07.627+02:00
638,C000638,improved_dataset_1000_20260807_001,20,638,"[2,2,0,0,0,0,0,0,0,0,2,2,0,0,0,0,0,0,0,0,0,0,0,0,0,0,0,0,0,0,0,2,2,2,0,0,0,0,0,0,0,2,2,2,0,0,0,0,0,0,0,2,2,2,0,0,0,0,1,0,0,2,2,2,0,0,0,0,1,1,0,0,2,0,0,0,0,0,0,1,0,0,0,0,0,0,0,1,1,1,0,0,0,0,0,0,0,0,1,1,0,0,0,0,0,0,0,0,0,1,0,0,0,0,0,0,0,0,0,1,0,0,0,0,0,0,0,1,0,1,0,0,0,0,0,1,1,1,1,1,0,0,0,0,1,1,1,1,1,1,0,1,1,1,1,1,1,1,0,1,2,2,2,2,2,1,1,1,1,1,2,2,1,2,2,2,1,1,1,1]",2d5cf73420e649a817aa60a8d8ac9feb3c89e7ab7d5a53f3c035cac01e1ce3c4,29aa0d6b12ae2116a5e1b6921bf7360784fb7971c255b78648663194a3e12da4,improved_campaign_offspring,C000579,,3,boundary_growth:small,0.022222222222222223,"[127,136,137,138]",4,L-SEED,completed,valid,[],,0.18229519427966312,8.087014067869372,B1,2026-08-08T02:44:26.699+02:00,2026-08-08T02:44:26.699+02:00,2026-08-08T02:50:07.642+02:00
639,C000639,improved_dataset_1000_20260807_001,20,639,"[2,1,1,1,1,1,1,1,1,1,2,1,1,1,1,1,1,1,1,1,2,2,2,2,2,1,1,1,1,1,2,0,2,2,2,1,1,1,1,1,2,2,2,2,2,1,1,1,1,1,2,2,2,2,2,2,1,1,1,1,0,0,2,0,2,1,1,1,1,1,0,0,0,2,2,2,1,1,1,1,0,0,1,1,2,1,1,1,1,1,0,1,1,1,1,1,1,1,1,1,1,1,1,1,1,1,1,1,1,1,1,1,1,1,1,1,1,1,1,1,0,1,1,1,1,1,1,0,1,1,0,0,1,1,1,1,0,0,1,1,0,0,1,1,1,1,0,0,0,1,0,0,1,1,0,0,0,0,0,1,0,0,0,0,0,0,0,0,1,1,0,0,0,0,0,0,0,0,1,1]",1ce6a62bc88b6ef3f7291959267e3250c17f164edd4f29b72e78429eae1eab87,ca36076b53ec59245c83c6d466105c5e27d910806504021bb329cfa07e968899,improved_campaign_offspring,C000519,,4,connected_region_repaint:large,0.09444444444444444,"[23,24,34,41,42,43,44,52,53,54,55,62,64,73,74,75,84]",17,L-SEED,completed,valid,[],,0.9850434886860406,0.1304576553177505,B6,2026-08-08T02:44:26.815+02:00,2026-08-08T02:44:26.815+02:00,2026-08-08T02:50:07.642+02:00
640,C000640,improved_dataset_1000_20260807_001,20,640,"[2,1,1,1,1,1,1,1,1,1,2,1,1,1,1,2,2,2,2,1,2,2,2,0,0,2,2,2,2,1,2,0,2,2,0,2,2,2,2,1,2,0,0,0,0,1,1,1,1,1,2,2,0,0,0,0,1,1,1,1,0,0,0,0,0,1,1,1,1,1,0,1,0,0,0,0,1,1,1,1,1,1,1,1,0,1,1,1,1,1,1,1,1,1,1,1,1,1,1,1,1,1,1,1,1,1,1,1,1,1,1,1,1,1,1,1,1,1,1,1,0,1,1,1,1,1,1,0,1,1,0,0,1,1,1,1,0,0,1,1,0,0,1,1,1,1,0,0,0,1,0,0,1,1,0,0,0,0,0,1,0,0,0,0,0,0,0,0,1,1,0,0,0,0,0,0,0,0,1,1]",8b9752c1e8d21e2405dd2f887132dc0395ddc87d97bbfac840c101ef79cb2a12,4e6d13b939269030e77552187b73271b198f88890f00b398d5f289a1ecc4feb1,improved_campaign_offspring,C000610,,5,rectangular_patch:medium,0.06666666666666667,"[15,16,17,18,25,26,27,28,35,36,37,38]",12,L-SEED,completed,valid,[],,0.45419578507235076,5.869128997769775,B1,2026-08-08T02:44:26.947+02:00,2026-08-08T02:44:26.947+02:00,2026-08-08T02:50:07.658+02:00
641,C000641,improved_dataset_1000_20260807_001,20,641,"[2,2,2,2,2,0,0,2,0,0,2,2,2,0,2,2,2,2,2,0,2,2,2,2,2,2,2,2,0,0,2,2,0,0,0,0,0,2,2,2,2,2,0,0,0,0,0,2,2,0,0,2,0,0,0,0,0,0,0,0,2,2,0,0,0,0,0,0,0,0,2,2,0,0,0,0,0,0,0,0,2,2,2,0,0,0,0,0,0,0,2,0,0,0,0,0,0,0,0,0,0,0,0,0,0,0,0,2,2,0,2,0,0,0,0,0,0,2,2,0,2,2,0,0,0,0,2,2,2,0,2,0,0,2,0,2,2,2,2,0,0,0,0,2,2,2,2,2,2,2,0,0,0,2,2,2,2,2,0,2,0,0,2,2,0,0,0,0,2,2,0,0,0,2,0,0,0,0,2,2]",76c9bec29c9797c7fc2a127a0c2ac27d79ef9b1829cfe32b03fddcb13ac636e2,80f56417c21bf286dbf6eba8bdcc5fa7dc0f2e0ba3c0380f15da6b9f3a46b3e4,improved_campaign_offspring,C000615,,1,boundary_growth:small,0.016666666666666666,"[114,124,134]",3,L-SEED,completed,valid,[],,0.06100726812006275,9.346914680906218,B1,2026-08-08T02:50:07.996+02:00,2026-08-08T02:50:07.996+02:00,2026-08-08T02:55:39.085+02:00
642,C000642,improved_dataset_1000_20260807_001,20,642,"[2,2,2,2,2,0,0,2,0,0,2,2,2,0,2,2,2,2,2,0,2,0,2,2,2,2,2,2,0,0,2,0,0,0,0,0,0,2,2,2,2,0,0,0,0,0,0,2,2,0,0,2,0,0,0,0,0,0,0,0,2,2,0,0,0,0,0,0,0,0,2,2,0,0,0,0,0,0,0,0,2,2,2,0,0,0,0,0,0,0,2,0,0,0,0,0,0,0,0,0,0,0,0,0,0,0,0,2,2,0,2,0,0,0,2,0,0,2,2,0,2,2,0,0,2,0,2,2,2,0,2,0,0,2,2,2,2,2,2,0,0,0,0,2,2,2,2,2,2,2,0,0,0,2,2,2,2,2,0,2,0,0,2,2,0,0,0,0,2,2,0,0,0,2,0,0,0,0,2,2]",f6e92c3992f91845cd023a33029aca19a96313a3963c8edc35e244d3b994c9b3,441409adf2c871500ae19aa7b0bb5f50e57da114c3b57c03ee28fc65959fb277,improved_campaign_offspring,C000615,,2,connected_region_repaint:small,0.016666666666666666,"[21,31,41]",3,L-SEED,completed,valid,[],,0.05638054000687231,9.402860298248342,B1,2026-08-08T02:50:08.128+02:00,2026-08-08T02:50:08.128+02:00,2026-08-08T02:55:39.101+02:00
643,C000643,improved_dataset_1000_20260807_001,20,643,"[2,1,1,1,1,1,1,1,1,1,2,1,1,1,1,1,1,1,1,1,2,2,2,2,2,1,1,1,1,1,2,2,2,2,2,1,1,1,1,1,2,2,2,2,2,1,1,1,1,1,2,2,2,2,2,1,1,1,1,1,2,2,2,2,1,1,1,1,1,1,2,2,2,2,2,1,1,1,1,1,2,2,2,2,2,2,1,1,1,1,1,2,2,2,2,1,1,1,1,1,1,1,2,2,2,1,1,1,1,1,1,1,1,1,1,1,1,1,1,1,1,1,1,1,1,1,1,1,1,1,1,1,1,1,1,1,0,1,1,1,1,1,1,1,1,1,1,1,1,1,1,1,0,0,0,1,1,1,1,1,1,0,0,0,1,1,1,1,1,1,1,1,1,0,0,1,1,1,1,1]",539e967ca4c29f732a55d943aadc67e8965a8d7f7997b2d9624c2ea547a77d23,9827c1e788caef886adc600c8ff414e06e35e91c43fa44a16269d5f12078c174,improved_campaign_offspring,C000582,,3,boundary_growth:small,0.022222222222222223,"[55,64,65,75]",4,L-SEED,completed,valid,[],,0.9943250477645061,0.12065056435233719,B6,2026-08-08T02:50:08.259+02:00,2026-08-08T02:50:08.259+02:00,2026-08-08T02:55:39.101+02:00
644,C000644,improved_dataset_1000_20260807_001,20,644,"[2,1,1,1,1,1,1,1,1,1,2,1,1,1,1,1,1,1,1,1,2,2,2,2,2,1,1,1,1,1,2,2,2,2,2,1,1,1,1,1,2,2,2,2,2,1,1,1,1,1,2,2,2,2,2,2,1,1,1,1,2,2,2,2,2,2,1,1,1,1,2,2,2,2,2,2,1,1,1,1,2,2,2,2,2,2,1,1,1,1,0,2,2,2,2,1,1,1,1,1,0,0,2,2,2,1,1,1,1,1,0,0,0,0,0,0,1,1,1,1,0,0,0,0,0,0,1,1,1,1,0,0,0,0,0,0,0,1,1,1,0,0,0,0,0,0,0,0,1,1,0,1,0,0,0,0,0,1,1,1,0,1,1,0,0,1,1,1,1,1,1,1,1,1,1,1,1,1,1,1]",94bd5dbd78aeb380205d6579b3823e910f3998d867eb4cc873be864d584b85c9,e42d67425192f8703452e0755cbc37188b81889e30493e1abbb8308a9fd898e5,improved_campaign_offspring,C000555,,4,connected_region_repaint:large,0.19444444444444445,"[90,100,101,110,111,112,113,114,115,120,121,122,123,124,125,130,131,132,133,134,135,140,141,142,143,144,145,146,147,150,152,153,154,155,156,160,163,164]",38,L-SEED,completed,valid,[],,0.9012848586394052,0.3153779708920423,B6,2026-08-08T02:50:08.382+02:00,2026-08-08T02:50:08.382+02:00,2026-08-08T02:55:39.117+02:00
645,C000645,improved_dataset_1000_20260807_001,20,645,"[2,1,1,1,1,1,1,1,1,1,2,1,1,1,1,1,1,1,1,1,2,2,2,2,2,1,1,1,1,1,2,2,2,2,2,1,1,1,1,1,2,2,2,2,2,1,1,1,1,1,2,2,2,2,2,2,1,1,1,1,2,2,2,2,2,2,1,1,1,1,2,2,2,2,2,2,1,1,1,1,2,2,2,2,2,2,1,1,1,1,1,2,2,2,2,1,1,1,1,1,1,1,2,2,2,1,1,1,1,1,1,1,1,1,1,1,1,1,1,1,1,1,1,1,1,0,0,1,1,1,1,1,1,1,1,1,0,1,1,1,1,1,1,1,1,1,1,1,1,1,1,1,0,0,0,1,1,1,1,1,1,0,0,0,1,1,1,1,1,1,1,1,1,0,0,1,1,1,1,1]",af4d12a4f5ef3c4090329bcfc7fed9a13afc38ec028bd5f97ddadce20479e0f9,4ba804cd3114a5d612ade9360fbe030c2be6aa796f200fd7d95b09ccfa705f90,improved_campaign_offspring,C000582,,5,rectangular_patch:small,0.011111111111111112,"[125,126]",2,L-SEED,completed,valid,[],,0.9902737045582403,0.12493756988798804,B6,2026-08-08T02:50:08.497+02:00,2026-08-08T02:50:08.497+02:00,2026-08-08T02:55:39.117+02:00
646,C000646,improved_dataset_1000_20260807_001,20,646,"[0,0,0,0,0,0,0,0,0,0,2,2,0,0,1,0,0,0,0,0,2,0,0,0,1,1,0,0,0,0,2,1,1,1,1,0,0,0,0,0,0,1,1,1,1,1,1,1,0,0,0,1,1,1,1,1,1,1,0,0,0,0,0,1,1,0,0,0,0,0,0,0,0,1,1,1,1,0,0,0,0,0,0,1,1,1,1,1,0,0,2,0,0,1,1,1,1,1,1,1,2,2,0,0,1,1,1,1,1,1,2,2,0,0,1,0,1,1,1,1,2,2,0,0,1,0,1,1,1,1,2,2,1,0,0,1,1,1,1,1,0,0,1,1,1,1,1,1,1,1,1,1,1,1,1,1,1,1,1,1,1,1,1,1,1,1,1,1,1,1,1,1,1,1,1,1,1,1,1,1]",d17c5b14eaba3a85cb9b16c8c7cef76be06b017577a5884d889fae52487ec152,dcebf857abc3140e00fdd492908281657d6173e5f434e3677d885518442d864e,improved_campaign_offspring,C000590,,1,boundary_growth:small,0.011111111111111112,"[32,33]",2,L-SEED,completed,valid,[],,0.42060962695754184,6.22419979014638,B1,2026-08-08T02:55:39.391+02:00,2026-08-08T02:55:39.391+02:00,2026-08-08T03:01:18.980+02:00
647,C000647,improved_dataset_1000_20260807_001,20,647,"[2,2,2,2,2,0,0,2,0,0,2,2,2,2,2,2,2,2,2,0,2,2,2,2,2,2,2,2,0,0,2,2,2,2,2,2,2,2,2,2,2,2,2,2,0,2,2,2,2,0,0,2,2,2,0,0,2,2,0,0,2,2,0,2,0,0,2,0,0,0,2,2,2,2,2,2,2,0,0,0,2,2,2,2,2,2,2,2,2,2,0,0,0,0,2,2,0,2,2,2,0,0,0,0,2,2,2,2,2,2,0,0,0,0,0,0,0,2,2,2,0,2,2,2,0,0,0,0,2,2,0,0,2,0,0,0,0,0,0,0,0,0,0,0,0,0,0,2,2,2,0,0,0,0,0,0,0,2,0,2,0,0,0,0,0,0,0,0,2,2,0,0,0,0,0,0,0,0,2,2]",93e2d0aea0f016f9844390d158b63e91c0cd32db955ff26f2ad78ad21a0a9afd,64b37fe1d6706eefc157a4dd8df8e624b8f233165fec57e05b9ce7f9125df33a,improved_campaign_offspring,C000617,,2,connected_region_repaint:small,0.022222222222222223,"[121,122,123,132]",4,L-SEED,completed,valid,[],,0.06021495758742846,9.378396830333298,B1,2026-08-08T02:55:39.522+02:00,2026-08-08T02:55:39.522+02:00,2026-08-08T03:01:18.980+02:00
648,C000648,improved_dataset_1000_20260807_001,20,648,"[0,0,0,0,0,0,0,0,0,0,0,0,0,0,0,0,0,0,0,0,0,0,0,0,0,0,0,0,0,0,0,0,0,0,0,0,0,0,0,0,2,0,2,2,0,0,0,0,0,0,2,2,2,2,0,0,0,0,0,0,2,0,2,2,2,0,0,2,2,2,2,2,2,2,2,2,2,2,2,2,2,0,2,2,2,2,2,2,2,2,0,0,2,2,2,2,2,2,2,2,0,0,0,2,2,2,2,2,0,0,0,0,2,2,0,0,0,0,0,0,0,0,2,2,0,0,0,0,0,0,1,1,1,0,0,0,1,0,0,0,0,0,1,1,1,1,1,1,1,1,1,1,1,1,1,1,1,1,0,1,1,2,1,1,0,1,1,1,2,2,2,2,2,1,0,0,1,1,2,2]",a6178a648dc48950c7f460426a4bc23766f0d9564676e61665b4a9441d4cd481,839ac5bf5a07ba6bcbb24468e2a44e08359ac75396512aacb5c41b5bba4d118e,improved_campaign_offspring,C000437,,3,boundary_growth:small,0.005555555555555556,[135],1,L-SEED,completed,valid,[],,0.05000730960859736,9.54542872336902,B1,2026-08-08T02:55:39.676+02:00,2026-08-08T02:55:39.676+02:00,2026-08-08T03:01:18.980+02:00
649,C000649,improved_dataset_1000_20260807_001,20,649,"[0,0,0,0,0,0,0,0,0,0,0,0,0,0,0,0,0,0,0,0,0,0,0,0,0,0,0,0,0,0,0,0,0,0,0,0,0,0,0,0,0,0,0,0,0,0,0,0,0,0,0,0,0,0,0,0,0,0,0,0,0,0,0,0,0,1,1,1,1,0,0,0,0,0,0,0,1,1,1,1,0,2,2,2,2,1,1,1,0,0,2,2,2,0,2,2,1,1,1,0,2,2,2,0,2,2,2,2,1,1,2,2,2,2,2,0,0,1,1,1,2,2,2,2,2,0,0,1,1,1,2,2,2,0,0,0,0,1,1,1,0,0,0,0,0,0,0,0,1,1,1,1,0,0,0,0,0,0,0,1,1,1,0,1,0,0,0,0,1,1,1,1,1,1,1,1,0,0,1,1]",7766a130d1947e0b5961c50e705ce88f118f064cc4d659a9b9bdb9b6a702f36e,71233e1c974fece85ec562dbb1a2dd29f29ef21d9e015e8bc19d84a4d41d6224,improved_campaign_offspring,C000406,,4,connected_region_repaint:small,0.011111111111111112,"[137,138]",2,L-SEED,completed,valid,[],,0.18379653606378274,8.009867369777856,B1,2026-08-08T02:55:39.792+02:00,2026-08-08T02:55:39.792+02:00,2026-08-08T03:01:18.998+02:00
650,C000650,improved_dataset_1000_20260807_001,20,650,"[0,0,0,0,0,0,0,0,0,0,0,0,0,0,0,0,0,0,0,0,0,0,2,0,0,0,0,0,0,0,2,2,2,0,0,0,0,0,0,0,0,2,0,0,0,0,0,0,0,0,0,2,0,0,0,0,0,0,0,0,0,2,0,0,0,1,1,1,1,0,0,0,0,0,0,0,1,1,1,1,0,2,2,2,2,1,1,1,0,0,2,2,2,0,2,2,1,1,1,0,2,2,2,0,2,2,2,2,1,1,2,2,2,2,2,0,0,1,1,1,2,2,2,2,2,0,0,1,1,1,2,2,2,0,0,0,0,0,0,1,0,0,0,0,0,0,0,0,1,1,1,1,0,0,0,0,0,0,0,1,1,1,0,1,0,0,0,0,1,1,1,1,1,1,1,1,0,0,1,1]",e6916b1a8f3b3339d5961c2407abfa08a3b5288112fec00ec5f132f513221209,0587f47033e825e366b7dc8a89e0754d2c59a58c2b52105db3855046709090dd,improved_campaign_offspring,C000406,,5,connected_region_repaint:medium,0.03888888888888889,"[22,30,31,32,41,51,61]",7,L-SEED,completed,valid,[],,0.18254616660477033,8.03662003123822,B1,2026-08-08T02:55:39.924+02:00,2026-08-08T02:55:39.924+02:00,2026-08-08T03:01:18.998+02:00
651,C000651,improved_dataset_1000_20260807_001,20,651,"[2,2,2,1,1,1,1,1,1,1,2,2,1,1,1,1,1,1,1,1,2,2,2,2,2,1,1,1,0,0,2,2,2,2,2,1,1,1,1,1,2,2,2,2,2,1,1,1,1,1,2,2,2,2,2,2,1,1,1,1,2,2,2,2,2,2,1,1,1,1,2,2,2,2,2,2,1,1,1,1,2,2,2,2,2,2,1,1,1,1,2,2,2,2,2,2,1,1,1,1,2,2,2,2,2,2,1,1,1,1,2,2,2,2,2,2,1,1,1,1,2,2,2,2,2,2,1,0,1,1,2,2,2,1,2,2,1,0,1,1,0,1,0,1,2,2,1,0,0,1,0,1,1,1,1,1,1,1,1,1,1,1,1,1,1,1,1,1,1,1,1,1,1,1,1,1,1,1,1,1]",fc589d4b0effbb1a1dfa779ff21e614d29e292ac5b2766b01c7634215caae4be,1bc9286d2f9921173351491d05d66c211332c23777d1d02337d403af495616ac,improved_campaign_offspring,C000591,,1,boundary_growth:small,0.011111111111111112,"[160,161]",2,L-SEED,completed,valid,[],,0.8989248611640813,0.4878607524800649,B5,2026-08-08T03:01:19.346+02:00,2026-08-08T03:01:19.346+02:00,2026-08-08T03:06:16.238+02:00
652,C000652,improved_dataset_1000_20260807_001,20,652,"[2,2,2,1,1,1,1,1,1,1,2,2,1,1,1,1,1,1,1,1,2,2,2,2,2,1,1,1,0,0,2,2,2,2,2,1,1,1,1,1,2,2,2,2,2,1,1,1,1,1,2,2,2,2,2,2,1,1,1,1,2,2,2,2,1,1,1,1,1,1,2,2,2,2,2,2,1,1,1,1,2,2,2,2,2,2,1,1,1,1,2,2,2,2,2,2,1,1,1,1,2,2,2,2,2,2,1,1,1,1,2,2,2,2,2,2,1,1,1,1,2,2,2,2,2,2,1,0,1,1,2,2,2,1,2,2,1,0,1,1,0,1,0,1,2,2,1,0,0,1,0,1,1,1,1,1,1,1,1,1,0,0,1,1,1,1,1,1,1,1,1,1,1,1,1,1,1,1,1,1]",ccf7fc02f3a139a2a26743a2d6a97b55cd0ac8765c161ee4baf58a0f5930b95a,5e34cc7f6a7a777a8123f8baf8cb5ed7fb8ff4202124255bdb8374723eab6e5a,improved_campaign_offspring,C000625,,2,boundary_growth:small,0.011111111111111112,"[74,75]",2,L-SEED,completed,valid,[],,0.8932163350768145,0.5512193607002535,B5,2026-08-08T03:01:19.492+02:00,2026-08-08T03:01:19.492+02:00,2026-08-08T03:06:16.254+02:00
653,C000653,improved_dataset_1000_20260807_001,20,653,"[2,2,2,1,1,1,1,1,1,1,2,2,1,1,1,1,1,1,1,1,2,2,2,2,2,1,1,1,0,0,2,2,2,2,2,1,1,1,1,1,2,2,2,2,2,1,1,1,1,1,2,2,2,2,2,2,1,1,1,1,2,2,2,2,2,1,1,1,1,1,2,2,2,2,2,2,1,1,1,1,2,2,2,2,2,2,1,1,1,1,2,2,2,2,2,2,1,1,1,1,2,2,2,2,2,2,1,1,1,1,2,2,2,2,2,2,1,1,1,1,2,2,2,2,2,2,1,0,1,1,2,2,2,1,2,2,1,0,1,1,0,1,0,1,2,2,1,0,0,1,0,1,1,1,1,1,1,1,1,1,0,0,1,1,1,1,1,1,1,1,1,1,1,1,1,1,1,1,1,1]",7f5aad2d1c0519567d9f3597d35cfd46acefc9ef2f8bf84d1df2cdf7c12b2946,a09f62206d16cf1e9ce449b41c205d2940c429bfe076db866b57646de0500065,improved_campaign_offspring,C000591,,3,boundary_growth:small,0.005555555555555556,[65],1,L-SEED,completed,valid,[],,0.8936711778713958,0.5451706315803607,B5,2026-08-08T03:01:19.615+02:00,2026-08-08T03:01:19.615+02:00,2026-08-08T03:06:16.256+02:00
654,C000654,improved_dataset_1000_20260807_001,20,654,"[2,2,2,1,1,1,1,1,1,1,2,2,1,1,1,1,1,1,1,1,2,2,2,2,2,1,1,1,0,0,2,2,2,2,2,1,1,1,1,1,2,2,2,2,2,1,1,1,1,1,2,2,2,2,2,2,1,1,1,1,2,2,2,2,1,1,1,1,1,1,2,2,2,2,1,1,1,1,1,1,2,2,2,2,2,2,1,1,1,1,2,2,2,2,2,2,1,1,1,1,2,2,2,2,2,2,1,1,1,1,2,2,2,2,2,2,1,1,1,1,2,2,2,2,2,2,1,0,1,1,2,2,2,1,2,2,1,1,1,1,0,1,0,1,2,2,1,1,1,1,0,1,1,1,1,1,1,1,1,1,0,0,1,1,1,1,1,1,1,1,1,1,1,1,1,1,1,1,1,1]",d0be1cb8ad9754119ac31bfac414fbb8ab08ac70adc690fa13d8d0677da10334,ab1639a853115ce4960f62ce3856cfac7cf6a482b0a8c6f1c6eca7bd2943aa22,improved_campaign_offspring,C000625,,4,boundary_growth:small,0.016666666666666666,"[137,147,148]",3,L-SEED,completed,valid,[],,0.9226426596996746,0.2615076292922375,B6,2026-08-08T03:01:19.747+02:00,2026-08-08T03:01:19.747+02:00,2026-08-08T03:06:16.256+02:00
655,C000655,improved_dataset_1000_20260807_001,20,655,"[2,2,2,2,2,2,2,2,0,0,2,2,2,2,2,2,0,0,0,0,2,2,2,2,2,0,0,0,0,2,2,2,2,2,0,0,2,2,2,2,2,2,2,2,0,0,2,0,2,0,2,2,2,0,0,0,2,0,0,0,0,2,2,2,2,0,0,0,0,0,0,0,2,0,0,0,0,0,0,0,0,0,0,0,0,0,0,0,0,0,0,0,0,0,0,0,0,0,0,0,0,0,0,0,0,0,0,0,0,0,0,0,0,0,0,0,0,0,0,0,0,0,0,0,0,0,0,0,0,0,0,0,0,0,0,0,0,0,0,0,0,0,0,0,0,0,0,0,2,0,0,0,0,0,0,0,0,0,2,2,0,1,1,0,0,0,0,1,2,1,0,0,1,0,0,0,0,1,1,1]",283fe6a5bab7934ab0f1706521e01b82e3c6f51808257381b4baec58d97b1403,50e3ec890544335b14ccc155d725af641978fd8cbde57d9235cfb3ce15b2bc58,improved_campaign_offspring,C000412,,5,connected_region_repaint:large,0.21666666666666667,"[49,53,54,55,57,58,59,65,66,67,69,75,76,77,78,79,84,85,86,87,88,89,93,94,95,96,97,98,99,106,107,108,109,117,118,119,127,129,139]",39,L-SEED,completed,valid,[],,0.09159128878591094,9.045008654987743,B1,2026-08-08T03:01:19.863+02:00,2026-08-08T03:01:19.863+02:00,2026-08-08T03:06:16.272+02:00
656,C000656,improved_dataset_1000_20260807_001,20,656,"[2,2,2,2,2,0,0,2,0,0,2,2,2,2,0,0,2,2,2,0,0,2,2,2,0,0,0,0,0,0,2,2,0,0,0,0,0,2,2,2,0,0,0,0,0,0,0,0,2,2,0,0,0,0,0,0,0,0,0,0,0,0,0,0,0,0,0,0,0,0,0,1,0,0,0,0,0,0,0,0,1,1,0,0,0,0,2,0,0,0,1,1,1,1,0,0,2,2,0,0,1,1,1,1,1,1,1,2,1,1,1,1,1,1,1,1,2,2,1,2,1,1,0,1,1,1,1,1,1,2,1,1,1,1,1,1,1,1,2,2,1,1,1,1,1,1,1,1,2,2,1,1,1,0,1,1,2,2,2,2,1,1,1,1,1,1,2,0,2,2,1,1,1,2,2,2,2,2,2,2]",74be3dd7150d0ded7bf7863e3fba90cff017b21ccd0c482ea61603b648c44c6f,c55b5bde5f0aea288a9f31a6aeb9b02e0817a006270ea0d73466611990be83ee,improved_campaign_offspring,C000509,,1,connected_region_repaint:medium,0.027777777777777776,"[10,11,21,30,31]",5,L-SEED,completed,valid,[],,0.05852938741417959,9.411733122909054,B1,2026-08-08T03:06:16.550+02:00,2026-08-08T03:06:16.550+02:00,2026-08-08T03:10:38.845+02:00
657,C000657,improved_dataset_1000_20260807_001,20,657,"[2,2,2,2,2,2,2,2,0,0,0,2,2,2,2,2,0,2,0,0,0,2,2,2,2,2,0,0,0,0,0,2,2,2,0,2,2,0,0,0,0,2,2,2,0,0,0,0,0,0,0,2,2,2,2,2,2,0,0,0,0,2,2,2,2,2,2,0,0,0,0,0,2,0,0,0,0,0,0,0,0,0,0,0,0,0,0,0,0,0,0,0,2,0,0,0,0,0,2,2,0,0,2,0,0,0,2,2,0,2,2,2,2,2,0,0,2,2,2,2,1,1,0,0,2,2,2,0,2,2,1,0,0,0,0,2,0,0,2,2,1,0,0,0,0,0,0,2,2,2,1,0,1,0,0,0,0,0,2,2,1,0,1,1,0,0,0,0,0,0,1,1,1,1,1,0,0,0,0,0]",e61b989856e273a206d3c26d33693ed3f796be89ecadff60ffe0da50f5d853a9,ac19b47ed424c717af3ebbf0499e479ba596744823ff5e7fdd327bd693f5a3bf,improved_campaign_offspring,C000597,,2,connected_region_repaint:medium,0.03333333333333333,"[71,80,81,90,91,92,93,100,101,102,103,104,105,110,111,112,113,114,115,123]",20,L-SEED,completed,valid,[],,0.06709989963240703,9.313761777497652,B1,2026-08-08T03:06:16.673+02:00,2026-08-08T03:06:16.673+02:00,2026-08-08T03:10:38.861+02:00
658,C000658,improved_dataset_1000_20260807_001,20,658,"[0,0,0,0,0,0,0,0,0,0,0,0,0,0,0,0,0,0,2,0,0,0,0,0,2,0,0,2,2,0,0,0,0,0,2,0,2,2,2,0,0,2,0,2,2,2,2,2,2,0,0,2,2,2,2,2,2,2,2,0,0,2,2,2,0,2,2,2,2,0,0,2,0,0,0,2,2,2,2,2,0,0,0,0,0,2,2,2,2,2,0,0,0,0,0,2,2,2,2,1,2,0,0,0,0,2,1,1,1,1,2,2,0,0,0,0,1,1,1,1,2,2,2,2,0,0,1,0,1,1,2,2,2,2,0,0,2,2,1,1,0,0,0,2,2,2,0,2,0,1,0,0,0,2,0,0,0,2,2,1,0,0,0,0,0,0,0,2,1,1,0,0,0,0,0,0,0,2,1,1]",44b1401de4a7ab09a583b7ead4c32758dabda242eb0f9a481f6ba200bdcfcfe6,4054dfacb3710f05e9ffe273601db0e416c7f8e8aeb4e47cc86d81aeb5febbdb,improved_campaign_offspring,C000299,,3,rectangular_patch:medium,0.07222222222222222,"[75,76,77,85,86,87,95,96,97,98,105]",11,L-SEED,completed,valid,[],,0.07788018076996117,9.203794337517422,B1,2026-08-08T03:06:16.804+02:00,2026-08-08T03:06:16.804+02:00,2026-08-08T03:10:38.861+02:00
659,C000659,improved_dataset_1000_20260807_001,20,659,"[0,0,0,0,0,0,0,0,0,0,0,0,0,0,0,0,0,0,0,0,0,0,0,0,0,0,0,0,0,0,0,0,0,0,0,0,0,0,0,0,0,0,0,0,0,0,0,0,0,0,0,2,0,0,0,0,0,0,0,0,2,2,2,0,0,0,0,0,0,0,2,2,2,0,2,2,0,0,0,0,2,2,2,2,2,2,2,0,2,2,2,2,2,2,2,0,0,0,2,2,2,2,0,0,2,2,2,2,2,2,2,0,0,0,2,2,2,2,2,2,2,2,0,0,2,2,0,2,2,0,2,0,0,0,0,2,2,2,0,0,0,0,0,0,0,0,0,0,2,2,0,0,0,0,0,0,0,0,0,2,0,0,0,0,0,0,0,0,0,2,0,0,0,0,0,0,1,2,2,2]",ad18f3c8ed85c86a8f7772f7d9cfb150161c0664158fe30482df8420c3464519,1b442ee5bd7fbca3f5b61c6c3f003521ddd33727822dfa521d7922a7a3e286f3,improved_campaign_offspring,C000389,,4,boundary_growth:medium,0.05555555555555555,"[115,116,117,124,125,127,128,135,136,137]",10,L-SEED,completed,valid,[],,0.03908898941472626,9.653881419468597,B1,2026-08-08T03:06:16.936+02:00,2026-08-08T03:06:16.936+02:00,2026-08-08T03:10:38.861+02:00
660,C000660,improved_dataset_1000_20260807_001,20,660,"[2,2,2,2,2,2,2,2,0,0,0,2,2,2,2,2,1,2,1,0,0,2,2,2,2,2,1,1,1,1,0,2,2,2,0,2,2,1,0,1,0,2,2,2,0,1,1,1,1,1,0,2,2,2,2,2,2,1,1,0,0,2,2,2,2,2,2,1,1,0,0,1,2,0,0,1,1,1,1,0,1,1,0,0,0,0,1,1,1,0,1,1,1,1,0,0,1,1,1,1,1,1,1,1,1,1,1,1,1,1,1,1,1,1,1,1,1,1,1,1,1,1,0,1,0,1,1,1,1,1,1,1,1,1,1,1,1,1,1,1,1,1,1,1,1,1,0,1,1,1,1,1,1,0,0,0,0,0,1,1,1,1,1,1,0,0,0,0,0,0,1,1,1,1,1,0,0,0,0,0]",6f58f38b551647919b545eb5a08601c221e1cb9ef4fa531a90db45b61012d987,601e1d26737c99208c8be6fd5761607789bc43c431fddea495425bfe87bf7d87,improved_campaign_offspring,C000479,,5,connected_region_repaint:small,0.005555555555555556,[124],1,L-SEED,completed,valid,[],,0.45724797054090816,5.228060185938019,B1,2026-08-08T03:06:17.058+02:00,2026-08-08T03:06:17.058+02:00,2026-08-08T03:10:38.877+02:00
661,C000661,improved_dataset_1000_20260807_001,21,661,"[1,1,1,1,1,1,1,1,1,1,1,1,1,1,1,1,1,1,1,1,1,1,1,1,1,1,1,1,1,1,1,2,2,2,1,1,1,1,1,1,1,2,2,2,1,1,1,1,1,1,1,2,2,2,1,1,1,1,1,1,2,2,2,2,2,1,1,1,1,1,2,2,2,2,2,1,1,1,1,1,2,2,2,2,2,1,1,1,1,1,2,2,2,2,2,1,1,1,1,1,2,2,2,2,2,1,1,1,1,1,2,2,2,2,2,1,1,1,1,1,2,2,2,2,2,1,1,1,1,1,0,2,2,0,0,1,1,1,1,1,0,0,1,1,1,1,1,1,1,1,1,1,1,1,1,1,1,1,1,1,1,1,1,1,1,1,1,1,1,1,1,1,1,1,1,1,1,1,1,1]",3978713d0c951eaace63b8bddffbbaf028922e1c6e3f7de0c13c9681ee6b1b32,677241e35e698968c548dc2e5dc15525cd0bb9749d16a5b6725edcc2e78bb1d4,improved_campaign_offspring,C000513,,1,boundary_growth:large,0.13333333333333333,"[0,10,13,20,21,22,23,24,30,34,40,44,50,54]",14,L-SEED,completed,valid,[],,0.7821277992908321,1.608382280408378,B4,2026-08-08T03:10:39.281+02:00,2026-08-08T03:10:39.281+02:00,2026-08-08T03:13:55.972+02:00
662,C000662,improved_dataset_1000_20260807_001,21,662,"[0,1,1,1,1,1,1,1,1,1,0,1,1,0,1,1,1,1,1,1,0,0,0,0,0,1,1,1,1,1,0,2,2,2,0,1,1,1,1,1,0,2,2,2,0,1,1,1,1,1,0,2,2,2,0,1,1,1,1,1,2,2,2,2,2,1,1,1,1,1,2,2,2,2,2,1,1,1,1,1,2,2,2,2,2,1,1,1,1,1,2,2,2,2,2,1,1,1,1,1,2,2,2,2,2,1,1,1,1,1,2,2,2,2,2,1,1,1,1,1,2,2,2,2,2,1,1,1,1,1,0,2,1,0,0,1,1,1,1,1,0,0,1,1,1,1,1,1,1,1,1,1,1,1,1,1,1,1,1,1,1,1,1,1,1,1,1,1,1,1,1,1,1,1,1,1,1,1,1,1]",835924079e65dd2563ce5ee6c49a6d3b99069255daeceb47514472551bf65d69,77566fe802490badf79dfd9096583b3144e3b8d6230d0b976550e1936577e07d,improved_campaign_offspring,C000513,,2,boundary_growth:small,0.005555555555555556,[132],1,L-SEED,completed,valid,[],,0.9844706985359483,0.08085596581705676,B6,2026-08-08T03:10:39.409+02:00,2026-08-08T03:10:39.409+02:00,2026-08-08T03:13:55.988+02:00
663,C000663,improved_dataset_1000_20260807_001,21,663,"[0,1,1,1,1,1,1,1,1,1,0,1,1,0,1,1,1,1,1,1,0,0,0,0,0,1,1,1,1,1,0,2,2,2,0,1,1,0,1,1,0,2,2,2,0,1,1,1,1,1,0,2,2,2,0,1,1,1,1,1,2,2,2,2,2,1,1,1,1,1,2,2,2,2,2,1,1,1,1,1,2,2,2,2,2,1,1,1,1,1,2,2,2,2,2,1,1,1,1,1,2,2,2,2,2,1,1,1,1,1,2,2,2,2,2,1,1,1,1,1,2,2,2,2,2,1,1,1,1,1,0,2,2,0,0,1,1,1,1,1,0,0,1,1,1,1,1,1,1,1,1,1,1,1,1,1,1,1,1,1,1,1,1,1,1,1,1,1,1,1,1,1,1,1,1,1,1,1,1,1]",7e32e43a9124bc70498cd722d44f9f6063641b2c8fe59112342882f0b63cba53,1a9b312c2ee13f9aee206ead7c6f2c36227d657cf8e6d155dd2539034b26dd7e,improved_campaign_offspring,C000513,,3,connected_region_repaint:small,0.005555555555555556,[37],1,L-SEED,completed,valid,[],,0.9821436148622763,0.08314764058261533,B6,2026-08-08T03:10:39.607+02:00,2026-08-08T03:10:39.607+02:00,2026-08-08T03:13:55.988+02:00
664,C000664,improved_dataset_1000_20260807_001,21,664,"[0,1,1,1,1,1,1,1,1,1,0,1,1,0,1,1,1,1,1,1,0,0,0,0,0,1,1,1,1,1,0,2,2,2,0,1,1,1,1,1,0,2,2,2,0,1,1,1,1,1,0,2,2,2,0,1,1,1,1,1,2,2,2,2,2,1,1,1,1,1,2,2,2,2,2,1,1,1,1,1,2,2,2,2,2,1,1,1,1,1,2,2,2,2,2,1,1,1,1,1,2,2,2,2,2,1,1,1,1,1,2,2,2,2,2,1,1,1,1,1,2,2,2,2,2,1,1,1,1,1,0,2,2,1,1,1,1,1,1,1,0,0,1,1,1,1,1,1,1,1,1,1,1,1,1,1,1,1,1,1,1,1,1,1,1,1,1,1,1,1,1,1,1,1,1,1,1,1,1,1]",5e00a520dd2affc990941845dd2b1be800362cd93d86cd88704fc1db819bef3c,639c7f7a052aafb63d56e5f3dd089bb839b02b34b25cffd3958d1aba92dc4548,improved_campaign_offspring,C000513,,4,boundary_growth:small,0.011111111111111112,"[133,134]",2,L-SEED,completed,valid,[],,0.9836730375774054,0.08186055511761077,B6,2026-08-08T03:10:39.727+02:00,2026-08-08T03:10:39.727+02:00,2026-08-08T03:13:55.988+02:00
665,C000665,improved_dataset_1000_20260807_001,21,665,"[0,1,1,1,1,1,1,1,1,1,0,1,1,0,1,1,1,1,1,1,0,0,0,0,1,1,1,1,1,1,0,2,2,2,0,1,1,1,1,1,0,2,2,2,0,1,1,1,1,1,0,2,2,2,0,1,1,1,1,1,2,2,2,2,2,1,1,1,1,1,2,2,2,2,2,1,1,1,1,1,2,2,2,2,2,1,1,1,1,1,2,2,2,2,2,1,1,1,1,1,2,2,2,2,2,1,1,1,1,1,2,2,2,2,2,1,1,1,1,1,2,2,2,2,2,1,1,1,1,1,0,2,2,0,0,1,1,1,1,1,0,0,0,1,1,1,1,1,1,1,1,1,1,1,1,1,1,1,1,1,1,1,1,1,1,1,1,1,1,1,1,1,1,1,1,1,1,1,1,1]",e4505c1e9d3b98903610fd07b2b4d219b6ba7d799f6ab84323583fb65b6ca63c,69718b752e6dc8cc2b3670f089e67a88873cbfff7e9acbf61b6104674581b849,improved_campaign_offspring,C000572,,5,boundary_growth:small,0.005555555555555556,[24],1,L-SEED,completed,valid,[],,0.9892056238086009,0.07572706297118846,B6,2026-08-08T03:10:39.979+02:00,2026-08-08T03:10:39.979+02:00,2026-08-08T03:13:56.004+02:00
666,C000666,improved_dataset_1000_20260807_001,21,666,"[2,1,1,1,1,1,1,1,1,1,2,1,1,1,1,1,1,1,1,1,2,2,2,0,0,1,1,1,1,1,2,0,2,2,0,1,1,1,1,1,2,0,0,0,0,1,1,1,1,1,2,2,0,0,0,0,1,1,1,1,0,0,0,1,1,1,1,1,1,1,0,0,0,1,0,0,1,1,1,1,0,0,1,1,0,1,1,1,1,1,0,1,1,1,1,1,1,1,1,1,1,1,1,1,1,1,1,1,1,1,1,1,1,1,1,1,1,1,1,1,0,1,1,1,1,1,1,0,1,1,0,0,1,1,1,1,0,0,1,1,0,0,1,1,1,1,0,0,0,1,0,0,1,1,0,0,0,0,0,1,0,0,0,0,0,0,0,0,1,1,0,0,0,0,0,0,0,0,1,1]",0112eeb0fe52cbab4cafa1740d5d8cd6a3eeb8963a27b43c493a151e82981c76,cf55c1cdf612e6576153acc2faa153863717921a8ce4e7de8cba389408cef80c,improved_campaign_offspring,C000519,,1,rectangular_patch:small,0.016666666666666666,"[63,64,73]",3,L-SEED,completed,valid,[],,0.9894932840837865,0.12062703451681796,B6,2026-08-08T03:13:56.275+02:00,2026-08-08T03:13:56.275+02:00,2026-08-08T03:18:34.590+02:00
667,C000667,improved_dataset_1000_20260807_001,21,667,"[0,0,0,0,0,0,0,0,0,0,0,0,0,0,0,0,0,0,0,0,0,0,0,0,0,0,0,0,0,0,0,0,2,2,0,0,0,0,0,0,0,0,0,2,0,0,0,0,0,0,0,0,0,2,2,0,0,0,0,0,0,0,0,2,0,0,0,0,0,0,0,0,0,0,0,0,0,0,0,0,0,0,0,0,0,0,0,0,0,0,0,0,0,0,0,0,0,0,0,0,0,0,0,0,0,0,0,0,0,0,0,0,0,0,0,0,0,0,0,0,0,0,0,0,0,0,0,0,0,0,0,0,0,0,0,1,2,0,0,0,0,0,1,0,1,1,2,2,2,2,0,0,1,1,1,1,2,2,0,2,1,1,1,1,0,1,2,2,2,2,1,1,2,2,2,2,1,1,2,2]",4467ccda58b2ab126074046b7f5a95b44adf29292736e4fb0b5673256aa90a0c,334dcc99aa1223848bde30486f35b1a2b681a749bb01f27282ffb2c2b033d2ec,improved_campaign_offspring,C000637,,2,boundary_growth:medium,0.05555555555555555,"[80,90,91,100,101,103,110,111,112,113,114,120,121,122,123,124,130,131,132,133,134,143]",22,L-SEED,completed,valid,[],,0.028365442622299716,9.852973895976787,B1,2026-08-08T03:13:56.535+02:00,2026-08-08T03:13:56.535+02:00,2026-08-08T03:18:34.590+02:00
668,C000668,improved_dataset_1000_20260807_001,21,668,"[2,1,1,1,1,1,1,1,1,1,2,1,1,1,1,1,1,1,1,1,2,2,2,0,0,1,1,1,1,1,2,0,2,2,0,1,1,1,1,1,2,0,0,0,0,1,1,1,1,1,2,2,0,0,0,0,1,1,1,1,0,0,0,0,0,1,1,1,1,1,0,0,0,0,0,0,1,1,1,1,0,0,1,1,0,1,1,1,1,1,0,1,1,1,1,1,1,1,1,1,1,1,1,1,1,1,1,1,1,1,1,1,1,1,1,1,1,1,1,1,1,1,1,1,1,1,1,0,1,1,1,1,1,1,1,1,0,0,1,1,1,0,1,1,1,1,0,0,0,1,1,1,1,1,0,0,0,0,0,1,1,0,0,0,0,0,0,0,1,1,1,0,0,0,0,0,0,0,1,1]",53e65a424d6cdc8ac9dec81a84a834811a70eb4d2f377df656c455eadebe06b9,68975e7849b8cb0db8707225f1dfc066e9251a124d8bd3890edbcd5cc85c49ec,improved_campaign_offspring,C000519,,3,connected_region_repaint:medium,0.044444444444444446,"[120,130,131,140,150,151,160,170]",8,L-SEED,completed,valid,[],,0.9957060097518938,0.11716313749915763,B6,2026-08-08T03:13:56.657+02:00,2026-08-08T03:13:56.657+02:00,2026-08-08T03:18:34.606+02:00
669,C000669,improved_dataset_1000_20260807_001,21,669,"[2,1,1,1,1,1,1,1,1,1,2,1,1,1,1,1,1,1,1,1,2,2,2,0,0,1,1,1,1,1,2,0,2,2,0,1,1,1,1,1,2,0,0,0,0,1,1,1,1,1,2,2,0,0,0,0,1,1,1,1,0,0,0,0,0,1,1,1,1,1,0,1,0,0,0,0,1,1,1,1,1,1,1,1,0,1,1,1,1,1,1,1,1,1,1,1,1,1,1,1,1,1,1,1,1,1,1,1,1,1,1,1,1,1,1,1,1,1,1,1,1,1,1,1,1,1,1,0,1,1,1,1,1,1,1,1,1,1,1,1,1,1,1,1,1,1,1,1,1,1,1,1,1,1,1,1,1,1,1,1,1,1,1,1,1,1,1,1,1,1,1,1,1,1,1,1,1,1,1,1]",8fbf421d13ac4301db1680009689b53c8680dcfe486a83a39621f9ae29ba6907,b8aa2bd45b0ec37d17a7480100fc1e6d3cb142370c3c231966e14bb19388bdb6,improved_campaign_offspring,C000610,,4,boundary_growth:large,0.18333333333333332,"[120,130,131,136,137,140,141,146,147,148,150,151,154,155,156,157,158,160,161,162,163,164,165,166,167,170,171,172,173,174,175,176,177]",33,L-SEED,completed,valid,[],,0.9957378105342454,0.12113061886436352,B6,2026-08-08T03:13:56.851+02:00,2026-08-08T03:13:56.851+02:00,2026-08-08T03:18:34.606+02:00
670,C000670,improved_dataset_1000_20260807_001,21,670,"[2,1,1,1,1,1,1,1,1,1,2,1,1,1,1,1,1,1,1,1,2,2,2,0,0,1,1,1,1,1,2,0,0,0,0,1,1,1,1,1,2,0,0,0,0,1,1,1,1,1,2,2,0,0,0,0,1,1,1,1,0,0,0,0,0,1,1,1,1,1,0,1,0,0,0,0,1,1,1,1,1,1,1,1,0,1,1,1,1,1,1,1,1,1,1,1,1,1,1,1,1,1,1,1,1,1,1,1,1,1,1,1,1,1,1,1,1,1,1,1,0,1,1,1,1,1,1,0,1,1,0,0,1,1,1,1,0,0,1,1,0,0,1,1,1,1,0,0,0,1,0,0,1,1,0,0,0,0,0,1,0,0,0,0,0,0,0,0,1,1,0,0,0,0,0,0,0,0,1,1]",e2ea95e3b9078c8bd11ee635093a957f4c6222e073f784d04ad6bab8186a680a,bfef5faf31eaa238a20b10299b7cb0ce96f9e85767c9063a3fbeffd5c9af9a44,improved_campaign_offspring,C000610,,5,boundary_growth:small,0.011111111111111112,"[32,33]",2,L-SEED,completed,valid,[],,0.9951302892880135,0.119145083794354,B6,2026-08-08T03:13:56.974+02:00,2026-08-08T03:13:56.974+02:00,2026-08-08T03:18:34.621+02:00
671,C000671,improved_dataset_1000_20260807_001,21,671,"[2,2,2,2,2,2,2,2,2,0,2,2,2,2,2,2,2,2,2,2,2,2,2,2,2,2,2,2,2,0,2,2,2,2,2,2,2,2,2,2,2,2,2,2,2,2,2,2,2,2,0,2,2,2,2,2,2,2,2,2,2,2,2,2,2,2,2,2,2,1,2,2,2,2,2,2,1,1,1,1,2,2,2,2,2,2,2,1,1,1,0,0,0,0,2,2,2,1,1,1,0,0,0,0,2,2,2,1,1,1,0,0,0,0,2,2,1,1,1,1,0,0,0,0,2,2,1,0,1,1,0,0,0,0,0,0,0,0,1,1,0,0,0,0,0,0,0,0,0,1,0,0,0,0,0,0,0,0,0,1,0,0,0,0,0,0,0,0,0,1,0,0,0,0,0,0,0,0,1,1]",cdbf7eb89e88eccaec4bb369ec02cdf004ab44783b5fa8a6ed82010fa977616f,eb0b356e9f5d331575d060c19314132facaed825cef533248c2bad07a352eca5,improved_campaign_offspring,C000584,,1,boundary_growth:small,0.005555555555555556,[168],1,L-SEED,completed,valid,[],,0.12984145521708468,8.614782652715888,B1,2026-08-08T03:18:34.890+02:00,2026-08-08T03:18:34.890+02:00,2026-08-08T03:23:09.290+02:00
672,C000672,improved_dataset_1000_20260807_001,21,672,"[2,2,2,2,2,2,2,2,2,0,2,2,2,2,2,2,2,2,2,2,2,2,2,2,2,2,2,2,2,0,2,2,2,2,2,2,2,2,2,2,2,2,2,2,2,2,2,2,2,2,0,2,2,2,2,2,2,2,2,2,2,2,2,2,2,2,2,2,2,1,2,2,2,2,2,2,1,1,1,1,2,2,2,2,2,2,1,1,1,1,0,0,0,0,2,2,1,1,1,1,0,0,0,0,2,2,1,1,1,1,0,0,0,0,2,2,1,1,1,1,0,0,0,0,2,2,1,0,1,1,0,0,0,0,0,0,0,0,1,1,0,0,0,0,0,0,0,0,0,1,0,0,0,0,0,0,0,0,0,1,0,0,0,0,0,0,0,0,1,1,0,0,0,0,0,0,0,0,1,1]",abe3f1a537d9dbd65f6d86cd45132ffdc87772425431027cf4b70bc523feb205,78369df8612f40c87c197f544eff17d15c48a4bfac15ace60dc8c9b0b0e321c6,improved_campaign_offspring,C000584,,2,boundary_growth:small,0.016666666666666666,"[86,96,106]",3,L-SEED,completed,valid,[],,0.12864175998718305,8.623702023135031,B1,2026-08-08T03:18:35.022+02:00,2026-08-08T03:18:35.022+02:00,2026-08-08T03:23:09.300+02:00
673,C000673,improved_dataset_1000_20260807_001,21,673,"[2,1,1,1,1,1,1,1,1,1,2,1,1,1,1,1,1,1,1,1,2,2,2,2,2,1,1,1,1,1,2,2,2,2,2,1,1,1,1,1,2,2,2,2,2,1,1,1,1,1,2,2,2,2,2,2,1,1,1,1,2,2,2,2,2,2,1,1,1,1,2,2,2,2,2,2,1,1,1,1,2,2,2,2,2,2,1,1,1,1,2,2,2,2,2,1,1,1,1,1,2,0,2,2,2,1,1,1,1,1,2,2,1,1,1,1,1,1,1,1,1,1,1,1,1,1,1,1,1,1,1,1,1,1,1,1,0,1,1,1,1,1,1,1,1,1,1,1,1,1,1,1,0,0,0,1,1,1,1,1,1,0,0,0,1,1,1,1,1,1,1,1,1,0,0,1,1,1,1,1]",151760225497aa246835bd52776d36675d214de9e883f8103c692a65aad30d78,582bb0f0965334c5b05c7e39749e46f98569f80e69c847341b95bde55c6f5c3b,improved_campaign_offspring,C000582,,3,boundary_growth:small,0.022222222222222223,"[90,100,101,110,111]",5,L-SEED,completed,valid,[],,0.9919006670712098,0.12443726650940105,B6,2026-08-08T03:18:35.153+02:00,2026-08-08T03:18:35.153+02:00,2026-08-08T03:23:09.300+02:00
674,C000674,improved_dataset_1000_20260807_001,21,674,"[2,2,2,2,1,1,1,1,1,1,2,0,2,2,2,1,1,1,1,1,2,2,2,2,2,1,1,1,1,1,2,2,2,2,2,1,1,1,1,1,2,2,2,2,2,1,1,1,1,1,2,2,2,2,2,2,1,1,1,1,2,2,2,2,2,2,1,1,1,1,2,2,2,2,2,2,1,1,1,1,2,2,2,2,2,2,1,1,1,1,1,2,2,2,2,1,1,1,1,1,1,1,2,2,2,1,1,1,1,1,1,1,1,1,1,1,1,1,1,1,1,1,1,1,1,1,1,1,1,1,1,1,1,1,1,1,0,1,1,1,1,1,1,1,1,1,1,1,1,1,1,1,0,0,0,1,1,1,1,1,1,0,0,0,1,1,1,1,1,1,1,1,1,0,0,1,1,1,1,1]",d27891a01b2f2ba984f35f3a51d604fc3bd831c7ea7ed415f23eecd625a24fb9,6c66f062ff336c68e9cd6d31982eef26320903142265b9a8cab974ecbf7e1316,improved_campaign_offspring,C000582,,4,connected_region_repaint:medium,0.03333333333333333,"[1,2,3,11,12,13,14]",7,L-SEED,completed,valid,[],,0.9246052236194993,0.42425863094897304,B6,2026-08-08T03:18:35.358+02:00,2026-08-08T03:18:35.358+02:00,2026-08-08T03:23:09.300+02:00
675,C000675,improved_dataset_1000_20260807_001,21,675,"[2,1,1,1,1,1,1,1,1,1,2,1,1,1,1,1,1,1,1,1,2,2,2,2,2,1,1,1,1,1,2,2,2,2,2,1,1,1,1,1,2,2,2,2,2,1,1,1,1,1,2,2,2,2,2,2,1,1,0,1,2,2,2,2,2,2,1,1,0,1,2,2,2,2,2,2,1,1,0,1,2,2,2,2,2,2,1,1,1,1,1,2,2,2,2,1,1,1,1,1,1,1,2,2,2,1,1,1,1,1,1,1,1,1,1,1,1,1,1,1,1,1,1,1,1,1,1,1,1,1,1,1,1,1,1,1,0,1,1,1,1,1,1,1,1,1,1,1,1,1,1,1,0,0,0,1,1,1,1,1,1,0,0,0,1,1,1,1,1,1,1,1,1,0,0,1,1,1,1,1]",14faaea85948f5091e7674029c7ed373461eb1d3aa41f66b3086e80c77e9b1e2,871d22ec58cba370e7595720dbbb16bb1b5716bbd4a6edc02cd94c18decb12d9,improved_campaign_offspring,C000582,,5,connected_region_repaint:small,0.016666666666666666,"[58,68,78]",3,L-SEED,completed,valid,[],,0.9578517392145047,0.13422921071090244,B6,2026-08-08T03:18:35.461+02:00,2026-08-08T03:18:35.461+02:00,2026-08-08T03:23:09.317+02:00
676,C000676,improved_dataset_1000_20260807_001,21,676,"[0,0,0,0,0,0,0,0,0,0,2,2,0,0,1,0,2,2,2,0,2,0,0,0,1,1,2,2,2,0,2,1,1,1,1,0,2,0,0,0,0,1,1,1,1,1,1,1,0,0,0,1,1,1,1,1,1,1,0,0,0,0,0,1,1,0,0,0,0,0,0,0,0,1,1,1,1,0,0,0,0,0,0,1,1,1,1,1,0,0,2,0,0,1,1,1,1,1,1,1,2,2,0,0,1,1,1,1,1,1,2,2,0,0,1,0,1,1,1,1,2,2,0,0,1,0,1,1,1,1,2,2,1,0,0,1,1,1,1,1,0,0,1,1,1,1,1,1,1,1,1,1,1,1,1,1,1,1,1,1,1,1,1,1,1,1,1,1,1,1,1,1,1,1,1,1,1,1,1,1]",1a26ae5d4c44545dbc0aa600cfa79cbfbf535363504c4725ed411f57b3537173,a7daa71f65481433f5d39d10e8cc63e861d1d110a0ef55ace19c0b4d64a84102,improved_campaign_offspring,C000646,,1,rectangular_patch:medium,0.03888888888888889,"[16,17,18,26,27,28,36]",7,L-SEED,completed,valid,[],,0.3027132545253049,7.880427613782469,B1,2026-08-08T03:23:09.674+02:00,2026-08-08T03:23:09.674+02:00,2026-08-08T03:37:23.546+02:00
677,C000677,improved_dataset_1000_20260807_001,21,677,"[2,2,2,2,2,0,0,2,0,1,2,2,2,2,2,2,2,2,2,1,2,2,2,2,2,2,2,1,1,1,0,0,0,0,2,0,2,1,1,1,0,0,0,0,0,2,2,2,2,1,0,0,0,0,0,0,1,0,1,1,0,2,1,0,1,0,1,1,1,1,2,2,1,1,1,0,0,0,1,1,2,2,2,1,1,1,1,1,1,1,2,1,1,1,1,1,1,1,1,1,1,1,1,1,1,1,1,0,0,0,2,1,1,0,2,2,0,0,0,0,2,2,1,1,2,2,0,0,0,0,2,1,1,0,0,1,1,0,0,0,0,0,1,1,1,0,1,2,2,2,1,1,1,1,1,1,1,2,0,2,1,1,1,1,0,1,1,1,2,2,1,1,1,1,1,1,1,1,2,2]",50cde74588f225d96a0034251e15603d9c3623f53961fd96a0824dacad1d65bc,4978ea9e651c380537e4aa791984964e8f49fbfcd03497553da78194a733c7e4,improved_campaign_offspring,C000528,,2,connected_region_repaint:small,0.005555555555555556,[56],1,L-SEED,completed,valid,[],,0.32261941134502975,7.9902237231915745,B1,2026-08-08T03:23:09.790+02:00,2026-08-08T03:23:09.790+02:00,2026-08-08T03:37:23.546+02:00
678,C000678,improved_dataset_1000_20260807_001,21,678,"[0,0,0,0,0,0,0,0,0,0,0,0,0,0,0,0,0,0,0,0,0,0,0,0,0,0,0,0,0,0,0,0,0,0,0,0,0,0,0,0,2,0,2,2,0,0,0,0,0,0,2,2,2,2,0,0,0,0,0,0,2,0,2,2,2,0,0,0,2,2,2,2,2,2,0,0,0,0,2,2,2,0,2,2,2,0,0,0,0,2,0,0,2,2,2,0,0,0,0,2,0,0,0,2,0,0,0,0,0,0,0,0,2,2,0,0,0,0,0,0,0,0,2,2,0,0,0,0,0,0,1,1,1,0,0,1,1,0,0,0,0,0,1,1,1,1,1,1,1,1,1,1,1,1,1,1,1,1,0,1,1,2,1,1,0,1,1,1,2,2,2,2,2,1,0,0,1,1,2,2]",df4228b3af67f13bb80e219c0205d748afedfa2577d12218c21c6d340253d486,12249685468d436684d5940e5d352b9e4a61fe4bf48698a73ebc47a301eeb5ee,improved_campaign_offspring,C000437,,3,connected_region_repaint:large,0.08888888888888889,"[67,74,75,76,77,85,86,87,88,95,96,97,98,104,105,106,107]",17,L-SEED,completed,valid,[],,0.055678527929930714,9.481214370263904,B1,2026-08-08T03:23:10.076+02:00,2026-08-08T03:23:10.076+02:00,2026-08-08T03:37:23.546+02:00
679,C000679,improved_dataset_1000_20260807_001,21,679,"[2,2,2,2,2,0,0,2,0,1,2,2,2,2,2,2,2,2,2,1,2,2,2,2,2,2,2,1,1,1,0,0,0,0,2,0,2,1,1,1,0,0,0,0,0,2,2,2,2,1,0,0,0,1,0,0,0,0,1,1,0,2,1,1,1,0,1,1,1,1,2,2,1,1,1,0,0,0,1,1,2,2,2,1,1,1,1,1,1,1,2,1,1,1,1,1,1,1,1,1,1,1,1,1,1,1,1,0,0,0,2,1,1,0,2,2,0,0,0,0,2,2,1,1,2,2,0,0,0,0,2,1,1,0,0,1,1,0,0,0,0,0,1,1,1,0,1,2,2,2,1,1,1,1,1,1,1,2,0,2,1,1,1,1,0,1,1,1,2,2,1,1,1,1,1,1,1,1,2,2]",c72ac6f9db68341ebeaa90bc822d36f7e4af269a99ae8b72561595dd3e850cc1,25a70f219a9f3e57386717c34677099ac548dd424a09e52d72c9f22793d62e75,improved_campaign_offspring,C000528,,4,boundary_growth:small,0.011111111111111112,"[53,63]",2,L-SEED,completed,valid,[],,0.3230594780753323,7.995041148504614,B1,2026-08-08T03:23:10.208+02:00,2026-08-08T03:23:10.208+02:00,2026-08-08T03:37:23.561+02:00
680,C000680,improved_dataset_1000_20260807_001,21,680,"[0,0,0,0,0,0,0,0,0,0,2,2,0,0,1,0,0,0,0,0,2,0,0,0,1,1,0,0,0,0,2,1,0,0,1,0,0,0,0,0,0,1,1,1,1,1,1,1,0,0,0,1,1,1,1,1,1,1,0,0,0,0,0,1,1,1,0,0,0,0,0,0,0,1,1,1,1,0,0,0,0,0,0,1,1,1,1,1,0,0,2,0,0,1,1,1,1,1,1,1,2,2,2,0,1,1,1,1,1,1,2,2,2,0,1,0,1,1,1,1,2,2,2,0,1,0,1,1,1,1,2,2,1,0,0,1,1,1,1,1,0,0,1,1,1,1,1,1,1,1,1,1,1,1,1,1,1,1,1,1,1,1,1,1,1,1,1,1,1,1,1,1,1,1,1,1,1,1,1,1]",cf02d120db5598371c2671ac88ce51c9f2d92ed6d196109545116d3582ea6eb0,a0a210e29db9beb2ceba9cf00f8cbd50c2a8f9d04fbb0a097f9ae01fb534b2e8,improved_campaign_offspring,C000620,,5,boundary_growth:small,0.005555555555555556,[65],1,L-SEED,completed,valid,[],,0.42732741226810844,6.143497646827751,B1,2026-08-08T03:23:10.339+02:00,2026-08-08T03:23:10.339+02:00,2026-08-08T03:37:23.569+02:00
681,C000681,improved_dataset_1000_20260807_001,21,681,"[2,2,2,2,2,2,2,2,0,0,2,2,2,2,2,2,0,0,0,0,2,2,2,2,2,0,0,0,0,2,2,2,2,2,0,0,2,2,2,2,2,2,2,2,0,0,2,0,2,2,2,2,2,2,2,2,2,2,0,2,0,2,2,2,2,2,2,2,0,2,0,0,2,0,0,2,2,2,2,2,0,0,0,0,2,2,2,2,2,2,0,0,0,2,2,2,2,2,2,2,0,0,0,0,0,0,2,2,2,2,0,0,0,0,0,0,0,2,2,2,0,0,0,0,0,0,0,2,0,2,0,0,0,0,0,0,0,0,0,2,0,0,0,0,0,0,0,0,2,0,0,0,0,0,0,0,0,0,2,2,0,1,1,0,0,0,0,1,2,1,0,0,1,0,0,0,0,1,1,1]",b7d89926e4eee052bda96f47fdd269a78d5a4fdeb2f2d4b5784e017ba455b4e5,e3a95975ba8f70f2c072e3b9661330522de463e93189fa3497dad9ac35a63e44,improved_campaign_offspring,C000412,,1,connected_region_repaint:small,0.005555555555555556,[58],1,L-SEED,completed,valid,[],,0.061022512806702636,9.369478698441135,B1,2026-08-08T03:37:23.859+02:00,2026-08-08T03:37:23.859+02:00,2026-08-08T03:40:22.125+02:00
682,C000682,improved_dataset_1000_20260807_001,21,682,"[0,0,0,0,0,0,2,2,2,2,0,0,0,0,0,0,2,2,2,2,0,0,0,0,0,0,2,2,2,2,0,0,0,0,0,0,2,0,0,0,0,0,0,0,0,0,0,0,0,0,0,0,0,0,0,0,0,0,0,0,0,0,0,0,0,0,0,0,0,0,0,0,0,0,0,0,0,0,0,0,0,0,0,0,0,0,0,0,0,0,0,0,0,0,0,0,0,0,0,0,2,2,0,0,0,0,0,0,0,0,2,2,2,0,0,0,0,0,0,0,2,0,0,0,0,0,0,0,0,0,2,2,0,0,0,0,0,0,0,0,2,2,0,0,0,0,0,0,0,0,1,2,0,0,0,0,0,0,0,1,1,2,0,0,0,0,0,0,0,1,1,1,0,0,0,0,0,1,1,1]",e25e3df1dd05ce4e5bd4f1d5e623fdb5d416832ccce4229e934e259e2aff9de4,4b6160b544386a1ae99ec30448fbf30263963b129e422ae2596e146672bbbe53,improved_campaign_offspring,C000621,,2,rectangular_patch:large,0.2222222222222222,"[122,132,142,152,153,154,155,156,162,163,164,165,166,167,168,172,173,174,175,176]",20,L-SEED,completed,valid,[],,0.051589529173703366,9.682067946448763,B1,2026-08-08T03:37:23.981+02:00,2026-08-08T03:37:23.981+02:00,2026-08-08T03:40:22.125+02:00
683,C000683,improved_dataset_1000_20260807_001,21,683,"[2,0,0,0,0,0,0,0,0,0,2,0,0,0,0,0,0,0,0,0,2,2,2,2,2,2,2,0,0,0,0,0,2,2,2,2,2,0,0,0,0,0,0,2,2,2,0,0,0,0,0,0,0,0,0,0,0,0,0,0,0,0,0,0,0,0,0,2,0,0,0,0,0,0,2,2,0,2,0,0,0,0,0,2,0,2,2,2,2,0,0,2,2,2,2,2,2,2,2,2,2,2,2,0,0,2,2,2,1,1,2,2,2,0,2,2,2,1,1,1,2,2,2,2,2,2,2,2,1,1,2,2,2,2,2,2,2,2,1,1,2,2,2,2,2,2,2,2,2,1,2,2,2,2,2,2,2,2,2,1,2,0,2,2,2,2,2,2,1,1,0,2,2,2,2,2,2,0,1,1]",2c104531ffdf4189eefa1db427b34dc2ddd7f9f355ee32ee8b19b3e06ed0cf9a,2c9a3cffe9294d56787b06b653e75ac6df16bafbc01fe482cb45181875f2fc4a,improved_campaign_offspring,C000442,,3,connected_region_repaint:small,0.005555555555555556,[161],1,L-SEED,completed,valid,[],,0.086928863946149,9.12596784023722,B1,2026-08-08T03:37:24.113+02:00,2026-08-08T03:37:24.113+02:00,2026-08-08T03:40:22.141+02:00
684,C000684,improved_dataset_1000_20260807_001,21,684,"[2,2,2,2,2,0,0,0,0,0,0,2,2,0,0,0,0,0,0,0,0,2,0,0,0,0,0,0,0,0,0,2,0,0,0,0,0,0,0,0,0,2,2,2,0,0,0,0,0,0,0,2,0,0,0,0,0,0,0,0,0,2,2,0,0,0,0,2,2,2,0,0,2,0,0,0,0,2,2,2,0,0,0,0,0,0,0,2,2,2,0,0,0,0,0,2,0,0,2,2,2,0,0,2,2,2,0,0,0,0,2,0,0,2,2,2,0,0,0,0,2,2,2,2,2,2,0,0,0,0,2,2,2,2,2,2,0,0,0,0,2,2,2,2,2,2,0,0,0,0,2,2,2,2,2,2,0,0,0,0,0,1,1,0,0,0,0,1,0,1,0,0,1,0,0,0,0,1,1,1]",9c136150219049722d51cbb469c067b55a27be86e2900ea2a2e1221e034e31f0,6fab70dc9b6b8cdf316d419ba8564b821d7305628ca7065ba6ab3dfcd9aa475b,improved_campaign_offspring,C000322,,4,connected_region_repaint:large,0.2222222222222222,"[5,6,7,13,14,15,16,17,18,22,23,24,25,26,27,28,32,33,35,36,37,38,39,45,46,47,48,49,52,53,54,55,56,57,58,63,64,65,66,75,76,85]",42,L-SEED,completed,valid,[],,0.06243555499098533,9.407432044802341,B1,2026-08-08T03:37:24.244+02:00,2026-08-08T03:37:24.244+02:00,2026-08-08T03:40:22.141+02:00
685,C000685,improved_dataset_1000_20260807_001,21,685,"[2,2,2,2,2,2,2,2,2,2,0,2,2,2,2,2,2,2,2,2,0,2,2,2,2,2,2,2,2,2,0,2,2,2,2,2,2,2,2,2,0,2,2,2,2,2,2,2,2,2,0,2,2,2,2,2,2,2,2,2,2,2,2,2,2,2,2,2,2,0,2,0,2,0,0,0,2,2,2,0,2,0,2,2,0,0,0,2,0,0,0,0,0,0,0,2,2,2,2,0,2,2,0,0,0,2,2,2,2,2,2,2,2,2,2,0,0,2,2,2,2,0,2,2,2,2,2,2,2,2,2,1,1,1,2,2,2,1,2,2,2,2,1,0,0,0,2,1,2,1,1,1,1,1,2,2,2,1,1,1,1,1,1,1,2,1,2,1,1,1,1,1,1,1,1,1,2,1,1,1]",6db238df6ce59636343e13541a16e918d2077128fc994598a1363a8f2e8b5705,46be3f93c81a8e1c649e04db42b2572bfab359fb4fae023f0ed294c56f226a54,improved_campaign_offspring,C000561,,5,connected_region_repaint:small,0.022222222222222223,"[74,75,85,86]",4,L-SEED,completed,valid,[],,0.062156053806736056,9.394626432857024,B1,2026-08-08T03:37:24.382+02:00,2026-08-08T03:37:24.382+02:00,2026-08-08T03:40:22.141+02:00
686,C000686,improved_dataset_1000_20260807_001,21,686,"[2,2,2,2,2,2,2,2,0,0,0,2,2,2,2,2,0,2,0,0,0,2,2,2,2,2,0,0,0,0,0,2,2,2,0,2,2,0,0,0,0,2,2,2,0,0,0,0,0,0,0,2,2,2,2,2,2,0,0,0,0,2,2,2,2,2,2,0,0,0,0,1,2,0,0,1,1,0,0,0,1,1,0,0,0,0,1,1,1,0,1,1,1,1,0,0,1,1,1,1,1,1,1,1,1,1,1,1,1,1,1,1,1,1,1,1,1,1,1,1,1,1,0,1,1,1,1,1,1,1,1,1,1,1,1,1,1,1,1,1,1,1,1,1,1,1,0,1,1,1,1,1,1,0,0,0,0,0,1,1,1,1,1,1,0,0,0,0,0,0,1,1,1,1,1,0,0,0,0,0]",d458e234446f7ea77fed63fb9e1e7f08644062a3eb180a5e366b075212fe3d39,4a11bb088b6ed3845b6e570af540e5a57015a7c61a6e73c0d7b60335ab6d9eef,improved_campaign_offspring,C000479,,1,boundary_growth:large,0.1,"[16,18,26,27,28,29,37,39,45,46,47,48,49,57,58,67,68,77,78]",19,L-SEED,completed,valid,[],,0.1386870692405852,8.508488091990133,B1,2026-08-08T03:40:22.422+02:00,2026-08-08T03:40:22.422+02:00,2026-08-08T03:42:54.382+02:00
687,C000687,improved_dataset_1000_20260807_001,21,687,"[0,0,0,0,0,0,0,0,0,0,0,0,0,0,0,0,0,0,2,0,0,0,0,0,2,0,0,2,2,0,0,0,0,0,2,0,2,2,2,0,0,2,0,2,2,2,2,2,2,0,0,2,2,2,2,2,2,2,2,0,0,2,2,2,0,2,2,2,2,0,0,2,0,0,0,0,1,1,0,0,0,0,0,0,0,0,1,1,0,0,0,0,0,0,0,0,1,1,1,1,2,0,0,0,0,0,1,1,1,1,2,2,0,0,0,0,1,1,1,1,2,2,2,2,0,0,1,0,1,1,2,2,2,2,0,0,2,2,1,1,0,0,0,2,2,2,0,2,0,1,0,0,0,2,0,0,0,2,2,1,0,0,0,0,0,0,0,2,1,1,0,0,0,0,0,0,0,2,1,1]",152b9ecd571f86cae6dff6f69cd46da8808e04a3d141f1df00cfefeaa5194675,e1cba0d6cba8b8f8807d9b812d3b3653ab9f38c9c8ab2c76fbfe2da366809a66,improved_campaign_offspring,C000299,,2,connected_region_repaint:small,0.022222222222222223,"[78,79,88,89]",4,L-SEED,completed,valid,[],,0.11319536138192048,8.792837280689586,B1,2026-08-08T03:40:22.544+02:00,2026-08-08T03:40:22.544+02:00,2026-08-08T03:42:54.382+02:00
688,C000688,improved_dataset_1000_20260807_001,21,688,"[0,0,0,0,0,0,2,2,2,2,0,0,0,0,2,2,2,2,2,2,0,2,2,0,0,2,2,2,2,2,0,2,2,2,0,2,2,2,2,2,0,2,2,2,0,2,2,2,2,2,0,2,2,2,2,2,2,2,2,0,0,2,2,2,2,2,2,2,2,2,0,0,2,0,0,2,2,2,2,2,0,0,0,0,0,2,0,2,2,2,0,0,0,0,0,2,0,0,2,2,0,0,0,0,0,0,0,0,1,1,1,1,0,0,0,0,1,1,1,1,1,0,1,0,0,0,1,1,1,1,1,1,1,1,0,1,1,1,1,1,1,1,1,1,1,1,1,1,1,1,1,1,1,1,1,1,1,1,1,1,1,1,1,1,1,1,1,1,1,1,0,1,1,1,1,1,1,1,1,1]",4bbf75c93cc7ec1f1564df44dfec2f4c62a1634a933605ad01f157a2126da2fa,be46aee844b4b99ae145e7b28e441878792f609fca11e45e9ec89f04e9807ef9,improved_campaign_offspring,C000628,,3,boundary_growth:medium,0.07777777777777778,"[8,9,19,29]",4,L-SEED,completed,valid,[],,0.06291222457573545,9.418378854275648,B1,2026-08-08T03:40:22.829+02:00,2026-08-08T03:40:22.829+02:00,2026-08-08T03:42:54.389+02:00
689,C000689,improved_dataset_1000_20260807_001,21,689,"[0,0,0,0,0,0,0,0,0,0,0,0,0,0,0,0,0,0,0,0,0,0,0,0,0,0,0,0,0,0,0,2,2,2,0,2,0,0,0,0,0,2,2,2,0,2,0,0,0,0,0,2,2,0,2,2,0,0,0,0,2,2,0,2,2,2,0,2,2,2,2,2,0,0,2,2,2,2,2,2,0,0,0,0,0,2,2,2,2,2,0,0,0,0,0,0,2,2,2,2,0,0,0,0,0,0,0,2,0,0,0,0,0,0,0,0,0,0,0,0,0,0,0,0,0,0,0,0,0,0,0,0,0,0,0,0,0,0,0,0,0,0,0,0,0,0,0,0,0,0,0,0,0,0,0,0,0,0,0,0,0,0,0,0,0,0,0,0,0,0,0,0,0,0,0,0,1,1,0,0]",5d18640f3e9ad03622210559d1120e4cd67aa47323136ee38f93ff7a2a5a7c30,12d61158a5251d64c11e6eb2925b1c55e1ee1d5d7ef0024fb3f8daebbc4f3211,improved_campaign_offspring,C000627,,4,boundary_growth:small,0.005555555555555556,[66],1,L-SEED,completed,valid,[],,0.05069428120254143,9.5080254691208,B1,2026-08-08T03:40:22.945+02:00,2026-08-08T03:40:22.945+02:00,2026-08-08T03:42:54.389+02:00
690,C000690,improved_dataset_1000_20260807_001,21,690,"[2,2,2,2,2,2,2,2,0,0,0,2,2,2,2,2,0,2,0,0,0,2,2,2,2,2,0,0,0,0,0,2,2,2,0,2,2,0,0,0,0,2,2,2,0,0,0,0,0,0,0,2,2,2,2,2,2,0,0,0,0,2,2,2,2,2,2,0,0,0,0,0,2,0,0,0,0,0,0,0,0,0,0,0,0,0,0,0,0,0,0,0,0,0,0,0,0,0,2,2,0,0,0,0,0,0,2,2,0,2,1,1,1,0,0,0,2,2,2,2,1,1,0,0,2,2,2,0,2,2,1,0,0,0,0,2,0,0,2,2,1,0,0,0,0,0,0,2,2,2,1,0,1,0,0,0,0,0,2,2,1,0,1,1,0,0,0,0,0,0,1,1,1,1,1,0,0,0,0,0]",dda9f19ece220ee53b7261d983360783c641d282be9f65d9ffe02c34f3a46ccc,c70874514ac2dd0dfbf29c371675709bb02b85852d5e286122c0238557ce3c9a,improved_campaign_offspring,C000657,,5,boundary_growth:small,0.016666666666666666,"[92,102,110,111,112,113]",6,L-SEED,completed,valid,[],,0.07056340847279952,9.275068541747974,B1,2026-08-08T03:40:23.067+02:00,2026-08-08T03:40:23.067+02:00,2026-08-08T03:42:54.405+02:00
691,C000691,improved_dataset_1000_20260807_001,22,691,"[0,1,1,1,1,1,1,1,1,1,0,1,1,0,1,1,1,1,1,1,0,0,0,0,1,1,1,1,1,1,0,0,0,0,0,1,1,1,1,1,0,0,0,0,0,1,1,1,1,1,0,0,0,0,0,1,1,1,1,1,0,0,0,0,2,1,1,1,1,1,0,0,2,2,2,1,1,1,1,1,2,2,2,2,2,1,1,1,1,1,2,2,2,2,2,1,1,1,1,1,2,2,2,2,2,1,1,1,1,1,2,2,2,2,2,1,1,1,1,1,2,2,2,2,2,1,1,1,1,1,0,2,2,0,0,1,1,1,1,1,0,0,0,1,1,1,1,1,1,1,1,1,1,1,1,1,1,1,1,1,1,1,1,1,1,1,1,1,1,1,1,1,1,1,1,1,1,1,1,1]",6d621a777adbb37800d1e06eb3d345e79295cd411cb2e532222ce4bd2b36e23a,cb122a38e252c0bb1c4fbc08842c663fd42a62c8f0c90b1947cc58810cc570d9,improved_campaign_offspring,C000665,,1,connected_region_repaint:medium,0.08333333333333333,"[31,32,33,41,42,43,51,52,53,60,61,62,63,70,71]",15,L-SEED,completed,valid,[],,0.9889809546515201,0.07874297058301954,B6,2026-08-08T03:42:54.806+02:00,2026-08-08T03:42:54.806+02:00,2026-08-08T03:48:04.591+02:00
692,C000692,improved_dataset_1000_20260807_001,22,692,"[2,2,2,2,2,2,2,1,1,0,2,2,2,2,2,2,1,1,1,0,2,2,2,2,2,2,2,2,1,0,0,0,2,2,2,2,2,2,1,1,0,0,2,2,2,2,2,2,1,1,0,0,2,2,2,2,2,2,2,1,0,0,2,2,2,2,2,2,2,1,0,0,2,2,2,2,2,1,1,1,0,0,0,0,0,0,1,1,1,1,0,0,0,0,0,0,1,1,1,1,0,0,0,0,0,0,1,1,1,1,0,0,0,0,0,0,1,1,1,1,0,0,0,0,0,0,1,0,1,1,0,0,0,0,0,0,0,0,1,1,0,0,0,0,0,0,0,0,0,1,0,0,0,0,0,0,0,0,0,1,0,0,0,0,0,0,0,0,1,1,0,0,0,0,0,0,0,0,1,1]",808ca949018a2b53aa2b42b3a6e61ccf0fc342bee1124dc21dad9a3daa61187e,3ebb1ea3a047e2d4903bc43161c498607874c25187f16bd8bf1485b28723089e,improved_campaign_offspring,C000393,,2,rectangular_patch:large,0.19444444444444445,"[25,26,27,35,36,37,42,43,45,46,47,52,53,55,62,63,64,65,72,73,74,75,76]",23,L-SEED,completed,valid,[],,0.447193567342105,5.812678451818732,B1,2026-08-08T03:42:54.937+02:00,2026-08-08T03:42:54.937+02:00,2026-08-08T03:48:04.606+02:00
693,C000693,improved_dataset_1000_20260807_001,22,693,"[2,2,2,0,2,2,2,2,0,0,0,2,0,0,2,2,2,1,1,0,0,2,2,2,2,2,2,2,1,0,0,2,2,2,0,1,1,1,1,0,0,2,2,2,0,1,1,1,1,1,0,2,2,2,2,1,1,1,1,0,2,2,0,0,0,0,0,1,1,1,2,0,0,0,0,1,1,1,1,1,2,0,0,0,1,1,0,1,1,1,1,1,1,1,1,1,0,0,1,1,2,2,1,1,1,0,0,0,1,1,2,2,2,2,2,0,1,1,1,1,2,0,2,2,2,2,1,1,1,1,2,2,2,2,2,1,1,1,1,1,2,2,0,0,1,1,1,1,1,1,0,0,0,0,1,1,1,1,1,1,0,0,0,0,0,1,1,1,1,1,0,0,0,0,1,1,1,1,1,1]",ee07e4d8fc0ff869736c1a3e3fba0ea614fbc67ada265e92eb670f3c5188f4d0,f9859c5f6f4a3a5f14ae2766f801c2d2b2ad9477a511233bc141ef11cdd43289,improved_campaign_offspring,C000545,,3,connected_region_repaint:small,0.016666666666666666,"[3,12,13]",3,L-SEED,completed,valid,[],,0.40536457113789587,5.764642128548146,B1,2026-08-08T03:42:55.137+02:00,2026-08-08T03:42:55.137+02:00,2026-08-08T03:48:04.606+02:00
694,C000694,improved_dataset_1000_20260807_001,22,694,"[0,0,0,0,0,0,0,0,0,0,0,0,0,0,0,0,0,0,0,0,0,0,0,0,0,0,0,0,0,0,0,2,2,2,0,0,0,0,0,0,0,2,2,2,0,0,0,0,0,0,0,2,2,0,0,0,0,0,0,0,0,0,0,0,0,0,0,0,0,0,0,0,0,0,0,0,0,0,0,0,0,0,0,0,0,0,0,0,0,0,0,0,0,0,2,2,0,0,0,0,0,0,0,0,2,2,2,2,0,0,0,0,0,0,2,0,0,0,0,0,0,0,0,0,0,0,0,2,2,2,0,0,0,0,0,0,2,2,2,2,0,0,1,1,1,1,1,2,2,2,1,1,1,1,1,1,1,1,2,2,1,1,1,1,1,1,1,1,2,2,1,1,1,1,1,1,1,1,2,2]",2cf7e7adff710ffa68f6fb63c9a8ce6bdb5df7426eff634a20cb5bcd00290ec8,5884e44435629a37f0c3275d03003d398abe7cb3fcd50fae31cdea6ffa3705b8,improved_campaign_offspring,C000395,,4,connected_region_repaint:small,0.016666666666666666,"[168,178,179]",3,L-SEED,completed,valid,[],,0.038834470100059915,9.633819631056038,B1,2026-08-08T03:42:55.272+02:00,2026-08-08T03:42:55.272+02:00,2026-08-08T03:48:04.622+02:00
695,C000695,improved_dataset_1000_20260807_001,22,695,"[2,2,2,2,0,0,0,1,1,0,2,0,0,0,0,0,1,1,1,0,2,2,2,0,0,1,1,1,1,0,0,0,0,0,0,1,1,1,1,1,0,0,0,0,0,1,1,1,1,1,0,0,0,0,0,0,2,2,2,1,0,0,0,0,0,0,2,2,2,1,0,0,0,0,0,0,1,1,1,1,0,0,0,0,0,0,1,1,1,1,0,0,0,0,0,0,1,1,1,1,0,0,0,0,0,0,1,1,1,1,0,0,0,0,0,0,1,1,1,1,0,0,0,0,0,0,1,0,1,1,0,0,0,0,0,0,0,0,1,1,0,0,0,0,0,0,0,0,0,1,0,0,0,0,0,0,0,0,0,1,0,0,0,0,0,0,0,0,1,1,0,0,0,0,0,0,0,0,1,1]",85514ea29dbf1c282eb84908f95882037a2e6c9e5ed1d946c876ea82952301f5,3b3dcb4862ef40a6f2fca367d01a4eb96b11deea410ff0cd84ee5fcebe8576c0,improved_campaign_offspring,C000393,,5,connected_region_repaint:medium,0.07222222222222222,"[4,5,6,11,12,13,14,15,23,24,32,33,34,44,54]",15,L-SEED,completed,valid,[],,0.507777926946487,4.941914939193153,B2,2026-08-08T03:42:55.391+02:00,2026-08-08T03:42:55.391+02:00,2026-08-08T03:48:04.627+02:00
696,C000696,improved_dataset_1000_20260807_001,22,696,"[2,2,0,0,0,0,0,0,0,0,2,2,0,0,0,0,0,0,0,0,0,0,0,0,0,0,0,0,0,0,0,2,2,2,0,0,0,0,0,0,0,2,2,2,0,0,0,0,0,0,0,2,2,2,0,0,0,0,1,0,0,2,2,2,0,0,0,0,1,1,0,0,2,0,0,0,0,0,0,1,0,0,0,0,0,0,0,1,1,1,0,0,0,0,0,0,0,0,1,1,0,0,0,0,0,0,0,0,0,1,0,0,0,0,0,0,0,0,0,1,0,0,0,0,0,0,0,1,0,1,0,0,0,0,0,1,1,1,1,1,1,1,1,1,1,1,1,1,1,1,0,1,1,1,1,1,1,1,0,1,2,2,2,2,2,1,1,1,1,1,2,2,1,2,2,2,1,1,1,1]",751ed609189e8455bc6da655f7dd7f75fc55200fa888bda351190fd503b6ad4f,12f5125747f0559d8af1da281c7afc803d6cd62cbd80fb1820547853d9198db8,improved_campaign_offspring,C000638,,1,boundary_growth:small,0.022222222222222223,"[140,141,142,143]",4,L-SEED,completed,valid,[],,0.17389919550773514,8.173458852990775,B1,2026-08-08T03:48:04.906+02:00,2026-08-08T03:48:04.906+02:00,2026-08-08T03:52:25.684+02:00
697,C000697,improved_dataset_1000_20260807_001,22,697,"[2,1,1,1,1,1,1,1,1,1,2,1,1,1,1,1,1,1,1,1,2,2,2,0,0,1,1,1,1,1,2,0,2,2,0,1,1,1,1,1,2,0,0,0,0,1,1,1,1,1,2,2,0,0,0,0,1,1,1,1,0,0,0,0,0,1,1,1,1,1,0,0,0,0,0,0,1,1,1,1,0,0,1,1,0,1,1,1,1,1,0,1,1,1,1,1,1,1,1,1,1,1,1,1,1,1,1,1,1,1,1,1,1,1,1,1,1,1,1,1,1,1,1,1,1,1,1,0,1,1,1,1,1,1,1,0,0,0,1,1,1,0,1,1,1,0,0,0,0,1,1,1,1,1,0,0,0,0,0,1,1,0,0,0,0,0,0,0,1,1,1,0,0,0,0,0,0,0,1,1]",7eeb8aa1b59988d624443dfa701e6aef6a6d954e30d36c3114e1dcd179cde570,57c3efa0161d5040f88862c4e521ef6d70474cac13941645d38bb1adc737e8be,improved_campaign_offspring,C000668,,2,boundary_growth:small,0.011111111111111112,"[135,145]",2,L-SEED,completed,valid,[],,0.9955941389984677,0.11624172229907925,B6,2026-08-08T03:48:05.191+02:00,2026-08-08T03:48:05.191+02:00,2026-08-08T03:52:25.684+02:00
698,C000698,improved_dataset_1000_20260807_001,22,698,"[0,0,0,0,2,2,0,2,2,2,0,0,0,0,2,0,0,2,0,0,0,0,0,2,2,2,0,2,0,0,0,2,2,2,2,0,0,0,0,0,0,0,2,2,0,0,0,0,2,2,0,0,2,2,2,2,2,2,2,2,0,0,0,0,2,2,2,2,2,2,0,0,0,0,0,2,2,2,2,2,0,0,0,0,0,0,2,2,2,2,0,0,0,0,0,2,2,2,2,2,0,0,0,0,0,0,2,2,0,2,0,0,0,0,0,2,0,0,0,0,0,0,0,0,0,2,0,0,0,0,0,2,2,2,0,2,2,2,0,0,0,0,2,2,2,2,2,2,0,0,0,0,0,0,0,0,0,0,0,0,0,0,0,0,0,0,0,0,0,0,0,0,0,0,0,0,1,1,0,0]",0d125071f31335b842fddb9f80e785eeba19d7d8bbfa58ee278472b3923550da,d05908eb947f533c2468314fc9b368fab80ec4e370614c9a999ffad41dc4dd20,improved_campaign_offspring,C000488,,3,boundary_growth:medium,0.027777777777777776,"[108,116,117,118,126]",5,L-SEED,completed,valid,[],,0.04100988740435008,9.713005841400197,B1,2026-08-08T03:48:05.307+02:00,2026-08-08T03:48:05.307+02:00,2026-08-08T03:52:25.694+02:00
699,C000699,improved_dataset_1000_20260807_001,22,699,"[2,2,2,2,2,2,2,1,1,1,2,2,2,2,2,2,2,2,1,1,2,2,2,0,0,1,1,1,1,1,2,0,2,2,0,1,1,1,1,1,2,0,0,0,0,1,1,1,1,1,2,2,0,0,0,0,1,1,1,1,0,0,0,0,0,1,1,1,1,1,0,1,0,0,0,0,1,1,1,1,1,1,1,1,0,1,1,1,1,1,1,1,1,1,1,1,1,1,1,1,1,1,1,1,1,1,1,1,1,1,1,1,1,1,1,1,1,1,1,1,0,1,1,1,1,1,1,0,1,1,0,0,1,1,1,1,0,0,1,1,0,0,1,1,1,1,0,0,0,1,0,0,1,1,0,0,0,0,0,1,0,0,0,0,0,0,0,0,1,1,0,0,0,0,0,0,0,0,1,1]",88e1811eeddf6743643789558229141e00af952eea4bb30e66db0a68f84cc7de,cb58e778e5ccbe31e230b5ac4de394cc8c2d79348df5e0d451a4559bc6209d62,improved_campaign_offspring,C000610,,4,boundary_growth:medium,0.07222222222222222,"[1,2,3,4,5,6,11,12,13,14,15,16,17]",13,L-SEED,completed,valid,[],,0.7055940173388071,2.7291920848171514,B4,2026-08-08T03:48:05.439+02:00,2026-08-08T03:48:05.439+02:00,2026-08-08T03:52:25.702+02:00
700,C000700,improved_dataset_1000_20260807_001,22,700,"[2,2,0,0,0,0,0,0,0,0,2,2,0,0,0,0,0,0,0,0,0,0,0,0,0,0,0,0,0,0,0,2,2,2,0,0,0,0,0,0,0,2,2,2,0,0,0,0,0,0,0,2,2,2,0,0,0,0,0,0,0,2,2,2,0,0,0,0,0,0,0,0,2,0,0,0,0,0,0,0,0,0,0,0,0,0,0,1,1,0,0,0,0,0,0,0,0,0,1,1,0,0,0,0,0,0,0,0,0,1,0,0,0,0,0,0,0,0,0,1,0,0,0,0,0,0,0,1,0,1,0,0,0,0,0,1,1,1,1,1,0,0,0,0,1,1,1,1,1,1,0,1,1,1,1,1,1,1,0,1,2,2,2,2,2,1,1,1,1,1,2,2,1,2,2,2,1,1,1,1]",eba20b6a545ba296b6d816db489722a0fc27cfb37563a977a11443b8d622ce43,4bcdb011aff097a320e1cfc34e0108d6ec506af2d8f0464cfe4a373f7e2f5b9a,improved_campaign_offspring,C000638,,5,connected_region_repaint:small,0.011111111111111112,"[58,68,69,79,89]",5,L-SEED,completed,valid,[],,0.13712351911036286,8.57369936933307,B1,2026-08-08T03:48:05.632+02:00,2026-08-08T03:48:05.632+02:00,2026-08-08T03:52:25.704+02:00
701,C000701,improved_dataset_1000_20260807_001,22,701,"[0,0,0,2,2,2,2,2,0,0,0,0,0,2,2,2,2,2,2,0,0,0,0,0,0,2,2,2,2,0,0,0,0,0,0,2,2,2,2,2,0,0,0,0,0,2,2,2,2,2,0,0,0,0,0,0,0,2,2,0,0,0,0,0,0,0,0,2,2,2,0,0,0,0,0,0,0,0,0,2,0,0,0,0,0,0,0,2,2,2,0,0,0,0,0,0,0,0,2,2,0,0,0,0,0,0,0,0,0,0,0,0,0,0,0,0,0,0,0,0,0,0,0,0,0,0,0,0,0,0,0,0,0,0,0,1,1,0,0,0,1,1,1,0,1,1,0,0,0,0,0,1,1,1,1,1,1,1,1,0,0,1,1,1,1,1,1,1,0,1,0,0,1,0,0,1,1,1,1,1]",94bcc1a68ed351b8bf1464df8936f96ff1cbb3e41164527bfee47283cdea0576,2873d80be6625cd9441baf357ed8d548bfc66a76d87d18eb03818afe412546d8,improved_campaign_offspring,C000553,,1,connected_region_repaint:large,0.11666666666666667,"[135,136,140,141,142,144,145,151,152,153,154,155,156,157,158,163,164,165,166,175,176]",21,L-SEED,completed,valid,[],,0.05076815077315409,9.667427924826784,B1,2026-08-08T03:52:25.999+02:00,2026-08-08T03:52:25.999+02:00,2026-08-08T03:57:07.436+02:00
702,C000702,improved_dataset_1000_20260807_001,22,702,"[2,1,1,1,1,1,1,1,1,1,2,1,1,1,1,1,1,1,1,1,2,2,2,2,2,1,1,1,1,1,2,2,2,2,2,1,1,1,1,1,2,2,2,2,2,1,1,1,1,1,2,2,2,2,2,1,1,1,1,1,2,2,2,2,1,1,1,1,1,1,2,2,2,2,2,1,1,1,1,1,2,2,2,2,2,2,1,1,1,1,2,2,2,2,2,1,1,1,1,1,1,1,2,2,2,1,1,1,1,1,1,1,1,1,1,1,1,1,1,1,1,1,1,1,1,1,1,1,1,1,1,1,1,1,1,1,0,1,1,1,1,1,1,1,1,1,1,1,1,1,1,1,0,0,0,1,1,1,1,1,1,0,0,0,1,1,1,1,1,1,1,1,1,0,0,1,1,1,1,1]",96a2909bc3f8a7efd3c105e8195bcad7071336d069141940e847e9f8dffb0573,409438963aae7b96df264ba2f2d022b60809355810a4365501e9d07e3d1622a1,improved_campaign_offspring,C000643,,2,boundary_growth:small,0.005555555555555556,[90],1,L-SEED,completed,valid,[],,0.9933043518419254,0.12214935455289933,B6,2026-08-08T03:52:26.129+02:00,2026-08-08T03:52:26.129+02:00,2026-08-08T03:57:07.452+02:00
703,C000703,improved_dataset_1000_20260807_001,22,703,"[2,2,2,2,2,2,0,0,0,0,0,2,2,2,2,2,0,0,0,0,0,2,2,2,2,2,0,0,0,0,0,2,2,2,0,2,0,0,0,2,0,2,2,2,0,2,2,2,2,2,0,2,2,2,2,2,2,2,2,0,0,2,2,2,2,2,2,2,2,2,2,0,2,0,2,2,2,2,2,2,2,0,2,2,2,2,0,2,2,2,2,2,2,2,1,1,1,1,2,2,2,2,2,2,1,1,1,0,1,1,2,2,2,2,2,0,1,1,1,1,2,0,2,2,2,2,1,1,1,1,2,2,2,2,2,2,1,1,1,1,2,2,2,2,2,2,1,1,1,1,1,1,1,1,1,1,1,1,1,1,1,1,1,1,1,1,1,1,1,1,1,1,1,1,1,1,1,1,1,1]",5e1b988b45b5388050eeb28b5cf9bc79b84fe83ff6e349c4f85a30dde813cd46,becfa60d6eae046efb51c192618d1c0502e46cbe7420fc0c573d683bf500e981,improved_campaign_offspring,C000612,,3,rectangular_patch:small,0.022222222222222223,"[135,144,145]",3,L-SEED,completed,valid,[],,0.10278294003117115,8.922531485452469,B1,2026-08-08T03:52:26.264+02:00,2026-08-08T03:52:26.264+02:00,2026-08-08T03:57:07.452+02:00
704,C000704,improved_dataset_1000_20260807_001,22,704,"[2,1,1,1,1,1,1,1,1,1,2,1,1,1,1,1,1,1,1,1,2,2,2,2,2,1,1,1,1,1,2,2,2,2,2,1,1,1,0,1,2,2,2,2,2,1,1,1,1,1,2,2,2,2,2,1,1,1,1,1,2,2,2,2,1,1,1,1,1,1,2,2,2,2,2,1,1,1,1,1,2,2,2,2,2,2,1,1,1,1,1,2,2,2,2,1,1,1,1,1,1,1,2,2,2,1,1,1,1,1,1,1,1,1,1,1,1,1,1,1,1,1,1,1,1,1,1,1,1,1,1,1,1,1,1,1,0,1,1,1,1,1,1,1,1,1,1,1,1,1,1,1,0,0,0,1,1,1,1,1,1,0,0,0,1,1,1,1,1,1,1,1,1,0,0,1,1,1,1,1]",8b5918187d4f8d645ea8057f04f48ec2d007093f374270f27fc70d8118f379c5,519ab5b5481534be7ffedde36af9bc0e05c27fb7dffe59546c493068d315ec57,improved_campaign_offspring,C000643,,4,connected_region_repaint:small,0.005555555555555556,[38],1,L-SEED,completed,valid,[],,0.9914881728075469,0.1250516513577105,B6,2026-08-08T03:52:26.406+02:00,2026-08-08T03:52:26.406+02:00,2026-08-08T03:57:07.470+02:00
705,C000705,improved_dataset_1000_20260807_001,22,705,"[2,1,1,1,1,1,1,1,1,1,2,1,1,1,1,1,1,1,1,1,2,2,2,2,2,1,1,1,1,1,2,2,2,2,2,1,1,1,1,1,2,2,2,2,2,1,1,1,0,1,2,2,2,2,2,2,1,1,1,1,2,2,2,2,2,2,1,1,1,1,2,2,2,2,2,2,1,1,1,1,2,2,2,2,2,2,1,1,1,1,1,2,2,2,2,1,1,1,1,1,1,1,2,2,2,1,1,1,1,1,1,1,1,1,1,1,1,1,1,1,1,1,1,1,1,1,1,1,1,1,1,1,1,1,1,1,0,1,1,1,1,1,1,1,1,1,1,1,1,1,1,1,0,0,0,1,1,1,1,1,1,0,0,0,1,1,1,1,1,1,1,1,1,0,0,1,1,1,1,1]",1e08a3c1009c512d2cf39b3d9e6c8673df2aba190911c8dd30beecc16d12ee5b,40651d5c9be756c9f30cb0c3569b61e5cbc7a04a107bcec15f65cb93bd72ff9b,improved_campaign_offspring,C000582,,5,rectangular_patch:small,0.005555555555555556,[48],1,L-SEED,completed,valid,[],,0.9735570177859457,0.1342454367309579,B6,2026-08-08T03:52:26.539+02:00,2026-08-08T03:52:26.539+02:00,2026-08-08T03:57:07.473+02:00
706,C000706,improved_dataset_1000_20260807_001,22,706,"[0,0,0,0,0,0,0,0,0,0,2,2,0,0,1,0,0,0,0,0,2,0,0,0,1,1,0,0,0,0,2,1,0,0,1,0,0,0,0,0,0,1,1,1,1,1,1,1,0,0,0,1,1,1,1,1,1,1,0,0,0,0,0,1,1,1,0,0,0,0,0,0,0,1,1,1,1,0,0,0,0,0,0,1,1,1,1,1,0,0,2,0,0,1,1,1,1,1,1,1,2,2,2,0,1,1,1,1,1,1,2,2,2,0,1,0,0,0,1,1,2,2,2,0,1,0,1,1,1,1,2,2,1,0,0,1,1,1,1,1,0,0,1,1,1,1,1,1,1,1,1,1,1,1,1,1,1,1,1,1,1,1,1,1,1,1,1,1,1,1,1,1,1,1,1,1,1,1,1,1]",0a5c18872e100e6fb123254e03749695e3a00cee93ec5cd066b4508c617e6e0e,4e8749dd82977eb8315eef0b5f3bb3cbd00410a588ffc9901ed21bcdf57befe1,improved_campaign_offspring,C000680,,1,connected_region_repaint:small,0.011111111111111112,"[116,117]",2,L-SEED,completed,valid,[],,0.4228884607851514,6.199520692582158,B1,2026-08-08T03:57:07.756+02:00,2026-08-08T03:57:07.756+02:00,2026-08-08T03:59:30.056+02:00
707,C000707,improved_dataset_1000_20260807_001,22,707,"[0,0,0,0,0,0,0,0,0,0,2,2,0,0,0,0,0,0,0,0,2,0,0,0,0,0,0,0,0,0,2,2,2,2,0,0,0,0,0,0,0,2,0,0,0,0,0,0,0,0,0,0,0,0,0,0,0,0,0,0,0,0,0,0,0,0,0,0,0,0,0,2,2,2,2,2,2,2,0,0,0,2,2,2,2,2,2,2,0,0,2,2,2,2,2,2,2,2,1,1,2,2,2,2,2,2,1,1,1,1,2,2,2,2,2,2,1,0,1,1,2,2,2,2,2,0,1,1,1,1,2,2,1,0,0,1,1,1,1,1,0,0,1,1,1,1,1,1,1,1,0,0,1,1,1,1,1,1,1,1,0,1,1,1,1,1,1,1,1,1,1,1,1,1,1,1,1,1,1,1]",46a422a7680af4ab88a611aeec0cbe184f9acf1b07d70e9bf03e180fcc6bdbd3,e087c9d5b8b69b0ea58fc5c99d59aeae626bebf145a473406c7e5531ea7af683,improved_campaign_offspring,C000589,,2,rectangular_patch:small,0.016666666666666666,"[106,107,116,117]",4,L-SEED,completed,valid,[],,0.10523124547550118,8.899114684621646,B1,2026-08-08T03:57:07.898+02:00,2026-08-08T03:57:07.898+02:00,2026-08-08T03:59:30.056+02:00
708,C000708,improved_dataset_1000_20260807_001,22,708,"[2,2,2,2,2,0,0,2,0,0,2,2,2,2,2,2,2,2,2,0,2,2,2,2,2,2,2,2,0,0,2,2,2,2,2,2,2,2,2,2,2,2,2,2,2,2,2,2,2,0,0,2,2,2,0,0,2,2,0,0,2,2,0,2,0,0,2,0,0,0,2,2,2,2,2,2,2,0,0,0,2,2,2,2,2,2,2,2,2,2,0,0,0,0,2,2,0,2,2,2,0,0,0,0,2,2,2,2,2,2,0,0,0,0,0,0,0,2,2,2,0,2,2,2,0,0,0,0,2,2,0,0,2,0,0,0,0,0,0,0,0,0,0,0,0,0,0,2,2,2,0,0,0,0,0,0,0,2,0,2,0,0,0,0,0,0,0,0,2,2,0,0,0,0,0,0,0,0,2,2]",fdef347aa1889ab971847c3a83456b65d6a0fb983d1d377b92a7c85742d67029,283febc329a3f58c11bea3f17d9764d804a39712e28e6f79dfbe238d68355f06,improved_campaign_offspring,C000647,,3,boundary_growth:small,0.005555555555555556,[44],1,L-SEED,completed,valid,[],,0.060237374867529496,9.392902584722938,B1,2026-08-08T03:57:08.018+02:00,2026-08-08T03:57:08.018+02:00,2026-08-08T03:59:30.071+02:00
709,C000709,improved_dataset_1000_20260807_001,22,709,"[0,0,0,0,0,2,2,0,2,0,0,0,0,0,0,0,2,2,2,2,0,0,0,0,0,2,2,2,2,0,0,0,0,0,0,2,2,2,0,0,0,0,0,0,0,0,2,2,2,2,0,0,0,0,0,0,2,0,2,2,0,0,0,0,0,0,2,2,2,0,0,0,0,0,0,0,2,0,2,2,0,0,0,0,0,0,2,2,2,2,0,0,0,0,0,0,0,0,2,2,0,0,0,0,0,0,0,2,2,0,0,0,0,0,0,0,0,0,2,0,0,0,0,0,0,0,0,0,0,0,0,0,0,0,0,0,0,0,0,0,0,0,1,1,1,0,0,0,0,0,1,1,1,1,1,0,0,1,1,1,1,1,1,1,1,1,1,1,1,1,1,1,1,1,1,1,1,1,1,1]",b5915f7f6169cb52cf421f49fc76b9fdcf93838645f7c393154995034873a5bd,0b780ea071631db00f5ec95be6cdd02295912acb6e160f805f8960d78e3c7dd4,improved_campaign_offspring,C000618,,4,rectangular_patch:medium,0.05555555555555555,"[30,31,32,33,40,41,43]",7,L-SEED,completed,valid,[],,0.03551851728581786,9.868604351225954,B1,2026-08-08T03:57:08.283+02:00,2026-08-08T03:57:08.283+02:00,2026-08-08T03:59:30.071+02:00
710,C000710,improved_dataset_1000_20260807_001,22,710,"[0,0,0,0,0,0,2,2,0,2,2,2,0,0,0,0,2,2,2,2,2,0,0,0,0,0,2,2,2,2,2,2,2,2,2,0,2,2,2,2,0,2,0,0,2,2,2,2,2,2,0,0,0,0,2,2,2,2,2,2,0,0,0,0,2,2,2,2,2,2,0,2,2,2,2,2,2,2,2,2,0,2,2,2,2,2,2,2,2,2,2,2,2,2,2,2,2,2,1,1,2,2,2,2,2,2,2,2,1,1,2,2,2,2,2,2,2,2,1,1,2,2,2,2,2,0,1,1,1,1,2,2,1,0,0,1,1,1,1,1,0,0,1,1,1,1,1,1,1,1,0,0,1,1,1,1,1,1,1,1,0,1,1,1,1,1,1,1,1,1,1,1,1,1,1,1,1,1,1,1]",316270a5fb82d2743008c3edaec7b9e875d194c87c6106a32d6fefaac36a5254,af4014d35d6a1eb2e5dadc4c4cfabc10f60f1dd9a340369d55c97d94dd8dfed3,improved_campaign_offspring,C000589,,5,boundary_growth:large,0.2111111111111111,"[6,7,9,16,17,18,19,26,27,28,29,34,36,37,38,39,44,45,46,47,48,49,54,55,56,57,58,59,64,65,66,67,68,69,78,79,88,89]",38,L-SEED,completed,valid,[],,0.07662877469446393,9.194931591899014,B1,2026-08-08T03:57:08.486+02:00,2026-08-08T03:57:08.486+02:00,2026-08-08T03:59:30.071+02:00
711,C000711,improved_dataset_1000_20260807_001,22,711,"[2,2,2,1,1,1,1,1,1,1,2,2,1,1,1,1,1,1,1,1,2,2,2,2,2,1,1,1,0,0,2,2,2,2,2,1,1,1,2,2,2,2,2,2,2,1,1,1,2,2,2,2,2,2,2,2,1,1,2,1,2,2,2,2,2,2,1,1,1,1,2,2,2,2,2,2,1,1,1,1,2,2,2,2,2,2,1,1,1,1,2,2,2,2,2,2,1,1,1,1,2,2,2,2,2,2,1,1,1,1,2,2,2,2,2,2,1,1,1,1,2,2,2,2,2,2,1,0,1,1,2,2,2,1,2,2,1,0,1,1,0,1,0,1,2,2,1,0,0,1,0,1,1,1,1,1,1,1,1,1,1,1,1,1,1,1,1,1,1,1,1,1,1,1,1,1,1,1,1,1]",ecbf619424681d5327dde47d837ceace13fe27dbe1321707a6a8628011841a76,dab57ef3ad07a1feff624f044c8c52a5fc3306c8595beecbf73ae5db6d9838db,improved_campaign_offspring,C000651,,1,connected_region_repaint:medium,0.027777777777777776,"[38,39,48,49,58]",5,L-SEED,completed,valid,[],,0.7660272201733083,1.9658993784179064,B4,2026-08-08T03:59:30.372+02:00,2026-08-08T03:59:30.372+02:00,2026-08-08T04:05:01.014+02:00
712,C000712,improved_dataset_1000_20260807_001,22,712,"[2,0,0,0,0,0,0,0,0,0,2,0,0,0,0,0,0,0,0,0,2,2,2,2,2,2,2,0,0,0,0,0,2,2,2,2,2,0,0,0,0,0,0,2,2,2,0,0,0,0,0,0,0,0,0,0,0,0,0,0,0,0,0,0,0,0,0,2,0,0,0,0,0,0,2,2,0,2,0,0,0,0,0,2,0,2,2,2,2,0,0,2,2,2,2,2,2,2,2,2,2,2,2,0,0,2,2,2,2,2,2,2,2,0,2,2,2,2,2,2,2,2,2,2,2,2,2,2,2,2,2,2,2,2,2,2,2,2,2,2,2,2,2,2,2,2,2,2,2,2,2,2,2,2,2,2,2,2,2,2,2,0,2,2,2,2,2,2,2,2,0,2,2,2,2,2,2,0,2,2]",ebb7001ff700854fa54930a3dd61b4fec413f11fa2185749346d7e752fe0ac53,653bc8260d18b54c652f905c9fa1666cfaf8fc98dbf12b81653a28f47a3a2f7b,improved_campaign_offspring,C000683,,2,boundary_growth:large,0.2,"[108,109,117,118,119,128,129,138,139,149,159,168,169,178,179]",15,L-SEED,completed,valid,[],,0.04185869399443314,9.674036110623717,B1,2026-08-08T03:59:30.518+02:00,2026-08-08T03:59:30.518+02:00,2026-08-08T04:05:01.030+02:00
713,C000713,improved_dataset_1000_20260807_001,22,713,"[0,0,0,0,0,0,0,0,0,0,0,0,0,0,0,0,0,0,0,0,0,0,0,0,0,0,0,0,0,0,0,0,0,2,0,0,2,0,0,0,0,0,2,2,0,2,2,2,0,0,2,0,0,2,0,2,2,0,0,0,2,0,2,2,2,2,2,0,0,0,2,2,2,2,2,2,0,0,0,0,2,2,2,2,2,2,0,0,0,0,2,2,2,2,2,1,1,1,1,0,2,2,2,2,2,2,1,1,1,1,2,2,2,1,1,1,1,1,1,1,2,2,2,1,1,1,1,0,1,1,2,2,2,1,1,2,2,2,1,1,0,0,0,0,2,2,2,2,2,1,0,0,0,0,0,2,0,2,2,1,0,0,0,0,2,2,2,2,1,1,0,0,0,2,2,2,2,2,1,1]",785ef1f814dc2a95e44510fcf63d22a6bb772465f008d3c6fe38676be852ea95,59ba826c03dc9e9179d3c06a49ed00746e213309181bc35a71c8dda104a04582,improved_campaign_offspring,C000562,,3,connected_region_repaint:small,0.011111111111111112,"[44,54]",2,L-SEED,completed,valid,[],,0.11344893216582648,8.783827656142988,B1,2026-08-08T03:59:30.656+02:00,2026-08-08T03:59:30.656+02:00,2026-08-08T04:05:01.030+02:00
714,C000714,improved_dataset_1000_20260807_001,22,714,"[2,0,0,0,0,0,0,0,0,0,2,0,0,0,0,0,0,0,0,0,2,2,2,2,2,2,2,0,0,0,0,0,2,2,2,2,2,0,0,0,0,0,0,2,2,2,0,0,0,0,0,0,0,0,0,0,0,0,0,0,0,0,0,0,0,0,0,2,0,0,0,0,0,0,2,2,0,2,0,0,0,0,0,2,0,2,2,2,2,0,0,2,2,2,2,2,2,2,2,2,2,2,2,0,0,2,2,2,1,1,0,0,0,0,0,0,2,1,1,1,0,0,0,0,0,0,2,2,1,1,2,2,0,0,0,0,0,2,1,1,2,2,0,0,2,0,0,2,2,1,2,2,0,0,2,2,2,2,2,1,2,0,2,2,2,2,2,2,1,1,0,2,2,2,2,2,2,0,1,1]",2db01ff1c0e1b704f074f64daf5c9b4c9276e67d0f5370639ec498858a70555a,11ef768649a7498b391f40353df0a56b95abc31385923157c0850effb8a26b37,improved_campaign_offspring,C000683,,4,connected_region_repaint:large,0.12222222222222222,"[110,111,112,114,115,120,121,122,123,124,125,132,133,134,135,136,142,143,145,146,152,153]",22,L-SEED,completed,valid,[],,0.08548265074443738,9.15760767501513,B1,2026-08-08T03:59:30.791+02:00,2026-08-08T03:59:30.791+02:00,2026-08-08T04:05:01.045+02:00
715,C000715,improved_dataset_1000_20260807_001,22,715,"[2,2,2,2,2,0,0,0,0,0,0,2,2,0,0,0,0,0,0,0,0,2,0,0,0,0,0,0,0,0,0,2,0,0,0,0,0,0,0,0,0,2,2,2,0,0,0,0,0,0,0,2,0,0,0,0,0,0,0,0,0,2,2,0,0,0,0,2,2,2,0,0,2,0,0,0,0,2,2,2,0,0,0,0,0,0,0,2,2,2,2,0,0,0,0,2,0,0,2,2,2,0,0,2,2,2,0,0,0,0,2,0,0,2,2,2,0,0,0,0,2,2,2,2,2,2,0,0,0,0,2,2,2,2,2,2,0,0,0,0,2,2,2,2,2,2,0,0,0,0,2,2,2,2,2,2,0,0,0,0,0,1,1,0,0,0,0,1,0,1,0,0,1,0,0,0,0,1,1,1]",dee863198cc7e961e1b5a33875340440a2f5671adba4d0f5cdc5c84ceb0919f8,beb95d359e0019726fbfb7ca713bb2687730d41ef4bde498b51346ea5708ea5c,improved_campaign_offspring,C000684,,5,boundary_growth:small,0.005555555555555556,[90],1,L-SEED,completed,valid,[],,0.0621373242943301,9.40284451095207,B1,2026-08-08T03:59:30.920+02:00,2026-08-08T03:59:30.920+02:00,2026-08-08T04:05:01.045+02:00
716,C000716,improved_dataset_1000_20260807_001,22,716,"[2,2,2,2,2,2,2,2,0,0,0,2,2,2,2,2,1,2,1,0,0,2,2,2,2,2,1,1,1,1,0,2,2,2,0,2,2,1,0,1,0,2,2,2,0,1,1,1,1,1,0,2,2,2,2,2,2,1,1,0,0,2,2,2,2,2,2,1,1,0,0,1,2,0,0,1,1,1,1,0,1,1,0,0,0,0,1,1,1,0,1,1,1,1,0,0,1,1,1,1,1,1,1,1,1,1,1,1,1,1,1,0,1,1,1,1,1,1,1,1,1,1,0,1,1,1,1,1,1,1,1,1,1,1,1,1,1,1,1,1,1,1,1,1,1,1,0,1,1,1,1,1,1,0,0,0,0,0,1,1,1,1,1,1,0,0,0,0,0,0,1,1,1,1,1,0,0,0,0,0]",06b2cd0883c186290c941142a61c9e117bb4ce576c49f2337b30cde72edabb13,797e569d68645b9683250976f1bb9166a8540da5f0c178d69d568b9bb530cac2,improved_campaign_offspring,C000479,,1,rectangular_patch:small,0.005555555555555556,[111],1,L-SEED,completed,valid,[],,0.45792391360188517,5.220815438011363,B1,2026-08-08T04:05:01.431+02:00,2026-08-08T04:05:01.431+02:00,2026-08-08T04:09:09.688+02:00
717,C000717,improved_dataset_1000_20260807_001,22,717,"[0,0,0,0,0,0,0,0,0,0,0,0,0,0,0,0,0,0,2,0,0,0,0,0,2,0,0,2,2,0,0,0,0,0,2,0,2,2,2,0,0,2,0,2,2,2,2,2,2,0,0,2,2,2,2,2,2,2,2,0,0,2,2,2,0,2,2,2,2,0,0,2,0,0,0,0,1,1,0,0,0,0,0,0,0,0,1,1,0,0,0,0,0,0,0,0,1,1,1,1,0,0,0,0,0,0,1,1,1,1,0,0,0,0,0,0,1,1,1,1,0,0,0,0,0,0,1,0,1,1,0,0,0,0,0,0,2,2,1,1,0,0,0,0,0,0,0,2,0,1,0,0,0,0,0,0,0,2,2,1,0,0,0,0,0,0,0,2,1,1,0,0,0,0,0,0,0,2,1,1]",138dfee23e50416b6c4547342c6c5993dbd81064e489ce942a9a64f679532a37,d3f238659c365cf1e4bb53e19bf2425e27c8da9dedf3527bfc678ff1c2fa81b8,improved_campaign_offspring,C000687,,2,connected_region_repaint:medium,0.08333333333333333,"[100,110,111,120,121,122,123,130,131,132,133,143,144,145,153]",15,L-SEED,completed,valid,[],,0.09978865663188159,8.944275061998418,B1,2026-08-08T04:05:01.578+02:00,2026-08-08T04:05:01.578+02:00,2026-08-08T04:09:09.712+02:00
718,C000718,improved_dataset_1000_20260807_001,22,718,"[0,0,0,0,0,0,0,0,0,0,0,0,0,0,0,0,0,0,0,0,0,0,0,0,0,0,0,0,0,0,0,2,2,2,0,2,0,0,0,0,0,2,2,2,0,2,0,0,0,0,0,2,2,0,2,2,0,0,0,0,2,2,0,2,2,2,2,2,2,2,2,2,0,0,2,2,2,2,2,2,0,0,0,0,0,2,2,2,2,2,0,0,0,0,0,0,2,2,2,2,0,0,0,0,0,0,0,2,0,0,0,0,0,0,0,0,0,0,0,0,0,0,0,0,0,0,0,0,0,0,0,0,0,0,0,0,0,0,0,0,0,0,0,0,0,0,0,0,0,0,0,0,0,0,0,0,0,0,0,0,0,0,0,0,0,0,0,0,0,0,0,0,0,0,0,0,1,1,1,0]",8ef0ad6b12fd312f42e684de8b54458732a31c3614f6f76948e9066a1819e25d,3df72119a4147a78e2cb64972dae2918d1df0d56ff8edcf1e98c18c05400ffbc,improved_campaign_offspring,C000627,,3,rectangular_patch:small,0.005555555555555556,[178],1,L-SEED,completed,valid,[],,0.05149169185135697,9.515188169177987,B1,2026-08-08T04:05:01.700+02:00,2026-08-08T04:05:01.700+02:00,2026-08-08T04:09:09.713+02:00
719,C000719,improved_dataset_1000_20260807_001,22,719,"[2,2,2,2,2,2,2,2,0,0,0,2,2,2,2,2,1,2,1,0,0,2,2,2,2,2,1,1,1,1,0,2,2,2,0,2,2,1,0,1,0,2,2,2,0,1,1,1,1,1,0,2,2,2,2,2,2,1,1,0,0,2,2,2,2,2,2,1,1,0,0,1,2,0,0,1,1,1,1,0,1,1,0,0,0,0,1,1,1,0,1,1,1,1,0,0,1,1,1,1,1,1,1,1,1,1,1,1,1,1,1,1,1,1,1,1,1,1,1,1,1,1,0,1,1,1,1,1,1,1,1,1,1,1,1,1,1,1,1,1,1,1,0,1,1,1,0,1,1,1,1,1,0,0,0,0,0,0,1,1,1,1,1,1,0,0,0,0,0,0,1,1,1,1,1,0,0,0,0,0]",df69744ab0c9eb7b0e70aa4e22fbc8cb1e422b85ef733b9e269c31024b2e09f5,a065337a6991ec081f6ce2b306e42858051455fa8221ad2dc09bba66c2f582f5,improved_campaign_offspring,C000479,,4,connected_region_repaint:small,0.011111111111111112,"[142,152]",2,L-SEED,completed,valid,[],,0.457285041352021,5.227508661117172,B1,2026-08-08T04:05:01.843+02:00,2026-08-08T04:05:01.843+02:00,2026-08-08T04:09:09.721+02:00
720,C000720,improved_dataset_1000_20260807_001,22,720,"[0,0,0,0,0,0,0,0,0,0,0,0,0,0,0,0,0,0,0,0,0,0,0,0,0,0,0,0,0,0,0,2,2,2,0,2,0,0,0,0,0,2,2,2,0,2,0,0,0,0,0,2,2,0,2,2,0,0,0,0,2,2,0,2,2,2,2,2,2,2,2,2,0,0,2,2,2,2,2,2,0,0,0,0,0,2,2,2,2,2,0,0,0,0,0,0,2,2,2,2,0,0,0,0,0,0,0,2,0,0,0,0,0,0,0,0,0,0,0,0,0,2,2,0,0,0,0,0,0,0,0,2,2,0,0,0,0,0,0,0,0,0,0,0,0,0,0,0,0,0,0,0,0,0,0,0,0,0,0,0,0,0,0,0,0,0,0,0,0,0,0,0,0,0,0,0,1,1,0,0]",370721489cd8a8cfb5e7eb2726375d24ce176be928cc68f5b408ce17ec43e767,d9a5b9330c2138f51b3627b7edad25ca96a74bbce0d8a3c10cfb76dcf8a2eb43,improved_campaign_offspring,C000627,,5,rectangular_patch:small,0.022222222222222223,"[121,122,131,132]",4,L-SEED,completed,valid,[],,0.05197841191194943,9.507350187970447,B1,2026-08-08T04:05:01.971+02:00,2026-08-08T04:05:01.971+02:00,2026-08-08T04:09:09.731+02:00
721,C000721,improved_dataset_1000_20260807_001,23,721,"[0,1,1,1,1,1,1,1,1,1,0,1,1,0,1,1,1,1,1,1,0,0,0,0,1,1,1,1,1,1,0,2,2,2,0,1,1,1,1,1,0,2,2,2,0,1,1,1,1,1,0,2,2,2,0,1,1,1,1,1,2,2,2,2,2,1,1,1,1,1,2,2,2,2,2,1,1,1,1,1,2,2,2,2,2,1,1,1,1,1,2,2,2,2,2,1,1,1,1,1,2,2,2,2,2,1,1,1,1,1,2,2,2,2,2,1,1,1,1,1,2,2,2,2,2,1,1,1,1,1,0,2,2,0,0,1,1,1,1,1,0,0,0,1,1,1,1,1,1,1,1,1,1,1,1,1,0,0,0,1,1,1,1,1,1,1,0,1,1,1,1,1,1,1,1,1,1,1,1,1]",df28b23df5e6351f1015c5d0afc434f4d87ef33192f8feeed6c1870c4e6daed2,c3da00845df9667a06266bc32111e227200262fd07d20ffde89cd5a72a3d99fa,improved_campaign_offspring,C000665,,1,connected_region_repaint:small,0.022222222222222223,"[156,157,158,166]",4,L-SEED,completed,valid,[],,0.9785130630288456,0.08812967782279653,B6,2026-08-08T04:09:10.130+02:00,2026-08-08T04:09:10.130+02:00,2026-08-08T04:13:44.401+02:00
722,C000722,improved_dataset_1000_20260807_001,23,722,"[0,0,0,0,0,0,0,0,0,0,0,0,0,0,0,0,0,0,0,0,0,0,0,0,0,0,0,0,0,0,0,2,2,2,0,0,0,0,0,0,0,2,2,2,0,0,0,0,0,0,0,2,2,0,0,0,0,0,0,0,0,0,0,0,0,0,0,0,0,0,0,0,0,0,0,0,0,0,0,0,0,0,0,0,0,0,0,0,0,0,0,0,0,0,0,0,0,0,0,0,0,0,0,0,0,0,0,0,0,0,0,0,0,0,0,0,0,0,0,0,0,0,0,0,0,0,0,2,2,2,0,0,0,0,0,0,2,2,2,2,0,0,1,1,1,1,1,2,2,2,1,1,1,1,1,1,1,1,2,2,1,1,1,1,1,1,1,1,2,2,1,1,1,1,1,1,1,1,2,2]",1b1f66b93f8baaf2fb31b879c60b438a00df98f88b030472a6471a790e446904,45f850ad79232f4c34193af9b47115612f362d71076b7328a8343ab9ca959b89,improved_campaign_offspring,C000694,,2,boundary_growth:medium,0.05555555555555555,"[94,95,104,105,106,107,114]",7,L-SEED,completed,valid,[],,0.039046508522622383,9.647330014228688,B1,2026-08-08T04:09:10.330+02:00,2026-08-08T04:09:10.330+02:00,2026-08-08T04:13:44.416+02:00
723,C000723,improved_dataset_1000_20260807_001,23,723,"[0,1,1,1,1,1,1,1,1,1,0,1,1,0,1,1,1,1,1,1,0,0,0,0,1,1,1,1,1,1,0,2,2,2,0,1,1,1,1,1,0,2,2,2,0,1,1,1,1,1,0,2,0,2,0,1,1,1,1,1,2,0,0,2,2,1,1,1,1,1,2,0,2,2,2,1,1,1,1,1,2,0,0,2,2,1,1,1,1,1,2,2,2,2,2,1,1,1,1,1,2,2,2,2,2,1,1,1,1,1,2,2,2,2,2,1,1,1,1,1,2,2,2,2,2,1,1,1,1,1,0,2,2,0,0,1,1,1,1,1,0,0,0,1,1,1,1,1,1,1,1,1,1,1,1,1,1,1,1,1,1,1,1,1,1,1,1,1,1,1,1,1,1,1,1,1,1,1,1,1]",aad2926c0ae0f7fa1be8cbc926f0a7c8899a2a5e7dbe39c4293f589dff98404c,fcab0966f431d7fffedf87d8670f79476a1d497720280dbf3b7ebedf7f382b10,improved_campaign_offspring,C000665,,3,connected_region_repaint:medium,0.03333333333333333,"[52,61,62,71,81,82]",6,L-SEED,completed,valid,[],,0.9894191183731966,0.07893105131181907,B6,2026-08-08T04:09:10.471+02:00,2026-08-08T04:09:10.471+02:00,2026-08-08T04:13:44.416+02:00
724,C000724,improved_dataset_1000_20260807_001,23,724,"[0,1,1,1,1,1,1,1,1,1,0,1,1,0,1,1,1,1,1,1,0,0,0,0,0,1,1,1,1,0,0,2,2,2,0,1,1,1,1,1,0,2,2,2,0,1,1,1,1,1,0,2,2,2,0,1,1,1,1,1,2,2,2,2,2,1,1,1,1,1,2,2,2,2,2,1,1,1,1,1,2,2,2,2,2,1,1,1,1,1,2,2,2,2,2,1,1,1,1,1,2,2,2,2,2,1,1,1,1,1,2,2,2,2,2,1,1,1,1,1,2,2,2,2,2,1,1,1,1,1,0,2,2,0,0,1,1,1,1,1,0,0,1,1,1,1,1,1,1,1,1,1,1,1,1,1,1,1,1,1,1,1,1,1,1,1,1,1,1,1,1,1,1,1,1,1,1,1,1,1]",54a01ffd867aa771e97b476dfa5130ae77c98af2622c9c62c463d3bdaa32c98d,c0f1aaeecc5d9acd46cb208ac75e5914a19c54cb4eadc9effc7d099cb7630484,improved_campaign_offspring,C000513,,4,rectangular_patch:small,0.005555555555555556,[29],1,L-SEED,completed,valid,[],,0.9807228310428474,0.08172662673199638,B6,2026-08-08T04:09:10.592+02:00,2026-08-08T04:09:10.592+02:00,2026-08-08T04:13:44.416+02:00
725,C000725,improved_dataset_1000_20260807_001,23,725,"[2,2,2,2,2,2,2,2,0,0,0,2,2,2,2,2,2,1,1,0,0,2,2,2,2,2,2,2,1,0,0,2,2,2,0,1,1,1,1,0,0,2,2,2,0,0,0,0,1,1,0,2,2,2,2,0,0,0,1,0,2,2,0,0,0,0,0,1,1,1,2,0,0,0,0,1,1,1,1,1,2,0,0,0,1,1,0,1,1,1,1,1,1,1,1,1,0,0,1,1,2,2,1,1,1,0,0,0,1,1,2,2,2,2,2,0,1,1,1,1,2,0,2,2,2,2,1,1,1,1,2,2,2,2,2,1,1,1,1,1,2,2,0,0,1,1,1,1,1,1,0,0,0,0,1,1,1,1,1,1,0,0,0,0,0,1,1,1,1,1,0,0,0,0,1,1,1,1,1,1]",638fc42e7105dd68197409b6c2c90f62b5233985bf4bbeb61d8c6c57ad23ae6f,f49c0bf7a27330fe85f086e11007b044f58ec70eb7d115c18e8c7847da60215c,improved_campaign_offspring,C000545,,5,boundary_growth:medium,0.03333333333333333,"[45,46,47,55,56,57]",6,L-SEED,completed,valid,[],,0.3806938910589319,6.059604105236726,B1,2026-08-08T04:09:10.715+02:00,2026-08-08T04:09:10.715+02:00,2026-08-08T04:13:44.432+02:00
726,C000726,improved_dataset_1000_20260807_001,23,726,"[2,1,1,1,1,1,1,1,1,1,2,1,1,1,1,1,1,1,1,1,2,2,2,0,0,1,1,1,1,1,2,0,2,2,0,1,1,1,1,1,2,0,0,0,0,1,1,1,1,1,2,2,0,0,0,0,1,1,1,1,0,0,0,0,0,1,1,1,1,1,0,0,0,0,0,0,1,1,1,1,0,0,0,0,0,1,1,1,1,1,0,0,0,0,0,0,1,1,1,1,0,0,0,0,1,0,1,1,1,1,0,0,0,1,1,1,1,1,1,1,0,0,0,0,0,1,1,0,1,1,0,0,0,0,0,0,0,0,1,1,0,0,0,0,0,0,0,0,0,1,1,0,0,0,0,0,0,0,0,1,1,0,0,0,0,0,0,0,1,1,1,0,0,0,0,0,0,0,1,1]",7ba730e07cf0476cdbbab2104db2a62f838ab77302b07975996a588b5f8ef971,ea004203d34be1ce0c4ac737b06d91f3534a3f35a37e6c48ed062b4dd78b46b5,improved_campaign_offspring,C000697,,1,boundary_growth:large,0.1388888888888889,"[82,83,91,92,93,94,95,100,101,102,103,105,110,111,112,120,121,122,123,124,130,131,132,133,134,140,142,143,144,151,152,153]",32,L-SEED,completed,valid,[],,0.6892539878888305,2.705857187728824,B3,2026-08-08T04:13:44.743+02:00,2026-08-08T04:13:44.743+02:00,2026-08-08T04:18:40.904+02:00
727,C000727,improved_dataset_1000_20260807_001,23,727,"[2,2,0,0,0,0,0,0,0,0,2,2,0,0,0,0,0,0,0,0,0,0,0,0,0,0,0,0,0,0,0,2,2,2,0,0,0,0,0,0,0,2,2,2,0,0,0,0,0,0,0,2,2,2,0,0,0,0,1,0,0,2,2,2,0,0,0,0,1,1,0,0,2,0,0,0,0,0,0,1,0,0,0,0,0,0,0,1,1,1,0,0,0,0,0,0,0,0,1,1,0,0,0,0,0,0,1,0,0,1,0,0,0,0,0,0,1,0,0,1,0,0,0,0,0,1,1,1,0,1,0,0,0,0,0,1,1,1,1,1,1,1,1,1,1,1,1,1,1,1,0,1,1,1,1,1,1,1,0,1,2,2,2,2,2,1,1,1,1,1,2,2,1,2,2,2,1,1,1,1]",48a1effbfdf6e41afc9e97c1818816a6aca8dc8437d4b300b0c67cbd5b4fbe27,e30cee1981769555ac5472bfee51c44fd8391f9a526d919bb00122846a614cf5,improved_campaign_offspring,C000696,,2,connected_region_repaint:small,0.022222222222222223,"[106,116,125,126]",4,L-SEED,completed,valid,[],,0.17426780947862755,8.16643191061662,B1,2026-08-08T04:13:44.883+02:00,2026-08-08T04:13:44.883+02:00,2026-08-08T04:18:40.904+02:00
728,C000728,improved_dataset_1000_20260807_001,23,728,"[2,1,1,1,1,1,1,1,1,1,2,1,1,1,1,1,1,1,1,1,2,2,2,0,0,1,1,1,1,1,2,0,2,2,0,1,1,1,1,1,2,0,0,0,0,0,0,0,1,1,2,2,0,0,0,0,0,0,1,1,0,0,0,0,0,0,0,1,1,1,0,1,0,0,0,0,1,1,1,1,1,1,1,1,0,1,1,1,1,1,1,1,1,1,1,1,1,1,1,1,1,1,1,1,1,1,1,1,1,1,1,1,1,1,1,1,1,1,1,1,0,1,1,1,1,1,1,0,1,1,0,0,1,1,1,1,0,0,1,1,0,0,1,1,1,1,0,0,0,1,0,0,1,1,0,0,0,0,0,1,0,0,0,0,0,0,0,0,1,1,0,0,0,0,0,0,0,0,1,1]",8398f74d1b277de7b98f4275bcb54080fa5167aca010a163a0e34e3dc0610e58,5a0d4f333d37bfb8bdc9d08e7e53a3dab77d023bac312fb50cecee485cef1141,improved_campaign_offspring,C000610,,3,rectangular_patch:medium,0.06111111111111111,"[45,46,47,56,57,65,66]",7,L-SEED,completed,valid,[],,0.8140641938406635,1.2607929991742792,B5,2026-08-08T04:13:45.015+02:00,2026-08-08T04:13:45.015+02:00,2026-08-08T04:18:40.920+02:00
729,C000729,improved_dataset_1000_20260807_001,23,729,"[0,0,0,0,0,0,0,0,0,0,0,0,0,0,0,0,0,0,0,0,0,0,0,0,0,0,0,0,0,0,0,0,0,0,0,0,0,0,0,0,0,0,0,0,0,0,0,0,0,0,0,0,0,0,0,0,0,0,0,0,2,2,2,0,0,0,0,0,0,0,2,2,2,2,2,0,0,0,0,0,2,2,2,2,0,0,0,0,0,0,2,2,2,2,0,0,0,0,0,0,2,2,0,2,0,0,2,2,2,0,2,2,2,2,2,0,2,2,2,0,2,2,2,2,2,0,0,0,0,0,2,2,2,0,0,2,2,2,2,0,0,0,2,2,2,2,2,2,2,2,2,2,2,2,2,2,2,2,0,2,2,2,2,2,2,2,2,2,2,2,2,2,2,2,2,2,1,1,2,2]",0b98cc5104a7175bdc234af333f6eb8ec06418ea7b6a450df42aec0b34050f11,8a8c70378802bb9b224d61ea66701a9942febca2ec754e8cee67bc2acdb22cd6,improved_campaign_offspring,C000636,,4,connected_region_repaint:large,0.18888888888888888,"[5,6,8,14,15,16,17,18,19,24,25,26,27,28,31,32,33,34,35,36,37,38,41,43,45,46,47,51,52,53,56,57,58,63,67,68,78]",37,L-SEED,completed,valid,[],,0.043717662205025515,9.650124249351604,B1,2026-08-08T04:13:45.142+02:00,2026-08-08T04:13:45.142+02:00,2026-08-08T04:18:40.920+02:00
730,C000730,improved_dataset_1000_20260807_001,23,730,"[0,0,0,0,0,0,0,0,0,0,0,0,0,0,0,0,0,0,0,0,0,0,0,0,0,0,0,0,0,0,0,0,0,0,0,0,0,0,0,0,0,0,0,0,0,0,0,2,0,0,0,0,0,0,0,0,0,2,2,0,0,0,0,0,0,0,2,2,2,2,0,0,0,0,0,0,0,0,2,2,0,0,0,0,0,0,0,0,2,2,0,0,0,0,0,0,0,0,0,2,0,0,0,0,0,0,0,0,0,2,0,2,2,0,0,0,2,2,2,0,0,2,2,2,2,0,2,0,0,0,2,2,2,0,0,2,2,0,0,0,2,2,0,0,0,2,2,2,2,0,2,2,2,2,2,2,2,2,0,0,2,2,2,2,2,2,2,2,0,0,2,2,2,0,0,0,0,0,0,0]",a79607ef2147ce3bf404a0b82fdbe08ff3feec52c2fe10383b0a6f1aa78622ab,04e88c8a48a4f6aafae1a2664526edbb0dea8c4c826cec481b007c68b1017734,improved_campaign_offspring,C000577,,5,boundary_growth:small,0.016666666666666666,"[100,110,120]",3,L-SEED,completed,valid,[],,0.03336550409381685,9.743585728033421,B1,2026-08-08T04:13:45.331+02:00,2026-08-08T04:13:45.331+02:00,2026-08-08T04:18:40.935+02:00
731,C000731,improved_dataset_1000_20260807_001,23,731,"[2,2,2,2,2,0,0,2,0,0,2,2,2,0,2,2,2,2,2,0,2,2,2,2,2,2,2,2,0,0,2,2,0,0,0,0,0,2,2,2,2,2,2,0,2,0,0,2,2,0,0,2,2,2,2,2,0,0,0,0,2,2,2,2,0,0,0,0,0,0,2,2,0,0,0,0,0,0,0,0,2,2,2,0,0,0,0,0,0,0,2,0,0,0,0,0,0,0,0,0,0,0,0,0,0,0,0,2,2,0,2,0,0,0,2,0,0,2,2,0,2,2,0,0,2,0,2,2,2,0,2,0,0,2,2,2,2,2,2,0,0,0,0,2,2,2,2,2,2,2,0,0,0,2,2,2,2,2,0,2,0,0,2,2,0,0,0,0,2,2,0,0,0,2,0,0,0,0,2,2]",20b749ee331cd084c58f4e6669960959515c75b75c52ed96364e4e8f6a074ea6,4886881243792c6a9bbf9b9d8f75acfc4690850703de1778334967264e20793b,improved_campaign_offspring,C000615,,1,boundary_growth:medium,0.044444444444444446,"[42,44,52,53,54,55,62,63]",8,L-SEED,completed,valid,[],,0.06343948782174007,9.326852518496747,B1,2026-08-08T04:18:41.220+02:00,2026-08-08T04:18:41.220+02:00,2026-08-08T04:23:31.177+02:00
732,C000732,improved_dataset_1000_20260807_001,23,732,"[2,1,1,1,1,1,1,1,1,1,2,1,1,1,1,1,1,1,1,1,2,2,2,2,2,1,1,1,1,1,2,2,2,2,2,1,1,1,1,1,2,2,2,2,0,0,0,0,1,1,2,2,2,2,0,0,0,0,1,1,2,2,2,2,0,0,1,1,1,1,2,2,2,2,2,1,1,1,1,1,2,2,2,2,2,2,1,1,1,1,1,2,2,2,2,1,1,1,1,1,1,1,2,2,2,1,1,1,1,1,1,1,1,1,1,1,1,1,1,1,1,1,1,1,1,1,1,1,1,1,1,1,1,1,1,1,0,1,1,1,1,1,1,1,1,1,1,1,1,1,1,1,0,0,0,1,1,1,1,1,1,0,0,0,1,1,1,1,1,1,1,1,1,0,0,1,1,1,1,1]",8fe7d6f14326e250642654848a9385ebe5b208f0e0fb1196c4eb33563c0eb7ef,812ebefac9ec8a92147aa17d85d89ff39f6362b1029c6d4aef9bd1163e8ebf3e,improved_campaign_offspring,C000643,,2,rectangular_patch:medium,0.05555555555555555,"[44,45,46,47,54,55,56,57,64,65]",10,L-SEED,completed,valid,[],,0.8016318948696294,1.41431887116299,B5,2026-08-08T04:18:41.436+02:00,2026-08-08T04:18:41.436+02:00,2026-08-08T04:23:31.193+02:00
733,C000733,improved_dataset_1000_20260807_001,23,733,"[2,2,2,2,2,2,2,0,0,0,2,2,2,2,2,2,2,2,2,2,2,2,2,2,2,2,2,2,2,2,2,2,2,2,2,2,2,2,2,2,2,2,2,2,0,2,2,2,2,2,0,2,2,2,0,2,2,2,2,2,2,2,2,2,2,2,2,2,2,2,2,2,2,2,2,2,2,2,2,2,2,2,2,2,2,0,0,0,2,2,2,2,2,2,2,0,0,0,2,2,2,2,2,2,2,0,0,0,0,0,2,2,2,2,2,0,0,0,0,0,2,2,2,2,2,0,0,0,0,0,2,2,2,0,0,2,2,0,0,0,0,0,2,2,2,2,2,2,2,2,2,2,2,2,2,2,2,2,0,2,2,2,2,2,0,2,2,2,2,2,2,2,2,2,2,2,1,1,2,2]",6930bbd1867ecc905e21359958a0552c0d3116dd07bc591bde2b156c58910398,7a59786d96e9a7d06f1767a13405d15b5178c1b5a71ef7495ed0de1557795933,improved_campaign_offspring,C000491,,3,rectangular_patch:large,0.1388888888888889,"[15,16,17,18,19,26,27,28,29,35,36,37,38,39,45,46,47,48,49,55,56,57,58,59]",24,L-SEED,completed,valid,[],,0.05731637278279834,9.424458073661626,B1,2026-08-08T04:18:41.568+02:00,2026-08-08T04:18:41.568+02:00,2026-08-08T04:23:31.193+02:00
734,C000734,improved_dataset_1000_20260807_001,23,734,"[2,2,2,2,2,2,0,0,0,0,0,2,2,2,2,2,0,0,0,0,0,2,2,2,2,2,0,0,0,0,0,2,2,2,0,2,0,0,0,2,0,2,2,2,0,2,2,2,2,2,0,2,2,2,2,2,2,2,2,0,0,2,2,2,2,2,2,2,2,2,0,0,2,0,2,2,2,2,2,2,0,0,2,2,2,2,0,2,2,2,0,0,2,2,1,1,1,1,2,2,2,2,2,2,1,1,1,0,1,1,2,2,2,2,2,0,1,1,1,1,2,0,2,2,2,2,1,1,1,1,2,2,2,2,2,1,1,1,1,1,2,2,2,2,1,1,1,1,1,1,1,1,1,1,1,1,1,1,1,1,1,1,1,1,1,1,1,1,1,1,1,1,1,1,1,1,1,1,1,1]",3e18b04cef7becfcf3daebac0d87de78becc9fba494b8164dd8b3aff860247d6,5804715e6374c5d1e357943b6d8b157c7040bfbbb5d2f49ee209ec9bf799e9b8,improved_campaign_offspring,C000612,,4,boundary_growth:small,0.011111111111111112,"[70,80,90,91]",4,L-SEED,completed,valid,[],,0.10128607640684338,8.942904677321566,B1,2026-08-08T04:18:41.719+02:00,2026-08-08T04:18:41.719+02:00,2026-08-08T04:23:31.208+02:00
735,C000735,improved_dataset_1000_20260807_001,23,735,"[2,2,2,2,2,2,2,2,2,0,2,2,2,2,2,2,0,0,0,0,2,2,2,2,2,2,0,0,0,0,2,2,2,2,2,2,0,0,0,0,2,2,2,2,2,2,0,0,2,2,0,2,2,2,2,2,2,2,2,2,2,2,2,2,2,2,2,2,2,1,2,2,2,2,2,2,1,1,1,1,2,2,2,2,2,2,2,1,1,1,0,0,0,0,2,2,2,1,1,1,0,0,0,0,2,2,2,1,1,1,0,0,0,0,2,2,1,1,1,1,0,0,0,0,2,2,1,0,1,1,0,0,0,0,0,0,0,0,1,1,0,0,0,0,0,0,0,0,0,1,0,0,0,0,0,0,0,0,0,1,0,0,0,0,0,0,0,0,1,1,0,0,0,0,0,0,0,0,1,1]",2810c2f34382fff36c1f4086ff21300a51d716da97fbbafbf55e0adad5100df2,246013dc77d79ba6e0fe3cdad907612ac9f9e07c4937b84816b2fe9bd6397cfc,improved_campaign_offspring,C000584,,5,rectangular_patch:medium,0.07777777777777778,"[16,17,18,19,26,27,28,36,37,38,39,46,47]",13,L-SEED,completed,valid,[],,0.14299252593408507,8.472792175964425,B1,2026-08-08T04:18:41.853+02:00,2026-08-08T04:18:41.853+02:00,2026-08-08T04:23:31.208+02:00
736,C000736,improved_dataset_1000_20260807_001,23,736,"[0,0,0,0,0,0,0,0,0,0,0,0,0,0,0,0,0,0,0,0,0,0,0,0,0,0,0,0,0,0,0,2,2,2,0,0,0,0,0,0,0,2,2,2,0,0,0,0,0,0,0,2,2,2,0,0,0,0,0,0,0,0,0,2,0,2,2,2,2,2,0,0,0,0,0,2,2,2,2,2,0,0,0,0,0,2,0,2,2,2,0,0,0,0,0,2,0,0,2,2,0,0,0,0,1,1,1,1,1,1,0,0,0,0,0,0,1,1,1,1,0,0,0,0,0,0,2,1,1,1,0,0,0,0,0,2,2,1,1,1,0,0,2,2,2,2,2,2,2,1,0,2,0,2,0,2,2,2,1,1,2,2,2,2,0,2,2,1,1,1,2,1,2,2,2,2,2,2,1,1]",2a006eee183cc820047974df0357f63c2555f1811032901ccf91cf27ee1a5703,7ebbb940d318e61d37ab9765f7f794acdf83840bf72bdc22dc9add2473f87647,improved_campaign_offspring,C000559,,1,connected_region_repaint:large,0.15555555555555556,"[126,135,136,142,143,144,145,146,147,148,150,151,152,153,155,156,157,160,161,162,163,164,165,166,170,172,173,174,175,176,177]",31,L-SEED,completed,valid,[],,0.08827216711613844,9.075069040542528,B1,2026-08-08T04:23:31.491+02:00,2026-08-08T04:23:31.491+02:00,2026-08-08T04:25:48.168+02:00
737,C000737,improved_dataset_1000_20260807_001,23,737,"[0,0,0,0,0,0,2,2,0,2,2,2,0,0,0,0,2,2,2,2,2,0,0,0,0,0,2,2,2,2,2,2,2,2,2,0,2,2,2,2,0,2,0,0,2,2,2,2,2,2,0,0,0,0,2,2,2,2,2,2,0,0,0,0,2,2,2,2,2,2,0,2,2,2,2,2,2,2,2,2,0,2,2,2,2,2,2,2,2,2,2,2,2,2,2,0,2,2,1,1,2,2,2,2,2,2,2,2,1,1,2,2,2,2,2,2,2,2,1,1,2,2,2,2,2,0,1,1,1,1,2,2,1,0,0,1,1,1,1,1,0,0,1,1,1,1,1,1,1,1,0,0,1,1,1,1,1,1,1,1,0,1,1,1,1,1,1,1,1,1,1,1,1,1,1,1,1,1,1,1]",b092bb5a4a5883b6fd2661eeef19444a330b39325268077ba121b03a4559171c,a9614e46dd647476c40a6e4ff4470f98122efe05b5c4eac26f8bab44953e8032,improved_campaign_offspring,C000710,,2,connected_region_repaint:small,0.005555555555555556,[95],1,L-SEED,completed,valid,[],,0.07733101934650548,9.192402524492284,B1,2026-08-08T04:23:31.625+02:00,2026-08-08T04:23:31.625+02:00,2026-08-08T04:25:48.168+02:00
738,C000738,improved_dataset_1000_20260807_001,23,738,"[0,0,0,0,0,0,0,0,0,0,0,0,0,0,0,0,0,0,0,0,0,0,0,0,0,0,0,0,0,0,0,2,0,2,0,0,0,0,0,0,0,2,0,2,0,0,0,0,0,0,0,2,2,2,0,0,0,0,0,0,0,0,0,2,0,2,2,2,2,2,0,0,0,0,0,2,2,2,2,2,0,0,0,0,0,2,0,2,2,2,0,0,0,0,0,2,0,0,2,2,0,0,0,0,1,1,1,1,1,1,0,0,0,0,0,0,1,1,1,1,0,0,0,0,0,0,1,1,1,1,0,0,0,0,0,1,1,1,1,1,0,0,1,1,1,1,1,1,1,1,1,1,1,1,0,1,1,1,1,1,1,1,1,1,1,1,1,1,1,1,1,1,1,1,1,1,1,1,1,1]",b4fc4da34552ceb3420900dff5f64fa4194bed71136faf336026ffdca3a685ad,a10b0d6d609356782dab4f0f9129c7146f37958daaa3f22e577a1cf5d622d96f,improved_campaign_offspring,C000559,,3,boundary_growth:small,0.011111111111111112,"[32,42]",2,L-SEED,completed,valid,[],,0.06184543168895016,9.377172670240018,B1,2026-08-08T04:23:31.755+02:00,2026-08-08T04:23:31.755+02:00,2026-08-08T04:25:48.184+02:00
739,C000739,improved_dataset_1000_20260807_001,23,739,"[0,0,0,0,0,0,2,2,0,2,2,2,0,0,0,0,2,2,2,2,2,0,0,0,0,0,2,2,2,2,2,2,2,2,2,0,2,2,2,2,0,2,0,0,2,2,2,2,2,2,0,0,0,0,2,2,2,2,2,2,0,0,0,0,2,2,2,2,2,2,0,2,2,2,2,2,2,2,2,2,0,2,2,2,2,2,2,2,2,2,2,2,2,2,2,2,2,2,1,1,2,2,2,2,2,2,2,2,1,1,2,2,2,2,2,2,2,2,1,1,2,2,2,2,2,0,1,1,1,1,2,2,0,0,0,1,1,1,1,1,0,0,2,2,2,2,1,1,1,1,0,0,1,2,2,2,1,1,1,1,0,1,1,1,1,2,1,1,1,1,1,1,1,1,1,1,1,1,1,1]",002d21c0d3ac4ac46fd8fa2699ccd9b7817ca5732902ca2357bb347fe00da132,3819dd1420c8ccf13b49a4ca0706926b642183d0f542e48433a9ab69e6b5d783,improved_campaign_offspring,C000710,,4,connected_region_repaint:medium,0.044444444444444446,"[132,142,143,144,145,153,154,155,165]",9,L-SEED,completed,valid,[],,0.07862783771787918,9.17577291322704,B1,2026-08-08T04:23:31.895+02:00,2026-08-08T04:23:31.895+02:00,2026-08-08T04:25:48.187+02:00
740,C000740,improved_dataset_1000_20260807_001,23,740,"[0,0,0,0,0,2,2,0,2,0,0,0,0,0,0,0,2,2,2,2,0,0,0,0,0,2,2,2,2,0,2,2,2,2,0,2,2,2,0,0,2,2,0,2,0,0,2,2,2,2,0,0,0,0,0,0,2,0,2,2,0,0,0,0,0,0,2,2,2,0,0,0,0,0,0,0,2,0,2,2,0,0,0,0,0,0,2,2,2,2,0,0,0,0,0,0,0,0,2,2,0,0,0,0,0,0,0,2,2,1,0,0,0,0,0,0,0,0,2,1,0,0,0,0,0,0,0,0,1,1,0,0,0,0,0,0,0,0,1,1,0,0,1,1,1,0,0,1,1,1,1,1,1,1,1,0,0,1,1,1,1,1,1,1,1,1,1,1,1,1,1,1,1,1,1,1,1,1,1,1]",6b87bdb642f89e347a0914ed21628c0a89879ae49389780a4752a4dcd8c30000,c18ea280c379bd2c51b1b8e9e1e044678e715007c9012190727a0c6b2f797804,improved_campaign_offspring,C000618,,5,connected_region_repaint:medium,0.05,"[109,119,128,129,138,139,147,148,149]",9,L-SEED,completed,valid,[],,0.055917411767029204,9.508106610905388,B1,2026-08-08T04:23:32.187+02:00,2026-08-08T04:23:32.187+02:00,2026-08-08T04:25:48.187+02:00
741,C000741,improved_dataset_1000_20260807_001,23,741,"[0,0,0,0,0,0,0,0,0,0,0,0,0,0,0,0,0,0,0,0,0,0,0,0,0,0,0,0,0,0,0,0,0,2,0,0,2,0,0,0,0,0,2,2,2,2,2,2,0,0,0,0,0,2,2,2,2,0,0,0,0,0,1,2,2,2,2,0,0,0,1,1,1,2,2,2,0,0,0,0,1,1,1,1,2,2,0,0,0,0,2,2,1,2,2,1,1,1,1,0,2,2,1,1,2,2,1,1,1,1,2,2,2,1,1,1,1,1,1,1,2,2,2,1,1,1,1,0,1,1,2,2,2,1,1,2,2,2,1,1,0,0,0,0,2,2,2,2,2,1,0,0,0,0,0,2,0,2,2,1,0,0,0,0,2,2,2,2,1,1,0,0,0,2,2,2,2,2,1,1]",843202b907d151768ee74620f25d5308d303a672464efd07a36b983546bebd6d,3bd372e51137142ddff45464c9cdbf08eaf362b4a5f598aae5495512503298c8,improved_campaign_offspring,C000562,,1,connected_region_repaint:medium,0.06111111111111111,"[50,60,62,70,71,72,80,81,82,83,92,102,103]",13,L-SEED,completed,valid,[],,0.0740869270410423,9.365738829768684,B1,2026-08-08T04:25:48.555+02:00,2026-08-08T04:25:48.555+02:00,2026-08-08T04:29:33.843+02:00
742,C000742,improved_dataset_1000_20260807_001,23,742,"[2,2,2,2,2,2,2,2,0,0,2,2,2,2,2,2,0,0,0,0,2,2,2,0,2,0,0,0,0,2,2,2,2,0,0,0,2,2,2,2,2,2,2,2,0,0,2,0,2,2,2,2,2,2,2,2,2,2,2,2,0,2,2,2,2,2,2,2,0,2,0,0,2,0,0,2,2,2,2,2,0,0,0,0,2,2,2,2,2,2,0,0,0,2,2,2,2,2,2,2,0,0,0,0,0,0,2,2,2,2,0,0,0,0,0,0,0,2,2,2,0,0,0,0,0,0,0,2,0,2,0,0,0,0,0,0,0,0,0,2,0,0,0,0,0,0,0,0,2,0,0,0,0,0,0,0,0,0,2,2,0,1,1,0,0,0,0,1,2,1,0,0,1,0,0,0,0,1,1,1]",bb6b469c9869721902c9413c43fadda3ae968a8b0086dad9c35b3d1d77927d35,80644ea1939b535ef6fc8316823454e375021092ffd5521034aaee0c6cb6f0a5,improved_campaign_offspring,C000412,,2,boundary_growth:small,0.011111111111111112,"[23,33]",2,L-SEED,completed,valid,[],,0.05726432204621559,9.41980528500443,B1,2026-08-08T04:25:48.685+02:00,2026-08-08T04:25:48.685+02:00,2026-08-08T04:29:33.843+02:00
743,C000743,improved_dataset_1000_20260807_001,23,743,"[2,2,2,0,0,0,0,0,0,0,2,2,0,0,0,0,0,0,0,0,2,2,2,2,2,0,0,0,0,0,2,2,2,2,2,0,0,0,0,0,2,2,2,2,2,0,0,0,0,0,2,2,2,2,2,2,0,0,0,0,2,2,2,2,2,2,1,0,0,0,2,2,2,2,2,2,1,0,0,0,2,2,2,2,2,2,1,0,0,1,2,2,2,2,2,2,1,1,1,1,2,2,2,2,2,2,1,1,1,1,2,2,2,2,2,2,1,1,1,1,2,2,2,2,2,2,1,0,1,1,2,2,2,1,2,2,1,0,1,1,0,1,0,1,2,2,1,0,0,1,0,1,1,1,1,1,1,1,1,1,1,1,1,1,1,1,1,1,1,1,1,1,1,1,1,1,1,1,1,1]",9790ce7de03629fac3c423690b2bd41ee4fc5ce8cd19254ddd734dc939046211,fd74a8b9e0504d0018cf90596045ecb0e3dc74fa6bf9f96b07b9f9f24a56439a,improved_campaign_offspring,C000651,,3,boundary_growth:large,0.12777777777777777,"[3,4,5,6,7,8,9,12,13,14,15,16,17,18,19,25,26,27,35,36,37,38,39,45,46,47,48,49,56,57,58,59,67,68,69,77,78,79,87,88]",40,L-SEED,completed,valid,[],,0.1630717328059437,8.249221868709872,B1,2026-08-08T04:25:48.816+02:00,2026-08-08T04:25:48.816+02:00,2026-08-08T04:29:33.859+02:00
744,C000744,improved_dataset_1000_20260807_001,23,744,"[0,0,0,0,0,0,0,0,0,0,0,0,0,0,0,0,0,0,0,0,0,0,0,0,0,0,0,0,0,0,0,0,0,2,0,0,2,0,0,0,0,0,2,2,2,2,2,2,0,0,0,0,0,2,2,2,2,0,0,0,2,0,2,2,2,2,2,0,0,0,2,2,2,2,2,2,0,0,0,0,2,2,2,2,2,2,0,0,0,0,2,2,2,2,2,1,1,1,1,0,2,2,2,2,2,2,1,1,1,1,2,2,2,1,1,1,1,1,1,1,2,2,2,1,1,1,1,0,1,1,2,2,2,1,1,2,2,2,1,1,0,0,0,0,2,2,2,2,2,1,0,0,0,0,0,2,0,2,2,1,0,0,0,0,2,2,2,2,1,1,0,0,0,2,2,2,2,2,1,1]",3c56c84679d78b71df01fd2d4fde06016c2b2ec0bd85a7d4ffc8822af8efd21a,453b1fcdece5d63191350c8a7118bee8e2d1298b7ed0cf332b91c51a942d3f5e,improved_campaign_offspring,C000562,,4,boundary_growth:small,0.005555555555555556,[50],1,L-SEED,completed,valid,[],,0.11235900910245056,8.79656019889104,B1,2026-08-08T04:25:48.958+02:00,2026-08-08T04:25:48.958+02:00,2026-08-08T04:29:33.859+02:00
745,C000745,improved_dataset_1000_20260807_001,23,745,"[2,2,2,2,2,0,0,0,0,0,0,2,2,0,0,0,0,0,0,0,0,2,0,0,0,0,0,0,0,0,0,2,0,0,0,0,0,0,0,0,0,2,2,2,0,0,0,0,0,0,0,2,0,0,0,0,0,0,0,0,0,2,2,0,0,0,0,2,2,2,0,0,2,0,0,0,0,2,2,2,0,0,0,0,0,0,0,2,2,2,0,0,0,0,0,1,0,0,2,2,0,0,0,1,1,1,0,0,0,0,1,0,0,1,1,1,0,0,0,0,1,1,1,1,1,1,0,0,0,0,1,1,1,1,1,1,0,0,0,0,1,1,1,1,1,1,0,0,0,0,1,1,1,1,1,1,0,0,0,0,0,1,1,0,0,0,0,1,0,1,0,0,1,0,0,0,0,1,1,1]",0a630ee6e137d471057dca6648f51cb26da4a9d14225b830ecb3440887b46ffe,7e3d9c42bc3cbfa05afa52ba9fdd29ad8718f1ff41fd4bb72964158c985c7f87,improved_campaign_offspring,C000715,,5,connected_region_repaint:large,0.17777777777777778,"[90,95,100,103,104,105,110,113,114,115,120,121,122,123,124,125,130,131,132,133,134,135,140,141,142,143,144,145,150,151,152,153,154,155]",34,L-SEED,completed,valid,[],,0.09266813403969736,9.085957132908524,B1,2026-08-08T04:25:49.074+02:00,2026-08-08T04:25:49.074+02:00,2026-08-08T04:29:33.859+02:00
746,C000746,improved_dataset_1000_20260807_001,23,746,"[0,0,0,0,0,0,2,2,2,2,0,0,0,0,2,2,2,2,2,2,0,2,2,0,0,2,2,2,2,2,0,2,2,2,0,0,2,2,2,2,0,2,2,2,0,0,2,2,2,2,0,2,2,2,2,2,2,2,2,0,0,2,2,2,2,2,2,2,2,2,0,0,2,0,0,2,2,2,2,2,0,0,0,0,0,2,0,2,2,2,0,0,0,0,0,2,0,0,2,2,0,0,0,0,0,0,0,0,1,1,1,1,0,0,0,0,1,1,1,1,1,0,1,0,0,0,1,1,1,1,1,1,1,1,0,1,1,1,1,1,1,1,1,1,1,1,1,1,1,1,1,1,1,1,1,1,1,1,1,1,1,1,1,1,1,1,1,1,1,1,0,1,1,1,1,1,1,1,1,1]",06346ab98311da7229e9cbdbdb6acb7c6a38ed150963516046a088600e414a3b,e0da2c01a1477815418a513b80b5af4ccd069e89c86ba16faca552bd0327d18c,improved_campaign_offspring,C000688,,1,boundary_growth:small,0.011111111111111112,"[35,45]",2,L-SEED,completed,valid,[],,0.06178901521353801,9.427912562642677,B1,2026-08-08T04:29:34.160+02:00,2026-08-08T04:29:34.160+02:00,2026-08-08T04:32:50.332+02:00
747,C000747,improved_dataset_1000_20260807_001,23,747,"[2,2,2,2,2,2,2,2,2,2,0,2,2,2,2,2,2,2,2,2,0,2,2,2,2,2,2,2,2,2,0,2,2,2,2,2,2,2,2,2,2,2,2,2,2,2,2,2,2,2,2,2,2,2,2,2,2,2,0,0,2,2,2,2,2,2,2,2,0,2,0,2,2,2,0,0,0,2,0,2,0,0,0,2,0,0,0,0,0,2,0,0,0,2,0,0,0,0,2,2,0,0,2,2,2,2,2,2,0,0,0,0,0,0,2,2,2,0,0,0,2,0,0,2,2,2,2,2,0,0,2,2,2,2,2,2,2,2,0,0,0,0,2,2,1,1,2,2,1,1,0,0,1,0,1,1,2,1,1,1,0,1,1,1,1,1,1,1,1,1,1,1,1,1,1,1,1,1,1,1]",22696ef439bff196d461baea821451e7409aadcbf52793e0fe8b81022e442a98,b7690ae4936171bdee23d114d11b2e8d229ae797e6d4f059f5ac565d9dad00f9,improved_campaign_offspring,C000567,,2,connected_region_repaint:large,0.2,"[6,7,8,9,14,15,16,17,18,19,24,25,26,27,28,29,34,35,36,40,41,42,43,44,50,51,52,60,61,62,63,64,71,72,73,83]",36,L-SEED,completed,valid,[],,0.06659943323002471,9.344979938356724,B1,2026-08-08T04:29:34.385+02:00,2026-08-08T04:29:34.385+02:00,2026-08-08T04:32:50.332+02:00
748,C000748,improved_dataset_1000_20260807_001,23,748,"[0,0,0,0,0,0,2,2,2,2,0,0,0,0,2,2,2,2,2,2,0,2,2,0,0,2,2,2,2,2,0,2,2,2,0,2,2,2,2,2,0,2,2,2,0,2,2,2,2,2,0,2,2,2,2,2,0,0,2,0,0,2,2,2,2,2,0,2,2,2,0,0,2,0,0,2,2,2,2,2,0,0,0,0,0,2,0,2,2,2,0,0,0,0,0,2,0,0,2,2,0,0,0,0,0,0,0,0,1,1,1,1,0,0,0,0,1,1,1,1,1,0,1,0,0,0,1,1,1,1,1,1,1,1,0,1,1,1,1,1,1,1,1,1,1,1,1,1,1,1,1,1,1,1,1,1,1,1,1,1,1,1,1,1,1,1,1,1,1,1,0,1,1,1,1,1,1,1,1,1]",07894d6d9feb961e7f90e5f71faf7582be1befeb84ab6acc10829731d747aef8,bf17024a251e53c19b244b4dc77aa043576802dc5294d0e3b11f4ef6d55696fe,improved_campaign_offspring,C000688,,3,rectangular_patch:small,0.016666666666666666,"[56,57,66]",3,L-SEED,completed,valid,[],,0.06342114455068269,9.414798782973886,B1,2026-08-08T04:29:34.508+02:00,2026-08-08T04:29:34.508+02:00,2026-08-08T04:32:50.348+02:00
749,C000749,improved_dataset_1000_20260807_001,23,749,"[2,2,2,2,2,0,0,2,0,0,0,0,2,2,0,0,2,2,2,0,0,0,2,2,0,0,0,0,0,0,0,0,0,0,0,0,0,2,2,2,0,0,0,0,0,0,0,0,2,2,0,0,0,0,0,0,0,0,0,0,0,0,0,0,0,0,0,0,0,0,0,1,0,0,0,0,0,0,0,0,1,1,0,0,0,0,2,0,0,0,1,1,1,1,0,0,2,2,0,0,1,1,1,1,1,1,1,2,1,1,1,1,1,1,1,1,2,2,1,2,1,1,0,1,1,1,1,1,1,2,1,1,1,1,1,1,1,1,2,2,1,1,1,1,1,1,1,1,2,2,1,2,2,0,1,1,2,2,2,2,1,1,2,2,1,1,2,0,2,2,1,1,1,2,2,2,2,2,2,2]",33deb4c6434ae535c566c34a8d0df7ebe9492f8c6b207e323a251bdf4260f493,fe648f21c3a134b5478b4ea8109de699efefdf3cca8f4c9de085a9afa592f3ab,improved_campaign_offspring,C000509,,4,connected_region_repaint:small,0.022222222222222223,"[151,152,162,163]",4,L-SEED,completed,valid,[],,0.041186903058814645,9.592438460385313,B1,2026-08-08T04:29:34.645+02:00,2026-08-08T04:29:34.645+02:00,2026-08-08T04:32:50.348+02:00
750,C000750,improved_dataset_1000_20260807_001,23,750,"[2,2,2,2,2,2,0,0,0,0,0,2,2,2,0,0,0,0,0,0,0,2,2,2,0,0,0,0,0,0,0,2,2,2,0,0,0,2,2,2,0,2,2,0,0,2,2,2,2,2,0,0,2,2,2,2,2,2,0,0,0,2,2,2,0,2,2,2,0,2,2,2,2,0,0,0,0,2,0,2,2,2,2,2,0,0,0,0,0,2,2,2,2,2,0,0,0,0,2,2,2,2,2,2,2,2,2,2,0,0,2,2,2,2,2,2,2,0,0,0,2,2,0,2,2,2,2,2,0,0,2,2,2,2,2,2,2,2,0,0,0,0,2,2,1,1,2,2,1,1,0,0,1,0,1,1,2,1,1,1,0,1,1,1,1,1,1,1,1,1,1,1,1,1,1,1,1,1,1,1]",621d5d0f60398032cbd6147abf83691dc06ba9dc0381465628ec29de5675286d,bd60f5521ab849c68855b70b83fb75cd09a404114ebf82b0043d48222f18df70,improved_campaign_offspring,C000567,,5,connected_region_repaint:large,0.12777777777777777,"[41,42,52,61,62,63,70,71,72,80,81,82,83,90,91,92,100,101,110,111,112,113,121]",23,L-SEED,completed,valid,[],,0.06620177243628328,9.367528935873755,B1,2026-08-08T04:29:34.772+02:00,2026-08-08T04:29:34.772+02:00,2026-08-08T04:32:50.365+02:00
751,C000751,improved_dataset_1000_20260807_001,24,751,"[0,1,1,1,1,1,1,1,1,1,0,1,1,0,1,1,1,1,1,1,0,0,0,0,1,1,1,1,1,1,0,2,2,2,0,1,1,1,1,1,0,2,2,2,0,1,1,1,1,1,0,1,2,1,0,1,1,1,1,1,1,1,1,1,1,1,1,1,1,1,1,1,2,2,1,1,1,1,1,1,1,2,2,2,2,1,1,1,1,1,2,2,2,2,2,1,1,1,1,1,2,2,2,2,2,1,1,1,1,1,2,2,2,2,2,1,1,1,1,1,2,2,2,2,2,1,1,1,1,1,0,2,2,0,0,1,1,1,1,1,0,0,0,1,1,1,1,1,1,1,1,1,1,1,1,1,1,1,1,1,1,1,1,1,1,1,1,1,1,1,1,1,1,1,1,1,1,1,1,1]",6c07ce2486d37e903f7fb071e74fced302c7c890a56ca8b93a63cac01964d618,8b8d1bb1cac66bec3fb73359a5f8ecd1f2777d957caceed128e27932d7456922,improved_campaign_offspring,C000665,,1,connected_region_repaint:medium,0.06111111111111111,"[51,53,60,61,62,63,64,70,71,74,80]",11,L-SEED,completed,valid,[],,0.9800916918994442,0.06879472918274458,B6,2026-08-08T04:32:50.810+02:00,2026-08-08T04:32:50.810+02:00,2026-08-08T04:38:10.769+02:00
752,C000752,improved_dataset_1000_20260807_001,24,752,"[0,1,1,1,1,1,1,1,1,1,0,1,1,0,1,1,1,1,1,1,0,0,0,0,0,2,2,1,1,1,0,2,2,2,0,2,2,1,1,1,0,2,2,2,0,1,1,1,1,1,0,2,2,2,0,1,1,1,1,1,2,2,2,2,2,1,1,1,1,1,2,2,2,2,2,1,1,1,1,1,2,2,2,2,2,1,1,1,1,1,2,2,2,2,2,1,1,1,1,1,2,2,2,2,2,1,1,1,1,1,2,2,2,2,2,1,1,1,1,1,2,2,2,2,2,1,1,1,1,1,0,2,2,0,0,1,1,1,1,1,0,0,1,1,1,1,1,1,1,1,1,1,1,1,1,1,1,1,1,1,1,1,1,1,1,1,1,1,1,1,1,1,1,1,1,1,1,1,1,1]",af55cdd0626f48a1c5f04b56e13c46370ffd82848861ebfedc83e0313870d3f6,5afbd2d2e7b3e7dd219cdd4d9a1e1ab64f5fcdab53d81c55ebb368e3a451de0c,improved_campaign_offspring,C000513,,2,rectangular_patch:small,0.022222222222222223,"[25,26,35,36]",4,L-SEED,completed,valid,[],,0.9106063786798019,0.2607108252348301,B6,2026-08-08T04:32:50.948+02:00,2026-08-08T04:32:50.948+02:00,2026-08-08T04:38:10.785+02:00
753,C000753,improved_dataset_1000_20260807_001,24,753,"[2,2,2,2,2,2,2,0,0,0,2,2,2,2,2,2,0,0,0,0,2,2,2,2,2,2,2,2,0,0,0,0,2,2,2,2,2,2,0,0,0,0,2,2,2,2,2,2,0,0,0,0,2,2,2,2,2,2,2,0,0,0,2,2,2,2,2,2,2,0,0,0,2,2,2,2,2,0,0,0,0,0,0,0,0,0,0,0,0,0,0,0,0,0,0,0,0,0,0,0,0,0,0,0,0,0,0,0,0,0,0,0,0,0,0,0,0,0,0,0,0,0,0,0,0,0,0,0,0,0,0,0,0,0,0,0,0,0,0,0,0,0,0,0,0,0,0,0,0,0,0,0,0,0,0,0,0,0,0,0,0,0,0,0,0,0,0,0,1,0,0,0,0,0,0,0,0,0,1,0]",35321469ce7dbf649155bbe6565123002727a08a2455ea10b9c4fa58b9d56d03,d3a67a8ea93327dbd8b9e55cac79999d4ee9ccfb30b2e3f11a8d4c1322377555,improved_campaign_offspring,C000692,,3,boundary_growth:large,0.18333333333333332,"[7,8,16,17,18,28,38,39,48,49,59,69,77,78,79,86,87,88,89,96,97,98,99,106,107,108,109,116,117,118,119,126,128,129,138,139,149,159,169,179]",40,L-SEED,completed,valid,[],,0.0839218366786231,9.131260194640019,B1,2026-08-08T04:32:51.148+02:00,2026-08-08T04:32:51.164+02:00,2026-08-08T04:38:10.785+02:00
754,C000754,improved_dataset_1000_20260807_001,24,754,"[2,2,2,2,2,2,2,2,0,0,0,2,2,2,2,2,2,0,0,0,0,2,2,2,2,2,2,2,2,0,0,2,2,2,0,2,2,2,2,0,0,2,2,2,0,0,0,0,2,2,0,2,2,2,2,0,0,0,2,0,2,2,0,0,0,0,0,1,1,1,2,0,0,0,0,1,1,1,1,1,2,0,0,0,1,1,0,1,1,1,1,1,1,1,1,1,0,0,1,1,2,2,1,1,1,0,0,0,1,1,2,2,2,2,2,0,1,1,1,1,2,0,2,2,2,2,1,1,1,1,2,2,2,2,2,1,1,1,1,1,2,2,0,0,1,1,1,1,1,1,0,0,0,0,1,1,1,1,1,1,0,0,0,0,0,1,1,1,1,1,0,0,0,0,1,1,1,1,1,1]",e7996bd11ec029089365ad4f5f78d36361118d217984d5bd4a3928ace6eb37e4,d28ff1df1f9a5107f5d33188ce596d3d2945715af158d5735d89abf571f951da,improved_campaign_offspring,C000725,,4,connected_region_repaint:medium,0.044444444444444446,"[17,18,28,35,36,37,38,48,49,58]",10,L-SEED,completed,valid,[],,0.1476510784435016,8.419786741028366,B1,2026-08-08T04:32:51.302+02:00,2026-08-08T04:32:51.302+02:00,2026-08-08T04:38:10.800+02:00
755,C000755,improved_dataset_1000_20260807_001,24,755,"[2,2,1,1,0,1,0,0,0,0,2,1,1,1,1,1,1,0,0,0,2,1,1,1,1,1,1,1,1,0,1,1,1,1,1,1,1,0,0,0,0,1,1,1,1,1,0,0,0,0,0,1,0,1,1,0,0,0,0,0,1,1,1,1,1,1,1,1,1,0,1,1,1,1,1,1,1,1,1,1,1,1,1,1,1,1,1,1,0,0,0,1,1,1,2,2,1,1,1,0,0,0,0,1,2,2,2,2,1,1,0,0,0,2,2,2,1,1,1,1,0,0,0,2,2,2,1,1,1,1,0,0,0,0,0,1,1,1,1,1,0,0,0,0,0,0,1,1,0,1,1,1,0,1,0,1,1,1,1,1,1,1,1,1,0,1,1,1,1,1,1,1,1,1,1,1,1,1,1,1]",3bd5bf08e1c3b3394c841c13a81309e0aa7b508c7607e8ac35dc9ba590d52be3,77e2a20569b2fc75d8c2247e6cf104db2e51017e5cf3d55c955307356062dd65,improved_campaign_offspring,C000604,,5,connected_region_repaint:small,0.005555555555555556,[148],1,L-SEED,completed,valid,[],,0.2422028886023038,10.256337186390125,B1,2026-08-08T04:32:51.433+02:00,2026-08-08T04:32:51.433+02:00,2026-08-08T04:38:10.800+02:00
756,C000756,improved_dataset_1000_20260807_001,24,756,"[0,0,0,0,0,0,0,0,0,0,0,0,0,2,0,0,0,0,2,0,0,0,0,2,2,2,0,2,2,0,0,2,2,2,0,2,2,2,2,2,0,2,0,2,0,2,2,0,2,2,2,2,0,2,2,2,2,2,2,2,2,0,2,2,2,2,2,2,2,2,2,2,2,2,2,2,2,2,2,2,1,2,2,0,0,2,2,2,2,2,1,1,0,0,0,2,2,2,2,2,1,1,0,1,0,2,2,2,2,2,1,1,1,1,1,2,2,2,2,2,1,1,1,1,1,2,2,2,2,2,1,1,1,0,0,1,2,2,2,2,0,0,1,1,1,1,2,2,2,2,0,0,1,1,1,1,2,2,0,2,1,1,1,1,0,1,2,2,2,2,1,1,2,2,2,2,1,1,2,2]",3eaee3863a22689da4583746b11c78c7b246d665679c50ffbecec45059eca392,15746a5d3508b2489f6452cfc24de4c68edc38f3173b3a310c2188d4c5a074db,improved_campaign_offspring,C000430,,1,connected_region_repaint:large,0.11666666666666667,"[13,23,33,43,53,54,55,60,62,63,64,65,70,71,72,73,74,75,81,82,85]",21,L-SEED,completed,valid,[],,0.03440315836657867,9.682442759785628,B1,2026-08-08T04:38:11.169+02:00,2026-08-08T04:38:11.169+02:00,2026-08-08T04:44:36.049+02:00
757,C000757,improved_dataset_1000_20260807_001,24,757,"[0,0,0,0,0,2,2,0,2,0,0,0,0,0,2,2,2,2,2,2,0,0,0,0,2,2,2,2,2,0,0,2,2,2,2,2,2,2,2,0,0,2,0,2,0,2,2,2,0,0,0,2,2,2,0,0,2,2,2,0,2,2,2,2,0,0,0,2,2,0,2,2,2,2,2,0,0,0,2,0,2,2,2,2,0,0,0,0,0,0,2,2,2,2,0,0,0,0,0,0,2,2,0,2,0,0,2,2,2,0,2,2,0,0,0,0,2,2,2,0,2,2,0,0,0,0,0,0,0,0,2,2,2,0,0,2,2,2,2,0,0,0,2,2,2,2,2,2,2,2,2,2,2,2,2,2,2,2,0,2,2,2,2,2,2,2,2,2,2,2,2,2,2,2,2,2,1,1,2,2]",f87dc65337e595dcf86ac8c5ffb587423633a9941b4ea652b587c865cb01cde5,cabce854066c388f7be92aa04a93cbdd4d12886a565af20f869e1aa2b7d64ae2,improved_campaign_offspring,C000636,,2,connected_region_repaint:small,0.016666666666666666,"[112,113,114,122,123,124]",6,L-SEED,completed,valid,[],,0.04827650507768571,9.5487986668683,B1,2026-08-08T04:38:11.315+02:00,2026-08-08T04:38:11.315+02:00,2026-08-08T04:44:36.061+02:00
758,C000758,improved_dataset_1000_20260807_001,24,758,"[2,1,1,1,1,1,1,1,1,1,2,1,1,1,1,1,1,1,1,1,2,2,2,0,0,1,1,1,1,1,2,0,2,2,0,1,1,1,1,1,2,0,0,0,0,1,1,1,1,1,2,2,0,0,0,0,1,1,1,1,0,0,0,0,0,1,1,1,1,1,0,0,0,0,0,0,1,1,1,1,0,0,0,2,0,1,1,1,1,1,0,1,2,2,1,1,1,1,1,1,1,1,1,2,2,2,1,1,1,1,1,1,1,2,2,1,1,1,1,1,1,1,1,1,2,1,1,0,1,1,1,1,1,1,1,0,0,0,1,1,1,0,1,1,1,0,0,0,0,1,1,1,1,1,0,0,0,0,0,1,1,0,0,0,0,0,0,0,1,1,1,0,0,0,0,0,0,0,1,1]",c3063badb50c453fb37fc26b119f573b3c556a9e353b9d795530e39a16e653ca,6118fe28292cbee5ce829efe8b654571ae0e89668d4b995f6801ed28e0451859,improved_campaign_offspring,C000697,,3,connected_region_repaint:medium,0.05,"[82,83,92,93,103,104,105,113,114,124]",10,L-SEED,completed,valid,[],,0.736000451554872,2.1087326138091345,B4,2026-08-08T04:38:11.467+02:00,2026-08-08T04:38:11.467+02:00,2026-08-08T04:44:36.061+02:00
759,C000759,improved_dataset_1000_20260807_001,24,759,"[2,2,0,0,0,0,0,0,0,0,2,2,0,0,0,0,0,0,0,0,0,0,0,0,0,0,0,0,0,0,0,2,0,0,0,0,0,0,0,0,0,2,2,0,0,0,0,0,0,0,0,2,2,0,0,0,0,0,1,0,0,2,2,2,0,0,0,0,1,1,0,0,2,0,0,0,0,0,0,1,0,0,0,0,0,0,0,1,1,1,0,0,0,0,0,0,0,0,1,1,0,0,0,0,0,0,1,0,0,1,0,0,0,0,0,0,1,0,0,1,0,0,0,0,0,1,1,1,0,1,0,0,0,0,0,1,1,1,1,1,1,1,1,1,1,1,1,1,1,1,0,1,1,1,1,1,1,1,0,1,2,2,2,2,2,1,1,1,1,1,2,2,1,2,2,2,1,1,1,1]",e705a5c05016356eadc1b3bf163276af5e6087f63e8036bc6445e93171d31371,13a4c9f29eeb4a4c8955e9fdab4982f47c72a60454bba3292fd5587a793ab2e4,improved_campaign_offspring,C000727,,4,connected_region_repaint:small,0.022222222222222223,"[32,33,43,53]",4,L-SEED,completed,valid,[],,0.174269638363597,8.184257839213464,B1,2026-08-08T04:38:11.584+02:00,2026-08-08T04:38:11.584+02:00,2026-08-08T04:44:36.076+02:00
760,C000760,improved_dataset_1000_20260807_001,24,760,"[2,2,0,0,0,0,0,0,0,0,2,2,0,0,0,0,0,0,0,0,0,0,0,0,0,0,0,0,0,0,0,2,2,2,0,0,0,0,0,0,0,2,2,2,0,0,0,0,0,0,0,2,2,2,0,0,0,0,1,0,0,2,2,2,0,0,0,0,1,1,0,0,2,0,0,0,0,0,0,1,0,0,0,0,0,0,0,1,1,1,0,0,0,0,0,0,0,0,1,1,0,0,0,0,0,0,1,0,0,1,0,0,0,0,0,0,1,0,0,1,2,2,2,0,0,1,1,1,0,1,2,2,0,0,0,1,1,1,1,1,1,1,1,1,1,1,1,1,1,1,0,1,1,1,1,1,1,1,0,1,2,2,2,2,2,1,1,1,1,1,2,2,1,2,2,2,1,1,1,1]",fae64eb7dfd7a176637db9db9fb2b835b794e8c92d1db2512f14362ac9e435e7,8d09efdf8bbdd80ec1f52fd0b848ad8143df37154b3b739a127728ec60526229,improved_campaign_offspring,C000727,,5,connected_region_repaint:medium,0.027777777777777776,"[120,121,122,130,131]",5,L-SEED,completed,valid,[],,0.17218939353491527,8.18910655661974,B1,2026-08-08T04:38:11.732+02:00,2026-08-08T04:38:11.732+02:00,2026-08-08T04:44:36.076+02:00
761,C000761,improved_dataset_1000_20260807_001,24,761,"[2,1,1,1,1,1,1,1,1,1,2,1,1,1,1,1,1,1,1,1,2,2,2,2,2,1,1,1,1,1,2,2,2,2,2,1,1,1,1,1,2,2,2,2,2,2,1,1,1,1,2,2,2,2,2,1,1,1,1,1,2,2,2,2,1,1,1,1,1,1,2,2,2,2,2,1,1,1,1,1,2,2,2,2,2,2,1,1,1,1,2,2,2,2,2,1,1,1,1,1,1,1,2,2,2,1,1,1,1,1,1,1,1,1,1,1,1,1,1,1,1,1,1,1,1,1,1,1,1,1,1,1,1,1,1,1,0,1,1,1,1,1,1,1,1,1,1,1,1,1,1,1,0,0,0,1,1,1,1,1,1,0,0,0,1,1,1,1,1,1,1,1,1,0,0,1,1,1,1,1]",91fdad998e048017b12687515ea1a8c1a1dfd0d287a9f8e37f01e45d8a37c708,1bda5fd76d885c3789d561e0bb67dda9705a66461f06f663ac71f0983bcae145,improved_campaign_offspring,C000702,,1,rectangular_patch:small,0.011111111111111112,[45],1,L-SEED,completed,valid,[],,0.9921478738814837,0.1250896994784853,B6,2026-08-08T04:44:36.379+02:00,2026-08-08T04:44:36.379+02:00,2026-08-08T04:49:27.384+02:00
762,C000762,improved_dataset_1000_20260807_001,24,762,"[0,0,0,0,0,0,2,2,0,0,0,2,0,0,0,0,2,2,2,0,0,2,2,2,0,0,2,2,2,0,0,2,2,2,0,2,2,2,2,2,0,2,2,2,0,2,2,2,2,2,0,0,0,0,0,0,2,2,2,0,0,0,0,0,0,0,0,0,0,0,0,0,0,0,0,0,0,0,0,0,0,0,0,0,0,0,0,0,0,0,0,0,0,0,0,0,0,0,0,0,2,2,2,2,2,2,0,0,0,0,2,2,2,2,2,0,0,0,0,0,2,0,2,2,2,2,0,0,0,0,2,2,2,2,2,0,0,0,0,0,2,2,0,0,0,0,0,0,0,0,0,0,0,0,0,0,0,0,0,0,1,0,0,1,0,0,0,0,0,0,1,0,0,1,1,0,0,0,1,1]",bbc2beba051cf56238d98e2e8a0c918e3a6f097ce827ca77cd2953015f537162,eac6a4d7aa502119696ac2fdfb4f9ea9dbe6cbceaf6c81cbbba6f12b84f44789,improved_campaign_offspring,C000551,,2,connected_region_repaint:medium,0.06111111111111111,"[66,67,68,69,76,77,78,79,87,88,89,98,99]",13,L-SEED,completed,valid,[],,0.059897480607170824,9.406165544244024,B1,2026-08-08T04:44:36.515+02:00,2026-08-08T04:44:36.515+02:00,2026-08-08T04:49:27.400+02:00
763,C000763,improved_dataset_1000_20260807_001,24,763,"[0,0,0,0,0,0,2,2,0,0,0,2,0,0,0,0,2,2,2,0,0,2,2,2,0,0,2,2,2,0,0,2,2,2,0,2,2,2,0,0,0,2,2,2,0,2,0,0,0,0,0,0,0,0,0,0,0,0,0,0,0,0,0,0,0,0,2,2,2,2,0,0,0,0,0,0,2,2,2,2,0,0,0,0,0,0,0,2,2,2,0,0,0,0,0,0,0,0,2,2,2,2,2,2,2,2,0,0,0,0,2,2,2,2,2,0,0,0,0,0,2,0,2,2,2,2,0,0,0,0,2,2,2,2,2,0,0,0,0,0,2,2,0,0,0,0,0,0,0,0,0,0,0,0,0,0,0,0,0,0,1,0,0,1,0,0,0,0,0,0,1,0,0,1,1,0,0,0,1,1]",31eaffd8d883c7dfb744454a85765b2b99775cba513fc4fcade9e740cc40f5d9,4c587d8e7009b9c36c36db82799bfa3596d99b95977c88ecfd13606c7dad5722,improved_campaign_offspring,C000551,,3,connected_region_repaint:medium,0.044444444444444446,"[38,39,46,47,48,49,56,57,58]",9,L-SEED,completed,valid,[],,0.0539682921161973,9.462624088460217,B1,2026-08-08T04:44:36.640+02:00,2026-08-08T04:44:36.640+02:00,2026-08-08T04:49:27.400+02:00
764,C000764,improved_dataset_1000_20260807_001,24,764,"[2,2,2,2,2,2,2,2,2,0,2,2,2,2,2,2,0,0,0,0,2,2,2,2,2,2,0,0,0,0,2,2,2,2,2,2,0,0,0,0,2,2,2,2,2,2,0,0,2,2,0,2,2,2,2,2,2,2,2,2,2,2,2,2,2,2,2,2,2,1,2,2,2,2,2,2,1,1,1,1,2,2,2,2,2,2,2,1,1,1,0,0,0,0,2,2,2,1,1,1,0,0,0,0,2,2,2,1,1,1,0,0,0,0,2,2,1,1,1,1,0,0,0,0,2,2,1,0,1,1,0,0,0,0,0,0,0,1,1,1,0,0,0,0,0,1,1,1,1,1,0,0,0,0,0,0,1,1,1,1,0,0,0,0,0,0,0,0,1,1,0,0,0,0,0,0,0,0,1,1]",680c0d957f62fbc95c2d4fda8c7c4c7d4abdf6a1f30a0ffd8a6d9150deff171c,8de923dd4b535250815450dffd5e257333708686019d5120bb2e1d137fa94f9a,improved_campaign_offspring,C000735,,4,boundary_growth:medium,0.044444444444444446,"[137,145,146,147,148,156,157,158]",8,L-SEED,completed,valid,[],,0.14308386361958655,8.471595906377653,B1,2026-08-08T04:44:36.784+02:00,2026-08-08T04:44:36.784+02:00,2026-08-08T04:49:27.415+02:00
765,C000765,improved_dataset_1000_20260807_001,24,765,"[2,1,1,1,1,1,1,1,1,1,2,1,1,1,1,1,1,1,1,1,2,2,2,2,2,1,1,1,1,1,2,2,2,2,2,1,2,1,1,1,2,2,2,2,2,2,2,1,1,1,2,2,2,2,2,2,1,1,1,1,2,2,2,2,2,2,2,1,1,1,2,2,2,2,2,1,1,1,1,1,2,2,2,2,2,2,1,1,1,1,1,2,2,2,2,1,1,1,1,1,1,1,2,2,2,1,1,1,1,1,1,1,1,1,1,1,1,1,1,1,1,1,1,1,1,1,1,1,1,1,1,1,1,1,1,1,0,1,1,1,1,1,1,1,1,1,1,1,1,1,1,1,0,0,0,1,1,1,1,1,1,0,0,0,1,1,1,1,1,1,1,1,1,0,0,1,1,1,1,1]",b58985c09b6ee450f0635304ed735fdaf9b70d28bde5bdda1ded72e096dca8ab,ac36e139d86b4079030491c7b3396e1d290f396fbc8451df584fa0670361a48c,improved_campaign_offspring,C000643,,5,connected_region_repaint:medium,0.03888888888888889,"[36,45,46,55,64,65,66]",7,L-SEED,completed,valid,[],,0.9299174600860428,0.1609576532335862,B6,2026-08-08T04:44:36.993+02:00,2026-08-08T04:44:36.993+02:00,2026-08-08T04:49:27.415+02:00
766,C000766,improved_dataset_1000_20260807_001,24,766,"[2,2,2,2,2,0,0,0,0,0,2,2,2,2,2,2,0,0,0,0,2,2,2,2,2,2,2,0,0,0,2,2,2,2,2,2,2,0,0,0,2,2,2,2,0,2,0,0,0,0,0,2,2,2,0,0,2,0,0,0,2,2,0,2,0,0,2,0,0,0,2,2,2,2,2,2,2,0,0,0,2,2,2,2,2,2,2,2,2,2,0,0,0,0,2,2,0,2,2,2,0,0,0,0,2,2,2,2,2,2,0,0,0,0,0,0,0,2,2,2,0,2,2,2,0,0,0,0,2,2,0,0,2,0,0,0,0,0,0,0,0,0,0,0,0,0,0,2,2,2,0,0,0,0,0,0,0,2,0,2,0,0,0,0,0,0,0,0,2,2,0,0,0,0,0,0,0,0,2,2]",bc54cde9ca00baee93f70e179ed496ada511b9fa2a841f2a5ba5d59c635a43c1,6967b458acc897a25238b76c9c7a4942f1e2964bf2c9956fa0aec70814597ef1,improved_campaign_offspring,C000647,,1,connected_region_repaint:medium,0.06111111111111111,"[7,16,17,18,27,37,38,39,46,47,48,57]",12,L-SEED,completed,valid,[],,0.062049492125275156,9.392034056759616,B1,2026-08-08T04:49:27.701+02:00,2026-08-08T04:49:27.701+02:00,2026-08-08T04:57:02.084+02:00
767,C000767,improved_dataset_1000_20260807_001,24,767,"[2,2,2,2,2,0,0,2,0,0,2,2,2,2,2,2,2,2,2,0,2,2,2,2,2,2,2,2,0,0,2,2,2,2,2,2,2,2,2,2,2,2,2,2,0,2,2,2,2,0,0,2,2,2,0,0,2,2,0,0,2,2,0,2,0,0,2,0,0,0,2,2,2,2,2,2,2,0,0,0,2,2,2,2,2,2,2,2,2,2,0,0,0,0,2,2,0,2,2,2,0,0,0,0,2,2,2,2,2,2,0,0,0,0,0,0,0,2,2,2,0,2,2,2,0,0,0,0,2,2,0,0,2,0,0,0,0,0,0,0,0,0,2,2,0,0,0,2,2,2,0,0,2,0,0,0,0,2,0,2,0,0,0,0,0,0,0,0,2,2,0,0,0,0,0,0,0,0,2,2]",8e450e669517aaf6637f49b6dc17b5784e2084874a482e6fbb515a01719ddcb5,6e3707088d38f4577928bc25bf6e371725e75d807c575f66b3958bfa2fdf5bc0,improved_campaign_offspring,C000647,,2,connected_region_repaint:small,0.016666666666666666,"[142,143,152]",3,L-SEED,completed,valid,[],,0.05916238964518034,9.39469264481803,B1,2026-08-08T04:49:27.848+02:00,2026-08-08T04:49:27.848+02:00,2026-08-08T04:57:02.100+02:00
768,C000768,improved_dataset_1000_20260807_001,24,768,"[0,0,0,0,0,0,0,0,0,0,0,0,0,0,0,0,0,0,0,0,0,0,2,0,0,0,0,0,0,0,2,2,2,0,0,0,0,0,0,0,0,2,0,0,0,0,0,0,0,0,0,2,0,0,0,0,0,0,0,0,0,2,0,0,0,1,1,1,1,0,0,0,0,0,0,0,1,1,1,1,0,2,2,2,2,1,1,1,0,0,2,2,2,0,2,2,1,1,1,0,2,2,2,0,2,2,2,2,1,1,2,2,2,2,2,0,0,1,1,1,2,2,2,2,2,0,0,1,1,1,2,2,2,0,2,2,2,0,0,1,0,0,0,0,0,2,0,0,1,1,1,1,0,0,0,0,0,0,0,1,1,1,0,1,0,0,0,0,1,1,1,1,1,1,1,1,0,0,1,1]",fc41661d9d1f3c2815481f5e638543a3d7ed45305ddc036ef846afa2b47f87ad,8273535c32bdea51db8836fc7f46390ef346883d268c762e40e2600466cf5ed2,improved_campaign_offspring,C000650,,3,connected_region_repaint:small,0.022222222222222223,"[134,135,136,145]",4,L-SEED,completed,valid,[],,0.18352322047151365,8.031541218559575,B1,2026-08-08T04:49:28.081+02:00,2026-08-08T04:49:28.081+02:00,2026-08-08T04:57:02.100+02:00
769,C000769,improved_dataset_1000_20260807_001,24,769,"[0,0,0,0,0,0,0,0,0,0,0,0,0,0,0,0,0,0,0,0,0,0,0,0,0,0,0,0,0,0,0,0,0,0,0,0,0,0,0,0,2,0,2,2,0,0,0,0,0,0,2,2,2,2,0,0,0,0,0,0,2,0,2,2,2,0,0,0,2,2,2,2,2,2,0,0,0,0,2,2,2,0,2,2,2,0,0,0,0,2,0,0,2,2,2,0,0,0,0,2,0,0,0,2,0,0,2,2,2,0,0,0,2,2,0,2,2,2,2,2,0,0,2,2,0,0,2,0,0,0,1,1,1,0,0,1,1,0,0,0,0,0,1,1,1,1,1,1,1,1,1,1,1,1,1,1,1,1,0,1,1,2,1,1,0,1,1,1,2,2,2,2,2,1,0,0,1,1,2,2]",9e5738a32c22628235a51bc064333e8a89db8f62838100b9505feaad6fc79cdc,687cce978fa6d1eb19285a20c641af15c24b2fd21aa7672c3dbfc987db656086,improved_campaign_offspring,C000678,,4,connected_region_repaint:medium,0.05,"[106,107,108,115,116,117,118,119,126]",9,L-SEED,completed,valid,[],,0.05079986135086335,9.545182044102669,B1,2026-08-08T04:49:28.202+02:00,2026-08-08T04:49:28.202+02:00,2026-08-08T04:57:02.116+02:00
770,C000770,improved_dataset_1000_20260807_001,24,770,"[0,0,0,0,0,0,0,0,0,0,0,0,0,0,0,0,0,0,0,0,0,0,0,0,0,0,0,0,0,0,0,0,0,0,0,0,0,0,0,0,2,0,2,2,0,0,0,0,0,0,2,2,2,2,0,0,0,2,0,0,2,0,2,2,2,0,0,2,2,2,2,2,2,2,0,0,0,2,2,2,2,0,2,2,2,0,0,0,0,2,0,0,2,2,2,0,0,0,0,2,0,0,0,2,0,0,0,0,0,0,0,0,2,2,0,0,0,0,0,0,0,0,2,2,0,0,0,0,0,0,1,1,1,0,0,1,1,0,0,0,0,0,1,1,1,1,1,1,1,1,1,1,1,1,1,1,1,1,0,1,1,2,1,1,0,1,1,1,2,2,2,2,2,1,0,0,1,1,2,2]",ddfffed968f0f26d30618d52d77079ad009140707d0275b4ff592d2d0df865d8,3de3a556e0a6567218eac589d61011bf506c0433f684a94e292172570ee13e9e,improved_campaign_offspring,C000678,,5,boundary_growth:small,0.016666666666666666,"[57,67,77]",3,L-SEED,completed,valid,[],,0.05423155565712343,9.476460020178264,B1,2026-08-08T04:49:28.333+02:00,2026-08-08T04:49:28.333+02:00,2026-08-08T04:57:02.116+02:00
771,C000771,improved_dataset_1000_20260807_001,24,771,"[2,2,2,1,1,1,1,1,1,1,2,2,1,1,1,1,1,1,1,1,2,2,2,2,2,1,1,1,0,0,2,2,2,2,2,1,1,1,1,1,2,2,2,2,2,1,2,1,1,1,2,2,2,2,2,2,2,1,1,1,2,2,2,2,1,1,2,1,1,1,2,2,2,2,1,1,1,1,1,1,2,2,2,2,2,2,1,1,1,1,2,2,2,2,2,2,1,1,1,1,2,2,2,2,2,2,1,1,1,1,2,2,2,2,2,2,1,1,1,1,2,2,2,2,2,2,1,0,1,1,2,2,2,1,2,2,1,1,1,1,0,1,0,1,2,2,1,1,1,1,0,1,1,1,1,1,1,1,1,1,0,0,1,1,1,1,1,1,1,1,1,1,1,1,1,1,1,1,1,1]",925586b9f08c8dbc9c52c8894852d25cb69367d0cfe63f5967fde8ce6c23e774,a38260ca3f1d3837231c831e3c1fc0ecf9b13f428f55947c4014dc59a97ba8aa,improved_campaign_offspring,C000654,,1,boundary_growth:small,0.016666666666666666,"[46,56,66]",3,L-SEED,completed,valid,[],,0.8345923122039961,1.2396199698435688,B5,2026-08-08T04:57:02.426+02:00,2026-08-08T04:57:02.426+02:00,2026-08-08T05:02:03.495+02:00
772,C000772,improved_dataset_1000_20260807_001,24,772,"[2,0,0,0,0,0,0,0,0,0,2,0,0,0,0,0,0,0,0,0,2,2,0,0,0,0,0,0,0,0,2,0,0,0,0,0,0,0,0,0,2,0,0,0,0,0,0,0,0,0,2,2,2,0,0,0,0,0,0,0,2,2,2,0,0,0,0,0,0,0,2,2,2,0,0,0,0,0,0,0,2,2,2,2,0,0,0,0,0,0,0,0,2,2,0,0,0,0,0,0,2,2,2,0,0,0,0,0,0,0,2,2,0,0,0,0,0,0,0,0,2,2,0,0,0,2,0,0,0,2,2,2,2,2,2,2,2,2,2,2,0,0,0,2,2,2,2,0,0,0,0,0,0,0,0,0,0,0,0,0,0,0,0,0,0,0,0,0,0,0,0,0,0,0,0,0,0,0,0,0]",d7f1f2a9a5c5762505c7f69d08d224f12b11839f908ad72c60fd8dfd506a205d,f7ecf15e6f2d822bebbf14672188a6e5dcf2de0d802bd2fd5407abc041f305e1,improved_campaign_offspring,C000595,,2,rectangular_patch:medium,0.07777777777777778,"[22,23,24,32,33,34,42,43,44]",9,L-SEED,completed,valid,[],,0.06295318136755243,9.421348466948297,B1,2026-08-08T04:57:02.638+02:00,2026-08-08T04:57:02.638+02:00,2026-08-08T05:02:03.511+02:00
773,C000773,improved_dataset_1000_20260807_001,24,773,"[2,2,2,1,1,1,1,1,1,1,2,2,1,1,1,1,1,1,1,1,2,2,2,2,2,1,1,1,0,0,2,2,2,2,2,1,1,1,1,1,2,2,2,2,2,1,1,1,1,1,2,2,2,2,2,2,1,1,1,1,2,2,2,2,1,1,1,1,1,1,2,2,2,2,1,1,1,1,1,1,2,2,2,2,2,2,1,1,1,1,2,2,2,2,2,2,1,1,1,1,2,2,2,2,2,2,1,1,1,1,2,2,2,2,2,2,1,1,1,1,2,2,2,2,2,2,1,0,1,1,2,2,2,1,2,2,1,1,1,1,0,0,0,1,2,2,1,1,1,1,0,0,0,1,1,1,1,1,1,1,0,0,1,1,1,1,1,1,1,1,1,1,1,1,1,1,1,1,1,1]",6442fcafe8566a0c4b8de3d0bb5bc449375eb6df842108a35f2188c21e95db52,42d9b730feae92fb0deaacc43c8811ab37d9e20340027250bd2f7914a51a498d,improved_campaign_offspring,C000654,,3,rectangular_patch:small,0.016666666666666666,"[141,151,152]",3,L-SEED,completed,valid,[],,0.9214849445969818,0.2608721230228176,B6,2026-08-08T04:57:02.785+02:00,2026-08-08T04:57:02.785+02:00,2026-08-08T05:02:03.511+02:00
774,C000774,improved_dataset_1000_20260807_001,24,774,"[2,2,2,1,1,1,1,1,1,1,2,2,1,1,1,1,1,1,1,1,2,2,2,2,2,1,1,1,0,0,2,2,2,2,2,1,1,1,1,1,2,2,2,2,2,1,1,1,1,1,2,2,2,2,2,2,1,1,1,1,2,2,2,2,2,2,1,1,1,1,2,2,2,2,2,2,1,1,1,1,2,2,2,2,2,2,1,1,1,1,2,2,2,2,2,2,1,1,1,1,2,2,2,2,2,2,1,1,1,1,2,2,2,2,2,2,1,1,1,1,2,2,2,2,2,2,1,0,1,1,2,2,2,1,2,2,1,0,1,1,0,1,0,1,2,2,1,0,0,1,0,1,1,1,1,1,1,1,1,1,1,1,1,1,1,0,1,1,1,1,1,1,1,1,1,1,1,1,1,1]",a5b38d1892ee627a48ed2ef403862a2cda6fc4f98698c8026b1aa9d4012cd92c,7b351c06bd2816bbb9a9b5d87d0340e4bd517ed942285a21f503fc80cefd37e6,improved_campaign_offspring,C000651,,4,connected_region_repaint:small,0.005555555555555556,[165],1,L-SEED,completed,valid,[],,0.8990374142636276,0.48631578393613545,B5,2026-08-08T04:57:02.917+02:00,2026-08-08T04:57:02.917+02:00,2026-08-08T05:02:03.526+02:00
775,C000775,improved_dataset_1000_20260807_001,24,775,"[2,0,0,0,0,0,0,0,0,0,2,0,0,0,0,0,0,0,0,0,2,2,2,2,2,0,0,0,0,0,2,0,2,2,2,0,0,0,0,0,2,0,2,2,2,0,0,0,0,0,2,2,2,0,0,0,0,0,0,0,2,2,2,0,0,0,0,0,0,0,2,2,2,0,0,0,0,0,0,0,2,2,2,2,0,0,0,0,0,0,0,0,2,2,0,0,0,0,0,0,2,2,2,0,0,0,0,0,0,0,2,2,0,0,0,0,0,0,0,0,2,2,0,0,0,0,0,0,0,0,0,0,0,0,0,0,0,0,0,0,0,0,0,0,0,0,0,0,0,0,0,0,0,0,0,0,0,0,0,0,0,0,0,0,0,0,0,0,0,0,0,0,0,0,0,0,0,0,0,0]",ae8734f8a8e22667dec5c2d8bbf044636b58e14adf249ead2cd2c6ad77dc2084,eb874d4e9f7b025031893f0e7ec8682dee4a27a9358e7c38635d54224d022dd6,improved_campaign_offspring,C000595,,5,boundary_growth:medium,0.08333333333333333,"[125,129,130,131,132,133,134,135,136,137,138,139,143,144,145,146]",16,L-SEED,completed,valid,[],,0.08560480843810386,9.16642137100869,B1,2026-08-08T04:57:03.131+02:00,2026-08-08T04:57:03.131+02:00,2026-08-08T05:02:03.526+02:00
776,C000776,improved_dataset_1000_20260807_001,24,776,"[2,2,2,2,2,2,2,2,0,0,0,2,0,0,2,2,0,2,0,0,0,0,0,0,2,2,0,0,0,0,0,0,0,2,0,2,2,0,0,0,0,2,2,2,0,0,0,0,0,0,0,2,2,2,2,2,2,0,0,0,0,2,2,2,2,2,2,0,0,0,0,0,2,0,0,0,0,0,0,0,0,0,0,0,0,0,0,0,0,0,0,0,2,0,0,0,0,0,2,2,0,0,2,0,0,0,2,2,0,2,2,2,2,2,0,0,2,2,2,2,1,1,0,0,2,2,2,0,2,2,1,0,0,0,0,2,0,0,2,2,1,0,0,0,0,0,0,2,2,2,1,0,1,0,0,0,0,0,2,2,1,0,1,1,0,0,0,0,0,0,1,1,1,1,1,0,0,0,0,0]",4729c52954075299a83f5d8d8e98dfe559e2ce239e97a3cad97ca45e76ab9b58,18df5d1e8b30d314d40b09368820d13fc0e298f04fc66e4ab2031d9e1d8e122a,improved_campaign_offspring,C000657,,1,connected_region_repaint:medium,0.03888888888888889,"[12,13,21,22,23,31,32]",7,L-SEED,completed,valid,[],,0.06092984847044234,9.380758253932783,B1,2026-08-08T05:02:03.905+02:00,2026-08-08T05:02:03.905+02:00,2026-08-08T05:07:40.915+02:00
777,C000777,improved_dataset_1000_20260807_001,24,777,"[2,2,2,2,2,2,2,2,0,0,0,2,2,2,2,2,0,2,0,0,0,2,2,2,2,2,0,0,0,0,0,2,2,2,0,2,2,0,0,0,0,2,2,2,0,0,0,0,0,0,0,2,2,2,2,2,2,0,0,0,0,2,2,2,2,2,2,0,0,0,0,0,2,0,0,0,0,0,0,0,0,0,0,0,0,0,0,0,0,0,0,0,2,0,0,0,0,0,2,2,0,0,2,0,0,0,2,2,0,2,2,2,2,2,0,0,2,2,2,2,1,1,0,0,2,2,2,0,2,2,1,0,0,0,0,2,0,0,2,2,1,0,0,0,0,0,0,2,2,2,1,1,1,0,0,0,0,0,2,2,1,1,1,1,0,0,0,0,0,0,1,1,1,1,1,0,0,0,0,0]",a3df8d0ffff0402897bf3f21426fdc9564798279502991a221fe839e1c9af312,1ca149f3f71ae3b5d358e2278c5fc8ac7bc596f42b0c78262d1899eeccac3be7,improved_campaign_offspring,C000657,,2,boundary_growth:small,0.011111111111111112,"[151,161]",2,L-SEED,completed,valid,[],,0.06778039938620721,9.308024248109565,B1,2026-08-08T05:02:04.063+02:00,2026-08-08T05:02:04.063+02:00,2026-08-08T05:07:40.915+02:00
778,C000778,improved_dataset_1000_20260807_001,24,778,"[0,0,0,0,0,0,0,0,0,0,0,0,2,2,0,0,0,0,0,0,0,0,0,2,0,0,0,0,0,0,0,0,0,2,0,0,0,0,0,0,0,0,0,0,0,0,0,0,0,0,0,0,0,0,0,0,0,0,0,0,0,0,0,0,0,0,0,0,2,2,0,1,0,0,0,0,0,0,0,2,1,1,0,0,0,0,0,0,2,2,1,1,1,1,0,0,0,0,2,2,1,1,1,1,1,0,0,0,0,0,1,1,1,1,0,0,0,0,0,0,1,1,0,1,0,0,0,0,0,0,1,1,0,0,0,0,0,0,0,0,1,1,1,1,1,1,0,0,0,0,1,1,1,0,1,0,0,0,0,0,1,1,1,0,0,0,0,1,0,1,1,1,1,0,0,0,0,1,1,1]",abeca37aa1a414633d0a09bca1cdacffc26dd58b1ff210c16291dd7a894ad809,82be7e83536d6b36f98c4dce9011d48547c936df1a81c18340b7fc9003f28f28,improved_campaign_offspring,C000447,,3,boundary_growth:large,0.16666666666666666,"[3,4,5,6,7,15,16,17,18,24,25,26,27,28,35,36,37,45,46,47,55,56,57,58,66,67,76,77,78,87]",30,L-SEED,completed,valid,[],,0.053611841073131085,9.499649851005529,B1,2026-08-08T05:02:04.212+02:00,2026-08-08T05:02:04.212+02:00,2026-08-08T05:07:40.924+02:00
779,C000779,improved_dataset_1000_20260807_001,24,779,"[2,2,2,2,2,1,0,0,0,0,0,2,2,2,1,1,1,0,1,0,0,2,2,2,2,2,1,1,1,1,0,2,2,2,0,2,2,1,0,1,0,2,2,2,0,1,1,1,1,1,0,2,2,2,2,2,2,1,1,0,0,2,2,2,2,2,2,1,1,0,0,1,2,0,0,1,1,1,1,0,1,1,0,0,0,0,1,1,1,0,1,1,1,1,0,0,1,1,1,1,1,1,1,1,1,1,1,1,1,1,1,1,1,1,1,1,1,1,1,1,1,1,0,1,1,1,1,1,1,1,1,1,1,1,1,1,1,1,1,1,1,1,1,1,1,1,0,1,1,1,1,1,1,0,0,0,0,0,1,1,1,1,1,1,0,0,0,0,0,0,1,1,1,1,1,0,0,0,0,0]",66bee4d92097cbc75ddb5a1d6a8ba2b052e5fbceebfa4ae1788b9d4d4d590095,9f7d2becb4b00b27bfce62807e372bcb848481b0c8f8fb23a9a84b4ea8a8034f,improved_campaign_offspring,C000479,,4,connected_region_repaint:small,0.016666666666666666,"[5,6,7,14,15,17]",6,L-SEED,completed,valid,[],,0.5863686670635707,4.997102033718977,B2,2026-08-08T05:02:04.343+02:00,2026-08-08T05:02:04.343+02:00,2026-08-08T05:07:40.924+02:00
780,C000780,improved_dataset_1000_20260807_001,24,780,"[0,0,0,0,0,0,0,0,0,0,0,0,0,0,0,0,0,0,0,0,0,0,0,0,0,0,0,0,0,0,0,0,0,0,0,0,0,0,0,0,0,0,0,0,0,0,0,0,0,0,0,2,0,0,0,0,0,0,0,0,2,2,2,0,0,0,0,0,0,0,2,2,2,0,2,2,0,0,0,0,2,2,2,2,2,2,2,0,2,2,0,0,0,2,2,0,0,0,2,2,0,0,0,0,2,2,2,2,2,2,0,0,0,0,2,0,0,0,2,2,0,0,0,0,0,0,0,0,0,0,0,0,0,0,0,0,0,0,0,0,0,0,0,0,0,0,0,0,2,2,0,0,0,0,0,0,0,0,0,2,0,0,0,0,0,0,0,0,0,2,0,0,0,0,0,0,1,2,2,2]",24f13aa4bb905d73c9f49560a8bca37fcd5e1b7c1303d0aee109a5962302c90c,96be33a44b4155da4b0c92757ca952f8f32b51a7613e3c5c2bbb04acc80f7ced,improved_campaign_offspring,C000389,,5,rectangular_patch:medium,0.03888888888888889,"[90,91,92,100,101,110,120,121,130]",9,L-SEED,completed,valid,[],,0.03751977608359201,9.67977025868958,B1,2026-08-08T05:02:04.481+02:00,2026-08-08T05:02:04.481+02:00,2026-08-08T05:07:40.939+02:00
781,C000781,improved_dataset_1000_20260807_001,25,781,"[2,2,2,2,2,2,2,2,0,0,0,2,2,2,2,2,2,0,0,0,0,2,2,2,2,2,2,2,2,0,0,2,2,2,0,2,2,2,2,0,0,2,2,2,0,0,0,0,2,2,0,2,2,2,2,0,0,0,2,0,2,2,0,0,0,0,0,1,1,1,2,0,0,0,0,1,1,1,1,1,2,0,0,0,1,1,0,1,1,1,1,1,1,1,1,1,0,0,1,1,2,2,1,1,1,0,0,0,1,1,2,2,2,2,2,0,1,1,1,1,2,0,2,2,2,2,1,1,1,1,2,2,2,2,2,1,1,1,1,1,2,2,1,1,1,1,1,1,1,1,1,1,1,1,1,1,1,1,1,1,1,1,1,1,1,1,1,1,1,1,1,1,1,1,1,1,1,1,1,1]",b1f47ec7d46c8eaee00be803b41026b7753f23ac2b7b714ae50789802ebc271d,970c20d4a8237805e1d76a7fe6e93c57a6e4f20ee54b0412f16b067ceef4565f,improved_campaign_offspring,C000754,,1,boundary_growth:large,0.18333333333333332,"[142,143,150,151,152,153,160,161,162,163,164,170,171,172,173]",15,L-SEED,completed,valid,[],,0.14890499609954677,8.403826595196723,B1,2026-08-08T05:07:41.353+02:00,2026-08-08T05:07:41.353+02:00,2026-08-08T05:15:27.539+02:00
782,C000782,improved_dataset_1000_20260807_001,25,782,"[2,2,2,2,0,2,0,0,0,0,2,2,2,2,0,2,2,0,0,0,2,2,2,2,0,0,2,2,2,2,2,2,2,0,0,2,2,0,0,0,0,0,0,0,2,2,2,0,0,0,0,0,0,0,0,2,2,2,0,0,0,0,0,0,0,0,0,0,0,0,0,0,0,2,0,0,0,0,0,0,0,0,2,2,2,0,0,0,0,0,2,0,2,2,2,2,0,0,0,0,2,2,2,2,2,2,2,2,0,0,2,2,2,2,2,0,1,0,0,0,2,2,2,2,2,0,1,0,0,0,2,2,2,0,0,1,1,1,0,0,0,0,1,1,1,0,1,1,1,1,1,1,1,1,1,0,1,1,1,1,1,1,1,1,1,1,1,1,1,1,1,1,1,1,1,1,1,1,1,1]",7c3b40c45e2a78b17795ca50a4a0c6cc54d7244557a115833eb44cb8a0f48c37,fae66a3bc5fd02c5a71b3a750f484d33f96b6812bb08328a00a9391f3f10dd42,improved_campaign_offspring,C000542,,2,connected_region_repaint:medium,0.044444444444444446,"[96,97,98,108,109,117,118,119,127,128,129,138,139]",13,L-SEED,completed,valid,[],,0.094301538094711,9.045245816893608,B1,2026-08-08T05:07:41.487+02:00,2026-08-08T05:07:41.487+02:00,2026-08-08T05:15:27.539+02:00
783,C000783,improved_dataset_1000_20260807_001,25,783,"[0,0,0,0,0,2,2,2,2,0,0,0,0,0,2,2,2,2,2,2,0,0,0,0,0,2,2,2,2,2,0,0,0,0,0,2,2,2,2,2,0,0,0,0,0,2,2,2,2,2,0,0,0,0,2,2,2,0,2,2,0,0,0,2,2,2,2,2,2,1,0,0,0,2,2,2,2,1,1,1,0,0,2,2,2,2,2,2,1,1,0,0,0,2,2,2,1,1,1,1,2,2,2,0,2,2,1,1,1,1,2,2,2,0,2,2,1,1,1,1,2,0,2,2,2,2,1,1,1,1,0,2,2,2,2,1,1,1,1,1,0,0,1,1,1,1,1,1,1,1,1,1,1,1,1,1,1,1,1,1,1,1,1,1,1,1,1,1,1,1,1,1,1,1,1,1,1,1,1,1]",511fab8763bd3892935de8160ef65a4bf32eab3a687908625f0c9ce2c2e56d4a,29225d930115648ec6eece84d01c5c143a6a8d2eb6329408b7aec002b3ba864b,improved_campaign_offspring,C000635,,3,connected_region_repaint:large,0.19444444444444445,"[45,54,55,63,64,65,73,74,75,82,83,84,85,93,94,95,100,101,102,104,105,110,111,112,114,115,120,122,123,124,125,131,132,133,134]",35,L-SEED,completed,valid,[],,0.11149387775618173,8.862047468034236,B1,2026-08-08T05:07:41.625+02:00,2026-08-08T05:07:41.625+02:00,2026-08-08T05:15:27.555+02:00
784,C000784,improved_dataset_1000_20260807_001,25,784,"[2,2,2,2,0,2,0,0,0,0,2,2,2,2,0,2,2,0,0,0,2,2,2,2,0,0,2,2,2,2,2,2,2,0,0,2,2,0,0,0,0,0,0,0,2,2,2,0,0,0,0,0,0,0,0,2,2,2,0,0,0,0,0,0,0,0,0,0,0,0,0,0,0,2,0,0,0,0,0,0,0,0,2,2,2,0,0,0,0,0,2,0,2,2,2,2,0,0,0,0,2,2,2,2,2,2,2,2,0,0,2,2,2,2,2,0,1,1,0,0,2,2,2,2,2,0,1,1,1,1,2,2,2,0,0,1,1,1,1,1,0,0,1,1,1,0,1,1,1,1,1,1,1,1,1,0,1,1,1,1,1,1,1,1,1,1,1,1,1,1,1,1,1,1,1,1,1,1,1,1]",2eb6ca4926b39091899f3111caadae928b0a5b7018992d62a42c66f748ccf8be,d1951cc6fc76fb11df3888772210b849f47aab5c7717ea8d0806a310e18ba27a,improved_campaign_offspring,C000542,,4,connected_region_repaint:small,0.016666666666666666,"[96,97,98,108,109,118,119]",7,L-SEED,completed,valid,[],,0.0961319512881308,9.01828923308872,B1,2026-08-08T05:07:41.756+02:00,2026-08-08T05:07:41.756+02:00,2026-08-08T05:15:27.555+02:00
785,C000785,improved_dataset_1000_20260807_001,25,785,"[2,2,2,2,2,2,2,2,0,0,0,2,0,0,0,2,2,2,2,0,0,2,0,0,0,2,2,2,2,0,0,2,0,0,0,2,2,2,0,0,0,2,0,0,0,0,0,0,0,0,0,2,0,0,0,0,0,0,0,0,2,2,2,2,2,2,2,0,0,0,2,0,2,0,2,0,0,0,0,0,2,0,2,2,0,0,0,0,0,0,0,0,0,0,0,0,0,0,0,0,2,2,0,0,0,0,0,0,0,0,2,2,0,2,2,0,0,0,0,0,2,0,0,0,2,2,0,0,0,0,2,2,2,2,2,0,0,0,1,1,2,2,0,0,0,0,0,0,1,1,0,0,0,0,0,0,0,1,1,1,0,0,0,0,0,0,0,1,1,1,0,0,1,0,0,1,1,1,1,1]",000216f75f862ad5bc55fe6238b14d910a8cb41449bd53650ff9162cea297def,385cf9ea6c1979d95d94b8405955b1fdbbe12770a2af27fbc7c3d987ad2203af,improved_campaign_offspring,C000575,,5,rectangular_patch:medium,0.06111111111111111,"[15,16,17,18,25,26,27,28,35,36,37]",11,L-SEED,completed,valid,[],,0.08121082341924352,9.159307423902812,B1,2026-08-08T05:07:41.888+02:00,2026-08-08T05:07:41.888+02:00,2026-08-08T05:15:27.555+02:00
786,C000786,improved_dataset_1000_20260807_001,25,786,"[0,0,0,0,0,0,0,0,0,0,0,0,0,0,0,0,0,0,0,0,0,0,0,0,0,0,0,0,0,0,0,0,0,0,0,0,0,0,0,0,0,0,0,0,0,0,0,0,0,0,0,0,0,0,0,0,0,0,0,0,0,0,0,2,2,2,2,2,2,2,2,2,2,2,2,2,2,2,2,2,2,2,2,2,2,2,2,2,2,2,2,2,2,2,2,2,2,2,2,2,2,2,2,2,2,2,2,2,0,0,2,2,2,2,2,0,0,0,0,0,2,2,2,2,2,0,0,0,0,0,2,0,2,0,0,2,2,0,0,0,0,0,2,2,2,2,2,2,2,2,2,2,2,2,2,2,2,2,0,2,2,2,2,2,0,2,2,2,2,2,2,2,2,2,2,2,1,1,2,2]",0ca8674318d28bc9956a9f5c3605fc230b3a80f59f3f5625ae85bdfbfce0fe9c,fe4f35858a36623021af55e772926967149c52d52a24fdc265f7189bbfbb3441,improved_campaign_offspring,C000096,,1,boundary_growth:small,0.005555555555555556,[131],1,L-SEED,completed,valid,[],,0.041100648603266225,9.65315534761543,B1,2026-08-08T05:15:27.924+02:00,2026-08-08T05:15:27.924+02:00,2026-08-08T05:19:18.827+02:00
787,C000787,improved_dataset_1000_20260807_001,25,787,"[2,1,1,1,1,1,1,1,1,1,2,1,1,1,1,1,1,1,1,1,2,2,2,0,0,1,1,1,1,1,2,0,2,2,0,1,1,1,1,1,2,0,0,0,0,1,1,1,1,1,2,2,0,0,0,0,1,1,1,1,0,0,0,0,0,1,1,1,1,1,0,1,0,0,0,0,1,1,1,1,0,1,1,1,0,1,1,1,1,1,1,1,1,1,1,1,1,1,1,1,1,1,1,1,1,1,1,1,1,1,1,1,1,1,1,1,1,1,1,1,0,1,1,1,1,1,1,0,1,1,0,0,1,1,1,1,0,0,1,1,0,0,1,1,1,1,0,0,0,1,0,0,1,1,0,0,0,0,0,1,0,0,0,0,0,0,0,0,1,1,0,0,0,0,0,0,0,0,1,1]",e919fcc1d0cd7fc3cff48ef1460a3396295ec411de2e5820e13d3e3d14092667,0075b87dce8b93d70066e16f871dfcb6f53ad66636aaa31fc8661e6b606d5060,improved_campaign_offspring,C000610,,2,connected_region_repaint:small,0.005555555555555556,[80],1,L-SEED,completed,valid,[],,0.9945321234655651,0.11644329862625274,B6,2026-08-08T05:15:28.177+02:00,2026-08-08T05:15:28.177+02:00,2026-08-08T05:19:18.827+02:00
788,C000788,improved_dataset_1000_20260807_001,25,788,"[2,1,1,1,1,1,1,1,1,1,2,1,1,1,1,1,1,1,1,1,2,2,2,0,0,1,1,1,1,1,2,0,2,2,0,1,1,1,1,1,2,0,0,0,0,1,1,1,1,1,2,2,0,0,0,0,1,1,1,1,0,0,0,0,0,1,1,1,1,1,0,1,0,0,0,0,1,1,1,1,1,1,1,1,0,1,1,1,1,1,1,1,2,2,2,1,1,1,1,1,1,1,1,1,2,1,1,1,1,1,1,1,1,1,1,1,1,1,1,1,0,1,1,1,1,1,1,0,1,1,0,0,1,1,1,1,0,0,1,1,0,0,1,1,1,1,0,0,0,1,0,0,1,1,0,0,0,0,0,1,0,0,0,0,0,0,0,0,1,1,0,0,0,0,0,0,0,0,1,1]",7f4986f42ec1a1e4e7b003845f6c0ca247f7366d45930ecba4886d6fbed06d1c,10885202daeb5f72c7300d033b7e9976ca64ad61462c5489aedef834d694caaf,improved_campaign_offspring,C000610,,3,connected_region_repaint:small,0.022222222222222223,"[92,93,94,104]",4,L-SEED,completed,valid,[],,0.9783263518655949,0.12304814634072124,B6,2026-08-08T05:15:28.340+02:00,2026-08-08T05:15:28.340+02:00,2026-08-08T05:19:18.843+02:00
789,C000789,improved_dataset_1000_20260807_001,25,789,"[2,1,1,1,1,1,1,1,1,1,2,1,1,1,1,1,1,1,1,1,2,2,2,0,0,1,1,1,1,1,2,0,2,2,0,1,1,1,1,1,2,0,0,0,0,1,1,1,1,1,2,2,0,0,0,0,1,1,1,1,0,0,0,0,0,0,0,1,1,1,0,1,0,0,0,0,0,1,1,1,1,1,1,1,0,1,1,1,1,1,1,1,1,1,1,1,1,1,1,1,1,1,1,1,1,1,1,1,1,1,1,1,1,1,1,1,1,1,1,1,0,1,1,1,1,1,1,0,1,1,0,0,1,1,1,1,0,0,1,1,0,0,1,1,1,1,0,0,0,1,0,0,1,1,0,0,0,0,0,1,0,0,0,0,0,0,0,0,1,1,0,0,0,0,0,0,0,0,1,1]",56380bffd776dac702728257209911c580a1a4a30d3f84aa9b5edb2fc40b9727,6d184a822209fbe70661b81b63329accc8226a9cc116418b4ff2fc3a1fef4ae8,improved_campaign_offspring,C000610,,4,connected_region_repaint:small,0.016666666666666666,"[65,66,76]",3,L-SEED,completed,valid,[],,0.9706187303312918,0.131113008184212,B6,2026-08-08T05:15:28.478+02:00,2026-08-08T05:15:28.478+02:00,2026-08-08T05:19:18.843+02:00
790,C000790,improved_dataset_1000_20260807_001,25,790,"[2,1,1,1,1,1,1,1,1,1,2,1,1,1,1,1,1,1,1,1,2,2,2,0,0,1,1,1,1,1,2,0,2,2,0,1,1,1,1,1,2,0,0,0,0,1,1,1,1,1,2,2,0,0,0,0,1,1,1,1,0,0,0,1,1,1,1,1,1,1,0,0,0,1,1,1,1,1,1,1,0,0,1,1,1,1,1,1,1,1,0,1,1,1,1,1,1,1,1,1,1,1,1,1,1,1,1,1,1,1,1,1,1,1,1,1,1,1,1,1,1,1,1,1,1,1,1,0,1,1,1,1,1,1,1,0,0,0,1,1,1,0,1,1,1,0,0,0,0,1,1,1,1,1,0,0,0,0,0,1,1,0,0,0,0,0,0,0,1,1,1,0,0,0,0,0,0,0,1,1]",c2ef4c74709b08e2c619f8b32e81321f100bd34b3775d42e839a349458345acf,2348de49c5a962188fc71e014dc6b18c68b61b69597d18324d2118eea7dc2abf,improved_campaign_offspring,C000697,,5,rectangular_patch:medium,0.06111111111111111,"[63,64,73,74,75,84]",6,L-SEED,completed,valid,[],,0.9959202971391059,0.11756838523854325,B6,2026-08-08T05:15:28.656+02:00,2026-08-08T05:15:28.656+02:00,2026-08-08T05:19:18.858+02:00
791,C000791,improved_dataset_1000_20260807_001,25,791,"[2,1,1,1,1,1,1,1,1,1,2,1,1,1,1,1,1,1,1,1,2,2,2,2,2,1,1,1,1,1,2,2,2,2,2,1,1,1,1,1,2,2,2,2,2,1,1,1,1,1,2,2,2,2,2,1,1,1,1,1,2,2,2,2,1,1,1,1,1,1,2,2,2,2,2,1,1,1,1,1,2,2,2,2,2,2,1,1,1,1,1,2,2,2,2,1,1,1,1,1,1,1,2,2,2,1,1,1,1,1,1,1,1,1,1,1,1,1,1,1,1,1,1,1,1,1,0,1,1,1,1,1,1,1,1,1,0,1,1,1,1,1,1,1,1,1,1,1,1,1,1,1,0,0,0,1,1,1,1,1,1,0,0,0,1,1,1,1,1,1,1,1,1,0,0,1,1,1,1,1]",12e4fb967fa6c7fb093ad1f53b1eee4e2d24f5fc8c0b1d03a1c7d2ef2a46fd1f,bbb756de754ab42e91c00c53f0f92d31d455c0497a62c812bf250ccda339ec44,improved_campaign_offspring,C000643,,1,boundary_growth:small,0.005555555555555556,[126],1,L-SEED,completed,valid,[],,0.9934487649508909,0.12325323611036967,B6,2026-08-08T05:19:19.165+02:00,2026-08-08T05:19:19.165+02:00,2026-08-08T05:24:14.751+02:00
792,C000792,improved_dataset_1000_20260807_001,25,792,"[2,1,1,1,1,1,1,1,1,1,2,1,1,1,1,1,1,1,1,1,2,2,2,2,2,1,1,1,1,1,2,2,2,2,2,1,1,1,1,1,2,2,2,2,2,1,1,1,1,1,2,2,2,2,2,1,1,1,1,1,2,2,2,2,1,1,1,1,1,1,2,2,2,2,2,1,1,1,1,1,2,2,2,2,2,2,1,1,1,1,1,2,1,2,2,1,1,1,1,1,1,1,1,1,2,1,1,1,1,1,1,1,1,1,1,1,1,1,1,1,1,1,1,1,1,1,1,1,1,1,1,1,1,1,1,1,0,1,1,1,1,1,1,1,1,1,1,1,1,1,1,1,0,0,0,1,1,1,1,1,1,0,0,0,1,1,1,1,1,1,1,1,1,0,0,1,1,1,1,1]",0f951766a3740458e0f0ffd0f2e1bba934c7854869be455bf9e0916bc582c043,a652a5faea4bd3c07b3d950e5b7c7d77dbfcef9d1486592242fb472c463e70ea,improved_campaign_offspring,C000643,,2,boundary_growth:small,0.016666666666666666,"[92,102,103]",3,L-SEED,completed,valid,[],,0.9946769499091865,0.12335390886104307,B6,2026-08-08T05:19:19.301+02:00,2026-08-08T05:19:19.301+02:00,2026-08-08T05:24:14.766+02:00
793,C000793,improved_dataset_1000_20260807_001,25,793,"[2,0,0,0,0,0,0,0,0,0,2,0,0,0,0,0,0,0,0,0,2,2,2,2,2,0,1,1,0,0,2,2,2,2,2,0,1,1,0,1,2,2,2,2,2,0,1,1,1,1,2,2,2,2,2,1,1,1,1,1,2,2,2,2,1,1,1,1,1,1,2,2,2,2,2,1,1,1,1,1,2,2,2,2,2,2,1,1,1,1,1,2,2,2,2,1,1,1,1,1,1,1,2,2,2,1,1,1,1,1,1,1,1,1,1,1,1,1,1,1,1,1,1,1,1,1,1,1,1,1,1,1,1,1,1,1,0,1,1,1,1,1,1,1,1,1,1,1,1,1,1,1,0,0,0,1,1,1,1,1,1,0,0,0,1,1,1,1,1,1,1,1,1,0,0,1,1,1,1,1]",a0b2e806c4fe2fe43d233c8545eaa6df2c5db8ada71cc510d7bc2040bc4ee092,7c0550748972bda542b1321d22eab352fbeba8740880801c138c1868e318e59e,improved_campaign_offspring,C000643,,3,connected_region_repaint:large,0.09444444444444444,"[1,2,3,4,5,6,7,8,9,11,12,13,14,15,16,17,18,19,25,28,29,35,38,45]",24,L-SEED,completed,valid,[],,0.3562257806604804,6.297574547143005,B1,2026-08-08T05:19:19.444+02:00,2026-08-08T05:19:19.444+02:00,2026-08-08T05:24:14.766+02:00
794,C000794,improved_dataset_1000_20260807_001,25,794,"[2,2,2,2,2,2,0,0,0,0,0,2,2,2,2,2,0,0,0,0,0,2,2,2,2,2,0,0,0,0,0,2,2,2,0,2,0,0,0,2,0,2,2,2,0,2,2,2,2,2,0,2,2,2,2,2,2,2,2,0,0,2,2,2,2,2,2,2,2,2,0,0,2,2,2,2,2,2,2,2,0,0,2,2,2,2,0,2,2,2,0,0,2,2,1,1,1,1,2,2,2,2,2,2,1,1,1,0,1,1,2,2,2,2,2,0,1,1,1,1,2,0,2,2,2,2,1,1,1,1,2,2,2,2,2,1,1,1,1,1,2,2,2,2,1,1,1,1,1,1,1,1,1,1,1,1,1,1,1,1,1,1,1,1,1,1,1,1,1,1,1,1,1,1,1,1,1,1,1,1]",804febc5484b8db5512c18cc4a60375d9a22a9a0cb3a6d91da87dba4c7490675,d7356d534cf557c333ad1126c12ef13d7b8e9c0eec16d5b68a43b60aa9625847,improved_campaign_offspring,C000734,,4,boundary_growth:small,0.022222222222222223,[73],1,L-SEED,completed,valid,[],,0.10151783065474967,8.93922986928375,B1,2026-08-08T05:19:19.566+02:00,2026-08-08T05:19:19.566+02:00,2026-08-08T05:24:14.782+02:00
795,C000795,improved_dataset_1000_20260807_001,25,795,"[2,2,2,2,2,0,0,2,0,0,2,2,2,0,2,2,2,2,2,0,2,2,2,2,2,2,2,2,0,0,2,2,0,0,0,0,0,2,2,2,2,2,0,0,0,0,0,2,2,0,0,2,0,0,0,0,0,0,0,0,2,2,0,0,0,0,0,0,0,0,2,2,0,0,0,0,0,0,0,0,2,2,2,0,0,0,0,0,0,0,2,0,0,0,0,0,0,0,0,0,0,0,0,0,0,0,0,2,2,0,2,0,0,0,0,0,0,2,2,0,2,2,0,0,0,0,2,2,2,0,2,0,0,0,0,2,2,2,2,0,0,0,0,0,0,0,0,2,2,2,0,0,0,2,2,0,2,2,0,2,0,0,2,2,0,0,0,0,2,2,0,0,0,2,0,0,0,0,2,2]",337004504a0edd4269b8ba617351583ec5179f8175b24b159349995830ab4ea7,f3be347e35d0dfbd965317d27f55baa905e78948bfdc23d7628e9b6eae2958b5,improved_campaign_offspring,C000615,,5,connected_region_repaint:medium,0.03888888888888889,"[114,124,133,134,143,144,145,146,155]",9,L-SEED,completed,valid,[],,0.06406906261444034,9.324405530167692,B1,2026-08-08T05:19:19.713+02:00,2026-08-08T05:19:19.713+02:00,2026-08-08T05:24:14.782+02:00
796,C000796,improved_dataset_1000_20260807_001,25,796,"[0,0,0,0,0,0,0,0,0,0,2,2,0,0,1,0,0,0,0,0,2,0,0,0,1,1,0,0,0,0,2,1,0,0,1,0,0,0,0,0,0,1,1,1,1,1,1,1,0,0,0,1,1,1,1,1,1,1,0,0,0,0,0,1,1,1,0,0,0,0,0,0,0,1,1,1,1,0,0,0,0,0,0,1,1,1,1,1,0,0,1,0,0,1,1,1,1,1,1,1,1,1,1,0,1,1,1,1,1,1,1,1,1,0,1,0,1,1,1,1,1,1,1,0,1,0,1,1,1,1,1,1,1,0,0,1,1,1,1,1,0,0,1,1,1,1,1,1,1,1,1,1,1,1,1,1,1,1,1,1,1,1,1,1,1,1,1,1,1,1,1,1,1,1,1,1,1,1,1,1]",0b1d1ef6c6052b9a6ff8cad84395ac97faae949b686306dd59c60641c3e84765,99e6136fa5b417f9b8a338ae83f862cd80e8781bb0caaf72644cd56344c95a51,improved_campaign_offspring,C000680,,1,boundary_growth:large,0.2111111111111111,"[90,100,101,102,110,111,112,120,121,122,130,131]",12,L-SEED,completed,valid,[],,0.4199698659880768,6.230490556518381,B1,2026-08-08T05:24:15.083+02:00,2026-08-08T05:24:15.083+02:00,2026-08-08T05:35:43.560+02:00
797,C000797,improved_dataset_1000_20260807_001,25,797,"[2,2,2,2,0,0,0,0,0,0,2,2,2,2,2,2,2,0,0,0,2,2,2,2,2,2,2,0,0,0,2,2,2,2,2,2,0,0,0,0,2,2,2,2,2,0,0,0,0,0,2,2,2,2,2,0,0,0,0,0,0,0,0,2,0,2,2,2,2,2,0,0,0,0,0,2,2,2,2,2,0,0,0,0,0,2,0,2,2,2,0,0,0,0,0,2,0,0,2,2,0,0,0,0,1,1,1,1,1,1,0,0,0,0,0,0,1,1,1,1,0,0,0,0,0,0,2,1,1,1,0,0,0,0,0,2,2,1,1,1,0,0,2,2,2,2,2,2,2,1,0,2,0,2,0,2,2,2,1,1,2,2,2,2,0,2,2,1,1,1,2,1,2,2,2,2,2,2,1,1]",c60612acc7b7fd673bd5ab127838649fa1a625320267daf77e3f14f35bc5bc22,035f6699993741914548afbce061147b90489aa77ed76f1972a4fcc690803e20,improved_campaign_offspring,C000736,,2,boundary_growth:large,0.1388888888888889,"[0,1,2,3,10,11,12,13,14,15,16,20,21,22,23,24,25,26,30,34,35,40,44,50,54]",25,L-SEED,completed,valid,[],,0.1034994698014049,8.906919491397675,B1,2026-08-08T05:24:15.315+02:00,2026-08-08T05:24:15.315+02:00,2026-08-08T05:35:43.576+02:00
798,C000798,improved_dataset_1000_20260807_001,25,798,"[0,0,0,0,0,0,0,0,0,0,2,2,0,0,0,0,0,0,0,0,2,0,0,0,0,0,0,0,0,0,2,0,0,0,0,0,0,0,0,0,0,0,0,0,0,0,0,0,0,0,0,0,0,0,0,0,0,0,0,0,0,0,0,0,0,0,0,0,0,0,0,0,0,0,0,0,0,0,0,0,0,0,0,0,0,0,0,1,0,0,2,0,0,1,1,1,1,1,1,1,2,2,2,0,1,1,1,1,1,1,2,2,2,0,1,0,0,0,1,1,2,2,2,0,1,0,1,1,1,1,2,2,1,0,0,1,1,1,1,1,0,0,1,1,1,1,1,1,1,1,1,1,1,1,1,1,1,1,1,1,1,1,1,1,1,1,1,1,1,1,1,1,1,1,1,1,1,1,1,1]",888846caa3e37507a2720abbf38258a1bd5eee86fbce95e582a15f99171c17a9,8c3e46d83047bf639ee983bfe0149ae3a4f31cf687495d1d8bdd3d248d773776,improved_campaign_offspring,C000706,,3,rectangular_patch:large,0.2222222222222222,"[14,24,25,31,34,41,42,43,44,45,46,47,51,52,53,54,55,56,57,63,64,65,73,74,75,76,83,84,85,86]",30,L-SEED,completed,valid,[],,0.15090356581426678,8.410619856899956,B1,2026-08-08T05:24:15.451+02:00,2026-08-08T05:24:15.451+02:00,2026-08-08T05:35:43.576+02:00
799,C000799,improved_dataset_1000_20260807_001,25,799,"[2,2,2,2,2,0,0,2,0,1,2,2,2,2,2,2,2,2,2,1,2,2,2,2,2,2,2,1,1,1,0,0,0,0,2,0,2,1,1,1,0,0,0,0,0,2,2,2,2,1,0,0,0,0,0,0,0,0,1,1,0,0,1,0,1,0,1,1,1,1,2,0,1,1,1,0,0,0,1,1,2,2,2,1,1,1,1,1,1,1,2,1,1,1,1,1,1,1,1,1,1,1,1,1,1,1,1,0,0,0,2,1,1,0,2,2,0,0,0,0,2,2,1,1,2,2,0,0,0,0,2,1,1,0,0,1,1,0,0,0,0,0,1,1,1,0,1,2,2,2,1,1,1,1,1,1,1,2,0,2,1,1,1,1,0,1,1,1,2,2,1,1,1,1,1,1,1,1,2,2]",738e4f9792d455eaaccf27fdf17baf261df88725217b424d0b6b3337862efd05,18bdbf80a875aa7cc6f0254d78148002f8debcfa2c704823e0d5b71135cb2dfc,improved_campaign_offspring,C000528,,4,boundary_growth:small,0.011111111111111112,"[61,71]",2,L-SEED,completed,valid,[],,0.3231211407892858,7.9797355040343545,B1,2026-08-08T05:24:15.568+02:00,2026-08-08T05:24:15.568+02:00,2026-08-08T05:35:43.576+02:00
800,C000800,improved_dataset_1000_20260807_001,25,800,"[0,0,0,0,0,2,2,0,2,0,0,0,0,0,0,0,2,2,2,2,0,0,0,0,0,2,2,2,2,0,2,2,2,2,0,2,2,2,0,0,2,2,0,2,0,2,2,2,2,2,0,0,0,0,0,2,2,0,2,2,0,0,0,0,0,0,2,2,2,0,0,0,0,0,0,0,2,0,2,2,0,0,0,0,0,0,2,2,2,2,0,0,0,0,0,0,0,0,2,2,0,0,0,0,0,0,0,2,2,0,0,0,0,0,0,0,0,0,2,0,0,0,0,0,0,0,0,0,0,0,0,0,0,0,0,0,0,0,0,0,0,0,1,1,1,0,0,0,0,0,1,1,1,1,1,0,0,1,1,1,1,1,1,1,1,1,1,1,1,1,1,1,1,1,1,1,1,1,1,1]",92c8fec7a50ade5ca4767bf3ab041bf00867d0fffc4a5b5f4894894e0e30c495,4a20ad3a594f9f7ee746f72ebf8293343e62b14ad87f76db901ac739510982a3,improved_campaign_offspring,C000618,,5,boundary_growth:small,0.011111111111111112,"[45,55]",2,L-SEED,completed,valid,[],,0.04887525991472226,9.599425315781325,B1,2026-08-08T05:24:15.715+02:00,2026-08-08T05:24:15.715+02:00,2026-08-08T05:35:43.594+02:00
801,C000801,improved_dataset_1000_20260807_001,25,801,"[2,2,2,2,2,2,2,2,0,0,2,2,2,2,2,2,0,0,0,0,2,2,2,2,2,0,0,0,0,2,2,2,2,2,0,0,2,2,2,2,2,2,2,2,0,0,2,0,2,2,2,2,2,2,2,2,2,2,2,2,0,2,2,2,2,2,2,2,0,2,0,0,2,0,0,2,2,2,2,2,0,0,0,0,2,2,2,2,2,2,0,0,0,2,2,2,2,2,2,2,0,0,0,0,0,0,2,2,2,2,0,0,0,0,0,0,0,2,2,2,0,0,0,0,0,0,0,2,0,2,0,0,0,0,0,0,0,0,0,2,0,0,0,0,0,0,0,0,2,0,0,0,0,0,0,0,0,2,2,2,0,1,1,0,0,0,0,1,2,1,0,0,1,0,0,0,0,1,1,1]",a8bc99eb464c6428d452a023de7a8b1cf043f642c48273c2ed142ca7907b6da1,23267cee0ef3dd50c6a13a973fb5770a6f8f0558490acf2dd96da499ab212564,improved_campaign_offspring,C000412,,1,connected_region_repaint:small,0.005555555555555556,[157],1,L-SEED,completed,valid,[],,0.05903639406441132,9.400964602960034,B1,2026-08-08T05:35:43.911+02:00,2026-08-08T05:35:43.911+02:00,2026-08-08T05:39:46.437+02:00
802,C000802,improved_dataset_1000_20260807_001,25,802,"[2,0,0,0,0,0,0,0,0,0,2,0,0,0,0,0,0,0,0,0,2,2,2,2,2,0,0,0,0,0,2,0,2,2,2,0,0,0,0,0,2,0,2,2,2,0,0,0,0,0,2,2,2,0,0,0,0,0,0,0,2,2,2,0,0,0,0,0,0,0,2,2,2,0,0,0,0,0,0,0,2,2,2,2,0,0,0,0,0,0,0,0,2,0,0,0,0,0,0,0,2,2,2,0,0,0,0,0,0,0,2,2,0,0,0,0,0,0,0,0,2,2,0,0,0,2,0,0,0,2,2,2,2,2,2,2,2,2,2,2,0,0,0,2,2,2,2,0,0,0,0,0,0,0,0,0,0,0,0,0,0,0,0,0,0,0,0,0,0,0,0,0,0,0,0,0,0,0,0,0]",04a63e0b328ba882c3ce73322b1b48e7f39bb7140f7ad89f6d1415a7b4502e11,c2a807ab3eabb535b5c001771fa5fe8adf747e0f651b0542ce39a64d6af6a1c0,improved_campaign_offspring,C000595,,2,boundary_growth:small,0.005555555555555556,[93],1,L-SEED,completed,valid,[],,0.06918728285581313,9.354513283622374,B1,2026-08-08T05:35:44.058+02:00,2026-08-08T05:35:44.058+02:00,2026-08-08T05:39:46.444+02:00
803,C000803,improved_dataset_1000_20260807_001,25,803,"[2,2,2,0,0,0,0,0,0,0,2,2,0,0,0,0,0,0,0,0,2,2,2,2,2,0,0,0,0,0,2,2,2,2,2,0,0,0,0,0,2,2,2,2,2,0,0,0,0,2,2,2,2,2,2,2,2,2,0,2,2,2,2,2,2,2,0,2,0,2,2,2,2,2,0,2,2,2,2,2,2,2,2,2,2,2,2,2,2,2,2,2,2,2,2,2,2,2,0,2,2,2,2,2,2,2,2,2,2,2,2,2,2,2,2,2,2,2,1,2,2,2,2,2,2,2,1,0,1,1,2,2,2,1,2,2,1,1,1,1,0,0,0,1,2,2,1,1,1,1,0,0,0,1,1,1,1,1,1,1,0,0,1,1,1,1,1,1,1,1,1,1,1,1,1,1,1,1,1,1]",a3518d420b2409ec4dcbe05096fd94a1c073d6497a7382d523a763a8ab86f75f,f7424ce781570995853e30c5f6cb668daa1348a97300e13f4d37b2d7d7ddbe39,improved_campaign_offspring,C000773,,3,connected_region_repaint:large,0.15,"[3,4,5,6,7,8,9,12,13,14,15,16,17,18,19,25,26,27,35,36,37,38,39,45,46,47,48,49,56,57,58,59,64,65,66,67,68,69,74,75,76,77,78,79,86,87,88,89,96,97,98,99,106,107,108,109,116,117,119]",59,L-SEED,completed,valid,[],,0.07959277229935788,9.190704564179363,B1,2026-08-08T05:35:44.174+02:00,2026-08-08T05:35:44.174+02:00,2026-08-08T05:39:46.444+02:00
804,C000804,improved_dataset_1000_20260807_001,25,804,"[2,0,2,2,2,2,2,2,2,0,2,2,2,2,2,2,2,0,0,0,2,2,2,2,2,2,2,0,0,0,0,0,2,2,2,2,2,0,0,0,0,0,0,2,2,2,0,0,0,0,0,0,0,0,0,0,0,0,0,0,0,0,0,0,0,0,0,2,0,0,0,0,0,0,2,2,0,2,0,0,0,0,0,2,0,2,2,2,2,0,0,2,2,2,2,2,2,2,2,2,2,2,2,0,0,2,2,2,2,2,2,2,2,0,2,2,2,2,2,2,2,2,2,2,2,2,2,2,2,2,2,2,2,2,2,2,2,2,2,2,2,2,2,2,2,2,2,2,2,2,2,2,2,2,2,2,2,2,2,2,2,0,2,2,2,2,2,2,2,2,0,2,2,2,2,2,2,0,2,2]",4a8f60db81ff565c6cc136138c9cfd75d009dd6e1b108f0f2075b34545428a89,2d7913eb3e6f0b41a7297e4a8c309aff4013eb3428020ad8432284edd7799b68,improved_campaign_offspring,C000712,,4,boundary_growth:medium,0.07222222222222222,"[2,3,4,5,6,7,8,11,12,13,14,15,16]",13,L-SEED,completed,valid,[],,0.0483406376068567,9.55190356536373,B1,2026-08-08T05:35:44.394+02:00,2026-08-08T05:35:44.394+02:00,2026-08-08T05:39:46.459+02:00
805,C000805,improved_dataset_1000_20260807_001,25,805,"[2,2,2,1,1,1,1,1,1,1,2,2,1,1,1,1,1,1,1,1,2,2,2,2,2,1,1,1,0,0,2,2,2,2,2,1,1,1,1,1,2,2,2,2,2,1,1,1,1,1,2,2,2,2,2,2,1,1,1,1,2,2,2,2,1,1,1,1,1,1,2,2,2,2,1,1,1,1,1,1,2,2,2,2,2,2,1,1,1,1,2,2,2,2,2,2,1,1,1,1,2,2,2,2,2,2,1,1,1,1,2,2,2,2,2,2,1,1,1,1,2,2,2,2,2,2,1,0,1,1,2,2,2,1,2,2,1,1,1,1,0,1,1,1,2,2,1,1,1,1,0,1,1,1,1,1,1,1,1,1,0,0,1,1,1,1,1,1,1,1,1,1,1,1,1,1,1,1,1,1]",2083d739767ca8ed8b1bd38fcc957821bb5965e3b5d0a84422aa370a657e52b7,c7d6a043b912069c7b918f785652fb2beb977015185eb210ad267bb350ad39fc,improved_campaign_offspring,C000654,,5,boundary_growth:small,0.016666666666666666,[142],1,L-SEED,completed,valid,[],,0.9221508112841513,0.2613524473471969,B6,2026-08-08T05:35:44.512+02:00,2026-08-08T05:35:44.512+02:00,2026-08-08T05:39:46.460+02:00
806,C000806,improved_dataset_1000_20260807_001,25,806,"[2,2,2,2,2,2,2,2,0,0,0,2,2,0,2,2,1,2,1,0,0,2,2,0,2,2,1,1,1,1,0,2,0,0,0,2,2,1,0,1,0,0,0,0,0,1,1,1,1,1,0,0,0,0,0,2,2,1,1,0,0,0,0,0,2,2,2,1,1,0,0,1,0,0,0,1,1,1,1,0,1,1,0,0,0,0,1,1,1,0,1,1,1,1,0,0,1,1,1,1,1,1,1,1,1,1,1,1,1,1,1,1,1,1,1,1,1,1,1,1,1,1,0,1,1,1,1,1,1,1,1,1,1,1,1,1,1,1,1,1,1,1,1,1,1,1,0,1,1,1,1,1,1,0,0,0,0,0,1,1,1,1,1,1,0,0,0,0,0,0,1,1,1,1,1,0,0,0,0,0]",57529e38b6a9dee0d10753a2f98623473c3e159c18f4c445ce5028159cd03885,1567516fc4e32e1e228a9edd4adb16906d81843f7f338162bc75adfa2ce5b3c9,improved_campaign_offspring,C000479,,1,connected_region_repaint:medium,0.07777777777777778,"[13,23,32,33,41,42,43,51,52,53,54,61,62,63,72]",15,L-SEED,completed,valid,[],,0.4367138101266222,5.477517583712972,B1,2026-08-08T05:39:46.755+02:00,2026-08-08T05:39:46.755+02:00,2026-08-08T05:45:17.459+02:00
807,C000807,improved_dataset_1000_20260807_001,25,807,"[0,0,0,0,0,1,0,0,0,0,0,0,0,2,1,1,1,0,1,0,0,2,2,2,2,2,1,1,1,1,0,2,2,2,0,2,2,1,0,1,0,2,2,2,0,1,1,1,1,1,0,2,2,2,2,2,2,1,1,0,0,2,2,2,2,2,2,1,1,0,0,1,2,0,0,1,1,1,1,0,1,1,0,0,0,0,1,1,1,0,1,1,1,1,0,0,1,1,1,1,1,1,1,1,1,1,1,1,1,1,1,1,1,1,1,1,1,1,1,1,1,1,0,1,1,1,1,1,1,1,1,1,1,1,1,1,1,1,1,1,1,1,1,1,1,1,0,1,1,1,1,1,1,0,0,0,0,0,1,1,1,1,1,1,0,0,0,0,0,0,1,1,1,1,1,0,0,0,0,0]",0dd1898de8a91532450d46e1f6b23b1e32b9ab30b3c39d56841e2dbaa7bf9872,c75718bbfd12578ed14f19b06560942dd835f7c53906f30753ff601acf490ee7,improved_campaign_offspring,C000779,,2,connected_region_repaint:medium,0.027777777777777776,"[0,1,2,3,4,11,12]",7,L-SEED,completed,valid,[],,0.5893851589177189,4.9416961591271225,B2,2026-08-08T05:39:47.050+02:00,2026-08-08T05:39:47.050+02:00,2026-08-08T05:45:17.459+02:00
808,C000808,improved_dataset_1000_20260807_001,25,808,"[2,2,2,2,2,2,2,2,0,0,0,2,0,0,2,2,0,2,0,0,0,0,0,0,2,2,0,0,0,0,0,0,0,0,0,2,2,0,0,0,0,0,0,0,0,0,0,0,0,0,0,0,0,2,2,2,2,0,0,0,0,0,2,2,2,2,2,0,0,0,0,0,2,0,0,0,0,0,0,0,0,0,0,0,0,0,0,0,0,0,0,0,2,0,0,0,0,0,2,2,0,0,2,0,0,0,2,2,0,2,2,2,2,2,0,0,2,2,2,2,1,1,0,0,2,2,2,0,2,2,1,0,0,0,0,2,0,0,2,2,1,0,0,0,0,0,0,2,2,2,1,0,1,0,0,0,0,0,2,2,1,0,1,1,0,0,0,0,0,0,1,1,1,1,1,0,0,0,0,0]",9362ed56de560997819ae7557f90a09b1fdd803cadedfde22c6df1b62c47520c,dec3b30d9db143eaaa33a516f590cb933e0196c283e9e9c6e48439532254c7f0,improved_campaign_offspring,C000776,,3,boundary_growth:medium,0.03333333333333333,"[33,41,42,43,51,52,61]",7,L-SEED,completed,valid,[],,0.05549254773275893,9.443574698562168,B1,2026-08-08T05:39:47.190+02:00,2026-08-08T05:39:47.190+02:00,2026-08-08T05:45:17.459+02:00
809,C000809,improved_dataset_1000_20260807_001,25,809,"[0,0,0,0,0,0,0,0,0,0,0,0,0,0,0,0,0,0,2,0,0,0,0,0,2,0,0,2,2,0,0,0,0,0,2,0,2,2,2,0,0,2,0,2,2,2,2,2,2,0,0,2,2,2,2,2,2,2,2,0,0,2,2,2,0,2,2,2,2,0,0,2,2,0,0,0,1,1,0,0,0,0,0,0,0,0,1,1,0,0,0,0,0,0,0,0,1,1,1,1,2,0,0,0,0,0,1,1,1,1,2,2,0,0,0,0,1,1,1,1,2,2,2,2,0,0,1,0,1,1,2,2,2,2,0,0,2,2,1,1,0,0,0,2,2,2,0,2,0,1,0,0,0,2,0,0,0,2,2,1,0,0,0,0,0,0,0,2,1,1,0,0,0,0,0,0,0,2,1,1]",795342133f73a602caf882b0a0b28c1139f9dba25f5fbec6301ab8fedbd9e792,c9a76940ea82c0896d9f58ceeac40118a0fccefdda4e03e93a2258311afda3ff,improved_campaign_offspring,C000687,,4,boundary_growth:small,0.005555555555555556,[72],1,L-SEED,completed,valid,[],,0.11230189636687014,8.806997058186289,B1,2026-08-08T05:39:47.310+02:00,2026-08-08T05:39:47.310+02:00,2026-08-08T05:45:17.475+02:00
810,C000810,improved_dataset_1000_20260807_001,25,810,"[2,2,2,2,2,2,2,2,0,0,0,2,0,0,2,2,0,2,0,0,0,0,0,0,2,2,0,0,0,0,0,0,0,2,0,2,2,0,0,0,0,2,2,2,0,0,0,0,0,0,0,2,2,2,2,2,2,0,0,0,0,2,2,2,2,2,2,0,0,0,0,0,2,0,0,0,0,0,0,0,0,0,0,0,0,0,0,0,0,0,0,0,0,0,0,0,0,0,2,2,0,0,0,0,0,0,2,2,0,2,0,0,0,0,0,0,2,2,2,2,1,1,0,0,2,2,2,0,2,2,1,0,0,0,0,2,0,0,2,2,1,0,0,0,0,0,0,2,2,2,1,0,1,0,0,0,0,0,2,2,1,0,1,1,0,0,0,0,0,0,1,1,1,1,1,0,0,0,0,0]",8a284a33260b3de8a96a52da52602c23f9880e0c13b5e5c80f3b46cb55253a9a,68e32db6315aed0fcc4d0f8c9fdc238b5b8b74929648d050f26479af6bb29a59,improved_campaign_offspring,C000776,,5,boundary_growth:small,0.022222222222222223,"[92,102,110,111,112,113]",6,L-SEED,completed,valid,[],,0.06068654855189853,9.384829019805993,B1,2026-08-08T05:39:47.441+02:00,2026-08-08T05:39:47.441+02:00,2026-08-08T05:45:17.475+02:00
811,C000811,improved_dataset_1000_20260807_001,26,811,"[2,2,2,2,2,2,2,2,0,0,0,2,2,2,2,2,2,0,0,0,0,2,2,2,2,2,2,2,2,0,0,2,2,2,0,2,2,2,2,0,0,2,2,2,0,0,0,0,2,2,0,2,2,2,2,0,0,0,2,0,2,2,0,0,0,0,0,0,0,0,2,0,0,0,0,0,0,0,0,0,2,0,0,0,0,0,0,0,0,0,0,0,0,0,0,0,0,0,1,0,2,2,0,0,0,0,0,0,1,1,2,2,2,2,2,0,1,1,1,1,2,0,2,2,2,2,1,1,1,1,2,2,2,2,2,1,1,1,1,1,2,2,0,0,1,1,1,1,1,1,0,0,0,0,1,1,1,1,1,1,0,0,0,0,0,1,1,1,1,1,0,0,0,0,1,1,1,1,1,1]",ad42c63e4a4bc61d1dc350e79bb483a12b5bad7e56a8de986d89d32e77b78c1e,ded771a6d313c7614774b1f0ed337d0d24ea13471b5a35419c3404c73bf6da18,improved_campaign_offspring,C000754,,1,boundary_growth:medium,0.06666666666666667,"[67,68,69,75,76,77,78,79,84,85,87,88,89,90,91,92,93,94,95,99,102,103,104]",23,L-SEED,completed,valid,[],,0.10744901932721662,8.864757532490232,B1,2026-08-08T05:45:17.898+02:00,2026-08-08T05:45:17.898+02:00,2026-08-08T05:47:52.238+02:00
812,C000812,improved_dataset_1000_20260807_001,26,812,"[1,1,1,1,1,1,1,1,1,1,1,1,1,1,1,1,1,1,1,1,1,1,1,1,1,1,1,1,1,1,1,2,2,2,0,1,1,1,1,1,1,2,2,2,0,1,1,1,1,1,0,1,2,1,0,1,1,1,1,1,1,1,1,1,1,1,1,1,1,1,1,1,2,2,1,1,1,1,1,1,1,2,2,2,2,1,1,1,1,1,2,2,2,2,2,1,1,1,1,1,2,2,2,2,2,1,1,1,1,1,2,2,2,2,2,1,1,1,1,1,2,2,2,2,2,1,1,1,1,1,0,2,2,0,0,1,1,1,1,1,0,0,0,1,1,1,1,1,1,1,1,1,1,1,1,1,1,1,1,1,1,1,1,1,1,1,1,1,1,1,1,1,1,1,1,1,1,1,1,1]",f7e8eb775d94a19a30a9a00968e9ef8d0bd6cd54deae766213cbc50b0cf94bac,3e0f01a69f81637ee15e558a5cbfbe2475fe15cea35196f5a4a417e33c8025a6,improved_campaign_offspring,C000751,,2,connected_region_repaint:medium,0.05,"[0,10,13,20,21,22,23,30,40]",9,L-SEED,completed,valid,[],,0.6012391296485089,3.6296184764129285,B3,2026-08-08T05:45:18.044+02:00,2026-08-08T05:45:18.044+02:00,2026-08-08T05:47:52.238+02:00
813,C000813,improved_dataset_1000_20260807_001,26,813,"[2,2,2,2,0,2,0,0,0,0,2,2,2,2,0,2,2,0,0,0,2,2,2,2,0,0,2,2,2,2,2,2,2,0,0,2,2,0,0,0,0,0,0,0,2,2,2,0,0,0,0,0,0,0,0,2,2,2,0,0,0,0,0,0,0,0,0,0,0,0,0,0,0,2,0,0,0,0,0,0,0,0,2,2,2,0,0,0,0,0,2,0,2,2,2,2,1,1,1,0,2,2,2,2,2,2,2,2,1,1,2,2,2,2,2,0,1,1,1,1,2,2,2,2,2,0,1,1,1,1,2,2,2,2,0,1,1,1,1,1,0,0,1,1,1,0,1,1,1,1,1,1,1,1,1,0,1,1,1,1,1,1,1,1,1,1,1,1,1,1,1,1,1,1,1,1,1,1,1,1]",ce97a487819a035ab077ff438ef6a4ec5289fe6734fae6d5a112b801ced62cf1,99e8cb6a86d5f9912ec2480058f8691f3e4c7b1ba7b70312133c6e0dce78101f,improved_campaign_offspring,C000542,,3,rectangular_patch:small,0.022222222222222223,[133],1,L-SEED,completed,valid,[],,0.11240827931822667,8.838412855053594,B1,2026-08-08T05:45:18.184+02:00,2026-08-08T05:45:18.184+02:00,2026-08-08T05:47:52.238+02:00
814,C000814,improved_dataset_1000_20260807_001,26,814,"[0,1,1,1,1,1,1,1,1,1,0,1,1,0,1,1,1,1,1,1,0,0,0,0,1,1,1,1,1,1,0,2,2,2,0,1,1,1,1,1,0,2,2,2,0,1,1,1,1,1,0,2,2,2,0,1,1,1,1,1,2,2,2,2,2,1,1,1,1,1,2,2,2,2,2,1,1,1,1,1,2,2,2,1,2,1,1,1,1,1,2,2,2,1,2,1,1,1,1,1,2,2,2,1,1,1,1,1,1,1,2,2,2,2,2,1,1,1,1,1,2,2,2,2,2,1,1,1,1,1,0,2,2,0,0,1,1,1,1,1,0,0,0,1,1,1,1,1,1,1,1,1,1,1,1,1,1,1,1,1,1,1,1,1,1,1,1,1,1,1,1,1,1,1,1,1,1,1,1,1]",4a23d4c7e6af262018700ef3dde85cd1310ebba3705d7a8fdfec5a067d970f38,1bf808dc8caf0a15e0a63c7d9cabf8b9e9ee94aabba726ddcf8415444fc9b8fa,improved_campaign_offspring,C000665,,4,connected_region_repaint:small,0.022222222222222223,"[83,93,103,104]",4,L-SEED,completed,valid,[],,0.9894327334834533,0.07663733758997657,B6,2026-08-08T05:45:18.325+02:00,2026-08-08T05:45:18.325+02:00,2026-08-08T05:47:52.253+02:00
815,C000815,improved_dataset_1000_20260807_001,26,815,"[0,0,0,0,0,0,0,0,0,0,0,0,0,0,0,0,0,0,0,0,0,0,0,0,0,0,0,2,0,0,0,0,0,0,0,0,2,2,0,0,0,0,0,0,0,0,2,2,0,0,0,0,0,0,0,0,2,2,2,0,0,0,0,2,2,2,2,2,2,0,0,0,2,2,2,2,2,0,0,0,0,0,0,0,0,0,0,0,0,0,0,0,0,0,0,0,0,0,0,0,0,0,0,0,0,0,0,0,0,0,0,0,0,0,0,0,0,0,0,0,0,0,0,0,0,0,0,0,0,0,0,0,0,0,0,0,0,0,0,0,0,0,0,0,0,0,0,0,0,0,0,0,0,0,0,0,0,0,0,0,0,0,0,0,0,0,0,0,1,0,0,0,0,0,0,0,0,0,1,0]",1099abfa7dea8dfaff433424fcb6f30f732015df6a8a5d562e666a064395f7be,8101f82b9642ac46ed423478d46128b86439a29ef71fde3437993ee0c61d493b,improved_campaign_offspring,C000753,,5,connected_region_repaint:large,0.17222222222222222,"[0,1,2,3,4,5,6,10,11,12,13,14,15,20,21,22,23,24,25,26,32,33,34,35,42,43,44,45,52,53,54,55,62]",33,L-SEED,completed,valid,[],,0.045768184701529234,9.585602446482492,B1,2026-08-08T05:45:18.461+02:00,2026-08-08T05:45:18.461+02:00,2026-08-08T05:47:52.253+02:00
816,C000816,improved_dataset_1000_20260807_001,26,816,"[0,0,0,0,2,2,0,2,2,2,0,0,0,0,2,0,0,2,0,0,0,0,0,2,2,2,0,2,0,0,0,2,2,2,2,0,0,0,0,0,0,0,2,2,0,0,0,0,2,2,0,0,2,2,2,2,2,2,2,2,0,0,0,0,2,2,2,2,2,2,0,0,0,0,0,2,2,2,2,2,0,0,0,0,0,0,2,2,2,2,0,0,0,0,0,2,2,2,2,2,0,0,0,0,0,0,2,2,2,2,0,0,0,0,0,2,2,2,2,2,0,0,0,0,0,2,2,2,2,2,0,2,2,2,0,2,2,2,2,2,0,2,2,2,2,2,2,2,2,2,2,2,2,2,0,2,2,2,2,2,0,2,2,2,2,2,2,2,2,2,0,2,2,2,2,2,1,1,2,2]",c4fa56ca1e345f8ab6c5ec8047d73e1d67e9c365976cc2f979a1131130391f5c,ada4176e81de0ddf2028b4f97085b64f2d8deda61b737031f56f72ee34eb9a2c,improved_campaign_offspring,C000698,,1,boundary_growth:large,0.21666666666666667,"[108,116,117,118,119,126,127,128,129,138,139,141,148,149,150,151,152,153,155,156,157,158,159,161,162,163,164,165,166,167,168,169,171,172,173,174,175,178,179]",39,L-SEED,completed,valid,[],,0.03368184464150938,9.841865643544857,B1,2026-08-08T05:47:52.569+02:00,2026-08-08T05:47:52.569+02:00,2026-08-08T05:53:05.909+02:00
817,C000817,improved_dataset_1000_20260807_001,26,817,"[2,2,0,0,0,0,0,0,0,0,2,2,0,0,0,0,0,0,0,0,0,0,0,0,0,0,0,0,0,0,0,2,0,0,0,0,0,0,0,0,0,2,2,0,0,0,0,0,0,0,0,2,2,0,0,0,0,0,1,0,0,2,2,2,0,0,0,0,1,1,0,0,2,0,0,0,0,0,0,1,0,0,0,0,0,0,0,1,1,1,0,0,0,0,0,0,0,0,1,1,0,0,0,0,0,0,1,0,0,1,0,0,0,0,0,0,1,0,0,1,0,0,0,0,0,1,1,1,0,1,0,1,1,1,1,1,1,1,1,1,1,1,1,1,1,1,1,1,1,1,0,1,1,1,1,1,1,1,0,1,2,2,2,2,2,1,1,1,1,1,2,2,1,2,2,2,1,1,1,1]",b7d37fb59c90c0b00a6b74f904a7a60ed217de58e3202938ca0af079baf4f1f2,4e29be7eb305adce55179bd5f476a38b5a5a9e3fce7c0c4880876dc784946a1c,improved_campaign_offspring,C000759,,2,boundary_growth:small,0.022222222222222223,"[131,132,133,134]",4,L-SEED,completed,valid,[],,0.171977150480776,8.224433530512544,B1,2026-08-08T05:47:52.701+02:00,2026-08-08T05:47:52.701+02:00,2026-08-08T05:53:05.909+02:00
818,C000818,improved_dataset_1000_20260807_001,26,818,"[0,0,0,0,2,2,0,2,2,2,0,0,0,0,2,0,0,2,0,0,0,0,0,2,2,2,0,2,0,0,0,2,2,2,2,0,0,0,0,0,0,0,2,2,0,0,0,0,0,0,0,0,2,0,0,0,0,0,0,0,0,0,0,0,0,0,0,0,0,0,0,0,0,0,0,0,0,0,0,0,0,0,0,0,0,0,0,0,0,0,0,0,0,0,0,0,0,0,0,0,0,0,0,0,0,0,0,0,0,0,0,0,0,0,0,2,0,0,0,0,0,0,0,0,0,2,0,0,0,0,0,2,2,2,0,2,2,2,0,0,0,0,2,2,2,2,2,2,0,0,0,0,0,0,0,0,0,0,0,0,0,0,0,0,0,0,0,0,0,0,0,0,0,0,0,0,1,1,0,0]",02dfe8b4530aa002f1cac73fd79dd7f339ab6fd0a9360f3c2ed2a14413f5adf9,c9cfd4179d9481ac8628dff62190d71c20384a5f8408055e70599627f3deda85,improved_campaign_offspring,C000698,,3,boundary_growth:large,0.16666666666666666,"[48,49,53,54,55,56,57,58,59,64,65,66,67,68,69,75,76,77,78,79,86,87,88,89,95,96,97,98,99,106,107,109]",32,L-SEED,completed,valid,[],,0.06194703284356786,9.491860378401695,B1,2026-08-08T05:47:52.838+02:00,2026-08-08T05:47:52.838+02:00,2026-08-08T05:53:05.909+02:00
819,C000819,improved_dataset_1000_20260807_001,26,819,"[0,0,0,0,0,0,0,0,0,0,0,0,0,0,0,0,0,0,2,0,0,0,0,0,2,2,0,2,2,0,0,2,2,0,0,2,2,2,2,2,0,2,0,0,0,2,2,0,2,2,2,2,0,0,0,2,2,2,2,2,0,0,0,0,0,0,2,2,2,2,0,0,0,0,0,0,2,2,2,2,1,0,0,0,0,0,2,2,2,2,1,1,0,0,0,2,2,2,2,2,1,1,0,1,0,2,2,2,2,2,1,1,1,1,1,2,2,2,2,2,1,1,1,1,1,2,2,2,2,2,1,1,1,0,0,1,2,2,2,2,0,0,1,1,1,1,2,2,2,2,0,0,1,1,1,1,2,2,0,2,1,1,1,1,0,1,2,2,2,2,1,1,2,2,2,2,1,1,2,2]",b8eaf5fc3c0bbccd229d60f9392eb371b485a6e2a3b173799a350f0dde50d422,ad40d5589f0ee1bf20d39fa955d353d6c1eedebe553953040d86b5fb1e4f2640,improved_campaign_offspring,C000430,,4,rectangular_patch:small,0.005555555555555556,[55],1,L-SEED,completed,valid,[],,0.025843551585242385,9.898600283778517,B1,2026-08-08T05:47:53.139+02:00,2026-08-08T05:47:53.139+02:00,2026-08-08T05:53:05.925+02:00
820,C000820,improved_dataset_1000_20260807_001,26,820,"[2,0,0,0,2,2,2,2,2,2,2,0,0,0,2,2,2,2,2,2,2,2,2,0,0,2,2,2,2,2,2,0,2,2,0,0,2,2,2,2,2,0,0,0,0,2,2,2,2,1,2,2,0,0,0,0,2,2,1,1,0,0,0,0,0,1,1,2,2,1,0,1,0,0,0,0,1,1,1,1,1,1,1,1,0,1,1,1,1,1,1,1,1,1,1,1,1,1,1,1,1,1,1,1,1,1,1,1,1,1,1,1,1,1,1,1,1,1,1,1,0,1,1,1,1,1,1,0,1,1,0,0,1,1,1,1,0,0,1,1,0,0,1,1,1,1,0,0,0,1,0,0,1,1,0,0,0,0,0,1,0,0,0,0,0,0,0,0,1,1,0,0,0,0,0,0,0,0,1,1]",ab8c5e3c0c4704d0fbc7eaae08bfd4487f49700481cd76a2f775037c673821d8,b07ed6ebbf99d6a5a0ae05914a01385937d485cb326dca960659fe1124b3f0bb,improved_campaign_offspring,C000610,,5,connected_region_repaint:large,0.16111111111111112,"[1,2,3,4,5,6,7,8,9,11,12,13,14,15,16,17,18,19,25,26,27,28,29,35,36,37,38,39,45,46,47,48,56,57,67,68]",36,L-SEED,completed,valid,[],,0.13342150792938928,8.611153803949945,B1,2026-08-08T05:47:53.270+02:00,2026-08-08T05:47:53.270+02:00,2026-08-08T05:53:05.925+02:00
821,C000821,improved_dataset_1000_20260807_001,26,821,"[2,1,1,1,1,1,1,1,1,1,2,1,1,1,1,1,1,1,1,1,2,2,2,2,2,1,1,1,1,1,2,2,2,2,2,1,1,1,1,1,2,2,2,2,2,1,1,1,1,1,2,2,2,2,2,2,2,1,1,1,2,2,2,2,1,1,1,1,1,1,2,2,2,2,2,1,1,1,1,1,2,2,2,2,2,2,1,1,1,1,1,2,2,2,2,1,1,1,1,1,1,1,2,2,2,1,1,1,1,1,1,1,1,1,1,1,1,1,1,1,1,1,1,1,1,1,1,1,1,1,1,1,1,1,1,1,0,1,1,1,1,1,1,1,1,1,1,1,1,1,1,1,0,0,0,1,1,1,1,1,1,0,0,0,1,1,1,1,1,1,1,1,1,0,0,1,1,1,1,1]",6c5a56f2ff7a102e8bfd34f674387e7c99d2cd7fda0fa761b4b3e0d8ce84e25d,d28fa7ffaf346ce9183b029370673ee2e2b6ae383697228cdccb93c0cb4f6608,improved_campaign_offspring,C000643,,1,connected_region_repaint:small,0.011111111111111112,"[55,56]",2,L-SEED,completed,valid,[],,0.9643100523561295,0.13451950866545812,B6,2026-08-08T05:53:06.224+02:00,2026-08-08T05:53:06.224+02:00,2026-08-08T05:58:55.224+02:00
822,C000822,improved_dataset_1000_20260807_001,26,822,"[2,1,1,1,1,1,1,1,1,1,2,1,1,1,1,1,1,1,1,1,2,2,2,2,2,1,1,1,1,1,2,2,2,2,2,1,1,1,1,1,2,2,2,2,2,1,1,1,1,1,2,2,2,2,2,1,1,1,1,1,2,2,2,2,1,1,1,1,1,1,2,2,2,2,2,1,1,1,1,1,2,2,2,2,2,2,1,1,1,1,1,2,2,2,2,1,1,1,1,1,1,1,2,2,2,1,1,1,1,1,1,1,1,1,1,1,1,1,1,1,1,1,1,1,1,1,1,1,1,1,1,1,1,1,1,1,0,1,1,1,1,1,1,1,1,1,1,1,1,1,1,1,2,0,0,1,1,1,1,1,1,0,2,2,1,1,1,1,1,1,1,1,1,2,0,1,1,1,1,1]",408bb6077a68401e6004f3ad2c0cff8b36f31f31f5d6b31a8bb562c9f462fbbd,30e0a1e9c19e1456a7c6ba8ae30fabe2c0ed4d4e87b3763c3d9e8937c1dd356c,improved_campaign_offspring,C000643,,2,connected_region_repaint:small,0.022222222222222223,"[152,162,163,173]",4,L-SEED,completed,valid,[],,0.8983704099714974,0.3476119914201831,B5,2026-08-08T05:53:06.363+02:00,2026-08-08T05:53:06.363+02:00,2026-08-08T05:58:55.224+02:00
823,C000823,improved_dataset_1000_20260807_001,26,823,"[2,2,2,2,2,2,2,2,2,0,2,2,2,2,2,2,0,0,0,0,2,2,2,2,2,2,0,0,0,0,2,2,2,2,2,2,0,0,0,0,2,2,2,2,2,2,0,0,2,2,0,2,2,2,2,2,2,2,2,2,2,2,2,2,2,2,2,2,2,1,2,2,2,2,2,2,1,1,1,1,2,2,2,2,2,2,2,1,1,1,0,0,0,0,2,2,2,1,1,1,0,0,0,0,2,2,2,1,1,1,0,0,0,0,2,2,1,1,1,1,0,0,0,0,2,2,1,0,1,1,0,0,0,2,0,0,0,0,1,1,0,0,2,2,0,0,0,0,0,1,2,2,0,2,0,0,0,0,0,1,2,2,2,2,0,0,0,0,1,1,2,2,2,0,0,0,0,0,1,1]",ff419987c89895215decdeadf661fd766fe7735054b340d10cf0848a03ab2859,10e5aa833e5bdd32550955e50b8bd3551b8c0844be5cc6f7b06fd9703642bc16,improved_campaign_offspring,C000735,,3,connected_region_repaint:medium,0.07222222222222222,"[133,142,143,150,151,153,160,161,162,163,170,171,172]",13,L-SEED,completed,valid,[],,0.14455587369858364,8.456568994531663,B1,2026-08-08T05:53:06.504+02:00,2026-08-08T05:53:06.504+02:00,2026-08-08T05:58:55.240+02:00
824,C000824,improved_dataset_1000_20260807_001,26,824,"[2,1,1,1,1,1,1,1,1,1,2,1,1,1,1,1,1,1,1,1,2,2,2,2,2,1,1,1,1,1,2,2,2,0,2,1,1,1,1,1,2,2,2,0,2,1,1,1,1,1,2,2,2,0,2,1,1,1,1,1,2,0,2,0,1,1,1,1,1,1,0,0,0,0,0,1,1,1,1,1,0,0,0,0,0,0,1,1,1,1,1,0,0,0,0,1,1,1,1,1,1,1,0,0,0,1,1,1,1,1,1,1,1,1,1,1,1,1,1,1,1,1,1,1,1,1,1,1,1,1,1,1,1,1,1,1,0,1,1,1,1,1,1,1,1,1,1,1,1,1,1,1,0,0,0,1,1,1,1,1,1,0,0,0,1,1,1,1,1,1,1,1,1,0,0,1,1,1,1,1]",f3020e7187532f15867361487b5e56a36696a74448425fc01cd5550df13b14cd,19980773cbe12ae5bd8ab8c89a80ae6bcdf2bab281d2260ebf0a2a79836f72e0,improved_campaign_offspring,C000643,,4,connected_region_repaint:large,0.11666666666666667,"[33,43,53,61,63,70,71,72,73,74,80,81,82,83,84,85,91,92,93,94,102,103,104]",23,L-SEED,completed,valid,[],,0.9955545286144988,0.11764185842683524,B6,2026-08-08T05:53:06.728+02:00,2026-08-08T05:53:06.728+02:00,2026-08-08T05:58:55.240+02:00
825,C000825,improved_dataset_1000_20260807_001,26,825,"[2,1,1,1,1,1,1,1,1,1,2,1,1,1,1,1,1,1,1,1,2,2,2,2,2,1,1,1,1,1,2,2,2,2,2,1,1,1,1,1,2,2,2,2,2,1,1,1,1,1,2,2,2,2,2,1,1,1,1,1,2,2,2,2,1,1,1,1,1,1,2,2,2,2,2,1,1,1,1,1,2,2,2,2,2,2,1,1,1,1,2,2,2,2,2,1,1,1,1,1,1,1,2,2,2,1,1,1,1,1,1,1,1,1,1,1,1,1,1,1,1,1,1,1,1,1,1,1,1,1,1,1,1,1,1,1,0,1,1,1,1,1,1,1,1,1,1,1,1,1,1,1,0,0,0,1,1,1,1,1,1,0,0,1,1,1,1,1,1,1,1,1,1,0,0,1,1,1,1,1]",c92ab02fa8cb4a07371dfcd14ef67be9a3e693a2de3d07e1ae183ea424eb4bf7,70be965573fcb26ee0580a464f90c919a2bedf6676484ea123a1ac5ce2de34c2,improved_campaign_offspring,C000702,,5,boundary_growth:small,0.005555555555555556,[163],1,L-SEED,completed,valid,[],,0.9932881080518995,0.1219440037749766,B6,2026-08-08T05:53:06.941+02:00,2026-08-08T05:53:06.941+02:00,2026-08-08T05:58:55.240+02:00
826,C000826,improved_dataset_1000_20260807_001,26,826,"[0,0,0,0,0,0,0,0,0,0,0,0,0,0,0,0,0,0,0,0,0,0,0,0,0,0,0,0,0,0,0,0,0,0,0,0,0,0,0,0,2,0,2,2,0,0,0,0,0,0,2,2,2,2,0,0,0,0,0,0,2,0,2,2,2,0,0,0,2,2,2,2,2,2,0,0,0,0,2,2,2,0,2,2,2,0,0,0,0,2,0,0,2,2,2,0,0,0,0,2,0,0,0,2,0,0,2,2,2,0,0,0,2,2,0,2,2,0,2,2,0,0,2,2,0,0,2,0,0,0,1,1,1,0,0,1,1,0,0,0,0,0,1,1,1,1,1,1,1,1,1,1,1,1,1,1,1,1,0,1,1,2,1,1,0,1,1,1,2,2,2,2,2,1,0,0,1,1,2,2]",e6b348419da66018f17a9e33f8a9555605dc8828ec09f527dada98f5b1d29b1f,59fcb780ebdcd2b9ce2caf7d45dc1735f814c6169aa4995229fd7929426c44ec,improved_campaign_offspring,C000769,,1,connected_region_repaint:small,0.005555555555555556,[117],1,L-SEED,completed,valid,[],,0.05225685703525659,9.52107752686554,B1,2026-08-08T05:58:55.540+02:00,2026-08-08T05:58:55.540+02:00,2026-08-08T06:13:04.751+02:00
827,C000827,improved_dataset_1000_20260807_001,26,827,"[0,0,0,0,0,0,0,0,0,0,2,2,0,0,1,0,0,0,0,0,2,0,0,0,1,1,0,0,0,0,2,1,0,0,1,0,0,0,0,0,0,1,1,1,1,1,1,1,0,0,0,1,1,1,1,1,1,1,0,0,0,0,0,1,1,1,0,0,0,0,0,0,0,1,1,1,1,0,0,0,0,0,0,1,1,1,1,1,0,0,2,0,0,1,1,1,1,1,1,1,2,2,2,0,1,1,1,1,1,1,2,2,2,0,1,0,1,1,1,1,2,2,2,0,1,0,1,1,1,1,2,2,1,1,0,1,1,1,1,1,0,0,1,1,1,1,1,1,1,1,1,1,1,1,1,1,1,1,1,1,1,1,1,1,1,1,1,1,1,1,1,1,1,1,1,1,1,1,1,1]",ae07b0ada4e3833aaf4aeb9212816e01900949c57ea61515b2c8bcb1fe25caf4,64ac77d3bb82db76c76fdfdf46bfe231ce7f0fffc1e53a9fc750c6e111dc96e1,improved_campaign_offspring,C000680,,2,boundary_growth:small,0.005555555555555556,[133],1,L-SEED,completed,valid,[],,0.42791840012645027,6.135039818859054,B1,2026-08-08T05:58:55.686+02:00,2026-08-08T05:58:55.686+02:00,2026-08-08T06:13:04.767+02:00
828,C000828,improved_dataset_1000_20260807_001,26,828,"[0,0,0,0,0,0,0,0,0,0,0,0,0,0,0,0,0,0,0,0,0,0,2,2,2,0,0,0,0,0,2,2,2,2,2,0,0,0,0,0,0,2,0,0,0,0,0,0,0,0,0,2,0,0,0,0,0,0,0,0,0,2,0,0,0,1,1,1,1,0,0,0,0,0,0,0,1,1,1,1,0,2,2,2,2,1,1,1,0,0,2,2,2,0,2,2,1,1,1,0,2,2,2,0,2,2,2,2,1,1,2,2,2,2,2,0,0,1,1,1,2,2,2,2,2,0,0,1,1,1,2,2,2,0,2,2,2,0,0,1,0,0,0,0,0,2,0,0,1,1,1,1,0,0,0,0,0,0,0,1,1,1,0,1,0,0,0,0,1,1,1,1,1,1,1,1,0,0,1,1]",efad5a4e52ea47347b6b8dfa593c1b85f5b19265f904a701bc49a85abe2dc7c8,086528912cf413a3801b755accbc26e1cdc654f655f2daa3f2c981997ed65186,improved_campaign_offspring,C000768,,3,connected_region_repaint:small,0.022222222222222223,"[23,24,33,34]",4,L-SEED,completed,valid,[],,0.18142820437641818,8.05261936187852,B1,2026-08-08T05:58:55.994+02:00,2026-08-08T05:58:55.994+02:00,2026-08-08T06:13:04.767+02:00
829,C000829,improved_dataset_1000_20260807_001,26,829,"[0,0,0,0,0,0,0,0,0,0,0,0,0,0,0,0,0,0,0,0,0,0,2,0,0,0,0,0,0,0,2,2,2,0,0,0,0,0,0,0,0,2,0,0,0,0,0,0,0,0,0,2,0,0,0,0,0,0,0,0,0,2,0,0,0,1,1,1,1,0,0,0,0,0,0,0,1,1,1,1,0,2,2,2,2,1,1,1,0,0,2,2,2,0,2,2,1,1,1,0,2,2,2,0,2,2,2,2,1,1,2,2,0,2,2,0,0,1,1,1,2,2,0,2,2,0,0,1,1,1,2,2,2,0,2,2,2,0,0,1,0,0,0,0,0,2,0,0,1,1,1,1,0,0,0,0,0,0,0,1,1,1,0,1,0,0,0,0,1,1,1,1,1,1,1,1,0,0,1,1]",5cd83b0deaf4a1bad494d133752fca944bd7adc3f92278b2d15e9b05989d527c,e177571d620d4fdd0dc42f5cce5db4d1069b77e99b82a1da5d97eab93cd73a3b,improved_campaign_offspring,C000768,,4,connected_region_repaint:small,0.011111111111111112,"[112,122]",2,L-SEED,completed,valid,[],,0.18341018834470638,8.034441443493371,B1,2026-08-08T05:58:56.141+02:00,2026-08-08T05:58:56.141+02:00,2026-08-08T06:13:04.767+02:00
830,C000830,improved_dataset_1000_20260807_001,26,830,"[2,2,2,2,2,0,0,2,0,1,2,2,2,2,2,2,2,2,2,1,2,2,2,2,2,2,2,1,1,1,0,0,0,0,2,0,2,1,1,1,0,0,0,0,0,2,2,2,2,1,0,0,0,0,0,0,0,0,1,1,0,2,1,0,1,0,1,1,1,1,2,2,1,1,1,0,0,0,1,1,2,2,2,1,1,1,1,1,1,1,2,1,1,1,1,1,1,1,1,1,1,1,1,1,1,1,1,1,1,1,2,1,1,0,2,2,1,1,1,1,2,2,1,1,2,2,1,1,1,1,2,1,1,0,0,1,1,1,1,1,0,0,1,1,1,0,1,2,2,2,1,1,1,1,1,1,1,2,0,2,1,1,1,1,0,1,1,1,2,2,1,1,1,1,1,1,1,1,2,2]",add7f03e8a7894f7cd4bddf11eca68eb988ec9d7422f44bd6f1e1c0f1fa9f28d,6f78276e66eec7bc744e83b6486df5d222f7c11bb9dcac845a0b4b509e34ebe7,improved_campaign_offspring,C000528,,5,connected_region_repaint:large,0.20555555555555555,"[107,108,109,116,117,118,119,126,127,128,129,137,138,139]",14,L-SEED,completed,valid,[],,0.3414023128905196,7.679057640899733,B1,2026-08-08T05:58:56.288+02:00,2026-08-08T05:58:56.288+02:00,2026-08-08T06:13:04.783+02:00
831,C000831,improved_dataset_1000_20260807_001,26,831,"[2,0,0,0,0,0,0,0,0,0,2,0,0,0,0,0,0,0,0,0,2,2,2,2,2,0,0,0,0,0,2,0,2,2,2,0,0,0,0,0,2,0,2,2,2,0,0,0,0,0,2,2,2,0,0,0,0,0,0,0,2,2,2,0,0,0,0,0,0,0,2,2,2,2,2,0,0,0,0,0,2,2,2,2,0,0,0,0,0,0,0,0,2,2,0,0,0,0,0,0,2,2,2,0,0,0,0,0,0,0,2,2,0,0,0,0,0,0,0,0,2,2,0,0,0,2,0,0,0,2,2,2,2,2,2,2,2,2,2,2,0,0,0,2,2,2,2,0,0,0,0,0,0,0,0,0,0,0,0,0,0,0,0,0,0,0,0,0,0,0,0,0,0,0,0,0,0,0,0,0]",046b6fc1a6d0554657554f3cd639d8ae52b8464d9f1898495559d0b29f9f4b52,7779388b4d3750d4b48f49e9142ac3f841e607a3277eb3acd78563723fee3316,improved_campaign_offspring,C000595,,1,boundary_growth:small,0.011111111111111112,"[73,74]",2,L-SEED,completed,valid,[],,0.06963990350013372,9.350412007917832,B1,2026-08-08T06:13:05.184+02:00,2026-08-08T06:13:05.184+02:00,2026-08-08T06:18:23.551+02:00
832,C000832,improved_dataset_1000_20260807_001,26,832,"[0,0,0,0,0,0,0,0,0,0,0,0,0,0,0,0,0,0,0,0,0,0,0,0,0,0,0,0,0,0,0,0,0,0,0,0,0,0,0,0,0,0,0,0,0,0,0,0,0,0,0,2,2,2,0,0,0,0,0,0,2,2,2,2,2,0,0,0,0,0,2,2,2,2,2,0,0,0,0,0,2,2,2,2,2,0,0,0,2,0,2,2,2,2,2,0,2,2,2,2,2,2,2,2,2,0,2,2,0,0,2,0,2,2,2,2,2,0,2,2,2,0,2,2,2,0,2,2,2,0,2,0,0,0,0,0,0,2,2,0,0,0,0,0,0,0,0,2,0,0,0,0,0,0,0,0,0,0,0,0,0,0,0,0,0,0,0,0,0,0,0,0,0,0,0,0,1,1,0,0]",c966103b4fce76531c7271bb7fcba2dbb8d772d43fe945c326835110385141f6,d6db55e33b26b4fa6c57ad1f83b35b03616ee69cf8690e90c74b0f11a2f213a4,improved_campaign_offspring,C000624,,2,boundary_growth:medium,0.044444444444444446,"[65,66,67,68,75,76,85,95,105]",9,L-SEED,completed,valid,[],,0.05228661717022838,9.500696237216827,B1,2026-08-08T06:13:05.330+02:00,2026-08-08T06:13:05.330+02:00,2026-08-08T06:18:23.551+02:00
833,C000833,improved_dataset_1000_20260807_001,26,833,"[2,2,2,2,2,0,0,0,0,0,0,2,2,2,0,0,0,0,0,0,0,2,0,2,0,0,0,0,0,0,0,2,2,2,0,0,0,0,0,0,0,2,2,2,0,0,0,0,0,0,0,2,0,0,0,0,0,0,0,0,0,2,2,0,0,0,0,2,2,2,0,0,2,0,0,0,0,2,2,2,0,0,0,0,0,0,0,2,2,2,0,0,0,0,0,1,0,0,2,2,0,0,0,1,1,1,0,0,0,0,1,0,0,1,1,1,0,0,0,0,1,1,1,1,1,1,0,0,0,0,1,1,1,1,1,1,0,0,0,0,1,1,1,1,1,1,0,0,0,0,1,1,1,1,1,1,0,0,0,0,0,1,1,0,0,0,0,1,0,1,0,0,1,0,0,0,0,1,1,1]",cff1a901b61de4f90f479fe6767e7fa348fe30e2fddbeb1b8b9b0f819021753f,13e6519fba3c4ee6f856828f15dcac7b9d76ff8c315b89dac0c857dadee3831b,improved_campaign_offspring,C000745,,3,boundary_growth:small,0.022222222222222223,"[13,23,32,33]",4,L-SEED,completed,valid,[],,0.09682027860184766,9.031371004931037,B1,2026-08-08T06:13:05.460+02:00,2026-08-08T06:13:05.460+02:00,2026-08-08T06:18:23.567+02:00
834,C000834,improved_dataset_1000_20260807_001,26,834,"[2,2,2,1,1,1,1,1,1,1,2,2,1,1,1,1,1,1,1,1,2,2,2,2,2,1,1,1,0,0,2,2,2,2,2,1,1,1,1,1,2,2,2,2,2,1,1,1,1,1,2,2,2,2,2,2,1,1,1,1,2,2,2,2,1,1,1,1,1,1,2,2,0,2,1,1,1,1,1,1,2,0,0,2,2,2,1,1,1,1,2,0,0,2,2,2,1,1,1,1,2,2,2,2,2,2,1,1,1,1,2,2,2,2,2,2,1,1,1,1,2,2,2,2,2,2,1,0,1,1,2,2,2,1,2,2,1,1,1,1,0,0,0,1,2,2,1,1,1,1,0,0,0,1,1,1,1,1,1,1,0,0,1,1,1,1,1,1,1,1,1,1,1,1,1,1,1,1,1,1]",5bcc36bcf5365fb4fb334c94eae0d237f9f6fe5b431475fd4e9ff3e96e33de08,0b5605d520cc9cc449b6b5cded0219c2f4d4a92d721e06a06850b3ad18b83094,improved_campaign_offspring,C000773,,4,connected_region_repaint:medium,0.027777777777777776,"[72,81,82,91,92]",5,L-SEED,completed,valid,[],,0.9200203349720613,0.26319257860743,B6,2026-08-08T06:13:05.600+02:00,2026-08-08T06:13:05.600+02:00,2026-08-08T06:18:23.567+02:00
835,C000835,improved_dataset_1000_20260807_001,26,835,"[2,2,2,1,1,1,1,1,1,1,2,2,1,1,1,1,1,1,1,1,2,2,2,2,2,1,1,1,0,0,2,2,2,2,2,1,1,1,1,1,2,2,2,2,2,1,1,1,1,1,2,2,2,2,2,2,1,1,1,1,2,2,2,2,1,1,1,1,1,1,2,2,2,2,1,1,1,1,1,1,2,2,2,2,2,2,1,1,1,1,2,2,2,2,2,2,1,1,1,1,2,2,2,2,2,2,1,1,1,1,2,2,2,2,2,2,1,1,1,1,2,2,2,2,2,2,0,0,1,1,2,2,2,1,2,2,0,0,1,1,0,0,0,1,2,2,1,1,1,1,0,0,0,1,1,1,1,1,1,1,0,0,1,1,1,1,1,1,1,1,1,1,1,1,1,1,1,1,1,1]",e20c802b9b0154d71c591db81e66fac97a074c63d1b93e7139f6f8747040e42b,b9fe62e1e823ded0bc2e3942e97945baeaa66888c35fc1402c28efe7df4b2438,improved_campaign_offspring,C000773,,5,boundary_growth:small,0.016666666666666666,"[126,136,137]",3,L-SEED,completed,valid,[],,0.8777965932144404,0.7293326800923448,B5,2026-08-08T06:13:05.732+02:00,2026-08-08T06:13:05.732+02:00,2026-08-08T06:18:23.583+02:00
836,C000836,improved_dataset_1000_20260807_001,26,836,"[0,0,0,0,0,1,0,0,0,0,0,0,0,2,1,1,1,0,1,0,0,2,2,2,2,2,1,1,1,1,0,2,2,2,0,2,2,1,0,1,0,2,2,2,0,1,1,1,1,1,0,2,2,2,2,2,2,1,1,0,0,2,2,2,2,2,2,1,1,0,0,1,2,0,0,1,1,1,1,0,1,1,0,0,0,0,1,1,1,0,1,1,1,1,0,0,1,1,1,1,1,1,1,1,1,1,1,1,1,1,1,1,1,1,1,1,1,1,1,1,1,1,0,1,1,1,1,1,1,1,1,1,1,1,1,1,1,1,1,1,1,1,1,1,1,1,0,1,1,1,1,1,1,0,0,0,0,0,1,1,1,1,1,1,0,0,0,0,2,2,1,1,1,1,1,0,0,2,2,0]",286a7c206e6c3d57e9567850984e588e2901acc08ee854ac335138d608700c3a,3ac40ce8a33252c4702da5bc0efc2c519be4f6ff5d3da06409dd52a7d00c10f6,improved_campaign_offspring,C000807,,1,connected_region_repaint:small,0.022222222222222223,"[168,169,177,178]",4,L-SEED,completed,valid,[],,0.509405730220075,6.08943677326501,B2,2026-08-08T06:18:24.032+02:00,2026-08-08T06:18:24.032+02:00,2026-08-08T06:24:23.307+02:00
837,C000837,improved_dataset_1000_20260807_001,26,837,"[0,0,0,0,0,1,0,0,0,0,0,0,0,2,1,1,1,0,1,0,0,2,2,2,2,2,1,1,1,1,0,2,2,2,0,2,2,1,0,1,0,2,2,2,0,1,1,1,1,1,0,2,2,2,2,2,2,1,1,0,0,2,2,2,2,2,2,1,1,0,0,1,2,0,0,1,1,1,1,0,1,1,0,0,0,0,1,1,1,0,1,1,1,1,0,0,1,1,1,1,1,1,1,1,1,1,1,1,1,1,1,1,1,1,1,1,1,1,1,1,1,1,0,1,1,1,1,1,1,1,1,1,1,1,1,1,1,1,1,1,1,1,1,1,1,1,1,1,1,1,1,1,1,1,1,1,1,1,1,1,1,1,1,1,1,1,1,1,1,1,1,1,1,1,1,1,1,1,1,1]",336af3936055c6297fbcff881caf69d483588dfccdcda7ecce9b084e1901e883,4b729107af1c13f5424850204b59824cea009fd493f66e1305683ca9c1bcfb48,improved_campaign_offspring,C000807,,2,boundary_growth:large,0.11666666666666667,"[146,153,154,155,156,157,164,165,166,167,168,169,175,176,177,178,179]",17,L-SEED,completed,valid,[],,0.588230092472483,4.946665555290458,B2,2026-08-08T06:18:24.170+02:00,2026-08-08T06:18:24.170+02:00,2026-08-08T06:24:23.307+02:00
838,C000838,improved_dataset_1000_20260807_001,26,838,"[0,0,0,0,0,0,0,0,0,0,0,0,0,0,0,0,0,0,0,0,0,0,0,0,0,0,0,0,0,0,0,0,0,0,0,0,0,0,0,0,0,0,0,0,0,0,0,0,0,0,0,2,0,0,0,0,0,0,0,0,0,2,2,0,0,0,0,0,0,0,2,2,2,0,2,2,0,0,0,0,2,2,2,2,2,2,2,0,2,2,2,2,2,2,2,0,0,0,2,2,2,2,0,0,2,2,2,2,2,2,2,0,0,0,2,0,0,0,2,2,2,2,0,0,0,0,0,0,0,0,2,0,0,0,0,0,0,0,0,0,0,0,0,0,0,0,0,0,2,2,0,0,0,0,0,0,0,0,0,2,0,0,0,0,0,0,0,0,0,2,0,0,0,0,0,0,1,2,2,2]",24ab7465a0a5680965c4273216756eb524eedbbb7287deb5a177a84a55a657ae,e91d2944eee7904e5135792411a74b67f749aec57b4699367924acd202ee054e,improved_campaign_offspring,C000389,,3,connected_region_repaint:small,0.005555555555555556,[60],1,L-SEED,completed,valid,[],,0.043046239939563156,9.63835545861548,B1,2026-08-08T06:18:24.321+02:00,2026-08-08T06:18:24.321+02:00,2026-08-08T06:24:23.323+02:00
839,C000839,improved_dataset_1000_20260807_001,26,839,"[0,0,0,0,0,0,0,0,0,0,0,0,0,0,0,0,0,0,0,0,0,0,0,0,0,0,0,0,0,0,0,2,2,2,0,2,0,0,0,0,0,2,2,2,0,2,0,0,0,0,0,2,2,0,2,2,0,0,0,0,2,2,0,2,2,2,2,2,0,0,2,2,0,0,0,0,2,0,0,0,0,0,0,0,0,0,0,0,0,0,0,0,0,0,0,0,0,0,0,0,0,0,0,0,0,0,0,0,0,0,0,0,0,0,0,0,0,0,0,0,0,2,2,0,0,0,0,0,0,0,0,2,2,0,0,0,0,0,0,0,0,0,0,0,0,0,0,0,0,0,0,0,0,0,0,0,0,0,0,0,0,0,0,0,0,0,0,0,0,0,0,0,0,0,0,0,1,1,0,0]",8a779f725e76e31be4861ad219bf903f3a4d6dfa32d8abc446a3835c26e2847e,e0d4759c7edd69930714ac8d5c4a929639ae3124e2148f53071a9f54fc1633db,improved_campaign_offspring,C000720,,4,connected_region_repaint:medium,0.06666666666666667,"[68,69,74,75,77,78,79,85,86,87,88,89,96,97,98,99,107]",17,L-SEED,completed,valid,[],,0.0731779714033859,9.258515401235089,B1,2026-08-08T06:18:24.446+02:00,2026-08-08T06:18:24.446+02:00,2026-08-08T06:24:23.323+02:00
840,C000840,improved_dataset_1000_20260807_001,26,840,"[0,0,0,0,0,0,0,0,0,0,0,0,0,0,0,0,0,0,0,0,0,2,2,0,0,0,0,0,0,0,0,2,2,2,0,0,0,0,0,0,0,0,0,2,0,0,0,0,0,0,0,0,0,2,0,0,0,0,0,0,0,0,0,0,0,0,0,0,0,0,0,0,0,0,0,0,0,2,2,2,0,0,0,0,0,0,0,2,2,2,0,0,0,0,0,0,0,0,2,2,0,0,0,0,0,0,0,0,1,1,1,1,0,0,0,0,1,1,1,1,1,0,1,0,0,0,1,1,1,1,1,1,1,1,0,1,1,1,1,1,1,1,1,1,1,1,1,1,1,1,1,1,1,1,1,1,1,1,1,1,1,1,1,1,1,1,1,1,1,1,0,1,1,1,1,1,1,1,1,1]",0a7ceccce0640856563847458039a8ed1b93b5320ec9694bc9d8834bfd3a2a44,136f12194268d10258757f2d25e4fe019849a2b5998e7b028c61f680ce9c210e,improved_campaign_offspring,C000748,,5,connected_region_repaint:large,0.2222222222222222,"[6,7,8,9,14,15,16,17,18,19,25,26,27,28,29,35,36,37,38,39,41,42,45,46,47,48,49,51,52,54,55,58,61,62,63,64,65,67,68,69,72,75,76,85,95]",45,L-SEED,completed,valid,[],,0.06989651959765496,9.306381115976762,B1,2026-08-08T06:18:24.600+02:00,2026-08-08T06:18:24.600+02:00,2026-08-08T06:24:23.339+02:00
841,C000841,improved_dataset_1000_20260807_001,27,841,"[0,1,1,1,1,1,1,1,1,1,0,1,1,0,1,1,1,1,1,1,0,0,0,0,1,1,1,1,1,1,0,2,2,2,0,1,1,1,1,1,0,2,2,2,0,1,1,1,1,1,0,1,2,1,0,1,1,1,1,1,1,1,1,1,1,1,1,1,1,1,1,1,2,2,1,1,1,1,1,1,1,2,2,2,2,1,1,1,1,1,2,2,2,2,2,1,1,1,1,1,2,2,2,2,1,1,1,1,1,1,2,2,2,1,1,1,1,1,1,1,2,2,2,2,1,1,1,1,1,1,0,2,2,0,0,1,1,1,1,1,0,0,0,1,1,1,1,1,1,1,1,1,1,1,1,1,1,1,1,1,1,1,1,1,1,1,1,1,1,1,1,1,1,1,1,1,1,1,1,1]",5a86d1d73c2b90c5f362de9a161f314fb90616d8147c5c3abbd9ebad728e1841,5775bf08375a7b72f2a3084722506c434c20018d5f20b177dde86d50fbf46108,improved_campaign_offspring,C000751,,1,connected_region_repaint:small,0.022222222222222223,"[104,113,114,124]",4,L-SEED,completed,valid,[],,0.9696177247928784,0.06746773391703158,B6,2026-08-08T06:24:23.777+02:00,2026-08-08T06:24:23.777+02:00,2026-08-08T06:28:37.378+02:00
842,C000842,improved_dataset_1000_20260807_001,27,842,"[0,1,1,1,1,1,1,1,1,1,0,1,1,0,1,1,1,1,1,1,0,0,0,0,1,1,1,1,1,1,0,2,2,2,0,1,1,1,1,1,0,2,2,2,1,1,1,1,1,1,0,1,2,1,1,1,1,1,1,1,1,1,1,1,1,1,1,1,1,1,1,1,2,2,1,1,1,1,1,1,1,2,2,2,2,1,1,1,1,1,2,2,2,2,2,1,1,1,1,1,2,2,2,2,2,1,1,1,1,1,2,2,2,2,2,1,1,1,1,1,2,2,2,2,2,1,1,1,1,1,0,2,2,0,0,1,1,1,1,1,0,0,0,1,1,1,1,1,1,1,1,1,1,1,1,1,1,1,1,1,1,1,1,1,1,1,1,1,1,1,1,1,1,1,1,1,1,1,1,1]",9448fbecd7574e26f0e320a4382973e46334b9bdf5f1db3af445ba9b2b63fb60,88cbb6bcf454c83f194abc0a322273e59a6ffe713d3aebc88815cb7232bc5875,improved_campaign_offspring,C000751,,2,connected_region_repaint:small,0.011111111111111112,"[44,54]",2,L-SEED,completed,valid,[],,0.9786626250323927,0.06651460990676095,B6,2026-08-08T06:24:23.909+02:00,2026-08-08T06:24:23.909+02:00,2026-08-08T06:28:37.378+02:00
843,C000843,improved_dataset_1000_20260807_001,27,843,"[2,2,2,2,2,2,2,2,0,0,0,2,0,0,0,0,0,0,0,0,0,2,0,0,0,0,0,0,0,0,0,2,0,0,0,0,0,0,0,0,0,2,0,0,0,0,0,0,0,0,0,2,0,0,0,0,0,0,0,0,2,2,0,2,2,2,2,0,0,0,2,0,0,0,2,0,0,0,0,0,2,0,0,0,0,0,0,0,0,0,0,0,0,0,0,0,0,0,0,0,2,2,0,0,0,0,0,0,0,0,2,2,0,2,2,0,0,0,0,0,2,0,0,0,2,2,0,0,0,0,2,2,2,2,2,0,0,0,1,1,2,2,0,0,0,0,0,0,1,1,0,0,0,0,0,0,0,1,1,1,0,0,0,0,0,0,0,1,1,1,0,0,1,0,0,1,1,1,1,1]",a538c11634e00b2362da86b94d1c5d80af1263ea1a82443322f00b12d96b40b7,126f1b7250f69463094ca865b20ae8926cc59abbead9572f3db0befdf544affc,improved_campaign_offspring,C000575,,3,boundary_growth:small,0.005555555555555556,"[62,72,82,83]",4,L-SEED,completed,valid,[],,0.09061765991845037,9.074435487762425,B1,2026-08-08T06:24:24.054+02:00,2026-08-08T06:24:24.054+02:00,2026-08-08T06:28:37.393+02:00
844,C000844,improved_dataset_1000_20260807_001,27,844,"[0,1,1,1,1,1,1,1,1,1,0,1,1,0,1,1,1,1,1,1,0,0,0,0,1,1,1,1,1,1,0,1,1,1,0,1,1,1,1,1,0,1,1,1,0,1,1,1,1,1,0,1,1,1,0,1,1,1,1,1,1,1,1,1,1,1,1,1,1,1,1,1,2,2,1,1,1,1,1,1,1,2,2,2,2,1,1,1,1,1,2,2,2,2,2,1,1,1,1,1,2,2,2,2,2,1,1,1,1,1,2,2,2,2,2,1,1,1,1,1,2,2,2,2,2,1,1,1,1,1,0,2,2,0,0,1,1,1,1,1,0,0,0,1,1,1,1,1,1,1,1,1,1,1,1,1,1,1,1,1,1,1,1,1,1,1,1,1,1,1,1,1,1,1,1,1,1,1,1,1]",d88fdf51bec6bf858ed4d39236626e707fd272e74500db5ca24786344c35c3b4,282c772af1eeed8a5b6d28185cc45435a635c8a5242280cb24217a45fa2a13d7,improved_campaign_offspring,C000751,,4,connected_region_repaint:medium,0.05555555555555555,"[31,32,33,41,42,43,52]",7,L-SEED,completed,valid,[],,0.9544168429118459,0.08228068235378397,B6,2026-08-08T06:24:24.194+02:00,2026-08-08T06:24:24.194+02:00,2026-08-08T06:28:37.393+02:00
845,C000845,improved_dataset_1000_20260807_001,27,845,"[2,2,2,2,2,2,2,2,0,0,0,2,2,2,2,2,2,0,0,0,0,2,2,2,2,2,2,2,2,0,0,2,2,2,0,2,2,2,2,0,0,2,2,2,0,0,0,0,2,2,0,2,2,2,2,0,0,0,2,0,2,2,0,0,0,0,0,1,1,1,2,0,0,0,0,1,1,1,1,1,2,0,0,0,1,1,0,1,1,1,1,1,1,1,1,2,2,2,2,1,2,2,1,1,1,2,2,2,2,1,2,2,2,2,2,2,2,2,2,1,2,0,2,2,2,2,1,1,1,1,2,2,2,2,2,1,1,1,1,1,2,2,0,0,1,1,1,1,1,1,0,0,0,0,1,1,1,1,1,1,0,0,0,0,0,1,1,1,1,1,0,0,0,0,1,1,1,1,1,1]",29a58111319094c3be48e037e98c0f7dd2271a7e33ece14dbfe6a1b19f1ccad8,47276a352f7754d3d463fc430c45946bb6aef42432bdb69725c66f52a779325c,improved_campaign_offspring,C000754,,5,rectangular_patch:medium,0.06666666666666667,"[95,96,97,98,105,106,107,108,115,116,117,118]",12,L-SEED,completed,valid,[],,0.1335275193313404,8.632148340984799,B1,2026-08-08T06:24:24.325+02:00,2026-08-08T06:24:24.325+02:00,2026-08-08T06:28:37.409+02:00
846,C000846,improved_dataset_1000_20260807_001,27,846,"[2,1,1,1,1,1,1,1,1,1,2,1,1,1,1,1,1,1,1,1,2,2,2,0,0,1,1,1,1,1,2,0,2,2,0,1,1,1,1,1,2,0,0,0,0,1,1,1,1,1,2,2,0,0,0,0,1,1,1,1,0,0,0,0,0,1,1,1,1,1,0,1,0,1,1,0,1,1,1,1,1,1,1,1,0,1,1,1,1,1,1,1,1,1,1,1,1,1,1,1,1,1,1,1,1,1,1,1,1,1,1,1,1,1,1,1,1,1,1,1,0,1,1,1,1,1,1,0,1,1,0,0,1,1,1,1,0,0,1,1,0,0,1,1,1,1,0,0,0,1,0,0,1,1,0,0,0,0,0,1,0,0,0,0,0,0,0,0,1,1,0,0,0,0,0,0,0,0,1,1]",78521f770dd65da476c198c74e0ed09251cc105ed6690023a7315be9d5650014,d3ccab3e8c340c4d344c59424785ff74c3aee9298f1776837bd0296b6dd7328d,improved_campaign_offspring,C000610,,1,rectangular_patch:small,0.016666666666666666,"[73,74]",2,L-SEED,completed,valid,[],,0.9953642546052627,0.11776526893582469,B6,2026-08-08T06:28:37.709+02:00,2026-08-08T06:28:37.709+02:00,2026-08-08T06:32:03.280+02:00
847,C000847,improved_dataset_1000_20260807_001,27,847,"[0,0,0,0,0,2,2,0,2,0,0,0,0,0,2,2,2,2,2,2,0,0,0,0,2,2,2,2,2,0,0,2,2,2,2,2,2,2,2,0,0,2,0,2,2,2,2,2,0,0,0,2,2,2,2,2,2,2,2,0,2,2,2,2,2,2,2,2,2,0,2,2,2,2,2,2,0,0,2,0,2,2,2,2,2,2,2,2,0,0,2,2,2,2,2,2,2,2,2,0,2,2,0,2,2,2,2,2,2,0,2,2,0,0,0,0,2,2,2,0,2,2,0,0,0,0,0,0,0,0,2,2,2,0,0,2,2,2,2,0,0,0,2,2,2,2,2,2,2,2,2,2,2,2,2,2,2,2,0,2,2,2,2,2,2,2,2,2,2,2,2,2,2,2,2,2,1,1,2,2]",7200476a44f1de600e638209bf7381fe5081bbf0758fe5e8ae265a42df4ac8ac,a07f6adb8606b61ceff65c0e93244d3d994d93b8f852c2f8883b5d61bb7dd993,improved_campaign_offspring,C000757,,2,boundary_growth:large,0.1,"[44,54,55,64,65,66,75,84,85,86,87,94,95,96,97,98,104,105]",18,L-SEED,completed,valid,[],,0.04757465037232375,9.559056185259957,B1,2026-08-08T06:28:37.851+02:00,2026-08-08T06:28:37.851+02:00,2026-08-08T06:32:03.280+02:00
848,C000848,improved_dataset_1000_20260807_001,27,848,"[2,1,1,1,1,1,1,1,1,1,2,1,1,1,1,1,1,1,1,1,2,2,2,0,0,1,1,1,1,1,2,0,2,2,0,1,1,1,1,1,2,0,0,0,0,1,1,1,1,1,2,2,0,0,0,0,1,1,1,1,0,0,0,0,0,1,1,1,1,1,0,0,0,0,0,0,1,1,1,1,0,0,1,1,0,1,1,1,1,1,0,1,1,1,1,1,1,1,1,1,1,1,1,1,1,1,1,1,1,1,1,1,1,1,1,1,1,1,1,1,1,1,1,1,1,1,1,1,1,1,1,1,1,1,1,1,1,1,1,1,1,0,1,1,1,1,1,1,1,1,1,1,1,1,1,1,1,1,1,1,1,0,0,0,0,1,1,1,1,1,1,0,0,0,0,1,1,1,1,1]",65f233baf8d01f75f708ad89712a8636c102403ffc7e945fe1096f2c5a7ca0bf,cbaf775288e8cfff35236c56cf4b91cce57c2896157d192e9b9a29e47cb3fc04,improved_campaign_offspring,C000697,,3,boundary_growth:large,0.10555555555555556,"[127,135,136,137,145,146,147,148,154,155,156,157,158,165,166,167,175,176,177]",19,L-SEED,completed,valid,[],,0.9958849708526677,0.11614002468810308,B6,2026-08-08T06:28:38.079+02:00,2026-08-08T06:28:38.079+02:00,2026-08-08T06:32:03.295+02:00
849,C000849,improved_dataset_1000_20260807_001,27,849,"[2,1,1,1,1,1,1,1,1,1,2,1,1,1,1,1,1,1,1,1,2,2,2,0,0,1,1,1,1,1,2,0,2,2,0,1,1,1,1,1,2,0,0,0,0,1,1,1,1,1,2,2,0,0,0,0,1,1,1,1,0,0,0,0,0,1,1,1,1,1,0,1,0,0,0,0,1,1,1,1,1,1,1,1,0,1,1,1,1,1,1,1,1,1,1,1,1,1,1,1,1,1,1,1,1,1,1,1,1,1,1,1,1,1,1,1,1,1,1,1,0,1,1,1,1,1,1,0,1,1,0,0,1,1,1,1,0,0,1,1,0,0,1,0,1,1,0,0,0,1,0,0,0,0,0,0,0,0,0,1,0,0,0,0,0,0,0,0,1,1,0,0,0,0,0,0,0,0,1,1]",6458f5e25922322a22c5baaae35bded12ad207e180f85951ff8070c7a896b79c,9dee5b452bcd66b9309c77396abdf6d254f7fb514412ae7b73e37edbb4af3d11,improved_campaign_offspring,C000610,,4,connected_region_repaint:small,0.016666666666666666,"[143,152,153]",3,L-SEED,completed,valid,[],,0.9954336427916871,0.1161305907862545,B6,2026-08-08T06:28:38.211+02:00,2026-08-08T06:28:38.211+02:00,2026-08-08T06:32:03.295+02:00
850,C000850,improved_dataset_1000_20260807_001,27,850,"[0,0,0,0,2,2,0,2,2,2,0,0,0,0,2,0,0,2,0,0,0,0,0,2,2,2,0,2,0,0,0,2,2,2,2,0,0,0,0,0,0,0,2,2,0,0,0,0,2,2,0,0,2,2,2,2,2,2,2,2,0,0,0,0,2,2,2,2,2,2,0,0,0,0,0,2,2,2,2,2,0,0,0,0,0,0,2,2,2,2,0,0,0,0,0,2,2,0,0,2,0,0,0,0,0,0,0,0,0,2,0,0,0,0,0,2,0,0,0,0,0,0,0,0,0,2,0,0,0,0,0,2,2,2,0,2,2,2,0,0,0,0,2,2,2,2,2,2,0,0,0,0,0,0,0,0,0,0,0,0,0,0,0,0,0,0,0,0,0,0,0,0,0,0,0,0,1,1,0,0]",589e022fd68e30a62c5e571c023979558c07891c90195fc29b083a37bda781c2,cdb9eb4e5eb353ee329f3c9e6cd2cf5d35df9a8af2e50c1274ed87b72c84c68e,improved_campaign_offspring,C000698,,5,boundary_growth:small,0.022222222222222223,"[97,98,106,107]",4,L-SEED,completed,valid,[],,0.04340432384910208,9.688997049953176,B1,2026-08-08T06:28:38.346+02:00,2026-08-08T06:28:38.346+02:00,2026-08-08T06:32:03.311+02:00
851,C000851,improved_dataset_1000_20260807_001,27,851,"[2,0,0,0,0,0,0,0,0,0,2,0,0,0,0,0,0,0,0,0,2,2,0,0,0,0,1,1,0,0,2,2,2,0,0,0,0,1,1,1,2,2,2,0,0,0,0,0,0,1,2,2,2,0,0,0,0,0,1,1,2,2,2,0,0,0,0,0,1,1,2,2,2,2,2,0,0,0,0,1,2,2,2,2,1,0,0,0,1,1,0,0,2,2,1,1,1,1,1,1,0,0,0,2,2,2,1,0,1,1,0,0,0,2,2,2,2,1,1,1,0,0,0,2,2,2,2,0,1,1,0,0,2,2,2,2,2,2,1,1,2,2,2,2,2,2,2,2,2,1,2,2,2,2,2,2,2,2,2,1,2,2,2,2,2,2,2,2,1,1,2,2,2,2,2,2,2,2,1,1]",b2f8731515734b4924ff5a20bd78e6b71da144ec346caab8316d6759d41ae578,8f6575cdbd79998eab38dbb2eba749ba8a2993a157d84aaa688e094667298804,improved_campaign_offspring,C000583,,1,connected_region_repaint:large,0.11666666666666667,"[26,27,37,38,39,49,58,59,68,69,79,84,88,89,94,95,96,97,98,99,106,107]",22,L-SEED,completed,valid,[],,0.3497970873113431,6.376706104215769,B1,2026-08-08T06:32:03.611+02:00,2026-08-08T06:32:03.611+02:00,2026-08-08T06:35:53.418+02:00
852,C000852,improved_dataset_1000_20260807_001,27,852,"[2,0,0,0,0,0,0,0,0,0,2,0,0,0,0,0,0,0,0,0,2,2,0,0,0,0,0,0,0,0,2,2,2,0,0,0,0,0,0,0,2,2,2,0,0,0,0,0,0,0,2,2,2,0,0,0,0,0,0,0,2,2,2,0,0,0,0,0,0,0,2,2,2,2,2,0,0,0,0,0,2,2,2,2,2,0,0,0,0,0,0,0,2,2,0,0,0,0,0,0,0,0,0,2,2,2,0,0,1,1,0,0,0,2,2,2,0,1,1,1,0,0,0,0,0,0,0,0,1,1,0,0,2,0,2,0,0,0,1,1,2,2,2,2,2,2,2,2,2,1,2,2,2,2,2,2,2,2,2,1,2,2,2,2,2,2,2,2,1,1,2,2,2,2,2,2,2,2,1,1]",028af37730d1cc32e0a448bb7e5c20533bdf3090d4814ffd4d5c61300a34635c,30d7b1808b8c8aa092542285f5260bbdf6c5caa9ad9955ed4ca0a30833844a47,improved_campaign_offspring,C000583,,2,boundary_growth:large,0.16111111111111112,"[26,27,37,38,39,49,58,59,68,69,79,88,89,94,95,96,97,98,99,106,107,116,123,124,125,126,133,135,136,137]",30,L-SEED,completed,valid,[],,0.09896230217317403,8.994674422423854,B1,2026-08-08T06:32:03.758+02:00,2026-08-08T06:32:03.758+02:00,2026-08-08T06:35:53.418+02:00
853,C000853,improved_dataset_1000_20260807_001,27,853,"[2,2,2,2,2,2,2,0,0,0,2,2,2,2,2,0,0,0,0,0,2,2,2,2,2,2,0,0,0,0,2,2,2,2,2,0,0,0,0,0,2,2,2,2,0,0,0,0,0,0,0,2,2,2,0,0,0,0,0,0,2,2,2,2,2,2,2,2,2,2,2,2,2,2,2,2,2,2,2,2,2,2,2,2,2,0,0,2,2,2,2,2,2,2,2,0,2,2,2,2,2,2,2,2,2,0,2,2,0,0,2,2,2,2,2,0,2,0,0,0,2,2,2,2,2,0,2,0,0,0,2,2,2,0,0,2,2,0,0,0,0,0,2,2,2,2,2,2,2,2,2,2,2,2,2,2,2,2,0,2,2,2,2,2,0,2,2,2,2,2,2,2,2,2,2,2,1,1,2,2]",8c30174a4f4eb85487787648ea5b4430c4fbb7f9d58af0f3cdfc970c0c896cf4,01a9f2dce66e0f9f62a5837fa822c27cb35d7ef872b4daf7312696f13a11a5ef,improved_campaign_offspring,C000491,,3,boundary_growth:medium,0.03888888888888889,"[87,96,97,106,107,116,126]",7,L-SEED,completed,valid,[],,0.05775350262513032,9.43220670875853,B1,2026-08-08T06:32:03.896+02:00,2026-08-08T06:32:03.896+02:00,2026-08-08T06:35:53.418+02:00
854,C000854,improved_dataset_1000_20260807_001,27,854,"[2,1,1,1,1,1,1,1,1,1,2,1,1,1,1,1,1,1,1,1,2,2,2,2,2,1,1,1,1,1,2,2,2,0,2,1,1,1,1,1,2,2,2,0,2,1,1,1,1,1,2,2,2,0,2,1,1,1,1,1,2,0,2,0,1,1,1,1,1,1,0,0,0,0,0,1,1,1,1,1,0,0,0,0,0,0,1,1,1,1,0,0,0,0,0,1,1,1,1,1,0,1,0,0,0,1,1,1,1,1,1,1,1,1,1,1,1,1,1,1,1,1,1,1,1,1,1,1,1,1,1,1,1,1,1,1,0,1,1,1,1,1,1,1,1,1,1,1,1,1,1,1,0,0,0,1,1,1,1,1,1,0,0,0,1,1,1,1,1,1,1,1,1,0,0,1,1,1,1,1]",23514d0ae87933aa4e16618432d07992c890666e811e02bcecb3c932f9904f3e,d536dd30e448ed85c2ee5487a762f03cd623a28b1996074d245c1800c07c43c5,improved_campaign_offspring,C000824,,4,connected_region_repaint:small,0.011111111111111112,"[90,100]",2,L-SEED,completed,valid,[],,0.9955120309885274,0.11764395210502315,B6,2026-08-08T06:32:04.050+02:00,2026-08-08T06:32:04.050+02:00,2026-08-08T06:35:53.434+02:00
855,C000855,improved_dataset_1000_20260807_001,27,855,"[2,2,2,2,2,0,0,2,0,0,2,2,2,0,2,2,2,2,2,0,2,2,2,2,2,2,2,2,0,0,2,2,0,0,0,0,0,2,2,2,2,2,0,0,0,0,0,2,2,0,0,2,0,0,0,0,0,0,0,0,2,2,0,0,0,0,0,0,0,0,2,2,0,0,2,0,0,0,0,0,2,2,2,2,2,0,0,0,0,0,2,0,0,0,0,0,0,0,0,0,0,0,0,0,0,0,0,2,2,0,2,0,0,0,2,0,0,2,2,0,2,2,0,0,2,0,2,2,2,0,2,0,0,2,2,2,2,2,2,0,0,0,0,2,2,2,2,2,2,2,0,0,0,2,2,2,2,2,0,2,0,0,2,2,0,0,0,0,2,2,0,0,0,2,0,0,0,0,2,2]",63b1c6d286bc76b044c583a19c595e41cfc1140c6c741beceabdefe9d1eb037d,b862acf20bc2e532117260e56307e4c92ef35d00495dd5eacb9563f480345865,improved_campaign_offspring,C000615,,5,connected_region_repaint:small,0.016666666666666666,"[74,83,84]",3,L-SEED,completed,valid,[],,0.06039691572631351,9.361818338017978,B1,2026-08-08T06:32:04.175+02:00,2026-08-08T06:32:04.175+02:00,2026-08-08T06:35:53.434+02:00
856,C000856,improved_dataset_1000_20260807_001,27,856,"[2,2,2,2,0,2,0,0,0,0,2,2,2,2,2,2,2,0,0,0,2,2,2,2,2,2,2,2,2,2,2,2,0,0,2,2,2,0,0,0,0,0,0,0,0,0,0,0,0,0,0,0,0,0,0,0,0,0,0,0,0,0,0,0,0,0,0,0,0,0,0,0,0,0,0,0,0,0,0,0,0,0,0,0,0,0,0,0,0,0,2,0,0,0,0,2,0,0,0,0,2,2,2,0,2,2,2,2,0,0,2,2,2,2,2,2,2,2,0,0,2,2,2,2,2,2,2,0,0,0,2,2,2,0,0,2,2,0,0,0,0,0,2,0,0,2,0,0,0,0,2,2,2,1,2,2,2,0,0,1,2,2,2,1,1,2,1,0,0,1,2,2,1,1,1,0,1,1,0,1]",b0675a34c80cf431c191b248ddb78d2a179d4894e4599a5707f0c640c6ac3b71,0bb265f3b6c521a9886110f87828d078cfce72e89083e8d5cea1a8cf2c153e08,improved_campaign_offspring,C000558,,1,boundary_growth:small,0.011111111111111112,"[32,33]",2,L-SEED,completed,valid,[],,0.07466088337246767,9.267172210385285,B1,2026-08-08T06:35:53.730+02:00,2026-08-08T06:35:53.730+02:00,2026-08-08T06:45:28.681+02:00
857,C000857,improved_dataset_1000_20260807_001,27,857,"[2,2,2,2,2,0,0,2,0,1,2,2,2,2,2,2,2,2,2,1,2,2,2,2,2,2,2,1,1,1,0,0,0,0,2,0,2,1,1,1,0,0,0,0,0,2,2,1,1,1,0,0,0,0,0,0,0,0,1,1,0,2,1,0,1,0,1,1,1,1,2,2,1,1,1,0,0,0,1,1,2,2,2,1,1,1,1,1,1,1,2,1,1,1,1,1,1,1,1,1,1,1,1,1,1,1,1,0,0,0,2,1,1,0,2,2,0,0,0,0,2,2,1,1,2,2,0,0,0,0,2,1,1,0,0,1,1,0,0,0,0,0,1,1,1,0,1,2,2,2,1,1,1,1,1,1,1,2,0,2,1,1,1,1,0,1,1,1,2,2,1,1,1,1,1,1,1,1,2,2]",3dac44530ce33acb7ff63e0139f1075913dbe5e94e7381721d23582e77ba46b1,cc0874ecfc4af9641f82193fe70b79c2aa8ff91a75ce7dc0144188e3886f0985,improved_campaign_offspring,C000528,,2,boundary_growth:small,0.011111111111111112,"[47,48]",2,L-SEED,completed,valid,[],,0.349389173848099,7.555678109056355,B1,2026-08-08T06:35:53.902+02:00,2026-08-08T06:35:53.902+02:00,2026-08-08T06:45:28.697+02:00
858,C000858,improved_dataset_1000_20260807_001,27,858,"[0,0,0,0,0,0,0,0,0,0,2,2,0,0,1,0,0,0,0,0,2,0,0,0,1,1,0,0,0,0,2,1,0,0,1,0,0,0,0,0,0,1,1,1,1,1,1,1,0,0,0,1,1,1,1,1,1,1,0,0,0,0,0,1,1,1,0,0,0,0,0,0,0,1,1,1,1,0,0,0,0,0,0,1,1,1,1,1,0,0,2,0,0,1,1,1,1,1,1,1,2,2,2,0,1,1,1,1,1,1,2,2,2,0,1,0,1,1,1,1,2,2,2,0,1,0,1,1,1,1,2,2,1,0,0,1,1,1,1,1,0,0,1,1,1,1,1,1,1,1,1,1,1,1,1,1,1,1,1,1,1,1,1,1,1,0,1,1,1,1,1,1,1,1,1,0,1,1,1,1]",b7bd07461c03094af9b2c86a6abd027fc77450aed7a96d6a46722652b6ee12da,bea55118b7bb3159763599892912f254731d0b20b5df82c7276fc3807f78f6f4,improved_campaign_offspring,C000680,,3,connected_region_repaint:small,0.011111111111111112,"[165,175]",2,L-SEED,completed,valid,[],,0.42731980107707185,6.14561035756681,B1,2026-08-08T06:35:54.053+02:00,2026-08-08T06:35:54.053+02:00,2026-08-08T06:45:28.697+02:00
859,C000859,improved_dataset_1000_20260807_001,27,859,"[2,2,0,0,0,2,0,0,0,0,2,2,0,0,0,2,2,0,0,0,2,2,2,2,2,2,2,2,2,2,2,2,2,2,2,2,2,0,0,0,0,0,0,0,0,0,0,0,0,0,0,0,0,0,0,0,0,0,0,0,0,0,0,0,0,0,0,0,0,0,0,0,0,0,0,0,0,0,0,0,0,0,0,0,0,0,0,0,0,0,2,0,0,0,0,2,0,0,0,0,2,2,2,0,2,2,2,2,0,0,2,2,2,2,2,2,2,2,0,0,2,2,2,2,2,2,2,0,0,0,2,2,2,0,0,2,2,0,0,0,0,0,2,0,0,2,0,0,0,0,2,2,2,1,2,2,2,0,0,1,2,2,2,1,1,2,1,0,0,1,2,2,1,1,1,0,1,1,0,1]",a169599b6720f77780071cd424e0ed132b9dba92d60aede8657737c3ff7c8387,64846c15b18a1dc4ce02b6af2ddda7512104db91b88bb6632e2ca5efec89b1a9,improved_campaign_offspring,C000558,,4,rectangular_patch:medium,0.03333333333333333,"[2,3,12,13,14]",5,L-SEED,completed,valid,[],,0.06939471377605558,9.321684081487199,B1,2026-08-08T06:35:54.269+02:00,2026-08-08T06:35:54.269+02:00,2026-08-08T06:45:28.697+02:00
860,C000860,improved_dataset_1000_20260807_001,27,860,"[2,2,2,2,2,0,0,2,0,0,2,2,2,2,2,2,2,2,2,0,2,2,2,2,2,2,2,2,0,0,2,2,2,2,2,2,2,2,2,2,2,2,2,2,0,2,2,2,2,0,0,2,2,2,0,0,0,0,0,0,2,2,0,2,0,0,0,0,0,0,2,2,2,2,0,0,0,0,0,0,2,2,2,2,0,0,2,2,2,2,0,0,0,0,2,2,0,2,2,2,0,0,0,0,2,2,2,2,2,2,0,0,0,0,0,0,0,2,2,2,0,2,2,2,0,0,0,0,2,2,0,0,2,0,0,0,0,0,0,0,0,0,0,0,0,0,0,2,2,2,0,0,0,0,0,0,0,2,0,2,0,0,0,0,0,0,0,0,2,2,0,0,0,0,0,0,0,0,2,2]",65495d85f6f02afd9de2e58e027f2e56a1632584b4b1ced236fdd57381b872d6,c9070abdd1f70a03e438c0676a0f4b7f66b74a2a5aff555dbfa66ceea01cae66,improved_campaign_offspring,C000647,,5,rectangular_patch:medium,0.07777777777777778,"[56,57,66,74,75,76,84,85]",8,L-SEED,completed,valid,[],,0.06368919009155745,9.357611091160381,B1,2026-08-08T06:35:54.400+02:00,2026-08-08T06:35:54.400+02:00,2026-08-08T06:45:28.712+02:00
861,C000861,improved_dataset_1000_20260807_001,27,861,"[2,2,2,1,1,1,1,0,0,0,2,2,1,1,1,1,1,1,0,0,2,2,2,2,2,1,1,1,0,0,2,2,2,2,2,1,1,1,1,1,2,2,2,2,2,1,1,1,1,1,2,2,2,2,2,2,1,1,1,1,2,2,2,2,1,1,1,1,1,1,2,2,2,2,1,1,1,1,1,1,2,2,2,2,2,2,1,1,1,1,2,2,2,2,2,2,1,1,1,1,2,2,2,2,2,2,1,1,1,1,2,2,2,2,2,2,1,1,1,1,2,2,2,2,2,2,1,0,1,1,2,2,2,1,2,2,1,1,1,1,0,0,0,1,2,2,1,1,1,1,0,0,0,1,1,1,1,1,1,1,0,0,1,1,1,1,1,1,1,1,1,1,1,1,1,1,1,1,1,1]",eac5bfb1c4025f0769ca394f33be18a0b3bcd8d5359ea7fb45f22aafb5011b2b,20bb6c76a49d75048d9177e3ed3ad95d9bc354c9b64a9831c342a093fed68bb7,improved_campaign_offspring,C000773,,1,boundary_growth:small,0.022222222222222223,"[7,8,9,18,19]",5,L-SEED,completed,valid,[],,0.7830174704504886,2.418350274032086,B4,2026-08-08T06:45:29.013+02:00,2026-08-08T06:45:29.013+02:00,2026-08-08T06:49:39.223+02:00
862,C000862,improved_dataset_1000_20260807_001,27,862,"[2,2,2,1,1,1,1,1,1,1,2,2,1,1,1,1,1,1,1,1,2,2,2,2,2,0,1,1,0,0,2,2,2,2,2,1,1,1,1,1,2,2,2,2,2,1,1,1,1,1,2,2,2,2,2,2,1,1,1,1,2,2,2,2,1,1,1,1,1,1,2,2,2,2,1,1,1,1,1,1,2,2,2,2,2,2,1,1,1,1,2,2,2,2,2,2,1,1,1,1,2,2,2,2,2,2,1,1,1,1,2,2,2,2,2,2,1,1,1,1,2,2,2,2,2,2,1,0,1,1,2,2,2,1,2,2,1,1,1,1,0,1,1,1,2,2,1,1,1,1,0,1,1,1,1,1,1,1,1,1,0,0,1,1,1,1,1,1,1,1,1,1,1,1,1,1,1,1,1,1]",98217abe8c8e7aa3669641760a69e78c2228035e3cdd0f6ed985aa0749b4e728,09ff3aead1b7eb8ee7e1d06c6ef0b6e19464ba5a2b350e57a193221dd01ec323,improved_campaign_offspring,C000805,,2,connected_region_repaint:small,0.005555555555555556,[25],1,L-SEED,completed,valid,[],,0.8273732725694215,1.263014410013685,B5,2026-08-08T06:45:29.151+02:00,2026-08-08T06:45:29.151+02:00,2026-08-08T06:49:39.223+02:00
863,C000863,improved_dataset_1000_20260807_001,27,863,"[2,2,2,2,2,0,0,0,0,0,0,2,2,2,0,0,0,0,0,0,0,2,0,2,0,0,0,0,0,0,0,2,2,2,0,0,0,0,0,0,0,2,2,2,0,0,0,0,0,0,0,2,0,0,0,0,0,0,0,0,0,2,2,0,0,0,0,2,2,2,0,0,2,0,0,0,0,2,2,2,0,2,2,2,2,2,2,2,2,2,0,2,2,2,2,2,2,0,2,2,0,2,2,2,2,2,2,0,0,0,1,2,2,2,2,2,2,0,0,0,1,2,2,2,2,2,2,0,0,0,1,2,2,2,2,1,0,0,0,0,1,1,1,1,1,1,0,0,0,0,1,1,1,1,1,1,0,0,0,0,0,1,1,0,0,0,0,1,0,1,0,0,1,0,0,0,0,1,1,1]",0c3f379292208c1914955e59167967327cb2fc610793a9184a3c06eb2b74b536,514418b21e8524dc1b4ead40f2d9b74a8e1aa57134feb0d64048f33f53a0a393,improved_campaign_offspring,C000833,,3,rectangular_patch:large,0.18888888888888888,"[81,82,83,84,85,86,91,92,93,94,95,96,101,102,103,104,105,106,111,112,113,114,115,116,121,122,123,124,125,126,131,132,133,134]",34,L-SEED,completed,valid,[],,0.06409729886809198,9.376014551044335,B1,2026-08-08T06:45:29.283+02:00,2026-08-08T06:45:29.283+02:00,2026-08-08T06:49:39.223+02:00
864,C000864,improved_dataset_1000_20260807_001,27,864,"[2,2,2,2,2,0,0,0,0,0,0,2,2,2,0,0,0,0,0,0,0,2,0,2,0,0,0,0,0,0,0,2,2,2,0,0,0,0,0,0,0,2,2,2,0,0,0,0,0,0,0,2,0,0,0,0,0,0,0,0,0,2,2,0,0,0,0,2,2,2,0,0,2,0,0,0,0,2,2,2,0,0,2,0,0,0,0,2,2,2,0,0,2,2,0,1,0,0,2,2,0,0,0,1,1,1,0,0,0,0,1,0,0,1,1,1,0,0,0,0,1,1,1,1,1,1,0,0,0,0,1,1,1,1,1,1,0,0,0,0,1,1,1,1,1,1,0,0,0,0,1,1,1,1,1,1,0,0,0,0,0,1,1,0,0,0,0,1,0,1,0,0,1,0,0,0,0,1,1,1]",3691b432faddb27943c74f86db3a9897ff2a434f0b02f654bd7b1c8284eeda1a,69278e728648f50219382833fe735219bcb31ec0ec7ae5326991e794a2773444,improved_campaign_offspring,C000833,,4,boundary_growth:small,0.016666666666666666,"[82,92,93]",3,L-SEED,completed,valid,[],,0.0958132676889405,9.04877756999171,B1,2026-08-08T06:45:29.453+02:00,2026-08-08T06:45:29.453+02:00,2026-08-08T06:49:39.239+02:00
865,C000865,improved_dataset_1000_20260807_001,27,865,"[2,2,0,0,0,0,0,0,0,0,0,2,2,0,0,0,0,0,0,0,0,2,0,0,0,0,0,0,0,0,0,2,2,2,0,0,0,0,0,0,0,2,2,2,0,0,0,0,0,0,0,2,0,0,0,0,0,0,0,0,0,2,2,0,0,0,0,2,2,2,0,0,2,0,0,0,0,2,2,2,0,0,0,0,0,0,0,2,2,2,0,0,0,0,0,1,0,0,2,2,0,0,0,1,1,1,0,0,0,0,1,0,0,1,1,1,0,0,0,0,1,1,1,1,1,1,0,0,0,0,1,1,1,1,1,1,0,0,0,0,1,1,1,1,1,1,0,0,0,0,1,1,1,1,1,1,0,0,0,0,0,1,1,0,0,0,0,1,0,1,0,0,1,0,0,0,0,1,1,1]",8c75f5ba7cbb5dca4764332e928c5e4eabb39a993ed934245e59a40994aee199,ff4e8d5f88e98fffca898e9ce10d8e3c6e4af4b9f81595b73d36376625118e61,improved_campaign_offspring,C000833,,5,connected_region_repaint:medium,0.027777777777777776,"[2,3,4,13,23]",5,L-SEED,completed,valid,[],,0.08547451873209623,9.181773965642133,B1,2026-08-08T06:45:29.583+02:00,2026-08-08T06:45:29.583+02:00,2026-08-08T06:49:39.247+02:00
866,C000866,improved_dataset_1000_20260807_001,27,866,"[0,0,0,2,2,2,2,2,0,0,0,0,2,2,0,2,2,2,2,0,0,0,0,2,2,2,2,2,2,0,0,0,0,2,0,2,2,2,0,0,0,0,0,0,0,2,2,2,0,0,0,0,0,1,0,2,2,2,2,0,0,0,1,1,0,0,2,2,2,2,0,1,1,1,1,1,2,2,2,2,1,1,0,0,1,1,1,2,2,2,1,1,1,1,1,1,1,1,2,2,1,1,1,1,1,1,1,1,0,0,1,1,1,1,1,1,1,1,0,1,1,1,1,1,1,1,1,1,1,1,1,1,1,1,1,1,1,1,0,0,1,1,1,1,1,1,1,0,0,0,1,1,1,0,1,0,0,0,0,0,1,1,1,0,0,0,0,1,0,1,1,1,1,0,0,0,0,1,1,1]",30510bcd550374395c9c7b435f94c2afe8043c4729ca3c4a9a20809ba4845c52,235936bea22205a5f9c5b843765ef6605d65063fd7407f46709dff55ce1ced6f,improved_campaign_offspring,C000447,,1,boundary_growth:large,0.2,"[53,62,63,72,73,74,75,84,85,86,94,95,96,97,105,106,107,114,115,116,117,119,122,124,125,126,127,128,129,132,133,134,135,136,137,146]",36,L-SEED,completed,valid,[],,0.06410446380302622,9.53135796728164,B1,2026-08-08T06:49:39.544+02:00,2026-08-08T06:49:39.544+02:00,2026-08-08T06:53:06.569+02:00
867,C000867,improved_dataset_1000_20260807_001,27,867,"[2,2,2,2,2,2,0,0,0,0,0,2,2,2,0,0,0,0,0,0,0,2,2,2,0,0,0,0,0,0,0,2,2,2,0,0,0,2,2,2,0,0,0,0,0,2,2,2,2,2,0,0,0,2,2,2,2,2,0,0,0,0,0,0,0,2,2,2,0,2,0,0,0,0,0,0,0,2,0,2,0,0,0,0,0,0,0,0,0,2,0,0,0,2,0,0,0,0,2,2,0,0,2,2,2,2,2,2,0,0,0,0,0,0,2,2,2,0,0,0,2,0,0,2,2,2,2,2,0,0,2,2,2,2,2,2,2,2,0,0,0,0,2,2,0,0,2,2,1,1,0,0,1,0,0,0,2,1,1,1,0,1,1,2,2,2,1,1,1,1,1,1,1,2,2,1,1,1,1,1]",f45e415c5900e115c84b9aee84a2f7f75ac0ab4704797380adb9877bb0c4ab94,70054f25f249f93f7fe67cb0f9c92e21ef57c31333245e4676b4cc3aa492e848,improved_campaign_offspring,C000567,,2,connected_region_repaint:medium,0.027777777777777776,"[144,145,154,155,163,164,165,173,174]",9,L-SEED,completed,valid,[],,0.06019007029369802,9.44449918160111,B1,2026-08-08T06:49:39.767+02:00,2026-08-08T06:49:39.767+02:00,2026-08-08T06:53:06.569+02:00
868,C000868,improved_dataset_1000_20260807_001,27,868,"[0,0,0,0,0,0,0,0,0,0,0,0,0,0,0,0,0,0,0,0,0,0,0,0,0,0,0,0,0,0,0,0,0,0,0,0,0,0,0,0,0,0,0,0,0,0,0,0,0,0,0,2,0,0,0,0,0,0,0,0,2,2,2,0,0,0,0,0,0,0,2,2,2,0,2,2,0,0,0,0,2,2,2,2,2,2,2,2,2,2,2,2,2,2,2,0,2,2,2,2,2,2,0,0,2,2,2,2,2,2,2,0,0,0,2,0,0,0,2,2,2,2,0,0,0,0,0,0,0,0,2,0,0,0,0,0,0,0,0,0,0,0,0,0,0,0,0,0,2,2,0,0,0,0,0,0,0,0,0,2,0,0,0,0,0,0,0,0,0,2,0,0,0,0,0,0,1,2,2,2]",8f7a1d035f21a3f40e32ed23e6c2fd4d649bde0ec00187986f6f298fb2769b57,66cb0f5220b84970668b3b1bc18baaa5930b0ea5acdc4c6f0c8d82f5bb1e462b,improved_campaign_offspring,C000389,,3,boundary_growth:small,0.016666666666666666,"[87,96,97]",3,L-SEED,completed,valid,[],,0.04256685219915861,9.6031567912623,B1,2026-08-08T06:49:39.995+02:00,2026-08-08T06:49:39.995+02:00,2026-08-08T06:53:06.585+02:00
869,C000869,improved_dataset_1000_20260807_001,27,869,"[2,2,2,2,2,2,2,2,0,0,2,2,2,2,2,2,0,2,0,0,2,2,2,2,2,2,0,0,0,0,2,2,2,2,0,2,2,0,0,0,2,2,2,2,0,0,0,0,0,0,2,2,2,2,2,2,2,0,0,0,2,2,2,2,2,2,2,0,0,0,2,2,2,0,0,0,0,0,0,0,2,0,0,0,0,0,0,0,0,0,2,0,2,0,0,0,0,0,2,2,0,0,2,0,0,0,2,2,0,2,2,2,2,2,0,0,2,2,2,2,1,1,0,0,2,2,2,0,2,2,1,0,0,0,0,2,0,0,2,2,1,0,0,0,0,0,0,2,2,2,1,0,1,0,0,0,0,0,2,2,1,0,1,1,0,0,0,0,0,0,1,1,1,1,1,0,0,0,0,0]",e4621560a7127401a97d7920690f5757c3178dbb4aec19d88587350d52e655dc,b788e4d58ba0ce0c7ad4b78100ff0c5ea65244cd16fb6e0612f5c49e252e72e6,improved_campaign_offspring,C000776,,4,boundary_growth:large,0.09444444444444444,"[10,12,13,20,21,22,23,30,31,32,40,50,60,70,71,80,90]",17,L-SEED,completed,valid,[],,0.07465756861678892,9.211505959230477,B1,2026-08-08T06:49:40.123+02:00,2026-08-08T06:49:40.123+02:00,2026-08-08T06:53:06.585+02:00
870,C000870,improved_dataset_1000_20260807_001,27,870,"[0,0,0,0,0,0,0,0,0,0,0,0,0,0,0,0,0,0,1,0,0,0,0,0,1,0,0,1,1,0,0,0,0,0,1,0,1,1,1,0,0,1,0,1,1,1,1,1,1,0,0,1,1,1,1,1,1,1,1,0,0,1,1,1,0,1,1,1,1,0,0,1,0,0,0,0,1,1,0,0,0,0,0,0,0,0,1,1,0,0,0,0,0,0,0,0,1,1,1,1,2,0,0,0,0,0,1,1,1,1,2,2,0,0,0,0,1,1,1,1,2,2,2,2,0,0,1,0,1,1,2,2,2,2,0,0,2,2,1,1,0,0,0,2,2,2,0,2,0,1,0,0,0,2,0,0,0,2,2,1,0,0,0,0,0,0,0,2,1,1,0,0,0,0,0,0,0,2,1,1]",26dd1e5e2feeed84d445fb55ae5aae4bef3efc55dcfde40a5d6b68c4602f812f,4af9cdf5980215172807baeb2c72b5aab498d9dbd76f4faf0d54538a9b7b4b78,improved_campaign_offspring,C000687,,5,connected_region_repaint:large,0.18333333333333332,"[18,24,27,28,34,36,37,38,41,43,44,45,46,47,48,51,52,53,54,55,56,57,58,61,62,63,65,66,67,68,71]",31,L-SEED,completed,valid,[],,0.3882062976839543,5.920310620012523,B1,2026-08-08T06:49:40.261+02:00,2026-08-08T06:49:40.261+02:00,2026-08-08T06:53:06.600+02:00
871,C000871,improved_dataset_1000_20260807_001,28,871,"[2,2,2,2,0,2,0,0,0,0,2,2,2,2,0,2,2,0,0,0,2,2,2,2,0,0,2,2,2,2,2,2,2,0,0,2,2,0,0,0,0,0,0,0,2,2,2,0,0,0,0,0,0,0,0,2,2,2,0,0,0,0,0,0,0,0,0,0,0,0,0,0,0,2,0,0,0,0,0,0,0,0,2,2,2,0,0,0,0,0,0,0,2,2,2,2,1,1,1,0,2,2,2,2,2,2,2,2,1,1,2,2,2,2,2,0,1,1,1,1,2,2,2,2,2,0,1,1,1,1,2,2,2,0,0,1,1,1,1,1,0,0,1,1,1,0,1,1,1,1,1,1,1,1,1,0,1,1,1,1,1,1,1,1,1,1,1,1,1,1,1,1,1,1,1,1,1,1,1,1]",a5ac46b42a0ada5cc15fa4a48be520fed3caef9069b24f94d5412dd63383aada,7fedb9f47050b46edfde737a0f42cee8044d11eaa6cdab4fe9761c79f7ee6bf8,improved_campaign_offspring,C000542,,1,boundary_growth:small,0.005555555555555556,[90],1,L-SEED,completed,valid,[],,0.11246341374570416,8.829487360976382,B1,2026-08-08T06:53:07.048+02:00,2026-08-08T06:53:07.048+02:00,2026-08-08T06:55:25.021+02:00
872,C000872,improved_dataset_1000_20260807_001,28,872,"[2,2,2,2,0,2,0,0,0,0,2,2,2,2,0,2,2,0,0,0,2,2,2,2,0,0,2,2,2,2,2,2,2,0,0,2,2,0,0,0,0,0,0,0,2,2,2,0,0,0,0,0,0,0,0,2,2,2,0,0,0,0,0,0,0,0,0,0,0,0,0,0,0,2,0,0,0,0,0,0,2,2,2,2,2,0,0,0,0,0,2,2,2,2,2,2,1,1,1,0,2,2,2,2,2,2,2,2,1,1,2,2,2,2,2,0,1,1,1,1,2,2,2,2,2,0,1,1,1,1,2,2,2,0,0,1,1,1,1,1,0,0,1,1,1,0,1,1,1,1,1,1,1,1,1,0,1,1,1,1,1,1,1,1,1,1,1,1,1,1,1,1,1,1,1,1,1,1,1,1]",06bd37b0f99e64e8ec5796fe75a4fc86124a1ccaee0329cca721c3c87daaa95f,c51b8ae8b4ba4e071c67bd184c2b667e14c4cb037d686bcb461fa269d7a7a1d4,improved_campaign_offspring,C000542,,2,rectangular_patch:small,0.022222222222222223,"[80,81,91]",3,L-SEED,completed,valid,[],,0.1128341746291081,8.825660837628188,B1,2026-08-08T06:53:07.201+02:00,2026-08-08T06:53:07.201+02:00,2026-08-08T06:55:25.021+02:00
873,C000873,improved_dataset_1000_20260807_001,28,873,"[0,0,0,0,0,2,0,0,0,0,0,0,0,0,0,2,2,0,0,0,0,0,0,0,0,0,2,2,2,2,0,0,0,0,0,2,2,0,0,0,0,0,0,0,2,2,2,0,0,0,0,0,0,0,0,2,2,2,0,0,0,0,0,0,0,0,0,0,0,0,0,0,0,2,0,0,0,0,0,0,0,0,2,2,2,0,0,0,0,0,2,0,2,2,2,2,1,1,1,0,2,2,2,2,2,2,2,2,1,1,2,2,2,2,2,0,1,1,1,1,2,2,2,2,2,0,1,1,1,1,2,2,2,0,0,1,1,1,1,1,0,0,1,1,1,0,1,1,1,1,1,1,1,1,1,0,1,1,1,1,1,1,1,1,1,1,1,1,1,1,1,1,1,1,1,1,1,1,1,1]",493a4aabb7cb77d85c12f52c73c71c972c53cdcaacc9065bad79765e03efcdb4,8c9629bf16865912a83e061f6d33374322535ca69b766080108ae487a48382c1,improved_campaign_offspring,C000542,,3,connected_region_repaint:large,0.19444444444444445,"[0,1,2,3,10,11,12,13,20,21,22,23,30,31,32]",15,L-SEED,completed,valid,[],,0.09769951337691835,9.038503455640695,B1,2026-08-08T06:53:07.339+02:00,2026-08-08T06:53:07.339+02:00,2026-08-08T06:55:25.037+02:00
874,C000874,improved_dataset_1000_20260807_001,28,874,"[1,1,1,1,1,1,1,1,1,1,1,1,1,1,1,1,1,1,1,1,1,1,1,1,1,1,1,1,1,1,1,2,2,2,0,1,1,1,1,1,1,2,2,2,1,1,1,1,1,1,1,1,2,1,1,1,1,1,1,1,1,1,1,1,1,1,1,1,1,1,1,1,2,2,1,1,1,1,1,1,1,2,2,2,2,1,1,1,1,1,2,2,2,2,2,1,1,1,1,1,2,2,2,2,2,1,1,1,1,1,2,2,2,2,2,1,1,1,1,1,2,2,2,2,2,1,1,1,1,1,0,2,2,0,0,1,1,1,1,1,0,0,0,1,1,1,1,1,1,1,1,1,1,1,1,1,1,1,1,1,1,1,1,1,1,1,1,1,1,1,1,1,1,1,1,1,1,1,1,1]",8f633c134faf4ce70a1f68dd873bbd75b4420d00be7a84e3b196ddc542c4b972,42b5e2a8153f8183544e577b0b4412450b9908dea3211a350bc1d4113d9587d1,improved_campaign_offspring,C000842,,4,connected_region_repaint:medium,0.07777777777777778,"[0,10,13,20,21,22,23,30,40,50]",10,L-SEED,completed,valid,[],,0.5792870189008283,3.9035578072640957,B2,2026-08-08T06:53:07.558+02:00,2026-08-08T06:53:07.558+02:00,2026-08-08T06:55:25.037+02:00
875,C000875,improved_dataset_1000_20260807_001,28,875,"[0,0,0,0,0,0,0,0,0,0,0,0,0,0,0,0,0,0,0,0,0,0,0,0,0,0,0,0,0,0,0,2,2,2,0,0,0,0,0,0,0,2,2,2,0,0,0,0,0,0,0,2,2,2,0,0,0,0,0,0,2,2,2,2,0,0,0,2,2,2,2,2,2,2,2,0,0,0,2,2,2,2,2,2,2,0,0,0,0,0,2,2,2,2,2,2,0,0,0,0,2,2,2,2,2,2,0,0,0,0,2,2,2,2,2,0,0,0,0,0,2,2,2,2,2,0,0,0,0,0,2,2,2,0,0,0,2,2,2,0,0,0,1,2,2,0,2,2,2,2,1,1,1,2,2,0,0,0,0,0,1,1,1,2,2,2,0,0,0,0,1,1,1,1,1,2,0,0,0,0]",9866b38c51f92a1df44954c1afb7fc694052e9e330477415a6dce2857eb2057a,26ee831b454e9608c754eb56797f568cf10667b86524a96f281afe09c6f1de40,improved_campaign_offspring,C000332,,5,connected_region_repaint:medium,0.03888888888888889,"[136,137,138,146,147,148,149]",7,L-SEED,completed,valid,[],,0.05478056315667751,9.470405800137764,B1,2026-08-08T06:53:07.701+02:00,2026-08-08T06:53:07.701+02:00,2026-08-08T06:55:25.053+02:00
876,C000876,improved_dataset_1000_20260807_001,28,876,"[2,2,0,0,0,0,0,0,0,0,2,2,0,0,0,0,0,0,0,0,0,0,0,0,0,0,0,0,0,0,0,2,0,0,0,0,0,0,0,0,0,2,2,0,0,0,0,0,0,0,0,2,2,0,0,0,0,0,1,0,0,2,2,2,0,0,0,0,1,1,0,0,2,0,0,0,0,0,0,1,0,0,0,0,0,0,0,1,1,1,0,0,0,0,0,0,0,0,1,1,0,0,0,0,0,0,1,0,0,1,0,0,0,0,0,0,1,0,0,1,0,0,0,0,0,1,1,1,0,1,0,1,1,1,1,1,1,1,1,1,1,1,1,1,1,1,1,1,1,1,0,1,1,1,1,1,1,1,0,1,0,0,0,0,0,1,1,1,1,1,0,0,1,0,0,0,1,1,1,1]",058d0a11f1994d8919f69440dcfff3677ce0f1c5ebfafd23e1e30fecc93cc112,a17728299a1fb754ae380931dfa071c5ec7ce7fba7161e3f9140957895bf6e0d,improved_campaign_offspring,C000817,,1,connected_region_repaint:large,0.1,"[160,161,162,163,164,170,171,173,174,175]",10,L-SEED,completed,valid,[],,0.19227837882872195,8.007412806285213,B1,2026-08-08T06:55:25.353+02:00,2026-08-08T06:55:25.353+02:00,2026-08-08T06:58:40.781+02:00
877,C000877,improved_dataset_1000_20260807_001,28,877,"[2,1,1,1,1,1,0,0,0,1,2,1,1,1,1,1,0,0,1,1,2,2,2,0,0,1,0,1,1,1,2,0,2,2,0,1,1,1,1,1,2,0,0,0,0,1,1,1,1,1,2,2,0,0,0,0,1,1,1,1,0,0,0,0,0,1,1,1,1,1,0,1,0,0,0,0,1,1,1,1,1,1,1,1,0,1,1,1,1,1,1,1,1,1,1,1,1,1,1,1,1,1,1,1,1,1,1,1,1,1,1,1,1,1,1,1,1,1,1,1,0,1,1,1,1,1,1,0,1,1,0,0,1,1,1,1,0,0,1,1,0,0,1,0,1,1,0,0,0,1,0,0,0,0,0,0,0,0,0,1,0,0,0,0,0,0,0,0,1,1,0,0,0,0,0,0,0,0,1,1]",85a0d0650c486e5f747b418946a7d10e87dcbb37d5e63fca6205f77135f54001,b1f0d264c7f77956270760665f772d5a14510f4b7a73036af65a97687b775988,improved_campaign_offspring,C000849,,2,connected_region_repaint:medium,0.03333333333333333,"[6,7,8,16,17,26]",6,L-SEED,completed,valid,[],,0.7218465727277796,2.5441140587477284,B4,2026-08-08T06:55:25.601+02:00,2026-08-08T06:55:25.601+02:00,2026-08-08T06:58:40.781+02:00
878,C000878,improved_dataset_1000_20260807_001,28,878,"[0,0,0,0,0,2,2,0,0,0,0,0,0,0,2,2,2,0,0,0,0,0,0,0,2,2,2,0,0,0,0,2,2,2,2,2,2,0,0,0,0,2,0,2,2,2,0,0,0,0,0,2,2,2,2,2,2,2,2,0,2,2,2,2,2,2,2,2,2,0,2,2,2,2,2,2,0,0,2,0,2,2,2,2,2,2,2,2,0,0,2,2,2,2,2,2,2,2,2,0,2,2,0,2,2,2,2,2,2,0,2,2,0,0,0,0,2,2,2,0,2,2,0,0,0,0,0,0,0,0,2,2,2,0,0,2,2,2,2,0,0,0,2,2,2,2,2,2,2,2,2,2,2,2,2,2,2,2,0,2,2,2,2,2,2,2,2,2,2,2,2,2,2,2,2,2,1,1,2,2]",8ccc6e6c0be52cb2c364336470bcfb215e5fce2866a84ddf1bdf32adea72d8ee,ad9d53ea77048f92dff8ba3663d4277fbe867c015c5a377d497482cfc8c30057,improved_campaign_offspring,C000847,,3,connected_region_repaint:medium,0.044444444444444446,"[8,17,18,19,27,28,37,38,46,47]",10,L-SEED,completed,valid,[],,0.04905684184432849,9.56547900191746,B1,2026-08-08T06:55:25.737+02:00,2026-08-08T06:55:25.737+02:00,2026-08-08T06:58:40.797+02:00
879,C000879,improved_dataset_1000_20260807_001,28,879,"[0,0,0,0,0,0,0,0,0,0,0,0,0,0,0,0,0,0,0,0,0,0,0,0,2,0,0,0,0,0,0,2,2,2,2,0,0,0,0,0,0,2,0,2,0,0,0,0,0,0,0,2,2,0,0,0,2,0,2,0,2,2,2,2,0,2,2,2,2,0,2,2,2,2,2,2,0,0,2,0,2,2,2,2,2,2,2,2,0,0,2,2,2,2,2,2,2,2,2,0,2,2,0,2,2,2,2,2,2,0,2,2,0,0,0,0,2,2,2,0,2,2,0,0,0,0,0,0,0,0,2,2,2,0,0,2,2,2,2,0,0,0,2,2,2,2,2,2,2,2,2,2,2,2,2,2,2,2,0,2,2,2,2,2,2,2,2,2,2,2,2,2,2,2,2,2,1,1,2,2]",b1bf60cf0e2f395a669a4a84b532491c98c02d57218d300090b8a392d7330099,eb758e2a1fbcca9d2ea6c8d4244a0c5686b77595cb6ea9e611cb5382d87abe01,improved_campaign_offspring,C000847,,4,boundary_growth:large,0.13333333333333333,"[5,6,8,14,15,16,17,18,19,25,26,27,28,35,36,37,38,44,45,46,47,53,54,55,57,64]",26,L-SEED,completed,valid,[],,0.04586986879308035,9.602955499293959,B1,2026-08-08T06:55:25.867+02:00,2026-08-08T06:55:25.867+02:00,2026-08-08T06:58:40.797+02:00
880,C000880,improved_dataset_1000_20260807_001,28,880,"[0,0,0,0,0,2,2,0,2,0,0,0,0,0,2,2,2,2,2,2,0,0,0,0,2,2,2,2,2,0,0,2,2,2,2,2,2,2,2,0,0,2,0,2,2,2,2,2,0,0,0,2,2,2,2,2,2,2,2,0,2,2,2,2,2,2,2,2,2,0,2,2,0,0,0,0,0,0,2,0,2,2,0,0,0,0,0,0,0,0,2,2,0,0,0,0,0,0,0,0,2,2,0,0,0,0,0,0,0,0,2,2,0,0,0,0,0,0,0,0,2,2,0,0,0,0,0,0,0,0,2,2,2,0,0,2,2,2,2,0,0,0,2,2,2,2,2,2,2,2,2,2,2,2,2,2,2,2,0,2,2,2,2,2,2,2,2,2,2,2,2,2,2,2,2,2,1,1,2,2]",fef71c9c9ca48b18d701a324c47191a7579405a750bff87553dc7ae1e4c2bb0d,ba9afb9d1b4571b150788e3123c2ff98d9babcf7544133036fbb1b9328128062,improved_campaign_offspring,C000847,,5,rectangular_patch:large,0.16666666666666666,"[72,73,74,75,82,83,84,85,86,87,92,93,94,95,96,97,98,103,104,105,106,107,108,116,117,118]",26,L-SEED,completed,valid,[],,0.050344873317946744,9.550693284969256,B1,2026-08-08T06:55:25.997+02:00,2026-08-08T06:55:25.997+02:00,2026-08-08T06:58:40.797+02:00
881,C000881,improved_dataset_1000_20260807_001,28,881,"[2,2,2,2,2,0,0,2,0,0,2,2,2,0,2,2,2,2,2,0,2,2,2,2,2,2,2,2,0,0,2,2,0,0,0,0,0,2,2,2,2,2,0,0,0,0,0,2,2,0,0,2,0,0,0,0,0,0,0,0,2,2,0,0,0,0,0,0,0,0,2,2,0,0,0,0,0,0,0,0,2,2,2,0,0,0,0,0,0,0,2,0,0,0,0,0,0,0,0,0,0,0,0,0,0,0,0,2,2,0,2,0,0,0,2,0,0,2,2,0,2,2,0,0,2,0,2,2,2,0,2,0,0,2,2,2,2,2,2,0,0,0,0,0,0,2,2,2,2,2,0,0,0,0,0,2,2,2,0,2,0,0,0,0,0,0,0,0,2,2,0,0,0,0,0,0,0,0,2,2]",8878a871a88b72a237c85cb74fd63e314a2e590f9b0ed08282f7c6349af5b864,fae97f73f10101747523106e883a30fc01484a0438c9a74b6ef913f5109187ca,improved_campaign_offspring,C000615,,1,rectangular_patch:medium,0.05555555555555555,"[143,144,153,154,162,163,173]",7,L-SEED,completed,valid,[],,0.06253077818696769,9.340601291333597,B1,2026-08-08T06:58:41.114+02:00,2026-08-08T06:58:41.114+02:00,2026-08-08T07:04:32.401+02:00
882,C000882,improved_dataset_1000_20260807_001,28,882,"[2,1,1,1,1,1,1,1,1,1,2,1,1,1,1,1,1,1,1,1,2,2,2,2,2,1,1,1,1,1,2,2,2,0,2,1,1,1,1,1,2,2,2,0,2,1,1,1,1,1,2,2,2,0,2,1,1,1,1,1,2,0,2,0,1,1,1,1,1,1,0,0,0,0,0,1,1,1,1,1,0,0,0,0,0,0,1,1,1,1,0,0,0,0,0,1,1,1,0,1,0,1,0,0,0,1,1,1,1,1,1,1,1,1,1,1,1,1,1,1,1,1,1,1,1,1,1,1,1,1,1,1,1,1,1,1,0,1,1,1,1,1,1,1,1,1,1,1,1,1,1,1,0,0,0,1,1,1,1,1,1,0,0,0,1,1,1,1,1,1,1,1,1,0,0,1,1,1,1,1]",80b71fa2cc4536fa13aa5a4760b134462754a9bd8e1ff6420fa983e5b86d2d32,7c7f5967660a737e5443d4b28f4a0458f066814f9b86dda72a6b2d42da3c252f,improved_campaign_offspring,C000854,,2,connected_region_repaint:small,0.005555555555555556,[98],1,L-SEED,completed,valid,[],,0.9886553004852245,0.12335781750945131,B6,2026-08-08T06:58:41.251+02:00,2026-08-08T06:58:41.251+02:00,2026-08-08T07:04:32.401+02:00
883,C000883,improved_dataset_1000_20260807_001,28,883,"[2,0,0,0,0,0,0,0,0,0,2,0,0,0,0,2,0,0,0,0,2,2,2,2,2,2,2,2,0,0,2,2,2,2,2,2,2,2,2,2,2,0,0,2,2,0,2,2,0,2,2,0,0,2,2,2,0,2,2,2,2,2,2,2,0,2,0,2,2,2,2,2,2,2,0,0,0,2,2,2,2,2,2,0,0,0,2,2,2,2,2,2,2,2,2,2,2,2,2,2,2,2,2,2,2,2,2,2,0,0,2,2,2,2,2,2,2,0,0,0,2,2,2,2,2,2,2,0,0,0,2,2,2,0,2,2,2,2,0,0,0,0,0,0,2,2,2,0,0,0,0,0,0,0,0,0,0,0,0,1,0,0,0,0,0,0,0,0,1,1,0,0,0,0,0,0,0,0,1,1]",6542bca257ca1217641b062b70e4041676a923c634a9d1f70764ff8cdf0a727c,a00353da405c578a26a5da2fc9a4ccc070869e66058145a656f46e931fefa3b1,improved_campaign_offspring,C000344,,3,rectangular_patch:small,0.022222222222222223,"[41,42,51,52]",4,L-SEED,completed,valid,[],,0.057011639819070585,9.45020526578587,B1,2026-08-08T06:58:41.398+02:00,2026-08-08T06:58:41.398+02:00,2026-08-08T07:04:32.417+02:00
884,C000884,improved_dataset_1000_20260807_001,28,884,"[2,0,0,0,0,0,0,0,0,0,2,0,0,0,0,0,0,0,0,0,2,0,0,0,0,0,1,1,0,0,2,2,2,0,0,0,0,1,1,1,2,2,2,0,0,0,0,0,0,1,2,2,2,0,0,0,0,0,1,1,2,2,2,0,0,0,0,0,1,1,2,2,2,2,2,0,0,0,0,1,2,2,2,2,1,0,0,0,1,1,0,0,2,2,1,1,1,1,1,1,0,0,0,2,2,2,1,0,1,1,0,0,0,2,2,2,2,1,1,1,0,0,0,2,2,2,2,0,1,1,0,0,2,2,2,2,2,2,1,1,2,2,2,2,2,2,2,2,2,1,2,2,2,2,2,2,2,2,2,1,2,2,2,2,2,2,2,2,1,1,2,2,2,2,2,2,2,2,1,1]",4b34d01be9fa7d51bbb1fc28da6c549b9a6d318b8ea3cf76460cb0452a313d68,f41d23644593a7774c2aa7f6d5dc4a6b3e5fcf54a5755c0a96b1023f96873590,improved_campaign_offspring,C000851,,4,rectangular_patch:small,0.005555555555555556,[21],1,L-SEED,completed,valid,[],,0.3489799149183837,6.383990635682667,B1,2026-08-08T06:58:41.552+02:00,2026-08-08T06:58:41.552+02:00,2026-08-08T07:04:32.423+02:00
885,C000885,improved_dataset_1000_20260807_001,28,885,"[2,1,1,1,1,1,1,1,1,1,2,1,1,1,1,1,1,1,1,1,2,2,2,2,2,1,1,1,1,1,2,2,2,0,2,1,1,1,1,1,2,2,2,0,2,1,1,1,1,1,2,2,2,0,2,1,1,1,1,1,2,0,2,0,1,1,1,1,1,1,0,0,0,0,0,1,1,1,1,1,0,0,0,0,0,0,1,1,1,1,1,0,0,0,0,1,1,1,1,1,1,1,0,0,0,1,1,1,1,1,1,1,1,1,1,1,1,1,1,1,1,1,1,1,1,1,1,1,1,1,1,1,1,1,1,1,0,1,1,1,1,1,1,1,1,0,0,0,0,1,1,1,0,0,0,1,0,1,0,1,1,0,0,0,1,1,1,1,1,1,1,1,1,0,0,1,1,1,1,1]",7ed28c96fbc5b8059bc5cce8808a32651d447564fde367f7262692ed0464a6ab,d940d9d76ca1c6b572a3b98ea861742ac5a935a801f1ac5e02d731a3d9bbc278,improved_campaign_offspring,C000824,,5,connected_region_repaint:medium,0.03333333333333333,"[145,146,147,148,156,158]",6,L-SEED,completed,valid,[],,0.9929393729886806,0.1217457051693356,B6,2026-08-08T06:58:41.699+02:00,2026-08-08T06:58:41.699+02:00,2026-08-08T07:04:32.423+02:00
886,C000886,improved_dataset_1000_20260807_001,28,886,"[2,2,2,2,2,0,0,2,0,0,2,2,2,2,2,2,2,2,2,0,2,2,2,2,2,2,2,0,0,0,0,0,0,0,2,0,2,0,0,0,0,0,0,0,0,2,2,2,2,0,0,0,0,0,0,0,0,0,0,0,0,2,0,0,0,0,0,0,0,0,2,2,0,0,0,0,0,0,0,0,2,2,2,0,0,0,0,0,0,0,2,1,1,1,0,0,0,0,0,0,1,1,1,1,1,0,0,0,0,0,2,1,1,0,2,2,0,0,0,0,2,2,1,1,2,2,0,0,0,0,2,1,1,0,0,1,1,0,0,0,0,0,1,1,1,0,1,2,2,2,1,1,1,1,1,1,1,2,0,2,1,1,1,1,0,1,1,1,2,2,1,1,1,1,1,1,1,1,2,2]",6d6b8e1c9a959c877359eab8f623e3831bd73ad6a3bc711466a8289362d2302c,ee9d61790f93e09a76d6656eaee0551e612a40dc758d938e4a0415bb63acaccf,improved_campaign_offspring,C000528,,1,connected_region_repaint:large,0.1388888888888889,"[9,19,27,28,29,37,38,39,49,58,59,62,64,66,67,68,69,72,73,74,78,79,83,84,85,86,87,88,89,94,95,96,97,98,99,105,106]",37,L-SEED,completed,valid,[],,0.08557758689267618,9.102796401507169,B1,2026-08-08T07:04:32.900+02:00,2026-08-08T07:04:32.900+02:00,2026-08-08T07:19:04.341+02:00
887,C000887,improved_dataset_1000_20260807_001,28,887,"[2,2,2,2,2,0,0,2,0,1,2,2,2,2,2,2,2,2,2,1,2,2,2,2,2,2,2,1,1,1,0,0,0,0,2,0,2,1,1,1,0,0,0,0,0,2,2,2,2,1,0,0,0,0,0,0,0,0,1,1,0,2,1,0,1,0,1,1,1,1,2,2,1,1,1,0,0,0,1,1,2,2,2,1,1,1,1,1,1,1,2,1,1,1,1,1,1,1,1,1,1,1,1,1,1,1,1,1,0,0,2,1,1,0,2,2,1,1,0,0,2,2,1,1,2,2,1,1,1,0,2,1,1,0,0,1,1,1,0,0,0,0,1,1,1,0,1,2,2,2,1,1,1,1,1,1,1,2,0,2,1,1,1,1,0,1,1,1,2,2,1,1,1,1,1,1,1,1,2,2]",78389b0005b4af64bd135a15b48590b3e2c97b4a64d67db95de7454de7dfbc03,20f25062dc75322a8a50351dc4259c9c1e0fcb230f368950f74ed96c3230e5d0,improved_campaign_offspring,C000528,,2,boundary_growth:medium,0.03888888888888889,"[107,116,117,126,127,128,137]",7,L-SEED,completed,valid,[],,0.34096008765190666,7.685336039305092,B1,2026-08-08T07:04:33.160+02:00,2026-08-08T07:04:33.160+02:00,2026-08-08T07:19:04.357+02:00
888,C000888,improved_dataset_1000_20260807_001,28,888,"[2,2,0,0,0,0,0,0,0,0,2,2,0,0,0,0,0,0,0,0,2,2,2,2,2,0,0,0,0,0,2,2,2,0,0,0,0,0,0,0,0,0,0,0,0,0,0,0,0,0,0,0,0,0,0,0,0,0,0,0,0,0,0,0,0,0,0,0,0,0,0,0,0,0,0,0,0,0,0,0,0,0,0,0,0,0,0,0,0,0,2,0,0,0,0,2,0,0,0,0,2,2,2,0,2,2,2,2,0,0,2,2,2,2,2,2,2,2,0,0,2,2,2,2,2,2,2,0,0,0,2,2,2,0,0,2,2,0,0,0,0,0,2,0,0,2,0,0,0,0,2,2,2,1,2,2,2,0,0,1,2,2,2,1,1,2,1,0,0,1,2,2,1,1,1,0,1,1,0,1]",20e524030c9ee3920d621c2fceac10704da311084a1c07ec720018250039688f,5db59d917ab18270a7b795111d6e030fa16734f29e817e9a1d5c689f644c42db,improved_campaign_offspring,C000859,,3,connected_region_repaint:medium,0.06666666666666667,"[5,15,16,25,26,27,28,29,33,34,35,36]",12,L-SEED,completed,valid,[],,0.07031609190172063,9.333734749507736,B1,2026-08-08T07:04:33.356+02:00,2026-08-08T07:04:33.356+02:00,2026-08-08T07:19:04.363+02:00
889,C000889,improved_dataset_1000_20260807_001,28,889,"[0,0,0,0,0,0,0,0,0,0,2,2,0,0,1,0,0,0,0,0,2,0,0,0,1,1,0,0,0,0,2,1,0,0,1,0,0,0,0,0,0,1,1,1,1,1,1,1,0,0,0,1,1,1,1,1,1,1,0,0,0,1,1,1,1,1,0,0,0,0,0,1,1,1,1,1,1,0,0,0,0,0,1,1,1,1,1,1,0,0,2,0,1,1,1,1,1,1,1,1,2,2,2,0,1,1,1,1,1,1,2,2,2,0,1,0,1,1,1,1,2,2,2,0,1,0,1,1,1,1,2,2,1,0,0,1,1,1,1,1,0,0,1,1,1,1,1,1,1,1,1,1,1,1,1,1,1,1,1,1,1,1,1,1,1,1,1,1,1,1,1,1,1,1,1,1,1,1,1,1]",2d94f0d2bae68c9b70cc29b771a012b79b1372772592b1ea94b2449363919d3d,45f357aa3ed0c84a396b89acf8696bfcb02b09f40901561a7f4a49ce67aa3e3b,improved_campaign_offspring,C000680,,4,boundary_growth:medium,0.03333333333333333,"[61,62,71,72,82,92]",6,L-SEED,completed,valid,[],,0.4276899810816936,6.136835526537,B1,2026-08-08T07:04:33.525+02:00,2026-08-08T07:04:33.525+02:00,2026-08-08T07:19:04.363+02:00
890,C000890,improved_dataset_1000_20260807_001,28,890,"[2,2,2,2,2,0,0,2,0,0,2,2,2,2,2,2,2,2,2,0,2,2,2,2,2,2,2,2,0,0,2,2,2,2,2,2,2,2,2,2,2,2,2,2,0,2,2,2,2,0,0,2,2,2,0,0,2,2,0,0,2,2,0,2,0,0,2,0,0,0,2,2,2,2,2,2,2,0,0,0,2,2,2,2,2,2,2,2,2,2,0,0,0,0,2,2,0,2,2,2,0,0,0,0,2,2,2,2,2,2,0,0,0,0,0,0,0,2,2,2,0,2,2,2,2,2,0,0,2,2,0,0,2,2,2,2,2,0,0,0,0,2,2,2,2,2,0,2,2,2,0,0,0,2,2,0,0,2,0,2,0,0,0,0,0,0,0,0,2,2,0,0,0,0,0,0,0,0,2,2]",6f7ed8563821b51f6c45fe565f26c7d5cd3741911b473f3197cf3bf61c3f37a1,9acee0d8d1dc729177ae8ee25712043c50920ad874325be0dbed8a9285e58a70,improved_campaign_offspring,C000647,,5,connected_region_repaint:medium,0.07222222222222222,"[124,125,133,134,135,136,141,142,143,144,145,153,154]",13,L-SEED,completed,valid,[],,0.05768776995772152,9.410260498878333,B1,2026-08-08T07:04:33.715+02:00,2026-08-08T07:04:33.715+02:00,2026-08-08T07:19:04.378+02:00
891,C000891,improved_dataset_1000_20260807_001,28,891,"[2,2,2,1,1,1,1,1,1,1,2,2,1,1,1,1,1,1,1,1,2,2,2,2,2,1,1,1,0,0,2,2,2,2,2,1,1,1,1,1,2,2,2,2,2,1,1,1,1,1,2,2,2,2,2,2,1,1,1,1,2,2,2,2,1,1,1,1,1,1,2,2,2,2,1,1,1,1,1,1,2,2,2,2,2,2,1,1,1,1,0,2,2,2,2,2,1,1,1,1,0,2,2,2,2,2,1,1,1,1,0,0,2,2,2,2,1,1,1,1,0,0,0,0,0,2,1,0,1,1,0,0,0,1,0,0,1,1,1,1,0,0,0,1,0,0,1,1,1,1,0,0,0,1,1,1,1,1,1,1,0,0,1,1,1,1,1,1,1,1,1,1,1,1,1,1,1,1,1,1]",5b8a65e7cc9e72c85ac8ebe7a99f39ab62407e8dde637bcd8d5b58bb1efaa593,4f5797306af2ef07b38e1165f070c27b640b6344e7605d60d16a3c5b4f3b496f,improved_campaign_offspring,C000773,,1,connected_region_repaint:medium,0.07222222222222222,"[90,100,110,111,120,121,122,123,124,130,131,132,134,135,144,145]",16,L-SEED,completed,valid,[],,0.9224945293055851,0.25901004296364855,B6,2026-08-08T07:19:04.720+02:00,2026-08-08T07:19:04.720+02:00,2026-08-08T07:25:47.779+02:00
892,C000892,improved_dataset_1000_20260807_001,28,892,"[2,0,0,0,0,0,0,0,0,0,2,0,0,0,0,0,0,0,0,0,2,2,2,2,2,0,0,0,0,0,2,0,2,2,2,0,0,0,0,0,2,0,2,2,2,0,0,0,0,0,2,2,2,0,0,0,0,0,0,0,2,2,2,0,0,0,0,0,0,0,2,2,2,0,0,0,0,0,0,0,2,2,2,2,0,0,0,0,0,0,0,0,2,2,0,0,0,0,0,0,2,2,2,0,0,0,0,0,0,0,2,2,0,0,0,0,0,0,0,0,2,2,0,0,0,2,0,0,0,2,2,2,2,2,2,2,2,2,2,2,0,0,0,2,2,2,2,0,0,0,0,0,0,0,2,0,0,0,0,0,0,0,0,0,2,0,0,0,0,0,0,0,0,2,2,0,0,0,0,0]",05149d112a371f5ab5fdf64504d4d13cef7bba28bfa498abe8939b0a2f240e18,67381c502caada7a5296feb174c969a47902b5a7b5f611a4db4b51c5cd942d4b,improved_campaign_offspring,C000595,,2,connected_region_repaint:small,0.022222222222222223,"[154,164,173,174]",4,L-SEED,completed,valid,[],,0.06749981383815282,9.37640739198296,B1,2026-08-08T07:19:04.864+02:00,2026-08-08T07:19:04.864+02:00,2026-08-08T07:25:47.779+02:00
893,C000893,improved_dataset_1000_20260807_001,28,893,"[0,0,0,0,0,0,0,0,0,0,0,0,0,0,0,0,0,0,0,0,0,0,0,0,0,0,0,0,0,0,0,0,0,0,0,0,0,0,0,0,0,0,0,0,0,0,0,0,0,0,0,2,2,2,0,0,0,0,0,0,2,2,2,2,2,2,2,2,2,0,2,2,2,2,2,2,2,0,0,0,2,2,2,2,2,2,0,0,2,0,2,2,2,2,2,2,2,2,2,2,2,2,2,2,2,2,2,2,0,0,2,0,2,2,2,2,2,0,2,2,2,0,2,2,2,0,2,2,2,0,2,0,2,2,0,2,2,2,2,0,2,2,2,2,2,2,0,2,0,0,2,0,2,0,0,0,0,0,0,0,2,0,2,0,0,0,0,0,0,0,0,0,0,0,0,0,1,1,0,0]",312493b358335ed2ba2aa35f6f17fd8c06d30a3f4209da47f383fca8f1d18572,5a3fdc62f8b6b62e5f2286b3eb1932ada49588f1f76664e955546c830b81237c,improved_campaign_offspring,C000624,,3,boundary_growth:medium,0.07777777777777778,"[132,133,135,136,140,141,142,143,144,145,150,152,160,162]",14,L-SEED,completed,valid,[],,0.048505819055411716,9.596638450141471,B1,2026-08-08T07:19:04.995+02:00,2026-08-08T07:19:04.995+02:00,2026-08-08T07:25:47.779+02:00
894,C000894,improved_dataset_1000_20260807_001,28,894,"[2,2,2,1,1,1,1,1,1,1,2,2,1,1,1,1,1,1,1,1,2,2,2,2,2,1,1,1,0,0,2,2,2,2,2,1,1,1,1,1,2,2,2,2,2,1,1,1,2,1,2,2,2,2,2,2,1,1,2,2,2,2,2,2,1,1,1,1,2,1,2,2,2,2,1,1,1,1,1,1,2,2,2,2,2,2,1,1,1,1,2,2,2,2,2,2,1,1,1,1,2,2,2,2,2,2,1,1,1,1,2,2,2,2,2,2,1,1,1,1,2,2,2,2,2,2,1,0,1,1,2,2,2,1,2,2,1,1,1,1,0,1,1,1,2,2,1,1,1,1,0,1,1,1,1,1,1,1,1,1,0,0,1,1,1,1,1,1,1,1,1,1,1,1,1,1,1,1,1,1]",781e295ee3430896120bf0f97b9c6883c7be221d383d65efa1104853b7a85d17,1a30e777ef886d501c19dd08cb25874434efaba6c900dd31911bd024357c0a80,improved_campaign_offspring,C000805,,4,connected_region_repaint:small,0.022222222222222223,"[48,58,59,68]",4,L-SEED,completed,valid,[],,0.789081832476318,1.7222021981879534,B4,2026-08-08T07:19:05.132+02:00,2026-08-08T07:19:05.132+02:00,2026-08-08T07:25:47.795+02:00
895,C000895,improved_dataset_1000_20260807_001,28,895,"[2,2,2,1,1,1,1,1,1,1,2,2,1,1,1,1,1,1,1,1,2,2,2,2,2,1,1,1,0,0,2,2,2,2,2,1,1,1,1,1,2,2,2,2,2,1,1,1,1,1,2,2,2,2,2,2,1,1,1,1,2,2,2,2,1,1,1,1,1,1,0,2,2,2,1,1,1,1,1,1,0,0,2,2,2,2,1,1,1,1,2,2,2,2,2,2,1,1,1,1,2,2,2,2,2,2,1,1,1,1,2,2,2,2,2,2,1,1,1,1,2,2,2,2,2,2,1,0,1,1,2,2,2,1,2,2,1,1,1,1,0,1,1,1,2,2,1,1,1,1,0,1,1,1,1,1,1,1,1,1,0,0,1,1,1,1,1,1,1,1,1,1,1,1,1,1,1,1,1,1]",489df7aa299f6290c2e128418b7017851b3dcad12b5e78cb31cc641efb7f7033,147cca124fdc15acad91a64bc490a501293c03291e11a0096900af3e39548230,improved_campaign_offspring,C000805,,5,connected_region_repaint:small,0.016666666666666666,"[70,80,81]",3,L-SEED,completed,valid,[],,0.9219245001639231,0.2641235792351867,B6,2026-08-08T07:19:05.279+02:00,2026-08-08T07:19:05.279+02:00,2026-08-08T07:25:47.795+02:00
896,C000896,improved_dataset_1000_20260807_001,28,896,"[0,0,0,0,0,1,0,0,0,0,0,0,0,2,1,1,1,0,1,0,0,2,2,2,2,2,1,1,1,1,0,2,2,2,0,2,2,1,0,1,0,2,2,2,0,1,1,1,1,1,0,2,2,2,2,2,2,1,1,0,0,2,2,2,2,2,2,1,1,0,0,1,2,0,0,1,1,1,1,0,1,1,0,0,0,0,1,1,1,0,1,1,1,1,0,0,1,1,1,1,1,1,1,1,1,1,1,1,1,1,1,1,1,1,1,1,1,1,1,1,1,1,0,1,1,1,1,1,1,1,1,1,1,1,1,1,1,1,1,1,1,1,1,1,1,1,1,1,1,1,1,1,1,1,1,1,1,1,1,1,1,1,1,1,0,0,0,1,1,1,1,1,1,1,0,0,1,1,1,1]",0f598e7ff46fde313d7155d78949ab5ee4d7ea9666615516827ff3890060f94b,cd8509e0d626ef9a8def573fa12b9738425e815aa3a6c630c37c2011c5346677,improved_campaign_offspring,C000837,,1,rectangular_patch:medium,0.027777777777777776,"[164,165,166,174,175]",5,L-SEED,completed,valid,[],,0.5885662617572092,4.948516042472928,B2,2026-08-08T07:25:48.111+02:00,2026-08-08T07:25:48.111+02:00,2026-08-08T07:30:49.408+02:00
897,C000897,improved_dataset_1000_20260807_001,28,897,"[2,2,2,2,2,2,2,2,0,0,2,2,2,2,2,2,0,2,0,0,2,2,2,2,2,2,0,0,0,0,2,2,2,2,0,2,2,0,0,0,2,2,2,2,0,0,0,0,0,0,2,2,2,2,2,2,2,0,0,0,2,2,2,2,2,2,2,0,0,0,2,2,2,0,0,0,0,0,0,0,2,0,0,0,0,0,0,0,0,0,2,0,2,0,0,0,0,0,2,2,0,0,2,0,0,0,2,2,0,2,2,2,2,2,0,0,2,2,2,2,2,2,0,0,2,2,2,0,2,2,2,0,0,0,0,2,0,0,2,2,2,0,0,0,0,0,0,2,2,2,2,0,1,0,0,0,0,0,2,2,2,0,1,1,0,0,0,0,0,0,2,2,2,1,1,0,0,0,0,0]",f03f64bbf0eddfebfbf8553b89eb1ac71a15e1311e902514eb11c0f4255a9210,563b7b14d97d5f56c3a083de3bed5d93f06ef4057b6f394eeb1475f958a48dfb,improved_campaign_offspring,C000869,,2,connected_region_repaint:medium,0.05,"[120,121,130,140,150,160,170,171,172]",9,L-SEED,completed,valid,[],,0.0716471342707563,9.250206334211022,B1,2026-08-08T07:25:48.265+02:00,2026-08-08T07:25:48.265+02:00,2026-08-08T07:30:49.408+02:00
898,C000898,improved_dataset_1000_20260807_001,28,898,"[2,2,2,0,0,1,0,0,0,0,2,2,2,2,1,1,1,0,1,0,2,2,2,2,2,2,1,1,1,1,2,2,2,2,0,2,2,1,0,1,2,2,2,2,0,1,1,1,1,1,2,2,2,2,2,2,2,1,1,0,2,2,2,2,2,2,2,1,1,0,2,1,2,0,0,1,1,1,1,0,1,1,0,0,0,0,1,1,1,0,1,1,1,1,0,0,1,1,1,1,1,1,1,1,1,1,1,1,1,1,1,1,1,1,1,1,1,1,1,1,1,1,0,1,1,1,1,1,1,1,1,1,1,1,1,1,1,1,1,1,1,1,1,1,1,1,1,1,1,1,1,1,1,1,1,1,1,1,1,1,1,1,1,1,1,1,1,1,1,1,1,1,1,1,1,1,1,1,1,1]",4f9c23e8b1829d1e8450d837ff51f829c2a751189935fa1fd7caed0c12e8bc6a,6b26b11df88bedecca0a1362bf940c3194a02e0f968dc8da347acc42f79dd289,improved_campaign_offspring,C000837,,3,boundary_growth:medium,0.06666666666666667,"[0,1,2,10,11,12,20,30,40,50,60,70]",12,L-SEED,completed,valid,[],,0.5919034490410146,4.9104325434791996,B2,2026-08-08T07:25:48.396+02:00,2026-08-08T07:25:48.396+02:00,2026-08-08T07:30:49.424+02:00
899,C000899,improved_dataset_1000_20260807_001,28,899,"[2,2,2,2,2,2,2,2,0,0,2,2,2,2,2,2,0,2,0,0,2,2,2,2,2,2,0,0,0,0,2,2,2,2,0,2,2,0,0,0,2,2,2,2,0,0,0,0,0,0,2,2,2,2,2,2,2,0,0,0,2,2,2,2,2,2,2,0,0,0,2,2,2,0,0,0,0,0,0,0,2,0,0,0,0,0,0,0,0,0,2,0,2,0,0,0,0,0,0,0,0,0,2,0,0,0,0,0,0,0,2,2,2,2,0,0,0,0,0,0,1,1,0,0,0,0,0,0,2,2,1,0,0,0,0,0,0,0,2,2,1,0,0,0,0,0,0,2,2,2,1,0,1,0,0,0,0,0,2,2,1,0,1,1,0,0,0,0,0,0,1,1,1,1,1,0,0,0,0,0]",de215f640d4421579b172b13b70633e4771f704bac516ca05e53447b3a27ccaf,4b947b4c5c3d3cc96df76683441e78bd9fb89b541126219a1943255a46c61ea6,improved_campaign_offspring,C000869,,4,connected_region_repaint:medium,0.05555555555555555,"[98,99,106,107,109,116,117,118,119,124,125,126,135]",13,L-SEED,completed,valid,[],,0.0862918818587639,9.089412074232941,B1,2026-08-08T07:25:48.540+02:00,2026-08-08T07:25:48.540+02:00,2026-08-08T07:30:49.424+02:00
900,C000900,improved_dataset_1000_20260807_001,28,900,"[0,0,0,0,0,0,0,0,0,0,0,0,0,0,0,0,0,0,1,0,0,0,0,0,1,0,0,1,1,0,0,0,0,0,1,0,1,1,1,0,0,1,0,1,1,1,1,1,1,0,0,1,1,1,1,1,1,1,1,0,0,1,1,1,0,1,1,1,1,0,0,1,0,0,0,0,1,1,0,0,0,0,0,0,0,0,1,1,0,0,0,0,0,0,0,0,1,1,1,1,0,0,0,0,0,0,1,1,1,1,0,0,0,0,0,0,1,1,1,1,0,0,0,2,0,0,1,0,1,1,0,2,2,2,0,0,2,2,1,1,0,0,0,2,2,2,0,2,0,1,0,0,0,2,0,0,0,2,2,1,0,0,0,0,0,0,0,2,1,1,0,0,0,0,0,0,0,2,1,1]",b50dc4e7eb66f52b3cbd289da3ef177c076d5b1131bbfdc326efe3b22b5bcc1b,fd797484dd2374a7684faf2b2305505a6186f36b92cb7e746f977baa02eaa5ee,improved_campaign_offspring,C000870,,5,connected_region_repaint:small,0.022222222222222223,"[100,110,111,120,121,122,130]",7,L-SEED,completed,valid,[],,0.3819652119227502,5.985982109000385,B1,2026-08-08T07:25:48.681+02:00,2026-08-08T07:25:48.681+02:00,2026-08-08T07:30:49.424+02:00
901,C000901,improved_dataset_1000_20260807_001,29,901,"[0,0,0,0,0,2,2,2,2,0,0,0,0,0,2,2,2,2,2,2,0,0,0,0,0,2,2,2,2,2,0,0,0,0,0,2,2,2,2,2,0,0,0,0,0,0,2,2,2,2,0,0,0,0,0,0,2,0,2,2,0,0,0,0,0,0,2,2,2,1,0,0,0,0,0,0,2,1,1,1,0,0,0,0,0,0,2,2,1,1,0,0,0,0,1,1,1,1,1,1,0,0,0,1,1,1,1,1,1,1,0,0,0,1,1,1,1,1,1,1,1,1,1,1,1,1,1,1,1,1,1,1,1,1,1,1,1,1,1,1,1,0,1,1,1,1,1,1,1,1,1,1,1,1,1,1,1,1,1,1,1,1,1,1,1,1,1,1,1,1,1,1,1,1,1,1,1,1,1,1]",99e46122a0bee05537c591cc19d6861e8f7636de1a0c9a8557886cde8efd5b2b,84e5bfe3dfb01cc8eaf3548b02322bd9922e6c22555b0e8d2019a77b70604de7,improved_campaign_offspring,C000635,,1,connected_region_repaint:large,0.1111111111111111,"[94,95,103,104,105,113,114,115,120,121,122,123,124,125,130,131,132,133,134,140]",20,L-SEED,completed,valid,[],,0.07091736293144943,9.429361447721018,B1,2026-08-08T07:30:50.056+02:00,2026-08-08T07:30:50.056+02:00,2026-08-08T07:34:59.159+02:00
902,C000902,improved_dataset_1000_20260807_001,29,902,"[0,1,1,1,1,1,1,1,1,1,0,1,1,0,1,1,1,1,1,1,0,0,0,0,1,1,1,1,1,1,0,2,2,2,0,1,1,1,1,1,0,2,2,2,0,1,1,1,1,1,0,1,2,1,0,1,1,1,1,1,1,1,1,1,1,1,1,1,1,1,1,1,2,2,1,1,1,1,1,1,1,1,2,2,2,1,1,1,1,1,1,1,1,1,2,1,1,1,1,1,1,1,1,0,1,1,1,1,1,1,1,1,2,1,1,1,1,1,1,1,0,1,2,2,1,1,1,1,1,1,0,2,2,0,0,1,1,1,1,1,0,0,0,1,1,1,1,1,1,1,1,1,1,1,1,1,1,1,1,1,1,1,1,1,1,1,1,1,1,1,1,1,1,1,1,1,1,1,1,1]",5c5f8d37eda28e29d6086c3eddee60e90ea7c527157656152e153f55e5fd9a54,8d229585486c157d295393871e12f0e235cdb58430c9aa21cc259b87f91240d8,improved_campaign_offspring,C000841,,2,boundary_growth:medium,0.06111111111111111,"[81,90,91,92,93,100,101,102,103,110,111,120,121]",13,L-SEED,completed,valid,[],,0.9550020358668884,0.06795468834198704,B6,2026-08-08T07:30:50.195+02:00,2026-08-08T07:30:50.195+02:00,2026-08-08T07:34:59.159+02:00
903,C000903,improved_dataset_1000_20260807_001,29,903,"[2,2,2,2,2,2,2,2,0,0,0,2,2,2,2,2,2,0,0,0,0,2,2,2,2,2,2,2,2,0,0,2,2,2,0,2,2,2,2,0,0,2,2,2,0,0,0,0,2,2,0,2,2,2,2,0,0,0,2,0,2,2,0,0,0,0,0,1,1,1,2,0,0,0,0,1,1,1,1,1,2,0,0,0,1,1,0,1,1,1,1,1,1,1,1,2,2,2,2,1,2,2,1,1,1,2,2,2,1,1,2,2,2,2,2,2,2,2,2,1,2,0,2,2,2,2,1,1,1,1,2,2,2,2,2,1,1,1,1,1,2,2,0,0,1,1,1,1,1,1,0,0,0,0,1,1,1,1,1,1,0,0,0,0,0,1,1,1,1,1,0,0,0,0,1,1,1,1,1,1]",b99863823bfe9d5f81a3af3ec9cd57614559006e8a76c98e450d124e8c476baf,eb06114e1df6221951bc6592c7ca267d9aa7620761de7c6ad6a166a5be3c9d13,improved_campaign_offspring,C000845,,3,boundary_growth:small,0.005555555555555556,[108],1,L-SEED,completed,valid,[],,0.13571528393915003,8.599251282867964,B1,2026-08-08T07:30:50.341+02:00,2026-08-08T07:30:50.341+02:00,2026-08-08T07:34:59.159+02:00
904,C000904,improved_dataset_1000_20260807_001,29,904,"[0,1,1,1,1,1,1,1,1,1,0,1,1,0,1,1,1,1,1,1,0,0,0,0,1,1,1,1,1,1,0,2,2,2,2,2,2,2,1,1,0,2,2,2,2,2,2,2,1,1,0,0,2,2,2,2,2,2,1,1,0,0,0,2,2,2,2,2,1,1,0,0,2,2,2,2,1,1,1,1,0,2,2,2,2,1,1,1,1,1,2,2,2,2,2,1,1,1,1,1,2,2,2,2,2,1,1,1,1,1,2,2,2,2,2,1,1,1,1,1,2,2,2,2,2,1,1,1,1,1,0,2,2,0,0,1,1,1,1,1,0,0,0,1,1,1,1,1,1,1,1,1,1,1,1,1,1,1,1,1,1,1,1,1,1,1,1,1,1,1,1,1,1,1,1,1,1,1,1,1]",2d5dc3a779c261efe0ed2bf35488e95a82f26fd2f28c1bc66d864177102de4c3,47b29e6f2d512e920d873b0161d9605aee9320ad41367f3948d834b79d1c731d,improved_campaign_offspring,C000842,,4,rectangular_patch:large,0.12777777777777777,"[34,35,36,37,44,45,46,47,51,53,54,55,56,57,60,61,62,63,64,65,66,67,70,71,74,75,80]",27,L-SEED,completed,valid,[],,0.7630640605923491,1.9900885739290959,B4,2026-08-08T07:30:50.479+02:00,2026-08-08T07:30:50.479+02:00,2026-08-08T07:34:59.174+02:00
905,C000905,improved_dataset_1000_20260807_001,29,905,"[2,2,2,2,0,2,0,0,0,0,2,2,2,2,0,2,2,0,0,0,2,0,2,2,0,0,2,2,2,2,2,2,2,0,0,2,2,0,0,0,0,0,0,0,2,2,2,0,0,0,0,0,0,0,0,2,2,2,0,0,0,0,0,0,0,0,0,0,0,0,0,0,0,2,0,0,0,0,0,0,2,2,2,2,2,0,0,0,0,0,2,2,2,2,2,2,1,1,1,0,2,2,2,2,2,2,2,2,1,1,2,2,2,2,2,0,1,1,1,1,2,2,2,2,2,0,1,1,1,1,2,2,2,0,0,1,1,1,1,1,0,0,1,1,1,0,1,1,1,1,1,1,1,1,1,0,1,1,1,1,1,1,1,1,1,1,1,1,1,1,1,1,1,1,1,1,1,1,1,1]",66abfb4cc311c85ac738025137ec07b347c93de33e6e1d05c84462b6cc297498,81b7daea0e7a707d87caa0f11902707276fa164fb1dd53442f13c9daea106c04,improved_campaign_offspring,C000872,,5,connected_region_repaint:small,0.005555555555555556,[21],1,L-SEED,completed,valid,[],,0.1126405443451955,8.822639684015524,B1,2026-08-08T07:30:50.695+02:00,2026-08-08T07:30:50.695+02:00,2026-08-08T07:34:59.174+02:00
906,C000906,improved_dataset_1000_20260807_001,29,906,"[2,1,1,1,1,1,1,1,1,1,2,1,1,1,1,1,1,1,1,1,2,2,2,0,0,1,1,1,1,1,2,0,2,2,0,1,1,1,1,1,2,0,0,0,0,1,1,1,1,1,2,2,0,0,0,1,1,1,1,1,0,0,0,0,0,1,1,1,1,1,0,1,0,0,0,0,1,1,1,1,1,1,1,1,0,1,1,1,1,1,1,1,1,1,1,1,1,1,1,1,1,1,1,1,1,1,1,1,1,1,1,1,1,1,1,1,1,1,1,1,0,1,1,1,1,1,1,0,1,1,0,0,1,1,1,1,0,0,1,1,0,0,1,0,1,1,0,0,0,1,0,0,0,0,0,0,0,0,0,1,0,0,0,0,0,0,0,0,1,1,0,0,0,0,0,0,0,0,1,1]",0e791eb5f192be086c3071ab89beb6a6088603fb76caa48b6d1f2c06b132ac16,ab140b860550f1ccbbc5d8043612e9e777c419b41999aa56694e64583aa3687d,improved_campaign_offspring,C000849,,1,boundary_growth:small,0.005555555555555556,[55],1,L-SEED,completed,valid,[],,0.9969797471085584,0.11639549607533752,B6,2026-08-08T07:34:59.485+02:00,2026-08-08T07:34:59.485+02:00,2026-08-08T07:37:52.435+02:00
907,C000907,improved_dataset_1000_20260807_001,29,907,"[2,1,1,1,1,1,1,1,1,1,2,1,1,1,1,1,1,1,1,1,2,2,2,0,0,1,1,1,1,1,2,0,2,2,0,1,1,1,1,1,2,0,0,0,0,1,1,1,1,1,2,2,0,0,0,0,1,1,1,1,0,0,0,0,0,1,1,1,1,1,0,1,0,0,0,0,1,1,1,1,1,1,1,1,0,1,1,1,1,1,1,1,1,1,1,1,1,1,1,1,1,1,1,1,1,1,1,1,1,1,1,1,1,1,1,1,1,1,1,1,0,1,1,1,1,1,1,1,1,1,0,0,1,1,1,1,1,1,1,1,0,0,1,1,1,1,1,1,1,1,0,0,1,1,1,1,1,1,1,1,0,0,1,1,1,1,1,1,1,1,0,0,1,1,1,1,1,1,1,1]",aa64dbf9cfc3f5e757f7741301d1d0b1a3fede13a1e32ac68b471bc85c0638ba,8e8275f3aa12596c938883a1b7ac4ef745ff4ac62b79fab739e96a910bdf1953,improved_campaign_offspring,C000610,,2,connected_region_repaint:large,0.12777777777777777,"[127,136,137,146,147,148,154,155,156,157,158,162,163,164,165,166,167,172,173,174,175,176,177]",23,L-SEED,completed,valid,[],,0.9954253931006858,0.11754062286779172,B6,2026-08-08T07:34:59.644+02:00,2026-08-08T07:34:59.644+02:00,2026-08-08T07:37:52.435+02:00
908,C000908,improved_dataset_1000_20260807_001,29,908,"[2,1,1,1,1,1,1,1,1,1,2,1,1,1,1,1,1,1,1,1,2,2,2,0,0,1,1,1,1,1,2,0,2,2,0,1,1,1,1,1,2,0,0,0,0,1,1,1,1,1,2,2,0,0,0,0,1,1,1,1,0,0,0,0,0,1,1,1,1,1,0,1,0,0,0,0,1,1,1,1,1,1,1,1,0,1,1,1,1,1,1,1,1,1,1,1,1,1,1,1,1,1,1,1,1,1,1,1,1,1,1,1,1,1,1,1,1,1,1,1,0,1,1,1,1,1,1,0,1,1,0,0,1,1,1,1,0,0,1,1,0,0,0,0,1,1,0,0,0,1,0,0,0,0,0,0,0,0,0,1,0,0,0,0,0,0,0,0,1,1,0,0,0,0,0,0,0,0,1,1]",7188d3780b2b345d28689fb0dc0deeff6e5af7fe7afec36ab3fb12e33b738400,b90a5cb7e9fb53a693cddfd1af6c2151bc5c43cfb865b28a2eb4bf659ff60fe9,improved_campaign_offspring,C000610,,3,connected_region_repaint:small,0.011111111111111112,"[142,143,152,153]",4,L-SEED,completed,valid,[],,0.9953740140780386,0.1169964965472051,B6,2026-08-08T07:34:59.791+02:00,2026-08-08T07:34:59.791+02:00,2026-08-08T07:37:52.451+02:00
909,C000909,improved_dataset_1000_20260807_001,29,909,"[0,0,0,0,0,0,0,0,0,0,2,2,0,0,0,0,0,0,0,0,2,0,0,0,0,0,0,0,0,0,2,0,0,0,0,0,0,0,0,0,0,0,0,0,0,0,0,0,0,0,0,0,0,0,0,0,0,0,0,0,0,0,0,2,2,2,2,2,2,2,2,2,2,2,2,2,2,2,2,2,2,2,2,2,2,2,2,2,2,2,2,2,2,2,2,2,2,2,2,2,2,2,2,2,2,2,2,2,0,0,2,2,2,2,2,0,0,0,0,0,2,2,2,2,2,0,0,0,0,0,2,0,2,0,0,2,2,0,0,0,0,0,2,2,2,2,2,2,2,2,2,2,2,2,2,2,2,2,0,2,2,2,2,2,0,2,2,2,2,2,2,2,2,2,2,2,1,1,2,2]",fc7168ce4d07ed65317bca6a0ca948ada132f4f3baa5fcc4f3aff61a3a7391e7,56c11e5f90dd8ca49c06c4271e279cdcbaf6ff7c43f090073c676c9eda40ba05,improved_campaign_offspring,C000786,,4,connected_region_repaint:small,0.022222222222222223,"[10,11,20,30]",4,L-SEED,completed,valid,[],,0.0461797197132352,9.590571858675219,B1,2026-08-08T07:34:59.959+02:00,2026-08-08T07:34:59.959+02:00,2026-08-08T07:37:52.451+02:00
910,C000910,improved_dataset_1000_20260807_001,29,910,"[0,0,0,0,0,0,0,0,0,0,0,0,0,0,0,0,0,0,0,0,0,0,0,0,0,0,0,0,0,0,0,0,0,0,0,0,0,0,0,0,0,0,0,0,0,0,0,2,0,0,0,0,0,0,0,0,0,2,2,0,0,0,0,0,0,0,2,2,2,2,0,0,0,0,0,0,0,0,2,2,0,0,0,0,0,0,0,0,2,2,0,0,0,0,0,0,0,0,0,2,0,0,0,0,0,0,0,0,0,2,0,0,0,0,0,0,2,2,2,0,0,0,0,0,0,0,2,0,0,0,0,0,0,0,0,0,2,0,0,0,0,0,0,0,0,2,2,2,2,0,2,2,2,2,2,2,2,2,0,0,2,2,2,2,2,2,2,2,0,0,2,2,2,0,0,0,0,0,0,0]",faaa1bb8232384d25b3e0c10c8a39951138e45b083620ccc4a58f8c1e1ed8b4a,1d6f85e616ae9c615fb2bad035e5be7301cac5abe52a1cb31b9c3a580617e17d,improved_campaign_offspring,C000730,,5,rectangular_patch:large,0.15555555555555556,"[111,112,121,122,123,124,130,131,132,135,140,141]",12,L-SEED,completed,valid,[],,0.028688168614634055,9.805021422598804,B1,2026-08-08T07:35:00.207+02:00,2026-08-08T07:35:00.207+02:00,2026-08-08T07:37:52.451+02:00
911,C000911,improved_dataset_1000_20260807_001,29,911,"[2,2,2,2,2,2,2,0,0,0,2,2,2,2,2,0,0,0,0,0,2,2,2,2,2,2,0,0,0,0,2,2,2,2,2,0,0,0,0,0,2,2,2,2,0,0,0,0,0,0,0,2,2,2,0,0,0,0,0,0,2,2,2,2,2,2,2,2,2,2,2,2,2,2,2,2,2,2,2,2,2,2,2,2,2,0,0,0,2,2,2,2,2,2,2,0,0,0,2,2,2,2,2,2,2,0,0,0,0,0,2,2,2,2,2,0,0,0,0,0,2,2,2,2,2,0,0,0,0,0,2,2,2,0,0,2,2,0,0,0,0,0,0,0,0,0,2,2,2,2,0,0,0,0,0,0,2,2,0,2,0,0,0,0,0,0,2,2,2,2,0,0,0,0,0,0,1,1,2,2]",03f3638772d883e9c29bd7119bc0d6e557098ef162646539ef5774320c2a7574,e4b7c1c65edf33faa11e8ad8ad625b2245fe29b7afc3b4ed7fe8094c380fc7e1,improved_campaign_offspring,C000491,,1,connected_region_repaint:large,0.1111111111111111,"[142,143,144,145,150,151,152,153,154,155,160,161,162,163,165,170,171,172,173,174,175]",21,L-SEED,completed,valid,[],,0.06408472033785269,9.365434762349937,B1,2026-08-08T07:37:52.783+02:00,2026-08-08T07:37:52.783+02:00,2026-08-08T07:41:51.398+02:00
912,C000912,improved_dataset_1000_20260807_001,29,912,"[2,1,1,1,1,1,1,1,1,1,2,1,1,1,1,1,1,1,1,1,2,2,2,2,2,1,1,1,1,1,2,2,2,0,2,1,1,1,1,1,2,2,2,0,2,1,1,1,1,1,2,2,2,0,2,1,1,1,1,1,2,0,2,0,1,1,1,1,1,1,0,0,0,0,0,1,1,1,1,1,0,0,0,0,0,0,1,1,1,1,0,0,0,0,0,1,1,1,1,1,0,1,0,0,0,1,1,1,1,1,1,1,1,1,1,1,1,1,1,1,0,1,1,1,1,1,1,1,1,1,1,1,1,1,1,1,0,1,1,1,1,1,1,1,1,1,1,1,1,1,1,1,0,0,0,1,1,1,1,1,1,0,0,0,1,1,1,1,1,1,1,1,1,0,0,1,1,1,1,1]",b76f73abf17a18587d444f301696fe0805ee8e6d6d3dd8ac46089eef54bc196f,ae087e954f4c39ac630c2ebfc754b9a75f5307bcdb4efe08cdc8640735cbb41a,improved_campaign_offspring,C000854,,2,connected_region_repaint:small,0.005555555555555556,[120],1,L-SEED,completed,valid,[],,0.9957196211650577,0.11846629309117084,B6,2026-08-08T07:37:52.921+02:00,2026-08-08T07:37:52.921+02:00,2026-08-08T07:41:51.398+02:00
913,C000913,improved_dataset_1000_20260807_001,29,913,"[2,2,2,2,2,2,2,2,2,0,2,2,2,2,2,2,0,0,0,0,2,2,2,2,2,2,0,0,0,0,2,2,2,2,2,2,0,0,0,0,2,2,2,2,2,2,0,0,2,2,0,2,2,2,2,2,2,2,2,2,1,1,1,1,1,1,2,2,2,1,1,1,1,1,1,1,1,1,1,1,1,1,1,1,1,1,0,1,1,1,1,1,1,1,1,1,0,1,1,1,1,1,1,1,1,1,0,1,1,1,1,1,1,1,1,0,1,1,1,1,0,0,0,0,0,0,1,0,1,1,0,0,0,2,0,0,0,0,1,1,0,0,2,2,0,0,0,0,0,1,2,2,0,2,0,0,0,0,0,1,2,2,2,2,0,0,0,0,1,1,2,2,2,0,0,0,0,0,1,1]",5a48550825ed27ef7e41be08e37ccde545acc2d1887a78ec17386a0ecd5fea13,68ab23655b37b16df7f95b049b4bc4197a1c8ac277722edf33c6cf766c87c0b1,improved_campaign_offspring,C000823,,3,rectangular_patch:large,0.19444444444444445,"[60,61,62,63,64,65,70,71,72,73,74,75,80,81,82,83,84,85,86,90,91,92,93,94,95,96,100,101,102,103,104,105,106,110,111,112,113,114,115,124,125]",41,L-SEED,completed,valid,[],,0.128990143889484,8.636850513187719,B1,2026-08-08T07:37:53.083+02:00,2026-08-08T07:37:53.083+02:00,2026-08-08T07:41:51.413+02:00
914,C000914,improved_dataset_1000_20260807_001,29,914,"[2,2,2,2,2,2,2,0,0,0,2,2,2,2,2,0,0,0,0,0,2,2,2,2,2,2,0,0,0,0,2,2,2,2,2,0,0,0,0,0,2,2,2,2,0,0,0,0,0,0,0,2,2,2,0,0,0,0,0,0,2,2,2,2,2,2,2,2,2,2,2,2,2,2,2,2,2,2,2,2,2,2,2,2,2,0,0,0,2,2,2,2,2,2,2,0,0,0,2,2,2,2,2,2,2,0,0,0,0,0,2,2,2,2,2,0,0,0,0,0,2,2,2,2,2,0,0,0,0,0,2,2,2,0,0,2,2,0,0,0,0,0,2,2,2,2,2,2,2,2,2,2,2,2,2,2,1,2,0,2,2,2,2,2,0,2,1,2,2,2,2,2,2,2,2,2,1,1,2,2]",01e23b9b05481fe0b26722dd2e38f85e3dbfd6c259ce54346ca2dc9dfcaeea86,4e0e26895d4ba00a110e985bece24a7f0fdb91c6660cffb1ea96e2125f679c6d,improved_campaign_offspring,C000491,,4,boundary_growth:small,0.011111111111111112,"[156,166]",2,L-SEED,completed,valid,[],,0.06459885979939567,9.352737011998432,B1,2026-08-08T07:37:53.221+02:00,2026-08-08T07:37:53.221+02:00,2026-08-08T07:41:51.413+02:00
915,C000915,improved_dataset_1000_20260807_001,29,915,"[2,1,1,1,1,1,1,1,1,1,2,1,1,1,1,1,1,1,1,1,2,2,2,2,2,1,1,1,1,1,2,2,2,0,2,1,1,1,1,1,2,2,2,0,2,1,1,1,1,1,2,2,2,0,2,1,1,1,1,1,2,0,2,0,1,1,1,1,1,1,0,0,0,0,0,1,1,1,1,1,0,0,0,0,0,0,1,1,1,1,0,0,0,0,0,1,1,1,1,1,0,0,0,0,0,1,1,1,1,1,0,0,0,0,0,0,1,1,1,1,0,0,0,0,1,0,1,1,1,1,0,1,0,1,1,1,0,1,1,1,1,1,1,1,1,1,1,1,1,1,1,1,0,0,0,1,1,1,1,1,1,0,0,0,1,1,1,1,1,1,1,1,1,0,0,1,1,1,1,1]",ff90339f6d2a9db0b4ac126f2863b05482dbcf87eec7afb27318752df9f578eb,c3e05c620daaee45103284ecb462a26fa43bfe45e9366be03d9f756e3007d7b4,improved_campaign_offspring,C000854,,5,boundary_growth:medium,0.07777777777777778,"[101,110,111,112,113,114,115,120,121,122,123,125,130,132]",14,L-SEED,completed,valid,[],,0.9597911360297043,0.13625122111759236,B6,2026-08-08T07:37:53.353+02:00,2026-08-08T07:37:53.353+02:00,2026-08-08T07:41:51.429+02:00
916,C000916,improved_dataset_1000_20260807_001,29,916,"[2,2,0,0,0,0,0,2,0,0,2,2,0,0,0,0,2,2,2,0,2,2,0,0,0,0,0,2,0,0,2,2,2,2,0,2,0,2,2,2,2,2,2,2,0,2,2,2,2,0,0,2,2,2,0,0,2,2,0,0,2,2,0,2,0,0,2,0,0,0,2,2,2,2,2,2,2,0,0,0,2,2,2,2,2,2,2,2,2,2,0,0,0,0,2,2,0,2,2,2,0,0,0,0,2,2,2,2,2,2,0,0,0,0,0,0,0,2,2,2,0,2,2,2,2,2,0,0,2,2,0,0,2,2,2,2,2,0,0,0,0,2,2,2,2,2,0,2,2,2,0,0,0,2,2,0,0,2,0,2,0,0,0,0,0,0,0,0,2,2,0,0,0,0,0,0,0,0,2,2]",063b3c7569435886117926cb8b85845cf52705b96325d15e4a215a317bb93120,f92b642c0daead22d2f505ef574569535e90353f657d0dea9389109845b40364,improved_campaign_offspring,C000890,,1,connected_region_repaint:medium,0.07777777777777778,"[2,3,4,12,13,14,15,22,23,24,25,26,34,36]",14,L-SEED,completed,valid,[],,0.04940000566475467,9.585814065630666,B1,2026-08-08T07:41:51.736+02:00,2026-08-08T07:41:51.736+02:00,2026-08-08T07:52:44.109+02:00
917,C000917,improved_dataset_1000_20260807_001,29,917,"[2,2,2,2,2,0,0,2,0,1,2,2,2,2,2,2,2,2,2,1,2,2,2,2,2,2,2,1,1,1,1,1,1,1,2,0,2,1,1,1,1,1,1,1,1,2,2,2,2,1,1,1,1,1,1,1,1,1,1,1,1,2,1,1,1,1,1,1,1,1,2,2,1,1,1,1,1,1,1,1,2,2,2,1,1,1,1,1,1,1,2,1,1,1,1,1,1,1,1,1,1,1,1,1,1,1,1,0,0,0,2,1,1,0,2,2,0,0,0,0,2,2,1,1,2,2,0,0,0,0,2,1,1,0,0,1,1,0,0,0,0,0,1,1,1,0,1,2,2,2,1,1,1,1,1,1,1,2,0,2,1,1,1,1,0,1,1,1,2,2,1,1,1,1,1,1,1,1,2,2]",35ace6ad72f7d787ae222567d3a48311c3862920bcb473349c7bb13c77965569,bf85702f00891165f4b30633df03f250480431580417fed694ea37aba4947e15,improved_campaign_offspring,C000528,,2,connected_region_repaint:large,0.18333333333333332,"[30,31,32,33,40,41,42,43,44,50,51,52,53,54,55,56,57,60,63,65,75,76,77]",23,L-SEED,completed,valid,[],,0.27198629526940404,9.018655185004958,B1,2026-08-08T07:41:51.974+02:00,2026-08-08T07:41:51.974+02:00,2026-08-08T07:52:44.109+02:00
918,C000918,improved_dataset_1000_20260807_001,29,918,"[0,0,0,0,0,0,0,0,0,0,2,2,0,0,0,0,0,0,0,0,2,0,0,0,0,0,0,0,0,0,2,0,0,0,0,0,0,0,0,0,0,0,0,0,0,0,0,0,0,0,0,0,0,0,0,0,0,0,0,0,0,0,0,0,0,0,0,0,0,0,0,0,0,0,0,0,0,0,0,0,0,0,0,0,0,0,0,0,0,0,2,0,0,0,0,0,0,0,0,1,2,2,2,0,0,0,0,0,1,1,2,2,2,0,0,0,0,1,1,1,2,2,2,0,0,0,0,1,1,1,2,2,1,0,0,0,0,1,1,1,0,0,1,1,1,1,1,1,1,1,1,1,1,1,1,1,1,1,1,1,1,1,1,1,1,1,1,1,1,1,1,1,1,1,1,1,1,1,1,1]",eae6f262ba3c4629a96bbf815dc984748710a9bcdcc11fec8482e47c24c3e3d6,07af4e3e5efa77d7f1ce080a5d1ef0a8b2620c72b877d77ba99c1b4be2441294,improved_campaign_offspring,C000889,,3,connected_region_repaint:large,0.2,"[14,24,25,31,34,41,42,43,44,45,46,47,51,52,53,54,55,56,57,61,62,63,64,65,71,72,73,74,75,76,82,83,84,85,86,87,92,93,94,95,96,97,98,104,105,106,107,114,116,124,126,135,136]",53,L-SEED,completed,valid,[],,0.1214222001320284,8.73997835906472,B1,2026-08-08T07:41:52.200+02:00,2026-08-08T07:41:52.200+02:00,2026-08-08T07:52:44.124+02:00
919,C000919,improved_dataset_1000_20260807_001,29,919,"[0,0,0,0,0,0,0,0,0,0,2,2,0,0,1,0,0,0,0,0,2,0,0,0,1,1,1,0,0,0,2,1,0,0,1,1,1,0,0,0,0,1,1,1,1,1,1,1,0,0,0,1,1,1,1,1,1,1,0,0,0,1,1,1,1,1,0,0,0,0,0,1,1,1,1,1,1,0,0,0,0,0,1,1,1,1,1,1,0,0,2,0,1,1,1,1,1,1,1,1,2,2,2,0,1,1,1,1,1,1,2,2,2,0,1,0,1,1,1,1,2,2,2,0,1,0,1,1,1,1,2,2,1,0,0,1,1,1,1,1,0,0,1,1,1,1,1,1,1,1,1,1,1,1,1,1,1,1,1,1,1,1,1,1,1,1,1,1,1,1,1,1,1,1,1,1,1,1,1,1]",14c1633daf7a2e6661bc6f4d72592d3581c003e069ae322a030c1c8319b33f4e,16128da3a0485123e81746dadc4db2f643739b393850b97895c6aa2924b9eab9,improved_campaign_offspring,C000889,,4,boundary_growth:small,0.016666666666666666,"[26,35,36]",3,L-SEED,completed,valid,[],,0.45715474447205817,5.703847877765245,B1,2026-08-08T07:41:52.337+02:00,2026-08-08T07:41:52.337+02:00,2026-08-08T07:52:44.124+02:00
920,C000920,improved_dataset_1000_20260807_001,29,920,"[0,0,0,0,0,0,0,0,0,0,0,0,0,0,0,0,0,0,0,0,0,0,0,0,0,0,0,0,0,0,0,0,0,0,0,0,0,0,0,0,0,0,0,0,0,0,0,0,0,0,0,0,0,0,0,0,0,0,0,0,0,0,0,0,0,1,1,1,1,0,0,0,0,0,0,0,1,1,1,1,0,2,2,2,2,1,1,1,0,0,2,2,2,0,2,2,1,1,1,0,2,2,2,0,2,2,2,2,1,1,2,2,0,2,2,0,0,1,1,1,2,2,0,2,2,0,0,1,1,1,2,2,2,0,2,2,2,0,0,1,0,0,0,0,0,2,0,0,1,1,1,1,0,0,0,0,0,0,0,1,1,1,0,1,0,0,0,0,1,1,1,1,1,1,1,1,0,0,1,1]",67f52563913a2ac50b750fe4fe50c3903378c981724dc9ba105be5dbdcade2da,d17b6c5d32da4636b176bc5f6fbf15ad37f708da7114cea0dd094a57d598a78f,improved_campaign_offspring,C000829,,5,boundary_growth:large,0.17222222222222222,"[22,30,31,32,41,51,61]",7,L-SEED,completed,valid,[],,0.18424795296263036,8.019981987155031,B1,2026-08-08T07:41:52.582+02:00,2026-08-08T07:41:52.582+02:00,2026-08-08T07:52:44.124+02:00
921,C000921,improved_dataset_1000_20260807_001,29,921,"[0,0,0,0,0,0,0,0,0,0,0,0,0,0,0,0,0,2,2,2,0,0,0,0,2,0,0,2,0,2,0,0,0,2,2,2,2,2,2,2,0,0,0,2,2,2,2,2,2,2,0,2,2,2,2,2,2,2,2,2,2,2,2,2,2,2,2,2,2,2,2,2,2,2,2,2,2,2,2,2,2,2,2,2,2,2,0,0,2,2,2,2,2,2,2,2,2,2,2,2,2,2,2,2,2,2,2,2,0,0,2,0,2,2,2,2,2,0,2,2,2,0,2,2,2,0,2,2,2,0,2,0,0,0,0,0,0,2,2,0,0,0,0,0,0,0,0,2,0,0,0,0,0,0,0,0,0,0,0,0,0,0,0,0,0,0,0,0,0,0,0,0,0,0,0,0,1,1,0,0]",34dae1a34475cc71f1758acf1875f35ac9da2534a561b205fc7d4a1ccbf1cd0a,ef398722c241f5e61eea2211f63a4df83537306758ee1d4e5b4f94a40ea09c54,improved_campaign_offspring,C000624,,1,connected_region_repaint:large,0.17222222222222222,"[17,18,19,24,27,29,33,34,35,36,37,38,39,43,44,45,46,47,48,49,54,55,56,57,58,59,69,77,78,79,89]",31,L-SEED,completed,valid,[],,0.04543795466957085,9.56650467893337,B1,2026-08-08T07:52:44.439+02:00,2026-08-08T07:52:44.439+02:00,2026-08-08T07:54:42.073+02:00
922,C000922,improved_dataset_1000_20260807_001,29,922,"[2,2,2,2,2,0,0,0,0,0,0,2,2,2,0,0,0,0,0,0,0,2,0,2,0,0,0,0,0,0,0,2,0,2,0,0,0,0,0,0,0,2,0,0,0,0,0,0,0,0,0,2,0,0,0,0,0,0,0,0,0,2,2,0,0,0,0,2,2,2,0,0,2,0,0,0,0,2,2,2,0,2,2,2,2,2,2,2,2,2,0,2,2,2,2,2,2,0,2,2,0,2,2,2,2,2,2,0,0,0,1,2,2,2,2,2,2,0,0,0,1,2,2,2,2,2,2,0,0,0,1,2,2,2,2,1,0,0,0,0,1,1,1,1,1,1,0,0,0,0,1,1,1,1,1,1,0,0,0,0,0,1,1,0,0,0,0,1,0,1,0,0,1,0,0,0,0,1,1,1]",423065211500c124cba381c5faee42a1d8e398069caf8a4c08defaaf9290faa0,871b3e180f72b19cab85c3f4648f8c85aaffd9cee9a9c9f663de16f60e5cf6ac,improved_campaign_offspring,C000863,,2,connected_region_repaint:small,0.016666666666666666,"[32,42,43]",3,L-SEED,completed,valid,[],,0.06229835284143187,9.39302357960791,B1,2026-08-08T07:52:44.603+02:00,2026-08-08T07:52:44.603+02:00,2026-08-08T07:54:42.089+02:00
923,C000923,improved_dataset_1000_20260807_001,29,923,"[0,0,0,0,0,0,0,0,0,0,0,0,0,0,0,0,0,0,0,0,0,0,0,0,0,0,0,0,0,0,0,0,0,0,0,0,0,0,0,0,0,0,0,0,0,0,0,2,0,0,0,2,2,2,0,0,0,2,2,2,2,2,2,2,2,2,2,2,2,0,2,2,2,2,2,2,2,0,0,0,2,2,2,2,2,2,0,0,2,0,2,2,2,2,2,2,2,2,2,2,2,2,2,2,2,2,2,2,0,0,2,0,2,2,2,2,2,0,2,2,2,0,2,2,2,0,2,2,2,0,2,0,0,0,0,0,0,2,2,0,0,0,0,0,0,0,0,2,0,0,0,0,0,0,0,0,0,0,0,0,0,0,0,0,0,0,0,0,0,0,0,0,0,0,0,0,1,1,0,0]",33f8aba97d873a0eb5f8631fc7cab7e7bb9d8f2b05910d69a4fd25ba08a7b9ad,af78858e36e1dca696c542f0a72fce3e0711d964ec914f48286d9d6dfdd6a385,improved_campaign_offspring,C000624,,3,boundary_growth:small,0.022222222222222223,"[47,57,58,59]",4,L-SEED,completed,valid,[],,0.048847986682426424,9.558172079600997,B1,2026-08-08T07:52:44.755+02:00,2026-08-08T07:52:44.755+02:00,2026-08-08T07:54:42.089+02:00
924,C000924,improved_dataset_1000_20260807_001,29,924,"[2,2,2,2,2,0,0,0,0,0,0,2,2,2,0,0,0,0,0,0,0,2,0,2,0,0,0,0,0,0,0,2,2,2,0,0,0,0,0,0,0,2,2,2,0,0,0,0,0,0,0,2,0,0,0,0,0,0,0,0,0,2,2,0,0,0,0,2,2,2,0,0,2,0,0,0,0,2,2,2,0,2,2,2,2,2,2,2,2,2,0,2,2,2,2,2,2,0,2,2,0,2,2,2,2,2,2,0,0,0,0,2,2,2,2,2,2,0,0,0,0,2,2,2,2,2,2,0,0,0,0,2,2,2,2,0,0,0,0,0,0,0,0,0,0,0,0,0,0,0,0,0,0,0,0,0,0,0,0,0,0,0,0,0,0,0,0,1,0,1,0,0,0,0,0,0,0,1,1,1]",c05f4cdf13d882059b7f91022b230a2eb6c17f5e9150074b2fc0fd9bda8deaef,ef8643c635fc2a9ed9c0a46329b9fa01a36f229efc5bb565921f4dc7adc88dab,improved_campaign_offspring,C000863,,4,connected_region_repaint:large,0.20555555555555555,"[110,120,130,135,140,141,142,143,144,145,150,151,152,153,154,155,161,162,172]",19,L-SEED,completed,valid,[],,0.06074620361355462,9.417389595679872,B1,2026-08-08T07:52:44.886+02:00,2026-08-08T07:52:44.886+02:00,2026-08-08T07:54:42.089+02:00
925,C000925,improved_dataset_1000_20260807_001,29,925,"[0,0,0,0,0,0,0,0,0,0,0,0,0,0,0,0,0,0,0,0,0,0,0,0,0,0,0,0,0,0,0,0,0,0,0,0,0,0,0,0,0,0,0,0,0,0,0,0,0,0,0,2,2,2,0,0,0,0,0,0,2,2,2,2,2,2,2,2,2,0,2,2,2,2,2,2,2,0,0,0,2,2,2,2,2,2,0,0,2,0,2,2,2,2,2,2,2,2,2,2,2,2,2,2,2,2,2,2,0,0,2,0,2,2,2,2,2,0,2,2,2,0,2,2,2,0,2,2,2,0,2,0,0,0,0,0,2,2,2,0,0,0,0,0,0,0,2,2,0,0,0,0,0,0,0,0,2,2,0,0,0,0,0,0,0,2,2,0,0,0,0,0,0,0,0,0,1,1,0,0]",0cbbf04d8c51f6ef698d655dc8bdc304894c2543f8771a2907395f7a010b7445,69ec39ac7d3a591e02e04ed04b10d3ac1a6573d87b78cd75d4a34778bd92db69,improved_campaign_offspring,C000624,,5,boundary_growth:medium,0.03333333333333333,"[136,146,156,157,165,166]",6,L-SEED,completed,valid,[],,0.04750488057293905,9.584339153289509,B1,2026-08-08T07:52:45.041+02:00,2026-08-08T07:52:45.041+02:00,2026-08-08T07:54:42.110+02:00
926,C000926,improved_dataset_1000_20260807_001,29,926,"[2,2,2,0,0,1,0,0,0,0,2,2,2,2,1,1,1,0,1,0,2,2,2,2,2,2,1,1,1,1,2,2,2,2,0,2,2,1,0,1,2,2,2,2,0,1,1,1,1,1,2,2,2,2,2,2,2,1,1,0,2,2,2,2,2,2,2,1,1,0,2,1,2,0,0,1,1,1,1,0,1,1,0,0,0,0,1,1,1,0,1,1,1,1,0,0,1,1,1,2,1,1,1,1,1,1,1,1,2,2,1,1,1,1,1,1,2,2,2,1,1,1,0,1,1,1,1,1,1,1,1,1,1,1,1,1,1,1,1,1,1,1,1,1,1,1,1,1,1,1,1,1,1,1,1,1,1,1,1,1,1,1,1,1,1,1,1,1,1,1,1,1,1,1,1,1,1,1,1,1]",5e94f6dfb899522ef2e00780abec1ab13d22b674c9d03cd3e9e2e75aa8937d50,85c407770214a8dd811b79a8acdee2ed2d0f8c6352aefcd996fe5cfac7cf1d5a,improved_campaign_offspring,C000898,,1,connected_region_repaint:medium,0.03333333333333333,"[99,108,109,116,117,118]",6,L-SEED,completed,valid,[],,0.48315139163195225,6.464716025138039,B1,2026-08-08T07:54:42.410+02:00,2026-08-08T07:54:42.410+02:00,2026-08-08T08:00:25.453+02:00
927,C000927,improved_dataset_1000_20260807_001,29,927,"[0,0,0,0,0,1,0,0,0,0,0,0,0,2,1,1,1,0,1,0,0,2,2,2,2,2,1,1,1,1,0,2,2,2,0,2,2,1,0,1,0,2,2,2,0,1,1,1,1,1,0,2,2,2,2,2,2,1,1,0,0,2,2,2,2,2,2,1,1,0,0,1,2,0,0,1,1,1,1,0,1,1,0,0,0,0,1,1,1,0,1,1,1,1,0,0,1,1,1,1,1,1,1,1,1,1,1,1,1,1,1,1,1,1,1,1,1,1,1,1,1,1,0,1,1,1,1,1,1,1,1,1,1,1,1,1,1,1,1,1,1,1,0,0,1,1,0,1,1,1,1,1,0,0,0,0,0,0,1,1,1,1,1,1,0,0,0,0,0,0,1,1,1,1,1,0,0,0,0,0]",255f93fb540bd02d62a41e8cc5373c64d1f5dd93b627789419461ceb7566bc9a,550f2c4fab2ba8ef0b0fde04dcc0fd4d4e4b55adbd80881eb160c99fe0f74421,improved_campaign_offspring,C000807,,2,connected_region_repaint:small,0.016666666666666666,"[142,143,152]",3,L-SEED,completed,valid,[],,0.5881668389316783,4.955537574723513,B2,2026-08-08T07:54:42.557+02:00,2026-08-08T07:54:42.557+02:00,2026-08-08T08:00:25.453+02:00
928,C000928,improved_dataset_1000_20260807_001,29,928,"[2,2,2,0,0,0,0,0,0,0,2,2,2,2,0,0,0,0,0,0,2,2,2,2,2,2,0,0,0,0,2,2,2,2,0,2,2,0,0,0,2,2,2,2,0,0,0,0,0,0,2,2,2,2,2,2,2,0,0,0,2,2,2,2,2,2,2,0,0,0,2,1,2,0,0,1,1,0,0,0,1,1,0,0,0,0,1,0,0,0,1,1,1,1,0,0,1,0,0,0,1,1,1,1,1,1,1,1,1,1,1,1,1,1,1,1,1,1,1,1,1,1,0,1,1,1,1,1,1,1,1,1,1,1,1,1,1,1,1,1,1,1,1,1,1,1,1,1,1,1,1,1,1,1,1,1,1,1,1,1,1,1,1,1,1,1,1,1,1,1,1,1,1,1,1,1,1,1,1,1]",ba1c503b9ce938a2660ae8c13959499ef4527d50bbad0937d1d25cee9db0cb64,ce392cb5fbaa39fcc36c63c782472b6813a2d34c7db7b2502d05988c7ecf1a56,improved_campaign_offspring,C000898,,3,rectangular_patch:medium,0.05,"[5,14,15,16,18,26,27,28,29,37,39,45,46,47,48,49,57,58,67,68,77,78,87,88,97,98,99]",27,L-SEED,completed,valid,[],,0.14732261107958664,8.439137238789582,B1,2026-08-08T07:54:42.688+02:00,2026-08-08T07:54:42.688+02:00,2026-08-08T08:00:25.469+02:00
929,C000929,improved_dataset_1000_20260807_001,29,929,"[2,2,2,0,0,0,0,0,0,0,2,2,2,2,0,0,0,0,0,0,2,2,2,2,2,2,0,0,0,0,2,2,2,2,0,2,2,0,0,0,2,2,2,2,0,0,0,0,0,0,2,2,2,2,2,2,2,0,0,0,2,2,2,2,2,2,2,0,0,0,2,1,2,0,0,0,0,0,0,0,1,1,0,0,0,0,1,1,0,0,1,1,1,1,0,0,1,1,1,1,1,1,1,1,1,1,1,1,1,1,1,1,1,1,1,1,1,1,1,1,1,1,0,1,1,1,1,1,1,1,1,1,1,1,1,1,1,1,1,1,1,1,1,1,1,1,1,1,1,1,1,1,1,1,1,1,1,1,1,1,1,1,1,1,1,1,1,1,1,1,1,1,1,1,1,1,1,1,1,1]",17273b1bcc58b4bd0cf4a1c8acbab6b26b83c95dd19889ef635dfb79252d045a,256a010ff1a07f774c19b3368cc23c5248e9333b66d835a7053934e110590bdf,improved_campaign_offspring,C000898,,4,connected_region_repaint:large,0.13333333333333333,"[5,14,15,16,18,26,27,28,29,37,39,45,46,47,48,49,57,58,67,68,75,76,77,78,88]",25,L-SEED,completed,valid,[],,0.14072722689547723,8.519905688718454,B1,2026-08-08T07:54:43.027+02:00,2026-08-08T07:54:43.027+02:00,2026-08-08T08:00:25.469+02:00
930,C000930,improved_dataset_1000_20260807_001,29,930,"[0,0,0,0,0,0,0,0,0,0,0,0,0,0,0,0,0,0,1,0,0,0,0,0,1,0,0,1,1,0,0,0,0,0,1,0,1,1,1,0,0,1,0,1,1,1,1,1,1,0,0,1,1,1,1,1,1,1,1,0,0,1,1,1,0,1,1,1,1,0,0,1,0,0,0,0,1,1,0,0,0,0,0,0,0,0,1,1,0,0,0,0,0,0,0,0,1,1,1,1,0,0,0,0,0,0,1,1,1,1,0,0,0,0,0,0,1,1,1,1,0,0,0,2,0,0,1,0,1,1,0,2,2,2,0,0,2,2,1,1,0,0,0,2,2,2,0,2,0,1,0,0,0,2,0,2,0,2,2,1,0,0,0,0,0,2,2,2,1,1,0,0,0,0,0,0,2,2,1,1]",14f80afd4fee97930445e5ee06221a2ae25028df1f521a912796ae857e0f1598,b271fd9da84d36fa0ec4cffc5a64a465f282887b0e8f898769c73051becf2a03,improved_campaign_offspring,C000900,,5,connected_region_repaint:small,0.022222222222222223,"[155,165,166,176]",4,L-SEED,completed,valid,[],,0.3842505524708752,5.96808599930127,B1,2026-08-08T07:54:43.158+02:00,2026-08-08T07:54:43.158+02:00,2026-08-08T08:00:25.484+02:00
931,C000931,improved_dataset_1000_20260807_001,30,931,"[0,1,1,1,1,1,1,1,1,1,0,1,1,0,1,1,1,1,1,1,0,0,0,0,1,1,1,1,1,1,0,2,2,2,0,1,1,1,1,1,0,2,2,2,0,1,1,1,1,1,0,1,2,1,0,1,1,1,1,1,1,1,1,1,1,1,1,1,1,1,1,1,2,2,1,1,1,1,1,1,1,2,2,2,2,1,1,1,1,1,2,2,2,2,2,1,1,1,1,1,2,2,2,2,1,1,1,1,1,1,2,2,2,1,1,1,1,1,1,1,2,2,2,2,1,1,1,1,1,1,0,2,2,0,0,1,1,1,1,1,0,0,0,1,1,1,1,1,1,1,1,1,1,1,1,1,0,0,1,1,1,1,1,1,1,1,1,0,0,1,1,1,1,1,1,1,1,1,1,1]",0e296d1a67149b1f2ddbf6afafb068290fbd86e4d4192f602a0b166756070afe,c0d0878e1bccf83ae06dc296c4a6e5d1aa62e3927b9b682ea74a198cb6a9dc71,improved_campaign_offspring,C000841,,1,connected_region_repaint:small,0.022222222222222223,"[156,157,167,168]",4,L-SEED,completed,valid,[],,0.9126566288448328,0.16797880348291308,B6,2026-08-08T08:00:25.944+02:00,2026-08-08T08:00:25.944+02:00,2026-08-08T08:04:44.882+02:00
932,C000932,improved_dataset_1000_20260807_001,30,932,"[2,2,2,2,0,2,0,0,0,0,2,2,2,2,0,2,2,0,0,0,2,2,2,2,0,0,2,2,2,2,2,2,2,2,0,2,2,0,0,0,0,0,2,2,2,2,2,0,0,0,0,0,0,0,0,2,2,2,0,0,0,0,0,0,0,0,0,0,0,0,0,0,0,2,0,0,0,0,0,0,2,2,2,2,2,0,0,0,0,0,2,2,2,2,2,2,1,1,1,0,2,2,2,2,2,2,2,2,1,1,2,2,2,2,2,0,1,1,1,1,2,2,2,2,2,0,1,1,1,1,2,2,2,0,0,1,1,1,1,1,0,0,1,1,1,0,1,1,1,1,1,1,1,1,1,0,1,1,1,1,1,1,1,1,1,1,1,1,1,1,1,1,1,1,1,1,1,1,1,1]",07e0678ac6532a0660575f48a9bc8f39e749eb4837cf9fde7f0152bbe1e00a02,8e8671a61102ab5986c58d430bece11aab302ddca2048149a9262c4e216374fe,improved_campaign_offspring,C000872,,2,connected_region_repaint:small,0.016666666666666666,"[33,42,43]",3,L-SEED,completed,valid,[],,0.1174052530453321,8.772707501478253,B1,2026-08-08T08:00:26.098+02:00,2026-08-08T08:00:26.098+02:00,2026-08-08T08:04:44.898+02:00
933,C000933,improved_dataset_1000_20260807_001,30,933,"[0,1,1,1,1,1,1,1,1,1,1,1,1,0,1,1,1,1,1,1,1,0,0,0,1,1,1,1,1,1,0,2,2,2,0,1,1,1,1,1,0,2,2,2,1,1,1,1,1,1,0,1,2,1,1,1,1,1,1,1,1,1,1,1,1,1,1,1,1,1,1,1,2,2,1,1,1,1,1,1,1,2,2,2,2,1,1,1,1,1,2,2,2,2,2,1,1,1,1,1,2,2,2,2,2,1,1,1,1,1,2,2,2,2,2,1,1,1,1,1,2,2,2,2,2,1,1,1,1,1,0,2,2,0,0,1,1,1,1,1,0,0,0,1,1,1,1,1,1,1,1,1,1,1,1,1,1,1,1,1,1,1,1,1,1,1,1,1,1,1,1,1,1,1,1,1,1,1,1,1]",2a42d82d00d7e0c46833144ccedf7a30faf3a91359d01c0f5e04af82db9bf7c5,948586be44e00037a13a3a49440c952aeb86a5497a35e6a47acc7bf46c46c2c1,improved_campaign_offspring,C000842,,3,boundary_growth:small,0.011111111111111112,"[10,20]",2,L-SEED,completed,valid,[],,0.8748275482879078,0.6533953752100569,B5,2026-08-08T08:00:26.249+02:00,2026-08-08T08:00:26.249+02:00,2026-08-08T08:04:44.898+02:00
934,C000934,improved_dataset_1000_20260807_001,30,934,"[2,2,2,2,2,2,2,0,0,0,2,2,2,2,2,2,0,0,0,0,2,0,2,2,2,2,2,2,0,0,0,0,2,2,2,2,2,2,0,0,0,0,2,2,2,2,2,2,0,0,0,0,2,2,2,2,2,2,2,0,0,0,2,2,2,2,2,2,2,0,0,0,2,2,2,2,2,0,0,0,0,0,0,0,0,0,0,0,0,0,0,0,0,0,0,0,0,0,0,0,0,0,0,0,0,0,0,0,0,0,0,0,0,0,0,0,0,0,0,0,0,0,0,0,0,0,0,0,0,0,0,0,0,0,0,0,0,0,0,0,0,0,0,0,0,0,0,0,0,0,0,0,0,0,0,0,0,0,0,0,0,0,0,0,0,0,0,0,1,0,0,0,0,0,0,0,0,0,1,0]",bedff5da3f40cf89ed403ac1e6f48494ef85ad4d99c473dde02c5155bc8a512b,442bf2edac3522921b94a58270a65e16be29fa690f61c1290a40b4e50d5a817c,improved_campaign_offspring,C000753,,4,boundary_growth:small,0.005555555555555556,[21],1,L-SEED,completed,valid,[],,0.0827131063433163,9.144611330707914,B1,2026-08-08T08:00:26.392+02:00,2026-08-08T08:00:26.392+02:00,2026-08-08T08:04:44.898+02:00
935,C000935,improved_dataset_1000_20260807_001,30,935,"[2,2,2,2,0,2,0,0,0,0,2,2,2,2,0,2,2,0,0,0,2,2,2,2,0,0,2,2,2,2,2,2,2,0,0,2,2,0,0,0,0,0,0,0,2,2,2,0,0,0,0,0,0,0,0,2,2,2,0,0,0,0,0,0,0,0,0,0,0,0,0,0,0,2,0,0,0,0,0,0,2,2,2,2,2,0,0,0,0,0,2,2,2,2,2,2,1,1,1,0,2,2,2,2,2,2,2,2,1,1,2,2,2,2,2,0,1,1,1,1,2,2,2,2,2,0,1,1,1,1,2,2,2,0,0,1,1,1,1,1,0,0,1,1,1,0,1,1,1,1,1,1,1,1,1,0,1,1,1,1,1,1,1,1,1,1,1,1,0,1,1,1,1,1,1,1,1,1,1,1]",3f9b9c1934eb3b09fff66325136e90a8d6ca0c2a7e73193b75e7828067e49903,ebdb8ef3430990b87b2de5d3263be7dc13a3343912e2519b94cd21d251c9ab29,improved_campaign_offspring,C000872,,5,connected_region_repaint:small,0.005555555555555556,[168],1,L-SEED,completed,valid,[],,0.11197272551061523,8.83596007008071,B1,2026-08-08T08:00:26.530+02:00,2026-08-08T08:00:26.530+02:00,2026-08-08T08:04:44.913+02:00
936,C000936,improved_dataset_1000_20260807_001,30,936,"[2,2,0,0,0,0,0,0,0,0,2,2,0,0,0,0,0,0,0,0,0,0,0,0,0,0,0,0,0,0,0,0,0,0,0,0,0,0,0,0,0,0,2,0,0,0,0,0,0,0,0,0,2,0,0,0,0,0,1,0,0,0,2,2,0,0,0,0,1,1,0,0,2,0,0,0,0,0,0,1,0,0,0,0,0,0,0,1,1,1,0,0,0,0,0,0,0,0,1,1,0,0,0,0,0,0,1,0,0,1,0,0,0,0,0,0,1,0,0,1,0,0,0,0,0,1,1,1,0,1,0,1,1,1,1,1,1,1,1,1,1,1,1,1,1,1,1,1,1,1,0,1,1,1,1,1,1,1,0,1,2,2,2,2,2,1,1,1,1,1,2,2,1,2,2,2,1,1,1,1]",67de4af7521954f2bfaba81b2438af4d603e08f64a49a8ef5c14d9564d1071bc,9512c675355f8efb80d26cd9864cc0bd0f87ee719f5054492500922bc03b643c,improved_campaign_offspring,C000817,,1,connected_region_repaint:small,0.016666666666666666,"[31,41,51,61]",4,L-SEED,completed,valid,[],,0.16773525263975558,8.297405207217802,B1,2026-08-08T08:04:45.213+02:00,2026-08-08T08:04:45.213+02:00,2026-08-08T08:09:55.547+02:00
937,C000937,improved_dataset_1000_20260807_001,30,937,"[2,1,1,1,1,1,1,1,1,1,2,1,1,1,1,1,1,1,1,1,2,2,2,0,0,1,1,1,1,1,2,0,2,2,0,1,1,1,1,1,2,0,0,0,0,1,1,1,1,1,2,2,0,0,0,0,1,1,1,1,0,0,0,1,1,1,1,1,1,1,0,1,0,1,0,0,1,1,1,1,1,1,1,1,0,1,1,1,1,1,1,1,1,1,1,1,1,1,1,1,1,1,1,1,1,1,1,1,1,1,1,1,1,1,1,1,1,1,1,1,0,1,1,1,1,1,1,0,1,1,0,0,1,1,1,1,0,0,1,1,0,0,1,0,1,1,0,0,0,1,0,0,0,0,0,0,0,0,0,1,0,0,0,0,0,0,0,0,1,1,0,0,0,0,0,0,0,0,1,1]",c7809ba6ea843d87b24d329757902645d2a8ebba8ba703cb996fa78048c2f25f,3ab15f57a1d9e73587a7c43fbfdd6b5761b1595c2e080fd760aa4ddc5a8d6d1d,improved_campaign_offspring,C000849,,2,rectangular_patch:small,0.016666666666666666,"[63,64,73]",3,L-SEED,completed,valid,[],,0.9959130993619302,0.1176875811241211,B6,2026-08-08T08:04:45.460+02:00,2026-08-08T08:04:45.460+02:00,2026-08-08T08:09:55.563+02:00
938,C000938,improved_dataset_1000_20260807_001,30,938,"[2,0,0,0,2,2,2,1,1,1,2,0,0,0,2,2,2,1,1,1,2,2,2,0,0,1,1,1,1,1,2,0,2,2,0,1,1,1,1,1,2,0,0,0,0,1,1,1,1,1,2,2,0,0,0,0,1,1,1,1,0,0,0,0,0,1,1,1,1,1,0,1,0,0,0,0,1,1,1,1,1,1,1,1,0,1,1,1,1,1,1,1,1,1,1,1,1,1,1,1,1,1,1,1,1,1,1,1,1,1,1,1,1,1,1,1,1,1,1,1,0,1,1,1,1,1,1,0,1,1,0,0,1,1,1,1,0,0,1,1,0,0,1,0,1,1,0,0,0,1,0,0,0,0,0,0,0,0,0,1,0,0,0,0,0,0,0,0,1,1,0,0,0,0,0,0,0,0,1,1]",b9ea8083eb72a38a5d6b25e0cf9299fe8e8726a926a3a0a2ec815608c9064af9,2a77d1401449721ef53bad3771bd6e9e87005c59abcda1b4dee97a10d80c69bb,improved_campaign_offspring,C000849,,3,rectangular_patch:medium,0.03333333333333333,"[1,2,3,4,5,6,11,12,13,14,15,16]",12,L-SEED,completed,valid,[],,0.7140076397362357,2.6063106807677467,B4,2026-08-08T08:04:45.614+02:00,2026-08-08T08:04:45.614+02:00,2026-08-08T08:09:55.571+02:00
939,C000939,improved_dataset_1000_20260807_001,30,939,"[2,1,1,1,1,1,1,1,1,1,2,1,1,1,1,1,1,1,1,1,2,2,2,0,0,1,1,1,1,1,2,0,2,2,0,0,1,1,1,1,2,0,0,0,0,0,1,1,1,1,2,2,0,0,0,0,1,1,1,1,0,0,0,0,0,1,1,1,1,1,0,1,0,0,0,0,1,1,1,1,1,1,1,1,0,1,1,1,1,1,1,1,1,1,1,1,1,1,1,1,1,1,1,1,1,1,1,1,1,1,1,1,1,1,1,1,1,1,1,1,0,1,1,1,1,1,1,0,1,1,0,0,1,1,1,1,0,0,1,1,0,0,1,1,1,1,0,0,0,1,0,0,1,1,0,0,0,0,0,1,0,0,0,0,0,0,0,0,1,1,0,0,0,0,0,0,0,0,1,1]",b32afaf1f9af91ed2b28754e056e0ef4bc9582e509312570c8534cf49d3717a4,393ddf98383970b1b61fbaa53286bae4004d3a4b25800f10052f47d10e295044,improved_campaign_offspring,C000610,,4,connected_region_repaint:small,0.011111111111111112,"[35,45]",2,L-SEED,completed,valid,[],,0.9906650298585882,0.12014766598432934,B6,2026-08-08T08:04:45.745+02:00,2026-08-08T08:04:45.745+02:00,2026-08-08T08:09:55.571+02:00
940,C000940,improved_dataset_1000_20260807_001,30,940,"[2,1,1,1,1,1,1,1,1,1,2,1,1,1,1,1,1,1,1,1,2,2,2,0,0,1,1,1,1,1,2,0,2,2,0,1,1,1,1,1,2,0,0,0,0,1,1,1,1,1,2,2,0,0,0,0,1,1,1,1,0,0,0,0,0,1,1,1,1,1,0,1,0,0,0,0,1,1,1,1,1,1,1,1,0,1,1,1,1,1,1,1,1,1,1,1,1,1,1,1,1,1,0,1,1,1,1,1,1,1,1,1,0,1,1,1,1,1,1,1,0,1,1,1,1,1,1,0,1,1,0,0,1,1,1,1,0,0,1,1,0,0,1,0,1,1,0,0,0,1,0,0,0,0,0,0,0,0,0,1,0,0,0,0,0,0,0,0,1,1,0,0,0,0,0,0,0,0,1,1]",02abcdbdb0864e840b60af04af76ac63458be9eaf212d5776a4989a0eae59aba,5970c42314164cb426848368b895892691f711bf9ad82ee9180c2666057cdace,improved_campaign_offspring,C000849,,5,connected_region_repaint:small,0.011111111111111112,"[102,112]",2,L-SEED,completed,valid,[],,0.9942546492128883,0.1163746964642517,B6,2026-08-08T08:04:45.977+02:00,2026-08-08T08:04:45.977+02:00,2026-08-08T08:09:55.586+02:00
941,C000941,improved_dataset_1000_20260807_001,30,941,"[2,1,1,1,1,1,1,1,1,1,2,1,1,1,1,1,1,1,1,1,2,2,2,2,2,1,1,1,1,1,2,2,2,0,2,1,1,1,1,1,2,2,2,0,2,1,1,1,1,1,2,2,2,0,2,1,1,1,1,1,2,0,2,0,1,1,1,1,1,1,0,0,0,0,0,1,1,1,1,1,0,0,0,0,0,0,1,1,1,1,0,0,0,0,0,1,1,1,1,1,0,1,0,0,0,1,1,1,1,1,1,1,1,0,1,1,1,1,1,1,1,1,1,1,1,1,1,1,1,1,1,1,1,1,1,1,0,1,1,1,1,1,1,1,1,1,1,1,1,1,1,1,0,0,0,1,1,1,1,1,1,0,0,0,1,1,1,1,1,1,1,1,1,0,0,1,1,1,1,1]",15a3ed2353bdc3eb3a1480181a951456be85fac2a25c93e120f3f2acee6445e0,1e35114c175bd2b45f24e6e76ea13da44614400340d3a6d468cf26aca61aaed6,improved_campaign_offspring,C000854,,1,connected_region_repaint:small,0.005555555555555556,[113],1,L-SEED,completed,valid,[],,0.9944356569223066,0.11785304683244109,B6,2026-08-08T08:09:55.918+02:00,2026-08-08T08:09:55.918+02:00,2026-08-08T08:14:43.694+02:00
942,C000942,improved_dataset_1000_20260807_001,30,942,"[2,1,1,1,1,1,1,1,1,1,2,1,1,1,1,1,1,1,1,1,2,2,2,2,2,1,1,1,1,1,2,2,2,0,2,1,1,1,1,1,2,2,2,0,2,1,1,1,1,1,2,2,2,0,2,1,1,1,1,1,2,0,2,0,1,1,1,1,1,1,0,0,0,0,0,1,1,1,1,1,0,0,0,0,0,0,1,1,1,1,1,0,0,0,0,1,1,1,1,1,1,1,0,0,0,0,1,1,1,1,1,1,0,0,0,0,1,1,1,1,1,1,0,0,0,1,1,1,1,1,1,1,1,1,1,1,0,1,1,1,1,1,1,1,1,1,1,1,1,1,1,1,0,0,0,1,1,1,1,1,1,0,0,0,1,1,1,1,1,1,1,1,1,0,0,1,1,1,1,1]",23a501751f9064d1bd983c0ab5315ffc4acaa5d1455e2277b3ff11e2424b2620,58cc63b82743d7334d6706bc76fbad44831a4c17e792209619f0123c06ea7d1a,improved_campaign_offspring,C000824,,2,rectangular_patch:medium,0.06111111111111111,"[105,112,113,114,115,122,123,124]",8,L-SEED,completed,valid,[],,0.9901450318973201,0.12262964148851535,B6,2026-08-08T08:09:56.065+02:00,2026-08-08T08:09:56.065+02:00,2026-08-08T08:14:43.711+02:00
943,C000943,improved_dataset_1000_20260807_001,30,943,"[2,2,2,2,2,2,2,2,2,0,2,2,2,2,2,2,0,0,0,0,2,2,2,2,2,2,0,0,0,0,2,2,2,2,2,2,0,0,0,0,2,2,2,2,2,2,0,0,2,2,0,2,2,2,2,2,2,2,2,2,1,1,1,1,1,1,2,2,2,1,1,1,1,1,1,1,1,1,1,1,1,1,1,1,1,1,0,1,1,1,1,1,1,1,1,1,0,1,1,1,1,1,1,1,1,1,0,1,1,1,1,1,1,1,1,0,1,1,1,1,1,0,0,0,0,0,1,0,1,1,0,0,0,2,0,0,0,0,1,1,0,0,2,2,0,0,0,0,0,1,2,2,0,2,0,0,0,0,0,1,2,2,2,2,0,0,0,0,1,1,2,2,2,0,0,0,0,0,1,1]",f8050a112d28cd1ed68a86befea5baa3ae2b7b0283a57a1e2a264566d8c30889,5db938293419a80855eaf7fe3b313a48d9258ef366c9a5e3816e62c8635f05ee,improved_campaign_offspring,C000913,,3,boundary_growth:small,0.005555555555555556,[120],1,L-SEED,completed,valid,[],,0.12821872551624208,8.650624026765405,B1,2026-08-08T08:09:56.203+02:00,2026-08-08T08:09:56.203+02:00,2026-08-08T08:14:43.711+02:00
944,C000944,improved_dataset_1000_20260807_001,30,944,"[2,0,0,0,0,0,0,0,0,0,2,0,0,0,0,0,0,0,0,0,2,0,0,0,0,0,1,1,0,0,2,2,2,0,0,0,0,1,1,1,2,2,2,0,0,0,0,0,0,1,2,2,2,0,0,0,0,0,1,1,2,2,2,0,0,0,0,0,1,1,2,2,2,2,2,0,0,0,0,1,2,2,2,2,1,0,0,0,1,1,0,0,2,2,1,1,1,1,1,1,0,0,0,2,2,2,1,0,1,1,0,0,0,2,2,2,2,1,1,1,0,0,0,2,2,2,2,0,1,1,0,0,2,2,2,2,2,2,1,1,2,0,0,0,2,2,2,2,2,1,2,2,0,2,2,2,2,2,2,1,2,2,2,2,2,2,2,2,1,1,2,2,2,2,2,2,2,2,1,1]",b851839b710e58053d55fbb390e419459c0d61d730ca755cb896318353da28af,12da210f523378f3f9b1023fa624fa40d0220bb6305b5938b395fb65e60a46af,improved_campaign_offspring,C000884,,4,connected_region_repaint:small,0.022222222222222223,"[141,142,143,152]",4,L-SEED,completed,valid,[],,0.3489676832571082,6.385219594631857,B1,2026-08-08T08:09:56.351+02:00,2026-08-08T08:09:56.351+02:00,2026-08-08T08:14:43.711+02:00
945,C000945,improved_dataset_1000_20260807_001,30,945,"[0,0,0,0,0,0,0,0,0,0,0,0,0,0,0,0,0,0,0,0,0,0,0,0,0,0,1,1,0,0,0,0,0,0,0,0,0,1,1,1,0,0,0,0,0,0,0,0,0,1,0,0,0,0,0,0,0,0,1,1,2,0,0,0,0,0,0,0,1,1,2,0,0,2,2,0,0,0,0,1,2,2,0,2,1,0,0,0,1,1,0,0,2,2,1,1,1,1,1,1,0,0,0,2,2,2,1,0,1,1,0,0,0,2,2,2,2,1,1,1,0,0,0,2,2,2,2,0,1,1,0,0,2,2,2,2,2,2,1,1,2,2,2,2,2,2,2,2,2,1,2,2,2,2,2,2,2,2,2,1,2,2,2,2,2,2,2,2,1,1,2,2,2,2,2,2,2,2,1,1]",fc8a662426fdd4d9b6678164ae50eef673fa531e2b175d8e92d80759cf8a51c6,181a3805eebb34c21d8c2da61f7c180115a48d89c4641f988a59d9bcdba546db,improved_campaign_offspring,C000884,,5,connected_region_repaint:large,0.09444444444444444,"[0,10,20,30,31,32,40,41,42,50,51,52,61,62,71,72,82]",17,L-SEED,completed,valid,[],,0.3462263850157084,6.420594930678462,B1,2026-08-08T08:09:56.488+02:00,2026-08-08T08:09:56.488+02:00,2026-08-08T08:14:43.727+02:00
946,C000946,improved_dataset_1000_20260807_001,30,946,"[0,0,0,0,0,0,0,0,0,0,2,2,0,0,1,0,0,0,0,0,2,0,0,0,1,1,1,0,0,0,2,1,0,0,1,1,1,0,0,0,0,1,1,1,1,1,1,1,0,0,0,1,1,1,1,1,1,1,0,0,0,1,1,1,1,1,0,0,0,0,0,1,1,1,1,1,1,0,0,0,0,0,1,1,1,1,1,1,0,0,2,0,1,1,1,1,1,1,1,1,2,2,2,0,0,1,1,1,1,1,2,2,2,0,0,0,1,1,1,1,2,2,2,0,0,0,1,1,1,1,2,2,1,0,0,1,1,1,1,1,0,0,1,1,1,1,1,1,1,1,1,1,1,1,1,1,1,1,1,1,1,1,1,1,1,1,1,1,1,1,1,1,1,1,1,1,1,1,1,1]",c551decabf966af8ac87f386d85b1c3cd384de6a1a3dce290d7e34e0da5765f6,88e90b4e0728bcb2227c9fa6651c44853e579071676b0c5be3f8cb973a1df464,improved_campaign_offspring,C000919,,1,boundary_growth:small,0.016666666666666666,"[104,114,124]",3,L-SEED,completed,valid,[],,0.4565437513029829,5.714379907007038,B1,2026-08-08T08:14:44.032+02:00,2026-08-08T08:14:44.032+02:00,2026-08-08T08:18:05.890+02:00
947,C000947,improved_dataset_1000_20260807_001,30,947,"[0,0,1,1,1,1,1,1,1,1,2,2,1,1,1,0,1,1,1,1,2,0,0,0,1,1,1,1,1,1,2,1,0,0,1,1,1,1,1,1,0,1,1,1,1,1,1,1,1,1,0,1,1,1,1,1,1,1,1,1,0,0,0,1,1,1,1,1,1,1,0,0,0,1,1,1,1,1,1,1,0,0,0,1,1,1,1,1,1,1,2,0,0,1,1,1,1,1,1,1,2,2,2,0,1,1,1,1,1,1,2,2,2,0,1,0,1,1,1,1,2,2,2,0,1,0,1,1,1,1,2,2,1,1,0,1,1,1,1,1,0,0,1,1,1,1,1,1,1,1,1,1,1,1,1,1,1,1,1,1,1,1,1,1,1,1,1,1,1,1,1,1,1,1,1,1,1,1,1,1]",ca039902ecb38050cb3543a872ab91688ed20e1518d0feba5b8ff2b2e03ac64a,85fc8756d1507d8e76f1d10729d358ab1f3bb64a8120b69a87d50a826e637c29,improved_campaign_offspring,C000827,,2,boundary_growth:large,0.2,"[2,3,4,5,6,7,8,9,12,13,16,17,18,19,26,27,28,29,35,36,37,38,39,48,49,58,59,66,67,68,69,77,78,79,88,89]",36,L-SEED,completed,valid,[],,0.9868245300462698,0.2315514003272898,B6,2026-08-08T08:14:44.174+02:00,2026-08-08T08:14:44.174+02:00,2026-08-08T08:18:05.901+02:00
948,C000948,improved_dataset_1000_20260807_001,30,948,"[0,0,0,0,0,0,0,0,0,0,0,0,0,0,0,0,0,0,0,0,0,0,0,0,0,0,0,0,0,0,0,0,0,0,0,0,0,0,0,0,0,0,0,0,0,0,0,0,0,0,0,0,0,0,0,0,0,0,0,0,0,0,0,0,0,0,0,0,0,0,0,0,0,0,0,0,0,0,0,0,0,2,2,2,2,0,0,0,0,0,2,2,2,0,2,2,0,0,0,0,2,2,2,0,2,2,2,2,0,0,2,2,0,2,2,0,0,0,0,0,2,2,0,2,2,0,0,0,0,0,2,2,2,0,2,2,2,0,0,0,0,0,0,0,0,2,0,0,0,0,1,1,0,0,0,0,0,0,0,0,1,1,0,1,0,0,0,0,0,0,1,1,1,1,1,1,0,0,0,1]",72225619181818ee603783a4d195829c0bf89707abc13fd70140d4142264e1b6,bde55e0bf90735b3d8c9904fe2f66c1703d0de6e5a180983d33b02d9ca5d4921,improved_campaign_offspring,C000920,,3,boundary_growth:large,0.13333333333333333,"[65,66,67,68,76,77,78,79,85,86,87,96,97,98,108,109,117,118,119,127,128,129,139,148,149,159,168,169,178]",29,L-SEED,completed,valid,[],,0.05412307794386558,9.470572850971504,B1,2026-08-08T08:14:44.328+02:00,2026-08-08T08:14:44.328+02:00,2026-08-08T08:18:05.901+02:00
949,C000949,improved_dataset_1000_20260807_001,30,949,"[2,2,0,0,0,0,0,0,0,0,2,2,0,0,0,0,0,0,0,0,2,2,2,2,2,0,0,0,0,0,2,2,2,0,0,0,0,0,0,0,0,0,0,0,0,0,0,0,0,0,0,0,0,0,0,0,0,0,0,0,0,0,0,0,0,0,0,0,0,0,0,0,0,0,0,0,0,0,0,0,0,0,0,0,0,0,0,0,0,0,2,0,0,0,0,2,0,0,0,0,2,2,2,0,2,2,2,2,0,0,2,2,2,2,2,2,2,2,0,0,2,2,2,2,2,2,2,0,0,0,2,2,2,0,0,2,2,0,0,0,0,0,2,0,0,2,0,0,0,0,2,2,2,1,2,2,2,0,0,0,2,2,2,1,1,2,1,0,0,0,2,2,1,1,1,0,1,1,0,0]",a912bf25f0b73d3489029f49057e52c58c1b10fd23d70fb865d0293519afe359,599882d0ad9ec6b2854dc378483351b2775b381324bd498e9520513428ccb220,improved_campaign_offspring,C000888,,4,boundary_growth:small,0.016666666666666666,"[159,169,179]",3,L-SEED,completed,valid,[],,0.0683553484878366,9.355083999568752,B1,2026-08-08T08:14:44.462+02:00,2026-08-08T08:14:44.462+02:00,2026-08-08T08:18:05.901+02:00
950,C000950,improved_dataset_1000_20260807_001,30,950,"[2,2,2,2,2,0,0,2,0,0,2,2,2,2,2,2,2,2,2,0,2,2,2,2,2,2,2,0,0,0,2,2,2,2,2,2,2,0,0,0,2,2,2,2,0,2,0,0,0,0,0,2,2,2,0,0,0,0,0,0,2,2,0,0,0,0,0,0,0,0,2,2,2,0,0,0,0,0,0,0,2,2,2,2,0,0,0,0,0,0,0,0,0,0,0,0,0,0,0,0,0,0,0,0,0,0,0,0,0,0,0,0,0,0,0,0,0,0,0,0,0,2,2,2,2,2,0,0,0,0,0,0,2,2,2,2,2,0,0,0,0,2,2,2,2,2,0,2,2,2,0,0,0,2,2,0,0,2,0,2,0,0,0,0,0,0,0,0,2,2,0,0,0,0,0,0,0,0,2,2]",b48b50072f13d42dfbc240e77b8bfc8d862b5d842dff0d771b2cb4156fd68fb7,30c7d78c2436fa878c03768371b5741d44d12e889d6f9646573a0ffad94ae03a,improved_campaign_offspring,C000890,,5,boundary_growth:large,0.18333333333333332,"[27,37,38,39,46,47,48,56,57,63,66,73,74,75,76,84,85,86,87,88,89,94,95,97,98,99,104,105,106,107,108,109,117,118,119,128,129]",37,L-SEED,completed,valid,[],,0.07426384158246285,9.230967218864798,B1,2026-08-08T08:14:44.591+02:00,2026-08-08T08:14:44.591+02:00,2026-08-08T08:18:05.917+02:00
951,C000951,improved_dataset_1000_20260807_001,30,951,"[0,0,0,0,0,0,0,0,0,0,0,0,0,0,0,0,0,0,0,0,0,0,0,0,0,0,0,0,0,2,2,2,2,2,0,0,2,2,2,2,2,2,2,2,0,0,2,0,2,2,2,2,2,2,2,2,2,2,2,2,0,2,2,2,2,2,2,2,0,2,0,0,2,0,0,2,2,2,2,2,0,0,0,0,2,2,2,2,2,2,0,0,0,2,2,2,2,2,2,2,0,0,0,0,0,0,2,2,2,2,0,0,0,0,0,0,0,2,2,2,0,0,0,0,0,0,0,2,0,2,0,0,0,0,0,0,0,0,0,2,0,0,0,0,0,0,0,0,2,0,0,0,0,0,0,0,0,0,2,2,0,1,1,0,0,0,0,1,2,1,0,0,1,0,0,0,0,1,1,1]",7f4e68ee96fcd8544fa588355b1e561d7d71e5b69a99d75dfbbcba571ab61ce3,7f220aa816e25bc8776c8f8f708bf1588ee3f74f56e30ffb92d47e6415160ce2,improved_campaign_offspring,C000412,,1,boundary_growth:medium,0.08333333333333333,"[0,1,2,3,4,5,6,7,10,11,12,13,14,15,20,21,22,23,24]",19,L-SEED,completed,valid,[],,0.04239424324479817,9.585461845789174,B1,2026-08-08T08:18:06.237+02:00,2026-08-08T08:18:06.237+02:00,2026-08-08T08:22:27.495+02:00
952,C000952,improved_dataset_1000_20260807_001,30,952,"[2,2,2,2,2,0,0,0,0,0,0,2,2,2,0,0,0,0,0,0,0,2,0,2,0,0,0,0,0,0,0,2,0,2,0,0,0,0,0,0,0,2,0,0,0,0,0,0,0,0,0,2,0,0,0,0,0,0,0,0,0,2,2,0,0,0,0,2,2,2,0,0,2,0,0,0,0,2,2,2,0,2,2,2,2,2,2,2,2,2,2,2,2,2,2,2,2,0,2,2,2,2,2,2,2,2,2,0,0,0,1,2,2,2,2,2,2,0,0,0,1,2,2,2,2,2,2,0,0,0,1,2,2,2,2,1,0,0,0,0,1,1,1,1,1,1,0,0,0,0,1,1,1,1,1,1,0,0,0,0,0,1,1,0,0,0,0,1,0,1,0,0,1,0,0,0,0,1,1,1]",fa461b31f14cfe52550d9ddc0c6ac3d488333881ab89e8ad179776a34c8d4b86,fdb038294a77e151bbb7540dd4176536a4ae56a9871478e7be51bbae91096fa9,improved_campaign_offspring,C000922,,2,boundary_growth:small,0.011111111111111112,"[90,100]",2,L-SEED,completed,valid,[],,0.06285490547740546,9.38329830836755,B1,2026-08-08T08:18:06.375+02:00,2026-08-08T08:18:06.375+02:00,2026-08-08T08:22:27.511+02:00
953,C000953,improved_dataset_1000_20260807_001,30,953,"[2,2,2,2,2,2,2,2,0,0,2,2,2,2,2,2,0,0,0,0,2,2,2,2,2,0,0,0,0,0,2,2,2,2,0,0,2,2,0,0,2,2,2,2,0,0,2,0,2,2,2,2,2,2,2,2,2,2,2,2,0,2,2,2,2,2,2,2,0,2,0,0,2,0,0,2,2,2,2,2,0,0,0,0,2,2,2,2,2,2,0,0,0,2,2,2,2,2,2,2,0,0,0,0,0,0,2,2,2,2,0,0,0,0,0,0,0,2,2,2,0,0,0,0,0,0,0,2,0,2,0,0,0,0,0,0,0,0,0,2,0,0,0,0,0,0,0,0,2,0,0,0,0,0,0,0,0,0,2,2,0,1,1,0,0,0,0,1,2,1,0,0,1,0,0,0,0,1,1,1]",1609ece75150ed99fc6286581e108d643082275dc6a5562b924ea46ced0b7a49,7c4a9a7c1c626c561f44e0c8bbc6cefef57afee08540269978216dc9975c235f,improved_campaign_offspring,C000412,,3,boundary_growth:small,0.016666666666666666,"[29,38,39]",3,L-SEED,completed,valid,[],,0.06088928554654249,9.361499738251299,B1,2026-08-08T08:18:06.537+02:00,2026-08-08T08:18:06.537+02:00,2026-08-08T08:22:27.511+02:00
954,C000954,improved_dataset_1000_20260807_001,30,954,"[2,2,2,1,1,1,1,1,1,1,2,2,1,1,1,1,1,1,1,1,2,2,2,2,2,1,1,1,0,0,2,2,2,2,2,1,1,1,1,1,2,2,2,2,2,1,1,1,1,1,2,2,2,2,2,2,1,1,1,1,2,2,2,2,1,1,1,1,1,1,2,2,2,2,1,1,1,1,1,1,2,2,2,2,2,2,1,1,1,1,2,2,2,2,2,2,1,1,1,1,2,2,2,2,2,2,1,1,1,1,2,2,2,2,2,2,1,1,1,1,2,2,2,2,2,2,1,0,1,1,2,2,2,1,2,2,1,1,1,1,0,0,0,1,2,2,1,1,1,1,0,0,0,1,1,1,1,1,1,1,0,0,0,0,0,0,0,1,1,1,0,0,0,0,0,0,1,1,1,1]",d1b17c027481bcbcbacdd37fc1642c55db0780e1a976e741f5e41add70e52e08,3167b6250278024a58433fd53581fe475755cef13d2b5333e7af30c6308ad80a,improved_campaign_offspring,C000773,,4,boundary_growth:medium,0.06111111111111111,"[162,163,164,165,166,170,171,172,173,174,175]",11,L-SEED,completed,valid,[],,0.7649029678497414,2.004051501290803,B4,2026-08-08T08:18:06.686+02:00,2026-08-08T08:18:06.686+02:00,2026-08-08T08:22:27.511+02:00
955,C000955,improved_dataset_1000_20260807_001,30,955,"[0,0,0,0,0,0,0,0,0,0,0,0,0,0,0,0,0,0,0,0,0,0,0,0,0,0,0,0,0,0,0,0,0,0,0,0,2,0,0,0,0,0,0,0,2,2,2,2,0,0,0,0,0,0,2,2,2,0,0,0,0,0,1,2,2,2,2,0,0,0,1,1,1,2,2,2,0,0,0,0,1,1,1,1,2,2,0,0,0,0,2,2,1,2,2,1,1,1,1,0,2,2,1,1,2,2,1,1,1,1,2,2,2,1,1,1,1,1,1,1,2,2,2,1,1,1,1,0,1,1,2,2,2,1,1,2,2,2,1,1,0,0,0,0,2,2,2,2,2,1,0,0,0,0,0,2,0,2,2,1,0,0,0,0,2,2,2,2,1,1,0,0,0,2,2,2,2,2,1,1]",6038ff4f6207850aa7259090f17d9ac85307e00938a9220ce2c8df8d37c4bf7d,a4fa2f5679ac44e8565fc5d5a1254251d45011084123e18625d486284455b41c,improved_campaign_offspring,C000741,,5,connected_region_repaint:small,0.016666666666666666,"[33,42,43,53]",4,L-SEED,completed,valid,[],,0.07043777742430171,9.404452108953725,B1,2026-08-08T08:18:06.838+02:00,2026-08-08T08:18:06.838+02:00,2026-08-08T08:22:27.529+02:00
956,C000956,improved_dataset_1000_20260807_001,30,956,"[0,0,0,0,0,0,0,0,0,0,0,0,0,0,0,0,0,0,0,0,0,0,0,0,0,0,0,0,0,0,0,0,0,0,0,0,0,0,0,0,0,0,0,0,0,0,0,0,0,0,0,0,0,0,0,0,0,0,0,0,0,0,0,0,2,2,2,2,2,2,0,0,0,0,2,2,2,2,2,2,0,0,0,0,2,2,2,2,2,2,0,0,0,0,2,2,2,2,2,2,0,0,0,0,2,2,2,1,1,1,0,0,0,0,0,0,1,1,1,1,0,0,0,2,0,0,1,0,1,1,0,2,2,2,0,0,2,2,1,1,0,0,0,2,2,2,0,2,0,1,0,0,0,2,0,2,0,2,2,1,0,0,0,0,0,2,2,2,1,1,0,0,0,0,0,0,2,2,1,1]",6b4b5b0cb8038e9e4b577b2264c6900ec8232a11ad9c9a5b5b6c9b91965d29ad,afb8f9ebd4c298aa54a80ef71e5f0f467aa4d7a4d2a94894e3b916641dfd23a2,improved_campaign_offspring,C000930,,1,rectangular_patch:large,0.15,"[18,24,27,28,34,36,37,38,41,43,44,45,46,47,48,51,52,53,54,55,56,57,58,61,62,63,64,65,66,67,68,69,71,74,75,76,77,78,79,84,85,86,87,88,89,94,95,96,97,98,99,104,105,106]",54,L-SEED,completed,valid,[],,0.06970302176533028,9.273284343363141,B1,2026-08-08T08:22:27.860+02:00,2026-08-08T08:22:27.860+02:00,2026-08-08T08:29:44.998+02:00
957,C000957,improved_dataset_1000_20260807_001,30,957,"[0,0,0,0,0,1,0,0,0,0,0,0,0,2,1,1,1,0,1,0,0,2,2,2,2,2,1,1,1,1,0,2,2,2,0,2,2,1,0,1,0,2,2,2,0,1,1,1,1,1,0,2,2,2,2,2,2,1,1,0,0,2,2,2,2,2,2,1,1,0,0,1,2,0,0,1,1,1,1,0,1,1,0,0,0,0,1,1,1,0,1,1,1,1,0,0,1,1,1,1,1,1,1,1,1,1,1,1,1,1,1,1,1,1,1,1,1,1,1,1,1,1,0,1,1,1,1,1,1,1,1,1,1,1,1,1,1,1,1,1,1,1,1,1,1,1,2,1,1,1,1,1,1,0,0,2,2,0,1,1,1,1,1,1,2,2,2,2,0,0,1,1,1,1,1,2,2,0,0,0]",14cd88e7b197f79fc27b1948922d8d576a84091049739ebb905f0add2a8bd6cd,724e0f0f2718251c30656b08e5fa8e34458762cbce22f71610f45110c8e5381f,improved_campaign_offspring,C000807,,2,connected_region_repaint:medium,0.05,"[146,155,156,164,165,166,167,175,176]",9,L-SEED,completed,valid,[],,0.43472943064977765,7.258992844490397,B1,2026-08-08T08:22:28.112+02:00,2026-08-08T08:22:28.112+02:00,2026-08-08T08:29:45.013+02:00
958,C000958,improved_dataset_1000_20260807_001,30,958,"[2,2,2,0,0,1,0,0,0,0,2,2,2,2,1,1,1,0,1,0,2,2,2,2,2,2,1,1,1,1,2,2,0,0,0,2,2,1,0,1,2,0,0,0,0,1,1,1,1,1,2,2,0,0,0,0,2,1,1,0,2,2,2,0,2,2,2,1,1,0,2,1,2,0,0,1,1,1,1,0,1,1,0,0,0,0,1,1,1,0,1,1,1,1,0,0,1,1,1,1,1,1,1,1,1,1,1,1,1,1,1,1,1,1,1,1,1,1,1,1,1,1,0,1,1,1,1,1,1,1,1,1,1,1,1,1,1,1,1,1,1,1,1,1,1,1,1,1,1,1,1,1,1,1,1,1,1,1,1,1,1,1,1,1,1,1,1,1,1,1,1,1,1,1,1,1,1,1,1,1]",5384ec04781daf20b1bd2b7a8f24cfafb798de0e1278d06b4dbfedc1c9f5b893,f84595ae387e907dda1c1033470700dfabc0ee423e1f6e303faba5365e6fa03e,improved_campaign_offspring,C000898,,3,connected_region_repaint:medium,0.05555555555555555,"[32,33,41,42,43,52,53,54,55,63]",10,L-SEED,completed,valid,[],,0.5857473651664321,5.001390547300411,B2,2026-08-08T08:22:28.270+02:00,2026-08-08T08:22:28.270+02:00,2026-08-08T08:29:45.013+02:00
959,C000959,improved_dataset_1000_20260807_001,30,959,"[2,2,2,0,0,1,0,0,0,0,2,2,2,2,1,1,1,0,1,0,2,2,2,2,2,2,1,1,1,1,2,2,2,2,0,2,2,1,0,1,2,2,2,2,0,1,1,1,1,1,2,2,2,2,2,2,2,1,1,0,2,2,2,2,2,2,2,1,1,0,2,1,2,0,0,1,1,1,1,0,1,1,0,0,1,1,1,1,1,0,1,1,1,1,1,1,1,1,1,1,1,1,1,1,1,1,1,1,1,1,1,1,1,1,1,1,1,1,1,1,1,1,0,1,1,1,1,1,1,1,1,1,1,1,1,1,1,1,1,1,1,1,1,1,1,1,1,1,1,1,1,1,1,1,1,1,1,1,1,1,1,1,1,1,1,1,1,1,1,1,1,1,1,1,1,1,1,1,1,1]",bdbcd7315ea34b4c272214e8f5060f491806c112cd27434158c7291ee8504234,b89124a24e10439abf80ba2f5e3b4cb5177bd277cff45525ea5eccfc7ad90d5f,improved_campaign_offspring,C000898,,4,boundary_growth:small,0.022222222222222223,"[84,85,94,95]",4,L-SEED,completed,valid,[],,0.5919281091663922,4.908256604887342,B2,2026-08-08T08:22:28.408+02:00,2026-08-08T08:22:28.408+02:00,2026-08-08T08:29:45.013+02:00
960,C000960,improved_dataset_1000_20260807_001,30,960,"[0,0,0,0,0,0,0,0,0,0,0,0,0,0,0,0,0,0,1,0,0,0,0,0,1,0,0,1,1,0,0,0,0,0,1,0,1,1,1,0,0,1,0,1,1,1,1,1,1,0,0,1,1,1,1,1,1,1,1,0,0,1,1,1,0,1,1,1,1,0,0,1,0,0,0,0,1,1,0,0,0,0,0,0,0,0,1,1,0,0,0,0,0,0,0,0,1,1,1,1,0,0,0,0,0,0,1,1,1,1,0,0,0,0,0,1,1,1,1,1,0,0,0,2,1,1,1,0,1,1,0,2,2,2,0,0,2,2,1,1,0,0,0,2,2,2,0,2,0,1,0,0,0,2,0,2,0,2,2,1,0,0,0,0,0,2,2,2,1,1,0,0,0,0,0,0,2,2,1,1]",b32f421e55088b02b2a90beb188a5b52d041c81425a831ac6daf06bd99956ea0,977ed471d10487e3823268b1dd4490907acb61e1545f32fb3f18471222003f0d,improved_campaign_offspring,C000930,,5,connected_region_repaint:small,0.016666666666666666,"[115,124,125]",3,L-SEED,completed,valid,[],,0.37780866435928884,6.04368406513276,B1,2026-08-08T08:22:28.546+02:00,2026-08-08T08:22:28.546+02:00,2026-08-08T08:29:45.028+02:00
961,C000961,improved_dataset_1000_20260807_001,31,961,"[0,1,1,1,1,1,1,1,1,1,0,1,1,0,1,1,1,1,1,1,0,0,0,0,1,1,1,1,1,1,0,2,2,2,0,1,1,1,1,1,0,2,2,2,1,1,1,1,1,1,0,1,2,1,1,1,1,1,1,1,1,1,1,1,1,1,1,1,1,1,1,1,2,2,1,1,1,1,1,1,1,2,2,2,2,1,1,1,1,1,2,2,2,2,2,1,0,1,1,1,2,2,2,2,2,1,1,1,1,1,2,2,2,2,2,1,1,1,1,1,2,2,2,2,2,1,1,1,1,1,0,2,2,0,0,1,1,1,1,1,0,0,0,1,1,1,1,1,1,1,1,1,1,1,1,1,1,1,1,1,1,1,1,1,1,1,1,1,1,1,1,1,1,1,1,1,1,1,1,1]",20390ff35f9c3f205771c6d1c00f04e2fb80bd7947767cee56dd5d5ea9e52254,772c7cb514cbe430951b81f6ebe7e69249219612eab0e4ee0e36cd955cd9e169,improved_campaign_offspring,C000842,,1,connected_region_repaint:small,0.005555555555555556,[96],1,L-SEED,completed,valid,[],,0.9699506301090999,0.07642983775058665,B6,2026-08-08T08:29:45.482+02:00,2026-08-08T08:29:45.482+02:00,2026-08-08T08:33:50.313+02:00
962,C000962,improved_dataset_1000_20260807_001,31,962,"[0,0,0,1,1,1,1,1,1,1,0,0,0,0,1,1,1,1,1,1,0,0,0,0,1,1,1,1,1,1,0,2,2,2,0,1,1,1,1,1,0,2,2,2,0,1,1,1,1,1,0,1,2,1,0,1,1,1,1,1,1,1,1,1,1,1,1,1,1,1,1,1,2,2,1,1,1,1,1,1,1,2,2,2,2,1,1,1,1,1,2,2,2,2,2,1,1,1,1,1,2,2,2,2,1,1,1,1,1,1,2,2,2,1,1,1,1,1,1,1,2,2,2,2,1,1,1,1,1,1,0,2,2,0,0,1,1,1,1,1,0,0,0,1,1,1,1,1,1,1,1,1,1,1,1,1,1,1,1,1,1,1,1,1,1,1,1,1,1,1,1,1,1,1,1,1,1,1,1,1]",476e48bd236580be775cb5f822b0e62811745a0ea1549e97f1c2ff9c6abe4034,cf331556ad210e2ac89b31b9e798df0b0bec54a1bf194bc928b425eb957fe0dc,improved_campaign_offspring,C000841,,2,boundary_growth:small,0.016666666666666666,"[1,2,11,12]",4,L-SEED,completed,valid,[],,0.956085921229922,0.3216506725375487,B6,2026-08-08T08:29:45.648+02:00,2026-08-08T08:29:45.648+02:00,2026-08-08T08:33:50.313+02:00
963,C000963,improved_dataset_1000_20260807_001,31,963,"[0,0,0,0,0,0,0,0,2,0,0,0,0,0,0,0,0,2,2,2,0,0,0,0,0,0,0,0,2,2,0,0,0,0,0,0,0,0,2,2,0,0,0,0,0,0,0,0,2,2,0,0,0,0,0,0,2,0,2,2,0,0,0,0,0,0,2,2,2,1,0,0,0,0,0,0,2,1,1,1,0,0,0,0,0,0,2,2,1,1,0,0,0,0,0,0,1,1,1,1,0,0,0,0,0,0,1,1,1,1,0,0,0,0,0,0,1,1,1,1,0,0,0,0,0,0,1,1,1,1,0,0,0,0,0,1,1,1,1,1,0,0,1,1,1,1,1,1,1,1,1,1,1,1,1,1,1,1,1,1,1,1,1,1,1,1,1,1,1,1,1,1,1,1,1,1,1,1,1,1]",f5bef223e88ddef9205ff0e5440a1e0de649f03d69369a3917a09d8c7325d684,b274fff9aa63f4134a86e983939aa1557d995e749533056f38bc145304df1925,improved_campaign_offspring,C000635,,3,boundary_growth:medium,0.06666666666666667,"[5,6,7,14,15,16,25,26,27,35,36,37,46,47]",14,L-SEED,completed,valid,[],,0.0552214555962268,9.515203892142544,B1,2026-08-08T08:29:45.794+02:00,2026-08-08T08:29:45.794+02:00,2026-08-08T08:33:50.322+02:00
964,C000964,improved_dataset_1000_20260807_001,31,964,"[0,1,1,1,1,1,1,1,1,1,0,1,1,0,0,0,0,1,1,1,0,0,0,0,0,0,0,1,1,1,0,2,2,2,0,0,0,1,1,1,0,2,2,2,1,1,1,1,1,1,0,1,2,1,1,1,1,1,1,1,1,1,1,1,1,1,1,1,1,1,1,1,2,2,1,1,1,1,1,1,1,2,2,2,2,1,1,1,1,1,2,2,2,2,2,1,1,1,1,1,2,2,2,2,2,1,1,1,1,1,2,2,2,2,2,1,1,1,1,1,2,2,2,2,2,1,1,1,1,1,0,2,2,0,0,1,1,1,1,1,0,0,0,1,1,1,1,1,1,1,1,1,1,1,1,1,1,1,1,1,1,1,1,1,1,1,1,1,1,1,1,1,1,1,1,1,1,1,1,1]",e3c4c17d1be1715d16321694e6c62aac3a98d57fdab3903ddbe4cf9e98d0ad3f,dd210d378a0df1c26a0562299d6b2166c42f7f6290c4ff2d723461d35f7a65a2,improved_campaign_offspring,C000842,,4,rectangular_patch:medium,0.05,"[14,15,16,24,25,26,35,36]",8,L-SEED,completed,valid,[],,0.8389997587646435,1.1427221801640424,B5,2026-08-08T08:29:45.945+02:00,2026-08-08T08:29:45.945+02:00,2026-08-08T08:33:50.322+02:00
965,C000965,improved_dataset_1000_20260807_001,31,965,"[2,2,2,2,2,2,2,0,0,0,2,2,2,2,2,2,0,0,0,0,2,2,2,2,2,2,2,2,0,0,0,0,2,2,2,2,2,2,0,0,0,0,2,2,2,2,2,2,0,0,0,0,2,2,2,2,2,2,2,0,0,0,2,2,2,2,2,2,2,0,0,0,2,2,2,2,2,0,0,0,0,0,0,0,0,0,0,0,0,0,0,0,0,0,0,0,0,0,0,0,0,0,0,0,0,0,0,0,0,0,0,0,0,0,0,0,0,0,0,0,0,0,0,0,2,0,0,0,0,0,0,0,0,2,2,2,0,0,2,0,0,0,0,0,2,2,0,2,2,0,0,0,0,0,2,2,2,2,2,2,0,0,0,0,0,2,2,2,1,2,0,0,0,0,0,0,2,2,1,2]",1dc7f4b51a7111efdc0ff166832bd372eaaa8db0fbac865e35f9de901a2d9820,721b821c7281c46255169d415010e9ba3e13959979fefc4f15e7414b610ea20c,improved_campaign_offspring,C000753,,5,connected_region_repaint:large,0.12222222222222222,"[124,133,134,135,138,144,145,147,148,154,155,156,157,158,159,165,166,167,169,176,177,179]",22,L-SEED,completed,valid,[],,0.0662537459150635,9.308490664749906,B1,2026-08-08T08:29:46.077+02:00,2026-08-08T08:29:46.077+02:00,2026-08-08T08:33:50.337+02:00
966,C000966,improved_dataset_1000_20260807_001,31,966,"[0,0,0,0,0,2,2,0,2,0,0,0,0,0,2,2,2,2,2,2,0,0,0,0,2,2,2,2,2,0,0,2,2,2,2,2,2,2,2,0,0,2,0,2,2,2,2,2,0,0,0,2,2,2,2,2,2,2,2,0,2,2,2,2,2,2,2,2,2,0,2,2,2,2,2,2,0,0,2,0,2,2,2,2,2,2,2,2,0,0,2,2,2,2,2,2,2,2,2,0,2,2,0,2,2,2,2,2,2,0,2,2,0,0,0,0,2,2,2,0,2,2,0,0,0,0,0,0,0,0,2,2,2,0,0,2,2,2,2,0,0,0,2,2,2,2,2,2,2,2,2,2,2,2,2,2,2,2,0,2,2,2,2,2,2,2,2,2,2,2,2,2,2,2,0,2,1,1,2,2]",16e50d31095dffaa2d837c51595c33e6021b8b9b5d29f75d64679fcdb49f2049,1c8ee7aa2dc9e492b68dbcf0efab7c532dde88a62164dd845ee0e39c27cd453b,improved_campaign_offspring,C000847,,1,connected_region_repaint:small,0.005555555555555556,[174],1,L-SEED,completed,valid,[],,0.04750533413731804,9.568821119213535,B1,2026-08-08T08:33:50.678+02:00,2026-08-08T08:33:50.678+02:00,2026-08-08T08:36:42.554+02:00
967,C000967,improved_dataset_1000_20260807_001,31,967,"[2,0,0,0,0,0,1,1,1,1,2,0,0,0,0,0,0,1,1,1,2,2,2,0,0,1,1,1,1,1,2,0,2,2,0,1,1,1,1,1,2,0,0,0,0,1,1,1,1,1,2,2,0,0,0,0,1,1,1,1,0,0,0,0,0,1,1,1,1,1,0,1,0,0,0,0,1,1,1,1,1,1,1,1,0,1,1,1,1,1,1,1,1,1,1,1,1,1,1,1,1,1,1,1,1,1,1,1,1,1,1,1,1,1,1,1,1,1,1,1,0,1,1,1,1,1,1,0,1,1,0,0,1,1,1,1,0,0,1,1,0,0,1,0,1,1,0,0,0,1,0,0,0,0,0,0,0,0,0,1,0,0,0,0,0,0,0,0,1,1,0,0,0,0,0,0,0,0,1,1]",d160f7c636af1126b238a7eb72aca7c1939d6c644398ab83ab297a4756387831,c589a2aede983f11ad688093ddbb5b015631f077844a17eee22ddb05c28b35c8,improved_campaign_offspring,C000849,,2,boundary_growth:medium,0.044444444444444446,"[1,2,3,4,5,11,12,13,14,15,16]",11,L-SEED,completed,valid,[],,0.8203532862232792,1.1666725414594203,B5,2026-08-08T08:33:50.922+02:00,2026-08-08T08:33:50.922+02:00,2026-08-08T08:36:42.561+02:00
968,C000968,improved_dataset_1000_20260807_001,31,968,"[0,0,0,0,0,0,0,0,0,0,0,0,0,0,0,0,0,0,0,0,0,0,0,0,0,0,0,0,0,0,0,0,0,0,0,0,0,0,0,0,0,0,0,0,0,0,0,0,0,0,0,0,0,0,0,0,0,0,0,0,0,0,0,0,0,0,0,0,0,0,0,0,0,0,0,0,0,0,0,0,1,0,0,0,0,0,0,0,0,0,1,1,0,0,0,0,0,0,0,0,1,1,0,1,0,0,0,0,0,0,1,1,1,1,1,0,0,0,0,0,1,1,1,1,1,0,0,0,0,0,1,1,1,1,1,1,2,0,0,0,0,0,1,1,1,1,2,2,2,2,0,0,1,1,1,1,2,2,0,2,1,1,1,1,0,1,2,2,2,2,1,1,2,2,2,2,1,1,2,2]",f088fb9ca156ead087bac1c4bc10872bac8f9743b35cf94c06bce4244cf63153,010373f1d52102de4b9f6d97deaa5207e3b39e5de3d32f089225de900f99c77d,improved_campaign_offspring,C000637,,3,connected_region_repaint:large,0.10555555555555556,"[32,33,43,53,54,63]",6,L-SEED,completed,valid,[],,0.0046848277754692825,10.550092655211737,B1,2026-08-08T08:33:51.062+02:00,2026-08-08T08:33:51.062+02:00,2026-08-08T08:36:42.576+02:00
969,C000969,improved_dataset_1000_20260807_001,31,969,"[2,1,1,1,1,1,1,1,1,1,2,1,1,1,1,1,1,1,1,1,2,2,2,0,0,1,1,1,1,1,2,0,2,2,0,1,1,1,1,1,2,0,0,0,0,1,1,1,1,1,2,2,0,0,0,0,1,1,1,1,0,0,0,0,0,1,1,1,1,1,0,1,0,0,0,0,1,1,1,1,1,1,1,1,0,1,1,1,1,1,1,1,1,1,1,1,1,1,1,1,1,1,1,1,1,1,1,1,1,1,1,1,1,1,1,1,1,1,1,1,1,1,1,1,1,1,1,0,1,1,1,1,1,1,1,1,0,0,1,1,1,1,1,1,1,1,0,0,0,1,1,1,1,1,0,0,0,0,0,1,1,0,0,0,0,0,0,0,1,1,1,1,0,0,0,0,0,0,1,1]",d9e7f9a2e6563991087017e1cb6455cf0060f64e9feccff4d0b57c54d4d4f3fd,21236a02d58a9d03cf86176a02fce0e45d61cd4357cee04830ca4c23723ee6dd,improved_campaign_offspring,C000610,,4,connected_region_repaint:medium,0.05555555555555555,"[120,130,131,140,141,150,151,160,170,171]",10,L-SEED,completed,valid,[],,0.9952089465727838,0.11753009938263419,B6,2026-08-08T08:33:51.202+02:00,2026-08-08T08:33:51.202+02:00,2026-08-08T08:36:42.576+02:00
970,C000970,improved_dataset_1000_20260807_001,31,970,"[0,0,0,0,2,2,0,2,2,2,0,0,0,0,2,0,0,2,0,0,0,0,0,2,2,2,0,2,0,0,0,2,2,2,2,0,0,0,0,0,0,0,2,2,0,0,0,0,2,2,0,0,2,2,2,2,2,2,2,2,0,0,0,0,2,2,2,2,2,2,0,0,0,0,0,2,2,2,2,2,0,0,0,0,0,0,2,2,2,2,0,0,0,0,0,2,2,0,0,2,0,0,0,0,0,0,0,0,0,2,0,0,0,0,0,2,0,0,0,0,0,0,0,0,0,2,0,0,0,0,0,2,2,2,0,2,2,2,0,0,0,2,2,2,2,2,2,2,0,0,0,2,0,0,0,0,0,0,0,0,0,0,0,0,0,0,0,0,0,0,0,0,0,0,0,0,1,1,0,0]",77cef87b94e61cd9688d9d604aa16d52d466128926523c45e5d50ca61bfb6905,77e59220dbfdca0c86f2234484092d736f6a4f83c4e3f5aa1c6d5faad54bf4eb,improved_campaign_offspring,C000850,,5,boundary_growth:small,0.011111111111111112,"[141,151]",2,L-SEED,completed,valid,[],,0.043903819135680255,9.666079035562136,B1,2026-08-08T08:33:51.354+02:00,2026-08-08T08:33:51.354+02:00,2026-08-08T08:36:42.576+02:00
971,C000971,improved_dataset_1000_20260807_001,31,971,"[2,0,0,0,0,0,0,1,1,1,2,0,0,0,0,0,0,1,1,1,2,2,2,2,2,1,0,1,1,1,2,2,2,0,2,1,1,1,1,1,2,2,2,0,2,1,1,1,1,1,2,2,2,0,2,1,1,1,1,1,2,0,2,0,1,1,1,1,1,1,0,0,0,0,0,1,1,1,1,1,0,0,0,0,0,0,1,1,1,1,0,0,0,0,0,1,1,1,1,1,0,1,0,0,0,1,1,1,1,1,1,1,1,1,1,1,1,1,1,1,1,1,1,1,1,1,1,1,1,1,1,1,1,1,1,1,0,1,1,1,1,1,1,1,1,1,1,1,1,1,1,1,0,0,0,1,1,1,1,1,1,0,0,0,1,1,1,1,1,1,1,1,1,0,0,1,1,1,1,1]",deed571a70af94564f37857929d9b539dcbd39f709f956833391681f5f154e21,8cf0204574e7930711238c0ee9c09d5d78afdf3b65ed43944ff9918724fc4de4,improved_campaign_offspring,C000854,,1,connected_region_repaint:medium,0.05,"[1,2,3,4,5,6,11,12,13,14,15,16,26]",13,L-SEED,completed,valid,[],,0.7534018553495085,2.172865766820613,B4,2026-08-08T08:36:42.924+02:00,2026-08-08T08:36:42.924+02:00,2026-08-08T08:42:09.086+02:00
972,C000972,improved_dataset_1000_20260807_001,31,972,"[2,2,2,2,2,0,0,2,0,0,2,2,2,0,2,2,2,2,2,0,2,2,2,2,2,2,2,2,0,0,2,2,0,0,0,0,0,2,2,2,2,2,0,0,0,0,0,2,2,0,0,2,0,0,0,0,0,0,0,0,2,2,0,0,0,0,2,0,0,0,2,2,0,0,0,0,2,0,0,0,2,2,2,0,2,0,2,2,0,0,2,0,0,0,2,2,2,2,0,0,0,0,0,0,0,2,0,2,2,0,2,0,0,0,2,2,0,2,2,0,2,2,0,0,2,0,2,2,2,0,2,0,0,2,2,2,2,2,2,0,0,0,0,2,2,2,2,2,2,2,0,0,0,2,2,2,2,2,0,2,0,0,2,2,0,0,0,0,2,2,0,0,0,2,0,0,0,0,2,2]",0d8c61dc65d6e6ebd37b1d664ba6abe28393c613196b3e0956ac92a5847f2137,90d0fa93a2b917972d1391b58e6fbe3fac90750a322b40f58d367c8bc890106d,improved_campaign_offspring,C000615,,2,connected_region_repaint:medium,0.06111111111111111,"[66,76,84,86,87,94,95,96,97,105,115]",11,L-SEED,completed,valid,[],,0.058463816395488144,9.38147991086561,B1,2026-08-08T08:36:43.162+02:00,2026-08-08T08:36:43.162+02:00,2026-08-08T08:42:09.086+02:00
973,C000973,improved_dataset_1000_20260807_001,31,973,"[2,1,1,1,1,1,1,1,1,1,2,1,1,1,1,1,1,1,1,1,2,2,2,2,2,1,1,1,1,1,2,2,2,0,2,1,1,1,1,1,2,2,2,0,2,1,1,1,1,1,2,2,2,0,2,1,1,1,1,1,2,0,2,0,1,1,1,1,1,1,0,0,0,0,0,1,1,1,1,1,0,0,0,0,0,0,1,1,1,1,1,0,0,0,0,1,1,1,1,1,1,1,0,0,0,1,1,1,1,1,1,1,1,1,1,1,1,1,1,1,1,1,1,1,1,1,1,1,1,1,1,1,1,1,1,1,0,1,1,1,1,1,1,1,1,1,1,1,1,1,1,1,1,0,0,1,1,1,1,1,1,1,1,0,1,1,1,1,1,1,1,1,1,0,0,1,1,1,1,1]",972b9d27455857ccf87b8ee2c45c99b6a16597d7f1b726ec64bc5077e31bafd1,ef3b6b2aae0970b3382aae0eb94bb20551af31393692263f3fecc3ac490d3b3e,improved_campaign_offspring,C000824,,3,boundary_growth:small,0.016666666666666666,"[152,161,162]",3,L-SEED,completed,valid,[],,0.9957101325508232,0.11769054831039068,B6,2026-08-08T08:36:43.394+02:00,2026-08-08T08:36:43.394+02:00,2026-08-08T08:42:09.086+02:00
974,C000974,improved_dataset_1000_20260807_001,31,974,"[0,0,0,0,0,0,2,2,0,0,0,2,0,0,0,0,2,2,2,0,0,2,2,2,0,0,2,2,2,0,0,2,2,2,0,2,2,2,0,0,0,2,2,2,0,2,0,0,0,0,0,0,0,0,0,0,0,0,0,0,0,0,0,0,0,0,2,2,2,2,0,0,0,0,0,0,2,2,2,2,0,0,0,0,0,2,2,2,2,2,0,0,0,0,0,0,2,2,2,2,2,2,2,2,2,2,2,2,2,0,2,2,2,2,2,2,2,2,0,0,2,0,2,2,2,2,2,2,2,0,2,2,2,2,2,0,0,0,0,0,2,2,0,0,0,0,0,0,0,0,0,0,0,0,0,0,0,0,0,0,1,0,0,1,0,0,0,0,0,0,1,0,0,1,1,0,0,0,1,1]",033ffcef791918376839ab3cd58258d542f32e92055ef994434c83f8b77ee841,280dde898cfee2158e10cdd9572f1da5093902f8796d270aa89edada6672e922,improved_campaign_offspring,C000763,,4,boundary_growth:medium,0.07222222222222222,"[85,86,96,97,106,107,108,115,116,117,126,127,128]",13,L-SEED,completed,valid,[],,0.0501350147129012,9.494472044975074,B1,2026-08-08T08:36:43.525+02:00,2026-08-08T08:36:43.525+02:00,2026-08-08T08:42:09.102+02:00
975,C000975,improved_dataset_1000_20260807_001,31,975,"[2,2,2,2,2,2,2,2,2,0,2,2,2,2,2,2,0,0,0,0,2,2,2,2,2,2,0,0,0,0,2,2,2,2,2,2,0,0,0,0,2,2,2,2,2,2,0,0,2,2,0,2,2,2,2,2,2,2,2,2,1,1,1,1,1,1,2,2,2,1,1,1,1,1,1,1,1,1,1,1,1,1,1,1,1,1,1,1,1,1,1,1,1,1,1,1,1,1,1,1,1,1,1,1,1,1,1,1,1,1,1,1,1,1,1,0,1,1,1,1,0,0,0,0,0,0,1,0,1,1,0,0,0,2,0,0,0,0,1,1,0,0,2,2,0,0,0,0,0,1,2,2,0,2,0,0,0,0,0,1,2,2,2,2,0,0,0,0,1,1,2,2,2,0,0,0,0,0,1,1]",ad39a4f342c337b23827a21192218b1e2e87854315d9548e8d9509dedc2eaff7,2ac9cd6b569d6ffc60ddedd35a1b979979f1d0c230bc620a042691e947d81c15,improved_campaign_offspring,C000913,,5,boundary_growth:medium,0.05,"[86,96,106]",3,L-SEED,completed,valid,[],,0.1126683415918957,8.805109365495262,B1,2026-08-08T08:36:43.679+02:00,2026-08-08T08:36:43.679+02:00,2026-08-08T08:42:09.102+02:00
976,C000976,improved_dataset_1000_20260807_001,31,976,"[0,0,0,0,0,0,0,0,0,0,0,0,0,0,0,0,0,0,0,0,0,0,0,0,0,0,0,0,0,0,0,0,0,0,0,0,0,0,0,0,0,0,0,0,0,0,0,0,0,0,0,0,0,0,0,0,0,0,0,0,0,0,0,0,0,1,1,1,1,0,0,0,0,0,0,0,1,1,1,1,0,2,2,2,2,1,1,1,0,0,2,2,2,0,2,2,1,1,1,0,2,2,2,0,2,2,2,2,1,1,2,2,0,2,2,0,0,1,1,1,2,2,0,2,2,0,0,1,1,1,2,2,2,1,2,2,2,1,1,1,1,1,1,1,1,2,1,1,1,1,1,1,1,1,1,1,1,1,1,1,1,1,1,1,1,1,1,1,1,1,1,1,1,1,1,1,1,1,1,1]",a6924c62a6d79531252bf43f9b0adc6712d638108b80e588507e790b5308051b,ee1a099b50b09b12bacfd382e60ebd081aa75c36f76d7434deb8a9a298ebc190,improved_campaign_offspring,C000920,,1,boundary_growth:large,0.17777777777777778,"[133,137,138,140,141,142,143,144,146,147,152,153,154,155,156,157,158,162,164,165,166,167,176,177]",24,L-SEED,completed,valid,[],,0.18315602648034016,8.023927058877039,B1,2026-08-08T08:42:09.434+02:00,2026-08-08T08:42:09.434+02:00,2026-08-08T08:51:28.505+02:00
977,C000977,improved_dataset_1000_20260807_001,31,977,"[0,0,0,0,0,0,0,0,0,0,2,2,0,0,1,0,0,0,0,0,2,0,0,0,1,1,1,0,0,0,2,1,0,0,1,1,1,0,0,0,0,1,1,1,1,1,1,1,0,0,0,1,1,1,1,1,1,1,0,0,0,1,1,1,1,1,0,0,0,0,0,1,1,1,1,1,1,0,0,0,0,0,1,1,1,1,1,1,0,0,2,0,1,1,1,1,1,1,1,1,2,2,2,0,1,1,1,1,1,1,2,2,2,0,1,0,1,1,1,1,2,2,2,0,1,0,2,2,2,1,2,2,1,0,0,1,2,2,1,1,0,0,1,1,1,1,2,1,1,1,1,1,1,1,1,1,2,2,1,1,1,1,1,1,1,1,1,1,1,1,1,1,1,1,1,1,1,1,1,1]",c2c3bbb3e9992ec387030a8f6fb6e8f23e7501b3a8b300d45f4fa9744b511867,395f78de03ccb244fd154d823179f5d9063848df399eb8d31708900694afd2ab,improved_campaign_offspring,C000919,,2,connected_region_repaint:medium,0.044444444444444446,"[126,127,128,136,137,146,156,157]",8,L-SEED,completed,valid,[],,0.3740667442877198,6.732640279004686,B1,2026-08-08T08:42:09.587+02:00,2026-08-08T08:42:09.587+02:00,2026-08-08T08:51:28.505+02:00
978,C000978,improved_dataset_1000_20260807_001,31,978,"[0,0,0,0,0,0,0,0,0,0,2,2,0,0,1,0,0,0,0,0,2,0,0,0,1,1,1,0,0,0,2,1,0,0,1,1,1,0,0,0,0,1,1,1,1,1,1,1,0,0,0,1,1,1,1,1,1,1,0,0,0,1,1,1,1,1,0,0,0,0,0,1,1,1,1,1,1,0,0,0,0,0,1,1,1,1,1,1,0,0,1,0,1,1,1,1,1,1,1,1,1,1,1,0,1,1,1,1,1,1,1,1,1,0,1,0,1,1,1,1,1,1,1,0,1,0,1,1,1,1,1,1,1,0,0,1,1,1,1,1,0,0,1,1,1,1,1,1,1,1,1,1,1,1,1,1,1,1,1,1,1,1,1,1,1,1,1,1,1,1,1,1,1,1,1,1,1,1,1,1]",b539dffb02abf6a1885b0b51d86f3af5803adfa775230d40447fc383ee0822d0,006199bb43c6e704ae01ecc2fe30ec894b1bf91a506768ae01dfa9f2c0e19f42,improved_campaign_offspring,C000919,,3,connected_region_repaint:medium,0.08333333333333333,"[90,100,101,102,110,111,112,120,121,122,130,131]",12,L-SEED,completed,valid,[],,0.45077552643114555,5.778969368245937,B1,2026-08-08T08:42:09.750+02:00,2026-08-08T08:42:09.750+02:00,2026-08-08T08:51:28.521+02:00
979,C000979,improved_dataset_1000_20260807_001,31,979,"[2,2,2,2,2,0,0,2,0,1,2,2,2,2,2,2,2,2,2,1,2,2,2,2,2,2,2,1,1,1,0,0,0,0,2,0,2,1,1,1,0,0,0,0,0,2,2,2,2,1,0,0,0,0,0,0,0,0,1,1,0,2,1,0,1,0,1,1,1,1,2,2,1,1,1,0,0,0,1,1,2,2,2,1,1,1,1,1,1,1,2,1,1,1,1,1,0,1,1,1,1,1,1,1,1,1,0,0,0,0,2,1,1,0,2,2,0,0,0,0,2,2,1,1,2,2,0,0,0,0,2,1,1,0,0,1,1,0,0,0,0,0,1,1,1,0,1,2,2,2,1,1,1,1,1,1,1,2,0,2,1,1,1,1,0,1,1,1,2,2,1,1,1,1,1,1,1,1,2,2]",a9d14400fe8942de8df98d5a9a2daf92a12235dfe4ebff41bc35722d6ea7c43a,ad95f7681f43cd4f3e8f38d28fd0e09d4e5298872fd323fcc95a3591b8e49ac6,improved_campaign_offspring,C000528,,4,connected_region_repaint:small,0.011111111111111112,"[96,106]",2,L-SEED,completed,valid,[],,0.31358213813678837,8.048640775193029,B1,2026-08-08T08:42:09.892+02:00,2026-08-08T08:42:09.892+02:00,2026-08-08T08:51:28.521+02:00
980,C000980,improved_dataset_1000_20260807_001,31,980,"[1,1,1,1,1,0,0,1,0,1,1,1,1,1,1,1,1,1,1,1,1,1,1,1,1,1,1,1,1,1,0,0,0,0,1,0,1,1,1,1,0,0,0,0,0,1,1,1,1,1,0,0,0,0,0,0,0,0,1,1,0,2,1,0,1,0,1,1,1,1,2,2,1,1,1,0,0,0,1,1,2,2,2,1,1,1,1,1,1,1,2,1,1,1,1,1,1,1,1,1,1,1,1,1,1,1,1,0,0,0,2,1,1,0,2,2,0,0,0,0,2,2,1,1,2,2,0,0,0,0,2,1,1,0,0,1,1,0,0,0,0,0,1,1,1,0,1,2,2,2,1,1,1,1,1,1,1,2,0,2,1,1,1,1,0,1,1,1,2,2,1,1,1,1,1,1,1,1,2,2]",595a14851e8fb19442e12a38f6415ca0396de382b314dde7b4e6c7ed44f6e676,e46839cf1a14d679e5ac8c20565692ab433623186b525fd17c50ed0060c5c8cf,improved_campaign_offspring,C000528,,5,connected_region_repaint:large,0.19444444444444445,"[0,1,2,3,4,7,10,11,12,13,14,15,16,17,18,20,21,22,23,24,25,26,34,36,45,46,47,48]",28,L-SEED,completed,valid,[],,0.14966549194832726,8.70987369190657,B1,2026-08-08T08:42:10.033+02:00,2026-08-08T08:42:10.033+02:00,2026-08-08T08:51:28.536+02:00
981,C000981,improved_dataset_1000_20260807_001,31,981,"[2,2,2,0,0,2,2,0,0,0,2,2,0,0,0,2,2,2,0,0,2,2,2,2,2,2,2,2,0,0,2,2,2,2,2,2,2,2,2,2,2,2,2,2,2,2,2,2,2,2,2,2,2,2,2,2,2,2,0,2,2,2,2,2,2,2,2,2,0,2,2,2,2,2,0,2,1,2,2,1,2,2,2,2,2,2,1,1,1,1,0,2,2,2,2,2,1,1,1,1,0,2,2,2,2,2,1,1,1,1,0,0,2,2,2,2,1,1,1,1,0,0,0,0,0,2,1,0,1,1,0,0,0,1,0,0,1,1,1,1,0,0,0,1,0,0,1,1,1,1,0,0,0,1,1,1,1,1,1,1,0,0,1,1,1,1,1,1,1,1,1,1,1,1,1,1,1,1,1,1]",d5f0d26d78446f382dc083b8068cf50734af3be29eace68d1d6d374e147ce7f4,c474fa38bd7f609df19de30265415004693ead73da2702286ffee8d6abdec155,improved_campaign_offspring,C000891,,1,connected_region_repaint:large,0.16111111111111112,"[3,4,5,6,7,8,9,12,13,14,15,16,17,18,19,25,26,27,35,36,37,38,39,45,46,47,48,49,56,57,58,59,64,65,66,67,68,69,74,75,77,78]",42,L-SEED,completed,valid,[],,0.12594401976615846,8.65054483692372,B1,2026-08-08T08:51:28.874+02:00,2026-08-08T08:51:28.874+02:00,2026-08-08T08:56:12.170+02:00
982,C000982,improved_dataset_1000_20260807_001,31,982,"[2,2,2,1,1,1,1,1,1,1,2,2,1,1,1,1,1,1,1,1,2,2,2,2,2,1,1,1,0,0,2,2,2,2,2,1,1,1,1,1,2,2,2,2,2,1,1,1,1,1,2,2,2,2,2,2,1,1,1,1,2,2,2,2,1,1,1,1,1,1,2,2,2,2,1,1,1,1,1,1,2,2,2,2,2,2,1,1,1,1,2,2,2,2,2,2,1,1,1,1,2,2,2,2,2,2,0,0,0,1,2,2,2,2,2,2,1,1,1,1,2,2,2,2,2,2,1,0,1,1,2,2,2,1,2,2,1,1,1,1,0,0,0,1,2,2,1,1,1,1,0,0,0,1,1,1,1,1,1,1,0,0,1,1,1,1,1,1,1,1,1,1,1,1,1,1,1,1,1,1]",45bf3afde7ec9c43b4527b646841c13933dcb036679b19e808bfc5f6f85d53e9,cf77addb65f036215ad8a8cff798c5a62b6e875ec6cb05a33855a395dda6672f,improved_campaign_offspring,C000773,,2,connected_region_repaint:small,0.016666666666666666,"[106,107,108]",3,L-SEED,completed,valid,[],,0.692040405498663,2.989732258654709,B3,2026-08-08T08:51:29.025+02:00,2026-08-08T08:51:29.025+02:00,2026-08-08T08:56:12.170+02:00
983,C000983,improved_dataset_1000_20260807_001,31,983,"[0,0,0,0,0,0,0,0,0,0,0,0,0,0,0,0,0,0,0,0,0,0,0,0,0,0,0,0,0,0,0,0,0,0,0,0,0,0,0,0,0,0,0,0,0,0,0,0,0,0,0,0,0,0,0,0,0,0,0,0,0,0,0,0,0,0,0,0,0,0,0,0,0,0,0,0,0,0,0,0,0,0,0,0,0,0,0,0,0,0,0,0,0,0,0,0,0,0,0,0,2,2,0,0,0,0,0,0,0,0,2,2,0,0,0,0,0,0,0,0,2,2,0,0,0,2,0,0,0,2,2,2,2,2,2,2,2,2,2,2,0,0,0,2,2,2,2,0,0,0,0,0,0,0,2,0,0,0,0,0,0,0,0,0,2,0,0,0,0,0,0,0,0,2,2,0,0,0,0,0]",097d0cecbe5ac59c4aa32da7ed3834f7762b22c2982b45e8cd309beac9b1b1ca,48cb2a12be42712d67f074aefdad5762ca09eca739bca3c22c12e21360172bb7,improved_campaign_offspring,C000892,,3,boundary_growth:large,0.17222222222222222,"[0,10,20,21,22,23,24,30,32,33,34,40,42,43,44,50,51,52,60,61,62,70,71,72,80,81,82,83,92,93,102]",31,L-SEED,completed,valid,[],,0.04025918328333217,9.650860768043257,B1,2026-08-08T08:51:29.176+02:00,2026-08-08T08:51:29.176+02:00,2026-08-08T08:56:12.186+02:00
984,C000984,improved_dataset_1000_20260807_001,31,984,"[2,2,2,1,1,1,1,1,1,1,2,2,1,1,1,1,1,1,1,1,2,2,2,2,2,1,1,1,0,0,2,2,2,2,2,1,1,1,1,1,2,2,2,2,2,1,1,1,1,1,2,2,2,2,2,2,1,1,1,1,2,2,2,2,1,1,1,1,1,1,2,2,2,2,1,1,1,1,1,1,2,2,2,2,2,2,1,1,1,1,0,2,2,2,2,2,1,1,1,1,0,2,2,2,2,2,1,1,1,1,0,0,2,2,2,2,1,1,1,1,0,0,0,0,0,2,1,0,1,1,0,0,0,0,0,0,1,1,1,1,0,0,0,0,0,0,1,1,1,1,0,0,0,0,0,0,0,1,1,1,0,0,1,0,0,0,0,0,1,1,1,1,1,1,1,1,0,1,1,1]",8de5940c4f812214816d76562b4da5b1ee39abf162e1d65ca60e9ddde60b8344,03d310ef0a78deb6121341bf448d659dde7488db6095dfd705fe482a3edf4c2b,improved_campaign_offspring,C000891,,4,boundary_growth:medium,0.05,"[133,143,153,154,155,156,163,164,165,166,167,176]",12,L-SEED,completed,valid,[],,0.814835720415141,1.4218254857275094,B5,2026-08-08T08:51:29.406+02:00,2026-08-08T08:51:29.406+02:00,2026-08-08T08:56:12.186+02:00
985,C000985,improved_dataset_1000_20260807_001,31,985,"[2,2,2,2,2,2,2,2,2,2,0,2,2,2,2,2,2,2,2,2,0,2,2,2,2,2,2,2,2,2,0,2,2,2,2,2,2,2,2,2,0,2,2,2,2,2,2,2,2,2,0,2,2,2,0,2,2,2,2,2,2,2,2,2,0,2,2,2,2,0,2,0,2,0,0,0,2,2,2,0,2,0,2,2,0,0,0,2,0,0,0,0,0,0,0,2,2,2,2,0,2,2,0,0,0,2,2,2,2,2,2,2,2,2,2,0,0,2,2,2,2,0,2,2,2,2,2,2,2,2,2,1,1,1,2,2,2,1,2,2,2,2,1,0,0,0,2,1,2,1,1,1,1,1,2,2,2,1,1,1,1,1,1,1,2,1,2,1,1,1,1,1,1,1,1,1,2,1,1,1]",1e228efa2f5544000c293827b76870b81c3e6b6edf2577742911e2a548d3692e,cb20cce54a2f2eae4c85ea50d0b220bbfe50f7c71b6a3877caac215d8354aced,improved_campaign_offspring,C000685,,5,boundary_growth:small,0.011111111111111112,"[54,64]",2,L-SEED,completed,valid,[],,0.06172500165411794,9.378802261668147,B1,2026-08-08T08:51:29.560+02:00,2026-08-08T08:51:29.560+02:00,2026-08-08T08:56:12.201+02:00
986,C000986,improved_dataset_1000_20260807_001,31,986,"[2,2,2,0,0,1,0,0,0,0,2,2,2,2,1,1,1,0,1,0,2,2,2,2,2,2,1,1,1,1,2,2,2,2,0,2,2,1,0,1,2,2,2,2,0,1,1,1,1,1,2,2,2,2,2,2,2,1,1,0,2,2,2,2,2,2,2,1,1,0,2,1,2,0,0,1,1,1,1,0,1,1,0,0,1,1,1,1,1,0,1,1,1,1,1,1,1,1,0,0,1,1,1,1,1,1,1,1,0,0,1,1,1,1,1,1,1,1,1,1,1,1,0,1,1,1,1,1,1,1,1,1,1,1,1,1,1,1,1,1,1,1,1,1,1,1,1,1,1,1,1,1,1,1,1,1,1,1,1,1,1,1,1,1,1,1,1,1,1,1,1,1,1,1,1,1,1,1,1,1]",b2d22dbd582354626b1529b274edcfc15d88afe7bac5184db04eb7ccc696b86d,f1bb0c62c46249c14d0ac3e3714d2eaca751b8a416f4d7b189ff33c28cb588ba,improved_campaign_offspring,C000959,,1,connected_region_repaint:small,0.022222222222222223,"[98,99,108,109]",4,L-SEED,completed,valid,[],,0.591679783604407,4.913243605252741,B2,2026-08-08T08:56:12.555+02:00,2026-08-08T08:56:12.555+02:00,2026-08-08T09:03:07.094+02:00
987,C000987,improved_dataset_1000_20260807_001,31,987,"[2,2,2,0,0,1,0,0,0,0,2,2,2,2,1,1,1,0,1,0,2,2,2,2,2,2,1,1,1,1,2,2,2,2,0,2,2,1,0,1,2,2,2,2,0,1,1,1,1,1,2,2,2,2,2,2,2,1,1,0,2,2,2,2,2,2,2,1,1,0,2,1,2,0,0,1,1,1,1,0,1,1,0,0,1,1,1,1,1,0,1,1,1,1,1,1,1,1,1,1,1,1,1,1,1,1,1,1,1,1,1,1,1,1,1,1,1,1,1,1,1,1,0,2,1,1,1,1,1,1,1,1,2,2,1,1,1,1,1,1,1,1,2,2,2,1,1,1,1,1,1,1,2,2,1,1,1,1,1,1,1,1,2,2,1,1,1,1,1,1,1,1,1,1,1,1,1,1,1,1]",78e9ce30f20a51d355f7de7d544a27e93be29d5c9cb214e11df1927476ad581f,eeedc702da37964f98c3d06c0bf69a1a12fa81378e66e5365ada36c459f4b48a,improved_campaign_offspring,C000959,,2,connected_region_repaint:medium,0.05555555555555555,"[123,132,133,142,143,144,152,153,162,163]",10,L-SEED,completed,valid,[],,0.5074544600022366,6.062805613913708,B2,2026-08-08T08:56:12.709+02:00,2026-08-08T08:56:12.709+02:00,2026-08-08T09:03:07.094+02:00
988,C000988,improved_dataset_1000_20260807_001,31,988,"[2,2,2,0,0,1,0,0,0,0,2,2,2,2,1,1,1,0,1,0,2,2,2,2,2,2,1,1,1,1,2,2,2,2,0,2,2,1,0,1,2,0,0,2,0,1,1,1,1,1,0,0,0,0,0,0,0,1,1,0,0,0,0,0,0,0,0,1,1,0,0,1,0,0,0,1,1,1,1,0,1,1,0,0,0,0,1,1,1,0,1,1,1,1,0,0,1,1,1,1,1,1,1,1,1,1,1,1,1,1,1,1,1,1,1,1,1,1,1,1,1,1,0,1,1,1,1,1,1,1,1,1,1,1,1,1,1,1,1,1,1,1,1,1,1,1,1,1,1,1,1,1,1,1,1,1,1,1,1,1,1,1,1,1,1,1,1,1,1,1,1,1,1,1,1,1,1,1,1,1]",89d5266cb7ea1c6879b97dacad91f1fb5f898af96c2fe9bab5752b2d695c2ee8,471e2c839ee2339a95b2b12b2ac0a23ec4f3462a2288ed9ac32ff59e77905895,improved_campaign_offspring,C000898,,3,connected_region_repaint:medium,0.08333333333333333,"[41,42,50,51,52,53,54,55,56,60,61,62,63,64,65,66,70,72]",18,L-SEED,completed,valid,[],,0.5900231843660865,4.946485039488449,B2,2026-08-08T08:56:12.867+02:00,2026-08-08T08:56:12.867+02:00,2026-08-08T09:03:07.110+02:00
989,C000989,improved_dataset_1000_20260807_001,31,989,"[0,0,0,0,0,0,0,0,0,0,0,0,0,0,0,0,0,0,0,0,0,0,0,0,0,0,0,0,0,0,0,2,2,2,0,2,0,0,0,0,0,2,2,2,0,2,0,0,0,0,0,2,2,2,2,2,2,2,2,2,2,2,0,2,2,2,2,2,2,2,2,2,0,2,2,2,2,2,2,2,0,0,0,2,2,2,2,2,2,2,0,0,0,2,2,2,2,2,2,2,0,0,0,2,2,2,0,0,0,0,0,0,0,0,0,0,0,0,0,0,0,2,2,0,0,0,0,0,0,0,0,2,2,0,0,0,0,0,0,0,0,0,0,0,0,0,0,0,0,0,0,0,0,0,0,0,0,0,0,0,0,0,0,0,0,0,0,0,0,0,0,0,0,0,0,0,1,1,0,0]",cfecf9e121f35c2cc8df56b16ac4d5a40f524b884d70e6289bfeb02809fd83d8,9ddc412be08a5cb6fc93457c4e635821f7f6db01d368ee187e6927ec77c72413,improved_campaign_offspring,C000839,,4,rectangular_patch:large,0.2111111111111111,"[53,56,57,58,59,68,69,73,74,75,77,78,79,83,84,85,86,87,88,89,93,94,95,96,97,98,99,103,104,105]",30,L-SEED,completed,valid,[],,0.04963914252646901,9.534438243698826,B1,2026-08-08T08:56:13.025+02:00,2026-08-08T08:56:13.025+02:00,2026-08-08T09:03:07.110+02:00
990,C000990,improved_dataset_1000_20260807_001,31,990,"[2,2,2,0,0,0,0,0,0,0,2,2,2,2,0,0,0,0,1,0,2,2,2,2,2,2,0,0,1,1,2,2,2,2,0,2,2,1,0,1,2,2,2,2,0,1,1,1,1,1,2,2,2,2,2,2,2,1,1,0,2,2,2,2,2,2,2,1,1,0,2,1,2,0,0,1,1,1,1,0,1,1,0,0,0,0,1,1,1,0,1,1,1,1,0,0,1,1,1,1,1,1,1,1,1,1,1,1,1,1,1,1,1,1,1,1,1,1,1,1,1,1,0,1,1,1,1,1,1,1,1,1,1,1,1,1,1,1,1,1,1,1,1,1,1,1,1,1,1,1,1,1,1,1,1,1,1,1,1,1,1,1,1,1,1,1,1,1,1,1,1,1,1,1,1,1,1,1,1,1]",16d5aac2a0b7334405ef60332c23148b8bb6da1ea8e9ca676faa1ee2f2daec19,c689797dd12f8467638b75a4562422d7026d1212b497d75da1c349cdc740be50,improved_campaign_offspring,C000898,,5,boundary_growth:small,0.005555555555555556,"[5,14,15,16,26,27]",6,L-SEED,completed,valid,[],,0.4023340041308974,5.912586054172102,B1,2026-08-08T08:56:13.241+02:00,2026-08-08T08:56:13.241+02:00,2026-08-08T09:03:07.125+02:00
991,C000991,improved_dataset_1000_20260807_001,32,991,"[0,1,1,1,1,1,1,1,1,1,0,1,1,0,1,1,1,1,1,1,0,0,0,0,1,1,1,1,1,1,0,2,2,2,0,1,1,1,1,1,0,2,2,2,0,1,1,1,1,1,0,1,2,1,0,1,1,1,1,1,1,1,1,1,1,1,1,1,1,1,1,1,2,2,1,1,1,1,1,1,1,2,2,2,2,1,1,1,1,1,2,2,2,2,2,1,1,1,1,1,2,2,2,2,1,1,1,1,1,1,2,2,2,1,1,1,1,1,1,1,2,2,2,2,1,1,1,1,1,1,0,2,2,0,0,1,1,1,1,1,0,0,0,1,1,1,1,1,1,1,1,1,1,1,1,1,1,1,1,1,1,1,1,1,1,1,0,1,1,1,1,1,1,1,1,1,0,1,1,1]",8fc29a7e9884142a919e0a43bf0ec63f0856a0c34da910a0b37435f5bdae2773,abcd60cfcce917fa64346742b2ae90ed33fbef48808d7623da6f980df96ee8c7,improved_campaign_offspring,C000841,,1,connected_region_repaint:small,0.011111111111111112,"[166,176]",2,L-SEED,completed,valid,[],,0.9643100767144795,0.06906587681671669,B6,2026-08-08T09:03:07.595+02:00,2026-08-08T09:03:07.595+02:00,2026-08-08T09:08:09.048+02:00
992,C000992,improved_dataset_1000_20260807_001,32,992,"[2,2,2,2,2,2,2,2,0,0,0,2,0,0,0,0,0,0,0,0,0,2,0,0,0,0,0,0,0,0,0,2,0,0,0,0,0,0,0,0,0,2,0,0,0,0,0,0,0,0,0,2,0,0,0,0,0,0,0,0,0,0,0,2,2,2,2,0,0,0,0,0,0,0,2,0,0,0,0,0,0,0,0,0,0,0,0,0,0,0,0,0,0,0,0,0,0,0,0,0,2,2,0,0,0,0,0,0,0,0,2,2,0,2,2,0,0,0,0,0,2,0,0,0,2,2,0,0,0,0,2,2,2,2,2,0,0,0,1,1,2,2,0,0,0,0,0,0,1,1,0,0,0,0,0,0,0,1,1,1,0,0,0,0,0,0,0,1,1,1,0,0,1,0,0,1,1,1,1,1]",a75102d66990b2693037ad9f42df9d7f084e5bbb0cc0069bad29dcd0d75acd03,c556667b2b3d6ffa0fdd59a8a35838506933e01e79e6db60e9b7b748e1ba5048,improved_campaign_offspring,C000843,,2,connected_region_repaint:small,0.022222222222222223,"[60,61,70,80]",4,L-SEED,completed,valid,[],,0.09052546053340291,9.080245919391027,B1,2026-08-08T09:03:07.742+02:00,2026-08-08T09:03:07.742+02:00,2026-08-08T09:08:09.048+02:00
993,C000993,improved_dataset_1000_20260807_001,32,993,"[0,1,1,1,1,1,1,1,1,1,0,1,1,0,1,1,1,1,1,1,0,0,0,0,1,1,1,1,1,1,0,2,2,2,0,1,1,1,1,1,0,2,2,2,0,1,1,1,1,1,0,1,2,1,0,1,1,1,1,1,1,1,1,1,1,1,1,1,1,1,1,1,2,2,1,1,1,1,1,1,1,2,2,2,2,1,1,1,1,1,2,2,2,2,2,1,1,1,1,1,2,2,2,2,0,1,1,1,1,1,2,2,2,0,0,0,1,1,1,1,2,2,2,2,1,1,1,1,1,1,0,2,2,0,0,1,1,1,1,1,0,0,0,1,1,1,1,1,1,1,1,1,1,1,1,1,1,1,1,1,1,1,1,1,1,1,1,1,1,1,1,1,1,1,1,1,1,1,1,1]",303213dd25006881b64301f550fc6070b53a28ecc81216d23dd836abd407457b,ee291f0cd14e64b7f1d95aeb3cd3b8e45e7516f33544cae27354feb6cf26a927,improved_campaign_offspring,C000841,,3,connected_region_repaint:small,0.022222222222222223,"[104,113,114,115]",4,L-SEED,completed,valid,[],,0.9650935416921534,0.06935361031675374,B6,2026-08-08T09:03:07.895+02:00,2026-08-08T09:03:07.895+02:00,2026-08-08T09:08:09.062+02:00
994,C000994,improved_dataset_1000_20260807_001,32,994,"[0,1,1,1,1,1,1,1,1,1,0,1,1,0,1,1,1,1,1,1,0,0,0,0,1,1,1,1,1,1,0,2,2,2,0,1,1,1,1,1,0,2,2,2,0,1,1,1,1,1,0,1,2,1,0,1,1,1,1,1,1,1,1,1,1,1,1,1,1,1,1,1,2,2,1,1,1,1,1,1,1,2,2,2,2,1,1,1,1,1,2,2,2,2,2,1,1,1,1,1,2,2,2,2,1,1,1,1,1,1,2,2,2,1,1,1,1,1,1,1,2,2,2,2,1,1,1,1,1,1,0,2,2,0,0,1,1,1,1,1,0,0,0,1,0,1,1,1,1,1,1,1,1,1,1,1,1,1,1,1,1,1,1,1,1,1,1,1,1,1,1,1,1,1,1,1,1,1,1,1]",8616966c476b2d4a54a9312b5bb6787323a341168268d5f45a770ce8cb131c36,df79096f5546fb215aee4ef30dce5d39a7b0d31068fec88a380b1061c49b5316,improved_campaign_offspring,C000841,,4,connected_region_repaint:small,0.005555555555555556,[144],1,L-SEED,completed,valid,[],,0.9680418791616265,0.06700407522490127,B6,2026-08-08T09:03:08.050+02:00,2026-08-08T09:03:08.050+02:00,2026-08-08T09:08:09.077+02:00
995,C000995,improved_dataset_1000_20260807_001,32,995,"[0,1,1,1,1,1,1,1,1,1,0,1,1,0,1,1,1,1,1,1,0,0,0,0,1,1,1,1,1,1,0,2,2,2,0,1,1,1,1,1,0,2,2,2,0,1,1,1,1,1,0,1,2,1,0,1,1,1,1,1,1,1,1,1,1,1,1,1,1,1,1,1,1,1,1,1,1,1,1,1,1,1,1,1,1,1,1,1,1,1,1,1,1,1,1,1,1,1,1,1,1,1,1,1,1,1,1,1,1,1,1,1,1,1,1,1,1,1,1,1,1,1,1,1,1,1,1,1,1,1,0,1,1,0,0,1,1,1,1,1,0,0,0,1,1,1,1,1,1,1,1,1,1,1,1,1,1,1,1,1,1,1,1,1,1,1,1,1,1,1,1,1,1,1,1,1,1,1,1,1]",27a6bc8871302edc3e7f285feb57908aeb310f414c80fdec4211db1815896845,c2f68a1b59067ca6c2534a74fe694e0836cc37fc726671caaccdbfe59ef67548,improved_campaign_offspring,C000841,,5,boundary_growth:large,0.16666666666666666,"[72,73,81,82,83,84,90,91,92,93,94,100,101,102,103,110,111,112,120,121,122,123,131,132]",24,L-SEED,completed,valid,[],,0.9879957028234188,0.07687344237607723,B6,2026-08-08T09:03:08.180+02:00,2026-08-08T09:03:08.180+02:00,2026-08-08T09:08:09.077+02:00
996,C000996,improved_dataset_1000_20260807_001,32,996,"[0,0,0,0,0,0,0,0,0,0,0,0,0,0,0,0,0,0,0,0,0,0,0,0,2,2,0,0,0,0,0,2,2,0,0,2,0,0,0,0,0,2,0,0,0,2,2,0,0,0,2,2,0,0,0,0,2,0,0,0,0,0,0,0,0,0,2,2,2,2,0,0,0,0,0,0,2,2,2,2,1,0,0,0,0,0,2,2,2,2,1,1,0,0,0,2,2,2,2,2,1,1,0,1,0,2,2,2,2,2,1,1,1,1,1,2,2,2,2,2,1,1,1,1,1,2,2,2,2,2,1,1,1,0,0,1,2,2,2,2,0,0,1,1,1,1,2,2,2,2,0,0,1,1,1,1,2,2,0,2,1,1,1,1,0,1,2,2,2,2,1,1,2,2,2,2,1,1,2,2]",d034dc72972a4e65599366efcf93effd607a14b4f333d76b8705a23995deac61,7c7e7ef56f32e729e371e93d3b73651aafc0eafe2a0a0b053ac071413109b30a,improved_campaign_offspring,C000430,,1,boundary_growth:medium,0.06111111111111111,"[18,27,28,36,37,38,39,48,49,57,58,59]",12,L-SEED,completed,valid,[],,0.02333643112509657,9.982341524646737,B1,2026-08-08T09:08:09.425+02:00,2026-08-08T09:08:09.425+02:00,2026-08-08T09:12:11.306+02:00
997,C000997,improved_dataset_1000_20260807_001,32,997,"[0,0,0,0,0,2,2,0,2,0,0,0,0,0,2,2,2,2,2,2,0,0,0,0,2,2,2,2,2,0,0,2,0,0,2,2,2,2,2,0,0,2,0,2,2,2,2,2,0,0,0,2,2,2,2,2,2,2,2,0,2,2,2,2,2,2,2,2,2,0,2,2,2,2,2,2,0,0,2,0,2,2,2,2,2,2,2,2,0,0,2,2,2,2,2,2,2,2,2,0,2,2,0,2,2,2,2,2,2,0,2,2,0,0,0,0,2,2,2,0,2,2,0,0,0,0,0,0,0,0,2,2,2,0,0,2,2,2,2,0,0,0,2,2,2,2,2,2,2,2,2,2,2,2,2,2,2,2,0,2,2,2,2,2,2,2,2,2,2,2,2,2,2,2,2,2,1,1,2,2]",d6ad5584191682b807c1d0a4e3075a62fb4c59fe52a7ba3d26d115b91378d805,647637928f89547e74277b4491b893d044ad57408e7c44c13a36d9ceec3b74f8,improved_campaign_offspring,C000847,,2,connected_region_repaint:small,0.011111111111111112,"[32,33]",2,L-SEED,completed,valid,[],,0.046874036781432496,9.57885405575998,B1,2026-08-08T09:08:09.579+02:00,2026-08-08T09:08:09.579+02:00,2026-08-08T09:12:11.306+02:00
998,C000998,improved_dataset_1000_20260807_001,32,998,"[0,0,0,0,0,0,0,0,0,0,0,0,0,0,0,0,0,0,0,0,0,0,0,0,0,0,0,0,0,0,0,0,2,2,0,0,0,0,0,0,0,0,0,2,0,0,0,0,0,0,0,0,0,2,2,0,0,0,0,0,0,0,0,2,0,0,0,0,0,0,0,0,0,0,0,1,0,0,0,0,1,0,0,1,1,1,0,0,0,0,1,1,0,0,1,1,0,0,0,0,1,1,0,1,1,1,0,0,0,0,1,1,1,1,1,1,0,0,0,0,1,1,1,1,1,1,0,0,0,0,1,1,1,1,1,1,2,0,0,0,0,0,1,1,1,1,2,2,2,2,0,0,1,1,1,1,2,2,0,2,1,1,1,1,0,1,2,2,2,2,1,1,2,2,2,2,1,1,2,2]",0f4f22088f8c5008cbbabbf53531bf2e9ae369d5522511479b3674890ac69e3f,9d8642fbe03e198ac3fac228fed88ea46d51bff13fc2dbffb98212c9326a9601,improved_campaign_offspring,C000637,,3,boundary_growth:medium,0.05555555555555555,"[75,83,84,85,94,95,104,105,115,125]",10,L-SEED,completed,valid,[],,0.03219970016069863,9.801116896332603,B1,2026-08-08T09:08:09.726+02:00,2026-08-08T09:08:09.726+02:00,2026-08-08T09:12:11.321+02:00
999,C000999,improved_dataset_1000_20260807_001,32,999,"[0,0,0,0,0,0,0,0,0,0,0,0,0,0,0,0,0,1,0,0,0,0,1,0,0,0,1,1,0,0,0,0,1,1,0,1,1,0,0,0,0,1,1,1,1,1,1,2,0,0,0,0,0,1,1,1,1,2,2,0,0,1,1,1,1,1,2,2,2,2,1,1,1,1,1,1,1,1,2,2,0,0,1,1,1,1,1,1,2,2,1,1,1,1,1,2,1,1,1,1,2,0,1,2,2,2,2,1,1,1,2,0,0,2,2,2,1,1,1,1,2,2,0,2,2,2,1,1,1,1,2,2,2,0,2,0,0,1,1,1,0,0,0,0,0,0,0,1,0,1,0,0,0,0,0,0,0,0,0,1,0,0,0,0,0,0,0,0,1,1,0,0,0,0,0,0,0,0,1,1]",cecd6165e56432bf4fc18f0e2dab3d71ec0b2b9193e98c361d9f96eee837cdf0,07cdd08dc2f4173a2a12250d52eba03c29b6875aad9731aa8f87133c143d2168,improved_campaign_offspring,C000547,,4,boundary_growth:small,0.005555555555555556,[106],1,L-SEED,completed,valid,[],,0.059737656936415966,10.555913115398099,B1,2026-08-08T09:08:09.963+02:00,2026-08-08T09:08:09.963+02:00,2026-08-08T09:12:11.321+02:00
1000,C001000,improved_dataset_1000_20260807_001,32,1000,"[0,0,0,0,0,0,0,0,0,0,0,0,0,0,0,0,0,0,2,0,0,0,0,0,2,2,0,2,2,0,0,2,2,0,0,2,2,2,2,2,0,2,0,0,0,2,2,0,2,2,2,2,0,0,0,0,2,2,2,2,0,0,0,0,0,0,2,2,2,2,0,0,0,0,0,0,2,2,2,2,0,0,0,0,0,0,2,2,2,2,0,0,0,0,0,2,2,2,2,2,0,0,0,0,0,2,2,2,2,2,0,0,0,0,0,2,2,2,2,2,0,0,0,0,0,2,2,2,2,2,0,0,0,0,0,1,2,2,2,2,0,0,0,0,1,1,2,2,2,2,0,0,1,1,1,1,2,2,0,2,1,1,1,1,0,1,2,2,2,2,1,1,2,2,2,2,1,1,2,2]",f218ebd9bc702ac9f2ad5a9e0ea492d7be6ad2a5581eb2921fb114d20db415ec,358dfa87e9d445cc6a5b6b7563249d22f270470c6ddc02d29de1aab042f9ab87,improved_campaign_offspring,C000430,,5,connected_region_repaint:large,0.1111111111111111,"[80,90,91,100,101,103,110,111,112,113,114,120,121,122,123,124,130,131,132,142,143]",21,L-SEED,completed,valid,[],,0.025267399276940467,9.895065147533,B1,2026-08-08T09:08:10.195+02:00,2026-08-08T09:08:10.195+02:00,2026-08-08T09:12:11.337+02:00
