sample_id,angle_deg,status,torque,attempt,build_time,mesh_time,solve_time,postprocess_time,total_time,mesh_nodes,mesh_elements,worker_pid,femm_pids_json,work_directory,error_type,error_message,started_at,completed_at
S000001,0.0,completed,0.857259761657062,1,0.0,0.24758979998296127,2.608034200005932,0.01738940001814626,2.923910799989244,10718,20614,10792,[],C:\Users\26096\Desktop\em\python_topopt\runs\band_supplement_300_20260808_001\samples\S000001\femm\angle_0_attempt_1,,,2026-08-08T16:15:52.407+02:00,2026-08-08T16:15:56.329+02:00
S000001,3.0,completed,0.8417108989546633,1,0.0,0.2289294000074733,3.1560501999920234,0.01843540000845678,3.4551840999920387,10718,20614,15380,[],C:\Users\26096\Desktop\em\python_topopt\runs\band_supplement_300_20260808_001\samples\S000001\femm\angle_3_attempt_1,,,2026-08-08T16:15:56.383+02:00,2026-08-08T16:16:00.716+02:00
S000001,6.0,completed,0.9264456473553854,1,0.0,0.2253430999990087,2.951140999997733,0.01675099998828955,3.248149499995634,10718,20614,24728,[],C:\Users\26096\Desktop\em\python_topopt\runs\band_supplement_300_20260808_001\samples\S000001\femm\angle_6_attempt_1,,,2026-08-08T16:16:00.789+02:00,2026-08-08T16:16:04.812+02:00
S000001,9.0,completed,0.9150729141277655,1,0.0,0.22769420000258833,3.124199600017164,0.01767830000608228,3.4255560000019614,10718,20614,16660,[],C:\Users\26096\Desktop\em\python_topopt\runs\band_supplement_300_20260808_001\samples\S000001\femm\angle_9_attempt_1,,,2026-08-08T16:16:04.882+02:00,2026-08-08T16:16:09.174+02:00
S000001,12.0,completed,0.8239739430460672,1,0.0,0.23356540000531822,2.7072113000031095,0.030614799994509667,3.0414586999977473,10718,20614,18360,[],C:\Users\26096\Desktop\em\python_topopt\runs\band_supplement_300_20260808_001\samples\S000001\femm\angle_12_attempt_1,,,2026-08-08T16:16:09.248+02:00,2026-08-08T16:16:13.143+02:00
S000001,15.0,completed,0.859980697210286,1,0.0,0.20680869999341667,2.7653010000067297,0.018436099984683096,3.0495817000046372,10718,20614,15404,[],C:\Users\26096\Desktop\em\python_topopt\runs\band_supplement_300_20260808_001\samples\S000001\femm\angle_15_attempt_1,,,2026-08-08T16:16:13.212+02:00,2026-08-08T16:16:17.080+02:00
S000002,0.0,completed,0.4824428488516123,1,3.6327361000003293,0.4822408000181895,18.427261700009694,0.03683830000227317,22.71198620001087,22715,44198,20620,[],C:\Users\26096\Desktop\em\python_topopt\runs\band_supplement_300_20260808_001\samples\S000002\femm\angle_0_attempt_1,,,2026-08-08T16:16:17.782+02:00,2026-08-08T16:16:42.373+02:00
S000002,3.0,completed,0.6477833867598535,1,0.0,0.47600180000881664,19.581805699999677,0.048672900011297315,20.225026100000832,22715,44198,35940,[],C:\Users\26096\Desktop\em\python_topopt\runs\band_supplement_300_20260808_001\samples\S000002\femm\angle_3_attempt_1,,,2026-08-08T16:16:42.441+02:00,2026-08-08T16:17:03.741+02:00
S000002,6.0,completed,0.6125337459759699,1,0.0,0.48480360000394285,19.32059700001264,0.036452700005611405,19.955424799991306,22715,44198,17652,[],C:\Users\26096\Desktop\em\python_topopt\runs\band_supplement_300_20260808_001\samples\S000002\femm\angle_6_attempt_1,,,2026-08-08T16:17:03.816+02:00,2026-08-08T16:17:24.674+02:00
S000002,9.0,completed,0.4142406633063636,1,0.0,0.47477749999961816,17.890666699997382,0.03321280001546256,18.505891400011024,22715,44198,28768,[],C:\Users\26096\Desktop\em\python_topopt\runs\band_supplement_300_20260808_001\samples\S000002\femm\angle_9_attempt_1,,,2026-08-08T16:17:24.753+02:00,2026-08-08T16:17:44.147+02:00
S000002,12.0,completed,0.3640692635514394,1,0.0,0.46788529999321327,22.020582099998137,0.0332295999978669,22.63022409999394,22715,44198,2816,[],C:\Users\26096\Desktop\em\python_topopt\runs\band_supplement_300_20260808_001\samples\S000002\femm\angle_12_attempt_1,,,2026-08-08T16:17:44.228+02:00,2026-08-08T16:18:07.684+02:00
S000002,15.0,completed,0.4839200180699657,1,0.0,0.47230779999517836,29.761251699994318,0.036272099998313934,30.372620499983896,22715,44198,5808,[],C:\Users\26096\Desktop\em\python_topopt\runs\band_supplement_300_20260808_001\samples\S000002\femm\angle_15_attempt_1,,,2026-08-08T16:18:07.755+02:00,2026-08-08T16:18:38.991+02:00
S000003,0.0,completed,0.7135786144013188,1,7.531227400002535,0.6120443999825511,41.09934240000439,0.04418480000458658,49.44774949998828,28444,55652,26328,[],C:\Users\26096\Desktop\em\python_topopt\runs\band_supplement_300_20260808_001\samples\S000003\femm\angle_0_attempt_1,,,2026-08-08T16:16:17.801+02:00,2026-08-08T16:17:10.505+02:00
S000003,3.0,completed,0.7614082053093479,1,0.0,0.6297878999903332,40.25679049998871,0.03845179997733794,41.067255200003274,28444,55652,27108,[],C:\Users\26096\Desktop\em\python_topopt\runs\band_supplement_300_20260808_001\samples\S000003\femm\angle_3_attempt_1,,,2026-08-08T16:17:10.585+02:00,2026-08-08T16:17:52.490+02:00
S000003,6.0,completed,0.7370085212216761,1,0.0,0.6275271000049543,34.337721299991244,0.03890259997569956,35.13412229999085,28444,55652,26568,[],C:\Users\26096\Desktop\em\python_topopt\runs\band_supplement_300_20260808_001\samples\S000003\femm\angle_6_attempt_1,,,2026-08-08T16:17:52.561+02:00,2026-08-08T16:18:28.525+02:00
S000003,9.0,completed,0.5596503597283486,1,0.0,0.5937204000074416,39.01586240000324,0.04139280001982115,39.777591799997026,28444,55652,34044,[],C:\Users\26096\Desktop\em\python_topopt\runs\band_supplement_300_20260808_001\samples\S000003\femm\angle_9_attempt_1,,,2026-08-08T16:18:28.590+02:00,2026-08-08T16:19:09.168+02:00
S000003,12.0,completed,0.6855060885607038,1,0.0,0.5810577000083867,43.72167129997979,0.03626929997699335,44.46519079999416,28444,55652,29764,[],C:\Users\26096\Desktop\em\python_topopt\runs\band_supplement_300_20260808_001\samples\S000003\femm\angle_12_attempt_1,,,2026-08-08T16:19:09.233+02:00,2026-08-08T16:19:54.437+02:00
S000003,15.0,completed,0.7153524694960506,1,0.0,0.5676698999886867,33.95756040001288,0.037048300000606105,34.68923089999589,28444,55652,30312,[],C:\Users\26096\Desktop\em\python_topopt\runs\band_supplement_300_20260808_001\samples\S000003\femm\angle_15_attempt_1,,,2026-08-08T16:19:54.506+02:00,2026-08-08T16:20:29.920+02:00
S000004,0.0,completed,0.12770855661023,1,6.581091400003061,0.4965434999903664,9.045569100009743,0.04138729997794144,16.293727300013416,23883,46536,37036,[],C:\Users\26096\Desktop\em\python_topopt\runs\band_supplement_300_20260808_001\samples\S000004\femm\angle_0_attempt_1,,,2026-08-08T16:16:17.824+02:00,2026-08-08T16:16:36.745+02:00
S000004,3.0,completed,0.1306626064048109,1,0.0,0.5269596999860369,9.475101799995173,0.037596600013785064,10.15413680000347,23883,46536,18088,[],C:\Users\26096\Desktop\em\python_topopt\runs\band_supplement_300_20260808_001\samples\S000004\femm\angle_3_attempt_1,,,2026-08-08T16:16:36.819+02:00,2026-08-08T16:16:48.046+02:00
S000004,6.0,completed,0.1322170979491014,1,0.0,0.501168199989479,9.365757599996869,0.034105600003385916,10.007849000015995,23883,46536,996,[],C:\Users\26096\Desktop\em\python_topopt\runs\band_supplement_300_20260808_001\samples\S000004\femm\angle_6_attempt_1,,,2026-08-08T16:16:48.123+02:00,2026-08-08T16:16:59.113+02:00
S000004,9.0,completed,0.1325003402313114,1,0.0,0.4999692999990657,8.809457199997269,0.03808179998304695,9.459141900006216,23883,46536,30868,[],C:\Users\26096\Desktop\em\python_topopt\runs\band_supplement_300_20260808_001\samples\S000004\femm\angle_9_attempt_1,,,2026-08-08T16:16:59.196+02:00,2026-08-08T16:17:09.507+02:00
S000004,12.0,completed,0.126936711393606,1,0.0,0.49586329999146983,8.782433899992611,0.038215600012335926,9.430168799997773,23883,46536,19540,[],C:\Users\26096\Desktop\em\python_topopt\runs\band_supplement_300_20260808_001\samples\S000004\femm\angle_12_attempt_1,,,2026-08-08T16:17:09.588+02:00,2026-08-08T16:17:19.900+02:00
S000004,15.0,completed,0.1277521148672128,1,0.0,0.5934148000087589,8.431108299992047,0.04011940001510084,9.206686700024875,23883,46536,32760,[],C:\Users\26096\Desktop\em\python_topopt\runs\band_supplement_300_20260808_001\samples\S000004\femm\angle_15_attempt_1,,,2026-08-08T16:17:19.981+02:00,2026-08-08T16:17:30.197+02:00
S000005,0.0,completed,0.7452608578279563,1,4.201397500000894,0.45728499998222105,31.59803490000195,0.0320066999993287,36.39595820000977,22326,43420,16400,[],C:\Users\26096\Desktop\em\python_topopt\runs\band_supplement_300_20260808_001\samples\S000005\femm\angle_0_attempt_1,,,2026-08-08T16:16:17.847+02:00,2026-08-08T16:16:56.341+02:00
S000005,3.0,completed,0.718218912805063,1,0.0,0.49596570001449436,31.24892319997889,0.033126399997854605,31.885673700016923,22326,43420,11624,[],C:\Users\26096\Desktop\em\python_topopt\runs\band_supplement_300_20260808_001\samples\S000005\femm\angle_3_attempt_1,,,2026-08-08T16:16:56.411+02:00,2026-08-08T16:17:29.157+02:00
S000005,6.0,completed,0.742189687441013,1,0.0,0.4750845000089612,26.136610999994446,0.03202020001481287,26.74739900001441,22326,43420,21548,[],C:\Users\26096\Desktop\em\python_topopt\runs\band_supplement_300_20260808_001\samples\S000005\femm\angle_6_attempt_1,,,2026-08-08T16:17:29.236+02:00,2026-08-08T16:17:56.875+02:00
S000005,9.0,completed,0.6668485976339408,1,0.0,0.45661649998510256,15.38580489999731,0.03316900000208989,15.97313940001186,22326,43420,20348,[],C:\Users\26096\Desktop\em\python_topopt\runs\band_supplement_300_20260808_001\samples\S000005\femm\angle_9_attempt_1,,,2026-08-08T16:17:56.944+02:00,2026-08-08T16:18:13.723+02:00
S000005,12.0,completed,0.6650907225131814,1,0.0,0.45981319999555126,24.75967940001283,0.03194190000067465,25.359047799982363,22326,43420,26036,[],C:\Users\26096\Desktop\em\python_topopt\runs\band_supplement_300_20260808_001\samples\S000005\femm\angle_12_attempt_1,,,2026-08-08T16:18:13.794+02:00,2026-08-08T16:18:39.955+02:00
S000005,15.0,completed,0.7450653985901385,1,0.0,0.43659739999566227,31.77945020000334,0.031911400001263246,32.3569157999882,22326,43420,33304,[],C:\Users\26096\Desktop\em\python_topopt\runs\band_supplement_300_20260808_001\samples\S000005\femm\angle_15_attempt_1,,,2026-08-08T16:18:40.024+02:00,2026-08-08T16:19:13.122+02:00
S000006,0.0,completed,0.5887467869877456,1,8.798554499982856,0.5285901000024751,24.472358400002122,0.033742700004950166,33.95687449997058,25163,49098,32316,[],C:\Users\26096\Desktop\em\python_topopt\runs\band_supplement_300_20260808_001\samples\S000006\femm\angle_0_attempt_1,,,2026-08-08T16:20:30.569+02:00,2026-08-08T16:21:06.049+02:00
S000006,3.0,completed,0.4979821887662811,1,0.0,0.5073583999765106,31.11036720001721,0.033291100000496954,31.764240000018617,25163,49098,1688,[],C:\Users\26096\Desktop\em\python_topopt\runs\band_supplement_300_20260808_001\samples\S000006\femm\angle_3_attempt_1,,,2026-08-08T16:21:06.113+02:00,2026-08-08T16:21:38.795+02:00
S000006,6.0,completed,0.4929629638133187,1,0.0,0.5264383999747224,27.93505900001037,0.03607430000556633,28.61072499997681,25163,49098,5276,[],C:\Users\26096\Desktop\em\python_topopt\runs\band_supplement_300_20260808_001\samples\S000006\femm\angle_6_attempt_1,,,2026-08-08T16:21:38.849+02:00,2026-08-08T16:22:08.239+02:00
S000006,9.0,completed,0.4474597301679357,1,0.0,0.48982850002357736,25.217531200003577,0.040933099982794374,25.86543469998287,25163,49098,17876,[],C:\Users\26096\Desktop\em\python_topopt\runs\band_supplement_300_20260808_001\samples\S000006\femm\angle_9_attempt_1,,,2026-08-08T16:22:08.303+02:00,2026-08-08T16:22:34.899+02:00
S000006,12.0,completed,0.5144781274343672,1,0.0,0.4910987000039313,30.428061599988723,0.04123339999932796,31.072836100007407,25163,49098,30844,[],C:\Users\26096\Desktop\em\python_topopt\runs\band_supplement_300_20260808_001\samples\S000006\femm\angle_12_attempt_1,,,2026-08-08T16:22:34.952+02:00,2026-08-08T16:23:06.758+02:00
S000006,15.0,completed,0.591370061976114,1,0.0,0.4939717999950517,38.29738889998407,0.03811530000530183,38.94627240000409,25163,49098,7732,[],C:\Users\26096\Desktop\em\python_topopt\runs\band_supplement_300_20260808_001\samples\S000006\femm\angle_15_attempt_1,,,2026-08-08T16:23:06.827+02:00,2026-08-08T16:23:46.503+02:00
S000007,0.0,completed,0.6018630066159206,1,2.6367282000137493,0.4469624999910593,11.030995700013591,0.031747300003189594,14.243651900003897,21002,40766,29960,[],C:\Users\26096\Desktop\em\python_topopt\runs\band_supplement_300_20260808_001\samples\S000007\femm\angle_0_attempt_1,,,2026-08-08T16:20:30.590+02:00,2026-08-08T16:20:47.112+02:00
S000007,3.0,completed,0.5066651441649713,1,0.0,0.4264419999963138,13.814405299985083,0.03932149999309331,14.377884399989853,21002,40766,24416,[],C:\Users\26096\Desktop\em\python_topopt\runs\band_supplement_300_20260808_001\samples\S000007\femm\angle_3_attempt_1,,,2026-08-08T16:20:47.162+02:00,2026-08-08T16:21:02.360+02:00
S000007,6.0,completed,0.5827253168670851,1,0.0,0.43860789999598637,13.800321599992458,0.028996899985941127,14.363640299998224,21002,40766,18096,[],C:\Users\26096\Desktop\em\python_topopt\runs\band_supplement_300_20260808_001\samples\S000007\femm\angle_6_attempt_1,,,2026-08-08T16:21:02.429+02:00,2026-08-08T16:21:17.589+02:00
S000007,9.0,completed,0.5418697870083351,1,0.0,0.4393108000222128,11.055781999981264,0.02904080000007525,11.617503899993608,21002,40766,21576,[],C:\Users\26096\Desktop\em\python_topopt\runs\band_supplement_300_20260808_001\samples\S000007\femm\angle_9_attempt_1,,,2026-08-08T16:21:17.669+02:00,2026-08-08T16:21:30.058+02:00
S000007,12.0,completed,0.5394549646916215,1,0.0,0.43794010000419803,12.627833499980625,0.03275079999002628,13.205156900017755,21002,40766,34380,[],C:\Users\26096\Desktop\em\python_topopt\runs\band_supplement_300_20260808_001\samples\S000007\femm\angle_12_attempt_1,,,2026-08-08T16:21:30.121+02:00,2026-08-08T16:21:44.045+02:00
S000007,15.0,completed,0.599751349841427,1,0.0,0.4415529000107199,11.371370900014881,0.03338690000236966,11.939281699975254,21002,40766,29232,[],C:\Users\26096\Desktop\em\python_topopt\runs\band_supplement_300_20260808_001\samples\S000007\femm\angle_15_attempt_1,,,2026-08-08T16:21:44.114+02:00,2026-08-08T16:21:56.789+02:00
S000008,0.0,completed,0.2404020706521594,1,4.939588800014462,0.4452642999822274,5.971907500002999,0.0337223999958951,11.49168550001923,22023,42806,1280,[],C:\Users\26096\Desktop\em\python_topopt\runs\band_supplement_300_20260808_001\samples\S000008\femm\angle_0_attempt_1,,,2026-08-08T16:20:30.647+02:00,2026-08-08T16:20:43.895+02:00
S000008,3.0,completed,0.2408299294564863,1,0.0,0.4510959000035655,5.950025600002846,0.03295369999250397,6.545904900005553,22023,42806,27660,[],C:\Users\26096\Desktop\em\python_topopt\runs\band_supplement_300_20260808_001\samples\S000008\femm\angle_3_attempt_1,,,2026-08-08T16:20:43.948+02:00,2026-08-08T16:20:51.328+02:00
S000008,6.0,completed,0.2372245827465346,1,0.0,0.4737728000036441,5.694078500004252,0.03229750000173226,6.297276099998271,22023,42806,15280,[],C:\Users\26096\Desktop\em\python_topopt\runs\band_supplement_300_20260808_001\samples\S000008\femm\angle_6_attempt_1,,,2026-08-08T16:20:51.428+02:00,2026-08-08T16:20:58.521+02:00
S000008,9.0,completed,0.2405946932863192,1,0.0,0.4600402999785729,5.846532600000501,0.03250150001258589,6.443666500010295,22023,42806,22288,[],C:\Users\26096\Desktop\em\python_topopt\runs\band_supplement_300_20260808_001\samples\S000008\femm\angle_9_attempt_1,,,2026-08-08T16:20:58.590+02:00,2026-08-08T16:21:05.803+02:00
S000008,12.0,completed,0.2387098051819128,1,0.0,0.4469196999853011,5.781230599997798,0.033822800003690645,6.3628425000060815,22023,42806,16688,[],C:\Users\26096\Desktop\em\python_topopt\runs\band_supplement_300_20260808_001\samples\S000008\femm\angle_12_attempt_1,,,2026-08-08T16:21:05.874+02:00,2026-08-08T16:21:13.049+02:00
S000008,15.0,completed,0.240863763578226,1,0.0,0.47053669998422265,5.762249699997483,0.03557909998926334,6.368918799998937,22023,42806,28912,[],C:\Users\26096\Desktop\em\python_topopt\runs\band_supplement_300_20260808_001\samples\S000008\femm\angle_15_attempt_1,,,2026-08-08T16:21:13.120+02:00,2026-08-08T16:21:20.273+02:00
S000009,0.0,completed,0.405353314952783,1,6.487570199999027,0.5444895999971777,18.626315300003625,0.03776450001168996,25.81943540001521,26589,51944,32592,[],C:\Users\26096\Desktop\em\python_topopt\runs\band_supplement_300_20260808_001\samples\S000009\femm\angle_0_attempt_1,,,2026-08-08T16:23:47.336+02:00,2026-08-08T16:24:15.019+02:00
S000009,3.0,completed,0.6243765853390086,1,0.0,0.5748474000138231,19.851869899983285,0.03858059999765828,20.59509970000363,26589,51944,27624,[],C:\Users\26096\Desktop\em\python_topopt\runs\band_supplement_300_20260808_001\samples\S000009\femm\angle_3_attempt_1,,,2026-08-08T16:24:15.080+02:00,2026-08-08T16:24:36.666+02:00
S000009,6.0,completed,0.6261749600208584,1,0.0,0.5465819000091869,21.517016600002535,0.04175340000074357,22.25025869999081,26589,51944,28876,[],C:\Users\26096\Desktop\em\python_topopt\runs\band_supplement_300_20260808_001\samples\S000009\femm\angle_6_attempt_1,,,2026-08-08T16:24:36.727+02:00,2026-08-08T16:24:59.907+02:00
S000009,9.0,completed,0.3134113815179278,1,0.0,0.5701512999949045,19.45538889997988,0.042301799985580146,20.197713600005955,26589,51944,22084,[],C:\Users\26096\Desktop\em\python_topopt\runs\band_supplement_300_20260808_001\samples\S000009\femm\angle_9_attempt_1,,,2026-08-08T16:24:59.978+02:00,2026-08-08T16:25:21.205+02:00
S000009,12.0,completed,0.301546860236911,1,0.0,0.5626909999991767,16.529813599976478,0.05189190001692623,17.267523300019093,26589,51944,25532,[],C:\Users\26096\Desktop\em\python_topopt\runs\band_supplement_300_20260808_001\samples\S000009\femm\angle_12_attempt_1,,,2026-08-08T16:25:21.276+02:00,2026-08-08T16:25:39.502+02:00
S000009,15.0,completed,0.404332657280305,1,0.0,0.5401458999840543,18.58188599999994,0.04639469998073764,19.31852150001214,26589,51944,32376,[],C:\Users\26096\Desktop\em\python_topopt\runs\band_supplement_300_20260808_001\samples\S000009\femm\angle_15_attempt_1,,,2026-08-08T16:25:39.572+02:00,2026-08-08T16:25:59.892+02:00
S000010,0.0,completed,0.2841093348623429,1,8.394660499994643,0.5601495000009891,39.224895899998955,0.040482700016582385,48.352418199996464,25071,48906,25008,[],C:\Users\26096\Desktop\em\python_topopt\runs\band_supplement_300_20260808_001\samples\S000010\femm\angle_0_attempt_1,,,2026-08-08T16:23:47.367+02:00,2026-08-08T16:24:38.894+02:00
S000010,3.0,completed,0.4364681333643303,1,0.0,0.5647630000021309,43.38842669999576,0.041386600001715124,44.126476800011005,25071,48906,38064,[],C:\Users\26096\Desktop\em\python_topopt\runs\band_supplement_300_20260808_001\samples\S000010\femm\angle_3_attempt_1,,,2026-08-08T16:24:38.962+02:00,2026-08-08T16:25:24.070+02:00
S000010,6.0,completed,0.4956650739517974,1,0.0,0.535990899981698,22.14056190001429,0.042208900005789474,22.840855000016745,25071,48906,36228,[],C:\Users\26096\Desktop\em\python_topopt\runs\band_supplement_300_20260808_001\samples\S000010\femm\angle_6_attempt_1,,,2026-08-08T16:25:24.131+02:00,2026-08-08T16:25:47.984+02:00
S000010,9.0,completed,0.3974504627510878,1,0.0,0.5605625000025611,33.70291979998001,0.03621159997419454,34.4170569999842,25071,48906,12524,[],C:\Users\26096\Desktop\em\python_topopt\runs\band_supplement_300_20260808_001\samples\S000010\femm\angle_9_attempt_1,,,2026-08-08T16:25:48.044+02:00,2026-08-08T16:26:23.414+02:00
S000010,12.0,completed,0.3625800927117414,1,0.0,0.5210199000139255,26.89069689999451,0.03395380001165904,27.556735600024695,25071,48906,27188,[],C:\Users\26096\Desktop\em\python_topopt\runs\band_supplement_300_20260808_001\samples\S000010\femm\angle_12_attempt_1,,,2026-08-08T16:26:23.485+02:00,2026-08-08T16:26:51.855+02:00
S000010,15.0,completed,0.283778780612698,1,0.0,0.5129051999829244,32.90865530000883,0.03462159997434355,33.570251299999654,25071,48906,17044,[],C:\Users\26096\Desktop\em\python_topopt\runs\band_supplement_300_20260808_001\samples\S000010\femm\angle_15_attempt_1,,,2026-08-08T16:26:51.908+02:00,2026-08-08T16:27:26.297+02:00
S000011,0.0,completed,0.6031537350749863,1,5.427892300009262,0.5407631999987643,40.46519529999932,0.03624409998883493,46.596406900003785,24983,48722,36724,[],C:\Users\26096\Desktop\em\python_topopt\runs\band_supplement_300_20260808_001\samples\S000011\femm\angle_0_attempt_1,,,2026-08-08T16:23:47.383+02:00,2026-08-08T16:24:36.202+02:00
S000011,3.0,completed,0.5709278764236724,1,0.0,0.5566841999825556,39.80571370001417,0.03871690001687966,40.552456700010225,24983,48722,28432,[],C:\Users\26096\Desktop\em\python_topopt\runs\band_supplement_300_20260808_001\samples\S000011\femm\angle_3_attempt_1,,,2026-08-08T16:24:36.252+02:00,2026-08-08T16:25:17.786+02:00
S000011,6.0,completed,0.6546004190527239,1,0.0,0.5444247999985237,40.228801399993245,0.054507599998032674,40.947295500023756,24983,48722,19328,[],C:\Users\26096\Desktop\em\python_topopt\runs\band_supplement_300_20260808_001\samples\S000011\femm\angle_6_attempt_1,,,2026-08-08T16:25:17.857+02:00,2026-08-08T16:25:59.792+02:00
S000011,9.0,completed,0.6644597939450171,1,0.0,0.5240143999981228,33.65655109999352,0.035910200007492676,34.33688190000248,24983,48722,16380,[],C:\Users\26096\Desktop\em\python_topopt\runs\band_supplement_300_20260808_001\samples\S000011\femm\angle_9_attempt_1,,,2026-08-08T16:25:59.853+02:00,2026-08-08T16:26:35.093+02:00
S000011,12.0,completed,0.6116133888253944,1,0.0,0.5056627000158187,30.315355500002624,0.03509950000443496,30.970696000003954,24983,48722,4008,[],C:\Users\26096\Desktop\em\python_topopt\runs\band_supplement_300_20260808_001\samples\S000011\femm\angle_12_attempt_1,,,2026-08-08T16:26:35.153+02:00,2026-08-08T16:27:06.943+02:00
S000011,15.0,completed,0.6025175172939973,1,0.0,0.5166738000116311,31.57508810001309,0.03376680001383647,32.2347825000179,24983,48722,5000,[],C:\Users\26096\Desktop\em\python_topopt\runs\band_supplement_300_20260808_001\samples\S000011\femm\angle_15_attempt_1,,,2026-08-08T16:27:07.002+02:00,2026-08-08T16:27:40.007+02:00
S000012,0.0,completed,0.4694278027560031,1,6.667102699982934,0.5752343000203837,25.65639440002269,0.042105100001208484,33.06572149996646,25548,49860,38768,[],C:\Users\26096\Desktop\em\python_topopt\runs\band_supplement_300_20260808_001\samples\S000012\femm\angle_0_attempt_1,,,2026-08-08T16:23:47.405+02:00,2026-08-08T16:24:22.868+02:00
S000012,3.0,completed,0.6193834160030876,1,0.0,0.5436886000097729,27.127520500012906,0.03823459998238832,27.83305560000008,25548,49860,928,[],C:\Users\26096\Desktop\em\python_topopt\runs\band_supplement_300_20260808_001\samples\S000012\femm\angle_3_attempt_1,,,2026-08-08T16:24:22.949+02:00,2026-08-08T16:24:51.754+02:00
S000012,6.0,completed,0.4607015576807212,1,0.0,0.5565059999935329,22.740966999990633,0.037379999994300306,23.459567000012612,25548,49860,22412,[],C:\Users\26096\Desktop\em\python_topopt\runs\band_supplement_300_20260808_001\samples\S000012\femm\angle_6_attempt_1,,,2026-08-08T16:24:51.815+02:00,2026-08-08T16:25:16.320+02:00
S000012,9.0,completed,0.4304803926580402,1,0.0,0.5769127999956254,27.682602599990787,0.03873519998160191,28.428559599997243,25548,49860,36908,[],C:\Users\26096\Desktop\em\python_topopt\runs\band_supplement_300_20260808_001\samples\S000012\femm\angle_9_attempt_1,,,2026-08-08T16:25:16.380+02:00,2026-08-08T16:25:45.776+02:00
S000012,12.0,completed,0.3007614024021563,1,0.0,0.565956600010395,25.10018109998782,0.04060320000280626,25.827862200007075,25548,49860,34772,[],C:\Users\26096\Desktop\em\python_topopt\runs\band_supplement_300_20260808_001\samples\S000012\femm\angle_12_attempt_1,,,2026-08-08T16:25:45.845+02:00,2026-08-08T16:26:12.628+02:00
S000012,15.0,completed,0.4692972900360912,1,0.0,0.544850399979623,20.68417419999605,0.03647910000290722,21.38389090000419,25548,49860,23660,[],C:\Users\26096\Desktop\em\python_topopt\runs\band_supplement_300_20260808_001\samples\S000012\femm\angle_15_attempt_1,,,2026-08-08T16:26:12.691+02:00,2026-08-08T16:26:34.941+02:00
S000013,0.0,completed,0.430189878166965,1,7.569325699994806,0.6548054000013508,52.097111199982464,0.043748099997173995,60.50919199996861,29913,58592,24736,[],C:\Users\26096\Desktop\em\python_topopt\runs\band_supplement_300_20260808_001\samples\S000013\femm\angle_0_attempt_1,,,2026-08-08T16:23:47.421+02:00,2026-08-08T16:24:51.461+02:00
S000013,3.0,completed,0.5502447979972815,1,0.0,0.6406251000007614,48.00912669999525,0.042884099995717406,48.83666539998376,29913,58592,25860,[],C:\Users\26096\Desktop\em\python_topopt\runs\band_supplement_300_20260808_001\samples\S000013\femm\angle_3_attempt_1,,,2026-08-08T16:24:51.520+02:00,2026-08-08T16:25:41.292+02:00
S000013,6.0,completed,0.4670638653093925,1,0.0,0.6640936999756377,39.66744370001834,0.04560350000974722,40.51309640001273,29913,58592,25232,[],C:\Users\26096\Desktop\em\python_topopt\runs\band_supplement_300_20260808_001\samples\S000013\femm\angle_6_attempt_1,,,2026-08-08T16:25:41.361+02:00,2026-08-08T16:26:22.749+02:00
S000013,9.0,completed,0.4617543415360007,1,0.0,0.6166055000212509,31.27854169998318,0.050188599998364225,32.089436400012346,29913,58592,15648,[],C:\Users\26096\Desktop\em\python_topopt\runs\band_supplement_300_20260808_001\samples\S000013\femm\angle_9_attempt_1,,,2026-08-08T16:26:22.819+02:00,2026-08-08T16:26:55.757+02:00
S000013,12.0,completed,0.2954942927430866,1,0.0,0.6208388999802992,28.294715399999404,0.04514300002483651,29.098763299989514,29913,58592,9120,[],C:\Users\26096\Desktop\em\python_topopt\runs\band_supplement_300_20260808_001\samples\S000013\femm\angle_12_attempt_1,,,2026-08-08T16:26:55.818+02:00,2026-08-08T16:27:25.704+02:00
S000013,15.0,completed,0.4295060035659105,1,0.0,0.5798544999852311,36.13402510000742,0.047980900009861216,36.896170499996515,29913,58592,7828,[],C:\Users\26096\Desktop\em\python_topopt\runs\band_supplement_300_20260808_001\samples\S000013\femm\angle_15_attempt_1,,,2026-08-08T16:27:25.773+02:00,2026-08-08T16:28:03.458+02:00
S000014,0.0,completed,0.6058645362031411,1,2.5778162000060547,0.501502300001448,24.17904129999806,0.035909099999116734,27.40582070001983,25041,48842,13084,[],C:\Users\26096\Desktop\em\python_topopt\runs\band_supplement_300_20260808_001\samples\S000014\femm\angle_0_attempt_1,,,2026-08-08T16:28:03.843+02:00,2026-08-08T16:28:32.709+02:00
S000014,3.0,completed,0.7345451307664467,1,0.0,0.4767760999966413,28.026059399999212,0.04211720000603236,28.661089000001084,25041,48842,13732,[],C:\Users\26096\Desktop\em\python_topopt\runs\band_supplement_300_20260808_001\samples\S000014\femm\angle_3_attempt_1,,,2026-08-08T16:28:32.762+02:00,2026-08-08T16:29:02.168+02:00
S000014,6.0,completed,0.651700053407802,1,0.0,0.48107200002414174,33.84735830000136,0.03298449999419972,34.472459400014486,25041,48842,28468,[],C:\Users\26096\Desktop\em\python_topopt\runs\band_supplement_300_20260808_001\samples\S000014\femm\angle_6_attempt_1,,,2026-08-08T16:29:02.231+02:00,2026-08-08T16:29:37.448+02:00
S000014,9.0,completed,0.629863597250177,1,0.0,0.49789910000981763,38.650885900016874,0.03416469998774119,39.30034149999847,25041,48842,16924,[],C:\Users\26096\Desktop\em\python_topopt\runs\band_supplement_300_20260808_001\samples\S000014\femm\angle_9_attempt_1,,,2026-08-08T16:29:37.503+02:00,2026-08-08T16:30:17.504+02:00
S000014,12.0,completed,0.4464037478178862,1,0.0,0.5039625000208616,30.926570399984485,0.039967099990462884,31.589071900001727,25041,48842,32892,[],C:\Users\26096\Desktop\em\python_topopt\runs\band_supplement_300_20260808_001\samples\S000014\femm\angle_12_attempt_1,,,2026-08-08T16:30:17.557+02:00,2026-08-08T16:30:49.852+02:00
S000014,15.0,completed,0.6062005052370465,1,0.0,0.4797110000217799,26.37902199997916,0.03796149999834597,27.01243249999243,25041,48842,1152,[],C:\Users\26096\Desktop\em\python_topopt\runs\band_supplement_300_20260808_001\samples\S000014\femm\angle_15_attempt_1,,,2026-08-08T16:30:49.912+02:00,2026-08-08T16:31:17.641+02:00
S000015,0.0,completed,0.01642040259489998,1,4.041215599980205,0.4258531000232324,56.9312484000111,0.03943490001256578,61.56405979997362,20710,40186,13568,[],C:\Users\26096\Desktop\em\python_topopt\runs\band_supplement_300_20260808_001\samples\S000015\femm\angle_0_attempt_1,,,2026-08-08T16:31:18.458+02:00,2026-08-08T16:32:21.940+02:00
S000015,3.0,completed,0.1031083270634166,1,0.0,0.4891337000008207,64.37432979998994,0.047905600018566474,65.03813999998965,20710,40186,21960,[],C:\Users\26096\Desktop\em\python_topopt\runs\band_supplement_300_20260808_001\samples\S000015\femm\angle_3_attempt_1,,,2026-08-08T16:32:22.009+02:00,2026-08-08T16:33:28.023+02:00
S000015,6.0,completed,0.1087760679155406,1,0.0,0.44156129998737015,63.496375799993984,0.029188000014983118,64.06655409999075,20710,40186,10868,[],C:\Users\26096\Desktop\em\python_topopt\runs\band_supplement_300_20260808_001\samples\S000015\femm\angle_6_attempt_1,,,2026-08-08T16:33:28.094+02:00,2026-08-08T16:34:33.060+02:00
S000015,9.0,completed,0.05912706300743083,1,0.0,0.4299072999856435,58.659566599992104,0.029461199999786913,59.2163115000003,20710,40186,37552,[],C:\Users\26096\Desktop\em\python_topopt\runs\band_supplement_300_20260808_001\samples\S000015\femm\angle_9_attempt_1,,,2026-08-08T16:34:33.121+02:00,2026-08-08T16:35:33.230+02:00
S000015,12.0,completed,0.02072088220878022,1,0.0,0.4306399000051897,34.629201799980365,0.030209199991077185,35.1881820000126,20710,40186,37012,[],C:\Users\26096\Desktop\em\python_topopt\runs\band_supplement_300_20260808_001\samples\S000015\femm\angle_12_attempt_1,,,2026-08-08T16:35:33.290+02:00,2026-08-08T16:36:09.357+02:00
S000015,15.0,completed,0.01596215790305067,1,0.0,0.4470803999865893,33.3069009000028,0.028938999981619418,33.88182439998491,20710,40186,17152,[],C:\Users\26096\Desktop\em\python_topopt\runs\band_supplement_300_20260808_001\samples\S000015\femm\angle_15_attempt_1,,,2026-08-08T16:36:09.426+02:00,2026-08-08T16:36:44.136+02:00
S000016,0.0,completed,0.7366511477421164,1,8.174637799995253,0.5281691999989562,48.404786400002195,0.036499899986665696,57.27124499998172,25349,49460,21140,[],C:\Users\26096\Desktop\em\python_topopt\runs\band_supplement_300_20260808_001\samples\S000016\femm\angle_0_attempt_1,,,2026-08-08T16:31:18.474+02:00,2026-08-08T16:32:19.153+02:00
S000016,3.0,completed,0.701968199681996,1,0.0,0.5560822999977972,52.51529569999548,0.03914109998731874,53.23144499998307,25349,49460,24312,[],C:\Users\26096\Desktop\em\python_topopt\runs\band_supplement_300_20260808_001\samples\S000016\femm\angle_3_attempt_1,,,2026-08-08T16:32:19.214+02:00,2026-08-08T16:33:13.378+02:00
S000016,6.0,completed,0.719784103695542,1,0.0,0.531374100013636,43.30541440000525,0.034501600021030754,43.99312009999994,25349,49460,37612,[],C:\Users\26096\Desktop\em\python_topopt\runs\band_supplement_300_20260808_001\samples\S000016\femm\angle_6_attempt_1,,,2026-08-08T16:33:13.449+02:00,2026-08-08T16:33:58.330+02:00
S000016,9.0,completed,0.6394187996003701,1,0.0,0.5314011999871582,58.67127590000746,0.04120179999154061,59.36467670000275,25349,49460,29636,[],C:\Users\26096\Desktop\em\python_topopt\runs\band_supplement_300_20260808_001\samples\S000016\femm\angle_9_attempt_1,,,2026-08-08T16:33:58.391+02:00,2026-08-08T16:34:58.602+02:00
S000016,12.0,completed,0.652578580597744,1,0.0,0.5072246000054292,45.43655489999219,0.03477130000828765,46.09516349999467,25349,49460,14636,[],C:\Users\26096\Desktop\em\python_topopt\runs\band_supplement_300_20260808_001\samples\S000016\femm\angle_12_attempt_1,,,2026-08-08T16:34:58.665+02:00,2026-08-08T16:35:45.658+02:00
S000016,15.0,completed,0.7361144019341208,1,0.0,0.5244665000063833,43.065720999991754,0.03368739999132231,43.737375900003826,25349,49460,13028,[],C:\Users\26096\Desktop\em\python_topopt\runs\band_supplement_300_20260808_001\samples\S000016\femm\angle_15_attempt_1,,,2026-08-08T16:35:45.727+02:00,2026-08-08T16:36:30.300+02:00
S000017,0.0,completed,0.06154122439569375,1,15.259521400002996,0.6263378000003286,9.315370500000427,0.04240839998237789,25.38629180000862,28992,56766,29360,[],C:\Users\26096\Desktop\em\python_topopt\runs\band_supplement_300_20260808_001\samples\S000017\femm\angle_0_attempt_1,,,2026-08-08T16:31:18.490+02:00,2026-08-08T16:31:46.264+02:00
S000017,3.0,completed,0.06466064593587106,1,0.0,0.6033227999869268,8.787340699986089,0.0461520999961067,9.575818700017408,28992,56766,31464,[],C:\Users\26096\Desktop\em\python_topopt\runs\band_supplement_300_20260808_001\samples\S000017\femm\angle_3_attempt_1,,,2026-08-08T16:31:46.325+02:00,2026-08-08T16:31:56.871+02:00
S000017,6.0,completed,0.06491935044098772,1,0.0,0.5994624999875668,8.561264199990546,0.04616080000414513,9.347448300017277,28992,56766,32384,[],C:\Users\26096\Desktop\em\python_topopt\runs\band_supplement_300_20260808_001\samples\S000017\femm\angle_6_attempt_1,,,2026-08-08T16:31:56.942+02:00,2026-08-08T16:32:07.234+02:00
S000017,9.0,completed,0.06276886724982754,1,0.0,0.6115888000058476,8.77668489998905,0.04520079999929294,9.580924299982144,28992,56766,37892,[],C:\Users\26096\Desktop\em\python_topopt\runs\band_supplement_300_20260808_001\samples\S000017\femm\angle_9_attempt_1,,,2026-08-08T16:32:07.295+02:00,2026-08-08T16:32:17.815+02:00
S000017,12.0,completed,0.06108649951846187,1,0.0,0.6663301000080537,10.609292399982223,0.043510899995453656,11.460557699989295,28992,56766,31444,[],C:\Users\26096\Desktop\em\python_topopt\runs\band_supplement_300_20260808_001\samples\S000017\femm\angle_12_attempt_1,,,2026-08-08T16:32:17.878+02:00,2026-08-08T16:32:30.231+02:00
S000017,15.0,completed,0.06159185661232317,1,0.0,0.6153630999906454,8.707557099987753,0.04275309998774901,9.505585900013102,28992,56766,29292,[],C:\Users\26096\Desktop\em\python_topopt\runs\band_supplement_300_20260808_001\samples\S000017\femm\angle_15_attempt_1,,,2026-08-08T16:32:30.312+02:00,2026-08-08T16:32:40.877+02:00
S000018,0.0,completed,0.7424416161788195,1,4.950270100001944,0.5082021999987774,49.07362640000065,0.03734579999581911,54.700692500016885,25516,49796,4316,[],C:\Users\26096\Desktop\em\python_topopt\runs\band_supplement_300_20260808_001\samples\S000018\femm\angle_0_attempt_1,,,2026-08-08T16:31:18.521+02:00,2026-08-08T16:32:16.124+02:00
S000018,3.0,completed,0.7158366553418074,1,0.0,0.5445079999917652,49.34279779999633,0.0388698999886401,50.04558420000831,25516,49796,16876,[],C:\Users\26096\Desktop\em\python_topopt\runs\band_supplement_300_20260808_001\samples\S000018\femm\angle_3_attempt_1,,,2026-08-08T16:32:16.177+02:00,2026-08-08T16:33:07.182+02:00
S000018,6.0,completed,0.7362720973400936,1,0.0,0.5343566999945324,49.68062959998497,0.03737309999996796,50.381418899982236,25516,49796,28716,[],C:\Users\26096\Desktop\em\python_topopt\runs\band_supplement_300_20260808_001\samples\S000018\femm\angle_6_attempt_1,,,2026-08-08T16:33:07.253+02:00,2026-08-08T16:33:58.512+02:00
S000018,9.0,completed,0.6554953344573785,1,0.0,0.5281323000090197,39.69820070001879,0.03575260000070557,40.38420830000541,25516,49796,16616,[],C:\Users\26096\Desktop\em\python_topopt\runs\band_supplement_300_20260808_001\samples\S000018\femm\angle_9_attempt_1,,,2026-08-08T16:33:58.573+02:00,2026-08-08T16:34:39.941+02:00
S000018,12.0,completed,0.6594192016044791,1,0.0,0.556226400018204,39.684157599986065,0.03894890000810847,40.39668790000724,25516,49796,35984,[],C:\Users\26096\Desktop\em\python_topopt\runs\band_supplement_300_20260808_001\samples\S000018\femm\angle_12_attempt_1,,,2026-08-08T16:34:40.009+02:00,2026-08-08T16:35:21.284+02:00
S000018,15.0,completed,0.742174579734202,1,0.0,0.5069702999899164,55.41563999999198,0.041339399991557,56.081408900005044,25516,49796,21828,[],C:\Users\26096\Desktop\em\python_topopt\runs\band_supplement_300_20260808_001\samples\S000018\femm\angle_15_attempt_1,,,2026-08-08T16:35:21.355+02:00,2026-08-08T16:36:18.307+02:00
S000019,0.0,completed,0.3736130513233458,1,9.893705999973463,0.662175000004936,49.44833300000755,0.0402444000064861,60.18354579995503,28340,55450,4620,[],C:\Users\26096\Desktop\em\python_topopt\runs\band_supplement_300_20260808_001\samples\S000019\femm\angle_0_attempt_1,,,2026-08-08T16:31:18.542+02:00,2026-08-08T16:32:20.768+02:00
S000019,3.0,completed,0.3127776894006565,1,0.0,0.6395417000167072,46.18986070001847,0.04043339999043383,47.00649319999502,28340,55450,36824,[],C:\Users\26096\Desktop\em\python_topopt\runs\band_supplement_300_20260808_001\samples\S000019\femm\angle_3_attempt_1,,,2026-08-08T16:32:20.830+02:00,2026-08-08T16:33:08.762+02:00
S000019,6.0,completed,0.52707187386377,1,0.0,0.5890209999924991,50.28090350001003,0.04015559999970719,51.06449300001259,28340,55450,9600,[],C:\Users\26096\Desktop\em\python_topopt\runs\band_supplement_300_20260808_001\samples\S000019\femm\angle_6_attempt_1,,,2026-08-08T16:33:08.831+02:00,2026-08-08T16:34:00.738+02:00
S000019,9.0,completed,0.5204744110311028,1,0.0,0.6055959000077564,49.79402519998257,0.040264800016302615,50.56974989999435,28340,55450,12144,[],C:\Users\26096\Desktop\em\python_topopt\runs\band_supplement_300_20260808_001\samples\S000019\femm\angle_9_attempt_1,,,2026-08-08T16:34:00.808+02:00,2026-08-08T16:34:52.250+02:00
S000019,12.0,completed,0.5586340559922883,1,0.0,0.5733252000063658,48.51536930000293,0.03871880000224337,49.258147999993525,28340,55450,33876,[],C:\Users\26096\Desktop\em\python_topopt\runs\band_supplement_300_20260808_001\samples\S000019\femm\angle_12_attempt_1,,,2026-08-08T16:34:52.311+02:00,2026-08-08T16:35:42.438+02:00
S000019,15.0,completed,0.3733951408429704,1,0.0,0.5804812999849673,37.29600550001487,0.04038850002689287,38.046669300005306,28340,55450,37232,[],C:\Users\26096\Desktop\em\python_topopt\runs\band_supplement_300_20260808_001\samples\S000019\femm\angle_15_attempt_1,,,2026-08-08T16:35:42.499+02:00,2026-08-08T16:36:21.388+02:00
S000020,0.0,completed,0.6764101430468322,1,4.673509099986404,0.4814061000070069,26.711611000006087,0.034670299995923415,32.014343799994094,24241,47240,28912,[],C:\Users\26096\Desktop\em\python_topopt\runs\band_supplement_300_20260808_001\samples\S000020\femm\angle_0_attempt_1,,,2026-08-08T16:36:44.737+02:00,2026-08-08T16:37:18.322+02:00
S000020,3.0,completed,0.7749757309028941,1,0.0,0.47446910000871867,24.236670800019056,0.03512630000477657,24.859389999997802,24241,47240,10112,[],C:\Users\26096\Desktop\em\python_topopt\runs\band_supplement_300_20260808_001\samples\S000020\femm\angle_3_attempt_1,,,2026-08-08T16:37:18.372+02:00,2026-08-08T16:37:43.973+02:00
S000020,6.0,completed,0.7824230446185403,1,0.0,0.5070936999982223,29.234417600004235,0.045248799986438826,29.909318299993174,24241,47240,38088,[],C:\Users\26096\Desktop\em\python_topopt\runs\band_supplement_300_20260808_001\samples\S000020\femm\angle_6_attempt_1,,,2026-08-08T16:37:44.035+02:00,2026-08-08T16:38:14.748+02:00
S000020,9.0,completed,0.6174669386601475,1,0.0,0.48660340000060387,43.91494990000501,0.03512600000249222,44.547784099995624,24241,47240,30412,[],C:\Users\26096\Desktop\em\python_topopt\runs\band_supplement_300_20260808_001\samples\S000020\femm\angle_9_attempt_1,,,2026-08-08T16:38:14.806+02:00,2026-08-08T16:39:00.135+02:00
S000020,12.0,completed,0.5327400562420462,1,0.0,0.4902301999973133,25.978768299974035,0.035413900011917576,26.616615500010084,24241,47240,33280,[],C:\Users\26096\Desktop\em\python_topopt\runs\band_supplement_300_20260808_001\samples\S000020\femm\angle_12_attempt_1,,,2026-08-08T16:39:00.195+02:00,2026-08-08T16:39:27.606+02:00
S000020,15.0,completed,0.6749953986644232,1,0.0,0.48726920000626706,23.150432700000238,0.03258150001056492,23.779747099993983,24241,47240,30896,[],C:\Users\26096\Desktop\em\python_topopt\runs\band_supplement_300_20260808_001\samples\S000020\femm\angle_15_attempt_1,,,2026-08-08T16:39:27.675+02:00,2026-08-08T16:39:52.211+02:00
S000021,0.0,completed,0.7107840710349098,1,6.642350100009935,0.5372245999751613,22.93422450000071,0.03961259999778122,30.271816199994646,27753,54280,9120,[],C:\Users\26096\Desktop\em\python_topopt\runs\band_supplement_300_20260808_001\samples\S000021\femm\angle_0_attempt_1,,,2026-08-08T16:36:44.753+02:00,2026-08-08T16:37:16.887+02:00
S000021,3.0,completed,0.7105640544848301,1,0.0,0.5634967999940272,25.920397300011246,0.03732800000580028,26.650828400015598,27753,54280,27788,[],C:\Users\26096\Desktop\em\python_topopt\runs\band_supplement_300_20260808_001\samples\S000021\femm\angle_3_attempt_1,,,2026-08-08T16:37:16.934+02:00,2026-08-08T16:37:44.351+02:00
S000021,6.0,completed,0.6021030781990614,1,0.0,0.5562954000197351,28.073158699990017,0.040398299985099584,28.7981751000043,27753,54280,20512,[],C:\Users\26096\Desktop\em\python_topopt\runs\band_supplement_300_20260808_001\samples\S000021\femm\angle_6_attempt_1,,,2026-08-08T16:37:44.410+02:00,2026-08-08T16:38:14.031+02:00
S000021,9.0,completed,0.6984760537410367,1,0.0,0.5829697000153828,34.46011829999043,0.03847459997632541,35.201929100003326,27753,54280,6312,[],C:\Users\26096\Desktop\em\python_topopt\runs\band_supplement_300_20260808_001\samples\S000021\femm\angle_9_attempt_1,,,2026-08-08T16:38:14.100+02:00,2026-08-08T16:38:50.096+02:00
S000021,12.0,completed,0.7176954366865544,1,0.0,0.5489358000049833,34.2340089000063,0.03648139999131672,34.941691399988486,27753,54280,19196,[],C:\Users\26096\Desktop\em\python_topopt\runs\band_supplement_300_20260808_001\samples\S000021\femm\angle_12_attempt_1,,,2026-08-08T16:38:50.166+02:00,2026-08-08T16:39:25.894+02:00
S000021,15.0,completed,0.7102847260775746,1,0.0,0.555531299993163,24.113185399997747,0.03880660000140779,24.831854800024303,27753,54280,8716,[],C:\Users\26096\Desktop\em\python_topopt\runs\band_supplement_300_20260808_001\samples\S000021\femm\angle_15_attempt_1,,,2026-08-08T16:39:25.963+02:00,2026-08-08T16:39:51.578+02:00
S000022,0.0,completed,0.7415615176029751,1,2.5471931000065524,0.5124322999909054,40.72149719999288,0.03569070002413355,43.933116100000916,26126,51024,35124,[],C:\Users\26096\Desktop\em\python_topopt\runs\band_supplement_300_20260808_001\samples\S000022\femm\angle_0_attempt_1,,,2026-08-08T16:36:44.784+02:00,2026-08-08T16:37:30.945+02:00
S000022,3.0,completed,0.7154193625124904,1,0.0,0.5435811000061221,40.9318863999797,0.0384978000074625,41.632491199998185,26126,51024,31172,[],C:\Users\26096\Desktop\em\python_topopt\runs\band_supplement_300_20260808_001\samples\S000022\femm\angle_3_attempt_1,,,2026-08-08T16:37:31.008+02:00,2026-08-08T16:38:13.394+02:00
S000022,6.0,completed,0.7358568019660914,1,0.0,0.5192169000220019,46.32890560000669,0.03910419999738224,47.00609180002357,26126,51024,16108,[],C:\Users\26096\Desktop\em\python_topopt\runs\band_supplement_300_20260808_001\samples\S000022\femm\angle_6_attempt_1,,,2026-08-08T16:38:13.466+02:00,2026-08-08T16:39:01.287+02:00
S000022,9.0,completed,0.656226363416727,1,0.0,0.5221359999850392,46.13352470000973,0.038503399991896003,46.81319990000338,26126,51024,36696,[],C:\Users\26096\Desktop\em\python_topopt\runs\band_supplement_300_20260808_001\samples\S000022\femm\angle_9_attempt_1,,,2026-08-08T16:39:01.346+02:00,2026-08-08T16:39:48.925+02:00
S000022,12.0,completed,0.6579497435964,1,0.0,0.5097084000008181,37.23220619998756,0.04247059999033809,37.90471610001987,26126,51024,20068,[],C:\Users\26096\Desktop\em\python_topopt\runs\band_supplement_300_20260808_001\samples\S000022\femm\angle_12_attempt_1,,,2026-08-08T16:39:48.986+02:00,2026-08-08T16:40:27.672+02:00
S000022,15.0,completed,0.7419588822144562,1,0.0,0.4995311000093352,46.57684279998648,0.038564000016776845,47.23439450000296,26126,51024,33112,[],C:\Users\26096\Desktop\em\python_topopt\runs\band_supplement_300_20260808_001\samples\S000022\femm\angle_15_attempt_1,,,2026-08-08T16:40:27.735+02:00,2026-08-08T16:41:15.700+02:00
S000023,0.0,completed,0.693757826877915,1,8.402796299982583,0.6454604000027757,41.208457600005204,0.045243000000482425,50.443857399979606,32778,64326,10412,[],C:\Users\26096\Desktop\em\python_topopt\runs\band_supplement_300_20260808_001\samples\S000023\femm\angle_0_attempt_1,,,2026-08-08T16:41:16.300+02:00,2026-08-08T16:42:08.323+02:00
S000023,3.0,completed,0.6746672373807429,1,0.0,0.6603321000002325,53.21827340000891,0.0468103000021074,54.07337800000096,32778,64326,28012,[],C:\Users\26096\Desktop\em\python_topopt\runs\band_supplement_300_20260808_001\samples\S000023\femm\angle_3_attempt_1,,,2026-08-08T16:42:08.381+02:00,2026-08-08T16:43:03.255+02:00
S000023,6.0,completed,0.6894144828746335,1,0.0,0.641765000007581,39.666750699980184,0.04266310000093654,40.49159530000179,32778,64326,15996,[],C:\Users\26096\Desktop\em\python_topopt\runs\band_supplement_300_20260808_001\samples\S000023\femm\angle_6_attempt_1,,,2026-08-08T16:43:03.318+02:00,2026-08-08T16:43:44.642+02:00
S000023,9.0,completed,0.7259545821963191,1,0.0,0.6617759999935515,40.20259030000307,0.0477678999886848,41.05442130001029,32778,64326,804,[],C:\Users\26096\Desktop\em\python_topopt\runs\band_supplement_300_20260808_001\samples\S000023\femm\angle_9_attempt_1,,,2026-08-08T16:43:44.704+02:00,2026-08-08T16:44:26.565+02:00
S000023,12.0,completed,0.6730703998346929,1,0.0,0.6408640000154264,47.2494814999809,0.04194709999137558,48.07645349999075,32778,64326,5224,[],C:\Users\26096\Desktop\em\python_topopt\runs\band_supplement_300_20260808_001\samples\S000023\femm\angle_12_attempt_1,,,2026-08-08T16:44:26.626+02:00,2026-08-08T16:45:15.491+02:00
S000023,15.0,completed,0.6930381404069453,1,0.0,0.6383422000217251,56.90818619998754,0.04583230000571348,57.73697330002324,32778,64326,27724,[],C:\Users\26096\Desktop\em\python_topopt\runs\band_supplement_300_20260808_001\samples\S000023\femm\angle_15_attempt_1,,,2026-08-08T16:45:15.553+02:00,2026-08-08T16:46:14.114+02:00
S000024,0.0,completed,0.734021373764655,1,7.42906719999155,0.650360899977386,42.832460700010415,0.0427174000069499,51.106846399983624,31080,60932,35092,[],C:\Users\26096\Desktop\em\python_topopt\runs\band_supplement_300_20260808_001\samples\S000024\femm\angle_0_attempt_1,,,2026-08-08T16:41:16.315+02:00,2026-08-08T16:42:09.317+02:00
S000024,3.0,completed,0.6718163566206942,1,0.0,0.6253356999950483,44.5451717999822,0.041718399996170774,45.35005030001048,31080,60932,34028,[],C:\Users\26096\Desktop\em\python_topopt\runs\band_supplement_300_20260808_001\samples\S000024\femm\angle_3_attempt_1,,,2026-08-08T16:42:09.368+02:00,2026-08-08T16:42:55.488+02:00
S000024,6.0,completed,0.6246751162406858,1,0.0,0.6103565999947023,59.44047210001736,0.03999769999063574,60.23142930000904,31080,60932,32456,[],C:\Users\26096\Desktop\em\python_topopt\runs\band_supplement_300_20260808_001\samples\S000024\femm\angle_6_attempt_1,,,2026-08-08T16:42:55.551+02:00,2026-08-08T16:43:56.590+02:00
S000024,9.0,completed,0.8280022037589009,1,0.0,0.6011085000063758,51.57656620000489,0.04314990001148544,52.356597800011514,31080,60932,33956,[],C:\Users\26096\Desktop\em\python_topopt\runs\band_supplement_300_20260808_001\samples\S000024\femm\angle_9_attempt_1,,,2026-08-08T16:43:56.650+02:00,2026-08-08T16:44:49.826+02:00
S000024,12.0,completed,0.8448656246289623,1,0.0,0.6089550000033341,43.73847759998171,0.04145649998099543,44.52604689999134,31080,60932,33580,[],C:\Users\26096\Desktop\em\python_topopt\runs\band_supplement_300_20260808_001\samples\S000024\femm\angle_12_attempt_1,,,2026-08-08T16:44:49.886+02:00,2026-08-08T16:45:35.203+02:00
S000024,15.0,completed,0.7316917246655605,1,0.0,0.604076299990993,40.42273489999934,0.0430186000012327,41.20456709997961,31080,60932,27996,[],C:\Users\26096\Desktop\em\python_topopt\runs\band_supplement_300_20260808_001\samples\S000024\femm\angle_15_attempt_1,,,2026-08-08T16:45:35.264+02:00,2026-08-08T16:46:17.278+02:00
S000025,0.0,completed,0.784228415715399,1,7.387443000014173,0.6238677999936044,44.087845800007926,0.04278239997802302,52.28358680001111,30169,59112,19256,[],C:\Users\26096\Desktop\em\python_topopt\runs\band_supplement_300_20260808_001\samples\S000025\femm\angle_0_attempt_1,,,2026-08-08T16:41:16.337+02:00,2026-08-08T16:42:10.874+02:00
S000025,3.0,completed,0.7179138674298351,1,0.0,0.6234247999964282,60.523819599999115,0.04184250000980683,61.32272220001323,30169,59112,8048,[],C:\Users\26096\Desktop\em\python_topopt\runs\band_supplement_300_20260808_001\samples\S000025\femm\angle_3_attempt_1,,,2026-08-08T16:42:10.925+02:00,2026-08-08T16:43:13.024+02:00
S000025,6.0,completed,0.7062602240293787,1,0.0,0.5938572000013664,49.6460509999888,0.041905100020812824,50.41758859998663,30169,59112,18228,[],C:\Users\26096\Desktop\em\python_topopt\runs\band_supplement_300_20260808_001\samples\S000025\femm\angle_6_attempt_1,,,2026-08-08T16:43:13.071+02:00,2026-08-08T16:44:04.325+02:00
S000025,9.0,completed,0.903777947670057,1,0.0,0.616395699995337,45.59251899999799,0.04225829997449182,46.39014179998776,30169,59112,33396,[],C:\Users\26096\Desktop\em\python_topopt\runs\band_supplement_300_20260808_001\samples\S000025\femm\angle_9_attempt_1,,,2026-08-08T16:44:04.387+02:00,2026-08-08T16:44:51.590+02:00
S000025,12.0,completed,0.9154054458896672,1,0.0,0.6201370000198949,45.458256600017194,0.04155649998574518,46.25915339999483,30169,59112,33364,[],C:\Users\26096\Desktop\em\python_topopt\runs\band_supplement_300_20260808_001\samples\S000025\femm\angle_12_attempt_1,,,2026-08-08T16:44:51.651+02:00,2026-08-08T16:45:38.694+02:00
S000025,15.0,completed,0.7817078832106146,1,0.0,0.6232534000009764,55.31838740000967,0.041608600004110485,56.11468649999006,30169,59112,14016,[],C:\Users\26096\Desktop\em\python_topopt\runs\band_supplement_300_20260808_001\samples\S000025\femm\angle_15_attempt_1,,,2026-08-08T16:45:38.755+02:00,2026-08-08T16:46:35.680+02:00
S000026,0.0,completed,0.848200443808229,1,7.035555400012527,0.5566317000193521,17.806267499981914,0.03769480000482872,25.55772790001356,25160,49080,4020,[],C:\Users\26096\Desktop\em\python_topopt\runs\band_supplement_300_20260808_001\samples\S000026\femm\angle_0_attempt_1,,,2026-08-08T16:46:36.466+02:00,2026-08-08T16:47:03.882+02:00
S000026,3.0,completed,0.8294277921260308,1,0.0,0.5303106999781448,16.801627200009534,0.04616509997867979,17.499926299991785,25160,49080,36184,[],C:\Users\26096\Desktop\em\python_topopt\runs\band_supplement_300_20260808_001\samples\S000026\femm\angle_3_attempt_1,,,2026-08-08T16:47:03.942+02:00,2026-08-08T16:47:22.393+02:00
S000026,6.0,completed,0.9320695990647163,1,0.0,0.544702299986966,16.947017700003926,0.04074220001348294,17.65757300000405,25160,49080,32748,[],C:\Users\26096\Desktop\em\python_topopt\runs\band_supplement_300_20260808_001\samples\S000026\femm\angle_6_attempt_1,,,2026-08-08T16:47:22.463+02:00,2026-08-08T16:47:41.139+02:00
S000026,9.0,completed,0.9090868848840754,1,0.0,0.5743909000011627,15.058867899992038,0.03807440001401119,15.81150880001951,25160,49080,12236,[],C:\Users\26096\Desktop\em\python_topopt\runs\band_supplement_300_20260808_001\samples\S000026\femm\angle_9_attempt_1,,,2026-08-08T16:47:41.210+02:00,2026-08-08T16:47:57.936+02:00
S000026,12.0,completed,0.827012502483608,1,0.0,0.5444147999805864,22.40405529999407,0.039765299996361136,23.109387200005585,25160,49080,27768,[],C:\Users\26096\Desktop\em\python_topopt\runs\band_supplement_300_20260808_001\samples\S000026\femm\angle_12_attempt_1,,,2026-08-08T16:47:58.007+02:00,2026-08-08T16:48:22.319+02:00
S000026,15.0,completed,0.8470874672185398,1,0.0,0.5459612999984529,24.767621599981794,0.03711249999469146,25.465080599999055,25160,49080,24824,[],C:\Users\26096\Desktop\em\python_topopt\runs\band_supplement_300_20260808_001\samples\S000026\femm\angle_15_attempt_1,,,2026-08-08T16:48:22.390+02:00,2026-08-08T16:48:48.671+02:00
S000027,0.0,completed,0.8666148830769077,1,9.245420199993532,0.468256799998926,10.215729299990926,0.032603600004222244,20.06490839997423,21160,41084,19100,[],C:\Users\26096\Desktop\em\python_topopt\runs\band_supplement_300_20260808_001\samples\S000027\femm\angle_0_attempt_1,,,2026-08-08T16:46:36.482+02:00,2026-08-08T16:46:59.508+02:00
S000027,3.0,completed,0.8130630560162158,1,0.0,0.4734286000020802,15.08160350000253,0.031314399995608255,15.694875100016361,21160,41084,38628,[],C:\Users\26096\Desktop\em\python_topopt\runs\band_supplement_300_20260808_001\samples\S000027\femm\angle_3_attempt_1,,,2026-08-08T16:46:59.561+02:00,2026-08-08T16:47:16.173+02:00
S000027,6.0,completed,0.910604890763731,1,0.0,0.4662538999982644,10.15334819999407,0.03281949998927303,10.76292999999714,21160,41084,29772,[],C:\Users\26096\Desktop\em\python_topopt\runs\band_supplement_300_20260808_001\samples\S000027\femm\angle_6_attempt_1,,,2026-08-08T16:47:16.243+02:00,2026-08-08T16:47:27.945+02:00
S000027,9.0,completed,0.9195318625892039,1,0.0,0.47243980001076125,10.281901399983326,0.0431174999976065,10.933829700021306,21160,41084,30504,[],C:\Users\26096\Desktop\em\python_topopt\runs\band_supplement_300_20260808_001\samples\S000027\femm\angle_9_attempt_1,,,2026-08-08T16:47:28.016+02:00,2026-08-08T16:47:39.895+02:00
S000027,12.0,completed,0.8822953628617842,1,0.0,0.46347269997932017,16.39002300001448,0.030772600002819672,16.995810199994594,21160,41084,4228,[],C:\Users\26096\Desktop\em\python_topopt\runs\band_supplement_300_20260808_001\samples\S000027\femm\angle_12_attempt_1,,,2026-08-08T16:47:39.966+02:00,2026-08-08T16:47:57.845+02:00
S000027,15.0,completed,0.8658327252640114,1,0.0,0.47389550000661984,20.085967699997127,0.03719699999783188,20.703017299994826,21160,41084,23028,[],C:\Users\26096\Desktop\em\python_topopt\runs\band_supplement_300_20260808_001\samples\S000027\femm\angle_15_attempt_1,,,2026-08-08T16:47:57.906+02:00,2026-08-08T16:48:19.509+02:00
S000028,0.0,completed,0.761561752026435,1,10.556601300020702,0.5104068999935407,26.905888599983882,0.04392699999152683,38.13516160004656,24136,47038,38360,[],C:\Users\26096\Desktop\em\python_topopt\runs\band_supplement_300_20260808_001\samples\S000028\femm\angle_0_attempt_1,,,2026-08-08T16:46:36.497+02:00,2026-08-08T16:47:16.678+02:00
S000028,3.0,completed,0.7405739436626325,1,0.0,0.5363643999735359,22.926614199997857,0.037350600003264844,23.62679380000918,24136,47038,12228,[],C:\Users\26096\Desktop\em\python_topopt\runs\band_supplement_300_20260808_001\samples\S000028\femm\angle_3_attempt_1,,,2026-08-08T16:47:16.740+02:00,2026-08-08T16:47:41.341+02:00
S000028,6.0,completed,0.8505049509975278,1,0.0,0.5585794000071473,36.93701610001153,0.03566960000898689,37.64830860000802,24136,47038,28772,[],C:\Users\26096\Desktop\em\python_topopt\runs\band_supplement_300_20260808_001\samples\S000028\femm\angle_6_attempt_1,,,2026-08-08T16:47:41.411+02:00,2026-08-08T16:48:20.150+02:00
S000028,9.0,completed,0.8410638507282241,1,0.0,0.4885024999966845,27.512953099998413,0.034843700006604195,28.14983189999475,24136,47038,30560,[],C:\Users\26096\Desktop\em\python_topopt\runs\band_supplement_300_20260808_001\samples\S000028\femm\angle_9_attempt_1,,,2026-08-08T16:48:20.221+02:00,2026-08-08T16:48:49.186+02:00
S000028,12.0,completed,0.7905082360914193,1,0.0,0.49053579999599606,24.94968279998284,0.03402500000083819,25.58492700001807,24136,47038,24844,[],C:\Users\26096\Desktop\em\python_topopt\runs\band_supplement_300_20260808_001\samples\S000028\femm\angle_12_attempt_1,,,2026-08-08T16:48:49.245+02:00,2026-08-08T16:49:15.780+02:00
S000028,15.0,completed,0.7612327048981071,1,0.0,0.4862026000046171,25.856620800012024,0.035117799998261034,26.491652800003067,24136,47038,33108,[],C:\Users\26096\Desktop\em\python_topopt\runs\band_supplement_300_20260808_001\samples\S000028\femm\angle_15_attempt_1,,,2026-08-08T16:49:15.840+02:00,2026-08-08T16:49:43.077+02:00
S000029,0.0,completed,0.8763777723757333,1,9.820828500000061,0.5168556999997236,22.826876399980392,0.03357129998039454,33.30518769999617,22186,43130,38144,[],C:\Users\26096\Desktop\em\python_topopt\runs\band_supplement_300_20260808_001\samples\S000029\femm\angle_0_attempt_1,,,2026-08-08T16:46:36.529+02:00,2026-08-08T16:47:12.967+02:00
S000029,3.0,completed,0.8248947030703823,1,0.0,0.5172747999895364,19.2764038000023,0.032705499994335696,19.932811300008325,22186,43130,14504,[],C:\Users\26096\Desktop\em\python_topopt\runs\band_supplement_300_20260808_001\samples\S000029\femm\angle_3_attempt_1,,,2026-08-08T16:47:13.018+02:00,2026-08-08T16:47:33.889+02:00
S000029,6.0,completed,0.9202583616966697,1,0.0,0.5232942000147887,29.88098370001535,0.0340180000057444,30.55312250001589,22186,43130,1408,[],C:\Users\26096\Desktop\em\python_topopt\runs\band_supplement_300_20260808_001\samples\S000029\femm\angle_6_attempt_1,,,2026-08-08T16:47:33.968+02:00,2026-08-08T16:48:05.444+02:00
S000029,9.0,completed,0.9293399504226455,1,0.0,0.49702979999710806,23.486528799985535,0.03201910000643693,24.12046730000293,22186,43130,5632,[],C:\Users\26096\Desktop\em\python_topopt\runs\band_supplement_300_20260808_001\samples\S000029\femm\angle_9_attempt_1,,,2026-08-08T16:48:05.515+02:00,2026-08-08T16:48:30.661+02:00
S000029,12.0,completed,0.8852856546628405,1,0.0,0.5013894999865443,16.77818359999219,0.03129549999721348,17.413211300008697,22186,43130,19876,[],C:\Users\26096\Desktop\em\python_topopt\runs\band_supplement_300_20260808_001\samples\S000029\femm\angle_12_attempt_1,,,2026-08-08T16:48:30.722+02:00,2026-08-08T16:48:48.994+02:00
S000029,15.0,completed,0.8753136987118691,1,0.0,0.5022673000057694,24.676792099984596,0.03113289998145774,25.31038609999814,22186,43130,37020,[],C:\Users\26096\Desktop\em\python_topopt\runs\band_supplement_300_20260808_001\samples\S000029\femm\angle_15_attempt_1,,,2026-08-08T16:48:49.055+02:00,2026-08-08T16:49:15.162+02:00
S000030,0.0,completed,0.5916855391005023,1,5.770086100004846,0.568072399997618,52.272747899987735,0.03988940000999719,58.78804270000546,27967,54700,15604,[],C:\Users\26096\Desktop\em\python_topopt\runs\band_supplement_300_20260808_001\samples\S000030\femm\angle_0_attempt_1,,,2026-08-08T16:46:36.544+02:00,2026-08-08T16:47:38.986+02:00
S000030,3.0,completed,0.5578248758982423,1,0.0,0.5991705999767873,50.36638059999677,0.04183169998577796,51.13790110000991,27967,54700,31288,[],C:\Users\26096\Desktop\em\python_topopt\runs\band_supplement_300_20260808_001\samples\S000030\femm\angle_3_attempt_1,,,2026-08-08T16:47:39.039+02:00,2026-08-08T16:48:31.093+02:00
S000030,6.0,completed,0.6552151804059408,1,0.0,0.5770218000106979,32.52077129998361,0.038824600022053346,33.26677550000022,27967,54700,17732,[],C:\Users\26096\Desktop\em\python_topopt\runs\band_supplement_300_20260808_001\samples\S000030\femm\angle_6_attempt_1,,,2026-08-08T16:48:31.155+02:00,2026-08-08T16:49:05.287+02:00
S000030,9.0,completed,0.6749997414715203,1,0.0,0.5838973000063561,32.49512139998842,0.03709609998622909,33.23950120000518,27967,54700,35408,[],C:\Users\26096\Desktop\em\python_topopt\runs\band_supplement_300_20260808_001\samples\S000030\femm\angle_9_attempt_1,,,2026-08-08T16:49:05.348+02:00,2026-08-08T16:49:39.390+02:00
S000030,12.0,completed,0.6318272860602755,1,0.0,0.5284924999868963,39.601632500009146,0.03837779999594204,40.28474430000642,27967,54700,29936,[],C:\Users\26096\Desktop\em\python_topopt\runs\band_supplement_300_20260808_001\samples\S000030\femm\angle_12_attempt_1,,,2026-08-08T16:49:39.442+02:00,2026-08-08T16:50:20.486+02:00
S000030,15.0,completed,0.5912120783054963,1,0.0,0.5349476000119466,41.27725300000748,0.038784500007750466,41.975585800013505,27967,54700,684,[],C:\Users\26096\Desktop\em\python_topopt\runs\band_supplement_300_20260808_001\samples\S000030\femm\angle_15_attempt_1,,,2026-08-08T16:50:20.527+02:00,2026-08-08T16:51:03.236+02:00
S000031,0.0,completed,0.8659229201746379,1,1.7945831999822985,0.48712379997596145,34.0542781999975,0.03413719998206943,36.48622519997298,24904,48576,34664,[],C:\Users\26096\Desktop\em\python_topopt\runs\band_supplement_300_20260808_001\samples\S000031\femm\angle_0_attempt_1,,,2026-08-08T16:51:03.637+02:00,2026-08-08T16:51:41.591+02:00
S000031,3.0,completed,0.8356110105270277,1,0.0,0.48222639999585226,23.645002400007797,0.0368847000063397,24.273337999999058,24904,48576,18596,[],C:\Users\26096\Desktop\em\python_topopt\runs\band_supplement_300_20260808_001\samples\S000031\femm\angle_3_attempt_1,,,2026-08-08T16:51:41.638+02:00,2026-08-08T16:52:06.655+02:00
S000031,6.0,completed,0.9473913417548452,1,0.0,0.48249270001542754,25.063450899993768,0.0338194000069052,25.6926457999798,24904,48576,16132,[],C:\Users\26096\Desktop\em\python_topopt\runs\band_supplement_300_20260808_001\samples\S000031\femm\angle_6_attempt_1,,,2026-08-08T16:52:06.708+02:00,2026-08-08T16:52:33.137+02:00
S000031,9.0,completed,0.7050489351163819,1,0.0,0.48261700000148267,24.54098089999752,0.035180000006221235,25.17511170002399,24904,48576,34368,[],C:\Users\26096\Desktop\em\python_topopt\runs\band_supplement_300_20260808_001\samples\S000031\femm\angle_9_attempt_1,,,2026-08-08T16:52:33.184+02:00,2026-08-08T16:52:59.071+02:00
S000031,12.0,completed,0.7643195731570965,1,0.0,0.4994040000019595,24.399522299994715,0.03886110000894405,25.05173539998941,24904,48576,15736,[],C:\Users\26096\Desktop\em\python_topopt\runs\band_supplement_300_20260808_001\samples\S000031\femm\angle_12_attempt_1,,,2026-08-08T16:52:59.133+02:00,2026-08-08T16:53:24.911+02:00
S000031,15.0,completed,0.8633433518067742,1,0.0,0.4938263000221923,26.777243200020166,0.03617540001869202,27.42183449998265,24904,48576,23712,[],C:\Users\26096\Desktop\em\python_topopt\runs\band_supplement_300_20260808_001\samples\S000031\femm\angle_15_attempt_1,,,2026-08-08T16:53:24.980+02:00,2026-08-08T16:53:53.137+02:00
S000032,0.0,completed,0.5733919045368696,1,6.475882200000342,0.5835197000124026,25.179217299999436,0.042165799997746944,32.40842560000601,26373,51514,8864,[],C:\Users\26096\Desktop\em\python_topopt\runs\band_supplement_300_20260808_001\samples\S000032\femm\angle_0_attempt_1,,,2026-08-08T16:53:53.969+02:00,2026-08-08T16:54:27.998+02:00
S000032,3.0,completed,0.5136825372640333,1,0.0,0.6030417000001762,25.190495799994096,0.038398000004235655,25.95534190000035,26373,51514,4424,[],C:\Users\26096\Desktop\em\python_topopt\runs\band_supplement_300_20260808_001\samples\S000032\femm\angle_3_attempt_1,,,2026-08-08T16:54:28.059+02:00,2026-08-08T16:54:54.907+02:00
S000032,6.0,completed,0.5148083723175267,1,0.0,0.5685427999997046,24.673808200022904,0.04073569999309257,25.411497200024314,26373,51514,12712,[],C:\Users\26096\Desktop\em\python_topopt\runs\band_supplement_300_20260808_001\samples\S000032\femm\angle_6_attempt_1,,,2026-08-08T16:54:54.968+02:00,2026-08-08T16:55:21.254+02:00
S000032,9.0,completed,0.443901279977564,1,0.0,0.5708310999907553,26.749869399995077,0.04240469998330809,27.502353799995035,26373,51514,36892,[],C:\Users\26096\Desktop\em\python_topopt\runs\band_supplement_300_20260808_001\samples\S000032\femm\angle_9_attempt_1,,,2026-08-08T16:55:21.314+02:00,2026-08-08T16:55:49.702+02:00
S000032,12.0,completed,0.4973711721649479,1,0.0,0.6254502000228968,23.896766700025182,0.0392917999997735,24.686476299975766,26373,51514,2732,[],C:\Users\26096\Desktop\em\python_topopt\runs\band_supplement_300_20260808_001\samples\S000032\femm\angle_12_attempt_1,,,2026-08-08T16:55:49.771+02:00,2026-08-08T16:56:15.407+02:00
S000032,15.0,completed,0.5731488310458456,1,0.0,0.5631622000073548,29.650529400008963,0.03850840000086464,30.369266399997286,26373,51514,7192,[],C:\Users\26096\Desktop\em\python_topopt\runs\band_supplement_300_20260808_001\samples\S000032\femm\angle_15_attempt_1,,,2026-08-08T16:56:15.470+02:00,2026-08-08T16:56:46.634+02:00
S000033,0.0,completed,0.486998373020354,1,5.021671800001059,0.5282909999950789,27.047913099988364,0.03523589999531396,32.76818610000191,24378,47518,38108,[],C:\Users\26096\Desktop\em\python_topopt\runs\band_supplement_300_20260808_001\samples\S000033\femm\angle_0_attempt_1,,,2026-08-08T16:53:53.985+02:00,2026-08-08T16:54:30.221+02:00
S000033,3.0,completed,0.572652122452533,1,0.0,0.5256701000034809,24.872127300011925,0.03436469999724068,25.548208199994406,24378,47518,32048,[],C:\Users\26096\Desktop\em\python_topopt\runs\band_supplement_300_20260808_001\samples\S000033\femm\angle_3_attempt_1,,,2026-08-08T16:54:30.274+02:00,2026-08-08T16:54:56.678+02:00
S000033,6.0,completed,0.5306112965407638,1,0.0,0.5338172999909148,25.422776499995962,0.03526860001147725,26.107478499994613,24378,47518,6724,[],C:\Users\26096\Desktop\em\python_topopt\runs\band_supplement_300_20260808_001\samples\S000033\femm\angle_6_attempt_1,,,2026-08-08T16:54:56.739+02:00,2026-08-08T16:55:23.701+02:00
S000033,9.0,completed,0.600215932449025,1,0.0,0.5734575999958906,21.61872699999367,0.0351968000177294,22.349186799983727,24378,47518,27088,[],C:\Users\26096\Desktop\em\python_topopt\runs\band_supplement_300_20260808_001\samples\S000033\femm\angle_9_attempt_1,,,2026-08-08T16:55:23.772+02:00,2026-08-08T16:55:46.985+02:00
S000033,12.0,completed,0.3906248941239359,1,0.0,0.5657151000050362,24.607151800009888,0.03308890000334941,25.321937199973036,24378,47518,37488,[],C:\Users\26096\Desktop\em\python_topopt\runs\band_supplement_300_20260808_001\samples\S000033\femm\angle_12_attempt_1,,,2026-08-08T16:55:47.055+02:00,2026-08-08T16:56:13.228+02:00
S000033,15.0,completed,0.4889505979316366,1,0.0,0.5287288000108674,21.470349200011697,0.03549169999314472,22.1460892999894,24378,47518,8384,[],C:\Users\26096\Desktop\em\python_topopt\runs\band_supplement_300_20260808_001\samples\S000033\femm\angle_15_attempt_1,,,2026-08-08T16:56:13.281+02:00,2026-08-08T16:56:36.243+02:00
S000034,0.0,completed,0.4354408651237633,1,5.835095100017497,0.55244779997156,17.642431700020097,0.042537700006505474,24.19166040001437,26073,50906,34504,[],C:\Users\26096\Desktop\em\python_topopt\runs\band_supplement_300_20260808_001\samples\S000034\femm\angle_0_attempt_1,,,2026-08-08T16:53:54.007+02:00,2026-08-08T16:54:20.066+02:00
S000034,3.0,completed,0.5175531546726393,1,0.0,0.5335600000107661,23.067557500005933,0.039362499985145405,23.7654382000037,26073,50906,26812,[],C:\Users\26096\Desktop\em\python_topopt\runs\band_supplement_300_20260808_001\samples\S000034\femm\angle_3_attempt_1,,,2026-08-08T16:54:20.117+02:00,2026-08-08T16:54:44.776+02:00
S000034,6.0,completed,0.4437451293860505,1,0.0,0.5406270000094082,15.710076300019864,0.03793099999893457,16.412153699988266,26073,50906,32728,[],C:\Users\26096\Desktop\em\python_topopt\runs\band_supplement_300_20260808_001\samples\S000034\femm\angle_6_attempt_1,,,2026-08-08T16:54:44.837+02:00,2026-08-08T16:55:02.150+02:00
S000034,9.0,completed,0.5100651955781957,1,0.0,0.581244400003925,21.889160699996864,0.042527200013864785,22.65715959999943,26073,50906,30316,[],C:\Users\26096\Desktop\em\python_topopt\runs\band_supplement_300_20260808_001\samples\S000034\femm\angle_9_attempt_1,,,2026-08-08T16:55:02.229+02:00,2026-08-08T16:55:25.793+02:00
S000034,12.0,completed,0.3353056583404986,1,0.0,0.5465822999831289,15.180918199999724,0.0391929000033997,15.888130300008925,26073,50906,32252,[],C:\Users\26096\Desktop\em\python_topopt\runs\band_supplement_300_20260808_001\samples\S000034\femm\angle_12_attempt_1,,,2026-08-08T16:55:25.864+02:00,2026-08-08T16:55:42.619+02:00
S000034,15.0,completed,0.4373042697714951,1,0.0,0.560177700011991,21.85380169999553,0.03891849998035468,22.57201669999631,26073,50906,30308,[],C:\Users\26096\Desktop\em\python_topopt\runs\band_supplement_300_20260808_001\samples\S000034\femm\angle_15_attempt_1,,,2026-08-08T16:55:42.680+02:00,2026-08-08T16:56:06.145+02:00
S000035,0.0,completed,0.4564680647674319,1,7.8300200999947265,0.7576494999811985,89.57581860001665,0.05470849998528138,98.38317089999327,33997,66758,25320,[],C:\Users\26096\Desktop\em\python_topopt\runs\band_supplement_300_20260808_001\samples\S000035\femm\angle_0_attempt_1,,,2026-08-08T16:53:54.022+02:00,2026-08-08T16:55:34.746+02:00
S000035,3.0,completed,0.414546357360351,1,0.0,0.7347618000057992,77.2927808999957,0.04711060001864098,78.22356480002054,33997,66758,23500,[],C:\Users\26096\Desktop\em\python_topopt\runs\band_supplement_300_20260808_001\samples\S000035\femm\angle_3_attempt_1,,,2026-08-08T16:55:34.796+02:00,2026-08-08T16:56:53.934+02:00
S000035,6.0,completed,0.4285540386080444,1,0.0,0.6774446000054013,77.04474650000338,0.043933400011155754,77.91697690001456,33997,66758,4672,[],C:\Users\26096\Desktop\em\python_topopt\runs\band_supplement_300_20260808_001\samples\S000035\femm\angle_6_attempt_1,,,2026-08-08T16:56:53.996+02:00,2026-08-08T16:58:12.673+02:00
S000035,9.0,completed,0.3786147515965979,1,0.0,0.6749808999884408,64.25989079999272,0.04666290001478046,65.14080319998902,33997,66758,11184,[],C:\Users\26096\Desktop\em\python_topopt\runs\band_supplement_300_20260808_001\samples\S000035\femm\angle_9_attempt_1,,,2026-08-08T16:58:12.727+02:00,2026-08-08T16:59:18.641+02:00
S000035,12.0,completed,0.400979117181335,1,0.0,0.6847348999872338,62.45044610000332,0.045137999986764044,63.32675899998867,33997,66758,7608,[],C:\Users\26096\Desktop\em\python_topopt\runs\band_supplement_300_20260808_001\samples\S000035\femm\angle_12_attempt_1,,,2026-08-08T16:59:18.694+02:00,2026-08-08T17:00:22.779+02:00
S000035,15.0,completed,0.4563304782321407,1,0.0,0.7014283000025898,67.11552669998491,0.04402169998502359,68.01295679999748,33997,66758,27804,[],C:\Users\26096\Desktop\em\python_topopt\runs\band_supplement_300_20260808_001\samples\S000035\femm\angle_15_attempt_1,,,2026-08-08T17:00:22.825+02:00,2026-08-08T17:01:31.610+02:00
S000036,0.0,completed,0.594808517631983,1,4.402956800011452,0.6196911000006367,21.158327599987388,0.04281689997878857,26.36058350003441,28931,56634,33548,[],C:\Users\26096\Desktop\em\python_topopt\runs\band_supplement_300_20260808_001\samples\S000036\femm\angle_0_attempt_1,,,2026-08-08T17:01:32.264+02:00,2026-08-08T17:02:00.267+02:00
S000036,3.0,completed,0.5118063210676007,1,0.0,0.5645454000041354,27.486433400015812,0.04277840000577271,28.23198300000513,28931,56634,29064,[],C:\Users\26096\Desktop\em\python_topopt\runs\band_supplement_300_20260808_001\samples\S000036\femm\angle_3_attempt_1,,,2026-08-08T17:02:00.326+02:00,2026-08-08T17:02:29.383+02:00
S000036,6.0,completed,0.5004783700244548,1,0.0,0.6102384000259917,17.353633399994578,0.041976300009991974,18.14147580001736,28931,56634,19300,[],C:\Users\26096\Desktop\em\python_topopt\runs\band_supplement_300_20260808_001\samples\S000036\femm\angle_6_attempt_1,,,2026-08-08T17:02:29.449+02:00,2026-08-08T17:02:48.450+02:00
S000036,9.0,completed,0.4452034412380773,1,0.0,0.6047524000168778,19.26817990001291,0.04567069999757223,20.04996800000663,28931,56634,15104,[],C:\Users\26096\Desktop\em\python_topopt\runs\band_supplement_300_20260808_001\samples\S000036\femm\angle_9_attempt_1,,,2026-08-08T17:02:48.511+02:00,2026-08-08T17:03:09.347+02:00
S000036,12.0,completed,0.5122912558406638,1,0.0,0.5450414000079036,17.55431619999581,0.04368319999775849,18.272148000018205,28931,56634,19060,[],C:\Users\26096\Desktop\em\python_topopt\runs\band_supplement_300_20260808_001\samples\S000036\femm\angle_12_attempt_1,,,2026-08-08T17:03:09.425+02:00,2026-08-08T17:03:28.441+02:00
S000036,15.0,completed,0.595539477381174,1,0.0,0.562510600022506,19.830383000022266,0.040938899997854605,20.56264590000501,28931,56634,3080,[],C:\Users\26096\Desktop\em\python_topopt\runs\band_supplement_300_20260808_001\samples\S000036\femm\angle_15_attempt_1,,,2026-08-08T17:03:28.511+02:00,2026-08-08T17:03:49.830+02:00
S000037,0.0,completed,0.5803910946034343,1,6.248480700014625,0.5076712000009138,20.67137019999791,0.03774520001024939,27.583288500027265,25568,49904,38532,[],C:\Users\26096\Desktop\em\python_topopt\runs\band_supplement_300_20260808_001\samples\S000037\femm\angle_0_attempt_1,,,2026-08-08T17:01:32.295+02:00,2026-08-08T17:02:01.832+02:00
S000037,3.0,completed,0.50521240410469,1,0.0,0.49886059999698773,23.13929580000695,0.04142549997777678,23.79784959999961,25568,49904,29032,[],C:\Users\26096\Desktop\em\python_topopt\runs\band_supplement_300_20260808_001\samples\S000037\femm\angle_3_attempt_1,,,2026-08-08T17:02:01.887+02:00,2026-08-08T17:02:26.489+02:00
S000037,6.0,completed,0.4028252700578473,1,0.0,0.5634775999933481,24.002278300002217,0.04309560000547208,24.725925300008385,25568,49904,11036,[],C:\Users\26096\Desktop\em\python_topopt\runs\band_supplement_300_20260808_001\samples\S000037\femm\angle_6_attempt_1,,,2026-08-08T17:02:26.543+02:00,2026-08-08T17:02:52.130+02:00
S000037,9.0,completed,0.6782402706577157,1,0.0,0.516049900004873,32.145465400011744,0.05018749998998828,32.82725689999643,25568,49904,34368,[],C:\Users\26096\Desktop\em\python_topopt\runs\band_supplement_300_20260808_001\samples\S000037\femm\angle_9_attempt_1,,,2026-08-08T17:02:52.199+02:00,2026-08-08T17:03:25.872+02:00
S000037,12.0,completed,0.6855549693186452,1,0.0,0.5217930999933742,26.060875700000906,0.03636030000052415,26.74373970000306,25568,49904,1280,[],C:\Users\26096\Desktop\em\python_topopt\runs\band_supplement_300_20260808_001\samples\S000037\femm\angle_12_attempt_1,,,2026-08-08T17:03:25.943+02:00,2026-08-08T17:03:53.433+02:00
S000037,15.0,completed,0.5774965578801297,1,0.0,0.5043704000127036,17.715569599997252,0.0367231999989599,18.368229999992764,25568,49904,24732,[],C:\Users\26096\Desktop\em\python_topopt\runs\band_supplement_300_20260808_001\samples\S000037\femm\angle_15_attempt_1,,,2026-08-08T17:03:53.502+02:00,2026-08-08T17:04:12.650+02:00
S000038,0.0,completed,0.3514866080326868,1,4.024736699997447,0.4375702000106685,11.83077180001419,0.03639819999807514,16.429162900021765,20023,38800,38604,[],C:\Users\26096\Desktop\em\python_topopt\runs\band_supplement_300_20260808_001\samples\S000038\femm\angle_0_attempt_1,,,2026-08-08T17:01:32.312+02:00,2026-08-08T17:01:51.135+02:00
S000038,3.0,completed,0.3899585537526278,1,0.0,0.4360630000010133,11.262252999993507,0.02853740000864491,11.824663600011263,20023,38800,32924,[],C:\Users\26096\Desktop\em\python_topopt\runs\band_supplement_300_20260808_001\samples\S000038\femm\angle_3_attempt_1,,,2026-08-08T17:01:51.186+02:00,2026-08-08T17:02:03.859+02:00
S000038,6.0,completed,0.4381751623851617,1,0.0,0.4294522000127472,22.173230900021736,0.03057750000152737,22.737355299992487,20023,38800,21604,[],C:\Users\26096\Desktop\em\python_topopt\runs\band_supplement_300_20260808_001\samples\S000038\femm\angle_6_attempt_1,,,2026-08-08T17:02:03.937+02:00,2026-08-08T17:02:27.574+02:00
S000038,9.0,completed,0.3919906654235849,1,0.0,0.4532599000085611,14.47834430000512,0.027715199976228178,15.051517899992177,20023,38800,12860,[],C:\Users\26096\Desktop\em\python_topopt\runs\band_supplement_300_20260808_001\samples\S000038\femm\angle_9_attempt_1,,,2026-08-08T17:02:27.644+02:00,2026-08-08T17:02:43.508+02:00
S000038,12.0,completed,0.350943118694231,1,0.0,0.4272337000002153,11.282877499994356,0.0317741000035312,11.836180799989961,20023,38800,33012,[],C:\Users\26096\Desktop\em\python_topopt\runs\band_supplement_300_20260808_001\samples\S000038\femm\angle_12_attempt_1,,,2026-08-08T17:02:43.555+02:00,2026-08-08T17:02:56.257+02:00
S000038,15.0,completed,0.3508347482033758,1,0.0,0.4285090000194032,10.93448189998162,0.03543879999779165,11.486680000001797,20023,38800,4556,[],C:\Users\26096\Desktop\em\python_topopt\runs\band_supplement_300_20260808_001\samples\S000038\femm\angle_15_attempt_1,,,2026-08-08T17:02:56.326+02:00,2026-08-08T17:03:08.709+02:00
S000039,0.0,completed,0.5595153466088768,1,5.855205300002126,0.5290897999948356,19.57416459999513,0.06519220001064241,26.158854400011478,25645,50052,7672,[],C:\Users\26096\Desktop\em\python_topopt\runs\band_supplement_300_20260808_001\samples\S000039\femm\angle_0_attempt_1,,,2026-08-08T17:04:13.442+02:00,2026-08-08T17:04:41.504+02:00
S000039,3.0,completed,0.7158337624592163,1,0.0,0.5551216000167187,18.88152780002565,0.042679599981056526,19.621170300000813,25645,50052,33976,[],C:\Users\26096\Desktop\em\python_topopt\runs\band_supplement_300_20260808_001\samples\S000039\femm\angle_3_attempt_1,,,2026-08-08T17:04:41.554+02:00,2026-08-08T17:05:02.670+02:00
S000039,6.0,completed,0.6742219825408503,1,0.0,0.5624063000141177,18.103891200007638,0.03722339999512769,18.829754300008062,25645,50052,35632,[],C:\Users\26096\Desktop\em\python_topopt\runs\band_supplement_300_20260808_001\samples\S000039\femm\angle_6_attempt_1,,,2026-08-08T17:05:02.741+02:00,2026-08-08T17:05:22.530+02:00
S000039,9.0,completed,0.6623221230048647,1,0.0,0.592493399977684,25.82949629999348,0.038207100005820394,26.581711800012272,25645,50052,11508,[],C:\Users\26096\Desktop\em\python_topopt\runs\band_supplement_300_20260808_001\samples\S000039\femm\angle_9_attempt_1,,,2026-08-08T17:05:22.601+02:00,2026-08-08T17:05:50.178+02:00
S000039,12.0,completed,0.4170078818092612,1,0.0,0.5864940999890678,22.992382800002815,0.03613179997773841,23.73048050000216,25645,50052,9064,[],C:\Users\26096\Desktop\em\python_topopt\runs\band_supplement_300_20260808_001\samples\S000039\femm\angle_12_attempt_1,,,2026-08-08T17:05:50.249+02:00,2026-08-08T17:06:14.966+02:00
S000039,15.0,completed,0.5597473061127811,1,0.0,0.5095134000002872,17.523113200004445,0.034762299997964874,18.178795300016645,25645,50052,24988,[],C:\Users\26096\Desktop\em\python_topopt\runs\band_supplement_300_20260808_001\samples\S000039\femm\angle_15_attempt_1,,,2026-08-08T17:06:15.029+02:00,2026-08-08T17:06:34.050+02:00
S000040,0.0,completed,0.3759209226907668,1,9.062330199987628,0.5947546999959741,15.00315080001019,0.038470800005597994,24.821024499979103,25146,49070,35268,[],C:\Users\26096\Desktop\em\python_topopt\runs\band_supplement_300_20260808_001\samples\S000040\femm\angle_0_attempt_1,,,2026-08-08T17:04:13.470+02:00,2026-08-08T17:04:41.271+02:00
S000040,3.0,completed,0.3412676238351786,1,0.0,0.5161689999804366,15.760551100014709,0.038564099988434464,16.440417800011346,25146,49070,6124,[],C:\Users\26096\Desktop\em\python_topopt\runs\band_supplement_300_20260808_001\samples\S000040\femm\angle_3_attempt_1,,,2026-08-08T17:04:41.330+02:00,2026-08-08T17:04:58.742+02:00
S000040,6.0,completed,0.330832456286038,1,0.0,0.5461293999978807,13.997263500001281,0.04016179998870939,14.710223900008714,25146,49070,35260,[],C:\Users\26096\Desktop\em\python_topopt\runs\band_supplement_300_20260808_001\samples\S000040\femm\angle_6_attempt_1,,,2026-08-08T17:04:58.812+02:00,2026-08-08T17:05:14.516+02:00
S000040,9.0,completed,0.4119646284717279,1,0.0,0.5657364999933634,14.650880499975756,0.04326609999407083,15.387443600018742,25146,49070,36284,[],C:\Users\26096\Desktop\em\python_topopt\runs\band_supplement_300_20260808_001\samples\S000040\femm\angle_9_attempt_1,,,2026-08-08T17:05:14.595+02:00,2026-08-08T17:05:30.984+02:00
S000040,12.0,completed,0.3797212705858448,1,0.0,0.5548568000085652,11.47447619997547,0.06804680000641383,12.219213800010039,25146,49070,31680,[],C:\Users\26096\Desktop\em\python_topopt\runs\band_supplement_300_20260808_001\samples\S000040\femm\angle_12_attempt_1,,,2026-08-08T17:05:31.053+02:00,2026-08-08T17:05:44.266+02:00
S000040,15.0,completed,0.3749422827750623,1,0.0,0.5285581000207458,12.711867100006202,0.04344960002345033,13.409682800003793,25146,49070,26080,[],C:\Users\26096\Desktop\em\python_topopt\runs\band_supplement_300_20260808_001\samples\S000040\femm\angle_15_attempt_1,,,2026-08-08T17:05:44.329+02:00,2026-08-08T17:05:58.712+02:00
S000041,0.0,completed,0.6069888392839424,1,7.1424162999901455,0.5572202000184916,42.24750890000723,0.05760070000542328,50.17960709996987,26620,52000,24920,[],C:\Users\26096\Desktop\em\python_topopt\runs\band_supplement_300_20260808_001\samples\S000041\femm\angle_0_attempt_1,,,2026-08-08T17:04:13.486+02:00,2026-08-08T17:05:06.197+02:00
S000041,3.0,completed,0.7341886328371791,1,0.0,0.5630140000139363,51.35142520000227,0.038080800004536286,52.07610940001905,26620,52000,18612,[],C:\Users\26096\Desktop\em\python_topopt\runs\band_supplement_300_20260808_001\samples\S000041\femm\angle_3_attempt_1,,,2026-08-08T17:05:06.258+02:00,2026-08-08T17:05:59.410+02:00
S000041,6.0,completed,0.6519545379592663,1,0.0,0.5396024000074249,39.068760699999984,0.03618649998679757,39.76555450001615,26620,52000,15088,[],C:\Users\26096\Desktop\em\python_topopt\runs\band_supplement_300_20260808_001\samples\S000041\femm\angle_6_attempt_1,,,2026-08-08T17:05:59.479+02:00,2026-08-08T17:06:40.091+02:00
S000041,9.0,completed,0.6297685218228134,1,0.0,0.5207327000098303,43.86350070001208,0.039488600014010444,44.54629090000526,26620,52000,18156,[],C:\Users\26096\Desktop\em\python_topopt\runs\band_supplement_300_20260808_001\samples\S000041\femm\angle_9_attempt_1,,,2026-08-08T17:06:40.145+02:00,2026-08-08T17:07:25.438+02:00
S000041,12.0,completed,0.4451999362684831,1,0.0,0.5079207999806385,38.74079189999611,0.03606070001842454,39.40470139999525,26620,52000,12576,[],C:\Users\26096\Desktop\em\python_topopt\runs\band_supplement_300_20260808_001\samples\S000041\femm\angle_12_attempt_1,,,2026-08-08T17:07:25.498+02:00,2026-08-08T17:08:05.659+02:00
S000041,15.0,completed,0.6073566606919573,1,0.0,0.52198170000338,32.39472979999846,0.03477610001573339,33.072292999975616,26620,52000,7816,[],C:\Users\26096\Desktop\em\python_topopt\runs\band_supplement_300_20260808_001\samples\S000041\femm\angle_15_attempt_1,,,2026-08-08T17:08:05.706+02:00,2026-08-08T17:08:39.523+02:00
S000042,0.0,completed,0.2269670933643307,1,8.036194399988744,0.5902520999952685,20.18050889999722,0.04957910001394339,28.993889899982605,26386,51540,9096,[],C:\Users\26096\Desktop\em\python_topopt\runs\band_supplement_300_20260808_001\samples\S000042\femm\angle_0_attempt_1,,,2026-08-08T17:04:13.501+02:00,2026-08-08T17:04:44.688+02:00
S000042,3.0,completed,0.2002574612949666,1,0.0,0.6060059999872465,17.775935799989384,0.037458500009961426,18.555463700002292,26386,51540,13436,[],C:\Users\26096\Desktop\em\python_topopt\runs\band_supplement_300_20260808_001\samples\S000042\femm\angle_3_attempt_1,,,2026-08-08T17:04:44.749+02:00,2026-08-08T17:05:04.326+02:00
S000042,6.0,completed,0.2077826322173225,1,0.0,0.5856494999898132,20.40406840000651,0.03770250000525266,21.155082800018135,26386,51540,1380,[],C:\Users\26096\Desktop\em\python_topopt\runs\band_supplement_300_20260808_001\samples\S000042\femm\angle_6_attempt_1,,,2026-08-08T17:05:04.397+02:00,2026-08-08T17:05:26.524+02:00
S000042,9.0,completed,0.2440603761922278,1,0.0,0.5740899000084028,18.734361599985277,0.03790699999080971,19.473148000019137,26386,51540,2260,[],C:\Users\26096\Desktop\em\python_topopt\runs\band_supplement_300_20260808_001\samples\S000042\femm\angle_9_attempt_1,,,2026-08-08T17:05:26.595+02:00,2026-08-08T17:05:47.086+02:00
S000042,12.0,completed,0.2536691968011915,1,0.0,0.6022555999807082,17.974548400001368,0.035599299997556955,18.738075899978867,26386,51540,284,[],C:\Users\26096\Desktop\em\python_topopt\runs\band_supplement_300_20260808_001\samples\S000042\femm\angle_12_attempt_1,,,2026-08-08T17:05:47.167+02:00,2026-08-08T17:06:06.818+02:00
S000042,15.0,completed,0.2266852212473935,1,0.0,0.5408318999980111,15.174121799995191,0.035303100012242794,15.869112699991092,26386,51540,28428,[],C:\Users\26096\Desktop\em\python_topopt\runs\band_supplement_300_20260808_001\samples\S000042\femm\angle_15_attempt_1,,,2026-08-08T17:06:06.881+02:00,2026-08-08T17:06:23.553+02:00
S000043,0.0,completed,0.5875213397795759,1,9.81366889999481,0.5267404000042006,13.96576340001775,0.04382389999227598,24.487888499978,23034,44828,35344,[],C:\Users\26096\Desktop\em\python_topopt\runs\band_supplement_300_20260808_001\samples\S000043\femm\angle_0_attempt_1,,,2026-08-08T17:04:13.533+02:00,2026-08-08T17:04:41.571+02:00
S000043,3.0,completed,0.7132977294594259,1,0.0,0.5158379999920726,15.734369999991031,0.03675850000581704,16.40422969998326,23034,44828,22612,[],C:\Users\26096\Desktop\em\python_topopt\runs\band_supplement_300_20260808_001\samples\S000043\femm\angle_3_attempt_1,,,2026-08-08T17:04:41.642+02:00,2026-08-08T17:04:59.063+02:00
S000043,6.0,completed,0.7318789353239628,1,0.0,0.5026168000185862,16.352421100018546,0.03584140000748448,17.002929899987066,23034,44828,36856,[],C:\Users\26096\Desktop\em\python_topopt\runs\band_supplement_300_20260808_001\samples\S000043\femm\angle_6_attempt_1,,,2026-08-08T17:04:59.125+02:00,2026-08-08T17:05:17.188+02:00
S000043,9.0,completed,0.5776570571603503,1,0.0,0.5345681000035256,12.932859099993948,0.05531980001251213,13.651596399984555,23034,44828,22928,[],C:\Users\26096\Desktop\em\python_topopt\runs\band_supplement_300_20260808_001\samples\S000043\femm\angle_9_attempt_1,,,2026-08-08T17:05:17.261+02:00,2026-08-08T17:05:31.871+02:00
S000043,12.0,completed,0.5282614950672171,1,0.0,0.5285118999890983,14.7249852999812,0.044462099991505966,15.419300100009423,23034,44828,33436,[],C:\Users\26096\Desktop\em\python_topopt\runs\band_supplement_300_20260808_001\samples\S000043\femm\angle_12_attempt_1,,,2026-08-08T17:05:31.931+02:00,2026-08-08T17:05:48.298+02:00
S000043,15.0,completed,0.5876789848321028,1,0.0,0.5151585999992676,14.447531699988758,0.03259109999635257,15.106175799999619,23034,44828,22144,[],C:\Users\26096\Desktop\em\python_topopt\runs\band_supplement_300_20260808_001\samples\S000043\femm\angle_15_attempt_1,,,2026-08-08T17:05:48.369+02:00,2026-08-08T17:06:04.401+02:00
S000044,0.0,completed,0.6443915363273579,1,2.192049600009341,0.48243210001965053,15.0948646000179,0.03785209998022765,17.926705799996853,25775,50316,36392,[],C:\Users\26096\Desktop\em\python_topopt\runs\band_supplement_300_20260808_001\samples\S000044\femm\angle_0_attempt_1,,,2026-08-08T17:08:39.882+02:00,2026-08-08T17:08:59.309+02:00
S000044,3.0,completed,0.7573821236744265,1,0.0,0.488144699978875,21.72414999999455,0.040461800002958626,22.372979000007035,25775,50316,25928,[],C:\Users\26096\Desktop\em\python_topopt\runs\band_supplement_300_20260808_001\samples\S000044\femm\angle_3_attempt_1,,,2026-08-08T17:08:59.356+02:00,2026-08-08T17:09:22.482+02:00
S000044,6.0,completed,0.6765868518893474,1,0.0,0.5010225000150967,21.73553430000902,0.04073979999520816,22.397735800012015,25775,50316,36080,[],C:\Users\26096\Desktop\em\python_topopt\runs\band_supplement_300_20260808_001\samples\S000044\femm\angle_6_attempt_1,,,2026-08-08T17:09:22.529+02:00,2026-08-08T17:09:45.679+02:00
S000044,9.0,completed,0.6839791083273788,1,0.0,0.48773459999938495,19.14838279999094,0.040230800019344315,19.792441199999303,25775,50316,31284,[],C:\Users\26096\Desktop\em\python_topopt\runs\band_supplement_300_20260808_001\samples\S000044\femm\angle_9_attempt_1,,,2026-08-08T17:09:45.737+02:00,2026-08-08T17:10:06.287+02:00
S000044,12.0,completed,0.511380232644112,1,0.0,0.48753579999902286,19.485916900011944,0.03588700000545941,20.11814669999876,25775,50316,32116,[],C:\Users\26096\Desktop\em\python_topopt\runs\band_supplement_300_20260808_001\samples\S000044\femm\angle_12_attempt_1,,,2026-08-08T17:10:06.357+02:00,2026-08-08T17:10:27.222+02:00
S000044,15.0,completed,0.645739549343308,1,0.0,0.49552520000725053,15.574653499992564,0.039123900001868606,16.226605300005758,25775,50316,15944,[],C:\Users\26096\Desktop\em\python_topopt\runs\band_supplement_300_20260808_001\samples\S000044\femm\angle_15_attempt_1,,,2026-08-08T17:10:27.284+02:00,2026-08-08T17:10:44.263+02:00
S000045,0.0,completed,0.7408416720859252,1,4.186921299988171,0.5404139999882318,51.7749318999995,0.039048400009050965,56.672353599977214,25950,50668,31968,[],C:\Users\26096\Desktop\em\python_topopt\runs\band_supplement_300_20260808_001\samples\S000045\femm\angle_0_attempt_1,,,2026-08-08T17:10:45.096+02:00,2026-08-08T17:11:43.695+02:00
S000045,3.0,completed,0.7157916506958585,1,0.0,0.5574169000028633,33.87277180000092,0.040005699993344024,34.61053580002044,25950,50668,9964,[],C:\Users\26096\Desktop\em\python_topopt\runs\band_supplement_300_20260808_001\samples\S000045\femm\angle_3_attempt_1,,,2026-08-08T17:11:43.756+02:00,2026-08-08T17:12:19.373+02:00
S000045,6.0,completed,0.7347245585209335,1,0.0,0.5596305999788456,36.01201909998781,0.04176509997341782,36.758348600007594,25950,50668,33976,[],C:\Users\26096\Desktop\em\python_topopt\runs\band_supplement_300_20260808_001\samples\S000045\femm\angle_6_attempt_1,,,2026-08-08T17:12:19.454+02:00,2026-08-08T17:12:57.259+02:00
S000045,9.0,completed,0.6533633636183647,1,0.0,0.592038099974161,33.55327890001354,0.04150980000849813,34.321866400016006,25950,50668,3740,[],C:\Users\26096\Desktop\em\python_topopt\runs\band_supplement_300_20260808_001\samples\S000045\femm\angle_9_attempt_1,,,2026-08-08T17:12:57.340+02:00,2026-08-08T17:13:32.855+02:00
S000045,12.0,completed,0.6580757060902408,1,0.0,0.5718865999951959,44.76601190000656,0.038625300017884,45.49518139997963,25950,50668,8252,[],C:\Users\26096\Desktop\em\python_topopt\runs\band_supplement_300_20260808_001\samples\S000045\femm\angle_12_attempt_1,,,2026-08-08T17:13:32.926+02:00,2026-08-08T17:14:19.424+02:00
S000045,15.0,completed,0.740701658812437,1,0.0,0.5241359999927226,36.61924010000075,0.03963169999769889,37.302048499986995,25950,50668,37920,[],C:\Users\26096\Desktop\em\python_topopt\runs\band_supplement_300_20260808_001\samples\S000045\femm\angle_15_attempt_1,,,2026-08-08T17:14:19.493+02:00,2026-08-08T17:14:57.623+02:00
S000046,0.0,completed,0.7146393955286529,1,5.0790357000078075,0.5772928000078537,27.08474729998852,0.04292040001018904,32.90584459999809,26288,51336,38048,[],C:\Users\26096\Desktop\em\python_topopt\runs\band_supplement_300_20260808_001\samples\S000046\femm\angle_0_attempt_1,,,2026-08-08T17:10:45.117+02:00,2026-08-08T17:11:20.551+02:00
S000046,3.0,completed,0.6960271255853889,1,0.0,0.5574006999959238,26.96484880000935,0.037469100003363565,27.708030099980533,26288,51336,30664,[],C:\Users\26096\Desktop\em\python_topopt\runs\band_supplement_300_20260808_001\samples\S000046\femm\angle_3_attempt_1,,,2026-08-08T17:11:20.632+02:00,2026-08-08T17:11:49.308+02:00
S000046,6.0,completed,0.7060292536698275,1,0.0,0.5748118000046816,28.419598999986192,0.04567170000518672,29.1777247999853,26288,51336,36808,[],C:\Users\26096\Desktop\em\python_topopt\runs\band_supplement_300_20260808_001\samples\S000046\femm\angle_6_attempt_1,,,2026-08-08T17:11:49.378+02:00,2026-08-08T17:12:19.514+02:00
S000046,9.0,completed,0.7606419574509338,1,0.0,0.5801794999861158,26.790201399999205,0.03881989998626523,27.536340399994515,26288,51336,37416,[],C:\Users\26096\Desktop\em\python_topopt\runs\band_supplement_300_20260808_001\samples\S000046\femm\angle_9_attempt_1,,,2026-08-08T17:12:19.595+02:00,2026-08-08T17:12:48.439+02:00
S000046,12.0,completed,0.6970193418342885,1,0.0,0.5716198000009172,24.778249700000742,0.0391931000049226,25.5281101000146,26288,51336,30944,[],C:\Users\26096\Desktop\em\python_topopt\runs\band_supplement_300_20260808_001\samples\S000046\femm\angle_12_attempt_1,,,2026-08-08T17:12:48.510+02:00,2026-08-08T17:13:15.029+02:00
S000046,15.0,completed,0.7146839211843868,1,0.0,0.5419688000110909,20.553106700011995,0.04520819999743253,21.27366800000891,26288,51336,31832,[],C:\Users\26096\Desktop\em\python_topopt\runs\band_supplement_300_20260808_001\samples\S000046\femm\angle_15_attempt_1,,,2026-08-08T17:13:15.100+02:00,2026-08-08T17:13:37.388+02:00
S000047,0.0,completed,0.7012506366396143,1,9.114415799995186,0.6270953000057489,28.48194989998592,0.04190559999551624,38.39791050000349,26276,51322,35780,[],C:\Users\26096\Desktop\em\python_topopt\runs\band_supplement_300_20260808_001\samples\S000047\femm\angle_0_attempt_1,,,2026-08-08T17:10:45.137+02:00,2026-08-08T17:11:27.143+02:00
S000047,3.0,completed,0.7042489668299704,1,0.0,0.5705158000055235,34.75035789998947,0.041354000015417114,35.496486800024286,26276,51322,34084,[],C:\Users\26096\Desktop\em\python_topopt\runs\band_supplement_300_20260808_001\samples\S000047\femm\angle_3_attempt_1,,,2026-08-08T17:11:27.204+02:00,2026-08-08T17:12:03.743+02:00
S000047,6.0,completed,0.6013557338979336,1,0.0,0.5449196999834385,42.48049389998778,0.03761470000608824,43.18985330002033,26276,51322,10932,[],C:\Users\26096\Desktop\em\python_topopt\runs\band_supplement_300_20260808_001\samples\S000047\femm\angle_6_attempt_1,,,2026-08-08T17:12:03.814+02:00,2026-08-08T17:12:48.045+02:00
S000047,9.0,completed,0.6947765533635188,1,0.0,0.5762351000157651,33.07437769998796,0.03938209998887032,33.82580789999338,26276,51322,20744,[],C:\Users\26096\Desktop\em\python_topopt\runs\band_supplement_300_20260808_001\samples\S000047\femm\angle_9_attempt_1,,,2026-08-08T17:12:48.106+02:00,2026-08-08T17:13:22.956+02:00
S000047,12.0,completed,0.7110744251229172,1,0.0,0.5635499999916647,41.04372039998998,0.03862649999791756,41.77320220001275,26276,51322,22032,[],C:\Users\26096\Desktop\em\python_topopt\runs\band_supplement_300_20260808_001\samples\S000047\femm\angle_12_attempt_1,,,2026-08-08T17:13:23.048+02:00,2026-08-08T17:14:05.860+02:00
S000047,15.0,completed,0.7013313554473009,1,0.0,0.5686950999952387,24.850842999992892,0.03697300000931136,25.580793999979505,26276,51322,15788,[],C:\Users\26096\Desktop\em\python_topopt\runs\band_supplement_300_20260808_001\samples\S000047\femm\angle_15_attempt_1,,,2026-08-08T17:14:05.929+02:00,2026-08-08T17:14:32.359+02:00
S000048,0.0,completed,0.7111542647826848,1,8.687657900009071,0.5720400999998674,24.112045100016985,0.057464599987724796,33.55140980001306,25176,49126,33488,[],C:\Users\26096\Desktop\em\python_topopt\runs\band_supplement_300_20260808_001\samples\S000048\femm\angle_0_attempt_1,,,2026-08-08T17:10:45.163+02:00,2026-08-08T17:11:20.764+02:00
S000048,3.0,completed,0.7180493031514977,1,0.0,0.555966099986108,24.566077499999665,0.03777040002751164,25.284513499995228,25176,49126,28084,[],C:\Users\26096\Desktop\em\python_topopt\runs\band_supplement_300_20260808_001\samples\S000048\femm\angle_3_attempt_1,,,2026-08-08T17:11:20.824+02:00,2026-08-08T17:11:47.303+02:00
S000048,6.0,completed,0.6196456493379238,1,0.0,0.5833596999873407,22.377351500006625,0.042792599997483194,23.123237699997844,25176,49126,36464,[],C:\Users\26096\Desktop\em\python_topopt\runs\band_supplement_300_20260808_001\samples\S000048\femm\angle_6_attempt_1,,,2026-08-08T17:11:47.374+02:00,2026-08-08T17:12:11.467+02:00
S000048,9.0,completed,0.7076654316532334,1,0.0,0.5779427000088617,36.451926299982006,0.04693590002716519,37.220358199992916,25176,49126,27112,[],C:\Users\26096\Desktop\em\python_topopt\runs\band_supplement_300_20260808_001\samples\S000048\femm\angle_9_attempt_1,,,2026-08-08T17:12:11.536+02:00,2026-08-08T17:12:49.773+02:00
S000048,12.0,completed,0.7193668547193444,1,0.0,0.5804361999907997,36.31900210000458,0.053865900001255795,37.13197490002494,25176,49126,20404,[],C:\Users\26096\Desktop\em\python_topopt\runs\band_supplement_300_20260808_001\samples\S000048\femm\angle_12_attempt_1,,,2026-08-08T17:12:49.843+02:00,2026-08-08T17:13:28.108+02:00
S000048,15.0,completed,0.7107286775871929,1,0.0,0.5954217000107747,21.936527600017143,0.03687409998383373,22.69170659998781,25176,49126,14620,[],C:\Users\26096\Desktop\em\python_topopt\runs\band_supplement_300_20260808_001\samples\S000048\femm\angle_15_attempt_1,,,2026-08-08T17:13:28.189+02:00,2026-08-08T17:13:51.892+02:00
S000049,0.0,completed,0.8365236068401953,1,4.987352700001793,0.5587779000052251,65.41592140001012,0.04100969998398796,71.13340560000506,26138,51040,16036,[],C:\Users\26096\Desktop\em\python_topopt\runs\band_supplement_300_20260808_001\samples\S000049\femm\angle_0_attempt_1,,,2026-08-08T17:10:45.179+02:00,2026-08-08T17:11:59.374+02:00
S000049,3.0,completed,0.8233422970365792,1,0.0,0.5462588999944273,48.32484799998929,0.04177810001419857,49.06140279999818,26138,51040,17208,[],C:\Users\26096\Desktop\em\python_topopt\runs\band_supplement_300_20260808_001\samples\S000049\femm\angle_3_attempt_1,,,2026-08-08T17:11:59.435+02:00,2026-08-08T17:12:49.450+02:00
S000049,6.0,completed,0.9135167070590886,1,0.0,0.5872477999946568,67.32110079997801,0.03873199998633936,68.0702178000065,26138,51040,9292,[],C:\Users\26096\Desktop\em\python_topopt\runs\band_supplement_300_20260808_001\samples\S000049\femm\angle_6_attempt_1,,,2026-08-08T17:12:49.520+02:00,2026-08-08T17:13:58.537+02:00
S000049,9.0,completed,0.8730173263985423,1,0.0,0.5304171000025235,38.924321400001645,0.038592199998674914,39.61700890000793,26138,51040,13028,[],C:\Users\26096\Desktop\em\python_topopt\runs\band_supplement_300_20260808_001\samples\S000049\femm\angle_9_attempt_1,,,2026-08-08T17:13:58.606+02:00,2026-08-08T17:14:39.062+02:00
S000049,12.0,completed,0.8031101431743242,1,0.0,0.5204327999963425,30.795136300002923,0.03777089997311123,31.471914800000377,26138,51040,28400,[],C:\Users\26096\Desktop\em\python_topopt\runs\band_supplement_300_20260808_001\samples\S000049\femm\angle_12_attempt_1,,,2026-08-08T17:14:39.125+02:00,2026-08-08T17:15:11.361+02:00
S000049,15.0,completed,0.8360796922238702,1,0.0,0.5060173999809194,41.484114499995485,0.0355750999879092,42.14065749998554,26138,51040,30680,[],C:\Users\26096\Desktop\em\python_topopt\runs\band_supplement_300_20260808_001\samples\S000049\femm\angle_15_attempt_1,,,2026-08-08T17:15:11.419+02:00,2026-08-08T17:15:54.316+02:00
S000050,0.0,completed,0.6568088433381756,1,7.0095160999917425,0.602435200009495,39.72818979999283,0.039695699990261346,47.51148879999528,29411,57598,30248,[],C:\Users\26096\Desktop\em\python_topopt\runs\band_supplement_300_20260808_001\samples\S000050\femm\angle_0_attempt_1,,,2026-08-08T17:15:54.907+02:00,2026-08-08T17:16:43.986+02:00
S000050,3.0,completed,0.6236481515351188,1,0.0,0.5731700999895111,51.56761940001161,0.04089190001832321,52.314658199989935,29411,57598,25728,[],C:\Users\26096\Desktop\em\python_topopt\runs\band_supplement_300_20260808_001\samples\S000050\femm\angle_3_attempt_1,,,2026-08-08T17:16:44.047+02:00,2026-08-08T17:17:37.179+02:00
S000050,6.0,completed,0.5747513014222997,1,0.0,0.6123492999759037,39.8963664000039,0.04024189998744987,40.68679030000931,29411,57598,38176,[],C:\Users\26096\Desktop\em\python_topopt\runs\band_supplement_300_20260808_001\samples\S000050\femm\angle_6_attempt_1,,,2026-08-08T17:17:37.240+02:00,2026-08-08T17:18:18.746+02:00
S000050,9.0,completed,0.771571717155644,1,0.0,0.5883449999964796,34.29373620002298,0.03895240000565536,35.06119939999189,29411,57598,24644,[],C:\Users\26096\Desktop\em\python_topopt\runs\band_supplement_300_20260808_001\samples\S000050\femm\angle_9_attempt_1,,,2026-08-08T17:18:18.824+02:00,2026-08-08T17:18:54.717+02:00
S000050,12.0,completed,0.7729782170615437,1,0.0,0.6038770999875851,35.11362300001201,0.03802829998312518,35.88243530000909,29411,57598,8024,[],C:\Users\26096\Desktop\em\python_topopt\runs\band_supplement_300_20260808_001\samples\S000050\femm\angle_12_attempt_1,,,2026-08-08T17:18:54.778+02:00,2026-08-08T17:19:31.445+02:00
S000050,15.0,completed,0.6562631108340229,1,0.0,0.5646728999854531,31.907159199996386,0.04163590000825934,32.64298800000688,29411,57598,34452,[],C:\Users\26096\Desktop\em\python_topopt\runs\band_supplement_300_20260808_001\samples\S000050\femm\angle_15_attempt_1,,,2026-08-08T17:19:31.506+02:00,2026-08-08T17:20:04.953+02:00
S000051,0.0,completed,0.7135724202181702,1,7.22627910002484,0.6721834999916609,46.292422099999385,0.0410987000213936,54.368152100010775,30717,60212,27176,[],C:\Users\26096\Desktop\em\python_topopt\runs\band_supplement_300_20260808_001\samples\S000051\femm\angle_0_attempt_1,,,2026-08-08T17:15:54.923+02:00,2026-08-08T17:16:51.561+02:00
S000051,3.0,completed,0.6440907272816865,1,0.0,0.7127658999816049,91.95640140000614,0.04085560000385158,92.84973669997999,30717,60212,33316,[],C:\Users\26096\Desktop\em\python_topopt\runs\band_supplement_300_20260808_001\samples\S000051\femm\angle_3_attempt_1,,,2026-08-08T17:16:51.622+02:00,2026-08-08T17:18:25.311+02:00
S000051,6.0,completed,0.6074796741061326,1,0.0,0.6756710999761708,47.36412489999202,0.03890500002307817,48.21826119997422,30717,60212,36152,[],C:\Users\26096\Desktop\em\python_topopt\runs\band_supplement_300_20260808_001\samples\S000051\femm\angle_6_attempt_1,,,2026-08-08T17:18:25.382+02:00,2026-08-08T17:19:14.424+02:00
S000051,9.0,completed,0.8276334266375537,1,0.0,0.6883034000056796,43.28519689998939,0.03917529998579994,44.14305399998557,30717,60212,26096,[],C:\Users\26096\Desktop\em\python_topopt\runs\band_supplement_300_20260808_001\samples\S000051\femm\angle_9_attempt_1,,,2026-08-08T17:19:14.485+02:00,2026-08-08T17:19:59.435+02:00
S000051,12.0,completed,0.8412618343528274,1,0.0,0.6309847999946214,34.99658800000907,0.04157669999403879,35.81419500001357,30717,60212,33148,[],C:\Users\26096\Desktop\em\python_topopt\runs\band_supplement_300_20260808_001\samples\S000051\femm\angle_12_attempt_1,,,2026-08-08T17:19:59.498+02:00,2026-08-08T17:20:36.093+02:00
S000051,15.0,completed,0.7166407157397376,1,0.0,0.6566132000007201,40.61469750001561,0.03977679999661632,41.447236599982716,30717,60212,4560,[],C:\Users\26096\Desktop\em\python_topopt\runs\band_supplement_300_20260808_001\samples\S000051\femm\angle_15_attempt_1,,,2026-08-08T17:20:36.146+02:00,2026-08-08T17:21:18.327+02:00
S000052,0.0,completed,0.8246671213500459,1,5.592836499999976,0.5055447000195272,30.927757899975404,0.03370970001560636,37.17074899998261,23389,45534,36228,[],C:\Users\26096\Desktop\em\python_topopt\runs\band_supplement_300_20260808_001\samples\S000052\femm\angle_0_attempt_1,,,2026-08-08T17:15:54.938+02:00,2026-08-08T17:16:34.011+02:00
S000052,3.0,completed,0.7757371853845613,1,0.0,0.49034270000993274,21.02253539999947,0.034394899994367734,21.658982599998126,23389,45534,27456,[],C:\Users\26096\Desktop\em\python_topopt\runs\band_supplement_300_20260808_001\samples\S000052\femm\angle_3_attempt_1,,,2026-08-08T17:16:34.070+02:00,2026-08-08T17:16:56.586+02:00
S000052,6.0,completed,0.7909293648558744,1,0.0,0.5123013000120409,29.06899520001025,0.03218460001517087,29.716351600014605,23389,45534,15924,[],C:\Users\26096\Desktop\em\python_topopt\runs\band_supplement_300_20260808_001\samples\S000052\femm\angle_6_attempt_1,,,2026-08-08T17:16:56.657+02:00,2026-08-08T17:17:27.236+02:00
S000052,9.0,completed,0.9277840226005873,1,0.0,0.5431633999978658,46.351130700000795,0.03310359999886714,47.03298130002804,23389,45534,17512,[],C:\Users\26096\Desktop\em\python_topopt\runs\band_supplement_300_20260808_001\samples\S000052\femm\angle_9_attempt_1,,,2026-08-08T17:17:27.298+02:00,2026-08-08T17:18:15.182+02:00
S000052,12.0,completed,0.8862721279418655,1,0.0,0.4880573999835178,35.75788200000534,0.03221280002617277,36.38352879998274,23389,45534,4912,[],C:\Users\26096\Desktop\em\python_topopt\runs\band_supplement_300_20260808_001\samples\S000052\femm\angle_12_attempt_1,,,2026-08-08T17:18:15.245+02:00,2026-08-08T17:18:52.459+02:00
S000052,15.0,completed,0.8244757106692568,1,0.0,0.49561309997807257,37.811715200019535,0.032978200004436076,38.45131139998557,23389,45534,4616,[],C:\Users\26096\Desktop\em\python_topopt\runs\band_supplement_300_20260808_001\samples\S000052\femm\angle_15_attempt_1,,,2026-08-08T17:18:52.519+02:00,2026-08-08T17:19:31.788+02:00
S000053,0.0,completed,0.7878631724316184,1,5.584205499995733,0.5270200000086334,34.68274190000375,0.033916199987288564,40.95532929999172,26664,52102,27252,[],C:\Users\26096\Desktop\em\python_topopt\runs\band_supplement_300_20260808_001\samples\S000053\femm\angle_0_attempt_1,,,2026-08-08T17:21:19.149+02:00,2026-08-08T17:22:01.641+02:00
S000053,3.0,completed,0.6568322169541637,1,0.0,0.5155801000073552,48.384078800008865,0.035990500007756054,49.05995240001357,26664,52102,17416,[],C:\Users\26096\Desktop\em\python_topopt\runs\band_supplement_300_20260808_001\samples\S000053\femm\angle_3_attempt_1,,,2026-08-08T17:22:01.695+02:00,2026-08-08T17:22:51.612+02:00
S000053,6.0,completed,0.7468131248364118,1,0.0,0.5519244000024628,28.675129400013248,0.03611859999364242,29.382220800005598,26664,52102,29528,[],C:\Users\26096\Desktop\em\python_topopt\runs\band_supplement_300_20260808_001\samples\S000053\femm\angle_6_attempt_1,,,2026-08-08T17:22:51.675+02:00,2026-08-08T17:23:22.084+02:00
S000053,9.0,completed,0.8797964114958607,1,0.0,0.5268578000250272,30.587768500001403,0.03502670000307262,31.267253099998925,26664,52102,1668,[],C:\Users\26096\Desktop\em\python_topopt\runs\band_supplement_300_20260808_001\samples\S000053\femm\angle_9_attempt_1,,,2026-08-08T17:23:22.145+02:00,2026-08-08T17:23:54.195+02:00
S000053,12.0,completed,0.9889746842750377,1,0.0,0.5106092000205535,33.5373574999976,0.03475980000803247,34.20142280001892,26664,52102,4504,[],C:\Users\26096\Desktop\em\python_topopt\runs\band_supplement_300_20260808_001\samples\S000053\femm\angle_12_attempt_1,,,2026-08-08T17:23:54.257+02:00,2026-08-08T17:24:29.218+02:00
S000053,15.0,completed,0.7875437953281725,1,0.0,0.5102509999996983,31.475872799986973,0.03729510001721792,32.14788000000408,26664,52102,32804,[],C:\Users\26096\Desktop\em\python_topopt\runs\band_supplement_300_20260808_001\samples\S000053\femm\angle_15_attempt_1,,,2026-08-08T17:24:29.265+02:00,2026-08-08T17:25:02.163+02:00
S000054,0.0,completed,0.5190241651716185,1,3.127636999997776,0.5478890000085812,45.16791990000638,0.040402599988738075,49.01706480002031,29014,56794,37436,[],C:\Users\26096\Desktop\em\python_topopt\runs\band_supplement_300_20260808_001\samples\S000054\femm\angle_0_attempt_1,,,2026-08-08T17:21:19.180+02:00,2026-08-08T17:22:10.494+02:00
S000054,3.0,completed,0.4370393683152997,1,0.0,0.5660433000011835,39.393959200009704,0.04144160001305863,40.15684439998586,29014,56794,18660,[],C:\Users\26096\Desktop\em\python_topopt\runs\band_supplement_300_20260808_001\samples\S000054\femm\angle_3_attempt_1,,,2026-08-08T17:22:10.565+02:00,2026-08-08T17:22:51.534+02:00
S000054,6.0,completed,0.4809695826140734,1,0.0,0.5927676999999676,38.0003824000014,0.045057999988785014,38.77060580000398,29014,56794,15280,[],C:\Users\26096\Desktop\em\python_topopt\runs\band_supplement_300_20260808_001\samples\S000054\femm\angle_6_attempt_1,,,2026-08-08T17:22:51.597+02:00,2026-08-08T17:23:31.149+02:00
S000054,9.0,completed,0.4677552668981766,1,0.0,0.5800054999999702,42.6059950000199,0.04092639998998493,43.3581714000029,29014,56794,29812,[],C:\Users\26096\Desktop\em\python_topopt\runs\band_supplement_300_20260808_001\samples\S000054\femm\angle_9_attempt_1,,,2026-08-08T17:23:31.218+02:00,2026-08-08T17:24:15.398+02:00
S000054,12.0,completed,0.5077460694641777,1,0.0,0.5686610999982804,38.511266100016655,0.038180200004717335,39.24283049997757,29014,56794,29320,[],C:\Users\26096\Desktop\em\python_topopt\runs\band_supplement_300_20260808_001\samples\S000054\femm\angle_12_attempt_1,,,2026-08-08T17:24:15.461+02:00,2026-08-08T17:24:55.438+02:00
S000054,15.0,completed,0.5166928614633629,1,0.0,0.556333899992751,41.875673599977745,0.03755860001547262,42.59617319999961,29014,56794,28932,[],C:\Users\26096\Desktop\em\python_topopt\runs\band_supplement_300_20260808_001\samples\S000054\femm\angle_15_attempt_1,,,2026-08-08T17:24:55.499+02:00,2026-08-08T17:25:38.841+02:00
S000055,0.0,completed,0.7610192423813039,1,5.615258499979973,0.5070855000230949,21.590144700021483,0.0377219999791123,27.866114799981005,26256,51276,21440,[],C:\Users\26096\Desktop\em\python_topopt\runs\band_supplement_300_20260808_001\samples\S000055\femm\angle_0_attempt_1,,,2026-08-08T17:21:19.203+02:00,2026-08-08T17:21:48.911+02:00
S000055,3.0,completed,0.7378531958834218,1,0.0,0.5186961000144947,24.64273919997504,0.03739760001190007,25.31529060000321,26256,51276,19656,[],C:\Users\26096\Desktop\em\python_topopt\runs\band_supplement_300_20260808_001\samples\S000055\femm\angle_3_attempt_1,,,2026-08-08T17:21:48.973+02:00,2026-08-08T17:22:15.100+02:00
S000055,6.0,completed,0.7617269991008215,1,0.0,0.531903399998555,21.491635000013048,0.03851239997311495,22.18090539998957,26256,51276,19808,[],C:\Users\26096\Desktop\em\python_topopt\runs\band_supplement_300_20260808_001\samples\S000055\femm\angle_6_attempt_1,,,2026-08-08T17:22:15.160+02:00,2026-08-08T17:22:38.171+02:00
S000055,9.0,completed,0.6902213575513769,1,0.0,0.5109238000004552,21.47332339998684,0.04315300000598654,22.145851399982348,26256,51276,8556,[],C:\Users\26096\Desktop\em\python_topopt\runs\band_supplement_300_20260808_001\samples\S000055\femm\angle_9_attempt_1,,,2026-08-08T17:22:38.240+02:00,2026-08-08T17:23:01.200+02:00
S000055,12.0,completed,0.6830776654735344,1,0.0,0.5260921999870334,17.63251960001071,0.03540320001775399,18.308704600000056,26256,51276,9376,[],C:\Users\26096\Desktop\em\python_topopt\runs\band_supplement_300_20260808_001\samples\S000055\femm\angle_12_attempt_1,,,2026-08-08T17:23:01.268+02:00,2026-08-08T17:23:20.386+02:00
S000055,15.0,completed,0.7611262043488844,1,0.0,0.5115952999913134,21.181211699993582,0.039319600007729605,21.84885799998301,26256,51276,7480,[],C:\Users\26096\Desktop\em\python_topopt\runs\band_supplement_300_20260808_001\samples\S000055\femm\angle_15_attempt_1,,,2026-08-08T17:23:20.453+02:00,2026-08-08T17:23:43.109+02:00
S000056,0.0,completed,0.8472504114084095,1,10.64133949999814,0.6244406999903731,38.33709339998313,0.040024599991738796,49.78831539998646,28497,55776,8832,[],C:\Users\26096\Desktop\em\python_topopt\runs\band_supplement_300_20260808_001\samples\S000056\femm\angle_0_attempt_1,,,2026-08-08T17:25:39.643+02:00,2026-08-08T17:26:31.158+02:00
S000056,3.0,completed,0.8297121702703222,1,0.0,0.5938915000006091,61.51217829997768,0.03974700000253506,62.285790200025076,28497,55776,1348,[],C:\Users\26096\Desktop\em\python_topopt\runs\band_supplement_300_20260808_001\samples\S000056\femm\angle_3_attempt_1,,,2026-08-08T17:26:31.219+02:00,2026-08-08T17:27:34.446+02:00
S000056,6.0,completed,0.9301101581947087,1,0.0,0.5877902999927755,40.187987499986775,0.0390000999905169,40.94076800000039,28497,55776,12236,[],C:\Users\26096\Desktop\em\python_topopt\runs\band_supplement_300_20260808_001\samples\S000056\femm\angle_6_attempt_1,,,2026-08-08T17:27:34.515+02:00,2026-08-08T17:28:16.303+02:00
S000056,9.0,completed,0.9035366772574652,1,0.0,0.5625605000241194,32.01126890000887,0.040011300006881356,32.74321690000943,28497,55776,24268,[],C:\Users\26096\Desktop\em\python_topopt\runs\band_supplement_300_20260808_001\samples\S000056\femm\angle_9_attempt_1,,,2026-08-08T17:28:16.372+02:00,2026-08-08T17:28:49.908+02:00
S000056,12.0,completed,0.8235769916983154,1,0.0,0.5387025999953039,27.452986199990846,0.041106399992713705,28.161067599983653,28497,55776,32992,[],C:\Users\26096\Desktop\em\python_topopt\runs\band_supplement_300_20260808_001\samples\S000056\femm\angle_12_attempt_1,,,2026-08-08T17:28:49.970+02:00,2026-08-08T17:29:18.883+02:00
S000056,15.0,completed,0.8466815850042031,1,0.0,0.5412284000194632,39.908865599980345,0.04287510001449846,40.62036819997593,28497,55776,24764,[],C:\Users\26096\Desktop\em\python_topopt\runs\band_supplement_300_20260808_001\samples\S000056\femm\angle_15_attempt_1,,,2026-08-08T17:29:18.937+02:00,2026-08-08T17:30:00.340+02:00
S000057,0.0,completed,0.8003703775758153,1,11.482997700019041,0.5636169000063092,26.324250000005122,0.04317259998060763,38.563860900030704,26181,51126,36884,[],C:\Users\26096\Desktop\em\python_topopt\runs\band_supplement_300_20260808_001\samples\S000057\femm\angle_0_attempt_1,,,2026-08-08T17:25:39.659+02:00,2026-08-08T17:26:20.216+02:00
S000057,3.0,completed,0.816717728452668,1,0.0,0.5658098999992944,27.22872070001904,0.041270900022936985,27.96814159999485,26181,51126,17416,[],C:\Users\26096\Desktop\em\python_topopt\runs\band_supplement_300_20260808_001\samples\S000057\femm\angle_3_attempt_1,,,2026-08-08T17:26:20.277+02:00,2026-08-08T17:26:49.123+02:00
S000057,6.0,completed,0.9204505173542303,1,0.0,0.5985623000015039,21.259343200013973,0.037254099996061996,22.017504999996163,26181,51126,21772,[],C:\Users\26096\Desktop\em\python_topopt\runs\band_supplement_300_20260808_001\samples\S000057\femm\angle_6_attempt_1,,,2026-08-08T17:26:49.193+02:00,2026-08-08T17:27:12.123+02:00
S000057,9.0,completed,0.8652511388320347,1,0.0,0.5703581999987364,23.18545200000517,0.03782959998352453,23.918703500006814,26181,51126,5664,[],C:\Users\26096\Desktop\em\python_topopt\runs\band_supplement_300_20260808_001\samples\S000057\femm\angle_9_attempt_1,,,2026-08-08T17:27:12.194+02:00,2026-08-08T17:27:37.072+02:00
S000057,12.0,completed,0.7702332824681138,1,0.0,0.5501179000129923,27.595352300006198,0.04069110000273213,28.303661300014937,26181,51126,14512,[],C:\Users\26096\Desktop\em\python_topopt\runs\band_supplement_300_20260808_001\samples\S000057\femm\angle_12_attempt_1,,,2026-08-08T17:27:37.139+02:00,2026-08-08T17:28:06.302+02:00
S000057,15.0,completed,0.8031740426416634,1,0.0,0.5146915999939665,36.75440649999655,0.05615570000372827,37.44208739997703,26181,51126,2888,[],C:\Users\26096\Desktop\em\python_topopt\runs\band_supplement_300_20260808_001\samples\S000057\femm\angle_15_attempt_1,,,2026-08-08T17:28:06.362+02:00,2026-08-08T17:28:44.578+02:00
S000058,0.0,completed,0.8341715655240255,1,5.325692800019169,0.42053169998689555,16.914772099989932,0.03993679999257438,22.80421020000358,21050,40860,17600,[],C:\Users\26096\Desktop\em\python_topopt\runs\band_supplement_300_20260808_001\samples\S000058\femm\angle_0_attempt_1,,,2026-08-08T17:25:39.690+02:00,2026-08-08T17:26:05.454+02:00
S000058,3.0,completed,0.8212281893767274,1,0.0,0.44744160000118427,25.72141199998441,0.03236159999505617,26.300059700006386,21050,40860,27508,[],C:\Users\26096\Desktop\em\python_topopt\runs\band_supplement_300_20260808_001\samples\S000058\femm\angle_3_attempt_1,,,2026-08-08T17:26:05.515+02:00,2026-08-08T17:26:32.727+02:00
S000058,6.0,completed,0.9129828369119362,1,0.0,0.4534861000138335,19.04197000002023,0.03145740000763908,19.630109900026582,21050,40860,29152,[],C:\Users\26096\Desktop\em\python_topopt\runs\band_supplement_300_20260808_001\samples\S000058\femm\angle_6_attempt_1,,,2026-08-08T17:26:32.798+02:00,2026-08-08T17:26:53.353+02:00
S000058,9.0,completed,0.8691053358358926,1,0.0,0.48124100000131875,21.859339899994666,0.03473730001132935,22.47871149997809,21050,40860,27048,[],C:\Users\26096\Desktop\em\python_topopt\runs\band_supplement_300_20260808_001\samples\S000058\femm\angle_9_attempt_1,,,2026-08-08T17:26:53.424+02:00,2026-08-08T17:27:16.889+02:00
S000058,12.0,completed,0.7999473872788635,1,0.0,0.48244040002464317,19.228968000010354,0.03660609998041764,19.849469699984184,21050,40860,32188,[],C:\Users\26096\Desktop\em\python_topopt\runs\band_supplement_300_20260808_001\samples\S000058\femm\angle_12_attempt_1,,,2026-08-08T17:27:16.957+02:00,2026-08-08T17:27:37.740+02:00
S000058,15.0,completed,0.8350464041245358,1,0.0,0.44894010000280105,16.957930500007933,0.0312497999984771,17.53175480000209,21050,40860,4976,[],C:\Users\26096\Desktop\em\python_topopt\runs\band_supplement_300_20260808_001\samples\S000058\femm\angle_15_attempt_1,,,2026-08-08T17:27:37.822+02:00,2026-08-08T17:27:56.314+02:00
S000059,0.0,completed,0.8740580965809543,1,9.568417300004512,0.5101545999932569,25.758981799997855,0.03325300000142306,35.98622570000589,22599,43952,22488,[],C:\Users\26096\Desktop\em\python_topopt\runs\band_supplement_300_20260808_001\samples\S000059\femm\angle_0_attempt_1,,,2026-08-08T17:25:39.736+02:00,2026-08-08T17:26:19.175+02:00
S000059,3.0,completed,0.8237666549196724,1,0.0,0.49734270002227277,26.22329270001501,0.03454189997864887,26.86967509999522,22599,43952,31288,[],C:\Users\26096\Desktop\em\python_topopt\runs\band_supplement_300_20260808_001\samples\S000059\femm\angle_3_attempt_1,,,2026-08-08T17:26:19.236+02:00,2026-08-08T17:26:47.060+02:00
S000059,6.0,completed,0.9193944295791079,1,0.0,0.47765529999742284,38.5367882999999,0.03228300000773743,39.15554060001159,22599,43952,2184,[],C:\Users\26096\Desktop\em\python_topopt\runs\band_supplement_300_20260808_001\samples\S000059\femm\angle_6_attempt_1,,,2026-08-08T17:26:47.272+02:00,2026-08-08T17:27:27.345+02:00
S000059,9.0,completed,0.9244087972143707,1,0.0,0.4788735999900382,19.051573400007328,0.03466100001242012,19.67676770000253,22599,43952,26672,[],C:\Users\26096\Desktop\em\python_topopt\runs\band_supplement_300_20260808_001\samples\S000059\femm\angle_9_attempt_1,,,2026-08-08T17:27:27.406+02:00,2026-08-08T17:27:48.030+02:00
S000059,12.0,completed,0.882722156578796,1,0.0,0.5016617999935988,19.232977300009225,0.03225109999766573,19.871735900000203,22599,43952,36384,[],C:\Users\26096\Desktop\em\python_topopt\runs\band_supplement_300_20260808_001\samples\S000059\femm\angle_12_attempt_1,,,2026-08-08T17:27:48.093+02:00,2026-08-08T17:28:08.813+02:00
S000059,15.0,completed,0.873871667987849,1,0.0,0.45200479999766685,20.09691340001882,0.03182180001749657,20.68142720000469,22599,43952,21112,[],C:\Users\26096\Desktop\em\python_topopt\runs\band_supplement_300_20260808_001\samples\S000059\femm\angle_15_attempt_1,,,2026-08-08T17:28:08.876+02:00,2026-08-08T17:28:30.316+02:00
S000060,0.0,completed,0.8765642385454838,1,10.063303000002634,0.4767754999920726,16.603339699999196,0.035470300004817545,27.284940200013807,21797,42360,15756,[],C:\Users\26096\Desktop\em\python_topopt\runs\band_supplement_300_20260808_001\samples\S000060\femm\angle_0_attempt_1,,,2026-08-08T17:25:39.751+02:00,2026-08-08T17:26:09.630+02:00
S000060,3.0,completed,0.8257592807545322,1,0.0,0.462075499992352,10.315954999998212,0.03143090000958182,10.919965900015086,21797,42360,23264,[],C:\Users\26096\Desktop\em\python_topopt\runs\band_supplement_300_20260808_001\samples\S000060\femm\angle_3_attempt_1,,,2026-08-08T17:26:09.693+02:00,2026-08-08T17:26:21.539+02:00
S000060,6.0,completed,0.922223011421122,1,0.0,0.45938509999541566,25.64524889999302,0.03294499998446554,26.249738199985586,21797,42360,21716,[],C:\Users\26096\Desktop\em\python_topopt\runs\band_supplement_300_20260808_001\samples\S000060\femm\angle_6_attempt_1,,,2026-08-08T17:26:21.601+02:00,2026-08-08T17:26:48.737+02:00
S000060,9.0,completed,0.931927643902502,1,0.0,0.4749372999940533,14.64733680000063,0.034261499997228384,15.26304620000883,21797,42360,20996,[],C:\Users\26096\Desktop\em\python_topopt\runs\band_supplement_300_20260808_001\samples\S000060\femm\angle_9_attempt_1,,,2026-08-08T17:26:48.800+02:00,2026-08-08T17:27:04.957+02:00
S000060,12.0,completed,0.88714959731105,1,0.0,0.4645017999864649,11.299476599990157,0.047106900019571185,11.947114999988116,21797,42360,18380,[],C:\Users\26096\Desktop\em\python_topopt\runs\band_supplement_300_20260808_001\samples\S000060\femm\angle_12_attempt_1,,,2026-08-08T17:27:05.036+02:00,2026-08-08T17:27:17.930+02:00
S000060,15.0,completed,0.8759297440855941,1,0.0,0.46862299999338575,10.69448000000557,0.03624800001853146,11.300101899978472,21797,42360,22960,[],C:\Users\26096\Desktop\em\python_topopt\runs\band_supplement_300_20260808_001\samples\S000060\femm\angle_15_attempt_1,,,2026-08-08T17:27:18.000+02:00,2026-08-08T17:27:30.196+02:00
S000061,0.0,completed,0.8763591320005658,1,3.86348130000988,0.49369400000432506,13.813996300013969,0.03424280000035651,18.31471639999654,23468,45700,1800,[],C:\Users\26096\Desktop\em\python_topopt\runs\band_supplement_300_20260808_001\samples\S000061\femm\angle_0_attempt_1,,,2026-08-08T17:30:00.757+02:00,2026-08-08T17:30:20.558+02:00
S000061,3.0,completed,0.8255608063467433,1,0.0,0.4740412999817636,10.902480499993544,0.04169240000192076,11.530298199999379,23468,45700,31016,[],C:\Users\26096\Desktop\em\python_topopt\runs\band_supplement_300_20260808_001\samples\S000061\femm\angle_3_attempt_1,,,2026-08-08T17:30:20.604+02:00,2026-08-08T17:30:32.885+02:00
S000061,6.0,completed,0.9233024203312483,1,0.0,0.4905465999909211,15.168456399987917,0.03377460001502186,15.802448000002187,23468,45700,32736,[],C:\Users\26096\Desktop\em\python_topopt\runs\band_supplement_300_20260808_001\samples\S000061\femm\angle_6_attempt_1,,,2026-08-08T17:30:32.947+02:00,2026-08-08T17:30:49.491+02:00
S000061,9.0,completed,0.9322117231807658,1,0.0,0.49214700001175515,9.625753900007112,0.030943000019760802,10.253742200002307,23468,45700,856,[],C:\Users\26096\Desktop\em\python_topopt\runs\band_supplement_300_20260808_001\samples\S000061\femm\angle_9_attempt_1,,,2026-08-08T17:30:49.535+02:00,2026-08-08T17:31:00.532+02:00
S000061,12.0,completed,0.8839958700437923,1,0.0,0.47844669999904,10.635858699999517,0.03672449997975491,11.26553010000498,23468,45700,27244,[],C:\Users\26096\Desktop\em\python_topopt\runs\band_supplement_300_20260808_001\samples\S000061\femm\angle_12_attempt_1,,,2026-08-08T17:31:00.586+02:00,2026-08-08T17:31:12.598+02:00
S000061,15.0,completed,0.8758592745191894,1,0.0,0.49342369998339564,12.447799999994459,0.03283789998386055,13.080346100003226,23468,45700,16876,[],C:\Users\26096\Desktop\em\python_topopt\runs\band_supplement_300_20260808_001\samples\S000061\femm\angle_15_attempt_1,,,2026-08-08T17:31:12.661+02:00,2026-08-08T17:31:26.474+02:00
S000062,0.0,completed,0.4715058711777893,1,2.4904977999976836,0.3833656999922823,11.134697100002086,0.027592500002356246,14.141653300001053,19222,37240,35332,[],C:\Users\26096\Desktop\em\python_topopt\runs\band_supplement_300_20260808_001\samples\S000062\femm\angle_0_attempt_1,,,2026-08-08T17:31:27.360+02:00,2026-08-08T17:31:43.220+02:00
S000062,3.0,completed,0.6241293058490198,1,0.0,0.4082847999816295,11.649838100012857,0.03327050001826137,12.18953319999855,19222,37240,31088,[],C:\Users\26096\Desktop\em\python_topopt\runs\band_supplement_300_20260808_001\samples\S000062\femm\angle_3_attempt_1,,,2026-08-08T17:31:43.278+02:00,2026-08-08T17:31:56.323+02:00
S000062,6.0,completed,0.5819788661056633,1,0.0,0.40160090001882054,11.793765300011728,0.027869300014572218,12.323841900011757,19222,37240,7324,[],C:\Users\26096\Desktop\em\python_topopt\runs\band_supplement_300_20260808_001\samples\S000062\femm\angle_6_attempt_1,,,2026-08-08T17:31:56.394+02:00,2026-08-08T17:32:09.579+02:00
S000062,9.0,completed,0.3866761372265193,1,0.0,0.43518120000953786,12.041003199992701,0.028049400018062443,12.595100999984425,19222,37240,25916,[],C:\Users\26096\Desktop\em\python_topopt\runs\band_supplement_300_20260808_001\samples\S000062\femm\angle_9_attempt_1,,,2026-08-08T17:32:09.650+02:00,2026-08-08T17:32:23.102+02:00
S000062,12.0,completed,0.3438942018460828,1,0.0,0.42087960001663305,11.683811800001422,0.03544750000583008,12.240867300017271,19222,37240,20396,[],C:\Users\26096\Desktop\em\python_topopt\runs\band_supplement_300_20260808_001\samples\S000062\femm\angle_12_attempt_1,,,2026-08-08T17:32:23.164+02:00,2026-08-08T17:32:36.269+02:00
S000062,15.0,completed,0.4702686342359615,1,0.0,0.4276022000121884,11.732596399990143,0.029462900012731552,12.287084600015078,19222,37240,20832,[],C:\Users\26096\Desktop\em\python_topopt\runs\band_supplement_300_20260808_001\samples\S000062\femm\angle_15_attempt_1,,,2026-08-08T17:32:36.332+02:00,2026-08-08T17:32:49.526+02:00
S000063,0.0,completed,0.359179353560777,1,3.7319630999991205,0.5663283999892883,37.52769260000787,0.03727250001975335,41.99070979998214,27046,52860,32488,[],C:\Users\26096\Desktop\em\python_topopt\runs\band_supplement_300_20260808_001\samples\S000063\femm\angle_0_attempt_1,,,2026-08-08T17:31:27.376+02:00,2026-08-08T17:32:12.236+02:00
S000063,3.0,completed,0.5283661921317043,1,0.0,0.5695944000035524,30.535708099982003,0.037157999991904944,31.26675740000792,27046,52860,16072,[],C:\Users\26096\Desktop\em\python_topopt\runs\band_supplement_300_20260808_001\samples\S000063\femm\angle_3_attempt_1,,,2026-08-08T17:32:12.298+02:00,2026-08-08T17:32:44.452+02:00
S000063,6.0,completed,0.5375030423751623,1,0.0,0.5591952000104357,35.54456179999397,0.03644850000273436,36.26390349998837,27046,52860,17212,[],C:\Users\26096\Desktop\em\python_topopt\runs\band_supplement_300_20260808_001\samples\S000063\femm\angle_6_attempt_1,,,2026-08-08T17:32:44.515+02:00,2026-08-08T17:33:21.617+02:00
S000063,9.0,completed,0.3417259530781431,1,0.0,0.5451439000025857,36.88482809998095,0.038426199986133724,37.59144119999837,27046,52860,21240,[],C:\Users\26096\Desktop\em\python_topopt\runs\band_supplement_300_20260808_001\samples\S000063\femm\angle_9_attempt_1,,,2026-08-08T17:33:21.671+02:00,2026-08-08T17:34:00.042+02:00
S000063,12.0,completed,0.2642354396974094,1,0.0,0.5203967999841552,24.715005000005476,0.036276300001190975,25.38699679999263,27046,52860,27772,[],C:\Users\26096\Desktop\em\python_topopt\runs\band_supplement_300_20260808_001\samples\S000063\femm\angle_12_attempt_1,,,2026-08-08T17:34:00.112+02:00,2026-08-08T17:34:26.242+02:00
S000063,15.0,completed,0.3595759981312947,1,0.0,0.5214823000133038,34.51177870001993,0.039861800003563985,35.19803420000244,27046,52860,21316,[],C:\Users\26096\Desktop\em\python_topopt\runs\band_supplement_300_20260808_001\samples\S000063\femm\angle_15_attempt_1,,,2026-08-08T17:34:26.295+02:00,2026-08-08T17:35:02.258+02:00
S000064,0.0,completed,0.4107282658808522,1,5.124995099991793,0.5077834999829065,18.70876120001776,0.0351657000137493,24.48997649998637,24140,47058,11216,[],C:\Users\26096\Desktop\em\python_topopt\runs\band_supplement_300_20260808_001\samples\S000064\femm\angle_0_attempt_1,,,2026-08-08T17:31:27.407+02:00,2026-08-08T17:31:53.842+02:00
S000064,3.0,completed,0.5634026476948772,1,0.0,0.533491000009235,11.982514399976935,0.03678509997553192,12.677572099986719,24140,47058,30884,[],C:\Users\26096\Desktop\em\python_topopt\runs\band_supplement_300_20260808_001\samples\S000064\femm\angle_3_attempt_1,,,2026-08-08T17:31:53.895+02:00,2026-08-08T17:32:07.442+02:00
S000064,6.0,completed,0.4975492418346421,1,0.0,0.5155532999779098,18.34316960000433,0.040061900013824925,19.032486799987964,24140,47058,31556,[],C:\Users\26096\Desktop\em\python_topopt\runs\band_supplement_300_20260808_001\samples\S000064\femm\angle_6_attempt_1,,,2026-08-08T17:32:07.513+02:00,2026-08-08T17:32:27.440+02:00
S000064,9.0,completed,0.477923021728085,1,0.0,0.5425050999911036,16.720386300003156,0.03459120000479743,17.42130359998555,24140,47058,33320,[],C:\Users\26096\Desktop\em\python_topopt\runs\band_supplement_300_20260808_001\samples\S000064\femm\angle_9_attempt_1,,,2026-08-08T17:32:27.502+02:00,2026-08-08T17:32:45.828+02:00
S000064,12.0,completed,0.3096886641929255,1,0.0,0.5247060999972746,15.073688799981028,0.03450090001570061,15.740200600004755,24140,47058,4912,[],C:\Users\26096\Desktop\em\python_topopt\runs\band_supplement_300_20260808_001\samples\S000064\femm\angle_12_attempt_1,,,2026-08-08T17:32:45.899+02:00,2026-08-08T17:33:02.434+02:00
S000064,15.0,completed,0.4118637506585467,1,0.0,0.5190161000064109,11.452223200001754,0.03845930000534281,12.124735500023235,24140,47058,17760,[],C:\Users\26096\Desktop\em\python_topopt\runs\band_supplement_300_20260808_001\samples\S000064\femm\angle_15_attempt_1,,,2026-08-08T17:33:02.500+02:00,2026-08-08T17:33:15.439+02:00
S000065,0.0,completed,0.4421273784007967,1,5.184649799979525,0.5446743999782484,27.65447470001527,0.03757630000473,33.54673349997029,26820,52408,26988,[],C:\Users\26096\Desktop\em\python_topopt\runs\band_supplement_300_20260808_001\samples\S000065\femm\angle_0_attempt_1,,,2026-08-08T17:31:27.423+02:00,2026-08-08T17:32:03.268+02:00
S000065,3.0,completed,0.5172189716193284,1,0.0,0.5625522000191268,21.712545099988347,0.04199709999375045,22.44658139999956,26820,52408,38340,[],C:\Users\26096\Desktop\em\python_topopt\runs\band_supplement_300_20260808_001\samples\S000065\femm\angle_3_attempt_1,,,2026-08-08T17:32:03.329+02:00,2026-08-08T17:32:26.621+02:00
S000065,6.0,completed,0.4435715528892042,1,0.0,0.5938975000171922,25.461171500006458,0.05196589999832213,26.22862000000896,26820,52408,15704,[],C:\Users\26096\Desktop\em\python_topopt\runs\band_supplement_300_20260808_001\samples\S000065\femm\angle_6_attempt_1,,,2026-08-08T17:32:26.682+02:00,2026-08-08T17:32:53.785+02:00
S000065,9.0,completed,0.507493451613609,1,0.0,0.5541554000228643,18.585320100013632,0.038381799997296184,19.29892399997334,26820,52408,17732,[],C:\Users\26096\Desktop\em\python_topopt\runs\band_supplement_300_20260808_001\samples\S000065\femm\angle_9_attempt_1,,,2026-08-08T17:32:53.854+02:00,2026-08-08T17:33:13.978+02:00
S000065,12.0,completed,0.334386599829025,1,0.0,0.5435071999963839,16.239433300012024,0.03874680001172237,16.941343500016956,26820,52408,29720,[],C:\Users\26096\Desktop\em\python_topopt\runs\band_supplement_300_20260808_001\samples\S000065\femm\angle_12_attempt_1,,,2026-08-08T17:33:14.039+02:00,2026-08-08T17:33:31.764+02:00
S000065,15.0,completed,0.4420300583005584,1,0.0,0.5185168000170961,19.0343528999947,0.043614599999273196,19.715136900020298,26820,52408,23116,[],C:\Users\26096\Desktop\em\python_topopt\runs\band_supplement_300_20260808_001\samples\S000065\femm\angle_15_attempt_1,,,2026-08-08T17:33:31.825+02:00,2026-08-08T17:33:52.343+02:00
S000066,0.0,completed,0.5978014551548972,1,4.642214799998328,0.4698021000076551,18.186707600019872,0.03481959999771789,23.442832100001397,23656,46086,25420,[],C:\Users\26096\Desktop\em\python_topopt\runs\band_supplement_300_20260808_001\samples\S000066\femm\angle_0_attempt_1,,,2026-08-08T17:35:02.891+02:00,2026-08-08T17:35:27.896+02:00
S000066,3.0,completed,0.5077134503304286,1,0.0,0.4658449999988079,15.36969200000749,0.0368284999858588,15.981910800008336,23656,46086,10972,[],C:\Users\26096\Desktop\em\python_topopt\runs\band_supplement_300_20260808_001\samples\S000066\femm\angle_3_attempt_1,,,2026-08-08T17:35:27.955+02:00,2026-08-08T17:35:44.705+02:00
S000066,6.0,completed,0.4974139704978161,1,0.0,0.47689420002279803,29.296866900025634,0.032230099983280525,29.910709799994947,23656,46086,32824,[],C:\Users\26096\Desktop\em\python_topopt\runs\band_supplement_300_20260808_001\samples\S000066\femm\angle_6_attempt_1,,,2026-08-08T17:35:44.766+02:00,2026-08-08T17:36:15.461+02:00
S000066,9.0,completed,0.4448611618636081,1,0.0,0.48889440001221374,15.132198900013464,0.03566080000018701,15.771518599998672,23656,46086,23660,[],C:\Users\26096\Desktop\em\python_topopt\runs\band_supplement_300_20260808_001\samples\S000066\femm\angle_9_attempt_1,,,2026-08-08T17:36:15.530+02:00,2026-08-08T17:36:32.102+02:00
S000066,12.0,completed,0.515164290628622,1,0.0,0.48416849999921396,11.765042400016682,0.03332109999610111,12.38387029999285,23656,46086,5956,[],C:\Users\26096\Desktop\em\python_topopt\runs\band_supplement_300_20260808_001\samples\S000066\femm\angle_12_attempt_1,,,2026-08-08T17:36:32.165+02:00,2026-08-08T17:36:45.366+02:00
S000066,15.0,completed,0.597674613139189,1,0.0,0.47099380000145175,12.20634850001079,0.038292699988232926,12.82366359999287,23656,46086,8644,[],C:\Users\26096\Desktop\em\python_topopt\runs\band_supplement_300_20260808_001\samples\S000066\femm\angle_15_attempt_1,,,2026-08-08T17:36:45.430+02:00,2026-08-08T17:36:59.044+02:00
S000067,0.0,completed,0.5990550429104426,1,4.604513500002213,0.48324430000502616,15.950525899999775,0.034198999986983836,21.183576699986588,23702,46176,4584,[],C:\Users\26096\Desktop\em\python_topopt\runs\band_supplement_300_20260808_001\samples\S000067\femm\angle_0_attempt_1,,,2026-08-08T17:35:02.912+02:00,2026-08-08T17:35:26.338+02:00
S000067,3.0,completed,0.5107121643617804,1,0.0,0.49334330001147464,19.025050800002646,0.0371166999975685,19.670561800012365,23702,46176,32700,[],C:\Users\26096\Desktop\em\python_topopt\runs\band_supplement_300_20260808_001\samples\S000067\femm\angle_3_attempt_1,,,2026-08-08T17:35:26.400+02:00,2026-08-08T17:35:46.893+02:00
S000067,6.0,completed,0.4966541713200997,1,0.0,0.4867270000104327,19.908267999999225,0.035347600001841784,20.533445200009737,23702,46176,5108,[],C:\Users\26096\Desktop\em\python_topopt\runs\band_supplement_300_20260808_001\samples\S000067\femm\angle_6_attempt_1,,,2026-08-08T17:35:46.963+02:00,2026-08-08T17:36:08.329+02:00
S000067,9.0,completed,0.4464634983138051,1,0.0,0.49747930001467466,18.85557109999354,0.04076320002786815,19.510311599995475,23702,46176,37180,[],C:\Users\26096\Desktop\em\python_topopt\runs\band_supplement_300_20260808_001\samples\S000067\femm\angle_9_attempt_1,,,2026-08-08T17:36:08.398+02:00,2026-08-08T17:36:28.710+02:00
S000067,12.0,completed,0.5165731116166214,1,0.0,0.48312900000019,17.172278600017307,0.0386683999968227,17.808920700015733,23702,46176,11780,[],C:\Users\26096\Desktop\em\python_topopt\runs\band_supplement_300_20260808_001\samples\S000067\femm\angle_12_attempt_1,,,2026-08-08T17:36:28.773+02:00,2026-08-08T17:36:47.401+02:00
S000067,15.0,completed,0.5989889740722798,1,0.0,0.48748199999681674,17.25909540001885,0.03318660001968965,17.88444019999588,23702,46176,29948,[],C:\Users\26096\Desktop\em\python_topopt\runs\band_supplement_300_20260808_001\samples\S000067\femm\angle_15_attempt_1,,,2026-08-08T17:36:47.471+02:00,2026-08-08T17:37:06.130+02:00
S000068,0.0,completed,0.5534692650312995,1,3.351511099986965,0.5061056000122335,34.039080799993826,0.03408979999949224,38.04201830000966,24944,48654,15412,[],C:\Users\26096\Desktop\em\python_topopt\runs\band_supplement_300_20260808_001\samples\S000068\femm\angle_0_attempt_1,,,2026-08-08T17:35:02.927+02:00,2026-08-08T17:35:42.845+02:00
S000068,3.0,completed,0.521878621889912,1,0.0,0.4917049999930896,31.34757349998108,0.034708700026385486,31.988112499995623,24944,48654,18844,[],C:\Users\26096\Desktop\em\python_topopt\runs\band_supplement_300_20260808_001\samples\S000068\femm\angle_3_attempt_1,,,2026-08-08T17:35:42.896+02:00,2026-08-08T17:36:15.684+02:00
S000068,6.0,completed,0.6036352883432151,1,0.0,0.4984773999894969,36.77681609999854,0.038024599984055385,37.42795149999438,24944,48654,19356,[],C:\Users\26096\Desktop\em\python_topopt\runs\band_supplement_300_20260808_001\samples\S000068\femm\angle_6_attempt_1,,,2026-08-08T17:36:15.756+02:00,2026-08-08T17:36:54.107+02:00
S000068,9.0,completed,0.6108324429136968,1,0.0,0.48866880001151003,29.896036200021626,0.035378299973672256,30.539575700007845,24944,48654,10544,[],C:\Users\26096\Desktop\em\python_topopt\runs\band_supplement_300_20260808_001\samples\S000068\femm\angle_9_attempt_1,,,2026-08-08T17:36:54.169+02:00,2026-08-08T17:37:25.532+02:00
S000068,12.0,completed,0.5620548481809353,1,0.0,0.4792701000114903,29.66401120001683,0.0382396999921184,30.299606600019615,24944,48654,21124,[],C:\Users\26096\Desktop\em\python_topopt\runs\band_supplement_300_20260808_001\samples\S000068\femm\angle_12_attempt_1,,,2026-08-08T17:37:25.598+02:00,2026-08-08T17:37:56.660+02:00
S000068,15.0,completed,0.5516205445599207,1,0.0,0.4861774000164587,33.532830699987244,0.03707109999959357,34.16604859998915,24944,48654,15104,[],C:\Users\26096\Desktop\em\python_topopt\runs\band_supplement_300_20260808_001\samples\S000068\femm\angle_15_attempt_1,,,2026-08-08T17:37:56.723+02:00,2026-08-08T17:38:31.602+02:00
S000069,0.0,completed,0.6074186928257298,1,6.331149699981324,0.5643912999948952,50.71123740001349,0.03887419999227859,57.7877998999611,27043,52850,37800,[],C:\Users\26096\Desktop\em\python_topopt\runs\band_supplement_300_20260808_001\samples\S000069\femm\angle_0_attempt_1,,,2026-08-08T17:38:32.473+02:00,2026-08-08T17:39:32.090+02:00
S000069,3.0,completed,0.734049505577397,1,0.0,0.5919670000148471,58.9416968000005,0.03870070000994019,59.7017002000066,27043,52850,17656,[],C:\Users\26096\Desktop\em\python_topopt\runs\band_supplement_300_20260808_001\samples\S000069\femm\angle_3_attempt_1,,,2026-08-08T17:39:32.149+02:00,2026-08-08T17:40:32.851+02:00
S000069,6.0,completed,0.6514715982853344,1,0.0,0.5729096000140999,52.45461070002057,0.04103760002180934,53.196787900000345,27043,52850,37300,[],C:\Users\26096\Desktop\em\python_topopt\runs\band_supplement_300_20260808_001\samples\S000069\femm\angle_6_attempt_1,,,2026-08-08T17:40:32.922+02:00,2026-08-08T17:41:27.094+02:00
S000069,9.0,completed,0.628556447554942,1,0.0,0.5624032000196166,57.297256399993785,0.045709700003499165,58.052925199997844,27043,52850,20348,[],C:\Users\26096\Desktop\em\python_topopt\runs\band_supplement_300_20260808_001\samples\S000069\femm\angle_9_attempt_1,,,2026-08-08T17:41:27.155+02:00,2026-08-08T17:42:26.116+02:00
S000069,12.0,completed,0.4467716525054286,1,0.0,0.5728093999787234,41.458577000012156,0.046214999980293214,42.21394590000273,27043,52850,23556,[],C:\Users\26096\Desktop\em\python_topopt\runs\band_supplement_300_20260808_001\samples\S000069\femm\angle_12_attempt_1,,,2026-08-08T17:42:26.185+02:00,2026-08-08T17:43:09.288+02:00
S000069,15.0,completed,0.6054175201394235,1,0.0,0.5395492000097875,49.70691290000104,0.04006979998666793,50.40842700001667,27043,52850,5160,[],C:\Users\26096\Desktop\em\python_topopt\runs\band_supplement_300_20260808_001\samples\S000069\femm\angle_15_attempt_1,,,2026-08-08T17:43:09.357+02:00,2026-08-08T17:44:00.595+02:00
S000070,0.0,completed,0.6065350454461194,1,6.621119599993108,0.6039569000131451,52.44325609999942,0.03979720000643283,59.85871669999324,27643,54050,32556,[],C:\Users\26096\Desktop\em\python_topopt\runs\band_supplement_300_20260808_001\samples\S000070\femm\angle_0_attempt_1,,,2026-08-08T17:38:32.489+02:00,2026-08-08T17:39:34.888+02:00
S000070,3.0,completed,0.7346578656854466,1,0.0,0.6535094999999274,51.16369180000038,0.04084019997389987,51.99393019999843,27643,54050,36720,[],C:\Users\26096\Desktop\em\python_topopt\runs\band_supplement_300_20260808_001\samples\S000070\femm\angle_3_attempt_1,,,2026-08-08T17:39:34.949+02:00,2026-08-08T17:40:27.985+02:00
S000070,6.0,completed,0.6515136803217458,1,0.0,0.5927726000081748,51.463962299982086,0.038183199998456985,52.22374019998824,27643,54050,38684,[],C:\Users\26096\Desktop\em\python_topopt\runs\band_supplement_300_20260808_001\samples\S000070\femm\angle_6_attempt_1,,,2026-08-08T17:40:28.064+02:00,2026-08-08T17:41:21.246+02:00
S000070,9.0,completed,0.6305254826320394,1,0.0,0.5942547000013292,58.79268630000297,0.039135800005169585,59.5566784000257,27643,54050,16868,[],C:\Users\26096\Desktop\em\python_topopt\runs\band_supplement_300_20260808_001\samples\S000070\femm\angle_9_attempt_1,,,2026-08-08T17:41:21.307+02:00,2026-08-08T17:42:21.742+02:00
S000070,12.0,completed,0.4467414572804842,1,0.0,0.5842211999988649,44.99412290001055,0.037315000023227185,45.73900169998524,27643,54050,17844,[],C:\Users\26096\Desktop\em\python_topopt\runs\band_supplement_300_20260808_001\samples\S000070\femm\angle_12_attempt_1,,,2026-08-08T17:42:21.805+02:00,2026-08-08T17:43:08.426+02:00
S000070,15.0,completed,0.6059020425610637,1,0.0,0.5364573999831919,37.833978000009665,0.03607370000099763,38.52707059998647,27643,54050,30724,[],C:\Users\26096\Desktop\em\python_topopt\runs\band_supplement_300_20260808_001\samples\S000070\femm\angle_15_attempt_1,,,2026-08-08T17:43:08.487+02:00,2026-08-08T17:43:47.755+02:00
S000071,0.0,completed,0.1951420726068546,1,6.265515599981882,0.5853731000097468,22.363737200008472,0.03898280000430532,29.38063559998409,27149,53060,31928,[],C:\Users\26096\Desktop\em\python_topopt\runs\band_supplement_300_20260808_001\samples\S000071\femm\angle_0_attempt_1,,,2026-08-08T17:38:32.505+02:00,2026-08-08T17:39:04.353+02:00
S000071,3.0,completed,0.2008815235579039,1,0.0,0.5900894999795128,18.859302600001683,0.03911840001819655,19.6148436999938,27149,53060,6456,[],C:\Users\26096\Desktop\em\python_topopt\runs\band_supplement_300_20260808_001\samples\S000071\femm\angle_3_attempt_1,,,2026-08-08T17:39:04.413+02:00,2026-08-08T17:39:25.002+02:00
S000071,6.0,completed,0.2017529067912963,1,0.0,0.5888884000014514,16.614108000008855,0.04108809999888763,17.38948280000477,27149,53060,28744,[],C:\Users\26096\Desktop\em\python_topopt\runs\band_supplement_300_20260808_001\samples\S000071\femm\angle_6_attempt_1,,,2026-08-08T17:39:25.063+02:00,2026-08-08T17:39:43.426+02:00
S000071,9.0,completed,0.1941265557709158,1,0.0,0.5756282999936957,18.618461200007005,0.04189280001446605,19.369739799993113,27149,53060,29312,[],C:\Users\26096\Desktop\em\python_topopt\runs\band_supplement_300_20260808_001\samples\S000071\femm\angle_9_attempt_1,,,2026-08-08T17:39:43.497+02:00,2026-08-08T17:40:03.872+02:00
S000071,12.0,completed,0.1867791856333523,1,0.0,0.5831081999931484,16.130296599993017,0.038581900007557124,16.883395900018513,27149,53060,28084,[],C:\Users\26096\Desktop\em\python_topopt\runs\band_supplement_300_20260808_001\samples\S000071\femm\angle_12_attempt_1,,,2026-08-08T17:40:03.943+02:00,2026-08-08T17:40:21.766+02:00
S000071,15.0,completed,0.1952971291815365,1,0.0,0.5527745999861509,19.173292099992977,0.039553500013425946,19.911501800001133,27149,53060,17392,[],C:\Users\26096\Desktop\em\python_topopt\runs\band_supplement_300_20260808_001\samples\S000071\femm\angle_15_attempt_1,,,2026-08-08T17:40:21.837+02:00,2026-08-08T17:40:42.767+02:00
S000072,0.0,completed,0.6060689085989829,1,6.704654899978777,0.550406100024702,38.47308670001803,0.03529749999870546,45.88172309997026,24903,48562,37088,[],C:\Users\26096\Desktop\em\python_topopt\runs\band_supplement_300_20260808_001\samples\S000072\femm\angle_0_attempt_1,,,2026-08-08T17:38:32.529+02:00,2026-08-08T17:39:21.532+02:00
S000072,3.0,completed,0.7345146780173617,1,0.0,0.494002499995986,37.49085199998808,0.0393511000147555,38.146926599991275,24903,48562,33164,[],C:\Users\26096\Desktop\em\python_topopt\runs\band_supplement_300_20260808_001\samples\S000072\femm\angle_3_attempt_1,,,2026-08-08T17:39:21.583+02:00,2026-08-08T17:40:00.681+02:00
S000072,6.0,completed,0.6525215019355749,1,0.0,0.5311292999831494,46.81868359999498,0.034433199994964525,47.50885500002187,24903,48562,29784,[],C:\Users\26096\Desktop\em\python_topopt\runs\band_supplement_300_20260808_001\samples\S000072\femm\angle_6_attempt_1,,,2026-08-08T17:40:00.750+02:00,2026-08-08T17:40:49.198+02:00
S000072,9.0,completed,0.6297491974603583,1,0.0,0.5151403000054415,40.64660659999936,0.044478600000729784,41.32634299999336,24903,48562,22280,[],C:\Users\26096\Desktop\em\python_topopt\runs\band_supplement_300_20260808_001\samples\S000072\femm\angle_9_attempt_1,,,2026-08-08T17:40:49.267+02:00,2026-08-08T17:41:31.496+02:00
S000072,12.0,completed,0.4469628447570566,1,0.0,0.5318962999735959,34.705775900016306,0.03527570000733249,35.39477350001107,24903,48562,2680,[],C:\Users\26096\Desktop\em\python_topopt\runs\band_supplement_300_20260808_001\samples\S000072\femm\angle_12_attempt_1,,,2026-08-08T17:41:31.557+02:00,2026-08-08T17:42:07.850+02:00
S000072,15.0,completed,0.6064831787011742,1,0.0,0.5084922999958508,31.45823729998665,0.03792420000536367,32.124931500002276,24903,48562,6820,[],C:\Users\26096\Desktop\em\python_topopt\runs\band_supplement_300_20260808_001\samples\S000072\femm\angle_15_attempt_1,,,2026-08-08T17:42:07.919+02:00,2026-08-08T17:42:40.935+02:00
S000073,0.0,completed,0.5979227123423141,1,5.99861380000948,0.6131311999924947,45.41706909998902,0.04161119999480434,52.21341090000351,26648,52062,16380,[],C:\Users\26096\Desktop\em\python_topopt\runs\band_supplement_300_20260808_001\samples\S000073\femm\angle_0_attempt_1,,,2026-08-08T17:38:32.549+02:00,2026-08-08T17:39:28.214+02:00
S000073,3.0,completed,0.718703662252285,1,0.0,0.6072805000003427,42.58294079999905,0.03761980001581833,43.36977630000911,26648,52062,28512,[],C:\Users\26096\Desktop\em\python_topopt\runs\band_supplement_300_20260808_001\samples\S000073\femm\angle_3_attempt_1,,,2026-08-08T17:39:28.283+02:00,2026-08-08T17:40:12.648+02:00
S000073,6.0,completed,0.6376928040262001,1,0.0,0.5780559999984689,50.047852999996394,0.03810189999057911,50.790477800008375,26648,52062,30004,[],C:\Users\26096\Desktop\em\python_topopt\runs\band_supplement_300_20260808_001\samples\S000073\femm\angle_6_attempt_1,,,2026-08-08T17:40:12.719+02:00,2026-08-08T17:41:04.503+02:00
S000073,9.0,completed,0.6178197607786982,1,0.0,0.5443378000054508,38.43359460000647,0.03638659999705851,39.13937240000814,26648,52062,14016,[],C:\Users\26096\Desktop\em\python_topopt\runs\band_supplement_300_20260808_001\samples\S000073\femm\angle_9_attempt_1,,,2026-08-08T17:41:04.572+02:00,2026-08-08T17:41:44.582+02:00
S000073,12.0,completed,0.4383304566265249,1,0.0,0.5493626000243239,32.47035610000603,0.038061499973991886,33.18494529998861,26648,52062,3976,[],C:\Users\26096\Desktop\em\python_topopt\runs\band_supplement_300_20260808_001\samples\S000073\femm\angle_12_attempt_1,,,2026-08-08T17:41:44.643+02:00,2026-08-08T17:42:18.725+02:00
S000073,15.0,completed,0.5976415408138124,1,0.0,0.5780355999886524,33.23761569999624,0.0401889999920968,33.983080400008475,26648,52062,38812,[],C:\Users\26096\Desktop\em\python_topopt\runs\band_supplement_300_20260808_001\samples\S000073\femm\angle_15_attempt_1,,,2026-08-08T17:42:18.786+02:00,2026-08-08T17:42:53.674+02:00
S000074,0.0,completed,0.557735102893121,1,1.382774799974868,0.427231399982702,18.663729199994123,0.03172599998652004,20.60732659997302,20989,40776,22384,[],C:\Users\26096\Desktop\em\python_topopt\runs\band_supplement_300_20260808_001\samples\S000074\femm\angle_0_attempt_1,,,2026-08-08T17:44:00.982+02:00,2026-08-08T17:44:23.137+02:00
S000074,3.0,completed,0.6505371431711485,1,0.0,0.4287217000091914,20.47114480001619,0.030937899980926886,21.02911440000753,20989,40776,34696,[],C:\Users\26096\Desktop\em\python_topopt\runs\band_supplement_300_20260808_001\samples\S000074\femm\angle_3_attempt_1,,,2026-08-08T17:44:23.189+02:00,2026-08-08T17:44:44.953+02:00
S000074,6.0,completed,0.5749498175783975,1,0.0,0.40014380001230165,18.71669999998994,0.031275899993488565,19.24521810002625,20989,40776,34504,[],C:\Users\26096\Desktop\em\python_topopt\runs\band_supplement_300_20260808_001\samples\S000074\femm\angle_6_attempt_1,,,2026-08-08T17:44:45.007+02:00,2026-08-08T17:45:04.974+02:00
S000074,9.0,completed,0.5591725627432934,1,0.0,0.42144889998598956,23.46796519999043,0.02899189997697249,24.020204700005706,20989,40776,38220,[],C:\Users\26096\Desktop\em\python_topopt\runs\band_supplement_300_20260808_001\samples\S000074\femm\angle_9_attempt_1,,,2026-08-08T17:45:05.027+02:00,2026-08-08T17:45:29.778+02:00
S000074,12.0,completed,0.3882996035093183,1,0.0,0.42417380001279525,19.919965999986744,0.027912399993510917,20.463550699991174,20989,40776,8288,[],C:\Users\26096\Desktop\em\python_topopt\runs\band_supplement_300_20260808_001\samples\S000074\femm\angle_12_attempt_1,,,2026-08-08T17:45:29.838+02:00,2026-08-08T17:45:51.028+02:00
S000074,15.0,completed,0.558333450172713,1,0.0,0.43098979999194853,19.431350300001213,0.03254809998907149,19.994266800000332,20989,40776,616,[],C:\Users\26096\Desktop\em\python_topopt\runs\band_supplement_300_20260808_001\samples\S000074\femm\angle_15_attempt_1,,,2026-08-08T17:45:51.097+02:00,2026-08-08T17:46:11.817+02:00
S000075,0.0,completed,0.7132299059130215,1,4.291242200008128,0.5566973999957554,27.62238359998446,0.03831830000854097,32.63357440000982,25360,49480,38244,[],C:\Users\26096\Desktop\em\python_topopt\runs\band_supplement_300_20260808_001\samples\S000075\femm\angle_0_attempt_1,,,2026-08-08T17:46:12.834+02:00,2026-08-08T17:46:47.344+02:00
S000075,3.0,completed,0.6918326475683502,1,0.0,0.5690613000188023,27.6345126000233,0.03659970001899637,28.36316100001568,25360,49480,684,[],C:\Users\26096\Desktop\em\python_topopt\runs\band_supplement_300_20260808_001\samples\S000075\femm\angle_3_attempt_1,,,2026-08-08T17:46:47.405+02:00,2026-08-08T17:47:16.751+02:00
S000075,6.0,completed,0.7038148078653861,1,0.0,0.5671583999937866,32.363285400002496,0.03712560000712983,33.09236479998799,25360,49480,27900,[],C:\Users\26096\Desktop\em\python_topopt\runs\band_supplement_300_20260808_001\samples\S000075\femm\angle_6_attempt_1,,,2026-08-08T17:47:16.830+02:00,2026-08-08T17:47:50.895+02:00
S000075,9.0,completed,0.760328551074282,1,0.0,0.5543973000021651,28.636242699983995,0.0420624999969732,29.354543399997056,25360,49480,18196,[],C:\Users\26096\Desktop\em\python_topopt\runs\band_supplement_300_20260808_001\samples\S000075\femm\angle_9_attempt_1,,,2026-08-08T17:47:50.966+02:00,2026-08-08T17:48:21.309+02:00
S000075,12.0,completed,0.7001785932112967,1,0.0,0.5630257000157144,21.927225400024327,0.0388208000222221,22.669573299994227,25360,49480,20584,[],C:\Users\26096\Desktop\em\python_topopt\runs\band_supplement_300_20260808_001\samples\S000075\femm\angle_12_attempt_1,,,2026-08-08T17:48:21.393+02:00,2026-08-08T17:48:45.030+02:00
S000075,15.0,completed,0.7128366326163967,1,0.0,0.5878853000176605,22.12846580002224,0.03624940000008792,22.87440180001431,25360,49480,22460,[],C:\Users\26096\Desktop\em\python_topopt\runs\band_supplement_300_20260808_001\samples\S000075\femm\angle_15_attempt_1,,,2026-08-08T17:48:45.103+02:00,2026-08-08T17:49:08.911+02:00
S000076,0.0,completed,0.706279999547625,1,5.446677900006762,0.6133593000122346,26.82243259999086,0.04514869998092763,33.07235890001175,28120,55004,20288,[],C:\Users\26096\Desktop\em\python_topopt\runs\band_supplement_300_20260808_001\samples\S000076\femm\angle_0_attempt_1,,,2026-08-08T17:46:12.849+02:00,2026-08-08T17:46:49.527+02:00
S000076,3.0,completed,0.685277164199286,1,0.0,0.6061654000077397,41.241582800023025,0.043182399997022,42.02181560001918,28120,55004,19924,[],C:\Users\26096\Desktop\em\python_topopt\runs\band_supplement_300_20260808_001\samples\S000076\femm\angle_3_attempt_1,,,2026-08-08T17:46:49.589+02:00,2026-08-08T17:47:32.688+02:00
S000076,6.0,completed,0.6951507348578796,1,0.0,0.5806204999971669,34.97041949999402,0.04149939998751506,35.750222600006964,28120,55004,5180,[],C:\Users\26096\Desktop\em\python_topopt\runs\band_supplement_300_20260808_001\samples\S000076\femm\angle_6_attempt_1,,,2026-08-08T17:47:32.759+02:00,2026-08-08T17:48:09.480+02:00
S000076,9.0,completed,0.7527058545309342,1,0.0,0.6240519999992102,23.55136370001128,0.041122700000414625,24.359937399975024,28120,55004,36800,[],C:\Users\26096\Desktop\em\python_topopt\runs\band_supplement_300_20260808_001\samples\S000076\femm\angle_9_attempt_1,,,2026-08-08T17:48:09.551+02:00,2026-08-08T17:48:34.871+02:00
S000076,12.0,completed,0.6936452474718168,1,0.0,0.5819343999901321,28.280842700012727,0.04372780001722276,29.04503539999132,28120,55004,31660,[],C:\Users\26096\Desktop\em\python_topopt\runs\band_supplement_300_20260808_001\samples\S000076\femm\angle_12_attempt_1,,,2026-08-08T17:48:34.950+02:00,2026-08-08T17:49:04.942+02:00
S000076,15.0,completed,0.7039199424476609,1,0.0,0.6113071000145283,27.738280899997335,0.03930259999469854,28.51636119998875,28120,55004,19464,[],C:\Users\26096\Desktop\em\python_topopt\runs\band_supplement_300_20260808_001\samples\S000076\femm\angle_15_attempt_1,,,2026-08-08T17:49:05.012+02:00,2026-08-08T17:49:34.485+02:00
S000077,0.0,completed,0.7100287857653865,1,7.421878300025128,0.5432913000113331,24.71664219998638,0.04195939999772236,32.882986100012204,25456,49680,28192,[],C:\Users\26096\Desktop\em\python_topopt\runs\band_supplement_300_20260808_001\samples\S000077\femm\angle_0_attempt_1,,,2026-08-08T17:46:12.865+02:00,2026-08-08T17:46:48.285+02:00
S000077,3.0,completed,0.7098309167442363,1,0.0,0.5582968999806326,44.657482200011145,0.0407866999739781,45.37625840000692,25456,49680,27940,[],C:\Users\26096\Desktop\em\python_topopt\runs\band_supplement_300_20260808_001\samples\S000077\femm\angle_3_attempt_1,,,2026-08-08T17:46:48.354+02:00,2026-08-08T17:47:34.621+02:00
S000077,6.0,completed,0.6014871029764834,1,0.0,0.5523541999864392,53.65269139999873,0.040488699974957854,54.37060609998298,25456,49680,17652,[],C:\Users\26096\Desktop\em\python_topopt\runs\band_supplement_300_20260808_001\samples\S000077\femm\angle_6_attempt_1,,,2026-08-08T17:47:34.700+02:00,2026-08-08T17:48:30.017+02:00
S000077,9.0,completed,0.7003058037750005,1,0.0,0.5339719999756198,25.492503699992085,0.04024909998406656,26.188988999987487,25456,49680,37348,[],C:\Users\26096\Desktop\em\python_topopt\runs\band_supplement_300_20260808_001\samples\S000077\femm\angle_9_attempt_1,,,2026-08-08T17:48:30.098+02:00,2026-08-08T17:48:57.272+02:00
S000077,12.0,completed,0.7191165115856254,1,0.0,0.5309073999815155,36.80058189999545,0.05063260000315495,37.49946460002684,25456,49680,32588,[],C:\Users\26096\Desktop\em\python_topopt\runs\band_supplement_300_20260808_001\samples\S000077\femm\angle_12_attempt_1,,,2026-08-08T17:48:57.343+02:00,2026-08-08T17:49:35.773+02:00
S000077,15.0,completed,0.7087485824674753,1,0.0,0.5461589000187814,20.43336980001186,0.03518380000605248,21.126822899997933,25456,49680,18624,[],C:\Users\26096\Desktop\em\python_topopt\runs\band_supplement_300_20260808_001\samples\S000077\femm\angle_15_attempt_1,,,2026-08-08T17:49:35.844+02:00,2026-08-08T17:49:57.753+02:00
S000078,0.0,completed,0.7248367118847143,1,8.96248009998817,0.5212493000144605,24.63169929999276,0.03370070000528358,34.2773629000003,24467,47706,27188,[],C:\Users\26096\Desktop\em\python_topopt\runs\band_supplement_300_20260808_001\samples\S000078\femm\angle_0_attempt_1,,,2026-08-08T17:46:12.881+02:00,2026-08-08T17:46:49.233+02:00
S000078,3.0,completed,0.7228270020891965,1,0.0,0.5613662000105251,26.712993100023596,0.038076299999374896,27.44418079999741,24467,47706,28060,[],C:\Users\26096\Desktop\em\python_topopt\runs\band_supplement_300_20260808_001\samples\S000078\femm\angle_3_attempt_1,,,2026-08-08T17:46:49.294+02:00,2026-08-08T17:47:17.702+02:00
S000078,6.0,completed,0.6333044192546178,1,0.0,0.5609298000053968,47.043977000023006,0.034190300008049235,47.76137089999975,24467,47706,8896,[],C:\Users\26096\Desktop\em\python_topopt\runs\band_supplement_300_20260808_001\samples\S000078\femm\angle_6_attempt_1,,,2026-08-08T17:47:17.773+02:00,2026-08-08T17:48:06.447+02:00
S000078,9.0,completed,0.7289212906948817,1,0.0,0.4997272999898996,31.179747199988924,0.038236499996855855,31.83664080000017,24467,47706,26720,[],C:\Users\26096\Desktop\em\python_topopt\runs\band_supplement_300_20260808_001\samples\S000078\femm\angle_9_attempt_1,,,2026-08-08T17:48:06.518+02:00,2026-08-08T17:48:39.337+02:00
S000078,12.0,completed,0.7392978908823382,1,0.0,0.5421694999968167,36.2243271000043,0.03817460002028383,36.92131189999054,24467,47706,1832,[],C:\Users\26096\Desktop\em\python_topopt\runs\band_supplement_300_20260808_001\samples\S000078\femm\angle_12_attempt_1,,,2026-08-08T17:48:39.406+02:00,2026-08-08T17:49:17.282+02:00
S000078,15.0,completed,0.7240858291815254,1,0.0,0.5098105000215583,19.539457200007746,0.037409700016723946,20.224662199994782,24467,47706,33480,[],C:\Users\26096\Desktop\em\python_topopt\runs\band_supplement_300_20260808_001\samples\S000078\femm\angle_15_attempt_1,,,2026-08-08T17:49:17.353+02:00,2026-08-08T17:49:38.427+02:00
S000079,0.0,completed,0.7436806095027279,1,4.956459099979838,0.5412757000012789,54.75342699998873,0.04344789998140186,60.41523499999312,25856,50482,32892,[],C:\Users\26096\Desktop\em\python_topopt\runs\band_supplement_300_20260808_001\samples\S000079\femm\angle_0_attempt_1,,,2026-08-08T17:46:12.903+02:00,2026-08-08T17:47:16.283+02:00
S000079,3.0,completed,0.714969023910272,1,0.0,0.5745370000076946,38.75490770000033,0.04243559998576529,39.49923670000862,25856,50482,34036,[],C:\Users\26096\Desktop\em\python_topopt\runs\band_supplement_300_20260808_001\samples\S000079\femm\angle_3_attempt_1,,,2026-08-08T17:47:16.346+02:00,2026-08-08T17:47:56.812+02:00
S000079,6.0,completed,0.737007134440991,1,0.0,0.5479773999832105,43.05103860000963,0.039993600017623976,43.76767309999559,25856,50482,16576,[],C:\Users\26096\Desktop\em\python_topopt\runs\band_supplement_300_20260808_001\samples\S000079\femm\angle_6_attempt_1,,,2026-08-08T17:47:56.884+02:00,2026-08-08T17:48:41.666+02:00
S000079,9.0,completed,0.6584206690831239,1,0.0,0.5675741999875754,39.539140799985034,0.03657769999699667,40.2714985999919,25856,50482,35724,[],C:\Users\26096\Desktop\em\python_topopt\runs\band_supplement_300_20260808_001\samples\S000079\femm\angle_9_attempt_1,,,2026-08-08T17:48:41.739+02:00,2026-08-08T17:49:22.969+02:00
S000079,12.0,completed,0.6648721181372069,1,0.0,0.5352251000003889,47.58216520000133,0.045466699986718595,48.27534720001859,25856,50482,16160,[],C:\Users\26096\Desktop\em\python_topopt\runs\band_supplement_300_20260808_001\samples\S000079\femm\angle_12_attempt_1,,,2026-08-08T17:49:23.032+02:00,2026-08-08T17:50:12.145+02:00
S000079,15.0,completed,0.7426448104789661,1,0.0,0.47612380000646226,42.11970829998609,0.03386980001232587,42.745198699994944,25856,50482,29312,[],C:\Users\26096\Desktop\em\python_topopt\runs\band_supplement_300_20260808_001\samples\S000079\femm\angle_15_attempt_1,,,2026-08-08T17:50:12.222+02:00,2026-08-08T17:50:55.717+02:00
S000080,0.0,completed,0.7106603416798883,1,5.411394199996721,0.4941117000125814,33.37232199998107,0.04061330002150498,39.442622800008394,24689,48152,25968,[],C:\Users\26096\Desktop\em\python_topopt\runs\band_supplement_300_20260808_001\samples\S000080\femm\angle_0_attempt_1,,,2026-08-08T17:50:56.468+02:00,2026-08-08T17:51:37.451+02:00
S000080,3.0,completed,0.7167517468325018,1,0.0,0.5104456999979448,38.18974949998665,0.03412860000389628,38.84838960002526,24689,48152,33064,[],C:\Users\26096\Desktop\em\python_topopt\runs\band_supplement_300_20260808_001\samples\S000080\femm\angle_3_attempt_1,,,2026-08-08T17:51:37.504+02:00,2026-08-08T17:52:17.127+02:00
S000080,6.0,completed,0.6152918907864247,1,0.0,0.48268270000698976,35.09358890002477,0.0364343999826815,35.729131900006905,24689,48152,31860,[],C:\Users\26096\Desktop\em\python_topopt\runs\band_supplement_300_20260808_001\samples\S000080\femm\angle_6_attempt_1,,,2026-08-08T17:52:17.205+02:00,2026-08-08T17:52:53.730+02:00
S000080,9.0,completed,0.705153955953049,1,0.0,0.4704716999840457,44.32998939999379,0.0341426000231877,44.94341949999216,24689,48152,35260,[],C:\Users\26096\Desktop\em\python_topopt\runs\band_supplement_300_20260808_001\samples\S000080\femm\angle_9_attempt_1,,,2026-08-08T17:52:53.801+02:00,2026-08-08T17:53:39.544+02:00
S000080,12.0,completed,0.7191987076971382,1,0.0,0.48601930000586435,37.97934150000219,0.033933899976545945,38.613672399980715,24689,48152,4792,[],C:\Users\26096\Desktop\em\python_topopt\runs\band_supplement_300_20260808_001\samples\S000080\femm\angle_12_attempt_1,,,2026-08-08T17:53:39.607+02:00,2026-08-08T17:54:19.010+02:00
S000080,15.0,completed,0.709602026662539,1,0.0,0.48853430000599474,41.26321459998144,0.0345260999747552,41.89638679998461,24689,48152,32340,[],C:\Users\26096\Desktop\em\python_topopt\runs\band_supplement_300_20260808_001\samples\S000080\femm\angle_15_attempt_1,,,2026-08-08T17:54:19.073+02:00,2026-08-08T17:55:01.729+02:00
S000081,0.0,completed,0.7366472366708148,1,4.915083100000629,0.49547540000639856,40.86283500000718,0.03715770001872443,46.4272609000036,25344,49450,17604,[],C:\Users\26096\Desktop\em\python_topopt\runs\band_supplement_300_20260808_001\samples\S000081\femm\angle_0_attempt_1,,,2026-08-08T17:50:56.490+02:00,2026-08-08T17:51:45.230+02:00
S000081,3.0,completed,0.7019643522335186,1,0.0,0.5005741000059061,46.83209009998245,0.03540399999474175,47.49143799999729,25344,49450,18152,[],C:\Users\26096\Desktop\em\python_topopt\runs\band_supplement_300_20260808_001\samples\S000081\femm\angle_3_attempt_1,,,2026-08-08T17:51:45.291+02:00,2026-08-08T17:52:33.568+02:00
S000081,6.0,completed,0.7197805171386616,1,0.0,0.5108292000077199,38.145343399984995,0.0327728999836836,38.81032270001015,25344,49450,8832,[],C:\Users\26096\Desktop\em\python_topopt\runs\band_supplement_300_20260808_001\samples\S000081\femm\angle_6_attempt_1,,,2026-08-08T17:52:33.633+02:00,2026-08-08T17:53:13.230+02:00
S000081,9.0,completed,0.6394159426678208,1,0.0,0.5118357999890577,42.09913509999751,0.03736889999709092,42.76586029998725,25344,49450,23876,[],C:\Users\26096\Desktop\em\python_topopt\runs\band_supplement_300_20260808_001\samples\S000081\femm\angle_9_attempt_1,,,2026-08-08T17:53:13.299+02:00,2026-08-08T17:53:56.864+02:00
S000081,12.0,completed,0.6525762725969209,1,0.0,0.5168532000097912,38.43505759999971,0.03257109998958185,39.09514150000177,25344,49450,22584,[],C:\Users\26096\Desktop\em\python_topopt\runs\band_supplement_300_20260808_001\samples\S000081\femm\angle_12_attempt_1,,,2026-08-08T17:53:56.937+02:00,2026-08-08T17:54:36.815+02:00
S000081,15.0,completed,0.7361113892013657,1,0.0,0.5080279000103474,40.09506049999618,0.037009899999247864,40.75423910000245,25344,49450,16604,[],C:\Users\26096\Desktop\em\python_topopt\runs\band_supplement_300_20260808_001\samples\S000081\femm\angle_15_attempt_1,,,2026-08-08T17:54:36.880+02:00,2026-08-08T17:55:18.365+02:00
S000082,0.0,completed,0.7481881781582242,1,4.644651399983559,0.5325562999933027,29.121810600016033,0.03452720001223497,34.44430239999201,24971,48712,18344,[],C:\Users\26096\Desktop\em\python_topopt\runs\band_supplement_300_20260808_001\samples\S000082\femm\angle_0_attempt_1,,,2026-08-08T17:50:56.506+02:00,2026-08-08T17:51:32.769+02:00
S000082,3.0,completed,0.7565227441750102,1,0.0,0.5031500999757554,35.46933409999474,0.03370219998760149,36.11915030001546,24971,48712,19020,[],C:\Users\26096\Desktop\em\python_topopt\runs\band_supplement_300_20260808_001\samples\S000082\femm\angle_3_attempt_1,,,2026-08-08T17:51:32.830+02:00,2026-08-08T17:52:09.761+02:00
S000082,6.0,completed,0.780991257206735,1,0.0,0.5194449999835342,28.567605299991556,0.04010680000646971,29.244968000013614,24971,48712,26908,[],C:\Users\26096\Desktop\em\python_topopt\runs\band_supplement_300_20260808_001\samples\S000082\femm\angle_6_attempt_1,,,2026-08-08T17:52:09.821+02:00,2026-08-08T17:52:39.867+02:00
S000082,9.0,completed,0.6116148469243328,1,0.0,0.5422218999883626,42.46768610001891,0.03336460000718944,43.156366500013974,24971,48712,37032,[],C:\Users\26096\Desktop\em\python_topopt\runs\band_supplement_300_20260808_001\samples\S000082\femm\angle_9_attempt_1,,,2026-08-08T17:52:39.939+02:00,2026-08-08T17:53:23.903+02:00
S000082,12.0,completed,0.6317485064779038,1,0.0,0.5039007999876048,28.25581349999993,0.0350040000048466,28.90765609999653,24971,48712,10796,[],C:\Users\26096\Desktop\em\python_topopt\runs\band_supplement_300_20260808_001\samples\S000082\femm\angle_12_attempt_1,,,2026-08-08T17:53:23.967+02:00,2026-08-08T17:53:53.666+02:00
S000082,15.0,completed,0.7472080833683872,1,0.0,0.5020679000008386,28.60889189998852,0.03346249999594875,29.261933200003114,24971,48712,32604,[],C:\Users\26096\Desktop\em\python_topopt\runs\band_supplement_300_20260808_001\samples\S000082\femm\angle_15_attempt_1,,,2026-08-08T17:53:53.730+02:00,2026-08-08T17:54:23.776+02:00
S000083,0.0,completed,0.5788503692721503,1,5.705207200022414,0.5752335999859497,37.25946499998099,0.038912199990591034,43.70486220001476,28228,55236,30892,[],C:\Users\26096\Desktop\em\python_topopt\runs\band_supplement_300_20260808_001\samples\S000083\femm\angle_0_attempt_1,,,2026-08-08T17:55:19.021+02:00,2026-08-08T17:56:04.425+02:00
S000083,3.0,completed,0.7454255907854636,1,0.0,0.5892919999896549,25.35200270000496,0.04114240000490099,26.109035900008166,28228,55236,33232,[],C:\Users\26096\Desktop\em\python_topopt\runs\band_supplement_300_20260808_001\samples\S000083\femm\angle_3_attempt_1,,,2026-08-08T17:56:04.471+02:00,2026-08-08T17:56:31.392+02:00
S000083,6.0,completed,0.7364020730367993,1,0.0,0.5918000999954529,24.61259720000089,0.04056059999857098,25.370390900003258,28228,55236,3140,[],C:\Users\26096\Desktop\em\python_topopt\runs\band_supplement_300_20260808_001\samples\S000083\femm\angle_6_attempt_1,,,2026-08-08T17:56:31.445+02:00,2026-08-08T17:56:57.594+02:00
S000083,9.0,completed,0.5526882481182362,1,0.0,0.587225800001761,25.743517499999143,0.0367448000179138,26.49447279999731,28228,55236,19088,[],C:\Users\26096\Desktop\em\python_topopt\runs\band_supplement_300_20260808_001\samples\S000083\femm\angle_9_attempt_1,,,2026-08-08T17:56:57.663+02:00,2026-08-08T17:57:24.969+02:00
S000083,12.0,completed,0.4675652679282903,1,0.0,0.5802478000114206,22.26772930001607,0.03676409999025054,23.012164899992058,28228,55236,3744,[],C:\Users\26096\Desktop\em\python_topopt\runs\band_supplement_300_20260808_001\samples\S000083\femm\angle_12_attempt_1,,,2026-08-08T17:57:25.030+02:00,2026-08-08T17:57:48.861+02:00
S000083,15.0,completed,0.580713350181351,1,0.0,0.5988908000290394,24.36853410000913,0.03812199999811128,25.135811200016178,28228,55236,21744,[],C:\Users\26096\Desktop\em\python_topopt\runs\band_supplement_300_20260808_001\samples\S000083\femm\angle_15_attempt_1,,,2026-08-08T17:57:48.930+02:00,2026-08-08T17:58:14.842+02:00
S000084,0.0,completed,0.8108155545256341,1,4.674361300014425,0.5688772000139579,39.43988469999749,0.036849500000244007,44.8456726000295,27415,53594,27688,[],C:\Users\26096\Desktop\em\python_topopt\runs\band_supplement_300_20260808_001\samples\S000084\femm\angle_0_attempt_1,,,2026-08-08T17:55:19.036+02:00,2026-08-08T17:56:06.241+02:00
S000084,3.0,completed,0.7288057471965926,1,0.0,0.5364571000100113,42.43984979999368,0.040211600018665195,43.136049199994886,27415,53594,15388,[],C:\Users\26096\Desktop\em\python_topopt\runs\band_supplement_300_20260808_001\samples\S000084\femm\angle_3_attempt_1,,,2026-08-08T17:56:06.294+02:00,2026-08-08T17:56:50.202+02:00
S000084,6.0,completed,0.798359359800435,1,0.0,0.5502642999927048,36.63951539999107,0.03740569998626597,37.35432199999923,27415,53594,4616,[],C:\Users\26096\Desktop\em\python_topopt\runs\band_supplement_300_20260808_001\samples\S000084\femm\angle_6_attempt_1,,,2026-08-08T17:56:50.263+02:00,2026-08-08T17:57:28.408+02:00
S000084,9.0,completed,0.7850262009731557,1,0.0,0.559787599981064,54.749942499998724,0.035013899992918596,55.46395030000713,27415,53594,27144,[],C:\Users\26096\Desktop\em\python_topopt\runs\band_supplement_300_20260808_001\samples\S000084\femm\angle_9_attempt_1,,,2026-08-08T17:57:28.470+02:00,2026-08-08T17:58:24.740+02:00
S000084,12.0,completed,0.7975279054316625,1,0.0,0.5241365999972913,53.30776989998412,0.04792870001983829,54.0078644999885,27415,53594,28768,[],C:\Users\26096\Desktop\em\python_topopt\runs\band_supplement_300_20260808_001\samples\S000084\femm\angle_12_attempt_1,,,2026-08-08T17:58:24.802+02:00,2026-08-08T17:59:19.591+02:00
S000084,15.0,completed,0.809692733995662,1,0.0,0.5412326000223402,34.28247279999778,0.03750039997976273,34.98479409998981,27415,53594,35904,[],C:\Users\26096\Desktop\em\python_topopt\runs\band_supplement_300_20260808_001\samples\S000084\femm\angle_15_attempt_1,,,2026-08-08T17:59:19.644+02:00,2026-08-08T17:59:55.415+02:00
S000085,0.0,completed,0.8800888755044727,1,4.859049699996831,0.5752480000082869,41.52019830001518,0.039009899977827445,47.12093649999588,27933,54638,20916,[],C:\Users\26096\Desktop\em\python_topopt\runs\band_supplement_300_20260808_001\samples\S000085\femm\angle_0_attempt_1,,,2026-08-08T17:55:19.065+02:00,2026-08-08T17:56:08.004+02:00
S000085,3.0,completed,0.8308844016558915,1,0.0,0.5544284999778029,48.90157270000782,0.03925229999003932,49.64299459999893,27933,54638,11156,[],C:\Users\26096\Desktop\em\python_topopt\runs\band_supplement_300_20260808_001\samples\S000085\femm\angle_3_attempt_1,,,2026-08-08T17:56:08.061+02:00,2026-08-08T17:56:58.592+02:00
S000085,6.0,completed,0.8819475850116543,1,0.0,0.5508399000100326,57.38595090000308,0.03852000000188127,58.10361540000304,27933,54638,7120,[],C:\Users\26096\Desktop\em\python_topopt\runs\band_supplement_300_20260808_001\samples\S000085\femm\angle_6_attempt_1,,,2026-08-08T17:56:58.649+02:00,2026-08-08T17:57:57.523+02:00
S000085,9.0,completed,0.8072831408744359,1,0.0,0.5681907999969553,45.86708600001293,0.036457000009249896,46.59287760002189,27933,54638,38456,[],C:\Users\26096\Desktop\em\python_topopt\runs\band_supplement_300_20260808_001\samples\S000085\femm\angle_9_attempt_1,,,2026-08-08T17:57:57.587+02:00,2026-08-08T17:58:44.967+02:00
S000085,12.0,completed,0.8314700325759369,1,0.0,0.5470474000030663,29.32888090002234,0.038737299997592345,30.03513699999894,27933,54638,21684,[],C:\Users\26096\Desktop\em\python_topopt\runs\band_supplement_300_20260808_001\samples\S000085\femm\angle_12_attempt_1,,,2026-08-08T17:58:45.031+02:00,2026-08-08T17:59:15.804+02:00
S000085,15.0,completed,0.8796336392737392,1,0.0,0.5362776000110898,46.679564099991694,0.04319029999896884,47.38677400001325,27933,54638,9584,[],C:\Users\26096\Desktop\em\python_topopt\runs\band_supplement_300_20260808_001\samples\S000085\femm\angle_15_attempt_1,,,2026-08-08T17:59:15.866+02:00,2026-08-08T18:00:03.993+02:00
S000086,0.0,completed,0.8691489838626905,1,8.797575600008713,0.49242759999469854,33.94121950000408,0.04647610001848079,43.38790699999663,22439,43636,22792,[],C:\Users\26096\Desktop\em\python_topopt\runs\band_supplement_300_20260808_001\samples\S000086\femm\angle_0_attempt_1,,,2026-08-08T18:00:04.800+02:00,2026-08-08T18:00:49.908+02:00
S000086,3.0,completed,0.8175972918328596,1,0.0,0.4678134999994654,43.44228290001047,0.032016499986639246,44.06126839999342,22439,43636,16072,[],C:\Users\26096\Desktop\em\python_topopt\runs\band_supplement_300_20260808_001\samples\S000086\femm\angle_3_attempt_1,,,2026-08-08T18:00:49.969+02:00,2026-08-08T18:01:34.965+02:00
S000086,6.0,completed,0.9048954045648558,1,0.0,0.46920439999666996,24.35343789999024,0.03258810000261292,24.978481700003613,22439,43636,9644,[],C:\Users\26096\Desktop\em\python_topopt\runs\band_supplement_300_20260808_001\samples\S000086\femm\angle_6_attempt_1,,,2026-08-08T18:01:35.034+02:00,2026-08-08T18:02:00.942+02:00
S000086,9.0,completed,0.90236448741828,1,0.0,0.4977751999977045,17.525448799977312,0.036744400014868006,18.163845500006573,22439,43636,37912,[],C:\Users\26096\Desktop\em\python_topopt\runs\band_supplement_300_20260808_001\samples\S000086\femm\angle_9_attempt_1,,,2026-08-08T18:02:01.005+02:00,2026-08-08T18:02:20.117+02:00
S000086,12.0,completed,0.8698626054805417,1,0.0,0.4861393000173848,23.97664729997632,0.029629399999976158,24.592863900004886,22439,43636,16528,[],C:\Users\26096\Desktop\em\python_topopt\runs\band_supplement_300_20260808_001\samples\S000086\femm\angle_12_attempt_1,,,2026-08-08T18:02:20.177+02:00,2026-08-08T18:02:45.613+02:00
S000086,15.0,completed,0.8688038558713841,1,0.0,0.4709782999998424,29.280577900004573,0.033155999990412965,29.883087099995464,22439,43636,11828,[],C:\Users\26096\Desktop\em\python_topopt\runs\band_supplement_300_20260808_001\samples\S000086\femm\angle_15_attempt_1,,,2026-08-08T18:02:45.674+02:00,2026-08-08T18:03:16.367+02:00
S000087,0.0,completed,0.8685269514607908,1,9.065458299999591,0.5068814999831375,22.67884890001733,0.03381769999396056,32.393854800000554,22262,43292,9212,[],C:\Users\26096\Desktop\em\python_topopt\runs\band_supplement_300_20260808_001\samples\S000087\femm\angle_0_attempt_1,,,2026-08-08T18:00:04.816+02:00,2026-08-08T18:00:40.082+02:00
S000087,3.0,completed,0.8149563473652348,1,0.0,0.5041898000054061,12.455928300012602,0.037067400000523776,13.102861500025028,22262,43292,25472,[],C:\Users\26096\Desktop\em\python_topopt\runs\band_supplement_300_20260808_001\samples\S000087\femm\angle_3_attempt_1,,,2026-08-08T18:00:40.135+02:00,2026-08-08T18:00:54.176+02:00
S000087,6.0,completed,0.8994624553751112,1,0.0,0.5146011000033468,11.11455699999351,0.032776600011857226,11.7690508000087,22262,43292,23440,[],C:\Users\26096\Desktop\em\python_topopt\runs\band_supplement_300_20260808_001\samples\S000087\femm\angle_6_attempt_1,,,2026-08-08T18:00:54.247+02:00,2026-08-08T18:01:07.002+02:00
S000087,9.0,completed,0.8957023490953578,1,0.0,0.47204599998076446,15.760317400010535,0.032107100007124245,16.375078199984273,22262,43292,38124,[],C:\Users\26096\Desktop\em\python_topopt\runs\band_supplement_300_20260808_001\samples\S000087\femm\angle_9_attempt_1,,,2026-08-08T18:01:07.062+02:00,2026-08-08T18:01:24.383+02:00
S000087,12.0,completed,0.865812270131276,1,0.0,0.5025753999943845,17.317089199990733,0.032676000002538785,17.960642699996242,22262,43292,6464,[],C:\Users\26096\Desktop\em\python_topopt\runs\band_supplement_300_20260808_001\samples\S000087\femm\angle_12_attempt_1,,,2026-08-08T18:01:24.454+02:00,2026-08-08T18:01:43.362+02:00
S000087,15.0,completed,0.8667045943427859,1,0.0,0.5249134000041522,20.477998400019715,0.03288869999232702,21.155387400009204,22262,43292,32984,[],C:\Users\26096\Desktop\em\python_topopt\runs\band_supplement_300_20260808_001\samples\S000087\femm\angle_15_attempt_1,,,2026-08-08T18:01:43.433+02:00,2026-08-08T18:02:05.574+02:00
S000088,0.0,completed,0.8351503315084485,1,7.056335000001127,0.596365200006403,35.40689039998688,0.0580132000031881,43.251497699995525,26773,52316,18120,[],C:\Users\26096\Desktop\em\python_topopt\runs\band_supplement_300_20260808_001\samples\S000088\femm\angle_0_attempt_1,,,2026-08-08T18:00:04.831+02:00,2026-08-08T18:00:50.728+02:00
S000088,3.0,completed,0.8181816463031368,1,0.0,0.5796286999830045,23.549428300000727,0.04018560002441518,24.299442299990915,26773,52316,23332,[],C:\Users\26096\Desktop\em\python_topopt\runs\band_supplement_300_20260808_001\samples\S000088\femm\angle_3_attempt_1,,,2026-08-08T18:00:50.789+02:00,2026-08-08T18:01:15.970+02:00
S000088,6.0,completed,0.9214009652379089,1,0.0,0.5843876000144519,22.421687199996086,0.04508999999961816,23.1883256000001,26773,52316,38248,[],C:\Users\26096\Desktop\em\python_topopt\runs\band_supplement_300_20260808_001\samples\S000088\femm\angle_6_attempt_1,,,2026-08-08T18:01:16.041+02:00,2026-08-08T18:01:40.247+02:00
S000088,9.0,completed,0.900584586319566,1,0.0,0.5848235999874305,19.836374500009697,0.04975649999687448,20.62322010000935,26773,52316,20208,[],C:\Users\26096\Desktop\em\python_topopt\runs\band_supplement_300_20260808_001\samples\S000088\femm\angle_9_attempt_1,,,2026-08-08T18:01:40.318+02:00,2026-08-08T18:02:01.906+02:00
S000088,12.0,completed,0.8194818590367458,1,0.0,0.593870800017612,18.54967249999754,0.042313899990404025,19.31406189998961,26773,52316,34544,[],C:\Users\26096\Desktop\em\python_topopt\runs\band_supplement_300_20260808_001\samples\S000088\femm\angle_12_attempt_1,,,2026-08-08T18:02:01.966+02:00,2026-08-08T18:02:22.182+02:00
S000088,15.0,completed,0.8381785597711522,1,0.0,0.5666291000088677,16.35049219999928,0.03907859997707419,17.079025999992155,26773,52316,9076,[],C:\Users\26096\Desktop\em\python_topopt\runs\band_supplement_300_20260808_001\samples\S000088\femm\angle_15_attempt_1,,,2026-08-08T18:02:22.254+02:00,2026-08-08T18:02:40.176+02:00
S000089,0.0,completed,0.8453900025627784,1,6.6918274000054225,0.5529592000239063,66.88330790001783,0.04014980001375079,74.29322439999669,25738,50236,27040,[],C:\Users\26096\Desktop\em\python_topopt\runs\band_supplement_300_20260808_001\samples\S000089\femm\angle_0_attempt_1,,,2026-08-08T18:00:04.863+02:00,2026-08-08T18:01:21.552+02:00
S000089,3.0,completed,0.8276547033171803,1,0.0,0.5598120000213385,63.54503300000215,0.035724999994272366,64.2610660000064,25738,50236,32788,[],C:\Users\26096\Desktop\em\python_topopt\runs\band_supplement_300_20260808_001\samples\S000089\femm\angle_3_attempt_1,,,2026-08-08T18:01:21.613+02:00,2026-08-08T18:02:26.837+02:00
S000089,6.0,completed,0.9266330833831832,1,0.0,0.5495351999998093,65.43984189999173,0.038737399998353794,66.13853719999315,25738,50236,1376,[],C:\Users\26096\Desktop\em\python_topopt\runs\band_supplement_300_20260808_001\samples\S000089\femm\angle_6_attempt_1,,,2026-08-08T18:02:26.900+02:00,2026-08-08T18:03:33.976+02:00
S000089,9.0,completed,0.8959096660268507,1,0.0,0.49517770000966266,31.237693200004287,0.04150880000088364,31.894127799983835,25738,50236,37084,[],C:\Users\26096\Desktop\em\python_topopt\runs\band_supplement_300_20260808_001\samples\S000089\femm\angle_9_attempt_1,,,2026-08-08T18:03:34.030+02:00,2026-08-08T18:04:06.626+02:00
S000089,12.0,completed,0.8188539857499905,1,0.0,0.47666020001634024,52.756426000007195,0.037521000020205975,53.384625000006054,25738,50236,34128,[],C:\Users\26096\Desktop\em\python_topopt\runs\band_supplement_300_20260808_001\samples\S000089\femm\angle_12_attempt_1,,,2026-08-08T18:04:06.689+02:00,2026-08-08T18:05:00.813+02:00
S000089,15.0,completed,0.8448018074606118,1,0.0,0.4811224000004586,41.545921900018584,0.03765679997741245,42.18201419999241,25738,50236,30708,[],C:\Users\26096\Desktop\em\python_topopt\runs\band_supplement_300_20260808_001\samples\S000089\femm\angle_15_attempt_1,,,2026-08-08T18:05:00.860+02:00,2026-08-08T18:05:43.788+02:00
S000090,0.0,completed,0.8475381816824268,1,5.924352700007148,0.5209870000253431,25.124760000006063,0.03431649997946806,31.71621869999217,22807,44376,22060,[],C:\Users\26096\Desktop\em\python_topopt\runs\band_supplement_300_20260808_001\samples\S000090\femm\angle_0_attempt_1,,,2026-08-08T18:00:04.878+02:00,2026-08-08T18:00:40.661+02:00
S000090,3.0,completed,0.829614670494809,1,0.0,0.502383099985309,26.550096199993277,0.03796610000426881,27.204163800022798,22807,44376,20076,[],C:\Users\26096\Desktop\em\python_topopt\runs\band_supplement_300_20260808_001\samples\S000090\femm\angle_3_attempt_1,,,2026-08-08T18:00:40.721+02:00,2026-08-08T18:01:08.834+02:00
S000090,6.0,completed,0.9310930806422364,1,0.0,0.5015512999962084,22.43539889997919,0.03429000001051463,23.07898409999325,22807,44376,34148,[],C:\Users\26096\Desktop\em\python_topopt\runs\band_supplement_300_20260808_001\samples\S000090\femm\angle_6_attempt_1,,,2026-08-08T18:01:08.905+02:00,2026-08-08T18:01:32.887+02:00
S000090,9.0,completed,0.908399869028837,1,0.0,0.4979583999956958,18.887109899980715,0.03358690001186915,19.5287595000118,22807,44376,15404,[],C:\Users\26096\Desktop\em\python_topopt\runs\band_supplement_300_20260808_001\samples\S000090\femm\angle_9_attempt_1,,,2026-08-08T18:01:32.958+02:00,2026-08-08T18:01:53.429+02:00
S000090,12.0,completed,0.8267200531785491,1,0.0,0.5007409999961965,28.92923179999343,0.03957520000403747,29.59482540001045,22807,44376,38712,[],C:\Users\26096\Desktop\em\python_topopt\runs\band_supplement_300_20260808_001\samples\S000090\femm\angle_12_attempt_1,,,2026-08-08T18:01:53.490+02:00,2026-08-08T18:02:24.045+02:00
S000090,15.0,completed,0.8466554892302925,1,0.0,0.493032200000016,22.821992799988948,0.037815600022440776,23.456130299979122,22807,44376,15844,[],C:\Users\26096\Desktop\em\python_topopt\runs\band_supplement_300_20260808_001\samples\S000090\femm\angle_15_attempt_1,,,2026-08-08T18:02:24.107+02:00,2026-08-08T18:02:48.454+02:00
S000091,0.0,completed,0.8493053209601579,1,2.309647199988831,0.48000739997951314,40.330692999996245,0.035117899999022484,43.265706299978774,24880,48528,30224,[],C:\Users\26096\Desktop\em\python_topopt\runs\band_supplement_300_20260808_001\samples\S000091\femm\angle_0_attempt_1,,,2026-08-08T18:05:44.158+02:00,2026-08-08T18:06:28.868+02:00
S000091,3.0,completed,0.830426561467902,1,0.0,0.47379680001176894,28.894374399998924,0.03627300000516698,29.51629420000245,24880,48528,28240,[],C:\Users\26096\Desktop\em\python_topopt\runs\band_supplement_300_20260808_001\samples\S000091\femm\angle_3_attempt_1,,,2026-08-08T18:06:28.922+02:00,2026-08-08T18:06:59.163+02:00
S000091,6.0,completed,0.9323738911120849,1,0.0,0.49183179999818094,28.38847030000761,0.04059180000331253,29.035602799995104,24880,48528,21244,[],C:\Users\26096\Desktop\em\python_topopt\runs\band_supplement_300_20260808_001\samples\S000091\femm\angle_6_attempt_1,,,2026-08-08T18:06:59.225+02:00,2026-08-08T18:07:29.014+02:00
S000091,9.0,completed,0.9097486015230846,1,0.0,0.4875375000119675,32.41487960002269,0.03658119999454357,33.04954760000692,24880,48528,34508,[],C:\Users\26096\Desktop\em\python_topopt\runs\band_supplement_300_20260808_001\samples\S000091\femm\angle_9_attempt_1,,,2026-08-08T18:07:29.068+02:00,2026-08-08T18:08:02.845+02:00
S000091,12.0,completed,0.8310017536457256,1,0.0,0.4661746999772731,24.362669399997685,0.034340000012889504,24.969570299988845,24880,48528,21780,[],C:\Users\26096\Desktop\em\python_topopt\runs\band_supplement_300_20260808_001\samples\S000091\femm\angle_12_attempt_1,,,2026-08-08T18:08:02.898+02:00,2026-08-08T18:08:28.582+02:00
S000091,15.0,completed,0.8496491631623008,1,0.0,0.4815187999920454,30.80080430000089,0.03679390001343563,31.437367100006668,24880,48528,37104,[],C:\Users\26096\Desktop\em\python_topopt\runs\band_supplement_300_20260808_001\samples\S000091\femm\angle_15_attempt_1,,,2026-08-08T18:08:28.651+02:00,2026-08-08T18:09:00.813+02:00
S000092,0.0,completed,0.5565803608102642,1,9.07089589998941,0.5463095000013709,19.992292999988422,0.03640569999697618,29.76626189998933,25892,50548,10896,[],C:\Users\26096\Desktop\em\python_topopt\runs\band_supplement_300_20260808_001\samples\S000092\femm\angle_0_attempt_1,,,2026-08-08T18:09:01.699+02:00,2026-08-08T18:09:33.202+02:00
S000092,3.0,completed,0.454444263031925,1,0.0,0.5635342999885324,23.05436040001223,0.03571150000789203,23.769727200007765,25892,50548,36424,[],C:\Users\26096\Desktop\em\python_topopt\runs\band_supplement_300_20260808_001\samples\S000092\femm\angle_3_attempt_1,,,2026-08-08T18:09:33.262+02:00,2026-08-08T18:09:57.847+02:00
S000092,6.0,completed,0.4505270074524549,1,0.0,0.5227408999926411,23.70204720000038,0.03638089998275973,24.377383499988355,25892,50548,31636,[],C:\Users\26096\Desktop\em\python_topopt\runs\band_supplement_300_20260808_001\samples\S000092\femm\angle_6_attempt_1,,,2026-08-08T18:09:57.907+02:00,2026-08-08T18:10:23.077+02:00
S000092,9.0,completed,0.4029473629689432,1,0.0,0.5396667000022717,16.08838870000909,0.045471099991118535,16.796703300002264,25892,50548,2112,[],C:\Users\26096\Desktop\em\python_topopt\runs\band_supplement_300_20260808_001\samples\S000092\femm\angle_9_attempt_1,,,2026-08-08T18:10:23.137+02:00,2026-08-08T18:10:40.744+02:00
S000092,12.0,completed,0.4748486141108996,1,0.0,0.5122258000192232,16.894060600025114,0.04600649999338202,17.57386360000237,25892,50548,3844,[],C:\Users\26096\Desktop\em\python_topopt\runs\band_supplement_300_20260808_001\samples\S000092\femm\angle_12_attempt_1,,,2026-08-08T18:10:40.809+02:00,2026-08-08T18:10:59.250+02:00
S000092,15.0,completed,0.5571204458083546,1,0.0,0.5128873000212479,25.017986799997743,0.03689590000431053,25.68766619998496,25892,50548,38216,[],C:\Users\26096\Desktop\em\python_topopt\runs\band_supplement_300_20260808_001\samples\S000092\femm\angle_15_attempt_1,,,2026-08-08T18:10:59.332+02:00,2026-08-08T18:11:25.795+02:00
S000093,0.0,completed,0.5657324001393476,1,5.578915499994764,0.5538130000059027,26.572498699999414,0.04337800000212155,32.882924700010335,28929,56626,2780,[],C:\Users\26096\Desktop\em\python_topopt\runs\band_supplement_300_20260808_001\samples\S000093\femm\angle_0_attempt_1,,,2026-08-08T18:09:01.731+02:00,2026-08-08T18:09:37.102+02:00
S000093,3.0,completed,0.5084208146121623,1,0.0,0.6296696000208613,27.418778500024928,0.04083449998870492,28.22435360000236,28929,56626,15764,[],C:\Users\26096\Desktop\em\python_topopt\runs\band_supplement_300_20260808_001\samples\S000093\femm\angle_3_attempt_1,,,2026-08-08T18:09:37.162+02:00,2026-08-08T18:10:06.200+02:00
S000093,6.0,completed,0.513806677418569,1,0.0,0.5693895999866072,29.44803790000151,0.04050569998798892,30.188474299997324,28929,56626,7260,[],C:\Users\26096\Desktop\em\python_topopt\runs\band_supplement_300_20260808_001\samples\S000093\femm\angle_6_attempt_1,,,2026-08-08T18:10:06.290+02:00,2026-08-08T18:10:37.283+02:00
S000093,9.0,completed,0.4391718778661555,1,0.0,0.591198699985398,30.190601400012383,0.04011639999225736,30.953995499992743,28929,56626,7584,[],C:\Users\26096\Desktop\em\python_topopt\runs\band_supplement_300_20260808_001\samples\S000093\femm\angle_9_attempt_1,,,2026-08-08T18:10:37.352+02:00,2026-08-08T18:11:09.154+02:00
S000093,12.0,completed,0.4892943783761142,1,0.0,0.6079906999948435,37.269480300019495,0.03897839999990538,38.04631060000975,28929,56626,27808,[],C:\Users\26096\Desktop\em\python_topopt\runs\band_supplement_300_20260808_001\samples\S000093\femm\angle_12_attempt_1,,,2026-08-08T18:11:09.215+02:00,2026-08-08T18:11:48.053+02:00
S000093,15.0,completed,0.5643861169232506,1,0.0,0.5371767000178806,21.032683700002963,0.04057790001388639,21.731028099980904,28929,56626,35940,[],C:\Users\26096\Desktop\em\python_topopt\runs\band_supplement_300_20260808_001\samples\S000093\femm\angle_15_attempt_1,,,2026-08-08T18:11:48.113+02:00,2026-08-08T18:12:10.596+02:00
S000094,0.0,completed,0.08640882920903369,1,5.463625600008527,0.4503823000122793,5.971549199981382,0.044140900019556284,12.031653700018069,21887,42538,23048,[],C:\Users\26096\Desktop\em\python_topopt\runs\band_supplement_300_20260808_001\samples\S000094\femm\angle_0_attempt_1,,,2026-08-08T18:09:01.746+02:00,2026-08-08T18:09:15.687+02:00
S000094,3.0,completed,0.08808519272671701,1,0.0,0.46239699999568984,6.054314199980581,0.037798000004841015,6.655849799979478,21887,42538,21912,[],C:\Users\26096\Desktop\em\python_topopt\runs\band_supplement_300_20260808_001\samples\S000094\femm\angle_3_attempt_1,,,2026-08-08T18:09:15.758+02:00,2026-08-08T18:09:23.412+02:00
S000094,6.0,completed,0.08745641295193786,1,0.0,0.473147999990033,5.740953400003491,0.034553400008007884,6.35391870001331,21887,42538,5764,[],C:\Users\26096\Desktop\em\python_topopt\runs\band_supplement_300_20260808_001\samples\S000094\femm\angle_6_attempt_1,,,2026-08-08T18:09:23.481+02:00,2026-08-08T18:09:30.675+02:00
S000094,9.0,completed,0.08510350131349566,1,0.0,0.465706399991177,6.043016399984481,0.037482400017324835,6.651297999982489,21887,42538,22828,[],C:\Users\26096\Desktop\em\python_topopt\runs\band_supplement_300_20260808_001\samples\S000094\femm\angle_9_attempt_1,,,2026-08-08T18:09:30.744+02:00,2026-08-08T18:09:38.231+02:00
S000094,12.0,completed,0.08375777911166125,1,0.0,0.46369530001538806,6.15372619999107,0.042255999986082315,6.762290199985728,21887,42538,27740,[],C:\Users\26096\Desktop\em\python_topopt\runs\band_supplement_300_20260808_001\samples\S000094\femm\angle_12_attempt_1,,,2026-08-08T18:09:38.291+02:00,2026-08-08T18:09:45.904+02:00
S000094,15.0,completed,0.08631609911860015,1,0.0,0.4845461000222713,6.006880800006911,0.039750600000843406,6.630746899987571,21887,42538,10484,[],C:\Users\26096\Desktop\em\python_topopt\runs\band_supplement_300_20260808_001\samples\S000094\femm\angle_15_attempt_1,,,2026-08-08T18:09:45.975+02:00,2026-08-08T18:09:53.502+02:00
S000095,0.0,completed,0.5643305089035153,1,7.582024000003003,0.551153800013708,26.793155799998203,0.04172369997831993,35.105779700010316,26202,51176,18756,[],C:\Users\26096\Desktop\em\python_topopt\runs\band_supplement_300_20260808_001\samples\S000095\femm\angle_0_attempt_1,,,2026-08-08T18:09:01.762+02:00,2026-08-08T18:09:39.626+02:00
S000095,3.0,completed,0.4678236703412246,1,0.0,0.5480857999937143,29.829133599996567,0.039809999987483025,30.534104799997294,26202,51176,38508,[],C:\Users\26096\Desktop\em\python_topopt\runs\band_supplement_300_20260808_001\samples\S000095\femm\angle_3_attempt_1,,,2026-08-08T18:09:39.677+02:00,2026-08-08T18:10:11.070+02:00
S000095,6.0,completed,0.4678419095284039,1,0.0,0.5231060000078287,20.071270300017204,0.038316399994073436,20.753955300024245,26202,51176,37860,[],C:\Users\26096\Desktop\em\python_topopt\runs\band_supplement_300_20260808_001\samples\S000095\femm\angle_6_attempt_1,,,2026-08-08T18:10:11.130+02:00,2026-08-08T18:10:32.663+02:00
S000095,9.0,completed,0.4225030619860594,1,0.0,0.5314933999907225,18.671410799986916,0.03607390000252053,19.36033039999893,26202,51176,7728,[],C:\Users\26096\Desktop\em\python_topopt\runs\band_supplement_300_20260808_001\samples\S000095\femm\angle_9_attempt_1,,,2026-08-08T18:10:32.724+02:00,2026-08-08T18:10:52.890+02:00
S000095,12.0,completed,0.4913019076422924,1,0.0,0.5092144999944139,22.695504100003745,0.041067599988309667,23.364384499989683,26202,51176,8976,[],C:\Users\26096\Desktop\em\python_topopt\runs\band_supplement_300_20260808_001\samples\S000095\femm\angle_12_attempt_1,,,2026-08-08T18:10:52.954+02:00,2026-08-08T18:11:17.107+02:00
S000095,15.0,completed,0.563137760474808,1,0.0,0.5718164999852888,25.312071099993773,0.03823539998847991,26.04072059999453,26202,51176,27496,[],C:\Users\26096\Desktop\em\python_topopt\runs\band_supplement_300_20260808_001\samples\S000095\femm\angle_15_attempt_1,,,2026-08-08T18:11:17.160+02:00,2026-08-08T18:11:44.035+02:00
S000096,0.0,completed,0.5914375670177691,1,7.149990699981572,0.6902101000014227,31.422407300007762,0.046530299994628876,39.45490029998473,33664,66108,25504,[],C:\Users\26096\Desktop\em\python_topopt\runs\band_supplement_300_20260808_001\samples\S000096\femm\angle_0_attempt_1,,,2026-08-08T18:12:11.212+02:00,2026-08-08T18:12:52.220+02:00
S000096,3.0,completed,0.5165087131801964,1,0.0,0.6697109999950044,31.455822699994314,0.046469100023387,32.32437439999194,33664,66108,16056,[],C:\Users\26096\Desktop\em\python_topopt\runs\band_supplement_300_20260808_001\samples\S000096\femm\angle_3_attempt_1,,,2026-08-08T18:12:52.273+02:00,2026-08-08T18:13:25.379+02:00
S000096,6.0,completed,0.536126895916674,1,0.0,0.6527791999978945,39.71920260001207,0.04631780000636354,40.57326020000619,33664,66108,33064,[],C:\Users\26096\Desktop\em\python_topopt\runs\band_supplement_300_20260808_001\samples\S000096\femm\angle_6_attempt_1,,,2026-08-08T18:13:25.442+02:00,2026-08-08T18:14:06.846+02:00
S000096,9.0,completed,0.4973892525882555,1,0.0,0.6722675999917556,29.931219799997052,0.042324100009864196,30.789718099986203,33664,66108,26356,[],C:\Users\26096\Desktop\em\python_topopt\runs\band_supplement_300_20260808_001\samples\S000096\femm\angle_9_attempt_1,,,2026-08-08T18:14:06.924+02:00,2026-08-08T18:14:38.508+02:00
S000096,12.0,completed,0.5487268805145658,1,0.0,0.6463575000234414,30.73669770002016,0.04275290001532994,31.569141500018304,33664,66108,36680,[],C:\Users\26096\Desktop\em\python_topopt\runs\band_supplement_300_20260808_001\samples\S000096\femm\angle_12_attempt_1,,,2026-08-08T18:14:38.577+02:00,2026-08-08T18:15:10.893+02:00
S000096,15.0,completed,0.5925329823209537,1,0.0,0.6515270000090823,28.938542499992764,0.04699329999857582,29.78516430000309,33664,66108,34044,[],C:\Users\26096\Desktop\em\python_topopt\runs\band_supplement_300_20260808_001\samples\S000096\femm\angle_15_attempt_1,,,2026-08-08T18:15:10.956+02:00,2026-08-08T18:15:41.517+02:00
S000097,0.0,completed,0.281841403440793,1,4.5080916000006255,0.6077159999986179,37.661630000016885,0.04653819999657571,42.96216110000387,29677,58120,35800,[],C:\Users\26096\Desktop\em\python_topopt\runs\band_supplement_300_20260808_001\samples\S000097\femm\angle_0_attempt_1,,,2026-08-08T18:12:11.234+02:00,2026-08-08T18:12:56.205+02:00
S000097,3.0,completed,0.5434568470919735,1,0.0,0.6113443000067491,31.77476349999779,0.059231100021861494,32.59997929999372,29677,58120,29244,[],C:\Users\26096\Desktop\em\python_topopt\runs\band_supplement_300_20260808_001\samples\S000097\femm\angle_3_attempt_1,,,2026-08-08T18:12:56.261+02:00,2026-08-08T18:13:29.672+02:00
S000097,6.0,completed,0.5108903663886177,1,0.0,0.63119889999507,45.79785879998235,0.042939300008583814,46.60219189999043,29677,58120,7652,[],C:\Users\26096\Desktop\em\python_topopt\runs\band_supplement_300_20260808_001\samples\S000097\femm\angle_6_attempt_1,,,2026-08-08T18:13:29.726+02:00,2026-08-08T18:14:17.180+02:00
S000097,9.0,completed,0.1550358066145079,1,0.0,0.5964740999916103,28.582486700004665,0.04318000000785105,29.353988199989544,29677,58120,27092,[],C:\Users\26096\Desktop\em\python_topopt\runs\band_supplement_300_20260808_001\samples\S000097\femm\angle_9_attempt_1,,,2026-08-08T18:14:17.243+02:00,2026-08-08T18:14:47.411+02:00
S000097,12.0,completed,0.1090219901359405,1,0.0,0.5895158000057563,45.100709699996514,0.04079620001721196,45.86148679998587,29677,58120,38480,[],C:\Users\26096\Desktop\em\python_topopt\runs\band_supplement_300_20260808_001\samples\S000097\femm\angle_12_attempt_1,,,2026-08-08T18:14:47.473+02:00,2026-08-08T18:15:34.112+02:00
S000097,15.0,completed,0.2801338086092102,1,0.0,0.579702199989697,35.287642899987986,0.03921550000086427,36.03394689998822,29677,58120,26560,[],C:\Users\26096\Desktop\em\python_topopt\runs\band_supplement_300_20260808_001\samples\S000097\femm\angle_15_attempt_1,,,2026-08-08T18:15:34.169+02:00,2026-08-08T18:16:10.942+02:00
S000098,0.0,completed,0.6026020900192941,1,3.9597192000073846,0.5089358999975957,15.037564700003713,0.03879750001942739,19.655529299983755,25144,49056,36196,[],C:\Users\26096\Desktop\em\python_topopt\runs\band_supplement_300_20260808_001\samples\S000098\femm\angle_0_attempt_1,,,2026-08-08T18:12:11.281+02:00,2026-08-08T18:12:33.092+02:00
S000098,3.0,completed,0.5203442973294592,1,0.0,0.49877459998242557,22.73070529999677,0.0428910999908112,23.390520399989327,25144,49056,23748,[],C:\Users\26096\Desktop\em\python_topopt\runs\band_supplement_300_20260808_001\samples\S000098\femm\angle_3_attempt_1,,,2026-08-08T18:12:33.142+02:00,2026-08-08T18:12:57.360+02:00
S000098,6.0,completed,0.5040432666469735,1,0.0,0.5096120999951381,29.961684499983676,0.03568010000162758,30.62887509999564,25144,49056,26436,[],C:\Users\26096\Desktop\em\python_topopt\runs\band_supplement_300_20260808_001\samples\S000098\femm\angle_6_attempt_1,,,2026-08-08T18:12:57.422+02:00,2026-08-08T18:13:28.824+02:00
S000098,9.0,completed,0.4499713872764094,1,0.0,0.5087658000120427,16.126532399997814,0.04003699999884702,16.79140610000468,25144,49056,36080,[],C:\Users\26096\Desktop\em\python_topopt\runs\band_supplement_300_20260808_001\samples\S000098\femm\angle_9_attempt_1,,,2026-08-08T18:13:28.887+02:00,2026-08-08T18:13:46.493+02:00
S000098,12.0,completed,0.5165639164176504,1,0.0,0.5123176999913994,18.14515080000274,0.04055110001354478,18.816235300007975,25144,49056,19100,[],C:\Users\26096\Desktop\em\python_topopt\runs\band_supplement_300_20260808_001\samples\S000098\femm\angle_12_attempt_1,,,2026-08-08T18:13:46.555+02:00,2026-08-08T18:14:06.222+02:00
S000098,15.0,completed,0.6057558293609759,1,0.0,0.5263986000209115,16.52757780000684,0.0381407999957446,17.210647300002165,25144,49056,18740,[],C:\Users\26096\Desktop\em\python_topopt\runs\band_supplement_300_20260808_001\samples\S000098\femm\angle_15_attempt_1,,,2026-08-08T18:14:06.283+02:00,2026-08-08T18:14:24.308+02:00
S000099,0.0,completed,0.5900556158576821,1,7.808677099994384,0.5100033000053372,34.499253999994835,0.037488300004042685,42.97667369997362,25542,49848,21240,[],C:\Users\26096\Desktop\em\python_topopt\runs\band_supplement_300_20260808_001\samples\S000099\femm\angle_0_attempt_1,,,2026-08-08T18:16:11.781+02:00,2026-08-08T18:16:56.735+02:00
S000099,3.0,completed,0.728252207401879,1,0.0,0.5350060000200756,34.85976859999937,0.037036199995782226,35.56108379998477,25542,49848,29460,[],C:\Users\26096\Desktop\em\python_topopt\runs\band_supplement_300_20260808_001\samples\S000099\femm\angle_3_attempt_1,,,2026-08-08T18:16:56.796+02:00,2026-08-08T18:17:33.327+02:00
S000099,6.0,completed,0.6386187916723819,1,0.0,0.5348220999876503,45.44553349999478,0.039392200007569045,46.141075299994554,25542,49848,8112,[],C:\Users\26096\Desktop\em\python_topopt\runs\band_supplement_300_20260808_001\samples\S000099\femm\angle_6_attempt_1,,,2026-08-08T18:17:33.398+02:00,2026-08-08T18:18:20.487+02:00
S000099,9.0,completed,0.6123473939625973,1,0.0,0.5260781999968458,26.038395500014303,0.03646619999199174,26.72171640000306,25542,49848,24116,[],C:\Users\26096\Desktop\em\python_topopt\runs\band_supplement_300_20260808_001\samples\S000099\femm\angle_9_attempt_1,,,2026-08-08T18:18:20.550+02:00,2026-08-08T18:18:48.144+02:00
S000099,12.0,completed,0.417354037050399,1,0.0,0.5670959999843035,31.627940700011095,0.040600999986054376,32.35538180000731,25542,49848,23720,[],C:\Users\26096\Desktop\em\python_topopt\runs\band_supplement_300_20260808_001\samples\S000099\femm\angle_12_attempt_1,,,2026-08-08T18:18:48.213+02:00,2026-08-08T18:19:21.503+02:00
S000099,15.0,completed,0.5904222952501939,1,0.0,0.5238248000096064,30.633801499992842,0.035581299976911396,31.31622020000941,25542,49848,38500,[],C:\Users\26096\Desktop\em\python_topopt\runs\band_supplement_300_20260808_001\samples\S000099\femm\angle_15_attempt_1,,,2026-08-08T18:19:21.574+02:00,2026-08-08T18:19:53.767+02:00
S000100,0.0,completed,0.6977955579987648,1,12.84020460001193,0.6957671999989543,37.13895709998906,0.04526700000860728,50.88794849999249,30558,59888,19040,[],C:\Users\26096\Desktop\em\python_topopt\runs\band_supplement_300_20260808_001\samples\S000100\femm\angle_0_attempt_1,,,2026-08-08T18:16:11.799+02:00,2026-08-08T18:17:06.296+02:00
S000100,3.0,completed,0.6515970933991214,1,0.0,0.7117388999904506,57.259481499990216,0.04350739999790676,58.159711100015556,30558,59888,9092,[],C:\Users\26096\Desktop\em\python_topopt\runs\band_supplement_300_20260808_001\samples\S000100\femm\angle_3_attempt_1,,,2026-08-08T18:17:06.347+02:00,2026-08-08T18:18:05.503+02:00
S000100,6.0,completed,0.6252013589412514,1,0.0,0.7090680999972392,43.1879212000058,0.04371930001070723,44.089269699994475,30558,59888,25968,[],C:\Users\26096\Desktop\em\python_topopt\runs\band_supplement_300_20260808_001\samples\S000100\femm\angle_6_attempt_1,,,2026-08-08T18:18:05.574+02:00,2026-08-08T18:18:50.665+02:00
S000100,9.0,completed,0.4737892588530944,1,0.0,0.7067076999810524,44.93017820001114,0.04706009998335503,45.829567000007955,30558,59888,14640,[],C:\Users\26096\Desktop\em\python_topopt\runs\band_supplement_300_20260808_001\samples\S000100\femm\angle_9_attempt_1,,,2026-08-08T18:18:50.738+02:00,2026-08-08T18:19:37.470+02:00
S000100,12.0,completed,0.5896942393465134,1,0.0,0.6745819000061601,32.5187023000035,0.04117119999136776,33.37408239999786,30558,59888,868,[],C:\Users\26096\Desktop\em\python_topopt\runs\band_supplement_300_20260808_001\samples\S000100\femm\angle_12_attempt_1,,,2026-08-08T18:19:37.541+02:00,2026-08-08T18:20:11.849+02:00
S000100,15.0,completed,0.698584960492001,1,0.0,0.6505686000164133,37.59324999997625,0.039891099993838,38.424547500006156,30558,59888,29420,[],C:\Users\26096\Desktop\em\python_topopt\runs\band_supplement_300_20260808_001\samples\S000100\femm\angle_15_attempt_1,,,2026-08-08T18:20:11.910+02:00,2026-08-08T18:20:51.156+02:00
S000101,0.0,completed,0.608957187237627,1,7.001164699991932,0.5687289999914356,46.52836739999475,0.043069400009699166,54.297784199996386,26795,52354,31688,[],C:\Users\26096\Desktop\em\python_topopt\runs\band_supplement_300_20260808_001\samples\S000101\femm\angle_0_attempt_1,,,2026-08-08T18:16:11.815+02:00,2026-08-08T18:17:08.220+02:00
S000101,3.0,completed,0.734861767562697,1,0.0,0.6070839999883901,48.64141139999265,0.03904159998637624,49.41702190000797,26795,52354,23472,[],C:\Users\26096\Desktop\em\python_topopt\runs\band_supplement_300_20260808_001\samples\S000101\femm\angle_3_attempt_1,,,2026-08-08T18:17:08.291+02:00,2026-08-08T18:17:58.729+02:00
S000101,6.0,completed,0.6524458500582749,1,0.0,0.5973627000057604,48.65400209999643,0.04019770000013523,49.43083850000403,26795,52354,9060,[],C:\Users\26096\Desktop\em\python_topopt\runs\band_supplement_300_20260808_001\samples\S000101\femm\angle_6_attempt_1,,,2026-08-08T18:17:58.800+02:00,2026-08-08T18:18:49.189+02:00
S000101,9.0,completed,0.627057149991595,1,0.0,0.5777843999967445,62.66062799998326,0.0359941000060644,63.39887160001672,26795,52354,17928,[],C:\Users\26096\Desktop\em\python_topopt\runs\band_supplement_300_20260808_001\samples\S000101\femm\angle_9_attempt_1,,,2026-08-08T18:18:49.260+02:00,2026-08-08T18:19:53.535+02:00
S000101,12.0,completed,0.445227260724344,1,0.0,0.5408898000023328,45.244369000021834,0.03435570001602173,45.94259659998352,26795,52354,4772,[],C:\Users\26096\Desktop\em\python_topopt\runs\band_supplement_300_20260808_001\samples\S000101\femm\angle_12_attempt_1,,,2026-08-08T18:19:53.595+02:00,2026-08-08T18:20:40.409+02:00
S000101,15.0,completed,0.6076187326146605,1,0.0,0.5352906000043731,35.33669060000102,0.03741660001105629,36.030387500009965,26795,52354,4384,[],C:\Users\26096\Desktop\em\python_topopt\runs\band_supplement_300_20260808_001\samples\S000101\femm\angle_15_attempt_1,,,2026-08-08T18:20:40.471+02:00,2026-08-08T18:21:17.338+02:00
S000102,0.0,completed,0.5887224553472468,1,11.093147799983853,0.5389295999775641,16.985474699991755,0.03405070002190769,28.773810999962734,24208,47180,5284,[],C:\Users\26096\Desktop\em\python_topopt\runs\band_supplement_300_20260808_001\samples\S000102\femm\angle_0_attempt_1,,,2026-08-08T18:16:11.830+02:00,2026-08-08T18:16:43.202+02:00
S000102,3.0,completed,0.7103203247620689,1,0.0,0.5316696999943815,15.14076149999164,0.03958010001224466,15.85092149997945,24208,47180,28540,[],C:\Users\26096\Desktop\em\python_topopt\runs\band_supplement_300_20260808_001\samples\S000102\femm\angle_3_attempt_1,,,2026-08-08T18:16:43.262+02:00,2026-08-08T18:17:00.101+02:00
S000102,6.0,completed,0.7319232579463245,1,0.0,0.5119140000024345,15.174677900009556,0.03755609999643639,15.847616899991408,24208,47180,27204,[],C:\Users\26096\Desktop\em\python_topopt\runs\band_supplement_300_20260808_001\samples\S000102\femm\angle_6_attempt_1,,,2026-08-08T18:17:00.170+02:00,2026-08-08T18:17:16.961+02:00
S000102,9.0,completed,0.5783851630793718,1,0.0,0.5199835000094026,14.188129899994237,0.034486699994886294,14.861013699992327,24208,47180,38628,[],C:\Users\26096\Desktop\em\python_topopt\runs\band_supplement_300_20260808_001\samples\S000102\femm\angle_9_attempt_1,,,2026-08-08T18:17:17.042+02:00,2026-08-08T18:17:32.911+02:00
S000102,12.0,completed,0.5280432660981146,1,0.0,0.5261907000094652,20.486012500012293,0.03420299998833798,21.170821400010027,24208,47180,27944,[],C:\Users\26096\Desktop\em\python_topopt\runs\band_supplement_300_20260808_001\samples\S000102\femm\angle_12_attempt_1,,,2026-08-08T18:17:32.982+02:00,2026-08-08T18:17:55.150+02:00
S000102,15.0,completed,0.5869433034075492,1,0.0,0.523645299981581,20.698804699990433,0.03691530000651255,21.383235399989644,24208,47180,29764,[],C:\Users\26096\Desktop\em\python_topopt\runs\band_supplement_300_20260808_001\samples\S000102\femm\angle_15_attempt_1,,,2026-08-08T18:17:55.212+02:00,2026-08-08T18:18:17.568+02:00
S000103,0.0,completed,0.5250497981481931,1,10.369439900008729,0.6189975999877788,42.587824299989734,0.0461920999805443,53.76719320000848,28035,54844,31072,[],C:\Users\26096\Desktop\em\python_topopt\runs\band_supplement_300_20260808_001\samples\S000103\femm\angle_0_attempt_1,,,2026-08-08T18:16:11.862+02:00,2026-08-08T18:17:08.492+02:00
S000103,3.0,completed,0.4395255633256792,1,0.0,0.6593699000077322,57.15815110001131,0.03917959998943843,58.01904220000142,28035,54844,38324,[],C:\Users\26096\Desktop\em\python_topopt\runs\band_supplement_300_20260808_001\samples\S000103\femm\angle_3_attempt_1,,,2026-08-08T18:17:08.561+02:00,2026-08-08T18:18:07.722+02:00
S000103,6.0,completed,0.4738456616696049,1,0.0,0.6117908000014722,38.38041130002239,0.04163579997839406,39.163913900003536,28035,54844,32412,[],C:\Users\26096\Desktop\em\python_topopt\runs\band_supplement_300_20260808_001\samples\S000103\femm\angle_6_attempt_1,,,2026-08-08T18:18:07.793+02:00,2026-08-08T18:18:47.864+02:00
S000103,9.0,completed,0.4630127653932292,1,0.0,0.6211223999853246,38.27348780000466,0.03953820001333952,39.0662328999897,28035,54844,19916,[],C:\Users\26096\Desktop\em\python_topopt\runs\band_supplement_300_20260808_001\samples\S000103\femm\angle_9_attempt_1,,,2026-08-08T18:18:47.937+02:00,2026-08-08T18:19:27.884+02:00
S000103,12.0,completed,0.5195625634521636,1,0.0,0.5790350000024773,40.23500929999864,0.03840370001853444,40.97746939997887,28035,54844,20464,[],C:\Users\26096\Desktop\em\python_topopt\runs\band_supplement_300_20260808_001\samples\S000103\femm\angle_12_attempt_1,,,2026-08-08T18:19:27.955+02:00,2026-08-08T18:20:09.816+02:00
S000103,15.0,completed,0.5241890982780493,1,0.0,0.5476766000210773,40.56855890000588,0.04273439999087714,41.29711930002668,28035,54844,35416,[],C:\Users\26096\Desktop\em\python_topopt\runs\band_supplement_300_20260808_001\samples\S000103\femm\angle_15_attempt_1,,,2026-08-08T18:20:09.887+02:00,2026-08-08T18:20:51.983+02:00
S000104,0.0,completed,0.4352478634603268,1,2.5753052000072785,0.5275331000157166,42.78141090000281,0.04456690000370145,46.060445500013884,28223,55204,35904,[],C:\Users\26096\Desktop\em\python_topopt\runs\band_supplement_300_20260808_001\samples\S000104\femm\angle_0_attempt_1,,,2026-08-08T18:21:17.754+02:00,2026-08-08T18:22:05.263+02:00
S000104,3.0,completed,0.4033545245315216,1,0.0,0.5126891999971122,60.76513330001035,0.044536200002767146,61.45364769999287,28223,55204,17648,[],C:\Users\26096\Desktop\em\python_topopt\runs\band_supplement_300_20260808_001\samples\S000104\femm\angle_3_attempt_1,,,2026-08-08T18:22:05.313+02:00,2026-08-08T18:23:07.512+02:00
S000104,6.0,completed,0.4746333130636767,1,0.0,0.5616181999794208,39.6206652999972,0.03938649999327026,40.34266059999936,28223,55204,18996,[],C:\Users\26096\Desktop\em\python_topopt\runs\band_supplement_300_20260808_001\samples\S000104\femm\angle_6_attempt_1,,,2026-08-08T18:23:07.566+02:00,2026-08-08T18:23:48.671+02:00
S000104,9.0,completed,0.4890578002045642,1,0.0,0.531882899987977,35.54367240000283,0.038598100014496595,36.23566250002477,28223,55204,17668,[],C:\Users\26096\Desktop\em\python_topopt\runs\band_supplement_300_20260808_001\samples\S000104\femm\angle_9_attempt_1,,,2026-08-08T18:23:48.724+02:00,2026-08-08T18:24:25.676+02:00
S000104,12.0,completed,0.4556450841353995,1,0.0,0.5192198999866378,36.58907280000858,0.04202439999789931,37.27974189998349,28223,55204,6404,[],C:\Users\26096\Desktop\em\python_topopt\runs\band_supplement_300_20260808_001\samples\S000104\femm\angle_12_attempt_1,,,2026-08-08T18:24:25.744+02:00,2026-08-08T18:25:03.758+02:00
S000104,15.0,completed,0.4347167137396185,1,0.0,0.5413612000120338,41.09128980000969,0.03779139998368919,41.79490680000163,28223,55204,18740,[],C:\Users\26096\Desktop\em\python_topopt\runs\band_supplement_300_20260808_001\samples\S000104\femm\angle_15_attempt_1,,,2026-08-08T18:25:03.827+02:00,2026-08-08T18:25:46.378+02:00
S000105,0.0,completed,0.7064383129573018,1,10.233953799994197,0.5840778000128921,48.285862999997335,0.04184040002292022,59.27788649997092,26905,52574,19504,[],C:\Users\26096\Desktop\em\python_topopt\runs\band_supplement_300_20260808_001\samples\S000105\femm\angle_0_attempt_1,,,2026-08-08T18:25:47.241+02:00,2026-08-08T18:26:48.280+02:00
S000105,3.0,completed,0.6711424012582039,1,0.0,0.5734789999842178,35.57563859998481,0.03849520001676865,36.31368679998559,26905,52574,35260,[],C:\Users\26096\Desktop\em\python_topopt\runs\band_supplement_300_20260808_001\samples\S000105\femm\angle_3_attempt_1,,,2026-08-08T18:26:48.340+02:00,2026-08-08T18:27:25.568+02:00
S000105,6.0,completed,0.5995862748749948,1,0.0,0.569741300016176,53.61573440002394,0.04031179999583401,54.354828199982876,26905,52574,20040,[],C:\Users\26096\Desktop\em\python_topopt\runs\band_supplement_300_20260808_001\samples\S000105\femm\angle_6_attempt_1,,,2026-08-08T18:27:25.641+02:00,2026-08-08T18:28:20.961+02:00
S000105,9.0,completed,0.7886012229798421,1,0.0,0.5652966999914497,39.977665000013076,0.04128920001676306,40.71960940002464,26905,52574,9692,[],C:\Users\26096\Desktop\em\python_topopt\runs\band_supplement_300_20260808_001\samples\S000105\femm\angle_9_attempt_1,,,2026-08-08T18:28:21.034+02:00,2026-08-08T18:29:02.700+02:00
S000105,12.0,completed,0.8061599728689726,1,0.0,0.5574570999888238,42.17864440000267,0.03825830001733266,42.89211799998884,26905,52574,14620,[],C:\Users\26096\Desktop\em\python_topopt\runs\band_supplement_300_20260808_001\samples\S000105\femm\angle_12_attempt_1,,,2026-08-08T18:29:02.771+02:00,2026-08-08T18:29:46.634+02:00
S000105,15.0,completed,0.7024660598494912,1,0.0,0.5554209999972954,39.75848690001294,0.03898650000337511,40.47056809999049,26905,52574,34736,[],C:\Users\26096\Desktop\em\python_topopt\runs\band_supplement_300_20260808_001\samples\S000105\femm\angle_15_attempt_1,,,2026-08-08T18:29:46.694+02:00,2026-08-08T18:30:27.995+02:00
S000106,0.0,completed,0.7070210688705353,1,9.025714899995364,0.5488589000015054,34.29419179999968,0.03452479999396019,44.032783900009235,24527,47828,19224,[],C:\Users\26096\Desktop\em\python_topopt\runs\band_supplement_300_20260808_001\samples\S000106\femm\angle_0_attempt_1,,,2026-08-08T18:25:47.264+02:00,2026-08-08T18:26:34.890+02:00
S000106,3.0,completed,0.7130740486857331,1,0.0,0.5304131000011694,33.77487090000068,0.03525319998152554,34.45568569999887,24527,47828,34908,[],C:\Users\26096\Desktop\em\python_topopt\runs\band_supplement_300_20260808_001\samples\S000106\femm\angle_3_attempt_1,,,2026-08-08T18:26:34.959+02:00,2026-08-08T18:27:10.427+02:00
S000106,6.0,completed,0.6115251486537291,1,0.0,0.5140345999971032,30.66861539997626,0.04261409997707233,31.344677899993258,24527,47828,32252,[],C:\Users\26096\Desktop\em\python_topopt\runs\band_supplement_300_20260808_001\samples\S000106\femm\angle_6_attempt_1,,,2026-08-08T18:27:10.497+02:00,2026-08-08T18:27:42.793+02:00
S000106,9.0,completed,0.7005465972342955,1,0.0,0.503068300022278,37.70363259999431,0.03526400000555441,38.366604699986055,24527,47828,32904,[],C:\Users\26096\Desktop\em\python_topopt\runs\band_supplement_300_20260808_001\samples\S000106\femm\angle_9_attempt_1,,,2026-08-08T18:27:42.874+02:00,2026-08-08T18:28:22.218+02:00
S000106,12.0,completed,0.7141842356535738,1,0.0,0.5393233000067994,28.956717200024286,0.03874420002102852,29.648543299990706,24527,47828,28740,[],C:\Users\26096\Desktop\em\python_topopt\runs\band_supplement_300_20260808_001\samples\S000106\femm\angle_12_attempt_1,,,2026-08-08T18:28:22.289+02:00,2026-08-08T18:28:52.845+02:00
S000106,15.0,completed,0.7064354379897918,1,0.0,0.5147069999948144,34.00888740000664,0.03531649999786168,34.67064880000544,24527,47828,30472,[],C:\Users\26096\Desktop\em\python_topopt\runs\band_supplement_300_20260808_001\samples\S000106\femm\angle_15_attempt_1,,,2026-08-08T18:28:52.915+02:00,2026-08-08T18:29:28.495+02:00
S000107,0.0,completed,0.7066166297420257,1,5.480030899983831,0.5356484000221826,29.609745900001144,0.04695449999417178,35.80970539999544,26849,52462,35056,[],C:\Users\26096\Desktop\em\python_topopt\runs\band_supplement_300_20260808_001\samples\S000107\femm\angle_0_attempt_1,,,2026-08-08T18:25:47.279+02:00,2026-08-08T18:26:25.650+02:00
S000107,3.0,completed,0.685439390400132,1,0.0,0.5477420999959577,24.176032799994573,0.03985840000677854,24.90655539999716,26849,52462,11540,[],C:\Users\26096\Desktop\em\python_topopt\runs\band_supplement_300_20260808_001\samples\S000107\femm\angle_3_attempt_1,,,2026-08-08T18:26:25.712+02:00,2026-08-08T18:26:51.613+02:00
S000107,6.0,completed,0.6964157732350861,1,0.0,0.6103328000172041,34.984693300008075,0.04115150001598522,35.76682650001021,26849,52462,24148,[],C:\Users\26096\Desktop\em\python_topopt\runs\band_supplement_300_20260808_001\samples\S000107\femm\angle_6_attempt_1,,,2026-08-08T18:26:51.694+02:00,2026-08-08T18:27:28.397+02:00
S000107,9.0,completed,0.7539772874908156,1,0.0,0.5883196000067983,40.15601720000268,0.03964500001166016,40.90943240001798,26849,52462,15388,[],C:\Users\26096\Desktop\em\python_topopt\runs\band_supplement_300_20260808_001\samples\S000107\femm\angle_9_attempt_1,,,2026-08-08T18:27:28.468+02:00,2026-08-08T18:28:10.378+02:00
S000107,12.0,completed,0.697184056141844,1,0.0,0.5431168999930378,41.18476859998191,0.041376200009835884,41.90879590000259,26849,52462,31396,[],C:\Users\26096\Desktop\em\python_topopt\runs\band_supplement_300_20260808_001\samples\S000107\femm\angle_12_attempt_1,,,2026-08-08T18:28:10.443+02:00,2026-08-08T18:28:53.319+02:00
S000107,15.0,completed,0.707262995119219,1,0.0,0.5736386000062339,29.409343499981333,0.04616709999390878,30.1525704000087,26849,52462,1928,[],C:\Users\26096\Desktop\em\python_topopt\runs\band_supplement_300_20260808_001\samples\S000107\femm\angle_15_attempt_1,,,2026-08-08T18:28:53.381+02:00,2026-08-08T18:29:24.771+02:00
S000108,0.0,completed,0.6674161892664271,1,9.821803300001193,0.6453187000006437,107.8918573000119,0.040446900005917996,118.54007899999851,29566,57902,17852,[],C:\Users\26096\Desktop\em\python_topopt\runs\band_supplement_300_20260808_001\samples\S000108\femm\angle_0_attempt_1,,,2026-08-08T18:25:47.310+02:00,2026-08-08T18:27:48.999+02:00
S000108,3.0,completed,0.6253024249212132,1,0.0,0.6367814000113867,81.29809609998483,0.046424000000115484,82.1266128999996,29566,57902,34056,[],C:\Users\26096\Desktop\em\python_topopt\runs\band_supplement_300_20260808_001\samples\S000108\femm\angle_3_attempt_1,,,2026-08-08T18:27:49.070+02:00,2026-08-08T18:29:12.188+02:00
S000108,6.0,completed,0.6474962088622134,1,0.0,0.5924283000058495,66.02986940002302,0.03739099999074824,66.79520860000048,29566,57902,32460,[],C:\Users\26096\Desktop\em\python_topopt\runs\band_supplement_300_20260808_001\samples\S000108\femm\angle_6_attempt_1,,,2026-08-08T18:29:12.261+02:00,2026-08-08T18:30:19.956+02:00
S000108,9.0,completed,0.5745787503927856,1,0.0,0.5697088000015356,71.15561890002573,0.040133100003004074,71.898661299987,29566,57902,27740,[],C:\Users\26096\Desktop\em\python_topopt\runs\band_supplement_300_20260808_001\samples\S000108\femm\angle_9_attempt_1,,,2026-08-08T18:30:20.018+02:00,2026-08-08T18:31:32.682+02:00
S000108,12.0,completed,0.5814382913957651,1,0.0,0.5524160000204574,49.3912713000027,0.03833499999018386,50.11097239999799,29566,57902,27128,[],C:\Users\26096\Desktop\em\python_topopt\runs\band_supplement_300_20260808_001\samples\S000108\femm\angle_12_attempt_1,,,2026-08-08T18:31:32.736+02:00,2026-08-08T18:32:23.607+02:00
S000108,15.0,completed,0.6678538529493608,1,0.0,0.5573115999868605,49.125306400004774,0.039529800007585436,49.8559222999902,29566,57902,6492,[],C:\Users\26096\Desktop\em\python_topopt\runs\band_supplement_300_20260808_001\samples\S000108\femm\angle_15_attempt_1,,,2026-08-08T18:32:23.701+02:00,2026-08-08T18:33:14.356+02:00
S000109,0.0,completed,0.7462778013153336,1,4.069972500001313,0.4886416000081226,51.51871750000282,0.03763730000355281,56.244315999996616,24312,47382,29432,[],C:\Users\26096\Desktop\em\python_topopt\runs\band_supplement_300_20260808_001\samples\S000109\femm\angle_0_attempt_1,,,2026-08-08T18:25:47.326+02:00,2026-08-08T18:26:45.817+02:00
S000109,3.0,completed,0.7195648235595513,1,0.0,0.5169009999954142,49.852241199987475,0.036046900000656024,50.52604359999532,24312,47382,15000,[],C:\Users\26096\Desktop\em\python_topopt\runs\band_supplement_300_20260808_001\samples\S000109\femm\angle_3_attempt_1,,,2026-08-08T18:26:45.878+02:00,2026-08-08T18:27:37.400+02:00
S000109,6.0,completed,0.7434973192156128,1,0.0,0.5058951000100933,36.010717700002715,0.03956049997941591,36.677571600012016,24312,47382,32564,[],C:\Users\26096\Desktop\em\python_topopt\runs\band_supplement_300_20260808_001\samples\S000109\femm\angle_6_attempt_1,,,2026-08-08T18:27:37.471+02:00,2026-08-08T18:28:15.142+02:00
S000109,9.0,completed,0.6663468153796903,1,0.0,0.5078700000012759,36.09629980000318,0.038492800027597696,36.77302759999293,24312,47382,12404,[],C:\Users\26096\Desktop\em\python_topopt\runs\band_supplement_300_20260808_001\samples\S000109\femm\angle_9_attempt_1,,,2026-08-08T18:28:15.221+02:00,2026-08-08T18:28:52.996+02:00
S000109,12.0,completed,0.6647533140927753,1,0.0,0.5243972000025678,36.14120559999719,0.03483509999932721,36.811587900010636,24312,47382,34544,[],C:\Users\26096\Desktop\em\python_topopt\runs\band_supplement_300_20260808_001\samples\S000109\femm\angle_12_attempt_1,,,2026-08-08T18:28:53.067+02:00,2026-08-08T18:29:31.021+02:00
S000109,15.0,completed,0.7448303740608336,1,0.0,0.5002967999898829,35.50887319998583,0.032655499991960824,36.14909849999822,24312,47382,8964,[],C:\Users\26096\Desktop\em\python_topopt\runs\band_supplement_300_20260808_001\samples\S000109\femm\angle_15_attempt_1,,,2026-08-08T18:29:31.112+02:00,2026-08-08T18:30:08.043+02:00
S000110,0.0,completed,0.6752518748892202,1,2.897333700006129,0.49133429999346845,26.83090070000617,0.036325100023532286,30.374606700002914,25897,50558,2644,[],C:\Users\26096\Desktop\em\python_topopt\runs\band_supplement_300_20260808_001\samples\S000110\femm\angle_0_attempt_1,,,2026-08-08T18:33:15.008+02:00,2026-08-08T18:33:46.989+02:00
S000110,3.0,completed,0.6705647018253775,1,0.0,0.5037365999887697,31.957661699998425,0.03621600000769831,32.629023199988296,25897,50558,22288,[],C:\Users\26096\Desktop\em\python_topopt\runs\band_supplement_300_20260808_001\samples\S000110\femm\angle_3_attempt_1,,,2026-08-08T18:33:47.042+02:00,2026-08-08T18:34:20.511+02:00
S000110,6.0,completed,0.6993678602722428,1,0.0,0.5133659999992233,23.56351760000689,0.03975880000507459,24.23681800000486,25897,50558,31540,[],C:\Users\26096\Desktop\em\python_topopt\runs\band_supplement_300_20260808_001\samples\S000110\femm\angle_6_attempt_1,,,2026-08-08T18:34:20.572+02:00,2026-08-08T18:34:45.688+02:00
S000110,9.0,completed,0.7361639804453498,1,0.0,0.5085839999956079,34.670451599988155,0.03512559999944642,35.33395709999604,25897,50558,9256,[],C:\Users\26096\Desktop\em\python_topopt\runs\band_supplement_300_20260808_001\samples\S000110\femm\angle_9_attempt_1,,,2026-08-08T18:34:45.765+02:00,2026-08-08T18:35:22.102+02:00
S000110,12.0,completed,0.6589839445751056,1,0.0,0.4919856999767944,28.8257649000152,0.03801650000968948,29.476519899995765,25897,50558,35128,[],C:\Users\26096\Desktop\em\python_topopt\runs\band_supplement_300_20260808_001\samples\S000110\femm\angle_12_attempt_1,,,2026-08-08T18:35:22.169+02:00,2026-08-08T18:35:52.400+02:00
S000110,15.0,completed,0.6765185835005147,1,0.0,0.5123722999996971,18.633552199986298,0.03977509998367168,19.304693699989002,25897,50558,10708,[],C:\Users\26096\Desktop\em\python_topopt\runs\band_supplement_300_20260808_001\samples\S000110\femm\angle_15_attempt_1,,,2026-08-08T18:35:52.458+02:00,2026-08-08T18:36:12.509+02:00
S000111,0.0,completed,0.2897930058001239,1,7.141634999978123,0.5800584999960847,14.317846299993107,0.04224789998261258,22.21156979998341,28544,55864,9904,[],C:\Users\26096\Desktop\em\python_topopt\runs\band_supplement_300_20260808_001\samples\S000111\femm\angle_0_attempt_1,,,2026-08-08T18:33:15.029+02:00,2026-08-08T18:33:39.162+02:00
S000111,3.0,completed,0.2540106600048573,1,0.0,0.5452967000019271,15.505964200012386,0.04609859999618493,16.229755800013663,28544,55864,23564,[],C:\Users\26096\Desktop\em\python_topopt\runs\band_supplement_300_20260808_001\samples\S000111\femm\angle_3_attempt_1,,,2026-08-08T18:33:39.217+02:00,2026-08-08T18:33:56.302+02:00
S000111,6.0,completed,0.2738198390286756,1,0.0,0.5597831000050064,16.99771329999203,0.03924759998335503,17.723709899990354,28544,55864,37396,[],C:\Users\26096\Desktop\em\python_topopt\runs\band_supplement_300_20260808_001\samples\S000111\femm\angle_6_attempt_1,,,2026-08-08T18:33:56.389+02:00,2026-08-08T18:34:14.926+02:00
S000111,9.0,completed,0.3112965132309032,1,0.0,0.5703056000056677,16.66734709998127,0.040494500019121915,17.436074099998223,28544,55864,24092,[],C:\Users\26096\Desktop\em\python_topopt\runs\band_supplement_300_20260808_001\samples\S000111\femm\angle_9_attempt_1,,,2026-08-08T18:34:14.988+02:00,2026-08-08T18:34:33.232+02:00
S000111,12.0,completed,0.3302410728082191,1,0.0,0.5660531999892555,15.90504049998708,0.03895260000717826,16.646992599999066,28544,55864,8680,[],C:\Users\26096\Desktop\em\python_topopt\runs\band_supplement_300_20260808_001\samples\S000111\femm\angle_12_attempt_1,,,2026-08-08T18:34:33.298+02:00,2026-08-08T18:34:50.773+02:00
S000111,15.0,completed,0.2893990108172627,1,0.0,0.60454880000907,16.03937619997305,0.03737470001215115,16.805030900024576,28544,55864,15644,[],C:\Users\26096\Desktop\em\python_topopt\runs\band_supplement_300_20260808_001\samples\S000111\femm\angle_15_attempt_1,,,2026-08-08T18:34:50.848+02:00,2026-08-08T18:35:08.528+02:00
S000112,0.0,completed,0.6093062651124259,1,5.677972600009525,0.49296590001904406,32.61072779999813,0.0352827999740839,38.94236530002672,25013,48794,20244,[],C:\Users\26096\Desktop\em\python_topopt\runs\band_supplement_300_20260808_001\samples\S000112\femm\angle_0_attempt_1,,,2026-08-08T18:33:15.052+02:00,2026-08-08T18:33:56.422+02:00
S000112,3.0,completed,0.7083445855439783,1,0.0,0.47612649999791756,21.060429100005422,0.03881460000411607,21.690635000006296,25013,48794,29800,[],C:\Users\26096\Desktop\em\python_topopt\runs\band_supplement_300_20260808_001\samples\S000112\femm\angle_3_attempt_1,,,2026-08-08T18:33:56.485+02:00,2026-08-08T18:34:19.204+02:00
S000112,6.0,completed,0.7045437873896876,1,0.0,0.5242096000001766,27.14077470000484,0.04429520000121556,27.840803900005994,25013,48794,34268,[],C:\Users\26096\Desktop\em\python_topopt\runs\band_supplement_300_20260808_001\samples\S000112\femm\angle_6_attempt_1,,,2026-08-08T18:34:19.266+02:00,2026-08-08T18:34:47.917+02:00
S000112,9.0,completed,0.7034671776915227,1,0.0,0.5028531000134535,34.66263749997597,0.03629940000246279,35.31541469998774,25013,48794,38048,[],C:\Users\26096\Desktop\em\python_topopt\runs\band_supplement_300_20260808_001\samples\S000112\femm\angle_9_attempt_1,,,2026-08-08T18:34:47.987+02:00,2026-08-08T18:35:24.106+02:00
S000112,12.0,completed,0.6628208928153757,1,0.0,0.4773414999945089,37.489497100003064,0.0333878000092227,38.108216900000116,25013,48794,32512,[],C:\Users\26096\Desktop\em\python_topopt\runs\band_supplement_300_20260808_001\samples\S000112\femm\angle_12_attempt_1,,,2026-08-08T18:35:24.178+02:00,2026-08-08T18:36:03.036+02:00
S000112,15.0,completed,0.6087481296166511,1,0.0,0.47274880000622943,18.194633200007956,0.033862299984321,18.80971520001185,25013,48794,23484,[],C:\Users\26096\Desktop\em\python_topopt\runs\band_supplement_300_20260808_001\samples\S000112\femm\angle_15_attempt_1,,,2026-08-08T18:36:03.099+02:00,2026-08-08T18:36:22.690+02:00
S000113,0.0,completed,0.8457400031409044,1,3.5551484000170603,0.5154467999818735,23.868562399991788,0.03507359998184256,28.090105800016318,24470,47702,37140,[],C:\Users\26096\Desktop\em\python_topopt\runs\band_supplement_300_20260808_001\samples\S000113\femm\angle_0_attempt_1,,,2026-08-08T18:36:23.379+02:00,2026-08-08T18:36:53.069+02:00
S000113,3.0,completed,0.8275548297310377,1,0.0,0.4981141000171192,17.64847380001447,0.03845649998402223,18.296128199988743,24470,47702,32032,[],C:\Users\26096\Desktop\em\python_topopt\runs\band_supplement_300_20260808_001\samples\S000113\femm\angle_3_attempt_1,,,2026-08-08T18:36:53.132+02:00,2026-08-08T18:37:12.238+02:00
S000113,6.0,completed,0.9292361681413311,1,0.0,0.49664289999054745,16.799145700002555,0.03733369999099523,17.450991000019712,24470,47702,10520,[],C:\Users\26096\Desktop\em\python_topopt\runs\band_supplement_300_20260808_001\samples\S000113\femm\angle_6_attempt_1,,,2026-08-08T18:37:12.307+02:00,2026-08-08T18:37:30.574+02:00
S000113,9.0,completed,0.9011686318891803,1,0.0,0.4771529999852646,18.398163599980762,0.03292080000392161,19.016551900014747,24470,47702,32476,[],C:\Users\26096\Desktop\em\python_topopt\runs\band_supplement_300_20260808_001\samples\S000113\femm\angle_9_attempt_1,,,2026-08-08T18:37:30.631+02:00,2026-08-08T18:37:50.457+02:00
S000113,12.0,completed,0.8195457703837157,1,0.0,0.48029539998969994,21.436965700006112,0.03251220000674948,22.059760600008303,24470,47702,23296,[],C:\Users\26096\Desktop\em\python_topopt\runs\band_supplement_300_20260808_001\samples\S000113\femm\angle_12_attempt_1,,,2026-08-08T18:37:50.518+02:00,2026-08-08T18:38:13.328+02:00
S000113,15.0,completed,0.8445633347521827,1,0.0,0.5015796000079717,22.95610619999934,0.03446399999666028,23.598263899999438,24470,47702,26212,[],C:\Users\26096\Desktop\em\python_topopt\runs\band_supplement_300_20260808_001\samples\S000113\femm\angle_15_attempt_1,,,2026-08-08T18:38:13.381+02:00,2026-08-08T18:38:37.781+02:00
S000114,0.0,completed,0.4038730015548664,1,4.8730584000004455,0.4392496999935247,7.184560000023339,0.0320750999962911,12.628372799983481,20951,40666,6616,[],C:\Users\26096\Desktop\em\python_topopt\runs\band_supplement_300_20260808_001\samples\S000114\femm\angle_0_attempt_1,,,2026-08-08T18:36:23.411+02:00,2026-08-08T18:36:38.244+02:00
S000114,3.0,completed,0.6522654480711335,1,0.0,0.45692029999918304,9.742024200008018,0.031404699984705076,10.326927399990382,20951,40666,3756,[],C:\Users\26096\Desktop\em\python_topopt\runs\band_supplement_300_20260808_001\samples\S000114\femm\angle_3_attempt_1,,,2026-08-08T18:36:38.296+02:00,2026-08-08T18:36:49.454+02:00
S000114,6.0,completed,0.6232559120997825,1,0.0,0.4382288999913726,8.331604699982563,0.03308019999531098,8.902064099995187,20951,40666,12652,[],C:\Users\26096\Desktop\em\python_topopt\runs\band_supplement_300_20260808_001\samples\S000114\femm\angle_6_attempt_1,,,2026-08-08T18:36:49.520+02:00,2026-08-08T18:36:59.207+02:00
S000114,9.0,completed,0.3101892114264294,1,0.0,0.4642100999772083,7.877724299993133,0.03028099998482503,8.466410499997437,20951,40666,33208,[],C:\Users\26096\Desktop\em\python_topopt\runs\band_supplement_300_20260808_001\samples\S000114\femm\angle_9_attempt_1,,,2026-08-08T18:36:59.270+02:00,2026-08-08T18:37:08.540+02:00
S000114,12.0,completed,0.2651751753622015,1,0.0,0.44054790001246147,7.312874399998691,0.03419360000407323,7.885748599976068,20951,40666,16548,[],C:\Users\26096\Desktop\em\python_topopt\runs\band_supplement_300_20260808_001\samples\S000114\femm\angle_12_attempt_1,,,2026-08-08T18:37:08.604+02:00,2026-08-08T18:37:17.270+02:00
S000114,15.0,completed,0.404470346500857,1,0.0,0.43806339998263866,7.168748299998697,0.03206050000153482,7.735997099982342,20951,40666,26452,[],C:\Users\26096\Desktop\em\python_topopt\runs\band_supplement_300_20260808_001\samples\S000114\femm\angle_15_attempt_1,,,2026-08-08T18:37:17.330+02:00,2026-08-08T18:37:25.837+02:00
S000115,0.0,completed,0.4393333313121945,1,6.214634500007378,0.6482920999987982,50.37179940001806,0.045918599993456155,57.42997560001095,30760,60292,23596,[],C:\Users\26096\Desktop\em\python_topopt\runs\band_supplement_300_20260808_001\samples\S000115\femm\angle_0_attempt_1,,,2026-08-08T18:36:23.417+02:00,2026-08-08T18:37:22.687+02:00
S000115,3.0,completed,0.4814998210927711,1,0.0,0.5939401999930851,46.411291500000516,0.04083339998032898,47.18085049997899,30760,60292,28676,[],C:\Users\26096\Desktop\em\python_topopt\runs\band_supplement_300_20260808_001\samples\S000115\femm\angle_3_attempt_1,,,2026-08-08T18:37:22.750+02:00,2026-08-08T18:38:10.761+02:00
S000115,6.0,completed,0.477607381270783,1,0.0,0.6110079999780282,34.94540660001803,0.04018830001587048,35.737855200015474,30760,60292,30928,[],C:\Users\26096\Desktop\em\python_topopt\runs\band_supplement_300_20260808_001\samples\S000115\femm\angle_6_attempt_1,,,2026-08-08T18:38:10.823+02:00,2026-08-08T18:38:47.305+02:00
S000115,9.0,completed,0.3666299641565379,1,0.0,0.5751108000113163,40.348060599993914,0.04230390000157058,41.11031509999884,30760,60292,35824,[],C:\Users\26096\Desktop\em\python_topopt\runs\band_supplement_300_20260808_001\samples\S000115\femm\angle_9_attempt_1,,,2026-08-08T18:38:47.368+02:00,2026-08-08T18:39:29.313+02:00
S000115,12.0,completed,0.4066474756041521,1,0.0,0.5907513000129256,40.81769989998429,0.0454541000071913,41.594335900008446,30760,60292,29376,[],C:\Users\26096\Desktop\em\python_topopt\runs\band_supplement_300_20260808_001\samples\S000115\femm\angle_12_attempt_1,,,2026-08-08T18:39:29.363+02:00,2026-08-08T18:40:11.753+02:00
S000115,15.0,completed,0.4400551037636784,1,0.0,0.5709368000098038,30.183780699997442,0.04319309999118559,30.940228999999817,30760,60292,17892,[],C:\Users\26096\Desktop\em\python_topopt\runs\band_supplement_300_20260808_001\samples\S000115\femm\angle_15_attempt_1,,,2026-08-08T18:40:11.817+02:00,2026-08-08T18:40:43.536+02:00
S000116,0.0,completed,0.7600074905710533,1,11.61665440001525,0.5756645000074059,17.857755299977725,0.0386628000123892,30.215618300018832,25685,50138,12768,[],C:\Users\26096\Desktop\em\python_topopt\runs\band_supplement_300_20260808_001\samples\S000116\femm\angle_0_attempt_1,,,2026-08-08T18:40:44.447+02:00,2026-08-08T18:41:16.440+02:00
S000116,3.0,completed,0.6377004637807447,1,0.0,0.5713790000008885,30.992893499991624,0.037624499993398786,31.72549139999319,25685,50138,23128,[],C:\Users\26096\Desktop\em\python_topopt\runs\band_supplement_300_20260808_001\samples\S000116\femm\angle_3_attempt_1,,,2026-08-08T18:41:16.513+02:00,2026-08-08T18:41:49.236+02:00
S000116,6.0,completed,0.6395614331407629,1,0.0,0.5454747999901883,36.30796179999015,0.03908630000660196,37.02343380000093,25685,50138,24744,[],C:\Users\26096\Desktop\em\python_topopt\runs\band_supplement_300_20260808_001\samples\S000116\femm\angle_6_attempt_1,,,2026-08-08T18:41:49.306+02:00,2026-08-08T18:42:27.255+02:00
S000116,9.0,completed,0.6410629572956399,1,0.0,0.539863999991212,34.486143999994965,0.03596430001198314,35.180148199986434,25685,50138,34680,[],C:\Users\26096\Desktop\em\python_topopt\runs\band_supplement_300_20260808_001\samples\S000116\femm\angle_9_attempt_1,,,2026-08-08T18:42:27.336+02:00,2026-08-08T18:43:03.459+02:00
S000116,12.0,completed,0.7050725993046497,1,0.0,0.54625329998089,19.902747399988584,0.039864899998065084,20.611106700001983,25685,50138,31856,[],C:\Users\26096\Desktop\em\python_topopt\runs\band_supplement_300_20260808_001\samples\S000116\femm\angle_12_attempt_1,,,2026-08-08T18:43:03.522+02:00,2026-08-08T18:43:24.922+02:00
S000116,15.0,completed,0.7605378273296911,1,0.0,0.5131744000245817,19.392080100020394,0.03481620000093244,20.052960700006224,25685,50138,36560,[],C:\Users\26096\Desktop\em\python_topopt\runs\band_supplement_300_20260808_001\samples\S000116\femm\angle_15_attempt_1,,,2026-08-08T18:43:24.983+02:00,2026-08-08T18:43:45.882+02:00
S000117,0.0,completed,0.5667344631889857,1,7.092987500014715,0.5298623999988195,67.88039740000386,0.04770639998605475,75.719737300009,26500,51766,30400,[],C:\Users\26096\Desktop\em\python_topopt\runs\band_supplement_300_20260808_001\samples\S000117\femm\angle_0_attempt_1,,,2026-08-08T18:40:44.467+02:00,2026-08-08T18:42:03.745+02:00
S000117,3.0,completed,0.6074233423166265,1,0.0,0.5510651999793481,64.17073380001239,0.037380199995823205,64.87885289997212,26500,51766,25668,[],C:\Users\26096\Desktop\em\python_topopt\runs\band_supplement_300_20260808_001\samples\S000117\femm\angle_3_attempt_1,,,2026-08-08T18:42:03.806+02:00,2026-08-08T18:43:09.596+02:00
S000117,6.0,completed,0.5912880878216816,1,0.0,0.5360311999975238,65.17695809999714,0.03784030000679195,65.86797839999781,26500,51766,24772,[],C:\Users\26096\Desktop\em\python_topopt\runs\band_supplement_300_20260808_001\samples\S000117\femm\angle_6_attempt_1,,,2026-08-08T18:43:09.659+02:00,2026-08-08T18:44:16.329+02:00
S000117,9.0,completed,0.4836925497252149,1,0.0,0.506411999987904,46.89813819999108,0.03828459998476319,47.55764330000966,26500,51766,7608,[],C:\Users\26096\Desktop\em\python_topopt\runs\band_supplement_300_20260808_001\samples\S000117\femm\angle_9_attempt_1,,,2026-08-08T18:44:16.391+02:00,2026-08-08T18:45:04.746+02:00
S000117,12.0,completed,0.494792017479167,1,0.0,0.5125581000174861,53.03771939998842,0.04501460000756197,53.71601790000568,26500,51766,4108,[],C:\Users\26096\Desktop\em\python_topopt\runs\band_supplement_300_20260808_001\samples\S000117\femm\angle_12_attempt_1,,,2026-08-08T18:45:04.816+02:00,2026-08-08T18:45:59.311+02:00
S000117,15.0,completed,0.5669065914806753,1,0.0,0.5129761999996845,43.94040870000026,0.037931200000457466,44.60948489999282,26500,51766,25612,[],C:\Users\26096\Desktop\em\python_topopt\runs\band_supplement_300_20260808_001\samples\S000117\femm\angle_15_attempt_1,,,2026-08-08T18:45:59.374+02:00,2026-08-08T18:46:44.767+02:00
S000118,0.0,completed,0.833478051400179,1,5.678024299995741,0.4774446999945212,27.03500060000806,0.03555600001709536,33.355559699994046,23889,46544,37872,[],C:\Users\26096\Desktop\em\python_topopt\runs\band_supplement_300_20260808_001\samples\S000118\femm\angle_0_attempt_1,,,2026-08-08T18:40:44.483+02:00,2026-08-08T18:41:20.422+02:00
S000118,3.0,completed,0.823296656697436,1,0.0,0.548473600007128,40.45206660000258,0.03484030000981875,41.158697999984724,23889,46544,27792,[],C:\Users\26096\Desktop\em\python_topopt\runs\band_supplement_300_20260808_001\samples\S000118\femm\angle_3_attempt_1,,,2026-08-08T18:41:20.493+02:00,2026-08-08T18:42:02.715+02:00
S000118,6.0,completed,0.9004486802570096,1,0.0,0.5351285000215285,33.34735270001693,0.03739119999227114,34.03364900001907,23889,46544,38788,[],C:\Users\26096\Desktop\em\python_topopt\runs\band_supplement_300_20260808_001\samples\S000118\femm\angle_6_attempt_1,,,2026-08-08T18:42:02.796+02:00,2026-08-08T18:42:37.787+02:00
S000118,9.0,completed,0.8568664877521727,1,0.0,0.5093854999868199,40.112254200008465,0.05459970000083558,40.78703690000111,23889,46544,27800,[],C:\Users\26096\Desktop\em\python_topopt\runs\band_supplement_300_20260808_001\samples\S000118\femm\angle_9_attempt_1,,,2026-08-08T18:42:37.856+02:00,2026-08-08T18:43:19.565+02:00
S000118,12.0,completed,0.7913001019078374,1,0.0,0.47953290000441484,26.23251000000164,0.0326053999888245,26.849780199991073,23889,46544,8676,[],C:\Users\26096\Desktop\em\python_topopt\runs\band_supplement_300_20260808_001\samples\S000118\femm\angle_12_attempt_1,,,2026-08-08T18:43:19.636+02:00,2026-08-08T18:43:47.249+02:00
S000118,15.0,completed,0.8314435785039789,1,0.0,0.43763219998800196,29.83659729998908,0.0339862999971956,30.41702379999333,23889,46544,11632,[],C:\Users\26096\Desktop\em\python_topopt\runs\band_supplement_300_20260808_001\samples\S000118\femm\angle_15_attempt_1,,,2026-08-08T18:43:47.309+02:00,2026-08-08T18:44:18.445+02:00
S000119,0.0,completed,0.8495617135951689,1,10.040529400022933,0.5162792000046466,16.843404199986253,0.035501300008036196,27.55943770002341,23152,45066,12620,[],C:\Users\26096\Desktop\em\python_topopt\runs\band_supplement_300_20260808_001\samples\S000119\femm\angle_0_attempt_1,,,2026-08-08T18:40:44.503+02:00,2026-08-08T18:41:14.862+02:00
S000119,3.0,completed,0.8282388328340311,1,0.0,0.49696170000243,15.488358500006143,0.03889609998441301,16.14176669999142,23152,45066,24336,[],C:\Users\26096\Desktop\em\python_topopt\runs\band_supplement_300_20260808_001\samples\S000119\femm\angle_3_attempt_1,,,2026-08-08T18:41:14.923+02:00,2026-08-08T18:41:31.970+02:00
S000119,6.0,completed,0.9290464355924042,1,0.0,0.4977927000145428,21.90544459997909,0.037688499985961244,22.55762350000441,23152,45066,19616,[],C:\Users\26096\Desktop\em\python_topopt\runs\band_supplement_300_20260808_001\samples\S000119\femm\angle_6_attempt_1,,,2026-08-08T18:41:32.041+02:00,2026-08-08T18:41:55.541+02:00
S000119,9.0,completed,0.9085857747607369,1,0.0,0.5134060999844223,15.446642800001428,0.03529500000877306,16.11034660000587,23152,45066,37728,[],C:\Users\26096\Desktop\em\python_topopt\runs\band_supplement_300_20260808_001\samples\S000119\femm\angle_9_attempt_1,,,2026-08-08T18:41:55.612+02:00,2026-08-08T18:42:12.656+02:00
S000119,12.0,completed,0.8317540534414697,1,0.0,0.4897486999980174,17.525494000001345,0.033397799998056144,18.15624359998037,23152,45066,36468,[],C:\Users\26096\Desktop\em\python_topopt\runs\band_supplement_300_20260808_001\samples\S000119\femm\angle_12_attempt_1,,,2026-08-08T18:42:12.727+02:00,2026-08-08T18:42:31.885+02:00
S000119,15.0,completed,0.8481059843921034,1,0.0,0.4958344000042416,15.867759199987631,0.032557400001678616,16.50423590000719,23152,45066,10404,[],C:\Users\26096\Desktop\em\python_topopt\runs\band_supplement_300_20260808_001\samples\S000119\femm\angle_15_attempt_1,,,2026-08-08T18:42:31.954+02:00,2026-08-08T18:42:49.320+02:00
S000120,0.0,completed,0.8745472831422906,1,10.037304700003006,0.4545174999802839,16.118564300006256,0.03603209997527301,26.752659799996763,21195,41142,11528,[],C:\Users\26096\Desktop\em\python_topopt\runs\band_supplement_300_20260808_001\samples\S000120\femm\angle_0_attempt_1,,,2026-08-08T18:40:44.534+02:00,2026-08-08T18:41:13.387+02:00
S000120,3.0,completed,0.8256753564721105,1,0.0,0.4386646000202745,10.800744900014251,0.03335549999610521,11.384570800000802,21195,41142,23660,[],C:\Users\26096\Desktop\em\python_topopt\runs\band_supplement_300_20260808_001\samples\S000120\femm\angle_3_attempt_1,,,2026-08-08T18:41:13.448+02:00,2026-08-08T18:41:25.766+02:00
S000120,6.0,completed,0.9233770420129825,1,0.0,0.47939120000228286,26.189300700003514,0.032038800010923296,26.802425999980187,21195,41142,32524,[],C:\Users\26096\Desktop\em\python_topopt\runs\band_supplement_300_20260808_001\samples\S000120\femm\angle_6_attempt_1,,,2026-08-08T18:41:25.838+02:00,2026-08-08T18:41:53.668+02:00
S000120,9.0,completed,0.9328898567800604,1,0.0,0.4947758999769576,9.67031240000506,0.039464799978304654,10.308554599992931,21195,41142,36284,[],C:\Users\26096\Desktop\em\python_topopt\runs\band_supplement_300_20260808_001\samples\S000120\femm\angle_9_attempt_1,,,2026-08-08T18:41:53.739+02:00,2026-08-08T18:42:04.955+02:00
S000120,12.0,completed,0.8832205660915884,1,0.0,0.45834879999165423,9.878032199980225,0.038116600015200675,10.48188829998253,21195,41142,26020,[],C:\Users\26096\Desktop\em\python_topopt\runs\band_supplement_300_20260808_001\samples\S000120\femm\angle_12_attempt_1,,,2026-08-08T18:42:05.028+02:00,2026-08-08T18:42:16.443+02:00
S000120,15.0,completed,0.8743592127212326,1,0.0,0.45758260000729933,9.595635500008939,0.0314829999988433,10.192038500012131,21195,41142,27740,[],C:\Users\26096\Desktop\em\python_topopt\runs\band_supplement_300_20260808_001\samples\S000120\femm\angle_15_attempt_1,,,2026-08-08T18:42:16.514+02:00,2026-08-08T18:42:27.656+02:00
S000121,0.0,completed,0.8470113720017479,1,2.1268287999846507,0.4213490000111051,20.48674189997837,0.028806200018152595,23.16309309998178,21091,40946,31720,[],C:\Users\26096\Desktop\em\python_topopt\runs\band_supplement_300_20260808_001\samples\S000121\femm\angle_0_attempt_1,,,2026-08-08T18:46:45.150+02:00,2026-08-08T18:47:09.886+02:00
S000121,3.0,completed,0.8318339166180168,1,0.0,0.41951639999751933,22.291464900015853,0.03184529999271035,22.837502799986396,21091,40946,14692,[],C:\Users\26096\Desktop\em\python_topopt\runs\band_supplement_300_20260808_001\samples\S000121\femm\angle_3_attempt_1,,,2026-08-08T18:47:09.939+02:00,2026-08-08T18:47:33.552+02:00
S000121,6.0,completed,0.9325261683723564,1,0.0,0.41215059999376535,27.677859399991576,0.031154199998127297,28.21493200000259,21091,40946,1676,[],C:\Users\26096\Desktop\em\python_topopt\runs\band_supplement_300_20260808_001\samples\S000121\femm\angle_6_attempt_1,,,2026-08-08T18:47:33.604+02:00,2026-08-08T18:48:02.581+02:00
S000121,9.0,completed,0.9088147827953922,1,0.0,0.41161209999700077,20.865129400015576,0.0288083000050392,21.399413800012553,21091,40946,34508,[],C:\Users\26096\Desktop\em\python_topopt\runs\band_supplement_300_20260808_001\samples\S000121\femm\angle_9_attempt_1,,,2026-08-08T18:48:02.642+02:00,2026-08-08T18:48:24.801+02:00
S000121,12.0,completed,0.8288063343771234,1,0.0,0.4089998999843374,17.3954756000021,0.030002899991814047,17.927908200013917,21091,40946,36104,[],C:\Users\26096\Desktop\em\python_topopt\runs\band_supplement_300_20260808_001\samples\S000121\femm\angle_12_attempt_1,,,2026-08-08T18:48:24.863+02:00,2026-08-08T18:48:43.549+02:00
S000121,15.0,completed,0.8469045067379039,1,0.0,0.4178414999914821,17.37815099998261,0.028248699993127957,17.921470800007228,21091,40946,25504,[],C:\Users\26096\Desktop\em\python_topopt\runs\band_supplement_300_20260808_001\samples\S000121\femm\angle_15_attempt_1,,,2026-08-08T18:48:43.600+02:00,2026-08-08T18:49:02.279+02:00
S000122,0.0,completed,0.3628009099315528,1,3.630349600018235,0.5606009000039194,44.30005029999302,0.039547799999127164,48.65794080001069,27041,52846,36920,[],C:\Users\26096\Desktop\em\python_topopt\runs\band_supplement_300_20260808_001\samples\S000122\femm\angle_0_attempt_1,,,2026-08-08T18:49:03.215+02:00,2026-08-08T18:49:53.576+02:00
S000122,3.0,completed,0.5300559711791641,1,0.0,0.5775888999924064,31.11567559998366,0.039141900022514164,31.85826839998481,27041,52846,24652,[],C:\Users\26096\Desktop\em\python_topopt\runs\band_supplement_300_20260808_001\samples\S000122\femm\angle_3_attempt_1,,,2026-08-08T18:49:53.635+02:00,2026-08-08T18:50:26.382+02:00
S000122,6.0,completed,0.535775785511136,1,0.0,0.5334349000186194,29.522976299980655,0.038697500014677644,30.216659699974116,27041,52846,24388,[],C:\Users\26096\Desktop\em\python_topopt\runs\band_supplement_300_20260808_001\samples\S000122\femm\angle_6_attempt_1,,,2026-08-08T18:50:26.455+02:00,2026-08-08T18:50:57.480+02:00
S000122,9.0,completed,0.3399200542054887,1,0.0,0.5340218999772333,24.97902259998955,0.03785209998022765,25.66739200000302,27041,52846,27036,[],C:\Users\26096\Desktop\em\python_topopt\runs\band_supplement_300_20260808_001\samples\S000122\femm\angle_9_attempt_1,,,2026-08-08T18:50:57.549+02:00,2026-08-08T18:51:24.020+02:00
S000122,12.0,completed,0.2561407706030932,1,0.0,0.5237747999781277,25.454184999980498,0.036491400009253994,26.13145980000263,27041,52846,37092,[],C:\Users\26096\Desktop\em\python_topopt\runs\band_supplement_300_20260808_001\samples\S000122\femm\angle_12_attempt_1,,,2026-08-08T18:51:24.070+02:00,2026-08-08T18:51:50.982+02:00
S000122,15.0,completed,0.3668939462898453,1,0.0,0.5213642000162508,30.42121820000466,0.04708980000577867,31.107482899999013,27041,52846,22584,[],C:\Users\26096\Desktop\em\python_topopt\runs\band_supplement_300_20260808_001\samples\S000122\femm\angle_15_attempt_1,,,2026-08-08T18:51:51.044+02:00,2026-08-08T18:52:22.910+02:00
S000123,0.0,completed,0.4143425222132309,1,4.682623200002126,0.48268789998837747,12.852078900003107,0.034855300007620826,18.175208100001328,23775,46322,19796,[],C:\Users\26096\Desktop\em\python_topopt\runs\band_supplement_300_20260808_001\samples\S000123\femm\angle_0_attempt_1,,,2026-08-08T18:49:03.221+02:00,2026-08-08T18:49:24.184+02:00
S000123,3.0,completed,0.5045159517473269,1,0.0,0.49937899998622015,14.376748199982103,0.03608689998509362,15.027777599985711,23775,46322,17620,[],C:\Users\26096\Desktop\em\python_topopt\runs\band_supplement_300_20260808_001\samples\S000123\femm\angle_3_attempt_1,,,2026-08-08T18:49:24.245+02:00,2026-08-08T18:49:40.133+02:00
S000123,6.0,completed,0.429734387208372,1,0.0,0.503957500011893,14.055726499995217,0.03585729998303577,14.711183000006713,23775,46322,11736,[],C:\Users\26096\Desktop\em\python_topopt\runs\band_supplement_300_20260808_001\samples\S000123\femm\angle_6_attempt_1,,,2026-08-08T18:49:40.196+02:00,2026-08-08T18:49:55.802+02:00
S000123,9.0,completed,0.4909257509425433,1,0.0,0.5164945999858901,16.97678920000908,0.04232959999353625,17.65166390000377,23775,46322,28768,[],C:\Users\26096\Desktop\em\python_topopt\runs\band_supplement_300_20260808_001\samples\S000123\femm\angle_9_attempt_1,,,2026-08-08T18:49:55.870+02:00,2026-08-08T18:50:14.491+02:00
S000123,12.0,completed,0.3170927639941448,1,0.0,0.5122551000094973,14.061650699994061,0.03969510001479648,14.73676119997981,23775,46322,12576,[],C:\Users\26096\Desktop\em\python_topopt\runs\band_supplement_300_20260808_001\samples\S000123\femm\angle_12_attempt_1,,,2026-08-08T18:50:14.562+02:00,2026-08-08T18:50:30.250+02:00
S000123,15.0,completed,0.4139918522951314,1,0.0,0.47188569998252206,11.087300000013784,0.03446830000029877,11.699779799993848,23775,46322,29944,[],C:\Users\26096\Desktop\em\python_topopt\runs\band_supplement_300_20260808_001\samples\S000123\femm\angle_15_attempt_1,,,2026-08-08T18:50:30.311+02:00,2026-08-08T18:50:42.857+02:00
S000124,0.0,completed,0.1026231650768812,1,7.455758099997183,0.5596973999927286,9.131839500012575,0.03901550002046861,17.309444900020026,26632,52038,9468,[],C:\Users\26096\Desktop\em\python_topopt\runs\band_supplement_300_20260808_001\samples\S000124\femm\angle_0_attempt_1,,,2026-08-08T18:49:03.253+02:00,2026-08-08T18:49:22.522+02:00
S000124,3.0,completed,0.1053806869887747,1,0.0,0.5431442999979481,9.199886800022796,0.04130989999976009,9.910660199995618,26632,52038,33536,[],C:\Users\26096\Desktop\em\python_topopt\runs\band_supplement_300_20260808_001\samples\S000124\femm\angle_3_attempt_1,,,2026-08-08T18:49:22.583+02:00,2026-08-08T18:49:33.396+02:00
S000124,6.0,completed,0.1061776455763161,1,0.0,0.5372353999991901,9.756645299989032,0.03960039999219589,10.457663800014416,26632,52038,32600,[],C:\Users\26096\Desktop\em\python_topopt\runs\band_supplement_300_20260808_001\samples\S000124\femm\angle_6_attempt_1,,,2026-08-08T18:49:33.457+02:00,2026-08-08T18:49:44.802+02:00
S000124,9.0,completed,0.1066820918665539,1,0.0,0.5927157000114676,8.995472000009613,0.03936609998345375,9.761891200003447,26632,52038,24324,[],C:\Users\26096\Desktop\em\python_topopt\runs\band_supplement_300_20260808_001\samples\S000124\femm\angle_9_attempt_1,,,2026-08-08T18:49:44.863+02:00,2026-08-08T18:49:55.488+02:00
S000124,12.0,completed,0.1017713116118332,1,0.0,0.5723174000158906,11.146512000006624,0.04091430001426488,11.890301400009776,26632,52038,28880,[],C:\Users\26096\Desktop\em\python_topopt\runs\band_supplement_300_20260808_001\samples\S000124\femm\angle_12_attempt_1,,,2026-08-08T18:49:55.559+02:00,2026-08-08T18:50:08.337+02:00
S000124,15.0,completed,0.1022520293406281,1,0.0,0.5687388999795076,9.057334599987371,0.04220809999969788,9.79550440001185,26632,52038,4164,[],C:\Users\26096\Desktop\em\python_topopt\runs\band_supplement_300_20260808_001\samples\S000124\femm\angle_15_attempt_1,,,2026-08-08T18:50:08.408+02:00,2026-08-08T18:50:19.198+02:00
S000125,0.0,completed,0.5867680594016677,1,9.655154499982018,0.7779859000002034,47.73637249998865,0.05865670001367107,58.411599199986085,35759,70278,4492,[],C:\Users\26096\Desktop\em\python_topopt\runs\band_supplement_300_20260808_001\samples\S000125\femm\angle_0_attempt_1,,,2026-08-08T18:49:03.272+02:00,2026-08-08T18:50:04.036+02:00
S000125,3.0,completed,0.5042940621753936,1,0.0,0.7853261000127532,45.824463999975706,0.04762739999569021,46.80846879997989,35759,70278,11484,[],C:\Users\26096\Desktop\em\python_topopt\runs\band_supplement_300_20260808_001\samples\S000125\femm\angle_3_attempt_1,,,2026-08-08T18:50:04.107+02:00,2026-08-08T18:50:51.864+02:00
S000125,6.0,completed,0.5084719955709283,1,0.0,0.6867589000030421,41.21944039998925,0.046244400000432506,42.1091035999998,35759,70278,36956,[],C:\Users\26096\Desktop\em\python_topopt\runs\band_supplement_300_20260808_001\samples\S000125\femm\angle_6_attempt_1,,,2026-08-08T18:50:51.949+02:00,2026-08-08T18:51:34.803+02:00
S000125,9.0,completed,0.4685145513058241,1,0.0,0.6862025999871548,29.812529300019378,0.04902040000888519,30.697954000002937,35759,70278,20648,[],C:\Users\26096\Desktop\em\python_topopt\runs\band_supplement_300_20260808_001\samples\S000125\femm\angle_9_attempt_1,,,2026-08-08T18:51:34.862+02:00,2026-08-08T18:52:06.314+02:00
S000125,12.0,completed,0.5353021448153122,1,0.0,0.7022259999939706,31.917690499976743,0.048158899997361004,32.8252358000027,35759,70278,36200,[],C:\Users\26096\Desktop\em\python_topopt\runs\band_supplement_300_20260808_001\samples\S000125\femm\angle_12_attempt_1,,,2026-08-08T18:52:06.374+02:00,2026-08-08T18:52:40.005+02:00
S000125,15.0,completed,0.5877198945812903,1,0.0,0.6894771000079345,45.5793286000262,0.05484599998453632,46.48080910000135,35759,70278,28500,[],C:\Users\26096\Desktop\em\python_topopt\runs\band_supplement_300_20260808_001\samples\S000125\femm\angle_15_attempt_1,,,2026-08-08T18:52:40.054+02:00,2026-08-08T18:53:27.352+02:00
S000126,0.0,completed,0.5703381714563461,1,3.0748443999909796,0.580954400007613,62.163670799985994,0.041961500013712794,65.99463550001383,28093,54954,15012,[],C:\Users\26096\Desktop\em\python_topopt\runs\band_supplement_300_20260808_001\samples\S000126\femm\angle_0_attempt_1,,,2026-08-08T18:53:28.218+02:00,2026-08-08T18:54:35.772+02:00
S000126,3.0,completed,0.4948289132652915,1,0.0,0.5681100000219885,61.54995559999952,0.042805600009160116,62.298815899994224,28093,54954,27028,[],C:\Users\26096\Desktop\em\python_topopt\runs\band_supplement_300_20260808_001\samples\S000126\femm\angle_3_attempt_1,,,2026-08-08T18:54:35.825+02:00,2026-08-08T18:55:38.978+02:00
S000126,6.0,completed,0.5659870407487878,1,0.0,0.6074092999915592,72.4123580000014,0.03668029999244027,73.18183770001633,28093,54954,15524,[],C:\Users\26096\Desktop\em\python_topopt\runs\band_supplement_300_20260808_001\samples\S000126\femm\angle_6_attempt_1,,,2026-08-08T18:55:39.050+02:00,2026-08-08T18:56:53.096+02:00
S000126,9.0,completed,0.5502934380576028,1,0.0,0.5713171999959741,72.57107869998435,0.03818289999617264,73.31021190001047,28093,54954,9268,[],C:\Users\26096\Desktop\em\python_topopt\runs\band_supplement_300_20260808_001\samples\S000126\femm\angle_9_attempt_1,,,2026-08-08T18:56:53.156+02:00,2026-08-08T18:58:07.309+02:00
S000126,12.0,completed,0.5476860294250363,1,0.0,0.6093990000081249,46.6571496000106,0.037596399983158335,47.42903420000221,28093,54954,19988,[],C:\Users\26096\Desktop\em\python_topopt\runs\band_supplement_300_20260808_001\samples\S000126\femm\angle_12_attempt_1,,,2026-08-08T18:58:07.376+02:00,2026-08-08T18:58:55.605+02:00
S000126,15.0,completed,0.5697807147147662,1,0.0,0.5705884000053629,48.43065900000511,0.03571369999554008,49.16525740001816,28093,54954,1388,[],C:\Users\26096\Desktop\em\python_topopt\runs\band_supplement_300_20260808_001\samples\S000126\femm\angle_15_attempt_1,,,2026-08-08T18:58:55.663+02:00,2026-08-08T18:59:45.627+02:00
S000127,0.0,completed,0.5705738274855463,1,8.178474799991818,0.6985395999799948,48.97018279999611,0.047344099992187694,58.05068650000612,36081,70928,6964,[],C:\Users\26096\Desktop\em\python_topopt\runs\band_supplement_300_20260808_001\samples\S000127\femm\angle_0_attempt_1,,,2026-08-08T18:53:28.238+02:00,2026-08-08T18:54:28.506+02:00
S000127,3.0,completed,0.4853472202531073,1,0.0,0.7002389999979641,63.723946800018894,0.04926289999275468,64.63191789999837,36081,70928,8856,[],C:\Users\26096\Desktop\em\python_topopt\runs\band_supplement_300_20260808_001\samples\S000127\femm\angle_3_attempt_1,,,2026-08-08T18:54:28.557+02:00,2026-08-08T18:55:34.033+02:00
S000127,6.0,completed,0.3810432643796646,1,0.0,0.717478199978359,55.33691869999166,0.04859079999732785,56.2614326000039,36081,70928,32852,[],C:\Users\26096\Desktop\em\python_topopt\runs\band_supplement_300_20260808_001\samples\S000127\femm\angle_6_attempt_1,,,2026-08-08T18:55:34.094+02:00,2026-08-08T18:56:31.192+02:00
S000127,9.0,completed,0.6608658521768088,1,0.0,0.7214287999959197,72.8409655999858,0.05328689998714253,73.77380629998515,36081,70928,33300,[],C:\Users\26096\Desktop\em\python_topopt\runs\band_supplement_300_20260808_001\samples\S000127\femm\angle_9_attempt_1,,,2026-08-08T18:56:31.255+02:00,2026-08-08T18:57:45.915+02:00
S000127,12.0,completed,0.6705247352088761,1,0.0,0.7064428000012413,42.655625300016254,0.04701140001998283,43.56629799999064,36081,70928,4180,[],C:\Users\26096\Desktop\em\python_topopt\runs\band_supplement_300_20260808_001\samples\S000127\femm\angle_12_attempt_1,,,2026-08-08T18:57:45.978+02:00,2026-08-08T18:58:30.381+02:00
S000127,15.0,completed,0.56702193054955,1,0.0,0.7116339999774937,53.75845220001065,0.04690779998782091,54.66992580000078,36081,70928,23816,[],C:\Users\26096\Desktop\em\python_topopt\runs\band_supplement_300_20260808_001\samples\S000127\femm\angle_15_attempt_1,,,2026-08-08T18:58:30.442+02:00,2026-08-08T18:59:25.901+02:00
S000128,0.0,completed,0.7997667895808698,1,6.96718950002105,0.5387462000071537,40.930964900006074,0.03980060000321828,48.59667300002184,27285,53340,16352,[],C:\Users\26096\Desktop\em\python_topopt\runs\band_supplement_300_20260808_001\samples\S000128\femm\angle_0_attempt_1,,,2026-08-08T18:53:28.262+02:00,2026-08-08T18:54:18.693+02:00
S000128,3.0,completed,0.7847838546471229,1,0.0,0.5576482999895234,65.51384949998464,0.03904810000676662,66.23152500001015,27285,53340,26100,[],C:\Users\26096\Desktop\em\python_topopt\runs\band_supplement_300_20260808_001\samples\S000128\femm\angle_3_attempt_1,,,2026-08-08T18:54:18.754+02:00,2026-08-08T18:55:25.799+02:00
S000128,6.0,completed,0.8422055597464675,1,0.0,0.5279512999986764,57.41217269998742,0.035900100017897785,58.0961709000112,27285,53340,27804,[],C:\Users\26096\Desktop\em\python_topopt\runs\band_supplement_300_20260808_001\samples\S000128\femm\angle_6_attempt_1,,,2026-08-08T18:55:25.868+02:00,2026-08-08T18:56:24.776+02:00
S000128,9.0,completed,0.7960544855844294,1,0.0,0.5365960000199266,49.96287179997307,0.03936490000342019,50.65873960001045,27285,53340,16992,[],C:\Users\26096\Desktop\em\python_topopt\runs\band_supplement_300_20260808_001\samples\S000128\femm\angle_9_attempt_1,,,2026-08-08T18:56:24.854+02:00,2026-08-08T18:57:16.301+02:00
S000128,12.0,completed,0.7496670090173984,1,0.0,0.5292708000051789,40.2065939999884,0.035836299997754395,40.8955333000049,27285,53340,37796,[],C:\Users\26096\Desktop\em\python_topopt\runs\band_supplement_300_20260808_001\samples\S000128\femm\angle_12_attempt_1,,,2026-08-08T18:57:16.369+02:00,2026-08-08T18:57:58.073+02:00
S000128,15.0,completed,0.80211398141864,1,0.0,0.5450342999829445,48.797611399990274,0.03602649999083951,49.50045880000107,27285,53340,31772,[],C:\Users\26096\Desktop\em\python_topopt\runs\band_supplement_300_20260808_001\samples\S000128\femm\angle_15_attempt_1,,,2026-08-08T18:57:58.144+02:00,2026-08-08T18:58:48.480+02:00
S000129,0.0,completed,0.6089791313176467,1,6.437947599973995,0.5282186999975238,47.076595599995926,0.03740639999159612,54.21773469998152,26790,52342,12844,[],C:\Users\26096\Desktop\em\python_topopt\runs\band_supplement_300_20260808_001\samples\S000129\femm\angle_0_attempt_1,,,2026-08-08T18:59:46.776+02:00,2026-08-08T19:00:42.855+02:00
S000129,3.0,completed,0.7343669327893364,1,0.0,0.5808652999985497,44.074496399989584,0.03825069998856634,44.8387112999917,26790,52342,4308,[],C:\Users\26096\Desktop\em\python_topopt\runs\band_supplement_300_20260808_001\samples\S000129\femm\angle_3_attempt_1,,,2026-08-08T19:00:42.914+02:00,2026-08-08T19:01:28.700+02:00
S000129,6.0,completed,0.6524225583885492,1,0.0,0.5674981999909505,53.006109400012065,0.03813910001190379,53.737810100021306,26790,52342,12944,[],C:\Users\26096\Desktop\em\python_topopt\runs\band_supplement_300_20260808_001\samples\S000129\femm\angle_6_attempt_1,,,2026-08-08T19:01:28.771+02:00,2026-08-08T19:02:23.513+02:00
S000129,9.0,completed,0.626920445968206,1,0.0,0.563406400004169,58.484381299989764,0.03775970000424422,59.21373499999754,26790,52342,32324,[],C:\Users\26096\Desktop\em\python_topopt\runs\band_supplement_300_20260808_001\samples\S000129\femm\angle_9_attempt_1,,,2026-08-08T19:02:23.584+02:00,2026-08-08T19:03:23.766+02:00
S000129,12.0,completed,0.4457464196113131,1,0.0,0.541067700018175,42.69293460002518,0.036129799991613254,43.39801569998963,26790,52342,23996,[],C:\Users\26096\Desktop\em\python_topopt\runs\band_supplement_300_20260808_001\samples\S000129\femm\angle_12_attempt_1,,,2026-08-08T19:03:23.832+02:00,2026-08-08T19:04:08.152+02:00
S000129,15.0,completed,0.6073981256827102,1,0.0,0.5659617999917828,40.35702269998728,0.03646089998073876,41.084358399995835,26790,52342,33600,[],C:\Users\26096\Desktop\em\python_topopt\runs\band_supplement_300_20260808_001\samples\S000129\femm\angle_15_attempt_1,,,2026-08-08T19:04:08.223+02:00,2026-08-08T19:04:50.225+02:00
S000130,0.0,completed,0.5953385884181122,1,6.793341799988411,0.5073273999732919,34.80593930001487,0.03414520001388155,42.26235329997144,23628,46018,11220,[],C:\Users\26096\Desktop\em\python_topopt\runs\band_supplement_300_20260808_001\samples\S000130\femm\angle_0_attempt_1,,,2026-08-08T18:59:46.792+02:00,2026-08-08T19:00:32.753+02:00
S000130,3.0,completed,0.7289879377806004,1,0.0,0.5046555000008084,27.148122199985664,0.044456100004026666,27.817348799988395,23628,46018,37812,[],C:\Users\26096\Desktop\em\python_topopt\runs\band_supplement_300_20260808_001\samples\S000130\femm\angle_3_attempt_1,,,2026-08-08T19:00:32.814+02:00,2026-08-08T19:01:01.612+02:00
S000130,6.0,completed,0.6514638987220179,1,0.0,0.5187535000150092,31.032109599997057,0.04041940000024624,31.708351999986917,23628,46018,17508,[],C:\Users\26096\Desktop\em\python_topopt\runs\band_supplement_300_20260808_001\samples\S000130\femm\angle_6_attempt_1,,,2026-08-08T19:01:01.693+02:00,2026-08-08T19:01:34.439+02:00
S000130,9.0,completed,0.629504392803971,1,0.0,0.5363218999991659,34.12454720001551,0.0353395999991335,34.81235869997181,23628,46018,9256,[],C:\Users\26096\Desktop\em\python_topopt\runs\band_supplement_300_20260808_001\samples\S000130\femm\angle_9_attempt_1,,,2026-08-08T19:01:34.518+02:00,2026-08-08T19:02:10.325+02:00
S000130,12.0,completed,0.4366005578955279,1,0.0,0.4961761999875307,30.660056599997915,0.035919199988711625,31.312335800001165,23628,46018,4552,[],C:\Users\26096\Desktop\em\python_topopt\runs\band_supplement_300_20260808_001\samples\S000130\femm\angle_12_attempt_1,,,2026-08-08T19:02:10.397+02:00,2026-08-08T19:02:42.707+02:00
S000130,15.0,completed,0.5953914472861304,1,0.0,0.5229016999946907,31.113049599982332,0.03380579999065958,31.79170709999744,23628,46018,36528,[],C:\Users\26096\Desktop\em\python_topopt\runs\band_supplement_300_20260808_001\samples\S000130\femm\angle_15_attempt_1,,,2026-08-08T19:02:42.778+02:00,2026-08-08T19:03:15.605+02:00
S000131,0.0,completed,0.5152466342709802,1,8.814856500015594,0.7253968000004534,97.82786910000141,0.04755799999111332,107.57795679999981,31040,60846,2684,[],C:\Users\26096\Desktop\em\python_topopt\runs\band_supplement_300_20260808_001\samples\S000131\femm\angle_0_attempt_1,,,2026-08-08T18:59:46.823+02:00,2026-08-08T19:01:36.465+02:00
S000131,3.0,completed,0.6527779047123553,1,0.0,0.6904804999940097,56.31309529999271,0.0470078999933321,57.19609740001033,31040,60846,29960,[],C:\Users\26096\Desktop\em\python_topopt\runs\band_supplement_300_20260808_001\samples\S000131\femm\angle_3_attempt_1,,,2026-08-08T19:01:36.525+02:00,2026-08-08T19:02:34.706+02:00
S000131,6.0,completed,0.475588923436073,1,0.0,0.6580679999897256,60.153920099983225,0.041727100004209206,61.0059964999964,31040,60846,32128,[],C:\Users\26096\Desktop\em\python_topopt\runs\band_supplement_300_20260808_001\samples\S000131\femm\angle_6_attempt_1,,,2026-08-08T19:02:34.777+02:00,2026-08-08T19:03:36.729+02:00
S000131,9.0,completed,0.4191865973959285,1,0.0,0.6395464999950491,60.08314429997699,0.042134599993005395,60.91128790000221,31040,60846,10988,[],C:\Users\26096\Desktop\em\python_topopt\runs\band_supplement_300_20260808_001\samples\S000131\femm\angle_9_attempt_1,,,2026-08-08T19:03:36.798+02:00,2026-08-08T19:04:38.616+02:00
S000131,12.0,completed,0.3044459969389278,1,0.0,0.6250809000048321,56.855672900011996,0.04025270001147874,57.66032880000421,31040,60846,35352,[],C:\Users\26096\Desktop\em\python_topopt\runs\band_supplement_300_20260808_001\samples\S000131\femm\angle_12_attempt_1,,,2026-08-08T19:04:38.684+02:00,2026-08-08T19:05:37.251+02:00
S000131,15.0,completed,0.5166266385403957,1,0.0,0.5956833999953233,51.56458899998688,0.04261489998316392,52.33931959999609,31040,60846,19096,[],C:\Users\26096\Desktop\em\python_topopt\runs\band_supplement_300_20260808_001\samples\S000131\femm\angle_15_attempt_1,,,2026-08-08T19:05:37.314+02:00,2026-08-08T19:06:30.499+02:00
S000132,0.0,completed,0.6163883017333319,1,6.641289300023345,0.5866588000208139,57.326521499984665,0.04399350000312552,64.77239100003499,27443,53646,32032,[],C:\Users\26096\Desktop\em\python_topopt\runs\band_supplement_300_20260808_001\samples\S000132\femm\angle_0_attempt_1,,,2026-08-08T18:59:46.839+02:00,2026-08-08T19:00:54.715+02:00
S000132,3.0,completed,0.7468489520001129,1,0.0,0.5879029000061564,62.851454099989496,0.043429399986052886,63.612197999987984,27443,53646,37480,[],C:\Users\26096\Desktop\em\python_topopt\runs\band_supplement_300_20260808_001\samples\S000132\femm\angle_3_attempt_1,,,2026-08-08T19:00:54.767+02:00,2026-08-08T19:01:59.300+02:00
S000132,6.0,completed,0.6677611643140838,1,0.0,0.6220671999908518,77.57562970000436,0.03844609999214299,78.36485290000564,27443,53646,24976,[],C:\Users\26096\Desktop\em\python_topopt\runs\band_supplement_300_20260808_001\samples\S000132\femm\angle_6_attempt_1,,,2026-08-08T19:01:59.371+02:00,2026-08-08T19:03:18.736+02:00
S000132,9.0,completed,0.6422759989768121,1,0.0,0.5943436000088695,50.84720200000447,0.04128750000381842,51.61309430000256,27443,53646,12712,[],C:\Users\26096\Desktop\em\python_topopt\runs\band_supplement_300_20260808_001\samples\S000132\femm\angle_9_attempt_1,,,2026-08-08T19:03:18.799+02:00,2026-08-08T19:04:11.300+02:00
S000132,12.0,completed,0.4568155931359503,1,0.0,0.563449799985392,73.43173390001175,0.0384926000260748,74.15697670000372,27443,53646,6452,[],C:\Users\26096\Desktop\em\python_topopt\runs\band_supplement_300_20260808_001\samples\S000132\femm\angle_12_attempt_1,,,2026-08-08T19:04:11.372+02:00,2026-08-08T19:05:26.408+02:00
S000132,15.0,completed,0.6146452134157776,1,0.0,0.538958300021477,41.93822630000068,0.03756500000599772,42.63441239998792,27443,53646,708,[],C:\Users\26096\Desktop\em\python_topopt\runs\band_supplement_300_20260808_001\samples\S000132\femm\angle_15_attempt_1,,,2026-08-08T19:05:26.479+02:00,2026-08-08T19:06:09.913+02:00
S000133,0.0,completed,0.6992809933945555,1,11.429158999992069,0.757875499984948,52.03226879998692,0.045729100005701184,64.42987970000831,32233,63232,31300,[],C:\Users\26096\Desktop\em\python_topopt\runs\band_supplement_300_20260808_001\samples\S000133\femm\angle_0_attempt_1,,,2026-08-08T18:59:46.861+02:00,2026-08-08T19:00:53.795+02:00
S000133,3.0,completed,0.647874693177035,1,0.0,0.6932662000181153,63.78818630002206,0.048299499991117045,64.68860510000377,32233,63232,33688,[],C:\Users\26096\Desktop\em\python_topopt\runs\band_supplement_300_20260808_001\samples\S000133\femm\angle_3_attempt_1,,,2026-08-08T19:00:53.864+02:00,2026-08-08T19:01:59.531+02:00
S000133,6.0,completed,0.6224241550194636,1,0.0,0.7314949999854434,76.42460470000515,0.04559190000873059,77.35264910000842,32233,63232,2512,[],C:\Users\26096\Desktop\em\python_topopt\runs\band_supplement_300_20260808_001\samples\S000133\femm\angle_6_attempt_1,,,2026-08-08T19:01:59.602+02:00,2026-08-08T19:03:18.119+02:00
S000133,9.0,completed,0.4746070677148319,1,0.0,0.7144786000135355,53.87192270002561,0.045519900013459846,54.79165999998804,32233,63232,20368,[],C:\Users\26096\Desktop\em\python_topopt\runs\band_supplement_300_20260808_001\samples\S000133\femm\angle_9_attempt_1,,,2026-08-08T19:03:18.181+02:00,2026-08-08T19:04:13.866+02:00
S000133,12.0,completed,0.5897996513618605,1,0.0,0.6795418999972753,46.19877930000075,0.044816300011007115,47.06443100000615,32233,63232,752,[],C:\Users\26096\Desktop\em\python_topopt\runs\band_supplement_300_20260808_001\samples\S000133\femm\angle_12_attempt_1,,,2026-08-08T19:04:13.937+02:00,2026-08-08T19:05:01.872+02:00
S000133,15.0,completed,0.6994153778487557,1,0.0,0.6387072999787051,43.057858199987095,0.05055800001719035,43.89011710000341,32233,63232,31860,[],C:\Users\26096\Desktop\em\python_topopt\runs\band_supplement_300_20260808_001\samples\S000133\femm\angle_15_attempt_1,,,2026-08-08T19:05:01.933+02:00,2026-08-08T19:05:46.621+02:00
S000134,0.0,completed,0.6071145898169397,1,2.50741890000063,0.43709220000891946,17.51650240001618,0.036052699986612424,20.603848200000357,22473,43718,9584,[],C:\Users\26096\Desktop\em\python_topopt\runs\band_supplement_300_20260808_001\samples\S000134\femm\angle_0_attempt_1,,,2026-08-08T19:06:30.922+02:00,2026-08-08T19:06:53.062+02:00
S000134,3.0,completed,0.7343292528959153,1,0.0,0.4396913999808021,20.567940700013423,0.03219800000078976,21.14533189998474,22473,43718,33052,[],C:\Users\26096\Desktop\em\python_topopt\runs\band_supplement_300_20260808_001\samples\S000134\femm\angle_3_attempt_1,,,2026-08-08T19:06:53.114+02:00,2026-08-08T19:07:15.027+02:00
S000134,6.0,completed,0.6553163699319393,1,0.0,0.45065029998659156,26.736482899985276,0.03388000000268221,27.32646549999481,22473,43718,24328,[],C:\Users\26096\Desktop\em\python_topopt\runs\band_supplement_300_20260808_001\samples\S000134\femm\angle_6_attempt_1,,,2026-08-08T19:07:15.083+02:00,2026-08-08T19:07:43.194+02:00
S000134,9.0,completed,0.6302184438629579,1,0.0,0.4432840999797918,26.697656400006963,0.03122020000591874,27.275474900001427,22473,43718,28224,[],C:\Users\26096\Desktop\em\python_topopt\runs\band_supplement_300_20260808_001\samples\S000134\femm\angle_9_attempt_1,,,2026-08-08T19:07:43.260+02:00,2026-08-08T19:08:11.311+02:00
S000134,12.0,completed,0.4459988333773415,1,0.0,0.4160918999987189,21.94878000000608,0.031133600015891716,22.498491700011073,22473,43718,15860,[],C:\Users\26096\Desktop\em\python_topopt\runs\band_supplement_300_20260808_001\samples\S000134\femm\angle_12_attempt_1,,,2026-08-08T19:08:11.374+02:00,2026-08-08T19:08:34.626+02:00
S000134,15.0,completed,0.6066058802575118,1,0.0,0.43194529999163933,26.076808100013295,0.03251960000488907,26.64630260001286,22473,43718,20744,[],C:\Users\26096\Desktop\em\python_topopt\runs\band_supplement_300_20260808_001\samples\S000134\femm\angle_15_attempt_1,,,2026-08-08T19:08:34.679+02:00,2026-08-08T19:09:02.076+02:00
S000135,0.0,completed,0.7110257092969039,1,10.321521000005305,0.5715894000022672,25.070623400009936,0.03962709999177605,36.12729860001127,25944,50648,20668,[],C:\Users\26096\Desktop\em\python_topopt\runs\band_supplement_300_20260808_001\samples\S000135\femm\angle_0_attempt_1,,,2026-08-08T19:09:02.999+02:00,2026-08-08T19:09:40.979+02:00
S000135,3.0,completed,0.7160057758451631,1,0.0,0.5613024999911431,22.806240600009914,0.04302599999937229,23.5442510000139,25944,50648,34136,[],C:\Users\26096\Desktop\em\python_topopt\runs\band_supplement_300_20260808_001\samples\S000135\femm\angle_3_attempt_1,,,2026-08-08T19:09:41.042+02:00,2026-08-08T19:10:05.535+02:00
S000135,6.0,completed,0.6179345978676649,1,0.0,0.575141099980101,36.41748629999347,0.03984149999450892,37.177618499990785,25944,50648,12844,[],C:\Users\26096\Desktop\em\python_topopt\runs\band_supplement_300_20260808_001\samples\S000135\femm\angle_6_attempt_1,,,2026-08-08T19:10:05.608+02:00,2026-08-08T19:10:43.806+02:00
S000135,9.0,completed,0.7064316319134605,1,0.0,0.5821659999783151,37.75972659999388,0.04309500000090338,38.50637950000237,25944,50648,23472,[],C:\Users\26096\Desktop\em\python_topopt\runs\band_supplement_300_20260808_001\samples\S000135\femm\angle_9_attempt_1,,,2026-08-08T19:10:43.886+02:00,2026-08-08T19:11:23.418+02:00
S000135,12.0,completed,0.7192027147693965,1,0.0,0.590415499988012,38.76054220000515,0.04044780001277104,39.51347010000609,25944,50648,32928,[],C:\Users\26096\Desktop\em\python_topopt\runs\band_supplement_300_20260808_001\samples\S000135\femm\angle_12_attempt_1,,,2026-08-08T19:11:23.491+02:00,2026-08-08T19:12:03.977+02:00
S000135,15.0,completed,0.7115833752861088,1,0.0,0.5934328000003006,22.993262000003597,0.03960799999185838,23.75098340000841,25944,50648,3980,[],C:\Users\26096\Desktop\em\python_topopt\runs\band_supplement_300_20260808_001\samples\S000135\femm\angle_15_attempt_1,,,2026-08-08T19:12:04.048+02:00,2026-08-08T19:12:28.752+02:00
S000136,0.0,completed,0.7033495857313741,1,13.387819399998989,0.6403488999931142,53.01272100000642,0.04271429998334497,67.23988830001326,29616,58006,24008,[],C:\Users\26096\Desktop\em\python_topopt\runs\band_supplement_300_20260808_001\samples\S000136\femm\angle_0_attempt_1,,,2026-08-08T19:09:03.018+02:00,2026-08-08T19:10:13.797+02:00
S000136,3.0,completed,0.6300827598061814,1,0.0,0.6460924000130035,85.11692899998161,0.0444114999845624,85.951178599993,29616,58006,38124,[],C:\Users\26096\Desktop\em\python_topopt\runs\band_supplement_300_20260808_001\samples\S000136\femm\angle_3_attempt_1,,,2026-08-08T19:10:13.860+02:00,2026-08-08T19:11:40.830+02:00
S000136,6.0,completed,0.593603853519492,1,0.0,0.6175479000085033,58.79663460000302,0.04157660002238117,59.59150690000388,29616,58006,5924,[],C:\Users\26096\Desktop\em\python_topopt\runs\band_supplement_300_20260808_001\samples\S000136\femm\angle_6_attempt_1,,,2026-08-08T19:11:40.901+02:00,2026-08-08T19:12:41.448+02:00
S000136,9.0,completed,0.8104815339808431,1,0.0,0.6061011000128929,50.93213240001933,0.05047790001844987,51.744247099995846,29616,58006,13020,[],C:\Users\26096\Desktop\em\python_topopt\runs\band_supplement_300_20260808_001\samples\S000136\femm\angle_9_attempt_1,,,2026-08-08T19:12:41.519+02:00,2026-08-08T19:13:34.189+02:00
S000136,12.0,completed,0.8298793631810775,1,0.0,0.5842484999739099,38.722662300016964,0.04007469999487512,39.478834000008646,29616,58006,33912,[],C:\Users\26096\Desktop\em\python_topopt\runs\band_supplement_300_20260808_001\samples\S000136\femm\angle_12_attempt_1,,,2026-08-08T19:13:34.260+02:00,2026-08-08T19:14:14.510+02:00
S000136,15.0,completed,0.70362745893587,1,0.0,0.6006102999963332,51.478166199987754,0.038162499986356124,52.24331729998812,29616,58006,20160,[],C:\Users\26096\Desktop\em\python_topopt\runs\band_supplement_300_20260808_001\samples\S000136\femm\angle_15_attempt_1,,,2026-08-08T19:14:14.568+02:00,2026-08-08T19:15:07.607+02:00
S000137,0.0,completed,0.733362281333858,1,11.886666199978208,0.5895776000106707,47.605332899984205,0.041866299987304956,60.25633349997224,26442,51650,31864,[],C:\Users\26096\Desktop\em\python_topopt\runs\band_supplement_300_20260808_001\samples\S000137\femm\angle_0_attempt_1,,,2026-08-08T19:09:03.034+02:00,2026-08-08T19:10:06.244+02:00
S000137,3.0,completed,0.7309974622485443,1,0.0,0.5831183000118472,66.00531620002585,0.03940750000765547,66.75692569999956,26442,51650,15796,[],C:\Users\26096\Desktop\em\python_topopt\runs\band_supplement_300_20260808_001\samples\S000137\femm\angle_3_attempt_1,,,2026-08-08T19:10:06.315+02:00,2026-08-08T19:11:14.013+02:00
S000137,6.0,completed,0.6511534743465629,1,0.0,0.5787242999940645,49.618306900025345,0.039727099996525794,50.36638600000879,26442,51650,4584,[],C:\Users\26096\Desktop\em\python_topopt\runs\band_supplement_300_20260808_001\samples\S000137\femm\angle_6_attempt_1,,,2026-08-08T19:11:14.093+02:00,2026-08-08T19:12:05.454+02:00
S000137,9.0,completed,0.713096988085422,1,0.0,0.583859600010328,47.11205159997917,0.040089899994200096,47.86352630000329,26442,51650,32804,[],C:\Users\26096\Desktop\em\python_topopt\runs\band_supplement_300_20260808_001\samples\S000137\femm\angle_9_attempt_1,,,2026-08-08T19:12:05.522+02:00,2026-08-08T19:12:54.303+02:00
S000137,12.0,completed,0.7239312588550461,1,0.0,0.5658688000112306,40.7849471999798,0.036488399986410514,41.5120212000038,26442,51650,17700,[],C:\Users\26096\Desktop\em\python_topopt\runs\band_supplement_300_20260808_001\samples\S000137\femm\angle_12_attempt_1,,,2026-08-08T19:12:54.375+02:00,2026-08-08T19:13:36.777+02:00
S000137,15.0,completed,0.7342923164357515,1,0.0,0.5504049000155646,41.78050200000871,0.03612039997824468,42.48953719998826,26442,51650,29900,[],C:\Users\26096\Desktop\em\python_topopt\runs\band_supplement_300_20260808_001\samples\S000137\femm\angle_15_attempt_1,,,2026-08-08T19:13:36.846+02:00,2026-08-08T19:14:20.207+02:00
S000138,0.0,completed,0.7356643766868941,1,10.434099999984028,0.5704312999732792,80.2055661000195,0.041312199988169596,91.38703039998654,27646,54064,35184,[],C:\Users\26096\Desktop\em\python_topopt\runs\band_supplement_300_20260808_001\samples\S000138\femm\angle_0_attempt_1,,,2026-08-08T19:09:03.068+02:00,2026-08-08T19:10:36.683+02:00
S000138,3.0,completed,0.7042220915886432,1,0.0,0.5754097000171896,73.70140219997847,0.0390221000125166,74.45801349999965,27646,54064,17308,[],C:\Users\26096\Desktop\em\python_topopt\runs\band_supplement_300_20260808_001\samples\S000138\femm\angle_3_attempt_1,,,2026-08-08T19:10:36.754+02:00,2026-08-08T19:11:52.151+02:00
S000138,6.0,completed,0.7205401249663881,1,0.0,0.5713969999924302,53.047875299991574,0.038282299996353686,53.80092660000082,27646,54064,2136,[],C:\Users\26096\Desktop\em\python_topopt\runs\band_supplement_300_20260808_001\samples\S000138\femm\angle_6_attempt_1,,,2026-08-08T19:11:52.224+02:00,2026-08-08T19:12:46.984+02:00
S000138,9.0,completed,0.6406903926330598,1,0.0,0.5651756000006571,44.54067430002033,0.037334199994802475,45.28543869999703,27646,54064,11352,[],C:\Users\26096\Desktop\em\python_topopt\runs\band_supplement_300_20260808_001\samples\S000138\femm\angle_9_attempt_1,,,2026-08-08T19:12:47.056+02:00,2026-08-08T19:13:33.262+02:00
S000138,12.0,completed,0.6506666099037227,1,0.0,0.566367600025842,42.432465899997624,0.04106869999668561,43.171180700010154,27646,54064,34436,[],C:\Users\26096\Desktop\em\python_topopt\runs\band_supplement_300_20260808_001\samples\S000138\femm\angle_12_attempt_1,,,2026-08-08T19:13:33.332+02:00,2026-08-08T19:14:17.293+02:00
S000138,15.0,completed,0.7362490186631095,1,0.0,0.5413365999993403,52.56135040000663,0.035458700003800914,53.25420180000947,27646,54064,28852,[],C:\Users\26096\Desktop\em\python_topopt\runs\band_supplement_300_20260808_001\samples\S000138\femm\angle_15_attempt_1,,,2026-08-08T19:14:17.371+02:00,2026-08-08T19:15:11.428+02:00
S000139,0.0,completed,0.7103470717157139,1,14.608723699988332,0.618628299998818,34.94031320000067,0.04095889997552149,50.34464309999021,28608,55986,25776,[],C:\Users\26096\Desktop\em\python_topopt\runs\band_supplement_300_20260808_001\samples\S000139\femm\angle_0_attempt_1,,,2026-08-08T19:09:03.083+02:00,2026-08-08T19:09:56.117+02:00
S000139,3.0,completed,0.6973800081844561,1,0.0,0.5878504000138491,37.2536526999902,0.042463299992959946,38.0247759000049,28608,55986,29160,[],C:\Users\26096\Desktop\em\python_topopt\runs\band_supplement_300_20260808_001\samples\S000139\femm\angle_3_attempt_1,,,2026-08-08T19:09:56.180+02:00,2026-08-08T19:10:35.185+02:00
S000139,6.0,completed,0.5816649061790413,1,0.0,0.5995586000208277,44.411674799979664,0.04329949998646043,45.19403290000628,28608,55986,4492,[],C:\Users\26096\Desktop\em\python_topopt\runs\band_supplement_300_20260808_001\samples\S000139\femm\angle_6_attempt_1,,,2026-08-08T19:10:35.256+02:00,2026-08-08T19:11:21.404+02:00
S000139,9.0,completed,0.6891202588933518,1,0.0,0.6300042999791913,53.13817200000631,0.042470899992622435,53.95322429999942,28608,55986,29064,[],C:\Users\26096\Desktop\em\python_topopt\runs\band_supplement_300_20260808_001\samples\S000139\femm\angle_9_attempt_1,,,2026-08-08T19:11:21.485+02:00,2026-08-08T19:12:16.423+02:00
S000139,12.0,completed,0.7152417351836222,1,0.0,0.5899231999937911,40.526810300012585,0.04290119998040609,41.312674599990714,28608,55986,28956,[],C:\Users\26096\Desktop\em\python_topopt\runs\band_supplement_300_20260808_001\samples\S000139\femm\angle_12_attempt_1,,,2026-08-08T19:12:16.494+02:00,2026-08-08T19:12:58.776+02:00
S000139,15.0,completed,0.7109059375395971,1,0.0,0.5952455999795347,28.18738640000811,0.041135799983749166,28.954040100012207,28608,55986,17772,[],C:\Users\26096\Desktop\em\python_topopt\runs\band_supplement_300_20260808_001\samples\S000139\femm\angle_15_attempt_1,,,2026-08-08T19:12:58.846+02:00,2026-08-08T19:13:28.741+02:00
S000140,0.0,completed,0.7338000696809623,1,3.950086500000907,0.5061815999797545,43.45952170001692,0.04349810001440346,48.07801000002655,26000,50768,3948,[],C:\Users\26096\Desktop\em\python_topopt\runs\band_supplement_300_20260808_001\samples\S000140\femm\angle_0_attempt_1,,,2026-08-08T19:15:12.069+02:00,2026-08-08T19:16:01.715+02:00
S000140,3.0,completed,0.6985537624554449,1,0.0,0.5330092000076547,45.92022349999752,0.037455899990163743,46.60959599999478,26000,50768,29776,[],C:\Users\26096\Desktop\em\python_topopt\runs\band_supplement_300_20260808_001\samples\S000140\femm\angle_3_attempt_1,,,2026-08-08T19:16:01.778+02:00,2026-08-08T19:16:49.176+02:00
S000140,6.0,completed,0.7144359771309112,1,0.0,0.5172306999738794,60.506650299998,0.03418639997835271,61.168218200007686,26000,50768,5844,[],C:\Users\26096\Desktop\em\python_topopt\runs\band_supplement_300_20260808_001\samples\S000140\femm\angle_6_attempt_1,,,2026-08-08T19:16:49.247+02:00,2026-08-08T19:17:51.199+02:00
S000140,9.0,completed,0.637422324963728,1,0.0,0.5048379999934696,34.47620510001434,0.03457460002391599,35.12850089999847,26000,50768,21936,[],C:\Users\26096\Desktop\em\python_topopt\runs\band_supplement_300_20260808_001\samples\S000140\femm\angle_9_attempt_1,,,2026-08-08T19:17:51.262+02:00,2026-08-08T19:18:27.126+02:00
S000140,12.0,completed,0.6484210120000936,1,0.0,0.4948802999861073,44.44251260001329,0.036135700007434934,45.0882443000155,26000,50768,10056,[],C:\Users\26096\Desktop\em\python_topopt\runs\band_supplement_300_20260808_001\samples\S000140\femm\angle_12_attempt_1,,,2026-08-08T19:18:27.189+02:00,2026-08-08T19:19:13.058+02:00
S000140,15.0,completed,0.7345256876946361,1,0.0,0.5046650000149384,54.556830500019714,0.03807760000927374,55.213407600007486,26000,50768,37332,[],C:\Users\26096\Desktop\em\python_topopt\runs\band_supplement_300_20260808_001\samples\S000140\femm\angle_15_attempt_1,,,2026-08-08T19:19:13.120+02:00,2026-08-08T19:20:09.083+02:00
S000141,0.0,completed,0.6366270393659231,1,5.511004600004526,0.5358210999984294,14.92339839998749,0.03963630000362173,21.131069600000046,26383,51532,28300,[],C:\Users\26096\Desktop\em\python_topopt\runs\band_supplement_300_20260808_001\samples\S000141\femm\angle_0_attempt_1,,,2026-08-08T19:15:12.084+02:00,2026-08-08T19:15:35.095+02:00
S000141,3.0,completed,0.7530920244868802,1,0.0,0.5324696000025142,19.5540425000072,0.03835160000016913,20.240942999982508,26383,51532,11540,[],C:\Users\26096\Desktop\em\python_topopt\runs\band_supplement_300_20260808_001\samples\S000141\femm\angle_3_attempt_1,,,2026-08-08T19:15:35.158+02:00,2026-08-08T19:15:56.233+02:00
S000141,6.0,completed,0.6701571580932087,1,0.0,0.5437018999946304,14.190987399982987,0.03575429998454638,14.894001700013177,26383,51532,5276,[],C:\Users\26096\Desktop\em\python_topopt\runs\band_supplement_300_20260808_001\samples\S000141\femm\angle_6_attempt_1,,,2026-08-08T19:15:56.300+02:00,2026-08-08T19:16:11.984+02:00
S000141,9.0,completed,0.6785769581823432,1,0.0,0.5428038999962155,13.410369599994738,0.037109000026248395,14.115560399979586,26383,51532,25928,[],C:\Users\26096\Desktop\em\python_topopt\runs\band_supplement_300_20260808_001\samples\S000141\femm\angle_9_attempt_1,,,2026-08-08T19:16:12.055+02:00,2026-08-08T19:16:27.013+02:00
S000141,12.0,completed,0.5032117851695411,1,0.0,0.5458466999989469,17.93877639999846,0.036252699996111915,18.641076299973065,26383,51532,10356,[],C:\Users\26096\Desktop\em\python_topopt\runs\band_supplement_300_20260808_001\samples\S000141\femm\angle_12_attempt_1,,,2026-08-08T19:16:27.083+02:00,2026-08-08T19:16:46.551+02:00
S000141,15.0,completed,0.6344340563260628,1,0.0,0.5236618999915663,20.191796599974623,0.039189300005091354,20.87186600000132,26383,51532,15184,[],C:\Users\26096\Desktop\em\python_topopt\runs\band_supplement_300_20260808_001\samples\S000141\femm\angle_15_attempt_1,,,2026-08-08T19:16:46.628+02:00,2026-08-08T19:17:08.318+02:00
S000142,0.0,completed,0.7452256235490585,1,2.3108207999903243,0.47483479999937117,45.85040999998455,0.03333769997698255,48.792577099986374,23596,45944,38740,[],C:\Users\26096\Desktop\em\python_topopt\runs\band_supplement_300_20260808_001\samples\S000142\femm\angle_0_attempt_1,,,2026-08-08T19:15:12.115+02:00,2026-08-08T19:16:03.152+02:00
S000142,3.0,completed,0.7205620462435636,1,0.0,0.4707415000011679,71.1389094000042,0.032769399986136705,71.74724490000517,23596,45944,18488,[],C:\Users\26096\Desktop\em\python_topopt\runs\band_supplement_300_20260808_001\samples\S000142\femm\angle_3_attempt_1,,,2026-08-08T19:16:03.205+02:00,2026-08-08T19:17:15.766+02:00
S000142,6.0,completed,0.742713250978389,1,0.0,0.4657708999875467,45.86704219999956,0.039722700021229684,46.47768829998677,23596,45944,17168,[],C:\Users\26096\Desktop\em\python_topopt\runs\band_supplement_300_20260808_001\samples\S000142\femm\angle_6_attempt_1,,,2026-08-08T19:17:15.829+02:00,2026-08-08T19:18:03.072+02:00
S000142,9.0,completed,0.6657415906687246,1,0.0,0.4733880999847315,42.339628599991556,0.036791799997445196,42.95279640000081,23596,45944,27256,[],C:\Users\26096\Desktop\em\python_topopt\runs\band_supplement_300_20260808_001\samples\S000142\femm\angle_9_attempt_1,,,2026-08-08T19:18:03.140+02:00,2026-08-08T19:18:46.838+02:00
S000142,12.0,completed,0.6660090288563791,1,0.0,0.4738880000077188,43.59406470000977,0.03235130000393838,44.20336839999072,23596,45944,33320,[],C:\Users\26096\Desktop\em\python_topopt\runs\band_supplement_300_20260808_001\samples\S000142\femm\angle_12_attempt_1,,,2026-08-08T19:18:46.907+02:00,2026-08-08T19:19:31.842+02:00
S000142,15.0,completed,0.7452827545980454,1,0.0,0.47320249999756925,42.488518800004385,0.03119969999534078,43.09768430000986,23596,45944,26972,[],C:\Users\26096\Desktop\em\python_topopt\runs\band_supplement_300_20260808_001\samples\S000142\femm\angle_15_attempt_1,,,2026-08-08T19:19:31.911+02:00,2026-08-08T19:20:15.779+02:00
S000143,0.0,completed,0.7906264393805538,1,3.1963137999991886,0.48428509998484515,56.305733899993356,0.03415410002344288,60.134299800003646,24261,47292,16504,[],C:\Users\26096\Desktop\em\python_topopt\runs\band_supplement_300_20260808_001\samples\S000143\femm\angle_0_attempt_1,,,2026-08-08T19:20:16.672+02:00,2026-08-08T19:21:18.380+02:00
S000143,3.0,completed,0.7599892862493344,1,0.0,0.49021829999401234,50.93542929997784,0.03479870001319796,51.57548689999385,24261,47292,12648,[],C:\Users\26096\Desktop\em\python_topopt\runs\band_supplement_300_20260808_001\samples\S000143\femm\angle_3_attempt_1,,,2026-08-08T19:21:18.449+02:00,2026-08-08T19:22:10.808+02:00
S000143,6.0,completed,0.8579860615086485,1,0.0,0.4952404999930877,30.596897599985823,0.033301099989330396,31.234137399995234,24261,47292,5524,[],C:\Users\26096\Desktop\em\python_topopt\runs\band_supplement_300_20260808_001\samples\S000143\femm\angle_6_attempt_1,,,2026-08-08T19:22:10.877+02:00,2026-08-08T19:22:42.933+02:00
S000143,9.0,completed,0.8681533561130066,1,0.0,0.5057513999927323,32.14859460000298,0.03222890000324696,32.79522680002265,24261,47292,31772,[],C:\Users\26096\Desktop\em\python_topopt\runs\band_supplement_300_20260808_001\samples\S000143\femm\angle_9_attempt_1,,,2026-08-08T19:22:42.993+02:00,2026-08-08T19:23:16.623+02:00
S000143,12.0,completed,0.7845660554273586,1,0.0,0.4946038000052795,38.11278199998196,0.033043500006897375,38.74900070001604,24261,47292,22476,[],C:\Users\26096\Desktop\em\python_topopt\runs\band_supplement_300_20260808_001\samples\S000143\femm\angle_12_attempt_1,,,2026-08-08T19:23:16.693+02:00,2026-08-08T19:23:56.257+02:00
S000143,15.0,completed,0.7907890384107346,1,0.0,0.48353229998610914,57.08052270000917,0.03382509999210015,57.71176949999062,24261,47292,21044,[],C:\Users\26096\Desktop\em\python_topopt\runs\band_supplement_300_20260808_001\samples\S000143\femm\angle_15_attempt_1,,,2026-08-08T19:23:56.331+02:00,2026-08-08T19:24:54.865+02:00
S000144,0.0,completed,0.5231384920376221,1,4.475016599986702,0.5674394000088796,62.75549089998822,0.039680900023085997,67.96981079998659,29012,56800,4492,[],C:\Users\26096\Desktop\em\python_topopt\runs\band_supplement_300_20260808_001\samples\S000144\femm\angle_0_attempt_1,,,2026-08-08T19:20:16.699+02:00,2026-08-08T19:21:26.906+02:00
S000144,3.0,completed,0.5583468709268583,1,0.0,0.5936356000020169,41.96168450001278,0.03822669998044148,42.72264299998642,29012,56800,34684,[],C:\Users\26096\Desktop\em\python_topopt\runs\band_supplement_300_20260808_001\samples\S000144\femm\angle_3_attempt_1,,,2026-08-08T19:21:26.955+02:00,2026-08-08T19:22:10.508+02:00
S000144,6.0,completed,0.6439634879732486,1,0.0,0.5951177999959327,43.563714599993546,0.03834090000600554,44.33801979999407,29012,56800,15424,[],C:\Users\26096\Desktop\em\python_topopt\runs\band_supplement_300_20260808_001\samples\S000144\femm\angle_6_attempt_1,,,2026-08-08T19:22:10.570+02:00,2026-08-08T19:22:55.720+02:00
S000144,9.0,completed,0.5514421264635916,1,0.0,0.578724199993303,88.02193600000464,0.03961950002121739,88.76870759998565,29012,56800,4688,[],C:\Users\26096\Desktop\em\python_topopt\runs\band_supplement_300_20260808_001\samples\S000144\femm\angle_9_attempt_1,,,2026-08-08T19:22:55.791+02:00,2026-08-08T19:24:25.395+02:00
S000144,12.0,completed,0.5726214546812519,1,0.0,0.5833532999968156,62.62108739998075,0.04007249997812323,63.37322479998693,29012,56800,32968,[],C:\Users\26096\Desktop\em\python_topopt\runs\band_supplement_300_20260808_001\samples\S000144\femm\angle_12_attempt_1,,,2026-08-08T19:24:25.456+02:00,2026-08-08T19:25:29.630+02:00
S000144,15.0,completed,0.5223143079432655,1,0.0,0.5816871000279207,51.32128360000206,0.039284200000111014,52.07028410001658,29012,56800,24532,[],C:\Users\26096\Desktop\em\python_topopt\runs\band_supplement_300_20260808_001\samples\S000144\femm\angle_15_attempt_1,,,2026-08-08T19:25:29.692+02:00,2026-08-08T19:26:22.506+02:00
S000145,0.0,completed,0.4868541885004518,1,6.388532599987229,0.6981426000129431,69.12093400000595,0.0445233000209555,76.40625389997149,33851,66474,27028,[],C:\Users\26096\Desktop\em\python_topopt\runs\band_supplement_300_20260808_001\samples\S000145\femm\angle_0_attempt_1,,,2026-08-08T19:20:16.725+02:00,2026-08-08T19:21:34.981+02:00
S000145,3.0,completed,0.4669394172190135,1,0.0,0.6695644999854267,55.32566699999734,0.0468778999929782,56.19478499999968,33851,66474,9168,[],C:\Users\26096\Desktop\em\python_topopt\runs\band_supplement_300_20260808_001\samples\S000145\femm\angle_3_attempt_1,,,2026-08-08T19:21:35.044+02:00,2026-08-08T19:22:32.084+02:00
S000145,6.0,completed,0.5321901762846228,1,0.0,0.6630487999937031,61.005223199987086,0.047099500021431595,61.86104489999707,33851,66474,25216,[],C:\Users\26096\Desktop\em\python_topopt\runs\band_supplement_300_20260808_001\samples\S000145\femm\angle_6_attempt_1,,,2026-08-08T19:22:32.148+02:00,2026-08-08T19:23:34.851+02:00
S000145,9.0,completed,0.3487832748948751,1,0.0,0.6694714000041131,63.86837280000327,0.04468630001065321,64.73080029999255,33851,66474,14736,[],C:\Users\26096\Desktop\em\python_topopt\runs\band_supplement_300_20260808_001\samples\S000145\femm\angle_9_attempt_1,,,2026-08-08T19:23:34.922+02:00,2026-08-08T19:24:40.471+02:00
S000145,12.0,completed,0.4533607647775614,1,0.0,0.6619105999998283,83.38281740000821,0.049800300010247156,84.23921520001022,33851,66474,4048,[],C:\Users\26096\Desktop\em\python_topopt\runs\band_supplement_300_20260808_001\samples\S000145\femm\angle_12_attempt_1,,,2026-08-08T19:24:40.540+02:00,2026-08-08T19:26:05.587+02:00
S000145,15.0,completed,0.4831927885624742,1,0.0,0.650330300006317,68.40916809998453,0.044438499986426905,69.25098579999758,33851,66474,18116,[],C:\Users\26096\Desktop\em\python_topopt\runs\band_supplement_300_20260808_001\samples\S000145\femm\angle_15_attempt_1,,,2026-08-08T19:26:05.648+02:00,2026-08-08T19:27:15.698+02:00
S000146,0.0,completed,0.8751169964500882,1,10.894350799993845,0.492322600010084,17.24709200000507,0.03351280000060797,28.797990199993365,23418,45600,28328,[],C:\Users\26096\Desktop\em\python_topopt\runs\band_supplement_300_20260808_001\samples\S000146\femm\angle_0_attempt_1,,,2026-08-08T19:27:16.583+02:00,2026-08-08T19:27:47.117+02:00
S000146,3.0,completed,0.8260048113965713,1,0.0,0.4960536000144202,13.593856700026663,0.03743669998948462,14.242636000009952,23418,45600,38324,[],C:\Users\26096\Desktop\em\python_topopt\runs\band_supplement_300_20260808_001\samples\S000146\femm\angle_3_attempt_1,,,2026-08-08T19:27:47.178+02:00,2026-08-08T19:28:02.345+02:00
S000146,6.0,completed,0.9238574281480428,1,0.0,0.5239655000041239,19.87112419999903,0.03491570000187494,20.554001799988328,23418,45600,21296,[],C:\Users\26096\Desktop\em\python_topopt\runs\band_supplement_300_20260808_001\samples\S000146\femm\angle_6_attempt_1,,,2026-08-08T19:28:02.416+02:00,2026-08-08T19:28:23.909+02:00
S000146,9.0,completed,0.932168054740854,1,0.0,0.504248799989,19.528020600002492,0.033799299999373034,20.19130419997964,23418,45600,30188,[],C:\Users\26096\Desktop\em\python_topopt\runs\band_supplement_300_20260808_001\samples\S000146\femm\angle_9_attempt_1,,,2026-08-08T19:28:23.980+02:00,2026-08-08T19:28:45.080+02:00
S000146,12.0,completed,0.8840294347935239,1,0.0,0.535877199989045,12.433883299992885,0.08074790000682697,13.189892999973381,23418,45600,34456,[],C:\Users\26096\Desktop\em\python_topopt\runs\band_supplement_300_20260808_001\samples\S000146\femm\angle_12_attempt_1,,,2026-08-08T19:28:45.151+02:00,2026-08-08T19:28:59.423+02:00
S000146,15.0,completed,0.8755952000903636,1,0.0,0.4965901999967173,16.467088400007924,0.03438980001374148,17.11010640001041,23418,45600,35128,[],C:\Users\26096\Desktop\em\python_topopt\runs\band_supplement_300_20260808_001\samples\S000146\femm\angle_15_attempt_1,,,2026-08-08T19:28:59.492+02:00,2026-08-08T19:29:17.492+02:00
S000147,0.0,completed,0.8627743255057975,1,11.2273334999918,0.47718029998941347,32.51536019999185,0.03817910002544522,44.38746169998194,23133,45032,28124,[],C:\Users\26096\Desktop\em\python_topopt\runs\band_supplement_300_20260808_001\samples\S000147\femm\angle_0_attempt_1,,,2026-08-08T19:27:16.610+02:00,2026-08-08T19:28:03.413+02:00
S000147,3.0,completed,0.812200882330414,1,0.0,0.503143000009004,21.66751459997613,0.035464499989757314,22.324014200014062,23133,45032,612,[],C:\Users\26096\Desktop\em\python_topopt\runs\band_supplement_300_20260808_001\samples\S000147\femm\angle_3_attempt_1,,,2026-08-08T19:28:03.475+02:00,2026-08-08T19:28:26.722+02:00
S000147,6.0,completed,0.8917267708938924,1,0.0,0.5283705999900121,30.018577299983008,0.037037900008726865,30.692338299995754,23133,45032,18728,[],C:\Users\26096\Desktop\em\python_topopt\runs\band_supplement_300_20260808_001\samples\S000147\femm\angle_6_attempt_1,,,2026-08-08T19:28:26.793+02:00,2026-08-08T19:28:58.437+02:00
S000147,9.0,completed,0.8844032230116727,1,0.0,0.49826670001493767,20.946689200005494,0.032963700010441244,21.584606500022346,23133,45032,20112,[],C:\Users\26096\Desktop\em\python_topopt\runs\band_supplement_300_20260808_001\samples\S000147\femm\angle_9_attempt_1,,,2026-08-08T19:28:58.508+02:00,2026-08-08T19:29:21.160+02:00
S000147,12.0,completed,0.8586191368003437,1,0.0,0.4801222000096459,30.19415240001399,0.031609500001650304,30.807532600010745,23133,45032,27516,[],C:\Users\26096\Desktop\em\python_topopt\runs\band_supplement_300_20260808_001\samples\S000147\femm\angle_12_attempt_1,,,2026-08-08T19:29:21.228+02:00,2026-08-08T19:29:52.866+02:00
S000147,15.0,completed,0.8637561438129272,1,0.0,0.4500181000039447,30.184394799987786,0.034720700001344085,30.769391200010432,23133,45032,38768,[],C:\Users\26096\Desktop\em\python_topopt\runs\band_supplement_300_20260808_001\samples\S000147\femm\angle_15_attempt_1,,,2026-08-08T19:29:52.928+02:00,2026-08-08T19:30:24.471+02:00
S000148,0.0,completed,0.8453467460956032,1,11.855321700015338,0.5112192000087816,33.28828249999788,0.041534699994372204,45.83310990000609,25310,49386,36156,[],C:\Users\26096\Desktop\em\python_topopt\runs\band_supplement_300_20260808_001\samples\S000148\femm\angle_0_attempt_1,,,2026-08-08T19:27:16.632+02:00,2026-08-08T19:28:04.546+02:00
S000148,3.0,completed,0.829054996279445,1,0.0,0.5684095000033267,42.9922910000023,0.04027789999963716,43.72293590000481,25310,49386,34540,[],C:\Users\26096\Desktop\em\python_topopt\runs\band_supplement_300_20260808_001\samples\S000148\femm\angle_3_attempt_1,,,2026-08-08T19:28:04.614+02:00,2026-08-08T19:28:49.313+02:00
S000148,6.0,completed,0.9275575031773231,1,0.0,0.5651340000040364,35.73349459999008,0.035091099998680875,36.45411510000122,25310,49386,22264,[],C:\Users\26096\Desktop\em\python_topopt\runs\band_supplement_300_20260808_001\samples\S000148\femm\angle_6_attempt_1,,,2026-08-08T19:28:49.394+02:00,2026-08-08T19:29:26.822+02:00
S000148,9.0,completed,0.8992030036910745,1,0.0,0.5241826999990735,29.213701100001344,0.03607209998881444,29.888187699980335,25310,49386,34268,[],C:\Users\26096\Desktop\em\python_topopt\runs\band_supplement_300_20260808_001\samples\S000148\femm\angle_9_attempt_1,,,2026-08-08T19:29:26.884+02:00,2026-08-08T19:29:57.607+02:00
S000148,12.0,completed,0.8191923057035763,1,0.0,0.5018955999985337,29.632163400005084,0.06297580001410097,30.307474700006424,25310,49386,38904,[],C:\Users\26096\Desktop\em\python_topopt\runs\band_supplement_300_20260808_001\samples\S000148\femm\angle_12_attempt_1,,,2026-08-08T19:29:57.660+02:00,2026-08-08T19:30:28.769+02:00
S000148,15.0,completed,0.8445118796556091,1,0.0,0.47339820000343025,25.814655299996957,0.03476459998637438,26.43913860002067,25310,49386,24212,[],C:\Users\26096\Desktop\em\python_topopt\runs\band_supplement_300_20260808_001\samples\S000148\femm\angle_15_attempt_1,,,2026-08-08T19:30:28.826+02:00,2026-08-08T19:30:56.051+02:00
S000149,0.0,completed,0.875437629401006,1,11.310306100000162,0.5107425999885891,19.01425200002268,0.03622799998265691,30.972988800000167,21840,42436,19092,[],C:\Users\26096\Desktop\em\python_topopt\runs\band_supplement_300_20260808_001\samples\S000149\femm\angle_0_attempt_1,,,2026-08-08T19:27:16.648+02:00,2026-08-08T19:27:50.615+02:00
S000149,3.0,completed,0.8253479651951847,1,0.0,0.4847322999848984,10.588493899995228,0.03237849997822195,11.216982599988114,21840,42436,7064,[],C:\Users\26096\Desktop\em\python_topopt\runs\band_supplement_300_20260808_001\samples\S000149\femm\angle_3_attempt_1,,,2026-08-08T19:27:50.684+02:00,2026-08-08T19:28:02.880+02:00
S000149,6.0,completed,0.9202908264699182,1,0.0,0.5003845999890473,17.96958479998284,0.03805750000174157,18.613240900012897,21840,42436,17308,[],C:\Users\26096\Desktop\em\python_topopt\runs\band_supplement_300_20260808_001\samples\S000149\femm\angle_6_attempt_1,,,2026-08-08T19:28:02.961+02:00,2026-08-08T19:28:22.514+02:00
S000149,9.0,completed,0.9264555714343234,1,0.0,0.47497979999752715,12.802239099983126,0.033651000005193055,13.42080189997796,21840,42436,30360,[],C:\Users\26096\Desktop\em\python_topopt\runs\band_supplement_300_20260808_001\samples\S000149\femm\angle_9_attempt_1,,,2026-08-08T19:28:22.575+02:00,2026-08-08T19:28:36.942+02:00
S000149,12.0,completed,0.8836887308708206,1,0.0,0.4689608000044245,11.520119000022532,0.035785999993095174,12.152078700019047,21840,42436,38692,[],C:\Users\26096\Desktop\em\python_topopt\runs\band_supplement_300_20260808_001\samples\S000149\femm\angle_12_attempt_1,,,2026-08-08T19:28:37.002+02:00,2026-08-08T19:28:50.091+02:00
S000149,15.0,completed,0.8747601987343014,1,0.0,0.5013463999785017,15.178510500001721,0.035539800010155886,15.829176200000802,21840,42436,35244,[],C:\Users\26096\Desktop\em\python_topopt\runs\band_supplement_300_20260808_001\samples\S000149\femm\angle_15_attempt_1,,,2026-08-08T19:28:50.161+02:00,2026-08-08T19:29:06.918+02:00
S000150,0.0,completed,0.8751007772786431,1,10.580761699995492,0.5039990000077523,22.012646200018935,0.03578850001213141,33.24221480000415,21863,42486,6492,[],C:\Users\26096\Desktop\em\python_topopt\runs\band_supplement_300_20260808_001\samples\S000150\femm\angle_0_attempt_1,,,2026-08-08T19:27:16.679+02:00,2026-08-08T19:27:54.031+02:00
S000150,3.0,completed,0.826490119803365,1,0.0,0.4784624000021722,18.536320800019894,0.03647869999986142,19.18040720000863,21863,42486,32008,[],C:\Users\26096\Desktop\em\python_topopt\runs\band_supplement_300_20260808_001\samples\S000150\femm\angle_3_attempt_1,,,2026-08-08T19:27:54.091+02:00,2026-08-08T19:28:14.238+02:00
S000150,6.0,completed,0.9230896711336997,1,0.0,0.47025710000889376,26.166329400002724,0.03406819998053834,26.78662520000944,21863,42486,11408,[],C:\Users\26096\Desktop\em\python_topopt\runs\band_supplement_300_20260808_001\samples\S000150\femm\angle_6_attempt_1,,,2026-08-08T19:28:14.309+02:00,2026-08-08T19:28:42.043+02:00
S000150,9.0,completed,0.9312945074905636,1,0.0,0.4945494999992661,18.343286700022873,0.0328037999861408,18.978538800001843,21863,42486,32116,[],C:\Users\26096\Desktop\em\python_topopt\runs\band_supplement_300_20260808_001\samples\S000150\femm\angle_9_attempt_1,,,2026-08-08T19:28:42.116+02:00,2026-08-08T19:29:02.043+02:00
S000150,12.0,completed,0.8868161398323842,1,0.0,0.48652859998401254,16.074515400017845,0.030142500007059425,16.688247099984437,21863,42486,14508,[],C:\Users\26096\Desktop\em\python_topopt\runs\band_supplement_300_20260808_001\samples\S000150\femm\angle_12_attempt_1,,,2026-08-08T19:29:02.123+02:00,2026-08-08T19:29:19.810+02:00
S000150,15.0,completed,0.8758735648081016,1,0.0,0.4215085000032559,15.063813699991442,0.03549320000456646,15.618771800014656,21863,42486,27848,[],C:\Users\26096\Desktop\em\python_topopt\runs\band_supplement_300_20260808_001\samples\S000150\femm\angle_15_attempt_1,,,2026-08-08T19:29:19.874+02:00,2026-08-08T19:29:36.269+02:00
S000151,0.0,completed,0.6821494568462013,1,3.449756799993338,0.4893766000168398,43.929667000018526,0.03207230000407435,48.02347839999129,24684,48128,27424,[],C:\Users\26096\Desktop\em\python_topopt\runs\band_supplement_300_20260808_001\samples\S000151\femm\angle_0_attempt_1,,,2026-08-08T19:30:56.446+02:00,2026-08-08T19:31:46.055+02:00
S000151,3.0,completed,0.5944473041631848,1,0.0,0.4741375000157859,36.37772899999982,0.0354974000074435,36.99349520000396,24684,48128,24072,[],C:\Users\26096\Desktop\em\python_topopt\runs\band_supplement_300_20260808_001\samples\S000151\femm\angle_3_attempt_1,,,2026-08-08T19:31:46.108+02:00,2026-08-08T19:32:23.919+02:00
S000151,6.0,completed,0.6152072096642445,1,0.0,0.47197589999996126,34.63659259999986,0.03243719998863526,35.25246060002246,24684,48128,7724,[],C:\Users\26096\Desktop\em\python_topopt\runs\band_supplement_300_20260808_001\samples\S000151\femm\angle_6_attempt_1,,,2026-08-08T19:32:23.978+02:00,2026-08-08T19:33:00.035+02:00
S000151,9.0,completed,0.6782511109294279,1,0.0,0.48467010000604205,36.59779780000099,0.03677080001216382,37.23437159997411,24684,48128,30496,[],C:\Users\26096\Desktop\em\python_topopt\runs\band_supplement_300_20260808_001\samples\S000151\femm\angle_9_attempt_1,,,2026-08-08T19:33:00.097+02:00,2026-08-08T19:33:38.111+02:00
S000151,12.0,completed,0.6969812141173637,1,0.0,0.4790936000063084,35.950469799980056,0.038150399981532246,36.58405209999182,24684,48128,31780,[],C:\Users\26096\Desktop\em\python_topopt\runs\band_supplement_300_20260808_001\samples\S000151\femm\angle_12_attempt_1,,,2026-08-08T19:33:38.173+02:00,2026-08-08T19:34:15.522+02:00
S000151,15.0,completed,0.6819689704411026,1,0.0,0.4730485000181943,60.37115790002281,0.03292529997997917,60.991145100008,24684,48128,38384,[],C:\Users\26096\Desktop\em\python_topopt\runs\band_supplement_300_20260808_001\samples\S000151\femm\angle_15_attempt_1,,,2026-08-08T19:34:15.585+02:00,2026-08-08T19:35:17.413+02:00
S000152,0.0,completed,0.4335255738295632,1,5.540740800002823,0.6647485000139568,59.764812499983236,0.04381380000268109,66.16023020001012,30808,60390,25960,[],C:\Users\26096\Desktop\em\python_topopt\runs\band_supplement_300_20260808_001\samples\S000152\femm\angle_0_attempt_1,,,2026-08-08T19:35:18.495+02:00,2026-08-08T19:36:26.301+02:00
S000152,3.0,completed,0.1780819431528993,1,0.0,0.6747953000012785,93.37766080000438,0.043046000006143004,94.23530880000908,30808,60390,9496,[],C:\Users\26096\Desktop\em\python_topopt\runs\band_supplement_300_20260808_001\samples\S000152\femm\angle_3_attempt_1,,,2026-08-08T19:36:26.361+02:00,2026-08-08T19:38:01.484+02:00
S000152,6.0,completed,0.4867978778747636,1,0.0,0.6156105000118259,56.949916500016116,0.04016909998608753,57.74737669999013,30808,60390,32724,[],C:\Users\26096\Desktop\em\python_topopt\runs\band_supplement_300_20260808_001\samples\S000152\femm\angle_6_attempt_1,,,2026-08-08T19:38:01.548+02:00,2026-08-08T19:39:00.063+02:00
S000152,9.0,completed,0.6462685729824158,1,0.0,0.5982585999881849,51.11012460000347,0.04366689999005757,51.89003940002294,30808,60390,11220,[],C:\Users\26096\Desktop\em\python_topopt\runs\band_supplement_300_20260808_001\samples\S000152\femm\angle_9_attempt_1,,,2026-08-08T19:39:00.124+02:00,2026-08-08T19:39:52.777+02:00
S000152,12.0,completed,0.8689450108213623,1,0.0,0.5827584000071511,49.07858020000276,0.043121399998199195,49.833639200020116,30808,60390,24884,[],C:\Users\26096\Desktop\em\python_topopt\runs\band_supplement_300_20260808_001\samples\S000152\femm\angle_12_attempt_1,,,2026-08-08T19:39:52.831+02:00,2026-08-08T19:40:43.469+02:00
S000152,15.0,completed,0.4332962951810719,1,0.0,0.5818196999898646,60.11592769998242,0.04137269998318516,60.87162900000112,30808,60390,20832,[],C:\Users\26096\Desktop\em\python_topopt\runs\band_supplement_300_20260808_001\samples\S000152\femm\angle_15_attempt_1,,,2026-08-08T19:40:43.538+02:00,2026-08-08T19:41:45.181+02:00
S000153,0.0,completed,0.4854122492563529,1,4.956745400006184,0.5402593000035267,25.36027269999613,0.03569019999122247,31.009338100004243,24771,48310,25048,[],C:\Users\26096\Desktop\em\python_topopt\runs\band_supplement_300_20260808_001\samples\S000153\femm\angle_0_attempt_1,,,2026-08-08T19:35:18.511+02:00,2026-08-08T19:35:52.107+02:00
S000153,3.0,completed,0.5715977837662517,1,0.0,0.5181661999959033,26.93214900000021,0.035926699987612665,27.60207600001013,24771,48310,15292,[],C:\Users\26096\Desktop\em\python_topopt\runs\band_supplement_300_20260808_001\samples\S000153\femm\angle_3_attempt_1,,,2026-08-08T19:35:52.160+02:00,2026-08-08T19:36:20.621+02:00
S000153,6.0,completed,0.5302826846553405,1,0.0,0.5076185000070836,26.190139399986947,0.042758299998240545,26.857850700005656,24771,48310,36764,[],C:\Users\26096\Desktop\em\python_topopt\runs\band_supplement_300_20260808_001\samples\S000153\femm\angle_6_attempt_1,,,2026-08-08T19:36:20.683+02:00,2026-08-08T19:36:48.433+02:00
S000153,9.0,completed,0.6005434653300527,1,0.0,0.5073349000012968,22.228331699996488,0.034971000015502796,22.89136770000914,24771,48310,5116,[],C:\Users\26096\Desktop\em\python_topopt\runs\band_supplement_300_20260808_001\samples\S000153\femm\angle_9_attempt_1,,,2026-08-08T19:36:48.496+02:00,2026-08-08T19:37:12.251+02:00
S000153,12.0,completed,0.3913445935630359,1,0.0,0.4975626000086777,21.64666220001527,0.05975650000618771,22.319354500010377,24771,48310,11632,[],C:\Users\26096\Desktop\em\python_topopt\runs\band_supplement_300_20260808_001\samples\S000153\femm\angle_12_attempt_1,,,2026-08-08T19:37:12.316+02:00,2026-08-08T19:37:35.506+02:00
S000153,15.0,completed,0.4848654436331051,1,0.0,0.5164873000176158,23.230546700011473,0.03997249997337349,23.90390760000446,24771,48310,24556,[],C:\Users\26096\Desktop\em\python_topopt\runs\band_supplement_300_20260808_001\samples\S000153\femm\angle_15_attempt_1,,,2026-08-08T19:37:35.570+02:00,2026-08-08T19:38:00.314+02:00
S000154,0.0,completed,0.5715373152788038,1,6.102652500005206,0.5359019000025,26.019770300015807,0.04088029998820275,32.82930060001672,26886,52534,29872,[],C:\Users\26096\Desktop\em\python_topopt\runs\band_supplement_300_20260808_001\samples\S000154\femm\angle_0_attempt_1,,,2026-08-08T19:35:18.559+02:00,2026-08-08T19:35:53.295+02:00
S000154,3.0,completed,0.5113639672771649,1,0.0,0.5685410000151023,27.418510099989362,0.039614499983144924,28.151091499981703,26886,52534,31372,[],C:\Users\26096\Desktop\em\python_topopt\runs\band_supplement_300_20260808_001\samples\S000154\femm\angle_3_attempt_1,,,2026-08-08T19:35:53.353+02:00,2026-08-08T19:36:22.356+02:00
S000154,6.0,completed,0.5113545459942227,1,0.0,0.5486254999996163,30.331390799983637,0.03940489998785779,31.046291200007545,26886,52534,9456,[],C:\Users\26096\Desktop\em\python_topopt\runs\band_supplement_300_20260808_001\samples\S000154\femm\angle_6_attempt_1,,,2026-08-08T19:36:22.424+02:00,2026-08-08T19:36:54.310+02:00
S000154,9.0,completed,0.4422274196743137,1,0.0,0.574443199991947,23.301705100020627,0.040553600003477186,24.04619989998173,26886,52534,17496,[],C:\Users\26096\Desktop\em\python_topopt\runs\band_supplement_300_20260808_001\samples\S000154\femm\angle_9_attempt_1,,,2026-08-08T19:36:54.371+02:00,2026-08-08T19:37:19.314+02:00
S000154,12.0,completed,0.4962767976167442,1,0.0,0.6110535000043456,22.49867629999062,0.038529899989953265,23.27171420000377,26886,52534,30792,[],C:\Users\26096\Desktop\em\python_topopt\runs\band_supplement_300_20260808_001\samples\S000154\femm\angle_12_attempt_1,,,2026-08-08T19:37:19.385+02:00,2026-08-08T19:37:43.547+02:00
S000154,15.0,completed,0.5689868381995382,1,0.0,0.5540038000035565,25.10171019998961,0.03907870000693947,25.842227000015555,26886,52534,32728,[],C:\Users\26096\Desktop\em\python_topopt\runs\band_supplement_300_20260808_001\samples\S000154\femm\angle_15_attempt_1,,,2026-08-08T19:37:43.608+02:00,2026-08-08T19:38:10.310+02:00
S000155,0.0,completed,0.3750443815462165,1,6.155859100021189,0.6592057000088971,62.289830800000345,0.04900810000253841,69.31990300002508,32342,63460,30476,[],C:\Users\26096\Desktop\em\python_topopt\runs\band_supplement_300_20260808_001\samples\S000155\femm\angle_0_attempt_1,,,2026-08-08T19:35:18.579+02:00,2026-08-08T19:36:30.611+02:00
S000155,3.0,completed,0.09524076601789065,1,0.0,0.7184130999958143,73.80199680000078,0.05149929999606684,74.73291180000524,32342,63460,26860,[],C:\Users\26096\Desktop\em\python_topopt\runs\band_supplement_300_20260808_001\samples\S000155\femm\angle_3_attempt_1,,,2026-08-08T19:36:30.672+02:00,2026-08-08T19:37:46.359+02:00
S000155,6.0,completed,0.4030260486960401,1,0.0,0.6817634000035468,53.46077830001013,0.042836899985559285,54.33198889999767,32342,63460,9252,[],C:\Users\26096\Desktop\em\python_topopt\runs\band_supplement_300_20260808_001\samples\S000155\femm\angle_6_attempt_1,,,2026-08-08T19:37:46.432+02:00,2026-08-08T19:38:41.607+02:00
S000155,9.0,completed,0.591860634032428,1,0.0,0.6187995999935083,64.26457189998473,0.04234750001342036,65.06914729997516,32342,63460,19824,[],C:\Users\26096\Desktop\em\python_topopt\runs\band_supplement_300_20260808_001\samples\S000155\femm\angle_9_attempt_1,,,2026-08-08T19:38:41.664+02:00,2026-08-08T19:39:47.492+02:00
S000155,12.0,completed,0.8206892590748193,1,0.0,0.615460200002417,59.857832100009546,0.049467000004369766,60.6678605999914,32342,63460,21176,[],C:\Users\26096\Desktop\em\python_topopt\runs\band_supplement_300_20260808_001\samples\S000155\femm\angle_12_attempt_1,,,2026-08-08T19:39:47.555+02:00,2026-08-08T19:40:49.005+02:00
S000155,15.0,completed,0.3752822936478825,1,0.0,0.6190927000134252,55.09758960001636,0.04194009999628179,55.90363200000138,32342,63460,20112,[],C:\Users\26096\Desktop\em\python_topopt\runs\band_supplement_300_20260808_001\samples\S000155\femm\angle_15_attempt_1,,,2026-08-08T19:40:49.058+02:00,2026-08-08T19:41:45.786+02:00
S000156,0.0,completed,0.6894238714282414,1,4.51247690001037,0.5256599999847822,52.70069319999311,0.040752500004600734,57.89953809999861,26447,51672,34628,[],C:\Users\26096\Desktop\em\python_topopt\runs\band_supplement_300_20260808_001\samples\S000156\femm\angle_0_attempt_1,,,2026-08-08T19:41:46.467+02:00,2026-08-08T19:42:45.893+02:00
S000156,3.0,completed,0.6235047433980789,1,0.0,0.5587995999958366,67.18498349998845,0.03454819999751635,67.89294250000967,26447,51672,11564,[],C:\Users\26096\Desktop\em\python_topopt\runs\band_supplement_300_20260808_001\samples\S000156\femm\angle_3_attempt_1,,,2026-08-08T19:42:45.952+02:00,2026-08-08T19:43:54.685+02:00
S000156,6.0,completed,0.6859304055060604,1,0.0,0.5070521000016015,51.06325880001532,0.03417009999975562,51.72282289998839,26447,51672,36920,[],C:\Users\26096\Desktop\em\python_topopt\runs\band_supplement_300_20260808_001\samples\S000156\femm\angle_6_attempt_1,,,2026-08-08T19:43:54.738+02:00,2026-08-08T19:44:47.253+02:00
S000156,9.0,completed,0.6988757085533125,1,0.0,0.5142081000085454,41.8005201999913,0.03562409998266958,42.46591120000812,26447,51672,28884,[],C:\Users\26096\Desktop\em\python_topopt\runs\band_supplement_300_20260808_001\samples\S000156\femm\angle_9_attempt_1,,,2026-08-08T19:44:47.322+02:00,2026-08-08T19:45:30.552+02:00
S000156,12.0,completed,0.667653088826426,1,0.0,0.5324171999818645,47.90347390001989,0.04268749998300336,48.599625300004845,26447,51672,31360,[],C:\Users\26096\Desktop\em\python_topopt\runs\band_supplement_300_20260808_001\samples\S000156\femm\angle_12_attempt_1,,,2026-08-08T19:45:30.606+02:00,2026-08-08T19:46:20.000+02:00
S000156,15.0,completed,0.6878075133613729,1,0.0,0.5127145000151359,47.65601289999904,0.04238110000733286,48.332425900007365,26447,51672,38572,[],C:\Users\26096\Desktop\em\python_topopt\runs\band_supplement_300_20260808_001\samples\S000156\femm\angle_15_attempt_1,,,2026-08-08T19:46:20.064+02:00,2026-08-08T19:47:09.199+02:00
S000157,0.0,completed,0.5974375309698596,1,4.5441018999845255,0.478684899979271,16.03812900002231,0.03259269997943193,21.19684189997497,23528,45812,34156,[],C:\Users\26096\Desktop\em\python_topopt\runs\band_supplement_300_20260808_001\samples\S000157\femm\angle_0_attempt_1,,,2026-08-08T19:41:46.495+02:00,2026-08-08T19:42:09.502+02:00
S000157,3.0,completed,0.5099747686179792,1,0.0,0.48502369999187067,12.331144900002982,0.03316019999329001,12.95111639998504,23528,45812,28632,[],C:\Users\26096\Desktop\em\python_topopt\runs\band_supplement_300_20260808_001\samples\S000157\femm\angle_3_attempt_1,,,2026-08-08T19:42:09.563+02:00,2026-08-08T19:42:23.349+02:00
S000157,6.0,completed,0.4992214505170644,1,0.0,0.47946180001599714,22.88415030000033,0.03788620000705123,23.518224100000225,23528,45812,32480,[],C:\Users\26096\Desktop\em\python_topopt\runs\band_supplement_300_20260808_001\samples\S000157\femm\angle_6_attempt_1,,,2026-08-08T19:42:23.418+02:00,2026-08-08T19:42:47.743+02:00
S000157,9.0,completed,0.4470640675503094,1,0.0,0.47758199999225326,15.209451800008537,0.03205769998021424,15.821364400006132,23528,45812,5652,[],C:\Users\26096\Desktop\em\python_topopt\runs\band_supplement_300_20260808_001\samples\S000157\femm\angle_9_attempt_1,,,2026-08-08T19:42:47.804+02:00,2026-08-08T19:43:04.467+02:00
S000157,12.0,completed,0.5139172987483023,1,0.0,0.48111100000096485,17.666358800022863,0.03355359999113716,18.290437399991788,23528,45812,3472,[],C:\Users\26096\Desktop\em\python_topopt\runs\band_supplement_300_20260808_001\samples\S000157\femm\angle_12_attempt_1,,,2026-08-08T19:43:04.533+02:00,2026-08-08T19:43:23.626+02:00
S000157,15.0,completed,0.5969936257715899,1,0.0,0.47880150002310984,14.67728200001875,0.03505779997794889,15.294444700004533,23528,45812,30632,[],C:\Users\26096\Desktop\em\python_topopt\runs\band_supplement_300_20260808_001\samples\S000157\femm\angle_15_attempt_1,,,2026-08-08T19:43:23.697+02:00,2026-08-08T19:43:39.828+02:00
S000158,0.0,completed,0.5868072601506601,1,6.786639900004957,0.6928903000080027,31.82370809998247,0.04652249999344349,39.50935500001651,34893,68554,7340,[],C:\Users\26096\Desktop\em\python_topopt\runs\band_supplement_300_20260808_001\samples\S000158\femm\angle_0_attempt_1,,,2026-08-08T19:41:46.511+02:00,2026-08-08T19:42:28.208+02:00
S000158,3.0,completed,0.5104135233066207,1,0.0,0.6868664000066929,48.626406399998814,0.04559680001693778,49.5167206999904,34893,68554,28912,[],C:\Users\26096\Desktop\em\python_topopt\runs\band_supplement_300_20260808_001\samples\S000158\femm\angle_3_attempt_1,,,2026-08-08T19:42:28.271+02:00,2026-08-08T19:43:18.630+02:00
S000158,6.0,completed,0.530060428465239,1,0.0,0.6965415000158828,38.6520148999989,0.04580650001298636,39.54779669997515,34893,68554,1548,[],C:\Users\26096\Desktop\em\python_topopt\runs\band_supplement_300_20260808_001\samples\S000158\femm\angle_6_attempt_1,,,2026-08-08T19:43:18.701+02:00,2026-08-08T19:43:59.043+02:00
S000158,9.0,completed,0.4924157871271514,1,0.0,0.6711239000142086,30.142698699986795,0.046256500005256385,31.006408399989596,34893,68554,38748,[],C:\Users\26096\Desktop\em\python_topopt\runs\band_supplement_300_20260808_001\samples\S000158\femm\angle_9_attempt_1,,,2026-08-08T19:43:59.112+02:00,2026-08-08T19:44:30.906+02:00
S000158,12.0,completed,0.5430340437000549,1,0.0,0.66867889999412,30.436982199986232,0.047296499978983775,31.302197299984982,34893,68554,13284,[],C:\Users\26096\Desktop\em\python_topopt\runs\band_supplement_300_20260808_001\samples\S000158\femm\angle_12_attempt_1,,,2026-08-08T19:44:30.974+02:00,2026-08-08T19:45:03.074+02:00
S000158,15.0,completed,0.5856740319437703,1,0.0,0.6660589999810327,36.05842570000095,0.04700880000018515,36.92204950001906,34893,68554,20956,[],C:\Users\26096\Desktop\em\python_topopt\runs\band_supplement_300_20260808_001\samples\S000158\femm\angle_15_attempt_1,,,2026-08-08T19:45:03.135+02:00,2026-08-08T19:45:40.807+02:00
S000159,0.0,completed,0.5293809052742726,1,7.771911899995757,0.6648044000030495,75.54632640001364,0.044324399990728125,84.18462879999424,31517,61808,16880,[],C:\Users\26096\Desktop\em\python_topopt\runs\band_supplement_300_20260808_001\samples\S000159\femm\angle_0_attempt_1,,,2026-08-08T19:47:10.069+02:00,2026-08-08T19:48:36.154+02:00
S000159,3.0,completed,0.6451227387827175,1,0.0,0.6766352999839,77.58420469998964,0.04718160000629723,78.46632640002645,31517,61808,9496,[],C:\Users\26096\Desktop\em\python_topopt\runs\band_supplement_300_20260808_001\samples\S000159\femm\angle_3_attempt_1,,,2026-08-08T19:48:36.223+02:00,2026-08-08T19:49:55.684+02:00
S000159,6.0,completed,0.5300781930459637,1,0.0,0.6602294000040274,80.63814049999928,0.043272500013699755,81.48544099999708,31517,61808,24668,[],C:\Users\26096\Desktop\em\python_topopt\runs\band_supplement_300_20260808_001\samples\S000159\femm\angle_6_attempt_1,,,2026-08-08T19:49:55.755+02:00,2026-08-08T19:51:18.226+02:00
S000159,9.0,completed,0.5150706375838948,1,0.0,0.622266899998067,72.72874059999594,0.04054099999484606,73.52817720000166,31517,61808,30760,[],C:\Users\26096\Desktop\em\python_topopt\runs\band_supplement_300_20260808_001\samples\S000159\femm\angle_9_attempt_1,,,2026-08-08T19:51:18.297+02:00,2026-08-08T19:52:32.730+02:00
S000159,12.0,completed,0.3667379305912495,1,0.0,0.6007978999987245,50.75608379999176,0.04021690000081435,51.53180200001225,31517,61808,7208,[],C:\Users\26096\Desktop\em\python_topopt\runs\band_supplement_300_20260808_001\samples\S000159\femm\angle_12_attempt_1,,,2026-08-08T19:52:32.790+02:00,2026-08-08T19:53:25.037+02:00
S000159,15.0,completed,0.5288755581183411,1,0.0,0.594908699975349,47.16011960001197,0.04026680000242777,47.9297377000039,31517,61808,30276,[],C:\Users\26096\Desktop\em\python_topopt\runs\band_supplement_300_20260808_001\samples\S000159\femm\angle_15_attempt_1,,,2026-08-08T19:53:25.108+02:00,2026-08-08T19:54:13.835+02:00
S000160,0.0,completed,0.6994612068580359,1,12.752680000005057,0.6934739999996964,49.590500199992675,0.04609399999026209,63.24592690001009,32046,62858,16996,[],C:\Users\26096\Desktop\em\python_topopt\runs\band_supplement_300_20260808_001\samples\S000160\femm\angle_0_attempt_1,,,2026-08-08T19:47:10.101+02:00,2026-08-08T19:48:16.272+02:00
S000160,3.0,completed,0.650760535321814,1,0.0,0.7210372999834362,47.86828799999785,0.04599620000226423,48.792930600000545,32046,62858,23084,[],C:\Users\26096\Desktop\em\python_topopt\runs\band_supplement_300_20260808_001\samples\S000160\femm\angle_3_attempt_1,,,2026-08-08T19:48:16.333+02:00,2026-08-08T19:49:06.137+02:00
S000160,6.0,completed,0.6235665680134626,1,0.0,0.6773967000190169,55.46207029998186,0.044020600005751476,56.34082869999111,32046,62858,21272,[],C:\Users\26096\Desktop\em\python_topopt\runs\band_supplement_300_20260808_001\samples\S000160\femm\angle_6_attempt_1,,,2026-08-08T19:49:06.208+02:00,2026-08-08T19:50:03.480+02:00
S000160,9.0,completed,0.4791595864153346,1,0.0,0.6695607000146993,46.456210200005444,0.044234000000869855,47.32590799999889,32046,62858,19656,[],C:\Users\26096\Desktop\em\python_topopt\runs\band_supplement_300_20260808_001\samples\S000160\femm\angle_9_attempt_1,,,2026-08-08T19:50:03.550+02:00,2026-08-08T19:50:51.859+02:00
S000160,12.0,completed,0.5935285322618599,1,0.0,0.705932999990182,45.96130309998989,0.048896699998294935,46.865205100009916,32046,62858,17820,[],C:\Users\26096\Desktop\em\python_topopt\runs\band_supplement_300_20260808_001\samples\S000160\femm\angle_12_attempt_1,,,2026-08-08T19:50:51.932+02:00,2026-08-08T19:51:39.697+02:00
S000160,15.0,completed,0.7008118454227398,1,0.0,0.6748923000122886,48.48378350000712,0.04331730000558309,49.347937300015474,32046,62858,33860,[],C:\Users\26096\Desktop\em\python_topopt\runs\band_supplement_300_20260808_001\samples\S000160\femm\angle_15_attempt_1,,,2026-08-08T19:51:39.758+02:00,2026-08-08T19:52:30.007+02:00
S000161,0.0,completed,0.5261497620775311,1,12.569495900010224,0.6596716000058223,42.140245899994625,0.046607600001152605,55.57200260000536,31177,61130,37268,[],C:\Users\26096\Desktop\em\python_topopt\runs\band_supplement_300_20260808_001\samples\S000161\femm\angle_0_attempt_1,,,2026-08-08T19:47:10.123+02:00,2026-08-08T19:48:07.850+02:00
S000161,3.0,completed,0.6917306610891911,1,0.0,0.6963428000162821,38.24325850000605,0.04482619999907911,39.14021189999767,31177,61130,22360,[],C:\Users\26096\Desktop\em\python_topopt\runs\band_supplement_300_20260808_001\samples\S000161\femm\angle_3_attempt_1,,,2026-08-08T19:48:07.914+02:00,2026-08-08T19:48:48.024+02:00
S000161,6.0,completed,0.7381854475244672,1,0.0,0.6964078999881167,61.75225059999502,0.04427070001838729,62.63382309998269,31177,61130,8672,[],C:\Users\26096\Desktop\em\python_topopt\runs\band_supplement_300_20260808_001\samples\S000161\femm\angle_6_attempt_1,,,2026-08-08T19:48:48.104+02:00,2026-08-08T19:49:51.661+02:00
S000161,9.0,completed,0.4947150743718838,1,0.0,0.6725938000017777,68.81313670001691,0.04399279999779537,69.67176430000109,31177,61130,38604,[],C:\Users\26096\Desktop\em\python_topopt\runs\band_supplement_300_20260808_001\samples\S000161\femm\angle_9_attempt_1,,,2026-08-08T19:49:51.730+02:00,2026-08-08T19:51:02.340+02:00
S000161,12.0,completed,0.3991896594114636,1,0.0,0.6600731000071391,36.734659800014924,0.044288900011451915,37.589808400021866,31177,61130,35380,[],C:\Users\26096\Desktop\em\python_topopt\runs\band_supplement_300_20260808_001\samples\S000161\femm\angle_12_attempt_1,,,2026-08-08T19:51:02.402+02:00,2026-08-08T19:51:40.943+02:00
S000161,15.0,completed,0.5248379793470763,1,0.0,0.6642938000150025,44.40026489997399,0.041993899998487905,45.24211029999424,31177,61130,8108,[],C:\Users\26096\Desktop\em\python_topopt\runs\band_supplement_300_20260808_001\samples\S000161\femm\angle_15_attempt_1,,,2026-08-08T19:51:41.014+02:00,2026-08-08T19:52:27.089+02:00
S000162,0.0,completed,0.7571180621051125,1,4.537662100017769,0.5340809999906924,68.48473840000224,0.03587699998752214,73.7226247000217,25757,50274,36048,[],C:\Users\26096\Desktop\em\python_topopt\runs\band_supplement_300_20260808_001\samples\S000162\femm\angle_0_attempt_1,,,2026-08-08T19:47:10.138+02:00,2026-08-08T19:48:26.374+02:00
S000162,3.0,completed,0.7064386133847447,1,0.0,0.5386844000022393,83.92088760001934,0.035381399997277185,84.61790889999247,25757,50274,27776,[],C:\Users\26096\Desktop\em\python_topopt\runs\band_supplement_300_20260808_001\samples\S000162\femm\angle_3_attempt_1,,,2026-08-08T19:48:26.445+02:00,2026-08-08T19:49:52.066+02:00
S000162,6.0,completed,0.752762840982596,1,0.0,0.5525540999951772,61.18202549999114,0.03644769999664277,61.89845169999171,25757,50274,37612,[],C:\Users\26096\Desktop\em\python_topopt\runs\band_supplement_300_20260808_001\samples\S000162\femm\angle_6_attempt_1,,,2026-08-08T19:49:52.136+02:00,2026-08-08T19:50:54.950+02:00
S000162,9.0,completed,0.9600115540625804,1,0.0,0.5690720999846235,65.50132310000481,0.0355066999909468,66.234123000002,25757,50274,37560,[],C:\Users\26096\Desktop\em\python_topopt\runs\band_supplement_300_20260808_001\samples\S000162\femm\angle_9_attempt_1,,,2026-08-08T19:50:55.021+02:00,2026-08-08T19:52:02.198+02:00
S000162,12.0,completed,0.9349198672031394,1,0.0,0.5557708000123966,49.88095409999369,0.03542400000151247,50.58672749999096,25757,50274,22924,[],C:\Users\26096\Desktop\em\python_topopt\runs\band_supplement_300_20260808_001\samples\S000162\femm\angle_12_attempt_1,,,2026-08-08T19:52:02.269+02:00,2026-08-08T19:52:53.749+02:00
S000162,15.0,completed,0.7570293456306559,1,0.0,0.5227970000123605,54.94959600002039,0.03544169999076985,55.6242409000115,25757,50274,17724,[],C:\Users\26096\Desktop\em\python_topopt\runs\band_supplement_300_20260808_001\samples\S000162\femm\angle_15_attempt_1,,,2026-08-08T19:52:53.811+02:00,2026-08-08T19:53:50.234+02:00
S000163,0.0,completed,0.5872554357329728,1,10.201571199984755,0.5654207000043243,24.890676699986216,0.03829100000439212,35.81815310000093,25562,49888,6836,[],C:\Users\26096\Desktop\em\python_topopt\runs\band_supplement_300_20260808_001\samples\S000163\femm\angle_0_attempt_1,,,2026-08-08T19:47:10.169+02:00,2026-08-08T19:47:49.458+02:00
S000163,3.0,completed,0.7129239427544413,1,0.0,0.5339748999977019,16.637675100006163,0.04124750001938082,17.35001649998594,25562,49888,28704,[],C:\Users\26096\Desktop\em\python_topopt\runs\band_supplement_300_20260808_001\samples\S000163\femm\angle_3_attempt_1,,,2026-08-08T19:47:49.519+02:00,2026-08-08T19:48:07.936+02:00
S000163,6.0,completed,0.7311849679836999,1,0.0,0.5845599000167567,19.523815799999284,0.03967429997283034,20.27821089999634,25562,49888,15412,[],C:\Users\26096\Desktop\em\python_topopt\runs\band_supplement_300_20260808_001\samples\S000163\femm\angle_6_attempt_1,,,2026-08-08T19:48:08.006+02:00,2026-08-08T19:48:29.523+02:00
S000163,9.0,completed,0.5775671704026074,1,0.0,0.5878079999820329,14.31242299999576,0.03729229999589734,15.062412300001597,25562,49888,15280,[],C:\Users\26096\Desktop\em\python_topopt\runs\band_supplement_300_20260808_001\samples\S000163\femm\angle_9_attempt_1,,,2026-08-08T19:48:29.594+02:00,2026-08-08T19:48:45.622+02:00
S000163,12.0,completed,0.5283768243889092,1,0.0,0.544796000001952,22.45434650001698,0.04647170001408085,23.18514009998762,25562,49888,22328,[],C:\Users\26096\Desktop\em\python_topopt\runs\band_supplement_300_20260808_001\samples\S000163\femm\angle_12_attempt_1,,,2026-08-08T19:48:45.703+02:00,2026-08-08T19:49:09.897+02:00
S000163,15.0,completed,0.5876312812719553,1,0.0,0.5647909000108484,20.593201799987582,0.03638099998352118,21.32167869998375,25562,49888,34328,[],C:\Users\26096\Desktop\em\python_topopt\runs\band_supplement_300_20260808_001\samples\S000163\femm\angle_15_attempt_1,,,2026-08-08T19:49:09.968+02:00,2026-08-08T19:49:32.302+02:00
S000164,0.0,completed,0.6785906478542957,1,2.6655052000132855,0.5840262999990955,32.518577799986815,0.04514440000639297,35.95280740002636,31650,62074,31768,[],C:\Users\26096\Desktop\em\python_topopt\runs\band_supplement_300_20260808_001\samples\S000164\femm\angle_0_attempt_1,,,2026-08-08T19:54:14.274+02:00,2026-08-08T19:54:51.776+02:00
S000164,3.0,completed,0.6250520863924737,1,0.0,0.5917484999808948,41.19937829999253,0.04156479999073781,41.978069000004325,31650,62074,16200,[],C:\Users\26096\Desktop\em\python_topopt\runs\band_supplement_300_20260808_001\samples\S000164\femm\angle_3_attempt_1,,,2026-08-08T19:54:51.820+02:00,2026-08-08T19:55:34.557+02:00
S000164,6.0,completed,0.6480261515583788,1,0.0,0.5881840999936685,31.67699029998039,0.04789089999394491,32.44943949999288,31650,62074,24244,[],C:\Users\26096\Desktop\em\python_topopt\runs\band_supplement_300_20260808_001\samples\S000164\femm\angle_6_attempt_1,,,2026-08-08T19:55:34.623+02:00,2026-08-08T19:56:07.886+02:00
S000164,9.0,completed,0.5952090239807255,1,0.0,0.5890148999751545,25.740217400016263,0.04648789999191649,26.517127099999925,31650,62074,34132,[],C:\Users\26096\Desktop\em\python_topopt\runs\band_supplement_300_20260808_001\samples\S000164\femm\angle_9_attempt_1,,,2026-08-08T19:56:07.935+02:00,2026-08-08T19:56:35.278+02:00
S000164,12.0,completed,0.6172299425475266,1,0.0,0.5764268000202719,33.150228099984815,0.04948859999421984,33.915999099990586,31650,62074,25756,[],C:\Users\26096\Desktop\em\python_topopt\runs\band_supplement_300_20260808_001\samples\S000164\femm\angle_12_attempt_1,,,2026-08-08T19:56:35.348+02:00,2026-08-08T19:57:10.031+02:00
S000164,15.0,completed,0.677098045164329,1,0.0,0.5891860999981873,42.008815799985314,0.0442742999875918,42.774969399994006,31650,62074,29680,[],C:\Users\26096\Desktop\em\python_topopt\runs\band_supplement_300_20260808_001\samples\S000164\femm\angle_15_attempt_1,,,2026-08-08T19:57:10.085+02:00,2026-08-08T19:57:53.663+02:00
S000165,0.0,completed,0.7106674339795623,1,11.438714400021126,0.5556188000191469,28.44436360002146,0.0527416999975685,40.64111330002197,25897,50564,38580,[],C:\Users\26096\Desktop\em\python_topopt\runs\band_supplement_300_20260808_001\samples\S000165\femm\angle_0_attempt_1,,,2026-08-08T19:57:54.620+02:00,2026-08-08T19:58:37.048+02:00
S000165,3.0,completed,0.7178727537143853,1,0.0,0.5983772999898065,28.7950145000068,0.050290999992284924,29.593368000001647,25897,50564,6464,[],C:\Users\26096\Desktop\em\python_topopt\runs\band_supplement_300_20260808_001\samples\S000165\femm\angle_3_attempt_1,,,2026-08-08T19:58:37.118+02:00,2026-08-08T19:59:07.692+02:00
S000165,6.0,completed,0.6159377508455641,1,0.0,0.5874119999934919,31.269344999978784,0.04022150000673719,32.023816500004614,25897,50564,8040,[],C:\Users\26096\Desktop\em\python_topopt\runs\band_supplement_300_20260808_001\samples\S000165\femm\angle_6_attempt_1,,,2026-08-08T19:59:07.773+02:00,2026-08-08T19:59:40.784+02:00
S000165,9.0,completed,0.7064855074531617,1,0.0,0.5271217999979854,34.33556370000588,0.054474900010973215,35.03792220001924,25897,50564,30012,[],C:\Users\26096\Desktop\em\python_topopt\runs\band_supplement_300_20260808_001\samples\S000165\femm\angle_9_attempt_1,,,2026-08-08T19:59:40.855+02:00,2026-08-08T20:00:16.860+02:00
S000165,12.0,completed,0.7199204420611799,1,0.0,0.554757600009907,47.85715060000075,0.037143199995625764,48.5685885999992,25897,50564,36540,[],C:\Users\26096\Desktop\em\python_topopt\runs\band_supplement_300_20260808_001\samples\S000165\femm\angle_12_attempt_1,,,2026-08-08T20:00:16.931+02:00,2026-08-08T20:01:06.440+02:00
S000165,15.0,completed,0.7103699885023944,1,0.0,0.4916016000206582,18.691230199998245,0.03521750000072643,19.33598139998503,25897,50564,32876,[],C:\Users\26096\Desktop\em\python_topopt\runs\band_supplement_300_20260808_001\samples\S000165\femm\angle_15_attempt_1,,,2026-08-08T20:01:06.504+02:00,2026-08-08T20:01:26.683+02:00
S000166,0.0,completed,0.7113177402644076,1,10.59517199997208,0.5330274000007194,28.30025410000235,0.05782820002059452,39.61984269999084,25057,48882,13096,[],C:\Users\26096\Desktop\em\python_topopt\runs\band_supplement_300_20260808_001\samples\S000166\femm\angle_0_attempt_1,,,2026-08-08T19:57:54.636+02:00,2026-08-08T19:58:36.401+02:00
S000166,3.0,completed,0.7184988478560799,1,0.0,0.5493919999862555,25.50414889998501,0.0355975000129547,26.210549399984302,25057,48882,30216,[],C:\Users\26096\Desktop\em\python_topopt\runs\band_supplement_300_20260808_001\samples\S000166\femm\angle_3_attempt_1,,,2026-08-08T19:58:36.462+02:00,2026-08-08T19:59:03.689+02:00
S000166,6.0,completed,0.6230474274956495,1,0.0,0.5290992000082042,24.51765389999491,0.03817099999287166,25.203557300003013,25057,48882,19088,[],C:\Users\26096\Desktop\em\python_topopt\runs\band_supplement_300_20260808_001\samples\S000166\femm\angle_6_attempt_1,,,2026-08-08T19:59:03.759+02:00,2026-08-08T19:59:29.937+02:00
S000166,9.0,completed,0.7092257552900795,1,0.0,0.546795000002021,34.054110400000354,0.0404802999983076,34.777467100007925,25057,48882,35900,[],C:\Users\26096\Desktop\em\python_topopt\runs\band_supplement_300_20260808_001\samples\S000166\femm\angle_9_attempt_1,,,2026-08-08T19:59:30.019+02:00,2026-08-08T20:00:05.804+02:00
S000166,12.0,completed,0.7199256201750024,1,0.0,0.5374525999941397,31.4199686999782,0.03835240000626072,32.109006399987265,25057,48882,17876,[],C:\Users\26096\Desktop\em\python_topopt\runs\band_supplement_300_20260808_001\samples\S000166\femm\angle_12_attempt_1,,,2026-08-08T20:00:05.875+02:00,2026-08-08T20:00:38.881+02:00
S000166,15.0,completed,0.7101900143466704,1,0.0,0.4938831999897957,18.78563589998521,0.03967040000134148,19.449500199989416,25057,48882,26568,[],C:\Users\26096\Desktop\em\python_topopt\runs\band_supplement_300_20260808_001\samples\S000166\femm\angle_15_attempt_1,,,2026-08-08T20:00:38.954+02:00,2026-08-08T20:00:59.225+02:00
S000167,0.0,completed,0.5661518435658348,1,12.11197820000234,0.6619278999860398,22.247488199995132,0.045685999997658655,35.21138060002704,27567,53900,18164,[],C:\Users\26096\Desktop\em\python_topopt\runs\band_supplement_300_20260808_001\samples\S000167\femm\angle_0_attempt_1,,,2026-08-08T19:57:54.654+02:00,2026-08-08T19:58:32.962+02:00
S000167,3.0,completed,0.7194738384549745,1,0.0,0.5981165000121109,30.212688800005708,0.04493450000882149,31.008441800018772,27567,53900,27828,[],C:\Users\26096\Desktop\em\python_topopt\runs\band_supplement_300_20260808_001\samples\S000167\femm\angle_3_attempt_1,,,2026-08-08T19:58:33.023+02:00,2026-08-08T19:59:04.981+02:00
S000167,6.0,completed,0.6676315997502883,1,0.0,0.6299682999961078,18.767689700005576,0.042732999980216846,19.589297700003954,27567,53900,27684,[],C:\Users\26096\Desktop\em\python_topopt\runs\band_supplement_300_20260808_001\samples\S000167\femm\angle_6_attempt_1,,,2026-08-08T19:59:05.052+02:00,2026-08-08T19:59:25.529+02:00
S000167,9.0,completed,0.625934011138262,1,0.0,0.5936101999832317,19.21847120000166,0.041392299986910075,19.99664880000637,27567,53900,1496,[],C:\Users\26096\Desktop\em\python_topopt\runs\band_supplement_300_20260808_001\samples\S000167\femm\angle_9_attempt_1,,,2026-08-08T19:59:25.599+02:00,2026-08-08T19:59:46.536+02:00
S000167,12.0,completed,0.4145129423058184,1,0.0,0.6095385999942664,22.56425239998498,0.04522279999218881,23.36099070002092,27567,53900,23500,[],C:\Users\26096\Desktop\em\python_topopt\runs\band_supplement_300_20260808_001\samples\S000167\femm\angle_12_attempt_1,,,2026-08-08T19:59:46.606+02:00,2026-08-08T20:00:10.967+02:00
S000167,15.0,completed,0.5636409550827186,1,0.0,0.6112551999976858,20.683029000007082,0.04184649998205714,21.475861699989764,27567,53900,5596,[],C:\Users\26096\Desktop\em\python_topopt\runs\band_supplement_300_20260808_001\samples\S000167\femm\angle_15_attempt_1,,,2026-08-08T20:00:11.038+02:00,2026-08-08T20:00:33.416+02:00
S000168,0.0,completed,0.6383351682287953,1,11.491923099994892,0.5194997999933548,18.934396099997684,0.038811500009614974,31.100557199970353,24334,47430,18932,[],C:\Users\26096\Desktop\em\python_topopt\runs\band_supplement_300_20260808_001\samples\S000168\femm\angle_0_attempt_1,,,2026-08-08T19:57:54.670+02:00,2026-08-08T19:58:29.046+02:00
S000168,3.0,completed,0.761006484784642,1,0.0,0.5272135999985039,33.254390500020236,0.04159209999488667,33.94249220000347,24334,47430,30108,[],C:\Users\26096\Desktop\em\python_topopt\runs\band_supplement_300_20260808_001\samples\S000168\femm\angle_3_attempt_1,,,2026-08-08T19:58:29.108+02:00,2026-08-08T19:59:03.992+02:00
S000168,6.0,completed,0.6750523479906955,1,0.0,0.5310657999943942,17.65884879999794,0.037205100001301616,18.346567999979015,24334,47430,6080,[],C:\Users\26096\Desktop\em\python_topopt\runs\band_supplement_300_20260808_001\samples\S000168\femm\angle_6_attempt_1,,,2026-08-08T19:59:04.061+02:00,2026-08-08T19:59:23.427+02:00
S000168,9.0,completed,0.6775068491401249,1,0.0,0.5463784000021406,17.167399300000397,0.03754489999846555,17.87435880000703,24334,47430,31956,[],C:\Users\26096\Desktop\em\python_topopt\runs\band_supplement_300_20260808_001\samples\S000168\femm\angle_9_attempt_1,,,2026-08-08T19:59:23.508+02:00,2026-08-08T19:59:42.329+02:00
S000168,12.0,completed,0.5027578580301513,1,0.0,0.5356027999951039,19.60601139999926,0.034974000009242445,20.29354690000764,24334,47430,36012,[],C:\Users\26096\Desktop\em\python_topopt\runs\band_supplement_300_20260808_001\samples\S000168\femm\angle_12_attempt_1,,,2026-08-08T19:59:42.402+02:00,2026-08-08T20:00:03.587+02:00
S000168,15.0,completed,0.6380669497042815,1,0.0,0.5109618999995291,21.702224099979503,0.04251480000675656,22.374840100004803,24334,47430,7340,[],C:\Users\26096\Desktop\em\python_topopt\runs\band_supplement_300_20260808_001\samples\S000168\femm\angle_15_attempt_1,,,2026-08-08T20:00:03.658+02:00,2026-08-08T20:00:26.966+02:00
S000169,0.0,completed,0.7147724113902847,1,11.104003799991915,0.5647867000079714,24.774283000006108,0.03840199997648597,36.60035899997456,24562,47884,31908,[],C:\Users\26096\Desktop\em\python_topopt\runs\band_supplement_300_20260808_001\samples\S000169\femm\angle_0_attempt_1,,,2026-08-08T19:57:54.701+02:00,2026-08-08T19:58:33.700+02:00
S000169,3.0,completed,0.7170703911019116,1,0.0,0.577596299990546,43.37106989999302,0.03781019998132251,44.107792199996766,24562,47884,17744,[],C:\Users\26096\Desktop\em\python_topopt\runs\band_supplement_300_20260808_001\samples\S000169\femm\angle_3_attempt_1,,,2026-08-08T19:58:33.760+02:00,2026-08-08T19:59:18.798+02:00
S000169,6.0,completed,0.6200324825948698,1,0.0,0.5314920000091661,28.05567639999208,0.035667399992235005,28.751476900011767,24562,47884,35800,[],C:\Users\26096\Desktop\em\python_topopt\runs\band_supplement_300_20260808_001\samples\S000169\femm\angle_6_attempt_1,,,2026-08-08T19:59:18.871+02:00,2026-08-08T19:59:48.587+02:00
S000169,9.0,completed,0.7147035845664884,1,0.0,0.5785679999971762,41.492381499992916,0.037701699999161065,42.22123769999598,24562,47884,38176,[],C:\Users\26096\Desktop\em\python_topopt\runs\band_supplement_300_20260808_001\samples\S000169\femm\angle_9_attempt_1,,,2026-08-08T19:59:48.660+02:00,2026-08-08T20:00:31.837+02:00
S000169,12.0,completed,0.7261703316337863,1,0.0,0.5316208000003826,28.393116799998097,0.0326956000062637,29.064932200009935,24562,47884,29532,[],C:\Users\26096\Desktop\em\python_topopt\runs\band_supplement_300_20260808_001\samples\S000169\femm\angle_12_attempt_1,,,2026-08-08T20:00:31.898+02:00,2026-08-08T20:01:01.799+02:00
S000169,15.0,completed,0.71450904695688,1,0.0,0.5027838000096381,18.415595900005428,0.03398319997359067,19.05863769998541,24562,47884,37180,[],C:\Users\26096\Desktop\em\python_topopt\runs\band_supplement_300_20260808_001\samples\S000169\femm\angle_15_attempt_1,,,2026-08-08T20:01:01.868+02:00,2026-08-08T20:01:21.653+02:00
S000170,0.0,completed,0.3125304096009038,1,2.5422681999916676,0.5312012999784201,11.294467700005043,0.0370884999865666,14.530214400001569,26369,51502,30276,[],C:\Users\26096\Desktop\em\python_topopt\runs\band_supplement_300_20260808_001\samples\S000170\femm\angle_0_attempt_1,,,2026-08-08T20:01:27.298+02:00,2026-08-08T20:01:43.408+02:00
S000170,3.0,completed,0.2635726121509719,1,0.0,0.530725100019481,15.260566099983407,0.03553339999052696,15.946354200015776,26369,51502,35008,[],C:\Users\26096\Desktop\em\python_topopt\runs\band_supplement_300_20260808_001\samples\S000170\femm\angle_3_attempt_1,,,2026-08-08T20:01:43.468+02:00,2026-08-08T20:02:00.232+02:00
S000170,6.0,completed,0.297487780140636,1,0.0,0.5312504000030458,15.455070299998624,0.04162580001866445,16.145497999998042,26369,51502,25056,[],C:\Users\26096\Desktop\em\python_topopt\runs\band_supplement_300_20260808_001\samples\S000170\femm\angle_6_attempt_1,,,2026-08-08T20:02:00.293+02:00,2026-08-08T20:02:17.270+02:00
S000170,9.0,completed,0.3585213368500148,1,0.0,0.5472743000136688,16.50794219999807,0.03981530002783984,17.214769999991404,26369,51502,22056,[],C:\Users\26096\Desktop\em\python_topopt\runs\band_supplement_300_20260808_001\samples\S000170\femm\angle_9_attempt_1,,,2026-08-08T20:02:17.336+02:00,2026-08-08T20:02:35.397+02:00
S000170,12.0,completed,0.3694606772688683,1,0.0,0.5060544000007212,13.06681699998444,0.037505900021642447,13.724876499996753,26369,51502,11504,[],C:\Users\26096\Desktop\em\python_topopt\runs\band_supplement_300_20260808_001\samples\S000170\femm\angle_12_attempt_1,,,2026-08-08T20:02:35.467+02:00,2026-08-08T20:02:50.031+02:00
S000170,15.0,completed,0.3121875963227536,1,0.0,0.5289246000174899,11.913746800011722,0.03553729999111965,12.598889899993083,26369,51502,32232,[],C:\Users\26096\Desktop\em\python_topopt\runs\band_supplement_300_20260808_001\samples\S000170\femm\angle_15_attempt_1,,,2026-08-08T20:02:50.099+02:00,2026-08-08T20:03:03.500+02:00
S000171,0.0,completed,0.5355381357643076,1,6.298232800007099,0.5901512000127696,27.789411700010533,0.044112399977166206,34.85576320000109,29763,58292,12684,[],C:\Users\26096\Desktop\em\python_topopt\runs\band_supplement_300_20260808_001\samples\S000171\femm\angle_0_attempt_1,,,2026-08-08T20:01:27.321+02:00,2026-08-08T20:02:04.461+02:00
S000171,3.0,completed,0.4259667391622833,1,0.0,0.5580615999933798,48.31293359998381,0.03983419999713078,49.04813029998331,29763,58292,26348,[],C:\Users\26096\Desktop\em\python_topopt\runs\band_supplement_300_20260808_001\samples\S000171\femm\angle_3_attempt_1,,,2026-08-08T20:02:04.514+02:00,2026-08-08T20:02:54.412+02:00
S000171,6.0,completed,0.3372115513374654,1,0.0,0.5665115999872796,50.00128989998484,0.04439010002533905,50.74664919998031,29763,58292,15060,[],C:\Users\26096\Desktop\em\python_topopt\runs\band_supplement_300_20260808_001\samples\S000171\femm\angle_6_attempt_1,,,2026-08-08T20:02:54.481+02:00,2026-08-08T20:03:46.045+02:00
S000171,9.0,completed,0.5480472062701504,1,0.0,0.5659067000087816,31.151098499976797,0.04174079999211244,31.88718130000052,29763,58292,7644,[],C:\Users\26096\Desktop\em\python_topopt\runs\band_supplement_300_20260808_001\samples\S000171\femm\angle_9_attempt_1,,,2026-08-08T20:03:46.097+02:00,2026-08-08T20:04:18.743+02:00
S000171,12.0,completed,0.5699152003610741,1,0.0,0.5633871000027284,28.429393700003857,0.04848289999063127,29.174172400002135,29763,58292,13768,[],C:\Users\26096\Desktop\em\python_topopt\runs\band_supplement_300_20260808_001\samples\S000171\femm\angle_12_attempt_1,,,2026-08-08T20:04:18.804+02:00,2026-08-08T20:04:48.763+02:00
S000171,15.0,completed,0.5343761439329696,1,0.0,0.5392418999981601,24.968864499998745,0.03887899999972433,25.672677799972007,29763,58292,34220,[],C:\Users\26096\Desktop\em\python_topopt\runs\band_supplement_300_20260808_001\samples\S000171\femm\angle_15_attempt_1,,,2026-08-08T20:04:48.825+02:00,2026-08-08T20:05:15.275+02:00
S000172,0.0,completed,0.6989802878601937,1,5.2155212000070605,0.46888420000323094,9.693316699995194,0.03284269999130629,15.522610300016822,22379,43526,8556,[],C:\Users\26096\Desktop\em\python_topopt\runs\band_supplement_300_20260808_001\samples\S000172\femm\angle_0_attempt_1,,,2026-08-08T20:01:27.352+02:00,2026-08-08T20:01:44.716+02:00
S000172,3.0,completed,0.7124158244173623,1,0.0,0.46299649999127723,9.02638389999629,0.0322675000061281,9.622729299997445,22379,43526,19088,[],C:\Users\26096\Desktop\em\python_topopt\runs\band_supplement_300_20260808_001\samples\S000172\femm\angle_3_attempt_1,,,2026-08-08T20:01:44.769+02:00,2026-08-08T20:01:55.244+02:00
S000172,6.0,completed,0.603679543831836,1,0.0,0.44840779999503866,12.710760999994818,0.0333198000153061,13.297897500015097,22379,43526,17152,[],C:\Users\26096\Desktop\em\python_topopt\runs\band_supplement_300_20260808_001\samples\S000172\femm\angle_6_attempt_1,,,2026-08-08T20:01:55.318+02:00,2026-08-08T20:02:09.435+02:00
S000172,9.0,completed,0.6901890057111701,1,0.0,0.4446738999977242,14.5945046999841,0.03799469998921268,15.178884900000412,22379,43526,13212,[],C:\Users\26096\Desktop\em\python_topopt\runs\band_supplement_300_20260808_001\samples\S000172\femm\angle_9_attempt_1,,,2026-08-08T20:02:09.506+02:00,2026-08-08T20:02:25.510+02:00
S000172,12.0,completed,0.7052189293521185,1,0.0,0.4543705999967642,14.785401999979513,0.03138880000915378,15.374873699998716,22379,43526,21464,[],C:\Users\26096\Desktop\em\python_topopt\runs\band_supplement_300_20260808_001\samples\S000172\femm\angle_12_attempt_1,,,2026-08-08T20:02:25.579+02:00,2026-08-08T20:02:41.772+02:00
S000172,15.0,completed,0.6994190775869232,1,0.0,0.4533469000016339,8.440152600000147,0.03364599999622442,9.030349499982549,22379,43526,7884,[],C:\Users\26096\Desktop\em\python_topopt\runs\band_supplement_300_20260808_001\samples\S000172\femm\angle_15_attempt_1,,,2026-08-08T20:02:41.841+02:00,2026-08-08T20:02:51.688+02:00
S000173,0.0,completed,0.5056137569048478,1,5.735345099994447,0.666404399991734,92.48788319999585,0.042787799990037456,99.06931399999303,30768,60300,15512,[],C:\Users\26096\Desktop\em\python_topopt\runs\band_supplement_300_20260808_001\samples\S000173\femm\angle_0_attempt_1,,,2026-08-08T20:05:16.012+02:00,2026-08-08T20:06:56.917+02:00
S000173,3.0,completed,0.4470892828220779,1,0.0,0.6376958999899216,57.84684829998878,0.03975019999779761,58.6620033000072,30768,60300,5156,[],C:\Users\26096\Desktop\em\python_topopt\runs\band_supplement_300_20260808_001\samples\S000173\femm\angle_3_attempt_1,,,2026-08-08T20:06:56.969+02:00,2026-08-08T20:07:56.414+02:00
S000173,6.0,completed,0.4325742218674717,1,0.0,0.6193034999887459,71.88019530000747,0.04228449999936856,72.68253260001075,30768,60300,29584,[],C:\Users\26096\Desktop\em\python_topopt\runs\band_supplement_300_20260808_001\samples\S000173\femm\angle_6_attempt_1,,,2026-08-08T20:07:56.467+02:00,2026-08-08T20:09:09.893+02:00
S000173,9.0,completed,0.3041766608143496,1,0.0,0.6109733000048436,72.16096660000039,0.042715399991720915,72.95024619999458,30768,60300,16644,[],C:\Users\26096\Desktop\em\python_topopt\runs\band_supplement_300_20260808_001\samples\S000173\femm\angle_9_attempt_1,,,2026-08-08T20:09:09.968+02:00,2026-08-08T20:10:23.679+02:00
S000173,12.0,completed,0.3873560069189173,1,0.0,0.6280603999912273,65.31756019999739,0.04985850001685321,66.13582080000197,30768,60300,25656,[],C:\Users\26096\Desktop\em\python_topopt\runs\band_supplement_300_20260808_001\samples\S000173\femm\angle_12_attempt_1,,,2026-08-08T20:10:23.747+02:00,2026-08-08T20:11:30.663+02:00
S000173,15.0,completed,0.5072889689849096,1,0.0,0.5953947000089101,72.08062930000597,0.044170399982249364,72.85887419999926,30768,60300,22948,[],C:\Users\26096\Desktop\em\python_topopt\runs\band_supplement_300_20260808_001\samples\S000173\femm\angle_15_attempt_1,,,2026-08-08T20:11:30.726+02:00,2026-08-08T20:12:44.441+02:00
S000174,0.0,completed,0.6856335876591524,1,3.1335901000129525,0.5249991999880876,28.81246290000854,0.038895699981367216,32.62817150002229,25965,50690,38064,[],C:\Users\26096\Desktop\em\python_topopt\runs\band_supplement_300_20260808_001\samples\S000174\femm\angle_0_attempt_1,,,2026-08-08T20:05:16.023+02:00,2026-08-08T20:05:50.497+02:00
S000174,3.0,completed,0.6166113307980584,1,0.0,0.5390062000078615,37.07336020001094,0.03681079999660142,37.77018870000029,25965,50690,32368,[],C:\Users\26096\Desktop\em\python_topopt\runs\band_supplement_300_20260808_001\samples\S000174\femm\angle_3_attempt_1,,,2026-08-08T20:05:50.550+02:00,2026-08-08T20:06:29.117+02:00
S000174,6.0,completed,0.5782172892799775,1,0.0,0.5009340999822598,45.221130499994615,0.03761229998781346,45.876717000006465,25965,50690,32656,[],C:\Users\26096\Desktop\em\python_topopt\runs\band_supplement_300_20260808_001\samples\S000174\femm\angle_6_attempt_1,,,2026-08-08T20:06:29.179+02:00,2026-08-08T20:07:15.917+02:00
S000174,9.0,completed,0.6665820115848015,1,0.0,0.5127632000076119,29.063585099997,0.03703690000111237,29.7246425000194,25965,50690,8248,[],C:\Users\26096\Desktop\em\python_topopt\runs\band_supplement_300_20260808_001\samples\S000174\femm\angle_9_attempt_1,,,2026-08-08T20:07:15.986+02:00,2026-08-08T20:07:46.550+02:00
S000174,12.0,completed,0.6962083268033009,1,0.0,0.4987237999739591,36.594099400012055,0.035257000010460615,37.2415500000061,25965,50690,23376,[],C:\Users\26096\Desktop\em\python_topopt\runs\band_supplement_300_20260808_001\samples\S000174\femm\angle_12_attempt_1,,,2026-08-08T20:07:46.615+02:00,2026-08-08T20:08:24.608+02:00
S000174,15.0,completed,0.6849810737970765,1,0.0,0.5193648999847937,31.807347900001332,0.03442400001222268,32.475428500009,25965,50690,28012,[],C:\Users\26096\Desktop\em\python_topopt\runs\band_supplement_300_20260808_001\samples\S000174\femm\angle_15_attempt_1,,,2026-08-08T20:08:24.670+02:00,2026-08-08T20:08:57.921+02:00
S000175,0.0,completed,0.798526201036505,1,5.018233000009786,0.5107917999848723,19.670385400007945,0.032945800019660965,25.33985460002441,23410,45576,6332,[],C:\Users\26096\Desktop\em\python_topopt\runs\band_supplement_300_20260808_001\samples\S000175\femm\angle_0_attempt_1,,,2026-08-08T20:05:16.047+02:00,2026-08-08T20:05:43.533+02:00
S000175,3.0,completed,0.7862604470081762,1,0.0,0.4731839000014588,19.842324499972165,0.03322039998602122,20.456766299990704,23410,45576,11736,[],C:\Users\26096\Desktop\em\python_topopt\runs\band_supplement_300_20260808_001\samples\S000175\femm\angle_3_attempt_1,,,2026-08-08T20:05:43.584+02:00,2026-08-08T20:06:04.835+02:00
S000175,6.0,completed,0.8258012658184055,1,0.0,0.48200240000733174,22.492409400001634,0.03190210001775995,23.107759600010468,23410,45576,24004,[],C:\Users\26096\Desktop\em\python_topopt\runs\band_supplement_300_20260808_001\samples\S000175\femm\angle_6_attempt_1,,,2026-08-08T20:06:04.904+02:00,2026-08-08T20:06:28.850+02:00
S000175,9.0,completed,0.7592610047000813,1,0.0,0.4740749000047799,16.583251000003656,0.033019800001056865,17.194238800002495,23410,45576,31336,[],C:\Users\26096\Desktop\em\python_topopt\runs\band_supplement_300_20260808_001\samples\S000175\femm\angle_9_attempt_1,,,2026-08-08T20:06:28.916+02:00,2026-08-08T20:06:46.907+02:00
S000175,12.0,completed,0.7291774440228814,1,0.0,0.47119320000638254,15.305828900018241,0.03314759998465888,15.91821199998958,23410,45576,17024,[],C:\Users\26096\Desktop\em\python_topopt\runs\band_supplement_300_20260808_001\samples\S000175\femm\angle_12_attempt_1,,,2026-08-08T20:06:46.976+02:00,2026-08-08T20:07:03.699+02:00
S000175,15.0,completed,0.7964806984250022,1,0.0,0.47786650000489317,12.615875299990876,0.03457789999083616,13.244348600012017,23410,45576,18992,[],C:\Users\26096\Desktop\em\python_topopt\runs\band_supplement_300_20260808_001\samples\S000175\femm\angle_15_attempt_1,,,2026-08-08T20:07:03.759+02:00,2026-08-08T20:07:17.811+02:00
S000176,0.0,completed,0.8748377700024731,1,9.557230900012655,0.5055146000231616,20.495800700009568,0.03720270001213066,30.71878630001447,24892,48552,23156,[],C:\Users\26096\Desktop\em\python_topopt\runs\band_supplement_300_20260808_001\samples\S000176\femm\angle_0_attempt_1,,,2026-08-08T20:12:45.455+02:00,2026-08-08T20:13:17.953+02:00
S000176,3.0,completed,0.8254980779414932,1,0.0,0.5719756999751553,15.435613800014835,0.04410159998224117,16.172676099988166,24892,48552,20000,[],C:\Users\26096\Desktop\em\python_topopt\runs\band_supplement_300_20260808_001\samples\S000176\femm\angle_3_attempt_1,,,2026-08-08T20:13:18.024+02:00,2026-08-08T20:13:35.183+02:00
S000176,6.0,completed,0.9246344207887407,1,0.0,0.5412163999862969,23.703769699990517,0.03685330000007525,24.40757899999153,24892,48552,12992,[],C:\Users\26096\Desktop\em\python_topopt\runs\band_supplement_300_20260808_001\samples\S000176\femm\angle_6_attempt_1,,,2026-08-08T20:13:35.254+02:00,2026-08-08T20:14:00.684+02:00
S000176,9.0,completed,0.9318838839253177,1,0.0,0.5722526999888942,16.572678700002143,0.03946679999353364,17.320314700016752,24892,48552,13208,[],C:\Users\26096\Desktop\em\python_topopt\runs\band_supplement_300_20260808_001\samples\S000176\femm\angle_9_attempt_1,,,2026-08-08T20:14:00.765+02:00,2026-08-08T20:14:19.177+02:00
S000176,12.0,completed,0.8838648286913033,1,0.0,0.5676588999922387,16.402889499993762,0.03509930000291206,17.12882169999648,24892,48552,22144,[],C:\Users\26096\Desktop\em\python_topopt\runs\band_supplement_300_20260808_001\samples\S000176\femm\angle_12_attempt_1,,,2026-08-08T20:14:19.247+02:00,2026-08-08T20:14:37.337+02:00
S000176,15.0,completed,0.8756685573854421,1,0.0,0.501834200025769,17.742482200002996,0.03366980000282638,18.39717360000941,24892,48552,22404,[],C:\Users\26096\Desktop\em\python_topopt\runs\band_supplement_300_20260808_001\samples\S000176\femm\angle_15_attempt_1,,,2026-08-08T20:14:37.401+02:00,2026-08-08T20:14:56.519+02:00
S000177,0.0,completed,0.8766309483100513,1,9.532509399985429,0.44931300001917407,12.225411400024313,0.029411600000457838,22.328260999987833,19897,38548,16336,[],C:\Users\26096\Desktop\em\python_topopt\runs\band_supplement_300_20260808_001\samples\S000177\femm\angle_0_attempt_1,,,2026-08-08T20:12:45.471+02:00,2026-08-08T20:13:10.696+02:00
S000177,3.0,completed,0.8270753488441782,1,0.0,0.4448215999873355,12.463401899993187,0.03202380001312122,13.05677170000854,19897,38548,24012,[],C:\Users\26096\Desktop\em\python_topopt\runs\band_supplement_300_20260808_001\samples\S000177\femm\angle_3_attempt_1,,,2026-08-08T20:13:10.755+02:00,2026-08-08T20:13:24.735+02:00
S000177,6.0,completed,0.9225144104796014,1,0.0,0.4507050999964122,15.277410699985921,0.034695400012424216,15.859000299999025,19897,38548,10544,[],C:\Users\26096\Desktop\em\python_topopt\runs\band_supplement_300_20260808_001\samples\S000177\femm\angle_6_attempt_1,,,2026-08-08T20:13:24.806+02:00,2026-08-08T20:13:41.638+02:00
S000177,9.0,completed,0.9313680895825869,1,0.0,0.43445129998144694,14.609810699999798,0.035496900003636256,15.185220899991691,19897,38548,28112,[],C:\Users\26096\Desktop\em\python_topopt\runs\band_supplement_300_20260808_001\samples\S000177\femm\angle_9_attempt_1,,,2026-08-08T20:13:41.711+02:00,2026-08-08T20:13:57.831+02:00
S000177,12.0,completed,0.8831299907306829,1,0.0,0.443412199994782,12.706213299999945,0.03098040001350455,13.29629460000433,19897,38548,29976,[],C:\Users\26096\Desktop\em\python_topopt\runs\band_supplement_300_20260808_001\samples\S000177\femm\angle_12_attempt_1,,,2026-08-08T20:13:57.901+02:00,2026-08-08T20:14:12.176+02:00
S000177,15.0,completed,0.8770426344548794,1,0.0,0.44064329998218454,15.029635000013513,0.031658400024753064,15.626456099998904,19897,38548,19744,[],C:\Users\26096\Desktop\em\python_topopt\runs\band_supplement_300_20260808_001\samples\S000177\femm\angle_15_attempt_1,,,2026-08-08T20:14:12.257+02:00,2026-08-08T20:14:28.879+02:00
S000178,0.0,completed,0.8380264622858135,1,7.2004988999979105,0.5536291000025813,27.592116199986776,0.043700700014596805,35.53884189997916,27225,53214,34412,[],C:\Users\26096\Desktop\em\python_topopt\runs\band_supplement_300_20260808_001\samples\S000178\femm\angle_0_attempt_1,,,2026-08-08T20:12:45.502+02:00,2026-08-08T20:13:23.550+02:00
S000178,3.0,completed,0.8199886423220462,1,0.0,0.5950548000109848,30.153660599986324,0.04290689999470487,30.923668500006897,27225,53214,24232,[],C:\Users\26096\Desktop\em\python_topopt\runs\band_supplement_300_20260808_001\samples\S000178\femm\angle_3_attempt_1,,,2026-08-08T20:13:23.612+02:00,2026-08-08T20:13:55.573+02:00
S000178,6.0,completed,0.9213817687326927,1,0.0,0.6094378000125289,20.13748229999328,0.04378000000724569,20.925191199989058,27225,53214,1896,[],C:\Users\26096\Desktop\em\python_topopt\runs\band_supplement_300_20260808_001\samples\S000178\femm\angle_6_attempt_1,,,2026-08-08T20:13:55.649+02:00,2026-08-08T20:14:17.537+02:00
S000178,9.0,completed,0.9002515075140097,1,0.0,0.5986017000104766,17.23430019998341,0.03807440001401119,17.988354999979492,27225,53214,35236,[],C:\Users\26096\Desktop\em\python_topopt\runs\band_supplement_300_20260808_001\samples\S000178\femm\angle_9_attempt_1,,,2026-08-08T20:14:17.610+02:00,2026-08-08T20:14:36.580+02:00
S000178,12.0,completed,0.819116461247205,1,0.0,0.534951599984197,14.152711700007785,0.03779729999951087,14.842500799975824,27225,53214,25644,[],C:\Users\26096\Desktop\em\python_topopt\runs\band_supplement_300_20260808_001\samples\S000178\femm\angle_12_attempt_1,,,2026-08-08T20:14:36.640+02:00,2026-08-08T20:14:52.222+02:00
S000178,15.0,completed,0.8374129003504995,1,0.0,0.5173211000219453,22.998842000000877,0.04111330001614988,23.67245320000802,27225,53214,35876,[],C:\Users\26096\Desktop\em\python_topopt\runs\band_supplement_300_20260808_001\samples\S000178\femm\angle_15_attempt_1,,,2026-08-08T20:14:52.285+02:00,2026-08-08T20:15:16.712+02:00
S000179,0.0,completed,0.874433418807379,1,10.511452400009148,0.5110177000169642,15.249404600006528,0.03381659998558462,26.420206600014353,22809,44384,18324,[],C:\Users\26096\Desktop\em\python_topopt\runs\band_supplement_300_20260808_001\samples\S000179\femm\angle_0_attempt_1,,,2026-08-08T20:12:45.518+02:00,2026-08-08T20:13:14.282+02:00
S000179,3.0,completed,0.8244599915181032,1,0.0,0.47459019999951124,12.015535599988652,0.061779300012858585,12.741353099991102,22809,44384,35800,[],C:\Users\26096\Desktop\em\python_topopt\runs\band_supplement_300_20260808_001\samples\S000179\femm\angle_3_attempt_1,,,2026-08-08T20:13:14.341+02:00,2026-08-08T20:13:28.243+02:00
S000179,6.0,completed,0.9222114545258994,1,0.0,0.5058556000003591,22.0424839000043,0.03561620000982657,22.69581509998534,22809,44384,26072,[],C:\Users\26096\Desktop\em\python_topopt\runs\band_supplement_300_20260808_001\samples\S000179\femm\angle_6_attempt_1,,,2026-08-08T20:13:28.324+02:00,2026-08-08T20:13:51.969+02:00
S000179,9.0,completed,0.9287518819785188,1,0.0,0.4886391000181902,13.643441700027324,0.03687599999830127,14.295170600002166,22809,44384,29644,[],C:\Users\26096\Desktop\em\python_topopt\runs\band_supplement_300_20260808_001\samples\S000179\femm\angle_9_attempt_1,,,2026-08-08T20:13:52.038+02:00,2026-08-08T20:14:07.378+02:00
S000179,12.0,completed,0.8853705188349323,1,0.0,0.5057381000078749,11.765844999987166,0.04781720001483336,12.452224000007845,22809,44384,30868,[],C:\Users\26096\Desktop\em\python_topopt\runs\band_supplement_300_20260808_001\samples\S000179\femm\angle_12_attempt_1,,,2026-08-08T20:14:07.451+02:00,2026-08-08T20:14:20.945+02:00
S000179,15.0,completed,0.8752102182287452,1,0.0,0.557446799997706,12.379431800014572,0.032315899996319786,13.074814199993853,22809,44384,14692,[],C:\Users\26096\Desktop\em\python_topopt\runs\band_supplement_300_20260808_001\samples\S000179\femm\angle_15_attempt_1,,,2026-08-08T20:14:21.016+02:00,2026-08-08T20:14:35.250+02:00
S000180,0.0,completed,0.8746198188691148,1,10.228639500011923,0.5166035000002012,14.129730200016638,0.03715280001051724,25.03062140001566,22760,44286,5128,[],C:\Users\26096\Desktop\em\python_topopt\runs\band_supplement_300_20260808_001\samples\S000180\femm\angle_0_attempt_1,,,2026-08-08T20:12:45.548+02:00,2026-08-08T20:13:14.090+02:00
S000180,3.0,completed,0.8246743176866375,1,0.0,0.5284599000005983,11.411387500003912,0.034705900005064905,12.103776900010416,22760,44286,18796,[],C:\Users\26096\Desktop\em\python_topopt\runs\band_supplement_300_20260808_001\samples\S000180\femm\angle_3_attempt_1,,,2026-08-08T20:13:14.151+02:00,2026-08-08T20:13:27.231+02:00
S000180,6.0,completed,0.9228074275929544,1,0.0,0.5225901999801863,14.11999810000998,0.03229350000037812,14.791982499998994,22760,44286,28740,[],C:\Users\26096\Desktop\em\python_topopt\runs\band_supplement_300_20260808_001\samples\S000180\femm\angle_6_attempt_1,,,2026-08-08T20:13:27.304+02:00,2026-08-08T20:13:43.185+02:00
S000180,9.0,completed,0.9298226027181531,1,0.0,0.5295645000005607,11.908949300006498,0.032829999981913716,12.595101999992039,22760,44286,3540,[],C:\Users\26096\Desktop\em\python_topopt\runs\band_supplement_300_20260808_001\samples\S000180\femm\angle_9_attempt_1,,,2026-08-08T20:13:43.256+02:00,2026-08-08T20:13:56.770+02:00
S000180,12.0,completed,0.8860174616572836,1,0.0,0.5356844000052661,12.65761999998358,0.04827249998925254,13.35565390001284,22760,44286,31588,[],C:\Users\26096\Desktop\em\python_topopt\runs\band_supplement_300_20260808_001\samples\S000180\femm\angle_12_attempt_1,,,2026-08-08T20:13:56.841+02:00,2026-08-08T20:14:11.144+02:00
S000180,15.0,completed,0.8754042885115216,1,0.0,0.5447000999993179,17.52261489999364,0.032612399983918294,18.209465099993395,22760,44286,31940,[],C:\Users\26096\Desktop\em\python_topopt\runs\band_supplement_300_20260808_001\samples\S000180\femm\angle_15_attempt_1,,,2026-08-08T20:14:11.215+02:00,2026-08-08T20:14:30.466+02:00
S000181,0.0,completed,0.8462168242275988,1,4.046587399992859,0.5017555000085849,24.886150700011058,0.03749640000751242,29.59112859997549,25336,49438,10388,[],C:\Users\26096\Desktop\em\python_topopt\runs\band_supplement_300_20260808_001\samples\S000181\femm\angle_0_attempt_1,,,2026-08-08T20:15:17.109+02:00,2026-08-08T20:15:48.230+02:00
S000181,3.0,completed,0.8296091639247141,1,0.0,0.48020429999451153,32.01718309998978,0.03709669999079779,32.6526475000137,25336,49438,28492,[],C:\Users\26096\Desktop\em\python_topopt\runs\band_supplement_300_20260808_001\samples\S000181\femm\angle_3_attempt_1,,,2026-08-08T20:15:48.274+02:00,2026-08-08T20:16:21.744+02:00
S000181,6.0,completed,0.9286563687088998,1,0.0,0.48187019999022596,29.276682099996833,0.03656409998075105,29.910090099991066,25336,49438,13568,[],C:\Users\26096\Desktop\em\python_topopt\runs\band_supplement_300_20260808_001\samples\S000181\femm\angle_6_attempt_1,,,2026-08-08T20:16:21.808+02:00,2026-08-08T20:16:52.519+02:00
S000181,9.0,completed,0.901172509912056,1,0.0,0.48038500000257045,28.28548970000702,0.03352679999079555,28.911432499997318,25336,49438,34108,[],C:\Users\26096\Desktop\em\python_topopt\runs\band_supplement_300_20260808_001\samples\S000181\femm\angle_9_attempt_1,,,2026-08-08T20:16:52.589+02:00,2026-08-08T20:17:22.328+02:00
S000181,12.0,completed,0.8217180639910738,1,0.0,0.48227020000922494,28.147531199996592,0.03841930002090521,28.784975999995368,25336,49438,10796,[],C:\Users\26096\Desktop\em\python_topopt\runs\band_supplement_300_20260808_001\samples\S000181\femm\angle_12_attempt_1,,,2026-08-08T20:17:22.392+02:00,2026-08-08T20:17:51.944+02:00
S000181,15.0,completed,0.8456066612052653,1,0.0,0.5012458999990486,25.418804099987028,0.03430669999215752,26.068878300022334,25336,49438,35324,[],C:\Users\26096\Desktop\em\python_topopt\runs\band_supplement_300_20260808_001\samples\S000181\femm\angle_15_attempt_1,,,2026-08-08T20:17:52.009+02:00,2026-08-08T20:18:18.829+02:00
S000182,0.0,completed,0.1675226629376248,1,3.764927699987311,0.5467503000108991,45.06742370000575,0.036514800012810156,49.53849559999071,25679,50124,8784,[],C:\Users\26096\Desktop\em\python_topopt\runs\band_supplement_300_20260808_001\samples\S000182\femm\angle_0_attempt_1,,,2026-08-08T20:18:19.693+02:00,2026-08-08T20:19:10.966+02:00
S000182,3.0,completed,0.1736630818911257,1,0.0,0.5848579999874346,19.73965100001078,0.04049230000237003,20.487192700005835,25679,50124,22648,[],C:\Users\26096\Desktop\em\python_topopt\runs\band_supplement_300_20260808_001\samples\S000182\femm\angle_3_attempt_1,,,2026-08-08T20:19:11.027+02:00,2026-08-08T20:19:32.394+02:00
S000182,6.0,completed,0.1745903925913684,1,0.0,0.5791313000081573,16.944885600009002,0.040721199999097735,17.683732500008773,25679,50124,25712,[],C:\Users\26096\Desktop\em\python_topopt\runs\band_supplement_300_20260808_001\samples\S000182\femm\angle_6_attempt_1,,,2026-08-08T20:19:32.455+02:00,2026-08-08T20:19:50.954+02:00
S000182,9.0,completed,0.1757610350194172,1,0.0,0.5264476999873295,17.75364670000272,0.03649219998624176,18.436818399990443,25679,50124,34576,[],C:\Users\26096\Desktop\em\python_topopt\runs\band_supplement_300_20260808_001\samples\S000182\femm\angle_9_attempt_1,,,2026-08-08T20:19:51.025+02:00,2026-08-08T20:20:10.268+02:00
S000182,12.0,completed,0.1646103589923866,1,0.0,0.5247767000109889,19.472346300026402,0.03894679999211803,20.152443600003608,25679,50124,24848,[],C:\Users\26096\Desktop\em\python_topopt\runs\band_supplement_300_20260808_001\samples\S000182\femm\angle_12_attempt_1,,,2026-08-08T20:20:10.330+02:00,2026-08-08T20:20:31.266+02:00
S000182,15.0,completed,0.1658687882524728,1,0.0,0.5371100000047591,51.94138949998887,0.03359969999291934,52.627914899989264,25679,50124,7668,[],C:\Users\26096\Desktop\em\python_topopt\runs\band_supplement_300_20260808_001\samples\S000182\femm\angle_15_attempt_1,,,2026-08-08T20:20:31.326+02:00,2026-08-08T20:21:24.736+02:00
S000183,0.0,completed,0.5543837171786886,1,8.59520040001371,0.5894100999867078,20.146663499996066,0.04241080000065267,29.511262200016063,28925,56618,13020,[],C:\Users\26096\Desktop\em\python_topopt\runs\band_supplement_300_20260808_001\samples\S000183\femm\angle_0_attempt_1,,,2026-08-08T20:18:19.724+02:00,2026-08-08T20:18:52.028+02:00
S000183,3.0,completed,0.4508819584619925,1,0.0,0.6083635999821126,25.208887100016,0.04123619999154471,26.0013089000131,28925,56618,8660,[],C:\Users\26096\Desktop\em\python_topopt\runs\band_supplement_300_20260808_001\samples\S000183\femm\angle_3_attempt_1,,,2026-08-08T20:18:52.096+02:00,2026-08-08T20:19:18.961+02:00
S000183,6.0,completed,0.4448001406495323,1,0.0,0.603309400001308,25.262819199997466,0.04419640000560321,26.04314059999888,28925,56618,18444,[],C:\Users\26096\Desktop\em\python_topopt\runs\band_supplement_300_20260808_001\samples\S000183\femm\angle_6_attempt_1,,,2026-08-08T20:19:19.027+02:00,2026-08-08T20:19:45.992+02:00
S000183,9.0,completed,0.3971524898597166,1,0.0,0.582508899999084,20.93597019999288,0.041617700015194714,21.700997999985702,28925,56618,12928,[],C:\Users\26096\Desktop\em\python_topopt\runs\band_supplement_300_20260808_001\samples\S000183\femm\angle_9_attempt_1,,,2026-08-08T20:19:46.053+02:00,2026-08-08T20:20:08.578+02:00
S000183,12.0,completed,0.4685342087633847,1,0.0,0.5605441000079736,26.210879000020213,0.041561300022294745,26.95058699999936,28925,56618,7644,[],C:\Users\26096\Desktop\em\python_topopt\runs\band_supplement_300_20260808_001\samples\S000183\femm\angle_12_attempt_1,,,2026-08-08T20:20:08.640+02:00,2026-08-08T20:20:36.383+02:00
S000183,15.0,completed,0.5584516617508865,1,0.0,0.5881318000028841,21.84370259998832,0.03950729998177849,22.598414899985073,28925,56618,34160,[],C:\Users\26096\Desktop\em\python_topopt\runs\band_supplement_300_20260808_001\samples\S000183\femm\angle_15_attempt_1,,,2026-08-08T20:20:36.451+02:00,2026-08-08T20:20:59.899+02:00
S000184,0.0,completed,0.419086279689224,1,6.042997400014428,0.5648425999970641,21.343610800016904,0.047271200019167736,28.132793400029186,28393,55554,6464,[],C:\Users\26096\Desktop\em\python_topopt\runs\band_supplement_300_20260808_001\samples\S000184\femm\angle_0_attempt_1,,,2026-08-08T20:18:19.731+02:00,2026-08-08T20:18:49.828+02:00
S000184,3.0,completed,0.513847673533823,1,0.0,0.598300100013148,21.961688500014134,0.04718289998709224,22.749293900007615,28393,55554,12108,[],C:\Users\26096\Desktop\em\python_topopt\runs\band_supplement_300_20260808_001\samples\S000184\femm\angle_3_attempt_1,,,2026-08-08T20:18:49.889+02:00,2026-08-08T20:19:13.495+02:00
S000184,6.0,completed,0.4405860339356369,1,0.0,0.6098194999794941,24.882856300013373,0.04375770001206547,25.66544530002284,28393,55554,11120,[],C:\Users\26096\Desktop\em\python_topopt\runs\band_supplement_300_20260808_001\samples\S000184\femm\angle_6_attempt_1,,,2026-08-08T20:19:13.566+02:00,2026-08-08T20:19:40.079+02:00
S000184,9.0,completed,0.4972461506706375,1,0.0,0.5940046000177972,18.712780099973315,0.04882150000776164,19.483233100007055,28393,55554,5224,[],C:\Users\26096\Desktop\em\python_topopt\runs\band_supplement_300_20260808_001\samples\S000184\femm\angle_9_attempt_1,,,2026-08-08T20:19:40.150+02:00,2026-08-08T20:20:00.490+02:00
S000184,12.0,completed,0.3187510540410499,1,0.0,0.575778900005389,16.254238099994836,0.04059999997843988,17.005594599992037,28393,55554,22480,[],C:\Users\26096\Desktop\em\python_topopt\runs\band_supplement_300_20260808_001\samples\S000184\femm\angle_12_attempt_1,,,2026-08-08T20:20:00.559+02:00,2026-08-08T20:20:18.369+02:00
S000184,15.0,completed,0.4194011532554113,1,0.0,0.5865471000142861,23.403576099983184,0.04196159998537041,24.1629624000052,28393,55554,4552,[],C:\Users\26096\Desktop\em\python_topopt\runs\band_supplement_300_20260808_001\samples\S000184\femm\angle_15_attempt_1,,,2026-08-08T20:20:18.432+02:00,2026-08-08T20:20:43.417+02:00
S000185,0.0,completed,0.4857892746932371,1,4.689186800009338,0.47847979998914525,11.038780200004112,0.03632129999459721,16.357284900004743,23482,45724,34492,[],C:\Users\26096\Desktop\em\python_topopt\runs\band_supplement_300_20260808_001\samples\S000185\femm\angle_0_attempt_1,,,2026-08-08T20:18:19.768+02:00,2026-08-08T20:18:38.449+02:00
S000185,3.0,completed,0.5737126498480953,1,0.0,0.47480259998701513,10.568299400008982,0.04480060000787489,11.212517499981914,23482,45724,10520,[],C:\Users\26096\Desktop\em\python_topopt\runs\band_supplement_300_20260808_001\samples\S000185\femm\angle_3_attempt_1,,,2026-08-08T20:18:38.509+02:00,2026-08-08T20:18:50.646+02:00
S000185,6.0,completed,0.5301848036812478,1,0.0,0.47928119997959584,11.194841400021687,0.03323429997544736,11.816047100001015,23482,45724,25060,[],C:\Users\26096\Desktop\em\python_topopt\runs\band_supplement_300_20260808_001\samples\S000185\femm\angle_6_attempt_1,,,2026-08-08T20:18:50.717+02:00,2026-08-08T20:19:03.351+02:00
S000185,9.0,completed,0.6025172624472217,1,0.0,0.49192329999641515,10.936356099991826,0.03644310001982376,11.578842799994163,23482,45724,7016,[],C:\Users\26096\Desktop\em\python_topopt\runs\band_supplement_300_20260808_001\samples\S000185\femm\angle_9_attempt_1,,,2026-08-08T20:19:03.412+02:00,2026-08-08T20:19:15.866+02:00
S000185,12.0,completed,0.3921629678283757,1,0.0,0.5230548999970779,10.719549300003564,0.03415880000102334,11.384932400018442,23482,45724,30764,[],C:\Users\26096\Desktop\em\python_topopt\runs\band_supplement_300_20260808_001\samples\S000185\femm\angle_12_attempt_1,,,2026-08-08T20:19:15.937+02:00,2026-08-08T20:19:28.188+02:00
S000185,15.0,completed,0.488122305775085,1,0.0,0.49560850000125356,13.159682800003793,0.04157359999953769,13.811425899999449,23482,45724,32100,[],C:\Users\26096\Desktop\em\python_topopt\runs\band_supplement_300_20260808_001\samples\S000185\femm\angle_15_attempt_1,,,2026-08-08T20:19:28.257+02:00,2026-08-08T20:19:42.941+02:00
S000186,0.0,completed,0.5899649322557208,1,5.034395199996652,0.5529145000036806,21.407432400010293,0.0388303000072483,27.156115100020543,25867,50508,34636,[],C:\Users\26096\Desktop\em\python_topopt\runs\band_supplement_300_20260808_001\samples\S000186\femm\angle_0_attempt_1,,,2026-08-08T20:21:25.553+02:00,2026-08-08T20:21:54.293+02:00
S000186,3.0,completed,0.5009626632222621,1,0.0,0.5071953999868128,20.12914560001809,0.03994580000289716,20.794789799983846,25867,50508,38800,[],C:\Users\26096\Desktop\em\python_topopt\runs\band_supplement_300_20260808_001\samples\S000186\femm\angle_3_attempt_1,,,2026-08-08T20:21:54.346+02:00,2026-08-08T20:22:16.181+02:00
S000186,6.0,completed,0.4906456902689992,1,0.0,0.5293613000249024,19.935387300007278,0.03791470002033748,20.622941999987233,25867,50508,32920,[],C:\Users\26096\Desktop\em\python_topopt\runs\band_supplement_300_20260808_001\samples\S000186\femm\angle_6_attempt_1,,,2026-08-08T20:22:16.249+02:00,2026-08-08T20:22:37.674+02:00
S000186,9.0,completed,0.4382453736428695,1,0.0,0.5218646000139415,19.442852199979825,0.04151049998472445,20.12374519999139,25867,50508,38596,[],C:\Users\26096\Desktop\em\python_topopt\runs\band_supplement_300_20260808_001\samples\S000186\femm\angle_9_attempt_1,,,2026-08-08T20:22:37.735+02:00,2026-08-08T20:22:58.683+02:00
S000186,12.0,completed,0.5080607514071007,1,0.0,0.5203128999855835,22.77773299999535,0.03656929999124259,23.44693350000307,25867,50508,32192,[],C:\Users\26096\Desktop\em\python_topopt\runs\band_supplement_300_20260808_001\samples\S000186\femm\angle_12_attempt_1,,,2026-08-08T20:22:58.744+02:00,2026-08-08T20:23:22.996+02:00
S000186,15.0,completed,0.5890747330809214,1,0.0,0.5286412000132259,13.465667700016638,0.03637519999756478,14.145002900011605,25867,50508,27792,[],C:\Users\26096\Desktop\em\python_topopt\runs\band_supplement_300_20260808_001\samples\S000186\femm\angle_15_attempt_1,,,2026-08-08T20:23:23.065+02:00,2026-08-08T20:23:38.010+02:00
S000187,0.0,completed,0.5486779000332903,1,8.16679070002283,0.5584886999859009,25.931599900010042,0.03580159999546595,34.81277960000443,25851,50472,28200,[],C:\Users\26096\Desktop\em\python_topopt\runs\band_supplement_300_20260808_001\samples\S000187\femm\angle_0_attempt_1,,,2026-08-08T20:21:25.584+02:00,2026-08-08T20:22:02.280+02:00
S000187,3.0,completed,0.4511576448006166,1,0.0,0.5347899000043981,35.50047200001427,0.03821110000717454,36.191525900008855,25851,50472,4672,[],C:\Users\26096\Desktop\em\python_topopt\runs\band_supplement_300_20260808_001\samples\S000187\femm\angle_3_attempt_1,,,2026-08-08T20:22:02.341+02:00,2026-08-08T20:22:39.360+02:00
S000187,6.0,completed,0.4728857829880498,1,0.0,0.5311100000108127,29.518386699986877,0.03680180001538247,30.20246590001625,25851,50472,36744,[],C:\Users\26096\Desktop\em\python_topopt\runs\band_supplement_300_20260808_001\samples\S000187\femm\angle_6_attempt_1,,,2026-08-08T20:22:39.429+02:00,2026-08-08T20:23:10.429+02:00
S000187,9.0,completed,0.4632917159733792,1,0.0,0.5200492999865673,29.619872899987968,0.0343550999823492,30.286002399981953,25851,50472,35720,[],C:\Users\26096\Desktop\em\python_topopt\runs\band_supplement_300_20260808_001\samples\S000187\femm\angle_9_attempt_1,,,2026-08-08T20:23:10.498+02:00,2026-08-08T20:23:41.574+02:00
S000187,12.0,completed,0.5296177973713105,1,0.0,0.5135359999840148,18.92470360000152,0.037037700007203966,19.613365900004283,25851,50472,28324,[],C:\Users\26096\Desktop\em\python_topopt\runs\band_supplement_300_20260808_001\samples\S000187\femm\angle_12_attempt_1,,,2026-08-08T20:23:41.632+02:00,2026-08-08T20:24:02.022+02:00
S000187,15.0,completed,0.5490700188941949,1,0.0,0.5015669999993406,38.080898100015474,0.03882409998914227,38.74232580000535,25851,50472,32456,[],C:\Users\26096\Desktop\em\python_topopt\runs\band_supplement_300_20260808_001\samples\S000187\femm\angle_15_attempt_1,,,2026-08-08T20:24:02.071+02:00,2026-08-08T20:24:41.588+02:00
S000188,0.0,completed,0.4820022862441434,1,4.578564800001914,0.4863390999962576,21.091882699984126,0.03777389999595471,26.301713199994992,23434,45630,26376,[],C:\Users\26096\Desktop\em\python_topopt\runs\band_supplement_300_20260808_001\samples\S000188\femm\angle_0_attempt_1,,,2026-08-08T20:21:25.602+02:00,2026-08-08T20:21:54.221+02:00
S000188,3.0,completed,0.4795844270220492,1,0.0,0.487941100000171,16.109265700011747,0.03184370000963099,16.736568200023612,23434,45630,20836,[],C:\Users\26096\Desktop\em\python_topopt\runs\band_supplement_300_20260808_001\samples\S000188\femm\angle_3_attempt_1,,,2026-08-08T20:21:54.277+02:00,2026-08-08T20:22:11.777+02:00
S000188,6.0,completed,0.5714194258462524,1,0.0,0.4840111999947112,19.547761099995114,0.03014479999546893,20.169570900005056,23434,45630,19504,[],C:\Users\26096\Desktop\em\python_topopt\runs\band_supplement_300_20260808_001\samples\S000188\femm\angle_6_attempt_1,,,2026-08-08T20:22:11.840+02:00,2026-08-08T20:22:32.808+02:00
S000188,9.0,completed,0.5680598598669913,1,0.0,0.4807333000062499,19.517078199976822,0.03221020000637509,20.140833000012208,23434,45630,8644,[],C:\Users\26096\Desktop\em\python_topopt\runs\band_supplement_300_20260808_001\samples\S000188\femm\angle_9_attempt_1,,,2026-08-08T20:22:32.872+02:00,2026-08-08T20:22:53.800+02:00
S000188,12.0,completed,0.5052210537240261,1,0.0,0.480154599994421,14.591394599992782,0.03170069999760017,15.208348599990131,23434,45630,37512,[],C:\Users\26096\Desktop\em\python_topopt\runs\band_supplement_300_20260808_001\samples\S000188\femm\angle_12_attempt_1,,,2026-08-08T20:22:53.885+02:00,2026-08-08T20:23:09.886+02:00
S000188,15.0,completed,0.4824675711105886,1,0.0,0.47587329999078065,17.659951499983435,0.032154699991224334,18.276878400007263,23434,45630,34856,[],C:\Users\26096\Desktop\em\python_topopt\runs\band_supplement_300_20260808_001\samples\S000188\femm\angle_15_attempt_1,,,2026-08-08T20:23:09.959+02:00,2026-08-08T20:23:29.024+02:00
S000189,0.0,completed,0.1109296703419464,1,6.441204100003233,0.5154651000048034,7.8759086999925785,0.039971300022443756,15.003811500006123,23705,46182,22800,[],C:\Users\26096\Desktop\em\python_topopt\runs\band_supplement_300_20260808_001\samples\S000189\femm\angle_0_attempt_1,,,2026-08-08T20:24:42.499+02:00,2026-08-08T20:24:59.317+02:00
S000189,3.0,completed,0.1173912572396086,1,0.0,0.562086600024486,7.986678600020241,0.0385443999839481,8.705161299993051,23705,46182,15408,[],C:\Users\26096\Desktop\em\python_topopt\runs\band_supplement_300_20260808_001\samples\S000189\femm\angle_3_attempt_1,,,2026-08-08T20:24:59.388+02:00,2026-08-08T20:25:09.157+02:00
S000189,6.0,completed,0.1176485567740944,1,0.0,0.48829129998921417,8.083105700003216,0.04437730001518503,8.731322399980854,23705,46182,36552,[],C:\Users\26096\Desktop\em\python_topopt\runs\band_supplement_300_20260808_001\samples\S000189\femm\angle_6_attempt_1,,,2026-08-08T20:25:09.236+02:00,2026-08-08T20:25:18.982+02:00
S000189,9.0,completed,0.1169045029106987,1,0.0,0.5218931999988854,8.545215799997095,0.039292700006626546,9.231181799987098,23705,46182,19504,[],C:\Users\26096\Desktop\em\python_topopt\runs\band_supplement_300_20260808_001\samples\S000189\femm\angle_9_attempt_1,,,2026-08-08T20:25:19.065+02:00,2026-08-08T20:25:29.280+02:00
S000189,12.0,completed,0.1097283670086893,1,0.0,0.48476610000943765,8.474773599999025,0.038014399993699044,9.122179800004233,23705,46182,21528,[],C:\Users\26096\Desktop\em\python_topopt\runs\band_supplement_300_20260808_001\samples\S000189\femm\angle_12_attempt_1,,,2026-08-08T20:25:29.359+02:00,2026-08-08T20:25:39.510+02:00
S000189,15.0,completed,0.1106212834288971,1,0.0,0.47821010000188835,8.133911399985664,0.041074000007938594,8.769634099997347,23705,46182,8700,[],C:\Users\26096\Desktop\em\python_topopt\runs\band_supplement_300_20260808_001\samples\S000189\femm\angle_15_attempt_1,,,2026-08-08T20:25:39.586+02:00,2026-08-08T20:25:49.433+02:00
S000190,0.0,completed,0.6565490079459139,1,11.260252299980493,0.6141406999959145,59.58222699997714,0.04322329998831265,71.63447569997516,28841,56450,37924,[],C:\Users\26096\Desktop\em\python_topopt\runs\band_supplement_300_20260808_001\samples\S000190\femm\angle_0_attempt_1,,,2026-08-08T20:24:42.511+02:00,2026-08-08T20:25:57.196+02:00
S000190,3.0,completed,0.6007768232125114,1,0.0,0.6075446000031661,69.47535110000172,0.04035930000827648,70.26094580002245,28841,56450,31548,[],C:\Users\26096\Desktop\em\python_topopt\runs\band_supplement_300_20260808_001\samples\S000190\femm\angle_3_attempt_1,,,2026-08-08T20:25:57.265+02:00,2026-08-08T20:27:08.430+02:00
S000190,6.0,completed,0.5678086340503651,1,0.0,0.594733100006124,63.911349900008645,0.04299899999750778,64.68698159998166,28841,56450,7656,[],C:\Users\26096\Desktop\em\python_topopt\runs\band_supplement_300_20260808_001\samples\S000190\femm\angle_6_attempt_1,,,2026-08-08T20:27:08.503+02:00,2026-08-08T20:28:14.079+02:00
S000190,9.0,completed,0.7663008312686196,1,0.0,0.5714013999968302,51.56451979998383,0.03852220001863316,52.29842749997624,28841,56450,18052,[],C:\Users\26096\Desktop\em\python_topopt\runs\band_supplement_300_20260808_001\samples\S000190\femm\angle_9_attempt_1,,,2026-08-08T20:28:14.149+02:00,2026-08-08T20:29:07.225+02:00
S000190,12.0,completed,0.7747158749258596,1,0.0,0.5458558999816887,41.39806010000757,0.038180300005478784,42.103296500019496,28841,56450,24788,[],C:\Users\26096\Desktop\em\python_topopt\runs\band_supplement_300_20260808_001\samples\S000190\femm\angle_12_attempt_1,,,2026-08-08T20:29:07.295+02:00,2026-08-08T20:29:50.201+02:00
S000190,15.0,completed,0.6574281527319669,1,0.0,0.5354983000142965,57.15867629999411,0.0403218999854289,57.86357400001725,28841,56450,33396,[],C:\Users\26096\Desktop\em\python_topopt\runs\band_supplement_300_20260808_001\samples\S000190\femm\angle_15_attempt_1,,,2026-08-08T20:29:50.272+02:00,2026-08-08T20:30:48.930+02:00
S000191,0.0,completed,0.6065936287344034,1,7.415043400018476,0.502410899993265,35.12422880000668,0.04198009998071939,43.21410960002686,24668,48104,35152,[],C:\Users\26096\Desktop\em\python_topopt\runs\band_supplement_300_20260808_001\samples\S000191\femm\angle_0_attempt_1,,,2026-08-08T20:24:42.541+02:00,2026-08-08T20:25:27.933+02:00
S000191,3.0,completed,0.734058874577066,1,0.0,0.5098281999817118,36.01554910000414,0.03424410001025535,36.677811000001384,24668,48104,16844,[],C:\Users\26096\Desktop\em\python_topopt\runs\band_supplement_300_20260808_001\samples\S000191\femm\angle_3_attempt_1,,,2026-08-08T20:25:28.006+02:00,2026-08-08T20:26:05.709+02:00
S000191,6.0,completed,0.6517914140622328,1,0.0,0.5146077999961562,41.82837989999098,0.040165499987779185,42.503395200008526,24668,48104,37228,[],C:\Users\26096\Desktop\em\python_topopt\runs\band_supplement_300_20260808_001\samples\S000191\femm\angle_6_attempt_1,,,2026-08-08T20:26:05.787+02:00,2026-08-08T20:26:49.293+02:00
S000191,9.0,completed,0.6290882794152018,1,0.0,0.4979631000023801,32.34552810000605,0.03728740001679398,32.999373200000264,24668,48104,24432,[],C:\Users\26096\Desktop\em\python_topopt\runs\band_supplement_300_20260808_001\samples\S000191\femm\angle_9_attempt_1,,,2026-08-08T20:26:49.366+02:00,2026-08-08T20:27:23.379+02:00
S000191,12.0,completed,0.4461195491606472,1,0.0,0.46612589998403564,29.351192400004948,0.03484630002640188,29.96432519998052,24668,48104,29176,[],C:\Users\26096\Desktop\em\python_topopt\runs\band_supplement_300_20260808_001\samples\S000191\femm\angle_12_attempt_1,,,2026-08-08T20:27:23.453+02:00,2026-08-08T20:27:54.268+02:00
S000191,15.0,completed,0.6058573403999866,1,0.0,0.4897443999943789,30.66676729999017,0.03369609999936074,31.30327470001066,24668,48104,36772,[],C:\Users\26096\Desktop\em\python_topopt\runs\band_supplement_300_20260808_001\samples\S000191\femm\angle_15_attempt_1,,,2026-08-08T20:27:54.343+02:00,2026-08-08T20:28:26.468+02:00
S000192,0.0,completed,0.4537258953912337,1,12.769931399991037,0.7535165000008419,57.177834800007986,0.04472189999069087,70.90513739999733,32620,64010,37000,[],C:\Users\26096\Desktop\em\python_topopt\runs\band_supplement_300_20260808_001\samples\S000192\femm\angle_0_attempt_1,,,2026-08-08T20:24:42.562+02:00,2026-08-08T20:25:55.945+02:00
S000192,3.0,completed,0.6089495140650023,1,0.0,0.6777239000075497,43.322840400011046,0.06169230001978576,44.226720199978445,32620,64010,25632,[],C:\Users\26096\Desktop\em\python_topopt\runs\band_supplement_300_20260808_001\samples\S000192\femm\angle_3_attempt_1,,,2026-08-08T20:25:56.008+02:00,2026-08-08T20:26:41.155+02:00
S000192,6.0,completed,0.5885170966554388,1,0.0,0.6853936999978032,38.73741030000383,0.04650480000418611,39.619106800004374,32620,64010,284,[],C:\Users\26096\Desktop\em\python_topopt\runs\band_supplement_300_20260808_001\samples\S000192\femm\angle_6_attempt_1,,,2026-08-08T20:26:41.238+02:00,2026-08-08T20:27:21.803+02:00
S000192,9.0,completed,0.3195748865258532,1,0.0,0.6156946000119206,50.60467430000426,0.04566609999164939,51.42011750000529,32620,64010,4572,[],C:\Users\26096\Desktop\em\python_topopt\runs\band_supplement_300_20260808_001\samples\S000192\femm\angle_9_attempt_1,,,2026-08-08T20:27:21.888+02:00,2026-08-08T20:28:14.169+02:00
S000192,12.0,completed,0.3046410305728381,1,0.0,0.663770499988459,32.586538900010055,0.042878299980657175,33.43235869999626,32620,64010,19692,[],C:\Users\26096\Desktop\em\python_topopt\runs\band_supplement_300_20260808_001\samples\S000192\femm\angle_12_attempt_1,,,2026-08-08T20:28:14.240+02:00,2026-08-08T20:28:48.738+02:00
S000192,15.0,completed,0.4511879642895941,1,0.0,0.6253303000121377,48.06943940001656,0.04314279998652637,48.878364100004546,32620,64010,8276,[],C:\Users\26096\Desktop\em\python_topopt\runs\band_supplement_300_20260808_001\samples\S000192\femm\angle_15_attempt_1,,,2026-08-08T20:28:48.806+02:00,2026-08-08T20:29:38.450+02:00
S000193,0.0,completed,0.5594437627278671,1,6.622763899998972,0.5474471999914385,19.81685090000974,0.0380730000033509,27.17329829998198,25632,50026,35268,[],C:\Users\26096\Desktop\em\python_topopt\runs\band_supplement_300_20260808_001\samples\S000193\femm\angle_0_attempt_1,,,2026-08-08T20:24:42.594+02:00,2026-08-08T20:25:13.456+02:00
S000193,3.0,completed,0.7157931421343015,1,0.0,0.5303738999937195,19.064195300015854,0.04232779997983016,19.774047199985944,25632,50026,27000,[],C:\Users\26096\Desktop\em\python_topopt\runs\band_supplement_300_20260808_001\samples\S000193\femm\angle_3_attempt_1,,,2026-08-08T20:25:13.531+02:00,2026-08-08T20:25:34.362+02:00
S000193,6.0,completed,0.6742115173725665,1,0.0,0.5125517999986187,19.374168699985603,0.03874220000579953,20.0467609000043,25632,50026,7012,[],C:\Users\26096\Desktop\em\python_topopt\runs\band_supplement_300_20260808_001\samples\S000193\femm\angle_6_attempt_1,,,2026-08-08T20:25:34.427+02:00,2026-08-08T20:25:55.512+02:00
S000193,9.0,completed,0.6623091726294276,1,0.0,0.5178981999924872,24.04517220001435,0.035772400005953386,24.718893599987496,25632,50026,19624,[],C:\Users\26096\Desktop\em\python_topopt\runs\band_supplement_300_20260808_001\samples\S000193\femm\angle_9_attempt_1,,,2026-08-08T20:25:55.583+02:00,2026-08-08T20:26:21.191+02:00
S000193,12.0,completed,0.4169388202642374,1,0.0,0.5345138999982737,23.031551199994283,0.04187349998392165,23.7309047000017,25632,50026,12184,[],C:\Users\26096\Desktop\em\python_topopt\runs\band_supplement_300_20260808_001\samples\S000193\femm\angle_12_attempt_1,,,2026-08-08T20:26:21.270+02:00,2026-08-08T20:26:46.023+02:00
S000193,15.0,completed,0.5596780098765877,1,0.0,0.5005023999838158,20.973461699992185,0.03604849998373538,21.630061200005002,25632,50026,30216,[],C:\Users\26096\Desktop\em\python_topopt\runs\band_supplement_300_20260808_001\samples\S000193\femm\angle_15_attempt_1,,,2026-08-08T20:26:46.105+02:00,2026-08-08T20:27:08.714+02:00
S000194,0.0,completed,0.6087297019503305,1,2.564968199993018,0.5099817000154871,38.86164930000086,0.04042900001513772,42.10251519997837,28054,54868,31992,[],C:\Users\26096\Desktop\em\python_topopt\runs\band_supplement_300_20260808_001\samples\S000194\femm\angle_0_attempt_1,,,2026-08-08T20:30:49.341+02:00,2026-08-08T20:31:33.000+02:00
S000194,3.0,completed,0.7344824445300785,1,0.0,0.5305071999900974,48.26930299997912,0.045443100010743365,48.976892099977704,28054,54868,10092,[],C:\Users\26096\Desktop\em\python_topopt\runs\band_supplement_300_20260808_001\samples\S000194\femm\angle_3_attempt_1,,,2026-08-08T20:31:33.059+02:00,2026-08-08T20:32:22.826+02:00
S000194,6.0,completed,0.6520033806741165,1,0.0,0.528346800012514,60.3391205999942,0.038038099999539554,61.02870160000748,28054,54868,30524,[],C:\Users\26096\Desktop\em\python_topopt\runs\band_supplement_300_20260808_001\samples\S000194\femm\angle_6_attempt_1,,,2026-08-08T20:32:22.895+02:00,2026-08-08T20:33:24.721+02:00
S000194,9.0,completed,0.6283215869764267,1,0.0,0.5262749000103213,45.60473120000097,0.03845669998554513,46.28757049998967,28054,54868,9200,[],C:\Users\26096\Desktop\em\python_topopt\runs\band_supplement_300_20260808_001\samples\S000194\femm\angle_9_attempt_1,,,2026-08-08T20:33:24.788+02:00,2026-08-08T20:34:11.889+02:00
S000194,12.0,completed,0.4463345777816803,1,0.0,0.5307650000031572,48.85520980000729,0.04357550002168864,49.55743580000126,28054,54868,6452,[],C:\Users\26096\Desktop\em\python_topopt\runs\band_supplement_300_20260808_001\samples\S000194\femm\angle_12_attempt_1,,,2026-08-08T20:34:11.958+02:00,2026-08-08T20:35:02.340+02:00
S000194,15.0,completed,0.6045829501824459,1,0.0,0.5372221999859903,48.18798529999913,0.04174600000260398,48.89398069999879,28054,54868,34800,[],C:\Users\26096\Desktop\em\python_topopt\runs\band_supplement_300_20260808_001\samples\S000194\femm\angle_15_attempt_1,,,2026-08-08T20:35:02.402+02:00,2026-08-08T20:35:52.086+02:00
S000195,0.0,completed,0.6823797916983868,1,11.303511400008574,0.6017101999896113,35.16429639997659,0.040057300007902086,47.25449360001949,28371,55514,33608,[],C:\Users\26096\Desktop\em\python_topopt\runs\band_supplement_300_20260808_001\samples\S000195\femm\angle_0_attempt_1,,,2026-08-08T20:35:53.106+02:00,2026-08-08T20:36:42.114+02:00
S000195,3.0,completed,0.6824006224715798,1,0.0,0.5933518999954686,47.33093480000389,0.043417600012617186,48.11090320002404,28371,55514,24772,[],C:\Users\26096\Desktop\em\python_topopt\runs\band_supplement_300_20260808_001\samples\S000195\femm\angle_3_attempt_1,,,2026-08-08T20:36:42.205+02:00,2026-08-08T20:37:31.270+02:00
S000195,6.0,completed,0.5799215690551468,1,0.0,0.6030050000117626,67.22599409997929,0.0375511999882292,67.99235680000857,28371,55514,38020,[],C:\Users\26096\Desktop\em\python_topopt\runs\band_supplement_300_20260808_001\samples\S000195\femm\angle_6_attempt_1,,,2026-08-08T20:37:31.351+02:00,2026-08-08T20:38:40.329+02:00
S000195,9.0,completed,0.6750483362268405,1,0.0,0.5665457999857608,51.58718550001504,0.03834500000812113,52.3290057000122,28371,55514,27032,[],C:\Users\26096\Desktop\em\python_topopt\runs\band_supplement_300_20260808_001\samples\S000195\femm\angle_9_attempt_1,,,2026-08-08T20:38:40.407+02:00,2026-08-08T20:39:33.553+02:00
S000195,12.0,completed,0.6869319348441936,1,0.0,0.5272504999884404,30.352666099992348,0.04091559999505989,31.04957000000286,28371,55514,30260,[],C:\Users\26096\Desktop\em\python_topopt\runs\band_supplement_300_20260808_001\samples\S000195\femm\angle_12_attempt_1,,,2026-08-08T20:39:33.610+02:00,2026-08-08T20:40:05.431+02:00
S000195,15.0,completed,0.6825046310258034,1,0.0,0.5369548999879044,35.4819303000113,0.03692869999213144,36.185930300009204,28371,55514,30844,[],C:\Users\26096\Desktop\em\python_topopt\runs\band_supplement_300_20260808_001\samples\S000195\femm\angle_15_attempt_1,,,2026-08-08T20:40:05.504+02:00,2026-08-08T20:40:42.458+02:00
S000196,0.0,completed,0.7051802817341428,1,10.067441299994243,0.5483659000019543,20.680822499998612,0.043084200005978346,31.471833399991738,23681,46126,30884,[],C:\Users\26096\Desktop\em\python_topopt\runs\band_supplement_300_20260808_001\samples\S000196\femm\angle_0_attempt_1,,,2026-08-08T20:35:53.122+02:00,2026-08-08T20:36:28.165+02:00
S000196,3.0,completed,0.713598056965462,1,0.0,0.49742659999174066,19.880305500002578,0.03532120000454597,20.52632249999442,23681,46126,29956,[],C:\Users\26096\Desktop\em\python_topopt\runs\band_supplement_300_20260808_001\samples\S000196\femm\angle_3_attempt_1,,,2026-08-08T20:36:28.226+02:00,2026-08-08T20:36:49.715+02:00
S000196,6.0,completed,0.6106202732179148,1,0.0,0.540809199999785,26.141166800021892,0.037237900018226355,26.838629000005312,23681,46126,18620,[],C:\Users\26096\Desktop\em\python_topopt\runs\band_supplement_300_20260808_001\samples\S000196\femm\angle_6_attempt_1,,,2026-08-08T20:36:49.785+02:00,2026-08-08T20:37:17.587+02:00
S000196,9.0,completed,0.699470831296792,1,0.0,0.4823195999779273,34.642545100010466,0.03511080000316724,35.2813253000204,23681,46126,9168,[],C:\Users\26096\Desktop\em\python_topopt\runs\band_supplement_300_20260808_001\samples\S000196\femm\angle_9_attempt_1,,,2026-08-08T20:37:17.659+02:00,2026-08-08T20:37:53.900+02:00
S000196,12.0,completed,0.7127441160408171,1,0.0,0.508041900000535,29.047891599999275,0.03573149998555891,29.695621999999275,23681,46126,22068,[],C:\Users\26096\Desktop\em\python_topopt\runs\band_supplement_300_20260808_001\samples\S000196\femm\angle_12_attempt_1,,,2026-08-08T20:37:53.971+02:00,2026-08-08T20:38:24.577+02:00
S000196,15.0,completed,0.7062418398173579,1,0.0,0.4930194000189658,16.818486500007566,0.03407110000262037,17.454625300015323,23681,46126,37268,[],C:\Users\26096\Desktop\em\python_topopt\runs\band_supplement_300_20260808_001\samples\S000196\femm\angle_15_attempt_1,,,2026-08-08T20:38:24.648+02:00,2026-08-08T20:38:42.907+02:00
S000197,0.0,completed,0.6789112157788169,1,9.766573500004597,0.49631800001952797,23.838767800014466,0.034905900014564395,34.26461460001883,23521,45804,23024,[],C:\Users\26096\Desktop\em\python_topopt\runs\band_supplement_300_20260808_001\samples\S000197\femm\angle_0_attempt_1,,,2026-08-08T20:35:53.148+02:00,2026-08-08T20:36:29.428+02:00
S000197,3.0,completed,0.7786795213298121,1,0.0,0.519780400005402,20.929656500025885,0.050843500008340925,21.615257600002224,23521,45804,328,[],C:\Users\26096\Desktop\em\python_topopt\runs\band_supplement_300_20260808_001\samples\S000197\femm\angle_3_attempt_1,,,2026-08-08T20:36:29.489+02:00,2026-08-08T20:36:52.047+02:00
S000197,6.0,completed,0.7875592291927209,1,0.0,0.5576200000068638,28.223659699986456,0.036778600013349205,28.930174900015118,23521,45804,3840,[],C:\Users\26096\Desktop\em\python_topopt\runs\band_supplement_300_20260808_001\samples\S000197\femm\angle_6_attempt_1,,,2026-08-08T20:36:52.126+02:00,2026-08-08T20:37:21.993+02:00
S000197,9.0,completed,0.6199911795349773,1,0.0,0.5148702999867965,13.665737400006037,0.03649769999901764,14.342307700018864,23521,45804,33832,[],C:\Users\26096\Desktop\em\python_topopt\runs\band_supplement_300_20260808_001\samples\S000197\femm\angle_9_attempt_1,,,2026-08-08T20:37:22.072+02:00,2026-08-08T20:37:37.408+02:00
S000197,12.0,completed,0.5354362258543611,1,0.0,0.548021599999629,17.703814199980116,0.0346438999986276,18.402868900011526,23521,45804,3392,[],C:\Users\26096\Desktop\em\python_topopt\runs\band_supplement_300_20260808_001\samples\S000197\femm\angle_12_attempt_1,,,2026-08-08T20:37:37.489+02:00,2026-08-08T20:37:56.870+02:00
S000197,15.0,completed,0.6782348825349411,1,0.0,0.537263600010192,21.508598499989603,0.035344500007340685,22.189300700003514,23521,45804,36780,[],C:\Users\26096\Desktop\em\python_topopt\runs\band_supplement_300_20260808_001\samples\S000197\femm\angle_15_attempt_1,,,2026-08-08T20:37:56.943+02:00,2026-08-08T20:38:20.068+02:00
S000198,0.0,completed,0.7119020280834071,1,6.340250400011428,0.5221922999771778,29.906549500010442,0.037888400023803115,36.95145490000141,25808,50388,15736,[],C:\Users\26096\Desktop\em\python_topopt\runs\band_supplement_300_20260808_001\samples\S000198\femm\angle_0_attempt_1,,,2026-08-08T20:35:53.164+02:00,2026-08-08T20:36:32.658+02:00
S000198,3.0,completed,0.7230144598131921,1,0.0,0.5483696000010241,21.020251900015865,0.038303200009977445,21.73547850002069,25808,50388,12712,[],C:\Users\26096\Desktop\em\python_topopt\runs\band_supplement_300_20260808_001\samples\S000198\femm\angle_3_attempt_1,,,2026-08-08T20:36:32.729+02:00,2026-08-08T20:36:55.511+02:00
S000198,6.0,completed,0.6372124808473494,1,0.0,0.6120451999886427,36.95294240000658,0.044685900007607415,37.74000569997588,25808,50388,23356,[],C:\Users\26096\Desktop\em\python_topopt\runs\band_supplement_300_20260808_001\samples\S000198\femm\angle_6_attempt_1,,,2026-08-08T20:36:55.590+02:00,2026-08-08T20:37:34.335+02:00
S000198,9.0,completed,0.7211136066333711,1,0.0,0.5628990999830421,33.01670969999395,0.042444299993803725,33.74386469999445,25808,50388,35764,[],C:\Users\26096\Desktop\em\python_topopt\runs\band_supplement_300_20260808_001\samples\S000198\femm\angle_9_attempt_1,,,2026-08-08T20:37:34.416+02:00,2026-08-08T20:38:09.405+02:00
S000198,12.0,completed,0.7222746106026181,1,0.0,0.540452599991113,44.90528350000386,0.036300299980212,45.592960399982985,25808,50388,37084,[],C:\Users\26096\Desktop\em\python_topopt\runs\band_supplement_300_20260808_001\samples\S000198\femm\angle_12_attempt_1,,,2026-08-08T20:38:09.484+02:00,2026-08-08T20:38:56.029+02:00
S000198,15.0,completed,0.7102352183529191,1,0.0,0.5064892999944277,21.844759200001135,0.038217399996938184,22.503612600005,25808,50388,37640,[],C:\Users\26096\Desktop\em\python_topopt\runs\band_supplement_300_20260808_001\samples\S000198\femm\angle_15_attempt_1,,,2026-08-08T20:38:56.083+02:00,2026-08-08T20:39:19.384+02:00
S000199,0.0,completed,0.7103777253503898,1,10.887515799986431,0.5679217999859247,16.384651700005634,0.04334619999281131,28.004704399994807,25806,50382,11564,[],C:\Users\26096\Desktop\em\python_topopt\runs\band_supplement_300_20260808_001\samples\S000199\femm\angle_0_attempt_1,,,2026-08-08T20:35:53.189+02:00,2026-08-08T20:36:24.281+02:00
S000199,3.0,completed,0.7174225583842149,1,0.0,0.5483713999856263,18.91761229999247,0.041589200001908466,19.63045929998043,25806,50382,5164,[],C:\Users\26096\Desktop\em\python_topopt\runs\band_supplement_300_20260808_001\samples\S000199\femm\angle_3_attempt_1,,,2026-08-08T20:36:24.351+02:00,2026-08-08T20:36:44.953+02:00
S000199,6.0,completed,0.615766348498238,1,0.0,0.5703799999901094,20.060617799987085,0.0400806000106968,20.79372729998431,25806,50382,15872,[],C:\Users\26096\Desktop\em\python_topopt\runs\band_supplement_300_20260808_001\samples\S000199\femm\angle_6_attempt_1,,,2026-08-08T20:36:45.024+02:00,2026-08-08T20:37:06.758+02:00
S000199,9.0,completed,0.7060428666151318,1,0.0,0.5356140999938361,25.674114599998575,0.04473829999915324,26.388908900000388,25806,50382,2796,[],C:\Users\26096\Desktop\em\python_topopt\runs\band_supplement_300_20260808_001\samples\S000199\femm\angle_9_attempt_1,,,2026-08-08T20:37:06.829+02:00,2026-08-08T20:37:34.232+02:00
S000199,12.0,completed,0.7195286656118606,1,0.0,0.5503776999830734,24.647297399991658,0.046807400009129196,25.370644900016487,25806,50382,36076,[],C:\Users\26096\Desktop\em\python_topopt\runs\band_supplement_300_20260808_001\samples\S000199\femm\angle_12_attempt_1,,,2026-08-08T20:37:34.314+02:00,2026-08-08T20:38:00.634+02:00
S000199,15.0,completed,0.710490619406642,1,0.0,0.5996946000086609,19.599100599996746,0.03919589999713935,20.35576740000397,25806,50382,21776,[],C:\Users\26096\Desktop\em\python_topopt\runs\band_supplement_300_20260808_001\samples\S000199\femm\angle_15_attempt_1,,,2026-08-08T20:38:00.715+02:00,2026-08-08T20:38:21.993+02:00
S000200,0.0,completed,0.6886546937707445,1,4.55459700000938,0.4949808999954257,29.189663800003473,0.03339290001895279,34.38486960003502,24836,48444,38884,[],C:\Users\26096\Desktop\em\python_topopt\runs\band_supplement_300_20260808_001\samples\S000200\femm\angle_0_attempt_1,,,2026-08-08T20:40:43.106+02:00,2026-08-08T20:41:19.074+02:00
S000200,3.0,completed,0.7705567394282757,1,0.0,0.4924421999894548,34.34877849998884,0.03765460001886822,34.99088719999418,24836,48444,12652,[],C:\Users\26096\Desktop\em\python_topopt\runs\band_supplement_300_20260808_001\samples\S000200\femm\angle_3_attempt_1,,,2026-08-08T20:41:19.143+02:00,2026-08-08T20:41:54.929+02:00
S000200,6.0,completed,0.7879785439697918,1,0.0,0.5252137000206858,33.2436964000226,0.03430510000907816,33.91729549999582,24836,48444,20444,[],C:\Users\26096\Desktop\em\python_topopt\runs\band_supplement_300_20260808_001\samples\S000200\femm\angle_6_attempt_1,,,2026-08-08T20:41:54.999+02:00,2026-08-08T20:42:29.713+02:00
S000200,9.0,completed,0.6463063557898483,1,0.0,0.5046893999970052,35.92548579999129,0.034928200009744614,36.58201379998354,24836,48444,4128,[],C:\Users\26096\Desktop\em\python_topopt\runs\band_supplement_300_20260808_001\samples\S000200\femm\angle_9_attempt_1,,,2026-08-08T20:42:29.776+02:00,2026-08-08T20:43:07.169+02:00
S000200,12.0,completed,0.5558165892614768,1,0.0,0.49219869999797083,35.99102029998903,0.03781980002531782,36.63696720000007,24836,48444,24884,[],C:\Users\26096\Desktop\em\python_topopt\runs\band_supplement_300_20260808_001\samples\S000200\femm\angle_12_attempt_1,,,2026-08-08T20:43:07.231+02:00,2026-08-08T20:43:44.700+02:00
S000200,15.0,completed,0.6861595207388431,1,0.0,0.4815078999963589,24.86532020001323,0.035216999996919185,25.50244300000486,24836,48444,7248,[],C:\Users\26096\Desktop\em\python_topopt\runs\band_supplement_300_20260808_001\samples\S000200\femm\angle_15_attempt_1,,,2026-08-08T20:43:44.771+02:00,2026-08-08T20:44:11.124+02:00
S000201,0.0,completed,0.743124415357707,1,2.378316200018162,0.46241410000948235,37.804227699991316,0.03587539997533895,40.79233880000538,23567,45898,17700,[],C:\Users\26096\Desktop\em\python_topopt\runs\band_supplement_300_20260808_001\samples\S000201\femm\angle_0_attempt_1,,,2026-08-08T20:40:43.137+02:00,2026-08-08T20:41:25.817+02:00
S000201,3.0,completed,0.7200020113828949,1,0.0,0.4893218000070192,32.78517450002255,0.033673300000373274,33.41982680000365,23567,45898,24824,[],C:\Users\26096\Desktop\em\python_topopt\runs\band_supplement_300_20260808_001\samples\S000201\femm\angle_3_attempt_1,,,2026-08-08T20:41:25.878+02:00,2026-08-08T20:42:00.087+02:00
S000201,6.0,completed,0.7409935095064623,1,0.0,0.4808993000187911,32.364452700014226,0.03833599999779835,32.995298699999694,23567,45898,22416,[],C:\Users\26096\Desktop\em\python_topopt\runs\band_supplement_300_20260808_001\samples\S000201\femm\angle_6_attempt_1,,,2026-08-08T20:42:00.150+02:00,2026-08-08T20:42:33.971+02:00
S000201,9.0,completed,0.6610927576937282,1,0.0,0.4737051000120118,43.5641574000183,0.03554829998756759,44.18292049999582,23567,45898,31532,[],C:\Users\26096\Desktop\em\python_topopt\runs\band_supplement_300_20260808_001\samples\S000201\femm\angle_9_attempt_1,,,2026-08-08T20:42:34.030+02:00,2026-08-08T20:43:19.057+02:00
S000201,12.0,completed,0.6626822060129848,1,0.0,0.47438010000041686,50.07426399999531,0.03131069999653846,50.68786330000148,23567,45898,10668,[],C:\Users\26096\Desktop\em\python_topopt\runs\band_supplement_300_20260808_001\samples\S000201\femm\angle_12_attempt_1,,,2026-08-08T20:43:19.128+02:00,2026-08-08T20:44:10.619+02:00
S000201,15.0,completed,0.7434547127605081,1,0.0,0.4676764000032563,35.64999849998276,0.03540879997308366,36.26182680000784,23567,45898,13816,[],C:\Users\26096\Desktop\em\python_topopt\runs\band_supplement_300_20260808_001\samples\S000201\femm\angle_15_attempt_1,,,2026-08-08T20:44:10.685+02:00,2026-08-08T20:44:47.800+02:00
S000202,0.0,completed,0.8224837119886435,1,5.101135700009763,0.473937400005525,35.781788599997526,0.036243899987312034,41.509897100011585,23224,45204,28048,[],C:\Users\26096\Desktop\em\python_topopt\runs\band_supplement_300_20260808_001\samples\S000202\femm\angle_0_attempt_1,,,2026-08-08T20:40:43.159+02:00,2026-08-08T20:41:26.918+02:00
S000202,3.0,completed,0.7737114619700639,1,0.0,0.4439845999877434,21.198530699999537,0.032474599982379004,21.781288900005165,23224,45204,21120,[],C:\Users\26096\Desktop\em\python_topopt\runs\band_supplement_300_20260808_001\samples\S000202\femm\angle_3_attempt_1,,,2026-08-08T20:41:26.977+02:00,2026-08-08T20:41:49.568+02:00
S000202,6.0,completed,0.7955312642220488,1,0.0,0.4599537000176497,19.443665700004203,0.03182360000209883,20.03938649999327,23224,45204,28872,[],C:\Users\26096\Desktop\em\python_topopt\runs\band_supplement_300_20260808_001\samples\S000202\femm\angle_6_attempt_1,,,2026-08-08T20:41:49.637+02:00,2026-08-08T20:42:10.489+02:00
S000202,9.0,completed,0.9270440766319072,1,0.0,0.47587470000144094,45.50474010000471,0.03607390000252053,46.12525189999724,23224,45204,2072,[],C:\Users\26096\Desktop\em\python_topopt\runs\band_supplement_300_20260808_001\samples\S000202\femm\angle_9_attempt_1,,,2026-08-08T20:42:10.560+02:00,2026-08-08T20:42:57.486+02:00
S000202,12.0,completed,0.8856952600583364,1,0.0,0.47286830001394264,42.001498300000094,0.03231390001019463,42.6080598999979,23224,45204,18228,[],C:\Users\26096\Desktop\em\python_topopt\runs\band_supplement_300_20260808_001\samples\S000202\femm\angle_12_attempt_1,,,2026-08-08T20:42:57.548+02:00,2026-08-08T20:43:40.998+02:00
S000202,15.0,completed,0.8240814113502298,1,0.0,0.46241390000795946,28.89704239999992,0.03698109998367727,29.523904600006063,23224,45204,38180,[],C:\Users\26096\Desktop\em\python_topopt\runs\band_supplement_300_20260808_001\samples\S000202\femm\angle_15_attempt_1,,,2026-08-08T20:43:41.067+02:00,2026-08-08T20:44:11.400+02:00
S000203,0.0,completed,0.8002793862687115,1,5.59587650001049,0.5239173999871127,17.898411100002704,0.03831999999238178,24.173207800020464,25024,48818,32664,[],C:\Users\26096\Desktop\em\python_topopt\runs\band_supplement_300_20260808_001\samples\S000203\femm\angle_0_attempt_1,,,2026-08-08T20:44:48.458+02:00,2026-08-08T20:45:14.243+02:00
S000203,3.0,completed,0.7864724526182489,1,0.0,0.5086725000001024,19.398333499993896,0.03465630000573583,20.052591599989682,25024,48818,35632,[],C:\Users\26096\Desktop\em\python_topopt\runs\band_supplement_300_20260808_001\samples\S000203\femm\angle_3_attempt_1,,,2026-08-08T20:45:14.303+02:00,2026-08-08T20:45:35.166+02:00
S000203,6.0,completed,0.8308580753379656,1,0.0,0.5146799999929499,18.69830419999198,0.039098799985367805,19.36782030001632,25024,48818,23296,[],C:\Users\26096\Desktop\em\python_topopt\runs\band_supplement_300_20260808_001\samples\S000203\femm\angle_6_attempt_1,,,2026-08-08T20:45:35.252+02:00,2026-08-08T20:45:55.442+02:00
S000203,9.0,completed,0.7622699566226706,1,0.0,0.4983352000126615,16.70333779999055,0.03548920000321232,17.35647989998688,25024,48818,9412,[],C:\Users\26096\Desktop\em\python_topopt\runs\band_supplement_300_20260808_001\samples\S000203\femm\angle_9_attempt_1,,,2026-08-08T20:45:55.521+02:00,2026-08-08T20:46:13.673+02:00
S000203,12.0,completed,0.7318276287091183,1,0.0,0.5280721000162885,17.36823199997889,0.038005600014002994,18.05107760001556,25024,48818,32132,[],C:\Users\26096\Desktop\em\python_topopt\runs\band_supplement_300_20260808_001\samples\S000203\femm\angle_12_attempt_1,,,2026-08-08T20:46:13.764+02:00,2026-08-08T20:46:32.623+02:00
S000203,15.0,completed,0.7978414791657451,1,0.0,0.4993354000034742,20.18162720001419,0.0386337999952957,20.832642199995462,25024,48818,8448,[],C:\Users\26096\Desktop\em\python_topopt\runs\band_supplement_300_20260808_001\samples\S000203\femm\angle_15_attempt_1,,,2026-08-08T20:46:32.694+02:00,2026-08-08T20:46:54.288+02:00
S000204,0.0,completed,0.8002880244741966,1,4.941060599987395,0.5063059999956749,22.604590600007214,0.04438459998345934,28.209431600000244,23572,45900,27612,[],C:\Users\26096\Desktop\em\python_topopt\runs\band_supplement_300_20260808_001\samples\S000204\femm\angle_0_attempt_1,,,2026-08-08T20:44:48.489+02:00,2026-08-08T20:45:19.283+02:00
S000204,3.0,completed,0.7898522215810058,1,0.0,0.48869549998198636,14.569718200014904,0.03634990000864491,15.203396799974144,23572,45900,25128,[],C:\Users\26096\Desktop\em\python_topopt\runs\band_supplement_300_20260808_001\samples\S000204\femm\angle_3_attempt_1,,,2026-08-08T20:45:19.362+02:00,2026-08-08T20:45:35.397+02:00
S000204,6.0,completed,0.832228702923617,1,0.0,0.4888774999999441,14.70533919997979,0.032927699998253956,15.32988989999285,23572,45900,29360,[],C:\Users\26096\Desktop\em\python_topopt\runs\band_supplement_300_20260808_001\samples\S000204\femm\angle_6_attempt_1,,,2026-08-08T20:45:35.468+02:00,2026-08-08T20:45:51.698+02:00
S000204,9.0,completed,0.7640400460071521,1,0.0,0.4690810000174679,15.4914076999994,0.03319970000302419,16.101325099996757,23572,45900,22040,[],C:\Users\26096\Desktop\em\python_topopt\runs\band_supplement_300_20260808_001\samples\S000204\femm\angle_9_attempt_1,,,2026-08-08T20:45:51.769+02:00,2026-08-08T20:46:08.660+02:00
S000204,12.0,completed,0.732852312419548,1,0.0,0.479180099995574,20.012652499979595,0.03308449999894947,20.63360050000483,23572,45900,22284,[],C:\Users\26096\Desktop\em\python_topopt\runs\band_supplement_300_20260808_001\samples\S000204\femm\angle_12_attempt_1,,,2026-08-08T20:46:08.729+02:00,2026-08-08T20:46:30.170+02:00
S000204,15.0,completed,0.798697407594952,1,0.0,0.4775347000104375,17.90264980000211,0.032695500005502254,18.52154650000739,23572,45900,32556,[],C:\Users\26096\Desktop\em\python_topopt\runs\band_supplement_300_20260808_001\samples\S000204\femm\angle_15_attempt_1,,,2026-08-08T20:46:30.242+02:00,2026-08-08T20:46:49.568+02:00
S000205,0.0,completed,0.7989791063362963,1,5.956895399984205,0.5215961999783758,15.753556800016668,0.03847999998833984,22.3918674000015,26524,51818,34768,[],C:\Users\26096\Desktop\em\python_topopt\runs\band_supplement_300_20260808_001\samples\S000205\femm\angle_0_attempt_1,,,2026-08-08T20:44:48.512+02:00,2026-08-08T20:45:12.846+02:00
S000205,3.0,completed,0.7860461949290227,1,0.0,0.5357357000175398,26.512308200006373,0.038261699985014275,27.210301200015238,26524,51818,34328,[],C:\Users\26096\Desktop\em\python_topopt\runs\band_supplement_300_20260808_001\samples\S000205\femm\angle_3_attempt_1,,,2026-08-08T20:45:12.917+02:00,2026-08-08T20:45:40.986+02:00
S000205,6.0,completed,0.8300568808210224,1,0.0,0.5444646999821998,16.544148200016934,0.041063599986955523,17.266925200005062,26524,51818,38724,[],C:\Users\26096\Desktop\em\python_topopt\runs\band_supplement_300_20260808_001\samples\S000205\femm\angle_6_attempt_1,,,2026-08-08T20:45:41.055+02:00,2026-08-08T20:45:59.153+02:00
S000205,9.0,completed,0.7629393441247172,1,0.0,0.5171489999920595,20.989349299983587,0.03678510000463575,21.663221700000577,26524,51818,29312,[],C:\Users\26096\Desktop\em\python_topopt\runs\band_supplement_300_20260808_001\samples\S000205\femm\angle_9_attempt_1,,,2026-08-08T20:45:59.222+02:00,2026-08-08T20:46:21.717+02:00
S000205,12.0,completed,0.7326318545661007,1,0.0,0.5450638000038452,27.66389729999355,0.03674929999397136,28.364857599983225,26524,51818,29244,[],C:\Users\26096\Desktop\em\python_topopt\runs\band_supplement_300_20260808_001\samples\S000205\femm\angle_12_attempt_1,,,2026-08-08T20:46:21.788+02:00,2026-08-08T20:46:50.972+02:00
S000205,15.0,completed,0.799225468555428,1,0.0,0.5079548000067007,19.994386200007284,0.03744169999845326,20.65459400002146,26524,51818,12752,[],C:\Users\26096\Desktop\em\python_topopt\runs\band_supplement_300_20260808_001\samples\S000205\femm\angle_15_attempt_1,,,2026-08-08T20:46:51.035+02:00,2026-08-08T20:47:12.463+02:00
S000206,0.0,completed,0.7746575078985667,1,5.70635449999827,0.5971672000014223,46.8740942000004,0.04428830000688322,53.35729329998139,26357,51484,26764,[],C:\Users\26096\Desktop\em\python_topopt\runs\band_supplement_300_20260808_001\samples\S000206\femm\angle_0_attempt_1,,,2026-08-08T20:47:13.463+02:00,2026-08-08T20:48:09.001+02:00
S000206,3.0,completed,0.7485837555372693,1,0.0,0.6029593000130262,51.1350584999891,0.037465900008101016,51.90228080001543,26357,51484,32796,[],C:\Users\26096\Desktop\em\python_topopt\runs\band_supplement_300_20260808_001\samples\S000206\femm\angle_3_attempt_1,,,2026-08-08T20:48:09.070+02:00,2026-08-08T20:49:02.125+02:00
S000206,6.0,completed,0.7884796473065068,1,0.0,0.5716695000010077,51.271633099997416,0.03538779998780228,51.99184850000893,26357,51484,2108,[],C:\Users\26096\Desktop\em\python_topopt\runs\band_supplement_300_20260808_001\samples\S000206\femm\angle_6_attempt_1,,,2026-08-08T20:49:02.188+02:00,2026-08-08T20:49:54.993+02:00
S000206,9.0,completed,0.7198047722232436,1,0.0,0.5183736000035424,35.03698090001126,0.03641440000501461,35.71272609999869,26357,51484,34368,[],C:\Users\26096\Desktop\em\python_topopt\runs\band_supplement_300_20260808_001\samples\S000206\femm\angle_9_attempt_1,,,2026-08-08T20:49:55.055+02:00,2026-08-08T20:50:31.552+02:00
S000206,12.0,completed,0.7059347121034166,1,0.0,0.5175587999983691,43.52584889999707,0.03755700000328943,44.19254089999595,26357,51484,19824,[],C:\Users\26096\Desktop\em\python_topopt\runs\band_supplement_300_20260808_001\samples\S000206\femm\angle_12_attempt_1,,,2026-08-08T20:50:31.614+02:00,2026-08-08T20:51:16.576+02:00
S000206,15.0,completed,0.7770452614911872,1,0.0,0.5147082000039518,64.03337649998139,0.03492310000001453,64.70201440001256,26357,51484,21604,[],C:\Users\26096\Desktop\em\python_topopt\runs\band_supplement_300_20260808_001\samples\S000206\femm\angle_15_attempt_1,,,2026-08-08T20:51:16.626+02:00,2026-08-08T20:52:22.141+02:00
S000207,0.0,completed,0.8749942105913411,1,9.087176200002432,0.5263955999980681,16.65307220001705,0.03606179999769665,26.424799899978098,22519,43800,35728,[],C:\Users\26096\Desktop\em\python_topopt\runs\band_supplement_300_20260808_001\samples\S000207\femm\angle_0_attempt_1,,,2026-08-08T20:47:13.479+02:00,2026-08-08T20:47:42.887+02:00
S000207,3.0,completed,0.8266814645203286,1,0.0,0.5042860000103246,13.854647199972533,0.033976799983065575,14.50113250000868,22519,43800,32604,[],C:\Users\26096\Desktop\em\python_topopt\runs\band_supplement_300_20260808_001\samples\S000207\femm\angle_3_attempt_1,,,2026-08-08T20:47:42.948+02:00,2026-08-08T20:47:58.382+02:00
S000207,6.0,completed,0.9235972857932225,1,0.0,0.5328681000100914,21.030941699980758,0.03573480001068674,21.715578999981517,22519,43800,31412,[],C:\Users\26096\Desktop\em\python_topopt\runs\band_supplement_300_20260808_001\samples\S000207\femm\angle_6_attempt_1,,,2026-08-08T20:47:58.456+02:00,2026-08-08T20:48:21.090+02:00
S000207,9.0,completed,0.9319750935299137,1,0.0,0.5223881999845617,11.194344699993962,0.03651849998277612,11.872623500006739,22519,43800,36048,[],C:\Users\26096\Desktop\em\python_topopt\runs\band_supplement_300_20260808_001\samples\S000207\femm\angle_9_attempt_1,,,2026-08-08T20:48:21.161+02:00,2026-08-08T20:48:33.920+02:00
S000207,12.0,completed,0.887197644363375,1,0.0,0.5321928999910597,11.461343400005717,0.05226540000876412,12.192884199990658,22519,43800,25248,[],C:\Users\26096\Desktop\em\python_topopt\runs\band_supplement_300_20260808_001\samples\S000207\femm\angle_12_attempt_1,,,2026-08-08T20:48:33.991+02:00,2026-08-08T20:48:47.238+02:00
S000207,15.0,completed,0.8759091500064967,1,0.0,0.5154298999987077,16.413967100001173,0.03330459998687729,17.07234400001471,22519,43800,34956,[],C:\Users\26096\Desktop\em\python_topopt\runs\band_supplement_300_20260808_001\samples\S000207\femm\angle_15_attempt_1,,,2026-08-08T20:48:47.306+02:00,2026-08-08T20:49:05.209+02:00
S000208,0.0,completed,0.850062244162261,1,4.506286299991189,0.5112946000008378,21.013729900005274,0.027816300018457696,26.16204480000306,17785,34372,17112,[],C:\Users\26096\Desktop\em\python_topopt\runs\band_supplement_300_20260808_001\samples\S000208\femm\angle_0_attempt_1,,,2026-08-08T20:47:13.503+02:00,2026-08-08T20:47:42.182+02:00
S000208,3.0,completed,0.8316670985326035,1,0.0,0.4020310999767389,21.738122000009753,0.027560000016819686,22.261081100004958,17785,34372,30792,[],C:\Users\26096\Desktop\em\python_topopt\runs\band_supplement_300_20260808_001\samples\S000208\femm\angle_3_attempt_1,,,2026-08-08T20:47:42.242+02:00,2026-08-08T20:48:05.430+02:00
S000208,6.0,completed,0.9351145498363649,1,0.0,0.3853428000002168,19.319367899995996,0.03527379999286495,19.82912650000071,17785,34372,1624,[],C:\Users\26096\Desktop\em\python_topopt\runs\band_supplement_300_20260808_001\samples\S000208\femm\angle_6_attempt_1,,,2026-08-08T20:48:05.501+02:00,2026-08-08T20:48:26.281+02:00
S000208,9.0,completed,0.9097200617153057,1,0.0,0.39606519998051226,18.4220587000018,0.03135110001312569,18.93665799999144,17785,34372,33656,[],C:\Users\26096\Desktop\em\python_topopt\runs\band_supplement_300_20260808_001\samples\S000208\femm\angle_9_attempt_1,,,2026-08-08T20:48:26.351+02:00,2026-08-08T20:48:46.243+02:00
S000208,12.0,completed,0.8269245350279666,1,0.0,0.40432139998301864,18.650772900000447,0.034004799992544577,19.17419429999427,17785,34372,37912,[],C:\Users\26096\Desktop\em\python_topopt\runs\band_supplement_300_20260808_001\samples\S000208\femm\angle_12_attempt_1,,,2026-08-08T20:48:46.312+02:00,2026-08-08T20:49:06.355+02:00
S000208,15.0,completed,0.8469248008740503,1,0.0,0.3692369000054896,15.867814199998975,0.024982300004921854,16.343306299997494,17785,34372,31256,[],C:\Users\26096\Desktop\em\python_topopt\runs\band_supplement_300_20260808_001\samples\S000208\femm\angle_15_attempt_1,,,2026-08-08T20:49:06.433+02:00,2026-08-08T20:49:23.610+02:00
S000209,0.0,completed,0.8756999960577937,1,8.655643500009319,0.4373970000015106,12.9892775999906,0.03241179999895394,22.216288000025088,20294,39352,31488,[],C:\Users\26096\Desktop\em\python_topopt\runs\band_supplement_300_20260808_001\samples\S000209\femm\angle_0_attempt_1,,,2026-08-08T20:47:13.532+02:00,2026-08-08T20:47:37.817+02:00
S000209,3.0,completed,0.8252620270857687,1,0.0,0.42438090001815,10.746283500018762,0.0334904000046663,11.309389500005636,20294,39352,9044,[],C:\Users\26096\Desktop\em\python_topopt\runs\band_supplement_300_20260808_001\samples\S000209\femm\angle_3_attempt_1,,,2026-08-08T20:47:37.888+02:00,2026-08-08T20:47:50.101+02:00
S000209,6.0,completed,0.9230657289844671,1,0.0,0.44802000001072884,17.049588200025028,0.03725610001129098,17.638506399991456,20294,39352,24512,[],C:\Users\26096\Desktop\em\python_topopt\runs\band_supplement_300_20260808_001\samples\S000209\femm\angle_6_attempt_1,,,2026-08-08T20:47:50.182+02:00,2026-08-08T20:48:08.779+02:00
S000209,9.0,completed,0.9310363484956898,1,0.0,0.4680738000024576,9.249989800009644,0.031586900004185736,9.860753599990858,20294,39352,19240,[],C:\Users\26096\Desktop\em\python_topopt\runs\band_supplement_300_20260808_001\samples\S000209\femm\angle_9_attempt_1,,,2026-08-08T20:48:08.850+02:00,2026-08-08T20:48:19.662+02:00
S000209,12.0,completed,0.8860380407217852,1,0.0,0.44324150000466034,9.670869300025515,0.033605000004172325,10.24672819999978,20294,39352,29852,[],C:\Users\26096\Desktop\em\python_topopt\runs\band_supplement_300_20260808_001\samples\S000209\femm\angle_12_attempt_1,,,2026-08-08T20:48:19.725+02:00,2026-08-08T20:48:30.895+02:00
S000209,15.0,completed,0.8758349461105552,1,0.0,0.4498130999854766,9.318915000010747,0.031049399985931814,9.899976599990623,20294,39352,38508,[],C:\Users\26096\Desktop\em\python_topopt\runs\band_supplement_300_20260808_001\samples\S000209\femm\angle_15_attempt_1,,,2026-08-08T20:48:30.966+02:00,2026-08-08T20:48:41.781+02:00
S000210,0.0,completed,0.8761881319736853,1,8.807458299997961,0.5697663000028115,21.343876900005853,0.0436455000017304,30.901968800026225,24960,48684,15744,[],C:\Users\26096\Desktop\em\python_topopt\runs\band_supplement_300_20260808_001\samples\S000210\femm\angle_0_attempt_1,,,2026-08-08T20:47:13.548+02:00,2026-08-08T20:47:48.016+02:00
S000210,3.0,completed,0.825601537212931,1,0.0,0.5264121000072919,16.000194699998247,0.04134419999900274,16.702483799977927,24960,48684,10112,[],C:\Users\26096\Desktop\em\python_topopt\runs\band_supplement_300_20260808_001\samples\S000210\femm\angle_3_attempt_1,,,2026-08-08T20:47:48.077+02:00,2026-08-08T20:48:05.743+02:00
S000210,6.0,completed,0.9240352886552011,1,0.0,0.5465749999857508,24.805443199991714,0.04702300002099946,25.53244569999515,24960,48684,35320,[],C:\Users\26096\Desktop\em\python_topopt\runs\band_supplement_300_20260808_001\samples\S000210\femm\angle_6_attempt_1,,,2026-08-08T20:48:05.814+02:00,2026-08-08T20:48:32.351+02:00
S000210,9.0,completed,0.9327271834247693,1,0.0,0.5625090999819804,14.599642200017115,0.03838700000778772,15.320114000001922,24960,48684,5688,[],C:\Users\26096\Desktop\em\python_topopt\runs\band_supplement_300_20260808_001\samples\S000210\femm\angle_9_attempt_1,,,2026-08-08T20:48:32.422+02:00,2026-08-08T20:48:48.612+02:00
S000210,12.0,completed,0.8873106420717979,1,0.0,0.5085042999999132,14.454183199995896,0.03642849999596365,15.12008560000686,24960,48684,31860,[],C:\Users\26096\Desktop\em\python_topopt\runs\band_supplement_300_20260808_001\samples\S000210\femm\angle_12_attempt_1,,,2026-08-08T20:48:48.673+02:00,2026-08-08T20:49:04.646+02:00
S000210,15.0,completed,0.8759130736042852,1,0.0,0.5351554000226315,12.988267700013239,0.038795200001914054,13.681041300005745,24960,48684,31472,[],C:\Users\26096\Desktop\em\python_topopt\runs\band_supplement_300_20260808_001\samples\S000210\femm\angle_15_attempt_1,,,2026-08-08T20:49:04.715+02:00,2026-08-08T20:49:19.202+02:00
S000211,0.0,completed,0.8639385908803732,1,3.6886428999714553,0.44835339998826385,14.402603700000327,0.0313243999844417,18.66969819998485,22700,44168,35512,[],C:\Users\26096\Desktop\em\python_topopt\runs\band_supplement_300_20260808_001\samples\S000211\femm\angle_0_attempt_1,,,2026-08-08T20:52:22.539+02:00,2026-08-08T20:52:42.670+02:00
S000211,3.0,completed,0.9066586082483662,1,0.0,0.44480930001009256,14.098479499982204,0.03148420000798069,14.674488899996504,22700,44168,11084,[],C:\Users\26096\Desktop\em\python_topopt\runs\band_supplement_300_20260808_001\samples\S000211\femm\angle_3_attempt_1,,,2026-08-08T20:52:42.719+02:00,2026-08-08T20:52:58.146+02:00
S000211,6.0,completed,0.8267154995387148,1,0.0,0.45191040000645444,13.884023899998283,0.033759200014173985,14.476611199992476,22700,44168,1572,[],C:\Users\26096\Desktop\em\python_topopt\runs\band_supplement_300_20260808_001\samples\S000211\femm\angle_6_attempt_1,,,2026-08-08T20:52:58.216+02:00,2026-08-08T20:53:13.454+02:00
S000211,9.0,completed,0.7828257023165904,1,0.0,0.43712889999733306,15.794894899998326,0.03259509999770671,16.363438500004122,22700,44168,27796,[],C:\Users\26096\Desktop\em\python_topopt\runs\band_supplement_300_20260808_001\samples\S000211\femm\angle_9_attempt_1,,,2026-08-08T20:53:13.530+02:00,2026-08-08T20:53:30.705+02:00
S000211,12.0,completed,0.6408628443303809,1,0.0,0.42574819998117164,14.471887899999274,0.03356600002734922,15.029029199999059,22700,44168,6124,[],C:\Users\26096\Desktop\em\python_topopt\runs\band_supplement_300_20260808_001\samples\S000211\femm\angle_12_attempt_1,,,2026-08-08T20:53:30.775+02:00,2026-08-08T20:53:46.599+02:00
S000211,15.0,completed,0.8633518422313852,1,0.0,0.4422247000038624,14.82692959997803,0.03265419998206198,15.40301239999826,22700,44168,29776,[],C:\Users\26096\Desktop\em\python_topopt\runs\band_supplement_300_20260808_001\samples\S000211\femm\angle_15_attempt_1,,,2026-08-08T20:53:46.662+02:00,2026-08-08T20:54:02.822+02:00
S000212,0.0,completed,0.61029579896879,1,5.972196999995504,0.6449099000019487,41.615898299991386,0.048089299991261214,48.426096500013955,29441,57650,32900,[],C:\Users\26096\Desktop\em\python_topopt\runs\band_supplement_300_20260808_001\samples\S000212\femm\angle_0_attempt_1,,,2026-08-08T20:54:03.723+02:00,2026-08-08T20:54:53.802+02:00
S000212,3.0,completed,0.5883343619157049,1,0.0,0.6179314000182785,44.17314809997333,0.04484049999155104,44.96728099999018,29441,57650,35016,[],C:\Users\26096\Desktop\em\python_topopt\runs\band_supplement_300_20260808_001\samples\S000212\femm\angle_3_attempt_1,,,2026-08-08T20:54:53.865+02:00,2026-08-08T20:55:39.688+02:00
S000212,6.0,completed,0.7134983025913249,1,0.0,0.5731140999996569,48.3542336000246,0.03948920001857914,49.09431900002528,29441,57650,21600,[],C:\Users\26096\Desktop\em\python_topopt\runs\band_supplement_300_20260808_001\samples\S000212\femm\angle_6_attempt_1,,,2026-08-08T20:55:39.757+02:00,2026-08-08T20:56:29.604+02:00
S000212,9.0,completed,0.7044960416404585,1,0.0,0.5614461999794003,35.42662980000023,0.0413311000156682,36.161860099993646,29441,57650,35540,[],C:\Users\26096\Desktop\em\python_topopt\runs\band_supplement_300_20260808_001\samples\S000212\femm\angle_9_attempt_1,,,2026-08-08T20:56:29.682+02:00,2026-08-08T20:57:06.610+02:00
S000212,12.0,completed,0.6404492176210976,1,0.0,0.5562841999926604,53.149552099988796,0.037002199998823926,53.86801760000526,29441,57650,18152,[],C:\Users\26096\Desktop\em\python_topopt\runs\band_supplement_300_20260808_001\samples\S000212\femm\angle_12_attempt_1,,,2026-08-08T20:57:06.670+02:00,2026-08-08T20:58:01.311+02:00
S000212,15.0,completed,0.6109233290430299,1,0.0,0.5441121000039857,35.76674379999167,0.04150580000714399,36.52522810001392,29441,57650,33352,[],C:\Users\26096\Desktop\em\python_topopt\runs\band_supplement_300_20260808_001\samples\S000212\femm\angle_15_attempt_1,,,2026-08-08T20:58:01.367+02:00,2026-08-08T20:58:38.604+02:00
S000213,0.0,completed,0.1928348833956572,1,3.812063899997156,0.5517920000129379,17.670524199987995,0.03925249999156222,22.214822500012815,27921,54608,29948,[],C:\Users\26096\Desktop\em\python_topopt\runs\band_supplement_300_20260808_001\samples\S000213\femm\angle_0_attempt_1,,,2026-08-08T20:54:03.747+02:00,2026-08-08T20:54:27.925+02:00
S000213,3.0,completed,0.1996068353639815,1,0.0,0.584684000001289,20.70100219998858,0.040957000019261613,21.464345899992622,27921,54608,7420,[],C:\Users\26096\Desktop\em\python_topopt\runs\band_supplement_300_20260808_001\samples\S000213\femm\angle_3_attempt_1,,,2026-08-08T20:54:27.996+02:00,2026-08-08T20:54:50.372+02:00
S000213,6.0,completed,0.2016758440182973,1,0.0,0.5863839000230655,19.712542300025234,0.03957329998956993,20.463271000015084,27921,54608,30236,[],C:\Users\26096\Desktop\em\python_topopt\runs\band_supplement_300_20260808_001\samples\S000213\femm\angle_6_attempt_1,,,2026-08-08T20:54:50.451+02:00,2026-08-08T20:55:11.746+02:00
S000213,9.0,completed,0.2005002366909545,1,0.0,0.5331925000064075,18.305694699985906,0.03926580000552349,19.002380299993092,27921,54608,20040,[],C:\Users\26096\Desktop\em\python_topopt\runs\band_supplement_300_20260808_001\samples\S000213\femm\angle_9_attempt_1,,,2026-08-08T20:55:11.821+02:00,2026-08-08T20:55:31.662+02:00
S000213,12.0,completed,0.1914497008126549,1,0.0,0.5387035000021569,17.781059900007676,0.039178900013212115,18.481704899983015,27921,54608,33960,[],C:\Users\26096\Desktop\em\python_topopt\runs\band_supplement_300_20260808_001\samples\S000213\femm\angle_12_attempt_1,,,2026-08-08T20:55:31.733+02:00,2026-08-08T20:55:50.966+02:00
S000213,15.0,completed,0.1926937976912825,1,0.0,0.5579990000114776,18.36430799998925,0.04541159997461364,19.08937890001107,27921,54608,30572,[],C:\Users\26096\Desktop\em\python_topopt\runs\band_supplement_300_20260808_001\samples\S000213\femm\angle_15_attempt_1,,,2026-08-08T20:55:51.044+02:00,2026-08-08T20:56:10.912+02:00
S000214,0.0,completed,0.1273632043035191,1,6.304912800027523,0.5225455999898259,7.071570700005395,0.03446940000867471,14.043844000028912,23147,45062,28928,[],C:\Users\26096\Desktop\em\python_topopt\runs\band_supplement_300_20260808_001\samples\S000214\femm\angle_0_attempt_1,,,2026-08-08T20:54:03.759+02:00,2026-08-08T20:54:20.116+02:00
S000214,3.0,completed,0.1305327071969313,1,0.0,0.5185373999993317,6.848168500000611,0.03521319999708794,7.51771829999052,23147,45062,31212,[],C:\Users\26096\Desktop\em\python_topopt\runs\band_supplement_300_20260808_001\samples\S000214\femm\angle_3_attempt_1,,,2026-08-08T20:54:20.186+02:00,2026-08-08T20:54:28.558+02:00
S000214,6.0,completed,0.1320569900525697,1,0.0,0.4989136999938637,7.101820099982433,0.04447590000927448,7.761300300015137,23147,45062,30580,[],C:\Users\26096\Desktop\em\python_topopt\runs\band_supplement_300_20260808_001\samples\S000214\femm\angle_6_attempt_1,,,2026-08-08T20:54:28.645+02:00,2026-08-08T20:54:37.239+02:00
S000214,9.0,completed,0.1318215566195478,1,0.0,0.5116719000216108,7.009217500017257,0.037467500020284206,7.668912299996009,23147,45062,29472,[],C:\Users\26096\Desktop\em\python_topopt\runs\band_supplement_300_20260808_001\samples\S000214\femm\angle_9_attempt_1,,,2026-08-08T20:54:37.321+02:00,2026-08-08T20:54:45.860+02:00
S000214,12.0,completed,0.1261398307666306,1,0.0,0.507355900015682,7.110483700002078,0.03764279998722486,7.7936951000010595,23147,45062,31032,[],C:\Users\26096\Desktop\em\python_topopt\runs\band_supplement_300_20260808_001\samples\S000214\femm\angle_12_attempt_1,,,2026-08-08T20:54:45.935+02:00,2026-08-08T20:54:54.603+02:00
S000214,15.0,completed,0.1278338197076686,1,0.0,0.512994599994272,7.213984100002563,0.04475019997335039,7.886996299988823,23147,45062,26036,[],C:\Users\26096\Desktop\em\python_topopt\runs\band_supplement_300_20260808_001\samples\S000214\femm\angle_15_attempt_1,,,2026-08-08T20:54:54.677+02:00,2026-08-08T20:55:03.476+02:00
S000215,0.0,completed,0.1989630200588051,1,5.206057299976237,0.5076763999823015,8.029287300014403,0.0366148000175599,13.896349699993152,24724,48218,38872,[],C:\Users\26096\Desktop\em\python_topopt\runs\band_supplement_300_20260808_001\samples\S000215\femm\angle_0_attempt_1,,,2026-08-08T20:54:03.792+02:00,2026-08-08T20:54:20.430+02:00
S000215,3.0,completed,0.2073546281711371,1,0.0,0.5048939000116661,8.14246559998719,0.03906660000211559,8.808367599995108,24724,48218,26568,[],C:\Users\26096\Desktop\em\python_topopt\runs\band_supplement_300_20260808_001\samples\S000215\femm\angle_3_attempt_1,,,2026-08-08T20:54:20.490+02:00,2026-08-08T20:54:30.204+02:00
S000215,6.0,completed,0.2017427316679651,1,0.0,0.5383610000135377,7.848188200005097,0.040960999991511926,8.549493500002427,24724,48218,21244,[],C:\Users\26096\Desktop\em\python_topopt\runs\band_supplement_300_20260808_001\samples\S000215\femm\angle_6_attempt_1,,,2026-08-08T20:54:30.283+02:00,2026-08-08T20:54:39.700+02:00
S000215,9.0,completed,0.1934080309344329,1,0.0,0.551720799994655,7.397838400007458,0.03706709999823943,8.10396119998768,24724,48218,20848,[],C:\Users\26096\Desktop\em\python_topopt\runs\band_supplement_300_20260808_001\samples\S000215\femm\angle_9_attempt_1,,,2026-08-08T20:54:39.779+02:00,2026-08-08T20:54:48.754+02:00
S000215,12.0,completed,0.187516634229695,1,0.0,0.5201825999829452,8.085560300009092,0.05371360000572167,8.807688500004588,24724,48218,27976,[],C:\Users\26096\Desktop\em\python_topopt\runs\band_supplement_300_20260808_001\samples\S000215\femm\angle_12_attempt_1,,,2026-08-08T20:54:48.825+02:00,2026-08-08T20:54:58.504+02:00
S000215,15.0,completed,0.1989051612218628,1,0.0,0.5292010999983177,7.789653299987549,0.03754550000303425,8.467095200001495,24724,48218,11084,[],C:\Users\26096\Desktop\em\python_topopt\runs\band_supplement_300_20260808_001\samples\S000215\femm\angle_15_attempt_1,,,2026-08-08T20:54:58.585+02:00,2026-08-08T20:55:08.025+02:00
S000216,0.0,completed,0.5797042945082088,1,6.05311080001411,0.5228865999961272,19.17774039998767,0.04122959999949671,25.912300500029232,26112,50994,18096,[],C:\Users\26096\Desktop\em\python_topopt\runs\band_supplement_300_20260808_001\samples\S000216\femm\angle_0_attempt_1,,,2026-08-08T20:58:39.352+02:00,2026-08-08T20:59:06.758+02:00
S000216,3.0,completed,0.5036208189668947,1,0.0,0.5178908999951091,28.44189980000374,0.037279299984220415,29.118524199991953,26112,50994,28680,[],C:\Users\26096\Desktop\em\python_topopt\runs\band_supplement_300_20260808_001\samples\S000216\femm\angle_3_attempt_1,,,2026-08-08T20:59:06.827+02:00,2026-08-08T20:59:36.751+02:00
S000216,6.0,completed,0.4021430504931822,1,0.0,0.5054925000004005,27.06070859997999,0.04114109999500215,27.72635840001749,26112,50994,25640,[],C:\Users\26096\Desktop\em\python_topopt\runs\band_supplement_300_20260808_001\samples\S000216\femm\angle_6_attempt_1,,,2026-08-08T20:59:36.812+02:00,2026-08-08T21:00:05.389+02:00
S000216,9.0,completed,0.6789623037638668,1,0.0,0.5266791000030935,29.580116900004214,0.042770300002302974,30.266692500008503,26112,50994,3748,[],C:\Users\26096\Desktop\em\python_topopt\runs\band_supplement_300_20260808_001\samples\S000216\femm\angle_9_attempt_1,,,2026-08-08T21:00:05.458+02:00,2026-08-08T21:00:36.592+02:00
S000216,12.0,completed,0.6847888932595338,1,0.0,0.5321092999947723,24.55626320000738,0.038187700003618374,25.253643400006695,26112,50994,37744,[],C:\Users\26096\Desktop\em\python_topopt\runs\band_supplement_300_20260808_001\samples\S000216\femm\angle_12_attempt_1,,,2026-08-08T21:00:36.659+02:00,2026-08-08T21:01:02.729+02:00
S000216,15.0,completed,0.5767447135905054,1,0.0,0.5223339000076521,26.401081299991347,0.036225999996531755,27.075877299997956,26112,50994,8964,[],C:\Users\26096\Desktop\em\python_topopt\runs\band_supplement_300_20260808_001\samples\S000216\femm\angle_15_attempt_1,,,2026-08-08T21:01:02.800+02:00,2026-08-08T21:01:30.677+02:00
S000217,0.0,completed,0.6166311059527522,1,3.0301476000167895,0.5732226999825798,48.79488289999426,0.039561300014611334,52.57348980003735,28827,56420,37728,[],C:\Users\26096\Desktop\em\python_topopt\runs\band_supplement_300_20260808_001\samples\S000217\femm\angle_0_attempt_1,,,2026-08-08T20:58:39.374+02:00,2026-08-08T20:59:33.784+02:00
S000217,3.0,completed,0.5457988245857462,1,0.0,0.5663542999827769,44.236098099994706,0.0404438000114169,44.97352639999008,28827,56420,22272,[],C:\Users\26096\Desktop\em\python_topopt\runs\band_supplement_300_20260808_001\samples\S000217\femm\angle_3_attempt_1,,,2026-08-08T20:59:33.837+02:00,2026-08-08T21:00:19.583+02:00
S000217,6.0,completed,0.5583030606963754,1,0.0,0.5700197999831289,67.40203040000051,0.039694500010227785,68.14246360000107,28827,56420,16132,[],C:\Users\26096\Desktop\em\python_topopt\runs\band_supplement_300_20260808_001\samples\S000217\femm\angle_6_attempt_1,,,2026-08-08T21:00:19.645+02:00,2026-08-08T21:01:28.588+02:00
S000217,9.0,completed,0.4726262511837232,1,0.0,0.5541308000101708,58.05565429999842,0.03844010000466369,58.77048139998806,28827,56420,33256,[],C:\Users\26096\Desktop\em\python_topopt\runs\band_supplement_300_20260808_001\samples\S000217\femm\angle_9_attempt_1,,,2026-08-08T21:01:28.643+02:00,2026-08-08T21:02:28.186+02:00
S000217,12.0,completed,0.5080901501995007,1,0.0,0.5412685999763198,51.87132870001369,0.04625690000830218,52.58686989999842,28827,56420,37456,[],C:\Users\26096\Desktop\em\python_topopt\runs\band_supplement_300_20260808_001\samples\S000217\femm\angle_12_attempt_1,,,2026-08-08T21:02:28.255+02:00,2026-08-08T21:03:21.590+02:00
S000217,15.0,completed,0.6171751323950094,1,0.0,0.5527022000169381,40.589184900018154,0.04253939999034628,41.31232369999634,28827,56420,33048,[],C:\Users\26096\Desktop\em\python_topopt\runs\band_supplement_300_20260808_001\samples\S000217\femm\angle_15_attempt_1,,,2026-08-08T21:03:21.659+02:00,2026-08-08T21:04:03.719+02:00
S000218,0.0,completed,0.2966150578520528,1,5.486438700027065,0.5580936000042129,20.321726900001522,0.0382938000257127,26.529065100010484,27140,53046,35356,[],C:\Users\26096\Desktop\em\python_topopt\runs\band_supplement_300_20260808_001\samples\S000218\femm\angle_0_attempt_1,,,2026-08-08T20:58:39.398+02:00,2026-08-08T20:59:08.283+02:00
S000218,3.0,completed,0.3743109608617127,1,0.0,0.5617848999972921,22.83365130002494,0.03974740000558086,23.553128800005652,27140,53046,12232,[],C:\Users\26096\Desktop\em\python_topopt\runs\band_supplement_300_20260808_001\samples\S000218\femm\angle_3_attempt_1,,,2026-08-08T20:59:08.336+02:00,2026-08-08T20:59:32.695+02:00
S000218,6.0,completed,0.4413097366621172,1,0.0,0.5832374000165146,35.00189399998635,0.03883160001714714,35.75530640000943,27140,53046,3752,[],C:\Users\26096\Desktop\em\python_topopt\runs\band_supplement_300_20260808_001\samples\S000218\femm\angle_6_attempt_1,,,2026-08-08T20:59:32.758+02:00,2026-08-08T21:00:09.326+02:00
S000218,9.0,completed,0.3813756728707835,1,0.0,0.5645612000080291,21.871383999998216,0.04013810001197271,22.594856399984565,27140,53046,38456,[],C:\Users\26096\Desktop\em\python_topopt\runs\band_supplement_300_20260808_001\samples\S000218\femm\angle_9_attempt_1,,,2026-08-08T21:00:09.374+02:00,2026-08-08T21:00:32.808+02:00
S000218,12.0,completed,0.3186958123918538,1,0.0,0.5628474999975879,20.828168900014134,0.04486010002437979,21.55368029998499,27140,53046,36464,[],C:\Users\26096\Desktop\em\python_topopt\runs\band_supplement_300_20260808_001\samples\S000218\femm\angle_12_attempt_1,,,2026-08-08T21:00:32.869+02:00,2026-08-08T21:00:55.224+02:00
S000218,15.0,completed,0.2977749924186904,1,0.0,0.5592379000154324,26.850486700015608,0.04174600000260398,27.57083040001453,27140,53046,35008,[],C:\Users\26096\Desktop\em\python_topopt\runs\band_supplement_300_20260808_001\samples\S000218\femm\angle_15_attempt_1,,,2026-08-08T21:00:55.295+02:00,2026-08-08T21:01:23.679+02:00
S000219,0.0,completed,0.6053195776748057,1,6.748503699986031,0.52021539999987,43.84145339997485,0.037156499980483204,51.27347990000271,24833,48426,20536,[],C:\Users\26096\Desktop\em\python_topopt\runs\band_supplement_300_20260808_001\samples\S000219\femm\angle_0_attempt_1,,,2026-08-08T21:04:04.604+02:00,2026-08-08T21:04:57.742+02:00
S000219,3.0,completed,0.7341490364030966,1,0.0,0.5442526999977417,46.636919900018256,0.035038999980315566,47.33530919998884,24833,48426,4716,[],C:\Users\26096\Desktop\em\python_topopt\runs\band_supplement_300_20260808_001\samples\S000219\femm\angle_3_attempt_1,,,2026-08-08T21:04:57.802+02:00,2026-08-08T21:05:46.138+02:00
S000219,6.0,completed,0.6514518404212183,1,0.0,0.5336101000139024,44.86220199998934,0.03502710000611842,45.55712750001112,24833,48426,37304,[],C:\Users\26096\Desktop\em\python_topopt\runs\band_supplement_300_20260808_001\samples\S000219\femm\angle_6_attempt_1,,,2026-08-08T21:05:46.211+02:00,2026-08-08T21:06:32.780+02:00
S000219,9.0,completed,0.6298062684643476,1,0.0,0.5441582000057679,40.847674900025595,0.034993300010683015,41.54764899998554,24833,48426,28256,[],C:\Users\26096\Desktop\em\python_topopt\runs\band_supplement_300_20260808_001\samples\S000219\femm\angle_9_attempt_1,,,2026-08-08T21:06:32.851+02:00,2026-08-08T21:07:15.390+02:00
S000219,12.0,completed,0.4460933399990404,1,0.0,0.5474076000100467,44.36473429997568,0.04030729999067262,45.07809839997208,24833,48426,32888,[],C:\Users\26096\Desktop\em\python_topopt\runs\band_supplement_300_20260808_001\samples\S000219\femm\angle_12_attempt_1,,,2026-08-08T21:07:15.460+02:00,2026-08-08T21:08:01.549+02:00
S000219,15.0,completed,0.6056719806446975,1,0.0,0.5730905999953393,36.71616929999436,0.03549899999052286,37.43904679999105,24833,48426,616,[],C:\Users\26096\Desktop\em\python_topopt\runs\band_supplement_300_20260808_001\samples\S000219\femm\angle_15_attempt_1,,,2026-08-08T21:08:01.620+02:00,2026-08-08T21:08:40.048+02:00
S000220,0.0,completed,0.5132870559114018,1,12.421054099977482,0.7595693999901414,51.94361950000166,0.04793550001340918,65.32806269996217,33222,65210,18288,[],C:\Users\26096\Desktop\em\python_topopt\runs\band_supplement_300_20260808_001\samples\S000220\femm\angle_0_attempt_1,,,2026-08-08T21:04:04.636+02:00,2026-08-08T21:05:13.131+02:00
S000220,3.0,completed,0.6675067639066176,1,0.0,0.7539964000170585,43.59803409999586,0.05231530001037754,44.55631350001204,33222,65210,15700,[],C:\Users\26096\Desktop\em\python_topopt\runs\band_supplement_300_20260808_001\samples\S000220\femm\angle_3_attempt_1,,,2026-08-08T21:05:13.202+02:00,2026-08-08T21:05:58.740+02:00
S000220,6.0,completed,0.5537950069945553,1,0.0,0.7579164000053424,43.56778799998574,0.04883200000040233,44.5345427999855,33222,65210,36256,[],C:\Users\26096\Desktop\em\python_topopt\runs\band_supplement_300_20260808_001\samples\S000220\femm\angle_6_attempt_1,,,2026-08-08T21:05:58.819+02:00,2026-08-08T21:06:44.325+02:00
S000220,9.0,completed,0.4865470075978691,1,0.0,0.7744494000216946,36.594827200024156,0.05443709998507984,37.58491309999954,33222,65210,328,[],C:\Users\26096\Desktop\em\python_topopt\runs\band_supplement_300_20260808_001\samples\S000220\femm\angle_9_attempt_1,,,2026-08-08T21:06:44.396+02:00,2026-08-08T21:07:22.943+02:00
S000220,12.0,completed,0.3114441506044487,1,0.0,0.7425822999794036,33.786346800014144,0.05196250000153668,34.75382979999995,33222,65210,32912,[],C:\Users\26096\Desktop\em\python_topopt\runs\band_supplement_300_20260808_001\samples\S000220\femm\angle_12_attempt_1,,,2026-08-08T21:07:23.014+02:00,2026-08-08T21:07:58.742+02:00
S000220,15.0,completed,0.5122124661877172,1,0.0,0.7528731999918818,31.891064199997345,0.047747100004926324,32.84400910002296,33222,65210,33388,[],C:\Users\26096\Desktop\em\python_topopt\runs\band_supplement_300_20260808_001\samples\S000220\femm\angle_15_attempt_1,,,2026-08-08T21:07:58.813+02:00,2026-08-08T21:08:32.606+02:00
S000221,0.0,completed,0.381222689231962,1,9.136539399973117,0.6631050999858417,66.49572100001387,0.039534300012746826,76.47900659995503,28197,55158,16184,[],C:\Users\26096\Desktop\em\python_topopt\runs\band_supplement_300_20260808_001\samples\S000221\femm\angle_0_attempt_1,,,2026-08-08T21:04:04.651+02:00,2026-08-08T21:05:23.250+02:00
S000221,3.0,completed,0.5179811333678321,1,0.0,0.5971111000108067,76.40530369998305,0.03896459998213686,77.18285179999657,28197,55158,17864,[],C:\Users\26096\Desktop\em\python_topopt\runs\band_supplement_300_20260808_001\samples\S000221\femm\angle_3_attempt_1,,,2026-08-08T21:05:23.322+02:00,2026-08-08T21:06:41.475+02:00
S000221,6.0,completed,0.4232957252753574,1,0.0,0.6210960000171326,87.93085330000031,0.040596699982415885,88.73471379998955,28197,55158,24416,[],C:\Users\26096\Desktop\em\python_topopt\runs\band_supplement_300_20260808_001\samples\S000221\femm\angle_6_attempt_1,,,2026-08-08T21:06:41.554+02:00,2026-08-08T21:08:11.264+02:00
S000221,9.0,completed,0.3936140622359931,1,0.0,0.589968400017824,63.62561139999889,0.03732589998980984,64.37809240000206,28197,55158,17344,[],C:\Users\26096\Desktop\em\python_topopt\runs\band_supplement_300_20260808_001\samples\S000221\femm\angle_9_attempt_1,,,2026-08-08T21:08:11.325+02:00,2026-08-08T21:09:16.586+02:00
S000221,12.0,completed,0.2278818224377484,1,0.0,0.5690378999861423,47.36231240001507,0.048789799999212846,48.114171799999895,28197,55158,24580,[],C:\Users\26096\Desktop\em\python_topopt\runs\band_supplement_300_20260808_001\samples\S000221\femm\angle_12_attempt_1,,,2026-08-08T21:09:16.648+02:00,2026-08-08T21:10:05.511+02:00
S000221,15.0,completed,0.3816903389147627,1,0.0,0.5497631000180263,48.786255299986806,0.03741179997450672,49.50348369998392,28197,55158,25792,[],C:\Users\26096\Desktop\em\python_topopt\runs\band_supplement_300_20260808_001\samples\S000221\femm\angle_15_attempt_1,,,2026-08-08T21:10:05.565+02:00,2026-08-08T21:10:55.805+02:00
S000222,0.0,completed,0.6082459087890185,1,7.306470400013495,0.5792808000114746,53.30308049998712,0.03722430000198074,61.35377139999764,27014,52792,26008,[],C:\Users\26096\Desktop\em\python_topopt\runs\band_supplement_300_20260808_001\samples\S000222\femm\angle_0_attempt_1,,,2026-08-08T21:04:04.673+02:00,2026-08-08T21:05:08.518+02:00
S000222,3.0,completed,0.7349849421788712,1,0.0,0.598012500006007,48.527098500024294,0.03773099998943508,49.29376840000623,27014,52792,28240,[],C:\Users\26096\Desktop\em\python_topopt\runs\band_supplement_300_20260808_001\samples\S000222\femm\angle_3_attempt_1,,,2026-08-08T21:05:08.587+02:00,2026-08-08T21:05:58.890+02:00
S000222,6.0,completed,0.6524942229512818,1,0.0,0.5955648999952246,47.74380689999089,0.036657299991929904,48.51983689999906,27014,52792,5572,[],C:\Users\26096\Desktop\em\python_topopt\runs\band_supplement_300_20260808_001\samples\S000222\femm\angle_6_attempt_1,,,2026-08-08T21:05:58.953+02:00,2026-08-08T21:06:48.725+02:00
S000222,9.0,completed,0.6281378687176996,1,0.0,0.6215016999922227,64.37498389999382,0.038988700020127,65.16305569998804,27014,52792,38336,[],C:\Users\26096\Desktop\em\python_topopt\runs\band_supplement_300_20260808_001\samples\S000222\femm\angle_9_attempt_1,,,2026-08-08T21:06:48.796+02:00,2026-08-08T21:07:54.983+02:00
S000222,12.0,completed,0.4459845864807271,1,0.0,0.5924215999839362,49.38779360000626,0.03513579998980276,50.13328159999219,27014,52792,27204,[],C:\Users\26096\Desktop\em\python_topopt\runs\band_supplement_300_20260808_001\samples\S000222\femm\angle_12_attempt_1,,,2026-08-08T21:07:55.054+02:00,2026-08-08T21:08:46.114+02:00
S000222,15.0,completed,0.6076585606975929,1,0.0,0.5337143999931868,35.95749150001211,0.0363822000217624,36.648379999998724,27014,52792,37356,[],C:\Users\26096\Desktop\em\python_topopt\runs\band_supplement_300_20260808_001\samples\S000222\femm\angle_15_attempt_1,,,2026-08-08T21:08:46.175+02:00,2026-08-08T21:09:23.568+02:00
S000223,0.0,completed,0.6039216591222528,1,7.314440899994224,0.5139385999937076,37.2690789999906,0.03227510000579059,45.251167999987956,23572,45916,29800,[],C:\Users\26096\Desktop\em\python_topopt\runs\band_supplement_300_20260808_001\samples\S000223\femm\angle_0_attempt_1,,,2026-08-08T21:04:04.705+02:00,2026-08-08T21:04:53.371+02:00
S000223,3.0,completed,0.7332123731949981,1,0.0,0.5095578999898862,30.839793099992676,0.03667899998254143,31.497939599998062,23572,45916,38604,[],C:\Users\26096\Desktop\em\python_topopt\runs\band_supplement_300_20260808_001\samples\S000223\femm\angle_3_attempt_1,,,2026-08-08T21:04:53.432+02:00,2026-08-08T21:05:25.923+02:00
S000223,6.0,completed,0.6499081267940772,1,0.0,0.5490079000010155,41.10228570000618,0.035637900000438094,41.80414039999596,23572,45916,17824,[],C:\Users\26096\Desktop\em\python_topopt\runs\band_supplement_300_20260808_001\samples\S000223\femm\angle_6_attempt_1,,,2026-08-08T21:05:25.994+02:00,2026-08-08T21:06:08.762+02:00
S000223,9.0,completed,0.6295168021386137,1,0.0,0.4977911000023596,46.80897530002403,0.03661020001163706,47.47602239999105,23572,45916,37204,[],C:\Users\26096\Desktop\em\python_topopt\runs\band_supplement_300_20260808_001\samples\S000223\femm\angle_9_attempt_1,,,2026-08-08T21:06:08.842+02:00,2026-08-08T21:06:57.342+02:00
S000223,12.0,completed,0.4450489353263517,1,0.0,0.5177909000194632,33.83317629998783,0.03335099999094382,34.498865500005195,23572,45916,17880,[],C:\Users\26096\Desktop\em\python_topopt\runs\band_supplement_300_20260808_001\samples\S000223\femm\angle_12_attempt_1,,,2026-08-08T21:06:57.421+02:00,2026-08-08T21:07:32.910+02:00
S000223,15.0,completed,0.6062090167900226,1,0.0,0.5109824999817647,30.25468529999489,0.034390400018310174,30.94005639999523,23572,45916,33548,[],C:\Users\26096\Desktop\em\python_topopt\runs\band_supplement_300_20260808_001\samples\S000223\femm\angle_15_attempt_1,,,2026-08-08T21:07:32.981+02:00,2026-08-08T21:08:04.918+02:00
S000224,0.0,completed,0.5864919653906397,1,3.731198499997845,0.48673649999545887,19.128175599995302,0.039602700009709224,23.501905400014948,25115,49002,15024,[],C:\Users\26096\Desktop\em\python_topopt\runs\band_supplement_300_20260808_001\samples\S000224\femm\angle_0_attempt_1,,,2026-08-08T21:10:56.189+02:00,2026-08-08T21:11:21.114+02:00
S000224,3.0,completed,0.7121186027148392,1,0.0,0.46562560001621023,16.908496000018204,0.05507429997669533,17.537126799987163,25115,49002,30396,[],C:\Users\26096\Desktop\em\python_topopt\runs\band_supplement_300_20260808_001\samples\S000224\femm\angle_3_attempt_1,,,2026-08-08T21:11:21.161+02:00,2026-08-08T21:11:39.417+02:00
S000224,6.0,completed,0.7319423150982478,1,0.0,0.4992326000065077,21.2077769000025,0.03243039999506436,21.85264610001468,25115,49002,24348,[],C:\Users\26096\Desktop\em\python_topopt\runs\band_supplement_300_20260808_001\samples\S000224\femm\angle_6_attempt_1,,,2026-08-08T21:11:39.464+02:00,2026-08-08T21:12:02.078+02:00
S000224,9.0,completed,0.5769136876871043,1,0.0,0.46542769999359734,21.28736819999176,0.033190100017236546,21.896055200020783,25115,49002,25924,[],C:\Users\26096\Desktop\em\python_topopt\runs\band_supplement_300_20260808_001\samples\S000224\femm\angle_9_attempt_1,,,2026-08-08T21:12:02.141+02:00,2026-08-08T21:12:24.767+02:00
S000224,12.0,completed,0.5277262911942691,1,0.0,0.4841326999885496,19.803270000003977,0.033319300011498854,20.42728750000242,25115,49002,8392,[],C:\Users\26096\Desktop\em\python_topopt\runs\band_supplement_300_20260808_001\samples\S000224\femm\angle_12_attempt_1,,,2026-08-08T21:12:24.829+02:00,2026-08-08T21:12:45.970+02:00
S000224,15.0,completed,0.5869547109424166,1,0.0,0.47934630000963807,26.037796699994942,0.03608869999879971,26.67003200002364,25115,49002,22264,[],C:\Users\26096\Desktop\em\python_topopt\runs\band_supplement_300_20260808_001\samples\S000224\femm\angle_15_attempt_1,,,2026-08-08T21:12:46.027+02:00,2026-08-08T21:13:13.476+02:00
S000225,0.0,completed,0.7051025556414596,1,12.161047800007509,0.6409983999910764,49.163820499990834,0.056208399997558445,62.163953000010224,27465,53698,2248,[],C:\Users\26096\Desktop\em\python_topopt\runs\band_supplement_300_20260808_001\samples\S000225\femm\angle_0_attempt_1,,,2026-08-08T21:13:14.455+02:00,2026-08-08T21:14:18.472+02:00
S000225,3.0,completed,0.6713859425199185,1,0.0,0.6142508999910206,40.80896530000609,0.04006570001365617,41.593312499986496,27465,53698,37488,[],C:\Users\26096\Desktop\em\python_topopt\runs\band_supplement_300_20260808_001\samples\S000225\femm\angle_3_attempt_1,,,2026-08-08T21:14:18.533+02:00,2026-08-08T21:15:01.167+02:00
S000225,6.0,completed,0.6011871975436569,1,0.0,0.5520247999811545,59.519195700006094,0.040085599990561604,60.24156240001321,27465,53698,28072,[],C:\Users\26096\Desktop\em\python_topopt\runs\band_supplement_300_20260808_001\samples\S000225\femm\angle_6_attempt_1,,,2026-08-08T21:15:01.238+02:00,2026-08-08T21:16:02.379+02:00
S000225,9.0,completed,0.7920918171628306,1,0.0,0.5587076999945566,34.671690899995156,0.038637799996649846,35.39656090000062,27465,53698,30620,[],C:\Users\26096\Desktop\em\python_topopt\runs\band_supplement_300_20260808_001\samples\S000225\femm\angle_9_attempt_1,,,2026-08-08T21:16:02.448+02:00,2026-08-08T21:16:38.647+02:00
S000225,12.0,completed,0.8058152086438894,1,0.0,0.5576978000171948,33.0095971999981,0.035505799984093755,33.71852580000996,27465,53698,36844,[],C:\Users\26096\Desktop\em\python_topopt\runs\band_supplement_300_20260808_001\samples\S000225\femm\angle_12_attempt_1,,,2026-08-08T21:16:38.718+02:00,2026-08-08T21:17:13.253+02:00
S000225,15.0,completed,0.7043562414836673,1,0.0,0.5397555000090506,36.899675799999386,0.040063099993858486,37.601513600006,27465,53698,34152,[],C:\Users\26096\Desktop\em\python_topopt\runs\band_supplement_300_20260808_001\samples\S000225\femm\angle_15_attempt_1,,,2026-08-08T21:17:13.315+02:00,2026-08-08T21:17:51.718+02:00
S000226,0.0,completed,0.6937656038846574,1,11.765442300005816,0.5784319000085816,46.51676790000056,0.0400857999920845,59.0291194000165,26835,52440,30156,[],C:\Users\26096\Desktop\em\python_topopt\runs\band_supplement_300_20260808_001\samples\S000226\femm\angle_0_attempt_1,,,2026-08-08T21:13:14.477+02:00,2026-08-08T21:14:16.467+02:00
S000226,3.0,completed,0.6988706541427355,1,0.0,0.5908608000027016,45.58726609998848,0.040461800002958626,46.34760350000579,26835,52440,31956,[],C:\Users\26096\Desktop\em\python_topopt\runs\band_supplement_300_20260808_001\samples\S000226\femm\angle_3_attempt_1,,,2026-08-08T21:14:16.536+02:00,2026-08-08T21:15:03.781+02:00
S000226,6.0,completed,0.5879394968131648,1,0.0,0.5694804000086151,35.890287499991246,0.04023909999523312,36.6227896999917,26835,52440,29916,[],C:\Users\26096\Desktop\em\python_topopt\runs\band_supplement_300_20260808_001\samples\S000226\femm\angle_6_attempt_1,,,2026-08-08T21:15:03.853+02:00,2026-08-08T21:15:41.353+02:00
S000226,9.0,completed,0.6831636787547526,1,0.0,0.5599017000058666,32.4103551999724,0.03866740001831204,33.12814379998599,26835,52440,15776,[],C:\Users\26096\Desktop\em\python_topopt\runs\band_supplement_300_20260808_001\samples\S000226\femm\angle_9_attempt_1,,,2026-08-08T21:15:41.424+02:00,2026-08-08T21:16:15.511+02:00
S000226,12.0,completed,0.6960488761483076,1,0.0,0.5336813000030816,23.923206500010565,0.039285700011532754,24.62291199999163,26835,52440,19548,[],C:\Users\26096\Desktop\em\python_topopt\runs\band_supplement_300_20260808_001\samples\S000226\femm\angle_12_attempt_1,,,2026-08-08T21:16:15.574+02:00,2026-08-08T21:16:41.047+02:00
S000226,15.0,completed,0.6925218051788393,1,0.0,0.5504210999934003,33.322074800002156,0.03682350000599399,34.02590490001603,26835,52440,16656,[],C:\Users\26096\Desktop\em\python_topopt\runs\band_supplement_300_20260808_001\samples\S000226\femm\angle_15_attempt_1,,,2026-08-08T21:16:41.118+02:00,2026-08-08T21:17:15.940+02:00
S000227,0.0,completed,0.6805269939728741,1,9.17878909999854,0.5024707000120543,27.049506100011058,0.038161100004799664,36.89050059998408,24366,47488,32252,[],C:\Users\26096\Desktop\em\python_topopt\runs\band_supplement_300_20260808_001\samples\S000227\femm\angle_0_attempt_1,,,2026-08-08T21:13:14.493+02:00,2026-08-08T21:13:53.520+02:00
S000227,3.0,completed,0.7645759318836307,1,0.0,0.5518492000119295,26.395071399980225,0.0564658000075724,27.131020699976943,24366,47488,4588,[],C:\Users\26096\Desktop\em\python_topopt\runs\band_supplement_300_20260808_001\samples\S000227\femm\angle_3_attempt_1,,,2026-08-08T21:13:53.580+02:00,2026-08-08T21:14:21.668+02:00
S000227,6.0,completed,0.783363695903645,1,0.0,0.5557717999909073,42.18720679997932,0.03590980000444688,42.89496039997903,24366,47488,1896,[],C:\Users\26096\Desktop\em\python_topopt\runs\band_supplement_300_20260808_001\samples\S000227\femm\angle_6_attempt_1,,,2026-08-08T21:14:21.759+02:00,2026-08-08T21:15:05.750+02:00
S000227,9.0,completed,0.6410835593309904,1,0.0,0.5062937999900896,27.634911800007103,0.0411659000092186,28.300797399977455,24366,47488,33008,[],C:\Users\26096\Desktop\em\python_topopt\runs\band_supplement_300_20260808_001\samples\S000227\femm\angle_9_attempt_1,,,2026-08-08T21:15:05.821+02:00,2026-08-08T21:15:35.016+02:00
S000227,12.0,completed,0.5512084410896549,1,0.0,0.499133899982553,25.321535099996254,0.03622219999670051,25.975432699982775,24366,47488,12856,[],C:\Users\26096\Desktop\em\python_topopt\runs\band_supplement_300_20260808_001\samples\S000227\femm\angle_12_attempt_1,,,2026-08-08T21:15:35.098+02:00,2026-08-08T21:16:01.976+02:00
S000227,15.0,completed,0.6802327236293034,1,0.0,0.4852731999999378,23.41282460000366,0.03411239999695681,24.04425090001314,24366,47488,30672,[],C:\Users\26096\Desktop\em\python_topopt\runs\band_supplement_300_20260808_001\samples\S000227\femm\angle_15_attempt_1,,,2026-08-08T21:16:02.047+02:00,2026-08-08T21:16:26.886+02:00
S000228,0.0,completed,0.1650159668057041,1,11.719750799995381,0.6267110999906436,10.406233299989253,0.04392209998331964,22.936332300014328,27193,53162,21240,[],C:\Users\26096\Desktop\em\python_topopt\runs\band_supplement_300_20260808_001\samples\S000228\femm\angle_0_attempt_1,,,2026-08-08T21:13:14.524+02:00,2026-08-08T21:13:39.994+02:00
S000228,3.0,completed,0.1633030185401177,1,0.0,0.5720116999873426,10.3763476999884,0.04802650000783615,11.129696699994383,27193,53162,28224,[],C:\Users\26096\Desktop\em\python_topopt\runs\band_supplement_300_20260808_001\samples\S000228\femm\angle_3_attempt_1,,,2026-08-08T21:13:40.063+02:00,2026-08-08T21:13:52.163+02:00
S000228,6.0,completed,0.1661886646777156,1,0.0,0.5779422000050545,9.818843399989419,0.04158970000571571,10.566399700008333,27193,53162,22784,[],C:\Users\26096\Desktop\em\python_topopt\runs\band_supplement_300_20260808_001\samples\S000228\femm\angle_6_attempt_1,,,2026-08-08T21:13:52.234+02:00,2026-08-08T21:14:03.731+02:00
S000228,9.0,completed,0.1695432218390541,1,0.0,0.5839636999880895,10.396801199996844,0.04180529998848215,11.151195800019195,27193,53162,4120,[],C:\Users\26096\Desktop\em\python_topopt\runs\band_supplement_300_20260808_001\samples\S000228\femm\angle_9_attempt_1,,,2026-08-08T21:14:03.812+02:00,2026-08-08T21:14:15.901+02:00
S000228,12.0,completed,0.1671483272459012,1,0.0,0.5843315000238363,12.088835900009144,0.040580300003057346,12.851718699996127,27193,53162,37228,[],C:\Users\26096\Desktop\em\python_topopt\runs\band_supplement_300_20260808_001\samples\S000228\femm\angle_12_attempt_1,,,2026-08-08T21:14:15.982+02:00,2026-08-08T21:14:29.725+02:00
S000228,15.0,completed,0.1648233450803031,1,0.0,0.5714224000112154,10.977506199997151,0.043462100002216175,11.750362000020687,27193,53162,34380,[],C:\Users\26096\Desktop\em\python_topopt\runs\band_supplement_300_20260808_001\samples\S000228\femm\angle_15_attempt_1,,,2026-08-08T21:14:29.804+02:00,2026-08-08T21:14:42.547+02:00
S000229,0.0,completed,0.7104770501187595,1,11.306717300001765,0.6308327000006102,18.453384600026766,0.041908000013791025,30.570748300029663,27727,54226,7244,[],C:\Users\26096\Desktop\em\python_topopt\runs\band_supplement_300_20260808_001\samples\S000229\femm\angle_0_attempt_1,,,2026-08-08T21:13:14.547+02:00,2026-08-08T21:13:48.983+02:00
S000229,3.0,completed,0.7174858799757607,1,0.0,0.5720264000119641,23.876755299977958,0.046605999988969415,24.628161000000546,27727,54226,30444,[],C:\Users\26096\Desktop\em\python_topopt\runs\band_supplement_300_20260808_001\samples\S000229\femm\angle_3_attempt_1,,,2026-08-08T21:13:49.043+02:00,2026-08-08T21:14:14.656+02:00
S000229,6.0,completed,0.6168990804885349,1,0.0,0.5574062000086997,25.21590300000389,0.03928019999875687,25.95349569999962,27727,54226,38748,[],C:\Users\26096\Desktop\em\python_topopt\runs\band_supplement_300_20260808_001\samples\S000229\femm\angle_6_attempt_1,,,2026-08-08T21:14:14.735+02:00,2026-08-08T21:14:41.627+02:00
S000229,9.0,completed,0.7067529035392572,1,0.0,0.5996127000253182,30.299435699998867,0.050197600008687004,31.08378559999983,27727,54226,22020,[],C:\Users\26096\Desktop\em\python_topopt\runs\band_supplement_300_20260808_001\samples\S000229\femm\angle_9_attempt_1,,,2026-08-08T21:14:41.698+02:00,2026-08-08T21:15:13.744+02:00
S000229,12.0,completed,0.7200901946465051,1,0.0,0.5797901999903843,26.319128200004343,0.044674000004306436,27.07872699998552,27727,54226,38648,[],C:\Users\26096\Desktop\em\python_topopt\runs\band_supplement_300_20260808_001\samples\S000229\femm\angle_12_attempt_1,,,2026-08-08T21:15:13.815+02:00,2026-08-08T21:15:41.826+02:00
S000229,15.0,completed,0.7097485733257218,1,0.0,0.593877799983602,17.402326000010362,0.038286800001515076,18.164307400002144,27727,54226,36452,[],C:\Users\26096\Desktop\em\python_topopt\runs\band_supplement_300_20260808_001\samples\S000229\femm\angle_15_attempt_1,,,2026-08-08T21:15:41.895+02:00,2026-08-08T21:16:00.994+02:00
S000230,0.0,completed,0.7099207610347723,1,5.210699899995234,0.5329405999800656,23.096979099995224,0.04146399997989647,29.005077099980554,27785,54340,36076,[],C:\Users\26096\Desktop\em\python_topopt\runs\band_supplement_300_20260808_001\samples\S000230\femm\angle_0_attempt_1,,,2026-08-08T21:17:52.420+02:00,2026-08-08T21:18:22.988+02:00
S000230,3.0,completed,0.7176127464161529,1,0.0,0.553578799997922,30.794337500003166,0.037064399977680296,31.504248799989,27785,54340,16884,[],C:\Users\26096\Desktop\em\python_topopt\runs\band_supplement_300_20260808_001\samples\S000230\femm\angle_3_attempt_1,,,2026-08-08T21:18:23.049+02:00,2026-08-08T21:18:55.347+02:00
S000230,6.0,completed,0.6225609312867693,1,0.0,0.5503303000004962,30.791601099976106,0.041758500010473654,31.503082699986408,27785,54340,37664,[],C:\Users\26096\Desktop\em\python_topopt\runs\band_supplement_300_20260808_001\samples\S000230\femm\angle_6_attempt_1,,,2026-08-08T21:18:55.418+02:00,2026-08-08T21:19:27.739+02:00
S000230,9.0,completed,0.709121296548072,1,0.0,0.5729105000209529,34.05762499998673,0.03876300001866184,34.79115630002343,27785,54340,27256,[],C:\Users\26096\Desktop\em\python_topopt\runs\band_supplement_300_20260808_001\samples\S000230\femm\angle_9_attempt_1,,,2026-08-08T21:19:27.810+02:00,2026-08-08T21:20:03.417+02:00
S000230,12.0,completed,0.7196909752357994,1,0.0,0.5429654000035953,34.737715399998706,0.03881800000090152,35.443796200008364,27785,54340,23760,[],C:\Users\26096\Desktop\em\python_topopt\runs\band_supplement_300_20260808_001\samples\S000230\femm\angle_12_attempt_1,,,2026-08-08T21:20:03.487+02:00,2026-08-08T21:20:39.712+02:00
S000230,15.0,completed,0.7118113840368858,1,0.0,0.5387377000006381,21.003066900011618,0.038490100007038563,21.703679999976885,27785,54340,18968,[],C:\Users\26096\Desktop\em\python_topopt\runs\band_supplement_300_20260808_001\samples\S000230\femm\angle_15_attempt_1,,,2026-08-08T21:20:39.774+02:00,2026-08-08T21:21:02.275+02:00
S000231,0.0,completed,0.5627668636374812,1,5.261602299986407,0.6399562000005972,59.64525909998338,0.04181870000320487,65.72528370001237,30044,58858,36944,[],C:\Users\26096\Desktop\em\python_topopt\runs\band_supplement_300_20260808_001\samples\S000231\femm\angle_0_attempt_1,,,2026-08-08T21:17:52.451+02:00,2026-08-08T21:19:00.393+02:00
S000231,3.0,completed,0.5223878991328655,1,0.0,0.6053727999969851,28.888116999994963,0.04087629998684861,29.670780500018736,30044,58858,12716,[],C:\Users\26096\Desktop\em\python_topopt\runs\band_supplement_300_20260808_001\samples\S000231\femm\angle_3_attempt_1,,,2026-08-08T21:19:00.461+02:00,2026-08-08T21:19:30.955+02:00
S000231,6.0,completed,0.52412657747433,1,0.0,0.6151371000159997,31.000542399997357,0.04149649999453686,31.791200300009223,30044,58858,3408,[],C:\Users\26096\Desktop\em\python_topopt\runs\band_supplement_300_20260808_001\samples\S000231\femm\angle_6_attempt_1,,,2026-08-08T21:19:31.033+02:00,2026-08-08T21:20:03.636+02:00
S000231,9.0,completed,0.6942577453810374,1,0.0,0.610408800013829,40.93197419997887,0.04184639998129569,41.7196677000029,30044,58858,8640,[],C:\Users\26096\Desktop\em\python_topopt\runs\band_supplement_300_20260808_001\samples\S000231\femm\angle_9_attempt_1,,,2026-08-08T21:20:03.703+02:00,2026-08-08T21:20:46.329+02:00
S000231,12.0,completed,0.6955256394665095,1,0.0,0.6152237999776844,38.50749590000487,0.040245699987281114,39.29658449999988,30044,58858,35392,[],C:\Users\26096\Desktop\em\python_topopt\runs\band_supplement_300_20260808_001\samples\S000231\femm\angle_12_attempt_1,,,2026-08-08T21:20:46.392+02:00,2026-08-08T21:21:26.493+02:00
S000231,15.0,completed,0.5634470631843119,1,0.0,0.6134435999847483,50.23822669999208,0.04050420000567101,51.02544749999652,30044,58858,16352,[],C:\Users\26096\Desktop\em\python_topopt\runs\band_supplement_300_20260808_001\samples\S000231\femm\angle_15_attempt_1,,,2026-08-08T21:21:26.546+02:00,2026-08-08T21:22:18.319+02:00
S000232,0.0,completed,0.8563478406402674,1,2.4216087000095285,0.42738619999727234,28.734319500013953,0.029558599984738976,31.71237039999687,20365,39500,2712,[],C:\Users\26096\Desktop\em\python_topopt\runs\band_supplement_300_20260808_001\samples\S000232\femm\angle_0_attempt_1,,,2026-08-08T21:17:52.473+02:00,2026-08-08T21:18:26.066+02:00
S000232,3.0,completed,0.7779573577838607,1,0.0,0.4298613000137266,34.03892050002469,0.028109699982451275,34.593712600006256,20365,39500,18948,[],C:\Users\26096\Desktop\em\python_topopt\runs\band_supplement_300_20260808_001\samples\S000232\femm\angle_3_attempt_1,,,2026-08-08T21:18:26.129+02:00,2026-08-08T21:19:01.546+02:00
S000232,6.0,completed,0.810308277488397,1,0.0,0.4116535999928601,34.49518800000078,0.03317040001275018,35.041085799981374,20365,39500,2844,[],C:\Users\26096\Desktop\em\python_topopt\runs\band_supplement_300_20260808_001\samples\S000232\femm\angle_6_attempt_1,,,2026-08-08T21:19:01.615+02:00,2026-08-08T21:19:37.433+02:00
S000232,9.0,completed,0.9775824009768764,1,0.0,0.4401711999962572,28.34539269999368,0.03511379999690689,28.926799700013362,20365,39500,25932,[],C:\Users\26096\Desktop\em\python_topopt\runs\band_supplement_300_20260808_001\samples\S000232\femm\angle_9_attempt_1,,,2026-08-08T21:19:37.502+02:00,2026-08-08T21:20:07.267+02:00
S000232,12.0,completed,0.9358571382490656,1,0.0,0.4047366000013426,22.20443380001234,0.02758169997832738,22.733295100013493,20365,39500,23372,[],C:\Users\26096\Desktop\em\python_topopt\runs\band_supplement_300_20260808_001\samples\S000232\femm\angle_12_attempt_1,,,2026-08-08T21:20:07.337+02:00,2026-08-08T21:20:30.908+02:00
S000232,15.0,completed,0.8573830580683826,1,0.0,0.40421010000864044,24.697825199982617,0.031248999992385507,25.230296599998837,20365,39500,30764,[],C:\Users\26096\Desktop\em\python_topopt\runs\band_supplement_300_20260808_001\samples\S000232\femm\angle_15_attempt_1,,,2026-08-08T21:20:30.986+02:00,2026-08-08T21:20:57.006+02:00
S000233,0.0,completed,0.7406496801739367,1,5.312778099993011,0.49934519999078475,19.27345539999078,0.03399300001910888,25.22930050001014,23838,46436,27104,[],C:\Users\26096\Desktop\em\python_topopt\runs\band_supplement_300_20260808_001\samples\S000233\femm\angle_0_attempt_1,,,2026-08-08T21:22:19.020+02:00,2026-08-08T21:22:45.807+02:00
S000233,3.0,completed,0.713764063801657,1,0.0,0.4949390000256244,14.18706789999851,0.0340913999825716,14.82799530000193,23838,46436,24296,[],C:\Users\26096\Desktop\em\python_topopt\runs\band_supplement_300_20260808_001\samples\S000233\femm\angle_3_attempt_1,,,2026-08-08T21:22:45.866+02:00,2026-08-08T21:23:01.481+02:00
S000233,6.0,completed,0.6799106639815368,1,0.0,0.480338399996981,20.55521749999025,0.03361370001221076,21.176203800016083,23838,46436,15372,[],C:\Users\26096\Desktop\em\python_topopt\runs\band_supplement_300_20260808_001\samples\S000233\femm\angle_6_attempt_1,,,2026-08-08T21:23:01.535+02:00,2026-08-08T21:23:23.527+02:00
S000233,9.0,completed,0.613680618067854,1,0.0,0.475162899994757,16.695275200007018,0.03362319999723695,17.31399940000847,23838,46436,19776,[],C:\Users\26096\Desktop\em\python_topopt\runs\band_supplement_300_20260808_001\samples\S000233\femm\angle_9_attempt_1,,,2026-08-08T21:23:23.596+02:00,2026-08-08T21:23:41.725+02:00
S000233,12.0,completed,0.638026606874954,1,0.0,0.45737250000820495,17.967365099990275,0.03399550000904128,18.571216400014237,23838,46436,32796,[],C:\Users\26096\Desktop\em\python_topopt\runs\band_supplement_300_20260808_001\samples\S000233\femm\angle_12_attempt_1,,,2026-08-08T21:23:41.793+02:00,2026-08-08T21:24:01.156+02:00
S000233,15.0,completed,0.738715068784492,1,0.0,0.47185430000536144,15.720180899981642,0.0332695999823045,16.333020299993223,23838,46436,17508,[],C:\Users\26096\Desktop\em\python_topopt\runs\band_supplement_300_20260808_001\samples\S000233\femm\angle_15_attempt_1,,,2026-08-08T21:24:01.220+02:00,2026-08-08T21:24:18.345+02:00
S000234,0.0,completed,0.7985213354934617,1,6.744339400000172,0.5541415000043344,23.21246950002387,0.041328699997393414,30.680288900010055,28465,55698,18820,[],C:\Users\26096\Desktop\em\python_topopt\runs\band_supplement_300_20260808_001\samples\S000234\femm\angle_0_attempt_1,,,2026-08-08T21:22:19.036+02:00,2026-08-08T21:22:51.930+02:00
S000234,3.0,completed,0.7849098135203872,1,0.0,0.5597087999922223,24.06687310000416,0.03940899998997338,24.79719300000579,28465,55698,3940,[],C:\Users\26096\Desktop\em\python_topopt\runs\band_supplement_300_20260808_001\samples\S000234\femm\angle_3_attempt_1,,,2026-08-08T21:22:51.998+02:00,2026-08-08T21:23:17.625+02:00
S000234,6.0,completed,0.8236268564568612,1,0.0,0.5755697999848053,20.963621000002604,0.04066420000162907,21.71276970001054,28465,55698,34932,[],C:\Users\26096\Desktop\em\python_topopt\runs\band_supplement_300_20260808_001\samples\S000234\femm\angle_6_attempt_1,,,2026-08-08T21:23:17.694+02:00,2026-08-08T21:23:40.226+02:00
S000234,9.0,completed,0.759004163551583,1,0.0,0.5686184999940451,29.067356500017922,0.04114580000168644,29.810600099997828,28465,55698,38156,[],C:\Users\26096\Desktop\em\python_topopt\runs\band_supplement_300_20260808_001\samples\S000234\femm\angle_9_attempt_1,,,2026-08-08T21:23:40.289+02:00,2026-08-08T21:24:10.923+02:00
S000234,12.0,completed,0.7331116914582154,1,0.0,0.5724620000110008,20.30681639999966,0.03825100001995452,21.04147640001611,28465,55698,35488,[],C:\Users\26096\Desktop\em\python_topopt\runs\band_supplement_300_20260808_001\samples\S000234\femm\angle_12_attempt_1,,,2026-08-08T21:24:10.986+02:00,2026-08-08T21:24:32.839+02:00
S000234,15.0,completed,0.7984895985919871,1,0.0,0.5489425999985542,22.904303799994523,0.037941800022963434,23.613291399989976,28465,55698,33244,[],C:\Users\26096\Desktop\em\python_topopt\runs\band_supplement_300_20260808_001\samples\S000234\femm\angle_15_attempt_1,,,2026-08-08T21:24:32.909+02:00,2026-08-08T21:24:57.297+02:00
S000235,0.0,completed,0.5327889676595703,1,5.343672599992715,0.5020007000130136,18.95669170000474,0.0338507000124082,24.948202499974286,24521,47808,36044,[],C:\Users\26096\Desktop\em\python_topopt\runs\band_supplement_300_20260808_001\samples\S000235\femm\angle_0_attempt_1,,,2026-08-08T21:22:19.051+02:00,2026-08-08T21:22:45.876+02:00
S000235,3.0,completed,0.4397801862928992,1,0.0,0.4874187000095844,17.104407800012268,0.03472570001031272,17.740084399993066,24521,47808,11368,[],C:\Users\26096\Desktop\em\python_topopt\runs\band_supplement_300_20260808_001\samples\S000235\femm\angle_3_attempt_1,,,2026-08-08T21:22:45.938+02:00,2026-08-08T21:23:04.744+02:00
S000235,6.0,completed,0.6741316152415711,1,0.0,0.4796758000156842,21.234654600004433,0.038872199977049604,21.87378520000493,24521,47808,37036,[],C:\Users\26096\Desktop\em\python_topopt\runs\band_supplement_300_20260808_001\samples\S000235\femm\angle_6_attempt_1,,,2026-08-08T21:23:04.805+02:00,2026-08-08T21:23:27.504+02:00
S000235,9.0,completed,0.8771892806352384,1,0.0,0.5108820000023115,18.94508410000708,0.03525370001443662,19.606083200022113,24521,47808,26392,[],C:\Users\26096\Desktop\em\python_topopt\runs\band_supplement_300_20260808_001\samples\S000235\femm\angle_9_attempt_1,,,2026-08-08T21:23:27.575+02:00,2026-08-08T21:23:48.069+02:00
S000235,12.0,completed,0.7442472924024912,1,0.0,0.4862454000103753,14.539727700001094,0.03824419999727979,15.18203120000544,24521,47808,22792,[],C:\Users\26096\Desktop\em\python_topopt\runs\band_supplement_300_20260808_001\samples\S000235\femm\angle_12_attempt_1,,,2026-08-08T21:23:48.131+02:00,2026-08-08T21:24:04.131+02:00
S000235,15.0,completed,0.5322950863932011,1,0.0,0.5298646000155713,14.948880599986296,0.03373749999445863,15.621046799991746,24521,47808,25712,[],C:\Users\26096\Desktop\em\python_topopt\runs\band_supplement_300_20260808_001\samples\S000235\femm\angle_15_attempt_1,,,2026-08-08T21:24:04.192+02:00,2026-08-08T21:24:20.608+02:00
S000236,0.0,completed,0.8750343475745516,1,8.959505300008459,0.48316539998631924,34.60141599999042,0.03184359997976571,44.18914750000113,22225,43206,18844,[],C:\Users\26096\Desktop\em\python_topopt\runs\band_supplement_300_20260808_001\samples\S000236\femm\angle_0_attempt_1,,,2026-08-08T21:24:58.218+02:00,2026-08-08T21:25:44.171+02:00
S000236,3.0,completed,0.8255397737103529,1,0.0,0.46724579998408444,29.309612300014123,0.03141699999105185,29.915568199998233,22225,43206,33164,[],C:\Users\26096\Desktop\em\python_topopt\runs\band_supplement_300_20260808_001\samples\S000236\femm\angle_3_attempt_1,,,2026-08-08T21:25:44.231+02:00,2026-08-08T21:26:15.104+02:00
S000236,6.0,completed,0.9234473673625271,1,0.0,0.4887909999815747,38.2811892000027,0.03695720000541769,38.92751480001607,22225,43206,36184,[],C:\Users\26096\Desktop\em\python_topopt\runs\band_supplement_300_20260808_001\samples\S000236\femm\angle_6_attempt_1,,,2026-08-08T21:26:15.183+02:00,2026-08-08T21:26:55.081+02:00
S000236,9.0,completed,0.9318896221423811,1,0.0,0.4592848000174854,29.976263200020185,0.03344469997682609,30.57516099998611,22225,43206,18156,[],C:\Users\26096\Desktop\em\python_topopt\runs\band_supplement_300_20260808_001\samples\S000236\femm\angle_9_attempt_1,,,2026-08-08T21:26:55.153+02:00,2026-08-08T21:27:26.713+02:00
S000236,12.0,completed,0.886855301277236,1,0.0,0.47089940001023933,27.848958299990045,0.03336390000185929,28.45977290000883,22225,43206,8296,[],C:\Users\26096\Desktop\em\python_topopt\runs\band_supplement_300_20260808_001\samples\S000236\femm\angle_12_attempt_1,,,2026-08-08T21:27:26.792+02:00,2026-08-08T21:27:56.187+02:00
S000236,15.0,completed,0.8758190053624705,1,0.0,0.4841296999948099,19.59050130000105,0.03219480000552721,20.211823799996637,22225,43206,33428,[],C:\Users\26096\Desktop\em\python_topopt\runs\band_supplement_300_20260808_001\samples\S000236\femm\angle_15_attempt_1,,,2026-08-08T21:27:56.259+02:00,2026-08-08T21:28:17.338+02:00
S000237,0.0,completed,0.8440914824542599,1,9.295020699995803,0.5675638999964576,46.54144339999766,0.04454460000852123,56.58958050000365,27180,53122,25136,[],C:\Users\26096\Desktop\em\python_topopt\runs\band_supplement_300_20260808_001\samples\S000237\femm\angle_0_attempt_1,,,2026-08-08T21:24:58.249+02:00,2026-08-08T21:25:57.856+02:00
S000237,3.0,completed,0.8298011059104987,1,0.0,0.5681868999963626,59.389513699978124,0.03860580001492053,60.14318350001122,27180,53122,26708,[],C:\Users\26096\Desktop\em\python_topopt\runs\band_supplement_300_20260808_001\samples\S000237\femm\angle_3_attempt_1,,,2026-08-08T21:25:57.917+02:00,2026-08-08T21:26:59.065+02:00
S000237,6.0,completed,0.9265538130808745,1,0.0,0.5623646000167355,65.50195089998306,0.038170000014360994,66.23979209997924,27180,53122,30560,[],C:\Users\26096\Desktop\em\python_topopt\runs\band_supplement_300_20260808_001\samples\S000237\femm\angle_6_attempt_1,,,2026-08-08T21:26:59.136+02:00,2026-08-08T21:28:06.435+02:00
S000237,9.0,completed,0.8965934348594219,1,0.0,0.5837584999972023,37.75257710000733,0.03732199998921715,38.50224450000678,27180,53122,34952,[],C:\Users\26096\Desktop\em\python_topopt\runs\band_supplement_300_20260808_001\samples\S000237\femm\angle_9_attempt_1,,,2026-08-08T21:28:06.499+02:00,2026-08-08T21:28:45.823+02:00
S000237,12.0,completed,0.820274635744568,1,0.0,0.5313769000058528,46.05485059999046,0.03852349999942817,46.745135199977085,27180,53122,35428,[],C:\Users\26096\Desktop\em\python_topopt\runs\band_supplement_300_20260808_001\samples\S000237\femm\angle_12_attempt_1,,,2026-08-08T21:28:45.895+02:00,2026-08-08T21:29:33.431+02:00
S000237,15.0,completed,0.8453723664539461,1,0.0,0.5167450000008103,46.825606700003846,0.04049629997462034,47.50558080000337,27180,53122,11564,[],C:\Users\26096\Desktop\em\python_topopt\runs\band_supplement_300_20260808_001\samples\S000237\femm\angle_15_attempt_1,,,2026-08-08T21:29:33.493+02:00,2026-08-08T21:30:21.754+02:00
S000238,0.0,completed,0.8410655474211305,1,11.106315799988806,0.5911269999924116,50.21722270001192,0.046342400019057095,62.09326779996627,27052,52872,25088,[],C:\Users\26096\Desktop\em\python_topopt\runs\band_supplement_300_20260808_001\samples\S000238\femm\angle_0_attempt_1,,,2026-08-08T21:24:58.265+02:00,2026-08-08T21:26:02.774+02:00
S000238,3.0,completed,0.8280221115938392,1,0.0,0.5617211999779101,54.155259999999544,0.04167310000048019,54.88804900000105,27052,52872,30532,[],C:\Users\26096\Desktop\em\python_topopt\runs\band_supplement_300_20260808_001\samples\S000238\femm\angle_3_attempt_1,,,2026-08-08T21:26:02.844+02:00,2026-08-08T21:26:58.733+02:00
S000238,6.0,completed,0.922779540808968,1,0.0,0.5778114999993704,63.51623420001124,0.04000200002337806,64.26126769999973,27052,52872,32428,[],C:\Users\26096\Desktop\em\python_topopt\runs\band_supplement_300_20260808_001\samples\S000238\femm\angle_6_attempt_1,,,2026-08-08T21:26:58.814+02:00,2026-08-08T21:28:04.045+02:00
S000238,9.0,completed,0.8899937193875401,1,0.0,0.5901148999982979,38.226715500000864,0.04380690000834875,38.99330319999717,27052,52872,24148,[],C:\Users\26096\Desktop\em\python_topopt\runs\band_supplement_300_20260808_001\samples\S000238\femm\angle_9_attempt_1,,,2026-08-08T21:28:04.114+02:00,2026-08-08T21:28:43.987+02:00
S000238,12.0,completed,0.8156325830129817,1,0.0,0.5268408999836538,35.580846500000916,0.03629320001346059,36.26162839998142,27052,52872,34648,[],C:\Users\26096\Desktop\em\python_topopt\runs\band_supplement_300_20260808_001\samples\S000238\femm\angle_12_attempt_1,,,2026-08-08T21:28:44.048+02:00,2026-08-08T21:29:21.126+02:00
S000238,15.0,completed,0.8422822563501124,1,0.0,0.5439435000007506,34.98686150001595,0.03734280000207946,35.686793200002285,27052,52872,24120,[],C:\Users\26096\Desktop\em\python_topopt\runs\band_supplement_300_20260808_001\samples\S000238\femm\angle_15_attempt_1,,,2026-08-08T21:29:21.205+02:00,2026-08-08T21:29:57.683+02:00
S000239,0.0,completed,0.8071722548239911,1,9.87842210000963,0.5496507000061683,57.48443209999823,0.03734109998913482,68.09360170003492,26167,51100,15492,[],C:\Users\26096\Desktop\em\python_topopt\runs\band_supplement_300_20260808_001\samples\S000239\femm\angle_0_attempt_1,,,2026-08-08T21:24:58.296+02:00,2026-08-08T21:26:08.396+02:00
S000239,3.0,completed,0.7270049985353888,1,0.0,0.5977414999797475,37.39390060000005,0.03841979999560863,38.17779399998835,26167,51100,25000,[],C:\Users\26096\Desktop\em\python_topopt\runs\band_supplement_300_20260808_001\samples\S000239\femm\angle_3_attempt_1,,,2026-08-08T21:26:08.459+02:00,2026-08-08T21:26:47.654+02:00
S000239,6.0,completed,0.7738415985936402,1,0.0,0.5666645999881439,46.11889149999479,0.03793099999893457,46.845480399992084,26167,51100,1980,[],C:\Users\26096\Desktop\em\python_topopt\runs\band_supplement_300_20260808_001\samples\S000239\femm\angle_6_attempt_1,,,2026-08-08T21:26:47.735+02:00,2026-08-08T21:27:35.536+02:00
S000239,9.0,completed,0.7597809784058948,1,0.0,0.5471337999915704,31.265451199986273,0.05049490000237711,31.994623499980662,26167,51100,8708,[],C:\Users\26096\Desktop\em\python_topopt\runs\band_supplement_300_20260808_001\samples\S000239\femm\angle_9_attempt_1,,,2026-08-08T21:27:35.604+02:00,2026-08-08T21:28:08.482+02:00
S000239,12.0,completed,0.7836409020422704,1,0.0,0.5808685999945737,29.661332399991807,0.038307700015138835,30.396636599994963,26167,51100,23356,[],C:\Users\26096\Desktop\em\python_topopt\runs\band_supplement_300_20260808_001\samples\S000239\femm\angle_12_attempt_1,,,2026-08-08T21:28:08.555+02:00,2026-08-08T21:28:39.805+02:00
S000239,15.0,completed,0.8066903688501189,1,0.0,0.5221271000045817,42.56911799998488,0.036101700010476634,43.24845320000895,26167,51100,36736,[],C:\Users\26096\Desktop\em\python_topopt\runs\band_supplement_300_20260808_001\samples\S000239\femm\angle_15_attempt_1,,,2026-08-08T21:28:39.874+02:00,2026-08-08T21:29:23.934+02:00
S000240,0.0,completed,0.8766353028133699,1,9.462572199990973,0.5456746999989264,21.959132199990563,0.03728350001620129,32.12875749997329,25726,50224,29992,[],C:\Users\26096\Desktop\em\python_topopt\runs\band_supplement_300_20260808_001\samples\S000240\femm\angle_0_attempt_1,,,2026-08-08T21:24:58.318+02:00,2026-08-08T21:25:33.803+02:00
S000240,3.0,completed,0.8255608911650681,1,0.0,0.5404224999947473,16.09376409999095,0.04004190000705421,16.79691439997987,25726,50224,28920,[],C:\Users\26096\Desktop\em\python_topopt\runs\band_supplement_300_20260808_001\samples\S000240\femm\angle_3_attempt_1,,,2026-08-08T21:25:33.866+02:00,2026-08-08T21:25:51.648+02:00
S000240,6.0,completed,0.9242663346983596,1,0.0,0.5512102000066079,23.060758499981603,0.045119799993699417,23.78502949999529,25726,50224,21000,[],C:\Users\26096\Desktop\em\python_topopt\runs\band_supplement_300_20260808_001\samples\S000240\femm\angle_6_attempt_1,,,2026-08-08T21:25:51.721+02:00,2026-08-08T21:26:16.493+02:00
S000240,9.0,completed,0.9322938002440561,1,0.0,0.5878648000070825,25.458793699974194,0.03945939999539405,26.210321799997473,25726,50224,30604,[],C:\Users\26096\Desktop\em\python_topopt\runs\band_supplement_300_20260808_001\samples\S000240\femm\angle_9_attempt_1,,,2026-08-08T21:26:16.563+02:00,2026-08-08T21:26:43.719+02:00
S000240,12.0,completed,0.8871169769549434,1,0.0,0.5805108999775257,18.73339159999159,0.03937080001924187,19.482982800022,25726,50224,17880,[],C:\Users\26096\Desktop\em\python_topopt\runs\band_supplement_300_20260808_001\samples\S000240\femm\angle_12_attempt_1,,,2026-08-08T21:26:43.790+02:00,2026-08-08T21:27:04.241+02:00
S000240,15.0,completed,0.8765823138256645,1,0.0,0.5421026999829337,23.150246400007745,0.04074290001881309,23.86288689999492,25726,50224,23948,[],C:\Users\26096\Desktop\em\python_topopt\runs\band_supplement_300_20260808_001\samples\S000240\femm\angle_15_attempt_1,,,2026-08-08T21:27:04.312+02:00,2026-08-08T21:27:29.175+02:00
S000241,0.0,completed,0.5185170447090922,1,4.682812400016701,0.5246029000263661,37.326983700011624,0.04136890001245774,42.69555020000553,26017,50798,32912,[],C:\Users\26096\Desktop\em\python_topopt\runs\band_supplement_300_20260808_001\samples\S000241\femm\angle_0_attempt_1,,,2026-08-08T21:30:22.155+02:00,2026-08-08T21:31:06.362+02:00
S000241,3.0,completed,0.4460252878994524,1,0.0,0.5248492000100669,45.059004099981394,0.039814299991121516,45.743908900010865,26017,50798,23436,[],C:\Users\26096\Desktop\em\python_topopt\runs\band_supplement_300_20260808_001\samples\S000241\femm\angle_3_attempt_1,,,2026-08-08T21:31:06.418+02:00,2026-08-08T21:31:52.931+02:00
S000241,6.0,completed,0.4982886688915109,1,0.0,0.5023682999890298,47.87005759999738,0.03826990001834929,48.529483800026355,26017,50798,25564,[],C:\Users\26096\Desktop\em\python_topopt\runs\band_supplement_300_20260808_001\samples\S000241\femm\angle_6_attempt_1,,,2026-08-08T21:31:52.995+02:00,2026-08-08T21:32:42.322+02:00
S000241,9.0,completed,0.4934894323028575,1,0.0,0.5096781000029296,25.860498299996834,0.03521959998761304,26.52103140001418,26017,50798,38736,[],C:\Users\26096\Desktop\em\python_topopt\runs\band_supplement_300_20260808_001\samples\S000241\femm\angle_9_attempt_1,,,2026-08-08T21:32:42.384+02:00,2026-08-08T21:33:09.643+02:00
S000241,12.0,completed,0.5192072292223944,1,0.0,0.5019011000113096,24.870813799992902,0.06315920001361519,25.55561600002693,26017,50798,25848,[],C:\Users\26096\Desktop\em\python_topopt\runs\band_supplement_300_20260808_001\samples\S000241\femm\angle_12_attempt_1,,,2026-08-08T21:33:09.699+02:00,2026-08-08T21:33:36.000+02:00
S000241,15.0,completed,0.5166991636496235,1,0.0,0.49298119999002665,27.71579180000117,0.036797700013266876,28.362382499995874,26017,50798,19948,[],C:\Users\26096\Desktop\em\python_topopt\runs\band_supplement_300_20260808_001\samples\S000241\femm\angle_15_attempt_1,,,2026-08-08T21:33:36.067+02:00,2026-08-08T21:34:05.149+02:00
S000242,0.0,completed,0.4254332636480578,1,4.800381400011247,0.4838387999916449,15.088011000014376,0.036295500001870096,20.53518950002035,24811,48390,24816,[],C:\Users\26096\Desktop\em\python_topopt\runs\band_supplement_300_20260808_001\samples\S000242\femm\angle_0_attempt_1,,,2026-08-08T21:34:06.033+02:00,2026-08-08T21:34:28.268+02:00
S000242,3.0,completed,0.5101277509592492,1,0.0,0.520516199991107,14.241892999998527,0.037849700020160526,14.91620109998621,24811,48390,38092,[],C:\Users\26096\Desktop\em\python_topopt\runs\band_supplement_300_20260808_001\samples\S000242\femm\angle_3_attempt_1,,,2026-08-08T21:34:28.329+02:00,2026-08-08T21:34:44.122+02:00
S000242,6.0,completed,0.446522418052391,1,0.0,0.5235828000004403,18.72033119999105,0.044360100000631064,19.40791760000866,24811,48390,26284,[],C:\Users\26096\Desktop\em\python_topopt\runs\band_supplement_300_20260808_001\samples\S000242\femm\angle_6_attempt_1,,,2026-08-08T21:34:44.195+02:00,2026-08-08T21:35:04.526+02:00
S000242,9.0,completed,0.5037603737023254,1,0.0,0.5164321000047494,19.02931909999461,0.03715970000484958,19.702032800007146,24811,48390,18740,[],C:\Users\26096\Desktop\em\python_topopt\runs\band_supplement_300_20260808_001\samples\S000242\femm\angle_9_attempt_1,,,2026-08-08T21:35:04.597+02:00,2026-08-08T21:35:25.213+02:00
S000242,12.0,completed,0.3216034247666458,1,0.0,0.5327868000022136,12.578493900015019,0.03791829998954199,13.263215899991337,24811,48390,32840,[],C:\Users\26096\Desktop\em\python_topopt\runs\band_supplement_300_20260808_001\samples\S000242\femm\angle_12_attempt_1,,,2026-08-08T21:35:25.282+02:00,2026-08-08T21:35:39.517+02:00
S000242,15.0,completed,0.4238445519091083,1,0.0,0.5037530000263359,18.982500700018136,0.036217099986970425,19.644649499998195,24811,48390,18088,[],C:\Users\26096\Desktop\em\python_topopt\runs\band_supplement_300_20260808_001\samples\S000242\femm\angle_15_attempt_1,,,2026-08-08T21:35:39.588+02:00,2026-08-08T21:36:00.111+02:00
S000243,0.0,completed,0.3802680945253516,1,6.442922400019597,0.6349021999922115,62.870768699998735,0.047655300004407763,70.15692190002301,32570,63918,23332,[],C:\Users\26096\Desktop\em\python_topopt\runs\band_supplement_300_20260808_001\samples\S000243\femm\angle_0_attempt_1,,,2026-08-08T21:34:06.048+02:00,2026-08-08T21:35:19.123+02:00
S000243,3.0,completed,0.1014084512190145,1,0.0,0.6538171000138391,68.63722969999071,0.04359000001568347,69.48589460001676,32570,63918,32140,[],C:\Users\26096\Desktop\em\python_topopt\runs\band_supplement_300_20260808_001\samples\S000243\femm\angle_3_attempt_1,,,2026-08-08T21:35:19.184+02:00,2026-08-08T21:36:29.578+02:00
S000243,6.0,completed,0.4097586589167883,1,0.0,0.6338079000124708,60.55600589999813,0.04596960000344552,61.37500379999983,32570,63918,26180,[],C:\Users\26096\Desktop\em\python_topopt\runs\band_supplement_300_20260808_001\samples\S000243\femm\angle_6_attempt_1,,,2026-08-08T21:36:29.635+02:00,2026-08-08T21:37:31.842+02:00
S000243,9.0,completed,0.5968877896888855,1,0.0,0.626112900004955,57.295639099989785,0.043276900018099695,58.10046080002212,32570,63918,33704,[],C:\Users\26096\Desktop\em\python_topopt\runs\band_supplement_300_20260808_001\samples\S000243\femm\angle_9_attempt_1,,,2026-08-08T21:37:31.911+02:00,2026-08-08T21:38:30.786+02:00
S000243,12.0,completed,0.82585714878326,1,0.0,0.6156771999958437,56.76545530001749,0.04437449999386445,57.56333800000721,32570,63918,17400,[],C:\Users\26096\Desktop\em\python_topopt\runs\band_supplement_300_20260808_001\samples\S000243\femm\angle_12_attempt_1,,,2026-08-08T21:38:30.849+02:00,2026-08-08T21:39:29.183+02:00
S000243,15.0,completed,0.3806637152922028,1,0.0,0.6201059999875724,57.358080400008475,0.04741480000666343,58.17596500000218,32570,63918,9200,[],C:\Users\26096\Desktop\em\python_topopt\runs\band_supplement_300_20260808_001\samples\S000243\femm\angle_15_attempt_1,,,2026-08-08T21:39:29.242+02:00,2026-08-08T21:40:28.171+02:00
S000244,0.0,completed,0.5065456489933328,1,11.06221989999176,0.6469818000041414,37.41203530001803,0.04385710001224652,49.30830599999172,32582,63940,31996,[],C:\Users\26096\Desktop\em\python_topopt\runs\band_supplement_300_20260808_001\samples\S000244\femm\angle_0_attempt_1,,,2026-08-08T21:34:06.072+02:00,2026-08-08T21:34:57.365+02:00
S000244,3.0,completed,0.610410592421455,1,0.0,0.6674171999911778,34.36744890001137,0.045173199992859736,35.25405170000158,32582,63940,28088,[],C:\Users\26096\Desktop\em\python_topopt\runs\band_supplement_300_20260808_001\samples\S000244\femm\angle_3_attempt_1,,,2026-08-08T21:34:57.427+02:00,2026-08-08T21:35:33.556+02:00
S000244,6.0,completed,0.5348909320675135,1,0.0,0.6554096000036225,28.913881899992703,0.04944240002078004,29.766579299990553,32582,63940,25744,[],C:\Users\26096\Desktop\em\python_topopt\runs\band_supplement_300_20260808_001\samples\S000244\femm\angle_6_attempt_1,,,2026-08-08T21:35:33.627+02:00,2026-08-08T21:36:04.299+02:00
S000244,9.0,completed,0.3676112394561463,1,0.0,0.6372946999908891,27.02180360001512,0.045275799988303334,27.854565400019055,32582,63940,20396,[],C:\Users\26096\Desktop\em\python_topopt\runs\band_supplement_300_20260808_001\samples\S000244\femm\angle_9_attempt_1,,,2026-08-08T21:36:04.368+02:00,2026-08-08T21:36:33.050+02:00
S000244,12.0,completed,0.3052258671106863,1,0.0,0.6614603999769315,26.73121580001316,0.04237819998525083,27.574446299986448,32582,63940,20348,[],C:\Users\26096\Desktop\em\python_topopt\runs\band_supplement_300_20260808_001\samples\S000244\femm\angle_12_attempt_1,,,2026-08-08T21:36:33.112+02:00,2026-08-08T21:37:01.651+02:00
S000244,15.0,completed,0.5091325848726381,1,0.0,0.6091878000006545,31.249351500009652,0.04224989999784157,32.04760959997657,32582,63940,34672,[],C:\Users\26096\Desktop\em\python_topopt\runs\band_supplement_300_20260808_001\samples\S000244\femm\angle_15_attempt_1,,,2026-08-08T21:37:01.714+02:00,2026-08-08T21:37:34.517+02:00
S000245,0.0,completed,0.5622475692141963,1,9.390154199994868,0.5727527000126429,20.884407799982,0.04022819999954663,31.01664969997364,28372,55516,12712,[],C:\Users\26096\Desktop\em\python_topopt\runs\band_supplement_300_20260808_001\samples\S000245\femm\angle_0_attempt_1,,,2026-08-08T21:34:06.104+02:00,2026-08-08T21:34:39.386+02:00
S000245,3.0,completed,0.4630297504215902,1,0.0,0.599967000016477,34.81778409998515,0.04086290000122972,35.59302500000922,28372,55516,30556,[],C:\Users\26096\Desktop\em\python_topopt\runs\band_supplement_300_20260808_001\samples\S000245\femm\angle_3_attempt_1,,,2026-08-08T21:34:39.455+02:00,2026-08-08T21:35:15.932+02:00
S000245,6.0,completed,0.4607600469795481,1,0.0,0.611815900017973,26.218884699977934,0.040740399999776855,27.013793199992506,28372,55516,14352,[],C:\Users\26096\Desktop\em\python_topopt\runs\band_supplement_300_20260808_001\samples\S000245\femm\angle_6_attempt_1,,,2026-08-08T21:35:16.003+02:00,2026-08-08T21:35:43.930+02:00
S000245,9.0,completed,0.4142576748299877,1,0.0,0.5709517000068445,20.17573680001078,0.040020399988861755,20.92537889999221,28372,55516,31952,[],C:\Users\26096\Desktop\em\python_topopt\runs\band_supplement_300_20260808_001\samples\S000245\femm\angle_9_attempt_1,,,2026-08-08T21:35:44.002+02:00,2026-08-08T21:36:05.827+02:00
S000245,12.0,completed,0.4838898683913739,1,0.0,0.5544317000021692,25.376522800012026,0.044330400007311255,26.103768700006185,28372,55516,11472,[],C:\Users\26096\Desktop\em\python_topopt\runs\band_supplement_300_20260808_001\samples\S000245\femm\angle_12_attempt_1,,,2026-08-08T21:36:05.896+02:00,2026-08-08T21:36:32.769+02:00
S000245,15.0,completed,0.5625740179722148,1,0.0,0.5873675000038929,18.82698869999149,0.03955689998110756,19.576657199999318,28372,55516,34784,[],C:\Users\26096\Desktop\em\python_topopt\runs\band_supplement_300_20260808_001\samples\S000245\femm\angle_15_attempt_1,,,2026-08-08T21:36:32.830+02:00,2026-08-08T21:36:53.215+02:00
S000246,0.0,completed,0.241304586112075,1,4.937824299995555,0.47076220001326874,27.693960399978096,0.035956500010797754,33.25488650001353,24560,47880,29768,[],C:\Users\26096\Desktop\em\python_topopt\runs\band_supplement_300_20260808_001\samples\S000246\femm\angle_0_attempt_1,,,2026-08-08T21:40:28.933+02:00,2026-08-08T21:41:03.749+02:00
S000246,3.0,completed,0.2445345222934403,1,0.0,0.5107978000014555,32.497529700020095,0.032607900007860735,33.1517743000004,24560,47880,8092,[],C:\Users\26096\Desktop\em\python_topopt\runs\band_supplement_300_20260808_001\samples\S000246\femm\angle_3_attempt_1,,,2026-08-08T21:41:03.802+02:00,2026-08-08T21:41:37.764+02:00
S000246,6.0,completed,0.2621765861075252,1,0.0,0.4948746000009123,25.347408900008304,0.036851099983323365,25.99441939999815,24560,47880,25880,[],C:\Users\26096\Desktop\em\python_topopt\runs\band_supplement_300_20260808_001\samples\S000246\femm\angle_6_attempt_1,,,2026-08-08T21:41:37.833+02:00,2026-08-08T21:42:04.613+02:00
S000246,9.0,completed,0.2147602761430471,1,0.0,0.49161759999697097,19.02976679999847,0.03573340000002645,19.669826400000602,24560,47880,25236,[],C:\Users\26096\Desktop\em\python_topopt\runs\band_supplement_300_20260808_001\samples\S000246\femm\angle_9_attempt_1,,,2026-08-08T21:42:04.676+02:00,2026-08-08T21:42:25.159+02:00
S000246,12.0,completed,0.1764213193339749,1,0.0,0.4889330999867525,18.25052569998661,0.034190300008049235,18.889199800003553,24560,47880,28436,[],C:\Users\26096\Desktop\em\python_topopt\runs\band_supplement_300_20260808_001\samples\S000246\femm\angle_12_attempt_1,,,2026-08-08T21:42:25.220+02:00,2026-08-08T21:42:44.884+02:00
S000246,15.0,completed,0.2415795752758442,1,0.0,0.4960880000144243,29.6545926000108,0.03439400001661852,30.29643769998802,24560,47880,32480,[],C:\Users\26096\Desktop\em\python_topopt\runs\band_supplement_300_20260808_001\samples\S000246\femm\angle_15_attempt_1,,,2026-08-08T21:42:44.962+02:00,2026-08-08T21:43:16.076+02:00
S000247,0.0,completed,0.5818050602161324,1,9.353406999987783,0.5865735999832395,31.14647939999122,0.04164609999861568,41.26747109997086,29932,58644,11384,[],C:\Users\26096\Desktop\em\python_topopt\runs\band_supplement_300_20260808_001\samples\S000247\femm\angle_0_attempt_1,,,2026-08-08T21:40:28.949+02:00,2026-08-08T21:41:12.639+02:00
S000247,3.0,completed,0.490849339117503,1,0.0,0.5993979000195395,33.423826800019015,0.041355199995450675,34.20430209999904,29932,58644,36636,[],C:\Users\26096\Desktop\em\python_topopt\runs\band_supplement_300_20260808_001\samples\S000247\femm\angle_3_attempt_1,,,2026-08-08T21:41:12.702+02:00,2026-08-08T21:41:47.740+02:00
S000247,6.0,completed,0.4888820122301662,1,0.0,0.6054731000040192,33.36353280002368,0.04130989999976009,34.14746870001545,29932,58644,30204,[],C:\Users\26096\Desktop\em\python_topopt\runs\band_supplement_300_20260808_001\samples\S000247\femm\angle_6_attempt_1,,,2026-08-08T21:41:47.803+02:00,2026-08-08T21:42:22.754+02:00
S000247,9.0,completed,0.4464088661059998,1,0.0,0.6092747999937274,28.294205499987584,0.040675199998077005,29.084607900003903,29932,58644,24764,[],C:\Users\26096\Desktop\em\python_topopt\runs\band_supplement_300_20260808_001\samples\S000247\femm\angle_9_attempt_1,,,2026-08-08T21:42:22.807+02:00,2026-08-08T21:42:52.704+02:00
S000247,12.0,completed,0.5167766729265749,1,0.0,0.6077514999778941,32.59624870002153,0.044228200014913455,33.379902799992124,29932,58644,34840,[],C:\Users\26096\Desktop\em\python_topopt\runs\band_supplement_300_20260808_001\samples\S000247\femm\angle_12_attempt_1,,,2026-08-08T21:42:52.767+02:00,2026-08-08T21:43:26.920+02:00
S000247,15.0,completed,0.5806139496409016,1,0.0,0.6105868000013288,30.263993999978993,0.03879000002052635,31.04225420000148,29932,58644,10628,[],C:\Users\26096\Desktop\em\python_topopt\runs\band_supplement_300_20260808_001\samples\S000247\femm\angle_15_attempt_1,,,2026-08-08T21:43:26.983+02:00,2026-08-08T21:43:58.789+02:00
S000248,0.0,completed,0.5881225544622747,1,9.577986699994653,0.5158830999862403,23.638483000017004,0.0390567000140436,33.90021169997635,25044,48860,5648,[],C:\Users\26096\Desktop\em\python_topopt\runs\band_supplement_300_20260808_001\samples\S000248\femm\angle_0_attempt_1,,,2026-08-08T21:40:28.965+02:00,2026-08-08T21:41:04.682+02:00
S000248,3.0,completed,0.4973190382183176,1,0.0,0.517277799983276,42.662003999983426,0.03513930001645349,43.33225819998188,25044,48860,18604,[],C:\Users\26096\Desktop\em\python_topopt\runs\band_supplement_300_20260808_001\samples\S000248\femm\angle_3_attempt_1,,,2026-08-08T21:41:04.740+02:00,2026-08-08T21:41:48.855+02:00
S000248,6.0,completed,0.4943282492819658,1,0.0,0.49207740000565536,23.110564800008433,0.036377200012793764,23.755140599998413,25044,48860,19204,[],C:\Users\26096\Desktop\em\python_topopt\runs\band_supplement_300_20260808_001\samples\S000248\femm\angle_6_attempt_1,,,2026-08-08T21:41:48.916+02:00,2026-08-08T21:42:13.444+02:00
S000248,9.0,completed,0.4520205681802083,1,0.0,0.5012711999879684,20.95783780000056,0.03576339999563061,21.610278300009668,25044,48860,4492,[],C:\Users\26096\Desktop\em\python_topopt\runs\band_supplement_300_20260808_001\samples\S000248\femm\angle_9_attempt_1,,,2026-08-08T21:42:13.506+02:00,2026-08-08T21:42:35.930+02:00
S000248,12.0,completed,0.5201677192967901,1,0.0,0.5025825999910012,21.717233800009126,0.034106000006431714,22.369660399999702,25044,48860,29296,[],C:\Users\26096\Desktop\em\python_topopt\runs\band_supplement_300_20260808_001\samples\S000248\femm\angle_12_attempt_1,,,2026-08-08T21:42:36.001+02:00,2026-08-08T21:42:59.180+02:00
S000248,15.0,completed,0.590510446845588,1,0.0,0.5104231000004802,37.319403400004376,0.03446910000639036,37.97435579999001,25044,48860,17968,[],C:\Users\26096\Desktop\em\python_topopt\runs\band_supplement_300_20260808_001\samples\S000248\femm\angle_15_attempt_1,,,2026-08-08T21:42:59.249+02:00,2026-08-08T21:43:38.007+02:00
S000249,0.0,completed,0.5884394681971636,1,10.258249400008935,0.5627836000057869,31.781459499994526,0.03453890001401305,42.76243319999776,23906,46574,38132,[],C:\Users\26096\Desktop\em\python_topopt\runs\band_supplement_300_20260808_001\samples\S000249\femm\angle_0_attempt_1,,,2026-08-08T21:43:59.750+02:00,2026-08-08T21:44:44.292+02:00
S000249,3.0,completed,0.7137785299949494,1,0.0,0.5286638000106905,24.011277499987045,0.033436099998652935,24.696228599990718,23906,46574,32632,[],C:\Users\26096\Desktop\em\python_topopt\runs\band_supplement_300_20260808_001\samples\S000249\femm\angle_3_attempt_1,,,2026-08-08T21:44:44.353+02:00,2026-08-08T21:45:10.035+02:00
S000249,6.0,completed,0.7315213109895009,1,0.0,0.5247799000062514,24.08637470001122,0.0501978000102099,24.812262399995234,23906,46574,24688,[],C:\Users\26096\Desktop\em\python_topopt\runs\band_supplement_300_20260808_001\samples\S000249\femm\angle_6_attempt_1,,,2026-08-08T21:45:10.104+02:00,2026-08-08T21:45:36.003+02:00
S000249,9.0,completed,0.5776408352461684,1,0.0,0.5247535000089556,23.807371900009457,0.038577500003157184,24.49392550002085,23906,46574,30376,[],C:\Users\26096\Desktop\em\python_topopt\runs\band_supplement_300_20260808_001\samples\S000249\femm\angle_9_attempt_1,,,2026-08-08T21:45:36.074+02:00,2026-08-08T21:46:01.538+02:00
S000249,12.0,completed,0.52867305731979,1,0.0,0.548537499998929,22.457954699988477,0.03387699997983873,23.160418599989498,23906,46574,12084,[],C:\Users\26096\Desktop\em\python_topopt\runs\band_supplement_300_20260808_001\samples\S000249\femm\angle_12_attempt_1,,,2026-08-08T21:46:01.611+02:00,2026-08-08T21:46:25.740+02:00
S000249,15.0,completed,0.586806198213839,1,0.0,0.5448856000148226,19.710116699978244,0.03277590000652708,20.40489060000982,23906,46574,19924,[],C:\Users\26096\Desktop\em\python_topopt\runs\band_supplement_300_20260808_001\samples\S000249\femm\angle_15_attempt_1,,,2026-08-08T21:46:25.813+02:00,2026-08-08T21:46:47.122+02:00
S000250,0.0,completed,0.6021829410865012,1,7.707270700018853,0.5296655999845825,36.74574450001819,0.03420470000128262,45.14355140001862,24160,47090,24348,[],C:\Users\26096\Desktop\em\python_topopt\runs\band_supplement_300_20260808_001\samples\S000250\femm\angle_0_attempt_1,,,2026-08-08T21:43:59.765+02:00,2026-08-08T21:44:47.609+02:00
S000250,3.0,completed,0.7318414083388532,1,0.0,0.5522540000092704,35.799165999982506,0.03595869999844581,36.505509700014954,24160,47090,30832,[],C:\Users\26096\Desktop\em\python_topopt\runs\band_supplement_300_20260808_001\samples\S000250\femm\angle_3_attempt_1,,,2026-08-08T21:44:47.670+02:00,2026-08-08T21:45:25.147+02:00
S000250,6.0,completed,0.6493900753632692,1,0.0,0.5329285000043456,29.575276099989424,0.03561300001456402,30.261777299980167,24160,47090,10400,[],C:\Users\26096\Desktop\em\python_topopt\runs\band_supplement_300_20260808_001\samples\S000250\femm\angle_6_attempt_1,,,2026-08-08T21:45:25.218+02:00,2026-08-08T21:45:56.486+02:00
S000250,9.0,completed,0.6282680580535905,1,0.0,0.5070768999867141,35.37049329999718,0.05062640001415275,36.04707519998192,24160,47090,38368,[],C:\Users\26096\Desktop\em\python_topopt\runs\band_supplement_300_20260808_001\samples\S000250\femm\angle_9_attempt_1,,,2026-08-08T21:45:56.557+02:00,2026-08-08T21:46:33.524+02:00
S000250,12.0,completed,0.4427067412713608,1,0.0,0.5399376999994274,29.712518000014825,0.0330960999999661,30.395609300001524,24160,47090,37872,[],C:\Users\26096\Desktop\em\python_topopt\runs\band_supplement_300_20260808_001\samples\S000250\femm\angle_12_attempt_1,,,2026-08-08T21:46:33.595+02:00,2026-08-08T21:47:04.892+02:00
S000250,15.0,completed,0.6022101936108457,1,0.0,0.4831885999883525,36.257821899984265,0.0325097999884747,36.88267419999465,24160,47090,16232,[],C:\Users\26096\Desktop\em\python_topopt\runs\band_supplement_300_20260808_001\samples\S000250\femm\angle_15_attempt_1,,,2026-08-08T21:47:04.955+02:00,2026-08-08T21:47:42.663+02:00
S000251,0.0,completed,0.6046857783927286,1,7.590077400003793,0.4876192999945488,29.243146599998,0.03420969998114742,37.470319599990034,22400,43558,12996,[],C:\Users\26096\Desktop\em\python_topopt\runs\band_supplement_300_20260808_001\samples\S000251\femm\angle_0_attempt_1,,,2026-08-08T21:43:59.797+02:00,2026-08-08T21:44:41.120+02:00
S000251,3.0,completed,0.7339565753358738,1,0.0,0.48453519999748096,27.03720489999978,0.031782500009285286,27.659187600016594,22400,43558,20408,[],C:\Users\26096\Desktop\em\python_topopt\runs\band_supplement_300_20260808_001\samples\S000251\femm\angle_3_attempt_1,,,2026-08-08T21:44:41.189+02:00,2026-08-08T21:45:09.791+02:00
S000251,6.0,completed,0.6508880610743374,1,0.0,0.49185779999243096,32.848245800007135,0.03508860000874847,33.49121889998787,22400,43558,23364,[],C:\Users\26096\Desktop\em\python_topopt\runs\band_supplement_300_20260808_001\samples\S000251\femm\angle_6_attempt_1,,,2026-08-08T21:45:09.853+02:00,2026-08-08T21:45:44.352+02:00
S000251,9.0,completed,0.6280903109587641,1,0.0,0.5110071999952197,36.9878021000186,0.034147099999245256,37.649972100014566,22400,43558,26408,[],C:\Users\26096\Desktop\em\python_topopt\runs\band_supplement_300_20260808_001\samples\S000251\femm\angle_9_attempt_1,,,2026-08-08T21:45:44.423+02:00,2026-08-08T21:46:23.100+02:00
S000251,12.0,completed,0.4458677363397878,1,0.0,0.4846831999893766,25.598336499999277,0.03314819998922758,26.21756099999766,22400,43558,36392,[],C:\Users\26096\Desktop\em\python_topopt\runs\band_supplement_300_20260808_001\samples\S000251\femm\angle_12_attempt_1,,,2026-08-08T21:46:23.171+02:00,2026-08-08T21:46:50.294+02:00
S000251,15.0,completed,0.6058829766771252,1,0.0,0.49443339998833835,19.621285500004888,0.03115950000938028,20.251924099982716,22400,43558,27040,[],C:\Users\26096\Desktop\em\python_topopt\runs\band_supplement_300_20260808_001\samples\S000251\femm\angle_15_attempt_1,,,2026-08-08T21:46:50.363+02:00,2026-08-08T21:47:11.436+02:00
S000252,0.0,completed,0.5877016220646086,1,11.095698799996171,0.5893087000004016,22.685766999988118,0.036794999992707744,34.53148030000739,26196,51166,19072,[],C:\Users\26096\Desktop\em\python_topopt\runs\band_supplement_300_20260808_001\samples\S000252\femm\angle_0_attempt_1,,,2026-08-08T21:43:59.819+02:00,2026-08-08T21:44:36.663+02:00
S000252,3.0,completed,0.7098344734572254,1,0.0,0.5318584999768063,15.566328700020676,0.041660599992610514,16.286372399976244,26196,51166,15976,[],C:\Users\26096\Desktop\em\python_topopt\runs\band_supplement_300_20260808_001\samples\S000252\femm\angle_3_attempt_1,,,2026-08-08T21:44:36.723+02:00,2026-08-08T21:44:53.983+02:00
S000252,6.0,completed,0.7308715355261246,1,0.0,0.5526527000183705,21.20758729998488,0.04011589998845011,21.942054200015264,26196,51166,24772,[],C:\Users\26096\Desktop\em\python_topopt\runs\band_supplement_300_20260808_001\samples\S000252\femm\angle_6_attempt_1,,,2026-08-08T21:44:54.054+02:00,2026-08-08T21:45:17.015+02:00
S000252,9.0,completed,0.5789196773506418,1,0.0,0.5762594999978319,17.14524860001984,0.05716739999479614,17.931838999997126,26196,51166,35352,[],C:\Users\26096\Desktop\em\python_topopt\runs\band_supplement_300_20260808_001\samples\S000252\femm\angle_9_attempt_1,,,2026-08-08T21:45:17.087+02:00,2026-08-08T21:45:36.102+02:00
S000252,12.0,completed,0.5284022373733349,1,0.0,0.5579113000130747,22.912952400016366,0.03865029997541569,23.653377100010403,26196,51166,19888,[],C:\Users\26096\Desktop\em\python_topopt\runs\band_supplement_300_20260808_001\samples\S000252\femm\angle_12_attempt_1,,,2026-08-08T21:45:36.175+02:00,2026-08-08T21:46:01.133+02:00
S000252,15.0,completed,0.5889786090103453,1,0.0,0.5742549999849871,23.97872380001354,0.05563710001297295,24.767990699998336,26196,51166,22332,[],C:\Users\26096\Desktop\em\python_topopt\runs\band_supplement_300_20260808_001\samples\S000252\femm\angle_15_attempt_1,,,2026-08-08T21:46:01.196+02:00,2026-08-08T21:46:26.975+02:00
S000253,0.0,completed,0.6052965055956883,1,7.602647299994715,0.5202461000008043,36.53557389997877,0.03528609999921173,44.81737370000337,23986,46740,15896,[],C:\Users\26096\Desktop\em\python_topopt\runs\band_supplement_300_20260808_001\samples\S000253\femm\angle_0_attempt_1,,,2026-08-08T21:43:59.835+02:00,2026-08-08T21:44:47.943+02:00
S000253,3.0,completed,0.7332771085999238,1,0.0,0.5418435999890789,30.00964460000978,0.04429510000045411,30.719493800017517,23986,46740,20600,[],C:\Users\26096\Desktop\em\python_topopt\runs\band_supplement_300_20260808_001\samples\S000253\femm\angle_3_attempt_1,,,2026-08-08T21:44:48.011+02:00,2026-08-08T21:45:19.742+02:00
S000253,6.0,completed,0.6502867409750696,1,0.0,0.5387384000059683,41.72398290000274,0.034723799995845184,42.43606810001074,23986,46740,8896,[],C:\Users\26096\Desktop\em\python_topopt\runs\band_supplement_300_20260808_001\samples\S000253\femm\angle_6_attempt_1,,,2026-08-08T21:45:19.823+02:00,2026-08-08T21:46:03.200+02:00
S000253,9.0,completed,0.6295768599778949,1,0.0,0.5398435000097379,42.48201770000742,0.0345417000062298,43.19005119998474,23986,46740,29584,[],C:\Users\26096\Desktop\em\python_topopt\runs\band_supplement_300_20260808_001\samples\S000253\femm\angle_9_attempt_1,,,2026-08-08T21:46:03.271+02:00,2026-08-08T21:46:47.395+02:00
S000253,12.0,completed,0.4459862224259316,1,0.0,0.5019577999773901,28.521696700016037,0.03290179997566156,29.166694299987284,23986,46740,34844,[],C:\Users\26096\Desktop\em\python_topopt\runs\band_supplement_300_20260808_001\samples\S000253\femm\angle_12_attempt_1,,,2026-08-08T21:46:47.466+02:00,2026-08-08T21:47:17.441+02:00
S000253,15.0,completed,0.6048798598717368,1,0.0,0.48135329998331144,28.958244900015416,0.03499559999909252,29.58980970000266,23986,46740,1768,[],C:\Users\26096\Desktop\em\python_topopt\runs\band_supplement_300_20260808_001\samples\S000253\femm\angle_15_attempt_1,,,2026-08-08T21:47:17.502+02:00,2026-08-08T21:47:47.885+02:00
S000254,0.0,completed,0.6070868328736629,1,2.5950302999990527,0.5015188000106718,30.88277629998629,0.0339838000072632,34.13723530000425,26650,52064,28132,[],C:\Users\26096\Desktop\em\python_topopt\runs\band_supplement_300_20260808_001\samples\S000254\femm\angle_0_attempt_1,,,2026-08-08T21:47:48.335+02:00,2026-08-08T21:48:23.992+02:00
S000254,3.0,completed,0.734141035977271,1,0.0,0.5116991999966558,35.80951679998543,0.03472129997680895,36.472060600004625,26650,52064,19568,[],C:\Users\26096\Desktop\em\python_topopt\runs\band_supplement_300_20260808_001\samples\S000254\femm\angle_3_attempt_1,,,2026-08-08T21:48:24.046+02:00,2026-08-08T21:49:01.252+02:00
S000254,6.0,completed,0.6520226214176889,1,0.0,0.5027839999820571,35.486075699998764,0.03541309997672215,36.143973400001414,26650,52064,4712,[],C:\Users\26096\Desktop\em\python_topopt\runs\band_supplement_300_20260808_001\samples\S000254\femm\angle_6_attempt_1,,,2026-08-08T21:49:01.314+02:00,2026-08-08T21:49:38.188+02:00
S000254,9.0,completed,0.6297914433155694,1,0.0,0.5127133000059985,42.903418999980204,0.03502789998310618,43.572879099985585,26650,52064,37948,[],C:\Users\26096\Desktop\em\python_topopt\runs\band_supplement_300_20260808_001\samples\S000254\femm\angle_9_attempt_1,,,2026-08-08T21:49:38.250+02:00,2026-08-08T21:50:22.558+02:00
S000254,12.0,completed,0.4452490339895371,1,0.0,0.49270000000251457,38.612633899989305,0.037566899991361424,39.26220440000179,26650,52064,9588,[],C:\Users\26096\Desktop\em\python_topopt\runs\band_supplement_300_20260808_001\samples\S000254\femm\angle_12_attempt_1,,,2026-08-08T21:50:22.605+02:00,2026-08-08T21:51:02.836+02:00
S000254,15.0,completed,0.6072525086457246,1,0.0,0.5141632999875583,32.80431909998879,0.04083860001992434,33.483899599988945,26650,52064,32892,[],C:\Users\26096\Desktop\em\python_topopt\runs\band_supplement_300_20260808_001\samples\S000254\femm\angle_15_attempt_1,,,2026-08-08T21:51:02.889+02:00,2026-08-08T21:51:37.130+02:00
S000255,0.0,completed,0.6753713638762472,1,10.398137999989558,0.5101151999842841,31.44228750001639,0.03672210001968779,42.517046299995854,25612,49988,4124,[],C:\Users\26096\Desktop\em\python_topopt\runs\band_supplement_300_20260808_001\samples\S000255\femm\angle_0_attempt_1,,,2026-08-08T21:51:38.075+02:00,2026-08-08T21:52:22.668+02:00
S000255,3.0,completed,0.677684873945114,1,0.0,0.5750680000055581,42.83844580000732,0.0376140000007581,43.5923327000055,25612,49988,31888,[],C:\Users\26096\Desktop\em\python_topopt\runs\band_supplement_300_20260808_001\samples\S000255\femm\angle_3_attempt_1,,,2026-08-08T21:52:22.731+02:00,2026-08-08T21:53:07.249+02:00
S000255,6.0,completed,0.5686884379920928,1,0.0,0.5345356999896467,48.96744159999071,0.04187059999094345,49.66305420000572,25612,49988,17204,[],C:\Users\26096\Desktop\em\python_topopt\runs\band_supplement_300_20260808_001\samples\S000255\femm\angle_6_attempt_1,,,2026-08-08T21:53:07.321+02:00,2026-08-08T21:53:57.949+02:00
S000255,9.0,completed,0.6679103350030647,1,0.0,0.5142157000082079,36.06466500001261,0.03356740000890568,36.72162749999552,25612,49988,10732,[],C:\Users\26096\Desktop\em\python_topopt\runs\band_supplement_300_20260808_001\samples\S000255\femm\angle_9_attempt_1,,,2026-08-08T21:53:58.019+02:00,2026-08-08T21:54:35.554+02:00
S000255,12.0,completed,0.6770120170466138,1,0.0,0.515470499987714,24.221375099994475,0.035744599997997284,24.893782300001476,25612,49988,29764,[],C:\Users\26096\Desktop\em\python_topopt\runs\band_supplement_300_20260808_001\samples\S000255\femm\angle_12_attempt_1,,,2026-08-08T21:54:35.623+02:00,2026-08-08T21:55:01.306+02:00
S000255,15.0,completed,0.6739825448107966,1,0.0,0.5063527000020258,27.309296799998265,0.03443140001036227,27.96322269999655,25612,49988,33108,[],C:\Users\26096\Desktop\em\python_topopt\runs\band_supplement_300_20260808_001\samples\S000255\femm\angle_15_attempt_1,,,2026-08-08T21:55:01.377+02:00,2026-08-08T21:55:30.188+02:00
S000256,0.0,completed,0.5640844080538306,1,11.265531999990344,0.5601413000258617,15.582782600016799,0.03891239999211393,27.57439239998348,26593,51954,11756,[],C:\Users\26096\Desktop\em\python_topopt\runs\band_supplement_300_20260808_001\samples\S000256\femm\angle_0_attempt_1,,,2026-08-08T21:51:38.090+02:00,2026-08-08T21:52:08.592+02:00
S000256,3.0,completed,0.7168963649553743,1,0.0,0.559104500018293,14.372468100016704,0.04024620002019219,15.113183000008576,26593,51954,28484,[],C:\Users\26096\Desktop\em\python_topopt\runs\band_supplement_300_20260808_001\samples\S000256\femm\angle_3_attempt_1,,,2026-08-08T21:52:08.653+02:00,2026-08-08T21:52:24.789+02:00
S000256,6.0,completed,0.6704170615597509,1,0.0,0.5864977000164799,13.680443200020818,0.03921459999401122,14.431502699997509,26593,51954,25920,[],C:\Users\26096\Desktop\em\python_topopt\runs\band_supplement_300_20260808_001\samples\S000256\femm\angle_6_attempt_1,,,2026-08-08T21:52:24.880+02:00,2026-08-08T21:52:40.339+02:00
S000256,9.0,completed,0.6459103943617919,1,0.0,0.6012538000068162,16.055976000003284,0.03900439999415539,16.83506710000802,26593,51954,31892,[],C:\Users\26096\Desktop\em\python_topopt\runs\band_supplement_300_20260808_001\samples\S000256\femm\angle_9_attempt_1,,,2026-08-08T21:52:40.409+02:00,2026-08-08T21:52:58.196+02:00
S000256,12.0,completed,0.4201731856325934,1,0.0,0.5535891000181437,21.774578199983807,0.03917499998351559,22.49414940000861,26593,51954,22056,[],C:\Users\26096\Desktop\em\python_topopt\runs\band_supplement_300_20260808_001\samples\S000256\femm\angle_12_attempt_1,,,2026-08-08T21:52:58.267+02:00,2026-08-08T21:53:21.744+02:00
S000256,15.0,completed,0.5673908504876626,1,0.0,0.5667077999969479,14.562762000015937,0.04399659999762662,15.302672499994515,26593,51954,23060,[],C:\Users\26096\Desktop\em\python_topopt\runs\band_supplement_300_20260808_001\samples\S000256\femm\angle_15_attempt_1,,,2026-08-08T21:53:21.823+02:00,2026-08-08T21:53:38.104+02:00
S000257,0.0,completed,0.7143352833301149,1,13.134721899987198,0.5963230000052135,42.112080199993216,0.0417312000063248,56.02641649998259,27455,53682,38812,[],C:\Users\26096\Desktop\em\python_topopt\runs\band_supplement_300_20260808_001\samples\S000257\femm\angle_0_attempt_1,,,2026-08-08T21:51:38.113+02:00,2026-08-08T21:52:37.702+02:00
S000257,3.0,completed,0.6380608743807878,1,0.0,0.5796226999955252,48.46855360001791,0.053422999975737184,49.242473299993435,27455,53682,19616,[],C:\Users\26096\Desktop\em\python_topopt\runs\band_supplement_300_20260808_001\samples\S000257\femm\angle_3_attempt_1,,,2026-08-08T21:52:37.773+02:00,2026-08-08T21:53:28.085+02:00
S000257,6.0,completed,0.5989233856246609,1,0.0,0.6123615000105929,40.30512249999447,0.04340529997716658,41.09251309998217,27455,53682,22496,[],C:\Users\26096\Desktop\em\python_topopt\runs\band_supplement_300_20260808_001\samples\S000257\femm\angle_6_attempt_1,,,2026-08-08T21:53:28.168+02:00,2026-08-08T21:54:10.198+02:00
S000257,9.0,completed,0.8180012894533694,1,0.0,0.553954499977408,36.24719880000339,0.0362209000159055,36.9657541999768,27455,53682,7816,[],C:\Users\26096\Desktop\em\python_topopt\runs\band_supplement_300_20260808_001\samples\S000257\femm\angle_9_attempt_1,,,2026-08-08T21:54:10.269+02:00,2026-08-08T21:54:48.105+02:00
S000257,12.0,completed,0.8374483569559146,1,0.0,0.5440547000034712,42.39548159998958,0.035707500006537884,43.10013739997521,27455,53682,16092,[],C:\Users\26096\Desktop\em\python_topopt\runs\band_supplement_300_20260808_001\samples\S000257\femm\angle_12_attempt_1,,,2026-08-08T21:54:48.178+02:00,2026-08-08T21:55:32.061+02:00
S000257,15.0,completed,0.7112344213341631,1,0.0,0.5272007000166923,34.35285189998103,0.03501130000222474,35.03952560000471,27455,53682,8632,[],C:\Users\26096\Desktop\em\python_topopt\runs\band_supplement_300_20260808_001\samples\S000257\femm\angle_15_attempt_1,,,2026-08-08T21:55:32.116+02:00,2026-08-08T21:56:07.881+02:00
S000258,0.0,completed,0.6317244681638832,1,11.147666899982141,0.5851958999992348,20.04674370001885,0.038150600012158975,31.958732500002952,26829,52428,4504,[],C:\Users\26096\Desktop\em\python_topopt\runs\band_supplement_300_20260808_001\samples\S000258\femm\angle_0_attempt_1,,,2026-08-08T21:51:38.144+02:00,2026-08-08T21:52:12.166+02:00
S000258,3.0,completed,0.50933203216625,1,0.0,0.580213500012178,14.98790719997487,0.04310139999142848,15.760493200010387,26829,52428,3408,[],C:\Users\26096\Desktop\em\python_topopt\runs\band_supplement_300_20260808_001\samples\S000258\femm\angle_3_attempt_1,,,2026-08-08T21:52:12.229+02:00,2026-08-08T21:52:28.965+02:00
S000258,6.0,completed,0.5492692472747012,1,0.0,0.6030774999817368,21.68728869999177,0.04128589999163523,22.456250200018985,26829,52428,27304,[],C:\Users\26096\Desktop\em\python_topopt\runs\band_supplement_300_20260808_001\samples\S000258\femm\angle_6_attempt_1,,,2026-08-08T21:52:29.046+02:00,2026-08-08T21:52:52.519+02:00
S000258,9.0,completed,0.8375589385943151,1,0.0,0.5594340999959968,33.10356469999533,0.03795470000477508,33.82255109999096,26829,52428,30324,[],C:\Users\26096\Desktop\em\python_topopt\runs\band_supplement_300_20260808_001\samples\S000258\femm\angle_9_attempt_1,,,2026-08-08T21:52:52.590+02:00,2026-08-08T21:53:27.380+02:00
S000258,12.0,completed,0.7706733471941617,1,0.0,0.5872872000036296,27.50800440000603,0.04300609999336302,28.260954800003674,26829,52428,38140,[],C:\Users\26096\Desktop\em\python_topopt\runs\band_supplement_300_20260808_001\samples\S000258\femm\angle_12_attempt_1,,,2026-08-08T21:53:27.451+02:00,2026-08-08T21:53:56.734+02:00
S000258,15.0,completed,0.6320094977622643,1,0.0,0.556018800009042,18.43712040001992,0.039011200016830117,19.157761600014055,26829,52428,23496,[],C:\Users\26096\Desktop\em\python_topopt\runs\band_supplement_300_20260808_001\samples\S000258\femm\angle_15_attempt_1,,,2026-08-08T21:53:56.805+02:00,2026-08-08T21:54:16.824+02:00
S000259,0.0,completed,0.6915506935105628,1,9.333785599999828,0.5064831000054255,30.608475799992448,0.03456450000521727,40.61015600000974,24651,48066,7016,[],C:\Users\26096\Desktop\em\python_topopt\runs\band_supplement_300_20260808_001\samples\S000259\femm\angle_0_attempt_1,,,2026-08-08T21:51:38.159+02:00,2026-08-08T21:52:21.181+02:00
S000259,3.0,completed,0.7658815723353405,1,0.0,0.5420100000046659,31.01589939999394,0.034310399991227314,31.7173208000022,24651,48066,34484,[],C:\Users\26096\Desktop\em\python_topopt\runs\band_supplement_300_20260808_001\samples\S000259\femm\angle_3_attempt_1,,,2026-08-08T21:52:21.242+02:00,2026-08-08T21:52:53.957+02:00
S000259,6.0,completed,0.7815011995594922,1,0.0,0.537185600027442,36.00291690000449,0.03558409999823198,36.708958000002895,24651,48066,23056,[],C:\Users\26096\Desktop\em\python_topopt\runs\band_supplement_300_20260808_001\samples\S000259\femm\angle_6_attempt_1,,,2026-08-08T21:52:54.036+02:00,2026-08-08T21:53:31.646+02:00
S000259,9.0,completed,0.6440320383785312,1,0.0,0.5232583000033628,43.85159940001904,0.039412899990566075,44.53305970001384,24651,48066,15764,[],C:\Users\26096\Desktop\em\python_topopt\runs\band_supplement_300_20260808_001\samples\S000259\femm\angle_9_attempt_1,,,2026-08-08T21:53:31.737+02:00,2026-08-08T21:54:17.240+02:00
S000259,12.0,completed,0.5607749165689588,1,0.0,0.5011321000056341,24.22796129999915,0.040168500010622665,24.88782590001938,24651,48066,20352,[],C:\Users\26096\Desktop\em\python_topopt\runs\band_supplement_300_20260808_001\samples\S000259\femm\angle_12_attempt_1,,,2026-08-08T21:54:17.310+02:00,2026-08-08T21:54:43.045+02:00
S000259,15.0,completed,0.6924597566543481,1,0.0,0.4985005999915302,30.242265600012615,0.03443410000181757,30.88984290001099,24651,48066,34092,[],C:\Users\26096\Desktop\em\python_topopt\runs\band_supplement_300_20260808_001\samples\S000259\femm\angle_15_attempt_1,,,2026-08-08T21:54:43.108+02:00,2026-08-08T21:55:14.807+02:00
S000260,0.0,completed,0.3197136498105056,1,5.7973089999868535,0.6068909000023268,69.863113600004,0.04054590000305325,76.44319329998689,30639,60050,22680,[],C:\Users\26096\Desktop\em\python_topopt\runs\band_supplement_300_20260808_001\samples\S000260\femm\angle_0_attempt_1,,,2026-08-08T21:56:08.513+02:00,2026-08-08T21:57:26.496+02:00
S000260,3.0,completed,0.4367390036655391,1,0.0,0.6127255999890622,64.0869851000025,0.04032230001757853,64.88115309999557,30639,60050,8668,[],C:\Users\26096\Desktop\em\python_topopt\runs\band_supplement_300_20260808_001\samples\S000260\femm\angle_3_attempt_1,,,2026-08-08T21:57:26.559+02:00,2026-08-08T21:58:32.300+02:00
S000260,6.0,completed,0.4891695709524583,1,0.0,0.6078517999849282,53.90177510000649,0.04266599999391474,54.68710270000156,30639,60050,13388,[],C:\Users\26096\Desktop\em\python_topopt\runs\band_supplement_300_20260808_001\samples\S000260\femm\angle_6_attempt_1,,,2026-08-08T21:58:32.370+02:00,2026-08-08T21:59:27.886+02:00
S000260,9.0,completed,0.3385686547757771,1,0.0,0.6051199000212364,46.92003890001797,0.04007280000951141,47.700241999991704,30639,60050,29292,[],C:\Users\26096\Desktop\em\python_topopt\runs\band_supplement_300_20260808_001\samples\S000260\femm\angle_9_attempt_1,,,2026-08-08T21:59:27.955+02:00,2026-08-08T22:00:16.428+02:00
S000260,12.0,completed,0.2583198500588704,1,0.0,0.5995254000008572,72.29507900000317,0.04201790000661276,73.07927180000115,30639,60050,30216,[],C:\Users\26096\Desktop\em\python_topopt\runs\band_supplement_300_20260808_001\samples\S000260\femm\angle_12_attempt_1,,,2026-08-08T22:00:16.487+02:00,2026-08-08T22:01:30.376+02:00
S000260,15.0,completed,0.3197422934093669,1,0.0,0.5640435999957845,59.512625500006834,0.040416100004222244,60.2474574999942,30639,60050,17508,[],C:\Users\26096\Desktop\em\python_topopt\runs\band_supplement_300_20260808_001\samples\S000260\femm\angle_15_attempt_1,,,2026-08-08T22:01:30.430+02:00,2026-08-08T22:02:31.474+02:00
S000261,0.0,completed,0.7104927671439437,1,5.492640999989817,0.5221645999990869,20.443914300005417,0.03759110000100918,26.612421999976505,26671,52108,31580,[],C:\Users\26096\Desktop\em\python_topopt\runs\band_supplement_300_20260808_001\samples\S000261\femm\angle_0_attempt_1,,,2026-08-08T21:56:08.535+02:00,2026-08-08T21:56:37.378+02:00
S000261,3.0,completed,0.7171249029408802,1,0.0,0.5229280999919865,20.972822699986864,0.03650980000384152,21.649308199994266,26671,52108,35668,[],C:\Users\26096\Desktop\em\python_topopt\runs\band_supplement_300_20260808_001\samples\S000261\femm\angle_3_attempt_1,,,2026-08-08T21:56:37.425+02:00,2026-08-08T21:56:59.909+02:00
S000261,6.0,completed,0.6162709916005206,1,0.0,0.5319848000071943,29.259892800007947,0.03804600000148639,29.948503299994627,26671,52108,15604,[],C:\Users\26096\Desktop\em\python_topopt\runs\band_supplement_300_20260808_001\samples\S000261\femm\angle_6_attempt_1,,,2026-08-08T21:56:59.978+02:00,2026-08-08T21:57:30.725+02:00
S000261,9.0,completed,0.7058511204280854,1,0.0,0.5403614999959245,34.170293600007426,0.037332700012484565,34.871219100023154,26671,52108,38208,[],C:\Users\26096\Desktop\em\python_topopt\runs\band_supplement_300_20260808_001\samples\S000261\femm\angle_9_attempt_1,,,2026-08-08T21:57:30.795+02:00,2026-08-08T21:58:06.500+02:00
S000261,12.0,completed,0.7188677238144676,1,0.0,0.5253968000179157,35.2335092999856,0.03746730001876131,35.918611100001726,26671,52108,36132,[],C:\Users\26096\Desktop\em\python_topopt\runs\band_supplement_300_20260808_001\samples\S000261\femm\angle_12_attempt_1,,,2026-08-08T21:58:06.578+02:00,2026-08-08T21:58:43.345+02:00
S000261,15.0,completed,0.7109866702250565,1,0.0,0.5030447000171989,21.09372760000406,0.03660140000283718,21.753723300003912,26671,52108,26004,[],C:\Users\26096\Desktop\em\python_topopt\runs\band_supplement_300_20260808_001\samples\S000261\femm\angle_15_attempt_1,,,2026-08-08T21:58:43.408+02:00,2026-08-08T21:59:05.992+02:00
S000262,0.0,completed,0.2980959812316425,1,2.8701129000110086,0.5376794000039808,46.23060159999295,0.03822789998957887,49.800451600021916,26570,51900,27524,[],C:\Users\26096\Desktop\em\python_topopt\runs\band_supplement_300_20260808_001\samples\S000262\femm\angle_0_attempt_1,,,2026-08-08T21:56:08.566+02:00,2026-08-08T21:57:00.273+02:00
S000262,3.0,completed,0.2328245540419826,1,0.0,0.5434952000214253,39.17214710000553,0.03692630000296049,39.87432919998537,26570,51900,26988,[],C:\Users\26096\Desktop\em\python_topopt\runs\band_supplement_300_20260808_001\samples\S000262\femm\angle_3_attempt_1,,,2026-08-08T21:57:00.334+02:00,2026-08-08T21:57:41.030+02:00
S000262,6.0,completed,0.3743858302693017,1,0.0,0.5577948999998625,38.21369479998248,0.037039299990283325,38.928268499992555,26570,51900,17720,[],C:\Users\26096\Desktop\em\python_topopt\runs\band_supplement_300_20260808_001\samples\S000262\femm\angle_6_attempt_1,,,2026-08-08T21:57:41.099+02:00,2026-08-08T21:58:20.875+02:00
S000262,9.0,completed,0.541020161404794,1,0.0,0.5480293000000529,38.01451049998286,0.03664010000647977,38.717347300000256,26570,51900,31228,[],C:\Users\26096\Desktop\em\python_topopt\runs\band_supplement_300_20260808_001\samples\S000262\femm\angle_9_attempt_1,,,2026-08-08T21:58:20.936+02:00,2026-08-08T21:59:00.510+02:00
S000262,12.0,completed,0.511659699976658,1,0.0,0.5469963999930769,35.85426960000768,0.03667249999125488,36.553977100003976,26570,51900,37992,[],C:\Users\26096\Desktop\em\python_topopt\runs\band_supplement_300_20260808_001\samples\S000262\femm\angle_12_attempt_1,,,2026-08-08T21:59:00.579+02:00,2026-08-08T21:59:37.951+02:00
S000262,15.0,completed,0.2954899618329894,1,0.0,0.5356985999969766,47.45886929999688,0.03543150000041351,48.145813299983274,26570,51900,12752,[],C:\Users\26096\Desktop\em\python_topopt\runs\band_supplement_300_20260808_001\samples\S000262\femm\angle_15_attempt_1,,,2026-08-08T21:59:38.013+02:00,2026-08-08T22:00:26.950+02:00
S000263,0.0,completed,0.7961533096345946,1,6.472053199977381,0.5376957000116818,21.604729299986502,0.03677219999372028,28.769015399971977,26878,52528,10980,[],C:\Users\26096\Desktop\em\python_topopt\runs\band_supplement_300_20260808_001\samples\S000263\femm\angle_0_attempt_1,,,2026-08-08T22:02:32.242+02:00,2026-08-08T22:03:02.768+02:00
S000263,3.0,completed,0.7854142624229716,1,0.0,0.5255419000168331,23.07925909999176,0.03737679999903776,23.760859200003324,26878,52528,28744,[],C:\Users\26096\Desktop\em\python_topopt\runs\band_supplement_300_20260808_001\samples\S000263\femm\angle_3_attempt_1,,,2026-08-08T22:03:02.834+02:00,2026-08-08T22:03:27.408+02:00
S000263,6.0,completed,0.8293613432724882,1,0.0,0.5448725000023842,33.24612779999734,0.03777500000433065,33.953492200002074,26878,52528,29076,[],C:\Users\26096\Desktop\em\python_topopt\runs\band_supplement_300_20260808_001\samples\S000263\femm\angle_6_attempt_1,,,2026-08-08T22:03:27.469+02:00,2026-08-08T22:04:02.313+02:00
S000263,9.0,completed,0.7621877988885839,1,0.0,0.5341580999956932,21.30629979999503,0.03574619998107664,21.995973399985814,26878,52528,38712,[],C:\Users\26096\Desktop\em\python_topopt\runs\band_supplement_300_20260808_001\samples\S000263\femm\angle_9_attempt_1,,,2026-08-08T22:04:02.376+02:00,2026-08-08T22:04:25.182+02:00
S000263,12.0,completed,0.7339027664318478,1,0.0,0.5475011000235099,20.00122510001529,0.03804119999404065,20.715175400022417,26878,52528,33932,[],C:\Users\26096\Desktop\em\python_topopt\runs\band_supplement_300_20260808_001\samples\S000263\femm\angle_12_attempt_1,,,2026-08-08T22:04:25.244+02:00,2026-08-08T22:04:46.775+02:00
S000263,15.0,completed,0.7987219105513061,1,0.0,0.5366227000195067,16.95658800000092,0.039338599977781996,17.653482099995017,26878,52528,22964,[],C:\Users\26096\Desktop\em\python_topopt\runs\band_supplement_300_20260808_001\samples\S000263\femm\angle_15_attempt_1,,,2026-08-08T22:04:46.844+02:00,2026-08-08T22:05:05.331+02:00
S000264,0.0,completed,0.7968457071556948,1,5.508016099978704,0.5286118999938481,23.226887500000885,0.040396800002781674,29.42879379997612,25883,50534,32488,[],C:\Users\26096\Desktop\em\python_topopt\runs\band_supplement_300_20260808_001\samples\S000264\femm\angle_0_attempt_1,,,2026-08-08T22:02:32.258+02:00,2026-08-08T22:03:04.001+02:00
S000264,3.0,completed,0.7863095109924663,1,0.0,0.5148127000138629,28.397056499990867,0.037499899975955486,29.06706070000655,25883,50534,11724,[],C:\Users\26096\Desktop\em\python_topopt\runs\band_supplement_300_20260808_001\samples\S000264\femm\angle_3_attempt_1,,,2026-08-08T22:03:04.064+02:00,2026-08-08T22:03:33.954+02:00
S000264,6.0,completed,0.824951479356875,1,0.0,0.5108343999891076,22.65554449998308,0.035566699982155114,23.31506329998956,25883,50534,26812,[],C:\Users\26096\Desktop\em\python_topopt\runs\band_supplement_300_20260808_001\samples\S000264\femm\angle_6_attempt_1,,,2026-08-08T22:03:34.021+02:00,2026-08-08T22:03:58.170+02:00
S000264,9.0,completed,0.7563434560060389,1,0.0,0.5115603000158444,34.55569030001061,0.0395929999940563,35.226318900007755,25883,50534,31308,[],C:\Users\26096\Desktop\em\python_topopt\runs\band_supplement_300_20260808_001\samples\S000264\femm\angle_9_attempt_1,,,2026-08-08T22:03:58.239+02:00,2026-08-08T22:04:34.275+02:00
S000264,12.0,completed,0.7287542130872522,1,0.0,0.5292648000176996,22.15668650000589,0.04095500000403263,22.846204000001308,25883,50534,30636,[],C:\Users\26096\Desktop\em\python_topopt\runs\band_supplement_300_20260808_001\samples\S000264\femm\angle_12_attempt_1,,,2026-08-08T22:04:34.335+02:00,2026-08-08T22:04:58.010+02:00
S000264,15.0,completed,0.7981301384332373,1,0.0,0.5051285999943502,27.71495110000251,0.035174199991161004,28.369301300001098,25883,50534,28876,[],C:\Users\26096\Desktop\em\python_topopt\runs\band_supplement_300_20260808_001\samples\S000264\femm\angle_15_attempt_1,,,2026-08-08T22:04:58.073+02:00,2026-08-08T22:05:27.261+02:00
S000265,0.0,completed,0.7959823356593458,1,5.655095399997663,0.5278575000120327,31.10599120002007,0.03691589998197742,37.443833299999824,25475,49718,27944,[],C:\Users\26096\Desktop\em\python_topopt\runs\band_supplement_300_20260808_001\samples\S000265\femm\angle_0_attempt_1,,,2026-08-08T22:02:32.273+02:00,2026-08-08T22:03:11.577+02:00
S000265,3.0,completed,0.7862975313933499,1,0.0,0.506054800003767,35.28167649998795,0.036237899999832734,35.93786550001823,25475,49718,33052,[],C:\Users\26096\Desktop\em\python_topopt\runs\band_supplement_300_20260808_001\samples\S000265\femm\angle_3_attempt_1,,,2026-08-08T22:03:11.636+02:00,2026-08-08T22:03:48.448+02:00
S000265,6.0,completed,0.8261090116559762,1,0.0,0.5013648000021931,20.815140599996084,0.0378342000185512,21.475396699999692,25475,49718,17708,[],C:\Users\26096\Desktop\em\python_topopt\runs\band_supplement_300_20260808_001\samples\S000265\femm\angle_6_attempt_1,,,2026-08-08T22:03:48.516+02:00,2026-08-08T22:04:10.797+02:00
S000265,9.0,completed,0.757586278210038,1,0.0,0.5082188999804202,28.99047350001638,0.04231739998795092,29.66022290001274,25475,49718,5284,[],C:\Users\26096\Desktop\em\python_topopt\runs\band_supplement_300_20260808_001\samples\S000265\femm\angle_9_attempt_1,,,2026-08-08T22:04:10.860+02:00,2026-08-08T22:04:41.391+02:00
S000265,12.0,completed,0.7297552657372938,1,0.0,0.5087728000071365,25.984695699997246,0.03496300001279451,26.64189400000032,25475,49718,28376,[],C:\Users\26096\Desktop\em\python_topopt\runs\band_supplement_300_20260808_001\samples\S000265\femm\angle_12_attempt_1,,,2026-08-08T22:04:41.452+02:00,2026-08-08T22:05:08.922+02:00
S000265,15.0,completed,0.7960212363424778,1,0.0,0.4919685000204481,24.618359000014607,0.040172900015022606,25.26804270001594,25475,49718,31472,[],C:\Users\26096\Desktop\em\python_topopt\runs\band_supplement_300_20260808_001\samples\S000265\femm\angle_15_attempt_1,,,2026-08-08T22:05:08.984+02:00,2026-08-08T22:05:35.053+02:00
S000266,0.0,completed,0.8749074617433532,1,8.151428000011947,0.49333240001578815,16.96940549998544,0.03656500001670793,25.77649879999808,23867,46500,28852,[],C:\Users\26096\Desktop\em\python_topopt\runs\band_supplement_300_20260808_001\samples\S000266\femm\angle_0_attempt_1,,,2026-08-08T22:05:35.948+02:00,2026-08-08T22:06:03.611+02:00
S000266,3.0,completed,0.8253290381620363,1,0.0,0.5193518000014592,13.62611260000267,0.038510699989274144,14.300219199998537,23867,46500,35752,[],C:\Users\26096\Desktop\em\python_topopt\runs\band_supplement_300_20260808_001\samples\S000266\femm\angle_3_attempt_1,,,2026-08-08T22:06:03.677+02:00,2026-08-08T22:06:18.954+02:00
S000266,6.0,completed,0.9223317662412757,1,0.0,0.5033125999907497,21.982969100004993,0.04309659998398274,22.652724499988835,23867,46500,25128,[],C:\Users\26096\Desktop\em\python_topopt\runs\band_supplement_300_20260808_001\samples\S000266\femm\angle_6_attempt_1,,,2026-08-08T22:06:19.035+02:00,2026-08-08T22:06:42.675+02:00
S000266,9.0,completed,0.9318045996386722,1,0.0,0.5242538999882527,18.733879200008232,0.039540500001749024,19.416479599982267,23867,46500,36888,[],C:\Users\26096\Desktop\em\python_topopt\runs\band_supplement_300_20260808_001\samples\S000266\femm\angle_9_attempt_1,,,2026-08-08T22:06:42.743+02:00,2026-08-08T22:07:03.137+02:00
S000266,12.0,completed,0.8874248980220192,1,0.0,0.5180141000018921,15.165961699996842,0.04182439998839982,15.844661000010092,23867,46500,31532,[],C:\Users\26096\Desktop\em\python_topopt\runs\band_supplement_300_20260808_001\samples\S000266\femm\angle_12_attempt_1,,,2026-08-08T22:07:03.198+02:00,2026-08-08T22:07:20.056+02:00
S000266,15.0,completed,0.8761354160502067,1,0.0,0.5696537999901921,17.922592099988833,0.03716599999461323,18.647074100008467,23867,46500,15552,[],C:\Users\26096\Desktop\em\python_topopt\runs\band_supplement_300_20260808_001\samples\S000266\femm\angle_15_attempt_1,,,2026-08-08T22:07:20.127+02:00,2026-08-08T22:07:39.927+02:00
S000267,0.0,completed,0.876904106568043,1,9.382392500003334,0.4994826999900397,19.3987353000266,0.03536539999186061,29.444113500008825,24381,47532,37088,[],C:\Users\26096\Desktop\em\python_topopt\runs\band_supplement_300_20260808_001\samples\S000267\femm\angle_0_attempt_1,,,2026-08-08T22:05:35.970+02:00,2026-08-08T22:06:08.042+02:00
S000267,3.0,completed,0.8256714323620982,1,0.0,0.544246600009501,14.413684200000716,0.03569379998953082,15.117641599994386,24381,47532,28100,[],C:\Users\26096\Desktop\em\python_topopt\runs\band_supplement_300_20260808_001\samples\S000267\femm\angle_3_attempt_1,,,2026-08-08T22:06:08.102+02:00,2026-08-08T22:06:24.225+02:00
S000267,6.0,completed,0.9228880260465039,1,0.0,0.5443341999780387,25.70776720001595,0.03551449999213219,26.413444500009064,24381,47532,37544,[],C:\Users\26096\Desktop\em\python_topopt\runs\band_supplement_300_20260808_001\samples\S000267\femm\angle_6_attempt_1,,,2026-08-08T22:06:24.296+02:00,2026-08-08T22:06:51.782+02:00
S000267,9.0,completed,0.9316978155580456,1,0.0,0.5129296999948565,10.471530299982987,0.043434000021079555,11.174326899985317,24381,47532,18620,[],C:\Users\26096\Desktop\em\python_topopt\runs\band_supplement_300_20260808_001\samples\S000267\femm\angle_9_attempt_1,,,2026-08-08T22:06:51.862+02:00,2026-08-08T22:07:04.118+02:00
S000267,12.0,completed,0.8872916973507737,1,0.0,0.5449489000020549,15.016532099980395,0.051396099996054545,15.84042690001661,24381,47532,25932,[],C:\Users\26096\Desktop\em\python_topopt\runs\band_supplement_300_20260808_001\samples\S000267\femm\angle_12_attempt_1,,,2026-08-08T22:07:04.189+02:00,2026-08-08T22:07:21.251+02:00
S000267,15.0,completed,0.8758112659431804,1,0.0,0.5293909000174608,13.788723999983631,0.03522510000038892,14.475150199985364,24381,47532,24520,[],C:\Users\26096\Desktop\em\python_topopt\runs\band_supplement_300_20260808_001\samples\S000267\femm\angle_15_attempt_1,,,2026-08-08T22:07:21.352+02:00,2026-08-08T22:07:36.781+02:00
S000268,0.0,completed,0.8349359300345129,1,10.189921399985906,0.6083339999895543,42.344160200009355,0.03806199997779913,53.32280759999412,27482,53730,1684,[],C:\Users\26096\Desktop\em\python_topopt\runs\band_supplement_300_20260808_001\samples\S000268\femm\angle_0_attempt_1,,,2026-08-08T22:05:35.985+02:00,2026-08-08T22:06:32.855+02:00
S000268,3.0,completed,0.8225119479159115,1,0.0,0.5896731000102591,44.90623049999704,0.04096339998068288,45.66702900000382,27482,53730,20164,[],C:\Users\26096\Desktop\em\python_topopt\runs\band_supplement_300_20260808_001\samples\S000268\femm\angle_3_attempt_1,,,2026-08-08T22:06:32.916+02:00,2026-08-08T22:07:19.611+02:00
S000268,6.0,completed,0.9145591815264783,1,0.0,0.8146805000142194,48.40304710000055,0.03815320000285283,49.37267729997984,27482,53730,25876,[],C:\Users\26096\Desktop\em\python_topopt\runs\band_supplement_300_20260808_001\samples\S000268\femm\angle_6_attempt_1,,,2026-08-08T22:07:19.682+02:00,2026-08-08T22:08:09.991+02:00
S000268,9.0,completed,0.8696950366152625,1,0.0,0.5231785000069067,45.48414970000158,0.039069199992809445,46.174626199994236,27482,53730,24724,[],C:\Users\26096\Desktop\em\python_topopt\runs\band_supplement_300_20260808_001\samples\S000268\femm\angle_9_attempt_1,,,2026-08-08T22:08:10.054+02:00,2026-08-08T22:08:57.005+02:00
S000268,12.0,completed,0.801175160140335,1,0.0,0.5306478000129573,40.75167230001534,0.03617360000498593,41.43904979998479,27482,53730,36076,[],C:\Users\26096\Desktop\em\python_topopt\runs\band_supplement_300_20260808_001\samples\S000268\femm\angle_12_attempt_1,,,2026-08-08T22:08:57.075+02:00,2026-08-08T22:09:39.306+02:00
S000268,15.0,completed,0.8361158651643189,1,0.0,0.5437651999818627,38.04458660000819,0.036880800005747005,38.7415411999973,27482,53730,35180,[],C:\Users\26096\Desktop\em\python_topopt\runs\band_supplement_300_20260808_001\samples\S000268\femm\angle_15_attempt_1,,,2026-08-08T22:09:39.368+02:00,2026-08-08T22:10:18.881+02:00
S000269,0.0,completed,0.8478991482927086,1,4.624745100009022,0.3728986000060104,18.90679629999795,0.032147099991561845,24.024574600014603,17928,34662,32132,[],C:\Users\26096\Desktop\em\python_topopt\runs\band_supplement_300_20260808_001\samples\S000269\femm\angle_0_attempt_1,,,2026-08-08T22:05:36.032+02:00,2026-08-08T22:06:03.093+02:00
S000269,3.0,completed,0.831807970585906,1,0.0,0.3981272999953944,19.9012394999736,0.028586400003405288,20.425208800006658,17928,34662,29360,[],C:\Users\26096\Desktop\em\python_topopt\runs\band_supplement_300_20260808_001\samples\S000269\femm\angle_3_attempt_1,,,2026-08-08T22:06:03.154+02:00,2026-08-08T22:06:24.528+02:00
S000269,6.0,completed,0.9354208162616192,1,0.0,0.38690899999346584,16.446477399993455,0.033674800011795014,16.969020000018645,17928,34662,35724,[],C:\Users\26096\Desktop\em\python_topopt\runs\band_supplement_300_20260808_001\samples\S000269\femm\angle_6_attempt_1,,,2026-08-08T22:06:24.599+02:00,2026-08-08T22:06:42.764+02:00
S000269,9.0,completed,0.9106567758795746,1,0.0,0.40761059999931604,19.1771732000052,0.03562700000475161,19.7075041999924,17928,34662,36764,[],C:\Users\26096\Desktop\em\python_topopt\runs\band_supplement_300_20260808_001\samples\S000269\femm\angle_9_attempt_1,,,2026-08-08T22:06:42.837+02:00,2026-08-08T22:07:03.881+02:00
S000269,12.0,completed,0.8269323780246601,1,0.0,0.4259477000159677,16.63562250000541,0.04660269999294542,17.232370800018543,17928,34662,22924,[],C:\Users\26096\Desktop\em\python_topopt\runs\band_supplement_300_20260808_001\samples\S000269\femm\angle_12_attempt_1,,,2026-08-08T22:07:03.959+02:00,2026-08-08T22:07:22.147+02:00
S000269,15.0,completed,0.8471671582053567,1,0.0,0.3899216999998316,20.2934430000023,0.027730300003895536,20.79710929997964,17928,34662,26608,[],C:\Users\26096\Desktop\em\python_topopt\runs\band_supplement_300_20260808_001\samples\S000269\femm\angle_15_attempt_1,,,2026-08-08T22:07:22.214+02:00,2026-08-08T22:07:43.943+02:00
S000270,0.0,completed,0.7757394989882573,1,10.476278600021033,0.5813083999964874,58.92128480001702,0.040371299983235076,70.15832400001818,27834,54434,8288,[],C:\Users\26096\Desktop\em\python_topopt\runs\band_supplement_300_20260808_001\samples\S000270\femm\angle_0_attempt_1,,,2026-08-08T22:05:36.064+02:00,2026-08-08T22:06:48.309+02:00
S000270,3.0,completed,0.7513985621489492,1,0.0,0.598393499996746,47.694134299992584,0.03842510000686161,48.47290009999415,27834,54434,38572,[],C:\Users\26096\Desktop\em\python_topopt\runs\band_supplement_300_20260808_001\samples\S000270\femm\angle_3_attempt_1,,,2026-08-08T22:06:48.381+02:00,2026-08-08T22:07:37.863+02:00
S000270,6.0,completed,0.7999761567630667,1,0.0,0.54601309998543,40.394467800011626,0.035691199998836964,41.09982430000673,27834,54434,2808,[],C:\Users\26096\Desktop\em\python_topopt\runs\band_supplement_300_20260808_001\samples\S000270\femm\angle_6_attempt_1,,,2026-08-08T22:07:37.926+02:00,2026-08-08T22:08:19.858+02:00
S000270,9.0,completed,0.7307409759865303,1,0.0,0.5278011999907903,43.69980120001128,0.06105099999695085,44.41945549999946,27834,54434,32436,[],C:\Users\26096\Desktop\em\python_topopt\runs\band_supplement_300_20260808_001\samples\S000270\femm\angle_9_attempt_1,,,2026-08-08T22:08:19.927+02:00,2026-08-08T22:09:05.118+02:00
S000270,12.0,completed,0.7115149473396629,1,0.0,0.529580199974589,49.886263000022154,0.035896899993531406,50.5768473999924,27834,54434,30728,[],C:\Users\26096\Desktop\em\python_topopt\runs\band_supplement_300_20260808_001\samples\S000270\femm\angle_12_attempt_1,,,2026-08-08T22:09:05.180+02:00,2026-08-08T22:09:56.525+02:00
S000270,15.0,completed,0.7764878627045213,1,0.0,0.5434302999929059,50.544799900002545,0.03567720000864938,51.24521860000095,27834,54434,11360,[],C:\Users\26096\Desktop\em\python_topopt\runs\band_supplement_300_20260808_001\samples\S000270\femm\angle_15_attempt_1,,,2026-08-08T22:09:56.588+02:00,2026-08-08T22:10:48.648+02:00
S000271,0.0,completed,0.874874268029348,1,3.338006999983918,0.5071578999923076,15.564306599990232,0.036389200016856194,19.562106399971526,25770,50306,31908,[],C:\Users\26096\Desktop\em\python_topopt\runs\band_supplement_300_20260808_001\samples\S000271\femm\angle_0_attempt_1,,,2026-08-08T22:10:49.087+02:00,2026-08-08T22:11:10.212+02:00
S000271,3.0,completed,0.8257758168849788,1,0.0,0.4821200000005774,12.080477000010433,0.04177089998847805,12.724900900007924,25770,50306,25828,[],C:\Users\26096\Desktop\em\python_topopt\runs\band_supplement_300_20260808_001\samples\S000271\femm\angle_3_attempt_1,,,2026-08-08T22:11:10.268+02:00,2026-08-08T22:11:23.781+02:00
S000271,6.0,completed,0.9255618051730073,1,0.0,0.5253493000054732,20.26516629999969,0.03837510000448674,20.948317500005942,25770,50306,28444,[],C:\Users\26096\Desktop\em\python_topopt\runs\band_supplement_300_20260808_001\samples\S000271\femm\angle_6_attempt_1,,,2026-08-08T22:11:23.832+02:00,2026-08-08T22:11:45.617+02:00
S000271,9.0,completed,0.9323055625889082,1,0.0,0.49023729999316856,16.437930100015365,0.04230979998828843,17.08717019998585,25770,50306,8484,[],C:\Users\26096\Desktop\em\python_topopt\runs\band_supplement_300_20260808_001\samples\S000271\femm\angle_9_attempt_1,,,2026-08-08T22:11:45.678+02:00,2026-08-08T22:12:03.553+02:00
S000271,12.0,completed,0.8845945325175746,1,0.0,0.5082672999997158,12.696876100002555,0.04171029999270104,13.363931800005957,25770,50306,19744,[],C:\Users\26096\Desktop\em\python_topopt\runs\band_supplement_300_20260808_001\samples\S000271\femm\angle_12_attempt_1,,,2026-08-08T22:12:03.605+02:00,2026-08-08T22:12:17.783+02:00
S000271,15.0,completed,0.8765651243437328,1,0.0,0.4870676999853458,13.39232010001433,0.040977600001497194,14.031424699991476,25770,50306,20164,[],C:\Users\26096\Desktop\em\python_topopt\runs\band_supplement_300_20260808_001\samples\S000271\femm\angle_15_attempt_1,,,2026-08-08T22:12:17.835+02:00,2026-08-08T22:12:32.651+02:00
S000272,0.0,completed,0.1143587619455431,1,9.870563399977982,0.6014306000142824,9.269340000028023,0.049782700021751225,19.945398299983935,29524,57822,17880,[],C:\Users\26096\Desktop\em\python_topopt\runs\band_supplement_300_20260808_001\samples\S000272\femm\angle_0_attempt_1,,,2026-08-08T22:12:33.545+02:00,2026-08-08T22:12:55.303+02:00
S000272,3.0,completed,0.1105939957990484,1,0.0,0.6196420000051148,9.222857499989914,0.04853699999512173,10.03205780001008,29524,57822,29824,[],C:\Users\26096\Desktop\em\python_topopt\runs\band_supplement_300_20260808_001\samples\S000272\femm\angle_3_attempt_1,,,2026-08-08T22:12:55.365+02:00,2026-08-08T22:13:06.305+02:00
S000272,6.0,completed,0.1075365731495016,1,0.0,0.6556844000006095,9.425602200004505,0.05730290000792593,10.309368000016548,29524,57822,24920,[],C:\Users\26096\Desktop\em\python_topopt\runs\band_supplement_300_20260808_001\samples\S000272\femm\angle_6_attempt_1,,,2026-08-08T22:13:06.376+02:00,2026-08-08T22:13:17.609+02:00
S000272,9.0,completed,0.1150809818536111,1,0.0,0.5978344999894034,9.312540200015064,0.04332779999822378,10.094106000004103,29524,57822,14332,[],C:\Users\26096\Desktop\em\python_topopt\runs\band_supplement_300_20260808_001\samples\S000272\femm\angle_9_attempt_1,,,2026-08-08T22:13:17.680+02:00,2026-08-08T22:13:28.666+02:00
S000272,12.0,completed,0.1182620982623736,1,0.0,0.6285559000098146,8.92909960000543,0.04726049999590032,9.740309699991485,29524,57822,23560,[],C:\Users\26096\Desktop\em\python_topopt\runs\band_supplement_300_20260808_001\samples\S000272\femm\angle_12_attempt_1,,,2026-08-08T22:13:28.737+02:00,2026-08-08T22:13:39.397+02:00
S000272,15.0,completed,0.1146122439114381,1,0.0,0.5916179000050761,8.73207349999575,0.04273349998402409,9.498307400004705,29524,57822,4572,[],C:\Users\26096\Desktop\em\python_topopt\runs\band_supplement_300_20260808_001\samples\S000272\femm\angle_15_attempt_1,,,2026-08-08T22:13:39.469+02:00,2026-08-08T22:13:49.841+02:00
S000273,0.0,completed,0.1882781670037491,1,5.228107400005683,0.48896859999513254,7.805607000016607,0.0363943999982439,13.68411480000941,24103,46974,15396,[],C:\Users\26096\Desktop\em\python_topopt\runs\band_supplement_300_20260808_001\samples\S000273\femm\angle_0_attempt_1,,,2026-08-08T22:12:33.569+02:00,2026-08-08T22:12:49.731+02:00
S000273,3.0,completed,0.2001649011845026,1,0.0,0.4829715999949258,7.40661760000512,0.03675839997595176,8.038015700003598,24103,46974,8976,[],C:\Users\26096\Desktop\em\python_topopt\runs\band_supplement_300_20260808_001\samples\S000273\femm\angle_3_attempt_1,,,2026-08-08T22:12:49.802+02:00,2026-08-08T22:12:58.805+02:00
S000273,6.0,completed,0.1948715175104391,1,0.0,0.5030648999963887,7.348204100009752,0.03976189999957569,8.00405730001512,24103,46974,26076,[],C:\Users\26096\Desktop\em\python_topopt\runs\band_supplement_300_20260808_001\samples\S000273\femm\angle_6_attempt_1,,,2026-08-08T22:12:58.876+02:00,2026-08-08T22:13:07.811+02:00
S000273,9.0,completed,0.1832399046986585,1,0.0,0.4962358999764547,7.232344699994428,0.04126279999036342,7.887006500008283,24103,46974,19636,[],C:\Users\26096\Desktop\em\python_topopt\runs\band_supplement_300_20260808_001\samples\S000273\femm\angle_9_attempt_1,,,2026-08-08T22:13:07.882+02:00,2026-08-08T22:13:16.680+02:00
S000273,12.0,completed,0.1763225970701018,1,0.0,0.49643890000879765,7.2380514999968,0.03605290001723915,7.882570300018415,24103,46974,5108,[],C:\Users\26096\Desktop\em\python_topopt\runs\band_supplement_300_20260808_001\samples\S000273\femm\angle_12_attempt_1,,,2026-08-08T22:13:16.755+02:00,2026-08-08T22:13:25.541+02:00
S000273,15.0,completed,0.1887855834470851,1,0.0,0.5146041999978479,7.694825800019316,0.03649320002296008,8.366196999995736,24103,46974,32616,[],C:\Users\26096\Desktop\em\python_topopt\runs\band_supplement_300_20260808_001\samples\S000273\femm\angle_15_attempt_1,,,2026-08-08T22:13:25.612+02:00,2026-08-08T22:13:34.859+02:00
S000274,0.0,completed,0.4971025493392517,1,7.312044399994193,0.6824829000106547,38.7370611000224,0.04759689999627881,46.94001409999328,33779,66324,24916,[],C:\Users\26096\Desktop\em\python_topopt\runs\band_supplement_300_20260808_001\samples\S000274\femm\angle_0_attempt_1,,,2026-08-08T22:12:33.583+02:00,2026-08-08T22:13:23.358+02:00
S000274,3.0,completed,0.6079162090744021,1,0.0,0.6834746999957133,31.784565799986012,0.046404499997152016,32.657698099996196,33779,66324,32492,[],C:\Users\26096\Desktop\em\python_topopt\runs\band_supplement_300_20260808_001\samples\S000274\femm\angle_3_attempt_1,,,2026-08-08T22:13:23.421+02:00,2026-08-08T22:13:57.046+02:00
S000274,6.0,completed,0.5356125857750379,1,0.0,0.6470599999884143,29.1215310000116,0.04527479998068884,29.96043579999241,33779,66324,27572,[],C:\Users\26096\Desktop\em\python_topopt\runs\band_supplement_300_20260808_001\samples\S000274\femm\angle_6_attempt_1,,,2026-08-08T22:13:57.105+02:00,2026-08-08T22:14:27.895+02:00
S000274,9.0,completed,0.3698752834149354,1,0.0,0.6305910000228323,28.883174600021448,0.045983999996678904,29.708585100015625,33779,66324,25136,[],C:\Users\26096\Desktop\em\python_topopt\runs\band_supplement_300_20260808_001\samples\S000274\femm\angle_9_attempt_1,,,2026-08-08T22:14:27.960+02:00,2026-08-08T22:14:58.493+02:00
S000274,12.0,completed,0.311775935626441,1,0.0,0.6330270000034943,28.733586699992884,0.0444077999854926,29.556468499999028,33779,66324,16616,[],C:\Users\26096\Desktop\em\python_topopt\runs\band_supplement_300_20260808_001\samples\S000274\femm\angle_12_attempt_1,,,2026-08-08T22:14:58.555+02:00,2026-08-08T22:15:28.951+02:00
S000274,15.0,completed,0.4997172685811848,1,0.0,0.64311699999962,26.503936299995985,0.04470120000769384,27.337277399987215,33779,66324,17528,[],C:\Users\26096\Desktop\em\python_topopt\runs\band_supplement_300_20260808_001\samples\S000274\femm\angle_15_attempt_1,,,2026-08-08T22:15:29.027+02:00,2026-08-08T22:15:57.167+02:00
S000275,0.0,completed,0.7114286738600715,1,6.3436212000087835,0.6050736999895889,60.9773436000105,0.040860500012058765,68.12768900001538,29042,56852,20320,[],C:\Users\26096\Desktop\em\python_topopt\runs\band_supplement_300_20260808_001\samples\S000275\femm\angle_0_attempt_1,,,2026-08-08T22:12:33.615+02:00,2026-08-08T22:13:43.794+02:00
S000275,3.0,completed,0.6922657773773063,1,0.0,0.5632227000023704,48.77293869998539,0.040454700007103384,49.507859500008635,29042,56852,34920,[],C:\Users\26096\Desktop\em\python_topopt\runs\band_supplement_300_20260808_001\samples\S000275\femm\angle_3_attempt_1,,,2026-08-08T22:13:43.852+02:00,2026-08-08T22:14:34.225+02:00
S000275,6.0,completed,0.7594205807231926,1,0.0,0.5561193999892566,56.74504889998934,0.0404127000074368,57.47048200000427,29042,56852,37400,[],C:\Users\26096\Desktop\em\python_topopt\runs\band_supplement_300_20260808_001\samples\S000275\femm\angle_6_attempt_1,,,2026-08-08T22:14:34.293+02:00,2026-08-08T22:15:32.592+02:00
S000275,9.0,completed,0.6889693774598572,1,0.0,0.5636870000162162,60.98439609998604,0.04104599999845959,61.71598649999942,29042,56852,37368,[],C:\Users\26096\Desktop\em\python_topopt\runs\band_supplement_300_20260808_001\samples\S000275\femm\angle_9_attempt_1,,,2026-08-08T22:15:32.661+02:00,2026-08-08T22:16:35.220+02:00
S000275,12.0,completed,0.6658217492880592,1,0.0,0.543193199991947,72.51876939999056,0.049097899987827986,73.24249239999335,29042,56852,29632,[],C:\Users\26096\Desktop\em\python_topopt\runs\band_supplement_300_20260808_001\samples\S000275\femm\angle_12_attempt_1,,,2026-08-08T22:16:35.283+02:00,2026-08-08T22:17:49.323+02:00
S000275,15.0,completed,0.7119214545565061,1,0.0,0.547781400004169,62.94452329998603,0.04835959998308681,63.6678724999947,29042,56852,6068,[],C:\Users\26096\Desktop\em\python_topopt\runs\band_supplement_300_20260808_001\samples\S000275\femm\angle_15_attempt_1,,,2026-08-08T22:17:49.389+02:00,2026-08-08T22:18:53.905+02:00
S000276,0.0,completed,0.3536915516088269,1,5.605978499981575,0.5518160999927204,34.49252150001121,0.03966380000929348,40.814135099964915,27548,53852,15280,[],C:\Users\26096\Desktop\em\python_topopt\runs\band_supplement_300_20260808_001\samples\S000276\femm\angle_0_attempt_1,,,2026-08-08T22:18:54.606+02:00,2026-08-08T22:19:37.033+02:00
S000276,3.0,completed,0.3153440506902949,1,0.0,0.5469080999901053,28.48988239999744,0.04524089998449199,29.2164198999817,27548,53852,30952,[],C:\Users\26096\Desktop\em\python_topopt\runs\band_supplement_300_20260808_001\samples\S000276\femm\angle_3_attempt_1,,,2026-08-08T22:19:37.093+02:00,2026-08-08T22:20:07.137+02:00
S000276,6.0,completed,0.358556172620823,1,0.0,0.5579960999893956,29.821153299999423,0.04046600000583567,30.542244999989634,27548,53852,29536,[],C:\Users\26096\Desktop\em\python_topopt\runs\band_supplement_300_20260808_001\samples\S000276\femm\angle_6_attempt_1,,,2026-08-08T22:20:07.199+02:00,2026-08-08T22:20:38.607+02:00
S000276,9.0,completed,0.4330252963208167,1,0.0,0.5502217999892309,36.43840079999063,0.038543000002391636,37.154192699992564,27548,53852,32400,[],C:\Users\26096\Desktop\em\python_topopt\runs\band_supplement_300_20260808_001\samples\S000276\femm\angle_9_attempt_1,,,2026-08-08T22:20:38.668+02:00,2026-08-08T22:21:16.678+02:00
S000276,12.0,completed,0.4137833593519555,1,0.0,0.5601911999983713,25.070952400012175,0.03731010001502,25.79445489999489,27548,53852,19092,[],C:\Users\26096\Desktop\em\python_topopt\runs\band_supplement_300_20260808_001\samples\S000276\femm\angle_12_attempt_1,,,2026-08-08T22:21:16.749+02:00,2026-08-08T22:21:43.390+02:00
S000276,15.0,completed,0.3610915809035665,1,0.0,0.5471683999930974,26.77138239998021,0.04146880001644604,27.497980500018457,27548,53852,1760,[],C:\Users\26096\Desktop\em\python_topopt\runs\band_supplement_300_20260808_001\samples\S000276\femm\angle_15_attempt_1,,,2026-08-08T22:21:43.450+02:00,2026-08-08T22:22:11.782+02:00
S000277,0.0,completed,0.5804561655923883,1,5.770240499987267,0.5403394000022672,24.063638699997682,0.04142259998479858,30.535327199992025,27827,54428,9904,[],C:\Users\26096\Desktop\em\python_topopt\runs\band_supplement_300_20260808_001\samples\S000277\femm\angle_0_attempt_1,,,2026-08-08T22:18:54.628+02:00,2026-08-08T22:19:27.439+02:00
S000277,3.0,completed,0.5068629907333871,1,0.0,0.5352543999906629,27.0797246999864,0.0388332000002265,27.774189399991883,27827,54428,29364,[],C:\Users\26096\Desktop\em\python_topopt\runs\band_supplement_300_20260808_001\samples\S000277\femm\angle_3_attempt_1,,,2026-08-08T22:19:27.499+02:00,2026-08-08T22:19:56.125+02:00
S000277,6.0,completed,0.4049891818093768,1,0.0,0.5772050999803469,30.1053218000161,0.04028139999718405,30.85572819999652,27827,54428,1372,[],C:\Users\26096\Desktop\em\python_topopt\runs\band_supplement_300_20260808_001\samples\S000277\femm\angle_6_attempt_1,,,2026-08-08T22:19:56.186+02:00,2026-08-08T22:20:27.877+02:00
S000277,9.0,completed,0.6810905166245093,1,0.0,0.5578223000047728,26.300556299975142,0.04141249999520369,27.031176900025457,27827,54428,17732,[],C:\Users\26096\Desktop\em\python_topopt\runs\band_supplement_300_20260808_001\samples\S000277\femm\angle_9_attempt_1,,,2026-08-08T22:20:27.937+02:00,2026-08-08T22:20:55.795+02:00
S000277,12.0,completed,0.6868265739184538,1,0.0,0.5405834999983199,30.166520700004185,0.039071999985026196,30.874241999990772,27827,54428,11384,[],C:\Users\26096\Desktop\em\python_topopt\runs\band_supplement_300_20260808_001\samples\S000277\femm\angle_12_attempt_1,,,2026-08-08T22:20:55.863+02:00,2026-08-08T22:21:27.652+02:00
S000277,15.0,completed,0.5804163922182408,1,0.0,0.5580114000185858,23.19872870002291,0.04175489998306148,23.923606099997414,27827,54428,4300,[],C:\Users\26096\Desktop\em\python_topopt\runs\band_supplement_300_20260808_001\samples\S000277\femm\angle_15_attempt_1,,,2026-08-08T22:21:27.721+02:00,2026-08-08T22:21:52.512+02:00
S000278,0.0,completed,0.169111233435031,1,4.809936300007394,0.49156199998105876,60.87243000001763,0.037753299984615296,66.32972350000637,25355,49474,27072,[],C:\Users\26096\Desktop\em\python_topopt\runs\band_supplement_300_20260808_001\samples\S000278\femm\angle_0_attempt_1,,,2026-08-08T22:18:54.644+02:00,2026-08-08T22:20:02.869+02:00
S000278,3.0,completed,0.2047486133664457,1,0.0,0.5006548000092153,51.12160889999359,0.039525499974843115,51.78053359998739,25355,49474,18380,[],C:\Users\26096\Desktop\em\python_topopt\runs\band_supplement_300_20260808_001\samples\S000278\femm\angle_3_attempt_1,,,2026-08-08T22:20:02.929+02:00,2026-08-08T22:20:55.552+02:00
S000278,6.0,completed,0.1747007837504873,1,0.0,0.5266884999873582,40.947446700010914,0.03762099999585189,41.627931800001534,25355,49474,29032,[],C:\Users\26096\Desktop\em\python_topopt\runs\band_supplement_300_20260808_001\samples\S000278\femm\angle_6_attempt_1,,,2026-08-08T22:20:55.623+02:00,2026-08-08T22:21:38.079+02:00
S000278,9.0,completed,0.119110084928081,1,0.0,0.5003953000123147,31.175411899981555,0.03498110000509769,31.819817100011278,25355,49474,36772,[],C:\Users\26096\Desktop\em\python_topopt\runs\band_supplement_300_20260808_001\samples\S000278\femm\angle_9_attempt_1,,,2026-08-08T22:21:38.140+02:00,2026-08-08T22:22:10.807+02:00
S000278,12.0,completed,0.1106962809384466,1,0.0,0.48906959997839294,38.98881110001821,0.034502900001825765,39.626783099985914,25355,49474,25644,[],C:\Users\26096\Desktop\em\python_topopt\runs\band_supplement_300_20260808_001\samples\S000278\femm\angle_12_attempt_1,,,2026-08-08T22:22:10.867+02:00,2026-08-08T22:22:51.241+02:00
S000278,15.0,completed,0.1675915763386137,1,0.0,0.4845837000175379,43.66991049997159,0.03388380000251345,44.300419299979694,25355,49474,31552,[],C:\Users\26096\Desktop\em\python_topopt\runs\band_supplement_300_20260808_001\samples\S000278\femm\angle_15_attempt_1,,,2026-08-08T22:22:51.304+02:00,2026-08-08T22:23:36.390+02:00
S000279,0.0,completed,0.6040006969748293,1,7.155400499992538,0.4877228999976069,32.63787899998715,0.03671380001469515,40.4557903999812,24081,46924,27656,[],C:\Users\26096\Desktop\em\python_topopt\runs\band_supplement_300_20260808_001\samples\S000279\femm\angle_0_attempt_1,,,2026-08-08T22:23:37.345+02:00,2026-08-08T22:24:19.777+02:00
S000279,3.0,completed,0.7326244537519522,1,0.0,0.5449130000197329,33.27088450000156,0.036882500018691644,33.98427969997283,24081,46924,28308,[],C:\Users\26096\Desktop\em\python_topopt\runs\band_supplement_300_20260808_001\samples\S000279\femm\angle_3_attempt_1,,,2026-08-08T22:24:19.847+02:00,2026-08-08T22:24:55.145+02:00
S000279,6.0,completed,0.649634936491228,1,0.0,0.517275599995628,33.85305570001947,0.04177110001910478,34.53572669997811,24081,46924,21800,[],C:\Users\26096\Desktop\em\python_topopt\runs\band_supplement_300_20260808_001\samples\S000279\femm\angle_6_attempt_1,,,2026-08-08T22:24:55.224+02:00,2026-08-08T22:25:30.808+02:00
S000279,9.0,completed,0.6274373738663094,1,0.0,0.5034328000037931,32.110773100022925,0.036005400004796684,32.76715139998123,24081,46924,28712,[],C:\Users\26096\Desktop\em\python_topopt\runs\band_supplement_300_20260808_001\samples\S000279\femm\angle_9_attempt_1,,,2026-08-08T22:25:30.879+02:00,2026-08-08T22:26:04.667+02:00
S000279,12.0,completed,0.4449696560254666,1,0.0,0.5153516999853309,31.678423400007887,0.0393908999976702,32.357033700012835,24081,46924,30788,[],C:\Users\26096\Desktop\em\python_topopt\runs\band_supplement_300_20260808_001\samples\S000279\femm\angle_12_attempt_1,,,2026-08-08T22:26:04.738+02:00,2026-08-08T22:26:38.038+02:00
S000279,15.0,completed,0.604385588730202,1,0.0,0.5269407999876421,42.89326860001893,0.03433780002524145,43.56580869999016,24081,46924,31404,[],C:\Users\26096\Desktop\em\python_topopt\runs\band_supplement_300_20260808_001\samples\S000279\femm\angle_15_attempt_1,,,2026-08-08T22:26:38.108+02:00,2026-08-08T22:27:22.611+02:00
S000280,0.0,completed,0.6018868037385402,1,9.444127199996728,0.6317311000020709,35.59163389998139,0.0461152000061702,45.87540900000022,29709,58184,15552,[],C:\Users\26096\Desktop\em\python_topopt\runs\band_supplement_300_20260808_001\samples\S000280\femm\angle_0_attempt_1,,,2026-08-08T22:23:37.361+02:00,2026-08-08T22:24:25.731+02:00
S000280,3.0,completed,0.7197535607963461,1,0.0,0.6717059999937192,38.91633759997785,0.055274899990763515,39.809069999988424,29709,58184,33008,[],C:\Users\26096\Desktop\em\python_topopt\runs\band_supplement_300_20260808_001\samples\S000280\femm\angle_3_attempt_1,,,2026-08-08T22:24:25.792+02:00,2026-08-08T22:25:06.617+02:00
S000280,6.0,completed,0.6432303006828991,1,0.0,0.6621061000041664,37.52745340002002,0.0498012000171002,38.38167799997609,29709,58184,35608,[],C:\Users\26096\Desktop\em\python_topopt\runs\band_supplement_300_20260808_001\samples\S000280\femm\angle_6_attempt_1,,,2026-08-08T22:25:06.696+02:00,2026-08-08T22:25:46.124+02:00
S000280,9.0,completed,0.6425524658198684,1,0.0,0.6139160999737214,32.06969820000813,0.044300600013229996,32.862776900001336,29709,58184,31372,[],C:\Users\26096\Desktop\em\python_topopt\runs\band_supplement_300_20260808_001\samples\S000280\femm\angle_9_attempt_1,,,2026-08-08T22:25:46.205+02:00,2026-08-08T22:26:20.005+02:00
S000280,12.0,completed,0.4643558573793201,1,0.0,0.6027653999917675,37.96193220000714,0.04329589998815209,38.74706480000168,29709,58184,35800,[],C:\Users\26096\Desktop\em\python_topopt\runs\band_supplement_300_20260808_001\samples\S000280\femm\angle_12_attempt_1,,,2026-08-08T22:26:20.076+02:00,2026-08-08T22:26:59.776+02:00
S000280,15.0,completed,0.6029202072257397,1,0.0,0.6228586000215728,34.62268319999566,0.0509637999930419,35.459105599991744,29709,58184,34448,[],C:\Users\26096\Desktop\em\python_topopt\runs\band_supplement_300_20260808_001\samples\S000280\femm\angle_15_attempt_1,,,2026-08-08T22:26:59.848+02:00,2026-08-08T22:27:36.243+02:00
S000281,0.0,completed,0.2793259939733502,1,12.26628989999881,0.7836790000146721,56.61371180001879,0.05961690002004616,69.89842799998587,33350,65464,15764,[],C:\Users\26096\Desktop\em\python_topopt\runs\band_supplement_300_20260808_001\samples\S000281\femm\angle_0_attempt_1,,,2026-08-08T22:23:37.392+02:00,2026-08-08T22:24:50.306+02:00
S000281,3.0,completed,0.4356088300074853,1,0.0,0.7234986000112258,52.03682069998467,0.048563199990894645,52.97167500000796,33350,65464,22924,[],C:\Users\26096\Desktop\em\python_topopt\runs\band_supplement_300_20260808_001\samples\S000281\femm\angle_3_attempt_1,,,2026-08-08T22:24:50.375+02:00,2026-08-08T22:25:44.325+02:00
S000281,6.0,completed,0.3177121717970007,1,0.0,0.7120528999948874,49.24426850001328,0.04539380001369864,50.163309700001264,33350,65464,37912,[],C:\Users\26096\Desktop\em\python_topopt\runs\band_supplement_300_20260808_001\samples\S000281\femm\angle_6_attempt_1,,,2026-08-08T22:25:44.538+02:00,2026-08-08T22:26:35.591+02:00
S000281,9.0,completed,0.2629244077477952,1,0.0,0.7126342999981716,58.03806980000809,0.04315660000429489,58.934662999992725,33350,65464,284,[],C:\Users\26096\Desktop\em\python_topopt\runs\band_supplement_300_20260808_001\samples\S000281\femm\angle_9_attempt_1,,,2026-08-08T22:26:35.662+02:00,2026-08-08T22:27:35.447+02:00
S000281,12.0,completed,0.1095197904940228,1,0.0,0.6362428999855183,48.26491540001007,0.0496053000097163,49.10268969999743,33350,65464,35912,[],C:\Users\26096\Desktop\em\python_topopt\runs\band_supplement_300_20260808_001\samples\S000281\femm\angle_12_attempt_1,,,2026-08-08T22:27:35.500+02:00,2026-08-08T22:28:25.446+02:00
S000281,15.0,completed,0.2817305940779152,1,0.0,0.6356619999860413,43.09596489998512,0.04247649997705594,43.92543079997995,33350,65464,23576,[],C:\Users\26096\Desktop\em\python_topopt\runs\band_supplement_300_20260808_001\samples\S000281\femm\angle_15_attempt_1,,,2026-08-08T22:28:25.515+02:00,2026-08-08T22:29:10.244+02:00
S000282,0.0,completed,0.5909174792525004,1,7.703005099989241,0.5441665000107605,20.95553249999648,0.038454399997135624,29.362637599988375,25538,49842,26280,[],C:\Users\26096\Desktop\em\python_topopt\runs\band_supplement_300_20260808_001\samples\S000282\femm\angle_0_attempt_1,,,2026-08-08T22:23:37.408+02:00,2026-08-08T22:24:08.976+02:00
S000282,3.0,completed,0.7110093574504605,1,0.0,0.5324068999907468,13.739153200003784,0.03924630000256002,14.457186499988893,25538,49842,15776,[],C:\Users\26096\Desktop\em\python_topopt\runs\band_supplement_300_20260808_001\samples\S000282\femm\angle_3_attempt_1,,,2026-08-08T22:24:09.039+02:00,2026-08-08T22:24:24.525+02:00
S000282,6.0,completed,0.7319476597638428,1,0.0,0.5462349000154063,20.0805414999777,0.0419609000091441,20.801300399994943,25538,49842,22552,[],C:\Users\26096\Desktop\em\python_topopt\runs\band_supplement_300_20260808_001\samples\S000282\femm\angle_6_attempt_1,,,2026-08-08T22:24:24.598+02:00,2026-08-08T22:24:46.412+02:00
S000282,9.0,completed,0.5797786301330002,1,0.0,0.548056399973575,14.522211700008484,0.039829299988923594,15.236799800011795,25538,49842,25860,[],C:\Users\26096\Desktop\em\python_topopt\runs\band_supplement_300_20260808_001\samples\S000282\femm\angle_9_attempt_1,,,2026-08-08T22:24:46.483+02:00,2026-08-08T22:25:02.728+02:00
S000282,12.0,completed,0.5311162215259682,1,0.0,0.5605472000024747,20.674274799996056,0.038107400003354996,21.392957399977604,25538,49842,30920,[],C:\Users\26096\Desktop\em\python_topopt\runs\band_supplement_300_20260808_001\samples\S000282\femm\angle_12_attempt_1,,,2026-08-08T22:25:02.799+02:00,2026-08-08T22:25:25.163+02:00
S000282,15.0,completed,0.590086205068066,1,0.0,0.5346453999809455,15.603370099997846,0.03873920001205988,16.305413399997633,25538,49842,9268,[],C:\Users\26096\Desktop\em\python_topopt\runs\band_supplement_300_20260808_001\samples\S000282\femm\angle_15_attempt_1,,,2026-08-08T22:25:25.234+02:00,2026-08-08T22:25:42.536+02:00
S000283,0.0,completed,0.6044153031038676,1,9.84519600000931,0.6593799000256695,28.010201800003415,0.04510700001264922,38.722268000012264,31085,60938,15640,[],C:\Users\26096\Desktop\em\python_topopt\runs\band_supplement_300_20260808_001\samples\S000283\femm\angle_0_attempt_1,,,2026-08-08T22:23:37.423+02:00,2026-08-08T22:24:19.696+02:00
S000283,3.0,completed,0.746678023031595,1,0.0,0.6993536000081804,35.3573739999847,0.044868099997984245,36.264441099978285,31085,60938,14632,[],C:\Users\26096\Desktop\em\python_topopt\runs\band_supplement_300_20260808_001\samples\S000283\femm\angle_3_attempt_1,,,2026-08-08T22:24:19.756+02:00,2026-08-08T22:24:56.989+02:00
S000283,6.0,completed,0.7589311622945399,1,0.0,0.6902698999911081,35.09567280000192,0.04917260000365786,36.000154400011525,31085,60938,9644,[],C:\Users\26096\Desktop\em\python_topopt\runs\band_supplement_300_20260808_001\samples\S000283\femm\angle_6_attempt_1,,,2026-08-08T22:24:57.059+02:00,2026-08-08T22:25:34.026+02:00
S000283,9.0,completed,0.585410830598899,1,0.0,0.6709191999980249,23.834966400027042,0.04374039999675006,24.693677500006743,31085,60938,36712,[],C:\Users\26096\Desktop\em\python_topopt\runs\band_supplement_300_20260808_001\samples\S000283\femm\angle_9_attempt_1,,,2026-08-08T22:25:34.097+02:00,2026-08-08T22:25:59.785+02:00
S000283,12.0,completed,0.5224038973452514,1,0.0,0.6524250000074971,32.00028730000486,0.044835500011686236,32.836560499999905,31085,60938,29640,[],C:\Users\26096\Desktop\em\python_topopt\runs\band_supplement_300_20260808_001\samples\S000283\femm\angle_12_attempt_1,,,2026-08-08T22:25:59.858+02:00,2026-08-08T22:26:33.658+02:00
S000283,15.0,completed,0.6022042126363523,1,0.0,0.6816237999883015,28.69922119998955,0.0445418999879621,29.567910699988715,31085,60938,32932,[],C:\Users\26096\Desktop\em\python_topopt\runs\band_supplement_300_20260808_001\samples\S000283\femm\angle_15_attempt_1,,,2026-08-08T22:26:33.729+02:00,2026-08-08T22:27:04.251+02:00
S000284,0.0,completed,0.5878551733944398,1,4.34299689999898,0.5191700000141282,20.480375000013737,0.03680109998094849,25.498666800005594,26850,52462,7084,[],C:\Users\26096\Desktop\em\python_topopt\runs\band_supplement_300_20260808_001\samples\S000284\femm\angle_0_attempt_1,,,2026-08-08T22:29:10.682+02:00,2026-08-08T22:29:37.681+02:00
S000284,3.0,completed,0.7102443555082837,1,0.0,0.5235486000019591,18.541088400001172,0.035996199992951006,19.21651140000904,26850,52462,7592,[],C:\Users\26096\Desktop\em\python_topopt\runs\band_supplement_300_20260808_001\samples\S000284\femm\angle_3_attempt_1,,,2026-08-08T22:29:37.734+02:00,2026-08-08T22:29:57.713+02:00
S000284,6.0,completed,0.731593841978074,1,0.0,0.5160628000157885,24.41636479998124,0.03742340000462718,25.092336100002285,26850,52462,32256,[],C:\Users\26096\Desktop\em\python_topopt\runs\band_supplement_300_20260808_001\samples\S000284\femm\angle_6_attempt_1,,,2026-08-08T22:29:57.793+02:00,2026-08-08T22:30:23.644+02:00
S000284,9.0,completed,0.5789713511068956,1,0.0,0.5176173000072595,22.516773499984993,0.03645800001686439,23.188233100023353,26850,52462,38632,[],C:\Users\26096\Desktop\em\python_topopt\runs\band_supplement_300_20260808_001\samples\S000284\femm\angle_9_attempt_1,,,2026-08-08T22:30:23.711+02:00,2026-08-08T22:30:47.677+02:00
S000284,12.0,completed,0.5290290197756393,1,0.0,0.5260544000193477,22.779532900021877,0.04061500000534579,23.466692099987995,26850,52462,12076,[],C:\Users\26096\Desktop\em\python_topopt\runs\band_supplement_300_20260808_001\samples\S000284\femm\angle_12_attempt_1,,,2026-08-08T22:30:47.740+02:00,2026-08-08T22:31:11.972+02:00
S000284,15.0,completed,0.5884844253568787,1,0.0,0.5040722000121605,21.48783130000811,0.03963690000819042,22.151369500003057,26850,52462,35392,[],C:\Users\26096\Desktop\em\python_topopt\runs\band_supplement_300_20260808_001\samples\S000284\femm\angle_15_attempt_1,,,2026-08-08T22:31:12.041+02:00,2026-08-08T22:31:34.968+02:00
S000285,0.0,completed,0.4286176464112433,1,13.68142129998887,0.6155331000045408,25.51585259998683,0.049375600006897,39.99639869999373,28624,56024,2248,[],C:\Users\26096\Desktop\em\python_topopt\runs\band_supplement_300_20260808_001\samples\S000285\femm\angle_0_attempt_1,,,2026-08-08T22:31:35.868+02:00,2026-08-08T22:32:17.865+02:00
S000285,3.0,completed,0.6489805892379895,1,0.0,0.6116270999773405,29.756238300004043,0.04489009999088012,30.564368399995146,28624,56024,30896,[],C:\Users\26096\Desktop\em\python_topopt\runs\band_supplement_300_20260808_001\samples\S000285\femm\angle_3_attempt_1,,,2026-08-08T22:32:17.936+02:00,2026-08-08T22:32:49.518+02:00
S000285,6.0,completed,0.661055634607135,1,0.0,0.6473327999992762,33.11229339998681,0.04790669999783859,33.94828419998521,28624,56024,28744,[],C:\Users\26096\Desktop\em\python_topopt\runs\band_supplement_300_20260808_001\samples\S000285\femm\angle_6_attempt_1,,,2026-08-08T22:32:49.591+02:00,2026-08-08T22:33:24.591+02:00
S000285,9.0,completed,0.3746348132060298,1,0.0,0.6520961000060197,25.845697499986272,0.04098859999794513,26.672652800014475,28624,56024,29976,[],C:\Users\26096\Desktop\em\python_topopt\runs\band_supplement_300_20260808_001\samples\S000285\femm\angle_9_attempt_1,,,2026-08-08T22:33:24.672+02:00,2026-08-08T22:33:52.323+02:00
S000285,12.0,completed,0.3330251946267788,1,0.0,0.630044599995017,24.13858669999172,0.04795929999090731,24.951738300005672,28624,56024,27500,[],C:\Users\26096\Desktop\em\python_topopt\runs\band_supplement_300_20260808_001\samples\S000285\femm\angle_12_attempt_1,,,2026-08-08T22:33:52.399+02:00,2026-08-08T22:34:18.356+02:00
S000285,15.0,completed,0.4300381956907,1,0.0,0.6083344999933615,21.16806799999904,0.04095289998804219,21.947880699997768,28624,56024,25728,[],C:\Users\26096\Desktop\em\python_topopt\runs\band_supplement_300_20260808_001\samples\S000285\femm\angle_15_attempt_1,,,2026-08-08T22:34:18.426+02:00,2026-08-08T22:34:41.349+02:00
S000286,0.0,completed,0.7057534290773193,1,14.438156299991533,0.7557226000062656,49.43159910000395,0.045467999996617436,64.81796959997155,32063,62896,16496,[],C:\Users\26096\Desktop\em\python_topopt\runs\band_supplement_300_20260808_001\samples\S000286\femm\angle_0_attempt_1,,,2026-08-08T22:31:35.890+02:00,2026-08-08T22:32:43.847+02:00
S000286,3.0,completed,0.6300108068220261,1,0.0,0.6923943000147119,82.61291080000228,0.049169100006110966,83.5031975999882,32063,62896,28724,[],C:\Users\26096\Desktop\em\python_topopt\runs\band_supplement_300_20260808_001\samples\S000286\femm\angle_3_attempt_1,,,2026-08-08T22:32:43.910+02:00,2026-08-08T22:34:08.414+02:00
S000286,6.0,completed,0.5913586778277024,1,0.0,0.7223687999940012,55.189852800016524,0.04336909999256022,56.09524059999967,32063,62896,25068,[],C:\Users\26096\Desktop\em\python_topopt\runs\band_supplement_300_20260808_001\samples\S000286\femm\angle_6_attempt_1,,,2026-08-08T22:34:08.485+02:00,2026-08-08T22:35:05.494+02:00
S000286,9.0,completed,0.8101619414011021,1,0.0,0.6743085999914911,55.86083739998867,0.04500199999893084,56.7243596999906,32063,62896,12524,[],C:\Users\26096\Desktop\em\python_topopt\runs\band_supplement_300_20260808_001\samples\S000286\femm\angle_9_attempt_1,,,2026-08-08T22:35:05.556+02:00,2026-08-08T22:36:03.122+02:00
S000286,12.0,completed,0.8291261331075405,1,0.0,0.646010299999034,46.239247200021055,0.0511879000114277,47.08188440001686,32063,62896,6404,[],C:\Users\26096\Desktop\em\python_topopt\runs\band_supplement_300_20260808_001\samples\S000286\femm\angle_12_attempt_1,,,2026-08-08T22:36:03.191+02:00,2026-08-08T22:36:51.073+02:00
S000286,15.0,completed,0.7031225901271355,1,0.0,0.6596017999981996,59.72950799998944,0.041592399997171015,60.57365320000099,32063,62896,8544,[],C:\Users\26096\Desktop\em\python_topopt\runs\band_supplement_300_20260808_001\samples\S000286\femm\angle_15_attempt_1,,,2026-08-08T22:36:51.132+02:00,2026-08-08T22:37:52.491+02:00
S000287,0.0,completed,0.710785099772907,1,11.769658100005472,0.5470408000110183,16.206217900005868,0.03823299999930896,28.6849976000085,25794,50356,16808,[],C:\Users\26096\Desktop\em\python_topopt\runs\band_supplement_300_20260808_001\samples\S000287\femm\angle_0_attempt_1,,,2026-08-08T22:31:35.914+02:00,2026-08-08T22:32:07.365+02:00
S000287,3.0,completed,0.7184692095255966,1,0.0,0.542374300013762,19.897336499998346,0.0384046999970451,20.600512000004528,25794,50356,14548,[],C:\Users\26096\Desktop\em\python_topopt\runs\band_supplement_300_20260808_001\samples\S000287\femm\angle_3_attempt_1,,,2026-08-08T22:32:07.426+02:00,2026-08-08T22:32:29.061+02:00
S000287,6.0,completed,0.6193773987953906,1,0.0,0.5652708999987226,24.762633500009542,0.03872310000588186,25.488494200020796,25794,50356,32500,[],C:\Users\26096\Desktop\em\python_topopt\runs\band_supplement_300_20260808_001\samples\S000287\femm\angle_6_attempt_1,,,2026-08-08T22:32:29.134+02:00,2026-08-08T22:32:55.632+02:00
S000287,9.0,completed,0.7081319358883411,1,0.0,0.5476875999884214,26.37537609998253,0.041387799981748685,27.089800100016873,25794,50356,15512,[],C:\Users\26096\Desktop\em\python_topopt\runs\band_supplement_300_20260808_001\samples\S000287\femm\angle_9_attempt_1,,,2026-08-08T22:32:55.713+02:00,2026-08-08T22:33:23.861+02:00
S000287,12.0,completed,0.7203026035802411,1,0.0,0.538553199992748,27.298352799989516,0.03791859999182634,27.99956620001467,25794,50356,33056,[],C:\Users\26096\Desktop\em\python_topopt\runs\band_supplement_300_20260808_001\samples\S000287\femm\angle_12_attempt_1,,,2026-08-08T22:33:23.934+02:00,2026-08-08T22:33:52.990+02:00
S000287,15.0,completed,0.7105548894068597,1,0.0,0.5524415000109002,15.306498899997678,0.03910850000102073,16.02575319999596,25794,50356,38476,[],C:\Users\26096\Desktop\em\python_topopt\runs\band_supplement_300_20260808_001\samples\S000287\femm\angle_15_attempt_1,,,2026-08-08T22:33:53.071+02:00,2026-08-08T22:34:10.051+02:00
S000288,0.0,completed,0.825274953625664,1,11.98671899997862,0.5741266999975778,35.774103500007186,0.04260379998595454,48.50887329998659,27541,53858,32572,[],C:\Users\26096\Desktop\em\python_topopt\runs\band_supplement_300_20260808_001\samples\S000288\femm\angle_0_attempt_1,,,2026-08-08T22:31:35.946+02:00,2026-08-08T22:32:26.509+02:00
S000288,3.0,completed,0.7752467130574378,1,0.0,0.5992261000210419,43.42104570000083,0.039794999989680946,44.19172129998333,27541,53858,7072,[],C:\Users\26096\Desktop\em\python_topopt\runs\band_supplement_300_20260808_001\samples\S000288\femm\angle_3_attempt_1,,,2026-08-08T22:32:26.572+02:00,2026-08-08T22:33:11.765+02:00
S000288,6.0,completed,0.7950095972967118,1,0.0,0.5707489000051282,43.401055900001666,0.042263399984221905,44.1628527000139,27541,53858,320,[],C:\Users\26096\Desktop\em\python_topopt\runs\band_supplement_300_20260808_001\samples\S000288\femm\angle_6_attempt_1,,,2026-08-08T22:33:11.836+02:00,2026-08-08T22:33:57.012+02:00
S000288,9.0,completed,0.9334527831291942,1,0.0,0.588127400027588,37.8262795000046,0.04650779999792576,38.595815300010145,27541,53858,33884,[],C:\Users\26096\Desktop\em\python_topopt\runs\band_supplement_300_20260808_001\samples\S000288\femm\angle_9_attempt_1,,,2026-08-08T22:33:57.082+02:00,2026-08-08T22:34:36.689+02:00
S000288,12.0,completed,0.8905921390141421,1,0.0,0.5734738000028301,42.90735870000208,0.03855880000628531,43.64393290001317,27541,53858,31172,[],C:\Users\26096\Desktop\em\python_topopt\runs\band_supplement_300_20260808_001\samples\S000288\femm\angle_12_attempt_1,,,2026-08-08T22:34:36.760+02:00,2026-08-08T22:35:21.349+02:00
S000288,15.0,completed,0.8272211194096241,1,0.0,0.5416223999927752,30.451347800000804,0.03905209997901693,31.15065150000737,27541,53858,14548,[],C:\Users\26096\Desktop\em\python_topopt\runs\band_supplement_300_20260808_001\samples\S000288\femm\angle_15_attempt_1,,,2026-08-08T22:35:21.418+02:00,2026-08-08T22:35:53.401+02:00
S000289,0.0,completed,0.2616435331470107,1,7.812753800011706,0.5046620999928564,45.145690700010164,0.0488203999993857,53.66423330001999,25604,49968,38448,[],C:\Users\26096\Desktop\em\python_topopt\runs\band_supplement_300_20260808_001\samples\S000289\femm\angle_0_attempt_1,,,2026-08-08T22:31:35.961+02:00,2026-08-08T22:32:33.458+02:00
S000289,3.0,completed,0.2639990649157037,1,0.0,0.5660563999845181,43.299356399977114,0.03757220000261441,44.02943080000114,25604,49968,15448,[],C:\Users\26096\Desktop\em\python_topopt\runs\band_supplement_300_20260808_001\samples\S000289\femm\angle_3_attempt_1,,,2026-08-08T22:32:33.529+02:00,2026-08-08T22:33:18.604+02:00
S000289,6.0,completed,0.2433058525971872,1,0.0,0.5670304999803193,46.33967549999943,0.03875399997923523,47.074013100005686,25604,49968,31920,[],C:\Users\26096\Desktop\em\python_topopt\runs\band_supplement_300_20260808_001\samples\S000289\femm\angle_6_attempt_1,,,2026-08-08T22:33:18.675+02:00,2026-08-08T22:34:06.766+02:00
S000289,9.0,completed,0.1899199439285909,1,0.0,0.541043900011573,51.00600909997593,0.033879099995829165,51.69696410000324,25604,49968,24916,[],C:\Users\26096\Desktop\em\python_topopt\runs\band_supplement_300_20260808_001\samples\S000289\femm\angle_9_attempt_1,,,2026-08-08T22:34:06.845+02:00,2026-08-08T22:34:59.551+02:00
S000289,12.0,completed,0.1608766563991433,1,0.0,0.5070799999812152,52.87601900001755,0.03608630000962876,53.53371759998845,25604,49968,33896,[],C:\Users\26096\Desktop\em\python_topopt\runs\band_supplement_300_20260808_001\samples\S000289\femm\angle_12_attempt_1,,,2026-08-08T22:34:59.614+02:00,2026-08-08T22:35:53.967+02:00
S000289,15.0,completed,0.2635580092760059,1,0.0,0.505257500015432,42.27762689997326,0.03347189998021349,42.93107079999754,25604,49968,16732,[],C:\Users\26096\Desktop\em\python_topopt\runs\band_supplement_300_20260808_001\samples\S000289\femm\angle_15_attempt_1,,,2026-08-08T22:35:54.039+02:00,2026-08-08T22:36:37.747+02:00
S000290,0.0,completed,0.6696501317181766,1,5.9876037999929395,0.5773448999971151,24.7217965000018,0.038400799996452406,31.448830700013787,27103,52976,4504,[],C:\Users\26096\Desktop\em\python_topopt\runs\band_supplement_300_20260808_001\samples\S000290\femm\angle_0_attempt_1,,,2026-08-08T22:37:53.216+02:00,2026-08-08T22:38:26.225+02:00
S000290,3.0,completed,0.5347522403070648,1,0.0,0.5364307000127155,23.24587949999841,0.0383789999759756,23.94594569999026,27103,52976,23764,[],C:\Users\26096\Desktop\em\python_topopt\runs\band_supplement_300_20260808_001\samples\S000290\femm\angle_3_attempt_1,,,2026-08-08T22:38:26.286+02:00,2026-08-08T22:38:51.020+02:00
S000290,6.0,completed,0.5270289920848114,1,0.0,0.5436028999974951,24.878593700006604,0.03876670001773164,25.583665299986023,27103,52976,22012,[],C:\Users\26096\Desktop\em\python_topopt\runs\band_supplement_300_20260808_001\samples\S000290\femm\angle_6_attempt_1,,,2026-08-08T22:38:51.090+02:00,2026-08-08T22:39:17.468+02:00
S000290,9.0,completed,0.8137611105054369,1,0.0,0.5311292000114918,41.34480259998236,0.03856439999071881,42.044218199996976,27103,52976,14600,[],C:\Users\26096\Desktop\em\python_topopt\runs\band_supplement_300_20260808_001\samples\S000290\femm\angle_9_attempt_1,,,2026-08-08T22:39:17.540+02:00,2026-08-08T22:40:00.423+02:00
S000290,12.0,completed,0.7753927893069577,1,0.0,0.5987390000082087,40.045088399987435,0.036840699991444126,40.801445799996145,27103,52976,20720,[],C:\Users\26096\Desktop\em\python_topopt\runs\band_supplement_300_20260808_001\samples\S000290\femm\angle_12_attempt_1,,,2026-08-08T22:40:00.510+02:00,2026-08-08T22:40:42.319+02:00
S000290,15.0,completed,0.6717491299849987,1,0.0,0.522160199994687,22.266341200011084,0.03890830001910217,22.951454699999886,27103,52976,38808,[],C:\Users\26096\Desktop\em\python_topopt\runs\band_supplement_300_20260808_001\samples\S000290\femm\angle_15_attempt_1,,,2026-08-08T22:40:42.396+02:00,2026-08-08T22:41:06.138+02:00
S000291,0.0,completed,0.7184493487195577,1,5.855574600020191,0.5035904000105802,21.473732000013115,0.03465940000023693,27.9779247000115,25230,49226,15420,[],C:\Users\26096\Desktop\em\python_topopt\runs\band_supplement_300_20260808_001\samples\S000291\femm\angle_0_attempt_1,,,2026-08-08T22:37:53.232+02:00,2026-08-08T22:38:23.593+02:00
S000291,3.0,completed,0.7199788437876904,1,0.0,0.5043031000241172,23.212883400003193,0.036427399987587705,23.869571799994446,25230,49226,3612,[],C:\Users\26096\Desktop\em\python_topopt\runs\band_supplement_300_20260808_001\samples\S000291\femm\angle_3_attempt_1,,,2026-08-08T22:38:23.657+02:00,2026-08-08T22:38:48.332+02:00
S000291,6.0,completed,0.626754825328948,1,0.0,0.4975061999866739,25.684352900017984,0.03536389998043887,26.339109399996232,25230,49226,34844,[],C:\Users\26096\Desktop\em\python_topopt\runs\band_supplement_300_20260808_001\samples\S000291\femm\angle_6_attempt_1,,,2026-08-08T22:38:48.403+02:00,2026-08-08T22:39:15.553+02:00
S000291,9.0,completed,0.7215860466589027,1,0.0,0.5013059999910183,31.915079200000037,0.03564710001228377,32.56551179999951,25230,49226,31508,[],C:\Users\26096\Desktop\em\python_topopt\runs\band_supplement_300_20260808_001\samples\S000291\femm\angle_9_attempt_1,,,2026-08-08T22:39:15.624+02:00,2026-08-08T22:39:49.003+02:00
S000291,12.0,completed,0.7314842339259991,1,0.0,0.5129487999947742,27.705188099993393,0.03786290000425652,28.366685299988603,25230,49226,22552,[],C:\Users\26096\Desktop\em\python_topopt\runs\band_supplement_300_20260808_001\samples\S000291\femm\angle_12_attempt_1,,,2026-08-08T22:39:49.066+02:00,2026-08-08T22:40:18.260+02:00
S000291,15.0,completed,0.7177713266673822,1,0.0,0.49623760001850314,16.04439419999835,0.03676800001994707,16.701070999988588,25230,49226,12996,[],C:\Users\26096\Desktop\em\python_topopt\runs\band_supplement_300_20260808_001\samples\S000291\femm\angle_15_attempt_1,,,2026-08-08T22:40:18.324+02:00,2026-08-08T22:40:35.875+02:00
S000292,0.0,completed,0.7107051801574981,1,6.010340500011807,0.5343708999862429,26.64458399999421,0.04440770001383498,33.376854200003436,26611,51992,25880,[],C:\Users\26096\Desktop\em\python_topopt\runs\band_supplement_300_20260808_001\samples\S000292\femm\angle_0_attempt_1,,,2026-08-08T22:37:53.263+02:00,2026-08-08T22:38:28.473+02:00
S000292,3.0,completed,0.7179945704081552,1,0.0,0.5063834000029601,25.905967699975008,0.03784730000188574,26.58216999997967,26611,51992,24324,[],C:\Users\26096\Desktop\em\python_topopt\runs\band_supplement_300_20260808_001\samples\S000292\femm\angle_3_attempt_1,,,2026-08-08T22:38:28.536+02:00,2026-08-08T22:38:55.917+02:00
S000292,6.0,completed,0.613448121252269,1,0.0,0.5239133999857586,23.847631800017552,0.04174240000429563,24.536784199997783,26611,51992,28176,[],C:\Users\26096\Desktop\em\python_topopt\runs\band_supplement_300_20260808_001\samples\S000292\femm\angle_6_attempt_1,,,2026-08-08T22:38:56.001+02:00,2026-08-08T22:39:21.361+02:00
S000292,9.0,completed,0.7050940824701103,1,0.0,0.5447611999989022,33.746148800011724,0.040406999993138015,34.4570015000063,26611,51992,1400,[],C:\Users\26096\Desktop\em\python_topopt\runs\band_supplement_300_20260808_001\samples\S000292\femm\angle_9_attempt_1,,,2026-08-08T22:39:21.434+02:00,2026-08-08T22:39:56.745+02:00
S000292,12.0,completed,0.7186103933843729,1,0.0,0.5491627999872435,49.17175109998789,0.03889970001182519,49.878097399981925,26611,51992,32604,[],C:\Users\26096\Desktop\em\python_topopt\runs\band_supplement_300_20260808_001\samples\S000292\femm\angle_12_attempt_1,,,2026-08-08T22:39:56.821+02:00,2026-08-08T22:40:47.607+02:00
S000292,15.0,completed,0.7116135573134414,1,0.0,0.5453505000041332,25.5085671999841,0.04307429998880252,26.224061399989296,26611,51992,18928,[],C:\Users\26096\Desktop\em\python_topopt\runs\band_supplement_300_20260808_001\samples\S000292\femm\angle_15_attempt_1,,,2026-08-08T22:40:47.665+02:00,2026-08-08T22:41:14.694+02:00
S000293,0.0,completed,0.7280277394108802,1,7.882646399986697,0.535327799996594,29.924767899996368,0.03533669997705147,38.50000019997242,25183,49126,22732,[],C:\Users\26096\Desktop\em\python_topopt\runs\band_supplement_300_20260808_001\samples\S000293\femm\angle_0_attempt_1,,,2026-08-08T22:41:15.598+02:00,2026-08-08T22:41:56.066+02:00
S000293,3.0,completed,0.7102262910238507,1,0.0,0.5403393000015058,31.604294399992796,0.03663819999201223,32.30633310001576,25183,49126,33772,[],C:\Users\26096\Desktop\em\python_topopt\runs\band_supplement_300_20260808_001\samples\S000293\femm\angle_3_attempt_1,,,2026-08-08T22:41:56.145+02:00,2026-08-08T22:42:29.597+02:00
S000293,6.0,completed,0.7384217596026188,1,0.0,0.5561224000121001,29.090953000006266,0.03578539998852648,29.802993299992522,25183,49126,20324,[],C:\Users\26096\Desktop\em\python_topopt\runs\band_supplement_300_20260808_001\samples\S000293\femm\angle_6_attempt_1,,,2026-08-08T22:42:29.692+02:00,2026-08-08T22:43:00.532+02:00
S000293,9.0,completed,0.6529382331884646,1,0.0,0.5350684000004549,16.26111000002129,0.03552430000854656,16.948363000003155,25183,49126,18868,[],C:\Users\26096\Desktop\em\python_topopt\runs\band_supplement_300_20260808_001\samples\S000293\femm\angle_9_attempt_1,,,2026-08-08T22:43:00.632+02:00,2026-08-08T22:43:18.537+02:00
S000293,12.0,completed,0.6515347190734528,1,0.0,0.5332591999904253,18.24467569999979,0.034067400003550574,18.919295900006546,25183,49126,21524,[],C:\Users\26096\Desktop\em\python_topopt\runs\band_supplement_300_20260808_001\samples\S000293\femm\angle_12_attempt_1,,,2026-08-08T22:43:18.630+02:00,2026-08-08T22:43:38.421+02:00
S000293,15.0,completed,0.7284695005794878,1,0.0,0.5488072000152897,21.422675199981313,0.03426949999993667,22.114978400000837,25183,49126,29832,[],C:\Users\26096\Desktop\em\python_topopt\runs\band_supplement_300_20260808_001\samples\S000293\femm\angle_15_attempt_1,,,2026-08-08T22:43:38.518+02:00,2026-08-08T22:44:01.438+02:00
S000294,0.0,completed,0.8311880146285757,1,4.179900400020415,0.5497876000008546,32.70254450000357,0.03816019999794662,37.59202450001612,25921,50606,3040,[],C:\Users\26096\Desktop\em\python_topopt\runs\band_supplement_300_20260808_001\samples\S000294\femm\angle_0_attempt_1,,,2026-08-08T22:41:15.619+02:00,2026-08-08T22:41:55.859+02:00
S000294,3.0,completed,0.8221388803455939,1,0.0,0.5392483999894466,43.93653859998449,0.03919189999578521,44.64302279998083,25921,50606,38476,[],C:\Users\26096\Desktop\em\python_topopt\runs\band_supplement_300_20260808_001\samples\S000294\femm\angle_3_attempt_1,,,2026-08-08T22:41:55.942+02:00,2026-08-08T22:42:41.539+02:00
S000294,6.0,completed,0.9014947267591611,1,0.0,0.5337590000126511,23.19200940002338,0.03570360000594519,23.879385799984448,25921,50606,37688,[],C:\Users\26096\Desktop\em\python_topopt\runs\band_supplement_300_20260808_001\samples\S000294\femm\angle_6_attempt_1,,,2026-08-08T22:42:41.625+02:00,2026-08-08T22:43:06.416+02:00
S000294,9.0,completed,0.8562705420659447,1,0.0,0.5201282000052743,40.69531260000076,0.03400590000092052,41.36110939999344,25921,50606,35092,[],C:\Users\26096\Desktop\em\python_topopt\runs\band_supplement_300_20260808_001\samples\S000294\femm\angle_9_attempt_1,,,2026-08-08T22:43:06.505+02:00,2026-08-08T22:43:48.793+02:00
S000294,12.0,completed,0.7923791417666961,1,0.0,0.523672000010265,32.57799679998425,0.03615959998569451,33.25277220000862,25921,50606,25124,[],C:\Users\26096\Desktop\em\python_topopt\runs\band_supplement_300_20260808_001\samples\S000294\femm\angle_12_attempt_1,,,2026-08-08T22:43:48.878+02:00,2026-08-08T22:44:22.952+02:00
S000294,15.0,completed,0.8307163963825751,1,0.0,0.49789669999154285,25.36788739997428,0.03501490000053309,26.013543900015065,25921,50606,18016,[],C:\Users\26096\Desktop\em\python_topopt\runs\band_supplement_300_20260808_001\samples\S000294\femm\angle_15_attempt_1,,,2026-08-08T22:44:23.041+02:00,2026-08-08T22:44:49.932+02:00
S000295,0.0,completed,0.6843496113306288,1,7.472521799994865,0.51209679999738,23.670366900012596,0.03704140000627376,31.80383420002181,24180,47130,37948,[],C:\Users\26096\Desktop\em\python_topopt\runs\band_supplement_300_20260808_001\samples\S000295\femm\angle_0_attempt_1,,,2026-08-08T22:41:15.642+02:00,2026-08-08T22:41:49.399+02:00
S000295,3.0,completed,0.6110626548451263,1,0.0,0.5057899999956135,22.92477849998977,0.035738699982175604,23.589171900006477,24180,47130,37800,[],C:\Users\26096\Desktop\em\python_topopt\runs\band_supplement_300_20260808_001\samples\S000295\femm\angle_3_attempt_1,,,2026-08-08T22:41:49.486+02:00,2026-08-08T22:42:14.064+02:00
S000295,6.0,completed,0.8434914084332509,1,0.0,0.5140018999809399,21.72882910000044,0.03747379998094402,22.399914100009482,24180,47130,28480,[],C:\Users\26096\Desktop\em\python_topopt\runs\band_supplement_300_20260808_001\samples\S000295\femm\angle_6_attempt_1,,,2026-08-08T22:42:14.162+02:00,2026-08-08T22:42:37.582+02:00
S000295,9.0,completed,0.8618636427266512,1,0.0,0.47052329999860376,16.62083640001947,0.034397500014165416,17.23622299998533,24180,47130,20640,[],C:\Users\26096\Desktop\em\python_topopt\runs\band_supplement_300_20260808_001\samples\S000295\femm\angle_9_attempt_1,,,2026-08-08T22:42:37.678+02:00,2026-08-08T22:42:55.862+02:00
S000295,12.0,completed,0.7108539264366884,1,0.0,0.504564599978039,16.831366800004616,0.03644260001601651,17.480704999994487,24180,47130,19568,[],C:\Users\26096\Desktop\em\python_topopt\runs\band_supplement_300_20260808_001\samples\S000295\femm\angle_12_attempt_1,,,2026-08-08T22:42:55.946+02:00,2026-08-08T22:43:14.359+02:00
S000295,15.0,completed,0.683938555016183,1,0.0,0.48659719998249784,15.574780399998417,0.03712570000789128,16.21008509999956,24180,47130,33492,[],C:\Users\26096\Desktop\em\python_topopt\runs\band_supplement_300_20260808_001\samples\S000295\femm\angle_15_attempt_1,,,2026-08-08T22:43:14.449+02:00,2026-08-08T22:43:31.550+02:00
S000296,0.0,completed,0.8766679367507474,1,10.470026099996176,0.5882739000080619,40.32806669999263,0.04662799998186529,51.56769309999072,27011,52796,16560,[],C:\Users\26096\Desktop\em\python_topopt\runs\band_supplement_300_20260808_001\samples\S000296\femm\angle_0_attempt_1,,,2026-08-08T22:44:51.301+02:00,2026-08-08T22:45:44.987+02:00
S000296,3.0,completed,0.8264709748816009,1,0.0,0.5941590000002179,29.75217920000432,0.04127440002048388,30.541547300003003,27011,52796,23916,[],C:\Users\26096\Desktop\em\python_topopt\runs\band_supplement_300_20260808_001\samples\S000296\femm\angle_3_attempt_1,,,2026-08-08T22:45:45.080+02:00,2026-08-08T22:46:16.875+02:00
S000296,6.0,completed,0.9242295181406577,1,0.0,0.5633898000232875,46.84909410000546,0.04310470001655631,47.59794330000295,27011,52796,8148,[],C:\Users\26096\Desktop\em\python_topopt\runs\band_supplement_300_20260808_001\samples\S000296\femm\angle_6_attempt_1,,,2026-08-08T22:46:16.978+02:00,2026-08-08T22:47:05.864+02:00
S000296,9.0,completed,0.9325663989676164,1,0.0,0.6266901000053622,37.321250699984375,0.04184370001894422,38.11534399999073,27011,52796,24948,[],C:\Users\26096\Desktop\em\python_topopt\runs\band_supplement_300_20260808_001\samples\S000296\femm\angle_9_attempt_1,,,2026-08-08T22:47:05.966+02:00,2026-08-08T22:47:45.103+02:00
S000296,12.0,completed,0.8876193381934369,1,0.0,0.5315231999848038,25.956656599999405,0.037558000010903925,26.639691399992444,27011,52796,16228,[],C:\Users\26096\Desktop\em\python_topopt\runs\band_supplement_300_20260808_001\samples\S000296\femm\angle_12_attempt_1,,,2026-08-08T22:47:45.201+02:00,2026-08-08T22:48:12.794+02:00
S000296,15.0,completed,0.8752059019425178,1,0.0,0.5480762000079267,25.209729499998502,0.03715869999723509,25.9172350000008,27011,52796,22864,[],C:\Users\26096\Desktop\em\python_topopt\runs\band_supplement_300_20260808_001\samples\S000296\femm\angle_15_attempt_1,,,2026-08-08T22:48:12.878+02:00,2026-08-08T22:48:39.603+02:00
S000297,0.0,completed,0.8758470297352836,1,11.387168599991128,0.5847636999969836,27.857113800011575,0.03952280001249164,40.01241450000089,25143,49054,31192,[],C:\Users\26096\Desktop\em\python_topopt\runs\band_supplement_300_20260808_001\samples\S000297\femm\angle_0_attempt_1,,,2026-08-08T22:44:51.333+02:00,2026-08-08T22:45:34.037+02:00
S000297,3.0,completed,0.8254914841583126,1,0.0,0.5647389000223484,19.757914800022263,0.03754269998171367,20.518600000010338,25143,49054,27072,[],C:\Users\26096\Desktop\em\python_topopt\runs\band_supplement_300_20260808_001\samples\S000297\femm\angle_3_attempt_1,,,2026-08-08T22:45:34.128+02:00,2026-08-08T22:45:56.811+02:00
S000297,6.0,completed,0.9238784428995143,1,0.0,0.5283643000002485,27.13392369999201,0.03887270000996068,27.828861399990274,25143,49054,20668,[],C:\Users\26096\Desktop\em\python_topopt\runs\band_supplement_300_20260808_001\samples\S000297\femm\angle_6_attempt_1,,,2026-08-08T22:45:56.913+02:00,2026-08-08T22:46:26.033+02:00
S000297,9.0,completed,0.9323404948187821,1,0.0,0.5413586999929976,21.639259199990192,0.039002600009553134,22.349613500002306,25143,49054,37736,[],C:\Users\26096\Desktop\em\python_topopt\runs\band_supplement_300_20260808_001\samples\S000297\femm\angle_9_attempt_1,,,2026-08-08T22:46:26.134+02:00,2026-08-08T22:46:49.646+02:00
S000297,12.0,completed,0.8845581844474438,1,0.0,0.5810659000126179,12.865807900001528,0.03813640002044849,13.614280499983579,25143,49054,34244,[],C:\Users\26096\Desktop\em\python_topopt\runs\band_supplement_300_20260808_001\samples\S000297\femm\angle_12_attempt_1,,,2026-08-08T22:46:49.746+02:00,2026-08-08T22:47:04.476+02:00
S000297,15.0,completed,0.8760041704470868,1,0.0,0.5713492999784648,21.31245329999365,0.07346139999572188,22.18197410000721,25143,49054,22980,[],C:\Users\26096\Desktop\em\python_topopt\runs\band_supplement_300_20260808_001\samples\S000297\femm\angle_15_attempt_1,,,2026-08-08T22:47:04.575+02:00,2026-08-08T22:47:28.284+02:00
S000298,0.0,completed,0.8747451288059033,1,11.217625299992505,0.6056933999934699,29.79737089999253,0.06338779997895472,41.84399669998675,26738,52246,16644,[],C:\Users\26096\Desktop\em\python_topopt\runs\band_supplement_300_20260808_001\samples\S000298\femm\angle_0_attempt_1,,,2026-08-08T22:44:51.353+02:00,2026-08-08T22:45:35.384+02:00
S000298,3.0,completed,0.8240850224161806,1,0.0,0.6008728000160772,23.88153670000611,0.05567569998675026,24.66758569999365,26738,52246,14764,[],C:\Users\26096\Desktop\em\python_topopt\runs\band_supplement_300_20260808_001\samples\S000298\femm\angle_3_attempt_1,,,2026-08-08T22:45:35.464+02:00,2026-08-08T22:46:01.248+02:00
S000298,6.0,completed,0.9201185766983585,1,0.0,0.5670304000086617,38.17025140000624,0.05350830001407303,38.92511119999108,26738,52246,38344,[],C:\Users\26096\Desktop\em\python_topopt\runs\band_supplement_300_20260808_001\samples\S000298\femm\angle_6_attempt_1,,,2026-08-08T22:46:01.343+02:00,2026-08-08T22:46:41.532+02:00
S000298,9.0,completed,0.9244141293556215,1,0.0,0.589068800007226,20.209645800001454,0.05598639999516308,20.97909839998465,26738,52246,16024,[],C:\Users\26096\Desktop\em\python_topopt\runs\band_supplement_300_20260808_001\samples\S000298\femm\angle_9_attempt_1,,,2026-08-08T22:46:41.633+02:00,2026-08-08T22:47:04.203+02:00
S000298,12.0,completed,0.8825391768504667,1,0.0,0.5692973999830429,27.123483200004557,0.03942250000545755,27.85753599999589,26738,52246,16828,[],C:\Users\26096\Desktop\em\python_topopt\runs\band_supplement_300_20260808_001\samples\S000298\femm\angle_12_attempt_1,,,2026-08-08T22:47:04.299+02:00,2026-08-08T22:47:33.338+02:00
S000298,15.0,completed,0.8734716002869604,1,0.0,0.5434989000204951,28.283215699979337,0.03801779999048449,28.98603390000062,26738,52246,6312,[],C:\Users\26096\Desktop\em\python_topopt\runs\band_supplement_300_20260808_001\samples\S000298\femm\angle_15_attempt_1,,,2026-08-08T22:47:33.429+02:00,2026-08-08T22:48:03.275+02:00
S000299,0.0,completed,0.8750607581226314,1,11.725251500000013,0.6068204999901354,18.90092819998972,0.04058840000652708,31.448657699977048,25342,49450,28360,[],C:\Users\26096\Desktop\em\python_topopt\runs\band_supplement_300_20260808_001\samples\S000299\femm\angle_0_attempt_1,,,2026-08-08T22:44:51.392+02:00,2026-08-08T22:45:31.062+02:00
S000299,3.0,completed,0.8260074135905959,1,0.0,0.5691853000025731,21.802640600013547,0.05931879999116063,22.572663800005103,25342,49450,33216,[],C:\Users\26096\Desktop\em\python_topopt\runs\band_supplement_300_20260808_001\samples\S000299\femm\angle_3_attempt_1,,,2026-08-08T22:45:31.154+02:00,2026-08-08T22:45:57.286+02:00
S000299,6.0,completed,0.9236593059600228,1,0.0,0.5410286999831442,19.401989200006938,0.03863890000502579,20.106669300002977,25342,49450,32188,[],C:\Users\26096\Desktop\em\python_topopt\runs\band_supplement_300_20260808_001\samples\S000299\femm\angle_6_attempt_1,,,2026-08-08T22:45:57.388+02:00,2026-08-08T22:46:18.848+02:00
S000299,9.0,completed,0.9315181910735634,1,0.0,0.5616769999905955,20.08820410000044,0.1608311999880243,21.036730899999384,25342,49450,31772,[],C:\Users\26096\Desktop\em\python_topopt\runs\band_supplement_300_20260808_001\samples\S000299\femm\angle_9_attempt_1,,,2026-08-08T22:46:18.939+02:00,2026-08-08T22:46:41.239+02:00
S000299,12.0,completed,0.8869627542939416,1,0.0,0.5388054000213742,18.93226900001173,0.04140300001017749,19.65306480001891,25342,49450,31180,[],C:\Users\26096\Desktop\em\python_topopt\runs\band_supplement_300_20260808_001\samples\S000299\femm\angle_12_attempt_1,,,2026-08-08T22:46:41.339+02:00,2026-08-08T22:47:03.918+02:00
S000299,15.0,completed,0.8761461250381731,1,0.0,0.550668499985477,22.55986550002126,0.07469619999756105,23.311595100007253,25342,49450,38044,[],C:\Users\26096\Desktop\em\python_topopt\runs\band_supplement_300_20260808_001\samples\S000299\femm\angle_15_attempt_1,,,2026-08-08T22:47:04.032+02:00,2026-08-08T22:47:28.556+02:00
S000300,0.0,completed,0.8477000656463897,1,7.818834300007438,0.5765035999938846,32.70793770000455,0.04851769999368116,41.29644839998218,27399,53558,36768,[],C:\Users\26096\Desktop\em\python_topopt\runs\band_supplement_300_20260808_001\samples\S000300\femm\angle_0_attempt_1,,,2026-08-08T22:44:51.420+02:00,2026-08-08T22:45:36.749+02:00
S000300,3.0,completed,0.8298296552346798,1,0.0,0.5971521999745164,33.34442919999128,0.043899400014197454,34.12447439998505,27399,53558,33104,[],C:\Users\26096\Desktop\em\python_topopt\runs\band_supplement_300_20260808_001\samples\S000300\femm\angle_3_attempt_1,,,2026-08-08T22:45:36.838+02:00,2026-08-08T22:46:16.420+02:00
S000300,6.0,completed,0.9319178304142912,1,0.0,0.611914400011301,26.84348339997814,0.045346600003540516,27.6340178999817,27399,53558,23408,[],C:\Users\26096\Desktop\em\python_topopt\runs\band_supplement_300_20260808_001\samples\S000300\femm\angle_6_attempt_1,,,2026-08-08T22:46:16.512+02:00,2026-08-08T22:46:45.349+02:00
S000300,9.0,completed,0.9090350576770624,1,0.0,0.6141538000083528,19.484882499993546,0.054295599984470755,20.327392300008796,27399,53558,31896,[],C:\Users\26096\Desktop\em\python_topopt\runs\band_supplement_300_20260808_001\samples\S000300\femm\angle_9_attempt_1,,,2026-08-08T22:46:45.450+02:00,2026-08-08T22:47:06.875+02:00
S000300,12.0,completed,0.826133970205021,1,0.0,0.6300193000060972,23.279957699996885,0.04045410000253469,24.086506599996937,27399,53558,25024,[],C:\Users\26096\Desktop\em\python_topopt\runs\band_supplement_300_20260808_001\samples\S000300\femm\angle_12_attempt_1,,,2026-08-08T22:47:06.972+02:00,2026-08-08T22:47:32.185+02:00
S000300,15.0,completed,0.8466335719018988,1,0.0,0.5364149000088219,24.036493999999948,0.04054280000855215,24.739913800003706,27399,53558,30336,[],C:\Users\26096\Desktop\em\python_topopt\runs\band_supplement_300_20260808_001\samples\S000300\femm\angle_15_attempt_1,,,2026-08-08T22:47:32.280+02:00,2026-08-08T22:47:57.937+02:00
S000301,0.0,completed,0.8314548206368646,1,2.7171912000048906,0.5173560999974143,37.44073110001045,0.03942250000545755,40.83203180000419,27627,54014,9960,[],C:\Users\26096\Desktop\em\python_topopt\runs\band_supplement_300_20260808_001\samples\S000301\femm\angle_0_attempt_1,,,2026-08-08T22:48:40.177+02:00,2026-08-08T22:49:22.573+02:00
S000301,3.0,completed,0.8162704233119592,1,0.0,0.5493373000063002,23.897223100007977,0.04233200001181103,24.61115039998549,27627,54014,13140,[],C:\Users\26096\Desktop\em\python_topopt\runs\band_supplement_300_20260808_001\samples\S000301\femm\angle_3_attempt_1,,,2026-08-08T22:49:22.656+02:00,2026-08-08T22:49:48.084+02:00
S000301,6.0,completed,0.9084930766303101,1,0.0,0.5399816999852192,20.933915000001434,0.03981759998714551,21.63304000001517,27627,54014,29644,[],C:\Users\26096\Desktop\em\python_topopt\runs\band_supplement_300_20260808_001\samples\S000301\femm\angle_6_attempt_1,,,2026-08-08T22:49:48.206+02:00,2026-08-08T22:50:10.651+02:00
S000301,9.0,completed,0.8749191787876884,1,0.0,0.5419900999986567,19.052374399994733,0.039447200018912554,19.756634299992584,27627,54014,24416,[],C:\Users\26096\Desktop\em\python_topopt\runs\band_supplement_300_20260808_001\samples\S000301\femm\angle_9_attempt_1,,,2026-08-08T22:50:10.734+02:00,2026-08-08T22:50:31.281+02:00
S000301,12.0,completed,0.800469315803636,1,0.0,0.5115148000186309,23.88820659997873,0.04382029999396764,24.56594590001623,27627,54014,1664,[],C:\Users\26096\Desktop\em\python_topopt\runs\band_supplement_300_20260808_001\samples\S000301\femm\angle_12_attempt_1,,,2026-08-08T22:50:31.357+02:00,2026-08-08T22:50:56.752+02:00
S000301,15.0,completed,0.830375526721306,1,0.0,0.5377799000125378,36.771987399988575,0.038233700004639104,37.47455819998868,27627,54014,26720,[],C:\Users\26096\Desktop\em\python_topopt\runs\band_supplement_300_20260808_001\samples\S000301\femm\angle_15_attempt_1,,,2026-08-08T22:50:56.829+02:00,2026-08-08T22:51:35.127+02:00
