sample_pk,sample_id,run_id,first_candidate_id,sample_kind,physical_key_hash,chromosome_json,material_matrix_json,chromosome_hash,config_hash,geometry_mode,angles_json,status,completed_angle_count,t_avg,t_min,t_max,t_ripple,t_avg_ref,torque_ratio,historical_j,fitness_band,selection_fitness,build_time,mesh_time,solve_time,postprocess_time,total_time,mesh_nodes,mesh_elements,geometry_points,geometry_segments,material_labels,femm_version,solver_status,attempt_count,error_type,error_message,created_at,started_at,completed_at
1,S000001,band_supplement_300_20260808_001,,reference,fc56f88dd6fc5b0e6a83b5e2847e0e1f7cabebcc81f87f35f967606da9dd992e,,,,15da216552b4cfea918047a7df61cbefcef1478be37754a079fdc1a1303a6d55,strukturFemm_unsegmented,"[0.0,3.0,6.0,9.0,12.0,15.0]",classified,6,0.8707406437252049,0.8239739430460672,0.9264456473553854,0.11768338258671775,,,,,,0.0,1.3699305999907665,17.31193730002269,0.11930500000016764,19.143840799981263,10718,20614,161,171,18,4.2,completed,6,,,2026-08-08T16:15:52.397+02:00,2026-08-08T16:15:52.407+02:00,2026-08-08T16:16:17.156+02:00
2,S000002,band_supplement_300_20260808_001,C000001,candidate,1908b71eb0fe0af518d665e301e830fe36a74c141d67c80c46798211d449cbb9,"[0,1,1,1,1,1,1,1,1,1,0,1,1,1,1,1,0,0,1,1,0,0,0,0,0,0,0,0,0,1,0,2,2,2,0,0,0,1,1,1,0,1,1,2,0,0,0,0,1,1,0,1,0,1,0,0,0,1,1,1,0,1,1,1,1,0,0,1,1,1,0,0,1,1,1,1,1,1,1,1,0,0,0,0,2,1,1,1,1,1,0,0,0,2,2,1,1,1,1,1,0,0,0,0,2,1,1,1,1,1,0,0,0,0,0,1,1,1,1,1,0,0,0,0,0,1,1,1,1,1,0,0,0,0,0,1,1,1,1,1,0,0,1,1,1,1,1,1,1,1,1,1,1,1,1,1,1,1,1,1,1,1,1,1,1,1,1,1,1,1,1,1,1,1,1,1,1,1,1,1]","[[0,1,1,1,1,1,1,1,1,1],[0,1,1,1,1,1,0,0,1,1],[0,0,0,0,0,0,0,0,0,1],[0,2,2,2,0,0,0,1,1,1],[0,1,1,2,0,0,0,0,1,1],[0,1,0,1,0,0,0,1,1,1],[0,1,1,1,1,0,0,1,1,1],[0,0,1,1,1,1,1,1,1,1],[0,0,0,0,2,1,1,1,1,1],[0,0,0,2,2,1,1,1,1,1],[0,0,0,0,2,1,1,1,1,1],[0,0,0,0,0,1,1,1,1,1],[0,0,0,0,0,1,1,1,1,1],[0,0,0,0,0,1,1,1,1,1],[0,0,1,1,1,1,1,1,1,1],[1,1,1,1,1,1,1,1,1,1],[1,1,1,1,1,1,1,1,1,1],[1,1,1,1,1,1,1,1,1,1]]",03e8feb85ae05b45e1531004c2a1b7b412a610906b2d109c6d968950d26c3470,15da216552b4cfea918047a7df61cbefcef1478be37754a079fdc1a1303a6d55,merged_copper_v5,"[0.0,3.0,6.0,9.0,12.0,15.0]",classified,6,0.5008316544192007,0.3640692635514394,0.6477833867598535,0.5664860052374858,0.8707406437252049,0.5751789100788284,4.306090340293977,B2,0.5751789100788284,3.6327361000003293,2.8580168000189587,127.00216490001185,0.2246784000308253,134.40117309999187,22715,44198,878,918,54,4.2,completed,6,,,2026-08-08T16:16:17.316+02:00,2026-08-08T16:16:17.782+02:00,2026-08-08T16:18:39.063+02:00
3,S000003,band_supplement_300_20260808_001,C000002,candidate,686e02ef78b2c1f4eae01764c7008e0827e339dbb1a347f81042b08cdc78da2f,"[1,1,2,2,2,1,1,1,1,1,1,1,2,0,2,2,1,1,1,1,1,2,2,2,2,1,1,1,1,1,1,2,2,2,0,1,1,1,1,1,1,2,2,2,1,1,1,1,1,1,1,1,2,1,1,1,1,1,1,1,1,1,1,1,1,1,1,1,1,1,1,1,2,2,1,1,1,1,1,1,1,2,2,2,2,1,1,1,1,1,2,2,2,2,2,1,1,1,1,1,2,2,2,2,2,1,1,1,1,1,2,2,2,2,2,1,1,1,1,1,2,2,2,2,2,1,1,1,1,1,0,2,2,0,0,1,1,1,1,1,0,0,0,1,1,1,1,1,1,1,1,1,1,1,1,1,1,1,1,1,1,1,1,1,1,1,1,1,1,1,1,1,1,1,1,1,1,1,1,1]","[[1,1,2,2,2,1,1,1,1,1],[1,1,2,0,2,2,1,1,1,1],[1,2,2,2,2,1,1,1,1,1],[1,2,2,2,0,1,1,1,1,1],[1,2,2,2,1,1,1,1,1,1],[1,1,2,1,1,1,1,1,1,1],[1,1,1,1,1,1,1,1,1,1],[1,1,2,2,1,1,1,1,1,1],[1,2,2,2,2,1,1,1,1,1],[2,2,2,2,2,1,1,1,1,1],[2,2,2,2,2,1,1,1,1,1],[2,2,2,2,2,1,1,1,1,1],[2,2,2,2,2,1,1,1,1,1],[0,2,2,0,0,1,1,1,1,1],[0,0,0,1,1,1,1,1,1,1],[1,1,1,1,1,1,1,1,1,1],[1,1,1,1,1,1,1,1,1,1],[1,1,1,1,1,1,1,1,1,1]]",9e55f418163f4d76d9dc8611be7afe93dc9de55cb939e43b8fe38ac455fc6c3f,15da216552b4cfea918047a7df61cbefcef1478be37754a079fdc1a1303a6d55,merged_copper_v5,"[0.0,3.0,6.0,9.0,12.0,15.0]",classified,6,0.6954173764529076,0.5596503597283486,0.7614082053093479,0.2901248263454371,0.8707406437252049,0.7986504149820906,1.5974076359805933,B4,0.7986504149820906,7.531227400002535,3.6118073999823537,232.38894829998026,0.2362495999550447,244.58114049996948,28444,55652,1112,1158,72,4.2,completed,6,,,2026-08-08T16:16:17.447+02:00,2026-08-08T16:16:17.801+02:00,2026-08-08T16:20:29.989+02:00
4,S000004,band_supplement_300_20260808_001,C000003,candidate,6f8eda3b22723113dd1f1697d1ca5aa14d8fbffcf70be2c2a3898a08886135d5,"[2,2,2,0,0,0,0,0,0,0,2,2,2,2,0,0,0,0,0,0,2,2,2,2,2,2,0,0,0,0,2,2,2,2,0,2,2,0,0,0,2,2,2,2,0,0,0,0,0,0,2,2,2,2,2,2,2,0,0,0,2,2,2,2,2,2,2,0,0,0,2,1,2,0,0,1,1,0,0,0,1,1,0,0,1,1,1,0,0,0,1,1,1,1,1,1,1,1,0,0,1,1,1,1,1,1,1,1,0,0,1,1,1,1,1,1,1,1,1,1,1,1,0,1,1,1,1,1,1,1,1,1,1,1,1,1,1,1,1,1,1,1,1,1,1,1,1,1,1,1,1,1,1,1,1,1,1,1,1,1,1,1,1,1,1,1,1,1,1,1,1,1,1,1,1,1,1,1,1,1]","[[2,2,2,0,0,0,0,0,0,0],[2,2,2,2,0,0,0,0,0,0],[2,2,2,2,2,2,0,0,0,0],[2,2,2,2,0,2,2,0,0,0],[2,2,2,2,0,0,0,0,0,0],[2,2,2,2,2,2,2,0,0,0],[2,2,2,2,2,2,2,0,0,0],[2,1,2,0,0,1,1,0,0,0],[1,1,0,0,1,1,1,0,0,0],[1,1,1,1,1,1,1,1,0,0],[1,1,1,1,1,1,1,1,0,0],[1,1,1,1,1,1,1,1,1,1],[1,1,0,1,1,1,1,1,1,1],[1,1,1,1,1,1,1,1,1,1],[1,1,1,1,1,1,1,1,1,1],[1,1,1,1,1,1,1,1,1,1],[1,1,1,1,1,1,1,1,1,1],[1,1,1,1,1,1,1,1,1,1]]",fcb475fdb7ac01dd4a7a8ed41ca745cb9baf8e688744717895d4ebd1e12b4c8a,15da216552b4cfea918047a7df61cbefcef1478be37754a079fdc1a1303a6d55,merged_copper_v5,"[0.0,3.0,6.0,9.0,12.0,15.0]",classified,6,0.1296295712427121,0.126936711393606,0.1325003402313114,0.042919441793789107,0.8707406437252049,0.14887276960924958,8.422549816556387,B1,0.14887276960924958,6.581091400003061,3.1139187999651767,53.90942789998371,0.22950630000559613,64.55171050006174,23883,46536,956,990,48,4.2,completed,6,,,2026-08-08T16:16:17.595+02:00,2026-08-08T16:16:17.824+02:00,2026-08-08T16:17:30.279+02:00
5,S000005,band_supplement_300_20260808_001,C000004,candidate,8f018c8d010c15bdfbad1c69980fc1e1c35e7e3878e99ffacd1d5d46b8831afd,"[2,1,1,1,1,1,1,1,1,1,2,1,1,1,1,1,1,1,1,1,2,2,2,0,0,1,1,1,1,1,2,0,2,2,0,1,1,1,1,1,2,0,0,0,0,0,0,0,1,1,2,2,0,0,0,0,0,0,1,1,1,1,1,1,0,0,1,1,1,1,1,1,1,1,1,1,1,1,1,1,1,1,1,1,1,1,1,1,1,1,1,1,1,1,1,1,1,1,1,1,1,1,1,1,1,1,1,1,1,1,1,1,1,1,1,1,1,1,1,1,1,1,0,0,0,0,1,0,1,1,1,1,1,0,0,0,0,0,1,1,0,0,0,0,0,0,0,0,0,1,0,0,0,0,0,0,0,0,0,1,0,0,0,0,0,0,0,0,1,1,0,0,0,0,0,0,0,0,1,1]","[[2,1,1,1,1,1,1,1,1,1],[2,1,1,1,1,1,1,1,1,1],[2,2,2,0,0,1,1,1,1,1],[2,0,2,2,0,1,1,1,1,1],[2,0,0,0,0,0,0,0,1,1],[2,2,0,0,0,0,0,0,1,1],[1,1,1,1,0,0,1,1,1,1],[1,1,1,1,1,1,1,1,1,1],[1,1,1,1,1,1,1,1,1,1],[1,1,1,1,1,1,1,1,1,1],[1,1,1,1,1,1,1,1,1,1],[1,1,1,1,1,1,1,1,1,1],[1,1,0,0,0,0,1,0,1,1],[1,1,1,0,0,0,0,0,1,1],[0,0,0,0,0,0,0,0,0,1],[0,0,0,0,0,0,0,0,0,1],[0,0,0,0,0,0,0,0,1,1],[0,0,0,0,0,0,0,0,1,1]]",d3d2cd58e062afb64f839bc9670f63c303d4294b1dea48c77da668886f234107,15da216552b4cfea918047a7df61cbefcef1478be37754a079fdc1a1303a6d55,merged_copper_v5,"[0.0,3.0,6.0,9.0,12.0,15.0]",classified,6,0.7137790294685488,0.6650907225131814,0.7452608578279563,0.11231786309898509,0.8707406437252049,0.8197378112670353,1.1900800100386264,B5,0.8197378112670353,4.201397500000894,2.7813622999819927,160.90850359998876,0.19417560001602396,168.71813390002353,22326,43420,872,906,42,4.2,completed,6,,,2026-08-08T16:16:17.719+02:00,2026-08-08T16:16:17.847+02:00,2026-08-08T16:19:13.201+02:00
6,S000006,band_supplement_300_20260808_001,C000005,candidate,a29868be40052ae8c0ece82437917c5efcb197b069f4e86577d5eaf4c5f501c9,"[2,1,1,1,1,1,1,1,1,1,2,1,1,1,1,1,1,1,1,1,2,2,2,2,2,1,1,1,0,0,2,2,2,2,2,1,1,1,1,1,2,2,2,2,2,1,1,1,1,1,2,2,2,2,2,2,1,1,1,1,2,2,2,2,2,2,1,1,0,1,2,2,2,2,2,2,1,1,0,0,2,2,2,2,2,2,1,1,1,1,2,2,2,2,2,2,1,1,1,1,2,2,2,2,2,2,1,1,1,1,2,2,2,2,2,2,1,1,1,1,2,2,2,2,2,2,1,0,1,1,2,2,2,2,2,2,2,2,1,1,2,2,2,2,2,2,2,2,2,1,2,2,2,2,2,2,2,2,2,1,2,2,2,2,2,2,2,2,1,1,2,2,2,2,2,2,2,2,1,1]","[[2,1,1,1,1,1,1,1,1,1],[2,1,1,1,1,1,1,1,1,1],[2,2,2,2,2,1,1,1,0,0],[2,2,2,2,2,1,1,1,1,1],[2,2,2,2,2,1,1,1,1,1],[2,2,2,2,2,2,1,1,1,1],[2,2,2,2,2,2,1,1,0,1],[2,2,2,2,2,2,1,1,0,0],[2,2,2,2,2,2,1,1,1,1],[2,2,2,2,2,2,1,1,1,1],[2,2,2,2,2,2,1,1,1,1],[2,2,2,2,2,2,1,1,1,1],[2,2,2,2,2,2,1,0,1,1],[2,2,2,2,2,2,2,2,1,1],[2,2,2,2,2,2,2,2,2,1],[2,2,2,2,2,2,2,2,2,1],[2,2,2,2,2,2,2,2,1,1],[2,2,2,2,2,2,2,2,1,1]]",def714b1bba1a9ce275b739f362a296b270ba2c1f23e97630120cb655dac847c,15da216552b4cfea918047a7df61cbefcef1478be37754a079fdc1a1303a6d55,merged_copper_v5,"[0.0,3.0,6.0,9.0,12.0,15.0]",classified,6,0.5221666431909604,0.4474597301679357,0.591370061976114,0.2756023075866015,0.8707406437252049,0.599681026668315,3.748519282996097,B2,0.599681026668315,8.798554499982856,3.0372858999762684,177.46076630000607,0.2233898999984376,190.21638269996038,25163,49098,962,1002,48,4.2,completed,6,,,2026-08-08T16:20:30.305+02:00,2026-08-08T16:20:30.569+02:00,2026-08-08T16:23:46.566+02:00
7,S000007,band_supplement_300_20260808_001,C000006,candidate,70f830366fa8f396c52c3319325a28238838985e8c0b534a958ace6aec7abd5d,"[2,1,1,1,1,1,1,1,1,0,2,1,1,1,1,1,1,1,1,0,2,2,2,2,2,1,1,1,1,0,0,0,2,2,2,1,1,1,1,1,0,0,0,0,2,1,1,1,1,1,0,0,0,0,2,0,1,1,1,1,0,0,0,0,0,0,1,1,1,1,0,0,0,0,0,0,1,1,1,1,0,0,0,0,0,0,0,0,1,1,0,0,0,0,0,0,0,0,1,1,0,0,0,0,0,0,0,0,1,1,0,0,0,0,0,0,1,1,1,1,0,0,0,0,0,0,1,0,1,1,0,0,0,0,0,0,0,0,1,1,0,0,0,0,0,0,0,0,0,1,0,0,0,0,0,0,0,0,0,1,0,0,0,0,0,0,0,0,1,1,0,0,0,0,0,0,0,0,1,1]","[[2,1,1,1,1,1,1,1,1,0],[2,1,1,1,1,1,1,1,1,0],[2,2,2,2,2,1,1,1,1,0],[0,0,2,2,2,1,1,1,1,1],[0,0,0,0,2,1,1,1,1,1],[0,0,0,0,2,0,1,1,1,1],[0,0,0,0,0,0,1,1,1,1],[0,0,0,0,0,0,1,1,1,1],[0,0,0,0,0,0,0,0,1,1],[0,0,0,0,0,0,0,0,1,1],[0,0,0,0,0,0,0,0,1,1],[0,0,0,0,0,0,1,1,1,1],[0,0,0,0,0,0,1,0,1,1],[0,0,0,0,0,0,0,0,1,1],[0,0,0,0,0,0,0,0,0,1],[0,0,0,0,0,0,0,0,0,1],[0,0,0,0,0,0,0,0,1,1],[0,0,0,0,0,0,0,0,1,1]]",6c878caef5cf3d69c0f0c3410d4c352e08364f6fe2025961a7588a83da4b8a68,15da216552b4cfea918047a7df61cbefcef1478be37754a079fdc1a1303a6d55,merged_copper_v5,"[0.0,3.0,6.0,9.0,12.0,15.0]",classified,6,0.5620549281982268,0.5066651441649713,0.6018630066159206,0.16937466015309932,0.8707406437252049,0.6454906317381051,3.143688072971766,B3,0.6454906317381051,2.6367282000137493,2.63081620002049,73.7007089999679,0.19524419997469522,79.74711909997859,21002,40766,776,810,42,4.2,completed,6,,,2026-08-08T16:20:30.405+02:00,2026-08-08T16:20:30.590+02:00,2026-08-08T16:21:56.874+02:00
8,S000008,band_supplement_300_20260808_001,C000007,candidate,2672f64e053a6940e18bba411e110fce9deeec5f0e6660026513386cf212fce3,"[0,0,0,0,0,0,0,0,0,0,0,0,0,0,0,0,0,0,0,0,0,0,0,0,0,0,0,0,0,0,0,2,2,2,0,0,0,1,1,1,0,2,2,2,0,0,0,1,1,1,0,2,2,2,0,0,0,0,1,1,2,2,2,2,2,0,1,1,1,1,2,2,2,2,2,0,1,1,1,1,2,2,2,2,2,0,1,1,1,1,2,2,2,2,2,0,1,1,1,1,2,2,2,2,2,0,1,1,1,1,2,2,2,2,2,0,1,1,1,1,2,2,2,2,2,0,1,1,1,1,2,2,2,0,0,1,1,1,1,1,0,0,1,1,1,1,1,1,1,1,1,1,1,1,1,1,1,1,1,1,1,1,1,1,1,1,1,1,1,1,1,1,1,1,1,1,1,1,1,1]","[[0,0,0,0,0,0,0,0,0,0],[0,0,0,0,0,0,0,0,0,0],[0,0,0,0,0,0,0,0,0,0],[0,2,2,2,0,0,0,1,1,1],[0,2,2,2,0,0,0,1,1,1],[0,2,2,2,0,0,0,0,1,1],[2,2,2,2,2,0,1,1,1,1],[2,2,2,2,2,0,1,1,1,1],[2,2,2,2,2,0,1,1,1,1],[2,2,2,2,2,0,1,1,1,1],[2,2,2,2,2,0,1,1,1,1],[2,2,2,2,2,0,1,1,1,1],[2,2,2,2,2,0,1,1,1,1],[2,2,2,0,0,1,1,1,1,1],[0,0,1,1,1,1,1,1,1,1],[1,1,1,1,1,1,1,1,1,1],[1,1,1,1,1,1,1,1,1,1],[1,1,1,1,1,1,1,1,1,1]]",c8e7a6e3e39f92849fde0531e52cc773ae8ed4d3edc1d68d677623f5cf637ac6,15da216552b4cfea918047a7df61cbefcef1478be37754a079fdc1a1303a6d55,merged_copper_v5,"[0.0,3.0,6.0,9.0,12.0,15.0]",classified,6,0.23977080748360638,0.2372245827465346,0.240863763578226,0.015177747741205819,0.8707406437252049,0.2753642077138128,7.018042669492626,B1,0.2753642077138128,4.939588800014462,2.7476296999375336,35.00602450000588,0.2008769999956712,43.51029430003837,22023,42806,836,876,48,4.2,completed,6,,,2026-08-08T16:20:30.521+02:00,2026-08-08T16:20:30.647+02:00,2026-08-08T16:21:20.344+02:00
9,S000009,band_supplement_300_20260808_001,C000008,candidate,4a2c00f6056d7c6ccc5cf18fb02847b16b942a6c984366918d6838faf40515f9,"[2,2,2,2,2,2,2,0,2,1,2,2,2,2,2,2,2,2,2,1,2,2,2,0,0,1,1,1,1,1,2,0,2,2,0,1,1,1,1,1,2,0,0,0,0,1,1,1,1,1,2,2,0,0,0,0,1,1,1,1,0,0,0,0,0,1,1,1,1,1,0,1,0,0,0,0,1,1,1,1,1,1,1,1,0,1,1,1,1,1,1,1,1,1,1,1,1,1,1,1,1,1,1,1,1,1,1,1,1,1,1,1,1,1,1,1,1,1,1,1,0,1,1,1,1,1,1,0,1,1,0,0,1,1,1,1,0,0,1,1,0,0,1,1,1,1,0,0,0,1,0,0,1,1,0,0,0,0,0,1,0,0,0,0,0,0,0,0,1,1,0,0,0,0,0,0,0,0,1,1]","[[2,2,2,2,2,2,2,0,2,1],[2,2,2,2,2,2,2,2,2,1],[2,2,2,0,0,1,1,1,1,1],[2,0,2,2,0,1,1,1,1,1],[2,0,0,0,0,1,1,1,1,1],[2,2,0,0,0,0,1,1,1,1],[0,0,0,0,0,1,1,1,1,1],[0,1,0,0,0,0,1,1,1,1],[1,1,1,1,0,1,1,1,1,1],[1,1,1,1,1,1,1,1,1,1],[1,1,1,1,1,1,1,1,1,1],[1,1,1,1,1,1,1,1,1,1],[0,1,1,1,1,1,1,0,1,1],[0,0,1,1,1,1,0,0,1,1],[0,0,1,1,1,1,0,0,0,1],[0,0,1,1,0,0,0,0,0,1],[0,0,0,0,0,0,0,0,1,1],[0,0,0,0,0,0,0,0,1,1]]",18061329d473d05e1cc2975f2ab8718de78bea1d03e8fb5438934192cbea60e9,15da216552b4cfea918047a7df61cbefcef1478be37754a079fdc1a1303a6d55,merged_copper_v5,"[0.0,3.0,6.0,9.0,12.0,15.0]",classified,6,0.445865959891299,0.301546860236911,0.6261749600208584,0.7280845119082221,0.8707406437252049,0.5120536902742866,5.154760028563485,B2,0.5120536902742866,6.487570199999027,3.3389070999983232,114.56229029994574,0.25868689999333583,125.44855220004683,26589,51944,1040,1080,48,4.2,completed,6,,,2026-08-08T16:23:46.904+02:00,2026-08-08T16:23:47.336+02:00,2026-08-08T16:25:59.964+02:00
10,S000010,band_supplement_300_20260808_001,C000009,candidate,145d340794f1c0cbe07e9da9e30302ce332bd9bfd3b413582c154cc2d8bd24db,"[1,0,0,0,1,1,1,1,1,1,1,1,1,1,1,0,1,1,1,1,1,1,1,1,1,1,1,1,1,1,1,2,2,2,1,1,1,1,1,1,0,2,2,2,1,1,1,1,1,1,0,2,2,2,0,0,1,1,1,1,2,2,2,2,2,0,1,1,1,1,2,2,2,2,2,0,1,1,1,1,2,2,2,2,2,0,1,1,1,1,2,2,2,2,2,0,1,1,1,1,2,2,2,2,2,0,1,1,1,1,2,2,2,2,2,0,1,1,1,1,2,2,2,2,2,1,1,1,1,1,2,2,2,0,0,1,0,1,1,1,0,0,0,0,0,0,1,1,1,1,0,0,0,0,0,0,0,1,1,1,0,0,0,0,0,0,1,1,1,1,0,0,0,0,1,0,0,1,1,1]","[[1,0,0,0,1,1,1,1,1,1],[1,1,1,1,1,0,1,1,1,1],[1,1,1,1,1,1,1,1,1,1],[1,2,2,2,1,1,1,1,1,1],[0,2,2,2,1,1,1,1,1,1],[0,2,2,2,0,0,1,1,1,1],[2,2,2,2,2,0,1,1,1,1],[2,2,2,2,2,0,1,1,1,1],[2,2,2,2,2,0,1,1,1,1],[2,2,2,2,2,0,1,1,1,1],[2,2,2,2,2,0,1,1,1,1],[2,2,2,2,2,0,1,1,1,1],[2,2,2,2,2,1,1,1,1,1],[2,2,2,0,0,1,0,1,1,1],[0,0,0,0,0,0,1,1,1,1],[0,0,0,0,0,0,0,1,1,1],[0,0,0,0,0,0,1,1,1,1],[0,0,0,0,1,0,0,1,1,1]]",cfe5c77c15ca9a23a843504fc515b4659da222d68217776e33fd917a5df7358b,15da216552b4cfea918047a7df61cbefcef1478be37754a079fdc1a1303a6d55,merged_copper_v5,"[0.0,3.0,6.0,9.0,12.0,15.0]",classified,6,0.376675313042333,0.283778780612698,0.4956650739517974,0.562517069748307,0.8707406437252049,0.43259185815748724,5.854075672015645,B1,0.43259185815748724,8.394660499994643,3.255390999984229,198.25615649999236,0.22886519998428412,210.86379390003276,25071,48906,896,954,72,4.2,completed,6,,,2026-08-08T16:23:46.988+02:00,2026-08-08T16:23:47.367+02:00,2026-08-08T16:27:26.366+02:00
11,S000011,band_supplement_300_20260808_001,C000010,candidate,5c786ecab8ca36ccf59fbe15c8dc1beefd46ce74a2cf6abf13a2140ae7e98e42,"[2,1,1,1,1,1,1,1,1,1,2,1,1,1,1,1,1,1,1,1,2,2,2,0,0,1,1,1,1,1,2,0,2,2,0,1,1,1,1,1,2,0,0,0,0,1,1,1,1,1,2,2,0,0,1,0,1,1,1,1,0,0,1,0,1,1,1,1,1,1,1,1,1,1,1,1,1,1,1,1,1,1,1,1,1,1,1,1,1,1,0,1,1,1,1,1,1,1,1,1,1,1,1,1,1,1,1,1,1,1,1,1,1,1,1,1,1,1,1,1,2,1,1,0,0,0,1,0,1,1,2,2,2,0,0,0,0,0,1,1,0,0,0,0,0,0,0,0,0,1,0,0,0,0,0,0,0,0,0,1,0,0,0,0,0,0,0,0,1,1,0,0,0,0,0,0,0,0,1,1]","[[2,1,1,1,1,1,1,1,1,1],[2,1,1,1,1,1,1,1,1,1],[2,2,2,0,0,1,1,1,1,1],[2,0,2,2,0,1,1,1,1,1],[2,0,0,0,0,1,1,1,1,1],[2,2,0,0,1,0,1,1,1,1],[0,0,1,0,1,1,1,1,1,1],[1,1,1,1,1,1,1,1,1,1],[1,1,1,1,1,1,1,1,1,1],[0,1,1,1,1,1,1,1,1,1],[1,1,1,1,1,1,1,1,1,1],[1,1,1,1,1,1,1,1,1,1],[2,1,1,0,0,0,1,0,1,1],[2,2,2,0,0,0,0,0,1,1],[0,0,0,0,0,0,0,0,0,1],[0,0,0,0,0,0,0,0,0,1],[0,0,0,0,0,0,0,0,1,1],[0,0,0,0,0,0,0,0,1,1]]",654856ba25477f5869bb6100f259565b4151ded6697117761cb10dd919191edb,15da216552b4cfea918047a7df61cbefcef1478be37754a079fdc1a1303a6d55,merged_copper_v5,"[0.0,3.0,6.0,9.0,12.0,15.0]",classified,6,0.6178787884359652,0.5709278764236724,0.6644597939450171,0.15137583498877147,0.8707406437252049,0.7096014098900386,2.4278909948357064,B4,0.7096014098900386,5.427892300009262,3.188223100005416,216.04670510001597,0.23424510002951138,225.6385195000621,24983,48722,956,1014,72,4.2,completed,6,,,2026-08-08T16:23:47.089+02:00,2026-08-08T16:23:47.383+02:00,2026-08-08T16:27:40.070+02:00
12,S000012,band_supplement_300_20260808_001,C000011,candidate,53305bad1bedcff83278649d324f1c5fab9fb2d0a02307cad7a996453f0bd90c,"[2,2,2,2,2,2,2,1,1,1,2,2,2,2,2,2,2,2,1,1,2,2,2,0,0,0,0,0,0,1,2,0,2,2,0,0,0,0,0,1,2,0,0,0,0,0,0,0,1,1,2,2,0,0,0,0,1,1,1,1,0,0,0,0,0,1,1,1,1,1,0,1,0,0,0,0,1,1,1,1,1,1,1,1,0,1,1,1,1,1,1,1,1,1,1,1,1,1,1,1,1,1,1,1,1,1,1,1,1,1,1,1,1,1,1,1,1,1,1,1,0,1,1,1,1,1,1,0,1,1,0,0,1,1,1,1,0,0,1,1,0,0,1,1,1,1,0,0,0,1,0,0,1,1,0,0,0,0,0,1,0,0,0,0,0,0,0,0,1,1,0,0,0,0,0,0,0,0,1,1]","[[2,2,2,2,2,2,2,1,1,1],[2,2,2,2,2,2,2,2,1,1],[2,2,2,0,0,0,0,0,0,1],[2,0,2,2,0,0,0,0,0,1],[2,0,0,0,0,0,0,0,1,1],[2,2,0,0,0,0,1,1,1,1],[0,0,0,0,0,1,1,1,1,1],[0,1,0,0,0,0,1,1,1,1],[1,1,1,1,0,1,1,1,1,1],[1,1,1,1,1,1,1,1,1,1],[1,1,1,1,1,1,1,1,1,1],[1,1,1,1,1,1,1,1,1,1],[0,1,1,1,1,1,1,0,1,1],[0,0,1,1,1,1,0,0,1,1],[0,0,1,1,1,1,0,0,0,1],[0,0,1,1,0,0,0,0,0,1],[0,0,0,0,0,0,0,0,1,1],[0,0,0,0,0,0,0,0,1,1]]",f981ce0544bc379c9f2d131a3399302680c747d5ee1373d592aed43dc385b2fe,15da216552b4cfea918047a7df61cbefcef1478be37754a079fdc1a1303a6d55,merged_copper_v5,"[0.0,3.0,6.0,9.0,12.0,15.0]",classified,6,0.45834197692268325,0.3007614024021563,0.6193834160030876,0.6951621925187073,0.8707406437252049,0.5263817420555946,4.965887496281667,B2,0.5263817420555946,6.667102699982934,3.363148700009333,148.9918398000009,0.2335371999652125,159.99865679998766,25548,49860,1010,1044,42,4.2,completed,6,,,2026-08-08T16:23:47.189+02:00,2026-08-08T16:23:47.405+02:00,2026-08-08T16:26:35.002+02:00
13,S000013,band_supplement_300_20260808_001,C000012,candidate,e2a65da5b64974a95bcc6ddb3fb718208f525e9e8fb1c03a9cead6c04b8b4e44,"[2,2,2,2,2,2,2,1,1,1,2,2,2,2,2,2,2,2,1,1,2,2,2,0,0,1,1,1,1,1,2,0,2,2,0,1,1,1,1,1,2,0,0,0,0,1,1,1,1,1,2,2,0,0,0,0,1,1,1,1,0,0,0,0,0,1,1,1,1,1,0,1,0,0,0,0,1,1,1,1,1,1,1,1,0,1,1,1,1,1,1,1,1,1,1,1,1,1,1,1,1,1,1,1,1,1,1,1,1,1,1,1,1,1,1,1,1,1,1,1,0,1,1,1,1,1,1,0,1,1,0,2,1,1,1,1,0,0,1,1,2,2,1,1,1,1,0,0,0,1,2,2,1,1,0,0,0,0,0,1,2,2,0,0,0,0,0,0,1,1,0,2,2,0,0,0,0,0,1,1]","[[2,2,2,2,2,2,2,1,1,1],[2,2,2,2,2,2,2,2,1,1],[2,2,2,0,0,1,1,1,1,1],[2,0,2,2,0,1,1,1,1,1],[2,0,0,0,0,1,1,1,1,1],[2,2,0,0,0,0,1,1,1,1],[0,0,0,0,0,1,1,1,1,1],[0,1,0,0,0,0,1,1,1,1],[1,1,1,1,0,1,1,1,1,1],[1,1,1,1,1,1,1,1,1,1],[1,1,1,1,1,1,1,1,1,1],[1,1,1,1,1,1,1,1,1,1],[0,1,1,1,1,1,1,0,1,1],[0,2,1,1,1,1,0,0,1,1],[2,2,1,1,1,1,0,0,0,1],[2,2,1,1,0,0,0,0,0,1],[2,2,0,0,0,0,0,0,1,1],[0,2,2,0,0,0,0,0,1,1]]",e9ed583203c206a962f86105b89cebf4d842ca4a7dcb7a22fb4a172a438f6828,15da216552b4cfea918047a7df61cbefcef1478be37754a079fdc1a1303a6d55,merged_copper_v5,"[0.0,3.0,6.0,9.0,12.0,15.0]",classified,6,0.43904219655310617,0.2954942927430866,0.5502447979972815,0.5802415058375386,0.8707406437252049,0.5042169556652308,5.0922140642202125,B2,0.5042169556652308,7.569325699994806,3.776823099964531,235.48096379998606,0.2755482000357006,247.94332399996347,29913,58592,1148,1200,66,4.2,completed,6,,,2026-08-08T16:23:47.289+02:00,2026-08-08T16:23:47.421+02:00,2026-08-08T16:28:03.512+02:00
14,S000014,band_supplement_300_20260808_001,C000013,candidate,29cbcc3bbdd2be0cc99c91da935a225d650dac56e6f14f3ab09a4127ca5a3529,"[2,2,2,2,2,2,2,1,1,1,2,2,2,2,2,2,2,2,1,1,2,2,2,0,0,1,1,1,1,1,2,1,2,2,0,1,1,1,1,1,2,1,1,1,1,1,1,1,1,1,2,2,1,1,0,0,1,1,1,1,1,1,1,1,1,1,1,1,1,1,0,1,1,1,1,0,1,1,1,1,1,1,1,1,0,1,1,1,1,1,1,1,1,1,1,1,1,1,1,1,1,1,1,1,1,1,1,1,1,1,1,1,1,1,1,1,1,1,1,1,0,1,1,1,1,1,1,0,1,1,0,0,1,1,1,1,0,0,1,1,0,0,1,1,1,1,0,0,0,1,0,0,1,1,0,0,0,0,0,1,0,0,0,0,0,0,0,0,1,1,0,0,0,0,0,0,0,0,1,1]","[[2,2,2,2,2,2,2,1,1,1],[2,2,2,2,2,2,2,2,1,1],[2,2,2,0,0,1,1,1,1,1],[2,1,2,2,0,1,1,1,1,1],[2,1,1,1,1,1,1,1,1,1],[2,2,1,1,0,0,1,1,1,1],[1,1,1,1,1,1,1,1,1,1],[0,1,1,1,1,0,1,1,1,1],[1,1,1,1,0,1,1,1,1,1],[1,1,1,1,1,1,1,1,1,1],[1,1,1,1,1,1,1,1,1,1],[1,1,1,1,1,1,1,1,1,1],[0,1,1,1,1,1,1,0,1,1],[0,0,1,1,1,1,0,0,1,1],[0,0,1,1,1,1,0,0,0,1],[0,0,1,1,0,0,0,0,0,1],[0,0,0,0,0,0,0,0,1,1],[0,0,0,0,0,0,0,0,1,1]]",1fed6bc9852a9cbc7c320b19b6903437051fe3e0b8cd8d32ccf290e3708e172f,15da216552b4cfea918047a7df61cbefcef1478be37754a079fdc1a1303a6d55,merged_copper_v5,"[0.0,3.0,6.0,9.0,12.0,15.0]",classified,6,0.61242959511375,0.4464037478178862,0.7345451307664467,0.4704889921184203,0.8707406437252049,0.703343296912904,2.8151190684930465,B4,0.703343296912904,2.5778162000060547,2.94092300007469,182.00893729997915,0.22310409997589886,188.44121500002802,25041,48842,986,1032,66,4.2,completed,6,,,2026-08-08T16:28:03.792+02:00,2026-08-08T16:28:03.843+02:00,2026-08-08T16:31:17.703+02:00
15,S000015,band_supplement_300_20260808_001,C000014,candidate,73372e301e1f88f26d57c99d0d7b061f0ec2d85306cb5a3b111f30b135cdd8be,"[1,1,1,1,1,1,1,1,1,1,1,1,1,1,1,1,1,1,1,1,1,1,1,1,1,1,1,1,1,1,1,1,1,1,1,1,1,1,1,1,1,1,1,0,0,0,0,0,1,1,1,1,1,0,0,0,0,0,1,1,0,1,1,1,0,0,1,1,1,1,1,1,1,1,2,1,1,1,1,1,1,1,1,2,2,2,1,1,1,1,1,1,1,2,2,1,1,1,1,1,1,1,2,2,2,1,1,1,1,1,1,1,1,1,1,1,1,1,1,1,1,1,1,1,1,1,1,1,1,1,1,1,1,1,1,1,0,1,1,1,1,1,1,1,1,1,1,1,1,1,1,1,0,0,0,1,1,1,1,1,1,0,0,0,1,1,1,1,1,1,1,1,1,0,0,1,1,1,1,1]","[[1,1,1,1,1,1,1,1,1,1],[1,1,1,1,1,1,1,1,1,1],[1,1,1,1,1,1,1,1,1,1],[1,1,1,1,1,1,1,1,1,1],[1,1,1,0,0,0,0,0,1,1],[1,1,1,0,0,0,0,0,1,1],[0,1,1,1,0,0,1,1,1,1],[1,1,1,1,2,1,1,1,1,1],[1,1,1,2,2,2,1,1,1,1],[1,1,1,2,2,1,1,1,1,1],[1,1,2,2,2,1,1,1,1,1],[1,1,1,1,1,1,1,1,1,1],[1,1,1,1,1,1,1,1,1,1],[1,1,1,1,1,1,0,1,1,1],[1,1,1,1,1,1,1,1,1,1],[1,1,0,0,0,1,1,1,1,1],[1,0,0,0,1,1,1,1,1,1],[1,1,1,0,0,1,1,1,1,1]]",368ea7ec614be0ce280b989abd656f761733a60b13a32fe12370316e6c42d0af,15da216552b4cfea918047a7df61cbefcef1478be37754a079fdc1a1303a6d55,merged_copper_v5,"[0.0,3.0,6.0,9.0,12.0,15.0]",classified,6,0.05401915011551981,0.01596215790305067,0.1087760679155406,1.7181667948127217,0.8707406437252049,0.06203816314857538,11.042927433665225,B1,0.06203816314857538,4.041215599980205,2.6641756999888457,311.3976232999703,0.20513790001859888,318.95507179995184,20710,40186,788,822,54,4.2,completed,6,,,2026-08-08T16:31:17.962+02:00,2026-08-08T16:31:18.458+02:00,2026-08-08T16:36:44.199+02:00
16,S000016,band_supplement_300_20260808_001,C000015,candidate,978fdfe0886a20dd0273924f4cfa267f5006203d7a8cd4447dd9fa30199a2135,"[2,1,1,1,1,1,1,1,1,1,2,1,1,1,1,1,1,1,1,1,2,2,2,2,2,1,1,1,1,1,2,2,2,2,2,1,1,1,1,1,2,2,2,2,0,0,0,0,1,1,2,2,2,2,0,0,0,0,1,1,2,2,2,2,0,0,1,1,1,1,2,2,2,2,2,1,1,1,1,1,2,2,2,2,2,2,1,1,1,1,1,2,2,2,2,1,1,1,1,1,1,1,2,2,2,1,1,1,1,1,1,1,1,1,1,1,1,1,1,1,1,1,1,1,1,1,1,1,1,1,1,1,1,1,1,1,0,1,1,1,1,1,1,1,1,1,1,1,1,1,1,1,0,0,0,1,1,1,1,1,1,0,0,0,1,1,1,0,0,1,1,1,1,0,0,1,1,1,1,1]","[[2,1,1,1,1,1,1,1,1,1],[2,1,1,1,1,1,1,1,1,1],[2,2,2,2,2,1,1,1,1,1],[2,2,2,2,2,1,1,1,1,1],[2,2,2,2,0,0,0,0,1,1],[2,2,2,2,0,0,0,0,1,1],[2,2,2,2,0,0,1,1,1,1],[2,2,2,2,2,1,1,1,1,1],[2,2,2,2,2,2,1,1,1,1],[1,2,2,2,2,1,1,1,1,1],[1,1,2,2,2,1,1,1,1,1],[1,1,1,1,1,1,1,1,1,1],[1,1,1,1,1,1,1,1,1,1],[1,1,1,1,1,1,0,1,1,1],[1,1,1,1,1,1,1,1,1,1],[1,1,0,0,0,1,1,1,1,1],[1,0,0,0,1,1,1,0,0,1],[1,1,1,0,0,1,1,1,1,1]]",8bcaec1651ca7424f83f9355cab1bf568af80ee54bf04b549a55f2854f47489c,15da216552b4cfea918047a7df61cbefcef1478be37754a079fdc1a1303a6d55,merged_copper_v5,"[0.0,3.0,6.0,9.0,12.0,15.0]",classified,6,0.6977525388753149,0.6394187996003701,0.7366511477421164,0.1393507622322264,0.8707406437252049,0.8013322266549866,1.4174440415872913,B5,0.8013322266549866,8.174637799995253,3.17871790000936,291.3990482999943,0.21980309998616576,303.69302619996597,25349,49460,986,1020,54,4.2,completed,6,,,2026-08-08T16:31:18.103+02:00,2026-08-08T16:31:18.474+02:00,2026-08-08T16:36:30.363+02:00
17,S000017,band_supplement_300_20260808_001,C000016,candidate,8dd7ec09e753721da1c3af47f9b44c888b72d2df131f8fb2a16f6decbb794e06,"[2,2,2,0,0,0,0,0,0,0,2,2,0,0,0,0,0,0,0,0,2,2,2,2,2,0,0,0,0,0,2,2,2,2,2,2,2,2,2,2,2,2,2,2,2,2,2,2,2,2,2,2,2,2,2,2,2,2,2,0,2,2,2,2,2,0,2,2,2,2,2,2,2,2,2,2,2,2,2,2,2,2,2,2,2,2,2,2,2,2,0,2,2,2,2,2,2,2,2,2,0,2,2,2,2,2,2,2,2,2,0,0,2,2,2,2,1,2,2,2,0,0,0,0,0,2,1,0,1,2,0,0,0,0,0,0,1,1,1,1,0,0,0,0,0,0,1,1,1,1,0,0,0,0,0,0,0,1,1,1,0,0,1,0,0,0,0,0,1,1,1,1,1,1,1,1,0,1,1,1]","[[2,2,2,0,0,0,0,0,0,0],[2,2,0,0,0,0,0,0,0,0],[2,2,2,2,2,0,0,0,0,0],[2,2,2,2,2,2,2,2,2,2],[2,2,2,2,2,2,2,2,2,2],[2,2,2,2,2,2,2,2,2,0],[2,2,2,2,2,0,2,2,2,2],[2,2,2,2,2,2,2,2,2,2],[2,2,2,2,2,2,2,2,2,2],[0,2,2,2,2,2,2,2,2,2],[0,2,2,2,2,2,2,2,2,2],[0,0,2,2,2,2,1,2,2,2],[0,0,0,0,0,2,1,0,1,2],[0,0,0,0,0,0,1,1,1,1],[0,0,0,0,0,0,1,1,1,1],[0,0,0,0,0,0,0,1,1,1],[0,0,1,0,0,0,0,0,1,1],[1,1,1,1,1,1,0,1,1,1]]",fcb7fc2bc58558e460936bcc9aea767d30a670989a965f5bf9f5b203e6893b1f,15da216552b4cfea918047a7df61cbefcef1478be37754a079fdc1a1303a6d55,merged_copper_v5,"[0.0,3.0,6.0,9.0,12.0,15.0]",classified,6,0.06276140735886085,0.06108649951846187,0.06491935044098772,0.061070187617211114,0.8707406437252049,0.07207818747308593,9.276552610927952,B1,0.07207818747308593,15.259521400002996,3.722405099979369,54.75750979993609,0.2661860999651253,74.85662670002785,28992,56766,1184,1236,72,4.2,completed,6,,,2026-08-08T16:31:18.188+02:00,2026-08-08T16:31:18.490+02:00,2026-08-08T16:32:40.940+02:00
18,S000018,band_supplement_300_20260808_001,C000017,candidate,388069eb44643a5bd6c3fed4b11fbef36bbf6de17435c69f00a3161096485b9b,"[2,1,1,1,1,1,1,1,1,1,2,1,1,1,1,1,1,1,1,1,2,2,2,0,0,1,1,1,1,1,2,0,2,2,0,1,1,1,1,1,2,0,0,0,0,0,0,0,1,1,2,2,0,0,0,0,0,0,1,1,0,0,0,0,0,0,0,1,1,1,0,1,0,0,0,0,1,1,1,1,1,1,1,1,0,1,1,1,1,1,1,1,1,1,1,1,0,1,1,1,1,1,1,1,1,1,1,1,1,1,1,1,1,1,1,1,1,1,1,1,0,1,1,1,1,1,1,0,1,1,0,0,1,1,1,1,0,0,1,1,0,0,1,1,1,1,0,0,0,1,0,0,1,1,0,0,0,0,0,1,0,0,0,0,0,0,0,0,1,1,0,0,0,0,0,0,0,0,1,1]","[[2,1,1,1,1,1,1,1,1,1],[2,1,1,1,1,1,1,1,1,1],[2,2,2,0,0,1,1,1,1,1],[2,0,2,2,0,1,1,1,1,1],[2,0,0,0,0,0,0,0,1,1],[2,2,0,0,0,0,0,0,1,1],[0,0,0,0,0,0,0,1,1,1],[0,1,0,0,0,0,1,1,1,1],[1,1,1,1,0,1,1,1,1,1],[1,1,1,1,1,1,0,1,1,1],[1,1,1,1,1,1,1,1,1,1],[1,1,1,1,1,1,1,1,1,1],[0,1,1,1,1,1,1,0,1,1],[0,0,1,1,1,1,0,0,1,1],[0,0,1,1,1,1,0,0,0,1],[0,0,1,1,0,0,0,0,0,1],[0,0,0,0,0,0,0,0,1,1],[0,0,0,0,0,0,0,0,1,1]]",1d893afc7a9e99ee16f866de6f2e8c5247cb135e3765256eb67a97d741f6dd39,15da216552b4cfea918047a7df61cbefcef1478be37754a079fdc1a1303a6d55,merged_copper_v5,"[0.0,3.0,6.0,9.0,12.0,15.0]",classified,6,0.70860658077613,0.6554953344573785,0.7424416161788195,0.12270035881717271,0.8707406437252049,0.813797524995006,1.2651181144120494,B5,0.813797524995006,4.950270100001944,3.178395900002215,282.8950520999788,0.2296296999847982,291.9900007000251,25516,49796,944,978,48,4.2,completed,6,,,2026-08-08T16:31:18.288+02:00,2026-08-08T16:31:18.521+02:00,2026-08-08T16:36:18.370+02:00
19,S000019,band_supplement_300_20260808_001,C000018,candidate,49fb4fa3c5836a802e48f34e2ee2e960d5814ea28a58fa7a2da3bf3c6ae24d17,"[2,1,1,1,1,1,2,2,2,2,2,1,1,1,1,1,2,2,2,1,2,2,2,2,2,1,1,1,2,1,2,2,2,2,2,1,1,1,1,1,2,2,2,2,0,0,0,0,1,1,2,2,2,2,0,0,0,0,1,1,2,2,2,2,0,0,1,1,1,1,2,2,2,2,2,1,1,1,1,1,2,2,2,2,2,2,1,1,1,1,1,2,2,2,2,1,1,1,1,1,1,1,2,2,2,1,1,1,1,1,1,1,1,1,1,1,1,1,1,1,1,1,1,1,1,1,1,1,1,1,1,1,1,1,1,1,0,1,1,1,1,1,1,1,1,1,1,1,1,1,1,1,0,0,0,1,1,1,1,1,1,0,0,0,1,1,1,1,1,1,1,1,1,0,0,1,1,1,1,1]","[[2,1,1,1,1,1,2,2,2,2],[2,1,1,1,1,1,2,2,2,1],[2,2,2,2,2,1,1,1,2,1],[2,2,2,2,2,1,1,1,1,1],[2,2,2,2,0,0,0,0,1,1],[2,2,2,2,0,0,0,0,1,1],[2,2,2,2,0,0,1,1,1,1],[2,2,2,2,2,1,1,1,1,1],[2,2,2,2,2,2,1,1,1,1],[1,2,2,2,2,1,1,1,1,1],[1,1,2,2,2,1,1,1,1,1],[1,1,1,1,1,1,1,1,1,1],[1,1,1,1,1,1,1,1,1,1],[1,1,1,1,1,1,0,1,1,1],[1,1,1,1,1,1,1,1,1,1],[1,1,0,0,0,1,1,1,1,1],[1,0,0,0,1,1,1,1,1,1],[1,1,1,0,0,1,1,1,1,1]]",ede14ccd30bfdcc90c5afd80d2bd6bb8a3762e26cdf3177c2916e547414e4f5e,15da216552b4cfea918047a7df61cbefcef1478be37754a079fdc1a1303a6d55,merged_copper_v5,"[0.0,3.0,6.0,9.0,12.0,15.0]",classified,6,0.44432770374235564,0.3127776894006565,0.5586340559922883,0.5533221640714804,0.8707406437252049,0.5102870836962792,4.999225882588536,B2,0.5102870836962792,9.893705999973463,3.650140100013232,281.5244972000364,0.24020550004206598,296.1290991999558,28340,55450,1106,1146,60,4.2,completed,6,,,2026-08-08T16:31:18.404+02:00,2026-08-08T16:31:18.542+02:00,2026-08-08T16:36:21.459+02:00
20,S000020,band_supplement_300_20260808_001,C000019,candidate,c3226adfc5033a43b7b9393fbfb02f2e1b8ab2ab79e45d76f1bbfc9db5543f70,"[0,1,1,1,1,1,1,1,1,1,0,1,1,0,0,0,0,1,1,1,0,0,0,0,0,0,0,1,1,1,0,2,2,2,0,0,0,0,1,1,0,2,2,2,1,1,1,1,1,1,0,1,2,1,1,1,1,1,1,1,1,1,1,1,1,1,1,1,1,1,1,1,2,2,1,1,1,1,1,1,1,2,2,2,2,1,1,1,1,1,2,2,2,2,2,1,1,1,1,1,2,2,2,2,2,1,1,1,1,1,2,2,2,2,2,1,1,1,1,1,2,2,2,2,2,1,1,1,1,1,0,2,2,0,0,1,1,1,1,1,0,0,0,1,1,1,1,1,1,1,1,1,1,1,1,1,1,1,1,1,1,1,1,1,1,1,1,1,1,1,1,1,1,1,1,1,1,1,1,1]","[[0,1,1,1,1,1,1,1,1,1],[0,1,1,0,0,0,0,1,1,1],[0,0,0,0,0,0,0,1,1,1],[0,2,2,2,0,0,0,0,1,1],[0,2,2,2,1,1,1,1,1,1],[0,1,2,1,1,1,1,1,1,1],[1,1,1,1,1,1,1,1,1,1],[1,1,2,2,1,1,1,1,1,1],[1,2,2,2,2,1,1,1,1,1],[2,2,2,2,2,1,1,1,1,1],[2,2,2,2,2,1,1,1,1,1],[2,2,2,2,2,1,1,1,1,1],[2,2,2,2,2,1,1,1,1,1],[0,2,2,0,0,1,1,1,1,1],[0,0,0,1,1,1,1,1,1,1],[1,1,1,1,1,1,1,1,1,1],[1,1,1,1,1,1,1,1,1,1],[1,1,1,1,1,1,1,1,1,1]]",cf425ed27f61731129100c422edac0cd58d5a962b80b48569a199c7654cf6157,15da216552b4cfea918047a7df61cbefcef1478be37754a079fdc1a1303a6d55,merged_copper_v5,"[0.0,3.0,6.0,9.0,12.0,15.0]",classified,6,0.6765018853558139,0.5327400562420462,0.7824230446185403,0.3690795159353775,0.8707406437252049,0.7769269646833089,1.9128059642842044,B4,0.7769269646833089,4.673509099986404,2.927071700018132,173.22685030000866,0.21816680001211353,181.72719879998476,24241,47240,968,1014,60,4.2,completed,6,,,2026-08-08T16:36:44.453+02:00,2026-08-08T16:36:44.737+02:00,2026-08-08T16:39:52.279+02:00
21,S000021,band_supplement_300_20260808_001,C000020,candidate,31f19996b0c1e53756836a9b296c34b4c7b5de96fce0db59e13b36b002c61998,"[2,2,1,1,1,1,1,1,1,1,2,2,2,1,1,1,1,1,1,1,2,2,2,2,2,1,1,1,1,1,2,2,2,2,2,1,1,1,1,1,2,2,2,2,2,1,1,1,1,1,2,2,2,2,2,2,1,1,1,1,2,2,2,2,2,2,1,1,1,1,2,2,2,2,2,2,1,1,1,1,2,2,2,2,2,2,1,1,1,1,0,2,2,2,2,0,1,1,1,1,0,0,2,2,2,0,1,1,1,1,0,0,2,2,2,2,1,1,1,1,2,2,2,2,2,1,1,1,1,1,2,2,2,1,0,1,0,1,1,1,0,2,2,1,1,1,1,1,1,1,0,0,1,1,1,1,1,1,1,1,0,0,0,0,1,1,1,1,1,1,0,0,0,0,1,1,1,1,1,1]","[[2,2,1,1,1,1,1,1,1,1],[2,2,2,1,1,1,1,1,1,1],[2,2,2,2,2,1,1,1,1,1],[2,2,2,2,2,1,1,1,1,1],[2,2,2,2,2,1,1,1,1,1],[2,2,2,2,2,2,1,1,1,1],[2,2,2,2,2,2,1,1,1,1],[2,2,2,2,2,2,1,1,1,1],[2,2,2,2,2,2,1,1,1,1],[0,2,2,2,2,0,1,1,1,1],[0,0,2,2,2,0,1,1,1,1],[0,0,2,2,2,2,1,1,1,1],[2,2,2,2,2,1,1,1,1,1],[2,2,2,1,0,1,0,1,1,1],[0,2,2,1,1,1,1,1,1,1],[0,0,1,1,1,1,1,1,1,1],[0,0,0,0,1,1,1,1,1,1],[0,0,0,0,1,1,1,1,1,1]]",bf22b794f8a7dd6ae8dd0a00f4e3dea2cf5fb711f11ae2ddafca51f4232abdce,15da216552b4cfea918047a7df61cbefcef1478be37754a079fdc1a1303a6d55,merged_copper_v5,"[0.0,3.0,6.0,9.0,12.0,15.0]",classified,6,0.6916512367039945,0.6021030781990614,0.7176954366865544,0.16712521044325557,0.8707406437252049,0.7943252008370373,1.5214847669398248,B4,0.7943252008370373,6.642350100009935,3.3444536000024527,169.73509309999645,0.231101499957731,180.69629500003066,27753,54280,1034,1080,60,4.2,completed,6,,,2026-08-08T16:36:44.600+02:00,2026-08-08T16:36:44.753+02:00,2026-08-08T16:39:51.641+02:00
22,S000022,band_supplement_300_20260808_001,C000021,candidate,85860a7dbb6c385d869b0c14785be4fc59bd1d3ef201bd04bc34ff39393851da,"[2,1,1,1,1,1,1,1,1,1,2,1,1,1,1,1,1,1,1,1,2,2,2,0,0,1,1,1,1,1,2,0,2,2,0,1,1,1,1,1,2,0,0,0,0,0,0,0,1,1,2,2,0,0,0,0,0,0,1,1,0,0,0,0,0,0,0,1,1,1,0,1,0,0,0,0,1,1,1,1,1,1,1,1,0,1,1,1,1,1,1,1,1,1,1,1,1,1,1,1,1,1,0,1,1,1,1,1,1,1,1,1,0,0,1,1,1,1,1,1,0,1,1,1,1,1,1,0,1,1,0,0,1,1,1,1,0,0,1,1,0,0,1,1,1,1,0,0,0,1,0,0,1,1,0,0,0,0,0,1,0,0,0,0,0,0,0,0,1,1,0,0,0,0,0,0,0,0,1,1]","[[2,1,1,1,1,1,1,1,1,1],[2,1,1,1,1,1,1,1,1,1],[2,2,2,0,0,1,1,1,1,1],[2,0,2,2,0,1,1,1,1,1],[2,0,0,0,0,0,0,0,1,1],[2,2,0,0,0,0,0,0,1,1],[0,0,0,0,0,0,0,1,1,1],[0,1,0,0,0,0,1,1,1,1],[1,1,1,1,0,1,1,1,1,1],[1,1,1,1,1,1,1,1,1,1],[1,1,0,1,1,1,1,1,1,1],[1,1,0,0,1,1,1,1,1,1],[0,1,1,1,1,1,1,0,1,1],[0,0,1,1,1,1,0,0,1,1],[0,0,1,1,1,1,0,0,0,1],[0,0,1,1,0,0,0,0,0,1],[0,0,0,0,0,0,0,0,1,1],[0,0,0,0,0,0,0,0,1,1]]",357434f03387092cec58aff70eb0bc1c447a2437f0567057e9415f3c0ab6a805,15da216552b4cfea918047a7df61cbefcef1478be37754a079fdc1a1303a6d55,merged_copper_v5,"[0.0,3.0,6.0,9.0,12.0,15.0]",classified,6,0.7081621118848567,0.656226363416727,0.7419588822144562,0.12106340816446953,0.8707406437252049,0.813287075764829,1.2690370249002618,B5,0.813287075764829,2.5471931000065524,3.106605800014222,257.92486289996305,0.23283070002798922,264.5240096000489,26126,51024,968,1002,48,4.2,completed,6,,,2026-08-08T16:36:44.686+02:00,2026-08-08T16:36:44.784+02:00,2026-08-08T16:41:15.752+02:00
23,S000023,band_supplement_300_20260808_001,C000022,candidate,94d062905392762229770744cb8885d3978227459e314e9c9fee04b901bbb98b,"[2,2,2,2,0,2,1,1,1,1,2,2,0,2,2,2,1,1,1,1,2,2,2,2,2,1,1,1,0,0,2,2,2,2,2,1,1,1,1,1,2,2,2,2,2,1,1,1,1,1,2,2,2,2,2,2,1,1,1,1,2,2,2,2,1,1,1,1,1,1,2,2,0,2,1,1,1,1,1,1,2,0,0,2,2,2,1,1,1,1,2,0,0,2,2,2,1,1,1,1,2,2,2,2,2,2,1,1,1,1,2,2,2,2,2,2,1,1,1,1,2,2,2,2,2,2,1,0,1,1,2,2,2,1,2,2,1,1,1,1,0,0,0,1,2,2,1,1,1,1,0,0,0,1,1,1,1,1,1,1,0,0,1,1,1,1,1,1,1,1,1,1,1,1,1,1,1,1,1,1]","[[2,2,2,2,0,2,1,1,1,1],[2,2,0,2,2,2,1,1,1,1],[2,2,2,2,2,1,1,1,0,0],[2,2,2,2,2,1,1,1,1,1],[2,2,2,2,2,1,1,1,1,1],[2,2,2,2,2,2,1,1,1,1],[2,2,2,2,1,1,1,1,1,1],[2,2,0,2,1,1,1,1,1,1],[2,0,0,2,2,2,1,1,1,1],[2,0,0,2,2,2,1,1,1,1],[2,2,2,2,2,2,1,1,1,1],[2,2,2,2,2,2,1,1,1,1],[2,2,2,2,2,2,1,0,1,1],[2,2,2,1,2,2,1,1,1,1],[0,0,0,1,2,2,1,1,1,1],[0,0,0,1,1,1,1,1,1,1],[0,0,1,1,1,1,1,1,1,1],[1,1,1,1,1,1,1,1,1,1]]",099258e0dcbb9c016d0f9f7850c3a40f9de1625a393cc076a890a563f8a28335,15da216552b4cfea918047a7df61cbefcef1478be37754a079fdc1a1303a6d55,merged_copper_v5,"[0.0,3.0,6.0,9.0,12.0,15.0]",classified,6,0.6916504449285416,0.6730703998346929,0.7259545821963191,0.07646085208127071,0.8707406437252049,0.7943242915244209,1.430830305771002,B4,0.7943242915244209,8.402796299982583,3.8885397000412922,278.4537396999658,0.2702636999893002,291.87667880000663,32778,64326,1298,1338,78,4.2,completed,6,,,2026-08-08T16:41:16.070+02:00,2026-08-08T16:41:16.300+02:00,2026-08-08T16:46:14.174+02:00
24,S000024,band_supplement_300_20260808_001,C000023,candidate,6a651f31e52c2da46cba5ebc84e4639911c801a10d50b86f6d0b1c4901030a97,"[2,2,2,1,1,1,1,1,1,1,2,2,1,1,1,1,1,1,1,1,2,2,2,2,2,1,1,1,0,0,2,2,2,2,2,1,1,1,1,1,2,2,2,2,2,1,1,1,1,1,2,2,2,2,2,2,1,1,1,1,2,2,2,2,1,0,0,0,1,1,2,2,0,2,1,1,1,0,1,1,2,0,0,2,2,2,1,1,1,1,2,0,0,2,2,2,1,1,1,1,2,2,2,2,2,2,1,1,1,1,2,2,2,2,2,2,1,1,1,1,2,2,2,2,2,2,1,0,1,1,2,2,2,1,2,2,1,1,1,1,0,0,0,1,2,2,1,1,1,1,0,0,0,1,1,1,1,1,1,1,0,0,1,1,1,1,1,1,1,1,1,1,1,1,1,1,1,1,1,1]","[[2,2,2,1,1,1,1,1,1,1],[2,2,1,1,1,1,1,1,1,1],[2,2,2,2,2,1,1,1,0,0],[2,2,2,2,2,1,1,1,1,1],[2,2,2,2,2,1,1,1,1,1],[2,2,2,2,2,2,1,1,1,1],[2,2,2,2,1,0,0,0,1,1],[2,2,0,2,1,1,1,0,1,1],[2,0,0,2,2,2,1,1,1,1],[2,0,0,2,2,2,1,1,1,1],[2,2,2,2,2,2,1,1,1,1],[2,2,2,2,2,2,1,1,1,1],[2,2,2,2,2,2,1,0,1,1],[2,2,2,1,2,2,1,1,1,1],[0,0,0,1,2,2,1,1,1,1],[0,0,0,1,1,1,1,1,1,1],[0,0,1,1,1,1,1,1,1,1],[1,1,1,1,1,1,1,1,1,1]]",37928348b15dd548fcb66df5efdc9ad6ef6f37701e803bcfd4bb9c28808cee4c,15da216552b4cfea918047a7df61cbefcef1478be37754a079fdc1a1303a6d55,merged_copper_v5,"[0.0,3.0,6.0,9.0,12.0,15.0]",classified,6,0.7391787332799099,0.6246751162406858,0.8448656246289623,0.2978853401412665,0.8707406437252049,0.8489080400767254,1.0581511894388935,B5,0.8489080400767254,7.42906719999155,3.7001929999678396,282.5558832999959,0.25205849998747,294.7755377999856,31080,60932,1232,1272,66,4.2,completed,6,,,2026-08-08T16:41:16.153+02:00,2026-08-08T16:41:16.315+02:00,2026-08-08T16:46:17.332+02:00
25,S000025,band_supplement_300_20260808_001,C000024,candidate,5649789ddd9921172505f728de11a1b79458fa32d6f9e45fe6e53a6f8fc33628,"[2,2,2,1,1,1,1,1,1,1,2,2,1,1,1,1,1,1,1,1,2,2,2,2,2,1,1,1,0,0,2,2,2,2,2,1,1,1,1,1,2,2,2,2,2,1,1,1,1,1,2,2,2,2,2,2,1,1,1,1,2,2,2,2,1,1,1,1,1,1,2,2,0,2,1,0,1,1,1,1,2,0,0,2,2,2,1,1,1,1,2,0,0,2,2,2,1,1,1,1,2,2,2,2,2,2,1,1,1,1,2,2,2,2,2,2,1,1,1,1,2,2,2,2,2,2,1,0,1,1,2,2,2,1,2,2,1,1,1,1,0,0,0,1,2,2,1,1,1,1,0,0,0,1,1,1,1,1,1,1,0,0,1,1,1,1,1,1,1,1,1,1,1,1,1,1,1,1,1,1]","[[2,2,2,1,1,1,1,1,1,1],[2,2,1,1,1,1,1,1,1,1],[2,2,2,2,2,1,1,1,0,0],[2,2,2,2,2,1,1,1,1,1],[2,2,2,2,2,1,1,1,1,1],[2,2,2,2,2,2,1,1,1,1],[2,2,2,2,1,1,1,1,1,1],[2,2,0,2,1,0,1,1,1,1],[2,0,0,2,2,2,1,1,1,1],[2,0,0,2,2,2,1,1,1,1],[2,2,2,2,2,2,1,1,1,1],[2,2,2,2,2,2,1,1,1,1],[2,2,2,2,2,2,1,0,1,1],[2,2,2,1,2,2,1,1,1,1],[0,0,0,1,2,2,1,1,1,1],[0,0,0,1,1,1,1,1,1,1],[0,0,1,1,1,1,1,1,1,1],[1,1,1,1,1,1,1,1,1,1]]",ce0e2bdda14f0e437f7316d65410b3a57b321736c6001accf7b96a8e4b25a347,15da216552b4cfea918047a7df61cbefcef1478be37754a079fdc1a1303a6d55,merged_copper_v5,"[0.0,3.0,6.0,9.0,12.0,15.0]",classified,6,0.8015489639908253,0.7062602240293787,0.9154054458896672,0.26092632048200415,0.8707406437252049,0.9205369816684293,0.26092633577850427,B6,0.9205369816684293,7.387443000014173,3.7009359000076074,300.6268794000207,0.25195339997299016,312.7878792999836,30169,59112,1196,1236,66,4.2,completed,6,,,2026-08-08T16:41:16.253+02:00,2026-08-08T16:41:16.337+02:00,2026-08-08T16:46:35.727+02:00
26,S000026,band_supplement_300_20260808_001,C000025,candidate,153691b87e37bc9141e8c1116c07c59fb91747ba972bbf36886d1c1c249f2247,"[0,1,1,1,1,1,1,1,1,1,0,1,1,1,1,1,1,1,1,1,0,0,0,0,0,1,1,1,1,1,0,2,0,0,0,1,1,1,1,1,0,2,0,0,0,1,1,1,1,1,0,2,2,0,0,1,1,1,1,1,2,2,0,0,0,1,1,1,1,1,0,0,0,0,0,1,1,1,1,1,0,0,0,0,0,1,1,1,1,1,2,2,0,0,2,1,1,1,1,1,2,2,0,0,2,1,1,1,1,1,2,2,2,2,2,1,1,1,1,1,2,2,2,2,2,1,1,1,1,1,0,2,2,0,0,1,1,1,1,1,0,0,1,0,1,1,1,1,1,1,1,1,1,1,1,1,1,1,1,1,1,1,1,1,1,1,1,1,1,1,1,1,1,1,1,1,1,1,1,1]","[[0,1,1,1,1,1,1,1,1,1],[0,1,1,1,1,1,1,1,1,1],[0,0,0,0,0,1,1,1,1,1],[0,2,0,0,0,1,1,1,1,1],[0,2,0,0,0,1,1,1,1,1],[0,2,2,0,0,1,1,1,1,1],[2,2,0,0,0,1,1,1,1,1],[0,0,0,0,0,1,1,1,1,1],[0,0,0,0,0,1,1,1,1,1],[2,2,0,0,2,1,1,1,1,1],[2,2,0,0,2,1,1,1,1,1],[2,2,2,2,2,1,1,1,1,1],[2,2,2,2,2,1,1,1,1,1],[0,2,2,0,0,1,1,1,1,1],[0,0,1,0,1,1,1,1,1,1],[1,1,1,1,1,1,1,1,1,1],[1,1,1,1,1,1,1,1,1,1],[1,1,1,1,1,1,1,1,1,1]]",7be086092ca30174591d90fb48ea3586d084d69d729d79f004866f6b73b16850,15da216552b4cfea918047a7df61cbefcef1478be37754a079fdc1a1303a6d55,merged_copper_v5,"[0.0,3.0,6.0,9.0,12.0,15.0]",classified,6,0.8654807815975332,0.827012502483608,0.9320695990647163,0.12138582255655685,0.8707406437252049,0.9939593239782986,0.12138583785305697,B6,0.9939593239782986,7.035555400012527,3.296411699964665,113.78545719996328,0.23955430000205524,125.10120380003355,25160,49080,956,1002,60,4.2,completed,6,,,2026-08-08T16:46:36.011+02:00,2026-08-08T16:46:36.466+02:00,2026-08-08T16:48:48.740+02:00
27,S000027,band_supplement_300_20260808_001,C000026,candidate,90ff6f2120fa7dda98234513ea66f94d0b829b9f9ab49370814dbeb1f631096b,"[0,1,1,1,1,1,1,1,1,1,0,1,1,1,1,1,1,1,1,1,0,1,1,1,1,1,1,1,1,1,0,1,1,1,1,1,1,1,1,1,0,1,1,1,0,1,1,1,1,1,0,2,2,2,0,2,1,1,1,1,2,2,2,2,2,2,1,1,1,1,2,2,2,2,2,1,1,1,1,1,2,2,2,2,2,1,1,1,1,1,2,2,2,2,2,1,1,1,1,1,2,2,2,2,2,1,1,1,1,1,2,2,2,2,2,1,1,1,1,1,2,2,2,2,2,1,1,1,1,1,2,2,2,0,0,1,1,1,1,1,0,0,1,1,1,1,1,1,1,1,1,1,1,1,1,1,1,1,1,1,1,1,1,1,1,1,1,1,1,1,1,1,1,1,1,1,1,1,1,1]","[[0,1,1,1,1,1,1,1,1,1],[0,1,1,1,1,1,1,1,1,1],[0,1,1,1,1,1,1,1,1,1],[0,1,1,1,1,1,1,1,1,1],[0,1,1,1,0,1,1,1,1,1],[0,2,2,2,0,2,1,1,1,1],[2,2,2,2,2,2,1,1,1,1],[2,2,2,2,2,1,1,1,1,1],[2,2,2,2,2,1,1,1,1,1],[2,2,2,2,2,1,1,1,1,1],[2,2,2,2,2,1,1,1,1,1],[2,2,2,2,2,1,1,1,1,1],[2,2,2,2,2,1,1,1,1,1],[2,2,2,0,0,1,1,1,1,1],[0,0,1,1,1,1,1,1,1,1],[1,1,1,1,1,1,1,1,1,1],[1,1,1,1,1,1,1,1,1,1],[1,1,1,1,1,1,1,1,1,1]]",9f1130c7314a5341d2dddab6afc2aec359f9b5d31d23ddfd27f93c955c5efeb9,15da216552b4cfea918047a7df61cbefcef1478be37754a079fdc1a1303a6d55,merged_copper_v5,"[0.0,3.0,6.0,9.0,12.0,15.0]",classified,6,0.8763237967619757,0.8130630560162158,0.9195318625892039,0.12149482527621797,0.8707406437252049,1.0064119586894267,0.1214948405727181,B7,1.0064119586894267,9.245420199993532,2.817747299995972,82.20857309998246,0.20782459998736158,95.15537069999846,21160,41084,800,846,54,4.2,completed,6,,,2026-08-08T16:46:36.105+02:00,2026-08-08T16:46:36.482+02:00,2026-08-08T16:48:19.572+02:00
28,S000028,band_supplement_300_20260808_001,C000027,candidate,895433a34ab2bdbe02ed7e26c942293229844587a7bba800edf725b42db5d30c,"[0,1,1,1,1,1,1,1,1,1,0,1,1,1,1,1,1,1,1,1,0,0,0,1,1,2,2,1,1,1,0,2,2,2,1,2,2,2,1,1,0,2,2,2,1,1,1,1,1,1,0,2,2,2,0,1,1,1,1,1,2,2,2,2,2,1,1,1,1,1,2,2,2,2,2,1,1,1,1,1,2,2,2,2,2,1,1,1,1,1,2,2,2,2,2,1,1,1,1,1,2,2,2,2,2,1,1,1,1,1,2,2,2,2,2,1,1,1,1,1,2,2,2,2,2,1,1,1,1,1,0,2,2,0,0,1,1,1,1,1,0,0,1,1,1,1,1,1,1,1,1,1,1,1,1,1,1,1,1,1,1,1,1,1,1,1,1,1,1,1,1,1,1,1,1,1,1,1,1,1]","[[0,1,1,1,1,1,1,1,1,1],[0,1,1,1,1,1,1,1,1,1],[0,0,0,1,1,2,2,1,1,1],[0,2,2,2,1,2,2,2,1,1],[0,2,2,2,1,1,1,1,1,1],[0,2,2,2,0,1,1,1,1,1],[2,2,2,2,2,1,1,1,1,1],[2,2,2,2,2,1,1,1,1,1],[2,2,2,2,2,1,1,1,1,1],[2,2,2,2,2,1,1,1,1,1],[2,2,2,2,2,1,1,1,1,1],[2,2,2,2,2,1,1,1,1,1],[2,2,2,2,2,1,1,1,1,1],[0,2,2,0,0,1,1,1,1,1],[0,0,1,1,1,1,1,1,1,1],[1,1,1,1,1,1,1,1,1,1],[1,1,1,1,1,1,1,1,1,1],[1,1,1,1,1,1,1,1,1,1]]",51c5dfa1951343074cacdc96f24eab90860fcb0bbb90b1579542816ece9ae4ca,15da216552b4cfea918047a7df61cbefcef1478be37754a079fdc1a1303a6d55,merged_copper_v5,"[0.0,3.0,6.0,9.0,12.0,15.0]",classified,6,0.790907573067391,0.7405739436626325,0.8505049509975278,0.13899349440864228,0.8707406437252049,0.9083159018324081,0.2526488463627553,B6,0.9083159018324081,10.556601300020702,3.0705915999715216,165.08877559998655,0.22093370000948198,179.63667570007965,24136,47038,920,966,66,4.2,completed,6,,,2026-08-08T16:46:36.197+02:00,2026-08-08T16:46:36.497+02:00,2026-08-08T16:49:43.140+02:00
29,S000029,band_supplement_300_20260808_001,C000028,candidate,3f9e3b09528bba504f9850e66514a7548f302519ba8fda605da9065fb1c65927,"[0,1,1,1,1,1,1,1,1,1,0,1,1,1,1,1,1,1,1,1,0,0,0,1,1,1,1,1,1,1,0,2,2,2,1,1,1,1,1,1,0,2,2,2,1,1,1,1,1,1,0,2,2,2,0,1,1,1,1,1,2,2,2,2,2,1,1,1,1,1,2,2,2,2,2,1,0,1,1,1,2,2,2,2,2,1,1,1,1,1,2,2,2,2,2,1,1,1,1,1,2,2,2,2,2,1,1,1,1,1,2,2,2,2,2,1,1,1,1,1,2,2,2,2,2,1,1,1,1,1,0,2,2,0,0,1,1,1,1,1,0,0,1,1,1,1,1,1,1,1,1,1,1,1,1,1,1,1,1,1,1,1,1,1,1,1,1,1,1,1,1,1,1,1,1,1,1,1,1,1]","[[0,1,1,1,1,1,1,1,1,1],[0,1,1,1,1,1,1,1,1,1],[0,0,0,1,1,1,1,1,1,1],[0,2,2,2,1,1,1,1,1,1],[0,2,2,2,1,1,1,1,1,1],[0,2,2,2,0,1,1,1,1,1],[2,2,2,2,2,1,1,1,1,1],[2,2,2,2,2,1,0,1,1,1],[2,2,2,2,2,1,1,1,1,1],[2,2,2,2,2,1,1,1,1,1],[2,2,2,2,2,1,1,1,1,1],[2,2,2,2,2,1,1,1,1,1],[2,2,2,2,2,1,1,1,1,1],[0,2,2,0,0,1,1,1,1,1],[0,0,1,1,1,1,1,1,1,1],[1,1,1,1,1,1,1,1,1,1],[1,1,1,1,1,1,1,1,1,1],[1,1,1,1,1,1,1,1,1,1]]",4f20c091dfc24761e534506dbf1d0e77c111b48687a6bfcbc066f67fa6ef0f63,15da216552b4cfea918047a7df61cbefcef1478be37754a079fdc1a1303a6d55,merged_copper_v5,"[0.0,3.0,6.0,9.0,12.0,15.0]",classified,6,0.8852450234900234,0.8248947030703823,0.9293399504226455,0.11798456312185111,0.8707406437252049,1.0166575200886063,0.11798457841835125,B7,1.0166575200886063,9.820828500000061,3.0581112999934703,136.92576839996036,0.1947422999655828,150.63518620003015,22186,43130,812,858,60,4.2,completed,6,,,2026-08-08T16:46:36.313+02:00,2026-08-08T16:46:36.529+02:00,2026-08-08T16:49:15.222+02:00
30,S000030,band_supplement_300_20260808_001,C000029,candidate,9253099aecb6185118dd3938f0b9f5c69be0816742372e4a4d6692047d6fcf0d,"[2,1,1,1,1,1,1,1,1,1,2,1,1,1,1,1,1,1,1,1,2,2,2,0,0,1,1,1,1,1,2,0,2,2,0,1,1,1,1,1,2,0,0,0,0,1,1,1,1,1,2,2,0,0,0,0,1,1,1,1,0,0,0,0,0,1,1,1,1,1,0,1,0,0,0,0,1,1,1,1,1,1,1,1,0,1,1,1,1,1,1,1,1,1,1,1,1,1,2,1,1,1,1,1,1,1,1,2,2,1,1,1,1,1,1,1,1,2,1,1,0,1,1,1,1,1,1,0,1,1,0,0,1,1,1,1,0,0,1,1,0,0,0,0,1,1,0,0,0,1,0,0,0,0,0,0,0,0,0,1,0,0,0,0,0,0,0,0,1,1,0,0,0,0,0,0,0,0,1,1]","[[2,1,1,1,1,1,1,1,1,1],[2,1,1,1,1,1,1,1,1,1],[2,2,2,0,0,1,1,1,1,1],[2,0,2,2,0,1,1,1,1,1],[2,0,0,0,0,1,1,1,1,1],[2,2,0,0,0,0,1,1,1,1],[0,0,0,0,0,1,1,1,1,1],[0,1,0,0,0,0,1,1,1,1],[1,1,1,1,0,1,1,1,1,1],[1,1,1,1,1,1,1,1,2,1],[1,1,1,1,1,1,1,2,2,1],[1,1,1,1,1,1,1,2,1,1],[0,1,1,1,1,1,1,0,1,1],[0,0,1,1,1,1,0,0,1,1],[0,0,0,0,1,1,0,0,0,1],[0,0,0,0,0,0,0,0,0,1],[0,0,0,0,0,0,0,0,1,1],[0,0,0,0,0,0,0,0,1,1]]",2fbd83bdd7ec80b23c3106a92b759bb69a3cda8eaa756d15f671e1b99be9c443,15da216552b4cfea918047a7df61cbefcef1478be37754a079fdc1a1303a6d55,merged_copper_v5,"[0.0,3.0,6.0,9.0,12.0,15.0]",classified,6,0.6171274502069962,0.5578248758982423,0.6749997414715203,0.1898714204561398,0.8707406437252049,0.7087385373063556,2.4757783081651876,B4,0.7087385373063556,5.770086100004846,3.3916021999903023,248.53390669997316,0.2348041000077501,258.6925506000407,27967,54700,1028,1068,54,4.2,completed,6,,,2026-08-08T16:46:36.413+02:00,2026-08-08T16:46:36.544+02:00,2026-08-08T16:51:03.290+02:00
31,S000031,band_supplement_300_20260808_001,C000030,candidate,6eb4ec8b2bdfbd1361179525b266066053d492c18540b1ac10bcbb203c4b6ced,"[2,1,0,0,0,1,1,1,1,1,2,1,1,1,1,1,1,1,1,1,2,2,2,0,0,1,1,1,1,1,2,0,2,2,0,1,1,1,1,1,2,0,0,0,0,1,1,1,1,1,2,2,0,0,0,0,1,1,1,1,0,0,0,1,1,1,1,1,1,1,0,0,0,1,1,1,1,1,1,1,0,0,1,1,1,1,1,1,1,1,0,1,1,1,1,1,1,1,1,1,1,1,1,1,1,1,1,1,1,1,1,1,1,1,1,1,1,1,1,1,1,1,1,1,1,1,1,0,1,1,1,1,1,1,1,0,0,0,1,1,1,0,1,1,1,0,0,0,0,1,1,1,1,1,0,0,0,0,0,1,1,0,0,0,0,0,0,0,1,1,1,0,0,0,0,0,0,0,1,1]","[[2,1,0,0,0,1,1,1,1,1],[2,1,1,1,1,1,1,1,1,1],[2,2,2,0,0,1,1,1,1,1],[2,0,2,2,0,1,1,1,1,1],[2,0,0,0,0,1,1,1,1,1],[2,2,0,0,0,0,1,1,1,1],[0,0,0,1,1,1,1,1,1,1],[0,0,0,1,1,1,1,1,1,1],[0,0,1,1,1,1,1,1,1,1],[0,1,1,1,1,1,1,1,1,1],[1,1,1,1,1,1,1,1,1,1],[1,1,1,1,1,1,1,1,1,1],[1,1,1,1,1,1,1,0,1,1],[1,1,1,1,1,0,0,0,1,1],[1,0,1,1,1,0,0,0,0,1],[1,1,1,1,0,0,0,0,0,1],[1,0,0,0,0,0,0,0,1,1],[1,0,0,0,0,0,0,0,1,1]]",c6c8172e7795a4c444fc78bd846089b281f389e794771cf4712bea9c06e52760,15da216552b4cfea918047a7df61cbefcef1478be37754a079fdc1a1303a6d55,merged_copper_v5,"[0.0,3.0,6.0,9.0,12.0,15.0]",classified,6,0.8302728554227938,0.7050489351163819,0.9473913417548452,0.29188284918101653,0.8707406437252049,0.9535248657633786,0.29188286447751666,B6,0.9535248657633786,1.7945831999822985,2.9276902000128757,158.48047790001146,0.21505780002917163,164.1008905999479,24904,48576,914,954,54,4.2,completed,6,,,2026-08-08T16:51:03.590+02:00,2026-08-08T16:51:03.637+02:00,2026-08-08T16:53:53.199+02:00
32,S000032,band_supplement_300_20260808_001,C000031,candidate,4c15ab0ba9e5a47acaed51a9aa8dcd4d702e8a925b52e8774f4562a139b9d39c,"[0,1,1,1,1,1,1,1,1,1,0,1,1,1,1,1,1,1,1,1,0,0,0,0,0,1,1,1,1,1,0,0,0,0,0,1,1,2,1,1,0,0,0,0,0,1,2,2,1,1,0,2,2,0,0,0,1,2,1,1,2,2,2,0,0,0,1,1,1,1,2,2,2,0,0,0,1,1,1,1,2,2,2,0,0,0,1,1,1,1,2,2,2,2,2,0,1,1,1,1,2,2,2,2,2,0,1,1,1,1,2,2,2,2,2,0,1,1,1,1,2,2,2,2,2,0,1,0,1,1,2,2,2,0,0,0,0,0,1,1,0,0,0,0,0,0,0,0,0,1,0,0,0,0,0,0,0,0,0,1,0,0,0,0,0,0,0,0,1,1,0,0,0,0,0,0,0,0,1,1]","[[0,1,1,1,1,1,1,1,1,1],[0,1,1,1,1,1,1,1,1,1],[0,0,0,0,0,1,1,1,1,1],[0,0,0,0,0,1,1,2,1,1],[0,0,0,0,0,1,2,2,1,1],[0,2,2,0,0,0,1,2,1,1],[2,2,2,0,0,0,1,1,1,1],[2,2,2,0,0,0,1,1,1,1],[2,2,2,0,0,0,1,1,1,1],[2,2,2,2,2,0,1,1,1,1],[2,2,2,2,2,0,1,1,1,1],[2,2,2,2,2,0,1,1,1,1],[2,2,2,2,2,0,1,0,1,1],[2,2,2,0,0,0,0,0,1,1],[0,0,0,0,0,0,0,0,0,1],[0,0,0,0,0,0,0,0,0,1],[0,0,0,0,0,0,0,0,1,1],[0,0,0,0,0,0,0,0,1,1]]",7e7e3bf35228f8f6be3a671c0031aa25c07447529c972e93378e89821b5fc7a1,15da216552b4cfea918047a7df61cbefcef1478be37754a079fdc1a1303a6d55,merged_copper_v5,"[0.0,3.0,6.0,9.0,12.0,15.0]",classified,6,0.5193840162177978,0.443901279977564,0.5733919045368696,0.24931576736278532,0.8707406437252049,0.5964853254073081,3.757015579936813,B2,0.5964853254073081,6.475882200000342,3.5145477000332903,155.34068680004566,0.2415043999790214,166.33336119999876,26373,51514,974,1008,48,4.2,completed,6,,,2026-08-08T16:53:53.553+02:00,2026-08-08T16:53:53.969+02:00,2026-08-08T16:56:46.711+02:00
33,S000033,band_supplement_300_20260808_001,C000032,candidate,bd9348642a7d40b7330b4bb5914cedf9e5fc53db222d2a2e36deea5fb05b8cb8,"[2,2,2,2,2,2,2,1,1,0,2,0,2,2,2,2,1,1,1,0,2,0,2,2,2,1,1,1,1,0,0,0,2,2,2,1,1,1,1,1,0,0,0,0,2,1,1,1,1,1,0,0,0,0,2,1,1,1,0,1,0,0,0,0,0,1,1,0,0,1,0,0,0,0,0,0,1,1,1,1,0,0,0,0,0,0,1,1,1,1,0,0,0,0,0,0,1,1,1,1,0,0,0,0,0,0,1,1,1,1,0,0,0,0,0,0,1,1,1,1,0,0,0,0,0,0,1,0,1,1,0,0,0,0,0,0,0,0,1,1,0,0,0,0,0,0,0,0,0,1,0,0,0,0,0,0,0,0,0,1,0,0,0,0,0,0,0,0,1,1,0,0,0,0,0,0,0,0,1,1]","[[2,2,2,2,2,2,2,1,1,0],[2,0,2,2,2,2,1,1,1,0],[2,0,2,2,2,1,1,1,1,0],[0,0,2,2,2,1,1,1,1,1],[0,0,0,0,2,1,1,1,1,1],[0,0,0,0,2,1,1,1,0,1],[0,0,0,0,0,1,1,0,0,1],[0,0,0,0,0,0,1,1,1,1],[0,0,0,0,0,0,1,1,1,1],[0,0,0,0,0,0,1,1,1,1],[0,0,0,0,0,0,1,1,1,1],[0,0,0,0,0,0,1,1,1,1],[0,0,0,0,0,0,1,0,1,1],[0,0,0,0,0,0,0,0,1,1],[0,0,0,0,0,0,0,0,0,1],[0,0,0,0,0,0,0,0,0,1],[0,0,0,0,0,0,0,0,1,1],[0,0,0,0,0,0,0,0,1,1]]",3e9e76917c155500028c3e53af6cb74dcbc539ec5eacbd44f92a19262c670469,15da216552b4cfea918047a7df61cbefcef1478be37754a079fdc1a1303a6d55,merged_copper_v5,"[0.0,3.0,6.0,9.0,12.0,15.0]",classified,6,0.5116755360863747,0.3906248941239359,0.600215932449025,0.4096170786826685,0.8707406437252049,0.5876325399229363,4.013672892899483,B2,0.5876325399229363,5.021671800001059,3.255679900001269,145.0390449000115,0.2086466000182554,154.2410860999371,24378,47518,878,912,48,4.2,completed,6,,,2026-08-08T16:53:53.669+02:00,2026-08-08T16:53:53.985+02:00,2026-08-08T16:56:36.319+02:00
34,S000034,band_supplement_300_20260808_001,C000033,candidate,c3220e40eda856a0a9a2a65e200a2fd9d312bb5d6c614d88c9868a7a54e1fcb8,"[2,2,2,2,2,2,2,1,1,0,2,0,2,2,2,2,1,1,1,0,2,0,2,2,2,1,1,1,1,0,0,0,2,2,2,1,1,1,1,1,0,0,0,0,2,1,1,1,1,1,0,0,0,0,2,0,2,2,2,1,0,0,0,0,0,1,2,2,2,1,0,0,0,0,0,1,1,1,1,1,0,0,0,0,0,1,1,1,1,1,0,0,0,0,1,1,1,1,1,1,0,0,0,0,1,0,1,1,1,1,0,0,0,0,0,0,1,1,1,1,0,0,0,0,0,0,1,0,1,1,0,0,0,0,0,0,0,0,1,1,0,0,0,0,0,0,0,0,0,1,0,0,0,0,0,0,0,0,0,1,0,0,0,0,0,0,0,0,1,1,0,0,0,0,0,0,0,0,1,1]","[[2,2,2,2,2,2,2,1,1,0],[2,0,2,2,2,2,1,1,1,0],[2,0,2,2,2,1,1,1,1,0],[0,0,2,2,2,1,1,1,1,1],[0,0,0,0,2,1,1,1,1,1],[0,0,0,0,2,0,2,2,2,1],[0,0,0,0,0,1,2,2,2,1],[0,0,0,0,0,1,1,1,1,1],[0,0,0,0,0,1,1,1,1,1],[0,0,0,0,1,1,1,1,1,1],[0,0,0,0,1,0,1,1,1,1],[0,0,0,0,0,0,1,1,1,1],[0,0,0,0,0,0,1,0,1,1],[0,0,0,0,0,0,0,0,1,1],[0,0,0,0,0,0,0,0,0,1],[0,0,0,0,0,0,0,0,0,1],[0,0,0,0,0,0,0,0,1,1],[0,0,0,0,0,0,0,0,1,1]]",409c246fcd48f46bb778e8f8916a0e566aaa286efddbdbea0943caf3d8d42f50,15da216552b4cfea918047a7df61cbefcef1478be37754a079fdc1a1303a6d55,merged_copper_v5,"[0.0,3.0,6.0,9.0,12.0,15.0]",classified,6,0.4465690454787738,0.3353056583404986,0.5175531546726393,0.40810597639330387,0.8707406437252049,0.512861147227791,4.825992923205131,B2,0.512861147227791,5.835095100017497,3.314639199990779,115.34394610003801,0.2404697999882046,125.486558900011,26073,50906,974,1020,60,4.2,completed,6,,,2026-08-08T16:53:53.806+02:00,2026-08-08T16:53:54.007+02:00,2026-08-08T16:56:06.207+02:00
35,S000035,band_supplement_300_20260808_001,C000034,candidate,5e132da3400584bf05be470232d4ae35dea206d443796196f2c1976311d8729e,"[2,1,1,1,1,1,1,1,1,1,2,1,1,1,1,1,1,1,1,1,2,2,2,2,2,1,1,1,1,1,2,2,0,2,2,1,1,1,1,1,0,0,0,0,1,1,1,1,1,1,0,0,0,1,1,1,1,1,1,1,1,0,1,1,0,0,1,1,1,1,1,1,0,1,1,1,1,1,1,1,2,1,1,1,1,1,1,1,1,1,2,2,2,1,1,1,1,1,1,1,2,2,2,1,1,1,1,1,1,1,2,2,2,1,0,1,1,1,1,1,2,2,1,1,1,2,1,0,1,1,2,2,2,2,2,2,2,2,1,1,0,2,2,2,2,2,2,0,0,1,0,0,2,2,2,2,0,0,0,1,0,0,2,0,2,0,0,0,1,1,0,0,0,0,0,0,0,0,1,1]","[[2,1,1,1,1,1,1,1,1,1],[2,1,1,1,1,1,1,1,1,1],[2,2,2,2,2,1,1,1,1,1],[2,2,0,2,2,1,1,1,1,1],[0,0,0,0,1,1,1,1,1,1],[0,0,0,1,1,1,1,1,1,1],[1,0,1,1,0,0,1,1,1,1],[1,1,0,1,1,1,1,1,1,1],[2,1,1,1,1,1,1,1,1,1],[2,2,2,1,1,1,1,1,1,1],[2,2,2,1,1,1,1,1,1,1],[2,2,2,1,0,1,1,1,1,1],[2,2,1,1,1,2,1,0,1,1],[2,2,2,2,2,2,2,2,1,1],[0,2,2,2,2,2,2,0,0,1],[0,0,2,2,2,2,0,0,0,1],[0,0,2,0,2,0,0,0,1,1],[0,0,0,0,0,0,0,0,1,1]]",50569b76c667d7cb4660261dbe1a62419d32c285dac5857351cd373fe3fbefa5,15da216552b4cfea918047a7df61cbefcef1478be37754a079fdc1a1303a6d55,merged_copper_v5,"[0.0,3.0,6.0,9.0,12.0,15.0]",classified,6,0.4225821346243168,0.3786147515965979,0.4564680647674319,0.1842323818067865,0.8707406437252049,0.48531343709468394,4.901955714299327,B1,0.48531343709468394,7.8300200999947265,4.230999999970663,437.7392095999967,0.2815751000016462,451.00423160000355,33997,66758,1328,1386,78,4.2,completed,6,,,2026-08-08T16:53:53.907+02:00,2026-08-08T16:53:54.022+02:00,2026-08-08T17:01:31.673+02:00
36,S000036,band_supplement_300_20260808_001,C000035,candidate,0c01f6e4a184f35bd6da693016d090ad38edcc316486a682105f1977d7338ae9,"[0,1,1,1,1,1,1,1,1,1,0,1,1,1,1,1,1,1,1,1,0,0,0,0,0,1,1,1,1,1,0,0,0,0,0,1,1,1,1,1,0,0,0,0,0,1,1,1,1,1,0,2,2,0,0,0,1,1,1,1,2,2,2,2,2,0,1,1,1,1,2,2,2,2,2,0,1,1,1,1,2,0,2,2,2,0,1,1,1,1,0,0,0,0,2,0,0,0,1,1,0,0,0,0,2,0,0,0,1,1,0,2,0,2,2,0,0,1,1,1,2,2,0,0,2,0,0,0,1,1,2,2,2,0,0,0,0,0,1,1,0,0,0,0,0,0,0,0,0,1,0,0,0,0,0,0,0,0,0,1,0,0,0,0,0,0,0,0,1,1,0,0,0,0,0,0,0,0,1,1]","[[0,1,1,1,1,1,1,1,1,1],[0,1,1,1,1,1,1,1,1,1],[0,0,0,0,0,1,1,1,1,1],[0,0,0,0,0,1,1,1,1,1],[0,0,0,0,0,1,1,1,1,1],[0,2,2,0,0,0,1,1,1,1],[2,2,2,2,2,0,1,1,1,1],[2,2,2,2,2,0,1,1,1,1],[2,0,2,2,2,0,1,1,1,1],[0,0,0,0,2,0,0,0,1,1],[0,0,0,0,2,0,0,0,1,1],[0,2,0,2,2,0,0,1,1,1],[2,2,0,0,2,0,0,0,1,1],[2,2,2,0,0,0,0,0,1,1],[0,0,0,0,0,0,0,0,0,1],[0,0,0,0,0,0,0,0,0,1],[0,0,0,0,0,0,0,0,1,1],[0,0,0,0,0,0,0,0,1,1]]",39bdda0907ac74e69e3cc3f3d7d9aaeee77029019e5639c8af43fe30595c5584,15da216552b4cfea918047a7df61cbefcef1478be37754a079fdc1a1303a6d55,merged_copper_v5,"[0.0,3.0,6.0,9.0,12.0,15.0]",classified,6,0.5266878971973256,0.4452034412380773,0.595539477381174,0.28543666361631376,0.8707406437252049,0.6048734499678895,3.701837963946243,B3,0.6048734499678895,4.402956800011452,3.506779300078051,122.65127350002876,0.2578643999877386,131.61880420008674,28931,56634,1088,1122,48,4.2,completed,6,,,2026-08-08T17:01:31.973+02:00,2026-08-08T17:01:32.264+02:00,2026-08-08T17:03:49.887+02:00
37,S000037,band_supplement_300_20260808_001,C000036,candidate,37a30df16bccfed0fe3bd0713a21f339c1d73bd439d1d5681e243f920dab3925,"[2,2,2,1,1,1,1,1,1,1,2,2,2,1,1,1,1,1,1,1,2,2,2,2,2,1,1,1,0,0,2,2,2,2,2,1,1,1,1,0,2,2,2,2,2,1,1,1,1,0,2,2,2,2,2,2,1,1,1,1,2,2,2,2,2,2,1,1,1,1,2,2,2,2,2,2,1,1,1,1,2,2,2,2,2,2,1,1,1,1,2,2,2,2,2,0,1,1,1,1,2,2,2,0,2,0,1,1,1,1,2,2,2,0,0,0,1,1,1,1,2,2,2,0,0,0,1,0,1,1,2,2,2,0,0,0,0,0,1,1,0,0,0,0,0,0,0,0,0,1,0,0,0,0,0,0,0,0,0,1,0,0,0,0,0,0,0,0,1,1,0,0,0,0,0,0,0,0,1,1]","[[2,2,2,1,1,1,1,1,1,1],[2,2,2,1,1,1,1,1,1,1],[2,2,2,2,2,1,1,1,0,0],[2,2,2,2,2,1,1,1,1,0],[2,2,2,2,2,1,1,1,1,0],[2,2,2,2,2,2,1,1,1,1],[2,2,2,2,2,2,1,1,1,1],[2,2,2,2,2,2,1,1,1,1],[2,2,2,2,2,2,1,1,1,1],[2,2,2,2,2,0,1,1,1,1],[2,2,2,0,2,0,1,1,1,1],[2,2,2,0,0,0,1,1,1,1],[2,2,2,0,0,0,1,0,1,1],[2,2,2,0,0,0,0,0,1,1],[0,0,0,0,0,0,0,0,0,1],[0,0,0,0,0,0,0,0,0,1],[0,0,0,0,0,0,0,0,1,1],[0,0,0,0,0,0,0,0,1,1]]",c6977a40c635dbdc4628e10037c0e4e08cc9fabce8f68e4dff3a74764aff2ec0,15da216552b4cfea918047a7df61cbefcef1478be37754a079fdc1a1303a6d55,merged_copper_v5,"[0.0,3.0,6.0,9.0,12.0,15.0]",classified,6,0.5716200944370771,0.4028252700578473,0.6855549693186452,0.4946111972134673,0.8707406437252049,0.6564757239211558,3.3493600320465062,B3,0.6564757239211558,6.248480700014625,3.1122228000022005,143.73485500001698,0.24553729998297058,154.0462900000275,25568,49904,926,960,42,4.2,completed,6,,,2026-08-08T17:01:32.074+02:00,2026-08-08T17:01:32.295+02:00,2026-08-08T17:04:12.700+02:00
38,S000038,band_supplement_300_20260808_001,C000037,candidate,bba23dbf7eb06b647e3bcf825f3811bb1defbe488705d105028d58cd942843b8,"[1,1,1,1,1,1,1,1,1,1,1,1,1,1,1,1,1,1,1,1,1,1,1,1,1,1,1,1,1,1,1,1,1,1,0,1,1,1,1,1,1,1,1,1,0,1,1,1,1,1,0,1,1,1,0,1,1,1,1,1,1,1,1,1,1,1,1,1,1,1,1,1,2,2,1,1,1,1,1,1,1,2,2,2,2,1,1,1,1,1,2,2,2,2,2,1,1,1,1,1,2,2,2,2,2,1,1,1,1,1,2,2,2,2,2,1,1,1,1,1,2,2,2,2,2,1,1,1,1,1,0,2,2,0,0,1,1,1,1,1,0,0,0,1,1,1,1,1,1,1,1,1,1,1,1,1,1,1,1,1,1,1,1,1,1,1,1,1,1,1,1,1,1,1,1,1,1,1,1,1]","[[1,1,1,1,1,1,1,1,1,1],[1,1,1,1,1,1,1,1,1,1],[1,1,1,1,1,1,1,1,1,1],[1,1,1,1,0,1,1,1,1,1],[1,1,1,1,0,1,1,1,1,1],[0,1,1,1,0,1,1,1,1,1],[1,1,1,1,1,1,1,1,1,1],[1,1,2,2,1,1,1,1,1,1],[1,2,2,2,2,1,1,1,1,1],[2,2,2,2,2,1,1,1,1,1],[2,2,2,2,2,1,1,1,1,1],[2,2,2,2,2,1,1,1,1,1],[2,2,2,2,2,1,1,1,1,1],[0,2,2,0,0,1,1,1,1,1],[0,0,0,1,1,1,1,1,1,1],[1,1,1,1,1,1,1,1,1,1],[1,1,1,1,1,1,1,1,1,1],[1,1,1,1,1,1,1,1,1,1]]",631f0e0b5c97b4ae11feb17145bdab91f57d62785105f205b6e0c7f19f0c1a3d,15da216552b4cfea918047a7df61cbefcef1478be37754a079fdc1a1303a6d55,merged_copper_v5,"[0.0,3.0,6.0,9.0,12.0,15.0]",classified,6,0.37889814274861133,0.3508347482033758,0.4381751623851617,0.23051159224006515,0.8707406437252049,0.43514466159246723,5.494284823178923,B1,0.43514466159246723,4.024736699997447,2.6120880000526085,81.96195940001053,0.19044119998579845,89.36556050000945,20023,38800,758,798,54,4.2,completed,6,,,2026-08-08T17:01:32.217+02:00,2026-08-08T17:01:32.312+02:00,2026-08-08T17:03:08.769+02:00
39,S000039,band_supplement_300_20260808_001,C000038,candidate,f5f079a0b250ba1dea774466ae413253ccab7b2c5a90ebbc3d1bbd0d7a43c4a2,"[2,0,0,0,0,0,0,1,1,1,2,0,0,0,0,0,0,1,1,1,2,2,2,2,2,1,0,1,1,1,2,2,2,0,2,1,1,1,1,1,2,2,2,0,2,1,1,1,1,1,2,2,2,0,2,1,1,1,1,1,2,0,2,0,1,1,1,1,1,1,0,0,0,0,0,1,1,1,1,1,0,0,0,0,0,0,1,1,1,1,0,0,0,0,0,1,1,1,1,1,0,0,0,0,0,1,1,1,1,1,0,0,0,0,0,0,1,1,1,1,0,0,0,0,1,1,1,1,1,1,0,0,0,0,0,1,0,1,1,1,0,0,0,0,0,1,1,1,1,1,0,0,0,0,0,1,1,1,1,1,0,0,0,0,1,1,1,1,1,1,0,0,0,0,0,1,1,1,1,1]","[[2,0,0,0,0,0,0,1,1,1],[2,0,0,0,0,0,0,1,1,1],[2,2,2,2,2,1,0,1,1,1],[2,2,2,0,2,1,1,1,1,1],[2,2,2,0,2,1,1,1,1,1],[2,2,2,0,2,1,1,1,1,1],[2,0,2,0,1,1,1,1,1,1],[0,0,0,0,0,1,1,1,1,1],[0,0,0,0,0,0,1,1,1,1],[0,0,0,0,0,1,1,1,1,1],[0,0,0,0,0,1,1,1,1,1],[0,0,0,0,0,0,1,1,1,1],[0,0,0,0,1,1,1,1,1,1],[0,0,0,0,0,1,0,1,1,1],[0,0,0,0,0,1,1,1,1,1],[0,0,0,0,0,1,1,1,1,1],[0,0,0,0,1,1,1,1,1,1],[0,0,0,0,0,1,1,1,1,1]]",87595be9448038c5ef7000a6af46160663ba769ffc2c14868d3b8d6955e6f19a,15da216552b4cfea918047a7df61cbefcef1478be37754a079fdc1a1303a6d55,merged_copper_v5,"[0.0,3.0,6.0,9.0,12.0,15.0]",classified,6,0.5981080670893084,0.4170078818092612,0.7158337624592163,0.49961854235504727,0.8707406437252049,0.6868957724661627,3.0232677190351938,B3,0.6868957724661627,5.855205300002126,3.335118599992711,122.90457590002916,0.2541963999683503,133.10076660005143,25645,50052,914,948,48,4.2,completed,6,,,2026-08-08T17:04:13.000+02:00,2026-08-08T17:04:13.442+02:00,2026-08-08T17:06:34.113+02:00
40,S000040,band_supplement_300_20260808_001,C000039,candidate,b0dd3563c2c41d03072ed0e295540ed0083ca0c9ce31ec49dfb5c6be52eca76f,"[0,0,0,0,0,0,0,0,0,0,0,0,0,0,0,0,0,1,0,0,0,0,0,0,0,0,0,1,0,0,0,2,2,2,0,0,0,1,1,1,0,2,2,2,0,1,1,1,1,1,0,2,2,2,0,0,1,1,1,1,2,2,2,2,2,0,1,1,1,1,2,2,2,2,2,0,1,1,1,1,2,2,2,2,2,0,1,1,1,1,2,2,2,2,2,0,1,1,1,1,2,2,2,2,2,0,1,1,1,1,2,2,2,2,2,0,1,1,1,1,2,2,2,2,2,1,1,1,1,1,2,2,2,0,0,1,0,1,1,1,0,0,0,0,0,0,1,1,1,1,0,0,0,0,0,0,0,1,1,1,0,0,0,0,0,0,1,1,1,1,0,0,0,0,1,0,0,1,1,1]","[[0,0,0,0,0,0,0,0,0,0],[0,0,0,0,0,0,0,1,0,0],[0,0,0,0,0,0,0,1,0,0],[0,2,2,2,0,0,0,1,1,1],[0,2,2,2,0,1,1,1,1,1],[0,2,2,2,0,0,1,1,1,1],[2,2,2,2,2,0,1,1,1,1],[2,2,2,2,2,0,1,1,1,1],[2,2,2,2,2,0,1,1,1,1],[2,2,2,2,2,0,1,1,1,1],[2,2,2,2,2,0,1,1,1,1],[2,2,2,2,2,0,1,1,1,1],[2,2,2,2,2,1,1,1,1,1],[2,2,2,0,0,1,0,1,1,1],[0,0,0,0,0,0,1,1,1,1],[0,0,0,0,0,0,0,1,1,1],[0,0,0,0,0,0,1,1,1,1],[0,0,0,0,1,0,0,1,1,1]]",85a16d6398d2dcae52439003b120ec95173f811e6854eaf8264aa2da1349c01c,15da216552b4cfea918047a7df61cbefcef1478be37754a079fdc1a1303a6d55,merged_copper_v5,"[0.0,3.0,6.0,9.0,12.0,15.0]",classified,6,0.3691081974407697,0.330832456286038,0.4119646284717279,0.21980593427137043,0.8707406437252049,0.4239014224277508,5.60595348155825,B1,0.4239014224277508,9.062330199987628,3.3062044999969658,83.59818919998361,0.27195920000667684,96.98800640003174,25146,49070,908,954,54,4.2,completed,6,,,2026-08-08T17:04:13.086+02:00,2026-08-08T17:04:13.470+02:00,2026-08-08T17:05:58.783+02:00
41,S000041,band_supplement_300_20260808_001,C000040,candidate,e4f79e6422c0799daf7ea6a97998d90848e703c5c434e65d71e536a5726b600d,"[2,2,2,2,2,2,2,1,1,1,2,2,2,2,2,2,2,2,1,1,2,2,2,0,0,1,1,1,1,1,2,1,2,2,0,1,1,1,1,1,2,1,1,1,1,1,1,1,1,1,2,2,1,1,0,0,1,1,1,1,1,1,1,1,1,1,1,1,1,1,0,1,1,1,1,0,1,1,1,1,1,1,1,1,0,1,1,1,1,1,1,1,1,1,0,0,1,1,1,1,1,1,1,1,1,0,1,1,1,1,1,1,1,1,1,0,1,1,1,1,0,1,1,1,1,0,0,0,1,1,0,0,1,1,0,0,0,0,1,1,0,0,1,0,0,0,0,0,0,1,0,0,1,1,0,0,0,0,0,1,0,0,0,0,0,0,0,0,1,1,0,0,0,0,0,0,0,0,1,1]","[[2,2,2,2,2,2,2,1,1,1],[2,2,2,2,2,2,2,2,1,1],[2,2,2,0,0,1,1,1,1,1],[2,1,2,2,0,1,1,1,1,1],[2,1,1,1,1,1,1,1,1,1],[2,2,1,1,0,0,1,1,1,1],[1,1,1,1,1,1,1,1,1,1],[0,1,1,1,1,0,1,1,1,1],[1,1,1,1,0,1,1,1,1,1],[1,1,1,1,0,0,1,1,1,1],[1,1,1,1,1,0,1,1,1,1],[1,1,1,1,1,0,1,1,1,1],[0,1,1,1,1,0,0,0,1,1],[0,0,1,1,0,0,0,0,1,1],[0,0,1,0,0,0,0,0,0,1],[0,0,1,1,0,0,0,0,0,1],[0,0,0,0,0,0,0,0,1,1],[0,0,0,0,0,0,0,0,1,1]]",7b305d85bdc60951a56c925107f6cde5068aac55969ae18c8c03bc03447845e2,15da216552b4cfea918047a7df61cbefcef1478be37754a079fdc1a1303a6d55,merged_copper_v5,"[0.0,3.0,6.0,9.0,12.0,15.0]",classified,6,0.6125761881439402,0.4451999362684831,0.7341886328371791,0.47175959849877613,0.8707406437252049,0.7035116513261804,2.8145572619960237,B4,0.7035116513261804,7.1424162999901455,3.2104718000337016,247.66671720001614,0.2421934000449255,259.0445562999812,26620,52000,1034,1080,60,4.2,completed,6,,,2026-08-08T17:04:13.185+02:00,2026-08-08T17:04:13.486+02:00,2026-08-08T17:08:39.592+02:00
42,S000042,band_supplement_300_20260808_001,C000041,candidate,53ab919cb00b234e0675384e2ccba59944facdcc89b9faa07eeb3739bdc6e0ce,"[2,2,2,2,2,2,2,2,2,2,2,2,2,2,2,2,2,2,2,2,2,2,2,0,0,1,1,1,2,2,2,1,2,2,0,1,1,1,2,1,2,1,1,1,1,1,1,1,1,1,2,2,1,1,0,0,1,1,1,1,1,1,1,1,1,1,1,1,1,1,0,1,1,1,1,0,1,1,1,1,1,1,1,1,0,1,1,1,1,1,1,1,1,1,1,1,1,1,1,1,1,1,1,1,1,1,1,1,1,1,1,1,1,1,1,1,1,1,1,1,0,1,1,1,1,1,1,0,1,1,0,0,1,1,1,1,0,0,1,1,0,0,1,1,1,1,0,0,0,1,0,0,1,1,0,0,0,0,0,1,0,0,0,0,0,0,0,0,1,1,0,0,0,0,0,0,0,0,1,1]","[[2,2,2,2,2,2,2,2,2,2],[2,2,2,2,2,2,2,2,2,2],[2,2,2,0,0,1,1,1,2,2],[2,1,2,2,0,1,1,1,2,1],[2,1,1,1,1,1,1,1,1,1],[2,2,1,1,0,0,1,1,1,1],[1,1,1,1,1,1,1,1,1,1],[0,1,1,1,1,0,1,1,1,1],[1,1,1,1,0,1,1,1,1,1],[1,1,1,1,1,1,1,1,1,1],[1,1,1,1,1,1,1,1,1,1],[1,1,1,1,1,1,1,1,1,1],[0,1,1,1,1,1,1,0,1,1],[0,0,1,1,1,1,0,0,1,1],[0,0,1,1,1,1,0,0,0,1],[0,0,1,1,0,0,0,0,0,1],[0,0,0,0,0,0,0,0,1,1],[0,0,0,0,0,0,0,0,1,1]]",50b56583741ef19fb5e12560d9ea05904949a5d8a2d6fb020d46f2266bf15530,15da216552b4cfea918047a7df61cbefcef1478be37754a079fdc1a1303a6d55,merged_copper_v5,"[0.0,3.0,6.0,9.0,12.0,15.0]",classified,6,0.22657033018623876,0.2002574612949666,0.2536691968011915,0.23574020244539928,0.8707406437252049,0.26020415128082797,7.403611090413915,B1,0.26020415128082797,8.036194399988744,3.49908499995945,110.24354489997495,0.23354950002976693,122.78477299999213,26386,51540,1058,1104,66,4.2,completed,6,,,2026-08-08T17:04:13.285+02:00,2026-08-08T17:04:13.501+02:00,2026-08-08T17:06:23.616+02:00
43,S000043,band_supplement_300_20260808_001,C000042,candidate,6951302e39e1e7cba3f3696b41364463a2e8b3412f6621db08fe531517dcd336,"[2,0,0,0,0,0,0,0,1,1,2,0,0,0,0,1,1,1,1,1,2,2,2,2,2,1,1,1,1,1,2,2,2,2,2,1,1,1,1,1,2,2,2,2,2,1,1,1,1,1,2,2,2,2,2,2,1,1,1,1,2,2,2,2,2,2,1,1,1,1,2,2,2,2,2,2,1,1,1,1,2,2,2,2,2,2,1,1,1,1,1,2,2,2,2,2,1,1,1,1,1,1,2,2,2,2,2,1,1,1,1,1,1,1,1,2,2,1,1,1,1,1,1,1,1,1,2,1,1,1,1,1,1,1,1,1,0,1,1,1,1,1,1,1,1,1,1,1,1,1,1,1,1,1,1,1,1,1,1,1,1,1,1,1,1,1,1,1,1,1,1,1,1,1,1,1,1,1,1,1]","[[2,0,0,0,0,0,0,0,1,1],[2,0,0,0,0,1,1,1,1,1],[2,2,2,2,2,1,1,1,1,1],[2,2,2,2,2,1,1,1,1,1],[2,2,2,2,2,1,1,1,1,1],[2,2,2,2,2,2,1,1,1,1],[2,2,2,2,2,2,1,1,1,1],[2,2,2,2,2,2,1,1,1,1],[2,2,2,2,2,2,1,1,1,1],[1,2,2,2,2,2,1,1,1,1],[1,1,2,2,2,2,2,1,1,1],[1,1,1,1,1,2,2,1,1,1],[1,1,1,1,1,1,2,1,1,1],[1,1,1,1,1,1,0,1,1,1],[1,1,1,1,1,1,1,1,1,1],[1,1,1,1,1,1,1,1,1,1],[1,1,1,1,1,1,1,1,1,1],[1,1,1,1,1,1,1,1,1,1]]",5f25393cd27713dd0d511a05aed2b284687b3e5cca1f6f4e098c378ea5b5a04e,15da216552b4cfea918047a7df61cbefcef1478be37754a079fdc1a1303a6d55,merged_copper_v5,"[0.0,3.0,6.0,9.0,12.0,15.0]",classified,6,0.6210492569371058,0.5282614950672171,0.7318789353239628,0.3278603717536791,0.8707406437252049,0.7132425268219148,2.5647446753363576,B4,0.7132425268219148,9.81366889999481,3.123433800006751,88.15793059999123,0.24879680000594817,102.07212039994192,23034,44828,884,918,42,4.2,completed,6,,,2026-08-08T17:04:13.400+02:00,2026-08-08T17:04:13.533+02:00,2026-08-08T17:06:04.464+02:00
44,S000044,band_supplement_300_20260808_001,C000043,candidate,31325d51914b186f86032e548dff11370ba9dccddec9d962e8faaf3f66fbf1ea,"[0,0,0,0,0,0,0,1,1,1,0,0,0,0,0,0,0,1,1,1,0,2,2,2,2,1,0,1,1,1,0,2,2,0,2,1,1,1,1,1,2,2,2,0,2,1,1,1,1,1,2,2,2,0,2,1,1,1,1,1,2,0,2,0,1,1,1,1,1,1,0,0,0,0,0,1,1,1,1,1,0,0,0,0,0,0,1,1,1,1,0,0,0,0,0,1,1,1,1,1,0,1,0,0,0,1,1,1,1,1,1,1,1,1,1,1,1,1,1,1,1,1,1,1,1,1,1,1,1,1,1,1,1,1,1,1,0,1,1,1,1,1,1,1,1,1,1,1,1,1,1,1,0,0,0,1,1,1,1,1,1,0,0,0,1,1,1,1,1,1,1,1,1,0,0,1,1,1,1,1]","[[0,0,0,0,0,0,0,1,1,1],[0,0,0,0,0,0,0,1,1,1],[0,2,2,2,2,1,0,1,1,1],[0,2,2,0,2,1,1,1,1,1],[2,2,2,0,2,1,1,1,1,1],[2,2,2,0,2,1,1,1,1,1],[2,0,2,0,1,1,1,1,1,1],[0,0,0,0,0,1,1,1,1,1],[0,0,0,0,0,0,1,1,1,1],[0,0,0,0,0,1,1,1,1,1],[0,1,0,0,0,1,1,1,1,1],[1,1,1,1,1,1,1,1,1,1],[1,1,1,1,1,1,1,1,1,1],[1,1,1,1,1,1,0,1,1,1],[1,1,1,1,1,1,1,1,1,1],[1,1,0,0,0,1,1,1,1,1],[1,0,0,0,1,1,1,1,1,1],[1,1,1,0,0,1,1,1,1,1]]",316c127ea404607676677b4c7271074b9c28960e5c85c49c8b2527342076b92d,15da216552b4cfea918047a7df61cbefcef1478be37754a079fdc1a1303a6d55,merged_copper_v5,"[0.0,3.0,6.0,9.0,12.0,15.0]",classified,6,0.6532432337009885,0.511380232644112,0.7573821236744265,0.37658544067356975,0.8707406437252049,0.7502156220780984,2.2110450347077144,B4,0.7502156220780984,2.192049600009341,2.9423949000192806,112.76350210001692,0.23429540000506677,118.83461380001972,25775,50316,938,978,54,4.2,completed,6,,,2026-08-08T17:08:39.839+02:00,2026-08-08T17:08:39.882+02:00,2026-08-08T17:10:44.316+02:00
45,S000045,band_supplement_300_20260808_001,C000044,candidate,c9a265df213f0382c7637ce2f6082550f2bceb3fddce8489486c22600833fb1e,"[2,1,1,1,1,1,1,1,1,1,2,1,1,1,1,1,1,1,1,1,2,2,2,0,0,1,1,1,1,1,2,0,2,2,0,1,1,1,1,1,2,0,0,0,0,0,0,0,1,1,2,2,0,0,0,0,0,0,1,1,0,0,0,0,0,0,0,1,1,1,0,1,0,0,0,0,1,1,1,1,1,1,1,1,0,1,1,1,1,1,1,1,1,1,1,1,1,1,1,1,1,0,0,1,1,1,1,1,1,1,1,0,0,0,1,1,1,1,1,1,0,0,1,1,1,1,1,0,1,1,0,0,1,1,1,1,0,0,1,1,0,0,1,1,1,1,0,0,0,1,0,0,1,1,0,0,0,0,0,1,0,0,0,0,0,0,0,0,1,1,0,0,0,0,0,0,0,0,1,1]","[[2,1,1,1,1,1,1,1,1,1],[2,1,1,1,1,1,1,1,1,1],[2,2,2,0,0,1,1,1,1,1],[2,0,2,2,0,1,1,1,1,1],[2,0,0,0,0,0,0,0,1,1],[2,2,0,0,0,0,0,0,1,1],[0,0,0,0,0,0,0,1,1,1],[0,1,0,0,0,0,1,1,1,1],[1,1,1,1,0,1,1,1,1,1],[1,1,1,1,1,1,1,1,1,1],[1,0,0,1,1,1,1,1,1,1],[1,0,0,0,1,1,1,1,1,1],[0,0,1,1,1,1,1,0,1,1],[0,0,1,1,1,1,0,0,1,1],[0,0,1,1,1,1,0,0,0,1],[0,0,1,1,0,0,0,0,0,1],[0,0,0,0,0,0,0,0,1,1],[0,0,0,0,0,0,0,0,1,1]]",be93b0ec2c263ecf083bd4436eecc1e402a9886675b5b78aba8676b3df98d4bb,15da216552b4cfea918047a7df61cbefcef1478be37754a079fdc1a1303a6d55,merged_copper_v5,"[0.0,3.0,6.0,9.0,12.0,15.0]",classified,6,0.70724976830396,0.6533633636183647,0.7408416720859252,0.12368799876363387,0.8707406437252049,0.8122392969716014,1.2830659102606357,B5,0.8122392969716014,4.186921299988171,3.34552219993202,236.59825370000908,0.24058599999989383,245.16033429998788,25950,50668,968,1002,42,4.2,completed,6,,,2026-08-08T17:10:44.579+02:00,2026-08-08T17:10:45.096+02:00,2026-08-08T17:14:57.685+02:00
46,S000046,band_supplement_300_20260808_001,C000045,candidate,df63400bf117e73d8235792800385643f2b65791ff71f717d097a456dab8710b,"[2,0,0,0,0,0,1,1,1,1,2,0,0,0,0,0,0,1,1,1,2,2,2,0,0,1,1,1,1,1,2,0,2,2,0,1,1,1,1,1,2,0,0,0,0,1,1,1,1,1,2,2,1,0,0,0,1,1,1,1,0,0,1,0,0,1,1,1,1,1,0,1,1,0,0,0,1,1,1,1,1,1,1,1,0,1,1,1,1,1,1,1,1,1,1,1,1,1,1,1,1,1,1,1,1,1,1,1,1,1,1,1,1,1,1,1,1,1,1,1,0,1,1,1,1,1,1,0,1,1,0,0,1,1,1,1,0,0,1,1,0,0,1,0,1,1,0,0,0,1,0,0,0,0,0,0,0,0,0,1,0,0,0,0,0,0,0,0,1,1,0,0,0,0,0,0,0,0,1,1]","[[2,0,0,0,0,0,1,1,1,1],[2,0,0,0,0,0,0,1,1,1],[2,2,2,0,0,1,1,1,1,1],[2,0,2,2,0,1,1,1,1,1],[2,0,0,0,0,1,1,1,1,1],[2,2,1,0,0,0,1,1,1,1],[0,0,1,0,0,1,1,1,1,1],[0,1,1,0,0,0,1,1,1,1],[1,1,1,1,0,1,1,1,1,1],[1,1,1,1,1,1,1,1,1,1],[1,1,1,1,1,1,1,1,1,1],[1,1,1,1,1,1,1,1,1,1],[0,1,1,1,1,1,1,0,1,1],[0,0,1,1,1,1,0,0,1,1],[0,0,1,0,1,1,0,0,0,1],[0,0,0,0,0,0,0,0,0,1],[0,0,0,0,0,0,0,0,1,1],[0,0,0,0,0,0,0,0,1,1]]",433cac388640f689ff50ae227d966aa5a9039affaf116a7203f445a701814165,15da216552b4cfea918047a7df61cbefcef1478be37754a079fdc1a1303a6d55,merged_copper_v5,"[0.0,3.0,6.0,9.0,12.0,15.0]",classified,6,0.7148401658755797,0.6960271255853889,0.7606419574509338,0.09039060051473277,0.8707406437252049,0.8209564708239053,1.154888542366488,B5,0.8209564708239053,5.0790357000078075,3.403273400006583,154.590752899996,0.24928240000735968,164.12971799998195,26288,51336,938,978,48,4.2,completed,6,,,2026-08-08T17:10:44.680+02:00,2026-08-08T17:10:45.117+02:00,2026-08-08T17:13:37.477+02:00
47,S000047,band_supplement_300_20260808_001,C000046,candidate,4a462084d3fac2199e3c145a3cb3a4c1dad4312263bce87ac2c84758b5a8f1d7,"[2,2,1,1,1,1,1,1,1,1,2,2,2,1,1,1,1,1,1,1,2,2,2,2,2,1,1,1,1,1,2,2,2,2,2,1,1,1,1,1,2,2,2,2,2,1,1,1,1,1,2,2,2,2,2,2,1,1,1,1,2,2,2,2,2,2,1,1,1,1,2,2,2,2,2,2,1,1,1,1,2,2,2,2,2,2,1,1,1,1,0,2,2,2,2,0,1,1,1,1,0,0,2,2,2,0,1,1,1,1,0,0,0,0,0,0,1,1,1,1,0,0,0,0,0,1,1,1,1,1,0,0,0,1,0,1,0,1,1,1,0,0,0,1,1,1,1,1,1,1,0,0,1,1,1,1,1,1,1,1,2,2,2,0,1,1,1,1,1,1,0,0,2,0,1,1,1,1,1,1]","[[2,2,1,1,1,1,1,1,1,1],[2,2,2,1,1,1,1,1,1,1],[2,2,2,2,2,1,1,1,1,1],[2,2,2,2,2,1,1,1,1,1],[2,2,2,2,2,1,1,1,1,1],[2,2,2,2,2,2,1,1,1,1],[2,2,2,2,2,2,1,1,1,1],[2,2,2,2,2,2,1,1,1,1],[2,2,2,2,2,2,1,1,1,1],[0,2,2,2,2,0,1,1,1,1],[0,0,2,2,2,0,1,1,1,1],[0,0,0,0,0,0,1,1,1,1],[0,0,0,0,0,1,1,1,1,1],[0,0,0,1,0,1,0,1,1,1],[0,0,0,1,1,1,1,1,1,1],[0,0,1,1,1,1,1,1,1,1],[2,2,2,0,1,1,1,1,1,1],[0,0,2,0,1,1,1,1,1,1]]",9b88d2f054e9aa077260cdc44899bec1a0431020bc15178b4b91d59b2a58e95e,15da216552b4cfea918047a7df61cbefcef1478be37754a079fdc1a1303a6d55,merged_copper_v5,"[0.0,3.0,6.0,9.0,12.0,15.0]",classified,6,0.6856729452168758,0.6013557338979336,0.7110744251229172,0.16001607178810293,0.8707406437252049,0.7874594463437793,1.5891042718736559,B4,0.7874594463437793,9.114415799995186,3.4510109999973793,204.681742799934,0.23585590001312084,218.26405470003374,26276,51322,974,1020,66,4.2,completed,6,,,2026-08-08T17:10:44.779+02:00,2026-08-08T17:10:45.137+02:00,2026-08-08T17:14:32.420+02:00
48,S000048,band_supplement_300_20260808_001,C000047,candidate,9877e1ce597096a56c4eff3af0ca039730b648d63eac502ed717316d21b12e1e,"[2,2,1,1,1,1,1,1,1,1,2,2,2,1,1,1,1,1,1,1,2,2,2,2,2,1,1,1,1,1,2,2,2,2,2,1,1,1,1,1,2,2,2,2,2,1,1,1,1,1,2,2,2,2,2,2,1,1,1,1,2,2,2,2,0,0,1,1,1,1,2,2,2,2,0,0,1,1,1,1,2,2,2,2,2,2,1,1,1,1,0,2,2,2,2,0,1,1,1,1,0,0,2,2,2,0,1,1,1,1,0,0,0,0,0,0,1,1,1,1,0,0,0,0,0,1,1,1,1,1,0,0,0,1,0,1,0,1,1,1,0,0,0,1,1,1,1,1,1,1,0,0,1,1,1,1,1,1,1,1,0,0,0,0,1,1,1,1,1,1,0,0,0,0,1,1,1,1,1,1]","[[2,2,1,1,1,1,1,1,1,1],[2,2,2,1,1,1,1,1,1,1],[2,2,2,2,2,1,1,1,1,1],[2,2,2,2,2,1,1,1,1,1],[2,2,2,2,2,1,1,1,1,1],[2,2,2,2,2,2,1,1,1,1],[2,2,2,2,0,0,1,1,1,1],[2,2,2,2,0,0,1,1,1,1],[2,2,2,2,2,2,1,1,1,1],[0,2,2,2,2,0,1,1,1,1],[0,0,2,2,2,0,1,1,1,1],[0,0,0,0,0,0,1,1,1,1],[0,0,0,0,0,1,1,1,1,1],[0,0,0,1,0,1,0,1,1,1],[0,0,0,1,1,1,1,1,1,1],[0,0,1,1,1,1,1,1,1,1],[0,0,0,0,1,1,1,1,1,1],[0,0,0,0,1,1,1,1,1,1]]",3fce8c806250e2da9919d9da0003b5d02254e7d1634ea5e2e3bab2d9b41da43f,15da216552b4cfea918047a7df61cbefcef1478be37754a079fdc1a1303a6d55,merged_copper_v5,"[0.0,3.0,6.0,9.0,12.0,15.0]",classified,6,0.6977683635386462,0.6196456493379238,0.7193668547193444,0.14291448364855178,0.8707406437252049,0.8013504004515648,1.420809954711976,B5,0.8013504004515648,8.687657900009071,3.465166499983752,165.762930100027,0.27570350002497435,179.0032007000118,25176,49126,956,990,48,4.2,completed,6,,,2026-08-08T17:10:44.933+02:00,2026-08-08T17:10:45.163+02:00,2026-08-08T17:13:51.963+02:00
49,S000049,band_supplement_300_20260808_001,C000048,candidate,70c35ec443f154a072d4ec0e34409cdd85e91a9168b872fbcac766faa31b0e74,"[2,1,1,1,1,1,1,1,1,1,2,1,1,1,1,1,1,1,1,1,2,2,2,0,0,1,1,1,1,1,2,0,2,2,0,1,1,1,1,1,2,0,0,0,0,0,1,1,1,1,2,2,0,0,0,0,1,1,1,1,0,0,0,0,0,0,0,1,1,1,0,1,0,0,0,0,1,1,1,1,1,1,1,1,0,1,1,1,1,1,1,1,1,1,1,1,1,1,1,1,1,1,0,1,1,1,1,1,1,1,1,1,0,0,1,1,1,1,1,1,0,1,1,1,1,1,1,0,1,1,0,0,1,1,1,1,0,0,1,1,0,0,1,1,1,1,0,0,0,1,0,0,1,1,0,0,0,0,0,1,0,0,0,0,0,0,0,0,1,1,0,0,0,0,0,0,0,0,1,1]","[[2,1,1,1,1,1,1,1,1,1],[2,1,1,1,1,1,1,1,1,1],[2,2,2,0,0,1,1,1,1,1],[2,0,2,2,0,1,1,1,1,1],[2,0,0,0,0,0,1,1,1,1],[2,2,0,0,0,0,1,1,1,1],[0,0,0,0,0,0,0,1,1,1],[0,1,0,0,0,0,1,1,1,1],[1,1,1,1,0,1,1,1,1,1],[1,1,1,1,1,1,1,1,1,1],[1,1,0,1,1,1,1,1,1,1],[1,1,0,0,1,1,1,1,1,1],[0,1,1,1,1,1,1,0,1,1],[0,0,1,1,1,1,0,0,1,1],[0,0,1,1,1,1,0,0,0,1],[0,0,1,1,0,0,0,0,0,1],[0,0,0,0,0,0,0,0,1,1],[0,0,0,0,0,0,0,0,1,1]]",8358baf7c7c30f6700f344aaf8f8fbe68cd22f013a35fca19549073421196820,15da216552b4cfea918047a7df61cbefcef1478be37754a079fdc1a1303a6d55,merged_copper_v5,"[0.0,3.0,6.0,9.0,12.0,15.0]",classified,6,0.8475982954554334,0.8031101431743242,0.9135167070590886,0.13025812401550493,0.8707406437252049,0.9734222257378916,0.1302581393120051,B6,0.9734222257378916,4.987352700001793,3.2491518999740947,292.2654423999775,0.23345799994422123,301.4946074000036,26138,51040,956,990,48,4.2,completed,6,,,2026-08-08T17:10:45.049+02:00,2026-08-08T17:10:45.179+02:00,2026-08-08T17:15:54.391+02:00
50,S000050,band_supplement_300_20260808_001,C000049,candidate,d4a50f94ae37cf380ec6a10082366910af9e906546c1e5c952b7f0764b6fd3f4,"[2,2,2,1,1,1,1,1,1,1,2,2,1,1,1,1,1,1,1,1,2,2,0,0,0,0,1,1,0,0,2,2,0,0,0,0,1,1,1,1,2,2,0,0,0,0,2,1,1,1,2,2,0,0,2,2,2,1,1,1,2,2,2,2,1,1,2,1,1,1,2,2,2,2,1,1,1,1,1,1,2,2,2,2,2,2,1,1,1,1,2,2,2,2,2,2,1,1,1,1,2,2,2,2,2,2,1,1,1,1,2,2,2,2,2,2,1,1,1,1,2,2,2,2,2,2,1,0,1,1,2,2,2,1,2,2,1,1,1,1,0,1,0,1,2,2,1,1,1,1,0,1,1,1,1,1,1,1,1,1,0,0,1,1,1,1,1,1,1,1,1,1,1,1,1,1,1,1,1,1]","[[2,2,2,1,1,1,1,1,1,1],[2,2,1,1,1,1,1,1,1,1],[2,2,0,0,0,0,1,1,0,0],[2,2,0,0,0,0,1,1,1,1],[2,2,0,0,0,0,2,1,1,1],[2,2,0,0,2,2,2,1,1,1],[2,2,2,2,1,1,2,1,1,1],[2,2,2,2,1,1,1,1,1,1],[2,2,2,2,2,2,1,1,1,1],[2,2,2,2,2,2,1,1,1,1],[2,2,2,2,2,2,1,1,1,1],[2,2,2,2,2,2,1,1,1,1],[2,2,2,2,2,2,1,0,1,1],[2,2,2,1,2,2,1,1,1,1],[0,1,0,1,2,2,1,1,1,1],[0,1,1,1,1,1,1,1,1,1],[0,0,1,1,1,1,1,1,1,1],[1,1,1,1,1,1,1,1,1,1]]",3fecdfa05e1734b8d8127988569a9270ac7cb4d3059e0f5286858023db4173f0,15da216552b4cfea918047a7df61cbefcef1478be37754a079fdc1a1303a6d55,merged_copper_v5,"[0.0,3.0,6.0,9.0,12.0,15.0]",classified,6,0.6760035568911341,0.5747513014222997,0.7729782170615437,0.29323353940749625,0.8707406437252049,0.7763546605554714,1.8431890935648205,B4,0.7763546605554714,7.0095160999917425,3.5448495999444276,232.50669400003972,0.2394460999930743,244.09956000000238,29411,57598,1136,1188,72,4.2,completed,6,,,2026-08-08T17:15:54.653+02:00,2026-08-08T17:15:54.907+02:00,2026-08-08T17:20:05.009+02:00
51,S000051,band_supplement_300_20260808_001,C000050,candidate,74f04837cb3291b2a8f99a556d389a84114376c4ffe0a0beb65115c601bc3767,"[2,2,2,1,1,1,1,1,1,1,2,0,1,1,1,1,1,1,1,1,2,0,0,0,0,1,1,1,0,0,2,0,0,2,2,1,1,1,1,1,2,2,2,2,2,1,2,1,1,1,2,2,2,2,2,2,2,1,1,1,2,2,2,2,1,1,2,1,1,1,2,2,2,2,1,1,1,1,1,1,2,2,2,2,2,2,1,1,1,1,2,2,2,2,2,2,1,1,1,1,2,2,2,2,2,2,1,1,1,1,2,2,2,2,2,2,1,1,1,1,2,2,2,2,2,2,1,0,1,1,2,2,2,1,2,2,1,1,1,1,0,1,0,1,2,2,1,1,1,1,0,1,1,1,1,1,1,1,1,1,0,0,1,1,1,1,1,1,1,1,1,1,1,1,1,1,1,1,1,1]","[[2,2,2,1,1,1,1,1,1,1],[2,0,1,1,1,1,1,1,1,1],[2,0,0,0,0,1,1,1,0,0],[2,0,0,2,2,1,1,1,1,1],[2,2,2,2,2,1,2,1,1,1],[2,2,2,2,2,2,2,1,1,1],[2,2,2,2,1,1,2,1,1,1],[2,2,2,2,1,1,1,1,1,1],[2,2,2,2,2,2,1,1,1,1],[2,2,2,2,2,2,1,1,1,1],[2,2,2,2,2,2,1,1,1,1],[2,2,2,2,2,2,1,1,1,1],[2,2,2,2,2,2,1,0,1,1],[2,2,2,1,2,2,1,1,1,1],[0,1,0,1,2,2,1,1,1,1],[0,1,1,1,1,1,1,1,1,1],[0,0,1,1,1,1,1,1,1,1],[1,1,1,1,1,1,1,1,1,1]]",77b3e10745a83bddd3237930c0a9ff4a99034118ba100a8db385f74b16814a73,15da216552b4cfea918047a7df61cbefcef1478be37754a079fdc1a1303a6d55,merged_copper_v5,"[0.0,3.0,6.0,9.0,12.0,15.0]",classified,6,0.725113133056018,0.6074796741061326,0.8412618343528274,0.3224078417410683,0.8707406437252049,0.8327544352975613,1.2584936938373428,B5,0.8327544352975613,7.22627910002484,4.036521899950458,304.5094308000116,0.2413881000247784,316.84063559994684,30717,60212,1196,1242,60,4.2,completed,6,,,2026-08-08T17:15:54.760+02:00,2026-08-08T17:15:54.923+02:00,2026-08-08T17:21:18.385+02:00
52,S000052,band_supplement_300_20260808_001,C000051,candidate,f0da77e7e723d78c5a325c04d7ee614f4f4cbca73ee1754fa459525949c36a1c,"[2,2,1,1,1,1,1,1,1,1,2,2,2,1,1,1,1,1,1,1,2,2,2,2,2,1,1,1,1,1,2,2,2,2,2,1,1,1,1,1,2,2,2,2,2,1,1,1,1,1,2,2,2,2,2,2,1,1,1,1,2,2,2,2,2,2,1,1,1,1,2,2,2,2,2,2,1,1,1,1,2,2,2,2,2,2,1,1,1,1,0,2,2,2,2,0,1,1,1,1,0,0,2,2,2,0,1,1,1,1,0,1,1,1,1,1,1,1,1,1,1,1,1,1,1,1,1,1,1,1,0,0,1,1,1,1,0,1,1,1,0,0,0,1,1,1,1,1,1,1,0,0,1,1,1,1,1,1,1,1,0,0,0,0,1,1,1,1,1,1,0,0,0,0,1,1,1,1,1,1]","[[2,2,1,1,1,1,1,1,1,1],[2,2,2,1,1,1,1,1,1,1],[2,2,2,2,2,1,1,1,1,1],[2,2,2,2,2,1,1,1,1,1],[2,2,2,2,2,1,1,1,1,1],[2,2,2,2,2,2,1,1,1,1],[2,2,2,2,2,2,1,1,1,1],[2,2,2,2,2,2,1,1,1,1],[2,2,2,2,2,2,1,1,1,1],[0,2,2,2,2,0,1,1,1,1],[0,0,2,2,2,0,1,1,1,1],[0,1,1,1,1,1,1,1,1,1],[1,1,1,1,1,1,1,1,1,1],[0,0,1,1,1,1,0,1,1,1],[0,0,0,1,1,1,1,1,1,1],[0,0,1,1,1,1,1,1,1,1],[0,0,0,0,1,1,1,1,1,1],[0,0,0,0,1,1,1,1,1,1]]",88771ba153c91622924daca6de8742569f420e7480a922d9e3217a8f72b77294,15da216552b4cfea918047a7df61cbefcef1478be37754a079fdc1a1303a6d55,merged_copper_v5,"[0.0,3.0,6.0,9.0,12.0,15.0]",classified,6,0.8383109221336985,0.7757371853845613,0.9277840226005873,0.1813728453269237,0.8707406437252049,0.9627561641629987,0.18137286062342384,B6,0.9627561641629987,5.592836499999976,3.035022600000957,200.9400164000108,0.19858380005462095,210.4139046999917,23389,45534,866,906,54,4.2,completed,6,,,2026-08-08T17:15:54.854+02:00,2026-08-08T17:15:54.938+02:00,2026-08-08T17:19:31.846+02:00
53,S000053,band_supplement_300_20260808_001,C000052,candidate,c0be859ff6f46bda9e27348902510d993b078a343fcd56e6f5b352115f84db1c,"[2,2,2,2,1,1,1,1,1,1,2,0,2,2,2,1,1,1,1,1,2,2,2,2,2,1,1,1,1,1,2,2,1,1,1,1,1,1,1,1,2,2,1,1,1,1,1,1,1,1,2,2,1,1,1,1,1,1,1,1,2,2,1,2,2,2,1,1,1,1,2,2,2,2,2,2,1,1,1,1,2,2,2,2,2,2,1,1,1,1,1,2,2,2,2,1,1,1,1,1,1,1,2,2,2,1,1,1,1,1,1,1,1,1,1,1,1,1,1,1,1,1,1,1,1,1,1,1,1,1,1,1,1,1,1,1,0,1,1,1,1,1,1,1,1,1,1,1,1,1,1,1,0,0,0,1,1,1,1,1,1,0,0,0,1,1,1,1,1,1,1,1,1,0,0,1,1,1,1,1]","[[2,2,2,2,1,1,1,1,1,1],[2,0,2,2,2,1,1,1,1,1],[2,2,2,2,2,1,1,1,1,1],[2,2,1,1,1,1,1,1,1,1],[2,2,1,1,1,1,1,1,1,1],[2,2,1,1,1,1,1,1,1,1],[2,2,1,2,2,2,1,1,1,1],[2,2,2,2,2,2,1,1,1,1],[2,2,2,2,2,2,1,1,1,1],[1,2,2,2,2,1,1,1,1,1],[1,1,2,2,2,1,1,1,1,1],[1,1,1,1,1,1,1,1,1,1],[1,1,1,1,1,1,1,1,1,1],[1,1,1,1,1,1,0,1,1,1],[1,1,1,1,1,1,1,1,1,1],[1,1,0,0,0,1,1,1,1,1],[1,0,0,0,1,1,1,1,1,1],[1,1,1,0,0,1,1,1,1,1]]",9bde1fb7729a69a907c405efe1ba5da08a55e2e22139c51f2f04029f9ba5b764,15da216552b4cfea918047a7df61cbefcef1478be37754a079fdc1a1303a6d55,merged_copper_v5,"[0.0,3.0,6.0,9.0,12.0,15.0]",classified,6,0.8079705675535441,0.6568322169541637,0.9889746842750377,0.41108238425883364,0.8707406437252049,0.9279118568496841,0.41108239955533377,B6,0.9279118568496841,5.584205499995733,3.1422425000637304,207.34294890001183,0.21310690001701005,217.0140584000328,26664,52102,1052,1080,54,4.2,completed,6,,,2026-08-08T17:21:18.802+02:00,2026-08-08T17:21:19.149+02:00,2026-08-08T17:25:02.225+02:00
54,S000054,band_supplement_300_20260808_001,C000053,candidate,68cb02dce37503f8191dfb532450f6caa784c3a7b93db8d4b6347b4853c8402c,"[2,1,1,1,1,1,1,1,1,1,2,1,1,1,1,1,1,1,1,1,2,2,2,0,0,1,1,1,1,1,2,0,2,2,0,1,1,1,1,1,2,0,0,0,0,1,1,1,1,1,2,2,0,0,0,0,1,1,2,1,0,0,0,0,0,0,0,1,2,1,0,1,0,0,0,0,0,2,2,1,1,1,1,1,0,1,1,1,2,1,1,1,1,1,1,1,1,1,1,1,1,1,1,1,1,1,1,1,1,1,1,1,1,1,1,1,1,1,1,1,0,1,1,1,1,1,1,0,1,1,0,0,1,1,1,1,0,0,1,1,0,0,1,1,1,1,0,0,0,1,0,0,1,1,0,0,0,0,0,1,0,0,0,0,0,0,0,0,1,1,0,0,0,0,0,0,0,0,1,1]","[[2,1,1,1,1,1,1,1,1,1],[2,1,1,1,1,1,1,1,1,1],[2,2,2,0,0,1,1,1,1,1],[2,0,2,2,0,1,1,1,1,1],[2,0,0,0,0,1,1,1,1,1],[2,2,0,0,0,0,1,1,2,1],[0,0,0,0,0,0,0,1,2,1],[0,1,0,0,0,0,0,2,2,1],[1,1,1,1,0,1,1,1,2,1],[1,1,1,1,1,1,1,1,1,1],[1,1,1,1,1,1,1,1,1,1],[1,1,1,1,1,1,1,1,1,1],[0,1,1,1,1,1,1,0,1,1],[0,0,1,1,1,1,0,0,1,1],[0,0,1,1,1,1,0,0,0,1],[0,0,1,1,0,0,0,0,0,1],[0,0,0,0,0,0,0,0,1,1],[0,0,0,0,0,0,0,0,1,1]]",2d880b2359427de04b05e6d5957ccd8a1f2a4f36cd9f60567543b4882b8e7699,15da216552b4cfea918047a7df61cbefcef1478be37754a079fdc1a1303a6d55,merged_copper_v5,"[0.0,3.0,6.0,9.0,12.0,15.0]",classified,6,0.4882045523211181,0.4370393683152997,0.5190241651716185,0.16793124207164922,0.8707406437252049,0.56067734501571,4.065374353354174,B2,0.56067734501571,3.127636999997776,3.411700500000734,245.5551962000318,0.2435674000007566,253.14169009999023,29014,56794,1064,1104,54,4.2,completed,6,,,2026-08-08T17:21:18.949+02:00,2026-08-08T17:21:19.180+02:00,2026-08-08T17:25:38.894+02:00
55,S000055,band_supplement_300_20260808_001,C000054,candidate,3dea97a78188a1512aa6634baea6399aecd49e2640dff70cb1e2b3d33b91e600,"[2,1,1,1,1,1,1,1,1,1,2,1,1,1,1,1,1,1,1,1,2,2,2,2,2,1,1,1,1,1,2,2,2,2,2,1,1,1,1,1,2,2,2,2,2,1,1,1,1,1,2,2,2,2,2,2,1,1,1,1,2,2,2,2,2,2,1,1,1,1,2,2,2,2,2,2,1,1,1,1,2,2,2,2,2,2,1,1,1,1,0,2,2,2,2,0,2,2,1,1,0,0,2,2,2,0,2,1,1,1,0,0,0,0,0,0,2,1,1,1,0,0,0,0,0,0,2,1,1,1,0,0,0,0,0,0,0,1,1,1,0,0,0,0,0,0,0,0,1,1,0,1,0,0,0,0,0,1,1,1,0,1,1,0,0,1,1,1,1,1,1,1,1,1,1,1,1,1,1,1]","[[2,1,1,1,1,1,1,1,1,1],[2,1,1,1,1,1,1,1,1,1],[2,2,2,2,2,1,1,1,1,1],[2,2,2,2,2,1,1,1,1,1],[2,2,2,2,2,1,1,1,1,1],[2,2,2,2,2,2,1,1,1,1],[2,2,2,2,2,2,1,1,1,1],[2,2,2,2,2,2,1,1,1,1],[2,2,2,2,2,2,1,1,1,1],[0,2,2,2,2,0,2,2,1,1],[0,0,2,2,2,0,2,1,1,1],[0,0,0,0,0,0,2,1,1,1],[0,0,0,0,0,0,2,1,1,1],[0,0,0,0,0,0,0,1,1,1],[0,0,0,0,0,0,0,0,1,1],[0,1,0,0,0,0,0,1,1,1],[0,1,1,0,0,1,1,1,1,1],[1,1,1,1,1,1,1,1,1,1]]",9f8633e5432a96fbe749c7c4556205e8b3a1d761d4a2062cd76920efad58e2a3,15da216552b4cfea918047a7df61cbefcef1478be37754a079fdc1a1303a6d55,merged_copper_v5,"[0.0,3.0,6.0,9.0,12.0,15.0]",classified,6,0.7325041107898905,0.6830776654735344,0.7617269991008215,0.10737050136479938,0.8707406437252049,0.8412425859163867,0.951069131787667,B5,0.8412425859163867,5.615258499979973,3.1062963000149466,128.0115736000007,0.23150779999559745,137.6657247999392,26256,51276,998,1032,48,4.2,completed,6,,,2026-08-08T17:21:19.102+02:00,2026-08-08T17:21:19.203+02:00,2026-08-08T17:23:43.159+02:00
56,S000056,band_supplement_300_20260808_001,C000055,candidate,a381b0e8e22103a8501d13305e477f5c953601916d00dcc7c4fadaaf951fe190,"[2,1,1,1,1,1,1,1,1,1,2,1,1,1,1,1,1,1,1,1,2,2,2,2,2,1,1,1,1,1,2,2,2,2,2,1,1,1,1,1,2,2,2,2,2,1,1,1,1,1,2,2,2,0,2,2,1,1,1,1,2,2,2,0,0,2,1,1,1,1,2,2,2,0,2,2,1,1,1,1,2,2,2,2,2,2,1,1,1,1,2,2,2,2,2,1,1,1,1,1,2,0,2,2,2,1,1,1,1,1,2,2,1,1,1,1,1,1,1,1,1,1,1,1,1,1,1,1,1,1,1,1,1,1,1,1,0,1,1,1,1,1,1,1,1,1,1,1,1,1,1,1,0,0,0,1,1,1,1,1,1,0,0,0,1,1,1,1,1,1,1,1,1,0,0,1,1,1,1,1]","[[2,1,1,1,1,1,1,1,1,1],[2,1,1,1,1,1,1,1,1,1],[2,2,2,2,2,1,1,1,1,1],[2,2,2,2,2,1,1,1,1,1],[2,2,2,2,2,1,1,1,1,1],[2,2,2,0,2,2,1,1,1,1],[2,2,2,0,0,2,1,1,1,1],[2,2,2,0,2,2,1,1,1,1],[2,2,2,2,2,2,1,1,1,1],[2,2,2,2,2,1,1,1,1,1],[2,0,2,2,2,1,1,1,1,1],[2,2,1,1,1,1,1,1,1,1],[1,1,1,1,1,1,1,1,1,1],[1,1,1,1,1,1,0,1,1,1],[1,1,1,1,1,1,1,1,1,1],[1,1,0,0,0,1,1,1,1,1],[1,0,0,0,1,1,1,1,1,1],[1,1,1,0,0,1,1,1,1,1]]",901f0ded10f5610b0ecd6da27acc351e2103bd5081f2cefecc37a271bb0f6564,15da216552b4cfea918047a7df61cbefcef1478be37754a079fdc1a1303a6d55,merged_copper_v5,"[0.0,3.0,6.0,9.0,12.0,15.0]",classified,6,0.8634779989722373,0.8235769916983154,0.9301101581947087,0.1233768163441284,0.8707406437252049,0.991659233084726,0.12337683164062854,B6,0.991659233084726,10.64133949999814,3.448614000022644,239.41037989992765,0.24276449999888428,254.53952629998093,28497,55776,1106,1140,60,4.2,completed,6,,,2026-08-08T17:25:39.188+02:00,2026-08-08T17:25:39.643+02:00,2026-08-08T17:30:00.405+02:00
57,S000057,band_supplement_300_20260808_001,C000056,candidate,7908a97d1d49eb21d29287c6f3340705e038921bfe349b30ea679e59ef0a39a7,"[0,1,1,1,1,1,1,1,1,1,0,1,1,1,1,1,1,1,1,1,0,0,0,1,2,2,1,1,1,1,0,2,2,2,2,1,1,1,1,1,0,2,2,2,2,2,1,1,1,1,0,2,2,2,0,2,1,1,1,1,2,2,2,2,2,2,1,1,1,1,2,2,2,2,2,1,0,1,1,1,2,2,2,2,2,1,1,1,1,1,2,2,2,2,2,1,1,1,1,1,2,2,2,2,2,1,1,1,1,1,2,2,2,2,2,1,1,1,1,1,2,2,2,2,2,1,1,1,1,1,0,2,2,0,0,1,1,1,1,1,0,0,1,1,1,1,1,1,1,1,1,1,1,1,1,1,1,1,1,1,1,1,1,1,1,1,1,1,1,1,1,1,1,1,1,1,1,1,1,1]","[[0,1,1,1,1,1,1,1,1,1],[0,1,1,1,1,1,1,1,1,1],[0,0,0,1,2,2,1,1,1,1],[0,2,2,2,2,1,1,1,1,1],[0,2,2,2,2,2,1,1,1,1],[0,2,2,2,0,2,1,1,1,1],[2,2,2,2,2,2,1,1,1,1],[2,2,2,2,2,1,0,1,1,1],[2,2,2,2,2,1,1,1,1,1],[2,2,2,2,2,1,1,1,1,1],[2,2,2,2,2,1,1,1,1,1],[2,2,2,2,2,1,1,1,1,1],[2,2,2,2,2,1,1,1,1,1],[0,2,2,0,0,1,1,1,1,1],[0,0,1,1,1,1,1,1,1,1],[1,1,1,1,1,1,1,1,1,1],[1,1,1,1,1,1,1,1,1,1],[1,1,1,1,1,1,1,1,1,1]]",fccfff763e1de869cc06f616af438eb0b7beb471e7f3bfd5742553f77f415c19,15da216552b4cfea918047a7df61cbefcef1478be37754a079fdc1a1303a6d55,merged_copper_v5,"[0.0,3.0,6.0,9.0,12.0,15.0]",classified,6,0.8293661812207542,0.7702332824681138,0.9204505173542303,0.18112293253265996,0.8707406437252049,0.9524835979546765,0.1811229478291601,B6,0.9524835979546765,11.482997700019041,3.3631568000128027,162.34752470004605,0.25637399998959154,178.2139597000205,26181,51126,1004,1050,66,4.2,completed,6,,,2026-08-08T17:25:39.289+02:00,2026-08-08T17:25:39.659+02:00,2026-08-08T17:28:44.649+02:00
58,S000058,band_supplement_300_20260808_001,C000057,candidate,6547856803977662cf294ed5b1f8ff5e319376f97cb529b8c46253f5d7f16d75,"[2,1,1,1,1,1,1,1,1,1,2,1,1,1,1,1,1,1,1,1,2,2,2,0,0,1,1,1,1,1,2,0,2,2,0,1,1,1,1,1,2,0,0,0,0,1,1,1,1,1,2,2,0,0,0,0,1,1,1,1,0,0,0,0,0,0,0,1,1,1,0,1,0,0,0,0,0,1,1,1,1,1,1,1,0,1,1,1,1,1,1,1,1,1,1,1,1,1,1,1,1,1,1,1,1,1,1,1,1,1,1,1,1,1,1,1,1,1,1,1,1,1,1,1,1,1,1,0,1,1,1,1,1,1,1,1,1,1,1,1,1,1,1,1,1,1,1,1,1,1,1,1,1,1,1,1,1,1,1,1,1,1,1,1,1,1,1,1,1,1,1,1,1,1,1,1,1,1,1,1]","[[2,1,1,1,1,1,1,1,1,1],[2,1,1,1,1,1,1,1,1,1],[2,2,2,0,0,1,1,1,1,1],[2,0,2,2,0,1,1,1,1,1],[2,0,0,0,0,1,1,1,1,1],[2,2,0,0,0,0,1,1,1,1],[0,0,0,0,0,0,0,1,1,1],[0,1,0,0,0,0,0,1,1,1],[1,1,1,1,0,1,1,1,1,1],[1,1,1,1,1,1,1,1,1,1],[1,1,1,1,1,1,1,1,1,1],[1,1,1,1,1,1,1,1,1,1],[1,1,1,1,1,1,1,0,1,1],[1,1,1,1,1,1,1,1,1,1],[1,1,1,1,1,1,1,1,1,1],[1,1,1,1,1,1,1,1,1,1],[1,1,1,1,1,1,1,1,1,1],[1,1,1,1,1,1,1,1,1,1]]",5a975d072b23eb2bd95b715cfc039e54ec4dcdd63c68fe998979587221465a57,15da216552b4cfea918047a7df61cbefcef1478be37754a079fdc1a1303a6d55,merged_copper_v5,"[0.0,3.0,6.0,9.0,12.0,15.0]",classified,6,0.8454136198419967,0.7999473872788635,0.9129828369119362,0.13370431582850342,0.8707406437252049,0.9709132402791558,0.13370433112500354,B6,0.9709132402791558,5.325692800019169,2.7340809000306763,119.72439250000753,0.20634899998549372,128.5943158000009,21050,40860,794,822,42,4.2,completed,6,,,2026-08-08T17:25:39.373+02:00,2026-08-08T17:25:39.690+02:00,2026-08-08T17:27:56.377+02:00
59,S000059,band_supplement_300_20260808_001,C000058,candidate,cdfefc0d8117c60d60a56e1a72ce39d0f9eb4ce6a8f87f3e6b340bc6f3983dce,"[0,1,1,1,1,1,1,1,1,1,0,1,1,1,1,1,1,1,1,1,0,0,0,1,1,1,1,1,1,1,0,2,2,2,1,1,1,1,1,1,0,2,2,2,1,1,1,1,1,1,0,2,2,2,0,1,1,1,1,1,2,2,2,2,2,1,1,1,1,1,2,2,2,2,2,1,0,1,1,1,2,2,2,2,2,1,1,1,1,1,2,2,2,2,2,1,1,1,1,1,2,2,2,2,2,1,1,1,1,1,2,2,2,2,2,1,1,1,1,1,2,2,2,2,2,1,1,1,1,1,0,2,2,0,0,1,1,1,1,1,0,0,1,1,1,1,1,1,1,1,1,1,1,1,1,1,1,1,1,1,1,1,1,1,1,1,1,1,1,1,0,1,1,1,1,1,1,1,1,1]","[[0,1,1,1,1,1,1,1,1,1],[0,1,1,1,1,1,1,1,1,1],[0,0,0,1,1,1,1,1,1,1],[0,2,2,2,1,1,1,1,1,1],[0,2,2,2,1,1,1,1,1,1],[0,2,2,2,0,1,1,1,1,1],[2,2,2,2,2,1,1,1,1,1],[2,2,2,2,2,1,0,1,1,1],[2,2,2,2,2,1,1,1,1,1],[2,2,2,2,2,1,1,1,1,1],[2,2,2,2,2,1,1,1,1,1],[2,2,2,2,2,1,1,1,1,1],[2,2,2,2,2,1,1,1,1,1],[0,2,2,0,0,1,1,1,1,1],[0,0,1,1,1,1,1,1,1,1],[1,1,1,1,1,1,1,1,1,1],[1,1,1,1,1,1,1,1,1,1],[0,1,1,1,1,1,1,1,1,1]]",b3a37ab888c02a85cd19a88320fb4c9e83e4c13feddc47a40c36ad3cd7b7705f,15da216552b4cfea918047a7df61cbefcef1478be37754a079fdc1a1303a6d55,merged_copper_v5,"[0.0,3.0,6.0,9.0,12.0,15.0]",classified,6,0.8830369671434584,0.8237666549196724,0.9244087972143707,0.11397273957880409,0.8707406437252049,1.0141216830830904,0.11397275487530421,B7,1.0141216830830904,9.568417300004512,2.9176927999942563,148.90052690004813,0.19881180001539178,162.24137220002012,22599,43952,818,870,66,4.2,completed,6,,,2026-08-08T17:25:39.489+02:00,2026-08-08T17:25:39.736+02:00,2026-08-08T17:28:30.387+02:00
60,S000060,band_supplement_300_20260808_001,C000059,candidate,51bc9de6d87c3b5a63dc9642fd99348755a608f22bd7b69b967af21ad5eecbf1,"[0,1,1,1,1,1,1,1,1,1,0,1,1,1,1,1,1,1,1,1,0,0,0,1,1,1,1,1,1,1,0,2,2,2,1,1,1,1,1,1,0,2,2,2,1,1,1,1,1,1,0,2,2,2,0,1,1,1,1,1,2,2,2,2,2,1,1,1,1,1,2,2,2,2,2,1,1,1,1,1,2,2,2,2,2,1,1,1,1,1,2,2,2,2,2,1,1,1,1,1,2,2,2,2,2,1,1,1,1,1,2,2,2,2,2,1,1,1,1,1,2,2,2,2,2,1,1,1,1,1,2,2,2,0,0,1,1,1,1,1,2,0,1,1,1,1,1,1,1,1,1,1,1,1,1,1,1,1,1,1,1,1,1,1,1,1,1,1,1,1,1,1,1,1,1,1,1,1,1,1]","[[0,1,1,1,1,1,1,1,1,1],[0,1,1,1,1,1,1,1,1,1],[0,0,0,1,1,1,1,1,1,1],[0,2,2,2,1,1,1,1,1,1],[0,2,2,2,1,1,1,1,1,1],[0,2,2,2,0,1,1,1,1,1],[2,2,2,2,2,1,1,1,1,1],[2,2,2,2,2,1,1,1,1,1],[2,2,2,2,2,1,1,1,1,1],[2,2,2,2,2,1,1,1,1,1],[2,2,2,2,2,1,1,1,1,1],[2,2,2,2,2,1,1,1,1,1],[2,2,2,2,2,1,1,1,1,1],[2,2,2,0,0,1,1,1,1,1],[2,0,1,1,1,1,1,1,1,1],[1,1,1,1,1,1,1,1,1,1],[1,1,1,1,1,1,1,1,1,1],[1,1,1,1,1,1,1,1,1,1]]",f3a618d602ced72059184e305a64f1e107cc2765cd0fb07df40ea18f353b1c02,15da216552b4cfea918047a7df61cbefcef1478be37754a079fdc1a1303a6d55,merged_copper_v5,"[0.0,3.0,6.0,9.0,12.0,15.0]",classified,6,0.8865922526700474,0.8257592807545322,0.931927643902502,0.11974880541560662,0.8707406437252049,1.0182047422031733,0.11974882071210675,B7,1.0182047422031733,10.063303000002634,2.806298199953744,89.20583699998679,0.21746260003419593,102.9649073999899,21797,42360,794,840,54,4.2,completed,6,,,2026-08-08T17:25:39.596+02:00,2026-08-08T17:25:39.751+02:00,2026-08-08T17:27:30.267+02:00
61,S000061,band_supplement_300_20260808_001,C000060,candidate,383a30496c8788c2f88a9c2ecf2ab2e14f61a30443666efbb611173e08477342,"[0,1,1,1,1,1,1,1,1,1,0,1,1,1,1,1,1,1,1,1,0,0,0,1,1,1,1,1,1,1,0,2,2,2,1,1,1,1,1,1,0,2,2,2,1,1,1,1,1,1,0,2,2,2,0,1,1,1,1,1,2,2,2,2,2,1,1,1,1,1,2,2,2,0,2,1,1,1,1,1,2,2,2,2,2,1,1,1,1,1,2,2,2,2,2,1,1,1,1,1,2,2,2,2,2,1,1,1,1,1,2,2,2,2,2,1,1,1,1,1,2,2,2,2,2,1,1,1,1,1,0,2,2,0,0,1,1,1,1,1,0,0,1,1,1,1,1,1,1,1,1,1,1,1,1,1,1,1,1,1,1,1,1,1,1,1,1,1,1,1,1,1,1,1,1,1,1,1,1,1]","[[0,1,1,1,1,1,1,1,1,1],[0,1,1,1,1,1,1,1,1,1],[0,0,0,1,1,1,1,1,1,1],[0,2,2,2,1,1,1,1,1,1],[0,2,2,2,1,1,1,1,1,1],[0,2,2,2,0,1,1,1,1,1],[2,2,2,2,2,1,1,1,1,1],[2,2,2,0,2,1,1,1,1,1],[2,2,2,2,2,1,1,1,1,1],[2,2,2,2,2,1,1,1,1,1],[2,2,2,2,2,1,1,1,1,1],[2,2,2,2,2,1,1,1,1,1],[2,2,2,2,2,1,1,1,1,1],[0,2,2,0,0,1,1,1,1,1],[0,0,1,1,1,1,1,1,1,1],[1,1,1,1,1,1,1,1,1,1],[1,1,1,1,1,1,1,1,1,1],[1,1,1,1,1,1,1,1,1,1]]",652701d21c4cd181548cdd5882c79629173232ab5681c73815f59fc303ada731,15da216552b4cfea918047a7df61cbefcef1478be37754a079fdc1a1303a6d55,merged_copper_v5,"[0.0,3.0,6.0,9.0,12.0,15.0]",classified,6,0.8862148710703842,0.8255608063467433,0.9322117231807658,0.12034430962009005,0.8707406437252049,1.0177713392118433,0.12034432491659018,B7,1.0177713392118433,3.86348130000988,2.9222992999712005,72.59434579999652,0.2102152000006754,80.24708100000862,23468,45700,884,930,66,4.2,completed,6,,,2026-08-08T17:30:00.694+02:00,2026-08-08T17:30:00.757+02:00,2026-08-08T17:31:26.536+02:00
62,S000062,band_supplement_300_20260808_001,C000061,candidate,7dc982b2d78e2799824f6771e121d973b66705f79c487c61ea33b831b0bea5a3,"[0,1,1,1,1,1,1,1,1,1,0,1,1,1,1,1,0,0,1,1,0,0,0,0,0,0,0,0,0,1,0,2,2,2,0,0,0,1,1,1,0,1,1,2,0,0,0,0,1,1,0,1,0,1,0,0,0,1,1,1,0,1,1,1,1,0,0,1,1,1,0,0,1,1,1,1,1,1,1,1,0,0,0,0,0,1,1,1,1,1,0,0,0,0,0,1,1,1,1,1,0,0,0,0,0,1,1,1,1,1,0,0,0,0,0,1,1,1,1,1,0,0,0,0,0,1,1,1,1,1,0,0,0,0,0,1,1,1,1,1,0,0,1,1,1,1,1,1,1,1,1,1,1,1,1,1,1,1,1,1,1,1,1,1,1,1,1,1,1,1,1,1,1,1,1,1,1,1,1,1]","[[0,1,1,1,1,1,1,1,1,1],[0,1,1,1,1,1,0,0,1,1],[0,0,0,0,0,0,0,0,0,1],[0,2,2,2,0,0,0,1,1,1],[0,1,1,2,0,0,0,0,1,1],[0,1,0,1,0,0,0,1,1,1],[0,1,1,1,1,0,0,1,1,1],[0,0,1,1,1,1,1,1,1,1],[0,0,0,0,0,1,1,1,1,1],[0,0,0,0,0,1,1,1,1,1],[0,0,0,0,0,1,1,1,1,1],[0,0,0,0,0,1,1,1,1,1],[0,0,0,0,0,1,1,1,1,1],[0,0,0,0,0,1,1,1,1,1],[0,0,1,1,1,1,1,1,1,1],[1,1,1,1,1,1,1,1,1,1],[1,1,1,1,1,1,1,1,1,1],[1,1,1,1,1,1,1,1,1,1]]",d67c879f920fcd36910faca7495353ba25467c5dce43335eaf626e97e8086d9d,15da216552b4cfea918047a7df61cbefcef1478be37754a079fdc1a1303a6d55,merged_copper_v5,"[0.0,3.0,6.0,9.0,12.0,15.0]",classified,6,0.47974216940683934,0.3438942018460828,0.6241293058490198,0.5841369007636414,0.8707406437252049,0.5509587416919063,4.587359798474651,B2,0.5509587416919063,2.4904977999976836,2.4769144000310916,70.03571190001094,0.1816921000718139,75.77808130002813,19222,37240,764,798,42,4.2,completed,6,,,2026-08-08T17:31:26.953+02:00,2026-08-08T17:31:27.360+02:00,2026-08-08T17:32:49.595+02:00
63,S000063,band_supplement_300_20260808_001,C000062,candidate,e38b33f522dfea6ed7a894485ea028f3d062d8f1f5491c787e61a5988a10f72b,"[0,1,1,1,1,1,1,1,1,1,0,1,1,1,1,1,0,0,1,1,0,0,0,0,0,0,0,0,0,1,0,2,2,2,0,0,0,1,1,1,0,1,1,2,0,0,0,0,1,1,0,1,0,1,0,0,0,1,1,1,0,1,1,1,1,0,0,1,1,1,0,0,1,1,1,1,1,1,1,1,0,0,0,0,2,1,1,1,1,1,0,0,0,2,2,1,1,1,1,1,0,0,0,0,2,1,1,1,1,1,0,0,0,0,0,1,1,1,1,1,0,0,0,0,0,1,1,1,1,1,0,0,0,0,0,1,1,1,1,1,0,0,1,1,1,1,1,1,1,1,1,1,1,2,2,1,1,1,1,1,1,1,1,1,2,1,1,1,1,1,1,1,1,1,2,2,1,1,1,1]","[[0,1,1,1,1,1,1,1,1,1],[0,1,1,1,1,1,0,0,1,1],[0,0,0,0,0,0,0,0,0,1],[0,2,2,2,0,0,0,1,1,1],[0,1,1,2,0,0,0,0,1,1],[0,1,0,1,0,0,0,1,1,1],[0,1,1,1,1,0,0,1,1,1],[0,0,1,1,1,1,1,1,1,1],[0,0,0,0,2,1,1,1,1,1],[0,0,0,2,2,1,1,1,1,1],[0,0,0,0,2,1,1,1,1,1],[0,0,0,0,0,1,1,1,1,1],[0,0,0,0,0,1,1,1,1,1],[0,0,0,0,0,1,1,1,1,1],[0,0,1,1,1,1,1,1,1,1],[1,1,1,2,2,1,1,1,1,1],[1,1,1,1,2,1,1,1,1,1],[1,1,1,1,2,2,1,1,1,1]]",c644536825762f60f67060c86e6f73cbe61fc5cdcdb6de5bbb416581995f3a17,15da216552b4cfea918047a7df61cbefcef1478be37754a079fdc1a1303a6d55,merged_copper_v5,"[0.0,3.0,6.0,9.0,12.0,15.0]",classified,6,0.3984309964957485,0.2642354396974094,0.5375030423751623,0.68585929579068,0.8707406437252049,0.4575771205432423,5.705471854890323,B1,0.4575771205432423,3.7319630999991205,3.282141000003321,199.7195742999902,0.22544330000528134,207.69784289997187,27046,52860,1028,1074,66,4.2,completed,6,,,2026-08-08T17:31:27.037+02:00,2026-08-08T17:31:27.376+02:00,2026-08-08T17:35:02.327+02:00
64,S000064,band_supplement_300_20260808_001,C000063,candidate,1a0c73b0e7c006e3d6f873a9d8cb8cb9f6484de4e6d02c6447d45f030298e79e,"[2,2,2,2,2,2,2,1,1,1,2,0,2,2,2,2,1,1,1,1,2,0,2,2,2,1,1,1,1,1,0,0,2,2,2,1,1,1,1,1,0,0,0,0,2,1,1,1,1,1,0,0,0,0,2,0,2,2,2,1,0,0,0,0,0,0,2,2,2,1,0,0,0,0,0,0,1,1,1,1,0,0,0,0,0,0,1,1,1,1,0,0,0,0,0,0,1,1,1,1,0,0,0,0,0,0,1,1,1,1,0,0,0,0,0,0,1,1,1,1,0,0,0,0,0,0,1,0,1,1,0,0,0,0,0,0,0,0,1,1,0,0,0,0,0,0,0,0,0,1,0,0,0,0,0,0,0,0,0,1,0,0,0,0,0,0,0,0,1,1,0,0,0,0,0,0,0,0,1,1]","[[2,2,2,2,2,2,2,1,1,1],[2,0,2,2,2,2,1,1,1,1],[2,0,2,2,2,1,1,1,1,1],[0,0,2,2,2,1,1,1,1,1],[0,0,0,0,2,1,1,1,1,1],[0,0,0,0,2,0,2,2,2,1],[0,0,0,0,0,0,2,2,2,1],[0,0,0,0,0,0,1,1,1,1],[0,0,0,0,0,0,1,1,1,1],[0,0,0,0,0,0,1,1,1,1],[0,0,0,0,0,0,1,1,1,1],[0,0,0,0,0,0,1,1,1,1],[0,0,0,0,0,0,1,0,1,1],[0,0,0,0,0,0,0,0,1,1],[0,0,0,0,0,0,0,0,0,1],[0,0,0,0,0,0,0,0,0,1],[0,0,0,0,0,0,0,0,1,1],[0,0,0,0,0,0,0,0,1,1]]",91948d40eda3e83101491de95d987295d1ff8b67a6eff01fc2cfc0f7d2fbbcbe,15da216552b4cfea918047a7df61cbefcef1478be37754a079fdc1a1303a6d55,merged_copper_v5,"[0.0,3.0,6.0,9.0,12.0,15.0]",classified,6,0.4451925986649881,0.3096886641929255,0.5634026476948772,0.5698971282603781,0.8707406437252049,0.5112803701919368,5.004989660244528,B2,0.5112803701919368,5.124995099991793,3.1430550999648403,92.28074349998496,0.219564100028947,101.48627509997459,24140,47058,920,954,48,4.2,completed,6,,,2026-08-08T17:31:27.207+02:00,2026-08-08T17:31:27.407+02:00,2026-08-08T17:33:15.502+02:00
65,S000065,band_supplement_300_20260808_001,C000064,candidate,70b6e1adb4c63bf407a28f12075897a08d22fd214259f9094f6722d9e8c52d72,"[2,2,2,2,2,2,2,1,1,0,2,0,2,2,2,2,1,1,1,0,2,0,2,2,2,1,1,1,1,0,0,0,2,2,2,1,1,1,1,1,0,0,0,0,2,1,1,1,1,1,0,0,0,0,2,0,2,2,2,1,0,0,0,1,0,1,2,2,2,1,0,0,0,1,1,1,1,1,1,1,0,0,0,0,0,1,1,1,1,1,0,0,0,0,1,1,1,1,1,1,0,0,0,0,1,0,1,1,1,1,0,0,0,0,0,0,1,1,1,1,0,0,0,0,0,0,1,0,1,1,0,0,0,0,0,0,0,0,1,1,0,0,0,0,0,0,0,0,0,1,0,0,0,0,0,0,0,0,0,1,0,0,0,0,0,0,0,0,1,1,0,0,0,0,0,0,0,0,1,1]","[[2,2,2,2,2,2,2,1,1,0],[2,0,2,2,2,2,1,1,1,0],[2,0,2,2,2,1,1,1,1,0],[0,0,2,2,2,1,1,1,1,1],[0,0,0,0,2,1,1,1,1,1],[0,0,0,0,2,0,2,2,2,1],[0,0,0,1,0,1,2,2,2,1],[0,0,0,1,1,1,1,1,1,1],[0,0,0,0,0,1,1,1,1,1],[0,0,0,0,1,1,1,1,1,1],[0,0,0,0,1,0,1,1,1,1],[0,0,0,0,0,0,1,1,1,1],[0,0,0,0,0,0,1,0,1,1],[0,0,0,0,0,0,0,0,1,1],[0,0,0,0,0,0,0,0,0,1],[0,0,0,0,0,0,0,0,0,1],[0,0,0,0,0,0,0,0,1,1],[0,0,0,0,0,0,0,0,1,1]]",ae9fe4e850d8d2d0fe0ce5fd5ed78f065cb4d6afbb301542f3d14683c6f9ff96,15da216552b4cfea918047a7df61cbefcef1478be37754a079fdc1a1303a6d55,merged_copper_v5,"[0.0,3.0,6.0,9.0,12.0,15.0]",classified,6,0.4478046687754203,0.334386599829025,0.5172189716193284,0.40828598837587404,0.8707406437252049,0.5142801958337688,4.810727643979621,B2,0.5142801958337688,5.184649799979525,3.3173035000509117,128.68729760003043,0.25228250000509433,138.1773392999894,26820,52408,1004,1056,66,4.2,completed,6,,,2026-08-08T17:31:27.313+02:00,2026-08-08T17:31:27.423+02:00,2026-08-08T17:33:52.397+02:00
66,S000066,band_supplement_300_20260808_001,C000065,candidate,fd835c7102285bc13bb0b398a1dbfbff583bcd02f194a1da528bf73a6e0d9ab2,"[0,1,1,1,1,1,1,1,1,1,0,1,1,1,1,1,1,1,1,1,0,0,0,0,0,1,1,1,1,1,0,0,0,0,0,1,1,1,1,1,0,0,0,0,0,1,1,1,1,1,0,0,2,0,0,0,1,1,1,1,2,0,2,2,2,0,1,1,1,1,2,2,2,2,2,0,1,1,1,1,2,2,2,2,2,0,1,1,1,1,2,2,2,2,2,0,0,0,1,1,2,2,2,2,2,0,0,0,1,1,2,2,2,2,2,0,0,1,1,1,2,2,2,2,2,0,0,0,1,1,2,2,2,0,0,0,0,0,1,1,0,0,0,0,0,0,0,0,0,1,0,0,0,0,0,0,0,0,0,1,0,0,0,0,0,0,0,0,1,1,0,0,0,0,0,0,0,0,1,1]","[[0,1,1,1,1,1,1,1,1,1],[0,1,1,1,1,1,1,1,1,1],[0,0,0,0,0,1,1,1,1,1],[0,0,0,0,0,1,1,1,1,1],[0,0,0,0,0,1,1,1,1,1],[0,0,2,0,0,0,1,1,1,1],[2,0,2,2,2,0,1,1,1,1],[2,2,2,2,2,0,1,1,1,1],[2,2,2,2,2,0,1,1,1,1],[2,2,2,2,2,0,0,0,1,1],[2,2,2,2,2,0,0,0,1,1],[2,2,2,2,2,0,0,1,1,1],[2,2,2,2,2,0,0,0,1,1],[2,2,2,0,0,0,0,0,1,1],[0,0,0,0,0,0,0,0,0,1],[0,0,0,0,0,0,0,0,0,1],[0,0,0,0,0,0,0,0,1,1],[0,0,0,0,0,0,0,0,1,1]]",8a0be110e36edc99317882c3d8a8fcc939cc7ef155542d44380a4125555210e3,15da216552b4cfea918047a7df61cbefcef1478be37754a079fdc1a1303a6d55,merged_copper_v5,"[0.0,3.0,6.0,9.0,12.0,15.0]",classified,6,0.5267714902690935,0.4448611618636081,0.5978014551548972,0.2903351759093148,0.8707406437252049,0.6049694522302972,3.705691562842146,B3,0.6049694522302972,4.642214799998328,2.8565980000421405,101.95685630009393,0.21115279995137826,110.31450519998907,23656,46086,872,900,36,4.2,completed,6,,,2026-08-08T17:35:02.627+02:00,2026-08-08T17:35:02.891+02:00,2026-08-08T17:36:59.113+02:00
67,S000067,band_supplement_300_20260808_001,C000066,candidate,d6dc7e8096b6c0ffa3ea9341158cbb69b9d48993b382da4c79ad6fdf4efcdd0b,"[0,1,1,1,1,1,1,1,1,1,0,1,1,1,1,1,1,1,1,1,0,0,0,0,0,1,1,1,1,1,0,0,0,0,0,1,1,1,1,1,0,0,0,0,0,1,1,1,1,1,0,2,2,0,0,0,1,1,1,1,2,2,2,2,2,0,1,1,1,1,2,2,2,2,2,0,1,1,1,1,2,2,2,2,2,0,1,1,1,1,2,2,2,2,2,0,0,0,1,1,2,2,2,2,2,0,0,0,1,1,2,2,2,2,2,0,0,1,1,1,2,2,2,0,2,0,0,0,1,1,2,2,2,0,0,0,0,0,1,1,0,0,0,0,0,0,0,0,0,1,0,0,0,0,0,0,0,0,0,1,0,0,0,0,0,0,0,0,1,1,0,0,0,0,0,0,0,0,1,1]","[[0,1,1,1,1,1,1,1,1,1],[0,1,1,1,1,1,1,1,1,1],[0,0,0,0,0,1,1,1,1,1],[0,0,0,0,0,1,1,1,1,1],[0,0,0,0,0,1,1,1,1,1],[0,2,2,0,0,0,1,1,1,1],[2,2,2,2,2,0,1,1,1,1],[2,2,2,2,2,0,1,1,1,1],[2,2,2,2,2,0,1,1,1,1],[2,2,2,2,2,0,0,0,1,1],[2,2,2,2,2,0,0,0,1,1],[2,2,2,2,2,0,0,1,1,1],[2,2,2,0,2,0,0,0,1,1],[2,2,2,0,0,0,0,0,1,1],[0,0,0,0,0,0,0,0,0,1],[0,0,0,0,0,0,0,0,0,1],[0,0,0,0,0,0,0,0,1,1],[0,0,0,0,0,0,0,0,1,1]]",1dd963ed98767420cedb58e0d5689d6ff03605b635b310e48fd8870c1553f5e9,15da216552b4cfea918047a7df61cbefcef1478be37754a079fdc1a1303a6d55,merged_copper_v5,"[0.0,3.0,6.0,9.0,12.0,15.0]",classified,6,0.5280744937658381,0.4464634983138051,0.5990550429104426,0.28895836931730423,0.8707406437252049,0.606465883465171,3.688027212540828,B3,0.606465883465171,4.604513500002213,2.931404900038615,108.17078980003134,0.21928150003077462,116.59125620001578,23702,46176,872,900,36,4.2,completed,6,,,2026-08-08T17:35:02.728+02:00,2026-08-08T17:35:02.912+02:00,2026-08-08T17:37:06.192+02:00
68,S000068,band_supplement_300_20260808_001,C000067,candidate,92563f2de44899fabf97eb6dda154de61ea515a0bc4e912ad951325d10c90766,"[2,1,1,1,1,1,1,1,1,1,2,1,1,1,1,1,1,1,1,1,2,2,2,0,0,1,1,1,1,1,2,0,2,2,0,1,1,1,1,1,2,0,0,0,0,1,1,1,1,1,2,2,0,0,0,0,1,1,1,1,1,1,1,1,1,1,1,1,1,1,1,1,1,1,1,1,1,1,1,0,1,1,1,1,1,1,1,1,1,0,1,1,1,1,1,1,1,1,0,0,1,1,1,1,1,1,1,1,1,0,1,1,1,1,1,1,1,1,1,0,2,2,1,1,1,1,1,0,1,1,2,2,2,0,1,1,0,0,1,1,0,0,0,0,0,0,0,0,0,1,0,0,0,0,0,0,0,0,0,1,0,0,0,0,0,0,0,0,1,1,0,0,0,0,0,0,0,0,1,1]","[[2,1,1,1,1,1,1,1,1,1],[2,1,1,1,1,1,1,1,1,1],[2,2,2,0,0,1,1,1,1,1],[2,0,2,2,0,1,1,1,1,1],[2,0,0,0,0,1,1,1,1,1],[2,2,0,0,0,0,1,1,1,1],[1,1,1,1,1,1,1,1,1,1],[1,1,1,1,1,1,1,1,1,0],[1,1,1,1,1,1,1,1,1,0],[1,1,1,1,1,1,1,1,0,0],[1,1,1,1,1,1,1,1,1,0],[1,1,1,1,1,1,1,1,1,0],[2,2,1,1,1,1,1,0,1,1],[2,2,2,0,1,1,0,0,1,1],[0,0,0,0,0,0,0,0,0,1],[0,0,0,0,0,0,0,0,0,1],[0,0,0,0,0,0,0,0,1,1],[0,0,0,0,0,0,0,0,1,1]]",64d55baf39997162dc13809cd70026ceb88cde2ed816fa4991ffe788de1d6d35,15da216552b4cfea918047a7df61cbefcef1478be37754a079fdc1a1303a6d55,merged_copper_v5,"[0.0,3.0,6.0,9.0,12.0,15.0]",classified,6,0.5672485018198299,0.521878621889912,0.6108324429136968,0.15681631725496986,0.8707406437252049,0.6514551788842954,3.0662100598035966,B3,0.6514551788842954,3.351511099986965,2.950404300034279,195.25634849999915,0.21751219997531734,202.46331320001627,24944,48654,962,1008,60,4.2,completed,6,,,2026-08-08T17:35:02.828+02:00,2026-08-08T17:35:02.927+02:00,2026-08-08T17:38:31.656+02:00
69,S000069,band_supplement_300_20260808_001,C000068,candidate,333b816acb2372e568b17786d61065b41f87dcf1d7020fa2b4cae8a94242333f,"[2,2,2,2,2,2,2,1,1,1,2,2,2,2,2,2,2,2,1,1,2,2,2,0,0,1,1,1,1,1,2,1,2,2,0,1,1,1,1,1,2,1,1,1,1,1,1,1,1,1,2,2,1,1,0,0,1,1,1,1,1,1,1,1,1,1,1,1,1,1,0,1,1,1,1,0,1,1,1,1,1,1,1,1,0,1,1,1,1,1,1,1,1,1,0,0,1,1,1,1,1,1,1,1,1,0,1,1,1,1,1,1,1,1,1,0,1,1,1,1,0,1,1,1,1,1,0,0,1,1,0,0,1,1,1,1,0,0,1,1,0,0,1,0,1,0,0,0,0,1,0,0,1,1,1,0,0,0,0,1,0,0,0,0,0,0,0,0,1,1,0,0,0,0,0,0,0,0,1,1]","[[2,2,2,2,2,2,2,1,1,1],[2,2,2,2,2,2,2,2,1,1],[2,2,2,0,0,1,1,1,1,1],[2,1,2,2,0,1,1,1,1,1],[2,1,1,1,1,1,1,1,1,1],[2,2,1,1,0,0,1,1,1,1],[1,1,1,1,1,1,1,1,1,1],[0,1,1,1,1,0,1,1,1,1],[1,1,1,1,0,1,1,1,1,1],[1,1,1,1,0,0,1,1,1,1],[1,1,1,1,1,0,1,1,1,1],[1,1,1,1,1,0,1,1,1,1],[0,1,1,1,1,1,0,0,1,1],[0,0,1,1,1,1,0,0,1,1],[0,0,1,0,1,0,0,0,0,1],[0,0,1,1,1,0,0,0,0,1],[0,0,0,0,0,0,0,0,1,1],[0,0,0,0,0,0,0,0,1,1]]",07c031c3daae442d5b8e482f96dac631255a9b92be1f930bbe448fa03d018281,15da216552b4cfea918047a7df61cbefcef1478be37754a079fdc1a1303a6d55,merged_copper_v5,"[0.0,3.0,6.0,9.0,12.0,15.0]",classified,6,0.6122809028147093,0.4467716525054286,0.734049505577397,0.4691929010872735,0.8707406437252049,0.7031725315993607,2.815681631199908,B4,0.7031725315993607,6.331149699981324,3.4040297000319697,310.57029120004154,0.25060699999448843,321.3615860999853,27043,52850,1052,1104,72,4.2,completed,6,,,2026-08-08T17:38:31.956+02:00,2026-08-08T17:38:32.473+02:00,2026-08-08T17:44:00.679+02:00
70,S000070,band_supplement_300_20260808_001,C000069,candidate,bd708b6008964c9197f940125b7e2d6e4a364db7ba9a92d82039703877ccf589,"[2,2,2,2,2,2,2,1,1,1,2,2,2,2,2,2,2,2,1,1,2,2,2,0,0,1,1,1,1,1,2,1,2,2,0,1,1,1,1,1,2,1,1,1,1,1,1,1,1,1,2,2,1,1,0,0,1,1,1,1,1,1,1,1,1,1,1,1,1,1,0,1,1,1,1,0,1,1,1,1,1,1,1,1,0,1,1,1,1,1,1,1,1,1,0,0,1,1,1,1,1,1,1,1,1,0,1,1,1,1,1,1,1,1,1,0,1,1,1,1,0,1,1,1,1,0,0,0,1,1,0,1,1,1,0,0,0,0,1,1,0,1,1,0,0,0,0,0,0,1,1,1,1,1,0,0,0,0,0,1,1,1,1,0,1,0,0,0,1,1,1,1,1,1,1,1,0,0,1,1]","[[2,2,2,2,2,2,2,1,1,1],[2,2,2,2,2,2,2,2,1,1],[2,2,2,0,0,1,1,1,1,1],[2,1,2,2,0,1,1,1,1,1],[2,1,1,1,1,1,1,1,1,1],[2,2,1,1,0,0,1,1,1,1],[1,1,1,1,1,1,1,1,1,1],[0,1,1,1,1,0,1,1,1,1],[1,1,1,1,0,1,1,1,1,1],[1,1,1,1,0,0,1,1,1,1],[1,1,1,1,1,0,1,1,1,1],[1,1,1,1,1,0,1,1,1,1],[0,1,1,1,1,0,0,0,1,1],[0,1,1,1,0,0,0,0,1,1],[0,1,1,0,0,0,0,0,0,1],[1,1,1,1,0,0,0,0,0,1],[1,1,1,0,1,0,0,0,1,1],[1,1,1,1,1,1,0,0,1,1]]",a05300cd4c3ee94a869f876da89238bb949267185f17c1161bfce53937864cb2,15da216552b4cfea918047a7df61cbefcef1478be37754a079fdc1a1303a6d55,merged_copper_v5,"[0.0,3.0,6.0,9.0,12.0,15.0]",classified,6,0.6126459289878166,0.4467414572804842,0.7346578656854466,0.4699556379663596,0.8707406437252049,0.7035917450307513,2.811881540915155,B4,0.7035917450307513,6.621119599993108,3.565172300004633,296.69169740000507,0.2313451000081841,307.8991377999773,27643,54050,1052,1110,72,4.2,completed,6,,,2026-08-08T17:38:32.056+02:00,2026-08-08T17:38:32.489+02:00,2026-08-08T17:43:47.818+02:00
71,S000071,band_supplement_300_20260808_001,C000070,candidate,e843fe2f2dbc23a98dd0475a34b2a0b3dad756fdd2f81a2c7b928e6430085935,"[2,2,2,2,2,2,2,0,0,0,2,2,2,2,2,2,2,2,0,0,2,2,2,0,0,0,0,0,0,0,2,1,2,2,0,0,0,0,0,0,2,1,1,1,1,0,0,0,0,0,2,2,1,1,0,0,1,0,1,1,1,1,1,1,1,1,1,1,1,1,0,1,1,1,1,0,1,1,1,1,1,1,1,1,0,1,1,1,1,1,1,1,1,1,0,0,1,1,1,1,1,1,1,1,1,0,1,1,1,1,1,1,1,1,1,0,1,1,1,1,0,1,1,1,1,0,0,0,1,1,0,0,1,1,0,0,0,0,1,1,0,0,1,0,0,0,0,0,0,1,0,0,1,1,0,0,0,0,0,1,0,0,0,0,0,0,0,0,1,1,0,0,0,0,0,0,0,0,1,1]","[[2,2,2,2,2,2,2,0,0,0],[2,2,2,2,2,2,2,2,0,0],[2,2,2,0,0,0,0,0,0,0],[2,1,2,2,0,0,0,0,0,0],[2,1,1,1,1,0,0,0,0,0],[2,2,1,1,0,0,1,0,1,1],[1,1,1,1,1,1,1,1,1,1],[0,1,1,1,1,0,1,1,1,1],[1,1,1,1,0,1,1,1,1,1],[1,1,1,1,0,0,1,1,1,1],[1,1,1,1,1,0,1,1,1,1],[1,1,1,1,1,0,1,1,1,1],[0,1,1,1,1,0,0,0,1,1],[0,0,1,1,0,0,0,0,1,1],[0,0,1,0,0,0,0,0,0,1],[0,0,1,1,0,0,0,0,0,1],[0,0,0,0,0,0,0,0,1,1],[0,0,0,0,0,0,0,0,1,1]]",07e690fc37c000c779a2835ff9d56e50a6d08e385213cb85329edd89e7672d18,15da216552b4cfea918047a7df61cbefcef1478be37754a079fdc1a1303a6d55,merged_copper_v5,"[0.0,3.0,6.0,9.0,12.0,15.0]",classified,6,0.1956632289236432,0.1867791856333523,0.2017529067912963,0.0765280284921978,0.8707406437252049,0.22470896510188876,7.630737682243159,B1,0.22470896510188876,6.265515599981882,3.475862099963706,111.75919770001201,0.23921750005683862,122.54959959999542,27149,53060,1058,1104,54,4.2,completed,6,,,2026-08-08T17:38:32.157+02:00,2026-08-08T17:38:32.505+02:00,2026-08-08T17:40:42.848+02:00
72,S000072,band_supplement_300_20260808_001,C000071,candidate,8d2076c2e08b4e4288dc951275cd9913c3a8f055ea00d56c26697442194ea174,"[2,2,2,2,2,2,2,1,1,1,2,2,2,2,2,2,2,2,1,1,2,2,2,0,0,1,1,1,1,1,2,1,2,2,0,1,1,1,1,1,2,1,1,1,1,1,1,1,1,1,2,2,1,1,0,0,1,1,1,1,1,1,1,1,1,1,1,1,1,1,0,1,1,1,1,0,1,1,1,1,1,1,1,1,0,1,1,1,1,1,1,1,1,1,1,1,1,1,1,1,1,1,1,1,1,1,1,1,1,1,1,1,1,1,1,1,1,1,1,1,0,1,1,1,1,1,1,0,1,1,0,0,1,1,1,1,0,0,1,1,0,0,1,1,1,1,0,0,0,1,1,1,1,1,0,0,0,0,0,1,0,0,0,0,0,0,0,0,1,1,0,0,0,0,0,0,0,0,1,1]","[[2,2,2,2,2,2,2,1,1,1],[2,2,2,2,2,2,2,2,1,1],[2,2,2,0,0,1,1,1,1,1],[2,1,2,2,0,1,1,1,1,1],[2,1,1,1,1,1,1,1,1,1],[2,2,1,1,0,0,1,1,1,1],[1,1,1,1,1,1,1,1,1,1],[0,1,1,1,1,0,1,1,1,1],[1,1,1,1,0,1,1,1,1,1],[1,1,1,1,1,1,1,1,1,1],[1,1,1,1,1,1,1,1,1,1],[1,1,1,1,1,1,1,1,1,1],[0,1,1,1,1,1,1,0,1,1],[0,0,1,1,1,1,0,0,1,1],[0,0,1,1,1,1,0,0,0,1],[1,1,1,1,0,0,0,0,0,1],[0,0,0,0,0,0,0,0,1,1],[0,0,0,0,0,0,0,0,1,1]]",95a3da3e68a19a62a525b474a6f758a27893c9009bcd800a2e491c92284d9cf9,15da216552b4cfea918047a7df61cbefcef1478be37754a079fdc1a1303a6d55,merged_copper_v5,"[0.0,3.0,6.0,9.0,12.0,15.0]",classified,6,0.6127167182450848,0.4469628447570566,0.7345146780173617,0.4693063281901266,0.8707406437252049,0.7036730427831628,2.8103473654230675,B4,0.7036730427831628,6.704654899978777,3.1310667999787256,229.5932421000034,0.22676030002185144,240.3835526999901,24903,48562,998,1050,72,4.2,completed,6,,,2026-08-08T17:38:32.257+02:00,2026-08-08T17:38:32.529+02:00,2026-08-08T17:42:41.006+02:00
73,S000073,band_supplement_300_20260808_001,C000072,candidate,8e95907407ce8cb8b46b9f296a3e4829d717fcf3eb55aadfafc14fcc248a4d50,"[0,0,0,0,2,2,2,1,1,1,2,2,0,0,2,2,2,2,1,1,2,2,2,0,0,1,1,1,1,1,2,1,2,2,0,1,1,1,1,1,2,1,1,1,1,1,1,1,1,1,2,2,1,1,0,0,1,1,1,1,1,1,1,1,1,1,1,1,1,1,0,1,1,1,1,0,1,1,1,1,1,1,1,1,0,1,1,1,1,1,1,1,1,1,1,1,1,1,1,1,1,1,1,1,1,1,1,1,1,1,1,1,1,1,1,1,1,1,1,1,0,1,1,1,1,1,1,0,1,1,0,0,1,1,1,1,0,0,1,1,0,0,1,1,1,1,0,0,0,1,0,0,1,1,0,0,0,0,0,1,0,0,0,0,0,0,0,0,1,1,0,0,0,0,0,0,0,0,1,1]","[[0,0,0,0,2,2,2,1,1,1],[2,2,0,0,2,2,2,2,1,1],[2,2,2,0,0,1,1,1,1,1],[2,1,2,2,0,1,1,1,1,1],[2,1,1,1,1,1,1,1,1,1],[2,2,1,1,0,0,1,1,1,1],[1,1,1,1,1,1,1,1,1,1],[0,1,1,1,1,0,1,1,1,1],[1,1,1,1,0,1,1,1,1,1],[1,1,1,1,1,1,1,1,1,1],[1,1,1,1,1,1,1,1,1,1],[1,1,1,1,1,1,1,1,1,1],[0,1,1,1,1,1,1,0,1,1],[0,0,1,1,1,1,0,0,1,1],[0,0,1,1,1,1,0,0,0,1],[0,0,1,1,0,0,0,0,0,1],[0,0,0,0,0,0,0,0,1,1],[0,0,0,0,0,0,0,0,1,1]]",1f16940b69121e4772961700ef21a34a2f66c053edfaaa91c76d3ea0e6fd2d0a,15da216552b4cfea918047a7df61cbefcef1478be37754a079fdc1a1303a6d55,merged_copper_v5,"[0.0,3.0,6.0,9.0,12.0,15.0]",classified,6,0.6013518228066391,0.4383304566265249,0.718703662252285,0.4662382236029445,0.8707406437252049,0.690621055925372,2.949340453816456,B3,0.690621055925372,5.99861380000948,3.4702037000097334,242.1894292999932,0.23196999996434897,252.68106310002622,26648,52062,1010,1062,78,4.2,completed,6,,,2026-08-08T17:38:32.420+02:00,2026-08-08T17:38:32.549+02:00,2026-08-08T17:42:53.737+02:00
74,S000074,band_supplement_300_20260808_001,C000073,candidate,2528ec898673c307d4f3d961e05f4943549a2926e8c96f2bed41c81d2a1ab07b,"[0,0,0,0,2,2,2,1,1,1,0,0,0,0,2,2,2,2,1,1,0,0,0,0,0,1,1,1,1,1,0,1,0,0,0,1,1,1,1,1,0,1,1,1,1,1,1,1,1,1,0,0,1,1,0,0,1,1,1,1,1,1,1,1,1,1,1,1,1,1,0,1,1,1,1,0,1,1,1,1,1,1,1,1,0,1,1,1,1,1,1,1,1,1,1,1,1,1,1,1,1,1,1,1,1,1,1,1,1,1,1,1,1,1,1,1,1,1,1,1,0,1,1,1,1,1,1,0,1,1,0,0,1,1,1,1,0,0,1,1,0,0,1,1,1,1,0,0,0,1,0,0,1,1,0,0,0,0,0,1,0,0,0,0,0,0,0,0,1,1,0,0,0,0,0,0,0,0,1,1]","[[0,0,0,0,2,2,2,1,1,1],[0,0,0,0,2,2,2,2,1,1],[0,0,0,0,0,1,1,1,1,1],[0,1,0,0,0,1,1,1,1,1],[0,1,1,1,1,1,1,1,1,1],[0,0,1,1,0,0,1,1,1,1],[1,1,1,1,1,1,1,1,1,1],[0,1,1,1,1,0,1,1,1,1],[1,1,1,1,0,1,1,1,1,1],[1,1,1,1,1,1,1,1,1,1],[1,1,1,1,1,1,1,1,1,1],[1,1,1,1,1,1,1,1,1,1],[0,1,1,1,1,1,1,0,1,1],[0,0,1,1,1,1,0,0,1,1],[0,0,1,1,1,1,0,0,0,1],[0,0,1,1,0,0,0,0,0,1],[0,0,0,0,0,0,0,0,1,1],[0,0,0,0,0,0,0,0,1,1]]",407dd0f5a899e5d2f6a8539fe8762af208656e4b33e0d40d12982247b22be289,15da216552b4cfea918047a7df61cbefcef1478be37754a079fdc1a1303a6d55,merged_copper_v5,"[0.0,3.0,6.0,9.0,12.0,15.0]",classified,6,0.548171280011332,0.3882996035093183,0.6505371431711485,0.47838613445127803,0.8707406437252049,0.6295459893386212,3.6262451496061288,B3,0.6295459893386212,1.382774799974868,2.5327093999949284,120.67085549997864,0.18339219992049038,125.35968130000401,20989,40776,782,828,66,4.2,completed,6,,,2026-08-08T17:44:00.942+02:00,2026-08-08T17:44:00.982+02:00,2026-08-08T17:46:11.879+02:00
75,S000075,band_supplement_300_20260808_001,C000074,candidate,d6f5b0a2bbe6f3f25e73b02a22f5f093ce5d86bf5464778dfe9aa19c10f12156,"[2,0,0,0,0,0,1,1,1,1,2,0,0,0,0,0,0,1,1,1,2,2,2,0,0,1,1,1,1,1,2,0,2,2,0,1,1,1,1,1,2,0,0,0,0,1,1,1,1,1,2,2,0,0,0,0,1,1,1,1,0,0,0,0,0,1,1,1,1,1,0,1,0,0,0,0,1,1,1,1,1,1,1,1,0,1,1,1,1,1,1,1,1,1,1,1,1,1,1,1,1,1,1,1,1,1,1,1,1,1,1,1,1,1,0,0,0,0,1,1,0,1,1,1,0,0,0,0,1,1,0,0,1,1,0,0,0,0,1,1,0,0,1,0,0,0,0,0,0,1,0,0,0,0,0,0,0,0,0,1,0,0,0,0,0,0,0,0,1,1,0,0,0,0,0,0,0,0,1,1]","[[2,0,0,0,0,0,1,1,1,1],[2,0,0,0,0,0,0,1,1,1],[2,2,2,0,0,1,1,1,1,1],[2,0,2,2,0,1,1,1,1,1],[2,0,0,0,0,1,1,1,1,1],[2,2,0,0,0,0,1,1,1,1],[0,0,0,0,0,1,1,1,1,1],[0,1,0,0,0,0,1,1,1,1],[1,1,1,1,0,1,1,1,1,1],[1,1,1,1,1,1,1,1,1,1],[1,1,1,1,1,1,1,1,1,1],[1,1,1,1,0,0,0,0,1,1],[0,1,1,1,0,0,0,0,1,1],[0,0,1,1,0,0,0,0,1,1],[0,0,1,0,0,0,0,0,0,1],[0,0,0,0,0,0,0,0,0,1],[0,0,0,0,0,0,0,0,1,1],[0,0,0,0,0,0,0,0,1,1]]",812af31713de56b202c3dcf455a931e35e1613616735d248bb5fe2e4f5ae0743,15da216552b4cfea918047a7df61cbefcef1478be37754a079fdc1a1303a6d55,merged_copper_v5,"[0.0,3.0,6.0,9.0,12.0,15.0]",classified,6,0.7137035230414556,0.6918326475683502,0.760328551074282,0.09597248898819465,0.8707406437252049,0.819651096092273,1.1746784662665006,B5,0.819651096092273,4.291242200008128,3.3982254000438843,160.31211550004082,0.2291763000539504,168.98761870001908,25360,49480,926,960,42,4.2,completed,6,,,2026-08-08T17:46:12.148+02:00,2026-08-08T17:46:12.834+02:00,2026-08-08T17:49:08.992+02:00
76,S000076,band_supplement_300_20260808_001,C000075,candidate,fca810954537f046935563e9a650a1ded564097732d178eb20d4c8d93ec30c41,"[2,0,0,0,0,0,1,1,1,1,2,0,0,0,0,0,0,1,1,1,2,2,2,0,0,1,1,1,1,1,2,0,2,2,0,1,1,1,1,1,2,0,0,0,0,1,1,1,1,1,2,2,0,0,0,0,1,1,1,1,0,0,0,0,2,1,1,1,1,1,0,1,0,0,2,2,1,1,1,1,1,1,1,1,2,1,1,1,1,1,1,1,1,1,1,1,1,1,1,1,1,1,1,1,1,1,1,1,1,1,1,1,1,1,1,1,1,1,1,1,0,1,1,1,1,1,1,0,1,1,0,0,1,1,1,1,0,0,1,1,0,0,1,0,1,1,0,0,0,1,0,0,0,0,0,0,0,0,0,1,0,0,0,0,0,0,0,0,1,1,0,0,0,0,0,0,0,0,1,1]","[[2,0,0,0,0,0,1,1,1,1],[2,0,0,0,0,0,0,1,1,1],[2,2,2,0,0,1,1,1,1,1],[2,0,2,2,0,1,1,1,1,1],[2,0,0,0,0,1,1,1,1,1],[2,2,0,0,0,0,1,1,1,1],[0,0,0,0,2,1,1,1,1,1],[0,1,0,0,2,2,1,1,1,1],[1,1,1,1,2,1,1,1,1,1],[1,1,1,1,1,1,1,1,1,1],[1,1,1,1,1,1,1,1,1,1],[1,1,1,1,1,1,1,1,1,1],[0,1,1,1,1,1,1,0,1,1],[0,0,1,1,1,1,0,0,1,1],[0,0,1,0,1,1,0,0,0,1],[0,0,0,0,0,0,0,0,0,1],[0,0,0,0,0,0,0,0,1,1],[0,0,0,0,0,0,0,0,1,1]]",2dc4608369d808fc9ee8afa7cb1b9fa8f0ff4f66665d4baa78cb24bae5feed26,15da216552b4cfea918047a7df61cbefcef1478be37754a079fdc1a1303a6d55,merged_copper_v5,"[0.0,3.0,6.0,9.0,12.0,15.0]",classified,6,0.7061631571758671,0.685277164199286,0.7527058545309342,0.09548599306895783,0.8707406437252049,0.8109913810325403,1.26844654366712,B5,0.8109913810325403,5.446677900006762,3.6174387000210118,182.60492220002925,0.2539835999778006,192.765731099993,28120,55004,1022,1062,54,4.2,completed,6,,,2026-08-08T17:46:12.365+02:00,2026-08-08T17:46:12.849+02:00,2026-08-08T17:49:34.564+02:00
77,S000077,band_supplement_300_20260808_001,C000076,candidate,f5a565697ae85b4dff058688e6c715d8b7b1d6164f7bd0717a72d8b467772b9b,"[0,0,1,1,1,1,1,1,1,1,0,0,0,1,1,1,1,1,1,1,0,0,0,2,2,1,1,1,1,1,0,0,0,2,2,1,1,1,1,1,0,0,0,2,2,1,1,1,1,1,0,0,2,2,2,2,1,1,1,1,2,0,2,2,2,2,1,1,1,1,2,2,2,2,2,2,1,1,1,1,2,2,2,2,2,2,1,1,1,1,0,2,2,2,2,0,1,1,1,1,0,0,2,2,2,0,1,1,1,1,0,0,0,0,0,0,1,1,1,1,0,0,0,0,0,1,1,1,1,1,0,0,0,1,0,1,0,1,1,1,0,0,0,1,1,1,1,1,1,1,0,0,1,1,1,1,1,1,1,1,0,0,0,0,1,1,1,1,1,1,0,0,0,0,1,1,1,1,1,1]","[[0,0,1,1,1,1,1,1,1,1],[0,0,0,1,1,1,1,1,1,1],[0,0,0,2,2,1,1,1,1,1],[0,0,0,2,2,1,1,1,1,1],[0,0,0,2,2,1,1,1,1,1],[0,0,2,2,2,2,1,1,1,1],[2,0,2,2,2,2,1,1,1,1],[2,2,2,2,2,2,1,1,1,1],[2,2,2,2,2,2,1,1,1,1],[0,2,2,2,2,0,1,1,1,1],[0,0,2,2,2,0,1,1,1,1],[0,0,0,0,0,0,1,1,1,1],[0,0,0,0,0,1,1,1,1,1],[0,0,0,1,0,1,0,1,1,1],[0,0,0,1,1,1,1,1,1,1],[0,0,1,1,1,1,1,1,1,1],[0,0,0,0,1,1,1,1,1,1],[0,0,0,0,1,1,1,1,1,1]]",5fb8f5ad1d7b10308dce3a2e19383df56c00f88acfb29da1e94a5641665e947c,15da216552b4cfea918047a7df61cbefcef1478be37754a079fdc1a1303a6d55,merged_copper_v5,"[0.0,3.0,6.0,9.0,12.0,15.0]",classified,6,0.6915862838857012,0.6014871029764834,0.7191165115856254,0.17008638162723108,0.8707406437252049,0.7942506059289423,1.5252578483524668,B4,0.7942506059289423,7.421878300025128,3.2649806999543216,205.75327119999565,0.2493002999399323,217.44512710001436,25456,49680,926,960,48,4.2,completed,6,,,2026-08-08T17:46:12.545+02:00,2026-08-08T17:46:12.865+02:00,2026-08-08T17:49:57.815+02:00
78,S000078,band_supplement_300_20260808_001,C000077,candidate,de1d308ca76c3846cc5dbd697e48a510ce8794167021bb64f0eb4353a02fee87,"[2,2,1,1,1,1,1,1,1,1,2,2,2,1,1,1,1,1,1,1,2,2,2,2,2,1,1,1,1,1,2,2,2,2,2,1,1,1,1,1,2,2,2,2,2,1,1,1,1,1,2,2,2,2,2,2,1,1,1,1,2,2,2,2,2,2,1,1,1,1,2,2,2,2,2,2,1,1,1,1,2,2,2,2,2,2,1,1,1,1,0,2,2,2,2,0,1,1,1,1,0,0,2,2,2,0,1,1,1,1,0,0,0,0,0,0,1,1,1,1,0,1,1,0,0,1,1,1,1,1,0,0,1,1,0,1,0,1,1,1,0,0,1,1,1,1,1,1,1,1,0,0,1,1,1,1,1,1,1,1,0,0,0,0,1,1,1,1,1,1,0,0,0,0,1,1,1,1,1,1]","[[2,2,1,1,1,1,1,1,1,1],[2,2,2,1,1,1,1,1,1,1],[2,2,2,2,2,1,1,1,1,1],[2,2,2,2,2,1,1,1,1,1],[2,2,2,2,2,1,1,1,1,1],[2,2,2,2,2,2,1,1,1,1],[2,2,2,2,2,2,1,1,1,1],[2,2,2,2,2,2,1,1,1,1],[2,2,2,2,2,2,1,1,1,1],[0,2,2,2,2,0,1,1,1,1],[0,0,2,2,2,0,1,1,1,1],[0,0,0,0,0,0,1,1,1,1],[0,1,1,0,0,1,1,1,1,1],[0,0,1,1,0,1,0,1,1,1],[0,0,1,1,1,1,1,1,1,1],[0,0,1,1,1,1,1,1,1,1],[0,0,0,0,1,1,1,1,1,1],[0,0,0,0,1,1,1,1,1,1]]",756704d24d10c887b405b8594885a603b0ccc564ae710ec6232edbe69c758447,15da216552b4cfea918047a7df61cbefcef1478be37754a079fdc1a1303a6d55,merged_copper_v5,"[0.0,3.0,6.0,9.0,12.0,15.0]",classified,6,0.7122121906645457,0.6333044192546178,0.7392978908823382,0.148822883147817,0.8707406437252049,0.8179383790075052,1.246170515137497,B5,0.8179383790075052,8.96248009998817,3.195252600038657,185.33220090004033,0.21978810004657134,198.46552949998295,24467,47706,902,930,42,4.2,completed,6,,,2026-08-08T17:46:12.665+02:00,2026-08-08T17:46:12.881+02:00,2026-08-08T17:49:38.498+02:00
79,S000079,band_supplement_300_20260808_001,C000078,candidate,9da664960182fa1f5d57982723664b2f877b35da71378ab4d5ebf7cd17395902,"[2,1,1,1,1,1,1,1,1,1,2,1,1,1,1,1,1,1,1,1,2,2,2,0,0,1,1,1,1,1,2,0,2,2,1,1,1,1,1,1,2,0,0,0,0,0,0,0,1,1,2,2,0,0,0,0,0,0,1,1,0,0,0,0,0,0,0,1,1,1,0,1,0,0,0,0,1,1,1,1,1,1,1,1,0,1,1,1,1,1,1,1,1,1,1,1,1,1,1,1,1,0,0,1,1,1,1,1,1,1,1,0,0,0,1,1,1,1,1,1,0,0,1,1,1,1,1,0,1,1,0,0,1,1,1,1,0,0,1,1,0,0,1,1,1,1,0,0,0,1,0,0,1,1,0,0,0,0,0,1,0,0,0,0,0,0,0,0,1,1,0,0,0,0,0,0,0,0,1,1]","[[2,1,1,1,1,1,1,1,1,1],[2,1,1,1,1,1,1,1,1,1],[2,2,2,0,0,1,1,1,1,1],[2,0,2,2,1,1,1,1,1,1],[2,0,0,0,0,0,0,0,1,1],[2,2,0,0,0,0,0,0,1,1],[0,0,0,0,0,0,0,1,1,1],[0,1,0,0,0,0,1,1,1,1],[1,1,1,1,0,1,1,1,1,1],[1,1,1,1,1,1,1,1,1,1],[1,0,0,1,1,1,1,1,1,1],[1,0,0,0,1,1,1,1,1,1],[0,0,1,1,1,1,1,0,1,1],[0,0,1,1,1,1,0,0,1,1],[0,0,1,1,1,1,0,0,0,1],[0,0,1,1,0,0,0,0,0,1],[0,0,0,0,0,0,0,0,1,1],[0,0,0,0,0,0,0,0,1,1]]",2e9d3965fa082f3458f76bb7fb06f9402dfb85278c2ba68c9c39391de61ebe92,15da216552b4cfea918047a7df61cbefcef1478be37754a079fdc1a1303a6d55,merged_copper_v5,"[0.0,3.0,6.0,9.0,12.0,15.0]",classified,6,0.7102657275922146,0.6584206690831239,0.7436806095027279,0.12003949663829802,0.8707406437252049,0.8157029681692058,1.241717917032116,B5,0.8157029681692058,4.956459099979838,3.2427131999866106,265.80038759997115,0.24179129998083226,274.97418930000276,25856,50482,968,1008,48,4.2,completed,6,,,2026-08-08T17:46:12.765+02:00,2026-08-08T17:46:12.903+02:00,2026-08-08T17:50:55.790+02:00
80,S000080,band_supplement_300_20260808_001,C000079,candidate,a73436b5315ff1549e216e398732ac0a2175d8387f746ca30b7e4082d02e09c4,"[2,2,1,1,1,1,1,1,1,1,2,2,2,1,1,1,1,1,1,1,2,2,2,2,2,1,1,1,1,1,2,2,2,2,2,1,1,1,1,1,2,2,2,2,2,1,1,1,1,1,2,2,2,2,2,2,1,1,1,1,2,2,2,2,2,2,1,1,1,1,2,2,2,2,2,2,1,1,1,1,2,2,2,2,2,2,1,1,1,1,0,2,2,2,2,0,1,1,1,1,0,0,2,2,2,0,1,1,1,1,0,0,0,0,0,0,1,1,1,1,0,0,0,0,0,1,1,1,1,1,0,0,0,1,0,1,0,1,1,1,0,0,0,1,1,1,1,1,1,1,0,0,1,1,1,1,0,0,0,1,0,0,0,0,1,1,1,1,1,1,0,0,0,0,1,1,1,1,1,1]","[[2,2,1,1,1,1,1,1,1,1],[2,2,2,1,1,1,1,1,1,1],[2,2,2,2,2,1,1,1,1,1],[2,2,2,2,2,1,1,1,1,1],[2,2,2,2,2,1,1,1,1,1],[2,2,2,2,2,2,1,1,1,1],[2,2,2,2,2,2,1,1,1,1],[2,2,2,2,2,2,1,1,1,1],[2,2,2,2,2,2,1,1,1,1],[0,2,2,2,2,0,1,1,1,1],[0,0,2,2,2,0,1,1,1,1],[0,0,0,0,0,0,1,1,1,1],[0,0,0,0,0,1,1,1,1,1],[0,0,0,1,0,1,0,1,1,1],[0,0,0,1,1,1,1,1,1,1],[0,0,1,1,1,1,0,0,0,1],[0,0,0,0,1,1,1,1,1,1],[0,0,0,0,1,1,1,1,1,1]]",e75bf57eca9541b91ba15e8418c7a46c571d5853d071a75145e0e5e040c615a2,15da216552b4cfea918047a7df61cbefcef1478be37754a079fdc1a1303a6d55,merged_copper_v5,"[0.0,3.0,6.0,9.0,12.0,15.0]",classified,6,0.6961097782685902,0.6152918907864247,0.7191987076971382,0.1492678599762776,0.8707406437252049,0.7994456021835521,1.4478956469154005,B4,0.7994456021835521,5.411394199996721,2.9322654000134207,230.2282058999699,0.2137788999825716,239.47362299999804,24689,48152,926,954,48,4.2,completed,6,,,2026-08-08T17:50:56.068+02:00,2026-08-08T17:50:56.468+02:00,2026-08-08T17:55:01.798+02:00
81,S000081,band_supplement_300_20260808_001,C000080,candidate,884505709e0a3f9f6894117bdf865553827a5beda04751974507c836df0b470e,"[2,1,1,1,1,1,1,1,1,1,2,1,1,1,1,1,1,1,1,1,2,2,2,2,2,1,1,1,1,1,2,2,2,2,2,1,1,1,1,1,2,2,2,2,0,0,0,0,1,1,2,2,2,2,0,0,0,0,1,1,2,2,2,2,0,0,1,1,1,1,2,2,2,2,2,1,1,1,1,1,2,2,2,2,2,2,1,1,1,1,1,2,2,2,2,1,1,1,1,1,1,1,2,2,2,1,1,1,1,1,1,1,1,1,1,1,1,1,1,1,1,1,1,1,1,1,1,1,1,1,1,1,1,1,1,1,0,1,1,1,1,1,1,1,1,1,1,1,1,1,1,1,0,0,0,1,1,1,1,1,1,0,0,0,0,0,1,0,0,1,1,1,1,0,0,1,1,1,1,1]","[[2,1,1,1,1,1,1,1,1,1],[2,1,1,1,1,1,1,1,1,1],[2,2,2,2,2,1,1,1,1,1],[2,2,2,2,2,1,1,1,1,1],[2,2,2,2,0,0,0,0,1,1],[2,2,2,2,0,0,0,0,1,1],[2,2,2,2,0,0,1,1,1,1],[2,2,2,2,2,1,1,1,1,1],[2,2,2,2,2,2,1,1,1,1],[1,2,2,2,2,1,1,1,1,1],[1,1,2,2,2,1,1,1,1,1],[1,1,1,1,1,1,1,1,1,1],[1,1,1,1,1,1,1,1,1,1],[1,1,1,1,1,1,0,1,1,1],[1,1,1,1,1,1,1,1,1,1],[1,1,0,0,0,1,1,1,1,1],[1,0,0,0,0,0,1,0,0,1],[1,1,1,0,0,1,1,1,1,1]]",44883223f1d0a96141ca2f424fd9ee4db481162f033bd4a04622cf8af6784e82,15da216552b4cfea918047a7df61cbefcef1478be37754a079fdc1a1303a6d55,merged_copper_v5,"[0.0,3.0,6.0,9.0,12.0,15.0]",classified,6,0.6977492850848503,0.6394159426678208,0.7366472366708148,0.13934990129179442,0.8707406437252049,0.8013284898471461,1.4174838530276659,B5,0.8013284898471461,4.915083100000629,3.043595600029221,246.46952169996803,0.21228449998307042,255.34426250000251,25344,49450,986,1020,54,4.2,completed,6,,,2026-08-08T17:50:56.290+02:00,2026-08-08T17:50:56.490+02:00,2026-08-08T17:55:18.428+02:00
82,S000082,band_supplement_300_20260808_001,C000081,candidate,7f485ae03b37480d3103cbd8949dcc7cae7d61995d1aa92135053687a9a7cd15,"[0,1,1,1,1,1,1,1,1,1,0,1,1,0,0,1,1,1,1,1,0,0,0,0,0,1,0,1,1,1,0,2,2,2,0,0,0,0,1,1,0,2,2,2,1,1,1,1,1,1,0,1,2,1,1,1,1,1,1,1,1,1,1,1,1,1,1,1,1,1,1,1,2,2,1,1,1,1,1,1,1,2,2,2,2,1,1,1,1,1,2,2,2,2,2,1,1,1,1,1,2,2,2,2,2,1,1,1,1,1,2,2,2,2,2,1,1,1,1,1,2,2,2,2,2,1,1,1,1,1,0,2,2,0,0,1,1,1,1,1,0,0,0,1,1,1,1,1,1,1,1,1,1,1,1,1,1,1,1,1,1,1,1,1,1,1,1,1,1,1,1,1,1,1,1,1,1,1,1,1]","[[0,1,1,1,1,1,1,1,1,1],[0,1,1,0,0,1,1,1,1,1],[0,0,0,0,0,1,0,1,1,1],[0,2,2,2,0,0,0,0,1,1],[0,2,2,2,1,1,1,1,1,1],[0,1,2,1,1,1,1,1,1,1],[1,1,1,1,1,1,1,1,1,1],[1,1,2,2,1,1,1,1,1,1],[1,2,2,2,2,1,1,1,1,1],[2,2,2,2,2,1,1,1,1,1],[2,2,2,2,2,1,1,1,1,1],[2,2,2,2,2,1,1,1,1,1],[2,2,2,2,2,1,1,1,1,1],[0,2,2,0,0,1,1,1,1,1],[0,0,0,1,1,1,1,1,1,1],[1,1,1,1,1,1,1,1,1,1],[1,1,1,1,1,1,1,1,1,1],[1,1,1,1,1,1,1,1,1,1]]",533b40bcb71dbe05127b6b8d0cfb8d3801cd4976e4212cf407c4fe778ad5adef,15da216552b4cfea918047a7df61cbefcef1478be37754a079fdc1a1303a6d55,merged_copper_v5,"[0.0,3.0,6.0,9.0,12.0,15.0]",classified,6,0.7127122693850989,0.6116148469243328,0.780991257206735,0.2376504762974458,0.8707406437252049,0.8185126932124949,1.3287471242802102,B5,0.8185126932124949,4.644651399983559,3.1033419999293983,192.4911415000097,0.21016730001429096,201.1343765000347,24971,48712,980,1026,60,4.2,completed,6,,,2026-08-08T17:50:56.406+02:00,2026-08-08T17:50:56.506+02:00,2026-08-08T17:54:23.847+02:00
83,S000083,band_supplement_300_20260808_001,C000082,candidate,c4d59507516ba27b17900368cff97bfd3740365a0bc1ae0fd46e42e17e1ec349,"[2,2,2,2,0,0,0,0,1,1,2,0,2,2,2,0,1,1,1,1,2,2,2,2,2,0,1,1,1,1,2,2,1,1,1,0,0,1,1,1,2,2,1,1,1,1,1,1,1,1,2,2,1,1,1,1,1,1,1,1,2,2,1,2,2,2,1,1,1,1,2,2,2,2,2,2,1,1,1,1,2,2,2,2,2,2,1,1,1,1,1,2,2,2,2,1,1,1,1,1,1,1,2,2,2,1,1,1,1,1,1,1,1,1,1,1,1,1,1,1,1,1,1,1,1,1,1,1,1,1,1,1,1,1,1,1,0,1,1,1,1,1,1,1,1,1,1,1,1,1,1,1,0,0,0,1,1,1,1,1,1,0,0,0,1,1,1,1,1,1,1,1,1,0,0,1,1,1,1,1]","[[2,2,2,2,0,0,0,0,1,1],[2,0,2,2,2,0,1,1,1,1],[2,2,2,2,2,0,1,1,1,1],[2,2,1,1,1,0,0,1,1,1],[2,2,1,1,1,1,1,1,1,1],[2,2,1,1,1,1,1,1,1,1],[2,2,1,2,2,2,1,1,1,1],[2,2,2,2,2,2,1,1,1,1],[2,2,2,2,2,2,1,1,1,1],[1,2,2,2,2,1,1,1,1,1],[1,1,2,2,2,1,1,1,1,1],[1,1,1,1,1,1,1,1,1,1],[1,1,1,1,1,1,1,1,1,1],[1,1,1,1,1,1,0,1,1,1],[1,1,1,1,1,1,1,1,1,1],[1,1,0,0,0,1,1,1,1,1],[1,0,0,0,1,1,1,1,1,1],[1,1,1,0,0,1,1,1,1,1]]",9a8acd624ef718fac01585a3c0715831bf81aef42ae40cc5681c87b4bca20fc9,15da216552b4cfea918047a7df61cbefcef1478be37754a079fdc1a1303a6d55,merged_copper_v5,"[0.0,3.0,6.0,9.0,12.0,15.0]",classified,6,0.6102741498870484,0.4675652679282903,0.7454255907854636,0.4553041004745172,0.8707406437252049,0.7008678810215772,2.8268772421829125,B4,0.7008678810215772,5.705207200022414,3.5226901000132784,159.6038458000112,0.23224610000033863,169.82673790003173,28228,55236,1106,1140,60,4.2,completed,6,,,2026-08-08T17:55:18.750+02:00,2026-08-08T17:55:19.021+02:00,2026-08-08T17:58:14.899+02:00
84,S000084,band_supplement_300_20260808_001,C000083,candidate,319fa0a1f8d5cf1e26754fa1c73f5792713c4630cc01f1b4a9266d7d9cb5123a,"[0,1,1,1,1,1,1,1,1,1,0,1,1,0,1,1,1,1,1,1,0,0,0,0,1,1,1,1,1,1,0,2,2,2,0,1,1,1,1,1,0,2,2,2,1,1,1,1,1,1,0,1,2,1,1,1,1,1,1,1,1,1,1,1,1,1,1,1,1,1,1,1,2,2,1,1,1,1,1,1,1,2,2,2,2,1,1,1,1,1,2,2,2,2,2,1,1,1,1,1,2,2,2,2,1,1,1,1,1,1,2,2,2,1,1,1,1,1,1,1,2,2,2,2,1,1,1,1,1,1,0,2,2,0,0,1,1,1,1,1,0,0,0,1,1,1,1,1,1,1,1,1,1,1,1,1,0,0,1,1,1,1,1,1,1,1,1,0,0,1,1,1,1,1,1,1,1,1,1,1]","[[0,1,1,1,1,1,1,1,1,1],[0,1,1,0,1,1,1,1,1,1],[0,0,0,0,1,1,1,1,1,1],[0,2,2,2,0,1,1,1,1,1],[0,2,2,2,1,1,1,1,1,1],[0,1,2,1,1,1,1,1,1,1],[1,1,1,1,1,1,1,1,1,1],[1,1,2,2,1,1,1,1,1,1],[1,2,2,2,2,1,1,1,1,1],[2,2,2,2,2,1,1,1,1,1],[2,2,2,2,1,1,1,1,1,1],[2,2,2,1,1,1,1,1,1,1],[2,2,2,2,1,1,1,1,1,1],[0,2,2,0,0,1,1,1,1,1],[0,0,0,1,1,1,1,1,1,1],[1,1,1,1,1,1,0,0,1,1],[1,1,1,1,1,1,1,0,0,1],[1,1,1,1,1,1,1,1,1,1]]",28dcdd2d7adca6804857a9bf938ce0dd3fc36e7a2c2c9e6051be9e19069c94d6,15da216552b4cfea918047a7df61cbefcef1478be37754a079fdc1a1303a6d55,merged_copper_v5,"[0.0,3.0,6.0,9.0,12.0,15.0]",classified,6,0.7883712503205237,0.7288057471965926,0.8108155545256341,0.10402435057810548,0.8707406437252049,0.9054030680682502,0.2493837368680615,B6,0.9054030680682502,4.674361300014425,3.2807554000173695,260.85943509996287,0.2349097999976948,269.79265270000906,27415,53594,1052,1104,72,4.2,completed,6,,,2026-08-08T17:55:18.850+02:00,2026-08-08T17:55:19.036+02:00,2026-08-08T17:59:55.478+02:00
85,S000085,band_supplement_300_20260808_001,C000084,candidate,2db34eda9dfb92ad03604a463384cfbe575c25159e80aec36ffa0c227520a7c3,"[0,1,1,1,1,1,1,1,1,1,0,1,1,0,1,1,1,1,1,1,0,0,0,0,1,1,1,1,1,1,0,2,2,2,0,1,1,1,1,1,0,2,2,2,0,1,1,1,1,1,0,2,2,1,0,1,1,1,1,1,0,2,1,1,1,1,1,1,1,1,0,2,2,2,1,1,1,1,1,1,0,2,2,2,2,1,1,1,1,1,2,2,2,2,2,1,1,1,1,1,2,2,2,2,1,1,1,1,1,1,2,2,2,1,1,1,1,1,1,1,2,2,2,2,1,1,1,1,1,1,0,2,2,0,0,1,1,1,1,1,0,0,0,1,1,1,1,1,1,1,1,1,1,1,1,1,0,0,1,1,1,1,1,1,1,1,1,0,0,1,1,1,1,1,1,1,1,1,1,1]","[[0,1,1,1,1,1,1,1,1,1],[0,1,1,0,1,1,1,1,1,1],[0,0,0,0,1,1,1,1,1,1],[0,2,2,2,0,1,1,1,1,1],[0,2,2,2,0,1,1,1,1,1],[0,2,2,1,0,1,1,1,1,1],[0,2,1,1,1,1,1,1,1,1],[0,2,2,2,1,1,1,1,1,1],[0,2,2,2,2,1,1,1,1,1],[2,2,2,2,2,1,1,1,1,1],[2,2,2,2,1,1,1,1,1,1],[2,2,2,1,1,1,1,1,1,1],[2,2,2,2,1,1,1,1,1,1],[0,2,2,0,0,1,1,1,1,1],[0,0,0,1,1,1,1,1,1,1],[1,1,1,1,1,1,0,0,1,1],[1,1,1,1,1,1,1,0,0,1],[1,1,1,1,1,1,1,1,1,1]]",d589f5c246129c953c579883e214fc3ebf45c615b114b83e1c6efb1ce6cc57bd,15da216552b4cfea918047a7df61cbefcef1478be37754a079fdc1a1303a6d55,merged_copper_v5,"[0.0,3.0,6.0,9.0,12.0,15.0]",classified,6,0.8518846124826883,0.8072831408744359,0.8819475850116543,0.08764619414784382,0.8707406437252049,0.9783448362283325,0.08764620944434395,B6,0.9783448362283325,4.859049699996831,3.3320322000072338,269.68325290005305,0.23516679997555912,278.8823351000319,27933,54638,1064,1110,60,4.2,completed,6,,,2026-08-08T17:55:18.958+02:00,2026-08-08T17:55:19.065+02:00,2026-08-08T18:00:04.056+02:00
86,S000086,band_supplement_300_20260808_001,C000085,candidate,2e4e6324eb57d3bfbbb5e95483f728f3fe62537b9eb38a6a96211851aacc5e57,"[0,1,1,1,1,1,1,1,1,1,0,1,1,1,1,1,1,1,1,1,0,0,0,1,1,1,1,1,1,1,0,2,2,2,1,1,1,1,1,1,0,2,2,2,1,1,1,1,1,1,0,2,2,2,0,1,1,1,1,1,2,2,2,2,2,1,1,1,1,1,2,2,2,2,2,1,1,1,1,1,2,2,2,2,2,1,1,1,1,1,2,2,2,2,2,1,1,1,1,1,2,2,2,2,2,1,1,1,1,1,2,2,2,2,2,1,1,1,0,0,2,2,2,2,2,1,1,1,0,1,0,2,2,0,0,1,1,1,1,1,0,0,1,1,1,1,1,1,1,1,1,1,1,1,1,1,1,1,1,1,1,1,1,1,1,1,1,1,1,1,1,1,1,1,1,1,1,1,1,1]","[[0,1,1,1,1,1,1,1,1,1],[0,1,1,1,1,1,1,1,1,1],[0,0,0,1,1,1,1,1,1,1],[0,2,2,2,1,1,1,1,1,1],[0,2,2,2,1,1,1,1,1,1],[0,2,2,2,0,1,1,1,1,1],[2,2,2,2,2,1,1,1,1,1],[2,2,2,2,2,1,1,1,1,1],[2,2,2,2,2,1,1,1,1,1],[2,2,2,2,2,1,1,1,1,1],[2,2,2,2,2,1,1,1,1,1],[2,2,2,2,2,1,1,1,0,0],[2,2,2,2,2,1,1,1,0,1],[0,2,2,0,0,1,1,1,1,1],[0,0,1,1,1,1,1,1,1,1],[1,1,1,1,1,1,1,1,1,1],[1,1,1,1,1,1,1,1,1,1],[1,1,1,1,1,1,1,1,1,1]]",9886942c23f4c77a8e2af7a9008c86cd9f7ba304e34252766ed098add36dfb62,15da216552b4cfea918047a7df61cbefcef1478be37754a079fdc1a1303a6d55,merged_copper_v5,"[0.0,3.0,6.0,9.0,12.0,15.0]",classified,6,0.8721121048384353,0.8175972918328596,0.9048954045648558,0.10009964573094517,0.8707406437252049,1.0015750512200314,0.1000996610274453,B7,1.0015750512200314,8.797575600008713,2.8843383000057656,172.519614299963,0.2106105000129901,185.0674536000006,22439,43636,824,876,60,4.2,completed,6,,,2026-08-08T18:00:04.346+02:00,2026-08-08T18:00:04.800+02:00,2026-08-08T18:03:16.429+02:00
87,S000087,band_supplement_300_20260808_001,C000086,candidate,02f235fe457f30198cf75698a315132f2bb038078bdc0ff1fa6ccbbdde7e111b,"[0,1,1,1,1,1,1,1,1,1,0,1,1,1,1,1,1,1,1,1,0,0,0,1,1,1,1,1,1,1,0,2,2,2,1,1,1,1,1,1,0,2,2,2,1,1,1,1,1,1,0,2,2,2,0,1,1,1,1,1,2,2,2,2,2,1,1,1,1,1,2,2,2,2,2,1,1,1,1,1,2,2,2,2,2,1,1,1,1,1,2,2,2,2,2,0,0,1,1,1,2,2,2,2,2,1,1,1,1,1,2,2,2,2,2,1,1,1,1,1,2,2,2,2,2,1,1,1,1,1,2,2,2,0,0,1,1,1,1,1,2,0,1,1,1,1,1,1,1,1,1,1,1,1,1,1,1,1,1,1,1,1,1,1,1,1,1,1,1,1,1,1,1,1,1,1,1,1,1,1]","[[0,1,1,1,1,1,1,1,1,1],[0,1,1,1,1,1,1,1,1,1],[0,0,0,1,1,1,1,1,1,1],[0,2,2,2,1,1,1,1,1,1],[0,2,2,2,1,1,1,1,1,1],[0,2,2,2,0,1,1,1,1,1],[2,2,2,2,2,1,1,1,1,1],[2,2,2,2,2,1,1,1,1,1],[2,2,2,2,2,1,1,1,1,1],[2,2,2,2,2,0,0,1,1,1],[2,2,2,2,2,1,1,1,1,1],[2,2,2,2,2,1,1,1,1,1],[2,2,2,2,2,1,1,1,1,1],[2,2,2,0,0,1,1,1,1,1],[2,0,1,1,1,1,1,1,1,1],[1,1,1,1,1,1,1,1,1,1],[1,1,1,1,1,1,1,1,1,1],[1,1,1,1,1,1,1,1,1,1]]",69f5ea5dd3bab4ddda54834ae49de28e533f2f6a2c12369ba094f85c52f6266f,15da216552b4cfea918047a7df61cbefcef1478be37754a079fdc1a1303a6d55,merged_copper_v5,"[0.0,3.0,6.0,9.0,12.0,15.0]",classified,6,0.868527494628426,0.8149563473652348,0.8994624553751112,0.09729813797780783,0.8707406437252049,0.9974583142377385,0.09729815327430796,B6,0.9974583142377385,9.065458299999591,3.0252071999711916,99.80473920004442,0.2013335000083316,112.756875400024,22262,43292,818,870,60,4.2,completed,6,,,2026-08-08T18:00:04.446+02:00,2026-08-08T18:00:04.816+02:00,2026-08-08T18:02:05.635+02:00
88,S000088,band_supplement_300_20260808_001,C000087,candidate,35192b3281147f72680948df0756d7477130b932f10110c667db2acc77c9f06e,"[0,1,1,1,1,1,1,1,1,1,0,1,1,1,1,1,1,1,1,1,0,0,0,0,0,1,1,1,1,1,0,2,0,0,0,1,1,1,1,1,0,2,0,0,0,1,1,1,1,1,0,2,2,0,0,1,1,1,1,1,2,2,0,0,0,1,1,1,1,1,0,0,0,0,0,1,1,1,1,1,0,0,0,0,0,1,1,1,1,1,2,2,0,0,2,1,1,1,1,1,2,2,0,0,2,1,1,1,1,1,0,2,2,2,2,1,1,1,1,1,0,0,2,2,2,1,1,1,1,1,0,2,2,0,0,1,1,1,1,1,0,0,1,0,1,1,1,1,1,1,1,1,1,1,1,1,1,1,1,1,1,1,1,1,1,1,1,1,1,1,1,1,1,1,1,1,1,1,1,1]","[[0,1,1,1,1,1,1,1,1,1],[0,1,1,1,1,1,1,1,1,1],[0,0,0,0,0,1,1,1,1,1],[0,2,0,0,0,1,1,1,1,1],[0,2,0,0,0,1,1,1,1,1],[0,2,2,0,0,1,1,1,1,1],[2,2,0,0,0,1,1,1,1,1],[0,0,0,0,0,1,1,1,1,1],[0,0,0,0,0,1,1,1,1,1],[2,2,0,0,2,1,1,1,1,1],[2,2,0,0,2,1,1,1,1,1],[0,2,2,2,2,1,1,1,1,1],[0,0,2,2,2,1,1,1,1,1],[0,2,2,0,0,1,1,1,1,1],[0,0,1,0,1,1,1,1,1,1],[1,1,1,1,1,1,1,1,1,1],[1,1,1,1,1,1,1,1,1,1],[1,1,1,1,1,1,1,1,1,1]]",2ec4069faa8e77c9a597c80cb8219187f22d7a568e203e2c1c6655bac5add010,15da216552b4cfea918047a7df61cbefcef1478be37754a079fdc1a1303a6d55,merged_copper_v5,"[0.0,3.0,6.0,9.0,12.0,15.0]",classified,6,0.8554963246961597,0.8181816463031368,0.9214009652379089,0.12065431019990851,0.8707406437252049,0.9824926984413787,0.12065432549640863,B6,0.9824926984413787,7.056335000001127,3.5057050000177696,136.1145450999902,0.27443779999157414,147.75557359997765,26773,52316,1016,1062,60,4.2,completed,6,,,2026-08-08T18:00:04.531+02:00,2026-08-08T18:00:04.831+02:00,2026-08-08T18:02:40.247+02:00
89,S000089,band_supplement_300_20260808_001,C000088,candidate,929def06ad98ec69814a45428cab1900a24ce103be2d752661a343dc1096b8ce,"[2,1,1,1,1,1,1,1,1,1,2,1,1,1,1,1,1,1,1,1,2,2,2,2,2,1,1,1,1,1,2,2,2,0,2,1,1,1,1,1,2,2,2,0,2,1,1,1,1,0,2,2,2,0,2,1,1,1,1,0,2,0,2,0,1,1,1,1,1,0,0,0,0,0,0,1,1,1,1,1,0,0,0,0,0,0,1,1,1,1,1,0,0,0,0,1,1,1,1,1,1,1,0,0,0,1,1,1,1,1,1,1,1,1,1,1,1,1,1,1,1,1,1,1,1,1,1,1,1,1,1,1,1,1,1,1,0,1,1,1,1,1,1,1,1,1,1,1,1,1,1,1,1,0,0,1,1,1,1,1,1,1,1,0,1,1,1,1,1,1,1,1,1,0,0,1,1,1,1,1]","[[2,1,1,1,1,1,1,1,1,1],[2,1,1,1,1,1,1,1,1,1],[2,2,2,2,2,1,1,1,1,1],[2,2,2,0,2,1,1,1,1,1],[2,2,2,0,2,1,1,1,1,0],[2,2,2,0,2,1,1,1,1,0],[2,0,2,0,1,1,1,1,1,0],[0,0,0,0,0,1,1,1,1,1],[0,0,0,0,0,0,1,1,1,1],[1,0,0,0,0,1,1,1,1,1],[1,1,0,0,0,1,1,1,1,1],[1,1,1,1,1,1,1,1,1,1],[1,1,1,1,1,1,1,1,1,1],[1,1,1,1,1,1,0,1,1,1],[1,1,1,1,1,1,1,1,1,1],[1,1,1,0,0,1,1,1,1,1],[1,1,1,0,1,1,1,1,1,1],[1,1,1,0,0,1,1,1,1,1]]",d21cbb05fac87729bc8a5ad704060b949de8fc8743331a674536455f29c8c22f,15da216552b4cfea918047a7df61cbefcef1478be37754a079fdc1a1303a6d55,merged_copper_v5,"[0.0,3.0,6.0,9.0,12.0,15.0]",classified,6,0.8598738747500992,0.8188539857499905,0.9266330833831832,0.12534291458095062,0.8707406437252049,0.9875200852820935,0.1253429298774508,B6,0.9875200852820935,6.6918274000054225,3.1152667000715155,321.4082239000418,0.231298800004879,332.15359459997853,25738,50236,926,966,54,4.2,completed,6,,,2026-08-08T18:00:04.647+02:00,2026-08-08T18:00:04.863+02:00,2026-08-08T18:05:43.850+02:00
90,S000090,band_supplement_300_20260808_001,C000089,candidate,dcf58fb54bb455fdde1219cc924db596ce1f516489741f53d69f66520bf9a0c9,"[0,1,1,1,1,1,1,1,1,1,0,1,1,1,1,1,1,1,1,1,0,0,0,0,0,1,1,1,1,1,0,0,0,0,0,1,1,1,1,1,0,0,0,0,0,1,1,1,1,1,0,2,0,0,0,1,1,1,1,1,2,2,2,0,2,1,1,1,1,1,2,2,2,2,2,1,1,1,1,1,0,0,0,0,2,1,1,1,1,1,0,0,0,2,2,1,1,1,1,1,0,0,0,0,2,1,1,1,1,1,0,0,0,0,0,1,1,1,1,1,0,0,0,0,0,1,1,1,1,1,0,0,0,0,0,1,1,1,1,1,0,0,1,1,1,1,1,1,1,1,1,1,1,1,1,1,1,1,1,1,1,1,1,1,1,1,1,0,0,1,1,1,1,1,1,1,0,0,1,1]","[[0,1,1,1,1,1,1,1,1,1],[0,1,1,1,1,1,1,1,1,1],[0,0,0,0,0,1,1,1,1,1],[0,0,0,0,0,1,1,1,1,1],[0,0,0,0,0,1,1,1,1,1],[0,2,0,0,0,1,1,1,1,1],[2,2,2,0,2,1,1,1,1,1],[2,2,2,2,2,1,1,1,1,1],[0,0,0,0,2,1,1,1,1,1],[0,0,0,2,2,1,1,1,1,1],[0,0,0,0,2,1,1,1,1,1],[0,0,0,0,0,1,1,1,1,1],[0,0,0,0,0,1,1,1,1,1],[0,0,0,0,0,1,1,1,1,1],[0,0,1,1,1,1,1,1,1,1],[1,1,1,1,1,1,1,1,1,1],[1,1,1,1,1,1,1,0,0,1],[1,1,1,1,1,1,0,0,1,1]]",692cc295692fbaad969ee7ba6d8c28d16e8efb11379d945baa84588a048429d2,15da216552b4cfea918047a7df61cbefcef1478be37754a079fdc1a1303a6d55,merged_copper_v5,"[0.0,3.0,6.0,9.0,12.0,15.0]",classified,6,0.8650035573761917,0.8267200531785491,0.9310930806422364,0.12066196326438369,0.8707406437252049,0.993411256968012,0.1206619785608838,B6,0.993411256968012,5.924352700007148,3.016652999998769,144.74858959994162,0.2175503000325989,154.5790818000096,22807,44376,872,912,48,4.2,completed,6,,,2026-08-08T18:00:04.747+02:00,2026-08-08T18:00:04.878+02:00,2026-08-08T18:02:48.515+02:00
91,S000091,band_supplement_300_20260808_001,C000090,candidate,09e7f01ee1517e827cc57a805266d17b68ddf7a190ae478cd40c3fca8aaab279,"[2,1,1,1,1,1,1,1,1,1,2,1,1,1,1,1,1,1,1,1,2,2,2,2,2,1,1,1,1,1,2,2,2,0,2,1,1,1,1,1,2,2,2,0,2,1,1,1,1,1,2,2,2,0,2,1,1,1,1,1,2,0,2,0,1,1,1,1,1,1,0,0,0,0,0,1,1,1,1,1,0,0,0,0,0,0,1,1,1,1,1,0,0,0,0,1,1,1,1,1,1,1,0,0,0,1,1,1,1,1,1,1,1,1,1,1,1,1,1,1,1,1,1,1,1,1,1,1,1,1,1,1,1,1,1,1,0,1,1,1,1,1,1,1,1,1,1,1,1,1,1,1,1,0,0,1,1,1,1,1,1,1,1,0,0,0,1,1,1,1,1,1,1,0,0,1,1,1,1,1]","[[2,1,1,1,1,1,1,1,1,1],[2,1,1,1,1,1,1,1,1,1],[2,2,2,2,2,1,1,1,1,1],[2,2,2,0,2,1,1,1,1,1],[2,2,2,0,2,1,1,1,1,1],[2,2,2,0,2,1,1,1,1,1],[2,0,2,0,1,1,1,1,1,1],[0,0,0,0,0,1,1,1,1,1],[0,0,0,0,0,0,1,1,1,1],[1,0,0,0,0,1,1,1,1,1],[1,1,0,0,0,1,1,1,1,1],[1,1,1,1,1,1,1,1,1,1],[1,1,1,1,1,1,1,1,1,1],[1,1,1,1,1,1,0,1,1,1],[1,1,1,1,1,1,1,1,1,1],[1,1,1,0,0,1,1,1,1,1],[1,1,1,0,0,0,1,1,1,1],[1,1,1,0,0,1,1,1,1,1]]",5f550b24b0b999199b6be17c2fe66fa1153b44efe28ca32e6eb2e6f25c7a3f54,15da216552b4cfea918047a7df61cbefcef1478be37754a079fdc1a1303a6d55,merged_copper_v5,"[0.0,3.0,6.0,9.0,12.0,15.0]",classified,6,0.867084215311876,0.830426561467902,0.9323738911120849,0.11757488816413776,0.8707406437252049,0.995800783574675,0.1175749034606379,B6,0.995800783574675,2.309647199988831,2.880866999970749,185.19189100002404,0.2196978000283707,191.27408829997876,24880,48528,902,936,48,4.2,completed,6,,,2026-08-08T18:05:44.104+02:00,2026-08-08T18:05:44.158+02:00,2026-08-08T18:09:00.875+02:00
92,S000092,band_supplement_300_20260808_001,C000091,candidate,0fd173ab49804ec9023521846c8e842972ad084750b75a6821c79763676c7dbe,"[2,1,1,1,1,1,1,1,1,1,2,1,1,1,1,1,1,1,1,1,2,2,2,2,2,1,1,1,1,1,2,2,2,2,2,1,1,1,1,1,2,2,2,2,2,1,1,1,1,1,2,2,2,2,2,1,1,1,1,1,2,2,2,2,2,1,1,1,1,1,2,2,2,2,2,2,0,0,1,1,2,2,2,2,2,2,0,0,0,1,2,2,2,2,2,2,0,1,1,1,2,2,2,2,2,2,0,1,1,1,2,2,2,2,2,2,0,1,1,1,2,2,2,2,2,2,0,0,1,1,2,2,2,0,2,2,2,2,1,1,0,0,0,0,2,2,2,0,0,1,0,0,0,0,0,0,0,0,0,1,0,0,0,0,0,0,0,0,1,1,0,0,0,0,0,0,0,0,1,1]","[[2,1,1,1,1,1,1,1,1,1],[2,1,1,1,1,1,1,1,1,1],[2,2,2,2,2,1,1,1,1,1],[2,2,2,2,2,1,1,1,1,1],[2,2,2,2,2,1,1,1,1,1],[2,2,2,2,2,1,1,1,1,1],[2,2,2,2,2,1,1,1,1,1],[2,2,2,2,2,2,0,0,1,1],[2,2,2,2,2,2,0,0,0,1],[2,2,2,2,2,2,0,1,1,1],[2,2,2,2,2,2,0,1,1,1],[2,2,2,2,2,2,0,1,1,1],[2,2,2,2,2,2,0,0,1,1],[2,2,2,0,2,2,2,2,1,1],[0,0,0,0,2,2,2,0,0,1],[0,0,0,0,0,0,0,0,0,1],[0,0,0,0,0,0,0,0,1,1],[0,0,0,0,0,0,0,0,1,1]]",a83e3506e912a7e6ed17e04356f02aed6d86041798415f2ddc2652597e6cbba9,15da216552b4cfea918047a7df61cbefcef1478be37754a079fdc1a1303a6d55,merged_copper_v5,"[0.0,3.0,6.0,9.0,12.0,15.0]",classified,6,0.48274467569714025,0.4029473629689432,0.5571204458083546,0.3193677540135835,0.8707406437252049,0.5544069628263368,4.2850593230958305,B2,0.5544069628263368,9.07089589998941,3.1973645000252873,124.74913670003298,0.23687159997643903,137.97160569997504,25892,50548,998,1032,42,4.2,completed,6,,,2026-08-08T18:09:01.229+02:00,2026-08-08T18:09:01.699+02:00,2026-08-08T18:11:25.858+02:00
93,S000093,band_supplement_300_20260808_001,C000092,candidate,65930670d113aa93cf56e410314391a8a5172bf2dfb471795dbe5131a93e5bd0,"[0,1,1,1,1,1,1,1,1,1,0,1,1,1,1,1,1,1,1,1,0,0,0,0,0,1,1,1,1,1,0,0,0,0,0,1,1,2,1,1,0,0,0,0,0,1,2,2,1,1,0,2,2,0,0,0,1,2,1,1,2,2,2,0,0,0,1,1,1,1,2,0,2,0,0,0,1,1,1,1,2,0,2,0,0,0,1,1,1,1,0,0,0,0,0,0,1,1,1,1,2,0,0,0,0,0,1,1,1,1,2,2,2,2,2,0,1,1,1,1,2,2,2,2,2,0,1,0,1,1,2,2,2,0,0,0,0,0,1,1,0,0,0,0,0,0,0,0,0,1,0,0,0,0,0,0,0,0,0,1,0,0,0,0,0,0,0,0,1,1,0,0,0,0,0,0,0,0,1,1]","[[0,1,1,1,1,1,1,1,1,1],[0,1,1,1,1,1,1,1,1,1],[0,0,0,0,0,1,1,1,1,1],[0,0,0,0,0,1,1,2,1,1],[0,0,0,0,0,1,2,2,1,1],[0,2,2,0,0,0,1,2,1,1],[2,2,2,0,0,0,1,1,1,1],[2,0,2,0,0,0,1,1,1,1],[2,0,2,0,0,0,1,1,1,1],[0,0,0,0,0,0,1,1,1,1],[2,0,0,0,0,0,1,1,1,1],[2,2,2,2,2,0,1,1,1,1],[2,2,2,2,2,0,1,0,1,1],[2,2,2,0,0,0,0,0,1,1],[0,0,0,0,0,0,0,0,0,1],[0,0,0,0,0,0,0,0,0,1],[0,0,0,0,0,0,0,0,1,1],[0,0,0,0,0,0,0,0,1,1]]",ddb5e6f9b62f34b7d1cddee2be27f0987f7b391d146f26e4ba7d77ca61b98f43,15da216552b4cfea918047a7df61cbefcef1478be37754a079fdc1a1303a6d55,merged_copper_v5,"[0.0,3.0,6.0,9.0,12.0,15.0]",classified,6,0.5134687108892665,0.4391718778661555,0.5657324001393476,0.24648146924864092,0.8707406437252049,0.5896919072165315,3.8281225984293106,B2,0.5896919072165315,5.578915499994764,3.4892383000114933,171.9320805000607,0.24439089998486452,182.0270867999934,28929,56626,1094,1134,60,4.2,completed,6,,,2026-08-08T18:09:01.445+02:00,2026-08-08T18:09:01.731+02:00,2026-08-08T18:12:10.649+02:00
94,S000094,band_supplement_300_20260808_001,C000093,candidate,28ee35371cd9532da9e4d7f2567623b6d28bb33d4c4af837500ca821689860fa,"[2,2,2,2,2,2,2,0,0,0,2,0,2,2,2,2,0,0,0,0,2,0,2,2,2,0,0,0,0,0,0,0,2,2,2,0,0,0,0,0,0,0,0,0,2,0,0,0,0,0,0,0,0,0,2,0,2,2,2,0,0,0,0,0,0,0,2,2,2,0,0,0,0,0,0,0,0,0,0,0,0,0,0,0,0,0,0,0,0,0,0,0,0,0,0,0,0,0,0,0,0,0,0,0,0,0,0,0,0,0,0,0,0,0,0,0,0,0,0,0,0,0,0,0,0,0,0,0,0,0,0,0,0,0,0,0,0,0,0,0,0,0,0,0,0,0,0,0,0,1,0,0,0,0,0,0,0,0,0,1,0,0,0,0,0,0,0,0,1,1,0,0,0,0,0,0,0,0,1,1]","[[2,2,2,2,2,2,2,0,0,0],[2,0,2,2,2,2,0,0,0,0],[2,0,2,2,2,0,0,0,0,0],[0,0,2,2,2,0,0,0,0,0],[0,0,0,0,2,0,0,0,0,0],[0,0,0,0,2,0,2,2,2,0],[0,0,0,0,0,0,2,2,2,0],[0,0,0,0,0,0,0,0,0,0],[0,0,0,0,0,0,0,0,0,0],[0,0,0,0,0,0,0,0,0,0],[0,0,0,0,0,0,0,0,0,0],[0,0,0,0,0,0,0,0,0,0],[0,0,0,0,0,0,0,0,0,0],[0,0,0,0,0,0,0,0,0,0],[0,0,0,0,0,0,0,0,0,1],[0,0,0,0,0,0,0,0,0,1],[0,0,0,0,0,0,0,0,1,1],[0,0,0,0,0,0,0,0,1,1]]",3635a7f7c72fc908268c76aa6d942bd59bc0e075926ba1d7a8959ce9ccec55d5,15da216552b4cfea918047a7df61cbefcef1478be37754a079fdc1a1303a6d55,merged_copper_v5,"[0.0,3.0,6.0,9.0,12.0,15.0]",classified,6,0.08618796907190761,0.08375777911166125,0.08808519272671701,0.05020902176550126,0.8707406437252049,0.09898236598119277,8.972859423663158,B1,0.09898236598119277,5.463625600008527,2.7998751000268385,35.970440199947916,0.23598130003665574,45.085757299966644,21887,42538,854,882,48,4.2,completed,6,,,2026-08-08T18:09:01.546+02:00,2026-08-08T18:09:01.746+02:00,2026-08-08T18:09:53.573+02:00
95,S000095,band_supplement_300_20260808_001,C000094,candidate,fcc2b1a47b06bd8f742189df2d202d4c254ba3442c667ddbe944b4dd16a2c8f4,"[2,1,1,1,1,1,1,1,1,1,2,1,1,1,1,1,1,1,1,1,2,2,2,2,2,1,1,1,1,1,2,2,2,2,2,1,1,1,1,1,2,2,2,2,2,1,1,1,1,1,2,2,2,2,2,2,1,1,1,1,2,2,2,2,2,2,1,1,1,1,2,2,2,2,2,2,0,0,1,1,2,2,2,2,2,2,0,0,0,1,2,2,2,2,2,2,0,1,1,1,2,2,1,2,2,2,0,1,1,1,2,2,1,1,1,1,0,1,1,1,2,2,1,1,1,1,0,0,1,1,2,2,2,0,0,1,1,1,1,1,0,0,0,0,0,1,1,0,0,1,0,0,0,0,0,0,0,0,0,1,0,0,0,0,0,0,0,0,1,1,0,0,0,0,0,0,0,0,1,1]","[[2,1,1,1,1,1,1,1,1,1],[2,1,1,1,1,1,1,1,1,1],[2,2,2,2,2,1,1,1,1,1],[2,2,2,2,2,1,1,1,1,1],[2,2,2,2,2,1,1,1,1,1],[2,2,2,2,2,2,1,1,1,1],[2,2,2,2,2,2,1,1,1,1],[2,2,2,2,2,2,0,0,1,1],[2,2,2,2,2,2,0,0,0,1],[2,2,2,2,2,2,0,1,1,1],[2,2,1,2,2,2,0,1,1,1],[2,2,1,1,1,1,0,1,1,1],[2,2,1,1,1,1,0,0,1,1],[2,2,2,0,0,1,1,1,1,1],[0,0,0,0,0,1,1,0,0,1],[0,0,0,0,0,0,0,0,0,1],[0,0,0,0,0,0,0,0,1,1],[0,0,0,0,0,0,0,0,1,1]]",8dd6ac413c01bcdcc08939a71847589b7aed68a0c04fc8d7bdbf99c19d732626,15da216552b4cfea918047a7df61cbefcef1478be37754a079fdc1a1303a6d55,merged_copper_v5,"[0.0,3.0,6.0,9.0,12.0,15.0]",classified,6,0.49615646981271727,0.4225030619860594,0.5643305089035153,0.2858522573957185,0.8707406437252049,0.5698097055514251,4.083896400033254,B2,0.5698097055514251,7.582024000003003,3.2348699999856763,143.3725456999964,0.2352269999391865,155.159275300015,26202,51176,1010,1044,42,4.2,completed,6,,,2026-08-08T18:09:01.662+02:00,2026-08-08T18:09:01.762+02:00,2026-08-08T18:11:44.088+02:00
96,S000096,band_supplement_300_20260808_001,C000095,candidate,3150b3b2e1646ef82213464f0cfa9df6b2479a81cfd2262689bb9797a6b86086,"[0,1,1,1,1,1,1,1,1,1,0,1,1,1,1,1,1,1,1,1,0,0,0,0,0,1,1,1,1,1,0,2,0,0,0,1,1,1,1,1,0,2,0,2,0,1,1,1,1,1,0,2,2,2,0,1,1,1,1,1,2,2,2,2,2,1,1,1,1,1,2,2,2,2,2,1,1,1,1,1,2,2,2,2,2,1,1,1,1,1,2,2,2,2,2,1,1,1,1,1,2,2,2,2,2,1,1,1,1,1,2,2,2,2,2,1,2,2,1,1,2,2,2,2,2,2,2,2,2,1,2,2,2,0,0,2,2,2,1,1,0,0,1,2,0,2,2,1,1,1,1,1,1,2,2,2,1,1,1,1,1,1,2,2,1,1,1,1,1,1,1,1,1,2,1,1,1,1,1,1]","[[0,1,1,1,1,1,1,1,1,1],[0,1,1,1,1,1,1,1,1,1],[0,0,0,0,0,1,1,1,1,1],[0,2,0,0,0,1,1,1,1,1],[0,2,0,2,0,1,1,1,1,1],[0,2,2,2,0,1,1,1,1,1],[2,2,2,2,2,1,1,1,1,1],[2,2,2,2,2,1,1,1,1,1],[2,2,2,2,2,1,1,1,1,1],[2,2,2,2,2,1,1,1,1,1],[2,2,2,2,2,1,1,1,1,1],[2,2,2,2,2,1,2,2,1,1],[2,2,2,2,2,2,2,2,2,1],[2,2,2,0,0,2,2,2,1,1],[0,0,1,2,0,2,2,1,1,1],[1,1,1,2,2,2,1,1,1,1],[1,1,2,2,1,1,1,1,1,1],[1,1,1,2,1,1,1,1,1,1]]",d0f295bd05e33bb96e16bb1befdac19a756acdd6ce9c41bbfe10207b2bff9fb9,15da216552b4cfea918047a7df61cbefcef1478be37754a079fdc1a1303a6d55,merged_copper_v5,"[0.0,3.0,6.0,9.0,12.0,15.0]",classified,6,0.5471203819230691,0.4973892525882555,0.5925329823209537,0.17389907756365847,0.8707406437252049,0.6283390879543388,3.3348943188217954,B3,0.6283390879543388,7.149990699981572,3.9828524000186007,192.20389260002412,0.2713875000481494,204.49655879999045,33664,66108,1292,1338,54,4.2,completed,6,,,2026-08-08T18:12:10.965+02:00,2026-08-08T18:12:11.212+02:00,2026-08-08T18:15:41.570+02:00
97,S000097,band_supplement_300_20260808_001,C000096,candidate,e470d8f3c54a92248ebec625ec8f57cd399d44a752e7cacba25b347dc55bdfe1,"[2,0,0,0,0,2,2,2,2,1,2,0,0,0,0,2,2,2,2,1,2,2,2,0,0,2,2,2,2,1,2,0,2,2,0,2,2,1,1,1,2,0,0,0,0,1,1,1,1,1,2,2,0,0,0,0,1,1,1,1,1,1,1,1,1,1,1,1,1,1,1,1,1,1,1,1,1,1,1,0,1,1,1,1,1,1,1,1,1,0,1,1,1,1,1,1,1,1,0,0,1,1,1,0,0,1,1,1,1,0,1,1,1,0,1,1,1,1,1,0,2,2,0,0,0,0,1,0,1,1,2,2,2,0,0,0,0,0,1,1,0,0,0,0,0,0,0,0,0,1,0,0,0,0,0,0,0,0,0,1,0,0,0,0,0,0,0,0,1,1,0,0,0,0,0,0,0,0,1,1]","[[2,0,0,0,0,2,2,2,2,1],[2,0,0,0,0,2,2,2,2,1],[2,2,2,0,0,2,2,2,2,1],[2,0,2,2,0,2,2,1,1,1],[2,0,0,0,0,1,1,1,1,1],[2,2,0,0,0,0,1,1,1,1],[1,1,1,1,1,1,1,1,1,1],[1,1,1,1,1,1,1,1,1,0],[1,1,1,1,1,1,1,1,1,0],[1,1,1,1,1,1,1,1,0,0],[1,1,1,0,0,1,1,1,1,0],[1,1,1,0,1,1,1,1,1,0],[2,2,0,0,0,0,1,0,1,1],[2,2,2,0,0,0,0,0,1,1],[0,0,0,0,0,0,0,0,0,1],[0,0,0,0,0,0,0,0,0,1],[0,0,0,0,0,0,0,0,1,1],[0,0,0,0,0,0,0,0,1,1]]",cacdfea6cf6e760a5c38cca9351b8e2091c82c6fe98d90e3585e8512f7c74822,15da216552b4cfea918047a7df61cbefcef1478be37754a079fdc1a1303a6d55,merged_copper_v5,"[0.0,3.0,6.0,9.0,12.0,15.0]",classified,6,0.31339670371350714,0.1090219901359405,0.5434568470919735,1.3862138682644645,0.8707406437252049,0.35991969132476986,7.468755087142125,B1,0.35991969132476986,4.5080916000006255,3.6159512999875005,224.2050915999862,0.2719003000529483,233.41375419995165,29677,58120,1148,1200,72,4.2,completed,6,,,2026-08-08T18:12:11.065+02:00,2026-08-08T18:12:11.234+02:00,2026-08-08T18:16:11.014+02:00
98,S000098,band_supplement_300_20260808_001,C000097,candidate,ccef52d763e3199a93373a1306eefbb8da8a204a7c01b3ec45be9da7e2500377,"[0,1,1,1,1,1,1,1,1,1,0,1,1,1,1,1,1,1,1,1,0,0,0,0,0,1,1,1,1,1,0,0,0,0,0,1,1,1,1,1,0,0,0,0,0,1,1,1,1,1,0,2,2,0,0,0,1,1,1,1,2,2,2,2,2,0,1,1,1,1,2,2,2,2,2,0,1,1,1,1,2,2,2,0,2,0,1,1,1,1,2,2,2,0,0,0,0,0,1,1,2,2,0,0,0,0,0,0,1,1,2,2,0,0,0,0,0,1,1,1,2,0,0,0,0,0,0,0,1,1,2,2,2,0,0,0,0,0,1,1,0,0,0,0,0,0,0,0,0,1,0,0,0,0,0,0,0,0,0,1,0,0,0,0,0,0,0,0,1,1,0,0,0,0,0,0,0,0,1,1]","[[0,1,1,1,1,1,1,1,1,1],[0,1,1,1,1,1,1,1,1,1],[0,0,0,0,0,1,1,1,1,1],[0,0,0,0,0,1,1,1,1,1],[0,0,0,0,0,1,1,1,1,1],[0,2,2,0,0,0,1,1,1,1],[2,2,2,2,2,0,1,1,1,1],[2,2,2,2,2,0,1,1,1,1],[2,2,2,0,2,0,1,1,1,1],[2,2,2,0,0,0,0,0,1,1],[2,2,0,0,0,0,0,0,1,1],[2,2,0,0,0,0,0,1,1,1],[2,0,0,0,0,0,0,0,1,1],[2,2,2,0,0,0,0,0,1,1],[0,0,0,0,0,0,0,0,0,1],[0,0,0,0,0,0,0,0,0,1],[0,0,0,0,0,0,0,0,1,1],[0,0,0,0,0,0,0,0,1,1]]",6ca56a5af9adbbb2267d33050bfe8f765bf34e96e68982d1bb4d426d034082a6,15da216552b4cfea918047a7df61cbefcef1478be37754a079fdc1a1303a6d55,merged_copper_v5,"[0.0,3.0,6.0,9.0,12.0,15.0]",classified,6,0.5332134645084604,0.4499713872764094,0.6057558293609759,0.2921614933864723,0.8707406437252049,0.6123677220662,3.626993202327218,B3,0.6123677220662,3.9597192000073846,3.064804699999513,118.52921549999155,0.23609760002000257,126.49321349998354,25144,49056,956,984,36,4.2,completed,6,,,2026-08-08T18:12:11.165+02:00,2026-08-08T18:12:11.281+02:00,2026-08-08T18:14:24.370+02:00
99,S000099,band_supplement_300_20260808_001,C000098,candidate,a5939d0970d28b62a17194fb17c2b8350487308a28400fde3507c9fbf1ccc0b8,"[2,2,2,2,2,2,2,1,1,1,2,2,2,2,2,2,2,2,1,1,2,2,2,2,2,2,2,1,1,1,2,1,2,2,2,2,2,1,1,1,2,1,1,2,2,2,1,1,1,1,2,2,1,1,0,0,1,1,1,1,1,1,1,1,1,1,1,1,1,1,0,1,1,1,1,0,1,1,1,1,1,1,1,1,0,1,1,1,1,1,1,1,1,1,1,1,1,1,1,1,1,1,1,1,1,1,1,1,1,1,1,1,1,1,1,1,1,1,1,1,0,1,1,1,1,1,1,0,1,1,0,0,1,1,1,1,0,0,1,1,0,0,1,1,1,1,0,0,0,1,0,0,1,1,0,0,0,0,0,1,0,0,0,0,0,0,0,0,1,1,0,0,0,0,0,0,0,0,1,1]","[[2,2,2,2,2,2,2,1,1,1],[2,2,2,2,2,2,2,2,1,1],[2,2,2,2,2,2,2,1,1,1],[2,1,2,2,2,2,2,1,1,1],[2,1,1,2,2,2,1,1,1,1],[2,2,1,1,0,0,1,1,1,1],[1,1,1,1,1,1,1,1,1,1],[0,1,1,1,1,0,1,1,1,1],[1,1,1,1,0,1,1,1,1,1],[1,1,1,1,1,1,1,1,1,1],[1,1,1,1,1,1,1,1,1,1],[1,1,1,1,1,1,1,1,1,1],[0,1,1,1,1,1,1,0,1,1],[0,0,1,1,1,1,0,0,1,1],[0,0,1,1,1,1,0,0,0,1],[0,0,1,1,0,0,0,0,0,1],[0,0,0,0,0,0,0,0,1,1],[0,0,0,0,0,0,0,0,1,1]]",3400fb098b4c8c718ff7561974770c7fbec571d245a62bd86770ef8498a5d110,15da216552b4cfea918047a7df61cbefcef1478be37754a079fdc1a1303a6d55,merged_copper_v5,"[0.0,3.0,6.0,9.0,12.0,15.0]",classified,6,0.5961750568658556,0.417354037050399,0.728252207401879,0.5214880541730459,0.8707406437252049,0.684675811519832,3.069299858646353,B3,0.684675811519832,7.808677099994384,3.196830400003819,203.10469380000723,0.22656519996235147,215.07215119997272,25542,49848,968,1014,60,4.2,completed,6,,,2026-08-08T18:16:11.314+02:00,2026-08-08T18:16:11.781+02:00,2026-08-08T18:19:53.838+02:00
100,S000100,band_supplement_300_20260808_001,C000099,candidate,3a9d52d5e47618a3cef85c6b3dd7314c2b63f615d7859d1ada87dd26053fa507,"[0,1,1,1,1,1,1,1,1,1,0,1,1,0,1,1,1,1,1,1,0,0,0,0,1,1,1,1,1,1,0,2,2,2,2,2,2,2,1,1,0,2,2,2,2,2,2,2,1,1,0,0,2,2,2,2,2,2,1,1,0,0,0,2,2,2,2,2,1,1,0,0,2,2,2,2,1,1,1,1,0,2,2,2,2,1,1,1,1,1,2,2,2,2,2,1,1,1,1,1,2,2,2,2,2,1,1,1,1,1,2,2,2,2,2,1,1,1,1,1,2,2,2,2,2,1,1,1,1,1,0,2,2,0,0,1,1,1,1,1,0,0,0,1,2,1,1,1,1,1,1,1,1,1,2,2,2,2,1,1,1,1,1,1,2,2,2,1,1,1,1,1,1,1,1,1,2,2,1,1]","[[0,1,1,1,1,1,1,1,1,1],[0,1,1,0,1,1,1,1,1,1],[0,0,0,0,1,1,1,1,1,1],[0,2,2,2,2,2,2,2,1,1],[0,2,2,2,2,2,2,2,1,1],[0,0,2,2,2,2,2,2,1,1],[0,0,0,2,2,2,2,2,1,1],[0,0,2,2,2,2,1,1,1,1],[0,2,2,2,2,1,1,1,1,1],[2,2,2,2,2,1,1,1,1,1],[2,2,2,2,2,1,1,1,1,1],[2,2,2,2,2,1,1,1,1,1],[2,2,2,2,2,1,1,1,1,1],[0,2,2,0,0,1,1,1,1,1],[0,0,0,1,2,1,1,1,1,1],[1,1,1,1,2,2,2,2,1,1],[1,1,1,1,2,2,2,1,1,1],[1,1,1,1,1,1,2,2,1,1]]",40d1b59eba9454e11df6492d9817f7d926c59d9343d9a52d4837a7e94387d342,15da216552b4cfea918047a7df61cbefcef1478be37754a079fdc1a1303a6d55,merged_copper_v5,"[0.0,3.0,6.0,9.0,12.0,15.0]",classified,6,0.6227770781717911,0.4737892588530944,0.698584960492001,0.3609569290809663,0.8707406437252049,0.7152268389671401,2.5762434672300785,B4,0.7152268389671401,12.84020460001193,4.14843239999027,252.62849029997597,0.26061609998578206,270.7651262000145,30558,59888,1238,1290,66,4.2,completed,6,,,2026-08-08T18:16:11.414+02:00,2026-08-08T18:16:11.799+02:00,2026-08-08T18:20:51.216+02:00
101,S000101,band_supplement_300_20260808_001,C000100,candidate,20c13972fc6e07f80858c7e99f20d7fc24329f339a008635cde9551cd79b5a66,"[2,2,2,2,2,2,2,1,1,1,2,2,2,2,2,2,2,2,1,1,2,2,2,0,0,1,1,1,1,1,2,1,2,2,0,1,1,1,1,1,2,1,1,1,1,1,1,1,1,1,2,2,1,1,0,0,1,1,1,1,1,1,1,1,1,1,1,1,1,1,0,1,1,1,1,0,1,1,1,1,1,1,1,1,0,1,1,1,1,1,1,1,1,1,0,0,1,1,1,1,1,1,1,1,1,0,1,1,1,1,1,1,1,1,1,0,1,1,1,1,0,1,1,1,1,1,0,1,1,1,0,0,1,1,1,1,0,1,1,1,0,0,1,0,1,1,1,1,0,1,0,0,1,1,1,1,1,1,1,1,0,0,0,0,0,1,1,1,1,1,0,0,0,0,0,0,0,1,1,1]","[[2,2,2,2,2,2,2,1,1,1],[2,2,2,2,2,2,2,2,1,1],[2,2,2,0,0,1,1,1,1,1],[2,1,2,2,0,1,1,1,1,1],[2,1,1,1,1,1,1,1,1,1],[2,2,1,1,0,0,1,1,1,1],[1,1,1,1,1,1,1,1,1,1],[0,1,1,1,1,0,1,1,1,1],[1,1,1,1,0,1,1,1,1,1],[1,1,1,1,0,0,1,1,1,1],[1,1,1,1,1,0,1,1,1,1],[1,1,1,1,1,0,1,1,1,1],[0,1,1,1,1,1,0,1,1,1],[0,0,1,1,1,1,0,1,1,1],[0,0,1,0,1,1,1,1,0,1],[0,0,1,1,1,1,1,1,1,1],[0,0,0,0,0,1,1,1,1,1],[0,0,0,0,0,0,0,1,1,1]]",7a9b3d6288cb2009e57407f7d9bc3a4e342501e2c6cae659f7882306999e7c2a,15da216552b4cfea918047a7df61cbefcef1478be37754a079fdc1a1303a6d55,merged_copper_v5,"[0.0,3.0,6.0,9.0,12.0,15.0]",classified,6,0.6126946580315331,0.445227260724344,0.734861767562697,0.47272242876882836,0.8707406437252049,0.7036477077839174,2.8140392186711667,B4,0.7036477077839174,7.001164699991932,3.4271404999890365,287.06546849998995,0.23007510002935305,298.5175003000186,26795,52354,1046,1098,84,4.2,completed,6,,,2026-08-08T18:16:11.514+02:00,2026-08-08T18:16:11.815+02:00,2026-08-08T18:21:17.407+02:00
102,S000102,band_supplement_300_20260808_001,C000101,candidate,c339dd29746769b25627d32e18ec11afd39d9eb69a72a748830e377798b9743a,"[2,0,0,0,0,0,0,0,1,1,2,0,0,0,0,1,1,1,1,1,2,2,2,2,2,1,1,1,1,1,0,2,2,2,2,1,1,1,1,1,2,2,2,2,2,1,1,1,1,1,2,2,2,2,2,2,1,1,1,1,2,2,2,2,2,2,1,1,1,1,2,2,2,2,2,2,1,1,1,1,2,2,2,2,2,2,1,1,1,1,1,2,2,2,2,2,1,1,1,1,1,1,2,2,2,2,2,1,1,1,1,1,1,1,1,2,2,1,1,1,1,1,1,1,1,1,2,1,1,1,1,1,1,1,1,1,0,1,1,1,1,1,1,1,1,1,1,1,1,1,1,1,1,1,1,1,1,1,1,1,1,1,1,1,1,1,1,1,1,1,1,1,1,1,1,1,1,1,1,1]","[[2,0,0,0,0,0,0,0,1,1],[2,0,0,0,0,1,1,1,1,1],[2,2,2,2,2,1,1,1,1,1],[0,2,2,2,2,1,1,1,1,1],[2,2,2,2,2,1,1,1,1,1],[2,2,2,2,2,2,1,1,1,1],[2,2,2,2,2,2,1,1,1,1],[2,2,2,2,2,2,1,1,1,1],[2,2,2,2,2,2,1,1,1,1],[1,2,2,2,2,2,1,1,1,1],[1,1,2,2,2,2,2,1,1,1],[1,1,1,1,1,2,2,1,1,1],[1,1,1,1,1,1,2,1,1,1],[1,1,1,1,1,1,0,1,1,1],[1,1,1,1,1,1,1,1,1,1],[1,1,1,1,1,1,1,1,1,1],[1,1,1,1,1,1,1,1,1,1],[1,1,1,1,1,1,1,1,1,1]]",6e16d550911ba3914cdbad3e6a0fdd14ab0e636bd9b20b3ffa3e50eb2bc086f0,15da216552b4cfea918047a7df61cbefcef1478be37754a079fdc1a1303a6d55,merged_copper_v5,"[0.0,3.0,6.0,9.0,12.0,15.0]",classified,6,0.620722961773446,0.5280432660981146,0.7319232579463245,0.3284556950587288,0.8707406437252049,0.7128677939252581,2.569418688187156,B4,0.7128677939252581,11.093147799983853,3.152332799974829,102.67386119998991,0.21679190002032556,117.88741989992559,24208,47180,932,972,48,4.2,completed,6,,,2026-08-08T18:16:11.614+02:00,2026-08-08T18:16:11.830+02:00,2026-08-08T18:18:17.639+02:00
103,S000103,band_supplement_300_20260808_001,C000102,candidate,1ab6d079604ca9b18a5fc699cc384d8339e8f6d5884eae35fb330b7626be88da,"[2,1,1,1,1,1,1,1,1,1,2,1,1,1,1,1,1,1,1,1,2,2,2,2,2,1,1,1,1,1,2,1,1,1,2,1,1,1,1,1,2,1,1,1,1,1,1,1,1,1,2,2,2,1,1,1,1,1,1,1,2,2,2,2,2,1,1,1,1,1,2,2,2,2,2,2,1,1,1,1,2,2,2,2,2,2,1,1,1,1,0,2,2,2,2,0,1,1,1,1,0,0,2,2,2,0,2,2,2,1,0,0,0,0,0,0,2,2,2,1,0,0,0,0,0,1,1,1,1,1,0,0,0,1,0,1,0,1,1,1,0,0,0,1,1,1,1,1,1,1,0,0,1,1,1,1,1,1,1,1,0,0,0,0,1,1,1,1,1,1,0,0,0,0,1,1,1,1,1,1]","[[2,1,1,1,1,1,1,1,1,1],[2,1,1,1,1,1,1,1,1,1],[2,2,2,2,2,1,1,1,1,1],[2,1,1,1,2,1,1,1,1,1],[2,1,1,1,1,1,1,1,1,1],[2,2,2,1,1,1,1,1,1,1],[2,2,2,2,2,1,1,1,1,1],[2,2,2,2,2,2,1,1,1,1],[2,2,2,2,2,2,1,1,1,1],[0,2,2,2,2,0,1,1,1,1],[0,0,2,2,2,0,2,2,2,1],[0,0,0,0,0,0,2,2,2,1],[0,0,0,0,0,1,1,1,1,1],[0,0,0,1,0,1,0,1,1,1],[0,0,0,1,1,1,1,1,1,1],[0,0,1,1,1,1,1,1,1,1],[0,0,0,0,1,1,1,1,1,1],[0,0,0,0,1,1,1,1,1,1]]",b588ef5001a9f0be33d7081ef5010b060d9526ab2b1f424623371a84ccd7a44b,15da216552b4cfea918047a7df61cbefcef1478be37754a079fdc1a1303a6d55,merged_copper_v5,"[0.0,3.0,6.0,9.0,12.0,15.0]",classified,6,0.4908642417111532,0.4395255633256792,0.5250497981481931,0.1742319516377406,0.8707406437252049,0.5637318589047785,4.038428945544825,B2,0.5637318589047785,10.369439900008729,3.6379923000058625,257.2034427000326,0.24768379997112788,272.2909709000087,28035,54844,1142,1176,54,4.2,completed,6,,,2026-08-08T18:16:11.719+02:00,2026-08-08T18:16:11.862+02:00,2026-08-08T18:20:52.059+02:00
104,S000104,band_supplement_300_20260808_001,C000103,candidate,b0006e856c3501cabcb83e0d1e21b548717af364b4e9d7a962049c728867a17b,"[2,1,1,1,1,1,1,1,1,1,2,1,1,1,1,1,1,1,1,1,2,2,2,0,0,1,1,1,1,1,2,0,2,2,0,1,1,1,1,1,2,0,0,0,0,1,1,1,1,2,2,2,0,0,1,0,1,1,1,2,0,0,1,0,1,1,1,1,1,2,1,1,1,1,1,1,1,1,1,2,1,1,1,1,1,1,1,1,1,2,0,1,1,1,1,1,1,1,1,1,1,1,1,1,1,1,1,1,1,1,1,1,1,1,1,1,1,1,1,1,2,1,1,0,0,0,1,0,1,1,2,2,2,0,0,0,0,0,1,1,0,0,0,0,0,0,0,0,0,1,0,0,0,0,0,0,0,0,0,1,0,0,0,0,0,0,0,0,1,1,0,0,0,0,0,0,0,0,1,1]","[[2,1,1,1,1,1,1,1,1,1],[2,1,1,1,1,1,1,1,1,1],[2,2,2,0,0,1,1,1,1,1],[2,0,2,2,0,1,1,1,1,1],[2,0,0,0,0,1,1,1,1,2],[2,2,0,0,1,0,1,1,1,2],[0,0,1,0,1,1,1,1,1,2],[1,1,1,1,1,1,1,1,1,2],[1,1,1,1,1,1,1,1,1,2],[0,1,1,1,1,1,1,1,1,1],[1,1,1,1,1,1,1,1,1,1],[1,1,1,1,1,1,1,1,1,1],[2,1,1,0,0,0,1,0,1,1],[2,2,2,0,0,0,0,0,1,1],[0,0,0,0,0,0,0,0,0,1],[0,0,0,0,0,0,0,0,0,1],[0,0,0,0,0,0,0,0,1,1],[0,0,0,0,0,0,0,0,1,1]]",058dba69f190459e61fa4346060fdec8aeb6f753b4508ab582cc34327b50a8d7,15da216552b4cfea918047a7df61cbefcef1478be37754a079fdc1a1303a6d55,merged_copper_v5,"[0.0,3.0,6.0,9.0,12.0,15.0]",classified,6,0.44877588318918454,0.4033545245315216,0.4890578002045642,0.1909712149948882,0.8707406437252049,0.5153955846935436,4.581272690426581,B2,0.5153955846935436,2.5753052000072785,3.194304499978898,256.39124450003146,0.24690349999582395,263.167065000016,28223,55204,1064,1128,84,4.2,completed,6,,,2026-08-08T18:21:17.691+02:00,2026-08-08T18:21:17.754+02:00,2026-08-08T18:25:46.447+02:00
105,S000105,band_supplement_300_20260808_001,C000104,candidate,955bebffd37c57572e26a5a68dd25d2b0e7b4f476dc1cc1cd7e54e6a14e814f8,"[2,2,2,1,1,1,1,1,1,1,2,2,0,0,1,1,1,1,1,1,2,2,2,2,2,1,1,1,0,0,2,2,2,2,2,1,1,1,1,1,2,2,2,2,2,1,1,1,1,1,2,2,2,2,2,2,1,1,1,1,2,2,2,2,1,1,1,1,1,1,2,2,2,2,1,1,1,1,1,1,2,2,2,2,2,2,1,1,1,1,0,2,2,2,2,2,1,1,1,1,0,2,2,2,2,2,1,1,1,1,0,0,2,2,2,2,1,1,1,1,0,0,0,0,0,2,1,0,1,1,0,0,0,0,0,0,1,1,1,1,0,0,0,0,0,0,1,1,1,1,0,0,0,0,0,0,0,1,1,1,0,0,1,0,0,0,0,0,1,1,1,1,1,1,1,1,0,1,1,1]","[[2,2,2,1,1,1,1,1,1,1],[2,2,0,0,1,1,1,1,1,1],[2,2,2,2,2,1,1,1,0,0],[2,2,2,2,2,1,1,1,1,1],[2,2,2,2,2,1,1,1,1,1],[2,2,2,2,2,2,1,1,1,1],[2,2,2,2,1,1,1,1,1,1],[2,2,2,2,1,1,1,1,1,1],[2,2,2,2,2,2,1,1,1,1],[0,2,2,2,2,2,1,1,1,1],[0,2,2,2,2,2,1,1,1,1],[0,0,2,2,2,2,1,1,1,1],[0,0,0,0,0,2,1,0,1,1],[0,0,0,0,0,0,1,1,1,1],[0,0,0,0,0,0,1,1,1,1],[0,0,0,0,0,0,0,1,1,1],[0,0,1,0,0,0,0,0,1,1],[1,1,1,1,1,1,0,1,1,1]]",df9afb5d477d70414b3ca97dd8b451569833f0e889a4af26366a85b49c047997,15da216552b4cfea918047a7df61cbefcef1478be37754a079fdc1a1303a6d55,merged_copper_v5,"[0.0,3.0,6.0,9.0,12.0,15.0]",classified,6,0.7123990407981343,0.5995862748749948,0.8061599728689726,0.2899690849703327,0.8707406437252049,0.8181529665944465,1.3849810902901545,B5,0.8181529665944465,10.233953799994197,3.405472899990855,259.39203230003477,0.2391814000729937,274.02869699994335,26905,52574,1040,1086,60,4.2,completed,6,,,2026-08-08T18:25:46.726+02:00,2026-08-08T18:25:47.241+02:00,2026-08-08T18:30:28.054+02:00
106,S000106,band_supplement_300_20260808_001,C000105,candidate,e07cff7c8993a47bec21e48f5e7e6bf67f7522b879bea12f91d27f7420dd0941,"[2,2,1,1,1,1,1,1,1,1,2,2,2,1,1,1,1,1,1,1,2,2,2,2,2,1,1,1,1,1,2,2,2,2,2,1,1,1,1,1,2,2,2,2,2,1,1,1,1,1,2,2,2,2,2,2,1,1,1,1,2,2,2,2,2,2,1,1,1,1,2,2,2,2,2,2,1,1,1,1,2,2,2,2,2,2,1,1,1,1,0,2,2,2,2,0,1,1,1,1,0,0,2,2,2,0,1,1,1,1,0,0,0,0,0,0,1,1,1,1,0,0,0,0,0,1,1,0,0,1,0,0,0,1,0,1,0,1,1,1,0,0,0,1,1,1,1,1,1,1,0,0,1,1,1,1,1,1,1,1,0,0,0,0,1,1,1,1,1,1,0,0,0,0,1,1,1,1,1,1]","[[2,2,1,1,1,1,1,1,1,1],[2,2,2,1,1,1,1,1,1,1],[2,2,2,2,2,1,1,1,1,1],[2,2,2,2,2,1,1,1,1,1],[2,2,2,2,2,1,1,1,1,1],[2,2,2,2,2,2,1,1,1,1],[2,2,2,2,2,2,1,1,1,1],[2,2,2,2,2,2,1,1,1,1],[2,2,2,2,2,2,1,1,1,1],[0,2,2,2,2,0,1,1,1,1],[0,0,2,2,2,0,1,1,1,1],[0,0,0,0,0,0,1,1,1,1],[0,0,0,0,0,1,1,0,0,1],[0,0,0,1,0,1,0,1,1,1],[0,0,0,1,1,1,1,1,1,1],[0,0,1,1,1,1,1,1,1,1],[0,0,0,0,1,1,1,1,1,1],[0,0,0,0,1,1,1,1,1,1]]",294cc394e0ee536a2c411af0c473763affe3dfb918b0bad8fdc4486d4f636ad3,15da216552b4cfea918047a7df61cbefcef1478be37754a079fdc1a1303a6d55,merged_copper_v5,"[0.0,3.0,6.0,9.0,12.0,15.0]",classified,6,0.6921310895146098,0.6115251486537291,0.7141842356535738,0.1483231840832917,0.8707406437252049,0.7948762866443592,1.4966845804471702,B4,0.7948762866443592,9.025714899995364,3.1504052000236697,199.40691530000186,0.22171679997700267,212.51894429998356,24527,47828,908,942,48,4.2,completed,6,,,2026-08-08T18:25:46.835+02:00,2026-08-08T18:25:47.264+02:00,2026-08-08T18:29:28.565+02:00
107,S000107,band_supplement_300_20260808_001,C000106,candidate,7944a833ddedf00a0e0630ad48f9a4cf41d1950ac92197366e5518b1d1df6c35,"[2,0,0,0,0,0,1,1,1,1,2,0,0,0,0,0,0,1,1,1,2,2,2,0,0,1,1,1,1,1,2,0,2,2,0,1,1,1,1,1,2,0,0,0,0,1,1,1,1,1,2,2,0,0,0,0,1,1,1,1,0,0,0,0,0,1,1,1,1,1,0,2,2,0,0,0,1,1,1,1,1,2,2,1,0,1,1,1,1,1,1,1,1,1,1,1,1,1,1,1,1,1,1,1,1,1,1,1,1,1,1,1,1,1,0,0,0,0,1,1,0,1,1,1,0,0,0,0,1,1,0,0,1,1,0,0,0,0,1,1,0,0,1,0,0,0,0,0,0,1,0,0,0,0,0,0,0,0,0,1,0,0,0,0,0,0,0,0,1,1,0,0,0,0,0,0,0,0,1,1]","[[2,0,0,0,0,0,1,1,1,1],[2,0,0,0,0,0,0,1,1,1],[2,2,2,0,0,1,1,1,1,1],[2,0,2,2,0,1,1,1,1,1],[2,0,0,0,0,1,1,1,1,1],[2,2,0,0,0,0,1,1,1,1],[0,0,0,0,0,1,1,1,1,1],[0,2,2,0,0,0,1,1,1,1],[1,2,2,1,0,1,1,1,1,1],[1,1,1,1,1,1,1,1,1,1],[1,1,1,1,1,1,1,1,1,1],[1,1,1,1,0,0,0,0,1,1],[0,1,1,1,0,0,0,0,1,1],[0,0,1,1,0,0,0,0,1,1],[0,0,1,0,0,0,0,0,0,1],[0,0,0,0,0,0,0,0,0,1],[0,0,0,0,0,0,0,0,1,1],[0,0,0,0,0,0,0,0,1,1]]",d0e5e4e364cd9e82e3526a062e49b624426cba7cc18fce0c027a2a714092149e,15da216552b4cfea918047a7df61cbefcef1478be37754a079fdc1a1303a6d55,merged_copper_v5,"[0.0,3.0,6.0,9.0,12.0,15.0]",classified,6,0.7078160220215204,0.685439390400132,0.7539772874908156,0.09683010126690769,0.8707406437252049,0.8128896096928933,1.2491298412944036,B5,0.8128896096928933,5.480030899983831,3.3987984000414144,199.5206012999697,0.25515270003234036,209.45388600003207,26849,52462,992,1032,54,4.2,completed,6,,,2026-08-08T18:25:46.947+02:00,2026-08-08T18:25:47.279+02:00,2026-08-08T18:29:24.852+02:00
108,S000108,band_supplement_300_20260808_001,C000107,candidate,3cd7a01603b543faeb80710211247625da65cd0e64bba4667107a2b165799f15,"[2,1,1,1,1,1,1,1,1,1,2,1,1,1,1,1,1,1,1,1,2,2,2,2,2,1,1,1,1,1,2,2,2,2,2,1,1,1,1,1,2,2,2,2,0,0,0,0,1,1,2,2,2,2,0,0,0,0,1,1,2,2,2,2,0,0,1,1,1,1,2,2,2,2,2,1,1,1,1,1,2,2,2,2,2,2,1,1,1,1,1,2,2,2,2,1,1,1,1,1,1,1,2,2,2,1,1,1,1,1,1,1,1,1,1,1,1,1,1,1,1,1,1,1,1,1,1,1,1,1,1,1,2,1,1,1,0,1,1,1,2,2,2,2,1,1,1,1,1,1,1,2,0,0,0,1,1,1,1,1,1,0,0,0,0,0,1,0,0,1,1,1,1,0,0,1,1,1,1,1]","[[2,1,1,1,1,1,1,1,1,1],[2,1,1,1,1,1,1,1,1,1],[2,2,2,2,2,1,1,1,1,1],[2,2,2,2,2,1,1,1,1,1],[2,2,2,2,0,0,0,0,1,1],[2,2,2,2,0,0,0,0,1,1],[2,2,2,2,0,0,1,1,1,1],[2,2,2,2,2,1,1,1,1,1],[2,2,2,2,2,2,1,1,1,1],[1,2,2,2,2,1,1,1,1,1],[1,1,2,2,2,1,1,1,1,1],[1,1,1,1,1,1,1,1,1,1],[1,1,1,1,1,1,1,1,1,1],[1,1,2,1,1,1,0,1,1,1],[2,2,2,2,1,1,1,1,1,1],[1,2,0,0,0,1,1,1,1,1],[1,0,0,0,0,0,1,0,0,1],[1,1,1,0,0,1,1,1,1,1]]",c79787cd2e75d614536772b2ae7cde2ade482111852118dccb9896fae390d737,15da216552b4cfea918047a7df61cbefcef1478be37754a079fdc1a1303a6d55,merged_copper_v5,"[0.0,3.0,6.0,9.0,12.0,15.0]",classified,6,0.6273476196312943,0.5745787503927856,0.6678538529493608,0.14868168721417166,0.8707406437252049,0.7204758663238391,2.306836457119494,B4,0.7204758663238391,9.821803300001193,3.5539648000267334,424.89201940005296,0.2422597999975551,439.3274564999738,29566,57902,1160,1206,72,4.2,completed,6,,,2026-08-08T18:25:47.063+02:00,2026-08-08T18:25:47.310+02:00,2026-08-08T18:33:14.419+02:00
109,S000109,band_supplement_300_20260808_001,C000108,candidate,a99263b63240b57d6e56f7951b80db706423f9f6607f858b51620efa3469474c,"[2,1,1,1,1,1,1,1,1,1,2,1,1,1,1,1,1,1,1,1,2,2,2,0,0,1,1,1,1,1,2,0,2,2,1,1,1,1,1,1,0,0,0,0,0,0,0,0,1,1,0,0,0,0,0,0,0,0,1,1,0,0,0,0,0,0,0,1,1,1,0,1,0,0,0,0,1,1,1,1,1,1,1,1,0,1,1,1,1,1,1,1,1,1,1,1,1,1,1,1,1,0,0,1,1,1,1,1,1,1,1,0,0,0,1,1,1,1,1,1,0,0,1,1,1,1,1,0,1,1,0,0,1,1,1,1,0,0,1,1,0,0,1,1,1,1,0,0,0,1,0,0,1,1,0,0,0,0,0,1,0,0,0,0,0,0,0,0,1,1,0,0,0,0,0,0,0,0,1,1]","[[2,1,1,1,1,1,1,1,1,1],[2,1,1,1,1,1,1,1,1,1],[2,2,2,0,0,1,1,1,1,1],[2,0,2,2,1,1,1,1,1,1],[0,0,0,0,0,0,0,0,1,1],[0,0,0,0,0,0,0,0,1,1],[0,0,0,0,0,0,0,1,1,1],[0,1,0,0,0,0,1,1,1,1],[1,1,1,1,0,1,1,1,1,1],[1,1,1,1,1,1,1,1,1,1],[1,0,0,1,1,1,1,1,1,1],[1,0,0,0,1,1,1,1,1,1],[0,0,1,1,1,1,1,0,1,1],[0,0,1,1,1,1,0,0,1,1],[0,0,1,1,1,1,0,0,0,1],[0,0,1,1,0,0,0,0,0,1],[0,0,0,0,0,0,0,0,1,1],[0,0,0,0,0,0,0,0,1,1]]",6ddb8999c933945870d906ed605177680ea98182fdbb625ed78fe6adc70b62c8,15da216552b4cfea918047a7df61cbefcef1478be37754a079fdc1a1303a6d55,merged_copper_v5,"[0.0,3.0,6.0,9.0,12.0,15.0]",classified,6,0.7142117412706329,0.6647533140927753,0.7462778013153336,0.11414610333557461,0.8707406437252049,0.8202347580963838,1.1864993527491667,B5,0.8202347580963838,4.069972500001313,3.0440017000073567,245.1280549999792,0.21922810000251047,253.18164520000573,24312,47382,896,936,48,4.2,completed,6,,,2026-08-08T18:25:47.179+02:00,2026-08-08T18:25:47.326+02:00,2026-08-08T18:30:08.114+02:00
110,S000110,band_supplement_300_20260808_001,C000109,candidate,3333cc96616c1b77f33da9f18b3a13572db2e6906ee0c5ce1e6ac692c37ffd5a,"[2,0,0,0,0,0,1,1,1,1,2,0,0,0,0,0,0,1,1,1,2,2,2,0,0,1,1,1,1,1,2,0,2,2,0,1,1,1,1,1,2,0,0,0,0,1,1,1,1,1,2,2,0,0,0,0,1,1,1,1,0,0,0,0,0,1,1,1,1,1,0,1,0,0,0,0,0,0,1,1,1,1,1,1,0,1,1,0,1,1,1,1,1,1,1,1,1,1,1,1,1,1,1,1,1,1,1,1,1,1,1,1,1,1,0,0,0,0,1,1,0,1,1,1,0,0,0,0,1,1,0,0,1,1,0,0,0,0,1,1,0,0,1,0,0,0,0,0,0,1,0,0,0,0,0,0,0,0,0,1,0,0,0,0,0,0,0,0,1,1,0,0,0,0,0,0,0,0,1,1]","[[2,0,0,0,0,0,1,1,1,1],[2,0,0,0,0,0,0,1,1,1],[2,2,2,0,0,1,1,1,1,1],[2,0,2,2,0,1,1,1,1,1],[2,0,0,0,0,1,1,1,1,1],[2,2,0,0,0,0,1,1,1,1],[0,0,0,0,0,1,1,1,1,1],[0,1,0,0,0,0,0,0,1,1],[1,1,1,1,0,1,1,0,1,1],[1,1,1,1,1,1,1,1,1,1],[1,1,1,1,1,1,1,1,1,1],[1,1,1,1,0,0,0,0,1,1],[0,1,1,1,0,0,0,0,1,1],[0,0,1,1,0,0,0,0,1,1],[0,0,1,0,0,0,0,0,0,1],[0,0,0,0,0,0,0,0,0,1],[0,0,0,0,0,0,0,0,1,1],[0,0,0,0,0,0,0,0,1,1]]",2130b5fc59ce53baddaa3e0256f3284f888be04e2e4015b31b3e2f03157ee7ba,15da216552b4cfea918047a7df61cbefcef1478be37754a079fdc1a1303a6d55,merged_copper_v5,"[0.0,3.0,6.0,9.0,12.0,15.0]",classified,6,0.6861418242513019,0.6589839445751056,0.7361639804453498,0.11248408585857722,0.8707406437252049,0.7879979293442053,1.5357112980138072,B4,0.7879979293442053,2.897333700006129,3.021378899953561,164.48184870000114,0.22521710002911277,171.35561859997688,25897,50558,962,996,42,4.2,completed,6,,,2026-08-08T18:33:14.712+02:00,2026-08-08T18:33:15.008+02:00,2026-08-08T18:36:12.587+02:00
111,S000111,band_supplement_300_20260808_001,C000110,candidate,9dea372cf507874f1e978f41eb059a71ac7045efb02d58d4087beb065f3245ac,"[2,2,0,0,0,0,0,0,2,2,2,2,2,0,0,2,2,2,2,2,2,2,2,2,2,1,1,2,2,1,2,2,2,2,2,1,1,2,2,1,2,2,2,2,2,1,1,1,1,1,2,2,2,2,2,2,1,1,1,1,2,2,2,2,2,2,1,1,1,1,2,2,2,2,2,2,1,1,1,1,2,2,2,2,2,2,1,1,1,1,0,2,2,2,2,0,1,1,1,1,0,0,2,2,2,0,1,1,1,1,0,0,0,0,0,0,1,1,1,1,0,0,0,0,0,1,1,1,1,1,0,0,0,1,0,1,0,1,1,1,0,0,0,1,1,1,1,1,1,1,0,0,1,1,1,1,1,1,1,1,0,0,0,0,1,1,1,1,1,1,0,0,0,0,1,1,1,1,1,1]","[[2,2,0,0,0,0,0,0,2,2],[2,2,2,0,0,2,2,2,2,2],[2,2,2,2,2,1,1,2,2,1],[2,2,2,2,2,1,1,2,2,1],[2,2,2,2,2,1,1,1,1,1],[2,2,2,2,2,2,1,1,1,1],[2,2,2,2,2,2,1,1,1,1],[2,2,2,2,2,2,1,1,1,1],[2,2,2,2,2,2,1,1,1,1],[0,2,2,2,2,0,1,1,1,1],[0,0,2,2,2,0,1,1,1,1],[0,0,0,0,0,0,1,1,1,1],[0,0,0,0,0,1,1,1,1,1],[0,0,0,1,0,1,0,1,1,1],[0,0,0,1,1,1,1,1,1,1],[0,0,1,1,1,1,1,1,1,1],[0,0,0,0,1,1,1,1,1,1],[0,0,0,0,1,1,1,1,1,1]]",ddb8990843f7cde55773eddebdac7be5b162e976354e99361791e841f17385d0,15da216552b4cfea918047a7df61cbefcef1478be37754a079fdc1a1303a6d55,merged_copper_v5,"[0.0,3.0,6.0,9.0,12.0,15.0]",classified,6,0.29142668361500695,0.2540106600048573,0.3302410728082191,0.2615766403328634,0.8707406437252049,0.33468827453399275,6.618743110441776,B1,0.33468827453399275,7.141634999978123,3.4260459000070114,95.43328759993892,0.24441590000060387,107.05313310000929,28544,55864,1094,1134,60,4.2,completed,6,,,2026-08-08T18:33:14.829+02:00,2026-08-08T18:33:15.029+02:00,2026-08-08T18:35:08.601+02:00
112,S000112,band_supplement_300_20260808_001,C000111,candidate,e43e1866abc52e73b3f97e36cf515eed0981e8b0fab4dd1fc99367f7e2497ce0,"[2,2,1,1,1,1,1,0,1,1,2,2,2,1,1,1,1,0,1,1,2,2,2,2,2,1,1,1,1,1,2,2,2,2,2,1,1,1,1,1,2,2,2,2,2,1,1,1,1,1,2,2,2,2,2,2,1,1,1,1,2,2,2,2,2,2,1,1,1,1,2,2,2,2,2,2,1,1,1,1,2,2,2,2,2,2,1,1,1,1,0,2,2,2,2,0,1,1,1,1,0,0,2,2,2,0,1,1,1,1,0,0,0,0,0,0,1,1,1,1,0,0,0,0,0,1,1,1,1,1,0,0,0,1,0,1,0,1,1,1,0,0,0,1,1,1,1,1,1,1,0,0,1,1,1,1,1,1,1,1,0,0,0,0,1,1,1,1,1,1,0,0,0,0,1,1,1,1,1,1]","[[2,2,1,1,1,1,1,0,1,1],[2,2,2,1,1,1,1,0,1,1],[2,2,2,2,2,1,1,1,1,1],[2,2,2,2,2,1,1,1,1,1],[2,2,2,2,2,1,1,1,1,1],[2,2,2,2,2,2,1,1,1,1],[2,2,2,2,2,2,1,1,1,1],[2,2,2,2,2,2,1,1,1,1],[2,2,2,2,2,2,1,1,1,1],[0,2,2,2,2,0,1,1,1,1],[0,0,2,2,2,0,1,1,1,1],[0,0,0,0,0,0,1,1,1,1],[0,0,0,0,0,1,1,1,1,1],[0,0,0,1,0,1,0,1,1,1],[0,0,0,1,1,1,1,1,1,1],[0,0,1,1,1,1,1,1,1,1],[0,0,0,0,1,1,1,1,1,1],[0,0,0,0,1,1,1,1,1,1]]",1712b09075243655820fd146c942289a1c216607d593d23cb204f9690212ca4a,15da216552b4cfea918047a7df61cbefcef1478be37754a079fdc1a1303a6d55,merged_copper_v5,"[0.0,3.0,6.0,9.0,12.0,15.0]",classified,6,0.6662051396949402,0.6087481296166511,0.7083445855439783,0.14949818005446944,0.8707406437252049,0.7651016918709338,1.8219339491642175,B4,0.7651016918709338,5.677972600009525,2.94624540003133,171.15869939999538,0.22194209997542202,180.70715100003872,25013,48794,902,936,48,4.2,completed,6,,,2026-08-08T18:33:14.933+02:00,2026-08-08T18:33:15.052+02:00,2026-08-08T18:36:22.758+02:00
113,S000113,band_supplement_300_20260808_001,C000112,candidate,44c6c2f02c24dea437b84e07c9e0b717433944ab520a0cfd039ced7c9b3154b7,"[2,1,1,1,1,1,1,1,1,1,2,1,1,1,1,1,1,1,1,1,2,2,2,2,2,1,1,1,1,1,2,2,2,0,2,1,1,1,1,1,2,2,2,0,2,1,1,1,1,1,2,2,2,0,2,1,1,1,1,1,2,0,2,0,1,1,1,1,1,1,0,0,0,0,0,1,1,1,1,1,0,0,0,0,0,0,1,1,1,1,0,0,0,0,0,1,1,1,1,1,0,0,0,0,0,1,1,1,1,1,0,0,0,0,0,0,1,1,1,1,0,0,0,0,1,0,1,1,1,1,0,1,0,1,1,1,0,1,1,1,1,1,1,1,1,1,1,1,1,1,1,1,1,1,1,1,1,1,1,1,1,1,1,1,1,1,1,1,1,1,1,1,1,1,1,1,1,1,1,1]","[[2,1,1,1,1,1,1,1,1,1],[2,1,1,1,1,1,1,1,1,1],[2,2,2,2,2,1,1,1,1,1],[2,2,2,0,2,1,1,1,1,1],[2,2,2,0,2,1,1,1,1,1],[2,2,2,0,2,1,1,1,1,1],[2,0,2,0,1,1,1,1,1,1],[0,0,0,0,0,1,1,1,1,1],[0,0,0,0,0,0,1,1,1,1],[0,0,0,0,0,1,1,1,1,1],[0,0,0,0,0,1,1,1,1,1],[0,0,0,0,0,0,1,1,1,1],[0,0,0,0,1,0,1,1,1,1],[0,1,0,1,1,1,0,1,1,1],[1,1,1,1,1,1,1,1,1,1],[1,1,1,1,1,1,1,1,1,1],[1,1,1,1,1,1,1,1,1,1],[1,1,1,1,1,1,1,1,1,1]]",3ded30e7ec7d3347908f8fae49165ce995b1c01a38349960d7aababa7c7e9203,15da216552b4cfea918047a7df61cbefcef1478be37754a079fdc1a1303a6d55,merged_copper_v5,"[0.0,3.0,6.0,9.0,12.0,15.0]",classified,6,0.8613014563397253,0.8195457703837157,0.9292361681413311,0.12735424624006442,0.8707406437252049,0.9891595879283908,0.12735426153656457,B6,0.9891595879283908,3.5551484000170603,2.9692317999724764,121.10741739999503,0.2107607999641914,128.51180140004726,24470,47702,884,918,42,4.2,completed,6,,,2026-08-08T18:36:23.063+02:00,2026-08-08T18:36:23.379+02:00,2026-08-08T18:38:37.851+02:00
114,S000114,band_supplement_300_20260808_001,C000113,candidate,293dc8b1b866888af2fa4c5910859c9e6db56ffed45ad0775d149e8e00c70551,"[0,0,0,0,0,0,0,0,0,1,0,0,0,0,0,0,0,0,1,1,0,0,0,0,0,0,0,1,1,1,0,2,2,2,0,0,0,1,1,1,0,2,2,2,0,0,0,0,0,1,0,2,2,2,0,1,1,1,1,1,2,2,2,2,2,1,1,1,1,1,2,2,2,2,2,1,1,1,1,1,2,2,2,2,2,1,1,1,1,1,2,2,2,2,2,1,1,1,1,1,2,2,2,2,2,1,1,1,1,1,2,2,2,2,2,1,1,1,1,1,2,2,2,2,2,1,1,1,1,1,0,0,0,0,0,1,1,1,1,1,0,0,0,0,0,1,1,1,1,1,1,0,0,0,0,1,1,1,1,1,1,0,0,0,0,1,1,1,1,1,1,1,1,1,1,1,1,1,1,1]","[[0,0,0,0,0,0,0,0,0,1],[0,0,0,0,0,0,0,0,1,1],[0,0,0,0,0,0,0,1,1,1],[0,2,2,2,0,0,0,1,1,1],[0,2,2,2,0,0,0,0,0,1],[0,2,2,2,0,1,1,1,1,1],[2,2,2,2,2,1,1,1,1,1],[2,2,2,2,2,1,1,1,1,1],[2,2,2,2,2,1,1,1,1,1],[2,2,2,2,2,1,1,1,1,1],[2,2,2,2,2,1,1,1,1,1],[2,2,2,2,2,1,1,1,1,1],[2,2,2,2,2,1,1,1,1,1],[0,0,0,0,0,1,1,1,1,1],[0,0,0,0,0,1,1,1,1,1],[1,0,0,0,0,1,1,1,1,1],[1,0,0,0,0,1,1,1,1,1],[1,1,1,1,1,1,1,1,1,1]]",40b7dab100c4a619997ba2a10d34ee712332cd7b3e53dc9890ca6a5de8c44507,15da216552b4cfea918047a7df61cbefcef1478be37754a079fdc1a1303a6d55,merged_copper_v5,"[0.0,3.0,6.0,9.0,12.0,15.0]",classified,6,0.4432048491692117,0.2651751753622015,0.6522654480711335,0.8733890737760055,0.8707406437252049,0.508997544059838,5.3333284744573595,B2,0.508997544059838,4.8730584000004455,2.6772202999563888,47.61753590000444,0.19309509996674024,55.945520499924896,20951,40666,824,858,42,4.2,completed,6,,,2026-08-08T18:36:23.217+02:00,2026-08-08T18:36:23.411+02:00,2026-08-08T18:37:25.907+02:00
115,S000115,band_supplement_300_20260808_001,C000114,candidate,da4ea94e2e817ff67d6b6c80b798e2a2f820d3cdbfaf463d2e3da83df7497c0f,"[0,1,1,1,1,1,1,1,1,1,0,1,1,0,1,1,1,1,1,1,0,0,0,0,1,1,1,1,1,1,0,2,2,2,0,1,1,1,1,1,0,2,2,2,1,1,1,1,1,1,0,1,2,1,1,1,1,1,1,1,1,1,1,1,1,1,1,1,1,1,1,1,2,2,1,1,1,1,1,1,1,2,2,2,2,1,1,1,1,1,2,2,2,2,2,1,1,1,1,1,2,2,2,2,1,1,1,1,1,1,2,2,2,1,1,1,1,1,1,1,2,2,2,2,1,1,1,1,1,1,0,2,2,0,0,1,1,1,1,1,0,0,0,1,2,2,2,2,1,1,1,1,1,1,2,2,2,2,1,1,1,1,1,1,2,2,2,2,0,1,1,1,1,1,2,2,2,1,1,1]","[[0,1,1,1,1,1,1,1,1,1],[0,1,1,0,1,1,1,1,1,1],[0,0,0,0,1,1,1,1,1,1],[0,2,2,2,0,1,1,1,1,1],[0,2,2,2,1,1,1,1,1,1],[0,1,2,1,1,1,1,1,1,1],[1,1,1,1,1,1,1,1,1,1],[1,1,2,2,1,1,1,1,1,1],[1,2,2,2,2,1,1,1,1,1],[2,2,2,2,2,1,1,1,1,1],[2,2,2,2,1,1,1,1,1,1],[2,2,2,1,1,1,1,1,1,1],[2,2,2,2,1,1,1,1,1,1],[0,2,2,0,0,1,1,1,1,1],[0,0,0,1,2,2,2,2,1,1],[1,1,1,1,2,2,2,2,1,1],[1,1,1,1,2,2,2,2,0,1],[1,1,1,1,2,2,2,1,1,1]]",6034a7faf1b8fa5edcddacf3ad50b4778683c510f85d38ea86013ae53ae10a63,15da216552b4cfea918047a7df61cbefcef1478be37754a079fdc1a1303a6d55,merged_copper_v5,"[0.0,3.0,6.0,9.0,12.0,15.0]",classified,6,0.43529551286668616,0.3666299641565379,0.4814998210927711,0.2638893660532938,0.8707406437252049,0.4999140857883971,4.8226954705162175,B1,0.4999140857883971,6.214634500007378,3.5900392000039574,243.07803870001226,0.2578913999896031,253.99356130001252,30760,60292,1172,1242,90,4.2,completed,6,,,2026-08-08T18:36:23.333+02:00,2026-08-08T18:36:23.433+02:00,2026-08-08T18:40:43.608+02:00
116,S000116,band_supplement_300_20260808_001,C000115,candidate,732e25322fd3c2aa4a76249537291868b4f1cf2b3c8cec9be45a79f8bd257f99,"[0,1,1,1,1,1,1,1,1,1,0,1,1,1,1,1,1,1,1,1,0,0,0,1,1,1,1,1,1,1,0,2,2,2,1,1,1,1,1,1,0,2,2,2,1,1,1,1,1,1,0,2,2,2,0,1,1,1,1,1,2,2,2,2,2,1,1,1,1,1,2,2,2,2,2,1,1,1,1,1,2,2,2,2,2,1,1,1,1,1,2,2,2,2,2,1,1,1,1,1,2,2,2,2,2,1,1,1,1,1,2,2,2,2,2,1,1,1,1,1,2,2,2,2,2,1,1,1,1,1,0,2,2,0,0,1,1,1,1,1,0,0,1,2,2,2,2,1,1,1,1,1,1,2,2,2,2,1,1,1,1,1,1,2,2,2,2,1,1,1,1,1,1,2,1,1,1,1,1,1]","[[0,1,1,1,1,1,1,1,1,1],[0,1,1,1,1,1,1,1,1,1],[0,0,0,1,1,1,1,1,1,1],[0,2,2,2,1,1,1,1,1,1],[0,2,2,2,1,1,1,1,1,1],[0,2,2,2,0,1,1,1,1,1],[2,2,2,2,2,1,1,1,1,1],[2,2,2,2,2,1,1,1,1,1],[2,2,2,2,2,1,1,1,1,1],[2,2,2,2,2,1,1,1,1,1],[2,2,2,2,2,1,1,1,1,1],[2,2,2,2,2,1,1,1,1,1],[2,2,2,2,2,1,1,1,1,1],[0,2,2,0,0,1,1,1,1,1],[0,0,1,2,2,2,2,1,1,1],[1,1,1,2,2,2,2,1,1,1],[1,1,1,2,2,2,2,1,1,1],[1,1,1,2,1,1,1,1,1,1]]",21137cac6a14b1ea3b6e5ab036a740b6e7c730ac06a15fe6e6068c20fda56cc4,15da216552b4cfea918047a7df61cbefcef1478be37754a079fdc1a1303a6d55,merged_copper_v5,"[0.0,3.0,6.0,9.0,12.0,15.0]",classified,6,0.6906571285704236,0.6377004637807447,0.7605378273296911,0.1778557817874186,0.8707406437252049,0.7931835197397614,1.5446416899536244,B4,0.7931835197397614,11.61665440001525,3.2918099999951664,158.93958209996345,0.2260190000233706,174.8087591000076,25685,50138,962,1020,72,4.2,completed,6,,,2026-08-08T18:40:43.911+02:00,2026-08-08T18:40:44.447+02:00,2026-08-08T18:43:45.950+02:00
117,S000117,band_supplement_300_20260808_001,C000116,candidate,bd8f2fb3ee03b29bc326d75cd9368ed38bd22faab037dc3610d3be1ed3d89e85,"[0,1,1,1,1,1,1,1,1,1,0,1,1,1,1,1,1,1,1,1,0,0,0,0,0,1,1,1,1,1,0,0,0,0,0,1,1,1,1,1,0,0,0,0,0,1,1,1,1,1,0,2,0,0,0,1,2,2,2,1,2,2,2,0,2,1,2,2,2,1,2,2,2,2,2,1,2,2,1,1,0,0,0,0,2,1,1,1,1,1,0,0,0,2,2,1,1,1,1,1,0,0,0,0,2,1,1,1,1,1,0,0,0,0,0,1,1,1,1,1,0,0,0,0,0,1,1,1,1,1,0,0,0,0,0,1,1,1,1,1,0,0,1,1,1,1,1,1,1,1,1,1,1,1,1,1,1,1,1,1,1,1,1,1,1,1,1,0,0,1,1,1,1,1,1,1,0,0,1,1]","[[0,1,1,1,1,1,1,1,1,1],[0,1,1,1,1,1,1,1,1,1],[0,0,0,0,0,1,1,1,1,1],[0,0,0,0,0,1,1,1,1,1],[0,0,0,0,0,1,1,1,1,1],[0,2,0,0,0,1,2,2,2,1],[2,2,2,0,2,1,2,2,2,1],[2,2,2,2,2,1,2,2,1,1],[0,0,0,0,2,1,1,1,1,1],[0,0,0,2,2,1,1,1,1,1],[0,0,0,0,2,1,1,1,1,1],[0,0,0,0,0,1,1,1,1,1],[0,0,0,0,0,1,1,1,1,1],[0,0,0,0,0,1,1,1,1,1],[0,0,1,1,1,1,1,1,1,1],[1,1,1,1,1,1,1,1,1,1],[1,1,1,1,1,1,1,0,0,1],[1,1,1,1,1,1,0,0,1,1]]",cefeeebe0896d80d38ba5d233471925a874bd822e11b3e6a658e26ea19f24b87,15da216552b4cfea918047a7df61cbefcef1478be37754a079fdc1a1303a6d55,merged_copper_v5,"[0.0,3.0,6.0,9.0,12.0,15.0]",classified,6,0.5518061753353919,0.4836925497252149,0.6074233423166265,0.22422872037669228,0.8707406437252049,0.6337204761393166,3.326651543980794,B3,0.6337204761393166,7.092987500014715,3.148905099980766,341.10435559999314,0.24415729998145252,352.3497146999871,26500,51766,1028,1068,60,4.2,completed,6,,,2026-08-08T18:40:44.024+02:00,2026-08-08T18:40:44.467+02:00,2026-08-08T18:46:44.829+02:00
118,S000118,band_supplement_300_20260808_001,C000117,candidate,a07e1de99f91b253236baa0e079cee05008ba915c8ee487f2d6545f913626707,"[0,1,1,1,1,1,1,1,1,1,0,1,1,1,1,1,1,1,1,1,0,0,0,0,0,1,1,1,1,1,0,0,0,0,0,1,1,1,1,1,0,0,0,0,0,1,1,1,1,1,0,2,0,0,0,1,1,1,1,1,2,2,2,0,2,1,1,1,1,1,2,2,2,2,2,1,1,1,1,1,0,0,0,0,2,1,1,1,1,1,0,0,0,2,2,1,1,1,1,1,0,0,0,0,2,1,1,1,1,1,0,0,0,0,0,1,1,1,1,1,0,0,0,0,0,1,1,1,1,1,0,0,0,0,0,1,1,1,1,1,0,0,1,1,1,1,1,1,1,1,1,1,1,1,1,1,1,1,1,1,1,1,0,1,1,1,1,0,0,1,0,0,0,1,1,1,0,0,1,1]","[[0,1,1,1,1,1,1,1,1,1],[0,1,1,1,1,1,1,1,1,1],[0,0,0,0,0,1,1,1,1,1],[0,0,0,0,0,1,1,1,1,1],[0,0,0,0,0,1,1,1,1,1],[0,2,0,0,0,1,1,1,1,1],[2,2,2,0,2,1,1,1,1,1],[2,2,2,2,2,1,1,1,1,1],[0,0,0,0,2,1,1,1,1,1],[0,0,0,2,2,1,1,1,1,1],[0,0,0,0,2,1,1,1,1,1],[0,0,0,0,0,1,1,1,1,1],[0,0,0,0,0,1,1,1,1,1],[0,0,0,0,0,1,1,1,1,1],[0,0,1,1,1,1,1,1,1,1],[1,1,1,1,1,1,1,1,1,1],[1,1,0,1,1,1,1,0,0,1],[0,0,0,1,1,1,0,0,1,1]]",cae36232c66b927bf4d924ee30f2bdea331c116a3126c4ceb90e9cd034b6e912,15da216552b4cfea918047a7df61cbefcef1478be37754a079fdc1a1303a6d55,merged_copper_v5,"[0.0,3.0,6.0,9.0,12.0,15.0]",classified,6,0.839472259419769,0.7913001019078374,0.9004486802570096,0.1300204707474362,0.8707406437252049,0.964089899178631,0.13002048604393635,B6,0.964089899178631,5.678024299995741,2.9875974000024144,197.01578140002675,0.22897890000604093,206.60174759998336,23889,46544,902,948,54,4.2,completed,6,,,2026-08-08T18:40:44.162+02:00,2026-08-08T18:40:44.483+02:00,2026-08-08T18:44:18.523+02:00
119,S000119,band_supplement_300_20260808_001,C000118,candidate,c1fa105ead6856649189b2dde982a7b6755ef9a5567735972d5767bb293ec626,"[0,1,1,1,1,1,1,1,1,1,0,1,1,1,1,1,1,1,1,1,0,0,0,1,2,1,1,1,1,1,0,2,2,2,2,1,1,1,1,1,0,2,2,2,1,1,1,1,1,1,0,2,2,2,0,1,1,1,1,1,2,2,2,2,2,1,1,1,1,1,2,2,2,2,2,1,1,1,1,1,2,2,2,2,2,1,1,1,1,1,2,2,2,2,2,1,1,1,1,1,2,2,2,2,2,1,1,1,1,1,2,2,2,2,2,1,1,1,1,1,2,2,2,2,2,1,1,1,1,1,0,2,2,0,0,1,1,1,1,1,0,0,1,1,1,1,1,1,1,1,1,1,1,1,1,1,1,1,1,1,1,1,1,1,1,1,1,1,1,1,1,1,1,1,1,1,1,1,1,1]","[[0,1,1,1,1,1,1,1,1,1],[0,1,1,1,1,1,1,1,1,1],[0,0,0,1,2,1,1,1,1,1],[0,2,2,2,2,1,1,1,1,1],[0,2,2,2,1,1,1,1,1,1],[0,2,2,2,0,1,1,1,1,1],[2,2,2,2,2,1,1,1,1,1],[2,2,2,2,2,1,1,1,1,1],[2,2,2,2,2,1,1,1,1,1],[2,2,2,2,2,1,1,1,1,1],[2,2,2,2,2,1,1,1,1,1],[2,2,2,2,2,1,1,1,1,1],[2,2,2,2,2,1,1,1,1,1],[0,2,2,0,0,1,1,1,1,1],[0,0,1,1,1,1,1,1,1,1],[1,1,1,1,1,1,1,1,1,1],[1,1,1,1,1,1,1,1,1,1],[1,1,1,1,1,1,1,1,1,1]]",e86be3306c52ce80d8c1dfd2ebd7e124b4826851fc1ac311bf392643d2069f9d,15da216552b4cfea918047a7df61cbefcef1478be37754a079fdc1a1303a6d55,merged_copper_v5,"[0.0,3.0,6.0,9.0,12.0,15.0]",classified,6,0.8658821324359857,0.8282388328340311,0.9290464355924042,0.11642185348572918,0.8707406437252049,0.994420254384321,0.1164218687822293,B6,0.994420254384321,10.040529400022933,3.0100228000083007,103.07710329996189,0.21333609998691827,117.02965400001267,23152,45066,860,906,54,4.2,completed,6,,,2026-08-08T18:40:44.279+02:00,2026-08-08T18:40:44.503+02:00,2026-08-08T18:42:49.383+02:00
120,S000120,band_supplement_300_20260808_001,C000119,candidate,a340609bfc3097270a8d211291a6e0e8057e62c38f8c0f82ce86aba84b91c03b,"[0,1,1,1,1,1,1,1,1,1,0,1,1,1,1,1,1,1,1,1,2,0,0,1,1,1,1,1,1,1,2,2,2,2,1,1,1,1,1,1,2,2,2,2,1,1,1,1,1,1,2,2,2,2,0,1,1,1,1,1,2,2,2,2,2,1,1,1,1,1,2,2,2,2,2,1,1,1,1,1,2,2,2,2,2,1,1,1,1,1,2,2,2,2,2,1,1,1,1,1,2,2,2,2,2,1,1,1,1,1,2,2,2,2,2,1,1,1,1,1,2,2,2,2,2,1,1,1,1,1,0,2,2,0,0,1,1,1,1,1,0,0,1,1,1,1,1,1,1,1,1,1,1,1,1,1,1,1,1,1,1,1,1,1,1,1,1,1,1,1,1,1,1,1,1,1,1,1,1,1]","[[0,1,1,1,1,1,1,1,1,1],[0,1,1,1,1,1,1,1,1,1],[2,0,0,1,1,1,1,1,1,1],[2,2,2,2,1,1,1,1,1,1],[2,2,2,2,1,1,1,1,1,1],[2,2,2,2,0,1,1,1,1,1],[2,2,2,2,2,1,1,1,1,1],[2,2,2,2,2,1,1,1,1,1],[2,2,2,2,2,1,1,1,1,1],[2,2,2,2,2,1,1,1,1,1],[2,2,2,2,2,1,1,1,1,1],[2,2,2,2,2,1,1,1,1,1],[2,2,2,2,2,1,1,1,1,1],[0,2,2,0,0,1,1,1,1,1],[0,0,1,1,1,1,1,1,1,1],[1,1,1,1,1,1,1,1,1,1],[1,1,1,1,1,1,1,1,1,1],[1,1,1,1,1,1,1,1,1,1]]",2a6ec8038c3f9f590afae1d809f9fb40869c931da391db9326639a0267175977,15da216552b4cfea918047a7df61cbefcef1478be37754a079fdc1a1303a6d55,merged_copper_v5,"[0.0,3.0,6.0,9.0,12.0,15.0]",classified,6,0.8856782195367109,0.8256753564721105,0.9328898567800604,0.12105355866607251,0.8707406437252049,1.017155023047506,0.12105357396257264,B7,1.017155023047506,10.037304700003006,2.7832805999787524,82.25259000001824,0.21049079997465014,95.92213799996534,21195,41142,782,834,60,4.2,completed,6,,,2026-08-08T18:40:44.394+02:00,2026-08-08T18:40:44.534+02:00,2026-08-08T18:42:27.730+02:00
121,S000121,band_supplement_300_20260808_001,C000120,candidate,14d7884f0c8e20feb8bfbe83c9ebd79511e177a37de2b03f99e142742312bd79,"[0,1,1,1,1,1,1,1,1,1,0,1,1,1,1,1,1,1,1,1,0,0,0,0,0,1,1,1,1,1,0,2,2,2,0,1,1,1,1,1,0,2,2,2,0,1,1,1,1,1,0,2,2,2,2,1,1,1,1,1,2,2,2,2,2,1,1,1,1,1,2,1,2,2,2,1,1,1,1,1,2,1,1,1,1,1,1,1,1,1,1,1,1,1,1,1,1,1,1,1,0,1,1,1,1,1,1,1,1,1,1,1,1,1,0,1,1,1,1,1,1,1,1,1,0,1,1,1,1,1,1,1,1,1,0,1,1,1,1,1,1,0,1,1,1,1,1,1,1,1,1,1,1,1,1,1,1,1,1,1,1,1,1,1,1,1,1,1,1,1,1,1,1,1,1,1,1,1,1,1]","[[0,1,1,1,1,1,1,1,1,1],[0,1,1,1,1,1,1,1,1,1],[0,0,0,0,0,1,1,1,1,1],[0,2,2,2,0,1,1,1,1,1],[0,2,2,2,0,1,1,1,1,1],[0,2,2,2,2,1,1,1,1,1],[2,2,2,2,2,1,1,1,1,1],[2,1,2,2,2,1,1,1,1,1],[2,1,1,1,1,1,1,1,1,1],[1,1,1,1,1,1,1,1,1,1],[0,1,1,1,1,1,1,1,1,1],[1,1,1,1,0,1,1,1,1,1],[1,1,1,1,0,1,1,1,1,1],[1,1,1,1,0,1,1,1,1,1],[1,0,1,1,1,1,1,1,1,1],[1,1,1,1,1,1,1,1,1,1],[1,1,1,1,1,1,1,1,1,1],[1,1,1,1,1,1,1,1,1,1]]",e5178bdbd42b795cc09075b2d90164ec85d4f00ec41ed4141ec647bc451183d8,15da216552b4cfea918047a7df61cbefcef1478be37754a079fdc1a1303a6d55,merged_copper_v5,"[0.0,3.0,6.0,9.0,12.0,15.0]",classified,6,0.86598284681709,0.8288063343771234,0.9325261683723564,0.11977123377957663,0.8707406437252049,0.9945359195732957,0.11977124907607677,B6,0.9945359195732957,2.1268287999846507,2.49146949997521,126.09482219998608,0.17886559999897145,131.46432070000446,21091,40946,794,828,54,4.2,completed,6,,,2026-08-08T18:46:45.097+02:00,2026-08-08T18:46:45.150+02:00,2026-08-08T18:49:02.329+02:00
122,S000122,band_supplement_300_20260808_001,C000121,candidate,d97e0e58ad9904c1ed41f186a217e212efb10e7bc06d1f0d10aa3dd473c0ca95,"[0,1,1,1,1,1,1,1,1,1,0,1,1,1,1,1,0,0,1,1,0,0,0,0,0,0,0,0,0,1,0,2,2,2,0,0,0,1,1,1,0,0,0,2,0,0,0,0,1,1,0,1,0,1,0,0,0,1,1,1,0,1,1,1,1,0,0,1,1,1,0,0,1,1,1,1,1,1,1,1,0,0,0,0,2,1,1,1,1,1,0,0,0,2,2,1,1,1,1,1,0,0,0,0,2,1,1,1,1,1,0,0,0,0,0,1,1,1,1,1,0,0,0,0,0,1,1,1,1,1,0,0,0,0,0,1,1,1,1,1,0,0,1,1,1,1,1,1,1,1,1,1,1,2,2,1,1,1,1,1,1,1,1,1,2,1,1,1,1,1,1,1,1,1,2,2,1,1,1,1]","[[0,1,1,1,1,1,1,1,1,1],[0,1,1,1,1,1,0,0,1,1],[0,0,0,0,0,0,0,0,0,1],[0,2,2,2,0,0,0,1,1,1],[0,0,0,2,0,0,0,0,1,1],[0,1,0,1,0,0,0,1,1,1],[0,1,1,1,1,0,0,1,1,1],[0,0,1,1,1,1,1,1,1,1],[0,0,0,0,2,1,1,1,1,1],[0,0,0,2,2,1,1,1,1,1],[0,0,0,0,2,1,1,1,1,1],[0,0,0,0,0,1,1,1,1,1],[0,0,0,0,0,1,1,1,1,1],[0,0,0,0,0,1,1,1,1,1],[0,0,1,1,1,1,1,1,1,1],[1,1,1,2,2,1,1,1,1,1],[1,1,1,1,2,1,1,1,1,1],[1,1,1,1,2,2,1,1,1,1]]",011ce91190b7baf38ed74e682f561a7e1da4738d0cffd1fac65b6a5c6fb21492,15da216552b4cfea918047a7df61cbefcef1478be37754a079fdc1a1303a6d55,merged_copper_v5,"[0.0,3.0,6.0,9.0,12.0,15.0]",classified,6,0.3985979062867133,0.2561407706030932,0.535775785511136,0.7015466225427187,0.8707406437252049,0.4577688076916115,5.719072809255302,B1,0.4577688076916115,3.630349600018235,3.250785599986557,185.79312799993204,0.23882050003157929,193.63920359997428,27041,52846,1028,1068,60,4.2,completed,6,,,2026-08-08T18:49:02.721+02:00,2026-08-08T18:49:03.215+02:00,2026-08-08T18:52:22.972+02:00
123,S000123,band_supplement_300_20260808_001,C000122,candidate,7eaed61418a8b749d1d6806e4a038f22ea426639a7f37c5d6c621dbc378798dc,"[0,0,0,2,2,2,2,1,1,0,0,0,0,2,2,2,1,1,1,0,0,0,2,2,2,1,1,1,1,0,0,0,2,2,2,1,1,1,1,1,0,0,0,0,2,1,1,1,1,1,0,0,0,0,2,0,2,2,2,1,0,0,0,0,0,0,2,2,2,1,0,0,0,0,0,0,1,1,1,1,0,0,0,0,0,0,1,1,1,1,0,0,0,0,0,0,1,1,1,1,0,0,0,0,0,0,1,1,1,1,0,0,0,0,0,0,1,1,1,1,0,0,0,0,0,0,1,0,1,1,0,0,0,0,0,0,0,0,1,1,0,0,0,0,0,0,0,0,0,1,0,0,0,0,0,0,0,0,0,1,0,0,0,0,0,0,0,0,1,1,0,0,0,0,0,0,0,0,1,1]","[[0,0,0,2,2,2,2,1,1,0],[0,0,0,2,2,2,1,1,1,0],[0,0,2,2,2,1,1,1,1,0],[0,0,2,2,2,1,1,1,1,1],[0,0,0,0,2,1,1,1,1,1],[0,0,0,0,2,0,2,2,2,1],[0,0,0,0,0,0,2,2,2,1],[0,0,0,0,0,0,1,1,1,1],[0,0,0,0,0,0,1,1,1,1],[0,0,0,0,0,0,1,1,1,1],[0,0,0,0,0,0,1,1,1,1],[0,0,0,0,0,0,1,1,1,1],[0,0,0,0,0,0,1,0,1,1],[0,0,0,0,0,0,0,0,1,1],[0,0,0,0,0,0,0,0,0,1],[0,0,0,0,0,0,0,0,0,1],[0,0,0,0,0,0,0,0,1,1],[0,0,0,0,0,0,0,0,1,1]]",cbe4d02855a2c064f7b0bedd8ec0db3aa4630649c7b642d50b576b1fbd0a3f7f,15da216552b4cfea918047a7df61cbefcef1478be37754a079fdc1a1303a6d55,merged_copper_v5,"[0.0,3.0,6.0,9.0,12.0,15.0]",classified,6,0.42843387140012484,0.3170927639941448,0.5045159517473269,0.437461181910482,0.8707406437252049,0.4920338501338331,5.08203780470542,B1,0.4920338501338331,4.682623200002126,2.9866597999644,83.41029349999735,0.22329249998438172,92.00237359997118,23775,46322,866,906,54,4.2,completed,6,,,2026-08-08T18:49:02.871+02:00,2026-08-08T18:49:03.221+02:00,2026-08-08T18:50:42.925+02:00
124,S000124,band_supplement_300_20260808_001,C000123,candidate,d00a82d732a2c224d74e8c5e50c8817bc3c03c42ebcce11a7398b3ce38cc998b,"[2,2,2,0,0,0,0,0,0,0,2,2,2,2,0,0,0,0,0,0,2,2,2,2,2,2,0,0,0,0,2,2,2,2,0,2,2,0,0,0,2,2,2,2,0,0,0,0,0,0,2,2,2,2,2,2,2,0,0,0,2,2,2,2,2,2,2,2,2,0,2,1,2,0,0,1,1,2,2,2,1,1,0,0,1,1,1,2,2,2,1,1,1,1,1,1,1,1,2,2,1,1,1,1,1,1,1,1,0,0,1,1,1,1,1,1,1,1,1,1,1,1,0,1,1,1,1,1,1,1,1,1,1,1,1,1,1,1,1,1,1,1,1,1,1,1,1,1,1,1,1,1,1,1,1,1,1,1,1,1,1,1,1,1,1,1,1,1,1,1,1,1,1,1,1,1,1,1,1,1]","[[2,2,2,0,0,0,0,0,0,0],[2,2,2,2,0,0,0,0,0,0],[2,2,2,2,2,2,0,0,0,0],[2,2,2,2,0,2,2,0,0,0],[2,2,2,2,0,0,0,0,0,0],[2,2,2,2,2,2,2,0,0,0],[2,2,2,2,2,2,2,2,2,0],[2,1,2,0,0,1,1,2,2,2],[1,1,0,0,1,1,1,2,2,2],[1,1,1,1,1,1,1,1,2,2],[1,1,1,1,1,1,1,1,0,0],[1,1,1,1,1,1,1,1,1,1],[1,1,0,1,1,1,1,1,1,1],[1,1,1,1,1,1,1,1,1,1],[1,1,1,1,1,1,1,1,1,1],[1,1,1,1,1,1,1,1,1,1],[1,1,1,1,1,1,1,1,1,1],[1,1,1,1,1,1,1,1,1,1]]",710588422db14b089ff8928b297c50113d91876a46140eea83fe3169bbe64b31,15da216552b4cfea918047a7df61cbefcef1478be37754a079fdc1a1303a6d55,merged_copper_v5,"[0.0,3.0,6.0,9.0,12.0,15.0]",classified,6,0.10414782174349786,0.1017713116118332,0.1066820918665539,0.047152020776923216,0.8707406437252049,0.11960831562649055,8.745304264279701,B1,0.11960831562649055,7.455758099997183,3.3738490999967325,57.28769020002801,0.2424143000098411,69.12546590005513,26632,52038,1100,1140,54,4.2,completed,6,,,2026-08-08T18:49:03.033+02:00,2026-08-08T18:49:03.253+02:00,2026-08-08T18:50:19.269+02:00
125,S000125,band_supplement_300_20260808_001,C000124,candidate,5dd63cb71bf6d7a141bb3d0b8fcc36cd69e5aec73ce2d41df30843c926c6cb1a,"[2,1,1,1,1,1,1,1,1,1,2,1,1,1,1,1,1,1,1,1,2,2,2,2,2,1,1,1,1,1,2,2,0,2,2,1,1,1,1,1,0,0,0,0,1,1,1,1,1,1,0,0,0,1,1,1,1,1,1,1,0,0,0,2,2,2,2,2,1,1,0,0,0,2,2,2,2,2,1,1,2,0,0,2,2,2,2,2,1,1,2,2,2,2,2,2,1,1,1,1,2,2,2,1,1,1,1,1,1,1,2,2,2,1,0,1,1,1,1,1,2,2,1,1,1,2,1,0,1,1,2,2,2,2,2,2,2,2,1,1,0,2,2,2,2,2,2,0,0,1,0,0,2,2,2,2,0,0,0,1,0,0,2,0,2,0,0,0,1,1,0,0,0,0,0,0,0,0,1,1]","[[2,1,1,1,1,1,1,1,1,1],[2,1,1,1,1,1,1,1,1,1],[2,2,2,2,2,1,1,1,1,1],[2,2,0,2,2,1,1,1,1,1],[0,0,0,0,1,1,1,1,1,1],[0,0,0,1,1,1,1,1,1,1],[0,0,0,2,2,2,2,2,1,1],[0,0,0,2,2,2,2,2,1,1],[2,0,0,2,2,2,2,2,1,1],[2,2,2,2,2,2,1,1,1,1],[2,2,2,1,1,1,1,1,1,1],[2,2,2,1,0,1,1,1,1,1],[2,2,1,1,1,2,1,0,1,1],[2,2,2,2,2,2,2,2,1,1],[0,2,2,2,2,2,2,0,0,1],[0,0,2,2,2,2,0,0,0,1],[0,0,2,0,2,0,0,0,1,1],[0,0,0,0,0,0,0,0,1,1]]",9f258e996807e78b1da4c06e2d71612d2272111839d38fc1c702085c080252c3,15da216552b4cfea918047a7df61cbefcef1478be37754a079fdc1a1303a6d55,merged_copper_v5,"[0.0,3.0,6.0,9.0,12.0,15.0]",classified,6,0.5318451179750694,0.4685145513058241,0.5877198945812903,0.22413544704391553,0.8707406437252049,0.6107962477779012,3.5760714876520487,B3,0.6107962477779012,9.655154499982018,4.327976600005059,242.08982529997593,0.3045538000005763,257.33317049997277,35759,70278,1472,1524,66,4.2,completed,6,,,2026-08-08T18:49:03.149+02:00,2026-08-08T18:49:03.272+02:00,2026-08-08T18:53:27.414+02:00
126,S000126,band_supplement_300_20260808_001,C000125,candidate,bad3260dc52e1d051d770bc8d873dd863cd55b84f00dae4412ca12dbbe812677,"[0,1,1,1,1,1,1,1,1,1,0,1,1,1,1,1,1,1,1,1,0,0,0,0,0,1,1,1,1,1,0,2,2,2,1,1,1,1,1,1,0,2,2,2,1,1,1,0,0,1,0,0,2,2,1,1,0,0,1,1,0,0,0,2,2,1,1,0,1,1,0,0,0,1,2,1,1,1,1,1,1,0,1,1,1,1,1,1,1,1,1,1,1,1,1,1,1,1,1,1,1,0,1,1,1,1,1,1,1,1,1,1,1,1,1,1,1,1,1,1,2,2,0,1,0,1,1,0,1,1,2,2,2,1,0,1,0,1,1,1,0,0,0,0,0,0,1,1,0,1,0,0,0,0,0,0,0,0,0,1,0,0,0,0,0,0,0,0,1,1,0,0,0,0,0,0,0,0,1,1]","[[0,1,1,1,1,1,1,1,1,1],[0,1,1,1,1,1,1,1,1,1],[0,0,0,0,0,1,1,1,1,1],[0,2,2,2,1,1,1,1,1,1],[0,2,2,2,1,1,1,0,0,1],[0,0,2,2,1,1,0,0,1,1],[0,0,0,2,2,1,1,0,1,1],[0,0,0,1,2,1,1,1,1,1],[1,0,1,1,1,1,1,1,1,1],[1,1,1,1,1,1,1,1,1,1],[1,0,1,1,1,1,1,1,1,1],[1,1,1,1,1,1,1,1,1,1],[2,2,0,1,0,1,1,0,1,1],[2,2,2,1,0,1,0,1,1,1],[0,0,0,0,0,0,1,1,0,1],[0,0,0,0,0,0,0,0,0,1],[0,0,0,0,0,0,0,0,1,1],[0,0,0,0,0,0,0,0,1,1]]",35903dc5366ac9b4b33a1e368d47db5346b55e3192ff03b63d09d5f74568c676,15da216552b4cfea918047a7df61cbefcef1478be37754a079fdc1a1303a6d55,merged_copper_v5,"[0.0,3.0,6.0,9.0,12.0,15.0]",classified,6,0.5498190512779718,0.4948289132652915,0.5703381714563461,0.13733474315876235,0.8707406437252049,0.6314383682903953,3.264596617480615,B3,0.6314383682903953,3.0748443999909796,3.5077783000306226,363.784871699987,0.23294039999018423,371.3797926000552,28093,54954,1034,1092,84,4.2,completed,6,,,2026-08-08T18:53:27.812+02:00,2026-08-08T18:53:28.218+02:00,2026-08-08T18:59:45.674+02:00
127,S000127,band_supplement_300_20260808_001,C000126,candidate,81ea220da9c4ffd104bf2aaf6b7eac6affebc73f6cd6263600383653cd769944,"[2,2,2,1,1,1,1,1,1,1,2,2,2,1,1,1,1,1,1,1,2,2,2,2,2,1,1,1,0,0,2,2,2,2,2,1,1,1,1,0,2,2,2,2,2,1,1,1,1,0,2,2,2,2,2,2,1,1,1,1,2,2,2,2,2,2,1,1,1,1,2,2,2,2,2,2,1,1,1,1,2,2,2,2,2,2,1,1,1,1,2,2,2,2,2,0,1,1,1,1,2,2,2,0,2,0,1,1,1,1,2,2,2,0,0,0,1,1,1,1,2,2,2,0,0,0,1,0,1,1,2,2,2,0,0,0,2,0,1,1,0,0,0,0,2,0,2,2,0,1,0,0,2,2,2,0,2,0,0,1,0,0,2,0,2,2,2,2,1,1,0,0,0,0,0,0,2,2,1,1]","[[2,2,2,1,1,1,1,1,1,1],[2,2,2,1,1,1,1,1,1,1],[2,2,2,2,2,1,1,1,0,0],[2,2,2,2,2,1,1,1,1,0],[2,2,2,2,2,1,1,1,1,0],[2,2,2,2,2,2,1,1,1,1],[2,2,2,2,2,2,1,1,1,1],[2,2,2,2,2,2,1,1,1,1],[2,2,2,2,2,2,1,1,1,1],[2,2,2,2,2,0,1,1,1,1],[2,2,2,0,2,0,1,1,1,1],[2,2,2,0,0,0,1,1,1,1],[2,2,2,0,0,0,1,0,1,1],[2,2,2,0,0,0,2,0,1,1],[0,0,0,0,2,0,2,2,0,1],[0,0,2,2,2,0,2,0,0,1],[0,0,2,0,2,2,2,2,1,1],[0,0,0,0,0,0,2,2,1,1]]",93252635f11043a6ea3692a84b92e4369e8e68e13c2eb4df5a0985a4fdab65cb,15da216552b4cfea918047a7df61cbefcef1478be37754a079fdc1a1303a6d55,merged_copper_v5,"[0.0,3.0,6.0,9.0,12.0,15.0]",classified,6,0.5558961383422588,0.3810432643796646,0.6705247352088761,0.5207474038090567,0.8707406437252049,0.6384175843268582,3.5720456898273216,B3,0.6384175843268582,8.178474799991818,4.255762399930973,337.28609140001936,0.2924038999772165,350.95406709998497,36081,70928,1346,1398,66,4.2,completed,6,,,2026-08-08T18:53:28.063+02:00,2026-08-08T18:53:28.238+02:00,2026-08-08T18:59:25.964+02:00
128,S000128,band_supplement_300_20260808_001,C000127,candidate,d0020b8e88806250daeffd37dfe0ef17cb7d76f6d64a10712214236cfe8998f4,"[2,1,1,1,1,1,1,1,1,1,2,1,1,1,1,1,1,1,1,1,2,2,2,2,2,1,1,1,0,0,2,2,2,2,2,1,1,1,1,1,2,2,2,2,2,1,1,1,1,1,2,2,2,2,2,2,1,1,1,1,2,2,2,2,2,2,1,1,1,1,2,2,2,2,2,2,1,1,1,1,2,2,2,2,2,2,1,1,1,1,2,2,2,2,2,2,1,1,1,1,2,2,2,2,2,2,1,1,1,1,2,2,2,2,1,1,1,1,1,1,2,2,2,2,1,1,1,0,1,1,2,2,2,2,2,1,1,1,1,1,2,2,2,2,1,1,1,1,1,1,2,2,2,1,1,1,1,1,0,1,2,1,2,1,1,1,1,0,1,1,1,1,1,1,1,1,1,1,1,1]","[[2,1,1,1,1,1,1,1,1,1],[2,1,1,1,1,1,1,1,1,1],[2,2,2,2,2,1,1,1,0,0],[2,2,2,2,2,1,1,1,1,1],[2,2,2,2,2,1,1,1,1,1],[2,2,2,2,2,2,1,1,1,1],[2,2,2,2,2,2,1,1,1,1],[2,2,2,2,2,2,1,1,1,1],[2,2,2,2,2,2,1,1,1,1],[2,2,2,2,2,2,1,1,1,1],[2,2,2,2,2,2,1,1,1,1],[2,2,2,2,1,1,1,1,1,1],[2,2,2,2,1,1,1,0,1,1],[2,2,2,2,2,1,1,1,1,1],[2,2,2,2,1,1,1,1,1,1],[2,2,2,1,1,1,1,1,0,1],[2,1,2,1,1,1,1,0,1,1],[1,1,1,1,1,1,1,1,1,1]]",fd54e2bb422102306d57f44c3da10687aebbb68a41e00213fc27639fa0893d6c,15da216552b4cfea918047a7df61cbefcef1478be37754a079fdc1a1303a6d55,merged_copper_v5,"[0.0,3.0,6.0,9.0,12.0,15.0]",classified,6,0.7957652799991547,0.7496670090173984,0.8422055597464675,0.11628875128752468,0.8707406437252049,0.9138947236857,0.1692227665945917,B6,0.9138947236857,6.96718950002105,3.2352469000034034,302.8240642999299,0.22597650001989678,313.9791006000596,27285,53340,1022,1056,54,4.2,completed,6,,,2026-08-08T18:53:28.164+02:00,2026-08-08T18:53:28.262+02:00,2026-08-08T18:58:48.549+02:00
129,S000129,band_supplement_300_20260808_001,C000128,candidate,464ea5ce69cfb2a317c927996c4c18bada3637d5fc4ee3cbe2fd807b21c71fe0,"[2,2,2,2,2,2,2,1,1,1,2,2,2,2,2,2,2,2,1,1,2,2,2,0,0,1,1,1,1,1,2,1,2,2,0,1,1,1,1,1,2,1,1,1,1,1,1,1,1,1,2,2,1,1,0,0,1,1,1,1,1,1,1,1,1,1,1,1,1,1,0,1,1,1,1,0,1,1,1,1,1,1,1,1,0,1,1,1,1,1,1,1,1,1,0,0,1,1,1,1,1,1,1,1,1,0,1,1,1,1,1,1,1,1,1,0,1,1,1,1,0,1,1,1,1,1,1,1,1,1,0,0,1,1,1,1,1,0,1,1,0,0,1,0,1,0,0,0,0,1,0,0,1,1,1,0,0,0,0,1,0,0,0,0,0,0,0,0,1,1,0,0,0,0,0,0,0,0,1,1]","[[2,2,2,2,2,2,2,1,1,1],[2,2,2,2,2,2,2,2,1,1],[2,2,2,0,0,1,1,1,1,1],[2,1,2,2,0,1,1,1,1,1],[2,1,1,1,1,1,1,1,1,1],[2,2,1,1,0,0,1,1,1,1],[1,1,1,1,1,1,1,1,1,1],[0,1,1,1,1,0,1,1,1,1],[1,1,1,1,0,1,1,1,1,1],[1,1,1,1,0,0,1,1,1,1],[1,1,1,1,1,0,1,1,1,1],[1,1,1,1,1,0,1,1,1,1],[0,1,1,1,1,1,1,1,1,1],[0,0,1,1,1,1,1,0,1,1],[0,0,1,0,1,0,0,0,0,1],[0,0,1,1,1,0,0,0,0,1],[0,0,0,0,0,0,0,0,1,1],[0,0,0,0,0,0,0,0,1,1]]",d4cabd82a9bddce9b0861a4b3298c1be3dd29b2b657fb47167b823318526d9eb,15da216552b4cfea918047a7df61cbefcef1478be37754a079fdc1a1303a6d55,merged_copper_v5,"[0.0,3.0,6.0,9.0,12.0,15.0]",classified,6,0.6126389356262937,0.4457464196113131,0.7343669327893364,0.4711103006911728,0.8707406437252049,0.7035837135215145,2.8131236206590025,B4,0.7035837135215145,6.437947599973995,3.3470181000011507,285.6915399999998,0.22414659996866249,296.49036519997753,26790,52342,1046,1092,72,4.2,completed,6,,,2026-08-08T18:59:46.159+02:00,2026-08-08T18:59:46.776+02:00,2026-08-08T19:04:50.296+02:00
130,S000130,band_supplement_300_20260808_001,C000129,candidate,8b153c10ec56cc9c4cfaaee5638fe485e0bf4161e9fd35673f0e0953c61736de,"[2,2,2,2,2,2,2,1,1,1,2,2,2,2,2,2,2,2,1,1,2,2,2,0,0,1,1,1,1,1,2,1,2,2,0,1,1,1,1,1,2,1,1,1,1,1,1,1,1,1,2,2,1,1,0,0,1,1,1,1,1,1,1,1,1,1,1,1,1,1,0,1,0,0,1,0,1,1,1,1,0,0,0,0,0,1,1,1,1,1,0,0,0,0,0,0,1,1,1,1,0,0,0,0,0,0,1,1,1,1,0,0,0,0,0,0,1,1,1,1,0,0,0,0,0,0,0,0,1,1,0,0,0,0,0,0,0,0,1,1,0,0,0,0,0,0,0,0,0,1,0,0,0,0,0,0,0,0,0,1,0,0,0,0,0,0,0,0,1,1,0,0,0,0,0,0,0,0,1,1]","[[2,2,2,2,2,2,2,1,1,1],[2,2,2,2,2,2,2,2,1,1],[2,2,2,0,0,1,1,1,1,1],[2,1,2,2,0,1,1,1,1,1],[2,1,1,1,1,1,1,1,1,1],[2,2,1,1,0,0,1,1,1,1],[1,1,1,1,1,1,1,1,1,1],[0,1,0,0,1,0,1,1,1,1],[0,0,0,0,0,1,1,1,1,1],[0,0,0,0,0,0,1,1,1,1],[0,0,0,0,0,0,1,1,1,1],[0,0,0,0,0,0,1,1,1,1],[0,0,0,0,0,0,0,0,1,1],[0,0,0,0,0,0,0,0,1,1],[0,0,0,0,0,0,0,0,0,1],[0,0,0,0,0,0,0,0,0,1],[0,0,0,0,0,0,0,0,1,1],[0,0,0,0,0,0,0,0,1,1]]",ff2fd13b21035e158a6e653a2d13e3265d0664191ff6cb5094adc53a56de81c7,15da216552b4cfea918047a7df61cbefcef1478be37754a079fdc1a1303a6d55,merged_copper_v5,"[0.0,3.0,6.0,9.0,12.0,15.0]",classified,6,0.6062144704843933,0.4366005578955279,0.7289879377806004,0.48231672802439307,0.8707406437252049,0.6962055519665247,2.904635862265978,B3,0.6962055519665247,6.793341799988411,3.086136199970497,188.88382449999335,0.22408529999665916,199.70445569991716,23628,46018,944,984,54,4.2,completed,6,,,2026-08-08T18:59:46.268+02:00,2026-08-08T18:59:46.792+02:00,2026-08-08T19:03:15.683+02:00
131,S000131,band_supplement_300_20260808_001,C000130,candidate,1c7710db3050117d7f26d79d8c2e33f2bb8d28f8e03693eaab358b49e4bb4fcd,"[2,2,2,2,2,2,2,1,1,1,2,2,2,2,2,2,2,2,1,1,2,2,2,0,0,2,2,2,2,1,2,1,2,2,0,2,2,2,1,1,2,1,1,1,2,2,2,1,1,1,2,2,1,1,0,0,1,1,1,1,1,1,1,1,1,1,1,1,1,1,0,1,1,1,1,0,1,1,1,1,1,1,1,1,0,1,1,1,1,1,1,1,1,1,0,0,1,1,1,1,1,1,1,1,1,0,1,1,1,1,1,1,1,1,1,0,1,1,1,1,0,1,1,1,1,1,0,0,1,1,0,0,1,1,1,1,0,0,1,1,0,0,1,0,1,0,0,0,0,1,0,0,1,1,1,0,0,0,0,1,0,0,0,0,0,0,0,0,1,1,0,0,0,0,0,0,0,0,1,1]","[[2,2,2,2,2,2,2,1,1,1],[2,2,2,2,2,2,2,2,1,1],[2,2,2,0,0,2,2,2,2,1],[2,1,2,2,0,2,2,2,1,1],[2,1,1,1,2,2,2,1,1,1],[2,2,1,1,0,0,1,1,1,1],[1,1,1,1,1,1,1,1,1,1],[0,1,1,1,1,0,1,1,1,1],[1,1,1,1,0,1,1,1,1,1],[1,1,1,1,0,0,1,1,1,1],[1,1,1,1,1,0,1,1,1,1],[1,1,1,1,1,0,1,1,1,1],[0,1,1,1,1,1,0,0,1,1],[0,0,1,1,1,1,0,0,1,1],[0,0,1,0,1,0,0,0,0,1],[0,0,1,1,1,0,0,0,0,1],[0,0,0,0,0,0,0,0,1,1],[0,0,0,0,0,0,0,0,1,1]]",d25efd5b1a0a3ab8b0c963151c32f5d2b56f4ebe80ea9c7fa26fc190d18e1976,15da216552b4cfea918047a7df61cbefcef1478be37754a079fdc1a1303a6d55,merged_copper_v5,"[0.0,3.0,6.0,9.0,12.0,15.0]",classified,6,0.48064544921577673,0.3044459969389278,0.6527779047123553,0.7247169578777192,0.8707406437252049,0.5519961112180065,4.7166488579770105,B2,0.5519961112180065,8.814856500015594,3.934256099979393,382.7982906999532,0.2612951999763027,396.69098700000905,31040,60846,1196,1254,72,4.2,completed,6,,,2026-08-08T18:59:46.375+02:00,2026-08-08T18:59:46.823+02:00,2026-08-08T19:06:30.554+02:00
132,S000132,band_supplement_300_20260808_001,C000131,candidate,23336f4764e7392c7c7f208492a37e0e938acf1e70a7593e8383fb2e1c38a28f,"[2,2,2,2,0,0,0,1,1,1,2,2,2,2,2,2,2,2,1,1,2,2,2,0,0,1,1,1,1,1,2,1,2,2,0,1,1,1,1,1,2,1,1,1,1,1,1,1,1,1,2,2,1,1,0,0,1,1,1,1,1,1,1,1,1,1,1,1,1,1,0,1,1,1,1,0,1,1,1,1,1,1,1,1,0,1,1,1,1,1,1,1,1,1,0,0,1,1,1,1,1,1,1,1,1,0,1,1,1,1,1,1,1,1,1,0,1,1,1,1,0,1,1,1,1,1,0,0,1,1,0,0,1,1,1,1,0,0,1,1,0,0,1,0,1,0,0,0,0,1,0,0,1,1,1,0,0,0,0,1,0,0,0,0,0,0,0,0,1,1,0,0,0,0,0,0,0,0,1,1]","[[2,2,2,2,0,0,0,1,1,1],[2,2,2,2,2,2,2,2,1,1],[2,2,2,0,0,1,1,1,1,1],[2,1,2,2,0,1,1,1,1,1],[2,1,1,1,1,1,1,1,1,1],[2,2,1,1,0,0,1,1,1,1],[1,1,1,1,1,1,1,1,1,1],[0,1,1,1,1,0,1,1,1,1],[1,1,1,1,0,1,1,1,1,1],[1,1,1,1,0,0,1,1,1,1],[1,1,1,1,1,0,1,1,1,1],[1,1,1,1,1,0,1,1,1,1],[0,1,1,1,1,1,0,0,1,1],[0,0,1,1,1,1,0,0,1,1],[0,0,1,0,1,0,0,0,0,1],[0,0,1,1,1,0,0,0,0,1],[0,0,0,0,0,0,0,0,1,1],[0,0,0,0,0,0,0,0,1,1]]",0a1ded5d80de62d1b5a8922f9a16efd51d8136470942ed7ceaa373bfe7349a94,15da216552b4cfea918047a7df61cbefcef1478be37754a079fdc1a1303a6d55,merged_copper_v5,"[0.0,3.0,6.0,9.0,12.0,15.0]",classified,6,0.6241225372626781,0.4568155931359503,0.7468489520001129,0.464705793410717,0.8707406437252049,0.7167720282270912,2.6631740929237417,B4,0.7167720282270912,6.641289300023345,3.4933806000335608,363.9707674999954,0.24321410001721233,375.1539253000228,27443,53646,1070,1128,78,4.2,completed,6,,,2026-08-08T18:59:46.622+02:00,2026-08-08T18:59:46.839+02:00,2026-08-08T19:06:09.982+02:00
133,S000133,band_supplement_300_20260808_001,C000132,candidate,844904fd7ca80376105a960176b8326e224c0e85c4bc0bdeff495289bd4f37a4,"[0,1,1,1,1,1,1,1,1,1,0,1,1,0,1,1,1,1,1,1,0,0,0,0,1,1,1,1,1,1,0,2,2,2,0,0,0,0,1,1,0,2,2,2,0,0,0,0,1,1,0,0,2,2,2,2,0,0,1,1,0,0,0,2,2,0,0,0,1,1,0,0,2,2,2,2,1,1,1,1,0,2,2,2,2,1,1,1,1,1,2,2,2,2,2,1,1,1,1,1,2,2,2,2,2,1,1,1,1,1,2,2,2,2,2,1,1,1,1,1,2,2,2,2,2,1,1,1,1,1,0,2,2,0,0,1,1,1,1,1,0,0,0,1,2,1,1,1,1,1,1,1,1,1,2,2,2,2,1,1,1,1,1,1,2,2,2,1,1,1,1,1,1,1,1,1,2,2,1,1]","[[0,1,1,1,1,1,1,1,1,1],[0,1,1,0,1,1,1,1,1,1],[0,0,0,0,1,1,1,1,1,1],[0,2,2,2,0,0,0,0,1,1],[0,2,2,2,0,0,0,0,1,1],[0,0,2,2,2,2,0,0,1,1],[0,0,0,2,2,0,0,0,1,1],[0,0,2,2,2,2,1,1,1,1],[0,2,2,2,2,1,1,1,1,1],[2,2,2,2,2,1,1,1,1,1],[2,2,2,2,2,1,1,1,1,1],[2,2,2,2,2,1,1,1,1,1],[2,2,2,2,2,1,1,1,1,1],[0,2,2,0,0,1,1,1,1,1],[0,0,0,1,2,1,1,1,1,1],[1,1,1,1,2,2,2,2,1,1],[1,1,1,1,2,2,2,1,1,1],[1,1,1,1,1,1,2,2,1,1]]",bb059e268a4ef1ba5a7d6aaa5faa823e007796b16075fa5b018935fa3e00e8f8,15da216552b4cfea918047a7df61cbefcef1478be37754a079fdc1a1303a6d55,merged_copper_v5,"[0.0,3.0,6.0,9.0,12.0,15.0]",classified,6,0.6222336564194171,0.4746070677148319,0.6994153778487557,0.36129243060807953,0.8707406437252049,0.7146027475614041,2.5833717406618666,B4,0.7146027475614041,11.429158999992069,4.215364499978023,335.3736200000276,0.28051470004720613,352.2173420000181,32233,63232,1292,1350,72,4.2,completed,6,,,2026-08-08T18:59:46.723+02:00,2026-08-08T18:59:46.861+02:00,2026-08-08T19:05:46.692+02:00
134,S000134,band_supplement_300_20260808_001,C000133,candidate,37d5a9ffbd4c727ecf525a01baad6248e58e7ba3c7c6c69dec858bf3503cf889,"[2,2,2,2,2,2,2,1,1,1,2,2,2,2,2,2,2,2,1,1,2,2,2,0,0,1,1,1,1,1,2,1,2,2,0,1,1,1,1,1,2,1,1,1,1,1,1,1,1,1,2,2,1,1,0,0,1,1,1,1,1,1,1,1,1,1,1,1,1,1,0,1,1,1,1,0,1,1,1,1,1,1,1,1,0,1,1,1,1,1,1,1,1,1,1,1,1,1,1,1,1,1,1,1,1,1,1,1,1,1,1,1,1,1,1,1,1,1,1,1,0,1,1,1,1,1,1,1,1,1,0,0,1,1,1,1,1,1,1,1,0,0,1,1,1,1,1,1,1,1,0,0,1,1,1,1,1,1,1,1,0,0,0,0,1,1,1,1,1,1,0,0,0,0,1,1,1,1,1,1]","[[2,2,2,2,2,2,2,1,1,1],[2,2,2,2,2,2,2,2,1,1],[2,2,2,0,0,1,1,1,1,1],[2,1,2,2,0,1,1,1,1,1],[2,1,1,1,1,1,1,1,1,1],[2,2,1,1,0,0,1,1,1,1],[1,1,1,1,1,1,1,1,1,1],[0,1,1,1,1,0,1,1,1,1],[1,1,1,1,0,1,1,1,1,1],[1,1,1,1,1,1,1,1,1,1],[1,1,1,1,1,1,1,1,1,1],[1,1,1,1,1,1,1,1,1,1],[0,1,1,1,1,1,1,1,1,1],[0,0,1,1,1,1,1,1,1,1],[0,0,1,1,1,1,1,1,1,1],[0,0,1,1,1,1,1,1,1,1],[0,0,0,0,1,1,1,1,1,1],[0,0,0,0,1,1,1,1,1,1]]",5caea4d430d79880dce24581943e261b59e328a2040018a6fab692f0331d98bd,15da216552b4cfea918047a7df61cbefcef1478be37754a079fdc1a1303a6d55,merged_copper_v5,"[0.0,3.0,6.0,9.0,12.0,15.0]",classified,6,0.6132638950237675,0.4459988333773415,0.7343292528959153,0.47015717354011094,0.8707406437252049,0.7043014466398403,2.8043585010395153,B4,0.7043014466398403,2.50741890000063,2.618755199946463,139.54417050004122,0.19700410001678392,145.49591480000527,22473,43718,902,948,66,4.2,completed,6,,,2026-08-08T19:06:30.869+02:00,2026-08-08T19:06:30.922+02:00,2026-08-08T19:09:02.126+02:00
135,S000135,band_supplement_300_20260808_001,C000134,candidate,eac5f1b3cc946d6961e1591dd9f86fa2a859b2f5e7138b8c100854d254ca6c7d,"[2,2,1,1,1,1,1,1,1,1,2,2,2,1,1,1,1,1,1,1,2,2,2,2,2,1,1,1,1,1,2,2,2,2,2,1,1,1,1,1,0,2,2,2,2,1,1,1,1,1,0,0,2,2,2,2,1,1,1,1,0,0,2,2,2,2,1,1,1,1,2,2,2,2,2,2,1,1,1,1,2,2,2,2,2,2,1,1,1,1,0,2,2,2,2,0,1,1,1,1,0,0,2,2,2,0,1,1,1,1,0,0,0,0,0,0,1,1,1,1,0,0,0,0,0,1,1,1,1,1,0,0,0,1,0,1,0,1,1,1,0,0,0,1,1,1,1,1,1,1,0,0,1,1,1,1,1,1,1,1,0,0,0,0,1,1,1,1,1,1,0,0,0,0,1,1,1,1,1,1]","[[2,2,1,1,1,1,1,1,1,1],[2,2,2,1,1,1,1,1,1,1],[2,2,2,2,2,1,1,1,1,1],[2,2,2,2,2,1,1,1,1,1],[0,2,2,2,2,1,1,1,1,1],[0,0,2,2,2,2,1,1,1,1],[0,0,2,2,2,2,1,1,1,1],[2,2,2,2,2,2,1,1,1,1],[2,2,2,2,2,2,1,1,1,1],[0,2,2,2,2,0,1,1,1,1],[0,0,2,2,2,0,1,1,1,1],[0,0,0,0,0,0,1,1,1,1],[0,0,0,0,0,1,1,1,1,1],[0,0,0,1,0,1,0,1,1,1],[0,0,0,1,1,1,1,1,1,1],[0,0,1,1,1,1,1,1,1,1],[0,0,0,0,1,1,1,1,1,1],[0,0,0,0,1,1,1,1,1,1]]",17e926ce85d3ee6aa89de07ad1ac1859093a6397cbe2c59687ea9bcd25e0ae7f,15da216552b4cfea918047a7df61cbefcef1478be37754a079fdc1a1303a6d55,merged_copper_v5,"[0.0,3.0,6.0,9.0,12.0,15.0]",classified,6,0.6970306341631162,0.6179345978676649,0.7192027147693965,0.14528503043961366,0.8707406437252049,0.8005031569229133,1.4324021186971594,B5,0.8005031569229133,10.321521000005305,3.474047299940139,183.80788110001595,0.24564539999119006,198.62000110003282,25944,50648,974,1008,48,4.2,completed,6,,,2026-08-08T19:09:02.429+02:00,2026-08-08T19:09:02.999+02:00,2026-08-08T19:12:28.833+02:00
136,S000136,band_supplement_300_20260808_001,C000135,candidate,16bd090e8d7203317f6aa6ba02740f1400b847de963216c4f59e30a7733bab12,"[2,2,2,1,1,1,1,1,1,1,2,2,1,1,1,1,1,1,1,1,2,2,0,0,1,1,1,1,0,0,2,2,0,0,1,1,1,1,1,1,2,2,0,0,0,0,2,1,1,1,2,2,0,0,2,2,2,1,1,1,2,2,2,2,1,1,2,1,1,1,2,2,2,2,1,1,1,1,1,1,2,2,2,2,2,2,1,1,1,1,2,2,2,2,2,2,1,1,1,1,2,2,2,2,2,2,1,1,1,1,2,2,2,2,2,2,1,1,1,1,2,2,2,2,2,2,1,0,1,1,2,2,2,1,2,2,1,1,1,1,0,1,0,1,2,2,1,1,1,1,0,1,1,1,1,1,1,1,1,1,0,0,1,1,1,1,1,1,1,1,1,1,1,1,1,1,1,1,1,1]","[[2,2,2,1,1,1,1,1,1,1],[2,2,1,1,1,1,1,1,1,1],[2,2,0,0,1,1,1,1,0,0],[2,2,0,0,1,1,1,1,1,1],[2,2,0,0,0,0,2,1,1,1],[2,2,0,0,2,2,2,1,1,1],[2,2,2,2,1,1,2,1,1,1],[2,2,2,2,1,1,1,1,1,1],[2,2,2,2,2,2,1,1,1,1],[2,2,2,2,2,2,1,1,1,1],[2,2,2,2,2,2,1,1,1,1],[2,2,2,2,2,2,1,1,1,1],[2,2,2,2,2,2,1,0,1,1],[2,2,2,1,2,2,1,1,1,1],[0,1,0,1,2,2,1,1,1,1],[0,1,1,1,1,1,1,1,1,1],[0,0,1,1,1,1,1,1,1,1],[1,1,1,1,1,1,1,1,1,1]]",a42bc3b135d330aa3db7967f26d65a26af4116545ec370e06fccc773a206bf73,15da216552b4cfea918047a7df61cbefcef1478be37754a079fdc1a1303a6d55,merged_copper_v5,"[0.0,3.0,6.0,9.0,12.0,15.0]",classified,6,0.7118374258591397,0.593603853519492,0.8298793631810775,0.33192341548551896,0.8707406437252049,0.8175079812672519,1.4339556075427753,B5,0.8175079812672519,13.387819399998989,3.694949099997757,338.0592455000151,0.25741749998996966,356.24897220000275,29616,58006,1136,1188,72,4.2,completed,6,,,2026-08-08T19:09:02.544+02:00,2026-08-08T19:09:03.018+02:00,2026-08-08T19:15:07.670+02:00
137,S000137,band_supplement_300_20260808_001,C000136,candidate,58625a33bad7110acac6b6de588002d4137fcc617776bece756a47f7658fc6f5,"[2,2,1,1,1,1,1,1,1,1,2,2,0,0,1,1,1,1,1,1,2,2,2,2,2,1,1,1,0,0,2,2,2,2,2,1,1,1,1,1,2,2,2,2,2,1,1,1,1,1,2,2,2,2,2,2,1,1,1,1,2,2,2,2,1,1,1,1,1,1,2,2,2,2,1,1,1,1,1,1,2,2,2,2,2,2,1,1,1,1,0,2,2,2,2,2,1,1,1,1,0,2,2,2,2,2,1,1,1,1,0,0,2,2,2,2,1,1,1,1,0,0,0,0,0,2,1,0,1,1,0,0,0,0,0,0,1,1,1,1,0,0,0,0,0,0,1,1,1,1,0,0,0,0,0,0,0,1,1,1,0,0,1,0,0,0,0,0,1,1,1,1,1,1,1,1,0,1,1,1]","[[2,2,1,1,1,1,1,1,1,1],[2,2,0,0,1,1,1,1,1,1],[2,2,2,2,2,1,1,1,0,0],[2,2,2,2,2,1,1,1,1,1],[2,2,2,2,2,1,1,1,1,1],[2,2,2,2,2,2,1,1,1,1],[2,2,2,2,1,1,1,1,1,1],[2,2,2,2,1,1,1,1,1,1],[2,2,2,2,2,2,1,1,1,1],[0,2,2,2,2,2,1,1,1,1],[0,2,2,2,2,2,1,1,1,1],[0,0,2,2,2,2,1,1,1,1],[0,0,0,0,0,2,1,0,1,1],[0,0,0,0,0,0,1,1,1,1],[0,0,0,0,0,0,1,1,1,1],[0,0,0,0,0,0,0,1,1,1],[0,0,1,0,0,0,0,0,1,1],[1,1,1,1,1,1,0,1,1,1]]",244c8045e4e0d134240e577b96837219e507cd884c6020c576f8ae65a3c15ae3,15da216552b4cfea918047a7df61cbefcef1478be37754a079fdc1a1303a6d55,merged_copper_v5,"[0.0,3.0,6.0,9.0,12.0,15.0]",classified,6,0.7144722968841974,0.6511534743465629,0.7342923164357515,0.11636398283286258,0.8707406437252049,0.8205339925646978,1.1854602870768953,B5,0.8205339925646978,11.886666199978208,3.4515535000537056,292.90645680000307,0.2336995999503415,309.24472989997594,26442,51650,1016,1062,60,4.2,completed,6,,,2026-08-08T19:09:02.651+02:00,2026-08-08T19:09:03.034+02:00,2026-08-08T19:14:20.278+02:00
138,S000138,band_supplement_300_20260808_001,C000137,candidate,f099a644ec1300ae9d56c22fbcc2fbfe0139a81f912e46b91c0bf72feba2d9c8,"[2,1,1,1,1,1,1,1,1,1,2,1,1,1,1,1,1,1,1,1,2,2,2,2,2,1,1,1,1,1,2,2,2,2,2,1,1,1,1,1,2,2,2,2,0,0,0,0,1,1,2,0,0,2,0,0,0,0,1,1,2,2,2,2,0,0,1,1,1,1,2,2,2,2,2,1,1,1,1,1,2,2,2,2,2,2,1,1,1,1,1,2,2,2,2,1,1,1,1,1,1,1,2,2,2,1,1,1,1,1,1,1,1,1,1,1,1,1,1,1,1,1,1,1,1,1,1,1,1,1,1,1,1,1,1,1,0,1,1,1,1,1,1,1,1,1,1,1,1,1,1,1,0,0,0,1,1,1,1,1,1,0,0,0,0,0,1,0,0,1,1,1,1,0,0,1,1,1,1,1]","[[2,1,1,1,1,1,1,1,1,1],[2,1,1,1,1,1,1,1,1,1],[2,2,2,2,2,1,1,1,1,1],[2,2,2,2,2,1,1,1,1,1],[2,2,2,2,0,0,0,0,1,1],[2,0,0,2,0,0,0,0,1,1],[2,2,2,2,0,0,1,1,1,1],[2,2,2,2,2,1,1,1,1,1],[2,2,2,2,2,2,1,1,1,1],[1,2,2,2,2,1,1,1,1,1],[1,1,2,2,2,1,1,1,1,1],[1,1,1,1,1,1,1,1,1,1],[1,1,1,1,1,1,1,1,1,1],[1,1,1,1,1,1,0,1,1,1],[1,1,1,1,1,1,1,1,1,1],[1,1,0,0,0,1,1,1,1,1],[1,0,0,0,0,0,1,0,0,1],[1,1,1,0,0,1,1,1,1,1]]",a96bd11c79bf023bae1948dd65c57fcb6219428c7fafc08ff629d57f33207399,15da216552b4cfea918047a7df61cbefcef1478be37754a079fdc1a1303a6d55,merged_copper_v5,"[0.0,3.0,6.0,9.0,12.0,15.0]",classified,6,0.6980054357403028,0.6406903926330598,0.7362490186631095,0.13690240954742777,0.8707406437252049,0.801622665451901,1.4118344780901404,B5,0.801622665451901,10.434099999984028,3.3901178000087384,346.4893342000141,0.23247819999232888,361.35679170000367,27646,54064,1106,1140,66,4.2,completed,6,,,2026-08-08T19:09:02.829+02:00,2026-08-08T19:09:03.068+02:00,2026-08-08T19:15:11.500+02:00
139,S000139,band_supplement_300_20260808_001,C000138,candidate,0a3f613d52380bb129a1aabc9ff7f1ec7580bd349beb979cd976ce6f9b9b8734,"[2,2,1,1,1,1,1,1,1,1,2,2,2,1,1,1,1,1,1,1,2,2,2,2,2,1,1,1,1,1,2,2,2,2,2,1,1,1,1,1,2,2,2,2,2,1,1,1,1,1,2,2,2,2,2,2,1,1,1,1,2,2,2,2,2,2,1,1,1,1,2,2,2,2,2,2,1,1,1,1,2,2,2,2,2,2,1,1,1,1,2,2,2,2,2,0,1,1,1,1,2,2,2,2,2,0,1,1,1,1,2,2,2,0,0,0,1,1,1,1,0,2,0,0,0,1,1,1,1,1,2,2,2,1,0,1,0,1,1,1,2,2,2,1,1,1,1,1,1,1,2,2,1,1,1,1,1,1,1,1,2,2,2,2,1,1,1,1,1,1,2,2,2,2,1,1,1,1,1,1]","[[2,2,1,1,1,1,1,1,1,1],[2,2,2,1,1,1,1,1,1,1],[2,2,2,2,2,1,1,1,1,1],[2,2,2,2,2,1,1,1,1,1],[2,2,2,2,2,1,1,1,1,1],[2,2,2,2,2,2,1,1,1,1],[2,2,2,2,2,2,1,1,1,1],[2,2,2,2,2,2,1,1,1,1],[2,2,2,2,2,2,1,1,1,1],[2,2,2,2,2,0,1,1,1,1],[2,2,2,2,2,0,1,1,1,1],[2,2,2,0,0,0,1,1,1,1],[0,2,0,0,0,1,1,1,1,1],[2,2,2,1,0,1,0,1,1,1],[2,2,2,1,1,1,1,1,1,1],[2,2,1,1,1,1,1,1,1,1],[2,2,2,2,1,1,1,1,1,1],[2,2,2,2,1,1,1,1,1,1]]",a59cdd7b5a9a121f73e02805603b52ebb88daf293417e92cfd49a8e862ee49b8,15da216552b4cfea918047a7df61cbefcef1478be37754a079fdc1a1303a6d55,merged_copper_v5,"[0.0,3.0,6.0,9.0,12.0,15.0]",classified,6,0.6841099862826304,0.5816649061790413,0.7152417351836222,0.19525636474102792,0.8707406437252049,0.7856644699113496,1.6438815515046483,B4,0.7856644699113496,14.608723699988332,3.621210399986012,238.45800939999754,0.25322959991171956,257.7833909000037,28608,55986,1076,1110,48,4.2,completed,6,,,2026-08-08T19:09:02.945+02:00,2026-08-08T19:09:03.083+02:00,2026-08-08T19:13:28.820+02:00
140,S000140,band_supplement_300_20260808_001,C000139,candidate,7c739c6573c36c3a303778af0965c94d962dac5587c9f411cec3884d95b4dba6,"[0,1,1,1,1,1,1,1,1,1,0,1,1,1,1,1,1,1,1,1,0,0,0,0,0,1,1,1,1,1,0,0,0,0,0,1,1,1,1,1,0,2,0,2,0,0,0,0,1,1,0,2,2,2,0,0,0,0,1,1,2,2,2,2,0,0,1,1,1,1,2,2,2,2,2,1,1,1,1,1,2,2,2,2,2,2,1,1,1,1,1,2,2,2,2,1,1,1,1,1,1,1,2,2,2,1,1,1,1,1,1,1,1,1,1,1,1,1,1,1,1,1,1,1,1,1,1,1,1,1,1,1,1,1,1,1,0,1,1,1,1,1,1,1,1,1,1,1,1,1,1,1,0,0,0,1,1,1,1,1,1,0,0,0,0,0,1,0,0,1,1,1,1,0,0,1,1,1,1,1]","[[0,1,1,1,1,1,1,1,1,1],[0,1,1,1,1,1,1,1,1,1],[0,0,0,0,0,1,1,1,1,1],[0,0,0,0,0,1,1,1,1,1],[0,2,0,2,0,0,0,0,1,1],[0,2,2,2,0,0,0,0,1,1],[2,2,2,2,0,0,1,1,1,1],[2,2,2,2,2,1,1,1,1,1],[2,2,2,2,2,2,1,1,1,1],[1,2,2,2,2,1,1,1,1,1],[1,1,2,2,2,1,1,1,1,1],[1,1,1,1,1,1,1,1,1,1],[1,1,1,1,1,1,1,1,1,1],[1,1,1,1,1,1,0,1,1,1],[1,1,1,1,1,1,1,1,1,1],[1,1,0,0,0,1,1,1,1,1],[1,0,0,0,0,0,1,0,0,1],[1,1,1,0,0,1,1,1,1,1]]",212bd6cf1ad291b30db3abf9321c494729323781615fc8b2498413cf837f2304,15da216552b4cfea918047a7df61cbefcef1478be37754a079fdc1a1303a6d55,merged_copper_v5,"[0.0,3.0,6.0,9.0,12.0,15.0]",classified,6,0.6945264723209627,0.637422324963728,0.7345256876946361,0.1398123276804827,0.8707406437252049,0.7976272582724951,1.4582314389649504,B4,0.7976272582724951,3.950086500000907,3.060804799955804,283.3619437000598,0.22392830002354458,291.2859770000505,26000,50768,992,1026,54,4.2,completed,6,,,2026-08-08T19:15:11.791+02:00,2026-08-08T19:15:12.069+02:00,2026-08-08T19:20:09.164+02:00
141,S000141,band_supplement_300_20260808_001,C000140,candidate,f800bdb003fe6ab6ae4ed43ad47b8bb99455d6cd2763949b6b16287bb045ee41,"[0,0,0,0,0,0,0,1,1,1,0,0,0,0,0,0,0,1,1,1,0,0,0,0,0,1,0,1,1,1,0,2,2,2,0,1,1,1,1,1,0,2,2,2,0,1,1,1,1,1,0,2,2,2,0,0,1,1,1,1,2,2,2,2,2,0,1,1,1,1,2,2,2,2,2,0,1,1,1,1,2,2,2,2,2,0,1,1,1,1,2,2,2,2,2,0,1,1,1,1,2,2,2,2,2,0,1,1,1,1,2,2,2,2,2,0,1,1,1,1,2,2,2,2,2,0,1,1,1,1,2,2,2,0,0,2,2,2,1,1,0,0,1,1,1,2,2,2,1,1,1,1,1,1,1,2,1,1,1,1,1,1,1,1,1,1,1,1,1,1,1,1,1,1,1,1,1,1,1,1]","[[0,0,0,0,0,0,0,1,1,1],[0,0,0,0,0,0,0,1,1,1],[0,0,0,0,0,1,0,1,1,1],[0,2,2,2,0,1,1,1,1,1],[0,2,2,2,0,1,1,1,1,1],[0,2,2,2,0,0,1,1,1,1],[2,2,2,2,2,0,1,1,1,1],[2,2,2,2,2,0,1,1,1,1],[2,2,2,2,2,0,1,1,1,1],[2,2,2,2,2,0,1,1,1,1],[2,2,2,2,2,0,1,1,1,1],[2,2,2,2,2,0,1,1,1,1],[2,2,2,2,2,0,1,1,1,1],[2,2,2,0,0,2,2,2,1,1],[0,0,1,1,1,2,2,2,1,1],[1,1,1,1,1,2,1,1,1,1],[1,1,1,1,1,1,1,1,1,1],[1,1,1,1,1,1,1,1,1,1]]",fc7725607204618c5265168f4b29e08cfd5f651519719a94ddd98e7460803547,15da216552b4cfea918047a7df61cbefcef1478be37754a079fdc1a1303a6d55,merged_copper_v5,"[0.0,3.0,6.0,9.0,12.0,15.0]",classified,6,0.6460165036039932,0.5032117851695411,0.7530920244868802,0.3868016342048672,0.8707406437252049,0.7419161012631772,2.3115953544514527,B4,0.7419161012631772,5.511004600004526,3.2243050999823026,100.2093708999455,0.2262932000157889,109.8945169999497,26383,51532,986,1032,60,4.2,completed,6,,,2026-08-08T19:15:11.907+02:00,2026-08-08T19:15:12.084+02:00,2026-08-08T19:17:08.389+02:00
142,S000142,band_supplement_300_20260808_001,C000141,candidate,8cd2128495194026aac631b1ef1010e860c9ca5c7f39a72971231f53bd1cec8c,"[2,1,1,1,1,1,1,1,1,1,2,1,1,1,1,1,1,1,1,1,2,2,2,0,0,1,1,1,1,1,2,0,2,2,1,1,1,1,1,1,0,0,0,0,0,0,0,0,1,1,0,0,0,0,0,0,0,0,1,1,0,0,0,0,0,0,0,1,1,1,0,1,0,0,0,0,1,1,1,1,1,1,1,1,0,1,1,1,1,1,1,1,1,1,1,1,1,1,1,1,1,0,0,1,1,1,1,1,1,1,1,0,0,0,1,1,1,1,1,1,0,0,1,1,1,1,1,0,1,1,0,0,1,1,1,1,1,1,1,1,0,0,1,1,1,1,1,1,0,1,0,0,1,1,1,1,1,1,0,1,0,0,0,0,0,1,1,1,1,1,0,0,0,0,0,0,1,1,1,1]","[[2,1,1,1,1,1,1,1,1,1],[2,1,1,1,1,1,1,1,1,1],[2,2,2,0,0,1,1,1,1,1],[2,0,2,2,1,1,1,1,1,1],[0,0,0,0,0,0,0,0,1,1],[0,0,0,0,0,0,0,0,1,1],[0,0,0,0,0,0,0,1,1,1],[0,1,0,0,0,0,1,1,1,1],[1,1,1,1,0,1,1,1,1,1],[1,1,1,1,1,1,1,1,1,1],[1,0,0,1,1,1,1,1,1,1],[1,0,0,0,1,1,1,1,1,1],[0,0,1,1,1,1,1,0,1,1],[0,0,1,1,1,1,1,1,1,1],[0,0,1,1,1,1,1,1,0,1],[0,0,1,1,1,1,1,1,0,1],[0,0,0,0,0,1,1,1,1,1],[0,0,0,0,0,0,1,1,1,1]]",6e77955b193d0ae7e20823e1af6daca9e695580789663b9914b262b4e50e515c,15da216552b4cfea918047a7df61cbefcef1478be37754a079fdc1a1303a6d55,merged_copper_v5,"[0.0,3.0,6.0,9.0,12.0,15.0]",classified,6,0.7142557158156934,0.6657415906687246,0.7452827545980454,0.1113623064793864,0.8707406437252049,0.8202852605569928,1.1831658740797188,B5,0.8202852605569928,2.3108207999903243,2.8318257999781054,291.278573699994,0.2061725999810733,297.2713593999797,23596,45944,884,924,60,4.2,completed,6,,,2026-08-08T19:15:12.029+02:00,2026-08-08T19:15:12.115+02:00,2026-08-08T19:20:15.843+02:00
143,S000143,band_supplement_300_20260808_001,C000142,candidate,f754bd4c3b27ef40682b994bacc86815817f232443980dbf70e8525cc92f0208,"[0,1,1,1,1,1,1,1,1,1,0,1,1,1,1,1,1,1,1,1,0,0,0,0,0,1,1,1,1,1,0,1,2,2,0,1,1,1,1,1,0,1,2,2,0,1,0,1,1,1,0,1,1,1,0,1,1,1,1,1,1,1,1,1,0,1,1,1,1,1,1,1,1,0,0,1,1,1,1,1,1,1,1,1,1,1,1,1,1,1,1,1,1,0,1,1,1,1,1,1,2,1,1,1,2,1,1,1,1,1,2,2,2,1,2,1,1,1,1,1,2,2,2,2,2,1,1,1,1,1,2,2,2,0,0,1,1,1,1,1,0,0,1,1,1,1,1,1,1,1,1,1,1,1,1,1,1,1,1,1,1,1,1,1,1,1,1,1,1,1,1,1,1,1,1,1,1,1,1,1]","[[0,1,1,1,1,1,1,1,1,1],[0,1,1,1,1,1,1,1,1,1],[0,0,0,0,0,1,1,1,1,1],[0,1,2,2,0,1,1,1,1,1],[0,1,2,2,0,1,0,1,1,1],[0,1,1,1,0,1,1,1,1,1],[1,1,1,1,0,1,1,1,1,1],[1,1,1,0,0,1,1,1,1,1],[1,1,1,1,1,1,1,1,1,1],[1,1,1,0,1,1,1,1,1,1],[2,1,1,1,2,1,1,1,1,1],[2,2,2,1,2,1,1,1,1,1],[2,2,2,2,2,1,1,1,1,1],[2,2,2,0,0,1,1,1,1,1],[0,0,1,1,1,1,1,1,1,1],[1,1,1,1,1,1,1,1,1,1],[1,1,1,1,1,1,1,1,1,1],[1,1,1,1,1,1,1,1,1,1]]",c26364aac5cf532111bd0d7906a115ef8f8776ed4e9132d6a02263c49b596e4b,15da216552b4cfea918047a7df61cbefcef1478be37754a079fdc1a1303a6d55,merged_copper_v5,"[0.0,3.0,6.0,9.0,12.0,15.0]",classified,6,0.8086850395149394,0.7599892862493344,0.8681533561130066,0.13375302445133713,0.8707406437252049,0.9287323904569574,0.13375303974783728,B6,0.9287323904569574,3.1963137999991886,2.953631399956066,265.17996009995113,0.20135140002821572,272.19992110002204,24261,47292,920,972,72,4.2,completed,6,,,2026-08-08T19:20:16.324+02:00,2026-08-08T19:20:16.672+02:00,2026-08-08T19:24:54.934+02:00
144,S000144,band_supplement_300_20260808_001,C000143,candidate,b013b071f98e64a1edaaf7c36d3974c99d4daf9bd5e6b72772c1381187083c6b,"[0,1,1,1,1,1,1,1,1,1,0,1,1,0,1,1,1,1,1,1,0,0,0,0,1,1,1,1,1,1,0,2,2,2,0,1,1,1,1,1,0,2,2,2,1,1,1,1,1,1,0,1,2,1,1,1,1,1,1,1,1,1,1,1,1,1,1,1,1,1,1,1,2,2,1,1,1,1,1,1,1,2,2,2,2,1,1,1,1,1,2,2,2,2,2,1,1,1,1,1,2,2,2,2,1,1,1,1,1,1,2,2,2,1,1,1,1,1,1,1,2,2,2,2,1,1,1,1,1,1,0,2,2,0,0,1,1,1,1,1,0,0,0,1,1,1,1,1,1,1,1,0,1,1,1,1,0,0,1,1,1,0,1,1,1,1,1,0,0,1,1,0,1,1,1,1,1,1,1,1]","[[0,1,1,1,1,1,1,1,1,1],[0,1,1,0,1,1,1,1,1,1],[0,0,0,0,1,1,1,1,1,1],[0,2,2,2,0,1,1,1,1,1],[0,2,2,2,1,1,1,1,1,1],[0,1,2,1,1,1,1,1,1,1],[1,1,1,1,1,1,1,1,1,1],[1,1,2,2,1,1,1,1,1,1],[1,2,2,2,2,1,1,1,1,1],[2,2,2,2,2,1,1,1,1,1],[2,2,2,2,1,1,1,1,1,1],[2,2,2,1,1,1,1,1,1,1],[2,2,2,2,1,1,1,1,1,1],[0,2,2,0,0,1,1,1,1,1],[0,0,0,1,1,1,1,1,1,1],[1,0,1,1,1,1,0,0,1,1],[1,0,1,1,1,1,1,0,0,1],[1,0,1,1,1,1,1,1,1,1]]",385ed2e328d6e1f28dc7d894ae1dc5273b9ff5bdc60f715a22bcb98f1c575f69,15da216552b4cfea918047a7df61cbefcef1478be37754a079fdc1a1303a6d55,merged_copper_v5,"[0.0,3.0,6.0,9.0,12.0,15.0]",classified,6,0.5619711233376397,0.5223143079432655,0.6439634879732486,0.21646873830009006,0.8707406437252049,0.6453943862473369,3.1918297118760934,B3,0.6453943862473369,4.475016599986702,3.4999574000248685,350.245196999982,0.23522470000898466,359.24269009995623,29012,56800,1076,1134,78,4.2,completed,6,,,2026-08-08T19:20:16.440+02:00,2026-08-08T19:20:16.699+02:00,2026-08-08T19:26:22.569+02:00
145,S000145,band_supplement_300_20260808_001,C000144,candidate,bffddf8986b99707e6f95cb49e0b1532f8a560dabf19bf820db21337c13b79ad,"[0,1,1,1,1,1,1,1,1,1,0,1,1,0,1,1,1,1,1,1,0,0,0,0,1,1,1,1,2,1,0,2,2,2,0,1,1,2,2,1,0,2,2,2,1,1,2,2,2,1,0,0,2,2,1,2,2,2,2,1,0,2,2,2,2,2,2,2,1,1,0,2,2,2,2,1,1,2,1,1,0,2,2,2,2,1,1,1,1,1,2,2,2,2,2,1,1,1,1,1,2,2,2,2,1,1,1,1,1,1,2,2,2,1,1,1,1,1,1,1,2,2,2,2,1,1,1,1,1,1,0,2,2,0,0,1,1,1,1,1,0,0,0,1,1,1,1,1,1,1,1,1,1,1,1,1,0,0,1,1,1,1,1,1,1,1,1,0,0,1,1,1,1,1,1,1,1,1,1,1]","[[0,1,1,1,1,1,1,1,1,1],[0,1,1,0,1,1,1,1,1,1],[0,0,0,0,1,1,1,1,2,1],[0,2,2,2,0,1,1,2,2,1],[0,2,2,2,1,1,2,2,2,1],[0,0,2,2,1,2,2,2,2,1],[0,2,2,2,2,2,2,2,1,1],[0,2,2,2,2,1,1,2,1,1],[0,2,2,2,2,1,1,1,1,1],[2,2,2,2,2,1,1,1,1,1],[2,2,2,2,1,1,1,1,1,1],[2,2,2,1,1,1,1,1,1,1],[2,2,2,2,1,1,1,1,1,1],[0,2,2,0,0,1,1,1,1,1],[0,0,0,1,1,1,1,1,1,1],[1,1,1,1,1,1,0,0,1,1],[1,1,1,1,1,1,1,0,0,1],[1,1,1,1,1,1,1,1,1,1]]",5436fb3a70e1800c5af281c085d1bdc57b3ae89e0ceedc826ce47d20a33492b3,15da216552b4cfea918047a7df61cbefcef1478be37754a079fdc1a1303a6d55,merged_copper_v5,"[0.0,3.0,6.0,9.0,12.0,15.0]",classified,6,0.46188676837316645,0.3487832748948751,0.5321901762846228,0.3970819558995682,0.8707406437252049,0.5304527492791898,4.623497366531487,B2,0.5304527492791898,6.388532599987229,4.012468200002331,401.1121824999864,0.27742580004269257,412.6830850999686,33851,66474,1310,1356,60,4.2,completed,6,,,2026-08-08T19:20:16.625+02:00,2026-08-08T19:20:16.725+02:00,2026-08-08T19:27:15.764+02:00
146,S000146,band_supplement_300_20260808_001,C000145,candidate,3b380dc572b846577e11765fe40b68df70195749cd7ee30a03d6c0e2ff7db517,"[0,1,1,1,1,1,1,1,1,1,0,1,1,1,1,1,1,1,1,1,0,0,0,1,1,1,1,1,1,1,0,2,2,2,1,1,1,1,1,1,0,2,2,2,1,1,1,1,1,1,0,2,2,2,0,1,1,1,1,1,2,2,2,2,2,1,1,1,1,1,2,2,2,2,2,1,1,1,1,1,2,2,2,2,2,1,1,1,1,1,2,0,2,2,2,1,1,1,1,1,2,2,2,2,2,1,1,1,1,1,2,2,2,2,2,1,1,1,1,1,2,2,2,2,2,1,1,1,1,1,0,2,2,0,0,1,1,1,1,1,0,0,1,1,1,1,1,1,1,1,1,1,1,1,1,1,1,1,1,1,1,1,1,1,1,1,1,1,1,1,1,1,1,1,1,1,1,1,1,1]","[[0,1,1,1,1,1,1,1,1,1],[0,1,1,1,1,1,1,1,1,1],[0,0,0,1,1,1,1,1,1,1],[0,2,2,2,1,1,1,1,1,1],[0,2,2,2,1,1,1,1,1,1],[0,2,2,2,0,1,1,1,1,1],[2,2,2,2,2,1,1,1,1,1],[2,2,2,2,2,1,1,1,1,1],[2,2,2,2,2,1,1,1,1,1],[2,0,2,2,2,1,1,1,1,1],[2,2,2,2,2,1,1,1,1,1],[2,2,2,2,2,1,1,1,1,1],[2,2,2,2,2,1,1,1,1,1],[0,2,2,0,0,1,1,1,1,1],[0,0,1,1,1,1,1,1,1,1],[1,1,1,1,1,1,1,1,1,1],[1,1,1,1,1,1,1,1,1,1],[1,1,1,1,1,1,1,1,1,1]]",a88d3c0727d1444cbf2f1cae95614b628ef9d5161a047abe8e03f2a03cf5da57,15da216552b4cfea918047a7df61cbefcef1478be37754a079fdc1a1303a6d55,merged_copper_v5,"[0.0,3.0,6.0,9.0,12.0,15.0]",classified,6,0.8861286542699073,0.8260048113965713,0.932168054740854,0.11980567701171098,0.8707406437252049,1.0176723237345042,0.11980569230821111,B7,1.0176723237345042,10.894350799993845,3.0490579000033904,99.14106520003406,0.254802200011909,114.08593159995507,23418,45600,884,930,66,4.2,completed,6,,,2026-08-08T19:27:16.089+02:00,2026-08-08T19:27:16.583+02:00,2026-08-08T19:29:17.553+02:00
147,S000147,band_supplement_300_20260808_001,C000146,candidate,30469770672250f628d159f401ac9ee5321ce349431ce3ff5432b30bf32bc64f,"[0,1,1,1,1,1,1,1,1,1,0,1,1,1,1,1,1,1,1,1,0,0,0,1,1,1,1,1,1,1,0,2,2,2,1,1,1,1,1,1,0,2,2,2,1,1,1,1,1,1,0,2,2,2,0,1,1,1,1,1,2,2,2,2,2,1,1,1,1,1,2,2,2,2,2,1,0,0,1,1,2,2,2,2,2,1,1,0,1,1,2,2,2,2,2,1,1,1,1,1,2,2,2,2,2,1,1,1,1,1,2,2,2,2,2,1,1,1,1,1,2,2,2,2,2,1,1,1,1,1,2,2,2,0,0,1,1,1,1,1,2,0,1,1,1,1,1,1,1,1,1,1,1,1,1,1,1,1,1,1,1,1,1,1,1,1,1,1,1,1,1,1,1,1,1,1,1,1,1,1]","[[0,1,1,1,1,1,1,1,1,1],[0,1,1,1,1,1,1,1,1,1],[0,0,0,1,1,1,1,1,1,1],[0,2,2,2,1,1,1,1,1,1],[0,2,2,2,1,1,1,1,1,1],[0,2,2,2,0,1,1,1,1,1],[2,2,2,2,2,1,1,1,1,1],[2,2,2,2,2,1,0,0,1,1],[2,2,2,2,2,1,1,0,1,1],[2,2,2,2,2,1,1,1,1,1],[2,2,2,2,2,1,1,1,1,1],[2,2,2,2,2,1,1,1,1,1],[2,2,2,2,2,1,1,1,1,1],[2,2,2,0,0,1,1,1,1,1],[2,0,1,1,1,1,1,1,1,1],[1,1,1,1,1,1,1,1,1,1],[1,1,1,1,1,1,1,1,1,1],[1,1,1,1,1,1,1,1,1,1]]",3adf37a2c57cfeff479309dd241bcc46e635c567ccee595f4c94529639dabbb1,15da216552b4cfea918047a7df61cbefcef1478be37754a079fdc1a1303a6d55,merged_copper_v5,"[0.0,3.0,6.0,9.0,12.0,15.0]",classified,6,0.8622467470591747,0.812200882330414,0.8917267708938924,0.09223101024702465,0.8707406437252049,0.9902452047837211,0.09223102554352482,B6,0.9902452047837211,11.2273334999918,2.937100900016958,165.52668849995825,0.20997540003736503,180.56534450003528,23133,45032,842,888,60,4.2,completed,6,,,2026-08-08T19:27:16.182+02:00,2026-08-08T19:27:16.610+02:00,2026-08-08T19:30:24.533+02:00
148,S000148,band_supplement_300_20260808_001,C000147,candidate,2fe86c2732824ee61e57f274737187dcf53d204b32f633818321c5d1637070fb,"[2,1,1,1,1,1,1,1,1,1,2,1,1,1,1,1,1,1,1,1,2,2,2,2,2,1,1,1,1,1,2,2,2,2,2,1,1,1,1,1,2,2,2,2,2,1,1,1,1,1,2,2,2,2,2,2,1,1,1,1,2,2,2,2,2,2,1,1,1,1,2,2,2,2,2,2,1,1,1,1,2,2,2,2,2,2,1,1,1,1,2,2,2,2,2,1,1,1,1,1,2,0,2,2,2,1,1,1,1,1,2,2,1,1,1,1,1,1,1,1,1,1,1,1,1,1,1,1,1,1,1,1,1,1,1,1,0,0,1,1,1,1,1,1,1,0,0,0,0,1,1,1,0,0,0,0,0,1,1,1,1,0,0,0,0,0,0,0,1,1,1,1,1,0,0,1,0,0,1,1]","[[2,1,1,1,1,1,1,1,1,1],[2,1,1,1,1,1,1,1,1,1],[2,2,2,2,2,1,1,1,1,1],[2,2,2,2,2,1,1,1,1,1],[2,2,2,2,2,1,1,1,1,1],[2,2,2,2,2,2,1,1,1,1],[2,2,2,2,2,2,1,1,1,1],[2,2,2,2,2,2,1,1,1,1],[2,2,2,2,2,2,1,1,1,1],[2,2,2,2,2,1,1,1,1,1],[2,0,2,2,2,1,1,1,1,1],[2,2,1,1,1,1,1,1,1,1],[1,1,1,1,1,1,1,1,1,1],[1,1,1,1,1,1,0,0,1,1],[1,1,1,1,1,0,0,0,0,1],[1,1,0,0,0,0,0,1,1,1],[1,0,0,0,0,0,0,0,1,1],[1,1,1,0,0,1,0,0,1,1]]",24ca2619b0dcac34358da23ebee25a8ae94b84610f2e41862b225d6fc4abfdfd,15da216552b4cfea918047a7df61cbefcef1478be37754a079fdc1a1303a6d55,merged_copper_v5,"[0.0,3.0,6.0,9.0,12.0,15.0]",classified,6,0.8608110724337719,0.8191923057035763,0.9275575031773231,0.12588731830245378,0.8707406437252049,0.9885964077099326,0.12588733359895393,B6,0.9885964077099326,11.855321700015338,3.144239200017182,196.67458789999364,0.25071619998198,212.64496190001955,25310,49386,956,996,48,4.2,completed,6,,,2026-08-08T19:27:16.314+02:00,2026-08-08T19:27:16.632+02:00,2026-08-08T19:30:56.117+02:00
149,S000149,band_supplement_300_20260808_001,C000148,candidate,fdd68941bbc175f52626531fac59c4f124dbd2df508beb8576005daec4c9e3b6,"[0,1,1,1,1,1,1,1,1,1,0,1,1,1,1,1,1,1,1,1,0,0,0,1,1,1,1,1,1,1,0,2,2,2,1,1,1,1,1,1,0,2,2,2,1,1,1,1,1,1,0,2,2,2,0,1,1,1,1,1,2,2,2,2,2,1,1,1,1,1,2,2,2,2,2,1,1,1,1,1,2,2,2,2,2,1,1,1,1,1,2,2,2,2,2,1,1,1,1,1,2,2,2,2,2,1,1,1,1,1,2,2,2,2,2,1,1,1,1,1,2,2,2,2,2,1,1,1,1,1,0,2,2,0,0,1,1,1,1,1,0,0,1,1,1,1,1,1,1,1,0,1,1,1,1,1,1,1,1,1,1,1,1,1,1,1,1,1,1,1,1,1,1,1,1,1,1,1,1,1]","[[0,1,1,1,1,1,1,1,1,1],[0,1,1,1,1,1,1,1,1,1],[0,0,0,1,1,1,1,1,1,1],[0,2,2,2,1,1,1,1,1,1],[0,2,2,2,1,1,1,1,1,1],[0,2,2,2,0,1,1,1,1,1],[2,2,2,2,2,1,1,1,1,1],[2,2,2,2,2,1,1,1,1,1],[2,2,2,2,2,1,1,1,1,1],[2,2,2,2,2,1,1,1,1,1],[2,2,2,2,2,1,1,1,1,1],[2,2,2,2,2,1,1,1,1,1],[2,2,2,2,2,1,1,1,1,1],[0,2,2,0,0,1,1,1,1,1],[0,0,1,1,1,1,1,1,1,1],[0,1,1,1,1,1,1,1,1,1],[1,1,1,1,1,1,1,1,1,1],[1,1,1,1,1,1,1,1,1,1]]",6a8e94766238e0d1427cf80634ebd87bfc57814dd510fcfed3b72ac619cd279e,15da216552b4cfea918047a7df61cbefcef1478be37754a079fdc1a1303a6d55,merged_copper_v5,"[0.0,3.0,6.0,9.0,12.0,15.0]",classified,6,0.884330153684259,0.8253479651951847,0.9264555714343234,0.11433241964882512,0.8707406437252049,1.0156068400584994,0.11433243494532527,B7,1.0156068400584994,11.310306100000162,2.941146499942988,87.07319930000813,0.21164079997106455,102.20526909999899,21840,42436,794,840,54,4.2,completed,6,,,2026-08-08T19:27:16.429+02:00,2026-08-08T19:27:16.648+02:00,2026-08-08T19:29:06.988+02:00
150,S000150,band_supplement_300_20260808_001,C000149,candidate,e42d94230808c93624358a27101e705bfdadb23d5ceb2309049cd2828d909fb6,"[0,1,1,1,1,1,1,1,1,1,0,1,1,1,1,1,1,1,1,1,0,0,0,1,1,1,1,1,1,1,0,2,2,2,1,1,1,1,1,1,0,2,2,2,1,1,1,1,1,1,0,2,2,2,0,1,1,1,1,1,2,2,2,2,2,1,1,1,1,1,2,2,2,2,2,1,1,1,1,1,2,2,2,2,2,1,1,1,1,1,2,2,2,2,2,1,1,1,1,1,2,2,2,2,2,1,1,1,1,1,2,2,2,2,2,1,1,1,1,1,2,2,2,2,2,1,1,1,1,1,0,2,2,0,0,1,1,1,1,1,0,0,1,1,1,1,1,1,1,1,1,1,1,1,1,1,1,1,1,0,1,1,1,1,1,1,1,1,1,1,1,1,1,1,1,1,1,1,1,1]","[[0,1,1,1,1,1,1,1,1,1],[0,1,1,1,1,1,1,1,1,1],[0,0,0,1,1,1,1,1,1,1],[0,2,2,2,1,1,1,1,1,1],[0,2,2,2,1,1,1,1,1,1],[0,2,2,2,0,1,1,1,1,1],[2,2,2,2,2,1,1,1,1,1],[2,2,2,2,2,1,1,1,1,1],[2,2,2,2,2,1,1,1,1,1],[2,2,2,2,2,1,1,1,1,1],[2,2,2,2,2,1,1,1,1,1],[2,2,2,2,2,1,1,1,1,1],[2,2,2,2,2,1,1,1,1,1],[0,2,2,0,0,1,1,1,1,1],[0,0,1,1,1,1,1,1,1,1],[1,1,1,1,1,1,1,1,1,0],[1,1,1,1,1,1,1,1,1,1],[1,1,1,1,1,1,1,1,1,1]]",8c251093b0da82428954dc9fa54c648af3814af341c11e215952670c2a11e405,15da216552b4cfea918047a7df61cbefcef1478be37754a079fdc1a1303a6d55,merged_copper_v5,"[0.0,3.0,6.0,9.0,12.0,15.0]",classified,6,0.8864441300577929,0.826490119803365,0.9312945074905636,0.1182301107689278,0.8707406437252049,1.0180346311450506,0.11823012606542792,B7,1.0180346311450506,10.580761699995492,2.855305100005353,116.19691220007371,0.20477489999029785,130.49480490002315,21863,42486,800,852,60,4.2,completed,6,,,2026-08-08T19:27:16.529+02:00,2026-08-08T19:27:16.679+02:00,2026-08-08T19:29:36.332+02:00
151,S000151,band_supplement_300_20260808_001,C000150,candidate,8ad8e7459ea759b79a836a471e611449b45d0a41605c1587c079434fe1cf0932,"[0,1,1,1,1,1,1,1,1,1,0,1,1,1,1,1,1,1,1,1,1,1,1,1,2,1,1,1,1,1,1,1,1,1,2,1,1,1,1,1,1,1,1,1,2,1,1,1,1,1,1,1,2,2,2,2,1,1,1,1,2,2,2,2,2,2,1,1,1,1,2,2,2,2,2,2,1,1,1,1,2,2,2,2,2,2,1,1,1,1,2,2,2,2,2,1,1,1,1,1,2,0,2,2,2,1,1,1,1,1,2,2,1,1,1,1,1,1,1,1,1,1,1,1,1,1,1,1,1,1,1,1,1,1,1,1,0,1,1,1,1,1,1,1,1,1,1,1,1,1,1,1,0,0,0,1,1,1,1,1,1,0,0,0,1,1,1,1,1,1,1,1,1,0,0,1,1,1,1,1]","[[0,1,1,1,1,1,1,1,1,1],[0,1,1,1,1,1,1,1,1,1],[1,1,1,1,2,1,1,1,1,1],[1,1,1,1,2,1,1,1,1,1],[1,1,1,1,2,1,1,1,1,1],[1,1,2,2,2,2,1,1,1,1],[2,2,2,2,2,2,1,1,1,1],[2,2,2,2,2,2,1,1,1,1],[2,2,2,2,2,2,1,1,1,1],[2,2,2,2,2,1,1,1,1,1],[2,0,2,2,2,1,1,1,1,1],[2,2,1,1,1,1,1,1,1,1],[1,1,1,1,1,1,1,1,1,1],[1,1,1,1,1,1,0,1,1,1],[1,1,1,1,1,1,1,1,1,1],[1,1,0,0,0,1,1,1,1,1],[1,0,0,0,1,1,1,1,1,1],[1,1,1,0,0,1,1,1,1,1]]",29a48b9b6ac6f9c5f2b42821451fef76bf5ed58bb5414dc3d6f07cadec9bc6fe,15da216552b4cfea918047a7df61cbefcef1478be37754a079fdc1a1303a6d55,merged_copper_v5,"[0.0,3.0,6.0,9.0,12.0,15.0]",classified,6,0.6581675443602542,0.5944473041631848,0.6969812141173637,0.15578694335929757,0.8707406437252049,0.7558709348221992,1.9286926541526215,B4,0.7558709348221992,3.449756799993338,2.8723022000631317,247.86341410002206,0.20785339997382835,255.07900299999164,24684,48128,932,972,54,4.2,completed,6,,,2026-08-08T19:30:56.389+02:00,2026-08-08T19:30:56.446+02:00,2026-08-08T19:35:17.477+02:00
152,S000152,band_supplement_300_20260808_001,C000151,candidate,307e8d4db822f12cc410e6c8dca1681cfdd048c01d76446c8d5fbff554127ac5,"[0,0,0,0,0,1,0,0,0,0,0,0,0,2,1,1,1,0,1,0,0,2,2,2,2,2,1,1,1,1,0,2,2,2,0,2,2,1,0,1,0,2,2,2,0,1,1,1,1,1,0,2,2,2,2,2,2,1,1,0,0,2,2,2,2,2,2,1,1,0,0,1,2,0,0,1,1,1,1,0,1,1,0,0,0,0,1,1,1,0,1,1,1,1,0,0,1,1,1,1,1,1,1,1,1,1,0,0,1,1,1,1,1,1,1,1,1,1,1,1,1,1,0,1,1,1,1,1,1,1,1,1,1,1,1,1,1,1,1,1,1,1,0,0,1,1,0,1,1,1,1,1,0,0,0,0,0,0,1,1,1,1,1,1,0,0,0,0,0,0,1,1,1,1,1,0,0,0,0,0]","[[0,0,0,0,0,1,0,0,0,0],[0,0,0,2,1,1,1,0,1,0],[0,2,2,2,2,2,1,1,1,1],[0,2,2,2,0,2,2,1,0,1],[0,2,2,2,0,1,1,1,1,1],[0,2,2,2,2,2,2,1,1,0],[0,2,2,2,2,2,2,1,1,0],[0,1,2,0,0,1,1,1,1,0],[1,1,0,0,0,0,1,1,1,0],[1,1,1,1,0,0,1,1,1,1],[1,1,1,1,1,1,0,0,1,1],[1,1,1,1,1,1,1,1,1,1],[1,1,0,1,1,1,1,1,1,1],[1,1,1,1,1,1,1,1,1,1],[1,1,0,0,1,1,0,1,1,1],[1,1,0,0,0,0,0,0,1,1],[1,1,1,1,0,0,0,0,0,0],[1,1,1,1,1,0,0,0,0,0]]",a5affdc4090ed5423f8bae273b1363aa5827746728dc9179585c20d47ec6aade,15da216552b4cfea918047a7df61cbefcef1478be37754a079fdc1a1303a6d55,merged_copper_v5,"[0.0,3.0,6.0,9.0,12.0,15.0]",classified,6,0.5078192123070127,0.1780819431528993,0.8689450108213623,1.3604508276279776,0.8707406437252049,0.5832037541448154,5.012710689086818,B2,0.5832037541448154,5.540740800002823,3.717991000012262,370.3970222999924,0.25518989996635355,380.7382233000535,30808,60390,1178,1242,84,4.2,completed,6,,,2026-08-08T19:35:17.847+02:00,2026-08-08T19:35:18.495+02:00,2026-08-08T19:41:45.244+02:00
153,S000153,band_supplement_300_20260808_001,C000152,candidate,cbd4ad8ef7fc66442a3371f341f9374bd5249e1bb760a231c6178bf2911c4df3,"[2,2,2,2,2,2,2,1,1,0,2,0,2,2,2,2,1,1,1,0,2,0,2,2,2,1,1,1,1,0,0,0,2,2,2,1,1,1,1,1,0,0,0,0,2,1,1,1,1,1,0,0,0,0,2,0,1,1,0,1,0,0,0,0,0,0,0,1,0,1,0,0,0,0,0,0,1,1,1,1,0,0,0,0,0,0,1,1,1,1,0,0,0,0,0,0,1,1,1,1,0,0,0,0,0,0,1,1,1,1,0,0,0,0,0,0,1,1,1,1,0,0,0,0,0,0,1,0,1,1,0,0,0,0,0,0,0,0,1,1,0,0,0,0,0,0,0,0,0,1,0,0,0,0,0,0,0,0,0,1,0,0,0,0,0,0,0,0,1,1,0,0,0,0,0,0,0,0,1,1]","[[2,2,2,2,2,2,2,1,1,0],[2,0,2,2,2,2,1,1,1,0],[2,0,2,2,2,1,1,1,1,0],[0,0,2,2,2,1,1,1,1,1],[0,0,0,0,2,1,1,1,1,1],[0,0,0,0,2,0,1,1,0,1],[0,0,0,0,0,0,0,1,0,1],[0,0,0,0,0,0,1,1,1,1],[0,0,0,0,0,0,1,1,1,1],[0,0,0,0,0,0,1,1,1,1],[0,0,0,0,0,0,1,1,1,1],[0,0,0,0,0,0,1,1,1,1],[0,0,0,0,0,0,1,0,1,1],[0,0,0,0,0,0,0,0,1,1],[0,0,0,0,0,0,0,0,0,1],[0,0,0,0,0,0,0,0,0,1],[0,0,0,0,0,0,0,0,1,1],[0,0,0,0,0,0,0,0,1,1]]",a9d2f36a833fab33e95dabd508a11a2a659acf824c5d59d14d6e93fc2bdfe1c1,15da216552b4cfea918047a7df61cbefcef1478be37754a079fdc1a1303a6d55,merged_copper_v5,"[0.0,3.0,6.0,9.0,12.0,15.0]",classified,6,0.5106743700340232,0.3913445935630359,0.6005434653300527,0.4096521855073304,0.8707406437252049,0.5864827531757961,4.026222575378542,B2,0.5864827531757961,4.956745400006184,3.087428800034104,145.58810170000652,0.24907519997213967,154.583894600044,24771,48310,884,918,48,4.2,completed,6,,,2026-08-08T19:35:17.956+02:00,2026-08-08T19:35:18.511+02:00,2026-08-08T19:38:00.385+02:00
154,S000154,band_supplement_300_20260808_001,C000153,candidate,c7b847ceac09c86c3b0be10552e83d5d6520763ee5407c72c5ea5a22160379be,"[0,1,1,1,1,1,1,1,1,1,0,1,1,1,1,1,1,1,1,1,0,0,0,0,0,1,1,1,1,1,0,0,0,0,0,1,1,2,1,1,0,0,0,0,0,1,2,2,1,1,0,2,2,0,0,0,1,2,1,1,0,2,2,0,0,0,1,1,1,1,0,2,2,0,0,0,1,1,1,1,2,2,2,0,0,0,1,1,1,1,2,2,2,2,2,0,1,1,1,1,2,2,2,2,2,0,1,1,1,1,2,2,2,2,2,0,1,1,1,1,2,2,2,2,2,0,1,0,1,1,2,2,2,0,0,0,0,0,1,1,0,0,0,0,0,0,0,0,0,1,0,0,0,0,0,0,0,0,0,1,0,0,0,0,0,0,0,0,1,1,0,0,0,0,0,0,0,0,1,1]","[[0,1,1,1,1,1,1,1,1,1],[0,1,1,1,1,1,1,1,1,1],[0,0,0,0,0,1,1,1,1,1],[0,0,0,0,0,1,1,2,1,1],[0,0,0,0,0,1,2,2,1,1],[0,2,2,0,0,0,1,2,1,1],[0,2,2,0,0,0,1,1,1,1],[0,2,2,0,0,0,1,1,1,1],[2,2,2,0,0,0,1,1,1,1],[2,2,2,2,2,0,1,1,1,1],[2,2,2,2,2,0,1,1,1,1],[2,2,2,2,2,0,1,1,1,1],[2,2,2,2,2,0,1,0,1,1],[2,2,2,0,0,0,0,0,1,1],[0,0,0,0,0,0,0,0,0,1],[0,0,0,0,0,0,0,0,0,1],[0,0,0,0,0,0,0,0,1,1],[0,0,0,0,0,0,0,0,1,1]]",9f52da27e0577d4c7781828866e4e1e0f2f578379288d228e7039a025da899f9,15da216552b4cfea918047a7df61cbefcef1478be37754a079fdc1a1303a6d55,merged_copper_v5,"[0.0,3.0,6.0,9.0,12.0,15.0]",classified,6,0.516957814006798,0.4422274196743137,0.5715373152788038,0.25013626276822204,0.8707406437252049,0.5936989593079608,3.7881636029797483,B2,0.5936989593079608,6.102652500005206,3.392568900017068,154.67176279998966,0.23806189995957538,165.18682440000703,26886,52534,986,1020,48,4.2,completed,6,,,2026-08-08T19:35:18.241+02:00,2026-08-08T19:35:18.559+02:00,2026-08-08T19:38:10.379+02:00
155,S000155,band_supplement_300_20260808_001,C000154,candidate,d5fe209128c5e40f1ad024a6135aecc16f4985d1259f43584cac237833887c2b,"[0,0,0,0,0,1,0,0,0,0,0,0,0,2,1,1,1,0,1,0,0,2,2,2,2,2,1,1,1,1,0,2,2,2,0,2,2,1,0,1,0,2,2,2,0,1,1,1,1,1,0,2,2,2,2,2,2,1,1,0,0,2,2,2,2,2,2,1,1,0,0,1,2,0,0,1,1,1,1,0,1,1,0,0,0,0,1,1,1,0,1,1,1,1,0,0,1,1,1,1,1,1,1,1,1,1,1,1,1,1,1,1,1,1,1,1,1,1,1,1,1,1,0,1,1,1,1,1,1,1,1,1,1,1,1,1,1,1,2,1,1,1,0,0,1,1,0,2,2,2,1,1,0,0,0,0,0,0,0,0,1,1,1,1,0,0,0,0,0,0,1,1,1,1,1,0,0,0,0,0]","[[0,0,0,0,0,1,0,0,0,0],[0,0,0,2,1,1,1,0,1,0],[0,2,2,2,2,2,1,1,1,1],[0,2,2,2,0,2,2,1,0,1],[0,2,2,2,0,1,1,1,1,1],[0,2,2,2,2,2,2,1,1,0],[0,2,2,2,2,2,2,1,1,0],[0,1,2,0,0,1,1,1,1,0],[1,1,0,0,0,0,1,1,1,0],[1,1,1,1,0,0,1,1,1,1],[1,1,1,1,1,1,1,1,1,1],[1,1,1,1,1,1,1,1,1,1],[1,1,0,1,1,1,1,1,1,1],[1,1,1,1,1,1,1,1,2,1],[1,1,0,0,1,1,0,2,2,2],[1,1,0,0,0,0,0,0,0,0],[1,1,1,1,0,0,0,0,0,0],[1,1,1,1,1,0,0,0,0,0]]",97e9425a1c3babdd52cdca427e3125a2c66d52462ed35efc3ae33c81009aacd6,15da216552b4cfea918047a7df61cbefcef1478be37754a079fdc1a1303a6d55,merged_copper_v5,"[0.0,3.0,6.0,9.0,12.0,15.0]",classified,6,0.4435238971692128,0.09524076601789065,0.8206892590748193,1.635646912572461,0.8707406437252049,0.509363953968805,6.091598213253802,B2,0.509363953968805,6.155859100021189,3.9127347000176087,368.7725995000219,0.27709889999823645,380.0254435999959,32342,63460,1250,1314,90,4.2,completed,6,,,2026-08-08T19:35:18.457+02:00,2026-08-08T19:35:18.579+02:00,2026-08-08T19:41:45.851+02:00
156,S000156,band_supplement_300_20260808_001,C000155,candidate,82a895761dc0176342459308329a70f244a7b9909373fc3293d00df707d78eef,"[0,1,1,1,1,1,1,1,1,1,0,1,1,1,1,1,1,1,1,1,0,0,0,0,0,1,1,1,1,1,0,2,0,0,0,1,1,1,1,1,0,2,0,2,0,1,1,1,1,1,0,2,2,2,0,1,1,1,1,1,2,2,2,2,2,1,1,1,1,1,2,2,2,2,2,1,1,1,1,1,2,2,2,2,2,1,1,1,1,1,2,2,2,2,2,1,1,1,1,1,1,1,1,1,1,1,1,1,1,1,1,1,1,1,1,1,2,2,1,1,1,1,1,1,1,1,2,2,2,1,1,1,1,1,1,1,2,2,1,1,1,1,1,1,1,1,2,1,1,1,1,1,1,1,1,0,1,1,1,1,1,1,0,0,1,1,1,1,1,1,1,1,1,0,1,1,1,1,1,1]","[[0,1,1,1,1,1,1,1,1,1],[0,1,1,1,1,1,1,1,1,1],[0,0,0,0,0,1,1,1,1,1],[0,2,0,0,0,1,1,1,1,1],[0,2,0,2,0,1,1,1,1,1],[0,2,2,2,0,1,1,1,1,1],[2,2,2,2,2,1,1,1,1,1],[2,2,2,2,2,1,1,1,1,1],[2,2,2,2,2,1,1,1,1,1],[2,2,2,2,2,1,1,1,1,1],[1,1,1,1,1,1,1,1,1,1],[1,1,1,1,1,1,2,2,1,1],[1,1,1,1,1,1,2,2,2,1],[1,1,1,1,1,1,2,2,1,1],[1,1,1,1,1,1,2,1,1,1],[1,1,1,1,1,0,1,1,1,1],[1,1,0,0,1,1,1,1,1,1],[1,1,1,0,1,1,1,1,1,1]]",9e6fa29073dc8a75970ff19f4fe4be196ebaedb0ca9aa532d95cfdca375a4ad0,15da216552b4cfea918047a7df61cbefcef1478be37754a079fdc1a1303a6d55,merged_copper_v5,"[0.0,3.0,6.0,9.0,12.0,15.0]",classified,6,0.6755325551789153,0.6235047433980789,0.6988757085533125,0.11157266156517283,0.8707406437252049,0.7758137397708348,1.667415737125231,B4,0.7758137397708348,4.51247690001037,3.150851499987766,308.3089425000071,0.2301634999748785,316.913265900017,26447,51672,992,1032,60,4.2,completed,6,,,2026-08-08T19:41:46.206+02:00,2026-08-08T19:41:46.467+02:00,2026-08-08T19:47:09.270+02:00
157,S000157,band_supplement_300_20260808_001,C000156,candidate,ee668fd00cbd73be707c19c5df5705847a431173a0c1b19b598a7de6b27960aa,"[0,1,1,1,1,1,1,1,1,1,0,1,1,1,1,1,1,1,1,1,0,0,0,0,0,1,1,1,1,1,0,0,0,0,0,1,1,1,1,1,0,0,0,0,0,1,1,1,1,1,0,2,2,0,0,0,1,1,1,1,2,2,2,2,2,0,1,1,1,1,2,2,2,2,2,0,1,1,1,1,2,2,2,2,2,0,1,1,1,1,2,2,2,2,2,0,0,0,1,1,2,2,2,2,2,0,0,0,1,1,0,2,2,2,2,0,0,1,1,1,2,2,2,2,2,0,0,0,1,1,2,2,2,0,0,0,0,0,1,1,0,0,0,0,0,0,0,0,0,1,0,0,0,0,0,0,0,0,0,1,0,0,0,0,0,0,0,0,1,1,0,0,0,0,0,0,0,0,1,1]","[[0,1,1,1,1,1,1,1,1,1],[0,1,1,1,1,1,1,1,1,1],[0,0,0,0,0,1,1,1,1,1],[0,0,0,0,0,1,1,1,1,1],[0,0,0,0,0,1,1,1,1,1],[0,2,2,0,0,0,1,1,1,1],[2,2,2,2,2,0,1,1,1,1],[2,2,2,2,2,0,1,1,1,1],[2,2,2,2,2,0,1,1,1,1],[2,2,2,2,2,0,0,0,1,1],[2,2,2,2,2,0,0,0,1,1],[0,2,2,2,2,0,0,1,1,1],[2,2,2,2,2,0,0,0,1,1],[2,2,2,0,0,0,0,0,1,1],[0,0,0,0,0,0,0,0,0,1],[0,0,0,0,0,0,0,0,0,1],[0,0,0,0,0,0,0,0,1,1],[0,0,0,0,0,0,0,0,1,1]]",d5cd36c814b0c7794d8073b03624859e275b2bef1983b3b193858fec2ccfd9ac,15da216552b4cfea918047a7df61cbefcef1478be37754a079fdc1a1303a6d55,merged_copper_v5,"[0.0,3.0,6.0,9.0,12.0,15.0]",classified,6,0.5274347903625175,0.4470640675503094,0.5974375309698596,0.285103421630938,0.8707406437252049,0.6057312176287587,3.69216855739597,B3,0.6057312176287587,4.5441018999845255,2.8806649000034668,98.80651680007577,0.20430819992907345,107.07242889996269,23528,45812,884,918,42,4.2,completed,6,,,2026-08-08T19:41:46.316+02:00,2026-08-08T19:41:46.495+02:00,2026-08-08T19:43:39.899+02:00
158,S000158,band_supplement_300_20260808_001,C000157,candidate,8144e184953008b13f29e0a7b13f6a14856ef4d9e5c22b26298083acef6381fc,"[0,1,1,1,1,1,1,1,1,1,0,1,1,1,1,1,1,1,1,1,0,0,0,0,0,1,1,1,1,1,0,2,0,0,0,1,1,1,1,1,0,2,0,2,0,1,1,1,1,1,0,2,2,2,0,1,1,1,1,1,2,2,2,2,2,1,1,1,1,1,2,2,2,2,2,1,1,1,1,1,2,2,2,2,2,1,1,1,1,1,2,2,2,2,2,1,1,1,1,1,2,2,2,2,0,1,1,1,1,1,2,2,2,2,0,1,2,2,1,1,2,2,2,0,0,2,2,2,2,1,2,2,2,0,0,2,2,2,1,1,0,0,1,2,0,2,2,1,1,1,1,1,1,2,2,2,1,1,1,1,1,1,2,2,1,1,1,1,1,1,1,1,1,2,1,1,1,1,1,1]","[[0,1,1,1,1,1,1,1,1,1],[0,1,1,1,1,1,1,1,1,1],[0,0,0,0,0,1,1,1,1,1],[0,2,0,0,0,1,1,1,1,1],[0,2,0,2,0,1,1,1,1,1],[0,2,2,2,0,1,1,1,1,1],[2,2,2,2,2,1,1,1,1,1],[2,2,2,2,2,1,1,1,1,1],[2,2,2,2,2,1,1,1,1,1],[2,2,2,2,2,1,1,1,1,1],[2,2,2,2,0,1,1,1,1,1],[2,2,2,2,0,1,2,2,1,1],[2,2,2,0,0,2,2,2,2,1],[2,2,2,0,0,2,2,2,1,1],[0,0,1,2,0,2,2,1,1,1],[1,1,1,2,2,2,1,1,1,1],[1,1,2,2,1,1,1,1,1,1],[1,1,1,2,1,1,1,1,1,1]]",24e4e71aaad037b971c77149840a670c6fa9f889d0c29de22849c81e0f4775d7,15da216552b4cfea918047a7df61cbefcef1478be37754a079fdc1a1303a6d55,merged_copper_v5,"[0.0,3.0,6.0,9.0,12.0,15.0]",classified,6,0.5414008457822495,0.4924157871271514,0.5868072601506601,0.17434674097548936,0.8707406437252049,0.6217705004167796,3.4068361839938714,B3,0.6217705004167796,6.786639900004957,4.08216000001994,215.74023599995417,0.27848760000779293,227.8045275999757,34893,68554,1310,1362,66,4.2,completed,6,,,2026-08-08T19:41:46.413+02:00,2026-08-08T19:41:46.511+02:00,2026-08-08T19:45:40.870+02:00
159,S000159,band_supplement_300_20260808_001,C000158,candidate,323f4db715497fffb938be10a952472a0b08672b70a2b982e5833dba7ca8133f,"[2,2,2,2,2,2,2,1,1,1,2,2,2,2,2,2,2,2,1,1,2,2,2,0,0,1,1,1,1,1,2,0,2,2,0,2,1,1,1,1,2,0,2,2,2,2,2,2,1,1,2,2,1,1,0,0,1,2,2,1,1,1,1,1,1,1,1,1,1,1,0,1,1,1,1,0,1,1,1,1,1,1,1,1,0,1,1,1,1,1,1,1,1,1,0,0,1,1,1,1,1,1,1,1,1,0,1,1,1,1,1,1,1,1,1,0,1,1,1,1,0,1,1,1,1,1,0,0,1,1,0,0,1,1,1,1,0,0,1,1,0,0,1,0,1,0,0,0,0,1,0,0,1,1,1,0,0,0,0,1,0,0,0,0,0,0,0,0,1,1,0,0,0,0,0,0,0,0,1,1]","[[2,2,2,2,2,2,2,1,1,1],[2,2,2,2,2,2,2,2,1,1],[2,2,2,0,0,1,1,1,1,1],[2,0,2,2,0,2,1,1,1,1],[2,0,2,2,2,2,2,2,1,1],[2,2,1,1,0,0,1,2,2,1],[1,1,1,1,1,1,1,1,1,1],[0,1,1,1,1,0,1,1,1,1],[1,1,1,1,0,1,1,1,1,1],[1,1,1,1,0,0,1,1,1,1],[1,1,1,1,1,0,1,1,1,1],[1,1,1,1,1,0,1,1,1,1],[0,1,1,1,1,1,0,0,1,1],[0,0,1,1,1,1,0,0,1,1],[0,0,1,0,1,0,0,0,0,1],[0,0,1,1,1,0,0,0,0,1],[0,0,0,0,0,0,0,0,1,1],[0,0,0,0,0,0,0,0,1,1]]",40a82871fad07c48fc543c844107876eb4f9bd8742eed96db752e3e5a958ba72,15da216552b4cfea918047a7df61cbefcef1478be37754a079fdc1a1303a6d55,merged_copper_v5,"[0.0,3.0,6.0,9.0,12.0,15.0]",classified,6,0.5192109938994065,0.3667379305912495,0.6451227387827175,0.5361689399154039,0.8707406437252049,0.5962866183415038,4.046031531469323,B2,0.5962866183415038,7.771911899995757,3.8196425999631174,404.41361560000223,0.2558032000088133,417.1261131000356,31517,61808,1268,1332,78,4.2,completed,6,,,2026-08-08T19:47:09.597+02:00,2026-08-08T19:47:10.069+02:00,2026-08-08T19:54:13.903+02:00
160,S000160,band_supplement_300_20260808_001,C000159,candidate,173fc624a490a7a4f2e6e2479ed7548cc4e476914005f2e689cdc2b0688c322f,"[0,1,1,1,1,1,1,1,1,1,0,1,1,0,1,1,1,1,1,1,0,0,0,0,1,1,1,1,1,1,0,2,2,2,1,1,1,2,1,1,0,2,2,2,2,2,2,2,1,1,0,0,2,2,2,2,2,2,1,1,0,0,0,2,2,2,2,2,1,1,0,0,2,2,2,2,1,1,1,1,0,2,2,2,2,1,1,1,1,1,2,2,2,2,2,1,1,1,1,1,2,2,2,2,2,1,1,1,1,1,2,2,2,2,2,1,1,1,1,1,2,2,2,2,2,1,1,1,1,1,0,2,2,0,0,1,1,1,1,1,0,0,0,1,2,1,1,1,1,1,1,1,1,1,2,2,2,2,1,1,1,1,1,1,2,2,2,1,1,1,1,1,1,1,1,1,2,2,1,1]","[[0,1,1,1,1,1,1,1,1,1],[0,1,1,0,1,1,1,1,1,1],[0,0,0,0,1,1,1,1,1,1],[0,2,2,2,1,1,1,2,1,1],[0,2,2,2,2,2,2,2,1,1],[0,0,2,2,2,2,2,2,1,1],[0,0,0,2,2,2,2,2,1,1],[0,0,2,2,2,2,1,1,1,1],[0,2,2,2,2,1,1,1,1,1],[2,2,2,2,2,1,1,1,1,1],[2,2,2,2,2,1,1,1,1,1],[2,2,2,2,2,1,1,1,1,1],[2,2,2,2,2,1,1,1,1,1],[0,2,2,0,0,1,1,1,1,1],[0,0,0,1,2,1,1,1,1,1],[1,1,1,1,2,2,2,2,1,1],[1,1,1,1,2,2,2,1,1,1],[1,1,1,1,1,1,2,2,1,1]]",8f138b95317bdfed953772f1cacd8e2b4c1a2091c6a088d531da7efc0661ffd9,15da216552b4cfea918047a7df61cbefcef1478be37754a079fdc1a1303a6d55,merged_copper_v5,"[0.0,3.0,6.0,9.0,12.0,15.0]",classified,6,0.6245480457155411,0.4791595864153346,0.7008118454227398,0.35490025231519123,0.8707406437252049,0.7172607023873355,2.5480496961674275,B4,0.7172607023873355,12.752680000005057,4.142294000019319,293.82215529997484,0.2725588000030257,311.918736600026,32046,62858,1286,1338,66,4.2,completed,6,,,2026-08-08T19:47:09.700+02:00,2026-08-08T19:47:10.101+02:00,2026-08-08T19:52:30.078+02:00
161,S000161,band_supplement_300_20260808_001,C000160,candidate,254aa1dbb565ca67942c09231d24a0a41b5faef023c6c41386be88b9760ea47f,"[0,1,1,1,1,1,1,1,1,1,0,1,1,0,0,0,0,0,1,1,0,0,0,0,0,0,0,0,1,1,0,2,2,2,0,0,0,0,1,1,0,2,2,2,2,2,2,2,1,1,0,0,2,2,2,2,2,2,1,1,0,0,0,2,2,2,2,2,1,1,0,0,2,2,2,2,1,1,1,1,0,2,2,2,2,1,1,1,1,1,2,2,2,2,2,1,1,1,1,1,2,2,2,2,2,1,1,1,1,1,2,2,2,2,2,1,1,1,1,1,2,2,2,2,2,1,1,1,1,1,0,2,2,0,0,1,1,1,1,1,0,0,0,1,2,1,1,1,1,1,1,1,1,1,2,2,2,2,1,1,1,1,1,1,2,2,2,1,1,1,1,1,1,1,1,1,2,2,1,1]","[[0,1,1,1,1,1,1,1,1,1],[0,1,1,0,0,0,0,0,1,1],[0,0,0,0,0,0,0,0,1,1],[0,2,2,2,0,0,0,0,1,1],[0,2,2,2,2,2,2,2,1,1],[0,0,2,2,2,2,2,2,1,1],[0,0,0,2,2,2,2,2,1,1],[0,0,2,2,2,2,1,1,1,1],[0,2,2,2,2,1,1,1,1,1],[2,2,2,2,2,1,1,1,1,1],[2,2,2,2,2,1,1,1,1,1],[2,2,2,2,2,1,1,1,1,1],[2,2,2,2,2,1,1,1,1,1],[0,2,2,0,0,1,1,1,1,1],[0,0,0,1,2,1,1,1,1,1],[1,1,1,1,2,2,2,2,1,1],[1,1,1,1,2,2,2,1,1,1],[1,1,1,1,1,1,2,2,1,1]]",b887182ee682489a12e2d294334bd35fc175b9a17d1d7ba7308e3d870e30a422,15da216552b4cfea918047a7df61cbefcef1478be37754a079fdc1a1303a6d55,merged_copper_v5,"[0.0,3.0,6.0,9.0,12.0,15.0]",classified,6,0.5624680973036021,0.3991896594114636,0.7381854475244672,0.6026933611668016,0.8707406437252049,0.6459651348043772,3.5718421601682753,B3,0.6459651348043772,12.569495900010224,4.04938300003414,292.0838164000015,0.2659801000263542,309.8497206000029,31177,61130,1280,1332,66,4.2,completed,6,,,2026-08-08T19:47:09.797+02:00,2026-08-08T19:47:10.123+02:00,2026-08-08T19:52:27.160+02:00
162,S000162,band_supplement_300_20260808_001,C000161,candidate,920eaddc16b3c3391b92dbf83f02c66a3a703fd13830fb914c9a6e7769e4f353,"[2,2,2,1,1,1,1,1,1,1,2,2,1,1,1,1,0,0,1,1,2,2,1,0,0,1,1,1,1,1,2,1,0,0,0,1,1,1,1,1,2,1,1,1,1,1,1,1,1,1,2,2,1,1,0,0,1,1,1,1,1,1,1,1,1,1,1,1,1,1,0,1,1,1,1,0,1,1,1,1,1,1,1,1,0,1,1,1,1,1,1,1,1,1,0,0,1,1,1,1,1,1,1,1,1,0,1,1,1,1,1,1,1,1,1,0,1,1,1,1,0,1,1,1,1,1,0,0,1,1,0,0,1,1,1,1,0,0,1,1,0,0,1,0,1,0,0,0,0,1,0,0,1,1,1,0,0,0,0,1,0,0,0,0,0,0,0,0,1,1,0,0,0,0,0,0,0,0,1,1]","[[2,2,2,1,1,1,1,1,1,1],[2,2,1,1,1,1,0,0,1,1],[2,2,1,0,0,1,1,1,1,1],[2,1,0,0,0,1,1,1,1,1],[2,1,1,1,1,1,1,1,1,1],[2,2,1,1,0,0,1,1,1,1],[1,1,1,1,1,1,1,1,1,1],[0,1,1,1,1,0,1,1,1,1],[1,1,1,1,0,1,1,1,1,1],[1,1,1,1,0,0,1,1,1,1],[1,1,1,1,1,0,1,1,1,1],[1,1,1,1,1,0,1,1,1,1],[0,1,1,1,1,1,0,0,1,1],[0,0,1,1,1,1,0,0,1,1],[0,0,1,0,1,0,0,0,0,1],[0,0,1,1,1,0,0,0,0,1],[0,0,0,0,0,0,0,0,1,1],[0,0,0,0,0,0,0,0,1,1]]",85f2e7f6b16765da26673f69ab6e5e937ac37bbc3b9b85b79f162f3bf2a14505,15da216552b4cfea918047a7df61cbefcef1478be37754a079fdc1a1303a6d55,merged_copper_v5,"[0.0,3.0,6.0,9.0,12.0,15.0]",classified,6,0.8113800472281382,0.7064386133847447,0.9600115540625804,0.3125205525377405,0.8707406437252049,0.9318274655893974,0.31252056783424065,B6,0.9318274655893974,4.537662100017769,3.2729593999974895,383.9195247000316,0.2140784999646712,392.68407670001034,25757,50274,950,1002,78,4.2,completed,6,,,2026-08-08T19:47:09.917+02:00,2026-08-08T19:47:10.138+02:00,2026-08-08T19:53:50.292+02:00
163,S000163,band_supplement_300_20260808_001,C000162,candidate,cc935f29d81639dc0f2e25d115e9b7d9ff160bdb5d2daf08314b99183ee9b047,"[2,0,0,0,0,0,0,0,1,1,2,0,0,0,0,1,1,1,1,1,2,2,2,2,2,1,1,1,1,1,0,2,2,2,2,1,1,1,1,1,2,2,2,2,2,1,1,1,1,1,2,2,2,2,2,2,1,1,1,1,2,2,2,2,2,2,1,1,1,1,2,2,2,2,2,2,1,1,1,1,2,2,2,2,2,2,1,1,1,1,1,2,2,2,2,2,1,1,1,1,1,1,2,2,2,2,2,1,1,1,1,1,1,1,1,2,2,1,1,1,1,1,0,0,0,1,2,1,1,1,1,1,0,0,0,1,0,1,1,1,1,1,0,0,0,1,1,1,1,1,1,1,1,1,1,1,1,1,1,1,1,1,1,1,1,1,1,1,1,1,1,1,1,1,1,1,1,1,1,1]","[[2,0,0,0,0,0,0,0,1,1],[2,0,0,0,0,1,1,1,1,1],[2,2,2,2,2,1,1,1,1,1],[0,2,2,2,2,1,1,1,1,1],[2,2,2,2,2,1,1,1,1,1],[2,2,2,2,2,2,1,1,1,1],[2,2,2,2,2,2,1,1,1,1],[2,2,2,2,2,2,1,1,1,1],[2,2,2,2,2,2,1,1,1,1],[1,2,2,2,2,2,1,1,1,1],[1,1,2,2,2,2,2,1,1,1],[1,1,1,1,1,2,2,1,1,1],[1,1,0,0,0,1,2,1,1,1],[1,1,0,0,0,1,0,1,1,1],[1,1,0,0,0,1,1,1,1,1],[1,1,1,1,1,1,1,1,1,1],[1,1,1,1,1,1,1,1,1,1],[1,1,1,1,1,1,1,1,1,1]]",14b9535d39393da2e865d36921ce77e9b07658c9cd6ad342a3379df75cc2d165,15da216552b4cfea918047a7df61cbefcef1478be37754a079fdc1a1303a6d55,merged_copper_v5,"[0.0,3.0,6.0,9.0,12.0,15.0]",classified,6,0.6208232704224309,0.5283768243889092,0.7311849679836999,0.3266761303209408,0.8707406437252049,0.7129829931521552,2.566385265337055,B4,0.7129829931521552,10.201571199984755,3.3813504000136163,118.41213889999199,0.23935779999010265,133.01561159995617,25562,49888,998,1044,54,4.2,completed,6,,,2026-08-08T19:47:10.032+02:00,2026-08-08T19:47:10.169+02:00,2026-08-08T19:49:32.376+02:00
164,S000164,band_supplement_300_20260808_001,C000163,candidate,6df7acacbaf09d5487332a97add5e875e152dc6e75e90b5dfed2b8520c49e653,"[2,1,1,1,1,1,1,1,1,1,2,1,1,1,1,1,1,1,1,1,2,2,2,0,0,1,1,1,1,1,2,0,2,2,0,1,1,1,1,1,2,0,0,0,0,1,1,1,1,1,2,2,0,0,0,0,1,1,1,1,0,0,0,0,0,1,1,1,1,1,0,0,0,0,0,0,1,1,1,1,0,0,0,2,0,1,1,1,1,1,0,0,2,2,1,1,1,1,1,1,0,0,0,2,2,2,1,1,1,1,0,0,0,2,2,1,1,1,1,1,1,0,0,1,2,1,1,0,1,1,1,0,1,1,1,0,0,0,1,1,1,0,1,1,1,0,0,0,0,1,1,1,1,1,0,0,0,0,0,1,1,0,0,0,0,0,0,0,1,1,1,0,0,0,0,0,0,0,1,1]","[[2,1,1,1,1,1,1,1,1,1],[2,1,1,1,1,1,1,1,1,1],[2,2,2,0,0,1,1,1,1,1],[2,0,2,2,0,1,1,1,1,1],[2,0,0,0,0,1,1,1,1,1],[2,2,0,0,0,0,1,1,1,1],[0,0,0,0,0,1,1,1,1,1],[0,0,0,0,0,0,1,1,1,1],[0,0,0,2,0,1,1,1,1,1],[0,0,2,2,1,1,1,1,1,1],[0,0,0,2,2,2,1,1,1,1],[0,0,0,2,2,1,1,1,1,1],[1,0,0,1,2,1,1,0,1,1],[1,0,1,1,1,0,0,0,1,1],[1,0,1,1,1,0,0,0,0,1],[1,1,1,1,0,0,0,0,0,1],[1,0,0,0,0,0,0,0,1,1],[1,0,0,0,0,0,0,0,1,1]]",49c57115d25b690f219f63df92ffbcc5038a93e337009e3d361442fdc2b6da38,15da216552b4cfea918047a7df61cbefcef1478be37754a079fdc1a1303a6d55,merged_copper_v5,"[0.0,3.0,6.0,9.0,12.0,15.0]",classified,6,0.6402009829162882,0.5952090239807255,0.6785906478542957,0.1302428863725644,0.8707406437252049,0.735237280503387,2.127730615215462,B4,0.735237280503387,2.6655052000132855,3.5185866999672726,206.29420769994613,0.27485089996480383,213.58841150000808,31650,62074,1166,1212,60,4.2,completed,6,,,2026-08-08T19:54:14.218+02:00,2026-08-08T19:54:14.274+02:00,2026-08-08T19:57:53.725+02:00
165,S000165,band_supplement_300_20260808_001,C000164,candidate,01bb4d76f0b03e55ca6aa21a271fb45d7e7a7049b5fe36b02134b3e877a7d695,"[2,2,1,1,1,1,1,1,1,1,2,2,2,1,1,1,1,1,1,1,2,0,2,2,2,1,1,1,1,1,2,2,2,2,2,1,1,1,1,1,2,2,2,2,2,1,1,1,1,1,2,2,2,2,2,2,1,1,1,1,2,2,2,2,2,2,1,1,1,1,2,2,2,2,2,2,1,1,1,1,2,2,2,2,2,2,1,1,1,1,0,2,2,2,2,0,1,1,1,1,0,0,2,2,2,0,1,1,1,1,0,0,0,0,0,0,1,1,1,1,0,0,0,0,0,1,1,1,1,1,0,0,0,1,0,1,0,1,1,1,0,0,0,1,1,1,1,1,1,1,0,0,1,1,1,1,1,1,1,1,0,0,0,0,1,1,1,1,1,1,0,0,0,0,1,1,1,1,1,1]","[[2,2,1,1,1,1,1,1,1,1],[2,2,2,1,1,1,1,1,1,1],[2,0,2,2,2,1,1,1,1,1],[2,2,2,2,2,1,1,1,1,1],[2,2,2,2,2,1,1,1,1,1],[2,2,2,2,2,2,1,1,1,1],[2,2,2,2,2,2,1,1,1,1],[2,2,2,2,2,2,1,1,1,1],[2,2,2,2,2,2,1,1,1,1],[0,2,2,2,2,0,1,1,1,1],[0,0,2,2,2,0,1,1,1,1],[0,0,0,0,0,0,1,1,1,1],[0,0,0,0,0,1,1,1,1,1],[0,0,0,1,0,1,0,1,1,1],[0,0,0,1,1,1,1,1,1,1],[0,0,1,1,1,1,1,1,1,1],[0,0,0,0,1,1,1,1,1,1],[0,0,0,0,1,1,1,1,1,1]]",b541ba10f460d0cb4105bb25f437e8e963212a6906cac5d515cd9e78e4d64931,15da216552b4cfea918047a7df61cbefcef1478be37754a079fdc1a1303a6d55,merged_copper_v5,"[0.0,3.0,6.0,9.0,12.0,15.0]",classified,6,0.696875646092708,0.6159377508455641,0.7199204420611799,0.14921269210458613,0.8707406437252049,0.8003251612458709,1.4382671312422366,B5,0.8003251612458709,11.438714400021126,3.314889100030996,189.39266760001192,0.270089800003916,205.2007900000317,25897,50564,974,1002,54,4.2,completed,6,,,2026-08-08T19:57:54.053+02:00,2026-08-08T19:57:54.620+02:00,2026-08-08T20:01:26.759+02:00
166,S000166,band_supplement_300_20260808_001,C000165,candidate,e58636d555c98d2bd66dd5d3a52be4cb434515a83fab1b9cdeef3c815ed608ce,"[2,2,1,1,1,1,1,1,1,1,2,2,2,1,1,1,1,1,1,1,2,2,2,2,2,1,1,1,1,1,2,2,2,2,2,1,1,1,1,1,2,2,2,2,2,1,1,1,1,1,2,2,2,2,2,2,1,1,1,1,2,2,2,2,2,2,1,1,1,1,2,2,2,2,2,2,1,1,1,1,2,2,2,2,2,2,1,1,1,1,0,2,0,0,2,0,1,1,1,1,0,0,0,0,2,0,1,1,1,1,0,0,0,0,0,0,1,1,1,1,0,0,0,0,0,1,1,1,1,1,0,0,0,1,0,1,0,1,1,1,0,0,0,1,1,1,1,1,1,1,0,0,1,1,1,1,1,1,1,1,0,0,0,0,1,1,1,1,1,1,0,0,0,0,1,1,1,1,1,1]","[[2,2,1,1,1,1,1,1,1,1],[2,2,2,1,1,1,1,1,1,1],[2,2,2,2,2,1,1,1,1,1],[2,2,2,2,2,1,1,1,1,1],[2,2,2,2,2,1,1,1,1,1],[2,2,2,2,2,2,1,1,1,1],[2,2,2,2,2,2,1,1,1,1],[2,2,2,2,2,2,1,1,1,1],[2,2,2,2,2,2,1,1,1,1],[0,2,0,0,2,0,1,1,1,1],[0,0,0,0,2,0,1,1,1,1],[0,0,0,0,0,0,1,1,1,1],[0,0,0,0,0,1,1,1,1,1],[0,0,0,1,0,1,0,1,1,1],[0,0,0,1,1,1,1,1,1,1],[0,0,1,1,1,1,1,1,1,1],[0,0,0,0,1,1,1,1,1,1],[0,0,0,0,1,1,1,1,1,1]]",8a15ed58ab53ca767804b4fd7d073f88073da1b8981de8c0263845a663189787,15da216552b4cfea918047a7df61cbefcef1478be37754a079fdc1a1303a6d55,merged_copper_v5,"[0.0,3.0,6.0,9.0,12.0,15.0]",classified,6,0.6987009009046482,0.6230474274956495,0.7199256201750024,0.13865474132625158,0.8707406437252049,0.8024213707487734,1.4048934953146484,B5,0.8024213707487734,10.59517199997208,3.1896493999811355,162.58177189994603,0.2500998000323307,177.36992309996276,25057,48882,914,942,42,4.2,completed,6,,,2026-08-08T19:57:54.153+02:00,2026-08-08T19:57:54.636+02:00,2026-08-08T20:00:59.280+02:00
167,S000167,band_supplement_300_20260808_001,C000166,candidate,08df7989d01e88bbef15e14943e5470bf76ed4b95db4f34edd463207b61012c0,"[0,0,0,0,0,0,0,1,1,1,0,0,0,0,0,0,0,1,1,1,0,0,0,0,0,1,0,1,1,1,0,2,2,2,0,1,1,1,1,1,0,2,2,2,0,1,1,1,1,1,0,2,2,2,0,0,1,1,1,1,2,2,2,2,2,0,1,1,1,1,2,2,2,2,2,0,1,1,1,1,2,2,2,2,2,0,1,1,1,1,2,2,2,2,2,0,1,1,1,1,2,2,2,2,2,0,1,1,1,1,2,2,2,2,2,0,1,1,1,1,2,2,2,2,2,0,1,1,1,1,2,2,2,0,0,2,2,2,1,1,0,0,0,0,0,2,2,2,1,1,1,1,0,0,0,2,1,1,1,1,1,1,0,0,0,0,1,1,1,1,1,1,1,1,0,0,0,1,1,1]","[[0,0,0,0,0,0,0,1,1,1],[0,0,0,0,0,0,0,1,1,1],[0,0,0,0,0,1,0,1,1,1],[0,2,2,2,0,1,1,1,1,1],[0,2,2,2,0,1,1,1,1,1],[0,2,2,2,0,0,1,1,1,1],[2,2,2,2,2,0,1,1,1,1],[2,2,2,2,2,0,1,1,1,1],[2,2,2,2,2,0,1,1,1,1],[2,2,2,2,2,0,1,1,1,1],[2,2,2,2,2,0,1,1,1,1],[2,2,2,2,2,0,1,1,1,1],[2,2,2,2,2,0,1,1,1,1],[2,2,2,0,0,2,2,2,1,1],[0,0,0,0,0,2,2,2,1,1],[1,1,0,0,0,2,1,1,1,1],[1,1,0,0,0,0,1,1,1,1],[1,1,1,1,0,0,0,1,1,1]]",dd89490923e47798e2f9adb520a182561ef84cfaf0a19eaefe32e189bfee3c50,15da216552b4cfea918047a7df61cbefcef1478be37754a079fdc1a1303a6d55,merged_copper_v5,"[0.0,3.0,6.0,9.0,12.0,15.0]",classified,6,0.5928908650496495,0.4145129423058184,0.7194738384549745,0.5143626156621898,0.8707406437252049,0.6809040893200325,3.103226817838073,B3,0.6809040893200325,12.11197820000234,3.7044166999694426,133.69361930000014,0.261815099947853,150.64262130006682,27567,53900,1016,1062,60,4.2,completed,6,,,2026-08-08T19:57:54.285+02:00,2026-08-08T19:57:54.654+02:00,2026-08-08T20:00:33.497+02:00
168,S000168,band_supplement_300_20260808_001,C000167,candidate,67ca471cca618c113282f71734ec32d435d128b581e8acbc9be151b1573cdb3a,"[0,0,0,0,0,0,0,1,1,1,0,0,0,0,0,0,0,1,1,1,0,0,0,0,0,1,0,1,1,1,0,2,2,2,1,1,1,1,1,1,0,2,2,2,1,1,1,1,1,1,0,2,2,2,1,1,1,1,1,1,2,2,2,2,2,1,1,1,1,1,2,2,2,2,2,1,1,1,1,1,2,2,2,2,2,1,1,1,1,1,2,2,2,2,2,1,1,1,1,1,2,2,2,2,2,1,1,1,1,1,2,2,2,2,2,1,1,1,1,1,2,2,2,2,2,1,1,1,1,1,2,2,2,0,0,2,2,2,1,1,0,0,1,1,1,2,2,2,1,1,1,1,1,1,1,2,1,1,1,1,1,1,1,1,1,1,1,1,1,1,1,1,1,1,1,1,1,1,1,1]","[[0,0,0,0,0,0,0,1,1,1],[0,0,0,0,0,0,0,1,1,1],[0,0,0,0,0,1,0,1,1,1],[0,2,2,2,1,1,1,1,1,1],[0,2,2,2,1,1,1,1,1,1],[0,2,2,2,1,1,1,1,1,1],[2,2,2,2,2,1,1,1,1,1],[2,2,2,2,2,1,1,1,1,1],[2,2,2,2,2,1,1,1,1,1],[2,2,2,2,2,1,1,1,1,1],[2,2,2,2,2,1,1,1,1,1],[2,2,2,2,2,1,1,1,1,1],[2,2,2,2,2,1,1,1,1,1],[2,2,2,0,0,2,2,2,1,1],[0,0,1,1,1,2,2,2,1,1],[1,1,1,1,1,2,1,1,1,1],[1,1,1,1,1,1,1,1,1,1],[1,1,1,1,1,1,1,1,1,1]]",d481c494d3f6cc3f4fbbb6164bca4b4ab2829610a02fe40266158a0031772a36,15da216552b4cfea918047a7df61cbefcef1478be37754a079fdc1a1303a6d55,merged_copper_v5,"[0.0,3.0,6.0,9.0,12.0,15.0]",classified,6,0.6487876096464484,0.5027578580301513,0.761006484784642,0.39804802513910703,0.8707406437252049,0.7450985713389967,2.288202919855002,B4,0.7450985713389967,11.491923099994892,3.1707222999830265,128.32327019999502,0.23264240002026781,143.93236319997231,24334,47430,926,972,60,4.2,completed,6,,,2026-08-08T19:57:54.454+02:00,2026-08-08T19:57:54.670+02:00,2026-08-08T20:00:27.036+02:00
169,S000169,band_supplement_300_20260808_001,C000168,candidate,b01917e77e6dc2ff31c58c97db91c8cc1dc9a6c8a971bb5a86f9af0b359ce8d0,"[2,2,1,1,1,1,1,1,1,1,2,2,2,1,1,1,1,1,1,1,2,2,2,2,2,1,1,1,1,1,2,2,2,2,2,1,1,1,1,1,2,2,2,2,2,1,1,1,1,1,2,2,2,2,2,2,1,1,1,1,2,2,2,2,2,2,1,1,1,1,2,2,2,2,2,2,1,1,1,1,2,2,2,1,1,1,1,1,1,1,0,2,2,2,2,0,1,1,1,1,0,0,2,2,2,0,1,1,1,1,0,0,0,0,0,0,1,1,1,1,0,0,0,0,0,1,1,1,1,1,0,0,0,1,0,1,0,1,1,1,0,0,0,1,1,1,1,1,1,1,0,0,1,1,1,1,1,1,1,1,0,0,0,0,1,1,1,1,1,1,0,0,0,0,1,1,1,1,1,1]","[[2,2,1,1,1,1,1,1,1,1],[2,2,2,1,1,1,1,1,1,1],[2,2,2,2,2,1,1,1,1,1],[2,2,2,2,2,1,1,1,1,1],[2,2,2,2,2,1,1,1,1,1],[2,2,2,2,2,2,1,1,1,1],[2,2,2,2,2,2,1,1,1,1],[2,2,2,2,2,2,1,1,1,1],[2,2,2,1,1,1,1,1,1,1],[0,2,2,2,2,0,1,1,1,1],[0,0,2,2,2,0,1,1,1,1],[0,0,0,0,0,0,1,1,1,1],[0,0,0,0,0,1,1,1,1,1],[0,0,0,1,0,1,0,1,1,1],[0,0,0,1,1,1,1,1,1,1],[0,0,1,1,1,1,1,1,1,1],[0,0,0,0,1,1,1,1,1,1],[0,0,0,0,1,1,1,1,1,1]]",d9462dbe3523247af69b0c032f16a6d64b2ccc8c6db4d66a256db9b4314ee05e,15da216552b4cfea918047a7df61cbefcef1478be37754a079fdc1a1303a6d55,merged_copper_v5,"[0.0,3.0,6.0,9.0,12.0,15.0]",classified,6,0.7012097080407035,0.6200324825948698,0.7261703316337863,0.15136391841391264,0.8707406437252049,0.8053026042758109,1.3862425832016199,B5,0.8053026042758109,11.104003799991915,3.2868476000148803,184.50212349998765,0.21626009992905892,199.80443569997442,24562,47884,944,972,42,4.2,completed,6,,,2026-08-08T19:57:54.554+02:00,2026-08-08T19:57:54.701+02:00,2026-08-08T20:01:21.706+02:00
170,S000170,band_supplement_300_20260808_001,C000169,candidate,e799dc7a3031e2df3aa2dcef4334165f2701327d17694f6f838da34b8bc36089,"[2,0,0,0,0,0,0,0,0,0,2,0,0,0,0,0,0,0,0,0,2,2,2,0,0,1,1,0,0,0,2,0,2,2,0,1,0,0,0,1,2,0,0,0,0,1,1,1,1,1,2,2,0,0,0,0,1,1,1,1,0,0,0,0,0,1,1,1,1,1,0,1,0,0,0,0,0,0,1,1,1,1,1,1,0,1,1,0,1,1,1,1,1,1,1,1,1,1,1,1,1,1,1,1,1,1,1,1,1,1,1,1,1,1,0,0,0,0,1,1,0,1,1,1,0,0,0,0,1,1,0,0,1,1,0,0,0,0,1,1,0,0,1,0,0,0,0,0,0,1,0,0,0,0,0,0,0,0,0,1,0,0,0,0,0,0,0,0,1,1,0,0,0,0,0,0,0,0,1,1]","[[2,0,0,0,0,0,0,0,0,0],[2,0,0,0,0,0,0,0,0,0],[2,2,2,0,0,1,1,0,0,0],[2,0,2,2,0,1,0,0,0,1],[2,0,0,0,0,1,1,1,1,1],[2,2,0,0,0,0,1,1,1,1],[0,0,0,0,0,1,1,1,1,1],[0,1,0,0,0,0,0,0,1,1],[1,1,1,1,0,1,1,0,1,1],[1,1,1,1,1,1,1,1,1,1],[1,1,1,1,1,1,1,1,1,1],[1,1,1,1,0,0,0,0,1,1],[0,1,1,1,0,0,0,0,1,1],[0,0,1,1,0,0,0,0,1,1],[0,0,1,0,0,0,0,0,0,1],[0,0,0,0,0,0,0,0,0,1],[0,0,0,0,0,0,0,0,1,1],[0,0,0,0,0,0,0,0,1,1]]",88fc21252c3d344ff6c3aba72b47d2098e3764a7a42fba86b6d80192e6fae016,15da216552b4cfea918047a7df61cbefcef1478be37754a079fdc1a1303a6d55,merged_copper_v5,"[0.0,3.0,6.0,9.0,12.0,15.0]",classified,6,0.31896006872235805,0.2635726121509719,0.3694606772688683,0.3319790641569861,0.8707406437252049,0.3663089245010802,6.344978220424011,B1,0.3663089245010802,2.5422681999916676,3.175430100032827,83.4986100999813,0.22710620003635995,90.16060299999663,26369,51502,992,1026,42,4.2,completed,6,,,2026-08-08T20:01:27.036+02:00,2026-08-08T20:01:27.298+02:00,2026-08-08T20:03:03.562+02:00
171,S000171,band_supplement_300_20260808_001,C000170,candidate,f2ed55a9749444101644011c0b492363770aaaa552180a46da4f12a96a5ca448,"[2,2,1,1,1,1,1,1,1,1,2,2,2,1,1,1,1,1,1,1,2,2,2,2,2,1,1,1,1,1,2,2,2,2,2,1,1,1,1,1,0,2,2,2,2,1,1,1,1,1,0,0,2,2,2,2,1,1,1,1,0,0,2,2,2,2,2,2,2,1,2,2,2,2,2,2,2,2,2,1,2,2,2,2,2,2,2,2,1,1,0,2,2,2,2,0,2,2,1,1,0,0,2,2,2,0,2,1,1,1,0,0,0,0,0,0,2,1,1,1,0,0,0,0,0,1,1,1,1,1,0,0,0,1,0,1,0,1,1,1,0,0,0,1,1,1,1,1,1,1,0,0,1,1,1,1,1,1,1,1,0,0,0,0,1,1,1,1,1,1,0,0,0,0,1,1,1,1,1,1]","[[2,2,1,1,1,1,1,1,1,1],[2,2,2,1,1,1,1,1,1,1],[2,2,2,2,2,1,1,1,1,1],[2,2,2,2,2,1,1,1,1,1],[0,2,2,2,2,1,1,1,1,1],[0,0,2,2,2,2,1,1,1,1],[0,0,2,2,2,2,2,2,2,1],[2,2,2,2,2,2,2,2,2,1],[2,2,2,2,2,2,2,2,1,1],[0,2,2,2,2,0,2,2,1,1],[0,0,2,2,2,0,2,1,1,1],[0,0,0,0,0,0,2,1,1,1],[0,0,0,0,0,1,1,1,1,1],[0,0,0,1,0,1,0,1,1,1],[0,0,0,1,1,1,1,1,1,1],[0,0,1,1,1,1,1,1,1,1],[0,0,0,0,1,1,1,1,1,1],[0,0,0,0,1,1,1,1,1,1]]",0542c1c9c6f10d9abec37b311de986ce60dd825411daf7df711d674035fdbd42,15da216552b4cfea918047a7df61cbefcef1478be37754a079fdc1a1303a6d55,merged_copper_v5,"[0.0,3.0,6.0,9.0,12.0,15.0]",classified,6,0.4918424961380417,0.3372115513374654,0.5699152003610741,0.4731263582362301,0.8707406437252049,0.5648553328507095,4.3250951718072095,B2,0.5648553328507095,6.298232800007099,3.383260100003099,210.65299189995858,0.2574393999821041,221.38457419993938,29763,58292,1148,1182,48,4.2,completed,6,,,2026-08-08T20:01:27.136+02:00,2026-08-08T20:01:27.321+02:00,2026-08-08T20:05:15.344+02:00
172,S000172,band_supplement_300_20260808_001,C000171,candidate,55f37fbd31a4e12d783f2c06e24e809ff9df0022466367ac9c2572d200c15b54,"[2,2,1,1,1,1,1,1,1,1,2,2,2,1,1,1,1,1,1,1,2,2,2,2,2,1,1,1,1,1,2,2,2,2,2,1,1,1,1,1,2,2,2,2,2,1,1,1,1,1,2,2,2,2,2,2,1,1,1,1,2,2,2,2,2,2,1,1,1,1,2,2,2,2,2,2,1,1,1,1,2,2,2,2,2,2,1,1,1,1,0,2,2,2,2,0,1,1,1,1,0,0,2,2,2,0,1,1,1,1,0,0,0,0,0,0,0,1,1,1,0,0,0,0,0,0,0,1,1,1,0,0,0,0,0,0,0,1,1,1,0,0,0,0,0,0,1,1,1,1,0,0,0,0,0,0,1,1,1,1,0,0,0,0,1,1,1,1,1,1,0,0,0,0,1,1,1,1,1,1]","[[2,2,1,1,1,1,1,1,1,1],[2,2,2,1,1,1,1,1,1,1],[2,2,2,2,2,1,1,1,1,1],[2,2,2,2,2,1,1,1,1,1],[2,2,2,2,2,1,1,1,1,1],[2,2,2,2,2,2,1,1,1,1],[2,2,2,2,2,2,1,1,1,1],[2,2,2,2,2,2,1,1,1,1],[2,2,2,2,2,2,1,1,1,1],[0,2,2,2,2,0,1,1,1,1],[0,0,2,2,2,0,1,1,1,1],[0,0,0,0,0,0,0,1,1,1],[0,0,0,0,0,0,0,1,1,1],[0,0,0,0,0,0,0,1,1,1],[0,0,0,0,0,0,1,1,1,1],[0,0,0,0,0,0,1,1,1,1],[0,0,0,0,1,1,1,1,1,1],[0,0,0,0,1,1,1,1,1,1]]",7d49d02da8b1e95784d16eac93e56a8bd65d4902a0138652c4e93b3379e38601,15da216552b4cfea918047a7df61cbefcef1478be37754a079fdc1a1303a6d55,merged_copper_v5,"[0.0,3.0,6.0,9.0,12.0,15.0]",classified,6,0.6849837781266007,0.603679543831836,0.7124158244173623,0.15874285502485191,0.8707406437252049,0.7866679740549394,1.5964456437388437,B4,0.7866679740549394,5.2155212000070605,2.732679899985669,69.25052089995006,0.20145950000733137,78.02734520001104,22379,43526,830,858,36,4.2,completed,6,,,2026-08-08T20:01:27.252+02:00,2026-08-08T20:01:27.352+02:00,2026-08-08T20:02:51.749+02:00
173,S000173,band_supplement_300_20260808_001,C000172,candidate,a1c2d31ce3d7a4aab57521e867b4b0f4d414ddd0a91d77bb387136ed83a47e1b,"[0,1,1,1,1,1,1,1,1,1,0,1,1,0,1,1,1,1,1,1,0,0,0,0,1,1,1,1,1,1,0,2,2,2,0,1,1,1,1,1,0,2,2,2,1,1,1,1,1,1,0,1,2,1,1,2,2,2,2,1,1,1,1,1,1,2,2,2,2,1,1,1,2,2,1,2,2,1,1,1,1,2,2,2,2,1,1,1,1,1,2,2,2,2,2,1,1,1,1,1,2,2,2,2,1,1,1,1,1,1,2,2,2,1,1,1,1,1,1,1,2,2,2,2,1,1,1,1,1,1,0,2,2,0,0,1,1,1,1,1,0,0,0,1,1,1,1,1,1,1,1,1,1,1,1,1,0,0,1,1,1,1,1,1,1,1,1,0,0,1,1,1,1,1,1,1,1,1,1,1]","[[0,1,1,1,1,1,1,1,1,1],[0,1,1,0,1,1,1,1,1,1],[0,0,0,0,1,1,1,1,1,1],[0,2,2,2,0,1,1,1,1,1],[0,2,2,2,1,1,1,1,1,1],[0,1,2,1,1,2,2,2,2,1],[1,1,1,1,1,2,2,2,2,1],[1,1,2,2,1,2,2,1,1,1],[1,2,2,2,2,1,1,1,1,1],[2,2,2,2,2,1,1,1,1,1],[2,2,2,2,1,1,1,1,1,1],[2,2,2,1,1,1,1,1,1,1],[2,2,2,2,1,1,1,1,1,1],[0,2,2,0,0,1,1,1,1,1],[0,0,0,1,1,1,1,1,1,1],[1,1,1,1,1,1,0,0,1,1],[1,1,1,1,1,1,1,0,0,1],[1,1,1,1,1,1,1,1,1,1]]",b4d9c3fda9750cf35f6a67b232710297942991a1f31376df0c4f66a93d6d7c8c,15da216552b4cfea918047a7df61cbefcef1478be37754a079fdc1a1303a6d55,merged_copper_v5,"[0.0,3.0,6.0,9.0,12.0,15.0]",classified,6,0.43068314971876226,0.3041766608143496,0.5072889689849096,0.4716049566907671,0.8707406437252049,0.49461702841412397,5.088065600502738,B1,0.49461702841412397,5.735345099994447,3.7578321999753825,431.77408289999585,0.2615667999780271,442.3587911000068,30768,60300,1226,1284,84,4.2,completed,6,,,2026-08-08T20:05:15.665+02:00,2026-08-08T20:05:16.012+02:00,2026-08-08T20:12:44.514+02:00
174,S000174,band_supplement_300_20260808_001,C000173,candidate,9643f750bc2ef1ed7d02c11354651d47965ee2e719498ed6685ec6305716c36c,"[1,1,1,1,1,1,1,1,1,1,1,1,1,1,1,1,1,1,1,1,1,2,2,2,2,1,1,1,1,1,2,2,2,0,2,1,1,1,1,1,2,2,2,0,2,1,1,1,1,1,2,2,2,0,2,1,1,1,1,1,2,0,2,0,1,1,1,1,1,1,0,0,0,0,0,1,1,1,1,1,0,0,0,0,0,0,1,1,1,1,0,0,0,0,0,1,1,1,1,1,0,0,0,0,0,1,1,1,1,1,0,0,0,0,0,0,1,1,1,1,0,0,0,0,1,0,1,1,1,1,0,1,0,1,1,1,0,1,1,1,1,1,1,1,1,1,1,1,1,1,1,1,0,0,0,1,1,1,1,1,1,0,0,0,1,1,1,1,1,1,1,1,1,0,0,1,1,1,1,1]","[[1,1,1,1,1,1,1,1,1,1],[1,1,1,1,1,1,1,1,1,1],[1,2,2,2,2,1,1,1,1,1],[2,2,2,0,2,1,1,1,1,1],[2,2,2,0,2,1,1,1,1,1],[2,2,2,0,2,1,1,1,1,1],[2,0,2,0,1,1,1,1,1,1],[0,0,0,0,0,1,1,1,1,1],[0,0,0,0,0,0,1,1,1,1],[0,0,0,0,0,1,1,1,1,1],[0,0,0,0,0,1,1,1,1,1],[0,0,0,0,0,0,1,1,1,1],[0,0,0,0,1,0,1,1,1,1],[0,1,0,1,1,1,0,1,1,1],[1,1,1,1,1,1,1,1,1,1],[1,1,0,0,0,1,1,1,1,1],[1,0,0,0,1,1,1,1,1,1],[1,1,1,0,0,1,1,1,1,1]]",b3d6e46e7e5136e0d843e9fc381d32a2688415636ffe4847df050d06ad6c9d5f,15da216552b4cfea918047a7df61cbefcef1478be37754a079fdc1a1303a6d55,merged_copper_v5,"[0.0,3.0,6.0,9.0,12.0,15.0]",classified,6,0.6547056033203945,0.5782172892799775,0.6962083268033009,0.1802199903665433,0.8707406437252049,0.751895076953605,1.9963999641581127,B4,0.751895076953605,3.1335901000129525,3.0957913999445736,208.57198600002448,0.22003669998957776,215.71669820006355,25965,50690,938,978,48,4.2,completed,6,,,2026-08-08T20:05:15.841+02:00,2026-08-08T20:05:16.023+02:00,2026-08-08T20:08:57.988+02:00
175,S000175,band_supplement_300_20260808_001,C000174,candidate,d032d9e3476357cf695d48b1b488d2105c647c054da60bd4bdc45840d064d59f,"[2,1,1,1,1,1,1,1,1,1,2,1,1,1,1,1,1,1,1,1,2,2,2,2,2,1,1,1,1,1,2,2,2,2,2,1,1,1,1,1,2,2,2,2,2,1,1,1,1,1,2,2,2,2,2,2,1,1,1,1,2,2,2,2,2,2,1,1,1,1,2,2,2,2,2,2,1,1,1,1,2,2,2,2,2,2,1,1,1,1,0,2,2,2,2,1,1,1,1,1,0,0,2,2,2,1,0,1,1,1,0,0,0,0,0,0,0,1,1,1,0,0,0,0,0,0,0,1,1,1,0,0,0,0,0,0,0,1,1,1,0,0,0,0,0,0,0,0,1,1,0,1,0,0,0,0,0,1,1,1,0,1,1,0,0,1,1,1,1,1,1,1,1,1,1,1,1,1,1,1]","[[2,1,1,1,1,1,1,1,1,1],[2,1,1,1,1,1,1,1,1,1],[2,2,2,2,2,1,1,1,1,1],[2,2,2,2,2,1,1,1,1,1],[2,2,2,2,2,1,1,1,1,1],[2,2,2,2,2,2,1,1,1,1],[2,2,2,2,2,2,1,1,1,1],[2,2,2,2,2,2,1,1,1,1],[2,2,2,2,2,2,1,1,1,1],[0,2,2,2,2,1,1,1,1,1],[0,0,2,2,2,1,0,1,1,1],[0,0,0,0,0,0,0,1,1,1],[0,0,0,0,0,0,0,1,1,1],[0,0,0,0,0,0,0,1,1,1],[0,0,0,0,0,0,0,0,1,1],[0,1,0,0,0,0,0,1,1,1],[0,1,1,0,0,1,1,1,1,1],[1,1,1,1,1,1,1,1,1,1]]",9908de9d21e4b2e6968984819381be19455affb8da76c0719543d1d44d2f62d0,15da216552b4cfea918047a7df61cbefcef1478be37754a079fdc1a1303a6d55,merged_copper_v5,"[0.0,3.0,6.0,9.0,12.0,15.0]",classified,6,0.7825845101685086,0.7291774440228814,0.8258012658184055,0.12346758789631389,0.8707406437252049,0.8987573002455169,0.34116122608645555,B5,0.8987573002455169,5.018233000009786,2.8891127000097185,106.51007449999452,0.19881359999999404,115.26117990002967,23410,45576,884,912,36,4.2,completed,6,,,2026-08-08T20:05:15.958+02:00,2026-08-08T20:05:16.047+02:00,2026-08-08T20:07:17.880+02:00
176,S000176,band_supplement_300_20260808_001,C000175,candidate,dd17fedc4ecc037a432d57873b8cd35e8ddc85ed03318857e5fe9add5ca006bc,"[0,1,1,1,1,1,1,1,1,1,0,1,1,1,1,1,1,1,1,1,0,0,0,1,1,1,1,1,1,1,0,2,2,2,1,1,1,1,1,1,0,2,2,2,1,1,1,1,1,1,0,2,2,2,0,1,1,1,1,1,2,2,2,2,2,1,1,1,1,1,2,2,2,2,2,1,1,1,1,1,2,0,2,2,2,1,1,1,1,1,0,0,2,2,2,1,1,1,1,1,2,0,2,2,2,1,1,1,1,1,2,2,2,2,2,1,1,1,1,1,2,2,2,2,2,1,1,1,1,1,0,2,2,0,0,1,1,1,1,1,0,0,1,1,1,1,1,1,1,1,1,1,1,1,1,1,1,1,1,1,1,1,1,1,1,1,1,1,1,1,1,1,1,1,1,1,1,1,1,1]","[[0,1,1,1,1,1,1,1,1,1],[0,1,1,1,1,1,1,1,1,1],[0,0,0,1,1,1,1,1,1,1],[0,2,2,2,1,1,1,1,1,1],[0,2,2,2,1,1,1,1,1,1],[0,2,2,2,0,1,1,1,1,1],[2,2,2,2,2,1,1,1,1,1],[2,2,2,2,2,1,1,1,1,1],[2,0,2,2,2,1,1,1,1,1],[0,0,2,2,2,1,1,1,1,1],[2,0,2,2,2,1,1,1,1,1],[2,2,2,2,2,1,1,1,1,1],[2,2,2,2,2,1,1,1,1,1],[0,2,2,0,0,1,1,1,1,1],[0,0,1,1,1,1,1,1,1,1],[1,1,1,1,1,1,1,1,1,1],[1,1,1,1,1,1,1,1,1,1],[1,1,1,1,1,1,1,1,1,1]]",cfd0ef12c597d6c84f29b6f362008e91d3745125cc026ffe811f05c9213da8cd,15da216552b4cfea918047a7df61cbefcef1478be37754a079fdc1a1303a6d55,merged_copper_v5,"[0.0,3.0,6.0,9.0,12.0,15.0]",classified,6,0.8860645897891284,0.8254980779414932,0.9318838839253177,0.12006552029027921,0.8707406437252049,1.017598749035493,0.12006553558677935,B7,1.017598749035493,9.557230900012655,3.2604524999915157,110.35323460001382,0.22639349999371916,124.1453514000168,24892,48552,932,984,60,4.2,completed,6,,,2026-08-08T20:12:44.863+02:00,2026-08-08T20:12:45.455+02:00,2026-08-08T20:14:56.588+02:00
177,S000177,band_supplement_300_20260808_001,C000176,candidate,b8b022bab3c9f88cc52a53098f72f2db2b4c55deca2cdba67497e1c51b4b40fb,"[0,1,1,1,1,1,1,1,1,1,0,1,1,1,1,1,1,1,1,1,0,0,0,1,1,1,1,1,1,1,0,2,2,2,1,1,1,1,1,1,0,2,2,2,1,1,1,1,1,1,0,2,2,2,0,1,1,1,1,1,2,2,2,2,2,1,1,1,1,1,2,2,2,2,2,1,1,1,1,1,2,2,2,2,2,1,1,1,1,1,2,2,2,2,2,1,1,1,1,1,2,2,2,2,2,1,1,1,1,1,2,2,2,2,2,1,1,1,1,1,2,2,2,2,2,1,1,1,1,1,1,1,1,0,0,1,1,1,1,1,0,0,1,1,1,1,1,1,1,1,1,1,1,1,1,1,1,1,1,1,1,1,1,1,1,1,1,1,1,1,1,1,1,1,1,1,1,1,1,1]","[[0,1,1,1,1,1,1,1,1,1],[0,1,1,1,1,1,1,1,1,1],[0,0,0,1,1,1,1,1,1,1],[0,2,2,2,1,1,1,1,1,1],[0,2,2,2,1,1,1,1,1,1],[0,2,2,2,0,1,1,1,1,1],[2,2,2,2,2,1,1,1,1,1],[2,2,2,2,2,1,1,1,1,1],[2,2,2,2,2,1,1,1,1,1],[2,2,2,2,2,1,1,1,1,1],[2,2,2,2,2,1,1,1,1,1],[2,2,2,2,2,1,1,1,1,1],[2,2,2,2,2,1,1,1,1,1],[1,1,1,0,0,1,1,1,1,1],[0,0,1,1,1,1,1,1,1,1],[1,1,1,1,1,1,1,1,1,1],[1,1,1,1,1,1,1,1,1,1],[1,1,1,1,1,1,1,1,1,1]]",3547b29be1a1d1e3053891c300536dd4058510db5c695012d9dc081b3395da53,15da216552b4cfea918047a7df61cbefcef1478be37754a079fdc1a1303a6d55,merged_copper_v5,"[0.0,3.0,6.0,9.0,12.0,15.0]",classified,6,0.88629357040033,0.8270753488441782,0.9313680895825869,0.11767290683526077,0.8707406437252049,1.0178617212682144,0.11767292213176091,B7,1.0178617212682144,9.532509399985429,2.663346499961335,82.31188300001668,0.19426650006789714,95.35200459999032,19897,38548,758,804,54,4.2,completed,6,,,2026-08-08T20:12:44.999+02:00,2026-08-08T20:12:45.471+02:00,2026-08-08T20:14:28.950+02:00
178,S000178,band_supplement_300_20260808_001,C000177,candidate,3c589ba7c34886e5379120410b3dc197f3ea7b4d9811d174423a75101e52ea55,"[0,1,1,1,1,1,1,1,1,1,0,1,1,1,1,1,1,1,1,1,0,0,0,0,0,1,1,1,1,1,0,2,0,0,0,1,1,1,1,1,0,2,0,0,0,1,1,1,1,1,0,2,2,0,0,1,1,1,1,1,2,2,0,0,0,1,1,1,1,1,0,0,0,0,0,1,1,1,1,1,0,0,0,0,0,1,1,1,1,1,2,2,0,0,2,1,1,1,1,1,2,2,2,0,2,1,1,1,1,1,0,2,2,2,2,1,1,1,1,1,0,0,2,2,2,1,1,1,1,1,0,2,2,0,0,1,1,1,1,1,0,0,1,0,1,1,1,1,1,1,1,1,1,1,1,1,1,1,1,1,1,1,1,1,1,1,1,1,1,1,1,1,1,1,1,1,1,1,1,1]","[[0,1,1,1,1,1,1,1,1,1],[0,1,1,1,1,1,1,1,1,1],[0,0,0,0,0,1,1,1,1,1],[0,2,0,0,0,1,1,1,1,1],[0,2,0,0,0,1,1,1,1,1],[0,2,2,0,0,1,1,1,1,1],[2,2,0,0,0,1,1,1,1,1],[0,0,0,0,0,1,1,1,1,1],[0,0,0,0,0,1,1,1,1,1],[2,2,0,0,2,1,1,1,1,1],[2,2,2,0,2,1,1,1,1,1],[0,2,2,2,2,1,1,1,1,1],[0,0,2,2,2,1,1,1,1,1],[0,2,2,0,0,1,1,1,1,1],[0,0,1,0,1,1,1,1,1,1],[1,1,1,1,1,1,1,1,1,1],[1,1,1,1,1,1,1,1,1,1],[1,1,1,1,1,1,1,1,1,1]]",1181fdb1bf087ab9976490281ffcd1a43661c6c396c5038058224e9b8b7cd46b,15da216552b4cfea918047a7df61cbefcef1478be37754a079fdc1a1303a6d55,merged_copper_v5,"[0.0,3.0,6.0,9.0,12.0,15.0]",classified,6,0.8560296237420445,0.819116461247205,0.9213817687326927,0.11946468282072473,0.8707406437252049,0.983105164449171,0.11946469811722486,B6,0.983105164449171,7.2004988999979105,3.408996100042714,132.26911299995845,0.2473726000462193,143.89101059993845,27225,53214,1028,1074,60,4.2,completed,6,,,2026-08-08T20:12:45.141+02:00,2026-08-08T20:12:45.502+02:00,2026-08-08T20:15:16.781+02:00
179,S000179,band_supplement_300_20260808_001,C000178,candidate,bcd263eb2c919bfcc983610065a9fe86e96b119dee13be0f39f1d776fd7e9aa0,"[0,1,1,1,1,1,1,1,1,1,0,1,1,1,1,1,1,1,1,1,0,0,0,1,1,1,1,1,1,1,0,2,2,2,1,1,1,1,1,1,0,2,2,2,1,1,1,1,1,1,0,2,2,2,0,1,1,1,1,1,2,2,2,2,2,1,1,1,1,1,2,2,2,2,2,1,1,1,1,1,2,2,2,2,2,1,1,1,1,1,2,2,2,2,2,2,1,1,1,1,2,2,2,2,2,2,1,1,1,1,2,2,2,2,2,1,1,1,1,1,2,2,2,2,2,1,1,1,1,1,2,2,2,0,0,1,1,1,1,1,2,0,1,1,1,1,1,1,1,1,1,1,1,1,1,1,1,1,1,1,1,1,1,1,1,1,1,1,1,1,1,1,1,1,1,1,1,1,1,1]","[[0,1,1,1,1,1,1,1,1,1],[0,1,1,1,1,1,1,1,1,1],[0,0,0,1,1,1,1,1,1,1],[0,2,2,2,1,1,1,1,1,1],[0,2,2,2,1,1,1,1,1,1],[0,2,2,2,0,1,1,1,1,1],[2,2,2,2,2,1,1,1,1,1],[2,2,2,2,2,1,1,1,1,1],[2,2,2,2,2,1,1,1,1,1],[2,2,2,2,2,2,1,1,1,1],[2,2,2,2,2,2,1,1,1,1],[2,2,2,2,2,1,1,1,1,1],[2,2,2,2,2,1,1,1,1,1],[2,2,2,0,0,1,1,1,1,1],[2,0,1,1,1,1,1,1,1,1],[1,1,1,1,1,1,1,1,1,1],[1,1,1,1,1,1,1,1,1,1],[1,1,1,1,1,1,1,1,1,1]]",4907e17ded3b4d0b47ae886c174fdccecdd5af822bf345c19f59fcb19c35bd03,15da216552b4cfea918047a7df61cbefcef1478be37754a079fdc1a1303a6d55,merged_copper_v5,"[0.0,3.0,6.0,9.0,12.0,15.0]",classified,6,0.885072913982263,0.8244599915181032,0.9287518819785188,0.11783423581585908,0.8707406437252049,1.0164598613379774,0.11783425111235922,B7,1.0164598613379774,10.511452400009148,3.0432875000406057,87.09614260002854,0.2482212000177242,101.67958359999466,22809,44384,842,888,54,4.2,completed,6,,,2026-08-08T20:12:45.263+02:00,2026-08-08T20:12:45.518+02:00,2026-08-08T20:14:35.313+02:00
180,S000180,band_supplement_300_20260808_001,C000179,candidate,5640cf2af0d912c657f2219fa3411a49eaf8fbd46c6d68cd3f1982ec807fa9d2,"[0,1,1,1,1,1,1,1,1,1,0,1,1,1,1,1,1,1,1,1,0,0,0,1,1,1,1,1,1,1,0,2,2,2,1,1,1,1,1,1,0,2,2,2,1,1,1,1,1,1,0,2,2,2,0,1,1,1,1,1,2,2,2,2,2,1,1,1,1,1,2,2,2,2,2,1,1,1,1,1,2,2,2,2,2,1,1,1,1,1,2,2,2,2,2,1,1,1,1,1,2,2,2,2,2,2,1,1,1,1,2,2,2,2,2,1,1,1,1,1,2,2,2,2,2,1,1,1,1,1,2,2,2,0,0,1,1,1,1,1,2,0,1,1,1,1,1,1,1,1,1,1,1,1,1,1,1,1,1,1,1,1,1,1,1,1,1,1,1,1,1,1,1,1,1,1,1,1,1,1]","[[0,1,1,1,1,1,1,1,1,1],[0,1,1,1,1,1,1,1,1,1],[0,0,0,1,1,1,1,1,1,1],[0,2,2,2,1,1,1,1,1,1],[0,2,2,2,1,1,1,1,1,1],[0,2,2,2,0,1,1,1,1,1],[2,2,2,2,2,1,1,1,1,1],[2,2,2,2,2,1,1,1,1,1],[2,2,2,2,2,1,1,1,1,1],[2,2,2,2,2,1,1,1,1,1],[2,2,2,2,2,2,1,1,1,1],[2,2,2,2,2,1,1,1,1,1],[2,2,2,2,2,1,1,1,1,1],[2,2,2,0,0,1,1,1,1,1],[2,0,1,1,1,1,1,1,1,1],[1,1,1,1,1,1,1,1,1,1],[1,1,1,1,1,1,1,1,1,1],[1,1,1,1,1,1,1,1,1,1]]",1a772ebff6566f64abd4d5cde331cfc206611d71783cd646430a7246fa4b3b7c,15da216552b4cfea918047a7df61cbefcef1478be37754a079fdc1a1303a6d55,merged_copper_v5,"[0.0,3.0,6.0,9.0,12.0,15.0]",classified,6,0.8855576528392776,0.8246743176866375,0.9298226027181531,0.1187368035207972,0.8707406437252049,1.017016558513546,0.11873681881729733,B7,1.017016558513546,10.228639500011923,3.1776025999861304,81.75030000001425,0.2178670999710448,96.08660180002335,22760,44286,842,888,54,4.2,completed,6,,,2026-08-08T20:12:45.388+02:00,2026-08-08T20:12:45.548+02:00,2026-08-08T20:14:30.537+02:00
181,S000181,band_supplement_300_20260808_001,C000180,candidate,f89fe120ded564e2985d90c3b8d5ed4a914b20ff172038c3b786f7d2124ebb00,"[2,1,1,1,1,1,1,1,1,1,2,1,1,1,1,1,1,1,1,1,2,2,2,2,2,1,1,1,1,1,2,2,2,2,2,1,1,1,1,1,2,2,2,2,2,1,1,1,1,1,2,2,2,2,2,1,1,1,1,1,2,2,2,2,2,2,1,1,1,1,2,2,2,2,2,2,1,1,1,1,2,2,2,2,2,2,1,1,1,1,2,2,2,2,2,1,1,1,1,1,2,0,2,2,2,1,1,1,1,1,2,2,1,1,1,1,1,1,1,1,1,1,1,1,1,1,1,1,1,1,1,1,1,1,1,1,0,0,1,1,1,1,1,1,1,0,0,0,0,1,1,1,0,0,0,0,0,1,1,1,1,0,0,0,0,0,0,0,1,1,1,1,1,0,0,1,0,0,1,1]","[[2,1,1,1,1,1,1,1,1,1],[2,1,1,1,1,1,1,1,1,1],[2,2,2,2,2,1,1,1,1,1],[2,2,2,2,2,1,1,1,1,1],[2,2,2,2,2,1,1,1,1,1],[2,2,2,2,2,1,1,1,1,1],[2,2,2,2,2,2,1,1,1,1],[2,2,2,2,2,2,1,1,1,1],[2,2,2,2,2,2,1,1,1,1],[2,2,2,2,2,1,1,1,1,1],[2,0,2,2,2,1,1,1,1,1],[2,2,1,1,1,1,1,1,1,1],[1,1,1,1,1,1,1,1,1,1],[1,1,1,1,1,1,0,0,1,1],[1,1,1,1,1,0,0,0,0,1],[1,1,0,0,0,0,0,1,1,1],[1,0,0,0,0,0,0,0,1,1],[1,1,1,0,0,1,0,0,1,1]]",32ad80fa5d92463fbce87639a8529eb92811377928f9192d3a0788476757061e,15da216552b4cfea918047a7df61cbefcef1478be37754a079fdc1a1303a6d55,merged_copper_v5,"[0.0,3.0,6.0,9.0,12.0,15.0]",classified,6,0.8621632653282679,0.8217180639910738,0.9286563687088998,0.12403486557399228,0.8707406437252049,0.9901493303904579,0.12403488087049241,B6,0.9901493303904579,4.046587399992859,2.9277311000041664,168.0318408999883,0.21740999998291954,175.91915299999528,25336,49438,956,996,48,4.2,completed,6,,,2026-08-08T20:15:17.059+02:00,2026-08-08T20:15:17.109+02:00,2026-08-08T20:18:18.891+02:00
182,S000182,band_supplement_300_20260808_001,C000181,candidate,f84ef6648c2814fefd3bc01c933b1a334f46ef108058159694031b3666cbf99d,"[0,0,0,0,0,0,0,0,0,0,0,0,0,0,0,0,0,0,0,0,0,0,0,0,0,0,0,0,0,0,0,2,2,2,0,0,0,0,0,0,0,1,1,2,0,0,0,0,0,0,0,1,0,1,0,0,0,1,0,0,0,1,1,1,1,0,0,1,0,0,0,0,1,1,1,1,1,1,0,1,0,0,0,0,2,1,1,1,1,1,0,0,0,2,2,1,1,1,1,1,0,0,0,0,2,1,1,1,1,1,0,0,0,0,0,1,1,1,1,1,0,0,0,0,0,1,1,1,1,1,0,0,0,0,0,1,1,1,1,1,0,0,1,1,1,1,1,1,1,1,1,1,1,2,2,1,1,1,1,1,1,1,1,1,2,1,1,1,1,1,1,1,1,1,2,2,1,1,1,1]","[[0,0,0,0,0,0,0,0,0,0],[0,0,0,0,0,0,0,0,0,0],[0,0,0,0,0,0,0,0,0,0],[0,2,2,2,0,0,0,0,0,0],[0,1,1,2,0,0,0,0,0,0],[0,1,0,1,0,0,0,1,0,0],[0,1,1,1,1,0,0,1,0,0],[0,0,1,1,1,1,1,1,0,1],[0,0,0,0,2,1,1,1,1,1],[0,0,0,2,2,1,1,1,1,1],[0,0,0,0,2,1,1,1,1,1],[0,0,0,0,0,1,1,1,1,1],[0,0,0,0,0,1,1,1,1,1],[0,0,0,0,0,1,1,1,1,1],[0,0,1,1,1,1,1,1,1,1],[1,1,1,2,2,1,1,1,1,1],[1,1,1,1,2,1,1,1,1,1],[1,1,1,1,2,2,1,1,1,1]]",aeb313e12fe0ae676f30b022113a244711506494255aa0cb90d9ac5617ea0326,15da216552b4cfea918047a7df61cbefcef1478be37754a079fdc1a1303a6d55,merged_copper_v5,"[0.0,3.0,6.0,9.0,12.0,15.0]",classified,6,0.17033605328073256,0.1646103589923866,0.1757610350194172,0.06546280609574215,0.8707406437252049,0.195622031092979,7.936262155383084,B1,0.195622031092979,3.764927699987311,3.2990740000095684,170.91934280004352,0.22676699998555705,178.92659769998863,25679,50124,956,1002,66,4.2,completed,6,,,2026-08-08T20:18:19.295+02:00,2026-08-08T20:18:19.693+02:00,2026-08-08T20:21:24.798+02:00
183,S000183,band_supplement_300_20260808_001,C000182,candidate,cb3f8e8b6256575b4ee661b0888c5c71a3a184812897792eaba913dcb84595bc,"[2,1,1,1,1,1,1,1,1,1,2,1,1,1,1,1,1,1,1,1,2,2,0,0,2,1,1,1,1,1,2,2,0,2,2,1,1,1,1,1,2,2,2,2,2,1,1,1,1,1,2,2,2,2,2,2,1,1,1,1,2,2,2,2,2,2,1,1,1,1,2,2,2,2,2,2,0,0,1,1,2,2,2,2,2,2,0,0,0,1,2,2,2,2,2,2,0,1,1,1,2,2,2,2,2,2,0,1,1,1,2,2,2,2,2,2,0,1,1,1,2,2,2,2,2,2,0,0,1,1,2,2,2,0,2,2,2,2,1,1,0,0,0,0,2,2,2,0,0,1,0,0,0,0,0,0,0,0,0,1,0,0,0,0,0,0,0,0,1,1,0,0,0,0,0,0,0,0,1,1]","[[2,1,1,1,1,1,1,1,1,1],[2,1,1,1,1,1,1,1,1,1],[2,2,0,0,2,1,1,1,1,1],[2,2,0,2,2,1,1,1,1,1],[2,2,2,2,2,1,1,1,1,1],[2,2,2,2,2,2,1,1,1,1],[2,2,2,2,2,2,1,1,1,1],[2,2,2,2,2,2,0,0,1,1],[2,2,2,2,2,2,0,0,0,1],[2,2,2,2,2,2,0,1,1,1],[2,2,2,2,2,2,0,1,1,1],[2,2,2,2,2,2,0,1,1,1],[2,2,2,2,2,2,0,0,1,1],[2,2,2,0,2,2,2,2,1,1],[0,0,0,0,2,2,2,0,0,1],[0,0,0,0,0,0,0,0,0,1],[0,0,0,0,0,0,0,0,1,1],[0,0,0,0,0,0,0,0,1,1]]",9e5939be8e57fad326fb48b761acaca72e2e66423d114d5c0f5b7cc06c3b0b4d,15da216552b4cfea918047a7df61cbefcef1478be37754a079fdc1a1303a6d55,merged_copper_v5,"[0.0,3.0,6.0,9.0,12.0,15.0]",classified,6,0.47903402944403356,0.3971524898597166,0.5584516617508865,0.336717564884427,0.8707406437252049,0.5501454800531981,4.348792212130508,B2,0.5501454800531981,8.59520040001371,3.53226789998007,139.60892160001094,0.25052970001706854,152.80571159999818,28925,56618,1088,1128,48,4.2,completed,6,,,2026-08-08T20:18:19.408+02:00,2026-08-08T20:18:19.724+02:00,2026-08-08T20:20:59.963+02:00
184,S000184,band_supplement_300_20260808_001,C000183,candidate,6ef637f62c112902f8140081091097b455a47f3571ce44b5c6de6b310a074b1d,"[2,2,2,2,2,2,2,1,1,0,2,0,2,2,2,2,1,1,1,0,2,0,2,2,2,1,1,1,1,0,0,0,2,2,2,1,1,1,1,1,0,0,0,0,2,1,1,1,1,1,0,0,0,0,2,0,2,2,2,1,0,0,0,0,0,0,2,2,2,1,0,0,0,0,0,0,1,1,1,1,0,0,0,0,0,0,1,1,1,1,0,0,0,0,0,0,1,1,1,1,0,0,2,2,2,0,1,1,1,1,0,0,2,2,2,0,1,1,1,1,0,0,2,0,0,0,1,0,1,1,0,0,0,0,0,0,0,0,1,1,0,0,0,0,0,0,0,0,0,1,0,0,0,0,0,0,0,0,0,1,0,0,0,0,0,0,0,0,1,1,0,0,0,0,0,0,0,0,1,1]","[[2,2,2,2,2,2,2,1,1,0],[2,0,2,2,2,2,1,1,1,0],[2,0,2,2,2,1,1,1,1,0],[0,0,2,2,2,1,1,1,1,1],[0,0,0,0,2,1,1,1,1,1],[0,0,0,0,2,0,2,2,2,1],[0,0,0,0,0,0,2,2,2,1],[0,0,0,0,0,0,1,1,1,1],[0,0,0,0,0,0,1,1,1,1],[0,0,0,0,0,0,1,1,1,1],[0,0,2,2,2,0,1,1,1,1],[0,0,2,2,2,0,1,1,1,1],[0,0,2,0,0,0,1,0,1,1],[0,0,0,0,0,0,0,0,1,1],[0,0,0,0,0,0,0,0,0,1],[0,0,0,0,0,0,0,0,0,1],[0,0,0,0,0,0,0,0,1,1],[0,0,0,0,0,0,0,0,1,1]]",1250ce3f2f8679b871e1e97cd7c588c1d1f07ea24305cd2e649b7bdc080a7c78,15da216552b4cfea918047a7df61cbefcef1478be37754a079fdc1a1303a6d55,merged_copper_v5,"[0.0,3.0,6.0,9.0,12.0,15.0]",classified,6,0.43481972418763043,0.3187510540410499,0.513847673533823,0.448683922646955,0.8707406437252049,0.4993676674231991,5.013437385598075,B1,0.4993676674231991,6.042997400014428,3.5292928000271786,126.55874989999575,0.2695948999898974,137.19932270006393,28393,55554,1094,1134,66,4.2,completed,6,,,2026-08-08T20:18:19.540+02:00,2026-08-08T20:18:19.731+02:00,2026-08-08T20:20:43.490+02:00
185,S000185,band_supplement_300_20260808_001,C000184,candidate,9a676cf752513ff55bb04621df554e184583329405bdff1b053b865741fdc028,"[2,2,2,2,2,2,2,1,1,0,2,0,2,2,2,2,1,1,1,0,2,0,2,2,2,1,1,1,1,0,0,0,2,2,2,1,1,1,1,1,0,0,0,0,2,1,1,1,1,1,0,0,0,0,2,0,0,1,1,1,0,0,0,0,0,0,0,1,1,1,0,0,0,0,0,0,1,1,1,1,0,0,0,0,0,0,1,1,1,1,0,0,0,0,0,0,1,1,1,1,0,0,0,0,0,0,1,1,1,1,0,0,0,0,0,0,1,1,1,1,0,0,0,0,0,0,1,0,1,1,0,0,0,0,0,0,0,0,1,1,0,0,0,0,0,0,0,0,0,1,0,0,0,0,0,0,0,0,0,1,0,0,0,0,0,0,0,0,1,1,0,0,0,0,0,0,0,0,1,1]","[[2,2,2,2,2,2,2,1,1,0],[2,0,2,2,2,2,1,1,1,0],[2,0,2,2,2,1,1,1,1,0],[0,0,2,2,2,1,1,1,1,1],[0,0,0,0,2,1,1,1,1,1],[0,0,0,0,2,0,0,1,1,1],[0,0,0,0,0,0,0,1,1,1],[0,0,0,0,0,0,1,1,1,1],[0,0,0,0,0,0,1,1,1,1],[0,0,0,0,0,0,1,1,1,1],[0,0,0,0,0,0,1,1,1,1],[0,0,0,0,0,0,1,1,1,1],[0,0,0,0,0,0,1,0,1,1],[0,0,0,0,0,0,0,0,1,1],[0,0,0,0,0,0,0,0,0,1],[0,0,0,0,0,0,0,0,0,1],[0,0,0,0,0,0,0,0,1,1],[0,0,0,0,0,0,0,0,1,1]]",e7a393ca27b4e8b1994d36fc87aca730e3c7d95cf75fa2be399388d072b3af1a,15da216552b4cfea918047a7df61cbefcef1478be37754a079fdc1a1303a6d55,merged_copper_v5,"[0.0,3.0,6.0,9.0,12.0,15.0]",classified,6,0.5120815440455437,0.3921629678283757,0.6025172624472217,0.4107828080602285,0.8707406437252049,0.5880988187880551,4.009763522787432,B2,0.5880988187880551,4.689186800009338,2.943150299950503,67.61750920003396,0.22653169999830425,76.16105059999973,23482,45724,848,882,42,4.2,completed,6,,,2026-08-08T20:18:19.646+02:00,2026-08-08T20:18:19.768+02:00,2026-08-08T20:19:43.012+02:00
186,S000186,band_supplement_300_20260808_001,C000185,candidate,d44811586cd70596a302e8d42f709b256c08d9000380bb54ec72eb1659a0168e,"[0,1,1,1,1,1,1,1,1,1,0,1,1,1,1,1,1,1,1,1,0,0,0,0,0,1,1,1,1,1,0,0,0,0,0,1,1,1,1,1,0,0,0,0,0,1,1,1,1,1,0,2,2,0,0,0,1,1,1,1,2,2,2,2,2,0,1,1,1,1,2,2,2,2,2,0,1,1,1,1,2,2,2,2,2,0,1,1,1,1,2,2,2,2,2,0,0,0,1,1,2,2,2,2,2,0,0,0,1,1,2,2,2,2,2,0,0,1,1,1,2,2,2,2,2,0,0,0,1,1,2,2,2,0,0,0,0,0,1,1,0,0,0,0,0,2,0,0,0,1,0,0,0,0,0,2,0,0,0,1,0,0,0,0,0,2,2,0,1,1,0,0,0,0,0,0,0,0,1,1]","[[0,1,1,1,1,1,1,1,1,1],[0,1,1,1,1,1,1,1,1,1],[0,0,0,0,0,1,1,1,1,1],[0,0,0,0,0,1,1,1,1,1],[0,0,0,0,0,1,1,1,1,1],[0,2,2,0,0,0,1,1,1,1],[2,2,2,2,2,0,1,1,1,1],[2,2,2,2,2,0,1,1,1,1],[2,2,2,2,2,0,1,1,1,1],[2,2,2,2,2,0,0,0,1,1],[2,2,2,2,2,0,0,0,1,1],[2,2,2,2,2,0,0,1,1,1],[2,2,2,2,2,0,0,0,1,1],[2,2,2,0,0,0,0,0,1,1],[0,0,0,0,0,2,0,0,0,1],[0,0,0,0,0,2,0,0,0,1],[0,0,0,0,0,2,2,0,1,1],[0,0,0,0,0,0,0,0,1,1]]",0d4a41501da5f12263f1e5e01e294c589c5dd234e18c9e6dc366078e0abc6ab0,15da216552b4cfea918047a7df61cbefcef1478be37754a079fdc1a1303a6d55,merged_copper_v5,"[0.0,3.0,6.0,9.0,12.0,15.0]",classified,6,0.5194923573129789,0.4382453736428695,0.5899649322557208,0.292053495065077,0.8707406437252049,0.5966097494777381,3.7983990439493405,B2,0.5966097494777381,5.034395199996652,3.160289900028147,117.15821820002748,0.23114580000401475,126.28952849999769,25867,50508,968,996,48,4.2,completed,6,,,2026-08-08T20:21:25.136+02:00,2026-08-08T20:21:25.553+02:00,2026-08-08T20:23:38.091+02:00
187,S000187,band_supplement_300_20260808_001,C000186,candidate,8d42c271e829eda9697ce4dd9160b67b7ca9754c34e85ab101c8f75c5a3cc1cf,"[2,1,1,1,1,1,1,1,1,1,2,1,1,1,1,1,1,1,1,1,2,2,2,2,2,1,1,1,0,0,2,2,2,2,2,1,1,1,1,1,2,2,2,2,2,1,1,1,1,1,2,2,1,1,1,1,1,1,1,1,2,2,1,1,1,1,1,1,1,1,2,2,1,1,1,1,1,1,1,1,2,2,1,1,1,1,1,1,1,1,2,2,1,1,2,2,1,1,1,1,2,2,2,2,2,2,1,1,1,1,2,2,2,2,2,2,1,1,1,1,2,2,2,2,2,2,1,0,1,1,2,2,2,2,2,2,2,2,1,1,2,2,2,2,2,2,2,2,2,1,2,2,2,2,2,2,2,2,2,1,2,2,2,2,2,2,2,2,1,1,2,2,2,2,2,2,2,2,1,1]","[[2,1,1,1,1,1,1,1,1,1],[2,1,1,1,1,1,1,1,1,1],[2,2,2,2,2,1,1,1,0,0],[2,2,2,2,2,1,1,1,1,1],[2,2,2,2,2,1,1,1,1,1],[2,2,1,1,1,1,1,1,1,1],[2,2,1,1,1,1,1,1,1,1],[2,2,1,1,1,1,1,1,1,1],[2,2,1,1,1,1,1,1,1,1],[2,2,1,1,2,2,1,1,1,1],[2,2,2,2,2,2,1,1,1,1],[2,2,2,2,2,2,1,1,1,1],[2,2,2,2,2,2,1,0,1,1],[2,2,2,2,2,2,2,2,1,1],[2,2,2,2,2,2,2,2,2,1],[2,2,2,2,2,2,2,2,2,1],[2,2,2,2,2,2,2,2,1,1],[2,2,2,2,2,2,2,2,1,1]]",d0663ce83f5d6f531d758b49acb90b017b61acdc3b2cf1f067f99ea610284905,15da216552b4cfea918047a7df61cbefcef1478be37754a079fdc1a1303a6d55,merged_copper_v5,"[0.0,3.0,6.0,9.0,12.0,15.0]",classified,6,0.5024501433434736,0.4511576448006166,0.5490700188941949,0.19486983015277137,0.8707406437252049,0.5770376597948731,3.914243053655852,B2,0.5770376597948731,8.16679070002283,3.1595408999710344,177.57593320001615,0.2210313999967184,189.84846550002112,25851,50472,1046,1080,42,4.2,completed,6,,,2026-08-08T20:21:25.337+02:00,2026-08-08T20:21:25.584+02:00,2026-08-08T20:24:41.640+02:00
188,S000188,band_supplement_300_20260808_001,C000187,candidate,a0853d456f3fa3e0b49ee37837260fd2ff6e77af0bba6a1e8b87357d02118c03,"[1,1,1,1,1,1,1,1,1,1,1,1,1,1,1,1,1,1,1,1,1,1,1,1,1,1,1,1,1,1,1,2,2,2,0,1,1,1,1,1,1,2,2,1,0,1,1,1,1,1,0,1,2,1,0,1,1,1,1,1,1,1,1,1,1,1,1,1,1,1,1,1,2,2,1,1,1,1,1,1,1,2,2,2,2,1,1,1,1,1,2,2,2,2,2,1,1,1,1,1,2,2,2,2,2,1,1,1,1,1,2,2,2,2,2,1,1,1,1,1,2,2,2,2,2,1,1,1,1,1,0,2,2,0,0,1,1,1,1,1,0,0,0,1,1,1,1,1,1,1,1,1,1,1,1,1,1,1,1,1,1,1,1,1,1,1,1,1,1,1,1,1,1,1,1,1,1,1,1,1]","[[1,1,1,1,1,1,1,1,1,1],[1,1,1,1,1,1,1,1,1,1],[1,1,1,1,1,1,1,1,1,1],[1,2,2,2,0,1,1,1,1,1],[1,2,2,1,0,1,1,1,1,1],[0,1,2,1,0,1,1,1,1,1],[1,1,1,1,1,1,1,1,1,1],[1,1,2,2,1,1,1,1,1,1],[1,2,2,2,2,1,1,1,1,1],[2,2,2,2,2,1,1,1,1,1],[2,2,2,2,2,1,1,1,1,1],[2,2,2,2,2,1,1,1,1,1],[2,2,2,2,2,1,1,1,1,1],[0,2,2,0,0,1,1,1,1,1],[0,0,0,1,1,1,1,1,1,1],[1,1,1,1,1,1,1,1,1,1],[1,1,1,1,1,1,1,1,1,1],[1,1,1,1,1,1,1,1,1,1]]",1154c608d96ab4df8f25834ee884a261692041cc0779d7421ba3ca1635b8c15e,15da216552b4cfea918047a7df61cbefcef1478be37754a079fdc1a1303a6d55,merged_copper_v5,"[0.0,3.0,6.0,9.0,12.0,15.0]",classified,6,0.5147924373023418,0.4795844270220492,0.5714194258462524,0.1783922842873229,0.8707406437252049,0.5912121376348708,3.7434868333045506,B2,0.5912121376348708,4.578564800001914,2.8950525999825913,108.51733379994403,0.19582799999625422,116.83391230003326,23434,45630,908,960,66,4.2,completed,6,,,2026-08-08T20:21:25.515+02:00,2026-08-08T20:21:25.602+02:00,2026-08-08T20:23:29.086+02:00
189,S000189,band_supplement_300_20260808_001,C000188,candidate,7a66ce219ffc342c14190f01b90118a489310e4d33a49fb6fc2bd0d1a7afef05,"[2,0,0,0,0,0,0,0,0,0,2,0,0,0,0,0,0,0,0,0,2,2,2,2,2,0,0,0,0,0,2,2,2,0,2,0,0,0,0,0,2,2,2,0,2,0,0,0,0,0,2,2,2,0,2,0,0,0,0,0,2,0,2,0,0,0,0,0,0,0,0,0,0,0,0,0,0,0,0,0,0,0,0,0,0,0,0,0,0,0,0,0,0,0,0,0,0,0,0,0,0,0,0,0,0,0,0,1,1,0,0,0,0,0,0,0,0,1,1,0,0,0,0,0,1,1,1,1,1,1,0,0,0,0,0,1,0,1,1,1,0,0,0,0,0,1,1,1,1,1,0,0,0,0,0,1,1,1,1,1,0,0,0,0,1,1,1,1,1,1,0,0,0,0,0,1,1,1,1,1]","[[2,0,0,0,0,0,0,0,0,0],[2,0,0,0,0,0,0,0,0,0],[2,2,2,2,2,0,0,0,0,0],[2,2,2,0,2,0,0,0,0,0],[2,2,2,0,2,0,0,0,0,0],[2,2,2,0,2,0,0,0,0,0],[2,0,2,0,0,0,0,0,0,0],[0,0,0,0,0,0,0,0,0,0],[0,0,0,0,0,0,0,0,0,0],[0,0,0,0,0,0,0,0,0,0],[0,0,0,0,0,0,0,1,1,0],[0,0,0,0,0,0,0,1,1,0],[0,0,0,0,1,1,1,1,1,1],[0,0,0,0,0,1,0,1,1,1],[0,0,0,0,0,1,1,1,1,1],[0,0,0,0,0,1,1,1,1,1],[0,0,0,0,1,1,1,1,1,1],[0,0,0,0,0,1,1,1,1,1]]",f69837d362a5f01796f2ac15bc5347008bdeeee64ffa11e2da298de464e4c3ec,15da216552b4cfea918047a7df61cbefcef1478be37754a079fdc1a1303a6d55,merged_copper_v5,"[0.0,3.0,6.0,9.0,12.0,15.0]",classified,6,0.11387060628398908,0.1097283670086893,0.1176485567740944,0.06955429521164078,0.8707406437252049,0.13077442416932275,8.646171731958278,B1,0.13077442416932275,6.441204100003233,3.050712400028715,49.09959379999782,0.24127410002984107,59.563290899968706,23705,46182,872,900,42,4.2,completed,6,,,2026-08-08T20:24:41.976+02:00,2026-08-08T20:24:42.499+02:00,2026-08-08T20:25:49.514+02:00
190,S000190,band_supplement_300_20260808_001,C000189,candidate,b16c9481cf135db2e8473a8fcc3a8f4e7db03e9dec0fc547e5c6805e7175582c,"[2,2,2,1,1,1,1,1,1,1,2,2,1,1,1,1,1,1,1,1,2,2,2,2,2,1,1,1,0,0,2,2,2,2,2,1,1,1,1,1,2,2,2,2,2,1,1,1,2,1,0,0,0,0,0,0,1,1,2,2,0,0,0,0,0,1,1,1,2,1,0,0,0,0,0,1,1,1,1,1,0,0,0,0,0,2,1,1,1,1,0,0,2,2,2,2,1,1,1,1,2,2,2,2,2,2,1,1,1,1,2,2,2,2,2,2,1,1,1,1,2,2,2,2,2,2,1,0,1,1,2,2,2,1,2,2,1,1,1,1,0,1,1,1,2,2,1,1,1,1,0,1,1,1,1,1,1,1,1,1,0,0,1,1,1,1,1,1,1,1,1,1,1,1,1,1,1,1,1,1]","[[2,2,2,1,1,1,1,1,1,1],[2,2,1,1,1,1,1,1,1,1],[2,2,2,2,2,1,1,1,0,0],[2,2,2,2,2,1,1,1,1,1],[2,2,2,2,2,1,1,1,2,1],[0,0,0,0,0,0,1,1,2,2],[0,0,0,0,0,1,1,1,2,1],[0,0,0,0,0,1,1,1,1,1],[0,0,0,0,0,2,1,1,1,1],[0,0,2,2,2,2,1,1,1,1],[2,2,2,2,2,2,1,1,1,1],[2,2,2,2,2,2,1,1,1,1],[2,2,2,2,2,2,1,0,1,1],[2,2,2,1,2,2,1,1,1,1],[0,1,1,1,2,2,1,1,1,1],[0,1,1,1,1,1,1,1,1,1],[0,0,1,1,1,1,1,1,1,1],[1,1,1,1,1,1,1,1,1,1]]",da20263f279768f8f9af7743fa5f218a5fdd83d2a7c9586b102659c47adf947a,15da216552b4cfea918047a7df61cbefcef1478be37754a079fdc1a1303a6d55,merged_copper_v5,"[0.0,3.0,6.0,9.0,12.0,15.0]",classified,6,0.6705965540225395,0.5678086340503651,0.7747158749258596,0.30854205801442297,0.8707406437252049,0.7701450011034188,1.92608514802918,B4,0.7701450011034188,11.260252299980493,3.46917399999802,343.090184199973,0.24360600000363775,358.84770109999226,28841,56450,1172,1224,78,4.2,completed,6,,,2026-08-08T20:24:42.087+02:00,2026-08-08T20:24:42.511+02:00,2026-08-08T20:30:48.990+02:00
191,S000191,band_supplement_300_20260808_001,C000190,candidate,12b7509f59004103ec974178dd1c6ae5669e16283d3a93e8a28a6694d2e3d0ba,"[2,2,2,2,2,2,2,1,1,1,2,2,2,2,2,2,2,2,1,1,2,2,2,0,0,1,1,1,1,1,2,1,2,2,0,1,1,1,1,1,2,1,1,1,1,1,1,1,1,1,2,2,1,1,0,0,1,1,1,1,1,1,1,1,1,1,1,1,1,1,0,1,1,1,1,0,1,1,1,1,1,1,1,1,0,1,1,1,1,1,1,1,1,1,1,1,1,1,1,1,1,1,1,1,1,1,1,1,1,1,1,1,1,1,1,1,1,1,1,1,0,1,1,1,1,1,1,1,1,1,0,0,1,1,1,1,1,1,1,1,0,0,1,1,1,1,0,1,0,1,0,0,1,1,0,0,0,1,1,1,0,0,0,0,0,0,0,1,1,1,0,0,0,0,0,0,0,0,1,1]","[[2,2,2,2,2,2,2,1,1,1],[2,2,2,2,2,2,2,2,1,1],[2,2,2,0,0,1,1,1,1,1],[2,1,2,2,0,1,1,1,1,1],[2,1,1,1,1,1,1,1,1,1],[2,2,1,1,0,0,1,1,1,1],[1,1,1,1,1,1,1,1,1,1],[0,1,1,1,1,0,1,1,1,1],[1,1,1,1,0,1,1,1,1,1],[1,1,1,1,1,1,1,1,1,1],[1,1,1,1,1,1,1,1,1,1],[1,1,1,1,1,1,1,1,1,1],[0,1,1,1,1,1,1,1,1,1],[0,0,1,1,1,1,1,1,1,1],[0,0,1,1,1,1,0,1,0,1],[0,0,1,1,0,0,0,1,1,1],[0,0,0,0,0,0,0,1,1,1],[0,0,0,0,0,0,0,0,1,1]]",4749d832f78b01d315ab682ad2881bb0cc686d0be80b6adcc61438e67f4814d2,15da216552b4cfea918047a7df61cbefcef1478be37754a079fdc1a1303a6d55,merged_copper_v5,"[0.0,3.0,6.0,9.0,12.0,15.0]",classified,6,0.6122515143915896,0.4461195491606472,0.734058874577066,0.47029581576870677,0.8707406437252049,0.7031387805354458,2.817151901170337,B4,0.7031387805354458,7.415043400018476,2.9806802999519277,205.33164560000296,0.22221950002131052,216.66228890002822,24668,48104,974,1020,72,4.2,completed,6,,,2026-08-08T20:24:42.202+02:00,2026-08-08T20:24:42.541+02:00,2026-08-08T20:28:26.539+02:00
192,S000192,band_supplement_300_20260808_001,C000191,candidate,1045b5360771f4fcfaedaf1247fe3deeb70f981a17b87720d83092ccab3a2ff7,"[0,1,1,1,1,1,1,1,1,1,0,1,1,0,0,0,0,0,1,1,0,0,0,0,0,0,0,0,1,1,0,2,2,2,0,0,0,0,1,1,0,2,2,2,2,2,2,2,1,1,0,0,2,2,2,2,2,2,1,1,0,0,0,2,2,2,2,2,1,1,0,0,2,2,2,2,0,0,0,1,0,2,2,2,2,1,0,0,0,1,2,2,2,2,2,1,1,1,0,1,2,2,2,2,2,1,1,1,1,1,2,2,2,2,2,1,1,1,1,1,2,2,2,2,2,1,1,1,1,1,0,2,2,0,0,1,1,1,1,1,0,0,0,1,2,1,1,1,1,1,1,1,1,1,2,2,2,2,1,1,1,1,1,1,2,2,2,1,1,1,1,1,1,1,1,1,2,2,1,1]","[[0,1,1,1,1,1,1,1,1,1],[0,1,1,0,0,0,0,0,1,1],[0,0,0,0,0,0,0,0,1,1],[0,2,2,2,0,0,0,0,1,1],[0,2,2,2,2,2,2,2,1,1],[0,0,2,2,2,2,2,2,1,1],[0,0,0,2,2,2,2,2,1,1],[0,0,2,2,2,2,0,0,0,1],[0,2,2,2,2,1,0,0,0,1],[2,2,2,2,2,1,1,1,0,1],[2,2,2,2,2,1,1,1,1,1],[2,2,2,2,2,1,1,1,1,1],[2,2,2,2,2,1,1,1,1,1],[0,2,2,0,0,1,1,1,1,1],[0,0,0,1,2,1,1,1,1,1],[1,1,1,1,2,2,2,2,1,1],[1,1,1,1,2,2,2,1,1,1],[1,1,1,1,1,1,2,2,1,1]]",de14d53c44397d0c1d4605e1474e3088ea7c41d327eb089c075c9520e6ebe639,15da216552b4cfea918047a7df61cbefcef1478be37754a079fdc1a1303a6d55,merged_copper_v5,"[0.0,3.0,6.0,9.0,12.0,15.0]",classified,6,0.4544327312499934,0.3046410305728381,0.6089495140650023,0.6696447297163493,0.8707406437252049,0.5218921782562465,4.989235604387933,B2,0.5218921782562465,12.769931399991037,4.021429500018712,270.49873810005374,0.2846061999734957,288.48180469998624,32620,64010,1328,1386,72,4.2,completed,6,,,2026-08-08T20:24:42.319+02:00,2026-08-08T20:24:42.562+02:00,2026-08-08T20:29:38.512+02:00
193,S000193,band_supplement_300_20260808_001,C000192,candidate,c064aa944292686d204909f6ab11fe08bf1474c2503aabc04512f053d26fece0,"[2,0,0,0,0,0,0,1,1,1,2,0,0,0,0,0,0,1,1,1,2,2,2,2,2,1,0,1,1,1,2,2,2,0,2,1,1,1,1,1,2,2,2,0,2,1,1,1,1,1,2,2,2,0,2,1,1,1,1,1,2,0,2,0,1,1,1,1,1,1,0,0,0,0,0,1,1,1,1,1,0,0,0,0,0,0,1,1,1,1,0,0,0,0,0,1,1,1,1,1,0,0,0,0,0,0,1,1,1,1,0,0,0,0,0,0,1,1,1,1,0,0,0,0,1,1,1,1,1,1,0,0,0,0,0,1,0,1,1,1,0,0,0,0,0,1,1,1,1,1,0,0,0,0,0,1,1,1,1,1,0,0,0,0,1,1,1,1,1,1,0,0,0,0,0,1,1,1,1,1]","[[2,0,0,0,0,0,0,1,1,1],[2,0,0,0,0,0,0,1,1,1],[2,2,2,2,2,1,0,1,1,1],[2,2,2,0,2,1,1,1,1,1],[2,2,2,0,2,1,1,1,1,1],[2,2,2,0,2,1,1,1,1,1],[2,0,2,0,1,1,1,1,1,1],[0,0,0,0,0,1,1,1,1,1],[0,0,0,0,0,0,1,1,1,1],[0,0,0,0,0,1,1,1,1,1],[0,0,0,0,0,0,1,1,1,1],[0,0,0,0,0,0,1,1,1,1],[0,0,0,0,1,1,1,1,1,1],[0,0,0,0,0,1,0,1,1,1],[0,0,0,0,0,1,1,1,1,1],[0,0,0,0,0,1,1,1,1,1],[0,0,0,0,1,1,1,1,1,1],[0,0,0,0,0,1,1,1,1,1]]",69e63337feb0261902808f989e0c94b9dc53d5f1af8cad6754fd301034fbad9e,15da216552b4cfea918047a7df61cbefcef1478be37754a079fdc1a1303a6d55,merged_copper_v5,"[0.0,3.0,6.0,9.0,12.0,15.0]",classified,6,0.5980624041674979,0.4169388202642374,0.7157931421343015,0.49970424455298923,0.8707406437252049,0.6868433309933321,3.023924207755766,B3,0.6868433309933321,6.622763899998972,3.1432873999583535,126.30540000001201,0.232837399962591,137.07396589996642,25632,50026,914,948,48,4.2,completed,6,,,2026-08-08T20:24:42.441+02:00,2026-08-08T20:24:42.594+02:00,2026-08-08T20:27:08.785+02:00
194,S000194,band_supplement_300_20260808_001,C000193,candidate,f6dd40d48f8158422cf4b4e636c292c7affda048b4b86b67905fc832438fda6e,"[2,2,2,2,2,2,2,1,1,1,2,2,2,2,2,2,2,2,1,1,2,2,2,0,0,1,1,1,1,1,2,1,2,2,0,1,1,1,1,1,2,1,1,1,1,1,1,1,1,1,2,2,1,1,0,0,1,1,1,1,1,1,1,1,1,1,1,1,1,1,0,1,1,1,1,0,1,1,1,1,1,1,1,1,0,1,1,1,1,1,1,1,1,1,0,0,1,1,1,1,1,1,1,1,1,0,1,1,0,1,1,1,1,1,1,0,1,1,0,1,0,1,1,1,1,1,0,0,1,1,0,0,1,1,1,1,0,0,1,1,0,0,1,0,1,0,0,0,0,1,0,0,1,1,1,0,0,0,0,1,0,0,0,0,0,0,0,0,1,1,0,0,0,0,0,0,0,0,1,1]","[[2,2,2,2,2,2,2,1,1,1],[2,2,2,2,2,2,2,2,1,1],[2,2,2,0,0,1,1,1,1,1],[2,1,2,2,0,1,1,1,1,1],[2,1,1,1,1,1,1,1,1,1],[2,2,1,1,0,0,1,1,1,1],[1,1,1,1,1,1,1,1,1,1],[0,1,1,1,1,0,1,1,1,1],[1,1,1,1,0,1,1,1,1,1],[1,1,1,1,0,0,1,1,1,1],[1,1,1,1,1,0,1,1,0,1],[1,1,1,1,1,0,1,1,0,1],[0,1,1,1,1,1,0,0,1,1],[0,0,1,1,1,1,0,0,1,1],[0,0,1,0,1,0,0,0,0,1],[0,0,1,1,1,0,0,0,0,1],[0,0,0,0,0,0,0,0,1,1],[0,0,0,0,0,0,0,0,1,1]]",73b631e95157e8ca5d33029dca41566b356f9effcd40b7e564c7654bb13971aa,15da216552b4cfea918047a7df61cbefcef1478be37754a079fdc1a1303a6d55,merged_copper_v5,"[0.0,3.0,6.0,9.0,12.0,15.0]",classified,6,0.6124091070158464,0.4463345777816803,0.7344824445300785,0.47051531965696625,0.8707406437252049,0.7033197674060971,2.8154014972553885,B4,0.7033197674060971,2.564968199993018,3.1630978000175674,290.11799919998157,0.24768840003525838,296.8470958999533,28054,54868,1082,1140,78,4.2,completed,6,,,2026-08-08T20:30:49.291+02:00,2026-08-08T20:30:49.341+02:00,2026-08-08T20:35:52.159+02:00
195,S000195,band_supplement_300_20260808_001,C000194,candidate,573ea5fe5cd87894cd277c21f8d28c0d2bf02826ae2d6e8933632a905a047525,"[2,2,1,1,1,1,1,1,1,1,2,2,2,1,1,1,1,1,1,1,2,2,2,2,2,1,1,1,1,1,2,2,2,2,2,1,1,1,1,1,2,2,2,2,2,1,1,1,1,1,2,2,2,2,2,2,1,1,1,1,2,2,2,2,2,2,1,1,1,1,2,2,2,2,2,2,1,2,1,1,2,2,2,2,2,2,1,2,1,1,0,2,2,2,2,0,2,2,1,1,0,0,2,2,2,0,1,2,1,1,0,0,0,0,0,0,1,1,1,1,0,0,0,0,0,1,1,1,1,1,0,0,0,1,0,1,0,1,1,1,0,0,0,1,1,1,1,1,1,1,0,0,1,1,1,1,1,1,1,1,0,0,0,0,1,1,1,1,1,1,0,0,0,0,1,1,1,1,1,1]","[[2,2,1,1,1,1,1,1,1,1],[2,2,2,1,1,1,1,1,1,1],[2,2,2,2,2,1,1,1,1,1],[2,2,2,2,2,1,1,1,1,1],[2,2,2,2,2,1,1,1,1,1],[2,2,2,2,2,2,1,1,1,1],[2,2,2,2,2,2,1,1,1,1],[2,2,2,2,2,2,1,2,1,1],[2,2,2,2,2,2,1,2,1,1],[0,2,2,2,2,0,2,2,1,1],[0,0,2,2,2,0,1,2,1,1],[0,0,0,0,0,0,1,1,1,1],[0,0,0,0,0,1,1,1,1,1],[0,0,0,1,0,1,0,1,1,1],[0,0,0,1,1,1,1,1,1,1],[0,0,1,1,1,1,1,1,1,1],[0,0,0,0,1,1,1,1,1,1],[0,0,0,0,1,1,1,1,1,1]]",bff4f1a708044c72fac6ec2fe63bea10c8e1858095021afd6e73e12a6b0ed779,15da216552b4cfea918047a7df61cbefcef1478be37754a079fdc1a1303a6d55,merged_copper_v5,"[0.0,3.0,6.0,9.0,12.0,15.0]",classified,6,0.6648644808869918,0.5799215690551468,0.6869319348441936,0.16095064312397148,0.8707406437252049,0.7635620154843891,1.850144647333075,B4,0.7635620154843891,11.303511400008574,3.428818299958948,267.14300719997846,0.23721540000406094,282.92225960007636,28371,55514,1034,1068,54,4.2,completed,6,,,2026-08-08T20:35:52.470+02:00,2026-08-08T20:35:53.106+02:00,2026-08-08T20:40:42.534+02:00
196,S000196,band_supplement_300_20260808_001,C000195,candidate,86ff34dc55c1a4f6f6a63f63fc138f69f81223759775cf84c20ce5ba4b50405d,"[2,2,1,1,1,1,1,1,1,1,2,2,2,1,1,1,1,1,1,1,2,2,2,2,2,1,1,1,1,1,2,2,2,2,2,1,1,1,1,1,2,2,2,2,2,1,1,1,1,1,2,2,2,2,2,2,1,1,1,1,2,2,2,2,2,2,1,1,1,1,2,2,2,2,2,2,1,1,1,1,2,2,2,2,2,2,1,1,1,1,0,2,2,2,2,0,1,1,1,1,0,0,2,2,2,0,1,1,1,1,0,0,0,0,0,0,1,1,1,1,0,0,0,0,0,1,1,1,1,1,0,0,0,1,0,1,0,1,1,1,0,0,0,1,1,1,1,1,1,1,0,0,0,0,1,1,1,1,1,1,0,0,0,0,1,1,1,1,1,1,0,0,0,0,1,1,1,1,1,1]","[[2,2,1,1,1,1,1,1,1,1],[2,2,2,1,1,1,1,1,1,1],[2,2,2,2,2,1,1,1,1,1],[2,2,2,2,2,1,1,1,1,1],[2,2,2,2,2,1,1,1,1,1],[2,2,2,2,2,2,1,1,1,1],[2,2,2,2,2,2,1,1,1,1],[2,2,2,2,2,2,1,1,1,1],[2,2,2,2,2,2,1,1,1,1],[0,2,2,2,2,0,1,1,1,1],[0,0,2,2,2,0,1,1,1,1],[0,0,0,0,0,0,1,1,1,1],[0,0,0,0,0,1,1,1,1,1],[0,0,0,1,0,1,0,1,1,1],[0,0,0,1,1,1,1,1,1,1],[0,0,0,0,1,1,1,1,1,1],[0,0,0,0,1,1,1,1,1,1],[0,0,0,0,1,1,1,1,1,1]]",2eac2abad90f674cdcb86fff248602ccb78cd2ed9db138ca610eb70d52ecee04,15da216552b4cfea918047a7df61cbefcef1478be37754a079fdc1a1303a6d55,merged_copper_v5,"[0.0,3.0,6.0,9.0,12.0,15.0]",classified,6,0.6913092331787478,0.6106202732179148,0.713598056965462,0.1489605212909413,0.8707406437252049,0.7939324277102615,1.5075951218530943,B4,0.7939324277102615,10.067441299994243,3.069982599990908,147.2112180000404,0.2205567000200972,161.26835750002647,23681,46126,866,894,42,4.2,completed,6,,,2026-08-08T20:35:52.703+02:00,2026-08-08T20:35:53.122+02:00,2026-08-08T20:38:42.972+02:00
197,S000197,band_supplement_300_20260808_001,C000196,candidate,3d447c7f00e57cc0dc34cda1bb8b3018fdacdaf11795decd460cfbe887f1f255,"[0,1,1,1,1,1,1,1,1,1,0,1,1,0,0,0,0,1,1,1,0,0,0,0,0,0,0,1,1,1,0,2,2,2,0,0,0,0,1,1,0,2,2,2,1,1,1,1,1,1,0,2,2,1,1,1,1,1,1,1,2,2,2,2,2,1,1,1,1,1,2,2,2,2,1,1,1,1,1,1,2,2,2,2,2,1,1,1,1,1,2,2,2,2,2,1,1,1,1,1,2,2,2,2,2,1,1,1,1,1,2,2,2,2,2,1,1,1,1,1,2,2,2,2,2,1,1,1,1,1,0,2,2,0,0,1,1,1,1,1,0,0,0,1,1,1,1,1,1,1,1,1,1,1,1,1,1,1,1,1,1,1,1,1,1,1,1,1,1,1,1,1,1,1,1,1,1,1,1,1]","[[0,1,1,1,1,1,1,1,1,1],[0,1,1,0,0,0,0,1,1,1],[0,0,0,0,0,0,0,1,1,1],[0,2,2,2,0,0,0,0,1,1],[0,2,2,2,1,1,1,1,1,1],[0,2,2,1,1,1,1,1,1,1],[2,2,2,2,2,1,1,1,1,1],[2,2,2,2,1,1,1,1,1,1],[2,2,2,2,2,1,1,1,1,1],[2,2,2,2,2,1,1,1,1,1],[2,2,2,2,2,1,1,1,1,1],[2,2,2,2,2,1,1,1,1,1],[2,2,2,2,2,1,1,1,1,1],[0,2,2,0,0,1,1,1,1,1],[0,0,0,1,1,1,1,1,1,1],[1,1,1,1,1,1,1,1,1,1],[1,1,1,1,1,1,1,1,1,1],[1,1,1,1,1,1,1,1,1,1]]",da014d212baca2bf967287cbe0cfb7760bd51dbc3f25872f2506c95cae6a83ec,15da216552b4cfea918047a7df61cbefcef1478be37754a079fdc1a1303a6d55,merged_copper_v5,"[0.0,3.0,6.0,9.0,12.0,15.0]",classified,6,0.6798020423709382,0.5354362258543611,0.7875592291927209,0.3708770901291104,0.8707406437252049,0.7807170220774436,1.8733515757888834,B4,0.7807170220774436,9.766573500004597,3.1738739000284113,125.87023410000256,0.22901410004124045,139.74452440007008,23521,45804,944,984,48,4.2,completed,6,,,2026-08-08T20:35:52.819+02:00,2026-08-08T20:35:53.148+02:00,2026-08-08T20:38:20.141+02:00
198,S000198,band_supplement_300_20260808_001,C000197,candidate,15241f76ff654b6554d0e4149ae051890d5144b7d10afd9a64b1b15a9bc0522f,"[2,2,1,1,1,1,1,1,1,1,2,2,2,1,1,1,1,1,1,1,2,0,2,0,0,1,1,1,1,1,2,2,2,0,0,1,1,1,1,1,2,0,2,0,0,1,1,1,1,1,2,0,0,0,0,0,1,1,1,1,2,0,0,0,0,0,1,1,1,1,2,2,0,0,0,0,1,1,1,1,2,2,0,0,0,0,1,1,1,1,0,0,0,0,0,0,1,1,1,1,0,0,0,0,0,0,1,1,1,1,0,0,0,0,0,0,1,1,1,1,0,0,0,0,0,1,1,1,1,1,0,0,0,1,0,1,0,1,1,1,0,0,0,1,1,1,1,1,1,1,0,0,1,1,1,1,1,1,1,1,0,0,0,0,1,1,1,1,1,1,0,0,0,0,1,1,1,1,1,1]","[[2,2,1,1,1,1,1,1,1,1],[2,2,2,1,1,1,1,1,1,1],[2,0,2,0,0,1,1,1,1,1],[2,2,2,0,0,1,1,1,1,1],[2,0,2,0,0,1,1,1,1,1],[2,0,0,0,0,0,1,1,1,1],[2,0,0,0,0,0,1,1,1,1],[2,2,0,0,0,0,1,1,1,1],[2,2,0,0,0,0,1,1,1,1],[0,0,0,0,0,0,1,1,1,1],[0,0,0,0,0,0,1,1,1,1],[0,0,0,0,0,0,1,1,1,1],[0,0,0,0,0,1,1,1,1,1],[0,0,0,1,0,1,0,1,1,1],[0,0,0,1,1,1,1,1,1,1],[0,0,1,1,1,1,1,1,1,1],[0,0,0,0,1,1,1,1,1,1],[0,0,0,0,1,1,1,1,1,1]]",0411fa8da2bb9f7b16b12855f79f563d6fc99073964b54375193847edd764540,15da216552b4cfea918047a7df61cbefcef1478be37754a079fdc1a1303a6d55,merged_copper_v5,"[0.0,3.0,6.0,9.0,12.0,15.0]",classified,6,0.7042920673888095,0.6372124808473494,0.7230144598131921,0.12182726874087473,0.8707406437252049,0.8088425324626002,1.3181764416772588,B5,0.8088425324626002,6.340250400011428,3.2924480999354273,187.64649620003183,0.2378395000123419,198.2673767999804,25808,50388,938,966,54,4.2,completed,6,,,2026-08-08T20:35:52.935+02:00,2026-08-08T20:35:53.164+02:00,2026-08-08T20:39:19.448+02:00
199,S000199,band_supplement_300_20260808_001,C000198,candidate,953c08657bcc6f66da3cfdde99471b9dcdba1810d3c6620302e17f9f654d9b7e,"[2,2,1,1,1,1,1,1,1,1,2,2,2,1,1,1,1,1,1,1,2,0,2,2,2,1,1,1,1,1,2,2,2,2,2,1,1,1,1,1,2,2,2,2,2,1,1,1,1,1,2,2,2,2,2,2,1,1,1,1,2,2,2,2,2,2,1,1,1,1,2,2,2,2,2,2,1,1,1,1,2,2,2,2,2,2,1,1,1,1,0,2,2,2,2,0,1,1,1,1,0,0,2,2,2,0,1,1,1,1,0,0,0,0,0,0,1,1,1,1,0,0,0,0,0,0,1,1,1,1,0,0,0,1,0,1,0,1,1,1,0,0,0,1,1,1,1,1,1,1,0,0,1,1,1,1,1,1,1,1,0,0,0,0,1,1,1,1,1,1,0,0,0,0,1,1,1,1,1,1]","[[2,2,1,1,1,1,1,1,1,1],[2,2,2,1,1,1,1,1,1,1],[2,0,2,2,2,1,1,1,1,1],[2,2,2,2,2,1,1,1,1,1],[2,2,2,2,2,1,1,1,1,1],[2,2,2,2,2,2,1,1,1,1],[2,2,2,2,2,2,1,1,1,1],[2,2,2,2,2,2,1,1,1,1],[2,2,2,2,2,2,1,1,1,1],[0,2,2,2,2,0,1,1,1,1],[0,0,2,2,2,0,1,1,1,1],[0,0,0,0,0,0,1,1,1,1],[0,0,0,0,0,0,1,1,1,1],[0,0,0,1,0,1,0,1,1,1],[0,0,0,1,1,1,1,1,1,1],[0,0,1,1,1,1,1,1,1,1],[0,0,0,0,1,1,1,1,1,1],[0,0,0,0,1,1,1,1,1,1]]",61c41e3b12b8ca43b12d08843a51a2a1d6640cb21a7682b82ee2cfecb0e5beb9,15da216552b4cfea918047a7df61cbefcef1478be37754a079fdc1a1303a6d55,merged_copper_v5,"[0.0,3.0,6.0,9.0,12.0,15.0]",classified,6,0.6966047973110795,0.615766348498238,0.7195286656118606,0.14895435333513207,0.8707406437252049,0.800014105613427,1.441394402243139,B5,0.800014105613427,10.887515799986431,3.372359599947231,125.28339439997217,0.25575760001083836,140.5442121999804,25806,50382,968,1002,54,4.2,completed,6,,,2026-08-08T20:35:53.046+02:00,2026-08-08T20:35:53.189+02:00,2026-08-08T20:38:22.064+02:00
200,S000200,band_supplement_300_20260808_001,C000199,candidate,5d93d6a0553fc10cbefc3af50e00c23f112613eea010736cd36a784f43943f40,"[0,1,1,1,1,1,1,1,1,1,0,1,1,0,0,0,0,1,1,1,0,0,1,1,0,0,0,1,1,1,0,2,2,2,0,0,0,0,1,1,0,2,2,2,1,1,1,1,1,1,0,1,2,1,1,1,1,1,1,1,1,1,1,1,1,1,1,1,1,1,1,1,2,2,1,1,1,1,1,1,1,2,2,2,2,1,1,1,1,1,2,2,2,2,2,1,1,1,1,1,2,2,2,2,2,1,1,1,1,1,2,2,2,2,2,1,1,1,1,1,2,2,2,2,2,1,1,1,1,1,0,2,2,0,0,1,1,1,1,1,0,0,0,1,1,1,1,1,1,1,1,1,1,1,1,1,1,1,1,1,1,1,1,1,1,1,1,1,1,1,1,1,1,1,1,1,1,1,1,1]","[[0,1,1,1,1,1,1,1,1,1],[0,1,1,0,0,0,0,1,1,1],[0,0,1,1,0,0,0,1,1,1],[0,2,2,2,0,0,0,0,1,1],[0,2,2,2,1,1,1,1,1,1],[0,1,2,1,1,1,1,1,1,1],[1,1,1,1,1,1,1,1,1,1],[1,1,2,2,1,1,1,1,1,1],[1,2,2,2,2,1,1,1,1,1],[2,2,2,2,2,1,1,1,1,1],[2,2,2,2,2,1,1,1,1,1],[2,2,2,2,2,1,1,1,1,1],[2,2,2,2,2,1,1,1,1,1],[0,2,2,0,0,1,1,1,1,1],[0,0,0,1,1,1,1,1,1,1],[1,1,1,1,1,1,1,1,1,1],[1,1,1,1,1,1,1,1,1,1],[1,1,1,1,1,1,1,1,1,1]]",03d48083d96a781e2a71d2257fc9b99360fa521758c877a538bde8223424b0b0,15da216552b4cfea918047a7df61cbefcef1478be37754a079fdc1a1303a6d55,merged_copper_v5,"[0.0,3.0,6.0,9.0,12.0,15.0]",classified,6,0.6892454071598301,0.5558165892614768,0.7879785439697918,0.3368349680630932,0.8707406437252049,0.7915622316779639,1.7212673938617182,B4,0.7915622316779639,4.55459700000938,2.9910327999969013,193.56396500000847,0.2133176000788808,202.01447630001348,24836,48444,974,1026,66,4.2,completed,6,,,2026-08-08T20:40:42.821+02:00,2026-08-08T20:40:43.106+02:00,2026-08-08T20:44:11.211+02:00
201,S000201,band_supplement_300_20260808_001,C000200,candidate,cd77cdcbe3ec91458f11392123c22b5648cf88a87caffd4a826360b0f862a6a5,"[2,1,1,1,1,1,1,1,1,1,2,1,1,1,1,1,1,1,1,1,2,2,2,0,0,1,1,1,1,1,2,0,2,2,1,1,1,1,1,1,0,0,0,0,0,0,0,0,1,1,0,0,0,0,0,0,0,0,1,1,0,0,0,0,0,0,0,1,1,1,0,0,0,0,0,0,1,1,1,1,1,0,0,1,0,1,1,1,1,1,1,1,1,1,1,1,1,1,1,1,1,0,0,1,1,1,1,1,1,1,1,0,0,0,1,1,1,1,1,1,0,0,1,1,1,1,1,0,1,1,0,0,1,1,1,1,1,1,1,1,0,0,1,1,1,1,1,1,0,1,0,0,1,1,1,1,1,1,0,1,0,0,0,0,0,1,1,1,1,1,0,0,0,0,0,0,1,1,1,1]","[[2,1,1,1,1,1,1,1,1,1],[2,1,1,1,1,1,1,1,1,1],[2,2,2,0,0,1,1,1,1,1],[2,0,2,2,1,1,1,1,1,1],[0,0,0,0,0,0,0,0,1,1],[0,0,0,0,0,0,0,0,1,1],[0,0,0,0,0,0,0,1,1,1],[0,0,0,0,0,0,1,1,1,1],[1,0,0,1,0,1,1,1,1,1],[1,1,1,1,1,1,1,1,1,1],[1,0,0,1,1,1,1,1,1,1],[1,0,0,0,1,1,1,1,1,1],[0,0,1,1,1,1,1,0,1,1],[0,0,1,1,1,1,1,1,1,1],[0,0,1,1,1,1,1,1,0,1],[0,0,1,1,1,1,1,1,0,1],[0,0,0,0,0,1,1,1,1,1],[0,0,0,0,0,0,1,1,1,1]]",c99f1aee9fd47ef6a5f624154c4c3b76405cc660a641637a02564a414a75dfd8,15da216552b4cfea918047a7df61cbefcef1478be37754a079fdc1a1303a6d55,merged_copper_v5,"[0.0,3.0,6.0,9.0,12.0,15.0]",classified,6,0.7118916021190476,0.6610927576937282,0.7434547127605081,0.11569451700458007,0.8707406437252049,0.817570199862764,1.2170495058129862,B5,0.817570199862764,2.378316200018162,2.8483968000509776,232.24227480002446,0.2101524999307003,238.34007490001386,23567,45898,884,924,60,4.2,completed,6,,,2026-08-08T20:40:42.930+02:00,2026-08-08T20:40:43.137+02:00,2026-08-08T20:44:47.866+02:00
202,S000202,band_supplement_300_20260808_001,C000201,candidate,2ee5513dec9152c04d9e368c6c12079832a2f569413a45c1f9b75c35ce4d9683,"[2,2,1,1,1,1,1,1,1,1,2,2,2,1,1,1,1,1,1,1,2,2,2,2,2,1,1,1,1,1,2,2,2,2,2,1,1,1,1,1,2,2,2,2,2,1,1,1,1,1,2,2,2,2,2,2,1,1,1,1,2,2,2,2,2,2,1,1,1,1,2,2,2,2,2,2,1,1,1,1,2,2,2,2,2,2,1,1,1,1,0,2,2,2,2,0,1,1,1,1,1,0,2,2,2,1,1,1,1,1,1,1,1,1,1,1,1,1,1,1,1,0,1,1,1,1,1,1,1,1,0,0,1,1,1,1,0,1,1,1,0,0,1,1,1,1,1,1,1,1,0,0,1,1,1,1,1,1,1,1,0,0,0,0,1,1,1,1,1,1,0,0,0,0,1,1,1,1,1,1]","[[2,2,1,1,1,1,1,1,1,1],[2,2,2,1,1,1,1,1,1,1],[2,2,2,2,2,1,1,1,1,1],[2,2,2,2,2,1,1,1,1,1],[2,2,2,2,2,1,1,1,1,1],[2,2,2,2,2,2,1,1,1,1],[2,2,2,2,2,2,1,1,1,1],[2,2,2,2,2,2,1,1,1,1],[2,2,2,2,2,2,1,1,1,1],[0,2,2,2,2,0,1,1,1,1],[1,0,2,2,2,1,1,1,1,1],[1,1,1,1,1,1,1,1,1,1],[1,0,1,1,1,1,1,1,1,1],[0,0,1,1,1,1,0,1,1,1],[0,0,1,1,1,1,1,1,1,1],[0,0,1,1,1,1,1,1,1,1],[0,0,0,0,1,1,1,1,1,1],[0,0,0,0,1,1,1,1,1,1]]",42b7cb4ddf6188a0d3617f0180e79b17fae33402195ba3d1919bc80566f0020f,15da216552b4cfea918047a7df61cbefcef1478be37754a079fdc1a1303a6d55,merged_copper_v5,"[0.0,3.0,6.0,9.0,12.0,15.0]",classified,6,0.8380911977035383,0.7737114619700639,0.9270440766319072,0.182954569958486,0.8707406437252049,0.962503822169153,0.18295458525498615,B6,0.962503822169153,5.101135700009763,2.789032600034261,192.827265800006,0.2059109999681823,201.58778890001122,23224,45204,854,900,60,4.2,completed,6,,,2026-08-08T20:40:43.059+02:00,2026-08-08T20:40:43.159+02:00,2026-08-08T20:44:11.463+02:00
203,S000203,band_supplement_300_20260808_001,C000202,candidate,dd919df7654bd63f61f44e9d5e93f3c2b252d622591b12e1ec724291ef191527,"[2,1,1,1,1,1,1,1,1,1,2,1,1,1,1,1,1,1,1,1,2,2,2,2,2,1,1,1,1,1,2,2,2,2,2,1,1,1,1,1,2,2,2,2,2,1,1,1,1,1,2,0,0,2,2,2,1,1,1,1,2,2,2,2,2,2,1,1,1,1,2,2,2,2,2,2,1,1,1,1,2,2,2,2,2,2,1,1,1,1,0,2,2,2,2,1,1,1,1,1,0,0,2,2,2,1,1,1,1,1,0,0,0,0,0,0,1,1,1,1,0,0,0,0,0,0,1,1,1,1,0,0,0,0,0,0,0,1,1,1,0,0,0,0,0,0,0,0,1,1,0,1,0,0,0,0,0,1,1,1,0,1,1,0,0,1,1,1,1,1,1,1,1,1,1,1,1,1,1,1]","[[2,1,1,1,1,1,1,1,1,1],[2,1,1,1,1,1,1,1,1,1],[2,2,2,2,2,1,1,1,1,1],[2,2,2,2,2,1,1,1,1,1],[2,2,2,2,2,1,1,1,1,1],[2,0,0,2,2,2,1,1,1,1],[2,2,2,2,2,2,1,1,1,1],[2,2,2,2,2,2,1,1,1,1],[2,2,2,2,2,2,1,1,1,1],[0,2,2,2,2,1,1,1,1,1],[0,0,2,2,2,1,1,1,1,1],[0,0,0,0,0,0,1,1,1,1],[0,0,0,0,0,0,1,1,1,1],[0,0,0,0,0,0,0,1,1,1],[0,0,0,0,0,0,0,0,1,1],[0,1,0,0,0,0,0,1,1,1],[0,1,1,0,0,1,1,1,1,1],[1,1,1,1,1,1,1,1,1,1]]",c1657cbe20122d94d76ef83c42ddd3aae3af052b5e22b51671bc94710309b28a,15da216552b4cfea918047a7df61cbefcef1478be37754a079fdc1a1303a6d55,merged_copper_v5,"[0.0,3.0,6.0,9.0,12.0,15.0]",classified,6,0.7849248297870767,0.7318276287091183,0.8308580753379656,0.12616551658292027,0.8707406437252049,0.9014450346879517,0.3146051595409625,B6,0.9014450346879517,5.59587650001049,3.0730126000125892,110.24824579997221,0.22420369999599643,119.83381940002437,25024,48818,992,1020,48,4.2,completed,6,,,2026-08-08T20:44:48.196+02:00,2026-08-08T20:44:48.458+02:00,2026-08-08T20:46:54.372+02:00
204,S000204,band_supplement_300_20260808_001,C000203,candidate,1227e120b5fb05dae27331be9c275497e72ea0223432c40c3c190b6ed39dbe3a,"[2,1,1,1,1,1,1,1,1,1,2,1,1,1,1,1,1,1,1,1,2,2,2,2,2,1,1,1,1,1,2,2,2,2,2,1,1,1,1,1,2,2,2,2,2,1,1,1,1,1,2,2,2,2,2,2,1,1,1,1,2,2,2,2,2,2,1,1,1,1,0,0,0,2,2,2,1,1,1,1,0,0,0,2,2,2,1,1,1,1,0,0,2,2,2,1,1,1,1,1,0,0,2,2,2,1,1,1,1,1,0,0,0,0,0,0,1,1,1,1,0,0,0,0,0,0,1,1,1,1,0,0,0,0,0,0,0,1,1,1,0,0,0,0,0,0,0,0,1,1,0,1,0,0,0,0,0,1,1,1,0,1,1,0,0,1,1,1,1,1,1,1,1,1,1,1,1,1,1,1]","[[2,1,1,1,1,1,1,1,1,1],[2,1,1,1,1,1,1,1,1,1],[2,2,2,2,2,1,1,1,1,1],[2,2,2,2,2,1,1,1,1,1],[2,2,2,2,2,1,1,1,1,1],[2,2,2,2,2,2,1,1,1,1],[2,2,2,2,2,2,1,1,1,1],[0,0,0,2,2,2,1,1,1,1],[0,0,0,2,2,2,1,1,1,1],[0,0,2,2,2,1,1,1,1,1],[0,0,2,2,2,1,1,1,1,1],[0,0,0,0,0,0,1,1,1,1],[0,0,0,0,0,0,1,1,1,1],[0,0,0,0,0,0,0,1,1,1],[0,0,0,0,0,0,0,0,1,1],[0,1,0,0,0,0,0,1,1,1],[0,1,1,0,0,1,1,1,1,1],[1,1,1,1,1,1,1,1,1,1]]",aa55c7c7e7983eb794074e48a8a84e825568e51c7733f3d8ed92714f52a3a452,15da216552b4cfea918047a7df61cbefcef1478be37754a079fdc1a1303a6d55,merged_copper_v5,"[0.0,3.0,6.0,9.0,12.0,15.0]",classified,6,0.7863264525000786,0.732852312419548,0.832228702923617,0.1263805766524929,0.8707406437252049,0.903054724924766,0.2972999356980125,B6,0.903054724924766,4.941060599987395,2.909674800001085,105.28635799998301,0.21264189999783412,113.99919039997621,23572,45900,908,936,36,4.2,completed,6,,,2026-08-08T20:44:48.295+02:00,2026-08-08T20:44:48.489+02:00,2026-08-08T20:46:49.641+02:00
205,S000205,band_supplement_300_20260808_001,C000204,candidate,0443f5e87458419887e6cfc293acf859b02f96453dcd8219c4d172176f1a810c,"[2,1,1,1,1,1,1,1,1,1,2,1,1,1,1,1,1,1,1,1,2,2,2,2,2,1,1,1,1,1,2,2,2,2,2,1,1,1,1,1,2,2,2,2,2,1,1,1,1,1,2,2,2,2,2,2,1,1,1,1,2,2,2,2,2,2,1,1,1,1,2,2,2,2,2,2,1,1,1,1,2,2,2,2,2,2,1,1,1,1,0,2,2,2,2,1,1,1,1,1,0,0,2,2,2,1,1,1,1,1,0,2,2,2,0,0,1,1,1,1,0,0,2,0,0,0,1,1,1,1,0,0,0,0,0,0,0,1,1,1,0,0,0,0,0,0,0,0,1,1,0,1,0,0,0,0,0,1,1,1,0,1,1,0,0,1,1,1,1,1,1,1,1,1,1,1,1,1,1,1]","[[2,1,1,1,1,1,1,1,1,1],[2,1,1,1,1,1,1,1,1,1],[2,2,2,2,2,1,1,1,1,1],[2,2,2,2,2,1,1,1,1,1],[2,2,2,2,2,1,1,1,1,1],[2,2,2,2,2,2,1,1,1,1],[2,2,2,2,2,2,1,1,1,1],[2,2,2,2,2,2,1,1,1,1],[2,2,2,2,2,2,1,1,1,1],[0,2,2,2,2,1,1,1,1,1],[0,0,2,2,2,1,1,1,1,1],[0,2,2,2,0,0,1,1,1,1],[0,0,2,0,0,0,1,1,1,1],[0,0,0,0,0,0,0,1,1,1],[0,0,0,0,0,0,0,0,1,1],[0,1,0,0,0,0,0,1,1,1],[0,1,1,0,0,1,1,1,1,1],[1,1,1,1,1,1,1,1,1,1]]",31f29d30942b59c84020348bfc589df2c5f03aaf9746c1ec62d68131fbbbd798,15da216552b4cfea918047a7df61cbefcef1478be37754a079fdc1a1303a6d55,merged_copper_v5,"[0.0,3.0,6.0,9.0,12.0,15.0]",classified,6,0.7849798082220979,0.7326318545661007,0.8300568808210224,0.12411150609794636,0.8707406437252049,0.9015081745395451,0.3118639186182233,B6,0.9015081745395451,5.956895399984205,3.171964199980721,127.4576460000244,0.22878139995737,137.55176710002706,26524,51818,992,1020,36,4.2,completed,6,,,2026-08-08T20:44:48.411+02:00,2026-08-08T20:44:48.512+02:00,2026-08-08T20:47:12.520+02:00
206,S000206,band_supplement_300_20260808_001,C000205,candidate,e7939b06fcaf601521c8d120d3b5895049011c0f73608cd7a6a67cca6a5145db,"[2,1,1,1,1,1,1,1,1,1,2,1,1,1,1,1,1,1,1,1,2,2,2,2,2,1,1,1,1,1,2,2,2,0,2,1,1,1,1,1,2,2,2,0,2,1,1,1,1,0,2,2,2,0,2,1,1,1,1,0,2,0,2,0,1,1,0,1,1,0,0,0,0,0,0,0,0,1,1,1,0,0,0,0,0,0,1,1,1,1,1,0,0,0,0,1,1,1,1,1,1,1,0,0,0,1,1,1,1,1,1,1,1,1,1,1,1,1,1,1,1,1,1,1,1,1,1,1,1,1,1,1,1,1,1,1,0,1,1,1,1,1,1,1,1,1,1,1,1,1,1,1,1,0,0,1,1,1,1,1,1,1,1,0,1,1,1,1,1,1,1,1,1,0,0,1,1,1,1,1]","[[2,1,1,1,1,1,1,1,1,1],[2,1,1,1,1,1,1,1,1,1],[2,2,2,2,2,1,1,1,1,1],[2,2,2,0,2,1,1,1,1,1],[2,2,2,0,2,1,1,1,1,0],[2,2,2,0,2,1,1,1,1,0],[2,0,2,0,1,1,0,1,1,0],[0,0,0,0,0,0,0,1,1,1],[0,0,0,0,0,0,1,1,1,1],[1,0,0,0,0,1,1,1,1,1],[1,1,0,0,0,1,1,1,1,1],[1,1,1,1,1,1,1,1,1,1],[1,1,1,1,1,1,1,1,1,1],[1,1,1,1,1,1,0,1,1,1],[1,1,1,1,1,1,1,1,1,1],[1,1,1,0,0,1,1,1,1,1],[1,1,1,0,1,1,1,1,1,1],[1,1,1,0,0,1,1,1,1,1]]",a641c0c037097e6402351e7ee90393d01a0b8b3012e85506f49ecfa3462eea20,15da216552b4cfea918047a7df61cbefcef1478be37754a079fdc1a1303a6d55,merged_copper_v5,"[0.0,3.0,6.0,9.0,12.0,15.0]",classified,6,0.7524176094266983,0.7059347121034166,0.7884796473065068,0.10970627769595256,0.8707406437252049,0.8641121955760597,0.7044861751587241,B5,0.8641121955760597,5.70635449999827,3.3224366000213195,291.87699209997663,0.2260365000111051,301.85870400001295,26357,51484,950,990,54,4.2,completed,6,,,2026-08-08T20:47:12.931+02:00,2026-08-08T20:47:13.463+02:00,2026-08-08T20:52:22.213+02:00
207,S000207,band_supplement_300_20260808_001,C000206,candidate,b6dd94db80a5252e81cb880a6ae4cc98a2b67c92eca4e228c62fc8c9b0ad6213,"[0,1,1,1,1,1,1,1,1,1,0,1,1,1,1,1,1,1,1,1,0,0,0,1,1,1,1,1,1,1,0,2,2,2,1,1,1,1,1,1,0,2,2,2,1,1,1,1,1,1,0,2,2,2,0,1,1,1,1,1,2,2,2,2,2,1,1,1,1,1,2,2,2,2,2,1,1,1,1,1,2,2,2,2,2,1,1,1,1,1,2,2,2,1,1,1,1,1,1,1,2,2,2,2,2,1,1,1,1,1,2,2,2,2,2,1,1,1,1,1,2,2,2,2,2,1,1,1,1,1,0,2,2,0,0,1,1,1,1,1,0,0,1,1,1,1,1,1,1,1,1,1,1,1,1,1,1,1,1,1,1,1,1,1,1,1,1,1,1,1,1,1,1,1,1,1,1,1,1,1]","[[0,1,1,1,1,1,1,1,1,1],[0,1,1,1,1,1,1,1,1,1],[0,0,0,1,1,1,1,1,1,1],[0,2,2,2,1,1,1,1,1,1],[0,2,2,2,1,1,1,1,1,1],[0,2,2,2,0,1,1,1,1,1],[2,2,2,2,2,1,1,1,1,1],[2,2,2,2,2,1,1,1,1,1],[2,2,2,2,2,1,1,1,1,1],[2,2,2,1,1,1,1,1,1,1],[2,2,2,2,2,1,1,1,1,1],[2,2,2,2,2,1,1,1,1,1],[2,2,2,2,2,1,1,1,1,1],[0,2,2,0,0,1,1,1,1,1],[0,0,1,1,1,1,1,1,1,1],[1,1,1,1,1,1,1,1,1,1],[1,1,1,1,1,1,1,1,1,1],[1,1,1,1,1,1,1,1,1,1]]",468e8a5203332db2d9cb2804b3e55707764b3d2d75d7c089d29a131f79a9c158,15da216552b4cfea918047a7df61cbefcef1478be37754a079fdc1a1303a6d55,merged_copper_v5,"[0.0,3.0,6.0,9.0,12.0,15.0]",classified,6,0.8867258081341131,0.8266814645203286,0.9319750935299137,0.11874429281713192,0.8707406437252049,1.0183581236549617,0.11874430811363205,B7,1.0183581236549617,9.087176200002432,3.133560699992813,90.6083162999712,0.2278618999698665,103.7793630999804,22519,43800,860,906,54,4.2,completed,6,,,2026-08-08T20:47:13.047+02:00,2026-08-08T20:47:13.479+02:00,2026-08-08T20:49:05.282+02:00
208,S000208,band_supplement_300_20260808_001,C000207,candidate,266cfb32b10f97d01d169ed1e720571a9182234cd3029b98c3272f1e14be095d,"[0,1,1,1,1,1,1,1,1,1,0,1,1,1,1,1,1,1,1,1,0,0,0,0,0,1,1,1,1,1,0,0,0,0,0,1,1,1,1,1,0,0,0,0,0,1,1,1,1,1,0,0,0,2,2,1,1,1,1,1,0,0,0,2,2,1,1,1,1,1,0,1,2,2,2,1,1,1,1,1,0,1,1,1,1,1,1,1,1,1,1,1,1,1,1,1,1,1,1,1,0,1,1,1,1,1,1,1,1,1,1,1,1,1,0,1,1,1,1,1,1,1,1,1,0,1,1,1,1,1,1,1,1,1,0,1,1,1,1,1,1,0,1,1,1,1,1,1,1,1,1,1,1,1,1,1,1,1,1,1,1,1,1,1,1,1,1,1,1,1,1,1,1,1,1,1,1,1,1,1]","[[0,1,1,1,1,1,1,1,1,1],[0,1,1,1,1,1,1,1,1,1],[0,0,0,0,0,1,1,1,1,1],[0,0,0,0,0,1,1,1,1,1],[0,0,0,0,0,1,1,1,1,1],[0,0,0,2,2,1,1,1,1,1],[0,0,0,2,2,1,1,1,1,1],[0,1,2,2,2,1,1,1,1,1],[0,1,1,1,1,1,1,1,1,1],[1,1,1,1,1,1,1,1,1,1],[0,1,1,1,1,1,1,1,1,1],[1,1,1,1,0,1,1,1,1,1],[1,1,1,1,0,1,1,1,1,1],[1,1,1,1,0,1,1,1,1,1],[1,0,1,1,1,1,1,1,1,1],[1,1,1,1,1,1,1,1,1,1],[1,1,1,1,1,1,1,1,1,1],[1,1,1,1,1,1,1,1,1,1]]",08a9bfa5d4253ed8b952ef7823c269b7339f80b0c7e66ceac97788421c0e372c,15da216552b4cfea918047a7df61cbefcef1478be37754a079fdc1a1303a6d55,merged_copper_v5,"[0.0,3.0,6.0,9.0,12.0,15.0]",classified,6,0.866735548358092,0.8269245350279666,0.9351145498363649,0.12482471154361788,0.8707406437252049,0.9954003578494071,0.12482472684011801,B6,0.9954003578494071,4.506286299991189,2.468291999946814,115.01186560001224,0.18098830003873445,122.70641099999193,17785,34372,656,690,54,4.2,completed,6,,,2026-08-08T20:47:13.163+02:00,2026-08-08T20:47:13.503+02:00,2026-08-08T20:49:23.677+02:00
209,S000209,band_supplement_300_20260808_001,C000208,candidate,d3d0f570186e197c31c00d5b36e14ad91a649399c563180496b5c65b357bfe1b,"[0,1,1,1,1,1,1,1,1,1,0,1,1,1,1,1,1,1,1,1,0,0,0,1,1,1,1,1,1,1,0,2,2,2,1,1,1,1,1,1,0,2,2,2,1,1,1,1,1,1,0,2,2,2,0,1,1,1,1,1,2,2,2,2,2,1,1,1,1,1,2,2,2,2,2,1,1,1,1,1,2,2,2,2,2,1,1,1,1,1,2,2,2,2,2,1,1,1,1,1,2,2,2,2,2,1,1,1,1,1,2,2,2,2,2,1,1,1,1,1,2,2,2,2,2,1,1,1,1,1,0,1,1,0,0,1,1,1,1,1,0,0,1,1,1,1,1,1,1,1,1,1,1,1,1,1,1,1,1,1,1,1,1,1,1,1,1,1,1,1,1,1,1,1,1,1,1,1,1,1]","[[0,1,1,1,1,1,1,1,1,1],[0,1,1,1,1,1,1,1,1,1],[0,0,0,1,1,1,1,1,1,1],[0,2,2,2,1,1,1,1,1,1],[0,2,2,2,1,1,1,1,1,1],[0,2,2,2,0,1,1,1,1,1],[2,2,2,2,2,1,1,1,1,1],[2,2,2,2,2,1,1,1,1,1],[2,2,2,2,2,1,1,1,1,1],[2,2,2,2,2,1,1,1,1,1],[2,2,2,2,2,1,1,1,1,1],[2,2,2,2,2,1,1,1,1,1],[2,2,2,2,2,1,1,1,1,1],[0,1,1,0,0,1,1,1,1,1],[0,0,1,1,1,1,1,1,1,1],[1,1,1,1,1,1,1,1,1,1],[1,1,1,1,1,1,1,1,1,1],[1,1,1,1,1,1,1,1,1,1]]",257c9c2a883940c056ac258da3e530c349b8934227fc62becac8c401e9420c33,15da216552b4cfea918047a7df61cbefcef1478be37754a079fdc1a1303a6d55,merged_copper_v5,"[0.0,3.0,6.0,9.0,12.0,15.0]",classified,6,0.8861561812426766,0.8252620270857687,0.9310363484956898,0.11936306900392148,0.8707406437252049,1.017703937020237,0.1193630843004216,B7,1.017703937020237,8.655643500009319,2.670926300022984,69.0249234000803,0.1993996000092011,81.17164230000344,20294,39352,758,804,54,4.2,completed,6,,,2026-08-08T20:47:13.287+02:00,2026-08-08T20:47:13.532+02:00,2026-08-08T20:48:41.854+02:00
210,S000210,band_supplement_300_20260808_001,C000209,candidate,42b12143d682f4d186d1b403c24a20b8501169b2ff7a8107deadb9c2c3db6d7e,"[0,1,1,1,1,1,1,1,1,1,0,1,1,1,1,1,1,1,1,1,0,0,0,1,1,1,1,1,1,1,0,2,2,2,1,1,1,1,1,1,0,2,2,2,1,1,1,1,1,1,0,2,2,2,0,1,1,1,1,1,2,2,0,0,2,1,1,1,1,1,2,2,2,0,2,1,1,1,1,1,2,2,2,0,2,1,1,1,1,1,2,2,2,2,2,1,1,1,1,1,2,2,2,2,2,1,1,1,1,1,2,2,2,2,2,1,1,1,1,1,2,2,2,2,2,1,1,1,1,1,0,2,2,0,0,1,1,1,1,1,0,0,1,1,1,1,1,1,1,1,1,1,1,1,1,1,1,1,1,1,1,1,1,1,1,1,1,1,1,1,1,1,1,1,1,1,1,1,1,1]","[[0,1,1,1,1,1,1,1,1,1],[0,1,1,1,1,1,1,1,1,1],[0,0,0,1,1,1,1,1,1,1],[0,2,2,2,1,1,1,1,1,1],[0,2,2,2,1,1,1,1,1,1],[0,2,2,2,0,1,1,1,1,1],[2,2,0,0,2,1,1,1,1,1],[2,2,2,0,2,1,1,1,1,1],[2,2,2,0,2,1,1,1,1,1],[2,2,2,2,2,1,1,1,1,1],[2,2,2,2,2,1,1,1,1,1],[2,2,2,2,2,1,1,1,1,1],[2,2,2,2,2,1,1,1,1,1],[0,2,2,0,0,1,1,1,1,1],[0,0,1,1,1,1,1,1,1,1],[1,1,1,1,1,1,1,1,1,1],[1,1,1,1,1,1,1,1,1,1],[1,1,1,1,1,1,1,1,1,1]]",e342c919434aca0b8b16acf036b4d7d46830b3549d620606fd06a20f5113b13c,15da216552b4cfea918047a7df61cbefcef1478be37754a079fdc1a1303a6d55,merged_copper_v5,"[0.0,3.0,6.0,9.0,12.0,15.0]",classified,6,0.8869626428237782,0.825601537212931,0.9327271834247693,0.1207780813302214,0.8707406437252049,1.018630115885222,0.12077809662672154,B7,1.018630115885222,8.807458299997961,3.2489222000003792,104.19160790002206,0.24562340002739802,117.25813920001383,24960,48684,938,990,60,4.2,completed,6,,,2026-08-08T20:47:13.411+02:00,2026-08-08T20:47:13.548+02:00,2026-08-08T20:49:19.273+02:00
211,S000211,band_supplement_300_20260808_001,C000210,candidate,6437ae5600f9b1c015573f435edca5dd4d39ea6c735f975082a5db9fe99dd8f7,"[0,1,1,1,0,0,1,1,1,1,0,1,1,1,0,1,1,1,1,1,0,0,0,1,1,1,1,1,1,1,0,2,2,2,1,1,1,1,1,1,0,2,2,2,1,1,1,1,1,1,0,2,2,2,0,1,1,1,1,1,2,2,2,2,2,1,1,1,1,1,2,2,2,2,2,1,1,1,1,1,2,2,2,2,2,1,1,1,1,1,2,2,2,2,2,1,1,1,1,1,2,2,2,2,2,1,1,1,1,1,2,2,2,2,2,1,1,1,1,1,2,2,2,2,2,1,1,1,1,1,0,2,2,0,0,1,1,1,1,1,0,0,1,1,1,1,1,1,1,1,1,1,1,1,1,1,1,1,1,1,1,1,1,1,1,1,1,1,1,1,1,1,1,1,1,1,1,1,1,1]","[[0,1,1,1,0,0,1,1,1,1],[0,1,1,1,0,1,1,1,1,1],[0,0,0,1,1,1,1,1,1,1],[0,2,2,2,1,1,1,1,1,1],[0,2,2,2,1,1,1,1,1,1],[0,2,2,2,0,1,1,1,1,1],[2,2,2,2,2,1,1,1,1,1],[2,2,2,2,2,1,1,1,1,1],[2,2,2,2,2,1,1,1,1,1],[2,2,2,2,2,1,1,1,1,1],[2,2,2,2,2,1,1,1,1,1],[2,2,2,2,2,1,1,1,1,1],[2,2,2,2,2,1,1,1,1,1],[0,2,2,0,0,1,1,1,1,1],[0,0,1,1,1,1,1,1,1,1],[1,1,1,1,1,1,1,1,1,1],[1,1,1,1,1,1,1,1,1,1],[1,1,1,1,1,1,1,1,1,1]]",bd403d47a36b47b66e05bc0b53c2768510947f31dd067a37318584f88afd3821,15da216552b4cfea918047a7df61cbefcef1478be37754a079fdc1a1303a6d55,merged_copper_v5,"[0.0,3.0,6.0,9.0,12.0,15.0]",classified,6,0.8140588479243017,0.6408628443303809,0.9066586082483662,0.32650681777578483,0.8707406437252049,0.934903927812067,0.32650683307228495,B6,0.934903927812067,3.6886428999714553,2.650174899987178,87.47881949995644,0.19538310001371428,94.61627839997527,22700,44168,818,870,60,4.2,completed,6,,,2026-08-08T20:52:22.501+02:00,2026-08-08T20:52:22.539+02:00,2026-08-08T20:54:02.891+02:00
212,S000212,band_supplement_300_20260808_001,C000211,candidate,2a6b5ae2b8a04cc6619cb4bbc7b9f7ef5319f6ce9877afc7fa5977b1503db8ec,"[2,1,1,1,1,1,1,1,1,1,2,1,1,1,1,1,1,1,1,1,2,2,0,0,0,1,1,1,1,1,2,2,0,0,0,1,1,1,1,1,2,2,2,1,1,1,1,1,1,1,2,2,2,2,1,0,1,1,1,1,2,2,2,2,1,1,1,1,1,1,2,2,2,1,1,1,0,0,1,1,2,2,1,1,1,1,0,0,0,1,2,2,1,1,1,1,0,1,1,1,2,1,1,1,1,1,0,1,1,1,1,1,1,1,1,0,0,1,1,1,0,1,1,1,1,1,0,0,1,1,0,1,0,0,2,2,2,2,1,1,0,0,0,0,2,2,2,0,0,1,0,0,0,0,0,0,0,0,0,1,0,0,0,0,0,0,0,0,1,1,0,0,0,0,0,0,0,0,1,1]","[[2,1,1,1,1,1,1,1,1,1],[2,1,1,1,1,1,1,1,1,1],[2,2,0,0,0,1,1,1,1,1],[2,2,0,0,0,1,1,1,1,1],[2,2,2,1,1,1,1,1,1,1],[2,2,2,2,1,0,1,1,1,1],[2,2,2,2,1,1,1,1,1,1],[2,2,2,1,1,1,0,0,1,1],[2,2,1,1,1,1,0,0,0,1],[2,2,1,1,1,1,0,1,1,1],[2,1,1,1,1,1,0,1,1,1],[1,1,1,1,1,0,0,1,1,1],[0,1,1,1,1,1,0,0,1,1],[0,1,0,0,2,2,2,2,1,1],[0,0,0,0,2,2,2,0,0,1],[0,0,0,0,0,0,0,0,0,1],[0,0,0,0,0,0,0,0,1,1],[0,0,0,0,0,0,0,0,1,1]]",8445da33d7b4d24bd074b2965447f625ebb0c7fced927457bb373289ae8fbb13,15da216552b4cfea918047a7df61cbefcef1478be37754a079fdc1a1303a6d55,merged_copper_v5,"[0.0,3.0,6.0,9.0,12.0,15.0]",classified,6,0.6446661752967343,0.5883343619157049,0.7134983025913249,0.19415310663384516,0.8707406437252049,0.7403653199633841,2.135825930721167,B4,0.7403653199633841,5.972196999995504,3.4977978999959305,258.48620569997,0.2522581000230275,269.04280230004224,29441,57650,1100,1146,66,4.2,completed,6,,,2026-08-08T20:54:03.322+02:00,2026-08-08T20:54:03.723+02:00,2026-08-08T20:58:38.673+02:00
213,S000213,band_supplement_300_20260808_001,C000212,candidate,3ba26c1705b0873b086b3a4b6d3ac480c3777ab88c9261518517673626af657b,"[0,0,0,0,0,0,0,0,0,0,0,0,0,0,0,0,0,0,0,0,0,0,0,0,0,0,0,0,0,0,0,2,2,2,0,0,0,0,0,0,0,1,1,2,0,0,0,0,0,0,0,1,0,1,0,0,0,1,0,0,0,1,1,1,1,0,0,1,0,0,0,0,1,1,1,1,1,1,0,1,0,0,0,0,2,1,1,1,1,1,0,0,0,2,2,1,1,1,1,1,0,0,0,0,2,1,1,1,1,1,0,0,0,0,0,1,1,1,1,1,0,0,0,0,0,1,1,1,1,1,0,0,0,0,0,0,1,1,1,1,0,0,0,0,0,0,0,0,0,1,1,1,0,2,2,0,1,0,1,1,1,1,0,1,2,1,1,1,1,1,1,1,1,1,2,2,1,1,1,1]","[[0,0,0,0,0,0,0,0,0,0],[0,0,0,0,0,0,0,0,0,0],[0,0,0,0,0,0,0,0,0,0],[0,2,2,2,0,0,0,0,0,0],[0,1,1,2,0,0,0,0,0,0],[0,1,0,1,0,0,0,1,0,0],[0,1,1,1,1,0,0,1,0,0],[0,0,1,1,1,1,1,1,0,1],[0,0,0,0,2,1,1,1,1,1],[0,0,0,2,2,1,1,1,1,1],[0,0,0,0,2,1,1,1,1,1],[0,0,0,0,0,1,1,1,1,1],[0,0,0,0,0,1,1,1,1,1],[0,0,0,0,0,0,1,1,1,1],[0,0,0,0,0,0,0,0,0,1],[1,1,0,2,2,0,1,0,1,1],[1,1,0,1,2,1,1,1,1,1],[1,1,1,1,2,2,1,1,1,1]]",56607e630e7c5d32a0125c73c2869ab0333e7239362f1f49a085427ccbdccf1f,15da216552b4cfea918047a7df61cbefcef1478be37754a079fdc1a1303a6d55,merged_copper_v5,"[0.0,3.0,6.0,9.0,12.0,15.0]",classified,6,0.19646021632880464,0.1914497008126549,0.2016758440182973,0.05205197976839993,0.8707406437252049,0.22562426337228045,7.5962992909548435,B1,0.22562426337228045,3.812063899997156,3.3527549000573345,112.53513129998464,0.243639099993743,120.7159035000077,27921,54608,1022,1074,72,4.2,completed,6,,,2026-08-08T20:54:03.438+02:00,2026-08-08T20:54:03.747+02:00,2026-08-08T20:56:10.983+02:00
214,S000214,band_supplement_300_20260808_001,C000213,candidate,74d699f39405f3c7992a8e0b7686390571bfe1b9d5c75f626e05fee7b43d254a,"[2,2,2,0,0,0,0,0,0,0,2,2,2,2,0,0,0,0,0,0,2,2,2,2,2,2,0,0,0,0,2,2,2,2,0,2,2,0,0,0,2,2,2,2,0,0,0,0,0,0,2,2,2,2,2,2,2,0,0,0,2,2,2,2,2,2,2,0,0,0,0,1,2,0,0,1,1,0,0,0,1,1,0,0,1,1,1,0,0,0,1,1,1,1,1,1,1,1,0,0,1,1,1,1,1,1,1,1,0,0,1,1,1,1,1,1,1,1,1,1,1,1,0,1,1,1,1,1,1,1,1,1,1,1,1,1,1,1,1,1,1,1,1,1,1,1,1,1,1,1,1,1,1,1,1,1,1,1,1,1,1,1,1,1,1,1,1,1,1,1,1,1,1,1,1,1,1,1,1,1]","[[2,2,2,0,0,0,0,0,0,0],[2,2,2,2,0,0,0,0,0,0],[2,2,2,2,2,2,0,0,0,0],[2,2,2,2,0,2,2,0,0,0],[2,2,2,2,0,0,0,0,0,0],[2,2,2,2,2,2,2,0,0,0],[2,2,2,2,2,2,2,0,0,0],[0,1,2,0,0,1,1,0,0,0],[1,1,0,0,1,1,1,0,0,0],[1,1,1,1,1,1,1,1,0,0],[1,1,1,1,1,1,1,1,0,0],[1,1,1,1,1,1,1,1,1,1],[1,1,0,1,1,1,1,1,1,1],[1,1,1,1,1,1,1,1,1,1],[1,1,1,1,1,1,1,1,1,1],[1,1,1,1,1,1,1,1,1,1],[1,1,1,1,1,1,1,1,1,1],[1,1,1,1,1,1,1,1,1,1]]",ede76a980ec36dd9ec2a800af6ff043a0573a458184f6715d10adfd1edd9828f,15da216552b4cfea918047a7df61cbefcef1478be37754a079fdc1a1303a6d55,merged_copper_v5,"[0.0,3.0,6.0,9.0,12.0,15.0]",classified,6,0.12929135144114454,0.1261398307666306,0.1320569900525697,0.04576608736766662,0.8707406437252049,0.14848434189084128,8.42962420964986,B1,0.14848434189084128,6.304912800027523,3.072019100014586,42.35524460001034,0.2340189999958966,52.67246630002046,23147,45062,932,972,54,4.2,completed,6,,,2026-08-08T20:54:03.554+02:00,2026-08-08T20:54:03.759+02:00,2026-08-08T20:55:03.554+02:00
215,S000215,band_supplement_300_20260808_001,C000214,candidate,8c73bee80d3cc4e80d7b36569e6e8571b137b5f4ad6b35e44afcd818d4f27a74,"[2,2,2,2,2,2,2,0,0,0,2,0,2,2,2,2,0,0,0,0,2,0,2,2,2,0,0,0,0,0,0,0,2,2,2,0,0,0,1,1,0,0,0,0,2,0,0,0,1,1,0,0,0,0,2,0,2,2,2,1,0,0,0,0,0,0,2,2,2,1,0,0,0,0,0,0,1,1,1,1,0,0,0,0,0,0,1,1,1,1,0,0,0,0,0,0,1,1,1,1,0,0,0,0,0,0,1,1,1,1,0,0,0,0,0,0,1,1,1,1,0,0,0,0,0,0,1,0,1,1,0,0,0,0,0,0,0,0,1,1,0,0,0,0,0,0,0,0,0,1,0,0,0,0,0,0,0,0,0,1,0,0,0,0,0,0,0,0,1,1,0,0,0,0,0,0,0,0,1,1]","[[2,2,2,2,2,2,2,0,0,0],[2,0,2,2,2,2,0,0,0,0],[2,0,2,2,2,0,0,0,0,0],[0,0,2,2,2,0,0,0,1,1],[0,0,0,0,2,0,0,0,1,1],[0,0,0,0,2,0,2,2,2,1],[0,0,0,0,0,0,2,2,2,1],[0,0,0,0,0,0,1,1,1,1],[0,0,0,0,0,0,1,1,1,1],[0,0,0,0,0,0,1,1,1,1],[0,0,0,0,0,0,1,1,1,1],[0,0,0,0,0,0,1,1,1,1],[0,0,0,0,0,0,1,0,1,1],[0,0,0,0,0,0,0,0,1,1],[0,0,0,0,0,0,0,0,0,1],[0,0,0,0,0,0,0,0,0,1],[0,0,0,0,0,0,0,0,1,1],[0,0,0,0,0,0,0,0,1,1]]",53ca6e542d5c8fbacfcc119048ac6e87f97f6712341ebc6aa2efe21c07b808d9,15da216552b4cfea918047a7df61cbefcef1478be37754a079fdc1a1303a6d55,merged_copper_v5,"[0.0,3.0,6.0,9.0,12.0,15.0]",classified,6,0.19798170104731636,0.187516634229695,0.2073546281711371,0.10020114907842385,0.8707406437252049,0.2273716088413084,7.625429901283469,B1,0.2273716088413084,5.206057299976237,3.152035799983423,47.29299310001079,0.24496860001818277,56.63295569998445,24724,48218,938,972,48,4.2,completed,6,,,2026-08-08T20:54:03.670+02:00,2026-08-08T20:54:03.792+02:00,2026-08-08T20:55:08.100+02:00
216,S000216,band_supplement_300_20260808_001,C000215,candidate,c73c37ff8b148e9305098b243ef332c3e53837db43353265bdedfb69ee6587bd,"[2,2,2,1,1,1,1,1,1,1,2,2,2,1,1,1,1,1,1,1,2,2,2,2,2,1,1,1,0,0,2,2,2,2,2,1,1,1,1,0,2,2,2,2,2,1,1,1,1,0,2,2,2,2,2,2,1,1,1,1,2,2,2,2,2,2,1,1,1,1,2,2,2,2,2,2,1,1,1,1,2,2,2,2,2,2,0,1,1,1,2,2,2,2,2,0,0,1,1,1,2,2,2,0,2,0,1,1,1,1,2,2,2,0,0,0,1,1,1,1,2,2,2,0,0,0,1,0,1,1,2,2,2,0,0,0,0,0,1,1,0,0,0,0,0,0,0,0,0,1,0,0,0,0,0,0,0,0,0,1,0,0,0,0,0,0,0,0,1,1,0,0,0,0,0,0,0,0,1,1]","[[2,2,2,1,1,1,1,1,1,1],[2,2,2,1,1,1,1,1,1,1],[2,2,2,2,2,1,1,1,0,0],[2,2,2,2,2,1,1,1,1,0],[2,2,2,2,2,1,1,1,1,0],[2,2,2,2,2,2,1,1,1,1],[2,2,2,2,2,2,1,1,1,1],[2,2,2,2,2,2,1,1,1,1],[2,2,2,2,2,2,0,1,1,1],[2,2,2,2,2,0,0,1,1,1],[2,2,2,0,2,0,1,1,1,1],[2,2,2,0,0,0,1,1,1,1],[2,2,2,0,0,0,1,0,1,1],[2,2,2,0,0,0,0,0,1,1],[0,0,0,0,0,0,0,0,0,1],[0,0,0,0,0,0,0,0,0,1],[0,0,0,0,0,0,0,0,1,1],[0,0,0,0,0,0,0,0,1,1]]",b6e2c682006fe07003280b48eb27521be51db64d8d0ab7067dde2f39e31afaed,15da216552b4cfea918047a7df61cbefcef1478be37754a079fdc1a1303a6d55,merged_copper_v5,"[0.0,3.0,6.0,9.0,12.0,15.0]",classified,6,0.5709940124303653,0.4021430504931822,0.6847888932595338,0.4950066666431485,0.8707406437252049,0.6557567015449483,3.3575815265600832,B3,0.6557567015449483,6.05311080001411,3.1273922999971546,155.21781019997434,0.23683399998117238,165.35339630005183,26112,50994,944,978,42,4.2,completed,6,,,2026-08-08T20:58:39.073+02:00,2026-08-08T20:58:39.352+02:00,2026-08-08T21:01:30.740+02:00
217,S000217,band_supplement_300_20260808_001,C000216,candidate,3ec1d30e11733e8c72f30f3067e41d3834ec99f44814b6e269922db6392d2fe5,"[0,1,1,1,1,1,1,1,1,1,0,1,1,1,0,1,1,1,1,1,0,0,0,0,0,1,1,1,1,1,0,2,2,2,0,1,1,1,1,1,0,2,2,2,1,1,1,0,0,1,0,0,2,2,1,1,0,0,1,1,0,0,0,2,2,1,1,0,1,1,0,0,0,1,2,1,1,1,1,1,1,0,1,1,1,1,1,1,1,1,1,1,1,1,1,1,1,1,1,1,1,0,1,1,1,1,1,1,1,1,1,1,1,1,1,1,1,1,1,1,2,2,0,1,0,1,1,0,1,1,2,2,2,1,0,1,0,1,1,1,0,0,0,0,0,0,1,1,0,1,0,0,0,0,0,0,0,0,0,1,0,0,0,0,0,0,0,0,1,1,0,0,0,0,0,0,0,0,1,1]","[[0,1,1,1,1,1,1,1,1,1],[0,1,1,1,0,1,1,1,1,1],[0,0,0,0,0,1,1,1,1,1],[0,2,2,2,0,1,1,1,1,1],[0,2,2,2,1,1,1,0,0,1],[0,0,2,2,1,1,0,0,1,1],[0,0,0,2,2,1,1,0,1,1],[0,0,0,1,2,1,1,1,1,1],[1,0,1,1,1,1,1,1,1,1],[1,1,1,1,1,1,1,1,1,1],[1,0,1,1,1,1,1,1,1,1],[1,1,1,1,1,1,1,1,1,1],[2,2,0,1,0,1,1,0,1,1],[2,2,2,1,0,1,0,1,1,1],[0,0,0,0,0,0,1,1,0,1],[0,0,0,0,0,0,0,0,0,1],[0,0,0,0,0,0,0,0,1,1],[0,0,0,0,0,0,0,0,1,1]]",1c18bb023ad0e251b47381f364e30627b1ea23945664e0ac888ef87d05c6f51a,15da216552b4cfea918047a7df61cbefcef1478be37754a079fdc1a1303a6d55,merged_copper_v5,"[0.0,3.0,6.0,9.0,12.0,15.0]",classified,6,0.5531040875021845,0.4726262511837232,0.6171751323950094,0.26134119142758155,0.8707406437252049,0.635211060248541,3.347540112946777,B3,0.635211060248541,3.0301476000167895,3.3576983999519143,310.94917930001975,0.24693600003956817,318.3591548000113,28827,56420,1052,1110,84,4.2,completed,6,,,2026-08-08T20:58:39.189+02:00,2026-08-08T20:58:39.374+02:00,2026-08-08T21:04:03.787+02:00
218,S000218,band_supplement_300_20260808_001,C000217,candidate,f780362ce34056b8a7dfaa7af1c6ff60fc6917df8e0f409d00a063148ab33a7f,"[1,1,1,1,1,1,1,1,1,1,1,1,1,1,1,1,1,1,1,1,1,1,1,1,1,1,1,1,1,1,1,2,2,2,0,1,1,1,1,1,1,2,2,2,0,2,1,1,1,1,0,0,2,2,0,2,1,1,1,1,0,0,2,2,2,2,2,2,1,1,0,0,2,2,0,2,1,1,1,1,0,2,2,2,2,1,1,1,1,1,2,2,2,2,2,1,1,1,1,1,2,2,2,2,2,1,1,1,1,1,2,2,2,2,2,1,1,1,1,1,2,2,2,2,2,1,1,1,1,1,0,2,2,0,0,1,1,1,1,1,0,0,0,1,1,1,1,1,1,1,1,1,1,1,1,1,1,1,1,1,1,1,1,1,1,1,1,1,1,1,1,1,1,1,1,1,1,1,1,1]","[[1,1,1,1,1,1,1,1,1,1],[1,1,1,1,1,1,1,1,1,1],[1,1,1,1,1,1,1,1,1,1],[1,2,2,2,0,1,1,1,1,1],[1,2,2,2,0,2,1,1,1,1],[0,0,2,2,0,2,1,1,1,1],[0,0,2,2,2,2,2,2,1,1],[0,0,2,2,0,2,1,1,1,1],[0,2,2,2,2,1,1,1,1,1],[2,2,2,2,2,1,1,1,1,1],[2,2,2,2,2,1,1,1,1,1],[2,2,2,2,2,1,1,1,1,1],[2,2,2,2,2,1,1,1,1,1],[0,2,2,0,0,1,1,1,1,1],[0,0,0,1,1,1,1,1,1,1],[1,1,1,1,1,1,1,1,1,1],[1,1,1,1,1,1,1,1,1,1],[1,1,1,1,1,1,1,1,1,1]]",ec65a2478db6bb053b4122d7da320f6f817716da63a1ddaae2efa0c893e69ca9,15da216552b4cfea918047a7df61cbefcef1478be37754a079fdc1a1303a6d55,merged_copper_v5,"[0.0,3.0,6.0,9.0,12.0,15.0]",classified,6,0.3516803721762017,0.2966150578520528,0.4413097366621172,0.4114380279874373,0.8707406437252049,0.4038864783796491,6.015433391081414,B1,0.4038864783796491,5.486438700027065,3.389762500039069,147.70731180004077,0.24361700008739717,157.55686740000965,27140,53046,1070,1122,60,4.2,completed,6,,,2026-08-08T20:58:39.305+02:00,2026-08-08T20:58:39.398+02:00,2026-08-08T21:01:23.749+02:00
219,S000219,band_supplement_300_20260808_001,C000218,candidate,7093a99fdc4d63c98c59df0fe384df710ca14502fce5326cd4a5a1c6fa20be47,"[2,2,2,2,2,2,2,1,1,1,2,2,2,2,2,2,2,2,1,1,2,2,2,0,0,1,1,1,1,1,2,1,2,2,0,1,1,1,1,1,2,1,1,1,1,1,1,1,1,1,2,2,1,1,0,0,1,1,1,1,1,1,1,1,1,1,1,1,1,1,0,1,1,1,1,0,1,1,1,1,1,1,1,1,0,1,1,1,1,1,1,1,1,1,0,0,1,1,1,1,1,1,1,1,1,0,1,1,1,1,1,1,1,1,1,0,1,1,1,1,0,1,0,0,0,0,0,0,1,1,0,0,0,0,0,0,0,0,1,1,0,0,0,0,0,0,0,0,0,1,0,0,0,0,0,0,0,0,0,1,0,0,0,0,0,0,0,0,1,1,0,0,0,0,0,0,0,0,1,1]","[[2,2,2,2,2,2,2,1,1,1],[2,2,2,2,2,2,2,2,1,1],[2,2,2,0,0,1,1,1,1,1],[2,1,2,2,0,1,1,1,1,1],[2,1,1,1,1,1,1,1,1,1],[2,2,1,1,0,0,1,1,1,1],[1,1,1,1,1,1,1,1,1,1],[0,1,1,1,1,0,1,1,1,1],[1,1,1,1,0,1,1,1,1,1],[1,1,1,1,0,0,1,1,1,1],[1,1,1,1,1,0,1,1,1,1],[1,1,1,1,1,0,1,1,1,1],[0,1,0,0,0,0,0,0,1,1],[0,0,0,0,0,0,0,0,1,1],[0,0,0,0,0,0,0,0,0,1],[0,0,0,0,0,0,0,0,0,1],[0,0,0,0,0,0,0,0,1,1],[0,0,0,0,0,0,0,0,1,1]]",231dea3ad2c90dd78ba17ac70c3e6c260331ccd71373f117ee485dc8b9b61528,15da216552b4cfea918047a7df61cbefcef1478be37754a079fdc1a1303a6d55,merged_copper_v5,"[0.0,3.0,6.0,9.0,12.0,15.0]",classified,6,0.6120820072678677,0.4460933399990404,0.7341490364030966,0.47061618048509857,0.8707406437252049,0.7029441104865127,2.819591104933253,B4,0.7029441104865127,6.748503699986031,3.262734600022668,257.2691537999781,0.21802219995879568,268.23071079995134,24833,48426,986,1032,60,4.2,completed,6,,,2026-08-08T21:04:04.103+02:00,2026-08-08T21:04:04.604+02:00,2026-08-08T21:08:40.117+02:00
220,S000220,band_supplement_300_20260808_001,C000219,candidate,7bb05c9ddbc17a57f189a2c25f1264ecbfad280d9a3533cc7218303e52b854a8,"[2,2,2,2,2,2,2,1,1,1,2,2,2,2,2,2,2,2,1,1,2,2,2,0,0,1,1,1,1,1,2,1,2,2,0,1,1,1,1,1,2,1,1,1,1,1,1,1,1,1,2,2,2,1,0,0,1,1,1,1,2,2,2,2,2,1,1,1,1,1,0,2,2,2,2,0,1,1,1,1,2,2,2,2,0,1,1,1,1,1,2,2,2,2,0,0,1,1,1,1,2,2,2,2,2,0,1,1,1,1,2,2,2,2,2,0,1,1,1,1,0,2,2,2,2,0,0,0,1,1,0,0,2,2,2,2,0,0,1,1,0,0,2,0,0,0,0,0,0,1,0,0,2,0,0,0,0,0,0,1,0,0,0,0,0,0,0,0,1,1,0,0,0,0,0,0,0,0,1,1]","[[2,2,2,2,2,2,2,1,1,1],[2,2,2,2,2,2,2,2,1,1],[2,2,2,0,0,1,1,1,1,1],[2,1,2,2,0,1,1,1,1,1],[2,1,1,1,1,1,1,1,1,1],[2,2,2,1,0,0,1,1,1,1],[2,2,2,2,2,1,1,1,1,1],[0,2,2,2,2,0,1,1,1,1],[2,2,2,2,0,1,1,1,1,1],[2,2,2,2,0,0,1,1,1,1],[2,2,2,2,2,0,1,1,1,1],[2,2,2,2,2,0,1,1,1,1],[0,2,2,2,2,0,0,0,1,1],[0,0,2,2,2,2,0,0,1,1],[0,0,2,0,0,0,0,0,0,1],[0,0,2,0,0,0,0,0,0,1],[0,0,0,0,0,0,0,0,1,1],[0,0,0,0,0,0,0,0,1,1]]",5e4719bbdbe4482bb78bfa24b6ba397e281f19cdcd3dcd3a6e6644ad2741f8ea,15da216552b4cfea918047a7df61cbefcef1478be37754a079fdc1a1303a6d55,merged_copper_v5,"[0.0,3.0,6.0,9.0,12.0,15.0]",classified,6,0.5074654085337683,0.3114441506044487,0.6675067639066176,0.7016490332433671,0.8707406437252049,0.5827974290515813,4.358331441867764,B2,0.5827974290515813,12.421054099977482,4.541387100005522,241.3816798000189,0.3032295000157319,259.60167099998216,33222,65210,1334,1386,60,4.2,completed,6,,,2026-08-08T21:04:04.208+02:00,2026-08-08T21:04:04.636+02:00,2026-08-08T21:08:32.677+02:00
221,S000221,band_supplement_300_20260808_001,C000220,candidate,b28396c1935abb305c8ab1650d2d13189c0135e4bc4969415ae594deea493856,"[2,2,2,2,2,2,2,1,1,1,2,2,2,2,2,2,2,2,1,1,2,2,2,0,0,1,1,1,1,1,2,1,2,2,0,1,1,1,1,1,2,1,1,1,1,1,1,1,1,1,2,2,1,1,0,0,1,1,1,1,1,1,1,1,1,1,1,1,1,1,0,1,1,1,1,0,1,1,1,1,1,1,1,1,0,1,1,1,1,1,1,1,1,1,1,1,1,1,1,1,1,1,1,1,1,1,1,1,1,1,1,1,1,1,2,2,2,2,1,1,0,1,1,1,2,2,2,2,1,1,0,0,1,1,2,2,2,2,1,1,0,0,1,1,2,0,0,1,0,1,0,0,1,1,0,0,0,1,1,1,0,0,0,0,0,0,0,1,1,1,0,0,0,0,0,0,0,0,1,1]","[[2,2,2,2,2,2,2,1,1,1],[2,2,2,2,2,2,2,2,1,1],[2,2,2,0,0,1,1,1,1,1],[2,1,2,2,0,1,1,1,1,1],[2,1,1,1,1,1,1,1,1,1],[2,2,1,1,0,0,1,1,1,1],[1,1,1,1,1,1,1,1,1,1],[0,1,1,1,1,0,1,1,1,1],[1,1,1,1,0,1,1,1,1,1],[1,1,1,1,1,1,1,1,1,1],[1,1,1,1,1,1,1,1,1,1],[1,1,1,1,2,2,2,2,1,1],[0,1,1,1,2,2,2,2,1,1],[0,0,1,1,2,2,2,2,1,1],[0,0,1,1,2,0,0,1,0,1],[0,0,1,1,0,0,0,1,1,1],[0,0,0,0,0,0,0,1,1,1],[0,0,0,0,0,0,0,0,1,1]]",25421304bd73f4b58a331623139824143599e69c8b370c2ec1c84c097a662570,15da216552b4cfea918047a7df61cbefcef1478be37754a079fdc1a1303a6d55,merged_copper_v5,"[0.0,3.0,6.0,9.0,12.0,15.0]",classified,6,0.3876142952439426,0.2278818224377484,0.5179811333678321,0.7484226316976044,0.8707406437252049,0.4451547059818525,5.903243956444822,B1,0.4451547059818525,9.136539399973117,3.5900816000357736,390.606057099998,0.24262309994082898,404.392320099927,28197,55158,1142,1200,84,4.2,completed,6,,,2026-08-08T21:04:04.319+02:00,2026-08-08T21:04:04.651+02:00,2026-08-08T21:10:55.874+02:00
222,S000222,band_supplement_300_20260808_001,C000221,candidate,e23117c75222a655a2c269747ae3ccc08f4b2383b7177a3c3638967ef8dc9cf3,"[2,2,2,2,2,2,2,1,1,1,2,2,2,2,2,2,2,2,1,1,2,2,2,0,0,1,1,1,1,1,2,1,2,2,0,1,1,1,1,1,2,1,1,1,1,1,1,1,1,1,2,2,1,1,0,0,1,1,1,1,1,1,1,1,1,1,1,1,1,1,0,1,1,1,1,0,1,1,1,1,1,1,1,1,0,1,1,1,1,1,1,1,1,1,1,1,1,1,1,1,1,1,1,1,1,0,0,1,1,1,1,1,1,0,0,0,0,0,1,1,0,1,1,0,0,0,1,1,1,1,0,0,1,1,0,0,1,1,1,1,0,0,1,1,0,0,0,1,0,1,0,0,1,1,0,0,0,1,1,1,0,0,0,0,0,0,0,1,1,1,0,0,0,0,0,0,0,0,1,1]","[[2,2,2,2,2,2,2,1,1,1],[2,2,2,2,2,2,2,2,1,1],[2,2,2,0,0,1,1,1,1,1],[2,1,2,2,0,1,1,1,1,1],[2,1,1,1,1,1,1,1,1,1],[2,2,1,1,0,0,1,1,1,1],[1,1,1,1,1,1,1,1,1,1],[0,1,1,1,1,0,1,1,1,1],[1,1,1,1,0,1,1,1,1,1],[1,1,1,1,1,1,1,1,1,1],[1,1,1,1,1,0,0,1,1,1],[1,1,1,0,0,0,0,0,1,1],[0,1,1,0,0,0,1,1,1,1],[0,0,1,1,0,0,1,1,1,1],[0,0,1,1,0,0,0,1,0,1],[0,0,1,1,0,0,0,1,1,1],[0,0,0,0,0,0,0,1,1,1],[0,0,0,0,0,0,0,0,1,1]]",b52e02dc691ae1c45cb139cbdd6deade1de6069bc4b2041213854cd95f94c33e,15da216552b4cfea918047a7df61cbefcef1478be37754a079fdc1a1303a6d55,merged_copper_v5,"[0.0,3.0,6.0,9.0,12.0,15.0]",classified,6,0.6129176816358651,0.4459845864807271,0.7349849421788712,0.4715157750496085,0.8707406437252049,0.7039038387064134,2.810044769897793,B4,0.7039038387064134,7.306470400013495,3.520495899982052,299.2942549000145,0.22211930001503788,311.1120939999819,27014,52792,1058,1104,72,4.2,completed,6,,,2026-08-08T21:04:04.435+02:00,2026-08-08T21:04:04.673+02:00,2026-08-08T21:09:23.621+02:00
223,S000223,band_supplement_300_20260808_001,C000222,candidate,118e607eeee53c25316f37af94937af96c3448aed268b745684fa4384492bf96,"[2,2,2,2,2,2,2,1,1,1,2,2,2,2,2,2,2,2,1,1,2,2,2,2,2,1,1,1,1,1,2,1,2,2,2,1,1,1,1,1,2,1,1,1,1,1,1,1,1,1,2,2,1,1,0,0,1,1,1,1,1,1,1,1,1,1,1,1,1,1,0,1,1,1,1,0,1,1,1,1,1,1,1,1,0,1,1,1,1,1,1,1,1,1,1,1,1,1,1,1,1,1,1,1,1,1,1,1,1,1,1,1,1,1,1,1,1,1,1,1,0,1,1,1,1,1,1,1,1,1,0,0,1,1,1,1,1,1,1,1,0,0,1,1,1,1,0,1,0,1,0,0,1,1,0,0,0,1,1,1,0,0,0,0,0,0,0,1,1,1,0,0,0,0,0,0,0,0,1,1]","[[2,2,2,2,2,2,2,1,1,1],[2,2,2,2,2,2,2,2,1,1],[2,2,2,2,2,1,1,1,1,1],[2,1,2,2,2,1,1,1,1,1],[2,1,1,1,1,1,1,1,1,1],[2,2,1,1,0,0,1,1,1,1],[1,1,1,1,1,1,1,1,1,1],[0,1,1,1,1,0,1,1,1,1],[1,1,1,1,0,1,1,1,1,1],[1,1,1,1,1,1,1,1,1,1],[1,1,1,1,1,1,1,1,1,1],[1,1,1,1,1,1,1,1,1,1],[0,1,1,1,1,1,1,1,1,1],[0,0,1,1,1,1,1,1,1,1],[0,0,1,1,1,1,0,1,0,1],[0,0,1,1,0,0,0,1,1,1],[0,0,0,0,0,0,0,1,1,1],[0,0,0,0,0,0,0,0,1,1]]",40d76306b7b0eeac3ffcab447ef0bcd7499f941f32b7b78c10dc6bce2f7731ed,15da216552b4cfea918047a7df61cbefcef1478be37754a079fdc1a1303a6d55,merged_copper_v5,"[0.0,3.0,6.0,9.0,12.0,15.0]",classified,6,0.611302818894386,0.4450489353263517,0.7332123731949981,0.4713922935768959,0.8707406437252049,0.7020492534712848,2.8301070726935715,B4,0.7020492534712848,7.314440899994224,3.099068899988197,220.1079946999962,0.20894360000966117,231.46819229997345,23572,45916,926,966,66,4.2,completed,6,,,2026-08-08T21:04:04.551+02:00,2026-08-08T21:04:04.705+02:00,2026-08-08T21:08:04.999+02:00
224,S000224,band_supplement_300_20260808_001,C000223,candidate,6bc40e2b21d8c0b7fa4b835b10f4d77660b5e0ffaa86ed30a06a2772de67a444,"[2,0,0,0,0,0,0,0,1,1,2,0,0,0,0,1,1,1,1,1,2,2,2,2,2,1,1,1,1,1,0,2,2,2,2,1,1,1,1,1,2,2,2,2,2,1,1,1,1,1,2,2,2,2,2,2,1,1,1,1,2,2,2,2,2,2,1,1,1,1,2,2,2,2,2,1,1,1,1,1,2,2,2,2,1,1,1,1,1,1,1,2,2,2,2,1,1,1,1,1,1,1,2,2,1,1,1,1,1,1,1,1,1,1,1,1,1,1,1,1,1,1,0,0,0,1,1,1,1,1,1,1,0,0,0,1,0,1,1,1,1,1,0,0,0,1,1,1,1,1,1,1,1,1,1,1,1,1,1,1,1,1,1,1,1,1,1,1,1,1,1,1,1,1,1,1,1,1,1,1]","[[2,0,0,0,0,0,0,0,1,1],[2,0,0,0,0,1,1,1,1,1],[2,2,2,2,2,1,1,1,1,1],[0,2,2,2,2,1,1,1,1,1],[2,2,2,2,2,1,1,1,1,1],[2,2,2,2,2,2,1,1,1,1],[2,2,2,2,2,2,1,1,1,1],[2,2,2,2,2,1,1,1,1,1],[2,2,2,2,1,1,1,1,1,1],[1,2,2,2,2,1,1,1,1,1],[1,1,2,2,1,1,1,1,1,1],[1,1,1,1,1,1,1,1,1,1],[1,1,0,0,0,1,1,1,1,1],[1,1,0,0,0,1,0,1,1,1],[1,1,0,0,0,1,1,1,1,1],[1,1,1,1,1,1,1,1,1,1],[1,1,1,1,1,1,1,1,1,1],[1,1,1,1,1,1,1,1,1,1]]",8158e94c05ceb925c0ada091441dfa80d7e8afc7dd136403abc16b296515821e,15da216552b4cfea918047a7df61cbefcef1478be37754a079fdc1a1303a6d55,merged_copper_v5,"[0.0,3.0,6.0,9.0,12.0,15.0]",classified,6,0.6203579288379194,0.5277262911942691,0.7319423150982478,0.3291906404525607,0.8707406437252049,0.7124485727275834,2.5747165452750687,B4,0.7124485727275834,3.731198499997845,2.880501400009962,124.37288340000669,0.22970550000900403,131.88505300006364,25115,49002,980,1014,54,4.2,completed,6,,,2026-08-08T21:10:56.143+02:00,2026-08-08T21:10:56.189+02:00,2026-08-08T21:13:13.523+02:00
225,S000225,band_supplement_300_20260808_001,C000224,candidate,59edd355e863718ed2c631f6b7620dc2b07531492f5ec829278ff78f3f0282a4,"[2,2,2,1,1,1,1,1,1,1,2,2,0,0,1,1,1,1,1,1,2,2,2,2,2,1,1,1,0,0,2,2,2,2,2,1,1,1,1,1,2,2,2,2,2,1,1,1,1,1,2,2,2,2,2,2,1,1,1,1,2,2,2,2,2,1,1,1,1,1,2,2,2,2,1,1,1,1,1,1,2,2,2,2,2,2,1,1,1,1,0,2,2,2,2,2,1,1,1,1,0,2,2,2,2,2,1,1,1,1,0,0,2,2,2,2,1,1,1,1,0,0,0,0,0,2,1,0,1,1,0,0,0,0,0,0,1,1,1,1,0,0,0,0,0,0,1,1,1,1,0,0,0,0,0,0,0,1,1,1,0,0,1,0,0,0,0,0,1,1,1,1,1,1,1,1,0,1,1,1]","[[2,2,2,1,1,1,1,1,1,1],[2,2,0,0,1,1,1,1,1,1],[2,2,2,2,2,1,1,1,0,0],[2,2,2,2,2,1,1,1,1,1],[2,2,2,2,2,1,1,1,1,1],[2,2,2,2,2,2,1,1,1,1],[2,2,2,2,2,1,1,1,1,1],[2,2,2,2,1,1,1,1,1,1],[2,2,2,2,2,2,1,1,1,1],[0,2,2,2,2,2,1,1,1,1],[0,2,2,2,2,2,1,1,1,1],[0,0,2,2,2,2,1,1,1,1],[0,0,0,0,0,2,1,0,1,1],[0,0,0,0,0,0,1,1,1,1],[0,0,0,0,0,0,1,1,1,1],[0,0,0,0,0,0,0,1,1,1],[0,0,1,0,0,0,0,0,1,1],[1,1,1,1,1,1,0,1,1,1]]",bf6cd23f742f99b3c2529789a573181c2005e723e33dc58dc298e66512ad776a,15da216552b4cfea918047a7df61cbefcef1478be37754a079fdc1a1303a6d55,merged_copper_v5,"[0.0,3.0,6.0,9.0,12.0,15.0]",classified,6,0.713323160499237,0.6011871975436569,0.8058152086438894,0.2868657887920231,0.8707406437252049,0.8192142696446281,1.3703262978480608,B5,0.8192142696446281,12.161047800007509,3.4634350999840535,254.07294539999566,0.2505663999763783,270.7154282000265,27465,53698,1052,1098,60,4.2,completed,6,,,2026-08-08T21:13:13.827+02:00,2026-08-08T21:13:14.455+02:00,2026-08-08T21:17:51.788+02:00
226,S000226,band_supplement_300_20260808_001,C000225,candidate,d1fb9ae6595227f136e5fa52c77972ea61df5a6f4b3acc981af0ff5ecc38852d,"[2,2,1,1,1,1,1,1,1,1,2,2,2,1,1,1,1,1,1,1,2,0,2,2,2,1,1,1,1,1,2,2,2,2,2,1,1,1,1,1,2,2,2,2,2,1,1,1,1,1,2,2,2,2,2,2,1,1,1,1,2,2,2,2,2,2,1,1,1,1,2,2,2,2,2,2,1,1,0,0,2,2,2,2,2,2,1,1,0,1,0,2,2,2,2,0,1,1,1,1,0,0,2,2,2,0,1,1,1,1,0,0,0,0,0,0,1,1,1,1,0,0,0,0,0,0,1,1,1,1,0,0,0,1,0,1,0,1,1,1,0,0,0,1,1,1,1,1,1,1,0,0,1,1,1,1,1,1,1,1,0,0,0,0,1,1,1,1,1,1,0,0,0,0,1,1,1,1,1,1]","[[2,2,1,1,1,1,1,1,1,1],[2,2,2,1,1,1,1,1,1,1],[2,0,2,2,2,1,1,1,1,1],[2,2,2,2,2,1,1,1,1,1],[2,2,2,2,2,1,1,1,1,1],[2,2,2,2,2,2,1,1,1,1],[2,2,2,2,2,2,1,1,1,1],[2,2,2,2,2,2,1,1,0,0],[2,2,2,2,2,2,1,1,0,1],[0,2,2,2,2,0,1,1,1,1],[0,0,2,2,2,0,1,1,1,1],[0,0,0,0,0,0,1,1,1,1],[0,0,0,0,0,0,1,1,1,1],[0,0,0,1,0,1,0,1,1,1],[0,0,0,1,1,1,1,1,1,1],[0,0,1,1,1,1,1,1,1,1],[0,0,0,0,1,1,1,1,1,1],[0,0,0,0,1,1,1,1,1,1]]",4326e3bd926dc87d0ce33fdf325e42a9ae624cff6851a5937e2ee9ce888c8288,15da216552b4cfea918047a7df61cbefcef1478be37754a079fdc1a1303a6d55,merged_copper_v5,"[0.0,3.0,6.0,9.0,12.0,15.0]",classified,6,0.6753850191537429,0.5879394968131648,0.6988706541427355,0.16424876801171484,0.8707406437252049,0.7756443023772371,1.7219360438864288,B4,0.7756443023772371,11.765442300005816,3.3827772000222467,217.6499579999654,0.23556330002611503,233.77647330000764,26835,52440,1004,1044,60,4.2,completed,6,,,2026-08-08T21:13:14.054+02:00,2026-08-08T21:13:14.477+02:00,2026-08-08T21:17:16.002+02:00
227,S000227,band_supplement_300_20260808_001,C000226,candidate,07e05b70b8dce1483617b5094b1a88236a2de8d982b94733d075823e2fe493ba,"[0,1,1,1,1,1,1,1,1,1,0,1,1,0,0,0,0,1,1,1,0,0,1,1,0,0,0,1,1,1,0,2,2,2,0,0,0,0,1,1,0,2,2,2,1,1,1,1,1,1,0,1,2,1,1,1,1,1,1,1,1,1,1,1,1,1,1,1,1,1,1,2,2,2,1,1,1,1,1,1,1,2,2,2,2,1,1,1,1,1,2,2,2,2,2,1,1,1,1,1,2,2,2,2,2,1,1,1,1,1,2,2,2,2,2,1,1,1,1,1,2,2,2,2,2,1,1,1,1,1,0,2,2,0,0,1,1,1,1,1,0,0,0,1,1,1,1,1,1,1,1,1,1,1,1,1,1,1,1,1,1,1,1,1,1,1,1,1,1,1,1,1,1,1,1,1,1,1,1,1]","[[0,1,1,1,1,1,1,1,1,1],[0,1,1,0,0,0,0,1,1,1],[0,0,1,1,0,0,0,1,1,1],[0,2,2,2,0,0,0,0,1,1],[0,2,2,2,1,1,1,1,1,1],[0,1,2,1,1,1,1,1,1,1],[1,1,1,1,1,1,1,1,1,1],[1,2,2,2,1,1,1,1,1,1],[1,2,2,2,2,1,1,1,1,1],[2,2,2,2,2,1,1,1,1,1],[2,2,2,2,2,1,1,1,1,1],[2,2,2,2,2,1,1,1,1,1],[2,2,2,2,2,1,1,1,1,1],[0,2,2,0,0,1,1,1,1,1],[0,0,0,1,1,1,1,1,1,1],[1,1,1,1,1,1,1,1,1,1],[1,1,1,1,1,1,1,1,1,1],[1,1,1,1,1,1,1,1,1,1]]",1c443fb576288a632eb04e4c61adf47a75415d10d9bfc9a0b13773bb696ad05f,15da216552b4cfea918047a7df61cbefcef1478be37754a079fdc1a1303a6d55,merged_copper_v5,"[0.0,3.0,6.0,9.0,12.0,15.0]",classified,6,0.6834985576350164,0.5512084410896549,0.783363695903645,0.3396572709930419,0.8707406437252049,0.7849622761501877,1.7959253158518371,B4,0.7849622761501877,9.17878909999854,3.1007925999874715,172.00105579997762,0.24203720001969486,185.23696269991342,24366,47488,962,1014,66,4.2,completed,6,,,2026-08-08T21:13:14.176+02:00,2026-08-08T21:13:14.493+02:00,2026-08-08T21:16:26.958+02:00
228,S000228,band_supplement_300_20260808_001,C000227,candidate,7eb8fdb9bcd892951479a3753585559f00d81b3b42362cdf154c72b874935f5c,"[2,2,0,0,0,0,0,0,0,0,2,2,2,0,0,0,0,0,0,0,2,0,2,2,2,0,0,0,0,0,2,2,2,2,2,0,0,0,0,0,2,2,2,2,2,0,0,0,0,0,2,2,2,2,2,2,1,0,0,0,2,2,2,2,2,2,1,0,1,1,2,2,2,2,2,2,1,0,1,1,2,2,2,2,2,2,1,1,1,1,0,2,2,2,2,0,1,1,1,1,0,0,2,2,2,0,1,1,1,1,0,0,0,0,0,0,1,1,1,1,0,0,0,0,0,0,1,1,1,1,0,0,0,1,0,1,0,1,1,1,0,0,0,1,1,1,1,1,1,1,0,0,1,1,1,1,1,1,1,1,0,0,0,0,1,1,1,1,1,1,0,0,0,0,1,1,1,1,1,1]","[[2,2,0,0,0,0,0,0,0,0],[2,2,2,0,0,0,0,0,0,0],[2,0,2,2,2,0,0,0,0,0],[2,2,2,2,2,0,0,0,0,0],[2,2,2,2,2,0,0,0,0,0],[2,2,2,2,2,2,1,0,0,0],[2,2,2,2,2,2,1,0,1,1],[2,2,2,2,2,2,1,0,1,1],[2,2,2,2,2,2,1,1,1,1],[0,2,2,2,2,0,1,1,1,1],[0,0,2,2,2,0,1,1,1,1],[0,0,0,0,0,0,1,1,1,1],[0,0,0,0,0,0,1,1,1,1],[0,0,0,1,0,1,0,1,1,1],[0,0,0,1,1,1,1,1,1,1],[0,0,1,1,1,1,1,1,1,1],[0,0,0,0,1,1,1,1,1,1],[0,0,0,0,1,1,1,1,1,1]]",23e17de11d7bf2da6809e401f56f8bf1fe7c8b7e0fc661bee096fdd81a29adff,15da216552b4cfea918047a7df61cbefcef1478be37754a079fdc1a1303a6d55,merged_copper_v5,"[0.0,3.0,6.0,9.0,12.0,15.0]",classified,6,0.1660037573647993,0.1633030185401177,0.1695432218390541,0.0375907352821137,0.8707406437252049,0.19064661625831728,7.962543783518623,B1,0.19064661625831728,11.719750799995381,3.5163826000061817,64.06456769997021,0.25938599999062717,80.38570520005305,27193,53162,1016,1056,60,4.2,completed,6,,,2026-08-08T21:13:14.292+02:00,2026-08-08T21:13:14.530+02:00,2026-08-08T21:14:42.626+02:00
229,S000229,band_supplement_300_20260808_001,C000228,candidate,d94465078f9b07bbc7bf13b9870c47c27fa3a2a4db97432a814075d310c5483a,"[2,2,1,1,1,1,1,1,1,1,2,2,2,1,1,1,1,1,1,1,2,0,2,2,2,1,1,1,1,1,2,2,2,2,2,1,1,1,1,1,2,2,2,2,2,1,1,1,1,1,2,2,2,2,2,2,1,1,1,1,2,2,2,2,2,2,1,1,1,1,2,2,2,2,2,2,1,1,1,1,2,2,2,2,2,2,1,1,1,1,0,2,0,0,2,0,1,1,1,1,0,0,0,2,2,0,1,1,1,1,0,0,0,0,0,0,1,1,1,1,0,0,0,0,0,0,1,1,1,1,0,0,0,1,0,1,0,1,1,1,0,0,0,1,1,1,1,1,1,1,0,0,1,1,1,1,1,1,1,1,0,0,0,0,1,1,1,1,1,1,0,0,0,0,1,1,1,1,1,1]","[[2,2,1,1,1,1,1,1,1,1],[2,2,2,1,1,1,1,1,1,1],[2,0,2,2,2,1,1,1,1,1],[2,2,2,2,2,1,1,1,1,1],[2,2,2,2,2,1,1,1,1,1],[2,2,2,2,2,2,1,1,1,1],[2,2,2,2,2,2,1,1,1,1],[2,2,2,2,2,2,1,1,1,1],[2,2,2,2,2,2,1,1,1,1],[0,2,0,0,2,0,1,1,1,1],[0,0,0,2,2,0,1,1,1,1],[0,0,0,0,0,0,1,1,1,1],[0,0,0,0,0,0,1,1,1,1],[0,0,0,1,0,1,0,1,1,1],[0,0,0,1,1,1,1,1,1,1],[0,0,1,1,1,1,1,1,1,1],[0,0,0,0,1,1,1,1,1,1],[0,0,0,0,1,1,1,1,1,1]]",a4ac3d4ac9c24eaac4e3417ff89ec63d0908e1c5dcbff34d1fb6b3d181320843,15da216552b4cfea918047a7df61cbefcef1478be37754a079fdc1a1303a6d55,merged_copper_v5,"[0.0,3.0,6.0,9.0,12.0,15.0]",classified,6,0.6969089470157566,0.6168990804885349,0.7200901946465051,0.14806972216362885,0.8707406437252049,0.8003634056109279,1.436707899763174,B5,0.8003634056109279,11.306717300001765,3.5335460000205785,141.5669328000222,0.2609526000160258,157.47922500001732,27727,54226,1040,1074,54,4.2,completed,6,,,2026-08-08T21:13:14.408+02:00,2026-08-08T21:13:14.547+02:00,2026-08-08T21:16:01.063+02:00
230,S000230,band_supplement_300_20260808_001,C000229,candidate,688fe0b4dc64a40318ea1f531ce12b9979f87038d6f384da5607ff2bc16be583,"[2,2,1,1,1,1,1,1,1,1,2,2,2,1,1,1,1,1,1,1,2,2,2,2,2,1,1,1,1,1,2,2,2,2,2,1,1,1,1,1,2,2,2,2,2,1,1,1,1,1,0,0,2,2,2,2,1,1,1,1,0,2,2,2,2,2,1,1,1,1,0,2,0,2,2,2,1,1,1,1,0,0,0,2,2,2,1,1,1,1,0,2,2,2,2,0,1,1,1,1,0,0,2,2,2,0,1,1,1,1,0,0,0,0,0,0,1,1,1,1,0,0,0,0,0,1,1,1,1,1,0,0,0,1,0,1,0,1,1,1,0,0,0,1,1,1,1,1,1,1,0,0,1,1,1,1,1,1,1,1,0,0,0,0,1,1,1,1,1,1,0,0,0,0,1,1,1,1,1,1]","[[2,2,1,1,1,1,1,1,1,1],[2,2,2,1,1,1,1,1,1,1],[2,2,2,2,2,1,1,1,1,1],[2,2,2,2,2,1,1,1,1,1],[2,2,2,2,2,1,1,1,1,1],[0,0,2,2,2,2,1,1,1,1],[0,2,2,2,2,2,1,1,1,1],[0,2,0,2,2,2,1,1,1,1],[0,0,0,2,2,2,1,1,1,1],[0,2,2,2,2,0,1,1,1,1],[0,0,2,2,2,0,1,1,1,1],[0,0,0,0,0,0,1,1,1,1],[0,0,0,0,0,1,1,1,1,1],[0,0,0,1,0,1,0,1,1,1],[0,0,0,1,1,1,1,1,1,1],[0,0,1,1,1,1,1,1,1,1],[0,0,0,0,1,1,1,1,1,1],[0,0,0,0,1,1,1,1,1,1]]",3ac77329e23451398650ef23e5a8c17af47610e3c65b3357ec96af3bedd4f334,15da216552b4cfea918047a7df61cbefcef1478be37754a079fdc1a1303a6d55,merged_copper_v5,"[0.0,3.0,6.0,9.0,12.0,15.0]",classified,6,0.6984530157597421,0.6225609312867693,0.7196909752357994,0.1390645351332286,0.8707406437252049,0.8021366876497444,1.4084018534329537,B5,0.8021366876497444,5.210699899995234,3.29146330000367,174.48132499997155,0.23635799999465235,183.95104109996464,27785,54340,1046,1074,42,4.2,completed,6,,,2026-08-08T21:17:52.072+02:00,2026-08-08T21:17:52.420+02:00,2026-08-08T21:21:02.344+02:00
231,S000231,band_supplement_300_20260808_001,C000230,candidate,3e9185c088f01396a6ac2f92de69d251be0fe852afa04906c7cbcb09cf95fca4,"[2,2,1,1,1,1,1,1,1,1,2,2,2,1,1,1,1,1,1,1,2,0,2,2,1,1,1,1,1,1,2,2,1,2,1,1,1,1,1,1,1,1,1,1,1,1,1,1,1,1,2,2,1,2,1,2,1,1,1,1,2,2,2,2,2,2,1,1,1,1,2,2,2,2,2,2,1,1,1,1,2,2,2,2,2,2,1,1,1,1,0,2,2,2,2,0,1,1,1,1,0,0,2,2,2,0,1,1,1,1,0,0,0,0,0,0,1,1,1,1,0,0,0,0,0,0,1,1,1,1,0,0,0,1,0,1,0,1,1,1,0,0,0,1,1,1,1,1,1,1,0,0,1,1,1,1,1,1,1,1,0,0,0,0,1,1,1,1,1,1,0,0,0,0,1,1,1,1,1,1]","[[2,2,1,1,1,1,1,1,1,1],[2,2,2,1,1,1,1,1,1,1],[2,0,2,2,1,1,1,1,1,1],[2,2,1,2,1,1,1,1,1,1],[1,1,1,1,1,1,1,1,1,1],[2,2,1,2,1,2,1,1,1,1],[2,2,2,2,2,2,1,1,1,1],[2,2,2,2,2,2,1,1,1,1],[2,2,2,2,2,2,1,1,1,1],[0,2,2,2,2,0,1,1,1,1],[0,0,2,2,2,0,1,1,1,1],[0,0,0,0,0,0,1,1,1,1],[0,0,0,0,0,0,1,1,1,1],[0,0,0,1,0,1,0,1,1,1],[0,0,0,1,1,1,1,1,1,1],[0,0,1,1,1,1,1,1,1,1],[0,0,0,0,1,1,1,1,1,1],[0,0,0,0,1,1,1,1,1,1]]",178d03dff5ab7d54bee2a39066c1cd893ce873bc8e3ec52ef17abc7ff0bc150b,15da216552b4cfea918047a7df61cbefcef1478be37754a079fdc1a1303a6d55,merged_copper_v5,"[0.0,3.0,6.0,9.0,12.0,15.0]",classified,6,0.5937519647127559,0.5223878991328655,0.6955256394665095,0.2915994398728502,0.8707406437252049,0.681893017159007,2.869699896259902,B3,0.681893017159007,5.261602299986407,3.6995422999898437,249.21161529995152,0.24678779995883815,259.2289642000396,30044,58858,1142,1188,60,4.2,completed,6,,,2026-08-08T21:17:52.188+02:00,2026-08-08T21:17:52.451+02:00,2026-08-08T21:22:18.388+02:00
232,S000232,band_supplement_300_20260808_001,C000231,candidate,7d5b54a8c39a6569b2875b259103d9f3b633744e876036138031155af59dab9a,"[2,2,1,1,1,1,1,1,1,1,2,2,2,1,1,1,1,1,1,1,2,2,1,1,1,1,1,1,1,1,2,2,1,1,1,1,1,1,1,1,1,1,1,1,1,1,1,1,1,1,1,1,0,1,1,1,1,1,1,1,1,1,1,1,1,1,1,1,1,1,1,1,1,1,1,1,1,1,1,1,1,1,1,1,1,1,1,1,1,1,0,1,1,0,1,0,1,1,1,1,0,0,1,1,1,0,1,1,1,1,0,0,0,0,0,0,1,1,1,1,0,0,0,0,0,1,1,1,1,1,0,0,0,1,0,1,0,1,1,1,0,0,0,1,1,1,1,1,1,1,0,0,1,1,1,1,1,1,1,1,0,0,0,0,1,1,1,1,1,1,0,0,0,0,1,1,1,1,1,1]","[[2,2,1,1,1,1,1,1,1,1],[2,2,2,1,1,1,1,1,1,1],[2,2,1,1,1,1,1,1,1,1],[2,2,1,1,1,1,1,1,1,1],[1,1,1,1,1,1,1,1,1,1],[1,1,0,1,1,1,1,1,1,1],[1,1,1,1,1,1,1,1,1,1],[1,1,1,1,1,1,1,1,1,1],[1,1,1,1,1,1,1,1,1,1],[0,1,1,0,1,0,1,1,1,1],[0,0,1,1,1,0,1,1,1,1],[0,0,0,0,0,0,1,1,1,1],[0,0,0,0,0,1,1,1,1,1],[0,0,0,1,0,1,0,1,1,1],[0,0,0,1,1,1,1,1,1,1],[0,0,1,1,1,1,1,1,1,1],[0,0,0,0,1,1,1,1,1,1],[0,0,0,0,1,1,1,1,1,1]]",c384a8f353923a5acea7990532cb96acfc8cc35266456c861c19f1289d6cec46,15da216552b4cfea918047a7df61cbefcef1478be37754a079fdc1a1303a6d55,merged_copper_v5,"[0.0,3.0,6.0,9.0,12.0,15.0]",classified,6,0.869239345534475,0.7779573577838607,0.9775824009768764,0.22965486343726305,0.8707406437252049,0.9982758377002973,0.2296548787337632,B6,0.9982758377002973,2.4216087000095285,2.5180190000100993,172.51607970002806,0.1847831999475602,178.2375602000102,20365,39500,728,756,54,4.2,completed,6,,,2026-08-08T21:17:52.373+02:00,2026-08-08T21:17:52.473+02:00,2026-08-08T21:20:57.077+02:00
233,S000233,band_supplement_300_20260808_001,C000232,candidate,8ba4c256544f0a9b2374a20969a12fa4212b10db1fe89dd0270997391bbbbdd5,"[2,1,1,1,1,1,1,1,1,1,2,1,1,1,1,1,1,1,1,1,2,2,2,2,2,1,1,1,1,1,2,2,2,2,2,1,1,1,1,1,2,2,2,2,2,1,1,1,1,1,2,2,2,2,2,2,1,1,1,1,2,2,2,2,2,2,1,1,1,1,2,2,2,2,2,2,1,1,1,1,2,2,2,2,2,2,1,1,1,1,0,2,2,2,2,1,1,1,1,1,0,0,2,2,2,1,1,1,1,1,0,0,0,0,0,0,1,1,1,1,0,0,0,0,0,0,1,1,1,1,0,0,0,0,0,0,0,1,1,1,0,0,0,0,0,0,0,0,1,1,0,1,0,0,0,0,0,1,1,1,0,1,1,0,0,1,1,1,1,1,1,1,0,0,1,1,1,1,1,1]","[[2,1,1,1,1,1,1,1,1,1],[2,1,1,1,1,1,1,1,1,1],[2,2,2,2,2,1,1,1,1,1],[2,2,2,2,2,1,1,1,1,1],[2,2,2,2,2,1,1,1,1,1],[2,2,2,2,2,2,1,1,1,1],[2,2,2,2,2,2,1,1,1,1],[2,2,2,2,2,2,1,1,1,1],[2,2,2,2,2,2,1,1,1,1],[0,2,2,2,2,1,1,1,1,1],[0,0,2,2,2,1,1,1,1,1],[0,0,0,0,0,0,1,1,1,1],[0,0,0,0,0,0,1,1,1,1],[0,0,0,0,0,0,0,1,1,1],[0,0,0,0,0,0,0,0,1,1],[0,1,0,0,0,0,0,1,1,1],[0,1,1,0,0,1,1,1,1,1],[1,1,0,0,1,1,1,1,1,1]]",2403ba15143bdd941881b018d1a8309eea18fdf56ce81f01ab894a33ee3bae3f,15da216552b4cfea918047a7df61cbefcef1478be37754a079fdc1a1303a6d55,merged_copper_v5,"[0.0,3.0,6.0,9.0,12.0,15.0]",classified,6,0.6874577836140717,0.613680618067854,0.7406496801739367,0.18469361338610024,0.8707406437252049,0.7895092397122846,1.5914713335067046,B4,0.7895092397122846,5.312778099993011,2.8790123000217136,104.39856199995847,0.20258640000247397,113.45173570004408,23838,46436,878,912,42,4.2,completed,6,,,2026-08-08T21:22:18.736+02:00,2026-08-08T21:22:19.020+02:00,2026-08-08T21:24:18.423+02:00
234,S000234,band_supplement_300_20260808_001,C000233,candidate,afe0c27f7672113fec66e882f00bd2b8bd027e4361a71f79a99c28e826bcd824,"[2,1,1,1,1,1,1,1,1,1,2,1,1,1,1,1,1,1,1,1,2,2,2,2,2,1,1,1,1,1,2,2,2,2,2,1,1,1,1,1,2,2,2,2,2,1,1,1,1,1,2,2,2,2,2,2,1,1,1,1,2,2,2,2,2,2,1,1,1,1,2,2,2,2,2,2,1,1,1,1,2,2,2,2,2,2,1,1,1,1,0,2,2,2,2,1,1,1,1,1,0,0,2,2,2,1,1,1,1,1,0,0,2,2,2,2,1,1,1,1,0,0,2,2,2,0,1,1,1,1,2,2,2,2,0,0,0,1,1,1,2,2,2,0,0,0,0,0,1,1,0,1,2,0,0,0,0,1,1,1,0,1,1,0,0,1,1,1,1,1,1,1,1,1,1,1,1,1,1,1]","[[2,1,1,1,1,1,1,1,1,1],[2,1,1,1,1,1,1,1,1,1],[2,2,2,2,2,1,1,1,1,1],[2,2,2,2,2,1,1,1,1,1],[2,2,2,2,2,1,1,1,1,1],[2,2,2,2,2,2,1,1,1,1],[2,2,2,2,2,2,1,1,1,1],[2,2,2,2,2,2,1,1,1,1],[2,2,2,2,2,2,1,1,1,1],[0,2,2,2,2,1,1,1,1,1],[0,0,2,2,2,1,1,1,1,1],[0,0,2,2,2,2,1,1,1,1],[0,0,2,2,2,0,1,1,1,1],[2,2,2,2,0,0,0,1,1,1],[2,2,2,0,0,0,0,0,1,1],[0,1,2,0,0,0,0,1,1,1],[0,1,1,0,0,1,1,1,1,1],[1,1,1,1,1,1,1,1,1,1]]",9583806e09c3a94fa701081e08ec12fd9af19468c4bafb33d85453c90a6ceb67,15da216552b4cfea918047a7df61cbefcef1478be37754a079fdc1a1303a6d55,merged_copper_v5,"[0.0,3.0,6.0,9.0,12.0,15.0]",classified,6,0.782943909845416,0.7331116914582154,0.8236268564568612,0.11560874777928476,0.8707406437252049,0.8991700519408664,0.328809890008086,B5,0.8991700519408664,6.744339400000172,3.379443199984962,140.52144030004274,0.23874050003360026,151.6556195000303,28465,55698,1082,1122,48,4.2,completed,6,,,2026-08-08T21:22:18.844+02:00,2026-08-08T21:22:19.036+02:00,2026-08-08T21:24:57.361+02:00
235,S000235,band_supplement_300_20260808_001,C000234,candidate,2896f038df535e7e1033b1a3b607af91217491513bdb191439a3f20dcce1a580,"[2,1,1,1,1,1,1,0,0,0,2,1,1,1,1,1,1,1,0,0,2,2,2,2,2,1,1,1,0,0,2,2,2,2,2,1,1,1,0,0,2,2,2,2,2,1,1,1,1,0,2,2,2,2,2,2,1,1,1,1,2,2,2,2,2,2,1,1,1,1,2,2,2,2,2,2,1,1,1,1,2,2,2,2,2,2,1,1,1,1,0,2,2,2,2,1,1,1,1,1,0,0,2,2,2,1,1,1,1,1,0,0,0,0,0,0,1,1,1,1,0,0,0,0,0,0,1,1,1,1,0,0,0,0,0,0,0,1,1,1,0,0,0,0,0,0,0,0,1,1,0,1,0,0,0,0,0,1,1,1,0,1,1,0,0,1,1,1,1,1,1,1,1,1,1,1,1,1,1,1]","[[2,1,1,1,1,1,1,0,0,0],[2,1,1,1,1,1,1,1,0,0],[2,2,2,2,2,1,1,1,0,0],[2,2,2,2,2,1,1,1,0,0],[2,2,2,2,2,1,1,1,1,0],[2,2,2,2,2,2,1,1,1,1],[2,2,2,2,2,2,1,1,1,1],[2,2,2,2,2,2,1,1,1,1],[2,2,2,2,2,2,1,1,1,1],[0,2,2,2,2,1,1,1,1,1],[0,0,2,2,2,1,1,1,1,1],[0,0,0,0,0,0,1,1,1,1],[0,0,0,0,0,0,1,1,1,1],[0,0,0,0,0,0,0,1,1,1],[0,0,0,0,0,0,0,0,1,1],[0,1,0,0,0,0,0,1,1,1],[0,1,1,0,0,1,1,1,1,1],[1,1,1,1,1,1,1,1,1,1]]",3abd62fb010a6014948a4573df22fb6695aa7017f31b2f7a76bf62e558982aa0,15da216552b4cfea918047a7df61cbefcef1478be37754a079fdc1a1303a6d55,merged_copper_v5,"[0.0,3.0,6.0,9.0,12.0,15.0]",classified,6,0.6334054047708285,0.4397801862928992,0.8771892806352384,0.6905673539375584,0.8707406437252049,0.7274329151111999,2.7729998095987027,B4,0.7274329151111999,5.343672599992715,2.9960872000665404,105.72944650001591,0.21468400000594556,114.97123329999158,24521,47808,914,948,42,4.2,completed,6,,,2026-08-08T21:22:18.968+02:00,2026-08-08T21:22:19.051+02:00,2026-08-08T21:24:20.679+02:00
236,S000236,band_supplement_300_20260808_001,C000235,candidate,92e4af9c94707e139d04a1c8620d01768575d5fd4e53d940dd6a508322b2b4ac,"[0,1,1,1,1,1,1,1,1,1,0,1,1,1,1,1,1,1,1,1,0,0,0,1,1,1,1,1,1,1,0,2,2,2,1,1,1,1,1,1,0,2,2,2,1,1,1,1,1,1,0,2,2,2,0,1,1,1,1,1,2,2,2,2,2,1,1,1,1,1,2,2,2,2,2,1,1,1,1,1,2,2,2,2,2,1,1,1,1,1,2,2,2,2,2,1,1,1,1,1,2,2,2,2,2,1,1,1,1,1,2,2,2,2,2,1,1,1,1,1,2,2,2,2,2,1,1,1,1,1,0,2,2,0,0,1,1,1,1,1,0,0,1,1,1,1,1,1,1,1,1,1,1,1,1,1,1,1,1,1,1,1,1,1,1,1,1,0,0,1,1,1,1,1,1,1,1,1,1,1]","[[0,1,1,1,1,1,1,1,1,1],[0,1,1,1,1,1,1,1,1,1],[0,0,0,1,1,1,1,1,1,1],[0,2,2,2,1,1,1,1,1,1],[0,2,2,2,1,1,1,1,1,1],[0,2,2,2,0,1,1,1,1,1],[2,2,2,2,2,1,1,1,1,1],[2,2,2,2,2,1,1,1,1,1],[2,2,2,2,2,1,1,1,1,1],[2,2,2,2,2,1,1,1,1,1],[2,2,2,2,2,1,1,1,1,1],[2,2,2,2,2,1,1,1,1,1],[2,2,2,2,2,1,1,1,1,1],[0,2,2,0,0,1,1,1,1,1],[0,0,1,1,1,1,1,1,1,1],[1,1,1,1,1,1,1,1,1,1],[1,1,1,1,1,1,1,0,0,1],[1,1,1,1,1,1,1,1,1,1]]",9c9b5e58a2c1f35feadd8dd995eea41521d962769845e1b3ee8c87274eb1f277,15da216552b4cfea918047a7df61cbefcef1478be37754a079fdc1a1303a6d55,merged_copper_v5,"[0.0,3.0,6.0,9.0,12.0,15.0]",classified,6,0.8864309029049199,0.8255397737103529,0.9318896221423811,0.11997533940153651,0.8707406437252049,1.0180194404531169,0.11997535469803665,B7,1.0180194404531169,8.959505300008459,2.853516099974513,179.60794030001853,0.19922119996044785,192.278988200007,22225,43206,824,870,60,4.2,completed,6,,,2026-08-08T21:24:57.717+02:00,2026-08-08T21:24:58.218+02:00,2026-08-08T21:28:17.409+02:00
237,S000237,band_supplement_300_20260808_001,C000236,candidate,7f685f2421d23a6d792825ff3e4eefd21d4d3e328384932b6122769a19ec5625,"[2,1,1,1,1,1,1,1,1,1,2,1,1,1,1,1,1,1,1,1,2,2,2,2,2,1,1,1,1,1,2,2,2,2,2,1,1,1,1,1,2,2,2,2,2,1,1,1,1,1,2,2,2,2,2,2,1,1,1,1,2,1,1,1,2,2,1,1,1,1,2,1,1,2,2,2,1,1,1,1,1,1,2,2,2,2,1,1,1,1,1,1,2,2,2,1,1,1,1,1,1,0,2,2,2,1,1,1,1,1,1,1,1,1,1,1,1,1,1,1,1,1,1,1,1,1,1,1,1,1,1,1,1,1,1,1,0,0,1,1,1,1,1,1,1,0,0,0,0,1,1,1,0,0,0,0,0,1,1,1,1,0,0,0,0,0,0,0,1,1,1,1,1,0,0,1,0,0,1,1]","[[2,1,1,1,1,1,1,1,1,1],[2,1,1,1,1,1,1,1,1,1],[2,2,2,2,2,1,1,1,1,1],[2,2,2,2,2,1,1,1,1,1],[2,2,2,2,2,1,1,1,1,1],[2,2,2,2,2,2,1,1,1,1],[2,1,1,1,2,2,1,1,1,1],[2,1,1,2,2,2,1,1,1,1],[1,1,2,2,2,2,1,1,1,1],[1,1,2,2,2,1,1,1,1,1],[1,0,2,2,2,1,1,1,1,1],[1,1,1,1,1,1,1,1,1,1],[1,1,1,1,1,1,1,1,1,1],[1,1,1,1,1,1,0,0,1,1],[1,1,1,1,1,0,0,0,0,1],[1,1,0,0,0,0,0,1,1,1],[1,0,0,0,0,0,0,0,1,1],[1,1,1,0,0,1,0,0,1,1]]",320bdae1ab23815323e1ace420fdaefa06ecfd1c571a6d91148e035ef89e5f22,15da216552b4cfea918047a7df61cbefcef1478be37754a079fdc1a1303a6d55,merged_copper_v5,"[0.0,3.0,6.0,9.0,12.0,15.0]",classified,6,0.8604478064172616,0.820274635744568,0.9265538130808745,0.12351612328333125,0.8707406437252049,0.9881792157261565,0.12351613857983139,B6,0.9881792157261565,9.295020699995803,3.329995800013421,302.0659423999605,0.2376622000010684,315.72551659998135,27180,53122,1034,1074,48,4.2,completed,6,,,2026-08-08T21:24:57.818+02:00,2026-08-08T21:24:58.249+02:00,2026-08-08T21:30:21.830+02:00
238,S000238,band_supplement_300_20260808_001,C000237,candidate,ad6308a375811d92d785a3112fc892b081a96acc99c9771d74f4dcdc74bef2c1,"[2,1,1,1,1,1,1,1,1,1,2,1,1,1,1,1,1,1,1,1,2,2,2,2,2,1,1,1,1,1,2,2,2,2,2,1,1,1,1,1,2,2,2,2,2,1,1,1,1,1,2,2,2,2,2,2,1,1,1,1,2,2,2,2,2,2,1,1,1,1,2,2,2,2,2,2,1,1,1,1,2,2,2,2,2,2,1,1,1,1,2,2,2,2,2,1,1,1,1,1,2,0,2,2,2,1,1,1,1,1,2,2,2,1,1,1,1,1,1,1,1,2,2,1,1,1,1,1,1,1,1,1,1,1,1,1,0,0,1,1,1,1,1,1,1,0,0,0,0,1,1,1,0,0,0,0,0,1,1,1,1,0,0,0,0,0,0,0,1,1,1,1,1,0,0,1,0,0,1,1]","[[2,1,1,1,1,1,1,1,1,1],[2,1,1,1,1,1,1,1,1,1],[2,2,2,2,2,1,1,1,1,1],[2,2,2,2,2,1,1,1,1,1],[2,2,2,2,2,1,1,1,1,1],[2,2,2,2,2,2,1,1,1,1],[2,2,2,2,2,2,1,1,1,1],[2,2,2,2,2,2,1,1,1,1],[2,2,2,2,2,2,1,1,1,1],[2,2,2,2,2,1,1,1,1,1],[2,0,2,2,2,1,1,1,1,1],[2,2,2,1,1,1,1,1,1,1],[1,2,2,1,1,1,1,1,1,1],[1,1,1,1,1,1,0,0,1,1],[1,1,1,1,1,0,0,0,0,1],[1,1,0,0,0,0,0,1,1,1],[1,0,0,0,0,0,0,0,1,1],[1,1,1,0,0,1,0,0,1,1]]",5d5338bb445f334cb74e201b5b4a3684df6e80f1f9ab96d01b384683744c8549,15da216552b4cfea918047a7df61cbefcef1478be37754a079fdc1a1303a6d55,merged_copper_v5,"[0.0,3.0,6.0,9.0,12.0,15.0]",classified,6,0.8566292930957621,0.8156325830129817,0.922779540808968,0.12507972662103253,0.8707406437252049,0.9837938532775138,0.12507974191753268,B6,0.9837938532775138,11.106315799988806,3.3915589999523945,276.68314040004043,0.24546040006680414,292.1843092999479,27052,52872,1022,1056,54,4.2,completed,6,,,2026-08-08T21:24:57.949+02:00,2026-08-08T21:24:58.265+02:00,2026-08-08T21:29:57.753+02:00
239,S000239,band_supplement_300_20260808_001,C000238,candidate,43e54550ffb07721d5ed4d18603a257d8828fb3c07a625be61952136f00f2a7a,"[0,1,1,1,1,1,1,1,1,1,0,1,1,1,1,1,1,1,1,1,0,0,0,1,1,1,1,1,1,1,0,2,2,2,1,1,1,1,1,1,0,2,2,2,1,1,1,1,1,1,0,2,2,2,0,1,1,1,1,1,2,2,0,0,2,1,1,1,1,1,2,2,2,0,2,1,1,1,1,1,2,2,2,0,2,1,1,1,1,1,2,2,2,2,2,1,1,1,1,1,2,2,2,2,2,1,1,1,1,1,2,2,2,2,2,1,1,1,1,1,2,2,2,2,2,1,1,0,0,0,0,2,2,0,0,1,1,0,0,0,0,0,1,1,1,1,1,0,0,1,1,1,1,1,1,1,1,1,1,1,1,1,1,1,1,1,1,1,1,1,1,1,1,1,1,1,1,1,1,1]","[[0,1,1,1,1,1,1,1,1,1],[0,1,1,1,1,1,1,1,1,1],[0,0,0,1,1,1,1,1,1,1],[0,2,2,2,1,1,1,1,1,1],[0,2,2,2,1,1,1,1,1,1],[0,2,2,2,0,1,1,1,1,1],[2,2,0,0,2,1,1,1,1,1],[2,2,2,0,2,1,1,1,1,1],[2,2,2,0,2,1,1,1,1,1],[2,2,2,2,2,1,1,1,1,1],[2,2,2,2,2,1,1,1,1,1],[2,2,2,2,2,1,1,1,1,1],[2,2,2,2,2,1,1,0,0,0],[0,2,2,0,0,1,1,0,0,0],[0,0,1,1,1,1,1,0,0,1],[1,1,1,1,1,1,1,1,1,1],[1,1,1,1,1,1,1,1,1,1],[1,1,1,1,1,1,1,1,1,1]]",00469d27a56ea048cd6f7e5d42a8c9d36d86b599357e867fc83b0467fe83404a,15da216552b4cfea918047a7df61cbefcef1478be37754a079fdc1a1303a6d55,merged_copper_v5,"[0.0,3.0,6.0,9.0,12.0,15.0]",classified,6,0.776355183541884,0.7270049985353888,0.8071722548239911,0.10326105626404611,0.8707406437252049,0.891603245049501,0.3988212772869977,B5,0.891603245049501,9.87842210000963,3.3641862999647856,244.49312579995603,0.2385962000116706,258.75658939999994,26167,51100,992,1050,66,4.2,completed,6,,,2026-08-08T21:24:58.065+02:00,2026-08-08T21:24:58.296+02:00,2026-08-08T21:29:23.997+02:00
240,S000240,band_supplement_300_20260808_001,C000239,candidate,c46987c425be018f784ab0ea899c0cd16451323bd45802d408e290ab0b632b5a,"[0,1,1,1,1,1,1,1,1,1,0,1,1,1,1,1,1,1,1,1,0,0,0,1,1,1,1,1,1,1,0,2,2,2,1,1,1,1,1,1,0,2,2,2,1,1,1,1,1,1,0,2,2,2,0,1,1,1,1,1,2,2,0,0,2,1,1,1,1,1,2,2,2,0,2,1,1,1,1,1,2,2,2,0,2,1,1,1,1,1,2,2,2,2,2,1,1,1,1,1,2,2,2,2,2,1,1,1,1,1,2,2,2,2,2,1,1,1,1,1,0,0,2,2,2,1,1,1,1,1,0,2,2,0,0,1,1,1,1,1,0,0,1,1,1,1,1,1,1,1,1,1,1,1,1,1,1,1,1,1,1,1,1,1,1,1,1,1,1,1,1,1,1,1,1,1,1,1,1,1]","[[0,1,1,1,1,1,1,1,1,1],[0,1,1,1,1,1,1,1,1,1],[0,0,0,1,1,1,1,1,1,1],[0,2,2,2,1,1,1,1,1,1],[0,2,2,2,1,1,1,1,1,1],[0,2,2,2,0,1,1,1,1,1],[2,2,0,0,2,1,1,1,1,1],[2,2,2,0,2,1,1,1,1,1],[2,2,2,0,2,1,1,1,1,1],[2,2,2,2,2,1,1,1,1,1],[2,2,2,2,2,1,1,1,1,1],[2,2,2,2,2,1,1,1,1,1],[0,0,2,2,2,1,1,1,1,1],[0,2,2,0,0,1,1,1,1,1],[0,0,1,1,1,1,1,1,1,1],[1,1,1,1,1,1,1,1,1,1],[1,1,1,1,1,1,1,1,1,1],[1,1,1,1,1,1,1,1,1,1]]",8390f89da1e204b39ee7d1a4e8709fb02a39a2bf9ca3b4234936403108edd236,15da216552b4cfea918047a7df61cbefcef1478be37754a079fdc1a1303a6d55,merged_copper_v5,"[0.0,3.0,6.0,9.0,12.0,15.0]",classified,6,0.8870759366169102,0.8255608911650681,0.9322938002440561,0.1203199237779361,0.8707406437252049,1.018760227869713,0.12031993907443624,B7,1.018760227869713,9.462572199990973,3.3477857999678236,128.45608649993665,0.24201830005040392,142.26689289996284,25726,50224,980,1032,60,4.2,completed,6,,,2026-08-08T21:24:58.181+02:00,2026-08-08T21:24:58.318+02:00,2026-08-08T21:27:29.246+02:00
241,S000241,band_supplement_300_20260808_001,C000240,candidate,b9a40f3eb477b9b5e5afd3996a091486a1dab5fbfb23d31794d7d76a7a6444c5,"[0,1,1,1,1,1,1,1,1,1,0,1,1,1,1,1,1,1,1,1,0,0,0,1,1,1,1,1,1,1,0,2,2,2,1,1,1,1,1,1,0,2,2,2,1,1,1,1,1,1,0,2,2,2,0,1,1,1,1,1,2,2,2,2,2,1,1,1,1,1,2,2,2,2,2,1,1,1,1,1,2,2,2,2,2,1,1,1,1,1,2,2,2,2,2,1,1,1,1,1,2,2,2,2,2,1,1,1,1,1,2,2,2,2,2,1,1,1,1,1,2,2,2,2,2,1,1,1,1,1,0,2,2,0,0,1,1,1,1,1,0,0,1,1,1,1,2,2,1,1,1,1,1,1,1,1,2,2,2,2,1,1,1,1,2,2,2,2,2,2,1,1,1,1,1,1,1,1,1,2]","[[0,1,1,1,1,1,1,1,1,1],[0,1,1,1,1,1,1,1,1,1],[0,0,0,1,1,1,1,1,1,1],[0,2,2,2,1,1,1,1,1,1],[0,2,2,2,1,1,1,1,1,1],[0,2,2,2,0,1,1,1,1,1],[2,2,2,2,2,1,1,1,1,1],[2,2,2,2,2,1,1,1,1,1],[2,2,2,2,2,1,1,1,1,1],[2,2,2,2,2,1,1,1,1,1],[2,2,2,2,2,1,1,1,1,1],[2,2,2,2,2,1,1,1,1,1],[2,2,2,2,2,1,1,1,1,1],[0,2,2,0,0,1,1,1,1,1],[0,0,1,1,1,1,2,2,1,1],[1,1,1,1,1,1,2,2,2,2],[1,1,1,1,2,2,2,2,2,2],[1,1,1,1,1,1,1,1,1,2]]",690cfd2c5daefa749c0d848fe9aa6164c022bf4bc3dfc5123a6840cd88074142,15da216552b4cfea918047a7df61cbefcef1478be37754a079fdc1a1303a6d55,merged_copper_v5,"[0.0,3.0,6.0,9.0,12.0,15.0]",classified,6,0.49870447111248845,0.4460252878994524,0.5192072292223944,0.146744105100343,0.8707406437252049,0.5727359515216032,3.9129382314907364,B2,0.5727359515216032,4.682812400016701,3.0563808000297286,208.7031492999813,0.25462960003642365,217.40797280007973,26017,50798,1034,1086,66,4.2,completed,6,,,2026-08-08T21:30:22.110+02:00,2026-08-08T21:30:22.155+02:00,2026-08-08T21:34:05.218+02:00
242,S000242,band_supplement_300_20260808_001,C000241,candidate,f5a6d42fa930952e47283adcad4fa75f52cf6a7b60b65fae8742522762839497,"[2,2,2,2,2,2,2,1,1,0,2,0,2,2,0,2,1,1,1,0,2,0,2,2,0,1,1,1,1,0,0,0,2,2,0,1,1,1,1,1,0,0,0,0,0,1,1,1,1,1,0,0,0,0,0,0,2,2,2,1,0,0,0,0,0,0,2,2,2,1,0,0,0,0,0,0,1,1,1,1,0,0,0,0,0,0,1,1,1,1,0,0,0,0,0,0,1,1,1,1,0,0,0,0,0,0,1,1,1,1,0,0,0,0,0,0,1,1,1,1,0,0,0,0,0,0,1,0,1,1,0,0,0,0,0,0,0,0,1,1,0,0,0,0,0,0,0,0,0,1,0,0,0,0,0,0,0,0,0,1,0,0,0,0,0,0,0,0,1,1,0,0,0,0,0,0,0,0,1,1]","[[2,2,2,2,2,2,2,1,1,0],[2,0,2,2,0,2,1,1,1,0],[2,0,2,2,0,1,1,1,1,0],[0,0,2,2,0,1,1,1,1,1],[0,0,0,0,0,1,1,1,1,1],[0,0,0,0,0,0,2,2,2,1],[0,0,0,0,0,0,2,2,2,1],[0,0,0,0,0,0,1,1,1,1],[0,0,0,0,0,0,1,1,1,1],[0,0,0,0,0,0,1,1,1,1],[0,0,0,0,0,0,1,1,1,1],[0,0,0,0,0,0,1,1,1,1],[0,0,0,0,0,0,1,0,1,1],[0,0,0,0,0,0,0,0,1,1],[0,0,0,0,0,0,0,0,0,1],[0,0,0,0,0,0,0,0,0,1],[0,0,0,0,0,0,0,0,1,1],[0,0,0,0,0,0,0,0,1,1]]",2c80510f89db9cfafd5526270aaa8beab678094787a9492032b5c86b8507f4bd,15da216552b4cfea918047a7df61cbefcef1478be37754a079fdc1a1303a6d55,merged_copper_v5,"[0.0,3.0,6.0,9.0,12.0,15.0]",classified,6,0.4385486305062962,0.3216034247666458,0.5101277509592492,0.4298823735350755,0.8707406437252049,0.5036501209247525,4.948024507502873,B2,0.5036501209247525,4.800381400011247,3.080909700016491,98.64054890003172,0.22980040000402369,107.4692064000119,24811,48390,932,972,54,4.2,completed,6,,,2026-08-08T21:34:05.631+02:00,2026-08-08T21:34:06.033+02:00,2026-08-08T21:36:00.183+02:00
243,S000243,band_supplement_300_20260808_001,C000242,candidate,25a5d46b2ccd1c013ec86431c88dda8a11054b385f27fbf757285678edb6b7d0,"[0,0,0,0,0,1,0,0,0,0,0,0,0,2,1,1,1,0,1,0,0,2,2,2,2,2,1,1,1,1,0,2,2,2,0,2,2,1,0,1,0,2,2,2,0,1,1,1,1,1,0,2,2,2,2,2,2,1,1,0,0,2,2,2,2,2,2,1,1,0,0,1,2,2,2,1,1,1,1,0,1,1,2,2,2,0,1,1,1,0,1,1,1,1,0,0,1,1,1,1,1,1,1,1,1,1,1,1,1,1,1,1,1,1,1,1,1,1,1,1,1,1,0,1,1,1,1,1,1,1,1,1,1,1,1,1,1,1,2,1,1,1,0,0,1,1,0,2,2,2,1,1,0,0,0,0,0,0,0,0,1,1,1,1,0,0,0,0,0,0,1,1,1,1,1,0,0,0,0,0]","[[0,0,0,0,0,1,0,0,0,0],[0,0,0,2,1,1,1,0,1,0],[0,2,2,2,2,2,1,1,1,1],[0,2,2,2,0,2,2,1,0,1],[0,2,2,2,0,1,1,1,1,1],[0,2,2,2,2,2,2,1,1,0],[0,2,2,2,2,2,2,1,1,0],[0,1,2,2,2,1,1,1,1,0],[1,1,2,2,2,0,1,1,1,0],[1,1,1,1,0,0,1,1,1,1],[1,1,1,1,1,1,1,1,1,1],[1,1,1,1,1,1,1,1,1,1],[1,1,0,1,1,1,1,1,1,1],[1,1,1,1,1,1,1,1,2,1],[1,1,0,0,1,1,0,2,2,2],[1,1,0,0,0,0,0,0,0,0],[1,1,1,1,0,0,0,0,0,0],[1,1,1,1,1,0,0,0,0,0]]",fbe4ca87f959f593ae1bb3097d239eb9c923e233ada84eb3ea4973df8a194212,15da216552b4cfea918047a7df61cbefcef1478be37754a079fdc1a1303a6d55,merged_copper_v5,"[0.0,3.0,6.0,9.0,12.0,15.0]",classified,6,0.4491406430709171,0.1014084512190145,0.82585714878326,1.6129662473005333,0.8707406437252049,0.5158144923032448,5.99870822421057,B2,0.5158144923032448,6.442922400019597,3.7844233000068925,363.4831791000033,0.2722811000421643,374.8575841000711,32570,63918,1250,1314,90,4.2,completed,6,,,2026-08-08T21:34:05.734+02:00,2026-08-08T21:34:06.048+02:00,2026-08-08T21:40:28.232+02:00
244,S000244,band_supplement_300_20260808_001,C000243,candidate,4ca570ae0788ef5382c409b32464366639a50f14838e81fdff309c3a61188650,"[2,1,1,1,1,1,1,1,1,1,2,1,1,1,1,1,2,1,1,1,2,2,0,0,2,1,2,2,1,1,2,2,0,2,2,2,2,2,1,1,2,2,2,2,2,2,2,2,1,1,2,2,2,2,2,2,2,1,1,1,2,2,2,2,2,2,1,1,1,1,2,2,2,2,2,2,0,0,1,1,2,2,2,2,2,2,0,0,0,1,2,2,2,2,2,2,0,1,1,1,2,2,2,2,2,2,0,1,1,1,2,2,2,2,2,2,0,1,1,1,2,2,2,2,2,2,0,0,1,1,2,2,2,0,2,2,2,2,1,1,0,0,0,0,2,2,2,0,0,1,0,0,0,0,0,0,0,0,0,1,0,0,0,0,0,0,0,0,1,1,0,0,0,0,0,0,0,0,1,1]","[[2,1,1,1,1,1,1,1,1,1],[2,1,1,1,1,1,2,1,1,1],[2,2,0,0,2,1,2,2,1,1],[2,2,0,2,2,2,2,2,1,1],[2,2,2,2,2,2,2,2,1,1],[2,2,2,2,2,2,2,1,1,1],[2,2,2,2,2,2,1,1,1,1],[2,2,2,2,2,2,0,0,1,1],[2,2,2,2,2,2,0,0,0,1],[2,2,2,2,2,2,0,1,1,1],[2,2,2,2,2,2,0,1,1,1],[2,2,2,2,2,2,0,1,1,1],[2,2,2,2,2,2,0,0,1,1],[2,2,2,0,2,2,2,2,1,1],[0,0,0,0,2,2,2,0,0,1],[0,0,0,0,0,0,0,0,0,1],[0,0,0,0,0,0,0,0,1,1],[0,0,0,0,0,0,0,0,1,1]]",5a48df11f75675a5c03f15d8c9c7441feab512aa38285504aff306edf36f6fa9,15da216552b4cfea918047a7df61cbefcef1478be37754a079fdc1a1303a6d55,merged_copper_v5,"[0.0,3.0,6.0,9.0,12.0,15.0]",classified,6,0.47230281082029535,0.3052258671106863,0.610410592421455,0.6461632628879003,0.8707406437252049,0.5424150281990837,4.742378142930709,B2,0.5424150281990837,11.06221989999176,3.8777514999674167,185.69573700006003,0.26837659999728203,201.80555829996592,32582,63940,1232,1272,48,4.2,completed,6,,,2026-08-08T21:34:05.865+02:00,2026-08-08T21:34:06.072+02:00,2026-08-08T21:37:34.586+02:00
245,S000245,band_supplement_300_20260808_001,C000244,candidate,bcd15607fda8f9105c8e8b288811649ca8b0d0517da813adc565416bceb60b25,"[2,1,1,1,1,1,1,1,1,1,2,1,1,1,1,1,1,1,1,1,2,2,0,0,2,1,1,1,1,1,2,2,0,2,2,1,1,1,1,1,2,2,2,2,2,1,1,1,1,1,2,2,2,2,2,2,1,1,1,1,2,2,2,2,2,2,1,1,1,1,2,2,2,2,2,2,0,0,1,1,2,2,2,2,2,2,0,0,0,1,2,2,2,2,2,2,0,1,1,1,2,2,2,2,2,2,0,1,1,1,2,2,2,2,2,2,0,1,1,1,2,2,2,2,2,2,0,0,1,1,2,2,2,0,2,2,2,1,1,1,0,0,0,0,2,2,2,1,1,1,0,0,0,0,0,0,0,0,0,1,0,0,0,0,0,0,0,0,1,1,0,0,0,0,0,0,0,0,1,1]","[[2,1,1,1,1,1,1,1,1,1],[2,1,1,1,1,1,1,1,1,1],[2,2,0,0,2,1,1,1,1,1],[2,2,0,2,2,1,1,1,1,1],[2,2,2,2,2,1,1,1,1,1],[2,2,2,2,2,2,1,1,1,1],[2,2,2,2,2,2,1,1,1,1],[2,2,2,2,2,2,0,0,1,1],[2,2,2,2,2,2,0,0,0,1],[2,2,2,2,2,2,0,1,1,1],[2,2,2,2,2,2,0,1,1,1],[2,2,2,2,2,2,0,1,1,1],[2,2,2,2,2,2,0,0,1,1],[2,2,2,0,2,2,2,1,1,1],[0,0,0,0,2,2,2,1,1,1],[0,0,0,0,0,0,0,0,0,1],[0,0,0,0,0,0,0,0,1,1],[0,0,0,0,0,0,0,0,1,1]]",850a4cdb2a124887b31baa05ede596576babed4f71b2b8ea47a134afd2afe140,15da216552b4cfea918047a7df61cbefcef1478be37754a079fdc1a1303a6d55,merged_copper_v5,"[0.0,3.0,6.0,9.0,12.0,15.0]",classified,6,0.49112648796815184,0.4142576748299877,0.5625740179722148,0.3019921482057083,0.8707406437252049,0.564033034988482,4.162911063900311,B2,0.564033034988482,9.390154199994868,3.4972865000599995,146.30032489995938,0.24573919997783378,160.22927269997308,28372,55516,1058,1098,48,4.2,completed,6,,,2026-08-08T21:34:05.972+02:00,2026-08-08T21:34:06.104+02:00,2026-08-08T21:36:53.284+02:00
246,S000246,band_supplement_300_20260808_001,C000245,candidate,a0ce30284a156248a3c26b6b09370dc6cc00ca6e293c84cad79dbd577519be77,"[1,1,1,1,1,1,1,1,1,1,1,1,1,1,1,1,1,1,1,1,1,1,1,1,1,1,1,1,1,1,1,2,2,2,0,1,1,1,1,1,1,2,2,2,0,1,1,1,1,1,0,1,2,1,0,1,1,1,1,1,1,1,1,1,1,1,1,1,1,1,1,1,2,2,1,1,1,1,1,1,1,2,2,2,2,1,1,1,1,1,2,2,2,2,2,2,2,2,1,1,2,2,2,2,2,1,1,1,1,1,2,2,2,2,2,1,1,1,1,1,2,2,2,2,2,1,1,1,1,1,0,2,2,0,0,1,1,1,1,1,0,0,0,1,1,1,1,1,1,1,1,1,1,1,1,1,1,1,1,1,1,1,1,1,1,1,1,1,1,1,1,1,1,1,1,1,1,1,1,1]","[[1,1,1,1,1,1,1,1,1,1],[1,1,1,1,1,1,1,1,1,1],[1,1,1,1,1,1,1,1,1,1],[1,2,2,2,0,1,1,1,1,1],[1,2,2,2,0,1,1,1,1,1],[0,1,2,1,0,1,1,1,1,1],[1,1,1,1,1,1,1,1,1,1],[1,1,2,2,1,1,1,1,1,1],[1,2,2,2,2,1,1,1,1,1],[2,2,2,2,2,2,2,2,1,1],[2,2,2,2,2,1,1,1,1,1],[2,2,2,2,2,1,1,1,1,1],[2,2,2,2,2,1,1,1,1,1],[0,2,2,0,0,1,1,1,1,1],[0,0,0,1,1,1,1,1,1,1],[1,1,1,1,1,1,1,1,1,1],[1,1,1,1,1,1,1,1,1,1],[1,1,1,1,1,1,1,1,1,1]]",d1b0664d4d04d3ef8492ad6a67a42afb23fa30a46e6458b6f39b4b93926f85a6,15da216552b4cfea918047a7df61cbefcef1478be37754a079fdc1a1303a6d55,merged_copper_v5,"[0.0,3.0,6.0,9.0,12.0,15.0]",classified,6,0.23012947754431778,0.1764213193339749,0.2621765861075252,0.37263921027690056,0.8707406437252049,0.264291645512006,7.496020756269428,B1,0.264291645512006,4.937824299995555,2.9530733000137843,152.47378410000238,0.20973320002667606,161.25654410000425,24560,47880,998,1050,66,4.2,completed,6,,,2026-08-08T21:40:28.614+02:00,2026-08-08T21:40:28.933+02:00,2026-08-08T21:43:16.139+02:00
247,S000247,band_supplement_300_20260808_001,C000246,candidate,6c04708e6b5b4801132a0c3a3b63265e4eeaab8a2daa00a1de3ae0957281c87c,"[2,1,1,1,1,1,1,1,1,1,2,1,1,1,1,1,1,1,1,1,2,2,0,0,0,1,1,1,0,0,2,2,0,0,0,1,1,1,1,1,2,0,0,0,2,1,1,1,1,1,2,2,2,0,2,2,1,1,1,1,2,0,0,0,0,2,1,1,1,1,2,2,2,2,2,2,1,1,1,1,2,2,2,2,2,2,1,1,1,1,2,2,2,2,2,2,1,1,1,1,2,2,2,2,2,2,1,1,1,1,2,2,2,2,2,2,1,1,1,1,2,2,2,2,2,2,1,0,1,1,2,2,2,2,2,2,2,2,1,1,2,2,2,2,2,2,2,2,2,1,2,2,2,2,2,2,2,2,2,1,2,2,2,2,2,2,2,2,1,1,2,2,2,2,2,2,2,2,1,1]","[[2,1,1,1,1,1,1,1,1,1],[2,1,1,1,1,1,1,1,1,1],[2,2,0,0,0,1,1,1,0,0],[2,2,0,0,0,1,1,1,1,1],[2,0,0,0,2,1,1,1,1,1],[2,2,2,0,2,2,1,1,1,1],[2,0,0,0,0,2,1,1,1,1],[2,2,2,2,2,2,1,1,1,1],[2,2,2,2,2,2,1,1,1,1],[2,2,2,2,2,2,1,1,1,1],[2,2,2,2,2,2,1,1,1,1],[2,2,2,2,2,2,1,1,1,1],[2,2,2,2,2,2,1,0,1,1],[2,2,2,2,2,2,2,2,1,1],[2,2,2,2,2,2,2,2,2,1],[2,2,2,2,2,2,2,2,2,1],[2,2,2,2,2,2,2,2,1,1],[2,2,2,2,2,2,2,2,1,1]]",83a10132b392e9bc9d2f67de76bb81cf1803ff008d4b06d8a64224d6c6b77a62,15da216552b4cfea918047a7df61cbefcef1478be37754a079fdc1a1303a6d55,merged_copper_v5,"[0.0,3.0,6.0,9.0,12.0,15.0]",classified,6,0.5175559833728797,0.4464088661059998,0.5818050602161324,0.26160685695828345,0.8707406437252049,0.5943859254791074,3.7921570800937885,B2,0.5943859254791074,9.353406999987783,3.6190576999797486,189.08828720002202,0.24800460002734326,203.12600679998286,29932,58644,1190,1230,48,4.2,completed,6,,,2026-08-08T21:40:28.749+02:00,2026-08-08T21:40:28.949+02:00,2026-08-08T21:43:58.848+02:00
248,S000248,band_supplement_300_20260808_001,C000247,candidate,477d9359ef80fed2fda59b854c905a27eba6adf23aafbe90aef462aaa4b86316,"[2,1,1,1,1,1,1,1,1,1,2,1,1,1,1,1,1,1,1,1,2,2,2,2,2,1,1,1,0,0,2,2,2,2,2,1,1,1,1,1,2,2,2,2,2,1,1,1,1,1,2,2,2,2,2,2,1,1,1,1,2,2,2,2,2,2,1,1,1,1,2,2,2,2,2,1,1,1,1,1,2,2,2,2,2,1,1,1,1,1,2,2,2,2,2,2,1,1,1,1,2,2,2,2,2,2,1,1,1,1,2,2,2,2,2,2,1,1,1,1,2,2,2,2,2,2,1,0,1,1,2,2,2,2,2,2,2,2,1,1,2,2,2,2,2,2,2,2,2,1,2,2,2,2,2,2,2,2,2,1,2,2,2,2,2,2,2,2,1,1,2,2,2,2,2,2,2,2,1,1]","[[2,1,1,1,1,1,1,1,1,1],[2,1,1,1,1,1,1,1,1,1],[2,2,2,2,2,1,1,1,0,0],[2,2,2,2,2,1,1,1,1,1],[2,2,2,2,2,1,1,1,1,1],[2,2,2,2,2,2,1,1,1,1],[2,2,2,2,2,2,1,1,1,1],[2,2,2,2,2,1,1,1,1,1],[2,2,2,2,2,1,1,1,1,1],[2,2,2,2,2,2,1,1,1,1],[2,2,2,2,2,2,1,1,1,1],[2,2,2,2,2,2,1,1,1,1],[2,2,2,2,2,2,1,0,1,1],[2,2,2,2,2,2,2,2,1,1],[2,2,2,2,2,2,2,2,2,1],[2,2,2,2,2,2,2,2,2,1],[2,2,2,2,2,2,2,2,1,1],[2,2,2,2,2,2,2,2,1,1]]",3255fef01268d4d24b137f6dd6de4fc39f1a2acde409ce41157af843a8cf7dd7,15da216552b4cfea918047a7df61cbefcef1478be37754a079fdc1a1303a6d55,merged_copper_v5,"[0.0,3.0,6.0,9.0,12.0,15.0]",classified,6,0.5237447627141908,0.4520205681802083,0.590510446845588,0.2644224601840153,0.8707406437252049,0.6014934142427355,3.7176129415531323,B3,0.6014934142427355,9.577986699994653,3.0395151999546215,169.40552680002293,0.21491170005174354,182.94190499995602,25044,48860,974,1008,42,4.2,completed,6,,,2026-08-08T21:40:28.875+02:00,2026-08-08T21:40:28.965+02:00,2026-08-08T21:43:38.082+02:00
249,S000249,band_supplement_300_20260808_001,C000248,candidate,e1b6a01e6fada64fc8a5d1b8f6845043078215e3eaa595ba511a12ad3e019f6c,"[2,0,0,0,0,0,0,0,1,1,2,0,0,0,0,1,1,1,1,1,2,2,2,2,2,1,1,1,1,1,0,2,2,2,2,1,1,1,1,1,2,2,2,2,2,1,1,1,1,1,2,2,2,2,2,2,1,1,1,1,2,2,2,2,2,2,1,1,1,1,2,2,2,2,2,2,1,1,1,1,2,2,2,2,2,2,1,1,1,1,1,2,2,2,2,1,1,1,1,1,1,1,2,1,1,1,1,1,1,1,1,1,1,1,1,1,1,1,1,1,1,1,0,0,0,1,1,1,1,1,1,1,0,0,0,1,0,1,1,1,1,1,0,0,0,1,1,1,1,1,1,1,1,1,1,1,1,1,1,1,1,1,1,1,1,1,1,1,1,1,1,1,1,1,1,1,1,1,1,1]","[[2,0,0,0,0,0,0,0,1,1],[2,0,0,0,0,1,1,1,1,1],[2,2,2,2,2,1,1,1,1,1],[0,2,2,2,2,1,1,1,1,1],[2,2,2,2,2,1,1,1,1,1],[2,2,2,2,2,2,1,1,1,1],[2,2,2,2,2,2,1,1,1,1],[2,2,2,2,2,2,1,1,1,1],[2,2,2,2,2,2,1,1,1,1],[1,2,2,2,2,1,1,1,1,1],[1,1,2,1,1,1,1,1,1,1],[1,1,1,1,1,1,1,1,1,1],[1,1,0,0,0,1,1,1,1,1],[1,1,0,0,0,1,0,1,1,1],[1,1,0,0,0,1,1,1,1,1],[1,1,1,1,1,1,1,1,1,1],[1,1,1,1,1,1,1,1,1,1],[1,1,1,1,1,1,1,1,1,1]]",97c390fc44765e04f0cea62a614d70e7fc5e77f1b0f91567656f8820c40eb8c7,15da216552b4cfea918047a7df61cbefcef1478be37754a079fdc1a1303a6d55,merged_copper_v5,"[0.0,3.0,6.0,9.0,12.0,15.0]",classified,6,0.6211432333269019,0.52867305731979,0.7315213109895009,0.32657242772047357,0.8707406437252049,0.7133504537809621,2.5622820264307,B4,0.7133504537809621,10.258249400008935,3.234403900045436,145.85455499996897,0.22340320001239888,160.33015890000388,23906,46574,932,966,54,4.2,completed,6,,,2026-08-08T21:43:59.233+02:00,2026-08-08T21:43:59.750+02:00,2026-08-08T21:46:47.193+02:00
250,S000250,band_supplement_300_20260808_001,C000249,candidate,ddef868aff8827b23a3dc8239da39f06e07572ce80e86e93ce187cf6f19fc725,"[2,2,2,2,2,2,2,1,1,1,2,2,2,2,2,2,2,2,1,1,2,2,2,2,2,1,1,1,1,1,2,1,2,2,2,1,1,1,1,1,2,1,1,1,1,1,1,1,1,1,2,2,1,1,0,0,1,1,1,1,0,0,0,1,1,1,1,1,1,1,0,0,0,0,1,0,1,1,1,1,0,0,0,0,0,1,1,1,1,1,0,0,1,1,1,1,1,1,1,1,0,0,1,1,1,1,1,1,1,1,1,1,1,1,1,1,1,1,1,1,0,1,1,1,1,1,1,1,1,1,0,0,1,1,1,1,1,1,1,1,0,0,1,1,1,1,0,1,0,1,0,0,1,1,0,0,0,1,1,1,0,0,0,0,0,0,0,1,1,1,0,0,0,0,0,0,0,0,1,1]","[[2,2,2,2,2,2,2,1,1,1],[2,2,2,2,2,2,2,2,1,1],[2,2,2,2,2,1,1,1,1,1],[2,1,2,2,2,1,1,1,1,1],[2,1,1,1,1,1,1,1,1,1],[2,2,1,1,0,0,1,1,1,1],[0,0,0,1,1,1,1,1,1,1],[0,0,0,0,1,0,1,1,1,1],[0,0,0,0,0,1,1,1,1,1],[0,0,1,1,1,1,1,1,1,1],[0,0,1,1,1,1,1,1,1,1],[1,1,1,1,1,1,1,1,1,1],[0,1,1,1,1,1,1,1,1,1],[0,0,1,1,1,1,1,1,1,1],[0,0,1,1,1,1,0,1,0,1],[0,0,1,1,0,0,0,1,1,1],[0,0,0,0,0,0,0,1,1,1],[0,0,0,0,0,0,0,0,1,1]]",d869f4d2f3974c7061e0addd4c5802cfd89a632abc4109958148c9dfd9f9b944,15da216552b4cfea918047a7df61cbefcef1478be37754a079fdc1a1303a6d55,merged_copper_v5,"[0.0,3.0,6.0,9.0,12.0,15.0]",classified,6,0.6094332362874034,0.4427067412713608,0.7318414083388532,0.47443206220400336,0.8707406437252049,0.6999021358186802,2.8565166239079596,B3,0.6999021358186802,7.707270700018853,3.1450512999726925,203.4610197999864,0.222008700016886,215.23619709999184,24160,47090,962,1002,60,4.2,completed,6,,,2026-08-08T21:43:59.333+02:00,2026-08-08T21:43:59.765+02:00,2026-08-08T21:47:42.724+02:00
251,S000251,band_supplement_300_20260808_001,C000250,candidate,6f8ebafeff2f36db67e04313b202afbc578932e3c088633828d6ff31a14c87cd,"[2,2,2,2,2,2,2,1,1,1,2,2,2,2,2,2,2,2,1,1,2,2,2,2,2,1,1,1,1,1,2,1,2,2,2,1,1,1,1,1,2,1,1,1,1,1,1,1,1,1,2,2,1,1,0,0,1,1,1,1,1,1,1,1,1,1,1,1,1,1,0,1,1,1,1,0,1,1,1,1,1,1,1,1,0,1,1,1,1,1,1,1,1,1,1,1,1,1,1,1,1,1,1,1,1,1,1,1,1,1,1,1,1,1,1,1,1,1,1,1,0,1,1,1,1,1,1,1,1,1,0,0,1,1,1,1,1,1,1,1,0,0,1,1,1,1,1,1,0,1,0,0,1,1,1,1,1,1,1,1,0,0,0,0,1,1,1,1,1,1,0,0,0,0,0,0,1,1,1,1]","[[2,2,2,2,2,2,2,1,1,1],[2,2,2,2,2,2,2,2,1,1],[2,2,2,2,2,1,1,1,1,1],[2,1,2,2,2,1,1,1,1,1],[2,1,1,1,1,1,1,1,1,1],[2,2,1,1,0,0,1,1,1,1],[1,1,1,1,1,1,1,1,1,1],[0,1,1,1,1,0,1,1,1,1],[1,1,1,1,0,1,1,1,1,1],[1,1,1,1,1,1,1,1,1,1],[1,1,1,1,1,1,1,1,1,1],[1,1,1,1,1,1,1,1,1,1],[0,1,1,1,1,1,1,1,1,1],[0,0,1,1,1,1,1,1,1,1],[0,0,1,1,1,1,1,1,0,1],[0,0,1,1,1,1,1,1,1,1],[0,0,0,0,1,1,1,1,1,1],[0,0,0,0,0,0,1,1,1,1]]",8db07c975621f9f48b0dd55bf22d63f5ea4e1c0bef07bfeb6fccc53e6a6d225c,15da216552b4cfea918047a7df61cbefcef1478be37754a079fdc1a1303a6d55,merged_copper_v5,"[0.0,3.0,6.0,9.0,12.0,15.0]",classified,6,0.6115619064631028,0.4458677363397878,0.7339565753358738,0.4710706078182898,0.8707406437252049,0.7023468019670209,2.8265467923260053,B4,0.7023468019670209,7.590077400003793,2.9541360999573953,171.33602140002768,0.1995355999970343,182.74018329998944,22400,43558,890,930,66,4.2,completed,6,,,2026-08-08T21:43:59.465+02:00,2026-08-08T21:43:59.797+02:00,2026-08-08T21:47:11.520+02:00
252,S000252,band_supplement_300_20260808_001,C000251,candidate,6f15cbaa2e1593804cd6b6bba0222d5a48f4fefe111d8fb6d9806d5271798444,"[2,0,0,0,0,0,0,0,1,1,2,0,0,0,0,1,1,1,1,1,2,2,2,2,2,1,1,1,1,1,0,2,2,2,2,1,1,1,1,1,2,2,2,2,2,1,1,1,1,1,2,2,2,2,2,2,1,1,1,1,2,2,2,2,2,2,1,1,1,1,2,2,2,2,2,2,1,1,1,1,2,2,2,2,2,2,1,1,1,1,0,2,2,2,2,2,1,1,1,1,0,0,2,2,2,2,2,1,1,1,0,0,0,0,0,2,2,1,1,1,0,0,0,0,0,1,2,1,1,1,0,0,0,0,0,1,0,1,1,1,0,0,0,0,0,1,1,1,1,1,1,0,1,1,1,1,1,1,1,1,1,0,0,1,1,1,1,1,1,1,1,1,1,1,1,1,1,1,1,1]","[[2,0,0,0,0,0,0,0,1,1],[2,0,0,0,0,1,1,1,1,1],[2,2,2,2,2,1,1,1,1,1],[0,2,2,2,2,1,1,1,1,1],[2,2,2,2,2,1,1,1,1,1],[2,2,2,2,2,2,1,1,1,1],[2,2,2,2,2,2,1,1,1,1],[2,2,2,2,2,2,1,1,1,1],[2,2,2,2,2,2,1,1,1,1],[0,2,2,2,2,2,1,1,1,1],[0,0,2,2,2,2,2,1,1,1],[0,0,0,0,0,2,2,1,1,1],[0,0,0,0,0,1,2,1,1,1],[0,0,0,0,0,1,0,1,1,1],[0,0,0,0,0,1,1,1,1,1],[1,0,1,1,1,1,1,1,1,1],[1,0,0,1,1,1,1,1,1,1],[1,1,1,1,1,1,1,1,1,1]]",1beef9d983cdd626fb1dfeff546638763162bdd0b016b719c7b97e3b6ae831fb,15da216552b4cfea918047a7df61cbefcef1478be37754a079fdc1a1303a6d55,merged_copper_v5,"[0.0,3.0,6.0,9.0,12.0,15.0]",classified,6,0.6207846924637134,0.5284022373733349,0.7308715355261246,0.32615059715671807,0.8707406437252049,0.7129386883881642,2.5663419566568013,B4,0.7129386883881642,11.095698799996171,3.382245699991472,123.49660780004342,0.27002629995695315,139.11311370000476,26196,51166,1010,1056,54,4.2,completed,6,,,2026-08-08T21:43:59.581+02:00,2026-08-08T21:43:59.819+02:00,2026-08-08T21:46:27.048+02:00
253,S000253,band_supplement_300_20260808_001,C000252,candidate,457da776908b2aa22be17adf6944440b41d52ee218274b46532a21691e77ead7,"[2,2,2,2,2,2,2,1,1,1,2,2,2,2,2,2,2,2,1,1,2,2,2,2,2,1,1,1,1,1,2,1,2,2,2,1,1,1,1,1,2,1,1,1,0,1,1,1,1,1,2,2,1,1,0,0,1,1,1,1,1,1,1,1,1,1,1,1,1,1,0,1,1,1,1,0,1,1,1,1,1,1,1,1,0,1,1,1,1,1,1,1,1,1,1,1,1,1,1,1,1,1,1,1,1,1,1,1,1,1,1,1,1,1,1,1,1,1,1,1,0,1,1,1,1,1,1,1,1,1,0,0,1,1,1,1,1,1,1,1,0,0,1,1,1,1,0,1,0,1,0,0,1,1,0,0,0,1,1,1,0,0,0,0,0,0,0,1,1,1,0,0,0,0,0,0,0,0,1,1]","[[2,2,2,2,2,2,2,1,1,1],[2,2,2,2,2,2,2,2,1,1],[2,2,2,2,2,1,1,1,1,1],[2,1,2,2,2,1,1,1,1,1],[2,1,1,1,0,1,1,1,1,1],[2,2,1,1,0,0,1,1,1,1],[1,1,1,1,1,1,1,1,1,1],[0,1,1,1,1,0,1,1,1,1],[1,1,1,1,0,1,1,1,1,1],[1,1,1,1,1,1,1,1,1,1],[1,1,1,1,1,1,1,1,1,1],[1,1,1,1,1,1,1,1,1,1],[0,1,1,1,1,1,1,1,1,1],[0,0,1,1,1,1,1,1,1,1],[0,0,1,1,1,1,0,1,0,1],[0,0,1,1,0,0,0,1,1,1],[0,0,0,0,0,0,0,1,1,1],[0,0,0,0,0,0,0,0,1,1]]",f388ffe64f6a708a5b6ed1c1133deddac70eddfc9b6bf80180d080ed2a248d51,15da216552b4cfea918047a7df61cbefcef1478be37754a079fdc1a1303a6d55,merged_copper_v5,"[0.0,3.0,6.0,9.0,12.0,15.0]",classified,6,0.6115505495743742,0.4459862224259316,0.7332771085999238,0.4697745531811563,0.8707406437252049,0.7023337591754498,2.82539269879798,B4,0.7023337591754498,7.602647299994715,3.123982699966291,208.23116070003016,0.2167440999764949,219.91949080000632,23986,46740,926,972,66,4.2,completed,6,,,2026-08-08T21:43:59.696+02:00,2026-08-08T21:43:59.835+02:00,2026-08-08T21:47:47.948+02:00
254,S000254,band_supplement_300_20260808_001,C000253,candidate,b52295306c44fe835569debd0378f9486f2d578d14f0636521a5119c50a6c317,"[2,2,2,2,2,2,2,1,1,1,2,2,2,2,2,2,2,2,1,1,2,2,2,0,0,1,1,1,1,1,2,1,2,2,0,1,1,1,1,1,2,1,1,1,1,1,1,1,1,1,2,2,1,1,0,0,1,1,1,1,1,1,1,1,1,1,1,1,1,1,0,1,1,1,1,0,1,1,1,1,1,1,1,1,0,1,1,1,1,1,1,1,1,1,0,0,1,1,1,1,1,1,1,1,1,0,1,1,1,1,1,1,1,1,1,0,1,1,1,1,0,1,0,0,0,0,0,0,1,1,0,0,0,0,0,0,0,0,1,1,0,0,0,0,0,0,0,0,0,1,0,0,1,1,1,0,0,0,0,1,0,0,1,1,1,0,0,0,1,1,0,0,1,1,0,0,0,0,1,1]","[[2,2,2,2,2,2,2,1,1,1],[2,2,2,2,2,2,2,2,1,1],[2,2,2,0,0,1,1,1,1,1],[2,1,2,2,0,1,1,1,1,1],[2,1,1,1,1,1,1,1,1,1],[2,2,1,1,0,0,1,1,1,1],[1,1,1,1,1,1,1,1,1,1],[0,1,1,1,1,0,1,1,1,1],[1,1,1,1,0,1,1,1,1,1],[1,1,1,1,0,0,1,1,1,1],[1,1,1,1,1,0,1,1,1,1],[1,1,1,1,1,0,1,1,1,1],[0,1,0,0,0,0,0,0,1,1],[0,0,0,0,0,0,0,0,1,1],[0,0,0,0,0,0,0,0,0,1],[0,0,1,1,1,0,0,0,0,1],[0,0,1,1,1,0,0,0,1,1],[0,0,1,1,0,0,0,0,1,1]]",0991bbf225904cabb3bafdee3405e5fc9e9077e6d5ce9e7ed9f4840c47a68601,15da216552b4cfea918047a7df61cbefcef1478be37754a079fdc1a1303a6d55,merged_copper_v5,"[0.0,3.0,6.0,9.0,12.0,15.0]",classified,6,0.612590579369909,0.4452490339895371,0.734141035977271,0.47159067037054164,0.8707406437252049,0.7035281788950639,2.8142084435431807,B4,0.7035281788950639,2.5950302999990527,3.035578599985456,216.49874079992878,0.21755159995518625,223.0722523999866,26650,52064,1040,1092,66,4.2,completed,6,,,2026-08-08T21:47:48.288+02:00,2026-08-08T21:47:48.335+02:00,2026-08-08T21:51:37.199+02:00
255,S000255,band_supplement_300_20260808_001,C000254,candidate,6d056c90292569ab5ebfadb80306c2bc65d862ab11af699150390455f8086ccc,"[2,2,1,1,1,1,1,1,1,1,2,2,2,1,1,1,1,1,1,1,2,2,2,2,2,1,1,1,1,1,2,2,2,2,2,1,1,1,1,1,2,2,2,2,2,1,0,0,1,1,2,2,2,2,2,2,0,1,1,1,2,2,2,2,2,2,0,0,1,1,2,2,2,2,2,2,0,1,1,1,2,2,2,2,2,2,1,1,1,1,0,2,2,2,2,0,1,1,1,1,0,0,2,2,2,0,1,1,1,1,0,0,0,0,0,0,1,1,1,1,0,0,0,0,0,1,1,1,1,1,0,0,0,1,0,1,0,1,1,1,0,0,0,1,1,1,1,1,1,1,0,0,1,1,1,1,1,1,1,1,0,0,0,0,1,1,1,1,1,1,0,0,0,0,1,1,1,1,1,1]","[[2,2,1,1,1,1,1,1,1,1],[2,2,2,1,1,1,1,1,1,1],[2,2,2,2,2,1,1,1,1,1],[2,2,2,2,2,1,1,1,1,1],[2,2,2,2,2,1,0,0,1,1],[2,2,2,2,2,2,0,1,1,1],[2,2,2,2,2,2,0,0,1,1],[2,2,2,2,2,2,0,1,1,1],[2,2,2,2,2,2,1,1,1,1],[0,2,2,2,2,0,1,1,1,1],[0,0,2,2,2,0,1,1,1,1],[0,0,0,0,0,0,1,1,1,1],[0,0,0,0,0,1,1,1,1,1],[0,0,0,1,0,1,0,1,1,1],[0,0,0,1,1,1,1,1,1,1],[0,0,1,1,1,1,1,1,1,1],[0,0,0,0,1,1,1,1,1,1],[0,0,0,0,1,1,1,1,1,1]]",dd4c4349d35a79e2c4e3a36ced0c7755de57242b5cb26cbcbb3f1c88e83e8f9b,15da216552b4cfea918047a7df61cbefcef1478be37754a079fdc1a1303a6d55,merged_copper_v5,"[0.0,3.0,6.0,9.0,12.0,15.0]",classified,6,0.6567749287789882,0.5686884379920928,0.677684873945114,0.165957059529749,0.8707406437252049,0.754271588804184,1.9562704650888967,B4,0.754271588804184,10.398137999989558,3.1557577999774367,210.84351180001977,0.21995010002865456,225.35106570000062,25612,49988,938,972,48,4.2,completed,6,,,2026-08-08T21:51:37.486+02:00,2026-08-08T21:51:38.075+02:00,2026-08-08T21:55:30.249+02:00
256,S000256,band_supplement_300_20260808_001,C000255,candidate,90a3eddfdeeb7d09254187f12274246ba4ef2833a48209be2c4d3428b7da4e9e,"[2,2,0,0,0,0,0,1,1,1,2,2,2,0,0,0,0,0,1,1,2,0,2,2,2,1,1,1,1,1,2,2,2,2,2,1,1,1,1,1,2,2,2,2,2,1,1,1,1,1,2,2,2,2,2,2,1,1,1,1,2,2,2,2,2,2,1,1,1,1,2,2,2,2,2,2,1,1,1,1,2,2,2,2,2,2,1,1,1,1,0,2,2,2,2,0,1,1,1,1,0,0,2,2,2,0,1,1,1,1,0,0,0,0,0,0,1,1,1,1,0,0,0,0,0,0,1,1,1,1,0,0,0,1,0,1,0,1,1,1,0,0,0,1,1,1,1,1,1,1,0,0,1,1,1,1,1,1,1,1,0,0,0,0,1,1,1,1,1,1,0,0,0,0,1,1,1,1,1,1]","[[2,2,0,0,0,0,0,1,1,1],[2,2,2,0,0,0,0,0,1,1],[2,0,2,2,2,1,1,1,1,1],[2,2,2,2,2,1,1,1,1,1],[2,2,2,2,2,1,1,1,1,1],[2,2,2,2,2,2,1,1,1,1],[2,2,2,2,2,2,1,1,1,1],[2,2,2,2,2,2,1,1,1,1],[2,2,2,2,2,2,1,1,1,1],[0,2,2,2,2,0,1,1,1,1],[0,0,2,2,2,0,1,1,1,1],[0,0,0,0,0,0,1,1,1,1],[0,0,0,0,0,0,1,1,1,1],[0,0,0,1,0,1,0,1,1,1],[0,0,0,1,1,1,1,1,1,1],[0,0,1,1,1,1,1,1,1,1],[0,0,0,0,1,1,1,1,1,1],[0,0,0,0,1,1,1,1,1,1]]",52612a7fdaefde5b1db65f95f82b5f6c5ea62efe1a3be38285726d8b28ddc7b2,15da216552b4cfea918047a7df61cbefcef1478be37754a079fdc1a1303a6d55,merged_copper_v5,"[0.0,3.0,6.0,9.0,12.0,15.0]",classified,6,0.5974787108418339,0.4201731856325934,0.7168963649553743,0.4966255264638713,0.8707406437252049,0.6861729897960188,3.0281416562374464,B3,0.6861729897960188,11.265531999990344,3.4272942000825424,96.02901010005735,0.24054919998161495,111.75096710000071,26593,51954,998,1038,60,4.2,completed,6,,,2026-08-08T21:51:37.605+02:00,2026-08-08T21:51:38.090+02:00,2026-08-08T21:53:38.183+02:00
257,S000257,band_supplement_300_20260808_001,C000256,candidate,e746926560eb7f1888a9059b3d4d9285e3c9acb0459d9cc5638c4b15e2e43dd3,"[2,2,2,1,1,1,1,1,1,1,2,2,1,1,1,1,1,1,1,1,2,2,2,2,1,1,1,1,0,0,2,2,2,2,1,1,1,1,1,1,2,2,2,2,2,2,2,1,1,1,2,2,2,2,2,2,2,1,1,1,2,2,2,2,1,1,2,1,1,1,2,2,2,2,1,1,1,1,1,1,2,2,2,2,2,2,1,1,1,1,2,2,2,2,2,2,1,1,1,1,2,2,2,2,2,2,1,1,1,1,2,2,2,2,2,2,1,1,1,1,2,2,2,2,2,2,1,0,1,1,2,2,2,1,2,2,1,1,1,1,0,1,0,1,2,2,1,1,1,1,0,1,1,1,1,1,1,1,1,1,0,0,1,1,1,1,1,1,1,1,1,1,1,1,1,1,1,1,1,1]","[[2,2,2,1,1,1,1,1,1,1],[2,2,1,1,1,1,1,1,1,1],[2,2,2,2,1,1,1,1,0,0],[2,2,2,2,1,1,1,1,1,1],[2,2,2,2,2,2,2,1,1,1],[2,2,2,2,2,2,2,1,1,1],[2,2,2,2,1,1,2,1,1,1],[2,2,2,2,1,1,1,1,1,1],[2,2,2,2,2,2,1,1,1,1],[2,2,2,2,2,2,1,1,1,1],[2,2,2,2,2,2,1,1,1,1],[2,2,2,2,2,2,1,1,1,1],[2,2,2,2,2,2,1,0,1,1],[2,2,2,1,2,2,1,1,1,1],[0,1,0,1,2,2,1,1,1,1],[0,1,1,1,1,1,1,1,1,1],[0,0,1,1,1,1,1,1,1,1],[1,1,1,1,1,1,1,1,1,1]]",6eb03f11a4d7a5a3f864f65722da3351f7959cbd884a3a972d5320d803835262,15da216552b4cfea918047a7df61cbefcef1478be37754a079fdc1a1303a6d55,merged_copper_v5,"[0.0,3.0,6.0,9.0,12.0,15.0]",classified,6,0.7196672685131684,0.5989233856246609,0.8374483569559146,0.3314378488048317,0.8707406437252049,0.8265001452490905,1.3355970076867272,B5,0.8265001452490905,13.134721899987198,3.413517100008903,243.8812885999796,0.2454991999838967,261.4668200999149,27455,53682,1076,1116,54,4.2,completed,6,,,2026-08-08T21:51:37.784+02:00,2026-08-08T21:51:38.113+02:00,2026-08-08T21:56:07.950+02:00
258,S000258,band_supplement_300_20260808_001,C000257,candidate,b2960bf89e86a320fd0ee94ce21bb396ce3a39bcd93ef4603fc4b964dc7896cb,"[2,2,1,1,1,1,1,1,0,0,2,2,2,1,1,1,1,1,0,1,2,0,2,2,2,1,1,1,1,1,2,2,2,2,2,1,1,1,1,1,2,2,2,2,2,1,1,1,1,1,2,2,2,2,2,2,1,1,1,1,2,2,2,2,2,2,1,1,1,1,2,2,2,2,2,2,1,1,1,1,2,2,2,2,2,2,1,1,1,1,0,2,2,2,2,0,1,1,1,1,0,0,2,2,2,0,1,1,1,1,0,0,0,0,0,0,1,1,1,1,0,0,0,0,0,0,1,1,1,1,0,0,0,1,0,1,0,1,1,1,0,0,0,1,1,1,1,1,1,1,0,0,1,1,1,1,1,1,1,1,0,0,0,0,1,1,1,1,1,1,0,0,0,0,1,1,1,1,1,1]","[[2,2,1,1,1,1,1,1,0,0],[2,2,2,1,1,1,1,1,0,1],[2,0,2,2,2,1,1,1,1,1],[2,2,2,2,2,1,1,1,1,1],[2,2,2,2,2,1,1,1,1,1],[2,2,2,2,2,2,1,1,1,1],[2,2,2,2,2,2,1,1,1,1],[2,2,2,2,2,2,1,1,1,1],[2,2,2,2,2,2,1,1,1,1],[0,2,2,2,2,0,1,1,1,1],[0,0,2,2,2,0,1,1,1,1],[0,0,0,0,0,0,1,1,1,1],[0,0,0,0,0,0,1,1,1,1],[0,0,0,1,0,1,0,1,1,1],[0,0,0,1,1,1,1,1,1,1],[0,0,1,1,1,1,1,1,1,1],[0,0,0,0,1,1,1,1,1,1],[0,0,0,0,1,1,1,1,1,1]]",781c6ff8106ebe9819a1f39f757b9d1f3c5111dd86c2160b528aa81fb73c7631,15da216552b4cfea918047a7df61cbefcef1478be37754a079fdc1a1303a6d55,merged_copper_v5,"[0.0,3.0,6.0,9.0,12.0,15.0]",classified,6,0.6550945885259293,0.50933203216625,0.8375589385943151,0.5010374260099288,0.8707406437252049,0.7523418060782162,2.3123550847323133,B4,0.7523418060782162,11.147666899982141,3.471227000001818,135.77062910000677,0.2425099000101909,151.416743400041,26829,52428,992,1032,60,4.2,completed,6,,,2026-08-08T21:51:37.913+02:00,2026-08-08T21:51:38.144+02:00,2026-08-08T21:54:16.895+02:00
259,S000259,band_supplement_300_20260808_001,C000258,candidate,e540b65a94a4b2eec9c9533fcadd47312f1574e61297bbe01f17143f1574c093,"[0,1,1,1,1,1,1,1,1,1,0,1,1,0,0,0,0,1,1,1,0,0,1,1,0,0,0,1,1,1,1,2,2,2,0,0,0,0,1,1,1,2,2,2,1,1,1,1,1,1,1,1,2,1,1,1,1,1,1,1,1,1,1,1,1,1,1,1,1,1,1,1,2,2,1,1,1,1,1,1,1,2,2,2,2,1,1,1,1,1,2,2,2,2,2,1,1,1,1,1,2,2,2,2,2,1,1,1,1,1,2,2,2,2,2,1,1,1,1,1,2,2,2,2,2,1,1,1,1,1,0,2,2,0,0,1,1,1,1,1,0,0,0,1,1,1,1,1,1,1,1,1,1,1,1,1,1,1,1,1,1,1,1,1,1,1,1,1,1,1,1,1,1,1,1,1,1,1,1,1]","[[0,1,1,1,1,1,1,1,1,1],[0,1,1,0,0,0,0,1,1,1],[0,0,1,1,0,0,0,1,1,1],[1,2,2,2,0,0,0,0,1,1],[1,2,2,2,1,1,1,1,1,1],[1,1,2,1,1,1,1,1,1,1],[1,1,1,1,1,1,1,1,1,1],[1,1,2,2,1,1,1,1,1,1],[1,2,2,2,2,1,1,1,1,1],[2,2,2,2,2,1,1,1,1,1],[2,2,2,2,2,1,1,1,1,1],[2,2,2,2,2,1,1,1,1,1],[2,2,2,2,2,1,1,1,1,1],[0,2,2,0,0,1,1,1,1,1],[0,0,0,1,1,1,1,1,1,1],[1,1,1,1,1,1,1,1,1,1],[1,1,1,1,1,1,1,1,1,1],[1,1,1,1,1,1,1,1,1,1]]",ca2b6e5c6ce3131c88415d8de7146561913f60e4715ae46476015071a2cbdbb0,15da216552b4cfea918047a7df61cbefcef1478be37754a079fdc1a1303a6d55,merged_copper_v5,"[0.0,3.0,6.0,9.0,12.0,15.0]",classified,6,0.6893666961678723,0.5607749165689588,0.7815011995594922,0.3201870415520955,0.8707406437252049,0.791701525747807,1.7031033547501928,B4,0.791701525747807,9.333785599999828,3.1085697000380605,195.9491184000217,0.21847449999768287,209.34716330005904,24651,48066,968,1020,66,4.2,completed,6,,,2026-08-08T21:51:38.028+02:00,2026-08-08T21:51:38.159+02:00,2026-08-08T21:55:14.878+02:00
260,S000260,band_supplement_300_20260808_001,C000259,candidate,f130c52d60ac79a587507a2ff9732c0346261e1ef2c3eedb72424f7e2c25fec1,"[0,1,1,1,1,1,1,1,1,1,0,1,1,0,0,0,0,1,1,1,0,0,1,1,0,0,0,1,1,1,0,2,2,2,0,0,0,0,1,1,0,2,2,2,1,1,1,1,1,1,0,1,2,1,1,1,1,1,1,1,1,1,1,1,1,1,1,1,1,1,1,1,2,2,1,1,1,1,1,1,1,2,2,2,2,1,1,1,1,1,2,2,2,2,2,1,1,1,1,1,2,2,2,2,2,1,1,1,1,1,2,2,2,2,2,1,1,1,1,1,2,2,2,2,2,1,1,1,1,1,0,2,2,0,0,1,1,1,1,2,0,0,0,1,1,1,2,1,1,2,1,1,1,1,1,2,2,2,2,2,1,1,1,1,1,1,1,1,2,2,1,1,1,1,1,1,1,1,1,1]","[[0,1,1,1,1,1,1,1,1,1],[0,1,1,0,0,0,0,1,1,1],[0,0,1,1,0,0,0,1,1,1],[0,2,2,2,0,0,0,0,1,1],[0,2,2,2,1,1,1,1,1,1],[0,1,2,1,1,1,1,1,1,1],[1,1,1,1,1,1,1,1,1,1],[1,1,2,2,1,1,1,1,1,1],[1,2,2,2,2,1,1,1,1,1],[2,2,2,2,2,1,1,1,1,1],[2,2,2,2,2,1,1,1,1,1],[2,2,2,2,2,1,1,1,1,1],[2,2,2,2,2,1,1,1,1,1],[0,2,2,0,0,1,1,1,1,2],[0,0,0,1,1,1,2,1,1,2],[1,1,1,1,1,2,2,2,2,2],[1,1,1,1,1,1,1,1,2,2],[1,1,1,1,1,1,1,1,1,1]]",89c36a6bc2995c41722b204891da8dd377e6ebf15a0132d919871c46845eeb2d,15da216552b4cfea918047a7df61cbefcef1478be37754a079fdc1a1303a6d55,merged_copper_v5,"[0.0,3.0,6.0,9.0,12.0,15.0]",classified,6,0.3603755037787529,0.2583198500588704,0.4891695709524583,0.6405810563509182,0.8707406437252049,0.41387238137523186,6.135887274413008,B1,0.41387238137523186,5.7973089999868535,3.5961571999941953,366.57961720004096,0.24604100003489293,377.0384203999711,30639,60050,1232,1290,78,4.2,completed,6,,,2026-08-08T21:56:08.234+02:00,2026-08-08T21:56:08.513+02:00,2026-08-08T22:02:31.532+02:00
261,S000261,band_supplement_300_20260808_001,C000260,candidate,7b382790b6668058af02c5f3539e0ec0b989a1054855b20451b4db0958c62cd2,"[2,2,1,1,1,1,1,1,1,1,2,2,2,1,1,1,1,1,1,1,2,2,2,2,2,1,1,1,1,1,2,2,2,2,2,1,1,1,1,1,2,2,2,2,2,1,1,1,1,1,2,0,2,2,2,2,1,1,1,1,2,0,2,2,2,2,1,1,1,1,2,2,2,2,2,2,1,1,1,1,2,2,2,2,2,2,1,1,1,1,0,2,2,2,2,0,1,1,1,1,0,0,2,2,2,0,1,1,1,1,0,0,0,0,0,0,1,1,1,1,0,0,0,0,0,1,1,1,1,1,0,0,0,1,0,1,0,1,1,1,0,0,0,1,1,1,1,1,1,1,0,0,1,1,1,1,1,1,1,1,0,0,0,0,1,1,1,1,1,1,0,0,0,0,1,1,1,1,1,1]","[[2,2,1,1,1,1,1,1,1,1],[2,2,2,1,1,1,1,1,1,1],[2,2,2,2,2,1,1,1,1,1],[2,2,2,2,2,1,1,1,1,1],[2,2,2,2,2,1,1,1,1,1],[2,0,2,2,2,2,1,1,1,1],[2,0,2,2,2,2,1,1,1,1],[2,2,2,2,2,2,1,1,1,1],[2,2,2,2,2,2,1,1,1,1],[0,2,2,2,2,0,1,1,1,1],[0,0,2,2,2,0,1,1,1,1],[0,0,0,0,0,0,1,1,1,1],[0,0,0,0,0,1,1,1,1,1],[0,0,0,1,0,1,0,1,1,1],[0,0,0,1,1,1,1,1,1,1],[0,0,1,1,1,1,1,1,1,1],[0,0,0,0,1,1,1,1,1,1],[0,0,0,0,1,1,1,1,1,1]]",9b03bd90c02a775f4636488d824dc111d77699e6c78d31a1d103167954383994,15da216552b4cfea918047a7df61cbefcef1478be37754a079fdc1a1303a6d55,merged_copper_v5,"[0.0,3.0,6.0,9.0,12.0,15.0]",classified,6,0.6965990293588257,0.6162709916005206,0.7188677238144676,0.1472823358774713,0.8707406437252049,0.8000074814225209,1.4397944841886525,B5,0.8000074814225209,5.492640999989817,3.145880500029307,161.1741602999973,0.22354830004042014,170.7537869999942,26671,52108,998,1026,54,4.2,completed,6,,,2026-08-08T21:56:08.335+02:00,2026-08-08T21:56:08.535+02:00,2026-08-08T21:59:06.063+02:00
262,S000262,band_supplement_300_20260808_001,C000261,candidate,5fea7cb93838d2e6266e0078f7ad41ec2a2155fe8b85485f9e91d004a319bab5,"[2,1,1,1,1,1,1,2,2,2,2,1,1,1,1,1,2,2,1,1,2,2,2,0,0,1,1,1,1,1,2,0,2,2,1,1,1,1,1,1,0,0,0,0,0,0,0,0,1,1,0,0,0,0,0,0,0,0,1,1,0,0,0,0,0,0,0,1,1,1,0,0,0,0,0,0,1,1,1,1,1,0,0,1,0,1,1,1,1,1,1,1,1,1,1,1,1,1,1,1,1,0,0,1,1,1,1,1,1,1,1,0,0,0,1,1,1,1,1,1,0,0,1,1,1,1,1,0,1,1,0,0,1,1,1,1,1,1,1,1,0,0,1,1,1,1,1,1,0,1,0,0,1,1,1,1,1,1,0,1,0,0,0,0,0,1,1,1,1,1,0,0,0,0,0,0,1,1,1,1]","[[2,1,1,1,1,1,1,2,2,2],[2,1,1,1,1,1,2,2,1,1],[2,2,2,0,0,1,1,1,1,1],[2,0,2,2,1,1,1,1,1,1],[0,0,0,0,0,0,0,0,1,1],[0,0,0,0,0,0,0,0,1,1],[0,0,0,0,0,0,0,1,1,1],[0,0,0,0,0,0,1,1,1,1],[1,0,0,1,0,1,1,1,1,1],[1,1,1,1,1,1,1,1,1,1],[1,0,0,1,1,1,1,1,1,1],[1,0,0,0,1,1,1,1,1,1],[0,0,1,1,1,1,1,0,1,1],[0,0,1,1,1,1,1,1,1,1],[0,0,1,1,1,1,1,1,0,1],[0,0,1,1,1,1,1,1,0,1],[0,0,0,0,0,1,1,1,1,1],[0,0,0,0,0,0,1,1,1,1]]",e2f6f991534d8948004486ff5e06496fe7e670063801991cdb02aef2627b2b7b,15da216552b4cfea918047a7df61cbefcef1478be37754a079fdc1a1303a6d55,merged_copper_v5,"[0.0,3.0,6.0,9.0,12.0,15.0]",classified,6,0.37557936479289467,0.2328245540419826,0.541020161404794,0.820587168128258,0.8707406437252049,0.43133321902385313,6.1258451235135745,B1,0.43133321902385313,2.8701129000110086,3.269693800015375,244.94409289996838,0.22093759998097084,252.02018699998735,26570,51900,1022,1068,72,4.2,completed,6,,,2026-08-08T21:56:08.466+02:00,2026-08-08T21:56:08.566+02:00,2026-08-08T22:00:27.009+02:00
263,S000263,band_supplement_300_20260808_001,C000262,candidate,cf94602097f2345b1ff11298fcae9acc64067e87dd63a69e8d4eb0244cdd3b3d,"[2,1,1,1,1,1,1,1,1,1,2,1,1,1,1,1,1,1,1,1,2,2,2,2,2,1,1,1,1,1,2,2,2,2,2,1,1,1,1,1,2,2,2,2,2,1,1,1,1,1,2,2,2,2,2,2,1,1,1,1,2,2,2,2,2,2,1,1,1,1,2,2,2,2,2,2,1,1,1,1,2,2,2,2,2,2,1,1,1,1,0,2,2,2,2,1,1,1,1,1,2,2,2,2,2,1,1,1,1,1,2,2,2,2,0,0,1,1,1,1,2,0,2,2,0,0,1,1,1,1,2,0,0,0,0,0,0,1,1,1,2,0,0,0,0,0,0,0,1,1,0,1,0,0,0,0,0,1,1,1,0,1,1,0,0,1,1,1,1,1,1,1,1,1,1,1,1,1,1,1]","[[2,1,1,1,1,1,1,1,1,1],[2,1,1,1,1,1,1,1,1,1],[2,2,2,2,2,1,1,1,1,1],[2,2,2,2,2,1,1,1,1,1],[2,2,2,2,2,1,1,1,1,1],[2,2,2,2,2,2,1,1,1,1],[2,2,2,2,2,2,1,1,1,1],[2,2,2,2,2,2,1,1,1,1],[2,2,2,2,2,2,1,1,1,1],[0,2,2,2,2,1,1,1,1,1],[2,2,2,2,2,1,1,1,1,1],[2,2,2,2,0,0,1,1,1,1],[2,0,2,2,0,0,1,1,1,1],[2,0,0,0,0,0,0,1,1,1],[2,0,0,0,0,0,0,0,1,1],[0,1,0,0,0,0,0,1,1,1],[0,1,1,0,0,1,1,1,1,1],[1,1,1,1,1,1,1,1,1,1]]",b461da6811820bd79700f15a4b990d915ed4cb7c1b7414df3379dd05584d483f,15da216552b4cfea918047a7df61cbefcef1478be37754a079fdc1a1303a6d55,merged_copper_v5,"[0.0,3.0,6.0,9.0,12.0,15.0]",classified,6,0.7842902318669654,0.7339027664318478,0.8293613432724882,0.12171333131793038,0.8707406437252049,0.9007162322314632,0.31808544827736296,B6,0.9007162322314632,6.472053199977381,3.226392000069609,136.19422909998684,0.22504999994998798,146.84799769998062,26878,52528,1010,1050,48,4.2,completed,6,,,2026-08-08T22:02:31.949+02:00,2026-08-08T22:02:32.242+02:00,2026-08-08T22:05:05.391+02:00
264,S000264,band_supplement_300_20260808_001,C000263,candidate,062a5e2784bf5daef6e000ce0f4d8a0036431674b93baf7756fe62c6097ccbef,"[2,1,1,1,1,1,1,1,1,1,2,1,1,1,1,1,1,1,1,1,2,2,2,2,2,1,1,1,1,1,2,2,2,2,2,1,1,1,1,1,2,2,2,2,2,1,1,1,1,1,2,0,0,2,2,2,1,1,1,1,2,2,2,2,2,2,1,1,1,1,2,2,2,2,2,2,1,1,1,1,2,2,2,2,2,2,1,1,1,1,0,2,2,2,2,1,1,1,1,1,0,0,2,2,2,1,1,1,1,1,0,0,0,0,0,0,1,1,1,1,0,0,0,0,0,0,1,1,1,1,0,0,0,0,0,0,0,1,1,1,0,0,0,0,0,0,0,0,1,1,0,1,0,0,0,0,0,1,1,1,0,1,1,0,0,1,1,1,1,1,1,1,1,1,1,1,0,1,1,1]","[[2,1,1,1,1,1,1,1,1,1],[2,1,1,1,1,1,1,1,1,1],[2,2,2,2,2,1,1,1,1,1],[2,2,2,2,2,1,1,1,1,1],[2,2,2,2,2,1,1,1,1,1],[2,0,0,2,2,2,1,1,1,1],[2,2,2,2,2,2,1,1,1,1],[2,2,2,2,2,2,1,1,1,1],[2,2,2,2,2,2,1,1,1,1],[0,2,2,2,2,1,1,1,1,1],[0,0,2,2,2,1,1,1,1,1],[0,0,0,0,0,0,1,1,1,1],[0,0,0,0,0,0,1,1,1,1],[0,0,0,0,0,0,0,1,1,1],[0,0,0,0,0,0,0,0,1,1],[0,1,0,0,0,0,0,1,1,1],[0,1,1,0,0,1,1,1,1,1],[1,1,1,1,1,1,0,1,1,1]]",a0a573d97b4a07e390c36274358d1fa4a6ec710c51f4aac1175c7fa889789df9,15da216552b4cfea918047a7df61cbefcef1478be37754a079fdc1a1303a6d55,merged_copper_v5,"[0.0,3.0,6.0,9.0,12.0,15.0]",classified,6,0.7818890841719274,0.7287542130872522,0.824951479356875,0.12303185735289052,0.8707406437252049,0.8979586399307691,0.34941832050029903,B5,0.8979586399307691,5.508016099978704,3.100212700024713,158.70681639999384,0.2291855999501422,168.2527419999824,25883,50534,1004,1038,54,4.2,completed,6,,,2026-08-08T22:02:32.064+02:00,2026-08-08T22:02:32.258+02:00,2026-08-08T22:05:27.324+02:00
265,S000265,band_supplement_300_20260808_001,C000264,candidate,b449bae08c09c2801c7b96a02417e7ab4b2d6ffe09c949f3d8f2caa09df1fdac,"[2,1,1,1,1,1,1,1,1,1,2,1,1,1,1,1,1,1,1,1,2,2,2,2,2,1,1,1,1,1,2,2,2,2,2,1,1,1,1,1,2,2,2,2,2,1,1,1,1,1,2,0,0,2,2,2,1,1,1,1,2,2,2,2,2,2,1,1,1,0,2,2,2,2,2,2,1,1,1,1,2,2,2,2,2,2,1,1,1,1,0,2,2,2,2,1,1,1,1,1,0,0,2,2,2,1,1,1,1,1,0,0,0,0,0,0,1,1,1,1,0,0,0,0,0,0,1,1,1,1,0,0,0,0,0,0,0,1,1,1,0,0,0,0,0,0,0,0,1,1,0,1,0,0,0,0,0,1,1,1,0,1,1,0,0,1,1,1,1,1,1,1,1,1,1,1,1,1,1,1]","[[2,1,1,1,1,1,1,1,1,1],[2,1,1,1,1,1,1,1,1,1],[2,2,2,2,2,1,1,1,1,1],[2,2,2,2,2,1,1,1,1,1],[2,2,2,2,2,1,1,1,1,1],[2,0,0,2,2,2,1,1,1,1],[2,2,2,2,2,2,1,1,1,0],[2,2,2,2,2,2,1,1,1,1],[2,2,2,2,2,2,1,1,1,1],[0,2,2,2,2,1,1,1,1,1],[0,0,2,2,2,1,1,1,1,1],[0,0,0,0,0,0,1,1,1,1],[0,0,0,0,0,0,1,1,1,1],[0,0,0,0,0,0,0,1,1,1],[0,0,0,0,0,0,0,0,1,1],[0,1,0,0,0,0,0,1,1,1],[0,1,1,0,0,1,1,1,1,1],[1,1,1,1,1,1,1,1,1,1]]",f6dc9888757d5f5b0bab9fdeaea49faaa8e827c877039ae9c924574893c29dfb,15da216552b4cfea918047a7df61cbefcef1478be37754a079fdc1a1303a6d55,merged_copper_v5,"[0.0,3.0,6.0,9.0,12.0,15.0]",classified,6,0.7819586098330803,0.7297552657372938,0.8261090116559762,0.12322103076433984,0.8707406437252049,0.8980384865092583,0.3487384231473368,B5,0.8980384865092583,5.655095399997663,3.0442373000259977,166.79633650003234,0.2284413000161294,176.42725510004675,25475,49718,1004,1038,54,4.2,completed,6,,,2026-08-08T22:02:32.196+02:00,2026-08-08T22:02:32.273+02:00,2026-08-08T22:05:35.114+02:00
266,S000266,band_supplement_300_20260808_001,C000265,candidate,008e58283775ba2015a61fc09df458e3a8d5941cc84e0b257693f15f1a5bdabb,"[0,1,1,1,1,1,1,1,1,1,0,1,1,1,1,1,1,1,1,1,0,0,0,1,1,1,1,1,1,1,0,2,2,2,1,1,1,1,1,1,0,2,2,2,1,1,1,1,1,1,0,2,2,2,0,1,1,1,1,1,2,2,0,0,0,1,1,1,1,1,2,2,2,0,0,1,1,1,1,1,2,2,2,0,0,1,1,1,1,1,2,2,2,0,0,1,1,1,1,1,2,2,2,2,2,1,1,1,1,1,2,2,2,2,2,1,1,1,1,1,0,0,2,2,2,1,1,1,1,1,0,2,2,0,0,1,1,1,1,1,0,0,1,1,1,1,1,1,1,1,1,1,1,1,1,1,1,1,1,1,1,1,1,1,1,1,1,1,1,1,1,1,1,1,1,1,1,1,1,1]","[[0,1,1,1,1,1,1,1,1,1],[0,1,1,1,1,1,1,1,1,1],[0,0,0,1,1,1,1,1,1,1],[0,2,2,2,1,1,1,1,1,1],[0,2,2,2,1,1,1,1,1,1],[0,2,2,2,0,1,1,1,1,1],[2,2,0,0,0,1,1,1,1,1],[2,2,2,0,0,1,1,1,1,1],[2,2,2,0,0,1,1,1,1,1],[2,2,2,0,0,1,1,1,1,1],[2,2,2,2,2,1,1,1,1,1],[2,2,2,2,2,1,1,1,1,1],[0,0,2,2,2,1,1,1,1,1],[0,2,2,0,0,1,1,1,1,1],[0,0,1,1,1,1,1,1,1,1],[1,1,1,1,1,1,1,1,1,1],[1,1,1,1,1,1,1,1,1,1],[1,1,1,1,1,1,1,1,1,1]]",fdfa16b4adec8203f8d99261662ec11f7447b3327e9177aeac6dc535f08c807a,15da216552b4cfea918047a7df61cbefcef1478be37754a079fdc1a1303a6d55,merged_copper_v5,"[0.0,3.0,6.0,9.0,12.0,15.0]",classified,6,0.8863221966429272,0.8253290381620363,0.9318045996386722,0.12013189095334344,0.8707406437252049,1.0178945970077395,0.12013190624984359,B7,1.0178945970077395,8.151428000011947,3.127918599988334,104.40092019998701,0.23670319997472689,116.63765719998628,23867,46500,926,972,54,4.2,completed,6,,,2026-08-08T22:05:35.431+02:00,2026-08-08T22:05:35.948+02:00,2026-08-08T22:07:39.998+02:00
267,S000267,band_supplement_300_20260808_001,C000266,candidate,beef323ee66d4a815a53420754d3fe657be59870a55c36805fd7d5093e078b9d,"[0,1,1,1,1,1,1,1,1,1,0,1,1,1,1,1,1,1,1,1,0,0,0,1,1,1,1,1,1,1,0,2,2,2,1,1,1,1,1,1,0,2,2,2,1,1,1,1,1,1,0,2,2,2,0,1,1,1,1,1,2,2,0,0,2,1,1,1,1,1,2,2,2,0,2,1,1,1,1,1,2,2,2,0,2,1,1,1,1,1,2,2,2,2,2,1,1,1,1,1,2,2,2,2,2,1,1,1,1,1,2,2,2,2,2,1,1,1,1,1,2,2,2,2,2,1,1,1,1,1,2,2,2,0,0,1,1,1,1,1,0,0,1,1,1,1,1,1,1,1,1,1,1,1,1,1,1,1,1,1,1,1,1,1,1,1,1,1,1,1,1,1,1,1,1,1,1,1,1,1]","[[0,1,1,1,1,1,1,1,1,1],[0,1,1,1,1,1,1,1,1,1],[0,0,0,1,1,1,1,1,1,1],[0,2,2,2,1,1,1,1,1,1],[0,2,2,2,1,1,1,1,1,1],[0,2,2,2,0,1,1,1,1,1],[2,2,0,0,2,1,1,1,1,1],[2,2,2,0,2,1,1,1,1,1],[2,2,2,0,2,1,1,1,1,1],[2,2,2,2,2,1,1,1,1,1],[2,2,2,2,2,1,1,1,1,1],[2,2,2,2,2,1,1,1,1,1],[2,2,2,2,2,1,1,1,1,1],[2,2,2,0,0,1,1,1,1,1],[0,0,1,1,1,1,1,1,1,1],[1,1,1,1,1,1,1,1,1,1],[1,1,1,1,1,1,1,1,1,1],[1,1,1,1,1,1,1,1,1,1]]",ee53191ff2612ba432822fca4466390dfa5e6a593fdb3aefd34f157971063bc9,15da216552b4cfea918047a7df61cbefcef1478be37754a079fdc1a1303a6d55,merged_copper_v5,"[0.0,3.0,6.0,9.0,12.0,15.0]",classified,6,0.8867107239714408,0.8256714323620982,0.9316978155580456,0.11957268625451109,0.8707406437252049,1.0183408002845862,0.11957270155101123,B7,1.0183408002845862,9.382392500003334,3.1753329999919515,98.79697309999028,0.23662889999104664,112.46510359999957,24381,47532,920,972,60,4.2,completed,6,,,2026-08-08T22:05:35.547+02:00,2026-08-08T22:05:35.970+02:00,2026-08-08T22:07:36.852+02:00
268,S000268,band_supplement_300_20260808_001,C000267,candidate,03d04bd58e3c69bea984b0c1dc925efae70a457f6d3bb9b9707ff3d8ecfe989c,"[2,1,1,1,1,1,1,1,1,1,2,1,1,1,1,1,1,1,1,1,2,2,2,2,2,1,1,1,1,1,2,2,2,2,2,1,1,1,1,1,2,2,2,2,2,1,1,1,1,1,2,2,2,2,2,2,1,1,1,1,2,2,2,2,2,2,1,1,1,1,2,2,2,2,2,2,1,1,1,1,2,2,2,2,2,2,1,1,1,1,2,2,2,2,2,1,1,1,1,1,2,0,2,2,2,1,1,1,1,1,2,2,2,1,1,1,1,1,1,1,1,2,2,1,1,1,0,0,1,1,1,1,1,1,1,1,0,0,1,1,1,1,1,1,1,0,0,0,0,1,1,1,0,0,0,0,0,1,1,1,1,0,0,0,0,0,0,0,1,1,1,1,1,0,0,1,0,0,1,1]","[[2,1,1,1,1,1,1,1,1,1],[2,1,1,1,1,1,1,1,1,1],[2,2,2,2,2,1,1,1,1,1],[2,2,2,2,2,1,1,1,1,1],[2,2,2,2,2,1,1,1,1,1],[2,2,2,2,2,2,1,1,1,1],[2,2,2,2,2,2,1,1,1,1],[2,2,2,2,2,2,1,1,1,1],[2,2,2,2,2,2,1,1,1,1],[2,2,2,2,2,1,1,1,1,1],[2,0,2,2,2,1,1,1,1,1],[2,2,2,1,1,1,1,1,1,1],[1,2,2,1,1,1,0,0,1,1],[1,1,1,1,1,1,0,0,1,1],[1,1,1,1,1,0,0,0,0,1],[1,1,0,0,0,0,0,1,1,1],[1,0,0,0,0,0,0,0,1,1],[1,1,1,0,0,1,0,0,1,1]]",98bc9064f3204a242a855e7dfe4832b17c7714f76a9a7b22630bebe805f53830,15da216552b4cfea918047a7df61cbefcef1478be37754a079fdc1a1303a6d55,merged_copper_v5,"[0.0,3.0,6.0,9.0,12.0,15.0]",classified,6,0.8464988535661365,0.801175160140335,0.9145591815264783,0.1339446839277789,0.8707406437252049,0.9721595743419567,0.13394469922427904,B6,0.9721595743419567,10.189921399985906,3.6102791000157595,259.93384640003205,0.22930219996487722,274.7177310999541,27482,53730,1034,1068,54,4.2,completed,6,,,2026-08-08T22:05:35.669+02:00,2026-08-08T22:05:35.985+02:00,2026-08-08T22:10:18.944+02:00
269,S000269,band_supplement_300_20260808_001,C000268,candidate,1d2e4594f8996861f0cbc81cc4f23d30e6b6eb04ea0dc1e7e3424e80d1702fb2,"[0,1,1,1,1,1,1,1,1,1,0,1,1,1,1,1,1,1,1,1,0,0,0,0,0,1,1,1,1,1,0,0,0,0,0,1,1,1,1,1,0,0,0,0,0,1,1,1,1,1,0,0,0,2,2,1,1,1,1,1,0,0,0,2,2,1,1,1,1,1,0,1,2,2,2,1,1,1,1,1,0,1,1,1,1,1,1,1,1,1,1,1,1,1,1,1,1,1,1,1,0,1,1,1,1,1,1,1,1,1,1,1,1,1,0,1,1,1,1,1,1,1,1,1,0,1,1,1,1,1,0,0,1,1,0,1,1,1,1,1,1,0,1,1,1,1,1,1,1,1,1,1,1,1,1,1,1,1,1,1,1,1,1,1,1,1,1,1,1,1,1,1,1,1,1,1,1,1,1,1]","[[0,1,1,1,1,1,1,1,1,1],[0,1,1,1,1,1,1,1,1,1],[0,0,0,0,0,1,1,1,1,1],[0,0,0,0,0,1,1,1,1,1],[0,0,0,0,0,1,1,1,1,1],[0,0,0,2,2,1,1,1,1,1],[0,0,0,2,2,1,1,1,1,1],[0,1,2,2,2,1,1,1,1,1],[0,1,1,1,1,1,1,1,1,1],[1,1,1,1,1,1,1,1,1,1],[0,1,1,1,1,1,1,1,1,1],[1,1,1,1,0,1,1,1,1,1],[1,1,1,1,0,1,1,1,1,1],[0,0,1,1,0,1,1,1,1,1],[1,0,1,1,1,1,1,1,1,1],[1,1,1,1,1,1,1,1,1,1],[1,1,1,1,1,1,1,1,1,1],[1,1,1,1,1,1,1,1,1,1]]",50f7d12a1b43a1b3ec7be7519d4271b95b37abc01fa7e27b506ee551435f6c1e,15da216552b4cfea918047a7df61cbefcef1478be37754a079fdc1a1303a6d55,merged_copper_v5,"[0.0,3.0,6.0,9.0,12.0,15.0]",classified,6,0.8666473745416375,0.8269323780246601,0.9354208162616192,0.12518175376038923,0.8707406437252049,0.9952990948417711,0.12518176905688935,B6,0.9952990948417711,4.624745100009022,2.381414900009986,111.36075189997791,0.2043683000083547,119.15578770003049,17928,34662,668,708,54,4.2,completed,6,,,2026-08-08T22:05:35.785+02:00,2026-08-08T22:05:36.032+02:00,2026-08-08T22:07:44.015+02:00
270,S000270,band_supplement_300_20260808_001,C000269,candidate,5058439848fadf1d62ab9899b827decbb10c723ff86e50a5dee9011bc3374785,"[2,1,1,1,1,1,1,1,1,1,2,1,1,1,1,1,1,1,1,1,2,2,2,2,2,1,1,1,1,1,2,2,2,2,2,1,1,1,1,1,2,2,2,2,2,1,1,0,0,1,2,2,2,2,2,2,1,1,1,1,2,2,2,2,2,2,1,1,1,1,2,2,2,2,2,2,1,1,1,1,2,2,2,2,2,2,1,1,1,1,2,2,2,2,2,1,1,1,1,1,2,0,2,2,2,1,1,1,1,1,2,2,2,1,1,1,1,1,1,1,1,2,2,1,1,1,1,1,1,1,1,1,1,1,1,1,0,0,1,1,1,1,1,1,1,0,0,0,0,1,1,1,0,0,0,0,0,1,1,1,1,0,0,0,0,0,0,0,1,1,1,1,1,0,0,1,0,0,1,1]","[[2,1,1,1,1,1,1,1,1,1],[2,1,1,1,1,1,1,1,1,1],[2,2,2,2,2,1,1,1,1,1],[2,2,2,2,2,1,1,1,1,1],[2,2,2,2,2,1,1,0,0,1],[2,2,2,2,2,2,1,1,1,1],[2,2,2,2,2,2,1,1,1,1],[2,2,2,2,2,2,1,1,1,1],[2,2,2,2,2,2,1,1,1,1],[2,2,2,2,2,1,1,1,1,1],[2,0,2,2,2,1,1,1,1,1],[2,2,2,1,1,1,1,1,1,1],[1,2,2,1,1,1,1,1,1,1],[1,1,1,1,1,1,0,0,1,1],[1,1,1,1,1,0,0,0,0,1],[1,1,0,0,0,0,0,1,1,1],[1,0,0,0,0,0,0,0,1,1],[1,1,1,0,0,1,0,0,1,1]]",37bf15a4106fc609db0e7c6e088de88a997bf540ee3a60fb93cc68e8ce878f6b,15da216552b4cfea918047a7df61cbefcef1478be37754a079fdc1a1303a6d55,merged_copper_v5,"[0.0,3.0,6.0,9.0,12.0,15.0]",classified,6,0.7576430006551647,0.7115149473396629,0.7999761567630667,0.11675843285941762,0.8707406437252049,0.8701132835763982,0.6462209399663602,B5,0.8701132835763982,10.476278600021033,3.3265266999369487,291.1407510000572,0.2471126999880653,305.9725699000119,27834,54434,1058,1092,60,4.2,completed,6,,,2026-08-08T22:05:35.901+02:00,2026-08-08T22:05:36.064+02:00,2026-08-08T22:10:48.726+02:00
271,S000271,band_supplement_300_20260808_001,C000270,candidate,b03f35c890a56836ac24b0c39db1ae2d9f3d779bfb5666abc54d7528d90af1a4,"[0,1,1,1,1,1,1,1,1,1,0,1,1,1,1,1,1,1,1,1,0,0,0,1,1,1,1,1,1,1,0,0,0,0,1,1,1,1,1,1,0,0,0,2,1,1,1,1,1,1,0,2,2,2,0,1,1,1,1,1,2,2,0,0,2,1,1,1,1,1,2,2,2,0,2,1,1,1,1,1,2,2,2,0,2,1,1,1,1,1,2,2,2,2,2,1,1,1,1,1,2,2,2,2,2,1,1,1,1,1,2,2,2,2,2,1,1,1,1,1,0,0,2,2,2,1,1,1,1,1,0,2,2,0,0,1,1,1,1,1,0,0,1,1,1,1,1,1,1,1,1,1,1,1,1,1,1,1,1,1,1,1,1,1,1,1,1,1,1,1,1,1,1,1,1,1,1,1,1,1]","[[0,1,1,1,1,1,1,1,1,1],[0,1,1,1,1,1,1,1,1,1],[0,0,0,1,1,1,1,1,1,1],[0,0,0,0,1,1,1,1,1,1],[0,0,0,2,1,1,1,1,1,1],[0,2,2,2,0,1,1,1,1,1],[2,2,0,0,2,1,1,1,1,1],[2,2,2,0,2,1,1,1,1,1],[2,2,2,0,2,1,1,1,1,1],[2,2,2,2,2,1,1,1,1,1],[2,2,2,2,2,1,1,1,1,1],[2,2,2,2,2,1,1,1,1,1],[0,0,2,2,2,1,1,1,1,1],[0,2,2,0,0,1,1,1,1,1],[0,0,1,1,1,1,1,1,1,1],[1,1,1,1,1,1,1,1,1,1],[1,1,1,1,1,1,1,1,1,1],[1,1,1,1,1,1,1,1,1,1]]",589c26ad855d53ac92c9ac1b780d9b9a9949945edc67028395d57a971fe95615,15da216552b4cfea918047a7df61cbefcef1478be37754a079fdc1a1303a6d55,merged_copper_v5,"[0.0,3.0,6.0,9.0,12.0,15.0]",classified,6,0.8866128515895916,0.8257758168849788,0.9323055625889082,0.12015362230869334,0.8707406437252049,1.0182283989828271,0.12015363760519346,B7,1.0182283989828271,3.338006999983918,3.0001994999765884,90.4370762000326,0.24153289999230765,97.71785149996867,25770,50306,980,1032,60,4.2,completed,6,,,2026-08-08T22:10:49.034+02:00,2026-08-08T22:10:49.087+02:00,2026-08-08T22:12:32.714+02:00
272,S000272,band_supplement_300_20260808_001,C000271,candidate,e087f0053191eacf6b7b91053a63be410419cbef49761bf0716e7702ade00edc,"[0,2,2,2,2,2,2,2,2,2,0,0,2,2,2,2,2,2,2,2,0,0,0,0,0,2,2,2,2,2,0,0,0,0,0,2,2,2,2,2,0,0,0,0,0,2,2,2,2,2,0,2,2,0,0,0,1,2,2,2,0,2,2,0,0,0,1,2,2,2,0,2,2,0,0,0,1,1,2,1,2,2,2,0,0,0,1,1,1,1,2,2,2,2,2,0,1,1,1,1,2,2,2,2,2,0,1,1,1,1,2,2,2,2,2,0,1,1,1,1,2,2,2,2,2,0,1,0,1,1,2,2,2,0,0,0,0,0,1,1,0,0,0,0,0,0,0,0,0,1,0,0,0,0,0,0,0,0,0,1,0,0,0,0,0,0,0,0,1,1,0,0,0,0,0,0,0,0,1,1]","[[0,2,2,2,2,2,2,2,2,2],[0,0,2,2,2,2,2,2,2,2],[0,0,0,0,0,2,2,2,2,2],[0,0,0,0,0,2,2,2,2,2],[0,0,0,0,0,2,2,2,2,2],[0,2,2,0,0,0,1,2,2,2],[0,2,2,0,0,0,1,2,2,2],[0,2,2,0,0,0,1,1,2,1],[2,2,2,0,0,0,1,1,1,1],[2,2,2,2,2,0,1,1,1,1],[2,2,2,2,2,0,1,1,1,1],[2,2,2,2,2,0,1,1,1,1],[2,2,2,2,2,0,1,0,1,1],[2,2,2,0,0,0,0,0,1,1],[0,0,0,0,0,0,0,0,0,1],[0,0,0,0,0,0,0,0,0,1],[0,0,0,0,0,0,0,0,1,1],[0,0,0,0,0,0,0,0,1,1]]",8d6d67b67c674f2be31ec06464ee34cc7d96e14b164252fdbe229b7e351eecd3,15da216552b4cfea918047a7df61cbefcef1478be37754a079fdc1a1303a6d55,merged_copper_v5,"[0.0,3.0,6.0,9.0,12.0,15.0]",classified,6,0.11340744248691932,0.1075365731495016,0.1182620982623736,0.09457514319758256,0.8707406437252049,0.1302425048195055,8.676982127407591,B1,0.1302425048195055,9.870563399977982,3.694765300024301,54.891513000038685,0.2889444000029471,69.61954720001086,29524,57822,1154,1188,48,4.2,completed,6,,,2026-08-08T22:12:33.145+02:00,2026-08-08T22:12:33.545+02:00,2026-08-08T22:13:49.912+02:00
273,S000273,band_supplement_300_20260808_001,C000272,candidate,14d2e907eb41ec1f1e30944a2817d645b1491fe2c148e6d0c7d4648691e149a1,"[2,2,2,2,2,2,2,0,0,0,2,0,2,2,0,2,0,0,0,0,2,0,2,2,0,0,0,0,0,0,0,0,2,2,0,0,0,0,0,1,0,0,0,0,0,0,0,0,1,1,0,0,0,0,0,0,2,2,2,1,0,0,0,0,0,0,2,2,2,1,0,0,0,0,0,0,1,1,1,1,0,0,0,0,0,0,1,1,1,1,0,0,0,0,0,0,1,1,1,1,0,0,0,0,0,0,1,1,1,1,0,0,0,0,0,0,1,1,1,1,0,0,0,0,0,0,1,0,1,1,0,0,0,0,0,0,0,0,1,1,0,0,0,0,0,0,0,0,0,1,0,0,0,0,0,0,0,0,0,1,0,0,0,0,0,0,0,0,1,1,0,0,0,0,0,0,0,0,1,1]","[[2,2,2,2,2,2,2,0,0,0],[2,0,2,2,0,2,0,0,0,0],[2,0,2,2,0,0,0,0,0,0],[0,0,2,2,0,0,0,0,0,1],[0,0,0,0,0,0,0,0,1,1],[0,0,0,0,0,0,2,2,2,1],[0,0,0,0,0,0,2,2,2,1],[0,0,0,0,0,0,1,1,1,1],[0,0,0,0,0,0,1,1,1,1],[0,0,0,0,0,0,1,1,1,1],[0,0,0,0,0,0,1,1,1,1],[0,0,0,0,0,0,1,1,1,1],[0,0,0,0,0,0,1,0,1,1],[0,0,0,0,0,0,0,0,1,1],[0,0,0,0,0,0,0,0,0,1],[0,0,0,0,0,0,0,0,0,1],[0,0,0,0,0,0,0,0,1,1],[0,0,0,0,0,0,0,0,1,1]]",ef74a40bd800a87d17647c0bafe2e5b133e7d64fb2f8fce953b644cfbe361102,15da216552b4cfea918047a7df61cbefcef1478be37754a079fdc1a1303a6d55,merged_copper_v5,"[0.0,3.0,6.0,9.0,12.0,15.0]",classified,6,0.18861044515242273,0.1763225970701018,0.2001649011845026,0.12641030614785412,0.8707406437252049,0.2166092125268312,7.768779757039073,B1,0.2166092125268312,5.228107400005683,2.9822840999695472,44.725650700042024,0.226723600004334,53.86196160005056,24103,46974,914,948,48,4.2,completed,6,,,2026-08-08T22:12:33.245+02:00,2026-08-08T22:12:33.569+02:00,2026-08-08T22:13:34.938+02:00
274,S000274,band_supplement_300_20260808_001,C000273,candidate,0821ce29198e2288cdf93a1c2bdf1afb395706b27d3fe90cbbe720323465d63d,"[2,1,1,1,1,1,1,1,1,1,2,1,1,1,1,1,2,1,1,1,2,2,0,0,2,1,2,2,1,1,0,0,0,2,2,2,2,2,1,1,0,0,0,2,2,2,2,2,1,1,0,0,0,2,2,2,2,1,1,1,0,0,2,2,2,2,1,1,1,1,0,0,0,0,2,2,0,0,1,1,0,0,0,0,2,2,0,0,0,1,0,0,0,0,0,2,0,1,1,1,0,0,0,0,0,0,0,1,1,1,0,0,0,0,0,2,0,1,1,1,0,0,0,0,0,2,0,0,1,1,0,0,0,0,2,2,2,2,1,1,0,0,0,0,2,2,2,0,0,1,0,0,0,0,0,0,0,0,0,1,0,0,0,0,0,0,0,0,1,1,0,0,0,0,0,0,0,0,1,1]","[[2,1,1,1,1,1,1,1,1,1],[2,1,1,1,1,1,2,1,1,1],[2,2,0,0,2,1,2,2,1,1],[0,0,0,2,2,2,2,2,1,1],[0,0,0,2,2,2,2,2,1,1],[0,0,0,2,2,2,2,1,1,1],[0,0,2,2,2,2,1,1,1,1],[0,0,0,0,2,2,0,0,1,1],[0,0,0,0,2,2,0,0,0,1],[0,0,0,0,0,2,0,1,1,1],[0,0,0,0,0,0,0,1,1,1],[0,0,0,0,0,2,0,1,1,1],[0,0,0,0,0,2,0,0,1,1],[0,0,0,0,2,2,2,2,1,1],[0,0,0,0,2,2,2,0,0,1],[0,0,0,0,0,0,0,0,0,1],[0,0,0,0,0,0,0,0,1,1],[0,0,0,0,0,0,0,0,1,1]]",647e892e52d6c22c06c6071e8296f350f23ad3634c5392165bd6c51519d91fb6,15da216552b4cfea918047a7df61cbefcef1478be37754a079fdc1a1303a6d55,merged_copper_v5,"[0.0,3.0,6.0,9.0,12.0,15.0]",classified,6,0.4703333053018755,0.311775935626441,0.6079162090744021,0.6296391731346528,0.8707406437252049,0.5401531543189421,4.750472872157709,B2,0.5401531543189421,7.312044399994193,3.919752600020729,183.76385550003033,0.274369199963985,196.16047899998375,33779,66324,1274,1314,60,4.2,completed,6,,,2026-08-08T22:12:33.373+02:00,2026-08-08T22:12:33.583+02:00,2026-08-08T22:15:57.229+02:00
275,S000275,band_supplement_300_20260808_001,C000274,candidate,2427272d1407c27e057941509c9aa04c80d6dd664f39cc36ce57c34b5ab76cfe,"[0,1,1,1,1,1,1,1,1,1,0,1,1,1,1,1,1,1,1,1,0,0,0,0,0,1,1,1,1,1,0,0,0,0,0,1,1,2,1,1,0,0,0,0,0,1,2,2,1,1,0,2,2,0,0,0,1,2,1,1,0,2,2,0,0,0,1,1,1,1,0,2,2,0,0,0,1,1,1,1,2,2,2,0,0,0,1,1,1,1,2,2,2,2,2,0,1,1,1,1,2,2,2,2,2,0,1,1,1,1,2,2,2,2,2,0,1,1,1,1,2,2,2,2,2,1,1,1,1,1,2,2,2,0,1,1,1,1,1,1,1,0,1,1,1,1,1,1,0,1,1,1,1,1,1,1,1,1,0,1,0,1,1,0,1,1,1,1,1,1,0,1,1,1,1,0,1,1,1,1]","[[0,1,1,1,1,1,1,1,1,1],[0,1,1,1,1,1,1,1,1,1],[0,0,0,0,0,1,1,1,1,1],[0,0,0,0,0,1,1,2,1,1],[0,0,0,0,0,1,2,2,1,1],[0,2,2,0,0,0,1,2,1,1],[0,2,2,0,0,0,1,1,1,1],[0,2,2,0,0,0,1,1,1,1],[2,2,2,0,0,0,1,1,1,1],[2,2,2,2,2,0,1,1,1,1],[2,2,2,2,2,0,1,1,1,1],[2,2,2,2,2,0,1,1,1,1],[2,2,2,2,2,1,1,1,1,1],[2,2,2,0,1,1,1,1,1,1],[1,0,1,1,1,1,1,1,0,1],[1,1,1,1,1,1,1,1,0,1],[0,1,1,0,1,1,1,1,1,1],[0,1,1,1,1,0,1,1,1,1]]",8cd9019179e5c3a167b13a608bcce46d13931ea1d0de755b6a7f201f5137761c,15da216552b4cfea918047a7df61cbefcef1478be37754a079fdc1a1303a6d55,merged_copper_v5,"[0.0,3.0,6.0,9.0,12.0,15.0]",classified,6,0.7049712688774988,0.6658217492880592,0.7594205807231926,0.13276971072050586,0.8707406437252049,0.8096225597802451,1.3206288650482698,B5,0.8096225597802451,6.3436212000087835,3.379077399993548,362.94301999994786,0.26023139999597333,373.73238190001575,29042,56852,1022,1080,84,4.2,completed,6,,,2026-08-08T22:12:33.483+02:00,2026-08-08T22:12:33.615+02:00,2026-08-08T22:18:53.978+02:00
276,S000276,band_supplement_300_20260808_001,C000275,candidate,6227a135064c759056e18f452f23ccf1c4a3899291aba56669d787822d3c045d,"[1,1,1,1,1,1,1,1,1,1,1,1,1,1,1,1,1,1,1,1,1,1,1,1,1,1,1,1,2,1,1,2,2,2,0,1,1,1,2,2,1,2,2,2,0,1,1,1,2,2,0,1,2,1,0,1,1,1,2,1,1,1,1,1,1,1,1,1,1,1,1,1,2,2,1,1,1,1,1,1,1,2,2,2,2,1,1,1,1,1,2,2,2,2,2,1,1,1,1,1,2,2,2,2,2,1,1,1,1,1,2,2,2,2,2,1,1,1,1,1,2,2,2,2,2,1,1,1,1,1,0,2,2,0,0,1,1,1,1,1,0,0,0,1,1,1,1,1,1,1,1,1,1,1,1,1,1,1,1,1,1,1,1,1,1,1,1,1,1,1,1,1,1,1,1,1,1,1,1,1]","[[1,1,1,1,1,1,1,1,1,1],[1,1,1,1,1,1,1,1,1,1],[1,1,1,1,1,1,1,1,2,1],[1,2,2,2,0,1,1,1,2,2],[1,2,2,2,0,1,1,1,2,2],[0,1,2,1,0,1,1,1,2,1],[1,1,1,1,1,1,1,1,1,1],[1,1,2,2,1,1,1,1,1,1],[1,2,2,2,2,1,1,1,1,1],[2,2,2,2,2,1,1,1,1,1],[2,2,2,2,2,1,1,1,1,1],[2,2,2,2,2,1,1,1,1,1],[2,2,2,2,2,1,1,1,1,1],[0,2,2,0,0,1,1,1,1,1],[0,0,0,1,1,1,1,1,1,1],[1,1,1,1,1,1,1,1,1,1],[1,1,1,1,1,1,1,1,1,1],[1,1,1,1,1,1,1,1,1,1]]",786d45a5c59e0fb91fb7c7071e20c6377bc593ed757f9bb027f2c677f7619b87,15da216552b4cfea918047a7df61cbefcef1478be37754a079fdc1a1303a6d55,merged_copper_v5,"[0.0,3.0,6.0,9.0,12.0,15.0]",classified,6,0.3725820019160473,0.3153440506902949,0.4330252963208167,0.3158532753201496,0.8707406437252049,0.4278909048302443,5.6585782666660585,B1,0.4278909048302443,5.605978499981575,3.314301699952921,181.0842927999911,0.2426926000334788,191.01942809994216,27548,53852,1052,1110,78,4.2,completed,6,,,2026-08-08T22:18:54.327+02:00,2026-08-08T22:18:54.606+02:00,2026-08-08T22:22:11.836+02:00
277,S000277,band_supplement_300_20260808_001,C000276,candidate,b01ee3e050c0487568d2146ce66862e336a8343c80d803c78973f0bcb96a6c2a,"[2,2,2,1,1,1,1,1,1,1,2,2,2,1,1,1,1,1,1,1,2,2,2,2,2,1,1,1,0,0,2,2,2,2,2,1,1,1,1,0,2,2,2,2,2,1,1,1,1,0,2,2,2,2,0,0,1,1,1,1,2,2,0,0,0,0,1,1,1,1,2,2,0,0,0,0,1,1,1,1,2,2,2,0,0,0,0,1,1,1,2,2,2,2,2,0,0,1,1,1,2,2,2,0,2,0,1,1,1,1,2,2,2,0,0,0,1,1,1,1,2,2,2,0,0,0,1,0,1,1,2,2,2,0,0,0,0,0,1,1,0,0,0,0,0,0,0,0,0,1,0,0,0,0,0,0,0,0,0,1,0,0,0,0,0,0,0,0,1,1,0,0,0,0,0,0,0,0,1,1]","[[2,2,2,1,1,1,1,1,1,1],[2,2,2,1,1,1,1,1,1,1],[2,2,2,2,2,1,1,1,0,0],[2,2,2,2,2,1,1,1,1,0],[2,2,2,2,2,1,1,1,1,0],[2,2,2,2,0,0,1,1,1,1],[2,2,0,0,0,0,1,1,1,1],[2,2,0,0,0,0,1,1,1,1],[2,2,2,0,0,0,0,1,1,1],[2,2,2,2,2,0,0,1,1,1],[2,2,2,0,2,0,1,1,1,1],[2,2,2,0,0,0,1,1,1,1],[2,2,2,0,0,0,1,0,1,1],[2,2,2,0,0,0,0,0,1,1],[0,0,0,0,0,0,0,0,0,1],[0,0,0,0,0,0,0,0,0,1],[0,0,0,0,0,0,0,0,1,1],[0,0,0,0,0,0,0,0,1,1]]",1580010171429ce252f8c7b9c62508dd0313715210f927a54357ab84c65007bf,15da216552b4cfea918047a7df61cbefcef1478be37754a079fdc1a1303a6d55,merged_copper_v5,"[0.0,3.0,6.0,9.0,12.0,15.0]",classified,6,0.573440303482726,0.4049891818093768,0.6868265739184538,0.4914851474466808,0.8707406437252049,0.6585661386258854,3.3234813692091074,B3,0.6585661386258854,5.770240499987267,3.3092160999949556,160.91449090000242,0.2427765999455005,170.99426979999407,27827,54428,1040,1074,42,4.2,completed,6,,,2026-08-08T22:18:54.427+02:00,2026-08-08T22:18:54.628+02:00,2026-08-08T22:21:52.585+02:00
278,S000278,band_supplement_300_20260808_001,C000277,candidate,b20b1802fb3de74fc71308b5a7ba55249d521fa139c46bb39db644ae13b9e094,"[1,1,1,1,1,1,1,1,1,1,1,1,1,1,1,1,1,1,1,1,1,1,1,1,1,1,1,1,1,1,1,2,2,2,0,1,1,1,1,1,1,2,2,2,0,1,0,0,1,1,0,0,2,0,0,0,0,1,1,1,0,0,0,0,0,0,0,0,0,1,0,0,2,2,0,0,0,0,1,1,0,2,2,2,2,1,1,0,0,1,2,2,2,2,2,1,1,1,1,1,2,2,2,2,2,1,1,1,1,1,2,2,2,2,2,1,1,1,1,1,2,2,2,2,2,1,1,1,1,1,0,2,2,0,0,1,1,1,1,1,0,0,0,1,1,1,1,1,1,1,1,1,1,1,1,1,1,1,1,1,1,1,1,1,1,1,1,1,1,1,1,1,1,1,1,1,1,1,1,1]","[[1,1,1,1,1,1,1,1,1,1],[1,1,1,1,1,1,1,1,1,1],[1,1,1,1,1,1,1,1,1,1],[1,2,2,2,0,1,1,1,1,1],[1,2,2,2,0,1,0,0,1,1],[0,0,2,0,0,0,0,1,1,1],[0,0,0,0,0,0,0,0,0,1],[0,0,2,2,0,0,0,0,1,1],[0,2,2,2,2,1,1,0,0,1],[2,2,2,2,2,1,1,1,1,1],[2,2,2,2,2,1,1,1,1,1],[2,2,2,2,2,1,1,1,1,1],[2,2,2,2,2,1,1,1,1,1],[0,2,2,0,0,1,1,1,1,1],[0,0,0,1,1,1,1,1,1,1],[1,1,1,1,1,1,1,1,1,1],[1,1,1,1,1,1,1,1,1,1],[1,1,1,1,1,1,1,1,1,1]]",daf47fdf48cb93bcdfc8975e2d9de4fdc67c23c50aec080899987a470186e420,15da216552b4cfea918047a7df61cbefcef1478be37754a079fdc1a1303a6d55,merged_copper_v5,"[0.0,3.0,6.0,9.0,12.0,15.0]",classified,6,0.15765976212618424,0.1106962809384466,0.2047486133664457,0.5965525455551783,0.8707406437252049,0.18106397497615803,8.625805534274376,B1,0.18106397497615803,4.809936300007394,2.992953899985878,266.7756190999935,0.2182675999647472,275.4852083999722,25355,49474,992,1038,60,4.2,completed,6,,,2026-08-08T22:18:54.543+02:00,2026-08-08T22:18:54.644+02:00,2026-08-08T22:23:36.443+02:00
279,S000279,band_supplement_300_20260808_001,C000278,candidate,27faf5ed26b5690a63d6161730d81cb70f2cc37f788316ca60c1ce6fe66f7f28,"[2,2,2,2,2,2,2,1,1,1,2,2,2,2,2,2,2,2,1,1,2,2,2,2,2,1,1,1,1,1,2,1,2,2,2,2,2,1,1,1,2,1,1,1,1,1,1,1,1,1,2,2,1,1,0,0,1,1,1,1,1,1,1,1,1,1,1,1,1,1,0,1,1,1,1,0,1,1,1,1,1,1,1,1,0,1,1,1,1,1,1,1,1,1,1,1,1,1,1,1,1,1,1,1,1,1,1,1,1,1,1,1,1,1,1,1,1,1,1,1,0,1,1,1,1,1,1,1,1,1,0,0,1,1,1,1,1,1,1,1,0,0,1,1,1,1,0,1,0,1,0,0,1,1,0,0,0,1,1,1,0,0,0,0,0,0,0,1,1,1,0,0,0,0,0,0,0,0,1,1]","[[2,2,2,2,2,2,2,1,1,1],[2,2,2,2,2,2,2,2,1,1],[2,2,2,2,2,1,1,1,1,1],[2,1,2,2,2,2,2,1,1,1],[2,1,1,1,1,1,1,1,1,1],[2,2,1,1,0,0,1,1,1,1],[1,1,1,1,1,1,1,1,1,1],[0,1,1,1,1,0,1,1,1,1],[1,1,1,1,0,1,1,1,1,1],[1,1,1,1,1,1,1,1,1,1],[1,1,1,1,1,1,1,1,1,1],[1,1,1,1,1,1,1,1,1,1],[0,1,1,1,1,1,1,1,1,1],[0,0,1,1,1,1,1,1,1,1],[0,0,1,1,1,1,0,1,0,1],[0,0,1,1,0,0,0,1,1,1],[0,0,0,0,0,0,0,1,1,1],[0,0,0,0,0,0,0,0,1,1]]",405a76bd440728d998c06fdcc2e3e454c79f9a0f8a3eec0ee23d0d95d1307e23,15da216552b4cfea918047a7df61cbefcef1478be37754a079fdc1a1303a6d55,merged_copper_v5,"[0.0,3.0,6.0,9.0,12.0,15.0]",classified,6,0.6105087843066646,0.4449696560254666,0.7326244537519522,0.47117225029475374,0.8707406437252049,0.7011373463569868,2.839812461757946,B4,0.7011373463569868,7.155400499992538,3.095636799989734,206.44428430005792,0.2251015000801999,217.66579059991636,24081,46924,986,1026,66,4.2,completed,6,,,2026-08-08T22:23:36.775+02:00,2026-08-08T22:23:37.345+02:00,2026-08-08T22:27:22.682+02:00
280,S000280,band_supplement_300_20260808_001,C000279,candidate,9e7c1078e07eae10ae9fb906d97653f8349610a0e9a5d5808d4cad6321110eb3,"[2,2,2,2,2,2,2,1,1,1,2,2,2,2,2,2,2,2,1,1,2,2,2,2,2,1,1,1,1,1,2,0,2,2,2,1,1,1,1,1,2,0,0,0,0,1,1,1,1,1,2,2,0,2,0,0,1,1,1,1,1,1,2,2,2,1,1,1,1,1,0,1,2,0,0,0,1,1,1,1,1,1,2,2,0,1,1,1,1,1,1,1,1,2,1,1,1,1,1,1,1,1,1,1,1,1,1,1,1,1,1,1,1,1,1,1,1,1,1,1,0,1,1,1,1,1,1,1,1,1,0,0,1,1,1,1,1,1,1,1,0,0,1,1,1,1,0,1,0,1,0,0,1,1,0,0,0,1,1,1,0,0,0,0,0,0,0,1,1,1,0,0,0,0,0,0,0,0,1,1]","[[2,2,2,2,2,2,2,1,1,1],[2,2,2,2,2,2,2,2,1,1],[2,2,2,2,2,1,1,1,1,1],[2,0,2,2,2,1,1,1,1,1],[2,0,0,0,0,1,1,1,1,1],[2,2,0,2,0,0,1,1,1,1],[1,1,2,2,2,1,1,1,1,1],[0,1,2,0,0,0,1,1,1,1],[1,1,2,2,0,1,1,1,1,1],[1,1,1,2,1,1,1,1,1,1],[1,1,1,1,1,1,1,1,1,1],[1,1,1,1,1,1,1,1,1,1],[0,1,1,1,1,1,1,1,1,1],[0,0,1,1,1,1,1,1,1,1],[0,0,1,1,1,1,0,1,0,1],[0,0,1,1,0,0,0,1,1,1],[0,0,0,0,0,0,0,1,1,1],[0,0,0,0,0,0,0,0,1,1]]",7dfbfdc13abcd3d2c21052146105ef8b5e1b2a642e136805bf8c59916bb7e839,15da216552b4cfea918047a7df61cbefcef1478be37754a079fdc1a1303a6d55,merged_copper_v5,"[0.0,3.0,6.0,9.0,12.0,15.0]",classified,6,0.6124498659404523,0.4643558573793201,0.7197535607963461,0.4170099752162539,0.8707406437252049,0.7033665768951219,2.761386666257101,B4,0.7033665768951219,9.444127199996728,3.805083299987018,216.6897384999902,0.2897516000084579,231.1351042999595,29709,58184,1160,1212,72,4.2,completed,6,,,2026-08-08T22:23:36.944+02:00,2026-08-08T22:23:37.361+02:00,2026-08-08T22:27:36.310+02:00
281,S000281,band_supplement_300_20260808_001,C000280,candidate,244b86a6857b06c687a0d3e0e7f69fbb31e2fe999d4e1056c53333f202dba0f4,"[2,2,2,2,2,2,2,1,1,1,2,2,2,2,2,2,2,2,1,1,2,2,2,2,2,1,1,1,1,1,2,1,2,2,2,1,1,1,1,1,2,1,1,1,1,1,1,1,1,1,2,2,1,1,0,0,2,1,1,1,1,1,1,1,2,2,2,2,2,1,0,1,1,1,1,0,2,2,2,2,1,1,1,2,0,2,2,2,2,2,1,1,1,2,2,2,2,2,1,2,1,1,1,1,2,2,2,1,1,1,1,1,1,1,1,1,1,1,1,1,0,1,1,1,1,1,1,1,1,1,0,0,1,1,1,1,1,1,1,1,0,0,1,1,1,1,0,1,0,1,0,0,1,1,0,0,0,1,1,1,0,0,0,0,0,0,0,1,1,1,0,0,0,0,0,0,0,0,1,1]","[[2,2,2,2,2,2,2,1,1,1],[2,2,2,2,2,2,2,2,1,1],[2,2,2,2,2,1,1,1,1,1],[2,1,2,2,2,1,1,1,1,1],[2,1,1,1,1,1,1,1,1,1],[2,2,1,1,0,0,2,1,1,1],[1,1,1,1,2,2,2,2,2,1],[0,1,1,1,1,0,2,2,2,2],[1,1,1,2,0,2,2,2,2,2],[1,1,1,2,2,2,2,2,1,2],[1,1,1,1,2,2,2,1,1,1],[1,1,1,1,1,1,1,1,1,1],[0,1,1,1,1,1,1,1,1,1],[0,0,1,1,1,1,1,1,1,1],[0,0,1,1,1,1,0,1,0,1],[0,0,1,1,0,0,0,1,1,1],[0,0,0,0,0,0,0,1,1,1],[0,0,0,0,0,0,0,0,1,1]]",e8af3ee5ea6545f79512257467a9a1ddf64383aafc28842211488c54315d269a,15da216552b4cfea918047a7df61cbefcef1478be37754a079fdc1a1303a6d55,merged_copper_v5,"[0.0,3.0,6.0,9.0,12.0,15.0]",classified,6,0.2811369646829282,0.1095197904940228,0.4356088300074853,1.1598938612758807,0.8707406437252049,0.3228710715514178,7.6456818180357775,B1,0.3228710715514178,12.26628989999881,4.2037696999905165,307.29375110002,0.28881230001570657,324.9961961999652,33350,65464,1376,1434,78,4.2,completed,6,,,2026-08-08T22:23:37.060+02:00,2026-08-08T22:23:37.392+02:00,2026-08-08T22:29:10.305+02:00
282,S000282,band_supplement_300_20260808_001,C000281,candidate,0235af607c75e07c583d1ea9f076a80b12f99ab7a07ea5f9f45ef1ec9902b957,"[0,0,0,0,0,0,0,0,1,1,0,0,0,0,0,1,1,1,1,1,0,0,0,0,0,1,1,1,1,1,0,0,0,0,0,1,1,1,1,1,0,0,0,0,0,1,1,1,1,1,0,0,0,2,2,2,1,1,1,1,0,0,0,0,2,2,1,1,1,1,2,2,2,0,0,2,1,1,1,1,2,2,2,2,2,2,1,1,1,1,0,2,2,2,2,2,1,1,1,1,0,0,2,2,2,2,2,1,1,1,0,0,0,0,0,2,2,1,1,1,0,0,0,0,0,1,2,1,1,1,0,0,0,0,0,1,0,1,1,1,0,0,0,0,0,1,1,1,1,1,1,0,1,1,1,1,1,1,1,1,1,0,0,1,1,1,1,1,1,1,1,1,1,1,1,1,1,1,1,1]","[[0,0,0,0,0,0,0,0,1,1],[0,0,0,0,0,1,1,1,1,1],[0,0,0,0,0,1,1,1,1,1],[0,0,0,0,0,1,1,1,1,1],[0,0,0,0,0,1,1,1,1,1],[0,0,0,2,2,2,1,1,1,1],[0,0,0,0,2,2,1,1,1,1],[2,2,2,0,0,2,1,1,1,1],[2,2,2,2,2,2,1,1,1,1],[0,2,2,2,2,2,1,1,1,1],[0,0,2,2,2,2,2,1,1,1],[0,0,0,0,0,2,2,1,1,1],[0,0,0,0,0,1,2,1,1,1],[0,0,0,0,0,1,0,1,1,1],[0,0,0,0,0,1,1,1,1,1],[1,0,1,1,1,1,1,1,1,1],[1,0,0,1,1,1,1,1,1,1],[1,1,1,1,1,1,1,1,1,1]]",7b89dd050561cba2a32c7a2d32a65d380c6cdc6f72e5cce3e134cff343524f16,15da216552b4cfea918047a7df61cbefcef1478be37754a079fdc1a1303a6d55,merged_copper_v5,"[0.0,3.0,6.0,9.0,12.0,15.0]",classified,6,0.6224759255323064,0.5311162215259682,0.7319476597638428,0.32263326178620466,0.8707406437252049,0.714880980941958,2.541684207928876,B4,0.714880980941958,7.703005099989241,3.266057299973909,105.57508379998035,0.23633750001317821,117.55629509995924,25538,49842,1004,1044,48,4.2,completed,6,,,2026-08-08T22:23:37.176+02:00,2026-08-08T22:23:37.408+02:00,2026-08-08T22:25:42.617+02:00
283,S000283,band_supplement_300_20260808_001,C000282,candidate,5724209aca8383c8a1032cad4d14e8f88f19c18695fe60e5f1280da88005f02c,"[2,0,0,0,0,0,0,0,1,1,2,0,0,0,0,1,1,1,1,1,2,2,2,1,1,1,1,1,1,1,0,2,1,1,1,1,1,1,1,1,2,2,2,1,1,1,1,1,1,1,2,2,2,1,2,2,1,1,1,1,2,2,1,1,1,2,1,1,1,1,2,2,1,1,1,2,1,1,1,1,2,2,2,2,2,2,1,1,1,1,0,2,2,2,2,2,1,1,1,1,0,0,2,2,2,2,2,1,1,1,0,0,0,0,0,2,2,1,1,1,0,0,0,0,0,1,2,1,1,1,0,0,0,0,0,1,0,1,1,1,0,0,0,0,0,1,1,1,1,1,1,0,1,1,1,1,1,1,1,1,1,0,0,1,1,1,1,1,1,1,1,1,1,1,1,1,1,1,1,1]","[[2,0,0,0,0,0,0,0,1,1],[2,0,0,0,0,1,1,1,1,1],[2,2,2,1,1,1,1,1,1,1],[0,2,1,1,1,1,1,1,1,1],[2,2,2,1,1,1,1,1,1,1],[2,2,2,1,2,2,1,1,1,1],[2,2,1,1,1,2,1,1,1,1],[2,2,1,1,1,2,1,1,1,1],[2,2,2,2,2,2,1,1,1,1],[0,2,2,2,2,2,1,1,1,1],[0,0,2,2,2,2,2,1,1,1],[0,0,0,0,0,2,2,1,1,1],[0,0,0,0,0,1,2,1,1,1],[0,0,0,0,0,1,0,1,1,1],[0,0,0,0,0,1,1,1,1,1],[1,0,1,1,1,1,1,1,1,1],[1,0,0,1,1,1,1,1,1,1],[1,1,1,1,1,1,1,1,1,1]]",c897a3cc4b9095e89d749bdbdf7f4539080dfb8b7f857ac1509e1f6051247ce6,15da216552b4cfea918047a7df61cbefcef1478be37754a079fdc1a1303a6d55,merged_copper_v5,"[0.0,3.0,6.0,9.0,12.0,15.0]",classified,6,0.6366739048350842,0.5224038973452514,0.7589311622945399,0.3715045695339995,0.8707406437252049,0.7311866161561774,2.413080774391947,B4,0.7311866161561774,9.84519600000931,4.053971400018781,182.9977235000115,0.2722655000106897,198.08501219999744,31085,60938,1226,1272,54,4.2,completed,6,,,2026-08-08T22:23:37.293+02:00,2026-08-08T22:23:37.423+02:00,2026-08-08T22:27:04.322+02:00
284,S000284,band_supplement_300_20260808_001,C000283,candidate,06db3f277423caf24e7a61736738f060f0134c9f2b77d60012898fbd6ea451bf,"[2,0,0,0,0,0,0,0,1,1,2,0,0,0,0,1,1,1,1,1,2,2,2,2,2,1,1,1,1,1,0,2,2,2,2,1,1,1,1,1,2,2,2,2,2,1,1,1,1,1,2,2,2,2,2,2,1,1,1,1,2,2,2,2,2,2,1,1,1,1,2,2,2,2,2,2,1,1,1,1,2,2,2,2,2,2,1,1,1,1,0,2,2,2,2,2,1,1,1,1,0,0,2,2,2,2,2,1,1,1,0,0,0,0,0,2,2,1,1,1,0,0,0,0,0,1,2,1,1,1,0,1,0,0,0,1,0,1,1,1,1,1,1,0,0,1,1,1,1,1,1,1,1,1,1,1,1,1,1,1,1,0,0,1,1,1,1,1,1,1,1,1,1,1,1,1,1,1,1,1]","[[2,0,0,0,0,0,0,0,1,1],[2,0,0,0,0,1,1,1,1,1],[2,2,2,2,2,1,1,1,1,1],[0,2,2,2,2,1,1,1,1,1],[2,2,2,2,2,1,1,1,1,1],[2,2,2,2,2,2,1,1,1,1],[2,2,2,2,2,2,1,1,1,1],[2,2,2,2,2,2,1,1,1,1],[2,2,2,2,2,2,1,1,1,1],[0,2,2,2,2,2,1,1,1,1],[0,0,2,2,2,2,2,1,1,1],[0,0,0,0,0,2,2,1,1,1],[0,0,0,0,0,1,2,1,1,1],[0,1,0,0,0,1,0,1,1,1],[1,1,1,0,0,1,1,1,1,1],[1,1,1,1,1,1,1,1,1,1],[1,0,0,1,1,1,1,1,1,1],[1,1,1,1,1,1,1,1,1,1]]",19c4665383f8623a13c11dd22863743bfe189aaace46cd728ec5f4ed1c0ad5dc,15da216552b4cfea918047a7df61cbefcef1478be37754a079fdc1a1303a6d55,merged_copper_v5,"[0.0,3.0,6.0,9.0,12.0,15.0]",classified,6,0.6210296945200352,0.5290290197756393,0.731593841978074,0.3261757432693899,0.8707406437252049,0.7132200604110362,2.56330457706545,B4,0.7132200604110362,4.34299689999898,3.1065253000706434,130.22196590001113,0.22693060000892729,138.61380900003132,26850,52462,1028,1074,60,4.2,completed,6,,,2026-08-08T22:29:10.635+02:00,2026-08-08T22:29:10.682+02:00,2026-08-08T22:31:35.031+02:00
285,S000285,band_supplement_300_20260808_001,C000284,candidate,b624d4e53b8fba2f6a33449092b9ed2ad1131cd87ede6bc2979ce25654ae7495,"[2,2,2,2,2,2,2,2,2,1,2,2,2,2,2,2,2,2,1,1,2,2,2,2,2,1,2,1,1,1,2,2,2,2,2,1,1,1,1,1,2,2,2,2,2,1,1,1,1,1,2,0,2,2,2,2,1,1,1,1,2,0,2,2,2,2,1,1,1,1,2,2,2,2,2,2,1,1,1,1,2,2,2,2,2,2,1,1,1,1,0,2,2,2,2,0,1,1,1,1,0,0,2,2,2,0,1,1,1,1,0,0,0,0,0,0,1,1,1,1,0,0,0,0,0,1,1,1,1,1,0,0,0,1,0,1,0,1,1,1,0,0,0,1,1,1,1,1,1,1,0,0,1,1,1,1,1,1,1,1,0,0,0,0,1,1,1,1,1,1,0,0,0,0,1,1,1,1,1,1]","[[2,2,2,2,2,2,2,2,2,1],[2,2,2,2,2,2,2,2,1,1],[2,2,2,2,2,1,2,1,1,1],[2,2,2,2,2,1,1,1,1,1],[2,2,2,2,2,1,1,1,1,1],[2,0,2,2,2,2,1,1,1,1],[2,0,2,2,2,2,1,1,1,1],[2,2,2,2,2,2,1,1,1,1],[2,2,2,2,2,2,1,1,1,1],[0,2,2,2,2,0,1,1,1,1],[0,0,2,2,2,0,1,1,1,1],[0,0,0,0,0,0,1,1,1,1],[0,0,0,0,0,1,1,1,1,1],[0,0,0,1,0,1,0,1,1,1],[0,0,0,1,1,1,1,1,1,1],[0,0,1,1,1,1,1,1,1,1],[0,0,0,0,1,1,1,1,1,1],[0,0,0,0,1,1,1,1,1,1]]",1c5a601fa0b3d6abcdd5578eab364af035e236cfca8d8375c651a82e82982129,15da216552b4cfea918047a7df61cbefcef1478be37754a079fdc1a1303a6d55,merged_copper_v5,"[0.0,3.0,6.0,9.0,12.0,15.0]",classified,6,0.479392012296646,0.3330251946267788,0.661055634607135,0.6842634661533996,0.8707406437252049,0.5505566046000906,4.691863327741825,B2,0.5505566046000906,13.68142129998887,3.7649681999755558,159.5367364999547,0.27207319997251034,178.081323099992,28624,56024,1100,1128,54,4.2,completed,6,,,2026-08-08T22:31:35.331+02:00,2026-08-08T22:31:35.868+02:00,2026-08-08T22:34:41.420+02:00
286,S000286,band_supplement_300_20260808_001,C000285,candidate,a726eebed8098138360fc8ff4be706803a49b730bae063f7c2c9f129a5012a4d,"[2,2,2,1,1,1,1,1,1,1,2,2,1,1,1,1,1,1,1,1,2,2,0,0,1,1,1,1,0,0,2,2,0,0,1,1,1,1,1,1,2,2,0,0,0,0,2,1,1,1,2,2,0,0,2,2,2,1,1,1,2,2,2,2,1,1,2,1,1,1,0,0,2,2,1,1,1,1,1,1,2,0,2,2,2,2,1,1,1,1,2,2,2,2,2,2,1,1,1,1,2,2,2,2,2,2,1,1,1,1,2,2,2,2,2,2,1,1,1,1,2,2,2,2,2,2,1,0,1,1,2,2,2,1,2,2,1,1,1,1,0,1,0,1,2,2,1,1,1,1,0,1,1,1,1,1,1,1,1,1,0,0,1,1,1,1,1,1,1,1,1,1,1,1,1,1,1,1,1,1]","[[2,2,2,1,1,1,1,1,1,1],[2,2,1,1,1,1,1,1,1,1],[2,2,0,0,1,1,1,1,0,0],[2,2,0,0,1,1,1,1,1,1],[2,2,0,0,0,0,2,1,1,1],[2,2,0,0,2,2,2,1,1,1],[2,2,2,2,1,1,2,1,1,1],[0,0,2,2,1,1,1,1,1,1],[2,0,2,2,2,2,1,1,1,1],[2,2,2,2,2,2,1,1,1,1],[2,2,2,2,2,2,1,1,1,1],[2,2,2,2,2,2,1,1,1,1],[2,2,2,2,2,2,1,0,1,1],[2,2,2,1,2,2,1,1,1,1],[0,1,0,1,2,2,1,1,1,1],[0,1,1,1,1,1,1,1,1,1],[0,0,1,1,1,1,1,1,1,1],[1,1,1,1,1,1,1,1,1,1]]",e4d23ea7415811fe52933da1a81be1a74207017192848a8e3d25eac55b12c606,15da216552b4cfea918047a7df61cbefcef1478be37754a079fdc1a1303a6d55,merged_copper_v5,"[0.0,3.0,6.0,9.0,12.0,15.0]",classified,6,0.7115889297271377,0.5913586778277024,0.8291261331075405,0.3341359671952896,0.8707406437252049,0.8172225964815609,1.4392743609025687,B5,0.8172225964815609,14.438156299991533,4.150406400003703,349.0639553000219,0.2757885000028182,368.79630509996787,32063,62896,1244,1302,78,4.2,completed,6,,,2026-08-08T22:31:35.452+02:00,2026-08-08T22:31:35.890+02:00,2026-08-08T22:37:52.554+02:00
287,S000287,band_supplement_300_20260808_001,C000286,candidate,7103f9cd5b2eb83a6ca5c70d2004383ccbe0d8a21f19cf00501b47007b05ed22,"[2,2,1,1,1,1,1,1,1,1,2,2,2,1,1,1,1,1,1,1,2,0,2,2,2,1,1,1,1,1,2,2,2,2,2,1,1,1,1,1,2,2,2,2,2,1,1,1,1,1,2,2,2,2,2,2,1,1,1,1,2,2,2,2,2,2,1,1,1,1,2,2,2,2,2,2,1,1,1,1,2,2,2,2,2,2,1,1,1,1,0,2,2,0,0,0,1,1,1,1,0,0,2,0,0,0,1,1,1,1,0,0,0,0,0,0,1,1,1,1,0,0,0,0,0,0,1,1,1,1,0,0,0,1,0,1,0,1,1,1,0,0,0,1,1,1,1,1,1,1,0,0,1,1,1,1,1,1,1,1,0,0,0,0,1,1,1,1,1,1,0,0,0,0,1,1,1,1,1,1]","[[2,2,1,1,1,1,1,1,1,1],[2,2,2,1,1,1,1,1,1,1],[2,0,2,2,2,1,1,1,1,1],[2,2,2,2,2,1,1,1,1,1],[2,2,2,2,2,1,1,1,1,1],[2,2,2,2,2,2,1,1,1,1],[2,2,2,2,2,2,1,1,1,1],[2,2,2,2,2,2,1,1,1,1],[2,2,2,2,2,2,1,1,1,1],[0,2,2,0,0,0,1,1,1,1],[0,0,2,0,0,0,1,1,1,1],[0,0,0,0,0,0,1,1,1,1],[0,0,0,0,0,0,1,1,1,1],[0,0,0,1,0,1,0,1,1,1],[0,0,0,1,1,1,1,1,1,1],[0,0,1,1,1,1,1,1,1,1],[0,0,0,0,1,1,1,1,1,1],[0,0,0,0,1,1,1,1,1,1]]",ceda356f3fabdd3aaa8eaea912d02751e5980827f7e31e533d736312600522d5,15da216552b4cfea918047a7df61cbefcef1478be37754a079fdc1a1303a6d55,merged_copper_v5,"[0.0,3.0,6.0,9.0,12.0,15.0]",classified,6,0.6979368561615561,0.6193773987953906,0.7203026035802411,0.14460506547814225,0.8707406437252049,0.8015439053994778,1.4203943787551947,B5,0.8015439053994778,11.769658100005472,3.2933683000155725,129.84641569998348,0.23377569997683167,145.88912330006133,25794,50356,968,1002,54,4.2,completed,6,,,2026-08-08T22:31:35.568+02:00,2026-08-08T22:31:35.914+02:00,2026-08-08T22:34:10.124+02:00
288,S000288,band_supplement_300_20260808_001,C000287,candidate,c87f8cc4ccae9d0f425ff5fc4acb2516956838d9ea8338252f238e12e83169f7,"[2,2,1,1,1,1,1,1,1,1,2,2,2,1,1,1,1,1,1,1,2,2,2,2,2,1,1,1,1,1,2,2,2,2,2,1,1,1,1,1,2,2,2,2,2,1,1,1,1,1,2,0,2,2,2,2,1,1,1,1,2,0,2,2,2,2,1,1,1,1,2,2,2,2,2,2,1,1,1,1,2,2,2,2,2,2,1,1,1,1,0,2,2,2,2,0,1,1,1,1,0,0,2,2,2,0,1,1,1,1,0,0,0,0,0,0,1,1,1,1,0,0,0,0,0,1,1,1,1,1,0,0,0,1,0,1,0,1,1,1,0,0,0,1,1,1,1,1,1,1,0,0,1,1,1,1,1,1,1,1,1,1,1,0,1,1,1,1,1,1,1,1,0,0,1,1,1,1,1,1]","[[2,2,1,1,1,1,1,1,1,1],[2,2,2,1,1,1,1,1,1,1],[2,2,2,2,2,1,1,1,1,1],[2,2,2,2,2,1,1,1,1,1],[2,2,2,2,2,1,1,1,1,1],[2,0,2,2,2,2,1,1,1,1],[2,0,2,2,2,2,1,1,1,1],[2,2,2,2,2,2,1,1,1,1],[2,2,2,2,2,2,1,1,1,1],[0,2,2,2,2,0,1,1,1,1],[0,0,2,2,2,0,1,1,1,1],[0,0,0,0,0,0,1,1,1,1],[0,0,0,0,0,1,1,1,1,1],[0,0,0,1,0,1,0,1,1,1],[0,0,0,1,1,1,1,1,1,1],[0,0,1,1,1,1,1,1,1,1],[1,1,1,0,1,1,1,1,1,1],[1,1,0,0,1,1,1,1,1,1]]",eb165738b85f2bffe5d62974c5a02c77dad6c7e9bcc2341113e4c087abdc00ed,15da216552b4cfea918047a7df61cbefcef1478be37754a079fdc1a1303a6d55,merged_copper_v5,"[0.0,3.0,6.0,9.0,12.0,15.0]",classified,6,0.8411328842554623,0.7752467130574378,0.9334527831291942,0.18808689213452195,0.8707406437252049,0.9659970397808989,0.1880869074310221,B6,0.9659970397808989,11.98671899997862,3.4473253000469413,233.78119110001717,0.2487808999430854,250.2538470000145,27541,53858,1016,1050,60,4.2,completed,6,,,2026-08-08T22:31:35.690+02:00,2026-08-08T22:31:35.946+02:00,2026-08-08T22:35:53.470+02:00
289,S000289,band_supplement_300_20260808_001,C000288,candidate,f2416a75045894fcf69685be8e52e104aa8592268cc48cffb46a0c3ec859b610,"[0,1,1,1,1,1,1,1,1,1,1,1,0,1,1,1,1,1,1,1,1,1,1,1,1,1,1,1,1,1,1,1,1,1,1,1,1,1,1,1,1,0,1,1,0,1,1,1,1,1,2,0,1,1,1,1,1,1,1,1,2,0,2,1,1,2,1,1,1,1,2,2,2,2,2,2,1,1,1,1,2,2,2,2,2,2,1,1,1,1,0,2,2,2,2,0,1,1,1,1,0,0,2,2,2,0,1,1,1,1,0,0,0,0,0,0,1,1,1,1,0,0,0,0,0,1,1,1,1,1,0,0,0,1,0,1,0,1,1,1,0,0,0,1,1,1,1,1,1,1,0,0,1,1,1,1,1,1,1,1,0,0,0,0,1,1,1,1,1,1,0,0,0,0,1,1,1,1,1,1]","[[0,1,1,1,1,1,1,1,1,1],[1,1,0,1,1,1,1,1,1,1],[1,1,1,1,1,1,1,1,1,1],[1,1,1,1,1,1,1,1,1,1],[1,0,1,1,0,1,1,1,1,1],[2,0,1,1,1,1,1,1,1,1],[2,0,2,1,1,2,1,1,1,1],[2,2,2,2,2,2,1,1,1,1],[2,2,2,2,2,2,1,1,1,1],[0,2,2,2,2,0,1,1,1,1],[0,0,2,2,2,0,1,1,1,1],[0,0,0,0,0,0,1,1,1,1],[0,0,0,0,0,1,1,1,1,1],[0,0,0,1,0,1,0,1,1,1],[0,0,0,1,1,1,1,1,1,1],[0,0,1,1,1,1,1,1,1,1],[0,0,0,0,1,1,1,1,1,1],[0,0,0,0,1,1,1,1,1,1]]",0ffa4ee571f7fb59b75c19a35218ddfaa735fa1d17b6f5e99efcfc82d5803544,15da216552b4cfea918047a7df61cbefcef1478be37754a079fdc1a1303a6d55,merged_copper_v5,"[0.0,3.0,6.0,9.0,12.0,15.0]",classified,6,0.2305505100439403,0.1608766563991433,0.2639990649157037,0.447287704967152,0.8707406437252049,0.2647751792745065,7.565406344714399,B1,0.2647751792745065,7.812753800011706,3.191130399965914,280.94437759995344,0.22858389996690676,292.92942970001604,25604,49968,932,972,66,4.2,completed,6,,,2026-08-08T22:31:35.821+02:00,2026-08-08T22:31:35.961+02:00,2026-08-08T22:36:37.825+02:00
290,S000290,band_supplement_300_20260808_001,C000289,candidate,18ea5e385f6a9f5ddd93417f5dbe361b15b6f1804a284def536abed0c5d549c6,"[2,2,1,1,1,1,1,1,0,0,2,2,2,1,1,1,1,1,1,1,2,2,2,2,2,1,1,1,1,1,2,2,2,2,2,1,1,1,1,1,2,2,2,2,2,1,1,1,1,1,2,0,2,2,2,2,1,1,1,1,2,0,2,2,2,2,1,1,1,1,2,2,2,2,2,2,1,1,1,1,2,2,2,2,2,2,1,1,1,1,0,2,2,2,2,0,1,1,1,1,0,0,2,2,2,0,1,1,1,1,0,0,0,0,0,0,1,1,1,1,0,0,0,0,0,1,1,1,1,1,0,0,0,1,0,1,0,1,1,1,0,0,0,1,1,1,1,1,1,1,0,0,1,1,1,1,1,1,1,1,0,0,0,0,1,1,1,1,1,1,0,0,0,0,1,1,1,1,1,1]","[[2,2,1,1,1,1,1,1,0,0],[2,2,2,1,1,1,1,1,1,1],[2,2,2,2,2,1,1,1,1,1],[2,2,2,2,2,1,1,1,1,1],[2,2,2,2,2,1,1,1,1,1],[2,0,2,2,2,2,1,1,1,1],[2,0,2,2,2,2,1,1,1,1],[2,2,2,2,2,2,1,1,1,1],[2,2,2,2,2,2,1,1,1,1],[0,2,2,2,2,0,1,1,1,1],[0,0,2,2,2,0,1,1,1,1],[0,0,0,0,0,0,1,1,1,1],[0,0,0,0,0,1,1,1,1,1],[0,0,0,1,0,1,0,1,1,1],[0,0,0,1,1,1,1,1,1,1],[0,0,1,1,1,1,1,1,1,1],[0,0,0,0,1,1,1,1,1,1],[0,0,0,0,1,1,1,1,1,1]]",85dc431b9913194c02a8b7f725a5536520d2c513af128df2bf311af082654cbb,15da216552b4cfea918047a7df61cbefcef1478be37754a079fdc1a1303a6d55,merged_copper_v5,"[0.0,3.0,6.0,9.0,12.0,15.0]",classified,6,0.665389065651241,0.5270289920848114,0.8137611105054369,0.4309240010428938,0.8707406437252049,0.7641644735963763,2.1135606956988817,B4,0.7641644735963763,5.9876037999929395,3.3094069000217132,176.5025018999877,0.22985989999142475,186.77556039998308,27103,52976,1010,1044,60,4.2,completed,6,,,2026-08-08T22:37:52.854+02:00,2026-08-08T22:37:53.216+02:00,2026-08-08T22:41:06.208+02:00
291,S000291,band_supplement_300_20260808_001,C000290,candidate,9f9f4d7b0b4ac0d9bcce39f7ce98ed7bb01b3be0f604b6cf1339e54c9328a580,"[2,2,1,1,1,1,1,1,1,1,2,2,2,1,1,1,1,1,1,1,2,2,2,2,2,1,1,1,1,1,2,2,2,2,2,1,1,1,1,1,2,2,2,2,2,1,1,1,1,1,2,0,2,2,2,2,1,1,1,1,2,0,2,2,2,2,1,1,1,1,2,2,2,2,2,2,1,1,1,1,2,2,2,2,2,2,1,1,1,1,0,2,2,2,2,1,1,1,1,1,0,0,2,2,2,1,1,1,1,1,0,0,1,1,1,1,1,1,1,1,0,0,1,1,1,1,1,1,1,1,0,0,1,1,1,1,0,1,1,1,0,0,1,1,1,1,1,1,1,1,0,0,1,1,1,1,1,1,1,1,0,0,0,0,1,1,1,1,1,1,0,0,0,0,1,1,1,1,1,1]","[[2,2,1,1,1,1,1,1,1,1],[2,2,2,1,1,1,1,1,1,1],[2,2,2,2,2,1,1,1,1,1],[2,2,2,2,2,1,1,1,1,1],[2,2,2,2,2,1,1,1,1,1],[2,0,2,2,2,2,1,1,1,1],[2,0,2,2,2,2,1,1,1,1],[2,2,2,2,2,2,1,1,1,1],[2,2,2,2,2,2,1,1,1,1],[0,2,2,2,2,1,1,1,1,1],[0,0,2,2,2,1,1,1,1,1],[0,0,1,1,1,1,1,1,1,1],[0,0,1,1,1,1,1,1,1,1],[0,0,1,1,1,1,0,1,1,1],[0,0,1,1,1,1,1,1,1,1],[0,0,1,1,1,1,1,1,1,1],[0,0,0,0,1,1,1,1,1,1],[0,0,0,0,1,1,1,1,1,1]]",79f4fd13a13b2db4a1ab88a726ce8d5f03bd7257efbdb6df470e407bbeadc16e,15da216552b4cfea918047a7df61cbefcef1478be37754a079fdc1a1303a6d55,merged_copper_v5,"[0.0,3.0,6.0,9.0,12.0,15.0]",classified,6,0.7060041041814134,0.626754825328948,0.7314842339259991,0.14834107617331938,0.8707406437252049,0.8108087170032454,1.3232897892021531,B5,0.8108087170032454,5.855574600020191,3.015892100025667,146.03562980002607,0.21672870000475086,155.81987399997888,25230,49226,950,978,54,4.2,completed,6,,,2026-08-08T22:37:52.954+02:00,2026-08-08T22:37:53.232+02:00,2026-08-08T22:40:35.946+02:00
292,S000292,band_supplement_300_20260808_001,C000291,candidate,f23aa618e7bf9e6b420f18ef9964a075375a86ca28b6500dc84ee778472a32f1,"[2,2,1,1,1,1,1,1,1,1,2,2,2,1,1,1,1,1,1,1,2,0,2,2,2,1,1,1,1,1,2,2,2,2,2,1,1,1,1,1,2,2,2,2,2,1,1,1,1,1,2,2,2,2,2,2,1,1,1,1,2,2,2,2,2,2,1,1,1,1,2,2,2,2,2,2,1,1,1,1,2,2,2,2,2,2,1,1,1,0,0,2,2,2,2,0,1,1,1,0,0,0,2,2,2,0,1,1,1,0,0,0,0,0,0,0,1,1,1,1,0,0,0,0,0,0,1,1,1,1,0,0,0,1,0,1,0,1,1,1,0,0,0,1,1,1,1,1,1,1,0,0,1,1,1,1,1,1,1,1,0,0,0,0,1,1,1,1,1,1,0,0,0,0,1,1,1,1,1,1]","[[2,2,1,1,1,1,1,1,1,1],[2,2,2,1,1,1,1,1,1,1],[2,0,2,2,2,1,1,1,1,1],[2,2,2,2,2,1,1,1,1,1],[2,2,2,2,2,1,1,1,1,1],[2,2,2,2,2,2,1,1,1,1],[2,2,2,2,2,2,1,1,1,1],[2,2,2,2,2,2,1,1,1,1],[2,2,2,2,2,2,1,1,1,0],[0,2,2,2,2,0,1,1,1,0],[0,0,2,2,2,0,1,1,1,0],[0,0,0,0,0,0,1,1,1,1],[0,0,0,0,0,0,1,1,1,1],[0,0,0,1,0,1,0,1,1,1],[0,0,0,1,1,1,1,1,1,1],[0,0,1,1,1,1,1,1,1,1],[0,0,0,0,1,1,1,1,1,1],[0,0,0,0,1,1,1,1,1,1]]",5371992160986084a1224377cdca77cc031d9b4cb03ebdc22db5e4078708464f,15da216552b4cfea918047a7df61cbefcef1478be37754a079fdc1a1303a6d55,merged_copper_v5,"[0.0,3.0,6.0,9.0,12.0,15.0]",classified,6,0.6962443174976412,0.613448121252269,0.7186103933843729,0.15104219810377156,0.8707406437252049,0.7996001134378738,1.4479882446797578,B4,0.7996001134378738,6.010340500011807,3.2039421999652404,184.82465059997048,0.24637840001378208,195.0549686999584,26611,51992,992,1032,60,4.2,completed,6,,,2026-08-08T22:37:53.155+02:00,2026-08-08T22:37:53.263+02:00,2026-08-08T22:41:14.765+02:00
293,S000293,band_supplement_300_20260808_001,C000292,candidate,3b35d9ddec53b86c48c5151c74918224ee893fdb5ffc51ca77396657ad7b792c,"[2,1,1,1,1,1,1,1,1,1,2,1,1,1,1,1,1,1,1,1,2,2,2,2,2,1,1,1,1,1,2,2,2,2,2,1,2,1,1,1,2,2,2,2,2,2,2,2,1,1,2,2,2,2,2,2,1,1,1,1,2,2,2,2,2,2,1,1,1,1,2,2,2,2,2,2,1,1,1,1,2,2,2,2,2,2,1,1,1,1,0,2,2,2,2,1,1,1,1,1,0,0,2,2,2,1,1,1,1,1,0,0,0,0,0,0,1,1,1,1,0,0,0,0,0,0,1,1,1,1,0,0,0,0,0,0,0,1,1,1,0,0,0,0,0,0,0,0,1,1,0,1,0,0,0,0,0,1,1,1,0,1,1,0,0,1,1,1,1,1,1,1,1,1,1,1,1,1,1,1]","[[2,1,1,1,1,1,1,1,1,1],[2,1,1,1,1,1,1,1,1,1],[2,2,2,2,2,1,1,1,1,1],[2,2,2,2,2,1,2,1,1,1],[2,2,2,2,2,2,2,2,1,1],[2,2,2,2,2,2,1,1,1,1],[2,2,2,2,2,2,1,1,1,1],[2,2,2,2,2,2,1,1,1,1],[2,2,2,2,2,2,1,1,1,1],[0,2,2,2,2,1,1,1,1,1],[0,0,2,2,2,1,1,1,1,1],[0,0,0,0,0,0,1,1,1,1],[0,0,0,0,0,0,1,1,1,1],[0,0,0,0,0,0,0,1,1,1],[0,0,0,0,0,0,0,0,1,1],[0,1,0,0,0,0,0,1,1,1],[0,1,1,0,0,1,1,1,1,1],[1,1,1,1,1,1,1,1,1,1]]",2e390a1a82be92434d3630517f2a68fc34501ca0014cc0a7f61484322a642481,15da216552b4cfea918047a7df61cbefcef1478be37754a079fdc1a1303a6d55,merged_copper_v5,"[0.0,3.0,6.0,9.0,12.0,15.0]",classified,6,0.7016030404797925,0.6515347190734528,0.7384217596026188,0.12384074115435433,0.8707406437252049,0.8057543259703516,1.3538027504534489,B5,0.8057543259703516,7.882646399986697,3.2489243000163697,146.54847619999782,0.21162149996962398,158.59196389999124,25183,49126,980,1008,36,4.2,completed,6,,,2026-08-08T22:41:15.241+02:00,2026-08-08T22:41:15.598+02:00,2026-08-08T22:44:01.550+02:00
294,S000294,band_supplement_300_20260808_001,C000293,candidate,41c4135ba122411af088a4e1ed9e83f272807e9bc3b68153bb927e1beb155599,"[2,1,1,1,1,1,1,1,1,1,2,1,1,1,1,1,1,1,1,1,2,2,2,0,0,1,1,1,1,1,2,0,2,2,0,1,1,1,1,1,2,0,0,0,0,1,1,1,1,1,2,2,0,0,0,0,1,1,1,1,0,0,0,0,0,1,1,1,1,1,0,0,0,0,0,0,1,1,1,1,0,0,1,1,0,1,1,1,1,1,0,1,1,1,1,1,1,1,1,1,1,1,1,1,1,1,1,1,1,1,0,0,0,1,1,1,1,1,1,1,0,0,0,0,0,0,1,0,1,1,0,0,0,0,0,0,0,0,1,1,0,0,0,0,0,0,0,0,1,1,0,1,0,1,1,0,0,1,1,1,0,1,1,1,1,1,0,0,1,1,1,1,1,1,1,0,0,0,1,1]","[[2,1,1,1,1,1,1,1,1,1],[2,1,1,1,1,1,1,1,1,1],[2,2,2,0,0,1,1,1,1,1],[2,0,2,2,0,1,1,1,1,1],[2,0,0,0,0,1,1,1,1,1],[2,2,0,0,0,0,1,1,1,1],[0,0,0,0,0,1,1,1,1,1],[0,0,0,0,0,0,1,1,1,1],[0,0,1,1,0,1,1,1,1,1],[0,1,1,1,1,1,1,1,1,1],[1,1,1,1,1,1,1,1,1,1],[0,0,0,1,1,1,1,1,1,1],[0,0,0,0,0,0,1,0,1,1],[0,0,0,0,0,0,0,0,1,1],[0,0,0,0,0,0,0,0,1,1],[0,1,0,1,1,0,0,1,1,1],[0,1,1,1,1,1,0,0,1,1],[1,1,1,1,1,0,0,0,1,1]]",d1a9c7d1f3332060d71dd6efc49bcadd5f152755e9fdc4e55fb7f120ece17257,15da216552b4cfea918047a7df61cbefcef1478be37754a079fdc1a1303a6d55,merged_copper_v5,"[0.0,3.0,6.0,9.0,12.0,15.0]",classified,6,0.8390312836580911,0.7923791417666961,0.9014947267591611,0.13004948339557987,0.8707406437252049,0.9635834616247443,0.13004949869208002,B6,0.9635834616247443,4.179900400020415,3.1644919000100344,198.47228929997073,0.21823609998682514,206.74185859999852,25921,50606,956,996,48,4.2,completed,6,,,2026-08-08T22:41:15.429+02:00,2026-08-08T22:41:15.619+02:00,2026-08-08T22:44:50.029+02:00
295,S000295,band_supplement_300_20260808_001,C000294,candidate,9cc30adbb38d8506bfa13b8d774d6f4cd3c8006a9b024341b3ab735845f42ad6,"[2,1,1,1,1,1,1,1,1,0,2,1,1,1,1,1,1,1,0,0,2,2,2,2,2,1,1,1,1,0,2,2,2,2,2,1,1,1,1,1,2,2,2,2,2,1,1,1,1,1,2,2,2,2,2,2,1,1,1,1,2,2,2,2,2,2,1,1,1,1,2,2,2,2,2,2,1,1,1,1,2,2,2,2,2,2,1,1,1,1,0,2,2,2,2,1,1,1,1,1,0,0,2,2,2,1,1,1,1,1,0,0,0,0,0,0,1,1,1,1,0,0,0,0,0,0,1,1,1,1,0,0,0,0,0,0,0,1,1,1,0,0,0,0,0,0,0,0,1,1,0,1,0,0,0,0,0,1,1,1,0,1,1,0,0,1,1,1,1,1,1,1,1,1,1,1,1,1,1,1]","[[2,1,1,1,1,1,1,1,1,0],[2,1,1,1,1,1,1,1,0,0],[2,2,2,2,2,1,1,1,1,0],[2,2,2,2,2,1,1,1,1,1],[2,2,2,2,2,1,1,1,1,1],[2,2,2,2,2,2,1,1,1,1],[2,2,2,2,2,2,1,1,1,1],[2,2,2,2,2,2,1,1,1,1],[2,2,2,2,2,2,1,1,1,1],[0,2,2,2,2,1,1,1,1,1],[0,0,2,2,2,1,1,1,1,1],[0,0,0,0,0,0,1,1,1,1],[0,0,0,0,0,0,1,1,1,1],[0,0,0,0,0,0,0,1,1,1],[0,0,0,0,0,0,0,0,1,1],[0,1,0,0,0,0,0,1,1,1],[0,1,1,0,0,1,1,1,1,1],[1,1,1,1,1,1,1,1,1,1]]",9c136d222e6643c7a8c283d7932856046929b4c2f00b2ce59fea2e3ffdd5345e,15da216552b4cfea918047a7df61cbefcef1478be37754a079fdc1a1303a6d55,merged_copper_v5,"[0.0,3.0,6.0,9.0,12.0,15.0]",classified,6,0.7325932997980881,0.6110626548451263,0.8618636427266512,0.3423468218323164,0.8707406437252049,0.8413450148185406,1.1849305896527162,B5,0.8413450148185406,7.472521799994865,2.993573799933074,117.35095810002531,0.2182197000074666,128.71993330001715,24180,47130,902,936,42,4.2,completed,6,,,2026-08-08T22:41:15.547+02:00,2026-08-08T22:41:15.642+02:00,2026-08-08T22:43:31.635+02:00
296,S000296,band_supplement_300_20260808_001,C000295,candidate,c273134cc4b3ec09799f594dd1d3e53fce280945b0f80811c9a3333fd2120337,"[0,1,1,1,1,1,1,1,1,1,0,1,1,1,1,1,1,1,1,1,0,0,0,1,1,1,1,1,1,1,0,2,2,2,1,1,1,1,1,1,0,2,2,2,1,1,1,1,1,1,0,2,2,2,0,1,1,1,1,1,2,2,0,0,2,1,1,1,1,1,2,2,2,0,2,1,1,1,1,1,2,2,2,0,2,1,1,1,1,1,2,2,2,2,2,1,1,1,1,1,2,2,2,2,2,1,1,1,1,1,2,2,2,2,2,1,1,1,1,1,0,0,2,2,2,1,1,1,1,1,0,2,2,0,0,1,1,1,1,1,0,0,1,1,1,1,1,1,1,1,1,1,1,1,1,1,1,1,1,1,1,1,1,1,1,1,1,1,0,1,1,1,1,1,1,1,1,1,0,1]","[[0,1,1,1,1,1,1,1,1,1],[0,1,1,1,1,1,1,1,1,1],[0,0,0,1,1,1,1,1,1,1],[0,2,2,2,1,1,1,1,1,1],[0,2,2,2,1,1,1,1,1,1],[0,2,2,2,0,1,1,1,1,1],[2,2,0,0,2,1,1,1,1,1],[2,2,2,0,2,1,1,1,1,1],[2,2,2,0,2,1,1,1,1,1],[2,2,2,2,2,1,1,1,1,1],[2,2,2,2,2,1,1,1,1,1],[2,2,2,2,2,1,1,1,1,1],[0,0,2,2,2,1,1,1,1,1],[0,2,2,0,0,1,1,1,1,1],[0,0,1,1,1,1,1,1,1,1],[1,1,1,1,1,1,1,1,1,1],[1,1,1,1,1,1,1,1,0,1],[1,1,1,1,1,1,1,1,0,1]]",a501f8ba1b5352b1929d8163844a8d12b5ff2337115497b2a57c63f7768f7588,15da216552b4cfea918047a7df61cbefcef1478be37754a079fdc1a1303a6d55,merged_copper_v5,"[0.0,3.0,6.0,9.0,12.0,15.0]",classified,6,0.8871266781460961,0.8264709748816009,0.9325663989676164,0.1195944465425525,0.8707406437252049,1.0188185018569806,0.1195944618390526,B7,1.0188185018569806,10.470026099996176,3.45211220002966,205.4169767999847,0.2475675000459887,220.37945409998065,27011,52796,1004,1062,66,4.2,completed,6,,,2026-08-08T22:44:50.528+02:00,2026-08-08T22:44:51.301+02:00,2026-08-08T22:48:39.687+02:00
297,S000297,band_supplement_300_20260808_001,C000296,candidate,17d8bab599e40f750ae1e8993c02856827fe106c933a23a022b631d0a1c94eae,"[0,1,1,1,1,1,1,1,1,1,0,1,1,1,1,1,1,1,1,1,0,0,0,1,1,1,1,1,1,1,0,2,2,2,1,1,1,1,1,1,0,2,2,2,1,1,1,1,1,1,0,2,2,2,0,1,1,1,1,1,2,2,0,0,2,1,1,1,1,1,2,2,2,0,2,1,1,1,1,1,2,2,2,0,2,1,1,1,1,1,2,2,2,2,2,1,1,1,1,1,2,2,2,2,2,1,1,1,1,1,2,2,2,2,2,1,1,1,1,1,0,2,2,2,2,1,1,1,1,1,0,2,2,0,0,1,1,1,1,1,0,0,1,1,1,1,1,1,1,1,1,1,1,1,1,1,1,1,1,1,1,1,1,1,1,1,1,1,1,1,1,1,1,1,1,1,1,1,1,1]","[[0,1,1,1,1,1,1,1,1,1],[0,1,1,1,1,1,1,1,1,1],[0,0,0,1,1,1,1,1,1,1],[0,2,2,2,1,1,1,1,1,1],[0,2,2,2,1,1,1,1,1,1],[0,2,2,2,0,1,1,1,1,1],[2,2,0,0,2,1,1,1,1,1],[2,2,2,0,2,1,1,1,1,1],[2,2,2,0,2,1,1,1,1,1],[2,2,2,2,2,1,1,1,1,1],[2,2,2,2,2,1,1,1,1,1],[2,2,2,2,2,1,1,1,1,1],[0,2,2,2,2,1,1,1,1,1],[0,2,2,0,0,1,1,1,1,1],[0,0,1,1,1,1,1,1,1,1],[1,1,1,1,1,1,1,1,1,1],[1,1,1,1,1,1,1,1,1,1],[1,1,1,1,1,1,1,1,1,1]]",51602a225ac57a3a565bcca8685ef32f28308f92828e0bc15789e60f2ae5b1d0,15da216552b4cfea918047a7df61cbefcef1478be37754a079fdc1a1303a6d55,merged_copper_v5,"[0.0,3.0,6.0,9.0,12.0,15.0]",classified,6,0.8863533010844039,0.8254914841583126,0.9323404948187821,0.12054900741018922,0.8707406437252049,1.0179303188288134,0.12054902270668935,B7,1.0179303188288134,11.387168599991128,3.371640800003661,130.56647270001122,0.2665386000298895,146.5057439999946,25143,49054,944,996,60,4.2,completed,6,,,2026-08-08T22:44:50.713+02:00,2026-08-08T22:44:51.333+02:00,2026-08-08T22:47:28.394+02:00
298,S000298,band_supplement_300_20260808_001,C000297,candidate,23d6bc87fbddb96aaf6e3679ec1e84d44dc8d932f285072a2d06355445ffd484,"[0,1,1,1,1,1,1,1,1,1,0,1,1,1,1,1,1,1,1,1,0,0,0,1,1,1,1,1,1,1,0,2,2,2,1,1,1,1,1,1,0,2,2,2,1,1,1,1,1,1,0,2,2,2,0,1,1,1,1,1,2,2,0,0,2,1,1,1,1,1,2,2,2,0,2,1,1,1,1,1,2,2,2,0,2,1,1,1,1,1,2,2,2,2,2,1,1,1,1,1,2,2,2,2,2,1,1,1,1,1,2,2,2,2,2,1,1,1,1,1,0,0,2,2,2,1,1,1,1,1,0,2,2,0,0,1,1,1,1,1,0,0,1,0,1,1,1,1,1,1,1,1,1,0,1,1,1,1,1,1,1,1,1,1,1,1,1,1,1,1,1,1,1,1,1,1,1,1,1,1]","[[0,1,1,1,1,1,1,1,1,1],[0,1,1,1,1,1,1,1,1,1],[0,0,0,1,1,1,1,1,1,1],[0,2,2,2,1,1,1,1,1,1],[0,2,2,2,1,1,1,1,1,1],[0,2,2,2,0,1,1,1,1,1],[2,2,0,0,2,1,1,1,1,1],[2,2,2,0,2,1,1,1,1,1],[2,2,2,0,2,1,1,1,1,1],[2,2,2,2,2,1,1,1,1,1],[2,2,2,2,2,1,1,1,1,1],[2,2,2,2,2,1,1,1,1,1],[0,0,2,2,2,1,1,1,1,1],[0,2,2,0,0,1,1,1,1,1],[0,0,1,0,1,1,1,1,1,1],[1,1,1,0,1,1,1,1,1,1],[1,1,1,1,1,1,1,1,1,1],[1,1,1,1,1,1,1,1,1,1]]",b292636297890624328130612cf4dc58e69696378a516140436af1e7feb34e1d,15da216552b4cfea918047a7df61cbefcef1478be37754a079fdc1a1303a6d55,merged_copper_v5,"[0.0,3.0,6.0,9.0,12.0,15.0]",classified,6,0.8832289390689151,0.8240850224161806,0.9244141293556215,0.11359354579709095,0.8707406437252049,1.0143421527795955,0.1135935610935911,B7,1.0143421527795955,11.217625299992505,3.4754617000289727,167.46550369999022,0.30599849997088313,183.25936189995264,26738,52246,1004,1056,60,4.2,completed,6,,,2026-08-08T22:44:50.880+02:00,2026-08-08T22:44:51.353+02:00,2026-08-08T22:48:03.362+02:00
299,S000299,band_supplement_300_20260808_001,C000298,candidate,04aec3194f94b1773286ab8cc21976322682b91e58d0c9422c7afca728ec53f6,"[0,1,1,1,1,1,1,1,1,1,0,1,1,1,1,1,1,1,1,1,0,0,0,1,1,1,1,1,1,1,0,2,2,2,1,1,1,1,1,1,0,2,2,2,1,1,1,1,1,1,0,2,2,2,0,1,1,1,1,1,2,2,0,0,2,1,1,1,1,1,2,2,2,0,2,1,1,1,1,1,2,2,2,0,2,1,1,1,1,1,2,2,2,2,2,1,1,1,1,1,2,2,2,2,2,1,1,1,1,1,2,2,2,2,2,1,1,1,1,1,2,2,2,2,2,1,1,1,1,1,0,2,2,0,0,1,1,1,1,1,0,0,1,0,0,1,1,1,1,1,1,1,1,1,1,1,1,1,1,1,1,1,1,1,1,1,1,1,1,1,1,1,1,1,1,1,1,1,1,1]","[[0,1,1,1,1,1,1,1,1,1],[0,1,1,1,1,1,1,1,1,1],[0,0,0,1,1,1,1,1,1,1],[0,2,2,2,1,1,1,1,1,1],[0,2,2,2,1,1,1,1,1,1],[0,2,2,2,0,1,1,1,1,1],[2,2,0,0,2,1,1,1,1,1],[2,2,2,0,2,1,1,1,1,1],[2,2,2,0,2,1,1,1,1,1],[2,2,2,2,2,1,1,1,1,1],[2,2,2,2,2,1,1,1,1,1],[2,2,2,2,2,1,1,1,1,1],[2,2,2,2,2,1,1,1,1,1],[0,2,2,0,0,1,1,1,1,1],[0,0,1,0,0,1,1,1,1,1],[1,1,1,1,1,1,1,1,1,1],[1,1,1,1,1,1,1,1,1,1],[1,1,1,1,1,1,1,1,1,1]]",3db4e6092fd79c078d35fe0355d419640cf7f1d7fa066f97c56ceef05d38c139,15da216552b4cfea918047a7df61cbefcef1478be37754a079fdc1a1303a6d55,merged_copper_v5,"[0.0,3.0,6.0,9.0,12.0,15.0]",classified,6,0.8865590913464881,0.8260074135905959,0.9315181910735634,0.11901155660444449,0.8707406437252049,1.0181666581608144,0.11901157190094465,B7,1.0181666581608144,11.725251500000013,3.3681853999732994,121.68589660004363,0.41547649999847636,138.12938160001067,25342,49450,950,1002,60,4.2,completed,6,,,2026-08-08T22:44:51.060+02:00,2026-08-08T22:44:51.392+02:00,2026-08-08T22:47:28.667+02:00
300,S000300,band_supplement_300_20260808_001,C000299,candidate,7c518e88a5dfc16ea1cc4a35a6b728f31d712dc8ef632bdb18ee4c7d4222436c,"[0,1,1,1,1,1,1,1,1,1,0,1,1,1,1,1,1,1,1,1,0,0,0,0,0,1,1,1,1,1,0,2,0,0,0,1,1,1,1,1,0,2,0,0,0,1,1,1,1,1,0,2,2,0,0,1,1,1,1,1,2,2,0,0,0,1,1,1,1,1,0,0,0,0,0,1,1,1,1,1,0,0,0,0,0,1,1,1,1,1,2,2,0,0,2,1,1,1,1,1,2,2,0,0,2,1,1,1,1,1,0,2,0,2,2,1,1,1,1,1,0,0,2,2,2,1,1,1,1,1,0,2,2,0,0,1,1,1,1,1,0,0,1,0,1,1,1,1,1,1,1,1,1,1,1,1,1,1,1,1,1,1,1,1,1,1,1,1,1,1,1,1,1,1,1,1,1,1,1,1]","[[0,1,1,1,1,1,1,1,1,1],[0,1,1,1,1,1,1,1,1,1],[0,0,0,0,0,1,1,1,1,1],[0,2,0,0,0,1,1,1,1,1],[0,2,0,0,0,1,1,1,1,1],[0,2,2,0,0,1,1,1,1,1],[2,2,0,0,0,1,1,1,1,1],[0,0,0,0,0,1,1,1,1,1],[0,0,0,0,0,1,1,1,1,1],[2,2,0,0,2,1,1,1,1,1],[2,2,0,0,2,1,1,1,1,1],[0,2,0,2,2,1,1,1,1,1],[0,0,2,2,2,1,1,1,1,1],[0,2,2,0,0,1,1,1,1,1],[0,0,1,0,1,1,1,1,1,1],[1,1,1,1,1,1,1,1,1,1],[1,1,1,1,1,1,1,1,1,1],[1,1,1,1,1,1,1,1,1,1]]",8f92ac0b56ae9f55465d15472d6c92088a480b920966cddb72953cc7248e3cba,15da216552b4cfea918047a7df61cbefcef1478be37754a079fdc1a1303a6d55,merged_copper_v5,"[0.0,3.0,6.0,9.0,12.0,15.0]",classified,6,0.8652083585132239,0.826133970205021,0.9319178304142912,0.12226402943107191,0.8707406437252049,0.9936464603417239,0.12226404472757205,B6,0.9936464603417239,7.818834300007438,3.566158200002974,159.69718449996435,0.2730562000069767,172.20875339995837,27399,53558,1022,1074,72,4.2,completed,6,,,2026-08-08T22:44:51.229+02:00,2026-08-08T22:44:51.420+02:00,2026-08-08T22:47:58.030+02:00
301,S000301,band_supplement_300_20260808_001,C000300,candidate,53d100bae747864158668fe74a86f04a1803a07387e82ba7f11641c84c99e2ed,"[0,1,1,1,1,1,1,1,1,1,0,1,1,1,1,1,1,1,1,1,0,0,0,0,0,1,1,1,1,1,0,2,0,0,0,1,1,1,1,1,0,2,0,0,0,1,1,1,1,1,0,2,2,0,0,1,1,1,1,1,2,2,0,0,0,1,1,1,1,1,0,0,0,0,0,1,1,1,1,1,0,0,0,0,0,1,1,1,1,0,2,2,0,0,2,1,1,1,0,0,2,2,0,0,2,1,1,1,1,1,0,2,2,2,2,1,1,1,1,1,0,0,2,2,2,1,1,1,1,1,0,2,2,0,0,1,1,1,1,1,0,0,1,0,1,1,1,1,1,1,1,1,1,1,1,1,1,1,1,1,1,1,1,1,1,1,1,1,1,1,1,1,1,1,1,1,1,1,1,1]","[[0,1,1,1,1,1,1,1,1,1],[0,1,1,1,1,1,1,1,1,1],[0,0,0,0,0,1,1,1,1,1],[0,2,0,0,0,1,1,1,1,1],[0,2,0,0,0,1,1,1,1,1],[0,2,2,0,0,1,1,1,1,1],[2,2,0,0,0,1,1,1,1,1],[0,0,0,0,0,1,1,1,1,1],[0,0,0,0,0,1,1,1,1,0],[2,2,0,0,2,1,1,1,0,0],[2,2,0,0,2,1,1,1,1,1],[0,2,2,2,2,1,1,1,1,1],[0,0,2,2,2,1,1,1,1,1],[0,2,2,0,0,1,1,1,1,1],[0,0,1,0,1,1,1,1,1,1],[1,1,1,1,1,1,1,1,1,1],[1,1,1,1,1,1,1,1,1,1],[1,1,1,1,1,1,1,1,1,1]]",5216d760fd9cddd3b49a888b6ebc249f381a8301bfe4a459a444615c5b3b12eb,15da216552b4cfea918047a7df61cbefcef1478be37754a079fdc1a1303a6d55,merged_copper_v5,"[0.0,3.0,6.0,9.0,12.0,15.0]",classified,6,0.8436637236486274,0.800469315803636,0.9084930766303101,0.12804125364013433,0.8707406437252049,0.9689035762006734,0.12804126893663448,B6,0.9689035762006734,2.7171912000048906,3.197959900018759,161.9844375999819,0.2430733000219334,168.87336060000234,27627,54014,1046,1098,66,4.2,completed,6,,,2026-08-08T22:48:40.104+02:00,2026-08-08T22:48:40.177+02:00,2026-08-08T22:51:35.211+02:00
