sample_key,run_id,sample_id,split,group,generation,actual_torque_ripple,predicted_torque_ripple,residual_torque_ripple
improved_dataset_1000_20260807_001:S000003,improved_dataset_1000_20260807_001,S000003,train,TOPO-0001,0,0.22409046119575274,0.22183616869039785,-0.002254292505354888
improved_dataset_1000_20260807_001:S000004,improved_dataset_1000_20260807_001,S000004,train,TOPO-0002,0,0.19414235661151127,0.21076066280038278,0.0166183061888715
improved_dataset_1000_20260807_001:S000005,improved_dataset_1000_20260807_001,S000005,train,TOPO-0003,0,0.024845550084866164,0.0185323027140864,-0.006313247370779762
improved_dataset_1000_20260807_001:S000006,improved_dataset_1000_20260807_001,S000006,train,TOPO-0004,0,0.02639448007098688,0.0251341480390396,-0.001260332031947281
improved_dataset_1000_20260807_001:S000007,improved_dataset_1000_20260807_001,S000007,train,TOPO-0005,0,0.021749727424456577,0.009924235784766394,-0.011825491639690183
improved_dataset_1000_20260807_001:S000008,improved_dataset_1000_20260807_001,S000008,train,TOPO-0006,0,0.028518335211641876,0.021325945341443914,-0.007192389870197963
improved_dataset_1000_20260807_001:S000009,improved_dataset_1000_20260807_001,S000009,train,TOPO-0007,0,0.2176480303819352,0.16852221329495432,-0.04912581708698088
improved_dataset_1000_20260807_001:S000010,improved_dataset_1000_20260807_001,S000010,train,TOPO-0008,0,0.054606420936815614,0.03172219906513163,-0.022884221871683985
improved_dataset_1000_20260807_001:S000011,improved_dataset_1000_20260807_001,S000011,train,TOPO-0009,0,0.04309887727487574,0.04423610049498686,0.0011372232201111165
improved_dataset_1000_20260807_001:S000012,improved_dataset_1000_20260807_001,S000012,train,TOPO-0010,0,0.2690513707672905,0.19481446525427212,-0.0742369055130184
improved_dataset_1000_20260807_001:S000013,improved_dataset_1000_20260807_001,S000013,train,TOPO-0011,0,0.02841931336781711,0.018860479694992188,-0.009558833672824923
improved_dataset_1000_20260807_001:S000014,improved_dataset_1000_20260807_001,S000014,train,TOPO-0012,0,0.05951064434492406,0.05558153992331,-0.003929104421614066
improved_dataset_1000_20260807_001:S000015,improved_dataset_1000_20260807_001,S000015,train,TOPO-0013,0,0.2435816781545624,0.2584884686496112,0.014906790495048838
improved_dataset_1000_20260807_001:S000016,improved_dataset_1000_20260807_001,S000016,train,TOPO-0014,0,0.12136887500092296,0.12950283718388494,0.008133962182961987
improved_dataset_1000_20260807_001:S000017,improved_dataset_1000_20260807_001,S000017,train,TOPO-0015,0,0.04443568277750937,0.02740384075165428,-0.017031842025855087
improved_dataset_1000_20260807_001:S000018,improved_dataset_1000_20260807_001,S000018,train,TOPO-0016,0,0.13025812279602872,0.12763601758050913,-0.002622105215519588
improved_dataset_1000_20260807_001:S000019,improved_dataset_1000_20260807_001,S000019,train,TOPO-0017,0,0.14564812492743373,0.12700664738946976,-0.01864147753796397
improved_dataset_1000_20260807_001:S000020,improved_dataset_1000_20260807_001,S000020,train,TOPO-0018,0,0.20787543597639893,0.19480925525370227,-0.013066180722696663
improved_dataset_1000_20260807_001:S000021,improved_dataset_1000_20260807_001,S000021,train,TOPO-0019,0,0.6696447280663962,0.7262713859913126,0.05662665792491639
improved_dataset_1000_20260807_001:S000022,improved_dataset_1000_20260807_001,S000022,train,TOPO-0020,0,0.077748681085196,0.06471509536224579,-0.013033585722950214
improved_dataset_1000_20260807_001:S000023,improved_dataset_1000_20260807_001,S000023,train,TOPO-0021,0,0.4744320549831091,0.4900534193394129,0.01562136435630379
improved_dataset_1000_20260807_001:S000024,improved_dataset_1000_20260807_001,S000024,train,TOPO-0022,0,0.1163954784895254,0.09703654885679414,-0.019358929632731267
improved_dataset_1000_20260807_001:S000025,improved_dataset_1000_20260807_001,S000025,train,TOPO-0023,0,0.2493157665821574,0.25384603450638954,0.00453026792423214
improved_dataset_1000_20260807_001:S000027,improved_dataset_1000_20260807_001,S000027,train,TOPO-0025,0,0.12105355855095541,0.10122234395821586,-0.01983121459273955
improved_dataset_1000_20260807_001:S000028,improved_dataset_1000_20260807_001,S000028,train,TOPO-0026,0,0.08723382136910504,0.06069470451516834,-0.0265391168539367
improved_dataset_1000_20260807_001:S000029,improved_dataset_1000_20260807_001,S000029,train,TOPO-0027,0,0.30085362807470356,0.3324195572096278,0.03156592913492423
improved_dataset_1000_20260807_001:S000032,improved_dataset_1000_20260807_001,S000032,train,TOPO-0030,0,0.12182727016307796,0.13094000682173254,0.009112736658654585
improved_dataset_1000_20260807_001:S000034,improved_dataset_1000_20260807_001,S000034,train,TOPO-0032,0,0.15936802476822198,0.14037933942242342,-0.01898868534579856
improved_dataset_1000_20260807_001:S000035,improved_dataset_1000_20260807_001,S000035,train,TOPO-0033,0,0.05082066050236711,0.0374339513395707,-0.013386709162796412
improved_dataset_1000_20260807_001:S000036,improved_dataset_1000_20260807_001,S000036,train,TOPO-0034,0,0.07886914953769039,0.08100082498469977,0.0021316754470093735
improved_dataset_1000_20260807_001:S000037,improved_dataset_1000_20260807_001,S000037,train,TOPO-0035,0,0.0697972546146639,0.08438029026269189,0.014583035648027987
improved_dataset_1000_20260807_001:S000038,improved_dataset_1000_20260807_001,S000038,train,TOPO-0036,0,0.7015466120445841,0.7206170816661306,0.01907046962154646
improved_dataset_1000_20260807_001:S000039,improved_dataset_1000_20260807_001,S000039,train,TOPO-0037,0,0.7247169595076457,0.7361408460524923,0.011423886544846606
improved_dataset_1000_20260807_001:S000040,improved_dataset_1000_20260807_001,S000040,train,TOPO-0038,0,0.05063308987085288,0.056571471864581446,0.005938381993728564
improved_dataset_1000_20260807_001:S000041,improved_dataset_1000_20260807_001,S000041,train,TOPO-0039,0,0.12013188716704838,0.11238805428337742,-0.007743832883670962
improved_dataset_1000_20260807_001:S000042,improved_dataset_1000_20260807_001,S000042,train,TOPO-0040,0,0.1109243730642186,0.09935867051608031,-0.011565702548138282
improved_dataset_1000_20260807_001:S000043,improved_dataset_1000_20260807_001,S000043,train,TOPO-0041,0,0.12065430909791734,0.10258871170440886,-0.01806559739350848
improved_dataset_1000_20260807_001:S000044,improved_dataset_1000_20260807_001,S000044,train,TOPO-0042,0,0.08905209034598915,0.09166796690502302,0.002615876559033864
improved_dataset_1000_20260807_001:S000045,improved_dataset_1000_20260807_001,S000045,train,TOPO-0043,0,0.2315513849471556,0.20016200824753022,-0.03138937669962538
improved_dataset_1000_20260807_001:S000046,improved_dataset_1000_20260807_001,S000046,train,TOPO-0044,0,0.047950417072333745,0.04329179584994841,-0.004658621222385334
improved_dataset_1000_20260807_001:S000047,improved_dataset_1000_20260807_001,S000047,train,TOPO-0045,0,0.10674446706731067,0.08997846240250809,-0.016766004664802575
improved_dataset_1000_20260807_001:S000050,improved_dataset_1000_20260807_001,S000050,train,TOPO-0048,0,1.3567163014659271,1.36373687803831,0.007020576572382753
improved_dataset_1000_20260807_001:S000052,improved_dataset_1000_20260807_001,S000052,train,TOPO-0050,0,0.07017799848522979,0.07242808207146342,0.002250083586233631
improved_dataset_1000_20260807_001:S000053,improved_dataset_1000_20260807_001,S000053,train,TOPO-0051,0,0.680048600487455,0.8417865848584047,0.16173798437094977
improved_dataset_1000_20260807_001:S000054,improved_dataset_1000_20260807_001,S000054,train,TOPO-0052,0,0.0384454766640594,0.02674165074032453,-0.011703825923734867
improved_dataset_1000_20260807_001:S000055,improved_dataset_1000_20260807_001,S000055,train,TOPO-0053,0,3.644233285521058,3.6942795111172533,0.05004622559619509
improved_dataset_1000_20260807_001:S000056,improved_dataset_1000_20260807_001,S000056,train,TOPO-0054,0,0.04675615973193134,0.036244500781771466,-0.010511658950159875
improved_dataset_1000_20260807_001:S000057,improved_dataset_1000_20260807_001,S000057,train,TOPO-0055,0,0.12015361849325425,0.09004486603502584,-0.030108752458228402
improved_dataset_1000_20260807_001:S000059,improved_dataset_1000_20260807_001,S000059,train,TOPO-0057,0,0.09860572462924334,0.0619365203536443,-0.03666920427559904
improved_dataset_1000_20260807_001:S000060,improved_dataset_1000_20260807_001,S000060,train,TOPO-0058,0,0.0663995065851812,0.07420811961850393,0.0078086130333227255
improved_dataset_1000_20260807_001:S000061,improved_dataset_1000_20260807_001,S000061,train,TOPO-0059,0,0.03558585484414911,0.026875625215263627,-0.008710229628885485
improved_dataset_1000_20260807_001:S000062,improved_dataset_1000_20260807_001,S000062,train,TOPO-0060,1,0.06156890228899478,0.039384783528510436,-0.022184118760484345
improved_dataset_1000_20260807_001:S000064,improved_dataset_1000_20260807_001,S000064,train,TOPO-0004,1,0.028279014737400132,0.03336333863363952,0.00508432389623939
improved_dataset_1000_20260807_001:S000066,improved_dataset_1000_20260807_001,S000066,train,TOPO-0061,1,0.19289588519716966,0.1872136129310467,-0.005682272266122945
improved_dataset_1000_20260807_001:S000067,improved_dataset_1000_20260807_001,S000067,train,TOPO-0062,1,0.0502451623538801,0.036518391891159074,-0.013726770462721027
improved_dataset_1000_20260807_001:S000068,improved_dataset_1000_20260807_001,S000068,train,TOPO-0011,1,0.04672729781431417,0.04757383271342444,0.0008465348991102684
improved_dataset_1000_20260807_001:S000069,improved_dataset_1000_20260807_001,S000069,train,TOPO-0018,1,0.22965486383085695,0.23711325287984408,0.00745838904898713
improved_dataset_1000_20260807_001:S000070,improved_dataset_1000_20260807_001,S000070,train,TOPO-0063,1,0.03902946361184556,0.012215383937609736,-0.026814079674235825
improved_dataset_1000_20260807_001:S000071,improved_dataset_1000_20260807_001,S000071,train,TOPO-0064,1,0.37150456765577844,0.37395393641655916,0.0024493687607807235
improved_dataset_1000_20260807_001:S000072,improved_dataset_1000_20260807_001,S000072,train,TOPO-0065,1,0.06326033799335024,0.06806369324378633,0.004803355250436098
improved_dataset_1000_20260807_001:S000074,improved_dataset_1000_20260807_001,S000074,train,TOPO-0027,1,0.04670916361681132,0.033630863143552764,-0.013078300473258558
improved_dataset_1000_20260807_001:S000077,improved_dataset_1000_20260807_001,S000077,train,TOPO-0036,1,0.11965934754306114,0.09904972066558713,-0.020609626877474002
improved_dataset_1000_20260807_001:S000078,improved_dataset_1000_20260807_001,S000078,train,TOPO-0036,1,0.05872110112210857,0.08315487902886157,0.024433777906752996
improved_dataset_1000_20260807_001:S000079,improved_dataset_1000_20260807_001,S000079,train,TOPO-0032,1,0.119464678153133,0.09844103131184039,-0.021023646841292612
improved_dataset_1000_20260807_001:S000080,improved_dataset_1000_20260807_001,S000080,train,TOPO-0034,1,0.3341359712059211,0.34636721684111227,0.01223124563519118
improved_dataset_1000_20260807_001:S000081,improved_dataset_1000_20260807_001,S000081,train,TOPO-0066,1,0.09740552512933154,0.10428940020000041,0.006883875070668871
improved_dataset_1000_20260807_001:S000082,improved_dataset_1000_20260807_001,S000082,train,TOPO-0044,1,0.04898229429314219,0.03880451043041766,-0.010177783862724527
improved_dataset_1000_20260807_001:S000083,improved_dataset_1000_20260807_001,S000083,train,TOPO-0067,1,0.1250797217815563,0.11513040334096972,-0.00994931844058658
improved_dataset_1000_20260807_001:S000084,improved_dataset_1000_20260807_001,S000084,train,TOPO-0040,1,0.03469463702772785,0.03419311876513309,-0.0005015182625947578
improved_dataset_1000_20260807_001:S000085,improved_dataset_1000_20260807_001,S000085,train,TOPO-0048,1,0.2290874777912002,0.26978976897432855,0.04070229118312835
improved_dataset_1000_20260807_001:S000086,improved_dataset_1000_20260807_001,S000086,train,TOPO-0045,1,0.05002888896973559,0.05177396327466266,0.001745074304927069
improved_dataset_1000_20260807_001:S000087,improved_dataset_1000_20260807_001,S000087,train,TOPO-0053,1,0.07680898161377736,0.07568153112385942,-0.0011274504899179416
improved_dataset_1000_20260807_001:S000089,improved_dataset_1000_20260807_001,S000089,train,TOPO-0057,1,0.03347261070261806,0.026680213055396834,-0.006792397647221227
improved_dataset_1000_20260807_001:S000091,improved_dataset_1000_20260807_001,S000091,train,TOPO-0068,1,0.10326105644190023,0.10376373130339951,0.0005026748614992832
improved_dataset_1000_20260807_001:S000092,improved_dataset_1000_20260807_001,S000092,train,TOPO-0002,2,0.09163388437583686,0.11856150174069903,0.02692761736486217
improved_dataset_1000_20260807_001:S000095,improved_dataset_1000_20260807_001,S000095,train,TOPO-0001,2,0.12061554711811753,0.11621218409065816,-0.0044033630274593755
improved_dataset_1000_20260807_001:S000097,improved_dataset_1000_20260807_001,S000097,train,TOPO-0015,2,0.11770073749176353,0.1148373381561651,-0.0028633993355984266
improved_dataset_1000_20260807_001:S000098,improved_dataset_1000_20260807_001,S000098,train,TOPO-0069,2,0.055153057167685454,0.0479328558687836,-0.007220201298901857
improved_dataset_1000_20260807_001:S000099,improved_dataset_1000_20260807_001,S000099,train,TOPO-0016,2,0.033523967938378,0.04413368313144239,0.01060971519306439
improved_dataset_1000_20260807_001:S000100,improved_dataset_1000_20260807_001,S000100,train,TOPO-0070,2,0.06750247750012017,0.057644084711026805,-0.009858392789093368
improved_dataset_1000_20260807_001:S000101,improved_dataset_1000_20260807_001,S000101,train,TOPO-0015,2,0.11382021022413896,0.10608385809485038,-0.007736352129288582
improved_dataset_1000_20260807_001:S000102,improved_dataset_1000_20260807_001,S000102,train,TOPO-0025,2,0.029952411743244867,0.017115840441029206,-0.01283657130221566
improved_dataset_1000_20260807_001:S000104,improved_dataset_1000_20260807_001,S000104,train,TOPO-0071,2,0.2340576167258667,0.22864269919367103,-0.005414917532195668
improved_dataset_1000_20260807_001:S000105,improved_dataset_1000_20260807_001,S000105,train,TOPO-0071,2,0.6461632661090203,0.6823371807785104,0.03617391466949005
improved_dataset_1000_20260807_001:S000106,improved_dataset_1000_20260807_001,S000106,train,TOPO-0065,2,0.09663997337553532,0.11544022329339106,0.01880024991785574
improved_dataset_1000_20260807_001:S000108,improved_dataset_1000_20260807_001,S000108,train,TOPO-0039,2,0.2590100284368014,0.2890211703140885,0.03001114187728715
improved_dataset_1000_20260807_001:S000109,improved_dataset_1000_20260807_001,S000109,train,TOPO-0030,2,0.02092372480865115,0.014053102875888096,-0.006870621932763055
improved_dataset_1000_20260807_001:S000110,improved_dataset_1000_20260807_001,S000110,train,TOPO-0072,2,0.2363412469858307,0.1885278382275446,-0.0478134087582861
improved_dataset_1000_20260807_001:S000111,improved_dataset_1000_20260807_001,S000111,train,TOPO-0066,2,0.20256981239836747,0.21571014676206704,0.013140334363699574
improved_dataset_1000_20260807_001:S000112,improved_dataset_1000_20260807_001,S000112,train,TOPO-0073,2,0.4472876973501409,0.4583379706158329,0.011050273265692023
improved_dataset_1000_20260807_001:S000116,improved_dataset_1000_20260807_001,S000116,train,TOPO-0040,2,0.05411836803210915,0.04990183286622529,-0.004216535165883856
improved_dataset_1000_20260807_001:S000117,improved_dataset_1000_20260807_001,S000117,train,TOPO-0074,2,0.3125205489434853,0.3109426190967588,-0.0015779298467265002
improved_dataset_1000_20260807_001:S000118,improved_dataset_1000_20260807_001,S000118,train,TOPO-0052,2,0.11614000807461698,0.10705082783401759,-0.00908918024059939
improved_dataset_1000_20260807_001:S000120,improved_dataset_1000_20260807_001,S000120,train,TOPO-0053,2,0.12983027139485204,0.07218575868446958,-0.057644512710382456
improved_dataset_1000_20260807_001:S000121,improved_dataset_1000_20260807_001,S000121,train,TOPO-0075,2,0.6796380821533472,0.6721594499707815,-0.007478632182565725
improved_dataset_1000_20260807_001:S000122,improved_dataset_1000_20260807_001,S000122,train,TOPO-0076,3,0.12281462363156229,0.1220573272350845,-0.0007572963964777857
improved_dataset_1000_20260807_001:S000123,improved_dataset_1000_20260807_001,S000123,train,TOPO-0004,3,0.23400133068101364,0.2737335377967319,0.03973220711571823
improved_dataset_1000_20260807_001:S000124,improved_dataset_1000_20260807_001,S000124,train,TOPO-0008,3,0.02790796932003356,0.02169102737730283,-0.00621694194273073
improved_dataset_1000_20260807_001:S000125,improved_dataset_1000_20260807_001,S000125,train,TOPO-0077,3,0.12493755561529352,0.10457217271565478,-0.02036538289963874
improved_dataset_1000_20260807_001:S000127,improved_dataset_1000_20260807_001,S000127,train,TOPO-0079,3,0.12065055280422747,0.11250115692303969,-0.00814939588118778
improved_dataset_1000_20260807_001:S000128,improved_dataset_1000_20260807_001,S000128,train,TOPO-0017,3,0.06514015076515334,0.05966485399519256,-0.00547529676996078
improved_dataset_1000_20260807_001:S000129,improved_dataset_1000_20260807_001,S000129,train,TOPO-0012,3,0.04830425144912126,0.05521436752062367,0.006910116071502409
improved_dataset_1000_20260807_001:S000130,improved_dataset_1000_20260807_001,S000130,train,TOPO-0070,3,0.10654712370560329,0.10131687734941121,-0.005230246356192084
improved_dataset_1000_20260807_001:S000131,improved_dataset_1000_20260807_001,S000131,train,TOPO-0012,3,0.1462719933154273,0.12505122063790935,-0.021220772677517957
improved_dataset_1000_20260807_001:S000132,improved_dataset_1000_20260807_001,S000132,train,TOPO-0071,3,0.08288284484432062,0.10387933813885504,0.020996493294534416
improved_dataset_1000_20260807_001:S000133,improved_dataset_1000_20260807_001,S000133,train,TOPO-0025,3,1.3964336107388753,1.5165794920676594,0.12014588132878412
improved_dataset_1000_20260807_001:S000134,improved_dataset_1000_20260807_001,S000134,train,TOPO-0080,3,0.668734771225522,0.7109931601246793,0.04225838889915723
improved_dataset_1000_20260807_001:S000135,improved_dataset_1000_20260807_001,S000135,train,TOPO-0021,3,0.4491909073750123,0.4589719990354877,0.00978109166047536
improved_dataset_1000_20260807_001:S000136,improved_dataset_1000_20260807_001,S000136,train,TOPO-0021,3,0.6405810741338848,0.6158587619389531,-0.024722312194931706
improved_dataset_1000_20260807_001:S000137,improved_dataset_1000_20260807_001,S000137,train,TOPO-0081,3,0.1433572579660672,0.12967044852604698,-0.013686809440020209
improved_dataset_1000_20260807_001:S000138,improved_dataset_1000_20260807_001,S000138,train,TOPO-0036,3,0.05683953753545001,0.04742796330846741,-0.009411574226982605
improved_dataset_1000_20260807_001:S000139,improved_dataset_1000_20260807_001,S000139,train,TOPO-0039,3,0.10780241551296668,0.10391416343797988,-0.0038882520749868033
improved_dataset_1000_20260807_001:S000140,improved_dataset_1000_20260807_001,S000140,train,TOPO-0030,3,0.12431890253336937,0.1293100777737991,0.004991175240429732
improved_dataset_1000_20260807_001:S000143,improved_dataset_1000_20260807_001,S000143,train,TOPO-0044,3,0.11331312118700411,0.1186431109349614,0.005329989747957287
improved_dataset_1000_20260807_001:S000144,improved_dataset_1000_20260807_001,S000144,train,TOPO-0083,3,0.1808206955260945,0.19032468624994725,0.009503990723852745
improved_dataset_1000_20260807_001:S000145,improved_dataset_1000_20260807_001,S000145,train,TOPO-0073,3,0.1456755225271718,0.1454566494482419,-0.0002188730789298987
improved_dataset_1000_20260807_001:S000146,improved_dataset_1000_20260807_001,S000146,train,TOPO-0043,3,0.12066195962828571,0.10253655864371461,-0.018125400984571105
improved_dataset_1000_20260807_001:S000147,improved_dataset_1000_20260807_001,S000147,train,TOPO-0084,3,1.3509548684935897,1.377244000819165,0.026289132325575393
improved_dataset_1000_20260807_001:S000148,improved_dataset_1000_20260807_001,S000148,train,TOPO-0054,3,0.20640800045311256,0.23587634595483783,0.02946834550172528
improved_dataset_1000_20260807_001:S000149,improved_dataset_1000_20260807_001,S000149,train,TOPO-0085,3,0.32315251540171264,0.25306059508748524,-0.0700919203142274
improved_dataset_1000_20260807_001:S000150,improved_dataset_1000_20260807_001,S000150,train,TOPO-0074,3,0.17988815317358497,0.17035012236454258,-0.009538030809042392
improved_dataset_1000_20260807_001:S000151,improved_dataset_1000_20260807_001,S000151,train,TOPO-0055,3,0.11259536137326219,0.10876410097457016,-0.003831260398692027
improved_dataset_1000_20260807_001:S000152,improved_dataset_1000_20260807_001,S000152,train,TOPO-0061,4,0.1163639850441255,0.1742339363891458,0.05786995134502031
improved_dataset_1000_20260807_001:S000153,improved_dataset_1000_20260807_001,S000153,train,TOPO-0009,4,0.1251817571491323,0.10711331600785857,-0.01806844114127372
improved_dataset_1000_20260807_001:S000154,improved_dataset_1000_20260807_001,S000154,train,TOPO-0002,4,0.8127131263627025,0.8356993942129618,0.022986267850259257
improved_dataset_1000_20260807_001:S000155,improved_dataset_1000_20260807_001,S000155,train,TOPO-0004,4,0.455304094968309,0.4489628982258367,-0.006341196742472299
improved_dataset_1000_20260807_001:S000156,improved_dataset_1000_20260807_001,S000156,train,TOPO-0004,4,0.4997042503746425,0.4709786628742203,-0.0287255875004222
improved_dataset_1000_20260807_001:S000158,improved_dataset_1000_20260807_001,S000158,train,TOPO-0087,4,0.17212004762941796,0.1400117478852717,-0.03210829974414625
improved_dataset_1000_20260807_001:S000160,improved_dataset_1000_20260807_001,S000160,train,TOPO-0012,4,0.10020115201352522,0.10101067574769114,0.0008095237341659151
improved_dataset_1000_20260807_001:S000161,improved_dataset_1000_20260807_001,S000161,train,TOPO-0089,4,0.0366382961812598,0.014878850827714535,-0.021759445353545265
improved_dataset_1000_20260807_001:S000162,improved_dataset_1000_20260807_001,S000162,train,TOPO-0065,4,0.08984615385443145,0.09074054435959081,0.0008943905051593537
improved_dataset_1000_20260807_001:S000165,improved_dataset_1000_20260807_001,S000165,train,TOPO-0022,4,0.11028200439925241,0.11100868806325757,0.0007266836640051622
improved_dataset_1000_20260807_001:S000166,improved_dataset_1000_20260807_001,S000166,train,TOPO-0071,4,0.16937465852057665,0.17421746281300585,0.004842804292429198
improved_dataset_1000_20260807_001:S000167,improved_dataset_1000_20260807_001,S000167,train,TOPO-0035,4,1.0378068823070146,1.05674097936782,0.0189340970608054
improved_dataset_1000_20260807_001:S000168,improved_dataset_1000_20260807_001,S000168,train,TOPO-0081,4,1.9907000700363748,1.9786811186606568,-0.012018951375718068
improved_dataset_1000_20260807_001:S000169,improved_dataset_1000_20260807_001,S000169,train,TOPO-0038,4,0.2659466030346194,0.24663862741968137,-0.01930797561493805
improved_dataset_1000_20260807_001:S000170,improved_dataset_1000_20260807_001,S000170,train,TOPO-0092,4,0.021971985412106987,0.02847130726352451,0.006499321851417522
improved_dataset_1000_20260807_001:S000171,improved_dataset_1000_20260807_001,S000171,train,TOPO-0093,4,0.3609569268075892,0.35676171974994453,-0.004195207057644645
improved_dataset_1000_20260807_001:S000172,improved_dataset_1000_20260807_001,S000172,train,TOPO-0094,4,0.33197906280299494,0.41623558462579613,0.08425652182280119
improved_dataset_1000_20260807_001:S000174,improved_dataset_1000_20260807_001,S000174,train,TOPO-0095,4,0.028811517117436847,0.03446397512877125,0.005652458011334405
improved_dataset_1000_20260807_001:S000175,improved_dataset_1000_20260807_001,S000175,train,TOPO-0096,4,0.06095789973743901,0.04956057252339968,-0.011397327214039327
improved_dataset_1000_20260807_001:S000176,improved_dataset_1000_20260807_001,S000176,train,TOPO-0042,4,0.0702118369614361,0.05110123654120283,-0.01911060042023327
improved_dataset_1000_20260807_001:S000177,improved_dataset_1000_20260807_001,S000177,train,TOPO-0059,4,0.05073802204118971,0.03901261334523673,-0.011725408695952982
improved_dataset_1000_20260807_001:S000178,improved_dataset_1000_20260807_001,S000178,train,TOPO-0084,4,0.03974232114399223,0.042693335499357166,0.0029510143553649337
improved_dataset_1000_20260807_001:S000179,improved_dataset_1000_20260807_001,S000179,train,TOPO-0084,4,0.16712521159429045,0.16102298516308886,-0.006102226431201591
improved_dataset_1000_20260807_001:S000180,improved_dataset_1000_20260807_001,S000180,train,TOPO-0097,4,0.11317735345321306,0.12515366983445117,0.011976316381238111
improved_dataset_1000_20260807_001:S000182,improved_dataset_1000_20260807_001,S000182,train,TOPO-0098,5,0.0999687074667158,0.09733587453108188,-0.002632832935633919
improved_dataset_1000_20260807_001:S000183,improved_dataset_1000_20260807_001,S000183,train,TOPO-0099,5,0.13948725680957358,0.11580388345536735,-0.023683373354206227
improved_dataset_1000_20260807_001:S000185,improved_dataset_1000_20260807_001,S000185,train,TOPO-0100,5,0.05579162709496527,0.04082637264749317,-0.014965254447472098
improved_dataset_1000_20260807_001:S000187,improved_dataset_1000_20260807_001,S000187,train,TOPO-0016,5,0.2887780139636634,0.30285900610464,0.014080992140976578
improved_dataset_1000_20260807_001:S000188,improved_dataset_1000_20260807_001,S000188,train,TOPO-0101,5,0.04124751259172396,0.04501981827928328,0.0037723056875593186
improved_dataset_1000_20260807_001:S000189,improved_dataset_1000_20260807_001,S000189,train,TOPO-0102,5,0.04341408761485205,0.027545582477952135,-0.015868505136899913
improved_dataset_1000_20260807_001:S000190,improved_dataset_1000_20260807_001,S000190,train,TOPO-0103,5,0.07663732748094909,0.07049788827581976,-0.006139439205129327
improved_dataset_1000_20260807_001:S000191,improved_dataset_1000_20260807_001,S000191,train,TOPO-0010,5,0.04015446296096589,0.04081461566046385,0.0006601526994979567
improved_dataset_1000_20260807_001:S000192,improved_dataset_1000_20260807_001,S000192,train,TOPO-0065,5,0.08812966558114435,0.07166281681464354,-0.016466848766500813
improved_dataset_1000_20260807_001:S000193,improved_dataset_1000_20260807_001,S000193,train,TOPO-0023,5,0.12963692307431485,0.12838563691912072,-0.0012512861551941257
improved_dataset_1000_20260807_001:S000195,improved_dataset_1000_20260807_001,S000195,train,TOPO-0065,5,0.08814516825086444,0.09235040270268126,0.004205234451816822
improved_dataset_1000_20260807_001:S000196,improved_dataset_1000_20260807_001,S000196,train,TOPO-0027,5,0.1249293533129707,0.11002296868863834,-0.014906384624332358
improved_dataset_1000_20260807_001:S000197,improved_dataset_1000_20260807_001,S000197,train,TOPO-0105,5,0.11858013465516071,0.10659439570670053,-0.011985738948460181
improved_dataset_1000_20260807_001:S000199,improved_dataset_1000_20260807_001,S000199,train,TOPO-0092,5,0.029108964644879665,0.022298082637184496,-0.006810882007695168
improved_dataset_1000_20260807_001:S000200,improved_dataset_1000_20260807_001,S000200,train,TOPO-0081,5,0.06898308326288172,0.07652825702095392,0.0075451737580722045
improved_dataset_1000_20260807_001:S000201,improved_dataset_1000_20260807_001,S000201,train,TOPO-0106,5,0.1398123300732356,0.12190122882697195,-0.017911101246263647
improved_dataset_1000_20260807_001:S000202,improved_dataset_1000_20260807_001,S000202,train,TOPO-0107,5,0.08588141769775917,0.0824268689899659,-0.00345454870779327
improved_dataset_1000_20260807_001:S000203,improved_dataset_1000_20260807_001,S000203,train,TOPO-0041,5,0.09197388200976672,0.06354896778052102,-0.0284249142292457
improved_dataset_1000_20260807_001:S000205,improved_dataset_1000_20260807_001,S000205,train,TOPO-0045,5,1.4915712346683354,1.756620410705937,0.2650491760376017
improved_dataset_1000_20260807_001:S000206,improved_dataset_1000_20260807_001,S000206,train,TOPO-0095,5,0.17198561688151653,0.1840960934301784,0.012110476548661875
improved_dataset_1000_20260807_001:S000207,improved_dataset_1000_20260807_001,S000207,train,TOPO-0109,5,0.09001222660172054,0.0936376866724034,0.0036254600706828594
improved_dataset_1000_20260807_001:S000209,improved_dataset_1000_20260807_001,S000209,train,TOPO-0109,5,0.411082374123244,0.40917061163307866,-0.0019117624901653363
improved_dataset_1000_20260807_001:S000210,improved_dataset_1000_20260807_001,S000210,train,TOPO-0085,5,0.2899690826988291,0.2479910814932731,-0.041978001205556004
improved_dataset_1000_20260807_001:S000211,improved_dataset_1000_20260807_001,S000211,train,TOPO-0085,5,0.26348899483301896,0.2620708666330993,-0.0014181281999196549
improved_dataset_1000_20260807_001:S000212,improved_dataset_1000_20260807_001,S000212,train,TOPO-0111,6,0.2053663292801127,0.17760685202792867,-0.02775947725218403
improved_dataset_1000_20260807_001:S000213,improved_dataset_1000_20260807_001,S000213,train,TOPO-0009,6,0.03426037127758072,0.023476115759926336,-0.010784255517654384
improved_dataset_1000_20260807_001:S000214,improved_dataset_1000_20260807_001,S000214,train,TOPO-0112,6,0.04653030461557789,0.04203071043706333,-0.00449959417851456
improved_dataset_1000_20260807_001:S000215,improved_dataset_1000_20260807_001,S000215,train,TOPO-0004,6,0.12570734115774018,0.10804664887980284,-0.017660692277937345
improved_dataset_1000_20260807_001:S000217,improved_dataset_1000_20260807_001,S000217,train,TOPO-0017,6,0.09548599538780746,0.08351454945516726,-0.011971445932640198
improved_dataset_1000_20260807_001:S000218,improved_dataset_1000_20260807_001,S000218,train,TOPO-0016,6,0.1176875692418507,0.10311247062116745,-0.01457509862068325
improved_dataset_1000_20260807_001:S000219,improved_dataset_1000_20260807_001,S000219,train,TOPO-0016,6,0.0444786997679579,0.02130020305756919,-0.023178496710388713
improved_dataset_1000_20260807_001:S000222,improved_dataset_1000_20260807_001,S000222,train,TOPO-0113,6,0.02698827158196357,0.021462169348197307,-0.005526102233766261
improved_dataset_1000_20260807_001:S000223,improved_dataset_1000_20260807_001,S000223,train,TOPO-0027,6,0.02395851300209975,0.012073557323318912,-0.01188495567878084
improved_dataset_1000_20260807_001:S000225,improved_dataset_1000_20260807_001,S000225,train,TOPO-0114,6,0.07980051937479671,0.08513553873633875,0.005335019361542043
improved_dataset_1000_20260807_001:S000226,improved_dataset_1000_20260807_001,S000226,train,TOPO-0115,6,0.06938643917258075,0.07149030319088623,0.002103864018305479
improved_dataset_1000_20260807_001:S000227,improved_dataset_1000_20260807_001,S000227,train,TOPO-0092,6,0.4701571805440417,0.45685784234803195,-0.013299338196009758
improved_dataset_1000_20260807_001:S000228,improved_dataset_1000_20260807_001,S000228,train,TOPO-0116,6,0.4914851402292103,0.5214570956867326,0.029971955457522292
improved_dataset_1000_20260807_001:S000230,improved_dataset_1000_20260807_001,S000230,train,TOPO-0117,6,1.3604508638296027,1.247330397688802,-0.11312046614080074
improved_dataset_1000_20260807_001:S000233,improved_dataset_1000_20260807_001,S000233,train,TOPO-0040,6,0.07223599115432239,0.07751007154789555,0.005274080393573161
improved_dataset_1000_20260807_001:S000236,improved_dataset_1000_20260807_001,S000236,train,TOPO-0043,6,0.12641030923870333,0.10226804731088283,-0.0241422619278205
improved_dataset_1000_20260807_001:S000237,improved_dataset_1000_20260807_001,S000237,train,TOPO-0058,6,0.05568279007695082,0.03739532730275949,-0.018287462774191326
improved_dataset_1000_20260807_001:S000238,improved_dataset_1000_20260807_001,S000238,train,TOPO-0058,6,0.28895836911577333,0.30593252975039065,0.01697416063461732
improved_dataset_1000_20260807_001:S000241,improved_dataset_1000_20260807_001,S000241,train,TOPO-0085,6,0.02454697779151624,0.025909812075000954,0.0013628342834847151
improved_dataset_1000_20260807_001:S000243,improved_dataset_1000_20260807_001,S000243,train,TOPO-0119,7,0.05782490674709817,0.0567374809458758,-0.0010874258012223692
improved_dataset_1000_20260807_001:S000245,improved_dataset_1000_20260807_001,S000245,train,TOPO-0120,7,0.030032206456657023,0.018856702179304047,-0.011175504277352977
improved_dataset_1000_20260807_001:S000246,improved_dataset_1000_20260807_001,S000246,train,TOPO-0121,7,0.09536368240090559,0.09883660935918155,0.0034729269582759598
improved_dataset_1000_20260807_001:S000247,improved_dataset_1000_20260807_001,S000247,train,TOPO-0122,7,0.07073465149927266,0.06664462066494464,-0.004090030834328018
improved_dataset_1000_20260807_001:S000249,improved_dataset_1000_20260807_001,S000249,train,TOPO-0123,7,0.07242750907751072,0.01730153292569847,-0.05512597615181225
improved_dataset_1000_20260807_001:S000252,improved_dataset_1000_20260807_001,S000252,train,TOPO-0124,7,0.11017427092514685,0.09204338405402865,-0.018130886871118204
improved_dataset_1000_20260807_001:S000253,improved_dataset_1000_20260807_001,S000253,train,TOPO-0125,7,0.028772213976681726,0.04018171200671622,0.011409498030034493
improved_dataset_1000_20260807_001:S000254,improved_dataset_1000_20260807_001,S000254,train,TOPO-0126,7,0.2613411906673412,0.21836203042025315,-0.04297916024708803
improved_dataset_1000_20260807_001:S000255,improved_dataset_1000_20260807_001,S000255,train,TOPO-0113,7,0.1280412516370531,0.10379683762066627,-0.024244414016386828
improved_dataset_1000_20260807_001:S000259,improved_dataset_1000_20260807_001,S000259,train,TOPO-0129,7,0.017993921840535,0.0024157866946622197,-0.015578135145872779
improved_dataset_1000_20260807_001:S000260,improved_dataset_1000_20260807_001,S000260,train,TOPO-0130,7,0.47151577042787685,0.489211457780925,0.017695687353048162
improved_dataset_1000_20260807_001:S000261,improved_dataset_1000_20260807_001,S000261,train,TOPO-0131,7,0.3396572666570842,0.2925990400537004,-0.04705822660338377
improved_dataset_1000_20260807_001:S000262,improved_dataset_1000_20260807_001,S000262,train,TOPO-0132,7,0.04469545064706301,0.05612725299725607,0.01143180235019306
improved_dataset_1000_20260807_001:S000266,improved_dataset_1000_20260807_001,S000266,train,TOPO-0042,7,0.23465371612915287,0.2817788450820132,0.04712512895286031
improved_dataset_1000_20260807_001:S000269,improved_dataset_1000_20260807_001,S000269,train,TOPO-0051,7,0.0780555193468635,0.08250946500714679,0.004453945660283287
improved_dataset_1000_20260807_001:S000270,improved_dataset_1000_20260807_001,S000270,train,TOPO-0074,7,0.04657974126049641,0.0461711222952319,-0.0004086189652645067
improved_dataset_1000_20260807_001:S000271,improved_dataset_1000_20260807_001,S000271,train,TOPO-0097,7,0.05310504944876848,0.03399384420158513,-0.01911120524718335
improved_dataset_1000_20260807_001:S000272,improved_dataset_1000_20260807_001,S000272,train,TOPO-0119,8,0.6858593109397241,0.6442902974316521,-0.04156901350807196
improved_dataset_1000_20260807_001:S000273,improved_dataset_1000_20260807_001,S000273,train,TOPO-0133,8,0.2252867087616783,0.21506867107899585,-0.010218037682682451
improved_dataset_1000_20260807_001:S000274,improved_dataset_1000_20260807_001,S000274,train,TOPO-0134,8,0.028562201082020316,0.025374253727216523,-0.003187947354803794
improved_dataset_1000_20260807_001:S000277,improved_dataset_1000_20260807_001,S000277,train,TOPO-0135,8,0.06294938266402264,0.0490328344819696,-0.01391654818205304
improved_dataset_1000_20260807_001:S000279,improved_dataset_1000_20260807_001,S000279,train,TOPO-0136,8,0.0447896550972855,0.04924703872128494,0.004457383623999445
improved_dataset_1000_20260807_001:S000281,improved_dataset_1000_20260807_001,S000281,train,TOPO-0069,8,0.1743467419208326,0.1699313380621173,-0.0044154038587153055
improved_dataset_1000_20260807_001:S000282,improved_dataset_1000_20260807_001,S000282,train,TOPO-0124,8,0.06715285568998489,0.0646936611440154,-0.0024591945459694897
improved_dataset_1000_20260807_001:S000286,improved_dataset_1000_20260807_001,S000286,train,TOPO-0137,8,0.057973163626858115,0.059923985204798746,0.0019508215779406313
improved_dataset_1000_20260807_001:S000287,improved_dataset_1000_20260807_001,S000287,train,TOPO-0138,8,0.12609471690275853,0.1387981679154646,0.012703451012706063
improved_dataset_1000_20260807_001:S000288,improved_dataset_1000_20260807_001,S000288,train,TOPO-0105,8,0.05584765317033977,0.04299786056321564,-0.012849792607124128
improved_dataset_1000_20260807_001:S000289,improved_dataset_1000_20260807_001,S000289,train,TOPO-0139,8,0.1829545701026723,0.13267272992367932,-0.05028184017899298
improved_dataset_1000_20260807_001:S000292,improved_dataset_1000_20260807_001,S000292,train,TOPO-0132,8,0.11248408382544924,0.12097018793083847,0.008486104105389233
improved_dataset_1000_20260807_001:S000293,improved_dataset_1000_20260807_001,S000293,train,TOPO-0141,8,0.28543666339452456,0.34100138313811423,0.055564719743589674
improved_dataset_1000_20260807_001:S000295,improved_dataset_1000_20260807_001,S000295,train,TOPO-0095,8,0.1219796016665015,0.1340505310214284,0.012070929354926888
improved_dataset_1000_20260807_001:S000297,improved_dataset_1000_20260807_001,S000297,train,TOPO-0142,8,0.3389216591428158,0.264604465504926,-0.0743171936378898
improved_dataset_1000_20260807_001:S000298,improved_dataset_1000_20260807_001,S000298,train,TOPO-0109,8,0.021012496427322197,0.010668576151313836,-0.010343920276008362
improved_dataset_1000_20260807_001:S000299,improved_dataset_1000_20260807_001,S000299,train,TOPO-0143,8,0.13366021072415313,0.07805037301228837,-0.05560983771186476
improved_dataset_1000_20260807_001:S000301,improved_dataset_1000_20260807_001,S000301,train,TOPO-0144,8,0.07423801080303613,0.08808041993421004,0.013842409131173905
improved_dataset_1000_20260807_001:S000302,improved_dataset_1000_20260807_001,S000302,train,TOPO-0145,9,0.12126306211765885,0.13155467547348565,0.010291613355826804
improved_dataset_1000_20260807_001:S000303,improved_dataset_1000_20260807_001,S000303,train,TOPO-0005,9,0.04970084993181839,0.04435606845108231,-0.005344781480736083
improved_dataset_1000_20260807_001:S000304,improved_dataset_1000_20260807_001,S000304,train,TOPO-0121,9,0.17785578076187716,0.14592441942812293,-0.03193136133375424
improved_dataset_1000_20260807_001:S000305,improved_dataset_1000_20260807_001,S000305,train,TOPO-0146,9,0.1068818264509703,0.0917009140573029,-0.015180912393667395
improved_dataset_1000_20260807_001:S000306,improved_dataset_1000_20260807_001,S000306,train,TOPO-0001,9,0.7919236324390784,0.775654211922278,-0.01626942051680036
improved_dataset_1000_20260807_001:S000307,improved_dataset_1000_20260807_001,S000307,train,TOPO-0069,9,0.11955143368197048,0.11992260643132654,0.00037117274935606626
improved_dataset_1000_20260807_001:S000308,improved_dataset_1000_20260807_001,S000308,train,TOPO-0079,9,0.04322696264530104,0.055432465996617525,0.012205503351316482
improved_dataset_1000_20260807_001:S000311,improved_dataset_1000_20260807_001,S000311,train,TOPO-0147,9,0.08172660671377938,0.09010337508419533,0.008376768370415955
improved_dataset_1000_20260807_001:S000314,improved_dataset_1000_20260807_001,S000314,train,TOPO-0137,9,0.2615766381269027,0.2621946704653781,0.000618032338475405
improved_dataset_1000_20260807_001:S000316,improved_dataset_1000_20260807_001,S000316,train,TOPO-0124,9,1.979024235928329,1.9677410936758626,-0.011283142252466405
improved_dataset_1000_20260807_001:S000317,improved_dataset_1000_20260807_001,S000317,train,TOPO-0148,9,0.08660055694138719,0.08706384377413834,0.000463286832751153
improved_dataset_1000_20260807_001:S000318,improved_dataset_1000_20260807_001,S000318,train,TOPO-0092,9,0.08259180636034871,0.1132653716909463,0.03067356533059759
improved_dataset_1000_20260807_001:S000320,improved_dataset_1000_20260807_001,S000320,train,TOPO-0149,9,0.04191171869288726,0.060868788566796006,0.018957069873908744
improved_dataset_1000_20260807_001:S000324,improved_dataset_1000_20260807_001,S000324,train,TOPO-0150,9,0.07114894734906849,0.04949276823899759,-0.021656179110070894
improved_dataset_1000_20260807_001:S000325,improved_dataset_1000_20260807_001,S000325,train,TOPO-0151,9,0.2932335406628162,0.30909354638941783,0.015860005726601623
improved_dataset_1000_20260807_001:S000326,improved_dataset_1000_20260807_001,S000326,train,TOPO-0152,9,0.031436211416742715,0.03974916523842717,0.008312953821684455
improved_dataset_1000_20260807_001:S000327,improved_dataset_1000_20260807_001,S000327,train,TOPO-0153,9,0.043700796811181386,0.03032453948252209,-0.013376257328659297
improved_dataset_1000_20260807_001:S000328,improved_dataset_1000_20260807_001,S000328,train,TOPO-0052,9,0.11699648547990642,0.11265884698102084,-0.0043376384988855765
improved_dataset_1000_20260807_001:S000329,improved_dataset_1000_20260807_001,S000329,train,TOPO-0097,9,0.04473383063089437,0.03646737420737109,-0.008266456423523277
improved_dataset_1000_20260807_001:S000331,improved_dataset_1000_20260807_001,S000331,train,TOPO-0143,9,0.07412205380460951,0.054590026943169084,-0.019532026861440427
improved_dataset_1000_20260807_001:S000332,improved_dataset_1000_20260807_001,S000332,train,TOPO-0154,10,0.47159066285969375,0.561073918797977,0.08948325593828321
improved_dataset_1000_20260807_001:S000333,improved_dataset_1000_20260807_001,S000333,train,TOPO-0155,10,0.35490025339562675,0.32277850951559045,-0.0321217438800363
improved_dataset_1000_20260807_001:S000334,improved_dataset_1000_20260807_001,S000334,train,TOPO-0005,10,1.3684496047452284,1.3277397001702287,-0.04070990457499968
improved_dataset_1000_20260807_001:S000335,improved_dataset_1000_20260807_001,S000335,train,TOPO-0156,10,0.19415310555362383,0.178903290637145,-0.015249814916478838
improved_dataset_1000_20260807_001:S000337,improved_dataset_1000_20260807_001,S000337,train,TOPO-0135,10,0.04991664582100236,0.03187550678047457,-0.018041139040527787
improved_dataset_1000_20260807_001:S000338,improved_dataset_1000_20260807_001,S000338,train,TOPO-0157,10,0.033434411105771805,0.034678550753055926,0.0012441396472841204
improved_dataset_1000_20260807_001:S000339,improved_dataset_1000_20260807_001,S000339,train,TOPO-0158,10,0.14727023897451236,0.11998696214101336,-0.027283276833499
improved_dataset_1000_20260807_001:S000340,improved_dataset_1000_20260807_001,S000340,train,TOPO-0010,10,0.028826754512178865,0.018597369360714516,-0.010229385151464349
improved_dataset_1000_20260807_001:S000342,improved_dataset_1000_20260807_001,S000342,train,TOPO-0137,10,0.09463536464303533,0.10468779016210943,0.010052425519074093
improved_dataset_1000_20260807_001:S000343,improved_dataset_1000_20260807_001,S000343,train,TOPO-0159,10,0.3374475897555146,0.3167990417332539,-0.020648548022260682
improved_dataset_1000_20260807_001:S000344,improved_dataset_1000_20260807_001,S000344,train,TOPO-0160,10,0.07425259031583245,0.08728491332988689,0.013032323014054437
improved_dataset_1000_20260807_001:S000345,improved_dataset_1000_20260807_001,S000345,train,TOPO-0161,10,0.4687009058022714,0.521249289879889,0.05254838407761764
improved_dataset_1000_20260807_001:S000346,improved_dataset_1000_20260807_001,S000346,train,TOPO-0162,10,0.07378534558040806,0.07907726306350857,0.005291917483100511
improved_dataset_1000_20260807_001:S000349,improved_dataset_1000_20260807_001,S000349,train,TOPO-0163,10,0.19599801211743378,0.15080135665198413,-0.04519665546544965
improved_dataset_1000_20260807_001:S000350,improved_dataset_1000_20260807_001,S000350,train,TOPO-0164,10,0.13415809471954795,0.16430361959524042,0.03014552487569247
improved_dataset_1000_20260807_001:S000352,improved_dataset_1000_20260807_001,S000352,train,TOPO-0165,10,0.13349860520749524,0.12766203575036106,-0.0058365694571341775
improved_dataset_1000_20260807_001:S000353,improved_dataset_1000_20260807_001,S000353,train,TOPO-0165,10,0.12113060501559447,0.0700504967197563,-0.05108010829583817
improved_dataset_1000_20260807_001:S000354,improved_dataset_1000_20260807_001,S000354,train,TOPO-0166,10,0.09888321286733398,0.10490596291509714,0.006022750047763162
improved_dataset_1000_20260807_001:S000357,improved_dataset_1000_20260807_001,S000357,train,TOPO-0109,10,0.09398684159857724,0.09068112276449664,-0.0033057188340806093
improved_dataset_1000_20260807_001:S000359,improved_dataset_1000_20260807_001,S000359,train,TOPO-0168,10,0.49662553264482073,0.49286215080752466,-0.003763381837296076
improved_dataset_1000_20260807_001:S000360,improved_dataset_1000_20260807_001,S000360,train,TOPO-0143,10,0.12512699378265354,0.12456792146081042,-0.0005590723218431293
improved_dataset_1000_20260807_001:S000361,improved_dataset_1000_20260807_001,S000361,train,TOPO-0143,10,0.12482470763961022,0.09331857148474948,-0.03150613615486074
improved_dataset_1000_20260807_001:S000362,improved_dataset_1000_20260807_001,S000362,train,TOPO-0169,11,0.04307172372811752,0.05323801587879082,0.0101662921506733
improved_dataset_1000_20260807_001:S000363,improved_dataset_1000_20260807_001,S000363,train,TOPO-0098,11,0.05309319696274703,0.028789403795262514,-0.024303793167484516
improved_dataset_1000_20260807_001:S000364,improved_dataset_1000_20260807_001,S000364,train,TOPO-0170,11,0.5062701668565619,0.5075303715565198,0.001260204699957912
improved_dataset_1000_20260807_001:S000365,improved_dataset_1000_20260807_001,S000365,train,TOPO-0001,11,0.047693004844585635,0.04080164901953437,-0.006891355825051265
improved_dataset_1000_20260807_001:S000366,improved_dataset_1000_20260807_001,S000366,train,TOPO-0003,11,0.18021999094918853,0.1649281723926775,-0.015291818556511017
improved_dataset_1000_20260807_001:S000367,improved_dataset_1000_20260807_001,S000367,train,TOPO-0122,11,2.8876792345419844,3.0532520764403293,0.16557284189834487
improved_dataset_1000_20260807_001:S000368,improved_dataset_1000_20260807_001,S000368,train,TOPO-0122,11,0.47160496648651284,0.48741669216710043,0.015811725680587585
improved_dataset_1000_20260807_001:S000369,improved_dataset_1000_20260807_001,S000369,train,TOPO-0079,11,0.11109276962031582,0.11574009012863412,0.004647320508318301
improved_dataset_1000_20260807_001:S000370,improved_dataset_1000_20260807_001,S000370,train,TOPO-0171,11,0.4008784129256806,0.3830289085293316,-0.017849504396349025
improved_dataset_1000_20260807_001:S000371,improved_dataset_1000_20260807_001,S000371,train,TOPO-0018,11,0.12307896484173833,0.10315712170548107,-0.019921843136257264
improved_dataset_1000_20260807_001:S000372,improved_dataset_1000_20260807_001,S000372,train,TOPO-0159,11,0.03306690976211263,0.030502252495850146,-0.0025646572662624822
improved_dataset_1000_20260807_001:S000373,improved_dataset_1000_20260807_001,S000373,train,TOPO-0159,11,0.24456575812981698,0.2397660000080839,-0.004799758121733083
improved_dataset_1000_20260807_001:S000374,improved_dataset_1000_20260807_001,S000374,train,TOPO-0172,11,0.49907181360485636,0.5033433986341953,0.004271585029338942
improved_dataset_1000_20260807_001:S000375,improved_dataset_1000_20260807_001,S000375,train,TOPO-0173,11,0.4533898919483451,0.46071020802398155,0.007320316075636435
improved_dataset_1000_20260807_001:S000376,improved_dataset_1000_20260807_001,S000376,train,TOPO-0159,11,0.04841597465889741,0.039803684551926066,-0.008612290106971343
improved_dataset_1000_20260807_001:S000377,improved_dataset_1000_20260807_001,S000377,train,TOPO-0174,11,0.11957268751321577,0.08932495218846176,-0.030247735324754013
improved_dataset_1000_20260807_001:S000379,improved_dataset_1000_20260807_001,S000379,train,TOPO-0106,11,1.1598938973715391,1.2489812144885108,0.08908731711697171
improved_dataset_1000_20260807_001:S000381,improved_dataset_1000_20260807_001,S000381,train,TOPO-0033,11,0.16171067871081304,0.12989077531185683,-0.03181990339895621
improved_dataset_1000_20260807_001:S000383,improved_dataset_1000_20260807_001,S000383,train,TOPO-0175,11,1.206113202467684,1.4769542862671072,0.2708410837994233
improved_dataset_1000_20260807_001:S000384,improved_dataset_1000_20260807_001,S000384,train,TOPO-0176,11,0.8493378811629715,1.0517172230545802,0.20237934189160867
improved_dataset_1000_20260807_001:S000385,improved_dataset_1000_20260807_001,S000385,train,TOPO-0041,11,0.6835198827408667,0.7148132046972974,0.03129332195643064
improved_dataset_1000_20260807_001:S000387,improved_dataset_1000_20260807_001,S000387,train,TOPO-0177,11,0.23082337092913527,0.23466088518543599,0.003837514256300717
improved_dataset_1000_20260807_001:S000388,improved_dataset_1000_20260807_001,S000388,train,TOPO-0143,11,0.880268858721317,0.9439832396210726,0.06371438089975556
improved_dataset_1000_20260807_001:S000389,improved_dataset_1000_20260807_001,S000389,train,TOPO-0178,11,0.029557258135868653,0.045600346041355044,0.016043087905486392
improved_dataset_1000_20260807_001:S000390,improved_dataset_1000_20260807_001,S000390,train,TOPO-0144,11,0.058105164455960145,0.06493089125142973,0.006825726795469583
improved_dataset_1000_20260807_001:S000392,improved_dataset_1000_20260807_001,S000392,train,TOPO-0179,12,0.04946802338904052,0.043855144404438495,-0.005612878984602027
improved_dataset_1000_20260807_001:S000393,improved_dataset_1000_20260807_001,S000393,train,TOPO-0180,12,0.04669844650769614,0.045168351045020455,-0.0015300954626756846
improved_dataset_1000_20260807_001:S000397,improved_dataset_1000_20260807_001,S000397,train,TOPO-0069,12,0.15855053747921355,0.12161617494650592,-0.036934362532707626
improved_dataset_1000_20260807_001:S000398,improved_dataset_1000_20260807_001,S000398,train,TOPO-0135,12,0.19634572394772676,0.16019282834112641,-0.036152895606600344
improved_dataset_1000_20260807_001:S000399,improved_dataset_1000_20260807_001,S000399,train,TOPO-0171,12,0.05572825820819699,0.049973563220303246,-0.005754694987893744
improved_dataset_1000_20260807_001:S000400,improved_dataset_1000_20260807_001,S000400,train,TOPO-0183,12,0.0890431558847268,0.08039830062144404,-0.008644855263282764
improved_dataset_1000_20260807_001:S000401,improved_dataset_1000_20260807_001,S000401,train,TOPO-0135,12,0.06927832370250672,0.05607414494664065,-0.013204178755866075
improved_dataset_1000_20260807_001:S000402,improved_dataset_1000_20260807_001,S000402,train,TOPO-0184,12,1.3532390346090095,1.3489004092872054,-0.004338625321804068
improved_dataset_1000_20260807_001:S000403,improved_dataset_1000_20260807_001,S000403,train,TOPO-0161,12,0.09560938008562085,0.08508021298690643,-0.010529167098714418
improved_dataset_1000_20260807_001:S000405,improved_dataset_1000_20260807_001,S000405,train,TOPO-0124,12,0.06297497639390962,0.053793363739941424,-0.00918161265396819
improved_dataset_1000_20260807_001:S000407,improved_dataset_1000_20260807_001,S000407,train,TOPO-0129,12,0.09681148956537497,0.08791942985550136,-0.008892059709873612
improved_dataset_1000_20260807_001:S000412,improved_dataset_1000_20260807_001,S000412,train,TOPO-0185,12,0.017815168949292803,0.0041823482728153005,-0.013632820676477503
improved_dataset_1000_20260807_001:S000414,improved_dataset_1000_20260807_001,S000414,train,TOPO-0176,12,1.718166828984656,1.814187712481194,0.09602088349653815
improved_dataset_1000_20260807_001:S000416,improved_dataset_1000_20260807_001,S000416,train,TOPO-0187,12,0.03194999599432477,0.039463177590038256,0.007513181595713486
improved_dataset_1000_20260807_001:S000417,improved_dataset_1000_20260807_001,S000417,train,TOPO-0188,12,0.21999778391192445,0.24497970116389195,0.024981917251967495
improved_dataset_1000_20260807_001:S000418,improved_dataset_1000_20260807_001,S000418,train,TOPO-0189,12,0.07191761873660715,0.06103539186404128,-0.010882226872565876
improved_dataset_1000_20260807_001:S000419,improved_dataset_1000_20260807_001,S000419,train,TOPO-0190,12,0.0513805604821419,0.05622581856811851,0.004845258085976606
improved_dataset_1000_20260807_001:S000420,improved_dataset_1000_20260807_001,S000420,train,TOPO-0191,12,0.10878387987693722,0.10018317698100924,-0.008600702895927972
improved_dataset_1000_20260807_001:S000421,improved_dataset_1000_20260807_001,S000421,train,TOPO-0192,12,0.04904391236505501,0.05213771893563107,0.003093806570576063
improved_dataset_1000_20260807_001:S000423,improved_dataset_1000_20260807_001,S000423,train,TOPO-0180,13,0.1222640294980192,0.08901372097315693,-0.03325030852486227
improved_dataset_1000_20260807_001:S000424,improved_dataset_1000_20260807_001,S000424,train,TOPO-0119,13,0.12159451789729393,0.10748649423604907,-0.014108023661244862
improved_dataset_1000_20260807_001:S000425,improved_dataset_1000_20260807_001,S000425,train,TOPO-0193,13,0.06540537268825666,0.07590386338850372,0.010498490700247054
improved_dataset_1000_20260807_001:S000426,improved_dataset_1000_20260807_001,S000426,train,TOPO-0194,13,0.028100389178147417,0.02565122202635009,-0.002449167151797327
improved_dataset_1000_20260807_001:S000427,improved_dataset_1000_20260807_001,S000427,train,TOPO-0147,13,0.20103238738804693,0.20656194615477785,0.005529558766730919
improved_dataset_1000_20260807_001:S000428,improved_dataset_1000_20260807_001,S000428,train,TOPO-0135,13,0.11908509088147164,0.12340418135388853,0.004319090472416895
improved_dataset_1000_20260807_001:S000430,improved_dataset_1000_20260807_001,S000430,train,TOPO-0069,13,0.11164211165596227,0.11332258619822268,0.0016804745422604045
improved_dataset_1000_20260807_001:S000431,improved_dataset_1000_20260807_001,S000431,train,TOPO-0195,13,0.6026933557738859,0.6650599275649163,0.062366571791030334
improved_dataset_1000_20260807_001:S000432,improved_dataset_1000_20260807_001,S000432,train,TOPO-0196,13,0.048543900864335854,0.0411451270611769,-0.007398773803158953
improved_dataset_1000_20260807_001:S000433,improved_dataset_1000_20260807_001,S000433,train,TOPO-0197,13,0.26077693487242604,0.266559473122021,0.0057825382495949595
improved_dataset_1000_20260807_001:S000435,improved_dataset_1000_20260807_001,S000435,train,TOPO-0184,13,0.17965026518422494,0.18781063814400648,0.008160372959781531
improved_dataset_1000_20260807_001:S000436,improved_dataset_1000_20260807_001,S000436,train,TOPO-0124,13,0.37775406414382146,0.37623926974188254,-0.0015147944019389126
improved_dataset_1000_20260807_001:S000441,improved_dataset_1000_20260807_001,S000441,train,TOPO-0200,13,1.3491136479256005,1.3197817903792317,-0.0293318575463688
improved_dataset_1000_20260807_001:S000442,improved_dataset_1000_20260807_001,S000442,train,TOPO-0201,13,0.12149482756052433,0.12044082640654243,-0.0010540011539819094
improved_dataset_1000_20260807_001:S000444,improved_dataset_1000_20260807_001,S000444,train,TOPO-0202,13,0.24901516758797476,0.2737339569311973,0.024718789343222525
improved_dataset_1000_20260807_001:S000448,improved_dataset_1000_20260807_001,S000448,train,TOPO-0188,13,0.12031992468252405,0.09906488378333526,-0.021255040899188782
improved_dataset_1000_20260807_001:S000449,improved_dataset_1000_20260807_001,S000449,train,TOPO-0204,13,0.03748897998102754,0.017133497143571458,-0.020355482837456085
improved_dataset_1000_20260807_001:S000450,improved_dataset_1000_20260807_001,S000450,train,TOPO-0143,13,0.15182066514433024,0.16022451278451055,0.008403847640180317
improved_dataset_1000_20260807_001:S000453,improved_dataset_1000_20260807_001,S000453,train,TOPO-0119,14,0.046160447630113205,0.04675311437518276,0.0005926667450695533
improved_dataset_1000_20260807_001:S000454,improved_dataset_1000_20260807_001,S000454,train,TOPO-0205,14,0.09962342555522219,0.08056772644445628,-0.019055699110765906
improved_dataset_1000_20260807_001:S000455,improved_dataset_1000_20260807_001,S000455,train,TOPO-0005,14,0.23220761688247724,0.2503577958763777,0.01815017899390045
improved_dataset_1000_20260807_001:S000456,improved_dataset_1000_20260807_001,S000456,train,TOPO-0180,14,0.07571927444774335,0.06564258157367275,-0.010076692874070592
improved_dataset_1000_20260807_001:S000457,improved_dataset_1000_20260807_001,S000457,train,TOPO-0206,14,0.28510341966153707,0.3043208781484482,0.019217458486911143
improved_dataset_1000_20260807_001:S000458,improved_dataset_1000_20260807_001,S000458,train,TOPO-0207,14,0.058407408155006973,0.043973775374644336,-0.014433632780362637
improved_dataset_1000_20260807_001:S000459,improved_dataset_1000_20260807_001,S000459,train,TOPO-0171,14,0.09683010125783839,0.10328637428581,0.00645627302797161
improved_dataset_1000_20260807_001:S000460,improved_dataset_1000_20260807_001,S000460,train,TOPO-0208,14,0.5664859952351572,0.5683992857091964,0.0019132904740392087
improved_dataset_1000_20260807_001:S000461,improved_dataset_1000_20260807_001,S000461,train,TOPO-0209,14,0.12234198850858292,0.09196752602129148,-0.030374462487291448
improved_dataset_1000_20260807_001:S000464,improved_dataset_1000_20260807_001,S000464,train,TOPO-0211,14,0.2551970428313506,0.2123252861226141,-0.0428717567087365
improved_dataset_1000_20260807_001:S000466,improved_dataset_1000_20260807_001,S000466,train,TOPO-0212,14,0.12305541903468227,0.12120123182576353,-0.0018541872089187367
improved_dataset_1000_20260807_001:S000468,improved_dataset_1000_20260807_001,S000468,train,TOPO-0213,14,0.10629539897338562,0.09167951167206986,-0.014615887301315758
improved_dataset_1000_20260807_001:S000469,improved_dataset_1000_20260807_001,S000469,train,TOPO-0214,14,0.07472337912496421,0.06676424906906814,-0.007959130055896074
improved_dataset_1000_20260807_001:S000470,improved_dataset_1000_20260807_001,S000470,train,TOPO-0105,14,0.03757558695587729,0.013156940333875072,-0.024418646622002216
improved_dataset_1000_20260807_001:S000471,improved_dataset_1000_20260807_001,S000471,train,TOPO-0215,14,0.06840284199778629,0.0602957309481075,-0.008107111049678789
improved_dataset_1000_20260807_001:S000472,improved_dataset_1000_20260807_001,S000472,train,TOPO-0187,14,0.06955429456772264,0.06823708758047095,-0.0013172069872516845
improved_dataset_1000_20260807_001:S000473,improved_dataset_1000_20260807_001,S000473,train,TOPO-0176,14,0.0945810044945233,0.09188530138907992,-0.00269570310544337
improved_dataset_1000_20260807_001:S000475,improved_dataset_1000_20260807_001,S000475,train,TOPO-0150,14,0.2654785147247647,0.2709145614089659,0.005436046684201223
improved_dataset_1000_20260807_001:S000476,improved_dataset_1000_20260807_001,S000476,train,TOPO-0216,14,0.07566099884055455,0.07265783142449536,-0.003003167416059188
improved_dataset_1000_20260807_001:S000477,improved_dataset_1000_20260807_001,S000477,train,TOPO-0217,14,0.04015633049681169,0.06442127679650339,0.024264946299691698
improved_dataset_1000_20260807_001:S000481,improved_dataset_1000_20260807_001,S000481,train,TOPO-0219,14,0.1167261384442262,0.10282527331887839,-0.013900865125347814
improved_dataset_1000_20260807_001:S000484,improved_dataset_1000_20260807_001,S000484,train,TOPO-0220,15,0.11901155665754261,0.11592935852000817,-0.0030821981375344365
improved_dataset_1000_20260807_001:S000485,improved_dataset_1000_20260807_001,S000485,train,TOPO-0001,15,0.2241354471897262,0.22381026052101102,-0.00032518666871517166
improved_dataset_1000_20260807_001:S000486,improved_dataset_1000_20260807_001,S000486,train,TOPO-0221,15,0.06461418476057695,0.0685062992392449,0.0038921144786679407
improved_dataset_1000_20260807_001:S000488,improved_dataset_1000_20260807_001,S000488,train,TOPO-0135,15,0.022491499929216008,0.02868210537212107,0.006190605442905062
improved_dataset_1000_20260807_001:S000489,improved_dataset_1000_20260807_001,S000489,train,TOPO-0223,15,0.32657242980836526,0.3505942038411332,0.02402177403276795
improved_dataset_1000_20260807_001:S000490,improved_dataset_1000_20260807_001,S000490,train,TOPO-0135,15,1.3862138603746155,1.4075098809524211,0.021296020577805663
improved_dataset_1000_20260807_001:S000491,improved_dataset_1000_20260807_001,S000491,train,TOPO-0224,15,0.2582839124612494,0.28237349608391893,0.024089583622669553
improved_dataset_1000_20260807_001:S000492,improved_dataset_1000_20260807_001,S000492,train,TOPO-0225,15,0.029055294211310673,0.018569929316979955,-0.010485364894330718
improved_dataset_1000_20260807_001:S000494,improved_dataset_1000_20260807_001,S000494,train,TOPO-0162,15,0.053562436566006705,0.06636367324113959,0.012801236675132888
improved_dataset_1000_20260807_001:S000495,improved_dataset_1000_20260807_001,S000495,train,TOPO-0212,15,0.13862060876162383,0.136780751707022,-0.0018398570546018234
improved_dataset_1000_20260807_001:S000496,improved_dataset_1000_20260807_001,S000496,train,TOPO-0212,15,0.027511160396793993,0.01882856180962733,-0.008682598587166662
improved_dataset_1000_20260807_001:S000499,improved_dataset_1000_20260807_001,S000499,train,TOPO-0213,15,0.19179928353445483,0.17484956533631962,-0.016949718198135205
improved_dataset_1000_20260807_001:S000500,improved_dataset_1000_20260807_001,S000500,train,TOPO-0227,15,0.11745255683325327,0.11979989022645797,0.002347333393204698
improved_dataset_1000_20260807_001:S000501,improved_dataset_1000_20260807_001,S000501,train,TOPO-0228,15,0.3730859566882193,0.4031319769196269,0.030046020231407566
improved_dataset_1000_20260807_001:S000504,improved_dataset_1000_20260807_001,S000504,train,TOPO-0229,15,0.05249031182552108,0.04032621259278629,-0.012164099232734787
improved_dataset_1000_20260807_001:S000508,improved_dataset_1000_20260807_001,S000508,train,TOPO-0192,15,0.04777810505755978,0.021972515962063205,-0.025805589095496573
improved_dataset_1000_20260807_001:S000509,improved_dataset_1000_20260807_001,S000509,train,TOPO-0219,15,0.11928625420286364,0.08301442123345773,-0.03627183296940591
improved_dataset_1000_20260807_001:S000510,improved_dataset_1000_20260807_001,S000510,train,TOPO-0230,15,0.07687342221145718,0.05966560737613036,-0.017207814835326823
improved_dataset_1000_20260807_001:S000511,improved_dataset_1000_20260807_001,S000511,train,TOPO-0219,15,0.4114380335918808,0.39205095297847364,-0.01938708061340716
improved_dataset_1000_20260807_001:S000512,improved_dataset_1000_20260807_001,S000512,train,TOPO-0231,16,0.10077457040618394,0.11187214750597056,0.01109757709978662
improved_dataset_1000_20260807_001:S000513,improved_dataset_1000_20260807_001,S000513,train,TOPO-0232,16,0.06826715915198825,0.059656184808908275,-0.008610974343079975
improved_dataset_1000_20260807_001:S000515,improved_dataset_1000_20260807_001,S000515,train,TOPO-0233,16,0.21646873830145155,0.2058916042433711,-0.010577134058080445
improved_dataset_1000_20260807_001:S000516,improved_dataset_1000_20260807_001,S000516,train,TOPO-0180,16,0.0962771939264863,0.08786228962521883,-0.00841490430126747
improved_dataset_1000_20260807_001:S000517,improved_dataset_1000_20260807_001,S000517,train,TOPO-0234,16,0.07114400262347673,0.08205368015077627,0.010909677527299544
improved_dataset_1000_20260807_001:S000518,improved_dataset_1000_20260807_001,S000518,train,TOPO-0122,16,0.6842634591154773,0.672463646093667,-0.011799813021810213
improved_dataset_1000_20260807_001:S000519,improved_dataset_1000_20260807_001,S000519,train,TOPO-0158,16,0.06510953803268071,0.08479007643786005,0.019680538405179332
improved_dataset_1000_20260807_001:S000521,improved_dataset_1000_20260807_001,S000521,train,TOPO-0135,16,0.09905348757027614,0.12017961544110795,0.021126127870831804
improved_dataset_1000_20260807_001:S000522,improved_dataset_1000_20260807_001,S000522,train,TOPO-0236,16,0.11707604675133786,0.10951521115855868,-0.007560835592779175
improved_dataset_1000_20260807_001:S000525,improved_dataset_1000_20260807_001,S000525,train,TOPO-0237,16,0.11560874718147776,0.11501419167856412,-0.0005945555029136379
improved_dataset_1000_20260807_001:S000526,improved_dataset_1000_20260807_001,S000526,train,TOPO-0212,16,0.09394454615606915,0.05679186231638608,-0.037152683839683065
improved_dataset_1000_20260807_001:S000527,improved_dataset_1000_20260807_001,S000527,train,TOPO-0129,16,0.18347389362179709,0.17264507190782208,-0.010828821713975006
improved_dataset_1000_20260807_001:S000528,improved_dataset_1000_20260807_001,S000528,train,TOPO-0238,16,0.0468917152457399,0.06843492965913714,0.021543214413397238
improved_dataset_1000_20260807_001:S000534,improved_dataset_1000_20260807_001,S000534,train,TOPO-0176,16,0.04288255083573558,0.02911465214041009,-0.013767898695325492
improved_dataset_1000_20260807_001:S000535,improved_dataset_1000_20260807_001,S000535,train,TOPO-0240,16,0.1839878506281149,0.17527993684978824,-0.008707913778326665
improved_dataset_1000_20260807_001:S000537,improved_dataset_1000_20260807_001,S000537,train,TOPO-0241,16,0.057486585651029876,0.04457952548163377,-0.012907060169396106
improved_dataset_1000_20260807_001:S000539,improved_dataset_1000_20260807_001,S000539,train,TOPO-0242,16,0.03142065569202698,0.011295325425569575,-0.02012533026645741
improved_dataset_1000_20260807_001:S000540,improved_dataset_1000_20260807_001,S000540,train,TOPO-0243,16,0.11754060690398388,0.07891208164014593,-0.03862852526383795
improved_dataset_1000_20260807_001:S000541,improved_dataset_1000_20260807_001,S000541,train,TOPO-0244,16,0.043934429789892704,0.041096762127169895,-0.0028376676627228092
improved_dataset_1000_20260807_001:S000542,improved_dataset_1000_20260807_001,S000542,train,TOPO-0232,17,0.49961853472371914,0.49216738502888435,-0.007451149694834791
improved_dataset_1000_20260807_001:S000544,improved_dataset_1000_20260807_001,S000544,train,TOPO-0246,17,0.8205871668166236,0.9034442570199617,0.08285709020333809
improved_dataset_1000_20260807_001:S000546,improved_dataset_1000_20260807_001,S000546,train,TOPO-0247,17,0.1738990771315417,0.1522423674715146,-0.021656709660027113
improved_dataset_1000_20260807_001:S000547,improved_dataset_1000_20260807_001,S000547,train,TOPO-0248,17,0.05076875149465271,0.03798659339594471,-0.012782158098708002
improved_dataset_1000_20260807_001:S000548,improved_dataset_1000_20260807_001,S000548,train,TOPO-0249,17,0.2920534967557403,0.30315803997645185,0.011104543220711527
improved_dataset_1000_20260807_001:S000549,improved_dataset_1000_20260807_001,S000549,train,TOPO-0019,17,0.13690241211747775,0.12234355893645327,-0.014558853181024484
improved_dataset_1000_20260807_001:S000550,improved_dataset_1000_20260807_001,S000550,train,TOPO-0250,17,1.3528623865841054,1.261968228536306,-0.09089415804779932
improved_dataset_1000_20260807_001:S000551,improved_dataset_1000_20260807_001,S000551,train,TOPO-0251,17,0.03530402670741678,0.04173017510887547,0.006426148401458692
improved_dataset_1000_20260807_001:S000552,improved_dataset_1000_20260807_001,S000552,train,TOPO-0252,17,0.039452969808880994,0.035540142659923085,-0.003912827148957909
improved_dataset_1000_20260807_001:S000554,improved_dataset_1000_20260807_001,S000554,train,TOPO-0253,17,0.29547470039878654,0.2885265279789261,-0.006948172419860454
improved_dataset_1000_20260807_001:S000556,improved_dataset_1000_20260807_001,S000556,train,TOPO-0254,17,0.3266761311028037,0.3047115698306928,-0.021964561272110883
improved_dataset_1000_20260807_001:S000557,improved_dataset_1000_20260807_001,S000557,train,TOPO-0255,17,0.045328449799802745,0.03252600347076973,-0.012802446329033018
improved_dataset_1000_20260807_001:S000559,improved_dataset_1000_20260807_001,S000559,train,TOPO-0256,17,0.873389068885311,0.9043323552026403,0.030943286317329344
improved_dataset_1000_20260807_001:S000561,improved_dataset_1000_20260807_001,S000561,train,TOPO-0238,17,0.6951621860916808,0.729760876719221,0.034598690627540174
improved_dataset_1000_20260807_001:S000562,improved_dataset_1000_20260807_001,S000562,train,TOPO-0240,17,0.08375516447130213,0.0865725757366973,0.00281741126539517
improved_dataset_1000_20260807_001:S000564,improved_dataset_1000_20260807_001,S000564,train,TOPO-0229,17,0.3271412430274042,0.3621340049404099,0.03499276191300571
improved_dataset_1000_20260807_001:S000567,improved_dataset_1000_20260807_001,S000567,train,TOPO-0244,17,0.22441599869062642,0.19947265009931847,-0.02494334859130795
improved_dataset_1000_20260807_001:S000568,improved_dataset_1000_20260807_001,S000568,train,TOPO-0192,17,0.23054260654506512,0.23921909850223597,0.008676491957170851
improved_dataset_1000_20260807_001:S000569,improved_dataset_1000_20260807_001,S000569,train,TOPO-0244,17,0.044882108732652554,0.04246411669628142,-0.002417992036371136
improved_dataset_1000_20260807_001:S000570,improved_dataset_1000_20260807_001,S000570,train,TOPO-0258,17,0.05431967990748887,0.050953552655395556,-0.003366127252093315
improved_dataset_1000_20260807_001:S000571,improved_dataset_1000_20260807_001,S000571,train,TOPO-0243,17,0.05701282576214339,0.06273643052260391,0.005723604760460521
improved_dataset_1000_20260807_001:S000575,improved_dataset_1000_20260807_001,S000575,train,TOPO-0260,18,0.07041320189181147,0.05512187144126013,-0.015291330450551338
improved_dataset_1000_20260807_001:S000576,improved_dataset_1000_20260807_001,S000576,train,TOPO-0261,18,0.16467190084733524,0.13896805531693873,-0.025703845530396507
improved_dataset_1000_20260807_001:S000577,improved_dataset_1000_20260807_001,S000577,train,TOPO-0251,18,0.07856693767164091,0.08281651548879676,0.004249577817155847
improved_dataset_1000_20260807_001:S000578,improved_dataset_1000_20260807_001,S000578,train,TOPO-0250,18,0.7016490294081286,0.8098999807189553,0.10825095131082674
improved_dataset_1000_20260807_001:S000579,improved_dataset_1000_20260807_001,S000579,train,TOPO-0019,18,0.06990834116449263,0.09545820518110182,0.02554986401660919
improved_dataset_1000_20260807_001:S000580,improved_dataset_1000_20260807_001,S000580,train,TOPO-0262,18,0.05053870503364527,0.026859560162589974,-0.023679144871055297
improved_dataset_1000_20260807_001:S000581,improved_dataset_1000_20260807_001,S000581,train,TOPO-0263,18,0.22469879309146648,0.20722812059627865,-0.017470672495187828
improved_dataset_1000_20260807_001:S000582,improved_dataset_1000_20260807_001,S000582,train,TOPO-0264,18,0.028824908198331278,0.04192678631164329,0.01310187811331201
improved_dataset_1000_20260807_001:S000583,improved_dataset_1000_20260807_001,S000583,train,TOPO-0254,18,0.05833585818791415,0.07483693803758884,0.016501079849674694
improved_dataset_1000_20260807_001:S000584,improved_dataset_1000_20260807_001,S000584,train,TOPO-0265,18,0.052240879069114204,0.04600246046415657,-0.006238418604957635
improved_dataset_1000_20260807_001:S000585,improved_dataset_1000_20260807_001,S000585,train,TOPO-0264,18,0.0990732240286467,0.08967844701327729,-0.009394777015369407
improved_dataset_1000_20260807_001:S000587,improved_dataset_1000_20260807_001,S000587,train,TOPO-0256,18,0.026333636602010102,0.015710201387078432,-0.01062343521493167
improved_dataset_1000_20260807_001:S000588,improved_dataset_1000_20260807_001,S000588,train,TOPO-0129,18,0.12054900554261118,0.09893246912526739,-0.02161653641734379
improved_dataset_1000_20260807_001:S000590,improved_dataset_1000_20260807_001,S000590,train,TOPO-0238,18,0.06402749200801416,0.05486532931544019,-0.009162162692573972
improved_dataset_1000_20260807_001:S000593,improved_dataset_1000_20260807_001,S000593,train,TOPO-0202,18,0.11959445067241901,0.10090815227415545,-0.018686298398263565
improved_dataset_1000_20260807_001:S000598,improved_dataset_1000_20260807_001,S000598,train,TOPO-0268,18,0.06546281002651466,0.06686706965057931,0.001404259624064652
improved_dataset_1000_20260807_001:S000599,improved_dataset_1000_20260807_001,S000599,train,TOPO-0269,18,1.376815995558501,1.3826687680112977,0.005852772452796584
improved_dataset_1000_20260807_001:S000600,improved_dataset_1000_20260807_001,S000600,train,TOPO-0230,18,0.10086673754457465,0.08637684524685676,-0.014489892297717882
improved_dataset_1000_20260807_001:S000601,improved_dataset_1000_20260807_001,S000601,train,TOPO-0258,18,0.03863133892471465,0.030887813760018284,-0.007743525164696369
improved_dataset_1000_20260807_001:S000602,improved_dataset_1000_20260807_001,S000602,train,TOPO-0270,19,0.3868016386568558,0.409849715577012,0.023048076920156202
improved_dataset_1000_20260807_001:S000603,improved_dataset_1000_20260807_001,S000603,train,TOPO-0261,19,0.0769940374384992,0.07419856971929237,-0.002795467719206829
improved_dataset_1000_20260807_001:S000604,improved_dataset_1000_20260807_001,S000604,train,TOPO-0005,19,0.051462307619392855,0.06183969498663819,0.010377387367245333
improved_dataset_1000_20260807_001:S000605,improved_dataset_1000_20260807_001,S000605,train,TOPO-0246,19,0.06498651410883755,0.04916284044323635,-0.015823673665601196
improved_dataset_1000_20260807_001:S000608,improved_dataset_1000_20260807_001,S000608,train,TOPO-0195,19,0.042634539953211315,0.01197122484776747,-0.030663315105443845
improved_dataset_1000_20260807_001:S000609,improved_dataset_1000_20260807_001,S000609,train,TOPO-0251,19,0.4090594295842578,0.4083184210714353,-0.0007410085128224941
improved_dataset_1000_20260807_001:S000610,improved_dataset_1000_20260807_001,S000610,train,TOPO-0251,19,0.042909035889549,0.03719938459293648,-0.005709651296612522
improved_dataset_1000_20260807_001:S000612,improved_dataset_1000_20260807_001,S000612,train,TOPO-0253,19,0.10139451803000121,0.08768950011548429,-0.01370501791451692
improved_dataset_1000_20260807_001:S000613,improved_dataset_1000_20260807_001,S000613,train,TOPO-0162,19,0.12595854595100078,0.10935801981753636,-0.016600526133464424
improved_dataset_1000_20260807_001:S000614,improved_dataset_1000_20260807_001,S000614,train,TOPO-0254,19,3.605087017776965,3.715012554525538,0.1099255367485732
improved_dataset_1000_20260807_001:S000615,improved_dataset_1000_20260807_001,S000615,train,TOPO-0254,19,0.14834107447860445,0.14669930355564867,-0.001641770922955782
improved_dataset_1000_20260807_001:S000617,improved_dataset_1000_20260807_001,S000617,train,TOPO-0271,19,0.2616068582524077,0.2346506694460294,-0.026956188806378317
improved_dataset_1000_20260807_001:S000618,improved_dataset_1000_20260807_001,S000618,train,TOPO-0214,19,0.06665157086937085,0.06968391853302092,0.00303234766365007
improved_dataset_1000_20260807_001:S000619,improved_dataset_1000_20260807_001,S000619,train,TOPO-0033,19,0.17008202486067664,0.1673485306818533,-0.002733494178823348
improved_dataset_1000_20260807_001:S000620,improved_dataset_1000_20260807_001,S000620,train,TOPO-0214,19,0.05124200205558124,0.029286698880205964,-0.02195530317537528
improved_dataset_1000_20260807_001:S000622,improved_dataset_1000_20260807_001,S000622,train,TOPO-0272,19,0.04417611651693912,0.03773156864299948,-0.006444547873939638
improved_dataset_1000_20260807_001:S000623,improved_dataset_1000_20260807_001,S000623,train,TOPO-0273,19,0.11727083286225636,0.09627984667626728,-0.020990986185989075
improved_dataset_1000_20260807_001:S000624,improved_dataset_1000_20260807_001,S000624,train,TOPO-0274,19,0.0628410337519679,0.03134971055188421,-0.03149132320008369
improved_dataset_1000_20260807_001:S000625,improved_dataset_1000_20260807_001,S000625,train,TOPO-0202,19,0.15539450270427507,0.16843792482341316,0.013043422119138087
improved_dataset_1000_20260807_001:S000627,improved_dataset_1000_20260807_001,S000627,train,TOPO-0192,19,0.580241500283506,0.5286791751324795,-0.051562325151026434
improved_dataset_1000_20260807_001:S000628,improved_dataset_1000_20260807_001,S000628,train,TOPO-0142,19,0.09579053106266507,0.09437526783250887,-0.0014152632301561996
improved_dataset_1000_20260807_001:S000629,improved_dataset_1000_20260807_001,S000629,train,TOPO-0275,19,0.04111521465464646,0.04318809455550998,0.0020728799008635224
improved_dataset_1000_20260807_001:S000630,improved_dataset_1000_20260807_001,S000630,train,TOPO-0258,19,0.048541704387517204,0.034279173968028376,-0.014262530419488828
improved_dataset_1000_20260807_001:S000631,improved_dataset_1000_20260807_001,S000631,train,TOPO-0258,19,0.19614352738029506,0.18978680939885423,-0.006356717981440829
improved_dataset_1000_20260807_001:S000634,improved_dataset_1000_20260807_001,S000634,train,TOPO-0276,20,0.10461906272078356,0.10342188735562208,-0.0011971753651614792
improved_dataset_1000_20260807_001:S000636,improved_dataset_1000_20260807_001,S000636,train,TOPO-0005,20,0.10202157502323153,0.0851185505267413,-0.016903024496490227
improved_dataset_1000_20260807_001:S000637,improved_dataset_1000_20260807_001,S000637,train,TOPO-0207,20,0.13370431534201188,0.1097210327085661,-0.023983282633445777
improved_dataset_1000_20260807_001:S000638,improved_dataset_1000_20260807_001,S000638,train,TOPO-0019,20,0.5533221594979605,0.6241084317618623,0.07078627226390177
improved_dataset_1000_20260807_001:S000639,improved_dataset_1000_20260807_001,S000639,train,TOPO-0262,20,0.2400030125900162,0.2409117809989885,0.0009087684089723047
improved_dataset_1000_20260807_001:S000640,improved_dataset_1000_20260807_001,S000640,train,TOPO-0277,20,0.011909999382822223,0.011600030876413148,-0.00030996850640907514
improved_dataset_1000_20260807_001:S000641,improved_dataset_1000_20260807_001,S000641,train,TOPO-0278,20,0.07687093923766217,0.07914244643112706,0.002271507193464889
improved_dataset_1000_20260807_001:S000644,improved_dataset_1000_20260807_001,S000644,train,TOPO-0254,20,0.270117489682272,0.25831733445574007,-0.011800155226531939
improved_dataset_1000_20260807_001:S000646,improved_dataset_1000_20260807_001,S000646,train,TOPO-0254,20,0.062104428803781836,0.059547464511884196,-0.00255696429189764
improved_dataset_1000_20260807_001:S000648,improved_dataset_1000_20260807_001,S000648,train,TOPO-0214,20,0.17839228348858363,0.15453756372052374,-0.02385471976805989
improved_dataset_1000_20260807_001:S000650,improved_dataset_1000_20260807_001,S000650,train,TOPO-0129,20,0.08537823350830193,0.09562542391629628,0.01024719040799435
improved_dataset_1000_20260807_001:S000651,improved_dataset_1000_20260807_001,S000651,train,TOPO-0129,20,0.1181232886988778,0.11811772853533685,-5.56016354094635e-06
improved_dataset_1000_20260807_001:S000656,improved_dataset_1000_20260807_001,S000656,train,TOPO-0280,20,0.2414898178290159,0.2512421855148627,0.009752367685846808
improved_dataset_1000_20260807_001:S000657,improved_dataset_1000_20260807_001,S000657,train,TOPO-0230,20,0.0623885807493223,0.04346693039048935,-0.018921650358832948
improved_dataset_1000_20260807_001:S000658,improved_dataset_1000_20260807_001,S000658,train,TOPO-0281,20,0.26442246034245226,0.2730842083163404,0.008661747973888134
improved_dataset_1000_20260807_001:S000659,improved_dataset_1000_20260807_001,S000659,train,TOPO-0282,20,0.13276970915017272,0.1425985343902072,0.009828825240034478
improved_dataset_1000_20260807_001:S000660,improved_dataset_1000_20260807_001,S000660,train,TOPO-0283,20,0.20317463669568334,0.18111884337947948,-0.02205579331620386
improved_dataset_1000_20260807_001:S000662,improved_dataset_1000_20260807_001,S000662,train,TOPO-0284,21,0.06795467583878678,0.06820913820877844,0.0002544623699916593
improved_dataset_1000_20260807_001:S000668,improved_dataset_1000_20260807_001,S000668,train,TOPO-0285,21,0.1396984899691342,0.10175609843614922,-0.03794239153298498
improved_dataset_1000_20260807_001:S000670,improved_dataset_1000_20260807_001,S000670,train,TOPO-0286,21,0.08699671859368019,0.08936979427075961,0.0023730756770794226
improved_dataset_1000_20260807_001:S000672,improved_dataset_1000_20260807_001,S000672,train,TOPO-0264,21,0.10313172958457743,0.10287077328312193,-0.0002609563014555061
improved_dataset_1000_20260807_001:S000673,improved_dataset_1000_20260807_001,S000673,train,TOPO-0264,21,0.3612924253778905,0.3377322085850165,-0.02356021679287401
improved_dataset_1000_20260807_001:S000677,improved_dataset_1000_20260807_001,S000677,train,TOPO-0288,21,0.07417878020592619,0.08229890034053094,0.008120120134604752
improved_dataset_1000_20260807_001:S000679,improved_dataset_1000_20260807_001,S000679,train,TOPO-0289,21,0.09039060421948178,0.09181093950721922,0.0014203352877374398
improved_dataset_1000_20260807_001:S000683,improved_dataset_1000_20260807_001,S000683,train,TOPO-0290,21,0.03157856858098973,0.024582248752604258,-0.006996319828385472
improved_dataset_1000_20260807_001:S000685,improved_dataset_1000_20260807_001,S000685,train,TOPO-0291,21,0.014764061039191562,-0.030919155159212758,-0.04568321619840432
improved_dataset_1000_20260807_001:S000686,improved_dataset_1000_20260807_001,S000686,train,TOPO-0240,21,0.042550872225118885,0.05260101637938133,0.010050144154262447
improved_dataset_1000_20260807_001:S000687,improved_dataset_1000_20260807_001,S000687,train,TOPO-0292,21,0.034654463785044554,0.016315049559142314,-0.01833941422590224
improved_dataset_1000_20260807_001:S000688,improved_dataset_1000_20260807_001,S000688,train,TOPO-0243,21,0.12003949719767608,0.1307323442633771,0.01069284706570102
improved_dataset_1000_20260807_001:S000689,improved_dataset_1000_20260807_001,S000689,train,TOPO-0275,21,0.8935913925614118,0.9822989632417354,0.08870757068032353
improved_dataset_1000_20260807_001:S000690,improved_dataset_1000_20260807_001,S000690,train,TOPO-0142,21,0.010356273225097495,0.02316203018585719,0.012805756960759695
improved_dataset_1000_20260807_001:S000691,improved_dataset_1000_20260807_001,S000691,train,TOPO-0281,21,0.07737011246945052,0.08741386880224036,0.010043756332789838
improved_dataset_1000_20260807_001:S000692,improved_dataset_1000_20260807_001,S000692,train,TOPO-0293,22,0.09155978776895424,0.08726306528269065,-0.004296722486263588
improved_dataset_1000_20260807_001:S000693,improved_dataset_1000_20260807_001,S000693,train,TOPO-0294,22,0.026859156944623264,0.024963098733161382,-0.0018960582114618818
improved_dataset_1000_20260807_001:S000694,improved_dataset_1000_20260807_001,S000694,train,TOPO-0247,22,0.0652040077578813,0.0581038168590714,-0.007100190898809894
improved_dataset_1000_20260807_001:S000696,improved_dataset_1000_20260807_001,S000696,train,TOPO-0295,22,0.051075642811315825,0.05222799731617769,0.0011523545048618689
improved_dataset_1000_20260807_001:S000697,improved_dataset_1000_20260807_001,S000697,train,TOPO-0262,22,0.09865986194677379,0.11032161525898214,0.011661753312208353
improved_dataset_1000_20260807_001:S000699,improved_dataset_1000_20260807_001,S000699,train,TOPO-0223,22,0.3224078460941923,0.3015900367194058,-0.0208178093747865
improved_dataset_1000_20260807_001:S000700,improved_dataset_1000_20260807_001,S000700,train,TOPO-0296,22,0.12808768006371996,0.11393472412668472,-0.014152955937035236
improved_dataset_1000_20260807_001:S000701,improved_dataset_1000_20260807_001,S000701,train,TOPO-0262,22,0.0714283773999988,0.07058975830623498,-0.0008386190937638149
improved_dataset_1000_20260807_001:S000702,improved_dataset_1000_20260807_001,S000702,train,TOPO-0297,22,0.15158672444664434,0.1434416896860965,-0.008145034760547842
improved_dataset_1000_20260807_001:S000704,improved_dataset_1000_20260807_001,S000704,train,TOPO-0162,22,0.22422872052477558,0.22597179266680545,0.0017430721420298723
improved_dataset_1000_20260807_001:S000708,improved_dataset_1000_20260807_001,S000708,train,TOPO-0238,22,0.04191675891747115,0.040750758667735865,-0.0011660002497352884
improved_dataset_1000_20260807_001:S000709,improved_dataset_1000_20260807_001,S000709,train,TOPO-0214,22,0.04576358565187802,0.037443543682778746,-0.008320041969099273
improved_dataset_1000_20260807_001:S000710,improved_dataset_1000_20260807_001,S000710,train,TOPO-0298,22,0.47061616992214766,0.5480693329356325,0.07745316301348487
improved_dataset_1000_20260807_001:S000711,improved_dataset_1000_20260807_001,S000711,train,TOPO-0299,22,0.06303327322309665,0.06633693352334721,0.0033036603002505605
improved_dataset_1000_20260807_001:S000713,improved_dataset_1000_20260807_001,S000713,train,TOPO-0300,22,0.06602312383525527,0.061780379501535254,-0.004242744333720017
improved_dataset_1000_20260807_001:S000715,improved_dataset_1000_20260807_001,S000715,train,TOPO-0301,22,0.09945210036336675,0.08798529232706376,-0.011466808036302997
improved_dataset_1000_20260807_001:S000716,improved_dataset_1000_20260807_001,S000716,train,TOPO-0291,22,0.0765280235789732,0.07238900176168989,-0.004139021817283317
improved_dataset_1000_20260807_001:S000719,improved_dataset_1000_20260807_001,S000719,train,TOPO-0142,22,0.4699556352266812,0.4915373887888967,0.021581753562215478
improved_dataset_1000_20260807_001:S000721,improved_dataset_1000_20260807_001,S000721,train,TOPO-0142,22,0.1337530251334904,0.10208652494886929,-0.031666500184621124
improved_dataset_1000_20260807_001:S000722,improved_dataset_1000_20260807_001,S000722,train,TOPO-0302,23,0.058817353495161984,0.04389775817692032,-0.014919595318241663
improved_dataset_1000_20260807_001:S000724,improved_dataset_1000_20260807_001,S000724,train,TOPO-0302,23,0.12349645460227048,0.11454754115909069,-0.008948913443179787
improved_dataset_1000_20260807_001:S000725,improved_dataset_1000_20260807_001,S000725,train,TOPO-0302,23,0.1142866803566273,0.09598787442437244,-0.018298805932254858
improved_dataset_1000_20260807_001:S000726,improved_dataset_1000_20260807_001,S000726,train,TOPO-0247,23,0.13139624264556582,0.10231718684782588,-0.029079055797739936
improved_dataset_1000_20260807_001:S000727,improved_dataset_1000_20260807_001,S000727,train,TOPO-0248,23,0.08168520259519771,0.07367168055779222,-0.00801352203740549
improved_dataset_1000_20260807_001:S000728,improved_dataset_1000_20260807_001,S000728,train,TOPO-0262,23,0.47272243202625513,0.4682767417232903,-0.004445690302964822
improved_dataset_1000_20260807_001:S000730,improved_dataset_1000_20260807_001,S000730,train,TOPO-0303,23,0.024579744556811,0.019391241871172582,-0.005188502685638419
improved_dataset_1000_20260807_001:S000731,improved_dataset_1000_20260807_001,S000731,train,TOPO-0250,23,0.22743508990043346,0.2128118402236943,-0.01462324967673917
improved_dataset_1000_20260807_001:S000733,improved_dataset_1000_20260807_001,S000733,train,TOPO-0304,23,0.6010834974307955,0.6810774429625139,0.07999394553171846
improved_dataset_1000_20260807_001:S000734,improved_dataset_1000_20260807_001,S000734,train,TOPO-0305,23,0.02863516231199667,0.033783237090972806,0.005148074778976136
improved_dataset_1000_20260807_001:S000735,improved_dataset_1000_20260807_001,S000735,train,TOPO-0162,23,0.37263921240310244,0.3327351601565717,-0.03990405224653076
improved_dataset_1000_20260807_001:S000737,improved_dataset_1000_20260807_001,S000737,train,TOPO-0307,23,0.05205198206270947,0.0436442401858507,-0.008407741876858776
improved_dataset_1000_20260807_001:S000738,improved_dataset_1000_20260807_001,S000738,train,TOPO-0299,23,0.05604411581911986,0.0279950219568465,-0.02804909386227336
improved_dataset_1000_20260807_001:S000740,improved_dataset_1000_20260807_001,S000740,train,TOPO-0299,23,0.055051807014044635,0.05314839538018987,-0.001903411633854768
improved_dataset_1000_20260807_001:S000741,improved_dataset_1000_20260807_001,S000741,train,TOPO-0308,23,0.5361689488641255,0.5370667667220019,0.0008978178578764595
improved_dataset_1000_20260807_001:S000742,improved_dataset_1000_20260807_001,S000742,train,TOPO-0309,23,0.0777581142634172,0.07090490498021657,-0.006853209283200629
improved_dataset_1000_20260807_001:S000746,improved_dataset_1000_20260807_001,S000746,train,TOPO-0311,23,0.024351650519642415,0.02161467062760683,-0.0027369798920355848
improved_dataset_1000_20260807_001:S000747,improved_dataset_1000_20260807_001,S000747,train,TOPO-0275,23,0.4389439504089987,0.44276516219152035,0.0038212117825216496
improved_dataset_1000_20260807_001:S000748,improved_dataset_1000_20260807_001,S000748,train,TOPO-0312,23,0.024884789559626558,0.038031775030214515,0.013146985470587957
improved_dataset_1000_20260807_001:S000749,improved_dataset_1000_20260807_001,S000749,train,TOPO-0275,23,0.1302428854012867,0.10677025179518189,-0.023472633606104812
improved_dataset_1000_20260807_001:S000750,improved_dataset_1000_20260807_001,S000750,train,TOPO-0230,23,0.0587661554243889,0.08118983871209481,0.022423683287705914
improved_dataset_1000_20260807_001:S000753,improved_dataset_1000_20260807_001,S000753,train,TOPO-0302,24,0.3291906407872064,0.2917781307174745,-0.0374125100697319
improved_dataset_1000_20260807_001:S000754,improved_dataset_1000_20260807_001,S000754,train,TOPO-0315,24,0.2567355952603281,0.24916949395923363,-0.007566101301094447
improved_dataset_1000_20260807_001:S000755,improved_dataset_1000_20260807_001,S000755,train,TOPO-0220,24,0.1193137366905947,0.10046885691042358,-0.018844879780171117
improved_dataset_1000_20260807_001:S000756,improved_dataset_1000_20260807_001,S000756,train,TOPO-0246,24,0.14449965935375078,0.11242758025511417,-0.032072079098636616
improved_dataset_1000_20260807_001:S000758,improved_dataset_1000_20260807_001,S000758,train,TOPO-0207,24,0.09804137864083562,0.0919071282142779,-0.006134250426557714
improved_dataset_1000_20260807_001:S000759,improved_dataset_1000_20260807_001,S000759,train,TOPO-0317,24,0.10377872464516166,0.09190836970117541,-0.01187035494398625
improved_dataset_1000_20260807_001:S000760,improved_dataset_1000_20260807_001,S000760,train,TOPO-0318,24,0.04208994103417327,0.030745520261765996,-0.011344420772407271
improved_dataset_1000_20260807_001:S000761,improved_dataset_1000_20260807_001,S000761,train,TOPO-0318,24,0.47107061779262854,0.418279050837088,-0.05279156695554055
improved_dataset_1000_20260807_001:S000763,improved_dataset_1000_20260807_001,S000763,train,TOPO-0319,24,0.07060951598660381,0.0740055662562267,0.003396050269622891
improved_dataset_1000_20260807_001:S000764,improved_dataset_1000_20260807_001,S000764,train,TOPO-0252,24,0.10022028364494573,0.09197576015661167,-0.008244523488334057
improved_dataset_1000_20260807_001:S000767,improved_dataset_1000_20260807_001,S000767,train,TOPO-0320,24,0.07563701798253442,0.05491347141846559,-0.02072354656406883
improved_dataset_1000_20260807_001:S000768,improved_dataset_1000_20260807_001,S000768,train,TOPO-0214,24,0.3201870382545417,0.28098846889576645,-0.03919856935877525
improved_dataset_1000_20260807_001:S000769,improved_dataset_1000_20260807_001,S000769,train,TOPO-0129,24,0.04542121115414438,0.051175428647077525,0.005754217492933145
improved_dataset_1000_20260807_001:S000770,improved_dataset_1000_20260807_001,S000770,train,TOPO-0289,24,0.04072732958167016,0.029758294125271173,-0.01096903545639899
improved_dataset_1000_20260807_001:S000771,improved_dataset_1000_20260807_001,S000771,train,TOPO-0289,24,0.2918828506678288,0.22622550828773375,-0.06565734238009507
improved_dataset_1000_20260807_001:S000773,improved_dataset_1000_20260807_001,S000773,train,TOPO-0321,24,0.22221327530942026,0.2300077153638506,0.007794440054430335
improved_dataset_1000_20260807_001:S000776,improved_dataset_1000_20260807_001,S000776,train,TOPO-0322,24,0.12725537981993448,0.11973048368118816,-0.007524896138746323
improved_dataset_1000_20260807_001:S000777,improved_dataset_1000_20260807_001,S000777,train,TOPO-0281,24,0.10044013293579503,0.09254860555531769,-0.00789152738047734
improved_dataset_1000_20260807_001:S000778,improved_dataset_1000_20260807_001,S000778,train,TOPO-0281,24,0.27758691151759823,0.2838784700061686,0.006291558488570381
improved_dataset_1000_20260807_001:S000781,improved_dataset_1000_20260807_001,S000781,train,TOPO-0324,24,0.03072525325343925,0.02929134649782225,-0.0014339067556169982
improved_dataset_1000_20260807_001:S000782,improved_dataset_1000_20260807_001,S000782,train,TOPO-0325,25,0.17008638067581705,0.17360991414166493,0.0035235334658478834
improved_dataset_1000_20260807_001:S000783,improved_dataset_1000_20260807_001,S000783,train,TOPO-0326,25,0.08518788279501724,0.08772360386666869,0.0025357210716514533
improved_dataset_1000_20260807_001:S000784,improved_dataset_1000_20260807_001,S000784,train,TOPO-0327,25,0.13733474136028473,0.1566126719312033,0.01927793057091856
improved_dataset_1000_20260807_001:S000785,improved_dataset_1000_20260807_001,S000785,train,TOPO-0326,25,0.02967864796584674,0.02334483647876473,-0.006333811487082008
improved_dataset_1000_20260807_001:S000786,improved_dataset_1000_20260807_001,S000786,train,TOPO-0261,25,0.1291769680952886,0.13198970521556969,0.0028127371202810725
improved_dataset_1000_20260807_001:S000787,improved_dataset_1000_20260807_001,S000787,train,TOPO-0147,25,0.11226547602149745,0.1010358980926088,-0.011229577928888651
improved_dataset_1000_20260807_001:S000791,improved_dataset_1000_20260807_001,S000791,train,TOPO-0328,25,0.09816618521253162,0.10807307026762149,0.009906885055089867
improved_dataset_1000_20260807_001:S000794,improved_dataset_1000_20260807_001,S000794,train,TOPO-0329,25,1.175236807888832,1.1990877872797006,0.023850979390868554
improved_dataset_1000_20260807_001:S000795,improved_dataset_1000_20260807_001,S000795,train,TOPO-0162,25,0.12106340555814243,0.11226709950436342,-0.008796306053779013
improved_dataset_1000_20260807_001:S000796,improved_dataset_1000_20260807_001,S000796,train,TOPO-0330,25,0.03291445092669959,0.02260026267023657,-0.01031418825646302
improved_dataset_1000_20260807_001:S000797,improved_dataset_1000_20260807_001,S000797,train,TOPO-0331,25,0.06673025142787498,0.07561116958866845,0.008880918160793477
improved_dataset_1000_20260807_001:S000798,improved_dataset_1000_20260807_001,S000798,train,TOPO-0332,25,0.290124825638471,0.23881306994713258,-0.05131175569133839
improved_dataset_1000_20260807_001:S000799,improved_dataset_1000_20260807_001,S000799,train,TOPO-0333,25,0.07300941626946861,0.06975442862219963,-0.0032549876472689754
improved_dataset_1000_20260807_001:S000801,improved_dataset_1000_20260807_001,S000801,train,TOPO-0298,25,0.026841266800100266,0.04036496396158698,0.013523697161486714
improved_dataset_1000_20260807_001:S000804,improved_dataset_1000_20260807_001,S000804,train,TOPO-0334,25,0.048433419141457185,0.035550053333104875,-0.01288336580835231
improved_dataset_1000_20260807_001:S000805,improved_dataset_1000_20260807_001,S000805,train,TOPO-0335,25,0.18960236901208158,0.17765627806184808,-0.011946090950233496
improved_dataset_1000_20260807_001:S000807,improved_dataset_1000_20260807_001,S000807,train,TOPO-0336,25,0.20846751712695435,0.18258261744488063,-0.02588489968207372
improved_dataset_1000_20260807_001:S000808,improved_dataset_1000_20260807_001,S000808,train,TOPO-0337,25,0.17142189694205712,0.15827866776515906,-0.013143229176898058
improved_dataset_1000_20260807_001:S000809,improved_dataset_1000_20260807_001,S000809,train,TOPO-0338,25,0.17423195213230963,0.13823259635665805,-0.03599935577565158
improved_dataset_1000_20260807_001:S000810,improved_dataset_1000_20260807_001,S000810,train,TOPO-0243,25,0.5965525583608687,0.653868294568895,0.05731573620802621
improved_dataset_1000_20260807_001:S000812,improved_dataset_1000_20260807_001,S000812,train,TOPO-0340,26,0.11967510487676022,0.10922863990521793,-0.010446464971542294
improved_dataset_1000_20260807_001:S000815,improved_dataset_1000_20260807_001,S000815,train,TOPO-0302,26,0.4097677562197785,0.392286729379008,-0.01748102684077052
improved_dataset_1000_20260807_001:S000816,improved_dataset_1000_20260807_001,S000816,train,TOPO-0341,26,0.24648147056440622,0.2710017360722688,0.02452026550786257
improved_dataset_1000_20260807_001:S000817,improved_dataset_1000_20260807_001,S000817,train,TOPO-0342,26,0.17673470748243272,0.17623435377699181,-0.0005003537054409091
improved_dataset_1000_20260807_001:S000818,improved_dataset_1000_20260807_001,S000818,train,TOPO-0318,26,0.12198189364231228,0.1042757968991235,-0.01770609674318878
improved_dataset_1000_20260807_001:S000819,improved_dataset_1000_20260807_001,S000819,train,TOPO-0343,26,0.3970819459931161,0.3664851936851768,-0.03059675230793929
improved_dataset_1000_20260807_001:S000820,improved_dataset_1000_20260807_001,S000820,train,TOPO-0195,26,0.041975554463617004,0.04387496575080205,0.0018994112871850433
improved_dataset_1000_20260807_001:S000821,improved_dataset_1000_20260807_001,S000821,train,TOPO-0344,26,0.06715480811382368,0.0866812535897249,0.01952644547590121
improved_dataset_1000_20260807_001:S000823,improved_dataset_1000_20260807_001,S000823,train,TOPO-0254,26,0.04991538311210661,0.05103863164637146,0.001123248534264848
improved_dataset_1000_20260807_001:S000824,improved_dataset_1000_20260807_001,S000824,train,TOPO-0345,26,0.04399462598792292,0.04071716424450941,-0.0032774617434135067
improved_dataset_1000_20260807_001:S000827,improved_dataset_1000_20260807_001,S000827,train,TOPO-0289,26,0.32845569115488366,0.3429882290580807,0.01453253790319703
improved_dataset_1000_20260807_001:S000829,improved_dataset_1000_20260807_001,S000829,train,TOPO-0347,26,0.06074146718830761,0.05702154800342327,-0.003719919184884346
improved_dataset_1000_20260807_001:S000830,improved_dataset_1000_20260807_001,S000830,train,TOPO-0347,26,0.027681700374714263,0.018308198412588406,-0.009373501962125858
improved_dataset_1000_20260807_001:S000831,improved_dataset_1000_20260807_001,S000831,train,TOPO-0348,26,0.1198839187285206,0.09843827245206815,-0.021445646276452443
improved_dataset_1000_20260807_001:S000833,improved_dataset_1000_20260807_001,S000833,train,TOPO-0349,26,0.33674323163366626,0.3725796422540205,0.03583641062035425
improved_dataset_1000_20260807_001:S000834,improved_dataset_1000_20260807_001,S000834,train,TOPO-0311,26,1.6129662428139917,1.6421752674345014,0.02920902462050967
improved_dataset_1000_20260807_001:S000837,improved_dataset_1000_20260807_001,S000837,train,TOPO-0337,26,0.06656714976034062,0.08183120994314336,0.015264060182802741
improved_dataset_1000_20260807_001:S000838,improved_dataset_1000_20260807_001,S000838,train,TOPO-0351,26,0.0471552818529799,0.06449482163143155,0.01733953977845165
improved_dataset_1000_20260807_001:S000839,improved_dataset_1000_20260807_001,S000839,train,TOPO-0204,26,0.1022149710932648,0.085429601355061,-0.016785369738203798
improved_dataset_1000_20260807_001:S000840,improved_dataset_1000_20260807_001,S000840,train,TOPO-0352,26,0.12627122026218646,0.13277231415045768,0.00650109388827122
improved_dataset_1000_20260807_001:S000841,improved_dataset_1000_20260807_001,S000841,train,TOPO-0353,26,0.015177741451038201,0.004104612093233179,-0.011073129357805023
improved_dataset_1000_20260807_001:S000844,improved_dataset_1000_20260807_001,S000844,train,TOPO-0261,27,0.31585327277033637,0.25693114801593325,-0.058922124754403116
improved_dataset_1000_20260807_001:S000848,improved_dataset_1000_20260807_001,S000848,train,TOPO-0355,27,0.7280845086336216,0.7122527706086862,-0.015831738024935427
improved_dataset_1000_20260807_001:S000849,improved_dataset_1000_20260807_001,S000849,train,TOPO-0356,27,0.019618296030427057,0.02144548885757444,0.0018271928271473836
improved_dataset_1000_20260807_001:S000851,improved_dataset_1000_20260807_001,S000851,train,TOPO-0223,27,0.12164923881977618,0.11100731924437059,-0.010641919575405598
improved_dataset_1000_20260807_001:S000852,improved_dataset_1000_20260807_001,S000852,train,TOPO-0357,27,0.1300494840257539,0.1253854034443193,-0.004664080581434582
improved_dataset_1000_20260807_001:S000853,improved_dataset_1000_20260807_001,S000853,train,TOPO-0358,27,0.014074643204109727,0.018767994226627754,0.0046933510225180275
improved_dataset_1000_20260807_001:S000854,improved_dataset_1000_20260807_001,S000854,train,TOPO-0225,27,0.11637468093124245,0.1194557330808715,0.003081052149629046
improved_dataset_1000_20260807_001:S000857,improved_dataset_1000_20260807_001,S000857,train,TOPO-0256,27,0.06320770743769541,0.06301395059369191,-0.00019375684400349535
improved_dataset_1000_20260807_001:S000860,improved_dataset_1000_20260807_001,S000860,train,TOPO-0256,27,0.2916931631419894,0.21557732789125128,-0.07611583525073812
improved_dataset_1000_20260807_001:S000861,improved_dataset_1000_20260807_001,S000861,train,TOPO-0359,27,0.05803192734000659,0.05137254917780332,-0.006659378162203272
improved_dataset_1000_20260807_001:S000865,improved_dataset_1000_20260807_001,S000865,train,TOPO-0311,27,0.18137284417100924,0.16051145542282064,-0.020861388748188603
improved_dataset_1000_20260807_001:S000866,improved_dataset_1000_20260807_001,S000866,train,TOPO-0311,27,0.0913085086986998,0.07236771609744722,-0.018940792601252587
improved_dataset_1000_20260807_001:S000867,improved_dataset_1000_20260807_001,S000867,train,TOPO-0361,27,0.3278603716600331,0.3158975736916789,-0.0119627979683542
improved_dataset_1000_20260807_001:S000868,improved_dataset_1000_20260807_001,S000868,train,TOPO-0362,27,0.08633896397998425,0.09225539181652534,0.005916427836541088
improved_dataset_1000_20260807_001:S000869,improved_dataset_1000_20260807_001,S000869,train,TOPO-0204,27,0.2907077143478478,0.2586084419112063,-0.03209927243664151
improved_dataset_1000_20260807_001:S000870,improved_dataset_1000_20260807_001,S000870,train,TOPO-0281,27,0.25013626208941747,0.23672996236948846,-0.013406299719929016
improved_dataset_1000_20260807_001:S000871,improved_dataset_1000_20260807_001,S000871,train,TOPO-0363,27,0.11675842771456041,0.09390075456268458,-0.022857673151875826
improved_dataset_1000_20260807_001:S000874,improved_dataset_1000_20260807_001,S000874,train,TOPO-0364,28,0.15783400854137003,0.16434508737981687,0.006511078838446843
improved_dataset_1000_20260807_001:S000876,improved_dataset_1000_20260807_001,S000876,train,TOPO-0155,28,0.028978937461614673,0.03910253095181315,0.01012359349019848
improved_dataset_1000_20260807_001:S000877,improved_dataset_1000_20260807_001,S000877,train,TOPO-0365,28,0.03739341732291718,0.06005451110502255,0.022661093782105374
improved_dataset_1000_20260807_001:S000878,improved_dataset_1000_20260807_001,S000878,train,TOPO-0366,28,0.0311440269448654,0.014719261400890193,-0.016424765543975206
improved_dataset_1000_20260807_001:S000879,improved_dataset_1000_20260807_001,S000879,train,TOPO-0355,28,0.032055978653574874,0.02234910032097248,-0.009706878332602392
improved_dataset_1000_20260807_001:S000880,improved_dataset_1000_20260807_001,S000880,train,TOPO-0367,28,0.040476719004360506,0.035855522775885385,-0.004621196228475122
improved_dataset_1000_20260807_001:S000881,improved_dataset_1000_20260807_001,S000881,train,TOPO-0368,28,0.3951188050451925,0.4321957157401314,0.0370769106949389
improved_dataset_1000_20260807_001:S000884,improved_dataset_1000_20260807_001,S000884,train,TOPO-0161,28,0.1005054011914065,0.07619513531445637,-0.02431026587695012
improved_dataset_1000_20260807_001:S000885,improved_dataset_1000_20260807_001,S000885,train,TOPO-0357,28,0.5841368829499041,0.5879319704525825,0.003795087502678429
improved_dataset_1000_20260807_001:S000887,improved_dataset_1000_20260807_001,S000887,train,TOPO-0369,28,0.024098196194567545,0.016540703066512397,-0.007557493128055148
improved_dataset_1000_20260807_001:S000888,improved_dataset_1000_20260807_001,S000888,train,TOPO-0348,28,0.03225463777917362,0.03414428694716462,0.0018896491679910032
improved_dataset_1000_20260807_001:S000889,improved_dataset_1000_20260807_001,S000889,train,TOPO-0370,28,0.15245986112055837,0.13256507072656765,-0.019894790393990724
improved_dataset_1000_20260807_001:S000890,improved_dataset_1000_20260807_001,S000890,train,TOPO-0371,28,0.034244921662856254,0.04841359779509363,0.014168676132237379
improved_dataset_1000_20260807_001:S000892,improved_dataset_1000_20260807_001,S000892,train,TOPO-0373,28,0.10398338959626457,0.06767180782414031,-0.03631158177212426
improved_dataset_1000_20260807_001:S000893,improved_dataset_1000_20260807_001,S000893,train,TOPO-0374,28,0.32615060014919145,0.35442985719346254,0.02827925704427109
improved_dataset_1000_20260807_001:S000894,improved_dataset_1000_20260807_001,S000894,train,TOPO-0375,28,0.020578867337122497,0.01746801950195337,-0.0031108478351691282
improved_dataset_1000_20260807_001:S000897,improved_dataset_1000_20260807_001,S000897,train,TOPO-0351,28,0.12403486730881925,0.11599637759047508,-0.008038489718344172
improved_dataset_1000_20260807_001:S000898,improved_dataset_1000_20260807_001,S000898,train,TOPO-0376,28,0.26750854741116564,0.24434589822796857,-0.023162649183197076
improved_dataset_1000_20260807_001:S000899,improved_dataset_1000_20260807_001,S000899,train,TOPO-0351,28,0.2222184674039291,0.1947381960453189,-0.027480271358610198
improved_dataset_1000_20260807_001:S000900,improved_dataset_1000_20260807_001,S000900,train,TOPO-0377,28,0.2868657898950362,0.2674950077762835,-0.019370782118752705
improved_dataset_1000_20260807_001:S000901,improved_dataset_1000_20260807_001,S000901,train,TOPO-0363,28,0.06554837712345024,0.043459194972127996,-0.022089182151322245
improved_dataset_1000_20260807_001:S000902,improved_dataset_1000_20260807_001,S000902,train,TOPO-0378,29,0.025821719560273848,0.017825652616427268,-0.00799606694384658
improved_dataset_1000_20260807_001:S000903,improved_dataset_1000_20260807_001,S000903,train,TOPO-0379,29,0.25826201666455706,0.23977329241723183,-0.018488724247325228
improved_dataset_1000_20260807_001:S000905,improved_dataset_1000_20260807_001,S000905,train,TOPO-0380,29,0.03600910637720556,0.04301064681716002,0.007001540439954462
improved_dataset_1000_20260807_001:S000907,improved_dataset_1000_20260807_001,S000907,train,TOPO-0366,29,0.02961351765322387,0.04169877716246767,0.012085259509243801
improved_dataset_1000_20260807_001:S000908,improved_dataset_1000_20260807_001,S000908,train,TOPO-0286,29,0.059795093398440025,0.05841463424541041,-0.0013804591530296173
improved_dataset_1000_20260807_001:S000909,improved_dataset_1000_20260807_001,S000909,train,TOPO-0366,29,0.08349471749780457,0.0889503733083869,0.005455655810582327
improved_dataset_1000_20260807_001:S000910,improved_dataset_1000_20260807_001,S000910,train,TOPO-0147,29,0.13393514701695447,0.14406335629177186,0.01012820927481739
improved_dataset_1000_20260807_001:S000911,improved_dataset_1000_20260807_001,S000911,train,TOPO-0381,29,0.0232062780522041,0.009472695328045483,-0.013733582724158616
improved_dataset_1000_20260807_001:S000912,improved_dataset_1000_20260807_001,S000912,train,TOPO-0382,29,0.05161712209661143,0.05322518718084995,0.0016080650842385247
improved_dataset_1000_20260807_001:S000914,improved_dataset_1000_20260807_001,S000914,train,TOPO-0383,29,0.02086260545369714,0.02709892308082823,0.006236317627131088
improved_dataset_1000_20260807_001:S000915,improved_dataset_1000_20260807_001,S000915,train,TOPO-0225,29,0.21157465774430453,0.2069183961428494,-0.004656261601455131
improved_dataset_1000_20260807_001:S000916,improved_dataset_1000_20260807_001,S000916,train,TOPO-0384,29,0.17650759761543286,0.18221472879975342,0.005707131184320563
improved_dataset_1000_20260807_001:S000917,improved_dataset_1000_20260807_001,S000917,train,TOPO-0385,29,0.09395261051540336,0.0729087497207796,-0.021043860794623767
improved_dataset_1000_20260807_001:S000918,improved_dataset_1000_20260807_001,S000918,train,TOPO-0139,29,0.16460210700059738,0.14329215418094213,-0.021309952819655253
improved_dataset_1000_20260807_001:S000919,improved_dataset_1000_20260807_001,S000919,train,TOPO-0386,29,0.049652410720817525,0.034826871298810624,-0.0148255394220069
improved_dataset_1000_20260807_001:S000920,improved_dataset_1000_20260807_001,S000920,train,TOPO-0371,29,0.1339446863051669,0.11720865240738997,-0.016736033897776934
improved_dataset_1000_20260807_001:S000924,improved_dataset_1000_20260807_001,S000924,train,TOPO-0202,29,0.2600918728524846,0.23811745661493725,-0.02197441623754734
improved_dataset_1000_20260807_001:S000925,improved_dataset_1000_20260807_001,S000925,train,TOPO-0389,29,0.3314378487926774,0.3263444418811879,-0.0050934069114895175
improved_dataset_1000_20260807_001:S000926,improved_dataset_1000_20260807_001,S000926,train,TOPO-0202,29,0.06986534539604236,0.057379053785907685,-0.012486291610134675
improved_dataset_1000_20260807_001:S000927,improved_dataset_1000_20260807_001,S000927,train,TOPO-0390,29,0.07893103288458131,0.04055528284187429,-0.03837575004270702
improved_dataset_1000_20260807_001:S000928,improved_dataset_1000_20260807_001,S000928,train,TOPO-0337,29,0.07471617425655905,0.08077537308631302,0.006059198829753976
improved_dataset_1000_20260807_001:S000929,improved_dataset_1000_20260807_001,S000929,train,TOPO-0391,29,0.0898546320427315,0.07933978979283443,-0.010514842249897072
improved_dataset_1000_20260807_001:S000930,improved_dataset_1000_20260807_001,S000930,train,TOPO-0391,29,0.1671830150120182,0.17481415112674342,0.007631136114725212
improved_dataset_1000_20260807_001:S000931,improved_dataset_1000_20260807_001,S000931,train,TOPO-0363,29,0.4064990167176449,0.4297583904633564,0.02325937374571152
improved_dataset_1000_20260807_001:S000935,improved_dataset_1000_20260807_001,S000935,train,TOPO-0315,30,0.07164807813686036,0.07147577673308553,-0.00017230140377483272
improved_dataset_1000_20260807_001:S000937,improved_dataset_1000_20260807_001,S000937,train,TOPO-0318,30,0.05264268577294112,0.05697823390499929,0.004335548132058165
improved_dataset_1000_20260807_001:S000938,improved_dataset_1000_20260807_001,S000938,train,TOPO-0366,30,0.03334054620752128,0.05228858612117551,0.018948039913654235
improved_dataset_1000_20260807_001:S000939,improved_dataset_1000_20260807_001,S000939,train,TOPO-0296,30,0.04878206473967309,0.04044707187280816,-0.008334992866864926
improved_dataset_1000_20260807_001:S000941,improved_dataset_1000_20260807_001,S000941,train,TOPO-0366,30,0.02801053523756572,0.013599991991296828,-0.014410543246268892
improved_dataset_1000_20260807_001:S000944,improved_dataset_1000_20260807_001,S000944,train,TOPO-0383,30,0.15425429248791056,0.12382725249995988,-0.030427039987950683
improved_dataset_1000_20260807_001:S000945,improved_dataset_1000_20260807_001,S000945,train,TOPO-0357,30,0.02675410805329606,0.02005553286032888,-0.006698575192967182
improved_dataset_1000_20260807_001:S000946,improved_dataset_1000_20260807_001,S000946,train,TOPO-0392,30,0.14125651358150415,0.14053211128231063,-0.0007244022991935162
improved_dataset_1000_20260807_001:S000947,improved_dataset_1000_20260807_001,S000947,train,TOPO-0371,30,0.1486816875504835,0.14070458246207146,-0.00797710508841204
improved_dataset_1000_20260807_001:S000948,improved_dataset_1000_20260807_001,S000948,train,TOPO-0393,30,0.08105354042834759,0.05482719338458869,-0.026226347043758896
improved_dataset_1000_20260807_001:S000950,improved_dataset_1000_20260807_001,S000950,train,TOPO-0370,30,0.20604857407978672,0.20120636665605823,-0.004842207423728484
improved_dataset_1000_20260807_001:S000951,improved_dataset_1000_20260807_001,S000951,train,TOPO-0395,30,0.11853791348964647,0.11495631928934205,-0.0035815942003044193
improved_dataset_1000_20260807_001:S000952,improved_dataset_1000_20260807_001,S000952,train,TOPO-0396,30,0.47838613769666094,0.4794940321151934,0.0011078944185324846
improved_dataset_1000_20260807_001:S000955,improved_dataset_1000_20260807_001,S000955,train,TOPO-0397,30,0.5143626241164505,0.5100551314660762,-0.004307492650374334
improved_dataset_1000_20260807_001:S000956,improved_dataset_1000_20260807_001,S000956,train,TOPO-0309,30,0.11624845248566384,0.1238634041739752,0.007614951688311361
improved_dataset_1000_20260807_001:S000957,improved_dataset_1000_20260807_001,S000957,train,TOPO-0398,30,0.021352027177290595,0.025592543201194584,0.00424051602390399
improved_dataset_1000_20260807_001:S000958,improved_dataset_1000_20260807_001,S000958,train,TOPO-0337,30,0.19902622149142551,0.20121560353079565,0.0021893820393701358
improved_dataset_1000_20260807_001:S000959,improved_dataset_1000_20260807_001,S000959,train,TOPO-0399,30,0.094446584357621,0.08816656002509834,-0.006280024332522657
improved_dataset_1000_20260807_001:S000960,improved_dataset_1000_20260807_001,S000960,train,TOPO-0390,30,0.13002046824864943,0.10363353434414854,-0.026386933904500892
improved_dataset_1000_20260807_001:S000961,improved_dataset_1000_20260807_001,S000961,train,TOPO-0400,30,0.09350033789974288,0.08126341538002035,-0.012236922519722526
improved_dataset_1000_20260807_001:S000964,improved_dataset_1000_20260807_001,S000964,train,TOPO-0401,31,0.12368799374745705,0.13529142370298058,0.011603429955523534
improved_dataset_1000_20260807_001:S000966,improved_dataset_1000_20260807_001,S000966,train,TOPO-0402,31,0.04266399608677943,0.0339316425247205,-0.008732353562058925
improved_dataset_1000_20260807_001:S000967,improved_dataset_1000_20260807_001,S000967,train,TOPO-0355,31,0.3708770862225832,0.2972241941848488,-0.0736528920377344
improved_dataset_1000_20260807_001:S000968,improved_dataset_1000_20260807_001,S000968,train,TOPO-0403,31,0.09220037378606762,0.08128917888589332,-0.010911194900174295
improved_dataset_1000_20260807_001:S000969,improved_dataset_1000_20260807_001,S000969,train,TOPO-0019,31,0.11904903470644843,0.12671110984186928,0.007662075135420859
improved_dataset_1000_20260807_001:S000970,improved_dataset_1000_20260807_001,S000970,train,TOPO-0404,31,0.07615846370148396,0.08165400625777328,0.005495542556289312
improved_dataset_1000_20260807_001:S000971,improved_dataset_1000_20260807_001,S000971,train,TOPO-0223,31,0.8676493672391794,0.9014066056361896,0.03375723839701017
improved_dataset_1000_20260807_001:S000972,improved_dataset_1000_20260807_001,S000972,train,TOPO-0405,31,0.15585104624708293,0.16867202999158548,0.012820983744502551
improved_dataset_1000_20260807_001:S000973,improved_dataset_1000_20260807_001,S000973,train,TOPO-0406,31,0.0313446172723047,0.017968200778658516,-0.013376416493646182
improved_dataset_1000_20260807_001:S000975,improved_dataset_1000_20260807_001,S000975,train,TOPO-0407,31,0.11136231022006261,0.10067915630206131,-0.0106831539180013
improved_dataset_1000_20260807_001:S000976,improved_dataset_1000_20260807_001,S000976,train,TOPO-0383,31,0.27318099123935,0.2657454821572239,-0.007435509082126146
improved_dataset_1000_20260807_001:S000977,improved_dataset_1000_20260807_001,S000977,train,TOPO-0408,31,0.12138582076652392,0.1037592110177727,-0.017626609748751215
improved_dataset_1000_20260807_001:S000978,improved_dataset_1000_20260807_001,S000978,train,TOPO-0371,31,0.11775603140819847,0.09710153061542925,-0.020654500792769218
improved_dataset_1000_20260807_001:S000979,improved_dataset_1000_20260807_001,S000979,train,TOPO-0331,31,0.02558337529795149,0.04610910100535237,0.020525725707400883
improved_dataset_1000_20260807_001:S000981,improved_dataset_1000_20260807_001,S000981,train,TOPO-0409,31,0.39804803501935593,0.3455760395244317,-0.052471995494924206
improved_dataset_1000_20260807_001:S000982,improved_dataset_1000_20260807_001,S000982,train,TOPO-0410,31,0.10509087018583124,0.08794554352434542,-0.017145326661485827
improved_dataset_1000_20260807_001:S000984,improved_dataset_1000_20260807_001,S000984,train,TOPO-0411,31,0.14393951532099614,0.14819022851505825,0.004250713194062117
improved_dataset_1000_20260807_001:S000985,improved_dataset_1000_20260807_001,S000985,train,TOPO-0373,31,0.47312635031890776,0.45041306103211165,-0.022713289286796112
improved_dataset_1000_20260807_001:S000986,improved_dataset_1000_20260807_001,S000986,train,TOPO-0240,31,0.5207474108433241,0.5600598468336986,0.039312435990374484
improved_dataset_1000_20260807_001:S000987,improved_dataset_1000_20260807_001,S000987,train,TOPO-0390,31,0.11210066598310413,0.09483900032722323,-0.0172616656558809
improved_dataset_1000_20260807_001:S000988,improved_dataset_1000_20260807_001,S000988,train,TOPO-0412,31,0.292161495504824,0.30723443567690556,0.01507294017208155
improved_dataset_1000_20260807_001:S000989,improved_dataset_1000_20260807_001,S000989,train,TOPO-0413,31,0.04568530831134057,0.03859065635407341,-0.007094651957267162
improved_dataset_1000_20260807_001:S000990,improved_dataset_1000_20260807_001,S000990,train,TOPO-0414,31,0.23996640199028876,0.2005539467221719,-0.039412455268116875
improved_dataset_1000_20260807_001:S000991,improved_dataset_1000_20260807_001,S000991,train,TOPO-0390,31,0.16610785552578314,0.16070414586141216,-0.0054037096643709814
improved_dataset_1000_20260807_001:S000993,improved_dataset_1000_20260807_001,S000993,train,TOPO-0261,32,0.06269794442878132,0.05088003965346477,-0.011817904775316551
improved_dataset_1000_20260807_001:S000996,improved_dataset_1000_20260807_001,S000996,train,TOPO-0415,32,0.20475344990808686,0.1936637103575282,-0.01108973955055867
improved_dataset_1000_20260807_001:S000997,improved_dataset_1000_20260807_001,S000997,train,TOPO-0195,32,0.07525923458072412,0.07905714460916954,0.003797910028445428
improved_dataset_1000_20260807_001:S000998,improved_dataset_1000_20260807_001,S000998,train,TOPO-0355,32,0.12438536983188184,0.09995759775063301,-0.024427772081248827
improved_dataset_1000_20260807_001:S000999,improved_dataset_1000_20260807_001,S000999,train,TOPO-0416,32,0.18987142150586866,0.1431239114843322,-0.04674751002153646
improved_dataset_1000_20260807_001:S001000,improved_dataset_1000_20260807_001,S001000,train,TOPO-0249,32,0.34102602187808007,0.33827240393941815,-0.002753617938661912
improved_dataset_1000_20260807_001:S001001,improved_dataset_1000_20260807_001,S001001,train,TOPO-0417,32,0.49500667617447314,0.5554417914609642,0.06043511528649104
band_supplement_300_20260808_001:S000002,band_supplement_300_20260808_001,S000002,train,TOPO-0418,1,0.29033517808510434,0.30116726268130994,0.010832084596205604
band_supplement_300_20260808_001:S000003,band_supplement_300_20260808_001,S000003,train,TOPO-0419,1,0.1636279907535202,0.15394491289195283,-0.009683077861567357
band_supplement_300_20260808_001:S000004,band_supplement_300_20260808_001,S000004,train,TOPO-0391,1,0.2756023098239465,0.2723256067669704,-0.003276703056976138
band_supplement_300_20260808_001:S000006,band_supplement_300_20260808_001,S000006,train,TOPO-0096,1,0.0793360547211428,0.0916147739664146,0.012278719245271796
band_supplement_300_20260808_001:S000007,band_supplement_300_20260808_001,S000007,train,TOPO-0121,1,0.19774625247922445,0.20216781734930608,0.004421564870081635
band_supplement_300_20260808_001:S000008,band_supplement_300_20260808_001,S000008,train,TOPO-0076,1,0.04191185663587588,0.06463987398945606,0.022728017353580182
band_supplement_300_20260808_001:S000009,band_supplement_300_20260808_001,S000009,train,TOPO-0296,1,0.1614208976302373,0.14961488247943916,-0.011806015150798127
band_supplement_300_20260808_001:S000010,band_supplement_300_20260808_001,S000010,train,TOPO-0420,1,0.0959724884756427,0.08981865014470217,-0.006153838330940534
band_supplement_300_20260808_001:S000012,band_supplement_300_20260808_001,S000012,train,TOPO-0296,1,0.03972688214026687,0.031376153161701115,-0.008350728978565758
band_supplement_300_20260808_001:S000013,band_supplement_300_20260808_001,S000013,train,TOPO-0296,1,0.02487050715480571,0.025904103357472258,0.001033596202666548
band_supplement_300_20260808_001:S000015,band_supplement_300_20260808_001,S000015,train,TOPO-0422,1,0.09942631563549555,0.09411196650024697,-0.005314349135248572
band_supplement_300_20260808_001:S000016,band_supplement_300_20260808_001,S000016,train,TOPO-0304,1,1.6302332245804336,1.853010726747975,0.22277750216754133
band_supplement_300_20260808_001:S000019,band_supplement_300_20260808_001,S000019,train,TOPO-0304,1,0.0972694496765659,0.07467704089178989,-0.022592408784776002
band_supplement_300_20260808_001:S000021,band_supplement_300_20260808_001,S000021,train,TOPO-0424,1,0.07162207057800754,0.04440759546282827,-0.02721447511517927
band_supplement_300_20260808_001:S000022,band_supplement_300_20260808_001,S000022,train,TOPO-0425,1,0.047354545805528725,0.028997039826120147,-0.018357505979408578
band_supplement_300_20260808_001:S000026,band_supplement_300_20260808_001,S000026,train,TOPO-0233,1,0.09699497496222646,0.08206268888903251,-0.014932286073193954
band_supplement_300_20260808_001:S000027,band_supplement_300_20260808_001,S000027,train,TOPO-0098,1,0.5625170783448301,0.5767391490246592,0.014222070679829057
band_supplement_300_20260808_001:S000030,band_supplement_300_20260808_001,S000030,train,TOPO-0366,1,0.0990812353329853,0.09219696765534882,-0.006884267677636474
band_supplement_300_20260808_001:S000031,band_supplement_300_20260808_001,S000031,train,TOPO-0328,1,0.10189015779908131,0.09627074243901892,-0.005619415360062385
band_supplement_300_20260808_001:S000032,band_supplement_300_20260808_001,S000032,train,TOPO-0427,2,0.1503681520017494,0.14191190194239545,-0.008456250059353965
band_supplement_300_20260808_001:S000035,band_supplement_300_20260808_001,S000035,train,TOPO-0083,2,0.14457730533984037,0.1269477987883283,-0.017629506551512075
band_supplement_300_20260808_001:S000036,band_supplement_300_20260808_001,S000036,train,TOPO-0428,2,0.0408125146826373,0.042333431631070756,0.001520916948433454
band_supplement_300_20260808_001:S000037,band_supplement_300_20260808_001,S000037,train,TOPO-0229,2,0.22275890349537333,0.19697662344901484,-0.02578228004635849
band_supplement_300_20260808_001:S000038,band_supplement_300_20260808_001,S000038,train,TOPO-0429,2,0.06618711682671605,0.058142398451886124,-0.008044718374829923
band_supplement_300_20260808_001:S000039,band_supplement_300_20260808_001,S000039,train,TOPO-0430,2,0.1038362256494144,0.09108738608795564,-0.012748839561458766
band_supplement_300_20260808_001:S000040,band_supplement_300_20260808_001,S000040,train,TOPO-0431,2,0.20124431026255063,0.1884777834919271,-0.012766526770623537
band_supplement_300_20260808_001:S000043,band_supplement_300_20260808_001,S000043,train,TOPO-0432,2,0.12891540696688303,0.15084722269569745,0.02193181572881442
band_supplement_300_20260808_001:S000044,band_supplement_300_20260808_001,S000044,train,TOPO-0405,2,0.04409437999068727,0.02829478268209834,-0.01579959730858893
band_supplement_300_20260808_001:S000045,band_supplement_300_20260808_001,S000045,train,TOPO-0425,2,0.08286071030014805,0.07145419396086738,-0.011406516339280665
band_supplement_300_20260808_001:S000046,band_supplement_300_20260808_001,S000046,train,TOPO-0403,2,1.6356468714454844,1.6065056723313749,-0.029141199114109506
band_supplement_300_20260808_001:S000049,band_supplement_300_20260808_001,S000049,train,TOPO-0425,2,1.3572971900019692,1.307994583224381,-0.049302606777588354
band_supplement_300_20260808_001:S000050,band_supplement_300_20260808_001,S000050,train,TOPO-0433,2,0.09169299825195643,0.10071413015517387,0.009021131903217447
band_supplement_300_20260808_001:S000051,band_supplement_300_20260808_001,S000051,train,TOPO-0434,2,0.027330730967690203,0.03363604131112527,0.006305310343435067
band_supplement_300_20260808_001:S000052,band_supplement_300_20260808_001,S000052,train,TOPO-0435,2,0.09457514722300688,0.0989637821836822,0.0043886349606753194
band_supplement_300_20260808_001:S000053,band_supplement_300_20260808_001,S000053,train,TOPO-0436,2,0.05295607102106811,0.04732323274711392,-0.005632838273954194
band_supplement_300_20260808_001:S000058,band_supplement_300_20260808_001,S000058,train,TOPO-0286,2,0.1175300807928529,0.11920765853235248,0.0016775777394995722
band_supplement_300_20260808_001:S000062,band_supplement_300_20260808_001,S000062,train,TOPO-0418,3,0.11157266266669597,0.09876919768174705,-0.012803464984948915
band_supplement_300_20260808_001:S000063,band_supplement_300_20260808_001,S000063,train,TOPO-0418,3,0.18423238110292653,0.16147383590486672,-0.02275854519805981
band_supplement_300_20260808_001:S000066,band_supplement_300_20260808_001,S000066,train,TOPO-0071,3,0.2267824458091906,0.23250187447830842,0.005719428669117815
band_supplement_300_20260808_001:S000067,band_supplement_300_20260808_001,S000067,train,TOPO-0071,3,0.03278578195132248,0.036572147212721035,0.0037863652613985554
band_supplement_300_20260808_001:S000070,band_supplement_300_20260808_001,S000070,train,TOPO-0437,3,0.07557559090860583,0.09109781670009448,0.015522225791488653
band_supplement_300_20260808_001:S000071,band_supplement_300_20260808_001,S000071,train,TOPO-0438,3,2.8925358463970237,3.035861073316126,0.14332522691910254
band_supplement_300_20260808_001:S000074,band_supplement_300_20260808_001,S000074,train,TOPO-0439,3,1.6339401983463868,1.6086198926848254,-0.025320305661561404
band_supplement_300_20260808_001:S000075,band_supplement_300_20260808_001,S000075,train,TOPO-0403,3,0.4823167276581523,0.5138028514686652,0.03148612381051291
band_supplement_300_20260808_001:S000076,band_supplement_300_20260808_001,S000076,train,TOPO-0403,3,0.17978670141096081,0.17410210533602974,-0.005684596074931075
band_supplement_300_20260808_001:S000077,band_supplement_300_20260808_001,S000077,train,TOPO-0440,3,0.37658544297730256,0.3972140317102111,0.020628588732908515
band_supplement_300_20260808_001:S000079,band_supplement_300_20260808_001,S000079,train,TOPO-0425,3,0.08913745583394142,0.0824218181543829,-0.006715637679558517
band_supplement_300_20260808_001:S000081,band_supplement_300_20260808_001,S000081,train,TOPO-0304,3,0.1359382383765797,0.1317477372970465,-0.004190501079533199
band_supplement_300_20260808_001:S000083,band_supplement_300_20260808_001,S000083,train,TOPO-0436,3,0.20620115626806457,0.1695082350830486,-0.036692921185015964
band_supplement_300_20260808_001:S000085,band_supplement_300_20260808_001,S000085,train,TOPO-0441,3,0.011577514336272104,-0.00015557672304661319,-0.011733091059318718
band_supplement_300_20260808_001:S000088,band_supplement_300_20260808_001,S000088,train,TOPO-0233,3,0.2198059343950135,0.2694242996370016,0.049618365241988094
band_supplement_300_20260808_001:S000090,band_supplement_300_20260808_001,S000090,train,TOPO-0442,3,0.24787518020259186,0.26873874951110044,0.02086356930850858
band_supplement_300_20260808_001:S000093,band_supplement_300_20260808_001,S000093,train,TOPO-0427,4,0.04573788581199981,0.03466318602632443,-0.01107469978567538
band_supplement_300_20260808_001:S000094,band_supplement_300_20260808_001,S000094,train,TOPO-0443,4,0.06739672828285082,0.052801765871807516,-0.0145949624110433
band_supplement_300_20260808_001:S000095,band_supplement_300_20260808_001,S000095,train,TOPO-0444,4,0.14479120716568067,0.14797234756454647,0.0031811403988658005
band_supplement_300_20260808_001:S000096,band_supplement_300_20260808_001,S000096,train,TOPO-0120,4,0.08939732981348628,0.07827784100050869,-0.011119488812977585
band_supplement_300_20260808_001:S000097,band_supplement_300_20260808_001,S000097,train,TOPO-0445,4,0.06081071456859058,0.043337391313184065,-0.017473323255406514
band_supplement_300_20260808_001:S000098,band_supplement_300_20260808_001,S000098,train,TOPO-0446,4,0.12351612739464629,0.10603394395497129,-0.017482183439675003
band_supplement_300_20260808_001:S000100,band_supplement_300_20260808_001,S000100,train,TOPO-0380,4,0.10529670234683779,0.11654881803786574,0.01125211569102795
band_supplement_300_20260808_001:S000101,band_supplement_300_20260808_001,S000101,train,TOPO-0447,4,0.0526204026747808,0.0544708972560044,0.001850494581223605
band_supplement_300_20260808_001:S000102,band_supplement_300_20260808_001,S000102,train,TOPO-0432,4,0.3261757482171152,0.3347446923926652,0.008568944175549986
band_supplement_300_20260808_001:S000103,band_supplement_300_20260808_001,S000103,train,TOPO-0448,4,0.08438403594538266,0.07289854193962236,-0.011485494005760294
band_supplement_300_20260808_001:S000105,band_supplement_300_20260808_001,S000105,train,TOPO-0449,4,0.04468711040175158,0.04968282184430681,0.0049957114425552285
band_supplement_300_20260808_001:S000107,band_supplement_300_20260808_001,S000107,train,TOPO-0450,4,0.1245882839681293,0.10302561959333785,-0.021562664374791443
band_supplement_300_20260808_001:S000108,band_supplement_300_20260808_001,S000108,train,TOPO-0304,4,0.33887151156095596,0.347874806374646,0.009003294813690055
band_supplement_300_20260808_001:S000109,band_supplement_300_20260808_001,S000109,train,TOPO-0425,4,0.07180564086285202,0.08172026133630325,0.009914620473451236
band_supplement_300_20260808_001:S000110,band_supplement_300_20260808_001,S000110,train,TOPO-0450,4,0.04073823768876958,0.036057768419188035,-0.004680469269581544
band_supplement_300_20260808_001:S000111,band_supplement_300_20260808_001,S000111,train,TOPO-0451,4,0.1729563031231269,0.16774014552102168,-0.005216157602105226
band_supplement_300_20260808_001:S000113,band_supplement_300_20260808_001,S000113,train,TOPO-0384,4,0.028791823103062802,0.0162728390046272,-0.012518984098435604
band_supplement_300_20260808_001:S000114,band_supplement_300_20260808_001,S000114,train,TOPO-0452,4,0.040479647640118716,0.045318507293623606,0.00483885965350489
band_supplement_300_20260808_001:S000115,band_supplement_300_20260808_001,S000115,train,TOPO-0453,4,0.026144654707612403,0.024299911287913978,-0.0018447434196984247
band_supplement_300_20260808_001:S000116,band_supplement_300_20260808_001,S000116,train,TOPO-0454,4,1.3949685288678322,1.4811364630178276,0.08616793414999546
band_supplement_300_20260808_001:S000117,band_supplement_300_20260808_001,S000117,train,TOPO-0442,4,0.042671720894141674,0.054221846495565995,0.011550125601424321
band_supplement_300_20260808_001:S000118,band_supplement_300_20260808_001,S000118,train,TOPO-0442,4,0.1362512044902413,0.12577183481041562,-0.010479369679825684
band_supplement_300_20260808_001:S000120,band_supplement_300_20260808_001,S000120,train,TOPO-0284,4,0.14339002473136198,0.13213746868387038,-0.011252556047491591
band_supplement_300_20260808_001:S000121,band_supplement_300_20260808_001,S000121,train,TOPO-0170,4,0.047152024276248844,0.037116788575755566,-0.010035235700493278
band_supplement_300_20260808_001:S000122,band_supplement_300_20260808_001,S000122,train,TOPO-0418,5,0.2230926764519421,0.24783785866592312,0.024745182213981004
band_supplement_300_20260808_001:S000124,band_supplement_300_20260808_001,S000124,train,TOPO-0455,5,0.12356895955928449,0.11234761576571602,-0.01122134379356847
band_supplement_300_20260808_001:S000125,band_supplement_300_20260808_001,S000125,train,TOPO-0456,5,0.273182662471712,0.2595612592302919,-0.013621403241420138
band_supplement_300_20260808_001:S000126,band_supplement_300_20260808_001,S000126,train,TOPO-0137,5,0.052253007441112886,0.044828905183045026,-0.007424102258067861
band_supplement_300_20260808_001:S000127,band_supplement_300_20260808_001,S000127,train,TOPO-0457,5,0.12162495024278144,0.10821476954992283,-0.013410180692858611
band_supplement_300_20260808_001:S000128,band_supplement_300_20260808_001,S000128,train,TOPO-0458,5,0.11353587789161337,0.1184401755767157,0.004904297685102324
band_supplement_300_20260808_001:S000130,band_supplement_300_20260808_001,S000130,train,TOPO-0459,5,0.4946112042371232,0.5172590448813228,0.022647840644199613
band_supplement_300_20260808_001:S000131,band_supplement_300_20260808_001,S000131,train,TOPO-0460,5,0.03379195933225271,0.03417781770439632,0.0003858583721436104
band_supplement_300_20260808_001:S000133,band_supplement_300_20260808_001,S000133,train,TOPO-0461,5,0.20284281351020356,0.21212993895511692,0.009287125444913363
band_supplement_300_20260808_001:S000134,band_supplement_300_20260808_001,S000134,train,TOPO-0447,5,0.10299460364289852,0.08866754773773691,-0.014327055905161604
band_supplement_300_20260808_001:S000136,band_supplement_300_20260808_001,S000136,train,TOPO-0433,5,0.05131616232845859,0.05452273198672494,0.0032065696582663505
band_supplement_300_20260808_001:S000137,band_supplement_300_20260808_001,S000137,train,TOPO-0449,5,0.8408175459744083,0.9522793431761483,0.11146179720173999
band_supplement_300_20260808_001:S000138,band_supplement_300_20260808_001,S000138,train,TOPO-0304,5,0.05527446821966178,0.03215650725927524,-0.02311796096038654
band_supplement_300_20260808_001:S000139,band_supplement_300_20260808_001,S000139,train,TOPO-0462,5,0.04568612535827313,0.025586792039669404,-0.020099333318603724
band_supplement_300_20260808_001:S000140,band_supplement_300_20260808_001,S000140,train,TOPO-0463,5,0.03927401530865543,0.03703737585831188,-0.0022366394503435527
band_supplement_300_20260808_001:S000141,band_supplement_300_20260808_001,S000141,train,TOPO-0464,5,0.07288108684606345,0.04391938339313495,-0.028961703452928506
band_supplement_300_20260808_001:S000142,band_supplement_300_20260808_001,S000142,train,TOPO-0465,5,0.03584607898666506,0.05461110038742928,0.01876502140076422
band_supplement_300_20260808_001:S000143,band_supplement_300_20260808_001,S000143,train,TOPO-0099,5,0.042919445279689605,0.04898947793954911,0.006070032659859503
band_supplement_300_20260808_001:S000144,band_supplement_300_20260808_001,S000144,train,TOPO-0441,5,0.03044092092091366,0.019737308996601366,-0.010703611924312295
band_supplement_300_20260808_001:S000145,band_supplement_300_20260808_001,S000145,train,TOPO-0466,5,0.03993511238707542,0.06047584204723758,0.020540729660162155
band_supplement_300_20260808_001:S000148,band_supplement_300_20260808_001,S000148,train,TOPO-0467,5,0.0288982514242761,0.023546360574126957,-0.0053518908501491436
band_supplement_300_20260808_001:S000151,band_supplement_300_20260808_001,S000151,train,TOPO-0468,5,0.2726912830187802,0.27038272221637444,-0.002308560802405768
band_supplement_300_20260808_001:S000152,band_supplement_300_20260808_001,S000152,train,TOPO-0337,6,0.10564532672305543,0.11911978884860698,0.013474462125551548
band_supplement_300_20260808_001:S000154,band_supplement_300_20260808_001,S000154,train,TOPO-0427,6,0.8040792534835131,0.8697687657602022,0.06568951227668918
band_supplement_300_20260808_001:S000155,band_supplement_300_20260808_001,S000155,train,TOPO-0337,6,0.06646537966774274,0.08459432472602127,0.01812894505827853
band_supplement_300_20260808_001:S000156,band_supplement_300_20260808_001,S000156,train,TOPO-0469,6,0.1393499027314135,0.13095902703766224,-0.00839087569375127
band_supplement_300_20260808_001:S000157,band_supplement_300_20260808_001,S000157,train,TOPO-0071,6,0.09810083206892715,0.06992173224538709,-0.02817909982354007
band_supplement_300_20260808_001:S000158,band_supplement_300_20260808_001,S000158,train,TOPO-0120,6,0.09320382414022299,0.08888308896294189,-0.004320735177281099
band_supplement_300_20260808_001:S000159,band_supplement_300_20260808_001,S000159,train,TOPO-0470,6,0.040964230748111646,0.01792790020398574,-0.023036330544125905
band_supplement_300_20260808_001:S000160,band_supplement_300_20260808_001,S000160,train,TOPO-0471,6,0.15874285653283574,0.19354938480021688,0.03480652826738115
band_supplement_300_20260808_001:S000161,band_supplement_300_20260808_001,S000161,train,TOPO-0471,6,0.028463497568169266,0.01387420143065815,-0.014589296137511115
band_supplement_300_20260808_001:S000162,band_supplement_300_20260808_001,S000162,train,TOPO-0472,6,0.2759603779893845,0.28114601570525943,0.005185637715874936
band_supplement_300_20260808_001:S000163,band_supplement_300_20260808_001,S000163,train,TOPO-0432,6,0.13935076222234255,0.1255088305861292,-0.013841931636213362
band_supplement_300_20260808_001:S000164,band_supplement_300_20260808_001,S000164,train,TOPO-0317,6,0.01744450552789467,0.034191569559260976,0.016747064031366304
band_supplement_300_20260808_001:S000167,band_supplement_300_20260808_001,S000167,train,TOPO-0473,6,0.07130885510586654,0.040223243457287394,-0.031085611648579148
band_supplement_300_20260808_001:S000168,band_supplement_300_20260808_001,S000168,train,TOPO-0464,6,0.06547333613764561,0.06157510972348229,-0.0038982264141633194
band_supplement_300_20260808_001:S000170,band_supplement_300_20260808_001,S000170,train,TOPO-0474,6,1.383847268018001,1.5783120778830315,0.19446480986503056
band_supplement_300_20260808_001:S000171,band_supplement_300_20260808_001,S000171,train,TOPO-0475,6,0.02349960851198679,0.010982789057372488,-0.012516819454614303
band_supplement_300_20260808_001:S000172,band_supplement_300_20260808_001,S000172,train,TOPO-0476,6,0.11081069743060364,0.09775445722452378,-0.013056240206079858
band_supplement_300_20260808_001:S000173,band_supplement_300_20260808_001,S000173,train,TOPO-0477,6,0.1557869452013751,0.14216517588048522,-0.013621769320889876
band_supplement_300_20260808_001:S000174,band_supplement_300_20260808_001,S000174,train,TOPO-0384,6,0.0314068401711676,0.01439889411533965,-0.01700794605582795
band_supplement_300_20260808_001:S000178,band_supplement_300_20260808_001,S000178,train,TOPO-0233,6,0.16953769121661671,0.1483942355842155,-0.02114345563240122
band_supplement_300_20260808_001:S000181,band_supplement_300_20260808_001,S000181,train,TOPO-0467,6,0.10119185855773273,0.09059503572860395,-0.010596822829128785
band_supplement_300_20260808_001:S000182,band_supplement_300_20260808_001,S000182,train,TOPO-0478,7,2.7063092464758483,2.959033195259018,0.25272394878316984
band_supplement_300_20260808_001:S000186,band_supplement_300_20260808_001,S000186,train,TOPO-0071,7,0.05020902129086391,0.06254296017557678,0.012333938884712875
band_supplement_300_20260808_001:S000187,band_supplement_300_20260808_001,S000187,train,TOPO-0479,7,0.03882633725561563,0.030625297641691557,-0.008201039613924072
band_supplement_300_20260808_001:S000188,band_supplement_300_20260808_001,S000188,train,TOPO-0429,7,0.06334791056912026,0.05438135103439731,-0.008966559534722945
band_supplement_300_20260808_001:S000189,band_supplement_300_20260808_001,S000189,train,TOPO-0480,7,0.11414610584023309,0.12629442651727057,0.012148320677037486
band_supplement_300_20260808_001:S000190,band_supplement_300_20260808_001,S000190,train,TOPO-0481,7,0.04618970215469795,0.04115395541244801,-0.005035746742249936
band_supplement_300_20260808_001:S000192,band_supplement_300_20260808_001,S000192,train,TOPO-0482,7,0.14674410319395004,0.12551225793884624,-0.0212318452551038
band_supplement_300_20260808_001:S000193,band_supplement_300_20260808_001,S000193,train,TOPO-0430,7,0.08764619662805942,0.08389658786762624,-0.0037496087604331763
band_supplement_300_20260808_001:S000197,band_supplement_300_20260808_001,S000197,train,TOPO-0483,7,0.045766089847671276,0.039026068092125915,-0.006740021755545361
band_supplement_300_20260808_001:S000198,band_supplement_300_20260808_001,S000198,train,TOPO-0484,7,0.040046294435896246,0.03305324279524097,-0.006993051640655279
band_supplement_300_20260808_001:S000200,band_supplement_300_20260808_001,S000200,train,TOPO-0483,7,0.6296391816132448,0.7173501672558462,0.08771098564260138
band_supplement_300_20260808_001:S000201,band_supplement_300_20260808_001,S000201,train,TOPO-0465,7,0.0363704321193746,0.028057669295674353,-0.008312762823700248
band_supplement_300_20260808_001:S000202,band_supplement_300_20260808_001,S000202,train,TOPO-0435,7,0.3319234187235889,0.31923318371029175,-0.012690235013297135
band_supplement_300_20260808_001:S000208,band_supplement_300_20260808_001,S000208,train,TOPO-0485,7,0.0730966174602693,0.07517652184255286,0.0020799043822835594
band_supplement_300_20260808_001:S000212,band_supplement_300_20260808_001,S000212,train,TOPO-0486,8,0.12588731431388167,0.10602798057346362,-0.019859333740418053
band_supplement_300_20260808_001:S000213,band_supplement_300_20260808_001,S000213,train,TOPO-0478,8,0.5862402376402516,0.682395880825664,0.09615564318541248
band_supplement_300_20260808_001:S000214,band_supplement_300_20260808_001,S000214,train,TOPO-0391,8,0.07874295292510916,0.06586221864453956,-0.0128807342805696
band_supplement_300_20260808_001:S000215,band_supplement_300_20260808_001,S000215,train,TOPO-0487,8,0.17111503745839138,0.168030149432579,-0.003084888025812388
band_supplement_300_20260808_001:S000216,band_supplement_300_20260808_001,S000216,train,TOPO-0229,8,0.2638893637464646,0.2646901864613489,0.0008008227148842972
band_supplement_300_20260808_001:S000217,band_supplement_300_20260808_001,S000217,train,TOPO-0137,8,0.8015509495002493,0.8278181382796364,0.026267188779387052
band_supplement_300_20260808_001:S000218,band_supplement_300_20260808_001,S000218,train,TOPO-0488,8,0.19486983079495115,0.17907695290155748,-0.015792877893393675
band_supplement_300_20260808_001:S000219,band_supplement_300_20260808_001,S000219,train,TOPO-0489,8,1.5860709253304628,1.594506330082038,0.008435404751575115
band_supplement_300_20260808_001:S000220,band_supplement_300_20260808_001,S000220,train,TOPO-0490,8,0.3019921458367078,0.30403141539784617,0.002039269561138368
band_supplement_300_20260808_001:S000221,band_supplement_300_20260808_001,S000221,train,TOPO-0491,8,0.03741710107296184,0.04340026148299353,0.00598316041003169
band_supplement_300_20260808_001:S000222,band_supplement_300_20260808_001,S000222,train,TOPO-0492,8,0.05756080958990198,0.0567293316985486,-0.0008314778913533771
band_supplement_300_20260808_001:S000224,band_supplement_300_20260808_001,S000224,train,TOPO-0493,8,0.9508979608661949,0.9410048594989671,-0.009893101367227874
band_supplement_300_20260808_001:S000225,band_supplement_300_20260808_001,S000225,train,TOPO-0449,8,0.02620812970437192,0.0031556916635758214,-0.023052438040796097
band_supplement_300_20260808_001:S000227,band_supplement_300_20260808_001,S000227,train,TOPO-0483,8,0.023872118247232482,-0.00472202019604212,-0.028594138443274603
band_supplement_300_20260808_001:S000231,band_supplement_300_20260808_001,S000231,train,TOPO-0495,8,0.2858522590917131,0.2529531428048565,-0.0328991162868566
band_supplement_300_20260808_001:S000232,band_supplement_300_20260808_001,S000232,train,TOPO-0496,8,0.6853265114517119,0.70597424242704,0.020647730975328127
band_supplement_300_20260808_001:S000234,band_supplement_300_20260808_001,S000234,train,TOPO-0497,8,0.04756989603274947,0.05054167611339999,0.0029717800806505212
band_supplement_300_20260808_001:S000237,band_supplement_300_20260808_001,S000237,train,TOPO-0467,8,0.0361151102584539,0.023857666066425642,-0.01225744419202826
band_supplement_300_20260808_001:S000238,band_supplement_300_20260808_001,S000238,train,TOPO-0467,8,0.03564610409717495,0.028411355118474146,-0.0072347489787008
band_supplement_300_20260808_001:S000239,band_supplement_300_20260808_001,S000239,train,TOPO-0498,8,0.07472346401295721,0.07421456049497216,-0.0005089035179850487
band_supplement_300_20260808_001:S000240,band_supplement_300_20260808_001,S000240,train,TOPO-0498,8,0.30854206093194836,0.26077267190352793,-0.04776938902842043
band_supplement_300_20260808_001:S000241,band_supplement_300_20260808_001,S000241,train,TOPO-0499,8,0.061483940019009226,0.04777880538350196,-0.013705134635507266
band_supplement_300_20260808_001:S000243,band_supplement_300_20260808_001,S000243,train,TOPO-0500,9,1.7234604442276162,1.6501515130319844,-0.07330893119563187
band_supplement_300_20260808_001:S000244,band_supplement_300_20260808_001,S000244,train,TOPO-0501,9,0.089070309431485,0.0968628361901358,0.007792526758650803
band_supplement_300_20260808_001:S000245,band_supplement_300_20260808_001,S000245,train,TOPO-0502,9,0.19869961493839008,0.16901205945851275,-0.029687555479877337
band_supplement_300_20260808_001:S000246,band_supplement_300_20260808_001,S000246,train,TOPO-0429,9,0.07789693796495595,0.0668808002834457,-0.011016137681510246
band_supplement_300_20260808_001:S000247,band_supplement_300_20260808_001,S000247,train,TOPO-0503,9,0.11359354867185208,0.10402861367453088,-0.009564934997321195
band_supplement_300_20260808_001:S000248,band_supplement_300_20260808_001,S000248,train,TOPO-0096,9,0.07116198826699183,0.07528545435955941,0.004123466092567585
band_supplement_300_20260808_001:S000249,band_supplement_300_20260808_001,S000249,train,TOPO-0493,9,0.09260433452271671,0.08333258143119049,-0.009271753091526225
band_supplement_300_20260808_001:S000250,band_supplement_300_20260808_001,S000250,train,TOPO-0504,9,0.028173265520130747,0.030638158172629798,0.002464892652499051
band_supplement_300_20260808_001:S000251,band_supplement_300_20260808_001,S000251,train,TOPO-0447,9,0.17482785257936223,0.1379990376549406,-0.03682881492442164
band_supplement_300_20260808_001:S000252,band_supplement_300_20260808_001,S000252,train,TOPO-0505,9,0.13549976005978037,0.1038056235279409,-0.03169413653183947
band_supplement_300_20260808_001:S000254,band_supplement_300_20260808_001,S000254,train,TOPO-0489,9,0.3294527642985655,0.30434883813113983,-0.025103926167425683
band_supplement_300_20260808_001:S000256,band_supplement_300_20260808_001,S000256,train,TOPO-0506,9,0.3368349637210929,0.33246480250989235,-0.004370161211200541
band_supplement_300_20260808_001:S000257,band_supplement_300_20260808_001,S000257,train,TOPO-0434,9,0.1042149003751511,0.12236147030297452,0.018146569927823417
band_supplement_300_20260808_001:S000259,band_supplement_300_20260808_001,S000259,train,TOPO-0507,9,0.05321065011205012,0.034816684739651604,-0.018393965372398513
band_supplement_300_20260808_001:S000260,band_supplement_300_20260808_001,S000260,train,TOPO-0508,9,0.06622255756379009,0.06092046413252966,-0.005302093431260424
band_supplement_300_20260808_001:S000262,band_supplement_300_20260808_001,S000262,train,TOPO-0465,9,0.01887830617352043,0.03486396735174799,0.015985661178227556
band_supplement_300_20260808_001:S000266,band_supplement_300_20260808_001,S000266,train,TOPO-0509,9,0.14009711867872351,0.12583258278040027,-0.014264535898323244
band_supplement_300_20260808_001:S000267,band_supplement_300_20260808_001,S000267,train,TOPO-0509,9,0.034093269263376635,0.047438595529589594,0.013345326266212959
band_supplement_300_20260808_001:S000268,band_supplement_300_20260808_001,S000268,train,TOPO-0467,9,0.11628875306033663,0.15938777183759167,0.04309901877725504
band_supplement_300_20260808_001:S000269,band_supplement_300_20260808_001,S000269,train,TOPO-0485,9,0.18901223299030306,0.18373658216885957,-0.005275650821443489
band_supplement_300_20260808_001:S000270,band_supplement_300_20260808_001,S000270,train,TOPO-0467,9,0.41700997534186257,0.39674424033499694,-0.020265735006865626
band_supplement_300_20260808_001:S000271,band_supplement_300_20260808_001,S000271,train,TOPO-0509,9,0.3115346597928801,0.2967917216935536,-0.014742938099326475
band_supplement_300_20260808_001:S000272,band_supplement_300_20260808_001,S000272,train,TOPO-0510,10,0.6474478336629668,0.7644124950103914,0.11696466134742467
band_supplement_300_20260808_001:S000273,band_supplement_300_20260808_001,S000273,train,TOPO-0487,10,0.29159944149222705,0.26638397780750983,-0.02521546368471722
band_supplement_300_20260808_001:S000274,band_supplement_300_20260808_001,S000274,train,TOPO-0511,10,0.11977122991782416,0.11064969674089581,-0.009121533176928348
band_supplement_300_20260808_001:S000275,band_supplement_300_20260808_001,S000275,train,TOPO-0512,10,0.11756836527769216,0.10655544272891647,-0.011012922548775686
band_supplement_300_20260808_001:S000276,band_supplement_300_20260808_001,S000276,train,TOPO-0513,10,1.3546231333347387,1.3358904754813026,-0.01873265785343614
band_supplement_300_20260808_001:S000277,band_supplement_300_20260808_001,S000277,train,TOPO-0514,10,0.08802288709695993,0.08835634835542946,0.0003334612584695307
band_supplement_300_20260808_001:S000278,band_supplement_300_20260808_001,S000278,train,TOPO-0515,10,0.11569451588739672,0.12704690552014608,0.011352389632749357
band_supplement_300_20260808_001:S000280,band_supplement_300_20260808_001,S000280,train,TOPO-0516,10,0.04981323102354024,0.054371482805212035,0.004558251781671796
band_supplement_300_20260808_001:S000281,band_supplement_300_20260808_001,S000281,train,TOPO-0517,10,0.0237913048779044,0.03519418164448557,0.011402876766581166
band_supplement_300_20260808_001:S000282,band_supplement_300_20260808_001,S000282,train,TOPO-0518,10,0.2200015630855812,0.20069314180867998,-0.019308421276901216
band_supplement_300_20260808_001:S000283,band_supplement_300_20260808_001,S000283,train,TOPO-0519,10,0.1304576414125565,0.11475205755620586,-0.01570558385635064
band_supplement_300_20260808_001:S000284,band_supplement_300_20260808_001,S000284,train,TOPO-0505,10,0.19525636429191406,0.16941277853492948,-0.02584358575698459
band_supplement_300_20260808_001:S000285,band_supplement_300_20260808_001,S000285,train,TOPO-0520,10,0.7484226106545127,0.7459926494111297,-0.0024299612433829054
band_supplement_300_20260808_001:S000286,band_supplement_300_20260808_001,S000286,train,TOPO-0433,10,0.23051159192100068,0.1718709438139839,-0.058640648107016774
band_supplement_300_20260808_001:S000289,band_supplement_300_20260808_001,S000289,train,TOPO-0521,10,0.16816107855076953,0.16177448795404498,-0.006386590596724556
band_supplement_300_20260808_001:S000291,band_supplement_300_20260808_001,S000291,train,TOPO-0435,10,0.05500331474804815,0.051836058841536053,-0.0031672559065120953
band_supplement_300_20260808_001:S000294,band_supplement_300_20260808_001,S000294,train,TOPO-0251,10,0.2820986022351141,0.28978161287180654,0.007683010636692411
band_supplement_300_20260808_001:S000296,band_supplement_300_20260808_001,S000296,train,TOPO-0509,10,0.12735424249877242,0.10552365039610101,-0.02183059210267141
band_supplement_300_20260808_001:S000297,band_supplement_300_20260808_001,S000297,train,TOPO-0509,10,0.3226332661595817,0.35044369742955894,0.02781043126997723
band_supplement_300_20260808_001:S000298,band_supplement_300_20260808_001,S000298,train,TOPO-0509,10,0.029319868863467463,0.02208386778687002,-0.0072360010765974425
band_supplement_300_20260808_001:S000299,band_supplement_300_20260808_001,S000299,train,TOPO-0509,10,0.07916316971241616,0.07717567652150312,-0.0019874931909130422
band_supplement_300_20260808_001:S000300,band_supplement_300_20260808_001,S000300,train,TOPO-0233,10,0.18237806656201833,0.17680728936919038,-0.005570777192827947
band_supplement_300_20260808_001:S000301,band_supplement_300_20260808_001,S000301,train,TOPO-0233,10,0.06756024377935102,0.06434259623799923,-0.003217647541351787
improved_dataset_1000_20260807_001:S000002,improved_dataset_1000_20260807_001,S000002,val,TOPO-0000,0,0.12402437303068566,0.1819062935827178,0.05788192055203213
improved_dataset_1000_20260807_001:S000026,improved_dataset_1000_20260807_001,S000026,val,TOPO-0024,0,0.04190897044411415,-0.013719086353246424,-0.055628056797360576
improved_dataset_1000_20260807_001:S000030,improved_dataset_1000_20260807_001,S000030,val,TOPO-0028,0,0.03462683274332576,0.050126701159660225,0.015499868416334467
improved_dataset_1000_20260807_001:S000031,improved_dataset_1000_20260807_001,S000031,val,TOPO-0029,0,0.05885312317320887,0.056260272482274,-0.0025928506909348725
improved_dataset_1000_20260807_001:S000051,improved_dataset_1000_20260807_001,S000051,val,TOPO-0049,0,0.0255155710135494,0.04269603069313466,0.017180459679585258
improved_dataset_1000_20260807_001:S000058,improved_dataset_1000_20260807_001,S000058,val,TOPO-0056,0,0.04889209018958943,0.03963333557199006,-0.009258754617599368
improved_dataset_1000_20260807_001:S000063,improved_dataset_1000_20260807_001,S000063,val,TOPO-0000,1,0.10471564403480982,0.26157011236244143,0.1568544683276316
improved_dataset_1000_20260807_001:S000065,improved_dataset_1000_20260807_001,S000065,val,TOPO-0000,1,0.12116676730060892,0.08633052823568069,-0.034836239064928234
improved_dataset_1000_20260807_001:S000073,improved_dataset_1000_20260807_001,S000073,val,TOPO-0029,1,0.053568919886471444,0.08817789257216274,0.0346089726856913
improved_dataset_1000_20260807_001:S000075,improved_dataset_1000_20260807_001,S000075,val,TOPO-0028,1,0.023266251419252704,0.03306837407999175,0.009802122660739043
improved_dataset_1000_20260807_001:S000076,improved_dataset_1000_20260807_001,S000076,val,TOPO-0024,1,0.044600195707927226,-0.012604634337255338,-0.057204830045182564
improved_dataset_1000_20260807_001:S000088,improved_dataset_1000_20260807_001,S000088,val,TOPO-0056,1,0.059485570553994144,0.0631117415616183,0.0036261710076241627
improved_dataset_1000_20260807_001:S000090,improved_dataset_1000_20260807_001,S000090,val,TOPO-0056,1,0.045870268637070305,0.05256515120234237,0.0066948825652720645
improved_dataset_1000_20260807_001:S000093,improved_dataset_1000_20260807_001,S000093,val,TOPO-0000,2,0.12391906947537949,0.23823650274048383,0.11431743326510434
improved_dataset_1000_20260807_001:S000094,improved_dataset_1000_20260807_001,S000094,val,TOPO-0000,2,0.11674191699992352,0.15260060541293857,0.03585868841301505
improved_dataset_1000_20260807_001:S000096,improved_dataset_1000_20260807_001,S000096,val,TOPO-0000,2,0.12466057670516083,0.17611323718024116,0.05145266047508033
improved_dataset_1000_20260807_001:S000103,improved_dataset_1000_20260807_001,S000103,val,TOPO-0024,2,0.040830160774180446,-0.023142587343244397,-0.06397274811742484
improved_dataset_1000_20260807_001:S000114,improved_dataset_1000_20260807_001,S000114,val,TOPO-0049,2,0.017165690914913545,0.07238947925665046,0.05522378834173691
improved_dataset_1000_20260807_001:S000119,improved_dataset_1000_20260807_001,S000119,val,TOPO-0056,2,0.04600764924272818,0.0821681728313238,0.03616052358859562
improved_dataset_1000_20260807_001:S000141,improved_dataset_1000_20260807_001,S000141,val,TOPO-0082,3,0.05766563565024754,0.09193851554968657,0.03427287989943903
improved_dataset_1000_20260807_001:S000163,improved_dataset_1000_20260807_001,S000163,val,TOPO-0090,4,0.032660678271651006,-0.006853642588055875,-0.03951432085970688
improved_dataset_1000_20260807_001:S000164,improved_dataset_1000_20260807_001,S000164,val,TOPO-0091,4,0.04985432742314733,0.05864719551321021,0.008792868090062883
improved_dataset_1000_20260807_001:S000181,improved_dataset_1000_20260807_001,S000181,val,TOPO-0056,4,0.043806715804436736,0.037906459130560566,-0.00590025667387617
improved_dataset_1000_20260807_001:S000184,improved_dataset_1000_20260807_001,S000184,val,TOPO-0000,5,0.12275543547844885,0.13158213143371889,0.00882669595527004
improved_dataset_1000_20260807_001:S000186,improved_dataset_1000_20260807_001,S000186,val,TOPO-0000,5,0.1253001016223618,0.17212975138811681,0.046829649765755016
improved_dataset_1000_20260807_001:S000224,improved_dataset_1000_20260807_001,S000224,val,TOPO-0024,6,0.049011230487753216,0.004764510128752147,-0.04424672035900107
improved_dataset_1000_20260807_001:S000244,improved_dataset_1000_20260807_001,S000244,val,TOPO-0000,7,0.12802079893624166,0.08210137659183847,-0.04591942234440319
improved_dataset_1000_20260807_001:S000256,improved_dataset_1000_20260807_001,S000256,val,TOPO-0024,7,0.04886044819020177,0.03183741329361958,-0.01702303489658219
improved_dataset_1000_20260807_001:S000257,improved_dataset_1000_20260807_001,S000257,val,TOPO-0127,7,0.04811079171309324,0.4093809853017102,0.36127019358861695
improved_dataset_1000_20260807_001:S000283,improved_dataset_1000_20260807_001,S000283,val,TOPO-0028,8,0.035953568407790765,0.0441488780821879,0.008195309674397133
improved_dataset_1000_20260807_001:S000284,improved_dataset_1000_20260807_001,S000284,val,TOPO-0029,8,0.05066027525060848,0.12359391662922403,0.07293364137861555
improved_dataset_1000_20260807_001:S000285,improved_dataset_1000_20260807_001,S000285,val,TOPO-0024,8,0.06524898778316776,0.025134721032992274,-0.04011426675017549
improved_dataset_1000_20260807_001:S000290,improved_dataset_1000_20260807_001,S000290,val,TOPO-0127,8,0.8784303121251071,0.8121904285458563,-0.06623988357925081
improved_dataset_1000_20260807_001:S000312,improved_dataset_1000_20260807_001,S000312,val,TOPO-0024,9,0.06172197656235698,0.03317047311356247,-0.028551503448794507
improved_dataset_1000_20260807_001:S000313,improved_dataset_1000_20260807_001,S000313,val,TOPO-0090,9,0.03955077138780652,0.0004290681066852209,-0.0391217032811213
improved_dataset_1000_20260807_001:S000319,improved_dataset_1000_20260807_001,S000319,val,TOPO-0127,9,1.1242382238992632,0.7487215861658292,-0.375516637733434
improved_dataset_1000_20260807_001:S000321,improved_dataset_1000_20260807_001,S000321,val,TOPO-0127,9,1.3313977784522186,0.9217197081431445,-0.4096780703090741
improved_dataset_1000_20260807_001:S000330,improved_dataset_1000_20260807_001,S000330,val,TOPO-0056,9,0.0403919052883627,0.052888563844641495,0.012496658556278795
improved_dataset_1000_20260807_001:S000347,improved_dataset_1000_20260807_001,S000347,val,TOPO-0127,10,0.8806291233635737,1.1303650147934368,0.24973589142986308
improved_dataset_1000_20260807_001:S000348,improved_dataset_1000_20260807_001,S000348,val,TOPO-0127,10,0.8915885876987628,0.8267515206476961,-0.06483706705106673
improved_dataset_1000_20260807_001:S000351,improved_dataset_1000_20260807_001,S000351,val,TOPO-0127,10,0.07003703136186801,0.45220640477205354,0.38216937341018553
improved_dataset_1000_20260807_001:S000358,improved_dataset_1000_20260807_001,S000358,val,TOPO-0056,10,0.04638770339835102,0.057605142344241855,0.011217438945890834
improved_dataset_1000_20260807_001:S000378,improved_dataset_1000_20260807_001,S000378,val,TOPO-0127,11,0.03200120467609699,0.1394497575386695,0.10744855286257252
improved_dataset_1000_20260807_001:S000380,improved_dataset_1000_20260807_001,S000380,val,TOPO-0127,11,0.8841160674516924,0.866888855709967,-0.017227211741725368
improved_dataset_1000_20260807_001:S000391,improved_dataset_1000_20260807_001,S000391,val,TOPO-0056,11,0.046017071809950266,0.04890110953884477,0.0028840377288945063
improved_dataset_1000_20260807_001:S000394,improved_dataset_1000_20260807_001,S000394,val,TOPO-0181,12,0.43388426525272517,0.22579508371926948,-0.20808918153345568
improved_dataset_1000_20260807_001:S000406,improved_dataset_1000_20260807_001,S000406,val,TOPO-0028,12,0.04606417403506152,0.055297716918742384,0.009233542883680862
improved_dataset_1000_20260807_001:S000408,improved_dataset_1000_20260807_001,S000408,val,TOPO-0127,12,0.9075067841445603,0.5758005424861503,-0.33170624165841
improved_dataset_1000_20260807_001:S000409,improved_dataset_1000_20260807_001,S000409,val,TOPO-0127,12,0.9020015006910753,0.7714474176535899,-0.1305540830374854
improved_dataset_1000_20260807_001:S000410,improved_dataset_1000_20260807_001,S000410,val,TOPO-0127,12,0.882199508789923,0.8418160834359694,-0.04038342535395367
improved_dataset_1000_20260807_001:S000411,improved_dataset_1000_20260807_001,S000411,val,TOPO-0082,12,0.07405096011047899,0.07215334208214588,-0.0018976180283331034
improved_dataset_1000_20260807_001:S000434,improved_dataset_1000_20260807_001,S000434,val,TOPO-0198,13,0.19717471488616048,0.1681598954243672,-0.029014819461793268
improved_dataset_1000_20260807_001:S000437,improved_dataset_1000_20260807_001,S000437,val,TOPO-0127,13,0.884166788027505,0.799923307122627,-0.08424348090487799
improved_dataset_1000_20260807_001:S000440,improved_dataset_1000_20260807_001,S000440,val,TOPO-0127,13,0.8714686902638569,1.102124901724934,0.23065621146107707
improved_dataset_1000_20260807_001:S000447,improved_dataset_1000_20260807_001,S000447,val,TOPO-0203,13,0.20106853640931246,0.22194881737825384,0.020880280968941373
improved_dataset_1000_20260807_001:S000462,improved_dataset_1000_20260807_001,S000462,val,TOPO-0198,14,0.211549212899999,0.15838350974200333,-0.05316570315799568
improved_dataset_1000_20260807_001:S000463,improved_dataset_1000_20260807_001,S000463,val,TOPO-0210,14,0.09446450633514136,0.09970915181714465,0.005244645482003291
improved_dataset_1000_20260807_001:S000465,improved_dataset_1000_20260807_001,S000465,val,TOPO-0198,14,0.2041373540769516,0.18564769473532858,-0.018489659341623027
improved_dataset_1000_20260807_001:S000467,improved_dataset_1000_20260807_001,S000467,val,TOPO-0127,14,0.8733421682691831,0.8337616135529444,-0.03958055471623867
improved_dataset_1000_20260807_001:S000478,improved_dataset_1000_20260807_001,S000478,val,TOPO-0218,14,0.19294763769264697,0.22009377034681235,0.027146132654165378
improved_dataset_1000_20260807_001:S000479,improved_dataset_1000_20260807_001,S000479,val,TOPO-0203,14,0.1751498619170272,0.16472478606696903,-0.010425075850058169
improved_dataset_1000_20260807_001:S000480,improved_dataset_1000_20260807_001,S000480,val,TOPO-0203,14,0.20321066236408405,0.22919553224802924,0.02598486988394519
improved_dataset_1000_20260807_001:S000482,improved_dataset_1000_20260807_001,S000482,val,TOPO-0181,15,0.43287762098783344,0.3171427744388754,-0.11573484654895805
improved_dataset_1000_20260807_001:S000483,improved_dataset_1000_20260807_001,S000483,val,TOPO-0181,15,0.4272747587864044,0.20827184101848434,-0.21900291776792008
improved_dataset_1000_20260807_001:S000493,improved_dataset_1000_20260807_001,S000493,val,TOPO-0198,15,0.14923272204049023,0.19023673167820876,0.041004009637718525
improved_dataset_1000_20260807_001:S000498,improved_dataset_1000_20260807_001,S000498,val,TOPO-0127,15,0.8747803830904444,0.8632627802013351,-0.011517602889109302
improved_dataset_1000_20260807_001:S000520,improved_dataset_1000_20260807_001,S000520,val,TOPO-0235,16,0.12063724661132602,0.15230628813023733,0.03166904151891131
improved_dataset_1000_20260807_001:S000523,improved_dataset_1000_20260807_001,S000523,val,TOPO-0198,16,0.17001923957886017,0.12556113220081117,-0.044458107378049005
improved_dataset_1000_20260807_001:S000538,improved_dataset_1000_20260807_001,S000538,val,TOPO-0203,16,0.1604581404577223,0.12482732855639384,-0.03563081190132847
improved_dataset_1000_20260807_001:S000545,improved_dataset_1000_20260807_001,S000545,val,TOPO-0181,17,0.43952891356870427,0.3451614571776595,-0.09436745639104477
improved_dataset_1000_20260807_001:S000553,improved_dataset_1000_20260807_001,S000553,val,TOPO-0198,17,0.1998943816067504,0.13761829378437473,-0.062276087822375675
improved_dataset_1000_20260807_001:S000555,improved_dataset_1000_20260807_001,S000555,val,TOPO-0198,17,0.14482309321804815,0.1871631470192132,0.04234005380116504
improved_dataset_1000_20260807_001:S000574,improved_dataset_1000_20260807_001,S000574,val,TOPO-0259,18,0.08232244614758702,0.12155163884983401,0.03922919270224699
improved_dataset_1000_20260807_001:S000586,improved_dataset_1000_20260807_001,S000586,val,TOPO-0266,18,0.03232475526138473,0.07215352246913098,0.03982876720774625
improved_dataset_1000_20260807_001:S000597,improved_dataset_1000_20260807_001,S000597,val,TOPO-0203,18,0.5950739792989399,0.23646728708617487,-0.35860669221276503
improved_dataset_1000_20260807_001:S000606,improved_dataset_1000_20260807_001,S000606,val,TOPO-0181,19,0.4256468193008067,0.2292905126275627,-0.19635630667324402
improved_dataset_1000_20260807_001:S000607,improved_dataset_1000_20260807_001,S000607,val,TOPO-0235,19,0.12921205336389197,0.13693380475838596,0.007721751394493992
improved_dataset_1000_20260807_001:S000611,improved_dataset_1000_20260807_001,S000611,val,TOPO-0235,19,0.11609030615472037,0.14475673733502648,0.02866643118030611
improved_dataset_1000_20260807_001:S000616,improved_dataset_1000_20260807_001,S000616,val,TOPO-0090,19,0.011987799228399099,-0.016909537903843502,-0.0288973371322426
improved_dataset_1000_20260807_001:S000632,improved_dataset_1000_20260807_001,S000632,val,TOPO-0259,20,0.08191336029836105,0.09525673414073522,0.013343373842374176
improved_dataset_1000_20260807_001:S000633,improved_dataset_1000_20260807_001,S000633,val,TOPO-0259,20,0.08290853407319973,0.09520440069305586,0.012295866619856127
improved_dataset_1000_20260807_001:S000635,improved_dataset_1000_20260807_001,S000635,val,TOPO-0181,20,0.5990758115085495,0.1276516051382222,-0.4714242063703273
improved_dataset_1000_20260807_001:S000642,improved_dataset_1000_20260807_001,S000642,val,TOPO-0090,20,0.010933511577440824,-0.013857899443786043,-0.024791411021226867
improved_dataset_1000_20260807_001:S000643,improved_dataset_1000_20260807_001,S000643,val,TOPO-0090,20,0.016520627056169884,0.021388826122252486,0.004868199066082601
improved_dataset_1000_20260807_001:S000645,improved_dataset_1000_20260807_001,S000645,val,TOPO-0279,20,0.12519492539904514,0.19852902721097376,0.07333410181192862
improved_dataset_1000_20260807_001:S000661,improved_dataset_1000_20260807_001,S000661,val,TOPO-0203,20,0.20486507363974624,0.25177024984451585,0.04690517620476961
improved_dataset_1000_20260807_001:S000663,improved_dataset_1000_20260807_001,S000663,val,TOPO-0259,21,0.08085595301366036,0.09782269655988995,0.016966743546229596
improved_dataset_1000_20260807_001:S000664,improved_dataset_1000_20260807_001,S000664,val,TOPO-0259,21,0.08314762110546076,0.140136151239001,0.056988530133540244
improved_dataset_1000_20260807_001:S000665,improved_dataset_1000_20260807_001,S000665,val,TOPO-0259,21,0.08186053874472199,0.10652093575976536,0.02466039701504337
improved_dataset_1000_20260807_001:S000666,improved_dataset_1000_20260807_001,S000666,val,TOPO-0259,21,0.07572705231010121,0.057551843295642224,-0.018175209014458987
improved_dataset_1000_20260807_001:S000667,improved_dataset_1000_20260807_001,S000667,val,TOPO-0235,21,0.12062701760817053,0.1428640003662904,0.022236982758119875
improved_dataset_1000_20260807_001:S000669,improved_dataset_1000_20260807_001,S000669,val,TOPO-0235,21,0.11716312061014905,0.12849100414042164,0.011327883530272587
improved_dataset_1000_20260807_001:S000671,improved_dataset_1000_20260807_001,S000671,val,TOPO-0235,21,0.11914506424852025,0.2295396084847474,0.11039454423622713
improved_dataset_1000_20260807_001:S000698,improved_dataset_1000_20260807_001,S000698,val,TOPO-0235,22,0.11624170389022101,0.1414428108931235,0.025201107002902484
improved_dataset_1000_20260807_001:S000717,improved_dataset_1000_20260807_001,S000717,val,TOPO-0203,22,0.20497746401609232,0.36177536378101927,0.15679789976492695
improved_dataset_1000_20260807_001:S000720,improved_dataset_1000_20260807_001,S000720,val,TOPO-0203,22,0.20471703693821813,0.2450970879944505,0.04038005105623238
improved_dataset_1000_20260807_001:S000729,improved_dataset_1000_20260807_001,S000729,val,TOPO-0235,23,0.12127773712944727,0.18257424536657182,0.061296508237124556
improved_dataset_1000_20260807_001:S000732,improved_dataset_1000_20260807_001,S000732,val,TOPO-0090,23,0.017344252808171534,0.03420381465225003,0.016859561844078497
improved_dataset_1000_20260807_001:S000736,improved_dataset_1000_20260807_001,S000736,val,TOPO-0306,23,0.02915970644269042,0.0258543802155774,-0.00330532622711302
improved_dataset_1000_20260807_001:S000744,improved_dataset_1000_20260807_001,S000744,val,TOPO-0310,23,0.024136671677391003,0.05813496014150024,0.03399828846410924
improved_dataset_1000_20260807_001:S000751,improved_dataset_1000_20260807_001,S000751,val,TOPO-0313,23,0.08808609681874136,0.04594600994881712,-0.04214008686992424
improved_dataset_1000_20260807_001:S000752,improved_dataset_1000_20260807_001,S000752,val,TOPO-0314,24,0.0687947168064332,0.07659542464540858,0.007800707838975379
improved_dataset_1000_20260807_001:S000757,improved_dataset_1000_20260807_001,S000757,val,TOPO-0316,24,0.05689559544382189,0.10077324403129345,0.04387764858747156
improved_dataset_1000_20260807_001:S000765,improved_dataset_1000_20260807_001,S000765,val,TOPO-0306,24,0.028957588131377276,0.007209156994922666,-0.02174843113645461
improved_dataset_1000_20260807_001:S000780,improved_dataset_1000_20260807_001,S000780,val,TOPO-0203,24,1.3792898863382572,1.2201273612306782,-0.159162525107579
improved_dataset_1000_20260807_001:S000788,improved_dataset_1000_20260807_001,S000788,val,TOPO-0235,25,0.11644328104057884,0.13520367074022543,0.018760389699646593
improved_dataset_1000_20260807_001:S000789,improved_dataset_1000_20260807_001,S000789,val,TOPO-0235,25,0.12304812927828411,0.1178967014235848,-0.005151427854699311
improved_dataset_1000_20260807_001:S000790,improved_dataset_1000_20260807_001,S000790,val,TOPO-0235,25,0.13111299263495085,0.16953492174584536,0.03842192911089451
improved_dataset_1000_20260807_001:S000813,improved_dataset_1000_20260807_001,S000813,val,TOPO-0314,26,0.1736602951655055,0.1822702296306713,0.008609934465165808
improved_dataset_1000_20260807_001:S000825,improved_dataset_1000_20260807_001,S000825,val,TOPO-0346,26,0.11764184644662556,0.12392878915057703,0.00628694270395147
improved_dataset_1000_20260807_001:S000835,improved_dataset_1000_20260807_001,S000835,val,TOPO-0350,26,0.2631925659614921,0.27064002302863177,0.007447457067139673
improved_dataset_1000_20260807_001:S000836,improved_dataset_1000_20260807_001,S000836,val,TOPO-0350,26,0.28349729639013826,0.24055206282318672,-0.04294523356695154
improved_dataset_1000_20260807_001:S000842,improved_dataset_1000_20260807_001,S000842,val,TOPO-0314,27,0.0674677158669901,0.07718345438386098,0.009715738516870881
improved_dataset_1000_20260807_001:S000843,improved_dataset_1000_20260807_001,S000843,val,TOPO-0314,27,0.06651459348167965,0.1935736654189623,0.12705907193728264
improved_dataset_1000_20260807_001:S000845,improved_dataset_1000_20260807_001,S000845,val,TOPO-0314,27,0.08228067064403599,0.12868406065848292,0.04640339001444693
improved_dataset_1000_20260807_001:S000846,improved_dataset_1000_20260807_001,S000846,val,TOPO-0354,27,0.08549630209555423,0.10445409351740337,0.01895779142184914
improved_dataset_1000_20260807_001:S000847,improved_dataset_1000_20260807_001,S000847,val,TOPO-0235,27,0.1177652523664372,0.11722630910993223,-0.0005389432565049701
improved_dataset_1000_20260807_001:S000850,improved_dataset_1000_20260807_001,S000850,val,TOPO-0235,27,0.11613057489639579,0.1160985615120388,-3.2013384356988084e-05
improved_dataset_1000_20260807_001:S000855,improved_dataset_1000_20260807_001,S000855,val,TOPO-0346,27,0.11764393681345298,0.13220033885367982,0.014556402040226846
improved_dataset_1000_20260807_001:S000856,improved_dataset_1000_20260807_001,S000856,val,TOPO-0090,27,0.01919394095346169,0.007523582120963823,-0.011670358832497868
improved_dataset_1000_20260807_001:S000862,improved_dataset_1000_20260807_001,S000862,val,TOPO-0350,27,0.9409144537864309,0.28714622268538376,-0.6537682311010471
improved_dataset_1000_20260807_001:S000864,improved_dataset_1000_20260807_001,S000864,val,TOPO-0360,27,0.07366607795025476,0.09707854719132676,0.023412469241072
improved_dataset_1000_20260807_001:S000875,improved_dataset_1000_20260807_001,S000875,val,TOPO-0314,28,0.20866718893978198,0.1724574694433105,-0.036209719496471476
improved_dataset_1000_20260807_001:S000882,improved_dataset_1000_20260807_001,S000882,val,TOPO-0090,28,0.021202412089642797,-0.014671190082640978,-0.035873602172283775
improved_dataset_1000_20260807_001:S000883,improved_dataset_1000_20260807_001,S000883,val,TOPO-0346,28,0.12335780067671771,0.13662949722000955,0.013271696543291842
improved_dataset_1000_20260807_001:S000886,improved_dataset_1000_20260807_001,S000886,val,TOPO-0346,28,0.12174569280181297,0.15223246740933194,0.030486774607518974
improved_dataset_1000_20260807_001:S000891,improved_dataset_1000_20260807_001,S000891,val,TOPO-0372,28,0.0381490477925325,0.052875851867690976,0.014726804075158473
improved_dataset_1000_20260807_001:S000896,improved_dataset_1000_20260807_001,S000896,val,TOPO-0350,28,0.26412356441362905,0.2844923216109892,0.020368757197360143
improved_dataset_1000_20260807_001:S000904,improved_dataset_1000_20260807_001,S000904,val,TOPO-0354,29,0.07641144053159826,0.08532411741276974,0.008912676881171477
improved_dataset_1000_20260807_001:S000913,improved_dataset_1000_20260807_001,S000913,val,TOPO-0346,29,0.11846627863456063,0.1431784997693254,0.02471222113476476
improved_dataset_1000_20260807_001:S000922,improved_dataset_1000_20260807_001,S000922,val,TOPO-0388,29,0.0610630865717548,0.11124891047242487,0.05018582390067007
improved_dataset_1000_20260807_001:S000923,improved_dataset_1000_20260807_001,S000923,val,TOPO-0360,29,0.0710949161415293,0.10261616235914255,0.03152124621761325
improved_dataset_1000_20260807_001:S000932,improved_dataset_1000_20260807_001,S000932,val,TOPO-0314,30,0.10156904774359207,0.09736322968682344,-0.0042058180567686315
improved_dataset_1000_20260807_001:S000934,improved_dataset_1000_20260807_001,S000934,val,TOPO-0314,30,0.17524414064424357,0.20721927234938414,0.031975131705140575
improved_dataset_1000_20260807_001:S000940,improved_dataset_1000_20260807_001,S000940,val,TOPO-0235,30,0.12014765511174658,0.18238112783526556,0.06223347272351898
improved_dataset_1000_20260807_001:S000942,improved_dataset_1000_20260807_001,S000942,val,TOPO-0346,30,0.11785302655119058,0.1266939306342876,0.008840904083097026
improved_dataset_1000_20260807_001:S000943,improved_dataset_1000_20260807_001,S000943,val,TOPO-0346,30,0.12262963147283519,0.1463801406184987,0.023750509145663498
improved_dataset_1000_20260807_001:S000953,improved_dataset_1000_20260807_001,S000953,val,TOPO-0360,30,0.06742729857132693,0.09345217457471923,0.026024876003392303
improved_dataset_1000_20260807_001:S000962,improved_dataset_1000_20260807_001,S000962,val,TOPO-0314,31,0.07642981878208097,0.1852502067081451,0.10882038792606413
improved_dataset_1000_20260807_001:S000963,improved_dataset_1000_20260807_001,S000963,val,TOPO-0314,31,0.3216506558077058,0.13804844246686176,-0.18360221334084403
improved_dataset_1000_20260807_001:S000965,improved_dataset_1000_20260807_001,S000965,val,TOPO-0314,31,0.2746120383307031,0.34261405339597256,0.06800201506526948
improved_dataset_1000_20260807_001:S000974,improved_dataset_1000_20260807_001,S000974,val,TOPO-0346,31,0.11769052971060628,0.1198783373429814,0.0021878076323751106
improved_dataset_1000_20260807_001:S000983,improved_dataset_1000_20260807_001,S000983,val,TOPO-0350,31,0.5220786031274212,0.3200772250246079,-0.20200137810281327
improved_dataset_1000_20260807_001:S000992,improved_dataset_1000_20260807_001,S000992,val,TOPO-0314,32,0.0690658596670477,0.07533503955846568,0.006269179891417981
improved_dataset_1000_20260807_001:S000994,improved_dataset_1000_20260807_001,S000994,val,TOPO-0314,32,0.0693535981302921,0.07732795496993106,0.007974356839638957
improved_dataset_1000_20260807_001:S000995,improved_dataset_1000_20260807_001,S000995,val,TOPO-0314,32,0.06700405764926962,0.08523597184304701,0.0182319141937774
band_supplement_300_20260808_001:S000018,band_supplement_300_20260808_001,S000018,val,TOPO-0235,1,0.12270035378199637,0.10287388230586524,-0.019826471476131133
band_supplement_300_20260808_001:S000020,band_supplement_300_20260808_001,S000020,val,TOPO-0314,1,0.36907951930498983,0.3712780971014758,0.0021985777964859676
band_supplement_300_20260808_001:S000023,band_supplement_300_20260808_001,S000023,val,TOPO-0350,1,0.07646085595451854,0.26925237492369564,0.1927915189691771
band_supplement_300_20260808_001:S000024,band_supplement_300_20260808_001,S000024,val,TOPO-0350,1,0.2978853390127648,0.24231932207453222,-0.0555660169382326
band_supplement_300_20260808_001:S000025,band_supplement_300_20260808_001,S000025,val,TOPO-0350,1,0.26092631917084286,0.2708950796145743,0.009968760443731461
band_supplement_300_20260808_001:S000033,band_supplement_300_20260808_001,S000033,val,TOPO-0181,2,0.4096170800322183,0.20554327564875405,-0.20407380438346426
band_supplement_300_20260808_001:S000034,band_supplement_300_20260808_001,S000034,val,TOPO-0181,2,0.4081059676469754,0.18364247587037896,-0.2244634917765964
band_supplement_300_20260808_001:S000047,band_supplement_300_20260808_001,S000047,val,TOPO-0198,2,0.16001607031771953,0.18992207045743711,0.029906000139717587
band_supplement_300_20260808_001:S000048,band_supplement_300_20260808_001,S000048,val,TOPO-0198,2,0.14291448219462266,0.1804950147827326,0.03758053258810995
band_supplement_300_20260808_001:S000054,band_supplement_300_20260808_001,S000054,val,TOPO-0235,2,0.1679312443097446,0.14784812990330182,-0.02008311440644278
band_supplement_300_20260808_001:S000055,band_supplement_300_20260808_001,S000055,val,TOPO-0279,2,0.10737050540462509,0.20223115572945188,0.0948606503248268
band_supplement_300_20260808_001:S000064,band_supplement_300_20260808_001,S000064,val,TOPO-0181,3,0.5698971343455344,0.17693480439841278,-0.39296232994712155
band_supplement_300_20260808_001:S000065,band_supplement_300_20260808_001,S000065,val,TOPO-0181,3,0.4082859938581125,0.2694182778949987,-0.13886771596311376
band_supplement_300_20260808_001:S000078,band_supplement_300_20260808_001,S000078,val,TOPO-0198,3,0.14882288281032646,0.15951847281930104,0.010695590008974576
band_supplement_300_20260808_001:S000080,band_supplement_300_20260808_001,S000080,val,TOPO-0198,3,0.14926786036408923,0.2035981362608443,0.05433027589675507
band_supplement_300_20260808_001:S000082,band_supplement_300_20260808_001,S000082,val,TOPO-0314,3,0.23765047582811608,0.26968927220162553,0.032038796373509454
band_supplement_300_20260808_001:S000084,band_supplement_300_20260808_001,S000084,val,TOPO-0314,3,0.10402434805288306,0.23399872302797894,0.1299743749750959
band_supplement_300_20260808_001:S000089,band_supplement_300_20260808_001,S000089,val,TOPO-0346,3,0.12534291700382696,0.10966074101154377,-0.015682175992283193
band_supplement_300_20260808_001:S000091,band_supplement_300_20260808_001,S000091,val,TOPO-0346,3,0.11757489104215338,0.12149842468922736,0.0039235336470739846
band_supplement_300_20260808_001:S000106,band_supplement_300_20260808_001,S000106,val,TOPO-0198,4,0.14832318433408145,0.13995272950814425,-0.008370454825937207
band_supplement_300_20260808_001:S000112,band_supplement_300_20260808_001,S000112,val,TOPO-0198,4,0.1494981774055743,0.27102011962825107,0.12152194222267676
band_supplement_300_20260808_001:S000123,band_supplement_300_20260808_001,S000123,val,TOPO-0181,5,0.43746119061341504,0.19894785395739553,-0.2385133366560195
band_supplement_300_20260808_001:S000135,band_supplement_300_20260808_001,S000135,val,TOPO-0198,5,0.14528503245391056,0.29128379610128663,0.14599876364737607
band_supplement_300_20260808_001:S000153,band_supplement_300_20260808_001,S000153,val,TOPO-0181,6,0.4096521812173204,0.4394471876534516,0.0297950064361312
band_supplement_300_20260808_001:S000165,band_supplement_300_20260808_001,S000165,val,TOPO-0198,6,0.14921269377964375,0.23224756331505428,0.08303486953541053
band_supplement_300_20260808_001:S000166,band_supplement_300_20260808_001,S000166,val,TOPO-0198,6,0.13865473904030606,0.163898088430721,0.02524334939041495
band_supplement_300_20260808_001:S000169,band_supplement_300_20260808_001,S000169,val,TOPO-0198,6,0.151363919992539,0.16186207644631367,0.010498156453774665
band_supplement_300_20260808_001:S000175,band_supplement_300_20260808_001,S000175,val,TOPO-0279,6,0.12346759268465331,0.19097304217116912,0.06750544948651581
band_supplement_300_20260808_001:S000184,band_supplement_300_20260808_001,S000184,val,TOPO-0181,7,0.44868391383686956,0.1754450784819042,-0.2732388353549654
band_supplement_300_20260808_001:S000185,band_supplement_300_20260808_001,S000185,val,TOPO-0181,7,0.41078280439597636,0.35079235363877403,-0.05999045075720233
band_supplement_300_20260808_001:S000195,band_supplement_300_20260808_001,S000195,val,TOPO-0198,7,0.16095064467656128,0.17283950255026992,0.011888857873708636
band_supplement_300_20260808_001:S000196,band_supplement_300_20260808_001,S000196,val,TOPO-0198,7,0.1489605233854629,0.19578551226985272,0.04682498888438982
band_supplement_300_20260808_001:S000199,band_supplement_300_20260808_001,S000199,val,TOPO-0198,7,0.1489543530894723,0.19691326252049593,0.04795890943102363
band_supplement_300_20260808_001:S000203,band_supplement_300_20260808_001,S000203,val,TOPO-0279,7,0.12616551348891358,0.19311258036852935,0.06694706687961577
band_supplement_300_20260808_001:S000204,band_supplement_300_20260808_001,S000204,val,TOPO-0279,7,0.126380577219158,0.167099235868435,0.04071865864927701
band_supplement_300_20260808_001:S000205,band_supplement_300_20260808_001,S000205,val,TOPO-0279,7,0.1241115105554916,0.13475057577213284,0.010639065216641236
band_supplement_300_20260808_001:S000206,band_supplement_300_20260808_001,S000206,val,TOPO-0346,7,0.10970627280878467,0.20449424044236214,0.09478796763357747
band_supplement_300_20260808_001:S000226,band_supplement_300_20260808_001,S000226,val,TOPO-0198,8,0.16424876603526914,0.21165842329254514,0.047409657257276
band_supplement_300_20260808_001:S000229,band_supplement_300_20260808_001,S000229,val,TOPO-0198,8,0.14806972470350702,0.2108311715631866,0.06276144685967958
band_supplement_300_20260808_001:S000230,band_supplement_300_20260808_001,S000230,val,TOPO-0198,8,0.13906453582647332,0.22262679324034282,0.0835622574138695
band_supplement_300_20260808_001:S000233,band_supplement_300_20260808_001,S000233,val,TOPO-0279,8,0.1846936147073472,0.1832898060507453,-0.0014038086566018904
band_supplement_300_20260808_001:S000235,band_supplement_300_20260808_001,S000235,val,TOPO-0279,8,0.690567368807028,0.2147720094286757,-0.47579535937835227
band_supplement_300_20260808_001:S000242,band_supplement_300_20260808_001,S000242,val,TOPO-0181,9,0.42988236937712077,0.24223362764560713,-0.18764874173151364
band_supplement_300_20260808_001:S000255,band_supplement_300_20260808_001,S000255,val,TOPO-0198,9,0.165957057311733,0.23529491891059032,0.06933786159885733
band_supplement_300_20260808_001:S000258,band_supplement_300_20260808_001,S000258,val,TOPO-0198,9,0.5010374163045767,0.20474458043919413,-0.2962928358653825
band_supplement_300_20260808_001:S000261,band_supplement_300_20260808_001,S000261,val,TOPO-0198,9,0.1472823355135137,0.2358057416930419,0.0885234061795282
band_supplement_300_20260808_001:S000263,band_supplement_300_20260808_001,S000263,val,TOPO-0279,9,0.12171332925448489,0.13214454622028604,0.010431216965801154
band_supplement_300_20260808_001:S000264,band_supplement_300_20260808_001,S000264,val,TOPO-0279,9,0.12303186261662709,0.17152527990652183,0.048493417289894744
band_supplement_300_20260808_001:S000265,band_supplement_300_20260808_001,S000265,val,TOPO-0279,9,0.12322103550900901,0.1932721830591026,0.07005114755009359
band_supplement_300_20260808_001:S000287,band_supplement_300_20260808_001,S000287,val,TOPO-0198,10,0.14460506371354864,0.1810448714518366,0.03643980773828795
band_supplement_300_20260808_001:S000288,band_supplement_300_20260808_001,S000288,val,TOPO-0198,10,0.18808689285344893,0.23045703679537974,0.04237014394193081
band_supplement_300_20260808_001:S000290,band_supplement_300_20260808_001,S000290,val,TOPO-0198,10,0.4309240087171232,0.23179950857154558,-0.19912450014557764
band_supplement_300_20260808_001:S000292,band_supplement_300_20260808_001,S000292,val,TOPO-0198,10,0.15104219980460015,0.21163180228530545,0.0605896024807053
band_supplement_300_20260808_001:S000293,band_supplement_300_20260808_001,S000293,val,TOPO-0279,10,0.12384073907984643,0.21797022723585033,0.0941294881560039
band_supplement_300_20260808_001:S000295,band_supplement_300_20260808_001,S000295,val,TOPO-0279,10,0.34234682599403476,0.22055161738454385,-0.12179520860949092
improved_dataset_1000_20260807_001:S000033,improved_dataset_1000_20260807_001,S000033,test,TOPO-0031,0,0.05910199354666218,0.07081726873845179,0.01171527519178961
improved_dataset_1000_20260807_001:S000048,improved_dataset_1000_20260807_001,S000048,test,TOPO-0046,0,0.2754207821564334,0.25649569648663406,-0.018925085669799335
improved_dataset_1000_20260807_001:S000049,improved_dataset_1000_20260807_001,S000049,test,TOPO-0047,0,0.04745757860702238,0.061425643189822215,0.013968064582799838
improved_dataset_1000_20260807_001:S000107,improved_dataset_1000_20260807_001,S000107,test,TOPO-0031,2,0.06488289770239208,0.05816455421805694,-0.006718343484335143
improved_dataset_1000_20260807_001:S000113,improved_dataset_1000_20260807_001,S000113,test,TOPO-0046,2,0.2723635941438341,0.24018610007440053,-0.03217749406943357
improved_dataset_1000_20260807_001:S000115,improved_dataset_1000_20260807_001,S000115,test,TOPO-0046,2,0.3294034549856365,0.25822028625775234,-0.07118316872788416
improved_dataset_1000_20260807_001:S000126,improved_dataset_1000_20260807_001,S000126,test,TOPO-0078,3,0.12564350538701047,0.09671186289460013,-0.028931642492410342
improved_dataset_1000_20260807_001:S000142,improved_dataset_1000_20260807_001,S000142,test,TOPO-0046,3,0.25774967783560565,0.294208691482308,0.03645901364670234
improved_dataset_1000_20260807_001:S000157,improved_dataset_1000_20260807_001,S000157,test,TOPO-0086,4,0.16113240578605512,0.24239753309632514,0.08126512731027002
improved_dataset_1000_20260807_001:S000159,improved_dataset_1000_20260807_001,S000159,test,TOPO-0088,4,0.0811675025589389,0.26349135047482447,0.18232384791588557
improved_dataset_1000_20260807_001:S000173,improved_dataset_1000_20260807_001,S000173,test,TOPO-0046,4,0.2808320680741789,0.23414454866256462,-0.04668751941161425
improved_dataset_1000_20260807_001:S000194,improved_dataset_1000_20260807_001,S000194,test,TOPO-0104,5,0.048650350407547394,0.10205211347871028,0.053401763071162886
improved_dataset_1000_20260807_001:S000198,improved_dataset_1000_20260807_001,S000198,test,TOPO-0031,5,0.05938472361832006,0.05780646483062074,-0.0015782587876993215
improved_dataset_1000_20260807_001:S000204,improved_dataset_1000_20260807_001,S000204,test,TOPO-0108,5,0.08746926882866654,0.13508178219328854,0.047612513364621994
improved_dataset_1000_20260807_001:S000208,improved_dataset_1000_20260807_001,S000208,test,TOPO-0110,5,0.031111345067563606,0.02663295166529872,-0.004478393402264885
improved_dataset_1000_20260807_001:S000216,improved_dataset_1000_20260807_001,S000216,test,TOPO-0078,6,0.12301785609778346,0.08266808883305085,-0.040349767264732606
improved_dataset_1000_20260807_001:S000220,improved_dataset_1000_20260807_001,S000220,test,TOPO-0086,6,0.16244143169298225,0.2847902519388921,0.12234882024590987
improved_dataset_1000_20260807_001:S000221,improved_dataset_1000_20260807_001,S000221,test,TOPO-0086,6,0.2264890583152876,0.16160366147914834,-0.06488539683613925
improved_dataset_1000_20260807_001:S000229,improved_dataset_1000_20260807_001,S000229,test,TOPO-0031,6,0.06097757252981481,0.052592432081090046,-0.008385140448724765
improved_dataset_1000_20260807_001:S000231,improved_dataset_1000_20260807_001,S000231,test,TOPO-0118,6,0.02442565162753288,0.05071219486932199,0.026286543241789112
improved_dataset_1000_20260807_001:S000232,improved_dataset_1000_20260807_001,S000232,test,TOPO-0046,6,0.27535002801427483,0.26810056688528866,-0.007249461128986168
improved_dataset_1000_20260807_001:S000234,improved_dataset_1000_20260807_001,S000234,test,TOPO-0046,6,0.46673475133059666,0.40263355706877635,-0.06410119426182032
improved_dataset_1000_20260807_001:S000235,improved_dataset_1000_20260807_001,S000235,test,TOPO-0046,6,0.274122176250646,0.2803712960482201,0.0062491197975740875
improved_dataset_1000_20260807_001:S000239,improved_dataset_1000_20260807_001,S000239,test,TOPO-0110,6,0.03349287771094481,-0.0018098951524664897,-0.0353027728634113
improved_dataset_1000_20260807_001:S000240,improved_dataset_1000_20260807_001,S000240,test,TOPO-0110,6,0.03638267721236363,0.02778717370600642,-0.00859550350635721
improved_dataset_1000_20260807_001:S000242,improved_dataset_1000_20260807_001,S000242,test,TOPO-0078,7,0.1654656035818073,0.08608843829066759,-0.07937716529113972
improved_dataset_1000_20260807_001:S000248,improved_dataset_1000_20260807_001,S000248,test,TOPO-0086,7,0.18716464582283945,0.26418543714952086,0.07702079132668141
improved_dataset_1000_20260807_001:S000250,improved_dataset_1000_20260807_001,S000250,test,TOPO-0086,7,0.164614999364533,0.40317244727028567,0.23855744790575267
improved_dataset_1000_20260807_001:S000251,improved_dataset_1000_20260807_001,S000251,test,TOPO-0086,7,0.17371521504422133,0.41496440815274416,0.24124919310852283
improved_dataset_1000_20260807_001:S000258,improved_dataset_1000_20260807_001,S000258,test,TOPO-0128,7,0.084052017782794,0.11575727994721494,0.03170526216442093
improved_dataset_1000_20260807_001:S000263,improved_dataset_1000_20260807_001,S000263,test,TOPO-0046,7,0.2596882410568083,0.2344052701956645,-0.02528297086114381
improved_dataset_1000_20260807_001:S000264,improved_dataset_1000_20260807_001,S000264,test,TOPO-0046,7,0.260204391887195,0.30580567525586366,0.045601283368668644
improved_dataset_1000_20260807_001:S000265,improved_dataset_1000_20260807_001,S000265,test,TOPO-0046,7,0.47221106675647334,0.38123427024749645,-0.09097679650897689
improved_dataset_1000_20260807_001:S000267,improved_dataset_1000_20260807_001,S000267,test,TOPO-0110,7,0.025374932831160463,0.009388061999032776,-0.015986870832127686
improved_dataset_1000_20260807_001:S000268,improved_dataset_1000_20260807_001,S000268,test,TOPO-0110,7,0.03505233380819647,0.1124226355295224,0.07737030172132593
improved_dataset_1000_20260807_001:S000275,improved_dataset_1000_20260807_001,S000275,test,TOPO-0078,8,0.11793388236451514,0.09346138492195884,-0.024472497442556307
improved_dataset_1000_20260807_001:S000276,improved_dataset_1000_20260807_001,S000276,test,TOPO-0078,8,0.12368444967374964,0.09382501325093776,-0.029859436422811886
improved_dataset_1000_20260807_001:S000278,improved_dataset_1000_20260807_001,S000278,test,TOPO-0086,8,0.16686222328650271,0.28535973895637545,0.11849751566987274
improved_dataset_1000_20260807_001:S000280,improved_dataset_1000_20260807_001,S000280,test,TOPO-0086,8,1.2362064204231948,0.7590742286831176,-0.47713219174007726
improved_dataset_1000_20260807_001:S000291,improved_dataset_1000_20260807_001,S000291,test,TOPO-0140,8,1.35861380277327,0.23077967483474282,-1.127834127938527
improved_dataset_1000_20260807_001:S000294,improved_dataset_1000_20260807_001,S000294,test,TOPO-0046,8,0.2634315097452649,0.2678710828072348,0.004439573061969904
improved_dataset_1000_20260807_001:S000296,improved_dataset_1000_20260807_001,S000296,test,TOPO-0108,8,0.10296982695994407,0.09377379395816642,-0.009196033001777654
improved_dataset_1000_20260807_001:S000300,improved_dataset_1000_20260807_001,S000300,test,TOPO-0110,8,0.03259155822335755,0.005042751747780599,-0.027548806475576948
improved_dataset_1000_20260807_001:S000309,improved_dataset_1000_20260807_001,S000309,test,TOPO-0086,9,0.15108157722234916,0.3698088451077769,0.21872726788542773
improved_dataset_1000_20260807_001:S000310,improved_dataset_1000_20260807_001,S000310,test,TOPO-0086,9,0.16639956780819945,0.24823401501271655,0.0818344472045171
improved_dataset_1000_20260807_001:S000315,improved_dataset_1000_20260807_001,S000315,test,TOPO-0104,9,0.04832786092217206,0.1089620916072241,0.06063423068505204
improved_dataset_1000_20260807_001:S000322,improved_dataset_1000_20260807_001,S000322,test,TOPO-0046,9,0.3610673660864714,0.36322854011104533,0.002161174024573942
improved_dataset_1000_20260807_001:S000323,improved_dataset_1000_20260807_001,S000323,test,TOPO-0047,9,0.06426618643330761,0.07212870334218005,0.007862516908872436
improved_dataset_1000_20260807_001:S000336,improved_dataset_1000_20260807_001,S000336,test,TOPO-0078,10,0.25901730227670083,0.15718114559827023,-0.1018361566784306
improved_dataset_1000_20260807_001:S000341,improved_dataset_1000_20260807_001,S000341,test,TOPO-0086,10,0.1356931189913167,0.39496730119970064,0.25927418220838394
improved_dataset_1000_20260807_001:S000355,improved_dataset_1000_20260807_001,S000355,test,TOPO-0167,10,0.06860163906637365,0.15657466863784084,0.08797302957146719
improved_dataset_1000_20260807_001:S000356,improved_dataset_1000_20260807_001,S000356,test,TOPO-0046,10,0.27912954918123845,0.34077424409086676,0.06164469490962832
improved_dataset_1000_20260807_001:S000382,improved_dataset_1000_20260807_001,S000382,test,TOPO-0108,11,0.1143245510125007,0.12168582554475559,0.00736127453225488
improved_dataset_1000_20260807_001:S000386,improved_dataset_1000_20260807_001,S000386,test,TOPO-0046,11,0.46431126279667934,0.33517366325424947,-0.12913759954242987
improved_dataset_1000_20260807_001:S000395,improved_dataset_1000_20260807_001,S000395,test,TOPO-0078,12,0.12029129620688761,0.09382450392297981,-0.026466792283907803
improved_dataset_1000_20260807_001:S000396,improved_dataset_1000_20260807_001,S000396,test,TOPO-0182,12,0.047493634782045574,0.05304802593947633,0.005554391157430755
improved_dataset_1000_20260807_001:S000404,improved_dataset_1000_20260807_001,S000404,test,TOPO-0104,12,0.06314233307209269,0.12596327845661007,0.06282094538451738
improved_dataset_1000_20260807_001:S000413,improved_dataset_1000_20260807_001,S000413,test,TOPO-0186,12,0.047374165542908936,0.05424277138583844,0.006868605842929504
improved_dataset_1000_20260807_001:S000415,improved_dataset_1000_20260807_001,S000415,test,TOPO-0046,12,0.4673123929009067,0.37112136203341584,-0.09619103086749087
improved_dataset_1000_20260807_001:S000422,improved_dataset_1000_20260807_001,S000422,test,TOPO-0078,13,0.12155138418585504,0.09443014791997799,-0.02712123626587705
improved_dataset_1000_20260807_001:S000429,improved_dataset_1000_20260807_001,S000429,test,TOPO-0086,13,0.15201644338366685,0.15376366641591652,0.0017472230322496674
improved_dataset_1000_20260807_001:S000438,improved_dataset_1000_20260807_001,S000438,test,TOPO-0199,13,0.0892160196714552,0.0980075295536302,0.008791509882174989
improved_dataset_1000_20260807_001:S000439,improved_dataset_1000_20260807_001,S000439,test,TOPO-0140,13,1.509970792037272,0.7361992489916704,-0.7737715430456016
improved_dataset_1000_20260807_001:S000443,improved_dataset_1000_20260807_001,S000443,test,TOPO-0167,13,0.07238458758605432,0.15336191807258476,0.08097733048653044
improved_dataset_1000_20260807_001:S000445,improved_dataset_1000_20260807_001,S000445,test,TOPO-0046,13,0.46679389703971363,0.37480502343429356,-0.09198887360542007
improved_dataset_1000_20260807_001:S000446,improved_dataset_1000_20260807_001,S000446,test,TOPO-0046,13,0.4669154142016812,0.4424578464348923,-0.024457567766788924
improved_dataset_1000_20260807_001:S000451,improved_dataset_1000_20260807_001,S000451,test,TOPO-0110,13,0.037630106269376185,0.02453360793262005,-0.013096498336756135
improved_dataset_1000_20260807_001:S000452,improved_dataset_1000_20260807_001,S000452,test,TOPO-0078,14,0.12176013437162067,0.07817546608096074,-0.043584668290659934
improved_dataset_1000_20260807_001:S000474,improved_dataset_1000_20260807_001,S000474,test,TOPO-0046,14,0.4414816132934899,0.36691388866078384,-0.07456772463270606
improved_dataset_1000_20260807_001:S000487,improved_dataset_1000_20260807_001,S000487,test,TOPO-0222,15,0.08121380895911584,0.08331074399499339,0.002096935035877545
improved_dataset_1000_20260807_001:S000497,improved_dataset_1000_20260807_001,S000497,test,TOPO-0226,15,0.8416905340943346,1.0430116198213126,0.20132108572697804
improved_dataset_1000_20260807_001:S000502,improved_dataset_1000_20260807_001,S000502,test,TOPO-0186,15,0.04079078335643144,0.06893281896003153,0.028142035603600096
improved_dataset_1000_20260807_001:S000503,improved_dataset_1000_20260807_001,S000503,test,TOPO-0046,15,0.4665593302930794,0.4290418296925155,-0.03751750060056391
improved_dataset_1000_20260807_001:S000505,improved_dataset_1000_20260807_001,S000505,test,TOPO-0046,15,0.44751855024708176,0.37143667848338335,-0.0760818717636984
improved_dataset_1000_20260807_001:S000506,improved_dataset_1000_20260807_001,S000506,test,TOPO-0046,15,0.46317690454633165,0.4506737096145925,-0.012503194931739126
improved_dataset_1000_20260807_001:S000507,improved_dataset_1000_20260807_001,S000507,test,TOPO-0110,15,0.033911078408418255,0.001599609864045587,-0.03231146854437267
improved_dataset_1000_20260807_001:S000514,improved_dataset_1000_20260807_001,S000514,test,TOPO-0078,16,0.07871950261704519,0.09692792405876217,0.018208421441716985
improved_dataset_1000_20260807_001:S000524,improved_dataset_1000_20260807_001,S000524,test,TOPO-0104,16,0.07205540256023174,0.08732727243838972,0.015271869878157984
improved_dataset_1000_20260807_001:S000529,improved_dataset_1000_20260807_001,S000529,test,TOPO-0140,16,1.5064638143828073,1.2391965999763264,-0.26726721440648094
improved_dataset_1000_20260807_001:S000530,improved_dataset_1000_20260807_001,S000530,test,TOPO-0239,16,0.03295016754975083,0.017388352120530692,-0.015561815429220138
improved_dataset_1000_20260807_001:S000531,improved_dataset_1000_20260807_001,S000531,test,TOPO-0226,16,0.8606436036215737,1.038524695175752,0.17788109155417842
improved_dataset_1000_20260807_001:S000532,improved_dataset_1000_20260807_001,S000532,test,TOPO-0108,16,0.11319039437113641,0.12193636184507137,0.008745967473934954
improved_dataset_1000_20260807_001:S000533,improved_dataset_1000_20260807_001,S000533,test,TOPO-0108,16,0.09702283944592598,0.1295177986926497,0.03249495924672373
improved_dataset_1000_20260807_001:S000536,improved_dataset_1000_20260807_001,S000536,test,TOPO-0186,16,0.026172667745299638,0.04572430373312114,0.019551635987821503
improved_dataset_1000_20260807_001:S000543,improved_dataset_1000_20260807_001,S000543,test,TOPO-0245,17,0.05487620558954226,0.06806622927257697,0.013190023683034707
improved_dataset_1000_20260807_001:S000558,improved_dataset_1000_20260807_001,S000558,test,TOPO-0140,17,1.3666938663861818,1.2343158799312774,-0.1323779864549044
improved_dataset_1000_20260807_001:S000560,improved_dataset_1000_20260807_001,S000560,test,TOPO-0031,17,0.043791276800711376,0.059338067055172,0.015546790254460624
improved_dataset_1000_20260807_001:S000563,improved_dataset_1000_20260807_001,S000563,test,TOPO-0257,17,0.018685185989464392,0.08415733194909927,0.06547214595963488
improved_dataset_1000_20260807_001:S000565,improved_dataset_1000_20260807_001,S000565,test,TOPO-0167,17,0.08335583013027109,0.12773496514734003,0.044379135017068944
improved_dataset_1000_20260807_001:S000566,improved_dataset_1000_20260807_001,S000566,test,TOPO-0167,17,0.07329587080181899,0.1607169904758517,0.08742111967403271
improved_dataset_1000_20260807_001:S000572,improved_dataset_1000_20260807_001,S000572,test,TOPO-0078,18,0.08164615411842152,0.10169142439648869,0.02004527027806717
improved_dataset_1000_20260807_001:S000573,improved_dataset_1000_20260807_001,S000573,test,TOPO-0078,18,0.07899751079409292,0.09583963876661075,0.01684212797251783
improved_dataset_1000_20260807_001:S000589,improved_dataset_1000_20260807_001,S000589,test,TOPO-0226,18,0.8871441494936947,0.8873948237369991,0.0002506742433043829
improved_dataset_1000_20260807_001:S000591,improved_dataset_1000_20260807_001,S000591,test,TOPO-0226,18,0.818241202242306,1.075933220815313,0.25769201857300694
improved_dataset_1000_20260807_001:S000592,improved_dataset_1000_20260807_001,S000592,test,TOPO-0267,18,0.27108101084672387,0.327797957763186,0.05671694691646212
improved_dataset_1000_20260807_001:S000594,improved_dataset_1000_20260807_001,S000594,test,TOPO-0047,18,0.04785225471943799,0.07867487275472984,0.03082261803529185
improved_dataset_1000_20260807_001:S000595,improved_dataset_1000_20260807_001,S000595,test,TOPO-0046,18,0.44006816454418385,0.4017860565687458,-0.03828210797543807
improved_dataset_1000_20260807_001:S000596,improved_dataset_1000_20260807_001,S000596,test,TOPO-0108,18,0.10810803350973494,0.12646559254413914,0.018357559034404197
improved_dataset_1000_20260807_001:S000621,improved_dataset_1000_20260807_001,S000621,test,TOPO-0226,19,0.8132208838927824,0.8860081783714802,0.0727872944786978
improved_dataset_1000_20260807_001:S000626,improved_dataset_1000_20260807_001,S000626,test,TOPO-0267,19,0.27527081690581445,0.2879922535620356,0.012721436656221163
improved_dataset_1000_20260807_001:S000647,improved_dataset_1000_20260807_001,S000647,test,TOPO-0226,20,0.8022234746247259,1.1628129407865435,0.36058946616181764
improved_dataset_1000_20260807_001:S000649,improved_dataset_1000_20260807_001,S000649,test,TOPO-0199,20,0.08972116689575035,0.11155163166643227,0.021830464770681915
improved_dataset_1000_20260807_001:S000652,improved_dataset_1000_20260807_001,S000652,test,TOPO-0267,20,0.27199088810510463,0.32398447078802656,0.051993582682921924
improved_dataset_1000_20260807_001:S000653,improved_dataset_1000_20260807_001,S000653,test,TOPO-0267,20,0.27321642667092444,0.2876385836557345,0.014422156984810086
improved_dataset_1000_20260807_001:S000654,improved_dataset_1000_20260807_001,S000654,test,TOPO-0267,20,0.27211832620458337,0.29802560050468485,0.02590727430010148
improved_dataset_1000_20260807_001:S000655,improved_dataset_1000_20260807_001,S000655,test,TOPO-0267,20,0.2615076135776013,0.29036478807815974,0.028857174500558413
improved_dataset_1000_20260807_001:S000674,improved_dataset_1000_20260807_001,S000674,test,TOPO-0287,21,0.12443724700659888,0.09614066220075833,-0.028296584805840547
improved_dataset_1000_20260807_001:S000675,improved_dataset_1000_20260807_001,S000675,test,TOPO-0287,21,0.4242586247294158,0.21345253235079892,-0.21080609237861686
improved_dataset_1000_20260807_001:S000676,improved_dataset_1000_20260807_001,S000676,test,TOPO-0287,21,0.13422919371917802,0.14674380608597454,0.012514612366796518
improved_dataset_1000_20260807_001:S000678,improved_dataset_1000_20260807_001,S000678,test,TOPO-0140,21,1.5016965895843883,1.2288326249119736,-0.2728639646724147
improved_dataset_1000_20260807_001:S000680,improved_dataset_1000_20260807_001,S000680,test,TOPO-0140,21,1.5113038730792132,1.0908290262735187,-0.42047484680569447
improved_dataset_1000_20260807_001:S000681,improved_dataset_1000_20260807_001,S000681,test,TOPO-0226,21,0.7946394539988608,0.8667407261621967,0.07210127216333584
improved_dataset_1000_20260807_001:S000682,improved_dataset_1000_20260807_001,S000682,test,TOPO-0186,21,0.03366346013286156,0.0570736480091219,0.02341018787626034
improved_dataset_1000_20260807_001:S000684,improved_dataset_1000_20260807_001,S000684,test,TOPO-0167,21,0.07212401328056725,0.14036158722088904,0.06823757394032179
improved_dataset_1000_20260807_001:S000695,improved_dataset_1000_20260807_001,S000695,test,TOPO-0182,22,0.05650400713215134,0.05729314713700012,0.0007891400048487818
improved_dataset_1000_20260807_001:S000703,improved_dataset_1000_20260807_001,S000703,test,TOPO-0287,22,0.12214933520848834,0.11351571699327785,-0.008633618215210484
improved_dataset_1000_20260807_001:S000705,improved_dataset_1000_20260807_001,S000705,test,TOPO-0287,22,0.12505163446687517,0.10691274690241752,-0.018138887564457654
improved_dataset_1000_20260807_001:S000706,improved_dataset_1000_20260807_001,S000706,test,TOPO-0287,22,0.13424542324233812,0.0998299049871753,-0.03441551825516283
improved_dataset_1000_20260807_001:S000707,improved_dataset_1000_20260807_001,S000707,test,TOPO-0226,22,0.8023477930904621,0.8055095737214262,0.0031617806309640617
improved_dataset_1000_20260807_001:S000712,improved_dataset_1000_20260807_001,S000712,test,TOPO-0267,22,0.3035372983071404,0.26567853736375086,-0.037858760943389524
improved_dataset_1000_20260807_001:S000714,improved_dataset_1000_20260807_001,S000714,test,TOPO-0257,22,0.018635102073599308,0.11455642256535743,0.09592132049175812
improved_dataset_1000_20260807_001:S000718,improved_dataset_1000_20260807_001,S000718,test,TOPO-0110,22,0.030400535458247863,0.024502220597211383,-0.00589831486103648
improved_dataset_1000_20260807_001:S000723,improved_dataset_1000_20260807_001,S000723,test,TOPO-0182,23,0.07232226918819931,0.062081455990678464,-0.010240813197520848
improved_dataset_1000_20260807_001:S000739,improved_dataset_1000_20260807_001,S000739,test,TOPO-0031,23,0.050314293013172695,0.050086973578940125,-0.00022731943423257017
improved_dataset_1000_20260807_001:S000743,improved_dataset_1000_20260807_001,S000743,test,TOPO-0186,23,0.043084923811027714,0.07934270781759353,0.03625778400656582
improved_dataset_1000_20260807_001:S000745,improved_dataset_1000_20260807_001,S000745,test,TOPO-0257,23,0.01950463100781122,0.08446653646357141,0.0649619054557602
improved_dataset_1000_20260807_001:S000762,improved_dataset_1000_20260807_001,S000762,test,TOPO-0287,24,0.1250896855097337,0.10849885782946857,-0.01659082768026514
improved_dataset_1000_20260807_001:S000766,improved_dataset_1000_20260807_001,S000766,test,TOPO-0287,24,0.16095763732498397,0.22825498124393093,0.06729734391894696
improved_dataset_1000_20260807_001:S000772,improved_dataset_1000_20260807_001,S000772,test,TOPO-0267,24,0.3235380448328834,0.30762033649304565,-0.015917708339837744
improved_dataset_1000_20260807_001:S000774,improved_dataset_1000_20260807_001,S000774,test,TOPO-0267,24,0.26087210757631857,0.3025383629331122,0.041666255356793636
improved_dataset_1000_20260807_001:S000775,improved_dataset_1000_20260807_001,S000775,test,TOPO-0267,24,0.2716709770925164,0.33702978166500874,0.06535880457249232
improved_dataset_1000_20260807_001:S000779,improved_dataset_1000_20260807_001,S000779,test,TOPO-0323,24,0.08317494442820497,0.1926435025830063,0.10946855815480133
improved_dataset_1000_20260807_001:S000792,improved_dataset_1000_20260807_001,S000792,test,TOPO-0287,25,0.12325321866935197,0.11104990118385502,-0.012203317485496953
improved_dataset_1000_20260807_001:S000793,improved_dataset_1000_20260807_001,S000793,test,TOPO-0287,25,0.12335389582904009,0.10799464437309632,-0.015359251455943773
improved_dataset_1000_20260807_001:S000800,improved_dataset_1000_20260807_001,S000800,test,TOPO-0140,25,1.4966693528634358,1.1186406247533995,-0.3780287281100363
improved_dataset_1000_20260807_001:S000802,improved_dataset_1000_20260807_001,S000802,test,TOPO-0186,25,0.04353193337112271,0.04511254780062757,0.0015806144295048563
improved_dataset_1000_20260807_001:S000803,improved_dataset_1000_20260807_001,S000803,test,TOPO-0108,25,0.10756550373552606,0.1491004824639079,0.04153497872838183
improved_dataset_1000_20260807_001:S000806,improved_dataset_1000_20260807_001,S000806,test,TOPO-0267,25,0.26135243302091304,0.28416727487482496,0.022814841853911916
improved_dataset_1000_20260807_001:S000811,improved_dataset_1000_20260807_001,S000811,test,TOPO-0339,25,0.045357057053440925,0.0723811708443364,0.027024113790895476
improved_dataset_1000_20260807_001:S000814,improved_dataset_1000_20260807_001,S000814,test,TOPO-0245,26,0.06189355641819139,0.06499572445607713,0.0031021680378857386
improved_dataset_1000_20260807_001:S000822,improved_dataset_1000_20260807_001,S000822,test,TOPO-0287,26,0.13451949473871083,0.13771619086229236,0.0031966961235815328
improved_dataset_1000_20260807_001:S000826,improved_dataset_1000_20260807_001,S000826,test,TOPO-0287,26,0.1219439911534415,0.10567697933344221,-0.01626701181999929
improved_dataset_1000_20260807_001:S000828,improved_dataset_1000_20260807_001,S000828,test,TOPO-0226,26,0.7926141113740726,0.8822357984069271,0.08962168703285456
improved_dataset_1000_20260807_001:S000832,improved_dataset_1000_20260807_001,S000832,test,TOPO-0108,26,0.10839066808240069,0.10014461661019278,-0.008246051472207916
improved_dataset_1000_20260807_001:S000858,improved_dataset_1000_20260807_001,S000858,test,TOPO-0140,27,1.3585200015410142,1.1086596643134254,-0.2498603372275887
improved_dataset_1000_20260807_001:S000859,improved_dataset_1000_20260807_001,S000859,test,TOPO-0226,27,0.7966693381312739,0.882812654763302,0.08614331663202801
improved_dataset_1000_20260807_001:S000863,improved_dataset_1000_20260807_001,S000863,test,TOPO-0267,27,0.26835859455098593,0.2940496272999403,0.025691032748954346
improved_dataset_1000_20260807_001:S000872,improved_dataset_1000_20260807_001,S000872,test,TOPO-0245,28,0.05356816650553364,0.07583330024432938,0.02226513373879574
improved_dataset_1000_20260807_001:S000873,improved_dataset_1000_20260807_001,S000873,test,TOPO-0245,28,0.0537770970782844,0.0770998397107642,0.023322742632479798
improved_dataset_1000_20260807_001:S000895,improved_dataset_1000_20260807_001,S000895,test,TOPO-0267,28,0.31077247172580613,0.2323399917492984,-0.07843247997650774
improved_dataset_1000_20260807_001:S000906,improved_dataset_1000_20260807_001,S000906,test,TOPO-0245,29,0.04864841920570684,0.08472471268325646,0.03607629347754962
improved_dataset_1000_20260807_001:S000921,improved_dataset_1000_20260807_001,S000921,test,TOPO-0387,29,0.02538422806639304,0.014585032261972136,-0.010799195804420902
improved_dataset_1000_20260807_001:S000933,improved_dataset_1000_20260807_001,S000933,test,TOPO-0245,30,0.050576554467520435,0.076749029468727,0.026172475001206563
improved_dataset_1000_20260807_001:S000936,improved_dataset_1000_20260807_001,S000936,test,TOPO-0245,30,0.05470009483708191,0.0778751748057527,0.023175079968670798
improved_dataset_1000_20260807_001:S000949,improved_dataset_1000_20260807_001,S000949,test,TOPO-0394,30,0.05966238163239668,0.13185776805246238,0.0721953864200657
improved_dataset_1000_20260807_001:S000954,improved_dataset_1000_20260807_001,S000954,test,TOPO-0186,30,0.02423442020132091,0.05215089779654303,0.027916477595222117
improved_dataset_1000_20260807_001:S000980,improved_dataset_1000_20260807_001,S000980,test,TOPO-0140,31,1.4617496582903977,1.2395802088166556,-0.22216944947374206
band_supplement_300_20260808_001:S000005,band_supplement_300_20260808_001,S000005,test,TOPO-0086,1,0.11231786252417243,0.2770512258378243,0.1647333633136519
band_supplement_300_20260808_001:S000011,band_supplement_300_20260808_001,S000011,test,TOPO-0086,1,0.15137583614455524,0.1855121684017676,0.034136332257212354
band_supplement_300_20260808_001:S000014,band_supplement_300_20260808_001,S000014,test,TOPO-0421,1,0.4704889864866479,0.5038637620312342,0.03337477554458629
band_supplement_300_20260808_001:S000017,band_supplement_300_20260808_001,S000017,test,TOPO-0423,1,0.061070185330168725,0.08224281059916172,0.021172625268992995
band_supplement_300_20260808_001:S000028,band_supplement_300_20260808_001,S000028,test,TOPO-0426,1,0.13899349518733842,0.18086151603972436,0.041868020852385945
band_supplement_300_20260808_001:S000029,band_supplement_300_20260808_001,S000029,test,TOPO-0426,1,0.11798456049633117,0.11192647582148522,-0.006058084674845948
band_supplement_300_20260808_001:S000041,band_supplement_300_20260808_001,S000041,test,TOPO-0421,2,0.47175958996574713,0.4611072079452053,-0.010652382020541806
band_supplement_300_20260808_001:S000042,band_supplement_300_20260808_001,S000042,test,TOPO-0421,2,0.23574020285695277,0.5477123789251026,0.31197217606814986
band_supplement_300_20260808_001:S000056,band_supplement_300_20260808_001,S000056,test,TOPO-0287,2,0.12337681558714785,0.06624735546874277,-0.05712946011840507
band_supplement_300_20260808_001:S000057,band_supplement_300_20260808_001,S000057,test,TOPO-0426,2,0.181122931266892,0.2994972134456888,0.11837428217879681
band_supplement_300_20260808_001:S000059,band_supplement_300_20260808_001,S000059,test,TOPO-0426,2,0.11397274333654586,0.10850353728008223,-0.00546920605646363
band_supplement_300_20260808_001:S000060,band_supplement_300_20260808_001,S000060,test,TOPO-0426,2,0.11974880887667523,0.09168880690730247,-0.028060001969372764
band_supplement_300_20260808_001:S000061,band_supplement_300_20260808_001,S000061,test,TOPO-0426,2,0.1203443087585109,0.087018959247844,-0.0333253495106669
band_supplement_300_20260808_001:S000068,band_supplement_300_20260808_001,S000068,test,TOPO-0086,3,0.1568163182263903,0.18522679884407764,0.028410480617687334
band_supplement_300_20260808_001:S000069,band_supplement_300_20260808_001,S000069,test,TOPO-0421,3,0.46919289538765285,0.5051211654274232,0.035928270039770394
band_supplement_300_20260808_001:S000072,band_supplement_300_20260808_001,S000072,test,TOPO-0421,3,0.469306326968288,0.5107333865300796,0.0414270595617916
band_supplement_300_20260808_001:S000073,band_supplement_300_20260808_001,S000073,test,TOPO-0421,3,0.46623822023759015,0.4970116244589451,0.03077340422135494
band_supplement_300_20260808_001:S000086,band_supplement_300_20260808_001,S000086,test,TOPO-0426,3,0.10009964719590544,0.12847399470882592,0.028374347512920478
band_supplement_300_20260808_001:S000087,band_supplement_300_20260808_001,S000087,test,TOPO-0426,3,0.09729814181819707,0.10516610216962011,0.007867960351423037
band_supplement_300_20260808_001:S000092,band_supplement_300_20260808_001,S000092,test,TOPO-0046,4,0.31936775240118176,0.1587874333401555,-0.16058031906102627
band_supplement_300_20260808_001:S000099,band_supplement_300_20260808_001,S000099,test,TOPO-0421,4,0.5214880585821764,0.4756558002900769,-0.04583225829209947
band_supplement_300_20260808_001:S000104,band_supplement_300_20260808_001,S000104,test,TOPO-0086,4,0.19097121442657003,0.19023190102085757,-0.0007393134057124551
band_supplement_300_20260808_001:S000119,band_supplement_300_20260808_001,S000119,test,TOPO-0426,4,0.11642185743334757,0.11103403774016471,-0.00538781969318286
band_supplement_300_20260808_001:S000129,band_supplement_300_20260808_001,S000129,test,TOPO-0421,5,0.47111030292935213,0.5140666621288852,0.042956359199533056
band_supplement_300_20260808_001:S000132,band_supplement_300_20260808_001,S000132,test,TOPO-0421,5,0.46470580096610636,0.48982954847989557,0.025123747513789207
band_supplement_300_20260808_001:S000146,band_supplement_300_20260808_001,S000146,test,TOPO-0426,5,0.11980567322098053,0.0868017733177748,-0.03300389990320572
band_supplement_300_20260808_001:S000147,band_supplement_300_20260808_001,S000147,test,TOPO-0426,5,0.09223100774053848,0.19508416767175557,0.10285315993121709
band_supplement_300_20260808_001:S000149,band_supplement_300_20260808_001,S000149,test,TOPO-0426,5,0.11433242437385067,0.09974285235036234,-0.014589572023488331
band_supplement_300_20260808_001:S000150,band_supplement_300_20260808_001,S000150,test,TOPO-0426,5,0.1182301096270587,0.09771837982750232,-0.020511729799556372
band_supplement_300_20260808_001:S000176,band_supplement_300_20260808_001,S000176,test,TOPO-0426,6,0.12006551536752802,0.08422999607110015,-0.035835519296427865
band_supplement_300_20260808_001:S000177,band_supplement_300_20260808_001,S000177,test,TOPO-0426,6,0.11767290484106138,0.10060535680315418,-0.017067548037907207
band_supplement_300_20260808_001:S000179,band_supplement_300_20260808_001,S000179,test,TOPO-0426,6,0.11783423447174204,0.14835538871642268,0.03052115424468063
band_supplement_300_20260808_001:S000180,band_supplement_300_20260808_001,S000180,test,TOPO-0426,6,0.11873680605722595,0.10050247255564827,-0.018234333501577674
band_supplement_300_20260808_001:S000183,band_supplement_300_20260808_001,S000183,test,TOPO-0046,7,0.3367175636267854,0.30615053272739234,-0.030567030899393055
band_supplement_300_20260808_001:S000191,band_supplement_300_20260808_001,S000191,test,TOPO-0421,7,0.47029582385859536,0.5633952446323289,0.09309942077373357
band_supplement_300_20260808_001:S000194,band_supplement_300_20260808_001,S000194,test,TOPO-0421,7,0.4705153229864735,0.48290856674529026,0.01239324375881673
band_supplement_300_20260808_001:S000207,band_supplement_300_20260808_001,S000207,test,TOPO-0426,7,0.11874429742260746,0.10793942473365524,-0.010804872688952222
band_supplement_300_20260808_001:S000209,band_supplement_300_20260808_001,S000209,test,TOPO-0426,7,0.11936306722552198,0.08902203999647013,-0.030341027229051853
band_supplement_300_20260808_001:S000210,band_supplement_300_20260808_001,S000210,test,TOPO-0426,7,0.12077808640269833,0.09504411094028933,-0.025733975462408992
band_supplement_300_20260808_001:S000211,band_supplement_300_20260808_001,S000211,test,TOPO-0426,7,0.32650682200078185,0.13414087837346933,-0.19236594362731252
band_supplement_300_20260808_001:S000223,band_supplement_300_20260808_001,S000223,test,TOPO-0421,8,0.47139230084207046,0.5095155621606229,0.038123261318552426
band_supplement_300_20260808_001:S000228,band_supplement_300_20260808_001,S000228,test,TOPO-0494,8,0.03759073946262631,0.22590786272345847,0.18831712326083216
band_supplement_300_20260808_001:S000236,band_supplement_300_20260808_001,S000236,test,TOPO-0426,8,0.11997534309697262,0.10558561863098492,-0.0143897244659877
band_supplement_300_20260808_001:S000253,band_supplement_300_20260808_001,S000253,test,TOPO-0421,9,0.4697745479156318,0.5273005304603,0.05752598254466823
band_supplement_300_20260808_001:S000279,band_supplement_300_20260808_001,S000279,test,TOPO-0421,10,0.47117224994223783,0.6308022320052237,0.15962998206298584
