step,learning_rate,seconds,mse,old_mse,new_mse,attempts,grad_norm,amp_scale
1,1e-05,0.3629274000013538,0.053763529809657484,0.019727406225034168,0.29201639350503683,1,1.6744312047958374,128.0
2,1e-05,0.3645349000034912,0.054011727683246136,0.016820295580795834,0.31435175496153533,1,2.459157705307007,128.0
3,1e-05,0.34088859999974375,0.092423060326837,0.01437465607055596,0.6387619181186892,1,2.937962055206299,128.0
4,1e-05,0.3406319000023359,0.7780523370020092,0.02286708221903869,6.06434892071411,1,10.734224319458008,128.0
5,1e-05,0.34036879999985103,0.04375116410665214,0.01424476012055363,0.25029600386915263,1,1.336254358291626,128.0
6,1e-05,0.34117589999732445,0.43356568517629057,0.023460527250011052,3.304301944328472,1,7.935488700866699,128.0
7,1e-05,0.33871630000066943,0.07539692462887615,0.023282905907503197,0.4401950500323437,1,1.8305641412734985,128.0
8,1e-05,0.3390737000008812,0.09886184404604137,0.015503501852176018,0.6823702165856957,1,2.883852005004883,128.0
9,1e-05,0.3384479000014835,0.049238241743296385,0.015995823246027743,0.28193517634645104,1,1.4618366956710815,128.0
10,1e-05,0.34077590000015334,0.10066736862063408,0.026879299165947095,0.6171838459558785,1,3.778754234313965,128.0
11,1e-05,0.3392673999987892,0.5074386983178556,0.01400044300992574,3.961506520223338,1,8.432421684265137,128.0
12,1e-05,0.33826029999909224,0.03140976757276803,0.017423135361501148,0.1293161862413399,1,1.2397441864013672,128.0
13,1e-05,0.33846880000055535,0.10830054199323058,0.013977724792701858,0.7685602898709476,1,4.3201212882995605,128.0
14,1e-05,0.36900489999970887,0.056921437731944025,0.03217297286859581,0.2301606853143312,1,2.127476930618286,128.0
15,1e-05,0.3424717000016244,0.048265236197039485,0.02206985293222325,0.231632924736914,1,1.816262125968933,128.0
16,1e-05,0.3398741999990307,0.28918776917271316,0.01651396376213857,2.1979043558239937,1,9.22966480255127,128.0
17,1e-05,0.3387449000001652,0.04973470373079181,0.016490146850368807,0.28244660201016814,1,2.867758274078369,128.0
18,1e-05,0.34072530000048573,0.07431789778638631,0.011915853646184717,0.5111321858130395,1,1.85557222366333,128.0
19,1e-05,0.34023290000186535,0.05555525224190205,0.016751532376344715,0.3271812992170453,1,1.6689647436141968,128.0
20,1e-05,0.3410885999983293,0.1513093721587211,0.015112182391541345,1.104689626256004,1,4.073114395141602,128.0
21,1e-05,0.33941699999923003,0.07337211654521525,0.020788964948483875,0.44145414023660123,1,2.0816762447357178,128.0
22,1e-05,0.34127520000038203,0.049020225647836924,0.01973264824066843,0.25403325632214546,1,1.559098243713379,128.0
23,1e-05,0.3381319000000076,0.19391577714122832,0.014921152432050024,1.4468781559262425,1,5.412665843963623,128.0
24,1e-05,0.33807850000084727,0.29432993824593723,0.01565083465538919,2.245083997026086,1,7.532249927520752,128.0
25,1e-05,0.34125590000257944,0.04916940676048398,0.02498651415641819,0.21844965172931552,1,2.5178871154785156,128.0
26,1e-05,0.33915279999928316,0.05231374956201762,0.018492328136094978,0.28906368976458907,1,2.2322206497192383,128.0
27,1e-05,0.3394496999972034,0.061325088143348694,0.015300786255725793,0.3834952125325799,1,2.2320337295532227,128.0
28,1e-05,0.3393084999988787,0.034075261326506734,0.013539546934355582,0.17782526439987123,1,1.3941022157669067,128.0
29,1e-05,0.33773310000105994,0.14608916878933087,0.04063423486825611,0.8842736708465964,1,4.863750457763672,128.0
30,1e-05,0.33919369999784976,0.06183511973358691,0.02083727783922638,0.348820015671663,1,4.592027187347412,128.0
31,1e-05,0.34102610000263667,0.03622032515704632,0.023759310665939535,0.1234474271768704,1,2.7434184551239014,128.0
32,1e-05,0.3402562000010221,0.11358623625710607,0.020424001650618657,0.7657218938693404,1,3.5779309272766113,128.0
33,1e-05,0.3399682000017492,0.05691106105223298,0.022358748795730726,0.29877723823301494,1,3.8313348293304443,128.0
34,1e-05,0.33810300000186544,0.06909384508617222,0.018317668299589838,0.42452707793563604,1,2.733154296875,128.0
35,1e-05,0.3398921000007249,0.34376614866778255,0.028011893587453023,2.554045863682404,1,5.992318153381348,128.0
36,1e-05,0.34140990000014426,0.04789361706934869,0.019883156155369112,0.24396682914812118,1,2.043679714202881,128.0
37,1e-05,0.3410702000001038,0.09049051208421588,0.02157857920974493,0.5728740378981456,1,2.270186185836792,128.0
38,1e-05,0.3403452999991714,0.028961819130927324,0.015049949687506472,0.12634489766787738,1,1.2561628818511963,128.0
39,1e-05,0.34096430000136024,0.10764698218554258,0.02715042433036225,0.6711228932254016,1,2.1224024295806885,128.0
40,1e-05,0.340021699998033,0.060454582795500755,0.027273057693881646,0.2927252594381571,1,2.2717177867889404,128.0
41,1e-05,0.3411916000004567,0.036172938998788595,0.015472869122666972,0.18107342918210634,1,1.5280992984771729,128.0
42,1e-05,0.3406279999981052,0.07334116706624627,0.01842724864504167,0.4577386016026139,1,2.5999293327331543,128.0
43,1e-05,0.33957740000187187,0.035848138155415654,0.018175355358315364,0.1595576269319281,1,1.3142331838607788,128.0
44,1e-05,0.3405992000007245,0.052996924496255815,0.023700418615979806,0.2580724712170195,1,1.4202169179916382,128.0
45,1e-05,0.33954390000144485,0.032423132099211216,0.02146273053118161,0.10914594132918864,1,1.8586845397949219,128.0
46,1e-05,0.3386553000018466,0.057915086508728564,0.018218543779637133,0.3357908776797558,1,1.984849452972412,128.0
47,1e-05,0.3394305000001623,0.05667281127534807,0.02420607940959079,0.2839399137010332,1,2.3015167713165283,128.0
48,1e-05,0.33952209999915794,0.07292940886691213,0.01882019266486168,0.4516939213499427,1,2.381618022918701,128.0
49,1e-05,0.33902459999808343,0.027836039778776467,0.022274982450263842,0.06676343985600397,1,0.8016799688339233,128.0
50,1e-05,0.33826549999866984,0.06132188416086137,0.01695616902517421,0.37188186845742166,1,3.478055953979492,128.0
51,1e-05,0.3401775999991514,0.07404262281488627,0.011583604251167603,0.5112557702232152,1,2.1997909545898438,128.0
52,1e-05,0.3394140000018524,0.07248090952634811,0.02903350509170975,0.3766127541894093,1,3.046788454055786,128.0
53,1e-05,0.3400596999999834,0.3046221542172134,0.0221163765527308,2.282162543386221,1,8.832588195800781,128.0
54,1e-05,0.3395060000002559,0.04345265531446785,0.012618292854832751,0.2592931822873652,1,1.7395906448364258,128.0
55,1e-05,0.33936199999880046,0.06069786986336112,0.023059621453285217,0.324165608804833,1,3.925114154815674,128.0
56,1e-05,0.33992399999988265,0.0442955014295876,0.024670951733631746,0.18166734647820704,1,1.3909201622009277,128.0
57,1e-05,0.34137940000073286,0.11075188871473074,0.011728611442127399,0.8039148589596152,1,4.5061163902282715,128.0
58,1e-05,0.3395321999996668,0.09552973404061049,0.020336391404271126,0.6218831536825746,1,3.161067247390747,128.0
59,1e-05,0.33994019999954617,0.28668615594506264,0.01972816472074815,2.155392035609111,1,8.001827239990234,128.0
60,1e-05,0.34157190000041737,0.03777233976870775,0.015872000916195766,0.19107470894232392,1,1.123706340789795,128.0
61,1e-05,0.33745989999806625,0.07292218459770083,0.02840417663433722,0.3845482524484396,1,3.7844526767730713,128.0
62,1e-05,0.33906539999952656,0.04284328513313085,0.012029573653957673,0.25853926909621805,1,2.1803171634674072,128.0
63,1e-05,0.33823340000162716,0.056734083918854594,0.03802274679765105,0.18771345059212763,1,3.706650972366333,128.0
64,1e-05,0.3395792999981495,0.052998928586021066,0.014420760529381889,0.32304611383005977,1,2.5420944690704346,128.0
65,1e-05,0.33965379999790457,0.2331641997443512,0.017590736371598074,1.7421784501057118,1,7.439609050750732,128.0
66,1e-05,0.3391178999991098,0.0832517973612994,0.01919515134899744,0.5316483150236309,1,3.8784167766571045,128.0
67,1e-05,0.3405482000016491,0.0400811186991632,0.013234394469431468,0.2280081829521805,1,1.629180908203125,128.0
68,1e-05,0.33954069999890635,0.09978501929435879,0.013987864567232984,0.7003651323029771,1,2.3256466388702393,128.0
69,1e-05,0.3406308999983594,0.09591937682125717,0.01950224202924541,0.6308393120998517,1,3.0049355030059814,128.0
70,1e-05,0.34001449999777833,0.02730184351094067,0.015461329769875323,0.1101854406097118,1,1.465800404548645,128.0
71,1e-05,0.34252090000154567,0.03153906133957207,0.019010454017136778,0.11923930641205516,1,1.5150461196899414,128.0
72,1e-05,0.3402547000005143,0.04958555998746306,0.016456823662987778,0.28148671984672546,1,1.8867771625518799,128.0
73,1e-05,0.3410408000017924,0.21161837689578533,0.0212668828400118,1.5440789107233286,1,7.234250545501709,128.0
74,1e-05,0.34046589999707066,0.06440201494842768,0.03172586548940411,0.2931350570288487,1,2.339519739151001,128.0
75,1e-05,0.3389654000020528,0.30377105134539306,0.017186576833150218,2.309862548019737,1,9.832698822021484,128.0
76,1e-05,0.3412696000013966,0.027534214896149933,0.013517151520188366,0.12565366621129215,1,1.4006116390228271,128.0
77,1e-05,0.3401685999997426,0.12482180108781904,0.03509095976395266,0.7529376873280853,1,3.203896999359131,128.0
78,1e-05,0.3400614999991376,0.19803894846700132,0.024961686560085843,1.4095797887130175,1,6.14659309387207,128.0
79,1e-05,0.3414718999993056,0.03782619023695588,0.01882340612688235,0.17084567341953516,1,1.7920817136764526,128.0
80,1e-05,0.34100000000034925,0.32626202795654535,0.014457225134330136,2.508895590362954,1,8.436177253723145,128.0
81,1e-05,0.33880169999974896,0.07940139505080879,0.016830823284440806,0.5173954090569168,1,3.946207046508789,128.0
82,1e-05,0.3384241000021575,0.04749200481455773,0.028303812257945538,0.1818093485198915,1,4.236453533172607,128.0
83,1e-05,0.33841100000063307,0.07444099907297641,0.01718833889546139,0.4752096062293276,1,3.1486566066741943,128.0
84,1e-05,0.336876299999858,0.04194623010698706,0.017783747852912972,0.21108360355719924,1,1.505993127822876,128.0
85,1e-05,0.3377504999989469,0.05641958781052381,0.021888842673173974,0.2981347853783518,1,1.6114178895950317,128.0
86,1e-05,0.34033830000043963,0.0708927377127111,0.014037759908075844,0.4688775580143556,1,2.1881186962127686,128.0
87,1e-05,0.3401171000004979,0.02956397272646427,0.021075592642383918,0.0889826386119239,1,1.9090454578399658,128.0
88,1e-05,0.34081589999914286,0.09418191120494157,0.027621645081256117,0.5601037410087883,1,4.12372350692749,128.0
89,1e-05,0.34256770000138204,0.07139719510450959,0.014230985859675067,0.47156060580164194,1,2.9800925254821777,128.0
90,1e-05,0.34095779999915976,0.05620589712634683,0.02377857015069042,0.28319719107821584,1,1.5005053281784058,128.0
91,1e-05,0.33842730000105803,0.18890676519367844,0.02054892879511629,1.367411638610065,1,9.358675956726074,128.0
92,1e-05,0.3418941999989329,0.06139438308309764,0.01489206203924758,0.38691061350982636,1,2.2218902111053467,128.0
93,1e-05,0.33848460000081104,0.034579292172566056,0.012103218851344926,0.19191180216148496,1,1.7111690044403076,128.0
94,1e-05,0.341951300000801,0.03178619337268174,0.022524753319365636,0.09661627101013437,1,1.2849258184432983,128.0
95,1e-05,0.3389934999977413,0.027412284398451447,0.016933957746784602,0.10076057439437136,1,1.3171650171279907,128.0
96,1e-05,0.34317530000043917,0.040221576928161085,0.01258784778682249,0.2336576823145151,1,1.615512490272522,128.0
97,1e-05,0.34141489999819896,0.0498400719370693,0.01663910730608872,0.2822468285448849,1,1.9896069765090942,128.0
98,1e-05,0.3401792000004207,0.15615076734684408,0.025926824592586075,1.0677183730877005,1,4.405255317687988,128.0
99,1e-05,0.3403637000010349,0.07791346113663167,0.013406450128448861,0.5294625433161855,1,2.525418758392334,128.0
100,1e-05,0.3393472000025213,0.03553458768874407,0.026187104838235036,0.10096696540131234,1,1.697316288948059,128.0
101,1e-05,0.33930940000209375,0.03801092924550176,0.01270219637081027,0.21517205704003572,1,3.026580572128296,128.0
102,1e-05,0.3396585000009509,0.07949536497471854,0.014982621717665876,0.5310845723215607,1,3.2435131072998047,128.0
103,1e-05,0.3409663000020373,0.2799634824041277,0.018983521099601473,2.1068232688121498,1,10.78397274017334,128.0
104,1e-05,0.3400848999990558,0.045860525919124484,0.01799636214439358,0.24090965930372477,1,2.6065547466278076,128.0
105,1e-05,0.3413215000000491,0.07372867374215275,0.017453686001577547,0.4676535747712478,1,2.8518424034118652,128.0
106,1e-05,0.35767520000081277,0.037003750330768526,0.017967685657952513,0.1702562082791701,1,1.663804054260254,128.0
107,1e-05,0.33824359999925946,0.08091447676997632,0.021069720121366636,0.4998277685372159,1,3.6919870376586914,128.0
108,1e-05,0.33778760000132024,0.0677473887335509,0.020853352999048575,0.3960056323558092,1,2.6439623832702637,128.0
109,1e-05,0.33944569999948726,0.06071788986446336,0.01663637743331492,0.36928847047965974,1,4.4286417961120605,128.0
110,1e-05,0.339682099998754,0.1937092166626826,0.01962622068822384,1.4122900397633202,1,7.036499977111816,128.0
111,1e-05,0.34163559999797144,0.11721431720070541,0.014064175143305744,0.8392652606125921,1,3.664903402328491,128.0
112,1e-05,0.3405769999990298,0.042308438976760954,0.012798350703503405,0.24887905636569485,1,1.6560189723968506,128.0
113,1e-05,0.3401904000020295,0.026734025916084647,0.018582313055438653,0.08379601624619681,1,2.0260567665100098,128.0
114,1e-05,0.33812070000203676,0.04361590510234237,0.010304707401831235,0.2767943008802831,1,2.214390516281128,128.0
115,1e-05,0.34163550000084797,0.08648352802265435,0.019011189895016805,0.5587899363017641,1,3.9727954864501953,128.0
116,1e-05,0.3395574999995006,0.026288766064681113,0.014829304069280624,0.1065049945609644,1,1.7947627305984497,128.0
117,1e-05,0.34060309999767924,0.05551481095608324,0.0181551795186741,0.3170322171645239,1,1.972475290298462,128.0
118,1e-05,0.339505799998733,0.09081741841509938,0.01177875165428434,0.6440880843292689,1,3.546666145324707,128.0
119,1e-05,0.3386614000010013,0.043616470764391124,0.01340808519827468,0.2550751632079482,1,3.775338649749756,128.0
120,1e-05,0.3405657000002975,0.084836445748806,0.019319432521505014,0.543455525446916,1,3.640787124633789,128.0
121,1e-05,0.3398514000000432,0.04328948422335088,0.020491331350058317,0.20287655427819118,1,3.222729444503784,128.0
122,1e-05,0.3399217000005592,0.13277450803434476,0.020265187469444106,0.9203397515229881,1,4.683813571929932,128.0
123,1e-05,0.3390207000011287,0.17206367035396397,0.02328591514378786,1.2135079347062856,1,3.9257256984710693,128.0
124,1e-05,0.3385718999998062,0.08648351882584393,0.01725073591140764,0.5711129982955754,1,3.2172186374664307,128.0
125,1e-05,0.34121089999825926,0.03314914903603494,0.02046701218932867,0.12192411161959171,1,1.8330150842666626,128.0
126,1e-05,0.3410911999999371,0.036932336864992976,0.022129367837416276,0.14055312157142907,1,2.0219674110412598,128.0
127,1e-05,0.34174200000052224,0.05130793649004772,0.009410210086831025,0.34459203167352825,1,2.814789295196533,128.0
128,1e-05,0.34095979999983683,0.02126107143703848,0.01057618806537773,0.09605525812366977,1,1.6506932973861694,128.0
129,1e-05,0.3387956000005943,0.09175057231914252,0.017817756926108683,0.6092802635976113,1,4.142465114593506,128.0
130,1e-05,0.3397832999980892,0.08724997378885746,0.01791910913639835,0.5725660285679623,1,3.080143690109253,128.0
131,1e-05,0.3403467999996792,0.029699138773139566,0.010204901852245842,0.16615878883749247,1,1.2569754123687744,128.0
132,1e-05,0.33940609999990556,0.06923357921186835,0.02326158999598452,0.391037525376305,1,1.862691044807434,128.0
133,1e-05,0.33987730000080774,0.021951402246486396,0.010385230715785707,0.10291460799635388,1,1.3126641511917114,128.0
134,1e-05,0.34116500000163796,0.0578598165884614,0.022849498316645622,0.30293205054476857,1,2.9174771308898926,128.0
135,1e-05,0.33950280000135535,0.04267758969217539,0.014959209598600864,0.23670623824000359,1,1.899749517440796,128.0
136,1e-05,0.3411347000001115,0.03665005718357861,0.013264561803745372,0.20034852193202823,1,1.5157945156097412,128.0
137,1e-05,0.34017709999898216,0.06317197997123003,0.01605864893645048,0.392965292558074,1,4.701442718505859,128.0
138,1e-05,0.33918740000081016,0.031282379291951656,0.013066072948276997,0.158796531468397,1,2.0845563411712646,128.0
139,1e-05,0.34067810000124155,0.036440199008211493,0.018594054771321162,0.16136319941142574,1,2.9055886268615723,128.0
140,1e-05,0.34091799999805517,0.08321771072223783,0.013377430250069924,0.5720996769377962,1,5.926360607147217,128.0
141,1e-05,0.3386449999998149,0.2134455640334636,0.022342247755399773,1.5511688372935168,1,7.238589763641357,128.0
142,1e-05,0.33956409999882453,0.09175963455345482,0.01858577085658908,0.603976666694507,1,5.185811519622803,128.0
143,1e-05,0.34039059999849997,0.05445143464021385,0.017311251190091883,0.3144327455665916,1,1.5860265493392944,128.0
144,1e-05,0.33870290000049863,0.05642030341550708,0.013750573553677117,0.3551084249629639,1,4.425299167633057,128.0
145,1e-05,0.33909630000198376,0.028463647176977247,0.016135886311531067,0.11475797492312267,1,1.6394941806793213,128.0
146,1e-05,0.33953339999789023,0.03029606764903292,0.010224831689681326,0.17079471971374005,1,1.378008484840393,128.0
147,1e-05,0.3411656000025687,0.044092678057495505,0.017710199246981313,0.22877002955647185,1,2.7012267112731934,128.0
148,1e-05,0.34077109999998356,0.07535466260742396,0.009408729982429318,0.5369761943584308,1,4.6432881355285645,128.0
149,1e-05,0.3397834999996121,0.05262669426156208,0.020419079677334855,0.27807999518699944,1,1.9096896648406982,128.0
150,1e-05,0.35595370000010007,0.08717940468341112,0.02033688547089696,0.5550770498812199,1,5.639101982116699,128.0
151,1e-05,0.3455589000004693,0.039142643683589995,0.015423493925482035,0.20517668206593953,1,2.0158252716064453,128.0
152,1e-05,0.3473095999979705,0.048258965369313955,0.023707340471446514,0.22012031683698297,1,3.4243268966674805,128.0
153,1e-05,0.3398090999980923,0.024161361041478813,0.020188721495547464,0.051969839027151465,1,1.6911495923995972,128.0
154,1e-05,0.34117280000282335,0.045410152059048414,0.01513772171788982,0.25731715880101547,1,2.3810629844665527,128.0
155,1e-05,0.3388515999977244,0.03696671035140753,0.018342812279505388,0.167333995224908,1,1.8519295454025269,128.0
156,1e-05,0.3392923999999766,0.3185150160570629,0.015142853005922266,2.4421202109660953,1,14.309832572937012,128.0
157,1e-05,0.3403281999999308,0.033054008265025914,0.027788591970290457,0.06991192430723459,1,1.741410732269287,128.0
158,1e-05,0.3405117000002065,0.058268859749659896,0.01055474765598774,0.3922676357906312,1,4.612823009490967,128.0
159,1e-05,0.3397320000003674,0.04069115431047976,0.016210898790242418,0.2120529476669617,1,2.5980942249298096,128.0
160,1e-05,0.3400656000012532,0.036812979727983475,0.021794589502470835,0.14194171348935924,1,3.0775957107543945,128.0
161,1e-05,0.3391289000028337,0.02544885128736496,0.02248864697425493,0.046170287765562534,1,1.510038137435913,128.0
162,1e-05,0.3393385999988823,0.07301200029905885,0.018645943408565863,0.45357439504005015,1,4.927656173706055,128.0
163,1e-05,0.3380698000000848,0.0959226138656959,0.014325491285749845,0.6671024827519432,1,5.205692291259766,128.0
164,1e-05,0.33940050000092015,0.08436954207718372,0.017921484607670988,0.5495059610111639,1,3.778639078140259,128.0
165,1e-05,0.33948379999856115,0.04460477235261351,0.01841670580740486,0.22792124084662646,1,2.1924564838409424,128.0
166,1e-05,0.34011760000066715,0.04108886048197746,0.015673403960785696,0.21899706311523914,1,2.6451940536499023,128.0
167,1e-05,0.3366041999979643,0.043091970845125616,0.0169233095699123,0.22627259584260173,1,1.7185484170913696,128.0
168,1e-05,0.3375685999999405,0.02355926705058664,0.014570728543081455,0.08647903706878424,1,1.458730936050415,128.0
169,1e-05,0.3397850000001199,0.03746738634072244,0.02088022737630776,0.15357750083785504,1,2.7222869396209717,128.0
170,1e-05,0.3407282000007399,0.08368155139032751,0.013961933686264924,0.5717188587295823,1,2.7144365310668945,128.0
171,1e-05,0.3417326000017056,0.03560860455036163,0.010377505128937108,0.2122263004857814,1,2.2683374881744385,128.0
172,1e-05,0.33996860000115703,0.05571903241798282,0.014594649829502617,0.34358970168977976,1,3.992680788040161,128.0
173,1e-05,0.3396649000023899,0.0626426381058991,0.01591712875025613,0.3897212175070308,1,2.339510440826416,128.0
174,1e-05,0.34129419999953825,0.0495365735841915,0.01679721088813884,0.2787121181609109,1,2.819585084915161,128.0
175,1e-05,0.3410377000000153,0.02251053659711033,0.013341556236680065,0.08669339772313833,1,1.8173648118972778,128.0
176,1e-05,0.3391674000013154,0.08265266206581146,0.018253292489264692,0.533448233618401,1,4.289085388183594,128.0
177,1e-05,0.3404134999982489,0.058976961532607675,0.024360573384910822,0.3012916778679937,1,2.1729538440704346,128.0
178,1e-05,0.34145749999879627,0.06818309845402837,0.021374893906925405,0.39584055449813604,1,2.8333771228790283,128.0
179,1e-05,0.3389397999999346,0.02805580385029316,0.014995427669159003,0.11947843921370804,1,1.0233560800552368,128.0
180,1e-05,0.34001699999862467,0.01968209317419678,0.012431773689708539,0.070434330846183,1,1.3072197437286377,128.0
181,1e-05,0.33865660000083153,0.04881605925038457,0.020299254450947046,0.24843370309099555,1,3.372511148452759,128.0
182,1e-05,0.3395459000021219,0.04436906997580081,0.023588330884064947,0.1898342352360487,1,2.8704259395599365,128.0
183,1e-05,0.34220840000125463,0.048098816303536296,0.02402583828994206,0.21660966030322015,1,1.3662365674972534,128.0
184,1e-05,0.34604119999858085,0.04812782793305814,0.02407418577266591,0.21650332608260214,1,2.0474913120269775,128.0
185,1e-05,0.3457836999987194,0.05303350789472461,0.02181480565507497,0.27156442147679627,1,2.030970573425293,128.0
186,1e-05,0.3456307000014931,0.25887974177021533,0.0137206310007189,1.9749936272855848,1,6.782379627227783,128.0
187,1e-05,0.347168900003453,0.07143494882620871,0.01671191318226712,0.45449622749583796,1,2.212435483932495,128.0
188,1e-05,0.34451850000186823,0.024986594391521066,0.023735384922474623,0.03374506364343688,1,1.7864933013916016,128.0
189,1e-05,0.34533880000162753,0.0657345907529816,0.013705163129738398,0.42994056415045634,1,4.271132946014404,128.0
190,1e-05,0.3656719999999041,0.055640702485106885,0.01604946529758828,0.3327793681528419,1,2.693902015686035,128.0
191,1e-05,0.3383562000017264,0.03555965633131564,0.017117350229195187,0.16465579741634429,1,1.3324689865112305,128.0
192,1e-05,0.3403429000027245,0.06368491286411881,0.019892585929483175,0.37023118953220546,1,2.075563669204712,128.0
193,1e-05,0.34096969999882276,0.03299652156420052,0.017098821034388884,0.1442804329271894,1,2.234161376953125,128.0
194,1e-05,0.3399284000006446,0.05525826453231275,0.01586447928899101,0.3310147512529511,1,3.143364429473877,128.0
195,1e-05,0.34057970000139903,0.04433112172409892,0.018815636102642332,0.22293950547464192,1,2.4458065032958984,128.0
196,1e-05,0.33971810000002733,0.025225728750228882,0.012613208299236638,0.11351337807718664,1,1.6659018993377686,128.0
197,1e-05,0.34131320000233245,0.03482535929651931,0.01857021135011954,0.1486114021972753,1,2.1728415489196777,128.0
198,1e-05,0.34018290000312845,0.04320162162184715,0.01367657318977373,0.24987696390599012,1,2.161583423614502,128.0
199,1e-05,0.34139640000285,0.06905680405907333,0.018029486893543174,0.42624800007615704,1,5.135995864868164,128.0
200,1e-05,0.33916409999801544,0.028101758332923055,0.01254082384652325,0.13702829960675444,1,2.1961007118225098,128.0
201,1e-05,0.33829030000197235,0.03873793769162148,0.014924677554517984,0.20543076732428744,1,2.1181640625,128.0
202,1e-05,0.3387174000017694,0.13860074966214597,0.018374586145260503,0.9801838956773281,1,4.144214153289795,128.0
203,1e-05,0.34097729999848525,0.03266488807275891,0.02389154290514333,0.0940782994730398,1,1.8485437631607056,128.0
204,1e-05,0.3426617000004626,0.05831201560795307,0.024151116210435117,0.2974383004475385,1,3.6146745681762695,128.0
205,1e-05,0.34082630000193603,0.03706008871085942,0.022502262544419085,0.1389648651238531,1,2.289701223373413,128.0
206,1e-05,0.34175560000221594,0.047838965780101717,0.013655297724264008,0.2871246448485181,1,3.4103007316589355,128.0
207,1e-05,0.3411814000028244,0.07694874401204288,0.013960657242153372,0.5178653434850276,1,2.2356221675872803,128.0
208,1e-05,0.34102749999874504,0.1509682536125183,0.019662939344665835,1.0701054725213908,1,4.971693515777588,128.0
209,1e-05,0.3399481999986165,0.027202747645787895,0.01266172481700778,0.1289899087860249,1,1.7246108055114746,128.0
210,1e-05,0.33884480000051553,0.018478115380275995,0.016443768117044653,0.032718544083763845,1,0.8432692885398865,128.0
211,1e-05,0.33797599999888916,0.03550757630728185,0.017645066670541252,0.1605451493524015,1,2.4472057819366455,128.0
212,1e-05,0.33976110000003246,0.0711292065680027,0.011460707456405674,0.4888086982537061,1,5.551888465881348,128.0
213,1e-05,0.33972409999842057,0.12219459854532033,0.015655136068484614,0.8679707860574126,1,6.196999549865723,128.0
214,1e-05,0.3386365999976988,0.03906375728547573,0.013154473155736923,0.2204287436325103,1,1.8051496744155884,128.0
215,1e-05,0.33958910000001197,0.04368927259929478,0.016070941862251078,0.23701758263632655,1,1.9253391027450562,128.0
216,1e-05,0.34169639999890933,0.03352252522017807,0.015245520642825536,0.16146154492162168,1,1.2731229066848755,128.0
217,1e-05,0.34008629999880213,0.03210493829101324,0.019941514690539668,0.11724890847108327,1,1.3022668361663818,128.0
218,1e-05,0.3392720999981975,0.0538472905755043,0.02325814137501376,0.26797135116066784,1,3.293405532836914,128.0
219,1e-05,0.34010720000151196,0.0320636989781633,0.019024206192365715,0.12334015197120607,1,2.1321470737457275,128.0
220,1e-05,0.34041619999698014,0.037109254160895944,0.010933720706296819,0.2203379882266745,1,2.0984063148498535,128.0
221,1e-05,0.34136209999996936,0.05126805487088859,0.027818383582468544,0.2154157575860154,1,1.8341915607452393,128.0
222,1e-05,0.3390341000012995,0.12459279655013233,0.018723513132759502,0.8656777645810507,1,3.3505499362945557,128.0
223,1e-05,0.34042069999850355,0.03975845663808286,0.02273742714896798,0.15890565564041026,1,2.4569897651672363,128.0
224,1e-05,0.34009660000083386,0.025745390565134585,0.013705672829278879,0.11002342119172681,1,1.6242567300796509,128.0
225,1e-05,0.3403457000022172,0.13322545832488686,0.02123930232067193,0.9171284859148727,1,7.342968940734863,128.0
226,1e-05,0.33801840000160155,0.03863577404990792,0.018364918185397983,0.18053175357636064,1,1.434018611907959,128.0
227,1e-05,0.3387956000005943,0.027926193200983107,0.017465582516576563,0.10115046967985108,1,1.9749222993850708,128.0
228,1e-05,0.3394010000010894,0.026432518963702023,0.013767556753009558,0.11508725327439606,1,1.1276909112930298,128.0
229,1e-05,0.3421518000031938,0.16060158098116517,0.019575351450060095,1.14778510062024,1,6.384132385253906,128.0
230,1e-05,0.341546700001345,0.07302923372481018,0.015000867125179087,0.47922781202942133,1,5.808167934417725,128.0
231,1e-05,0.3411063000021386,0.08618252887390554,0.016266295021133765,0.5755961743379885,1,2.6013286113739014,128.0
232,1e-05,0.34182009999858565,0.05972773453686386,0.01511640673769372,0.3720070259878412,1,3.1832122802734375,128.0
233,1e-05,0.3402618000000075,0.030682141426950693,0.015937774708228453,0.13389270839979872,1,2.0319807529449463,128.0
234,1e-05,0.3392323000007309,0.023557146720122546,0.01452201245618718,0.08680309006012976,1,1.045169472694397,128.0
235,1e-05,0.33948810000219964,0.05185453942976892,0.013343787951661008,0.3214298114180565,1,2.485990285873413,128.0
236,1e-05,0.3391451000024972,0.04100017296150327,0.013459569242383753,0.2337844071444124,1,1.8201308250427246,128.0
237,1e-05,0.33797169999888865,0.15183773986063898,0.0193240181542933,1.0794337843544781,1,8.228650093078613,128.0
238,1e-05,0.3399716999992961,0.047248682589270175,0.01677036378532648,0.2605969158175867,1,2.760441780090332,128.0
239,1e-05,0.33994970000276226,0.046222552307881415,0.014984789304435253,0.2648868919641245,1,3.92132830619812,128.0
240,1e-05,0.3405306000022392,0.05198533658403903,0.011538420471229724,0.3351137447170913,1,2.1026408672332764,128.0
241,1e-05,0.3402118000012706,0.03206664009485394,0.01942541895966445,0.1205551948514767,1,1.8957241773605347,128.0
242,1e-05,0.33895119999942835,0.030363674042746425,0.018876490449266776,0.1107739616127219,1,2.6512835025787354,128.0
243,1e-05,0.3407417999987956,0.036118701566010714,0.022353235698704208,0.13247695878817467,1,1.3485331535339355,128.0
244,1e-05,0.34100670000043465,0.03798438317608088,0.02053081410537873,0.16015937482006848,1,2.2158310413360596,128.0
245,1e-05,0.33990579999954207,0.04549344413680956,0.014681341193084205,0.26117816410260275,1,2.6294326782226562,128.0
246,1e-05,0.34004470000218134,0.058211638941429555,0.02273574677695121,0.30654288618825376,1,3.712747097015381,128.0
247,1e-05,0.33941609999965294,0.04167726211016998,0.012005121912807226,0.2493822508258745,1,3.5970335006713867,128.0
248,1e-05,0.33969989999968675,0.07683719298802316,0.016178047018391744,0.5014512483030558,1,2.284247398376465,128.0
249,1e-05,0.34038629999849945,0.02958050020970404,0.015239111413913113,0.1299702274845913,1,1.5792670249938965,128.0
250,1e-05,0.3441710000006424,0.02517616597469896,0.01921614192958389,0.06689633440691978,1,1.7552602291107178,128.0
251,1e-05,0.34562080000250717,0.02119410247541964,0.012059356418571301,0.08513732545543462,1,1.7404539585113525,128.0
252,1e-05,0.3467440999993414,0.026226102374494076,0.013166471916650022,0.11764351964120578,1,1.2931076288223267,128.0
253,1e-05,0.3446678000000247,0.04724947572685778,0.019981997220643928,0.23812182317487895,1,2.4434285163879395,128.0
254,1e-05,0.3454696000007971,0.02898784726858139,0.014304198125111205,0.13177338987588882,1,1.4091719388961792,128.0
255,1e-05,0.34658720000152243,0.04888949077576399,0.020679002029023,0.24636294518131763,1,2.012665271759033,128.0
256,1e-05,0.34715850000065984,0.07266124070156366,0.014016768429428339,0.4831725594121963,1,5.716582298278809,128.0
257,1e-05,0.3476632999991125,0.07260295515879989,0.009984483676297324,0.5109322625212371,1,3.023624897003174,128.0
258,1e-05,0.3433874999973341,0.05389802425634116,0.023913423796849593,0.26379020692547783,1,3.415921688079834,128.0
259,1e-05,0.3400911000026099,0.04432660108432174,0.013462658838501998,0.26037418632768095,1,1.7154830694198608,128.0
260,1e-05,0.34032700000170735,0.08511488081421703,0.01943962275981903,0.5448417032021098,1,3.0040948390960693,128.0
261,1e-05,0.33982710000054794,0.03297347144689411,0.02286448303077902,0.10373639117460698,1,2.240708351135254,128.0
262,1e-05,0.33951149999847985,0.051741916220635176,0.011373083772403854,0.33432374807307497,1,2.2048468589782715,128.0
263,1e-05,0.3394507999983034,0.023255263222381473,0.014384627408747162,0.08534971508197486,1,1.3458243608474731,128.0
264,1e-05,0.3387552999993204,0.05366558977402747,0.019428322158221687,0.29332647612318397,1,3.3469536304473877,128.0
265,1e-05,0.34162300000025425,0.04368919285479933,0.02670530868428094,0.1625763843767345,1,1.747355341911316,128.0
266,1e-05,0.3384248000002117,0.03660756698809564,0.02369980580572571,0.12696188216796145,1,2.0779201984405518,128.0
267,1e-05,0.34120720000282745,0.025115130352787673,0.015581553602325065,0.09185016911942512,1,1.3521090745925903,128.0
268,1e-05,0.33860679999997956,0.03536418790463358,0.019141458640141145,0.14892329974099994,1,1.5939000844955444,128.0
269,1e-05,0.3398559999986901,0.0721751538803801,0.016624283577714647,0.4610312416916713,1,4.049928665161133,128.0
270,1e-05,0.3403089000021282,0.0436893169535324,0.014406719378062658,0.24866749276407063,1,3.0414769649505615,128.0
271,1e-05,0.3434707000014896,0.13798427348956466,0.014191323359097754,1.0045348958810791,1,7.7196044921875,128.0
272,1e-05,0.3362201999989338,0.09317492693662643,0.014865527461682047,0.6413407060317695,1,4.457732677459717,128.0
273,1e-05,0.33829570000307285,0.03635111777111888,0.01956399703132255,0.1538609666749835,1,1.9904898405075073,128.0
274,1e-05,0.34166109999932814,0.05226837802911177,0.01574274551655565,0.30794781306758523,1,3.871487617492676,128.0
275,1e-05,0.34152540000286535,0.025282668182626367,0.01579009116228138,0.09173071174882352,1,1.141656517982483,128.0
276,1e-05,0.3397995000013907,0.07879867550218478,0.013769783079624176,0.5340009494684637,1,2.306994676589966,128.0
277,1e-05,0.340068199999223,0.06944106565788388,0.031055876120392765,0.33813738403841853,1,3.456692695617676,128.0
278,1e-05,0.34080059999905643,0.019945232081227005,0.013421691954135895,0.06561002400121652,1,1.2069493532180786,128.0
279,1e-05,0.33764390000214917,0.04080241918563843,0.02302233049912112,0.16526305046863854,1,2.5316951274871826,128.0
280,1e-05,0.33935319999727653,0.11152023787144572,0.023798510964427675,0.7255723536509322,1,3.916090488433838,128.0
281,1e-05,0.34004060000006575,0.06341999699361622,0.027157010976225138,0.31726089149015024,1,6.969615459442139,128.0
282,1e-05,0.338237099997059,0.02089105045888573,0.013206248304673604,0.07468466542195529,1,1.560097575187683,128.0
283,1e-05,0.3380840000027092,0.0286980353994295,0.02276685880497098,0.07021626592904795,1,0.9920040369033813,128.0
284,1e-05,0.33996789999946486,0.21856469241902232,0.015781407643641745,1.6380477314814925,1,8.80346965789795,128.0
285,1e-05,0.33868209999855026,0.04620498651638627,0.022477182825761183,0.21229960955679417,1,1.724502682685852,128.0
286,1e-05,0.34136319999743137,0.07379976194351912,0.015299000112073762,0.48330508498474956,1,2.8126087188720703,128.0
287,1e-05,0.3393818000004103,0.027400423539802432,0.019894981823329414,0.07993851220817305,1,1.2046492099761963,128.0
288,1e-05,0.340329999999085,0.04298859019763768,0.021347326492624625,0.19447743319324218,1,1.5253450870513916,128.0
289,1e-05,0.3395464000022912,0.04233197955181822,0.0128979651656534,0.24837009273869626,1,1.9385038614273071,128.0
290,1e-05,0.3410260999989987,0.03512571181636304,0.015684824669733644,0.17121192900231108,1,3.7619194984436035,128.0
291,1e-05,0.33772379999936675,0.02199887251481414,0.01578364784031042,0.0655054512899369,1,1.0224486589431763,128.0
292,1e-05,0.3414935000000696,0.03156888473313302,0.016611757688224316,0.13626877625938505,1,2.352072238922119,128.0
293,1e-05,0.34170369999992545,0.04082386218942702,0.018477155960031917,0.19725081499200314,1,1.1220322847366333,128.0
294,1e-05,0.3383140000005369,0.03654685476794839,0.012305435258895159,0.20623678853735328,1,1.2519187927246094,128.0
295,1e-05,0.34329690000231494,0.09364241675939411,0.009466225946588176,0.6828757781408967,1,3.5135462284088135,128.0
296,1e-05,0.3387760999976308,0.016057633474702016,0.012066521914675832,0.04399541344901081,1,1.2522144317626953,128.0
297,1e-05,0.3382439999986673,0.022880215314216912,0.013139258937111922,0.09106690995395184,1,1.1883312463760376,128.0
298,1e-05,0.34181679999892367,0.05765394936315715,0.011784066379602467,0.37874311581254005,1,4.425439357757568,128.0
299,1e-05,0.3388827000017045,0.024541265273001045,0.017575860522421344,0.07329910098633263,1,1.2496976852416992,128.0
300,1e-05,0.3380378000001656,0.01908306562108919,0.008379908810768808,0.09400516166351736,1,1.7148141860961914,128.0
301,1e-05,0.34016500000143424,0.026095247187186033,0.02090415338586484,0.062432903912849724,1,2.0212795734405518,128.0
302,1e-05,0.33973320000222884,0.365874215727672,0.010800039927874292,2.851393583929166,1,20.049097061157227,128.0
303,1e-05,0.3410260999989987,0.020798804354853928,0.010337153250085456,0.09403035690775141,1,1.1598280668258667,128.0
304,1e-05,0.34256119999918155,0.05348842451348901,0.01014068882380213,0.356922565959394,1,2.778843879699707,128.0
305,1e-05,0.3397903999975824,0.09604660654440522,0.020804050777639662,0.6227445177646587,1,4.19882869720459,128.0
306,1e-05,0.3397226999986742,0.03509968891739845,0.01509923760646156,0.17510284343734384,1,2.9345619678497314,128.0
307,1e-05,0.33933900000192807,0.03015998238697648,0.021010760750089372,0.09420453355414793,1,1.502448320388794,128.0
308,1e-05,0.33950170000025537,0.05228835029993206,0.012228996492922306,0.3327038114075549,1,2.1659348011016846,128.0
309,1e-05,0.34073930000158725,0.028101741918362677,0.013468367646315269,0.13053535902872682,1,2.4575064182281494,128.0
310,1e-05,0.33929619999980787,0.02320859651081264,0.016237386967986822,0.07200706377625465,1,1.9722234010696411,128.0
311,1e-05,0.3408324000010907,0.036554155754856765,0.01917348456169878,0.15821886318735778,1,3.680647611618042,128.0
312,1e-05,0.33820600000035483,0.052140872401650995,0.01523575306470905,0.31047670055704657,1,3.3558783531188965,128.0
313,1e-05,0.3398765000019921,0.046078032813966274,0.022704925388097763,0.20968976832227781,1,1.7987163066864014,128.0
314,1e-05,0.34102489999713725,0.03788607916794717,0.00866157268839223,0.24245762173086405,1,2.5275206565856934,128.0
315,1e-05,0.3398081000013917,0.07387890899553895,0.022316156487379755,0.43481816005078144,1,3.3720133304595947,128.0
316,1e-05,0.34049009999944246,0.030831707117613405,0.023445382581225464,0.08253598143346608,1,2.0638561248779297,128.0
317,1e-05,0.3441420000017388,0.13630397885572165,0.014838728388505322,0.9865608140826225,1,6.813326835632324,128.0
318,1e-05,0.3449180999996315,0.028170258039608598,0.01644882433382528,0.11022029723972082,1,1.2209701538085938,128.0
319,1e-05,0.3402155000003404,0.04392588243354112,0.02046319007474397,0.20816472242586315,1,2.2339248657226562,128.0
320,1e-05,0.3404129999980796,0.042488594772294164,0.019888796444450105,0.20068717817775905,1,2.6967251300811768,128.0
321,1e-05,0.33864770000218414,0.04304075031541288,0.015654653909483125,0.2347434209950734,1,1.9423795938491821,128.0
322,1e-05,0.34199660000012955,0.09845745866186917,0.020806481928697655,0.6420143241994083,1,5.587635517120361,128.0
323,1e-05,0.33957740000187187,0.04167278634849936,0.026764673912631615,0.14602957711031195,1,3.2119882106781006,128.0
324,1e-05,0.34216680000099586,0.03502343816217035,0.011887842988861459,0.19697260146494955,1,1.9952160120010376,128.0
325,1e-05,0.34132120000140276,0.045154060469940305,0.017861759423145225,0.23620017524808645,1,1.3431601524353027,128.0
326,1e-05,0.3387615000028745,0.032900315476581454,0.01705744702901159,0.14380039903335273,1,3.111110210418701,128.0
327,1e-05,0.34235659999831114,0.040460437536239624,0.021154767833650112,0.17560012577450834,1,2.0472397804260254,128.0
328,1e-05,0.33991039999818895,0.042097233701497316,0.01629305850448353,0.22272646566852927,1,3.9710679054260254,128.0
329,1e-05,0.3384698000008939,0.036205822601914406,0.016288036547069038,0.17563032207544893,1,1.8370527029037476,128.0
330,1e-05,0.3387198999989778,0.02389348403085023,0.017789894182767187,0.06661860970780253,1,2.4579997062683105,128.0
331,1e-05,0.33982319999995525,0.02174760343041271,0.015358989526118551,0.06646789982914925,1,1.4245223999023438,128.0
332,1e-05,0.3404568999976618,0.020935756037943065,0.016818104178777764,0.04975931404624134,1,1.8349404335021973,128.0
333,1e-05,0.33927240000048187,0.05609006620943546,0.01928555087319442,0.3137216775212437,1,3.2557156085968018,128.0
334,1e-05,0.34077219999744557,0.09850126667879522,0.01618533514972244,0.6747127387207001,1,4.02925968170166,128.0
335,1e-05,0.342562400001043,0.053909191279672086,0.015984871557780674,0.3193794285180047,1,2.941047430038452,128.0
336,1e-05,0.33941090000007534,0.04819220653735101,0.014670684268432004,0.2828428532666294,1,1.927266001701355,128.0
337,1e-05,0.33815949999916484,0.04396624566288665,0.023467395388122116,0.18745819246396422,1,2.5834455490112305,128.0
338,1e-05,0.34061900000233436,0.0640598013997078,0.020050812313067063,0.37212271615862846,1,5.443412780761719,128.0
339,1e-05,0.33849150000241934,0.03646417357958853,0.02120620251766273,0.14326997371972539,1,1.4554871320724487,128.0
340,1e-05,0.3395367000011902,0.026956611312925816,0.018750971582319056,0.08439609198831022,1,1.3053168058395386,128.0
341,1e-05,0.3410881999989215,0.08949403488077223,0.016353195533156395,0.6014799000695348,1,2.467724084854126,128.0
342,1e-05,0.33903019999706885,0.028619340620934963,0.013221288765115398,0.1364057119935751,1,1.9192720651626587,128.0
343,1e-05,0.34120439999969676,0.038306240108795464,0.02207170027707304,0.1519480239949189,1,1.486121416091919,128.0
344,1e-05,0.33909960000164574,0.06290004611946642,0.021496222354471684,0.3527268012985587,1,2.9572153091430664,128.0
345,1e-05,0.3398084000000381,0.040077163837850094,0.014602616229759795,0.21839899278711528,1,3.3612968921661377,128.0
346,1e-05,0.3394665999985591,0.05502839514520019,0.01973924320191145,0.302052486455068,1,3.4916446208953857,128.0
347,1e-05,0.34164400000008754,0.03665698878467083,0.015069850720465183,0.18776694539701566,1,3.302309036254883,128.0
348,1e-05,0.3397519000027387,0.04063685453729704,0.012028578668832779,0.24089477880625054,1,1.7696961164474487,128.0
349,1e-05,0.33968739999909303,0.03484691330231726,0.017256818379142454,0.1579775752761634,1,2.427295446395874,128.0
350,1e-05,0.34078190000218456,0.04457280528731644,0.01315934383975608,0.26446704182308167,1,3.402439832687378,128.0
351,1e-05,0.3396145999977307,0.047797411447390914,0.012498632272971528,0.29488885775208473,1,3.4999632835388184,128.0
352,1e-05,0.34014569999999367,0.025999787962064147,0.016872351989150047,0.08989184035453945,1,2.1530559062957764,128.0
353,1e-05,0.3406589999976859,0.03053859225474298,0.023011331180376664,0.08322942606173456,1,3.1924946308135986,128.0
354,1e-05,0.339375999999902,0.061293284641578794,0.0219633745561753,0.33660263690399006,1,2.8470327854156494,128.0
355,1e-05,0.3377757999987807,0.029323719441890717,0.01911086535879544,0.10081369362887926,1,3.3693790435791016,128.0
356,1e-05,0.33956709999984014,0.0386277858633548,0.02031560568138957,0.16681304734083824,1,2.6829276084899902,128.0
357,1e-05,0.3411149999992631,0.04651350108906627,0.012882167539958442,0.28193283872678876,1,3.538625955581665,128.0
358,1e-05,0.33946329999889713,0.03570175915956497,0.023066296109131405,0.12415000615874305,1,2.2073235511779785,128.0
359,1e-05,0.33982779999860213,0.14241207973100245,0.023012059275060892,0.97821222350467,1,7.614771366119385,128.0
360,1e-05,0.34005729999989853,0.028025459265336394,0.01625905032934887,0.11039031778636854,1,1.95562744140625,128.0
361,1e-05,0.3404630000004545,0.05878550047054887,0.016041863044457778,0.3579909734544344,1,3.039229393005371,128.0
362,1e-05,0.3398763000004692,0.04331448336597532,0.016250550347779478,0.23276201309636235,1,1.4111647605895996,128.0
363,1e-05,0.34015720000024885,0.03365127823781222,0.013467709799962384,0.17493625113274902,1,1.6330525875091553,128.0
364,1e-05,0.3402862999973877,0.11478063161484897,0.02243254041033132,0.7612172843655571,1,4.66020393371582,128.0
365,1e-05,0.3387674000005063,0.031017381756100804,0.028273578001452342,0.05022399673180189,1,2.1674070358276367,128.0
366,1e-05,0.338376599996991,0.023337890394032,0.01887166659746851,0.054601447423920035,1,1.4082951545715332,128.0
367,1e-05,0.33940660000007483,0.039797504199668765,0.01796398258634976,0.19263213395606726,1,2.8099191188812256,128.0
368,1e-05,0.3402700999977242,0.030629178159870207,0.01332914988909449,0.15172938164323568,1,1.000411868095398,128.0
369,1e-05,0.3408138999984658,0.057168314582668245,0.021790644420044764,0.3048119963495992,1,3.664825916290283,128.0
370,1e-05,0.3408044999996491,0.033014102606102824,0.010062526778451033,0.19367513328325003,1,2.02280592918396,128.0
371,1e-05,0.34175450000111596,0.03186837933026254,0.013484988960304431,0.16055211913771927,1,1.7757295370101929,128.0
372,1e-05,0.33866829999897163,0.015115649963263422,0.012714365763323647,0.031924640585202724,1,0.9290075898170471,128.0
373,1e-05,0.3394600999999966,0.043416897184215486,0.013468197879514523,0.2530577823636122,1,1.4083099365234375,128.0
374,1e-05,0.3392338999983622,0.03727597731631249,0.012314104275511844,0.21200907917227596,1,1.2461464405059814,128.0
375,1e-05,0.339164000000892,0.06593068630900234,0.011523265923772539,0.44678264448884875,1,2.057873249053955,128.0
376,1e-05,0.33634710000114865,0.06762646953575313,0.016142613720148802,0.4280134538639686,1,3.5373153686523438,128.0
377,1e-05,0.34026669999730075,0.04705353849567473,0.016998074815741608,0.25744177560773096,1,2.7643158435821533,128.0
378,1e-05,0.33988209999733954,0.029947704751975834,0.016201585863849947,0.12617053982103243,1,1.0340324640274048,128.0
379,1e-05,0.34049709999817424,0.03950590640306473,0.021272203751972744,0.1671418348705629,1,1.448848843574524,128.0
380,1e-05,0.3377527000011469,0.032399194315075874,0.022747494812522615,0.09996108978521079,1,1.705137014389038,128.0
381,1e-05,0.3401895999995759,0.04867900535464287,0.023696372152439187,0.22355744102969766,1,2.136970043182373,128.0
382,1e-05,0.3403653999994276,0.05151229724287987,0.009184668705399548,0.3478056868771091,1,3.0825705528259277,128.0
383,1e-05,0.3401585999999952,0.047790442826226354,0.014341145155153103,0.2819355116225779,1,2.184055805206299,128.0
384,1e-05,0.3385582999981125,0.02283920510672033,0.015354396309703588,0.0752328716480406,1,1.2038720846176147,128.0
385,1e-05,0.3392586999980267,0.03216790279839188,0.018091000017843077,0.13070622872328386,1,1.9094772338867188,128.0
386,1e-05,0.3386315999996441,0.030611581169068813,0.015855788186724697,0.13390213035745546,1,1.807770848274231,128.0
387,1e-05,0.34047179999834043,0.030343440361320972,0.01280833428193416,0.15308918041409925,1,1.8148568868637085,128.0
388,1e-05,0.3416594000009354,0.07241467526182532,0.019744841381907463,0.44110351932249614,1,2.7403080463409424,128.0
389,1e-05,0.34038909999799216,0.11994900688296184,0.024849875031837394,0.7856429073726758,1,4.849682331085205,128.0
390,1e-05,0.3396753999986686,0.15624118247069418,0.018588626657479575,1.1198090734542347,1,7.529729843139648,128.0
391,1e-05,0.34140150000166614,0.05559716757852584,0.018750575304563557,0.3135233181528747,1,2.115602493286133,128.0
392,1e-05,0.3386579000034544,0.041783596854656935,0.01865890608834369,0.20365643093828112,1,1.3853329420089722,128.0
393,1e-05,0.3410035999986576,0.03657132457010448,0.016872768689479147,0.17446122271940112,1,1.4737024307250977,128.0
394,1e-05,0.3410920000023907,0.04970443597994745,0.024115710918392454,0.22882551255861472,1,4.366201877593994,128.0
395,1e-05,0.34133899999869755,0.025673037162050605,0.017525758128613234,0.08270399847242516,1,1.6747610569000244,128.0
396,1e-05,0.33902260000104434,0.03815060097258538,0.010246978540505682,0.23347594437655061,1,3.0595896244049072,128.0
397,1e-05,0.3386240999971051,0.04464661062229425,0.02489268859582288,0.18292406067757838,1,2.6895225048065186,128.0
398,1e-05,0.339551199998823,0.09074082202278078,0.01775953938652362,0.6016098668333143,1,3.983914852142334,128.0
399,1e-05,0.339537100000598,0.03434483800083399,0.01723398973367044,0.15412077895598486,1,2.48567795753479,128.0
400,1e-05,0.33772920000046724,0.052638320717960596,0.02695622680974858,0.2324129809567239,1,2.92907977104187,128.0
401,1e-05,0.34146749999854364,0.14375574188306928,0.01531240636748927,1.042859134147875,1,5.348650932312012,128.0
402,1e-05,0.3397612000007939,0.03914999880362302,0.02926067908161453,0.10837524972157553,1,1.3910510540008545,128.0
403,1e-05,0.34081030000015744,0.04470031091477722,0.02090158376709691,0.21129140071570873,1,2.691432237625122,128.0
404,1e-05,0.3442457999990438,0.0407810517353937,0.021904260319258486,0.17291858210228384,1,2.016470432281494,128.0
405,1e-05,0.34039539999866975,0.04886939679272473,0.014528627041727304,0.28925477946177125,1,4.270547866821289,128.0
406,1e-05,0.33939359999931185,0.05539815698284656,0.01830778197784509,0.31503079542017076,1,3.058460235595703,128.0
407,1e-05,0.3393958999986353,0.030112174164969474,0.012759814936933773,0.15157868713140488,1,1.7830147743225098,128.0
408,1e-05,0.33937910000167903,0.0403587578330189,0.018988448960174407,0.18995091877877712,1,1.7142404317855835,128.0
409,1e-05,0.3397753000026569,0.044729236513376236,0.02592097089758941,0.17638709502352867,1,1.9216588735580444,128.0
410,1e-05,0.3404295000000275,0.038720540644135326,0.011682014879105347,0.22799022705294192,1,2.053889513015747,128.0
411,1e-05,0.3412655999964045,0.1528708676341921,0.013350963991667544,1.1295102248695912,1,8.203134536743164,128.0
412,1e-05,0.34158109999771114,0.02621828019618988,0.020309869732175554,0.06757715321145952,1,1.4737290143966675,128.0
413,1e-05,0.3403902999998536,0.025054484489373863,0.01470261566074831,0.09751756602781825,1,1.8160425424575806,128.0
414,1e-05,0.3402938999970502,0.059910624055191875,0.029032673221081495,0.27605627616867423,1,1.9232170581817627,128.0
415,1e-05,0.34139780000259634,0.06754264724440873,0.01789026920284544,0.41510929982177913,1,2.479731559753418,128.0
416,1e-05,0.34072200000082375,0.03458026226144284,0.009278020289327418,0.2116959465201944,1,2.8097310066223145,128.0
417,1e-05,0.34238280000136,0.06470208521932364,0.022370600075061833,0.36102250730618834,1,4.104119777679443,128.0
418,1e-05,0.33973799999876064,0.03947721631266177,0.024243282852694392,0.14611474354751408,1,4.188106536865234,128.0
419,1e-05,0.3387771000016073,0.05876419320702553,0.015951750267829214,0.35845128912478685,1,2.161126136779785,128.0
420,1e-05,0.338972500001546,0.018487610504962504,0.014149186667054892,0.04885657591512427,1,1.4039409160614014,128.0
421,1e-05,0.34051519999775337,0.028822485939599574,0.015698429862303392,0.12069088278803974,1,1.4318286180496216,128.0
422,1e-05,0.3390614000018104,0.026198717940133065,0.010263634180384023,0.13774430149351247,1,1.5017426013946533,128.0
423,1e-05,0.3397906999998668,0.031867577228695154,0.024044014313923463,0.08663252554833889,1,2.4394876956939697,128.0
424,1e-05,0.3396087000000989,0.03071237972471863,0.018944199795701673,0.11308964021736756,1,1.9738664627075195,128.0
425,1e-05,0.33845130000190693,0.03089930082205683,0.011381469866526979,0.16752412426285446,1,1.7775447368621826,128.0
426,1e-05,0.33882420000009006,0.016489053959958255,0.013136482265378748,0.03995705521083437,1,1.0566669702529907,128.0
427,1e-05,0.33909330000096816,0.036553399346303195,0.018667483369686773,0.16175481211394072,1,2.1063485145568848,128.0
428,1e-05,0.3395377999986522,0.026828285946976393,0.01311951782554388,0.122789666056633,1,1.7134102582931519,128.0
429,1e-05,0.3395264999999199,0.036495117004960775,0.014498907474002667,0.19046857650391757,1,1.4662132263183594,128.0
430,1e-05,0.34222589999990305,0.07762104202993214,0.020111560954579284,0.4801874248078093,1,4.299502372741699,128.0
431,1e-05,0.341196299999865,0.033448998467065394,0.017461077576237067,0.14536444033728912,1,3.004554271697998,128.0
432,1e-05,0.34193170000071405,0.039046859834343195,0.02840232995471784,0.11355856747832149,1,1.8353949785232544,128.0
433,1e-05,0.34162750000177766,0.08101745042949915,0.024368061551025937,0.47756318644678686,1,4.487212181091309,128.0
434,1e-05,0.33921120000013616,0.049290213151834905,0.018673176810677563,0.2636094711488113,1,1.442880392074585,128.0
435,1e-05,0.34175689999756287,0.02542584016919136,0.01727225219032594,0.08250095834955573,1,1.7770841121673584,128.0
436,1e-05,0.33927549999862094,0.06569675309583545,0.018290645708995208,0.3975394987501204,1,1.8519340753555298,128.0
437,1e-05,0.3404675000019779,0.07299902208615094,0.012788160437984126,0.4944750692229718,1,2.944232702255249,128.0
438,1e-05,0.3406070000019099,0.034051372786052525,0.014046426130724805,0.17408599104965106,1,2.3845560550689697,128.0
439,1e-05,0.33952059999865014,0.05227036448195577,0.01258078111069543,0.3300974366138689,1,5.082662105560303,128.0
440,1e-05,0.33859060000031604,0.07420265651308,0.04350526790533747,0.289084347197786,1,2.7798800468444824,128.0
441,1e-05,0.34071319999929983,0.03628490073606372,0.019065636343189647,0.15681975707411766,1,2.6860101222991943,128.0
442,1e-05,0.33716719999938505,0.023551977588795125,0.010262922184275729,0.11657538398867473,1,1.5802122354507446,128.0
443,1e-05,0.34031529999992927,0.024642074189614505,0.014360148792288132,0.09661555103957653,1,1.7892045974731445,128.0
444,1e-05,0.3398285000002943,0.05823394365143031,0.012722590738641364,0.37681340452400036,1,3.7586538791656494,128.0
445,1e-05,0.34013079999931506,0.023620519670657814,0.015430804075939315,0.0809485310310265,1,1.2353101968765259,128.0
446,1e-05,0.3415281999987201,0.033780782483518124,0.01592775740261589,0.15875196567503735,1,2.542531728744507,128.0
447,1e-05,0.33897199999773875,0.07276741205714643,0.017957708465733697,0.456435330939712,1,3.854121685028076,128.0
448,1e-05,0.3398425999985193,0.09241382766049355,0.019433646595903804,0.6032750863814726,1,5.693312644958496,128.0
449,1e-05,0.33936939999694005,0.04230822017416358,0.016423663423795785,0.22350011114031076,1,2.4308385848999023,128.0
450,1e-05,0.33990560000165715,0.05626502446830273,0.018124963090355908,0.32324545830488205,1,3.3421311378479004,128.0
451,1e-05,0.33930039999904693,0.04156071273609996,0.01857152088944401,0.20248506555799395,1,2.9958622455596924,128.0
452,1e-05,0.34046070000113104,0.03657306358218193,0.03047071789790477,0.07928948162589222,1,3.8532156944274902,128.0
453,1e-05,0.3406563999997161,0.025726167717948556,0.013912875138755356,0.1084192159032682,1,2.8816511631011963,128.0
454,1e-05,0.34077239999896847,0.08950424729846418,0.01848516267325197,0.5866378383943811,1,5.134550094604492,128.0
455,1e-05,0.3390905999985989,0.12357125873677433,0.023451725686235086,0.8244079339783639,1,8.423601150512695,128.0
456,1e-05,0.3389948000003642,0.0280666466569528,0.02369694411754608,0.05865456978790462,1,1.0155892372131348,128.0
457,1e-05,0.3395721999986563,0.037164974433835596,0.02171089905979378,0.14534349690075032,1,2.1865761280059814,128.0
458,1e-05,0.33796799999981886,0.02769108151551336,0.018948955860521113,0.08888596191536635,1,1.9915261268615723,128.0
459,1e-05,0.33832170000096085,0.04177598876412958,0.016129092845533575,0.2213042639195919,1,1.9019513130187988,128.0
460,1e-05,0.33954670000093756,0.01737548556411639,0.012241387673254524,0.05331416913668363,1,1.5030659437179565,128.0
461,1e-05,0.3398518999965745,0.06034021230880171,0.015621191821992397,0.3733733494300395,1,4.326159954071045,128.0
462,1e-05,0.3492657999995572,0.028658189810812473,0.014571218086140496,0.12726699048653245,1,2.0981056690216064,128.0
463,1e-05,0.3407442000025185,0.01991345372516662,0.01693040518356221,0.04079479334177449,1,1.834750771522522,128.0
464,1e-05,0.339490600003046,0.0507299832534045,0.029588324217391864,0.1987216022098437,1,2.719076633453369,128.0
465,1e-05,0.3394542000023648,0.11813218425959349,0.010468426892267806,0.8717784690670669,1,6.623484134674072,128.0
466,1e-05,0.33976310000070953,0.044519933639094234,0.014142048079520464,0.25716514035957516,1,4.448959827423096,128.0
467,1e-05,0.3403333999995084,0.046514284797012806,0.014788092912307807,0.2685976279899478,1,2.615577459335327,128.0
468,1e-05,0.3416964999996708,0.05504612217191607,0.030380851589143276,0.22770300398406107,1,5.48905611038208,128.0
469,1e-05,0.34116110000104527,0.043016268871724606,0.01911396865866014,0.21033236739458516,1,1.776167631149292,128.0
470,1e-05,0.33854559999963385,0.06890027143526822,0.018392012188477174,0.42245810327585787,1,4.25827693939209,128.0
471,1e-05,0.3395719000000099,0.0392237959895283,0.00974914784144078,0.2455463339574635,1,1.6232516765594482,128.0
472,1e-05,0.3399133000020811,0.05797065934166312,0.018376280420592854,0.33513131621293724,1,3.3684988021850586,128.0
473,1e-05,0.3414277999982005,0.049612271366640925,0.025750435622675077,0.21664512692950666,1,2.015662908554077,128.0
474,1e-05,0.339529599998059,0.03981516626663506,0.013654687707977635,0.22293849370907992,1,2.7460827827453613,128.0
475,1e-05,0.3391160999999556,0.02459295158041641,0.014433841952787978,0.09570671859546565,1,1.3001232147216797,128.0
476,1e-05,0.34040010000171605,0.045780782122164965,0.013739588470863444,0.2700691323261708,1,2.887516736984253,128.0
477,1e-05,0.3415573999991466,0.02563940337859094,0.01178505554396127,0.12261983333155513,1,1.1291840076446533,128.0
478,1e-05,0.3402072999997472,0.02885915234219283,0.017704938405326436,0.10693864419590682,1,1.289660096168518,128.0
479,1e-05,0.3395514000003459,0.06777678139042109,0.033867398875632455,0.3051424736622721,1,2.5365703105926514,128.0
480,1e-05,0.338595000001078,0.09318095655180514,0.012968569195696287,0.6546676938887686,1,5.916960716247559,128.0
481,1e-05,0.3384364000012283,0.045165523304603994,0.017205717707318918,0.24088416015729308,1,1.9445382356643677,128.0
482,1e-05,0.3399475000005623,0.06129560759291053,0.014388053478407008,0.38964846974704415,1,1.5110143423080444,128.0
483,1e-05,0.3388455000022077,0.04618272744119167,0.02178890025243163,0.216939514153637,1,1.905958652496338,128.0
484,1e-05,0.34058490000097663,0.027038027998059988,0.016393090864377364,0.10155259218299761,1,2.1562063694000244,128.0
485,1e-05,0.3414236999997229,0.04963811353081837,0.013302622429494346,0.30398654777673073,1,2.265136957168579,128.0
486,1e-05,0.3421471000001475,0.05316776060499251,0.012779623403080873,0.33588470570975915,1,3.7861626148223877,128.0
487,1e-05,0.3405337000003783,0.06318136653862894,0.0226706849477653,0.34675612580031157,1,2.63700795173645,128.0
488,1e-05,0.3400664000000688,0.031076911371201277,0.01172778835254056,0.16652076615719125,1,1.8499795198440552,128.0
489,1e-05,0.33946750000177417,0.03945212991675362,0.016884450734193836,0.1974258815171197,1,1.9037201404571533,128.0
490,1e-05,0.338960599998245,0.04837810178287327,0.015005449032677072,0.28198668197728693,1,3.3782317638397217,128.0
491,1e-05,0.338619900001504,0.018924667732790112,0.011011376843920775,0.07431770407129079,1,0.9316224455833435,128.0
492,1e-05,0.33977620000223396,0.03150431846734136,0.013857109937816858,0.1550347798038274,1,1.9434565305709839,128.0
493,1e-05,0.3390061999998579,0.026662728050723672,0.008628414677722114,0.15290291639394127,1,1.8616832494735718,128.0
494,1e-05,0.3396381000020483,0.036682149046100676,0.014079376656029905,0.19490155449602753,1,2.672638177871704,128.0
495,1e-05,0.3398752999964927,0.06114571378566325,0.013466647160904748,0.3948991695069708,1,2.8199973106384277,128.0
496,1e-05,0.338560399999551,0.12597258907044306,0.014771905927253621,0.9043774232268333,1,7.462786674499512,128.0
497,1e-05,0.34023789999992005,0.09787698276340961,0.012771481248949255,0.6936155389994383,1,5.215722560882568,128.0
498,1e-05,0.340243400001782,0.030806303257122636,0.01670610735059849,0.12950767227448523,1,2.5426337718963623,128.0
499,1e-05,0.3386149999969348,0.028335627052001655,0.011352523728939039,0.14721734306658618,1,1.4152019023895264,128.0
500,1e-05,0.3399208000009821,0.04726291145198047,0.016296066410307373,0.2640308158661355,1,3.814796209335327,128.0
501,1e-05,0.3395460000028834,0.03137364785652608,0.01822759929512228,0.12339598825201392,1,1.6488415002822876,128.0
502,1e-05,0.35357610000210116,0.07815964019391686,0.01246382761746645,0.5380303331185132,1,4.368004322052002,128.0
503,1e-05,0.34060650000174064,0.037891790503636,0.018718049196260318,0.17210797872394323,1,2.060720920562744,128.0
504,1e-05,0.3441951999993762,0.02179181727115065,0.015179327755634273,0.06807923852466047,1,2.0284318923950195,128.0
505,1e-05,0.3473343000005116,0.030230393400415778,0.013693672072674547,0.145987441559555,1,1.881420373916626,128.0
506,1e-05,0.3396920000013779,0.051861326093785465,0.013470587919333152,0.3205964801600203,1,4.356444835662842,128.0
507,1e-05,0.3401985999989847,0.03399793023709208,0.02355098750974451,0.10712654143571854,1,1.4673254489898682,128.0
508,1e-05,0.3399908999999752,0.04593430238310248,0.019995787646621466,0.22750390326837078,1,1.9266644716262817,128.0
509,1e-05,0.33951409999644966,0.055386449908837676,0.018269211552771076,0.3152071174699813,1,3.0632426738739014,128.0
510,1e-05,0.3402133000017784,0.03375675203278661,0.018227305795465196,0.14246287452988327,1,1.8531203269958496,128.0
511,1e-05,0.3395925000004354,0.049451426370069385,0.04117501247674227,0.10738632420543581,1,1.6644344329833984,128.0
512,1e-05,0.339491700000508,0.050479111494496465,0.03203417453914881,0.17959366569266422,1,2.1414623260498047,128.0
513,1e-05,0.34040680000180146,0.04730398242827505,0.026087341297950064,0.19582047301810235,1,2.5919857025146484,128.0
514,1e-05,0.34139480000158073,0.01895348820835352,0.014518995104091508,0.04999494110234082,1,1.0547856092453003,128.0
515,1e-05,0.3402291000020341,0.07265686325263232,0.021495850224580084,0.4307839535176754,1,2.886935234069824,128.0
516,1e-05,0.3399573999995482,0.0710165947675705,0.014483933337032795,0.46674523153342307,1,4.794221878051758,128.0
517,1e-05,0.3404674999983399,0.0360630308277905,0.015163578891328402,0.18235918995924294,1,2.7081222534179688,128.0
518,1e-05,0.3406789000000572,0.1607895812485367,0.01098039124294051,1.209453900810331,1,8.676424980163574,128.0
519,1e-05,0.3406370999982755,0.01199326670030132,0.009632171264716558,0.028520934778498486,1,0.8071736097335815,128.0
520,1e-05,0.3389400000014575,0.035299822920933366,0.019173182114692672,0.14818630716763437,1,1.2775343656539917,128.0
521,1e-05,0.3406336999978521,0.0384972058236599,0.02749036585113832,0.11554508045082912,1,2.0097975730895996,128.0
522,1e-05,0.3398131999965699,0.03911895415512845,0.018060621406350817,0.18652728383312933,1,2.4055206775665283,128.0
523,1e-05,0.33930289999989327,0.09907239605672657,0.028966490711484636,0.5898138181510149,1,3.932354688644409,128.0
524,1e-05,0.34127559999978985,0.018045239616185427,0.011977744355265583,0.06051771025522612,1,1.206769347190857,128.0
525,1e-05,0.34094460000051185,0.031713932869024575,0.01605047079335366,0.14135817158967257,1,1.0402711629867554,128.0
526,1e-05,0.33914569999978994,0.030221662018448114,0.021558849939278195,0.09086134179597138,1,1.2375073432922363,128.0
527,1e-05,0.33902730000045267,0.08231079555116594,0.01790300277726991,0.5331653548055328,1,3.484726905822754,128.0
528,1e-05,0.354548800001794,0.03313953278120607,0.018721297649400576,0.1340671821963042,1,1.493613362312317,128.0
529,1e-05,0.34215779999794904,0.05440556723624468,0.00967514920713646,0.3675184748135507,1,3.5192222595214844,128.0
530,1e-05,0.3389019999995071,0.04572464246302843,0.019580231912966286,0.22873551797238179,1,4.426984786987305,128.0
531,1e-05,0.34065060000284575,0.05354149267077446,0.017771210787551745,0.30393346620257944,1,1.7113016843795776,128.0
532,1e-05,0.34252289999858476,0.03972070291638374,0.017190265602299144,0.1974337655119598,1,2.864187717437744,128.0
533,1e-05,0.3416553999995813,0.24922138708643615,0.029449412000498602,1.7876252154819667,1,6.081015586853027,128.0
534,1e-05,0.3388919999997597,0.021129910368472338,0.009588435558336121,0.10192024051502813,1,1.2457386255264282,128.0
535,1e-05,0.3386473000027763,0.047636338509619236,0.013756744696625642,0.2847934877499938,1,3.771799325942993,128.0
536,1e-05,0.339007100003073,0.03595893539022654,0.02057714115029999,0.1436314971651882,1,1.685113787651062,128.0
537,1e-05,0.34128749999945285,0.021981936995871365,0.015494757198861666,0.06739219569135457,1,1.858472466468811,128.0
538,1e-05,0.339207199998782,0.025448254426009953,0.022766860933708295,0.04421801189891994,1,1.441619634628296,128.0
539,1e-05,0.3433456999991904,0.035457616089843214,0.01462937958006348,0.18125526292715222,1,2.6232521533966064,128.0
540,1e-05,0.34028500000204076,0.22481412382330745,0.011277945911777871,1.719567361054942,1,9.76591968536377,128.0
541,1e-05,0.34425280000141356,0.06292496155947447,0.020402757650507346,0.36058040615171194,1,3.206845760345459,128.0
542,1e-05,0.3735350999995717,0.022921696538105607,0.01656865461596421,0.06739298957108986,1,1.5370653867721558,128.0
543,1e-05,0.3469933000014862,0.025758387055248022,0.016904416094933237,0.08773618430132046,1,1.7317277193069458,128.0
544,1e-05,0.34536260000095353,0.028929479769431055,0.023794458979474648,0.06487463024677709,1,1.1349763870239258,128.0
545,1e-05,0.3428978999982064,0.033412234392017126,0.021192499569484165,0.1189503762871027,1,3.141989231109619,128.0
546,1e-05,0.34513180000067223,0.036084421910345554,0.012451612989285163,0.2015140864532441,1,1.2035273313522339,128.0
547,1e-05,0.3412819999975909,0.02578239922877401,0.015232183704418796,0.09963390085613355,1,1.3972795009613037,128.0
548,1e-05,0.3396213000014541,0.029160612961277366,0.0145092808109309,0.1317199368495494,1,2.04160213470459,128.0
549,1e-05,0.34183950000078767,0.02701331884600222,0.013106342272034712,0.12436214506305987,1,2.167710542678833,128.0
550,1e-05,0.33951490000254125,0.023585080285556614,0.014380416101110833,0.08801772411970887,1,0.9586067199707031,128.0
551,1e-05,0.3394661000020278,0.03059791144914925,0.013912039476313762,0.1473990250378847,1,1.166317105293274,128.0
552,1e-05,0.3401693999985582,0.028463342925533652,0.028164893787886416,0.030552486117812805,1,1.8095899820327759,128.0
553,1e-05,0.3394920999999158,0.029480997880455106,0.02225297230428883,0.0800771776412148,1,1.4580779075622559,128.0
554,1e-05,0.3416352000022016,0.020648490986786783,0.013595659951014178,0.07001830702574807,1,0.7875821590423584,128.0
555,1e-05,0.34038560000044527,0.02666300756391138,0.016801638661750724,0.09569258807459846,1,1.6653180122375488,128.0
556,1e-05,0.34149750000142376,0.02002901554806158,0.009847402439585753,0.0913003064924851,1,1.5933456420898438,128.0
557,1e-05,0.34033389999967767,0.0289275161921978,0.01873590245044657,0.10026881177327596,1,1.4985263347625732,128.0
558,1e-05,0.33980070000325213,0.10746250278316438,0.035071271538202255,0.614201111253351,1,6.010050296783447,128.0
559,1e-05,0.33998150000115857,0.10050617007073015,0.014696213749370404,0.701175870301995,1,8.526866912841797,128.0
560,1e-05,0.341191900002741,0.0259178681881167,0.01343789927860988,0.11327765544410795,1,0.8231123089790344,128.0
561,1e-05,0.34089310000126716,0.03569050645455718,0.022977797713662897,0.12467946577817202,1,1.5018525123596191,128.0
562,1e-05,0.33884349999789265,0.02548585773911327,0.016551978553512266,0.08802301564719528,1,2.1632633209228516,128.0
563,1e-05,0.339175900000555,0.045714590582065284,0.022181272440190827,0.21044781897217035,1,1.8015342950820923,128.0
564,1e-05,0.340045500000997,0.026121090399101377,0.013038273035947765,0.11770080670248717,1,1.8810808658599854,128.0
565,1e-05,0.3409904000000097,0.033201202284544706,0.02021363763404744,0.12411415891256183,1,1.1771396398544312,128.0
566,1e-05,0.3424922999984119,0.02772562042810023,0.019648242741823196,0.0842672678118106,1,2.232882022857666,128.0
567,1e-05,0.3394431999986409,0.028932553599588573,0.014107414787369115,0.1327085189986974,1,1.6556192636489868,128.0
568,1e-05,0.3672478000007686,0.020612436812371016,0.015539172371583325,0.05612528217898216,1,2.107017755508423,128.0
569,1e-05,0.34253979999994044,0.045936477079521865,0.01114935940131545,0.28944628668250516,1,1.857796549797058,128.0
570,1e-05,0.3379308999974455,0.024349350249394774,0.020625711418688297,0.050414819852449,1,1.349124789237976,128.0
571,1e-05,0.34029219999865745,0.03195400116965175,0.012125845732433456,0.17075109644792974,1,1.7518994808197021,128.0
572,1e-05,0.33880389999831095,0.03302170557435602,0.017095009796321392,0.14450857986230403,1,2.390312433242798,128.0
573,1e-05,0.3381595999999263,0.03834278846625239,0.028311031870543957,0.10856508271535859,1,1.6589115858078003,128.0
574,1e-05,0.33787609999853885,0.025446152198128402,0.013868431843418096,0.10649019910488278,1,1.508073329925537,128.0
575,1e-05,0.3414971999991394,0.030858642887324095,0.01108179850104664,0.16929654404520988,1,1.6890121698379517,128.0
576,1e-05,0.33889320000162115,0.030960499891079962,0.011286186154133506,0.16868070093914866,1,1.9294239282608032,128.0
577,1e-05,0.3394592000004195,0.03607626899611205,0.015709729133439914,0.17864205420482904,1,2.1234214305877686,128.0
578,1e-05,0.3417809999991732,0.0827961135073565,0.012408649948026453,0.5755083418916911,1,3.892911672592163,128.0
579,1e-05,0.34080180000091786,0.03702269110362977,0.012416343204677105,0.2092671247664839,1,2.6029698848724365,128.0
580,1e-05,0.33968109999841545,0.039180395193398,0.013054557144641876,0.22206125454977155,1,1.8775829076766968,128.0
581,1e-05,0.3394707000006747,0.037216764700133353,0.014916579172547375,0.19331806906848215,1,2.450939655303955,128.0
582,1e-05,0.3402666000001773,0.023999159457162023,0.020955200174025128,0.045306877698749304,1,0.9004532098770142,128.0
583,1e-05,0.3403820999992604,0.05608648923225701,0.011599657857524497,0.36749434750527143,1,4.753261089324951,128.0
584,1e-05,0.34099369999967166,0.05292404757346958,0.01164836363334741,0.3418538300320506,1,3.0276005268096924,128.0
585,1e-05,0.3405201000023226,0.033746490720659494,0.020508334838918278,0.1264135839883238,1,2.594353199005127,128.0
586,1e-05,0.3392719000003126,0.02949972706846893,0.016063874853508815,0.123550688236719,1,2.92342472076416,128.0
587,1e-05,0.3385129999987839,0.05280991457402706,0.034462632810963054,0.18124088365584612,1,4.334218502044678,128.0
588,1e-05,0.33941979999872274,0.059571350924670696,0.010155280253716878,0.40548383351415396,1,4.415646553039551,128.0
589,1e-05,0.340995100003056,0.03707349207252264,0.01604878835912262,0.1842464326764457,1,2.028874635696411,128.0
590,1e-05,0.34303259999796865,0.09546530386433005,0.015481535944023303,0.6553516434505582,1,5.73593282699585,128.0
591,1e-05,0.3377537000014854,0.043047953862696886,0.01690276319693242,0.2260642945766449,1,1.9579925537109375,128.0
592,1e-05,0.3378614000030211,0.031991614727303386,0.01677516688193594,0.13850675657158718,1,2.1608762741088867,128.0
593,1e-05,0.3419656000005489,0.044798938441090286,0.01324550062417984,0.2656729932932649,1,2.582641124725342,128.0
594,1e-05,0.33819930000026943,0.06974699831334874,0.010405290273151227,0.48513896991789807,1,4.494682788848877,128.0
595,1e-05,0.34042029999909573,0.03546327754156664,0.015984126699290106,0.1718173356493935,1,3.188267707824707,128.0
596,1e-05,0.33775900000182446,0.024685532902367413,0.015877841705722467,0.08633936464320868,1,1.5380021333694458,128.0
597,1e-05,0.3378752999997232,0.039198669139295816,0.021310458491955484,0.1644161439526215,1,1.7060199975967407,128.0
598,1e-05,0.3397367999968992,0.03192445152672008,0.013916646163644535,0.1579790972173214,1,1.381956934928894,128.0
599,1e-05,0.3402845000018715,0.04391043772920966,0.015244117206228631,0.24457467172760516,1,2.975680351257324,128.0
600,1e-05,0.3402883999988262,0.09123969881329685,0.015501145938677447,0.6214096090989187,1,5.357550144195557,128.0
601,1e-05,0.34087019999788026,0.027680821949616075,0.02040001823167716,0.07864644378423691,1,2.1858012676239014,128.0
602,1e-05,0.3402784999998403,0.027395179495215416,0.021150453548346246,0.07110825669951737,1,1.3341240882873535,128.0
603,1e-05,0.34066770000208635,0.02148637716891244,0.014703865029982157,0.06896395607327577,1,1.0942299365997314,128.0
604,1e-05,0.3413675999981933,0.07382440549554303,0.015945789670305594,0.4789747094037011,1,4.764588832855225,128.0
605,1e-05,0.34156540000185487,0.03197027533315122,0.013132178756807531,0.16383695439435542,1,2.8663036823272705,128.0
606,1e-05,0.3397629999999481,0.036240885383449495,0.00946308097003826,0.22368552116677165,1,1.9821968078613281,128.0
607,1e-05,0.34048990000155754,0.050557829439640045,0.021962450750704323,0.25072549033211544,1,2.3072619438171387,128.0
608,1e-05,0.3406579000002239,0.05581728823017329,0.014263893344572611,0.34669105778448284,1,2.2355175018310547,128.0
609,1e-05,0.33918350000021746,0.029944851528853178,0.013404489494860172,0.1457273826817982,1,2.9069013595581055,128.0
610,1e-05,0.3400804999982938,0.09166967426426709,0.012684463523328304,0.6445661475881934,1,3.5613744258880615,128.0
611,1e-05,0.33732579999923473,0.037583149154670537,0.026171262109918252,0.11746636684983969,1,2.2759950160980225,128.0
612,1e-05,0.33788710000226274,0.0364117044955492,0.017533090763858387,0.16856199962785468,1,2.0390074253082275,128.0
613,1e-05,0.34186440000121365,0.061231449944898486,0.01877300507788147,0.3584405586589128,1,1.7962545156478882,128.0
614,1e-05,0.34118409999791766,0.0279874854022637,0.017779468159590448,0.09944360726512969,1,1.7720140218734741,128.0
615,1e-05,0.3388251999967906,0.03337691642809659,0.012493161750691277,0.17956320225493982,1,1.4097795486450195,128.0
616,1e-05,0.33962529999917024,0.09618144342675805,0.016083093493112495,0.6568699181661941,1,3.240302562713623,128.0
617,1e-05,0.33948139999847626,0.050634758081287146,0.024587214525256838,0.2329675608780235,1,2.6047205924987793,128.0
618,1e-05,0.3378822000013315,0.09185826336033642,0.010591826967096754,0.660723309032619,1,6.863572597503662,128.0
619,1e-05,0.340828500000498,0.08486115752020851,0.014907709855054106,0.5745353173697367,1,5.710463047027588,128.0
620,1e-05,0.3385701999977755,0.01792287698481232,0.010562460470412458,0.06944579121773131,1,1.0900037288665771,128.0
621,1e-05,0.3396708000000217,0.03081054042559117,0.011031246677573239,0.16926558775594458,1,2.5264453887939453,128.0
622,1e-05,0.33989999999903375,0.03531109803589061,0.016745319390403374,0.16527154040522873,1,1.2611826658248901,128.0
623,1e-05,0.3407839999999851,0.1846151655772701,0.0210237795087908,1.329754978985875,1,8.527644157409668,128.0
624,1e-05,0.3404771999994409,0.04048304108437151,0.011264921032956668,0.24500988426734693,1,3.3394103050231934,128.0
625,1e-05,0.33708499999920605,0.03312816715333611,0.01720559350880129,0.14458618278149515,1,2.036734104156494,128.0
626,1e-05,0.33780969999861554,0.019360090780537575,0.009407155880970615,0.08903063298203051,1,1.2678261995315552,128.0
627,1e-05,0.33889730000009877,0.047816722420975566,0.01595742581412196,0.27083179308101535,1,2.4244394302368164,128.0
628,1e-05,0.3399822999999742,0.022093008970841765,0.018976789034370865,0.04390654503367841,1,1.3395332098007202,128.0
629,1e-05,0.34046809999927063,0.028691475425148383,0.0134621045352625,0.13529708021087572,1,1.4394261837005615,128.0
630,1e-05,0.33909679999851505,0.09401042346144095,0.01609467083056058,0.6394206898403354,1,4.038888454437256,128.0
631,1e-05,0.33919849999801954,0.04910780786303803,0.011742349714040756,0.31066601755446754,1,3.28878116607666,128.0
632,1e-05,0.34085220000270056,0.056796178221702576,0.012981728384537356,0.3634973312728107,1,4.28678560256958,128.0
633,1e-05,0.33845579999979236,0.025025810697115958,0.015489745286426373,0.09177827130770311,1,1.0396943092346191,128.0
634,1e-05,0.33823340000162716,0.09094228246249259,0.01824536414018699,0.5998207515804097,1,3.662579298019409,128.0
635,1e-05,0.3389595999979065,0.03562513994984329,0.012696496942745788,0.1961256475187838,1,2.3855364322662354,128.0
636,1e-05,0.34005330000218237,0.01661821047309786,0.01176246049414788,0.050608465215191245,1,1.5201287269592285,128.0
637,1e-05,0.3407187000011618,0.05016456253360957,0.02539921771468861,0.22352198546286672,1,1.306889533996582,128.0
638,1e-05,0.3405304999978398,0.014389820047654212,0.01250257482752204,0.027600538276601583,1,1.3648782968521118,128.0
639,1e-05,0.3406060000015714,0.08782330504618585,0.025434410332569053,0.5245455619879067,1,3.9897828102111816,128.0
640,1e-05,0.37021980000281474,0.044832025887444615,0.019818341292973076,0.2199278217740357,1,1.754049301147461,128.0
641,1e-05,0.3450851999987208,0.04325282759964466,0.013779336453548499,0.24956726597156376,1,2.507838010787964,128.0
642,1e-05,0.34255389999816543,0.03453350975178182,0.017501116996364936,0.15376026910962537,1,2.231996536254883,128.0
643,1e-05,0.33861679999972694,0.04197675467003137,0.023052135349384377,0.17444909131154418,1,2.1144988536834717,128.0
644,1e-05,0.3393839999989723,0.19541459099855274,0.01869661035016179,1.4324404276558198,1,4.9334025382995605,128.0
645,1e-05,0.3381021999994118,0.01871681516058743,0.010875222140124865,0.07360795856220648,1,2.0688607692718506,128.0
646,1e-05,0.340550600001734,0.09778048587031662,0.01277648564428091,0.6928084975515958,1,8.879998207092285,128.0
647,1e-05,0.3397289999993518,0.04777643864508718,0.01762067007699183,0.25886681862175465,1,2.3483262062072754,128.0
648,1e-05,0.3403546000008646,0.0415892997989431,0.018691306800714562,0.20187524938955903,1,1.9477851390838623,128.0
649,1e-05,0.3405377999988559,0.08708789630327374,0.020557866963957037,0.5527980932383798,1,3.6909360885620117,128.0
650,1e-05,0.3402719000005163,0.10866479901596904,0.019275025664163486,0.734393298625946,1,5.144154071807861,128.0
651,1e-05,0.33880190000127186,0.03627474291715771,0.012734112695657782,0.20105914934538305,1,2.8810653686523438,128.0
652,1e-05,0.34023959999831277,0.01975782436784357,0.013127212678747517,0.06617210851982236,1,0.9595344066619873,128.0
653,1e-05,0.3390880000006291,0.03393098548986018,0.020014038309454918,0.13134961578180082,1,2.3152503967285156,128.0
654,1e-05,0.3406333999992057,0.024303147569298744,0.01663469845828201,0.07798228971660137,1,1.6554874181747437,128.0
655,1e-05,0.3384364000012283,0.032396915601566434,0.02186889700325472,0.10609305254911305,1,1.2609704732894897,128.0
656,1e-05,0.3408811000008427,0.09739739901851863,0.02214270125010184,0.6241803036537021,1,4.0565361976623535,128.0
657,1e-05,0.3400121000013314,0.056737498147413135,0.01729646052366921,0.33282476221211255,1,1.7788089513778687,128.0
658,1e-05,0.3400806999998167,0.11146592430304736,0.020348525007388422,0.7492877309850883,1,9.479774475097656,128.0
659,1e-05,0.34042279999994207,0.10936468618456274,0.016885991940008744,0.7567155879223719,1,3.367520332336426,128.0
660,1e-05,0.34105750000162516,0.1348097954178229,0.015545349168990339,0.969660890288651,1,6.631626129150391,128.0
661,1e-05,0.33989759999894886,0.019981066696345806,0.014209049654060177,0.06038518395507708,1,1.6013790369033813,128.0
662,1e-05,0.3384708000012324,0.02334805577993393,0.02157671603241137,0.03574744425714016,1,1.2509275674819946,128.0
663,1e-05,0.340444599998591,0.01541931671090424,0.013042164567325796,0.0320593811920844,1,1.3312574625015259,128.0
664,1e-05,0.33960040000238223,0.027474615373648703,0.012336335510813765,0.13344257860444486,1,1.6909953355789185,128.0
665,1e-05,0.33926189999692724,0.028570958296768367,0.020956971682608128,0.08186886098701507,1,1.7202953100204468,128.0
666,1e-05,0.3388692999978957,0.03728298319038004,0.018202922207170298,0.17084342130328878,1,2.1726129055023193,128.0
667,1e-05,0.33967889999985346,0.03002567822113633,0.015435920828687293,0.13215398648753762,1,1.494477391242981,128.0
668,1e-05,0.3411560999993526,0.017028131667757407,0.00820438247839255,0.0787943780887872,1,1.7660126686096191,128.0
669,1e-05,0.34102859999984503,0.05341217282693833,0.01772605108895472,0.30321502761216834,1,1.8691970109939575,128.0
670,1e-05,0.33853500000259373,0.019231952726840973,0.014454622619918414,0.05267326382454485,1,1.3963004350662231,128.0
671,1e-05,0.3392399000003934,0.0593359861522913,0.016545609371470555,0.35886863991618156,1,1.801714301109314,128.0
672,1e-05,0.34111900000061723,0.03252317034639418,0.017564871947148016,0.13723126193508506,1,1.7069677114486694,128.0
673,1e-05,0.3405454000021564,0.03456430119695142,0.016313991775470122,0.1623164755583275,1,1.4573948383331299,128.0
674,1e-05,0.3406031000013172,0.06206391751766205,0.01639374641568533,0.38175511127337813,1,2.9404280185699463,128.0
675,1e-05,0.34010169999965,0.03256842226255685,0.01336234641660537,0.1670109475380741,1,1.8732256889343262,128.0
676,1e-05,0.3392539000014949,0.07590495620388538,0.016393349905099188,0.492486214323435,1,4.2218523025512695,128.0
677,1e-05,0.3377431000008073,0.01916756434366107,0.017517283026661192,0.030719536007381976,1,1.510577917098999,128.0
678,1e-05,0.3388461000031384,0.02438883762806654,0.010713850680206503,0.12011374434223399,1,1.412372350692749,128.0
679,1e-05,0.3415653999982169,0.06129882315872237,0.01286033381308828,0.40036819729721174,1,4.801239490509033,128.0
680,1e-05,0.3389195000017935,0.05444919515866786,0.012982687779835292,0.3447147663682699,1,3.9334771633148193,128.0
681,1e-05,0.33903819999977713,0.037611066829413176,0.018073181488684247,0.17437626246828586,1,2.256070852279663,128.0
682,1e-05,0.33898520000002463,0.05341007164679468,0.014048828543829066,0.32893874956062064,1,1.7883820533752441,128.0
683,1e-05,0.3395697999985714,0.040227315679658204,0.011491189976888043,0.24138018654775806,1,1.8586369752883911,128.0
684,1e-05,0.3419358999999531,0.18906702881213278,0.016556708408253535,1.3966394551098347,1,10.473287582397461,128.0
685,1e-05,0.3462128000028315,0.06110113230533898,0.015332629870889443,0.3814806761001819,1,2.8273708820343018,128.0
686,1e-05,0.3477295000011509,0.031004613148979843,0.010222367942333221,0.1764803251135163,1,1.3780922889709473,128.0
687,1e-05,0.34647490000133985,0.039000877644866705,0.017007152350353345,0.19295696390327066,1,1.9017131328582764,128.0
688,1e-05,0.3454018000011274,0.06329890806227922,0.016266456206462214,0.39252605964429677,1,4.77740478515625,128.0
689,1e-05,0.3480097999999998,0.030749216850381345,0.02795136986034257,0.050334147876128554,1,1.185851812362671,128.0
690,1e-05,0.3451113999981317,0.023198460810817778,0.014969923799591405,0.08079822536092252,1,1.8237401247024536,128.0
691,1e-05,0.34627829999953974,0.0852760598063469,0.01278702834887164,0.5926992821041495,1,3.157881259918213,128.0
692,1e-05,0.3455138999997871,0.018268750049173832,0.015524870582989283,0.037475906778126955,1,1.3879185914993286,128.0
693,1e-05,0.3448873999986972,0.04202511359471828,0.017057215927967002,0.21680038816703018,1,3.6460883617401123,128.0
694,1e-05,0.34484689999953844,0.027956929174251854,0.016058657983584062,0.11124483190360479,1,2.792964220046997,128.0
695,1e-05,0.3466396000003442,0.03067465079948306,0.027524858314011778,0.05272319552022964,1,2.5343821048736572,128.0
696,1e-05,0.3464917000019341,0.0222906949929893,0.01791647688618728,0.05291022112942301,1,1.1627452373504639,128.0
697,1e-05,0.34605240000018966,0.03236594161717221,0.012873016863263078,0.16881641940562986,1,2.8158304691314697,128.0
698,1e-05,0.3466724999998405,0.032472118618898094,0.008392560295760632,0.20102902874350548,1,3.1957876682281494,128.0
699,1e-05,0.34775490000174614,0.039272934664040804,0.01503998234069773,0.20890359027362138,1,4.026480674743652,128.0
700,1e-05,0.34580579999965266,0.051256183185614645,0.0149668138474226,0.30528176622465253,1,2.173340082168579,128.0
701,1e-05,0.3410248000000138,0.026539243990555406,0.019192994638745273,0.07796299073379487,1,1.6109929084777832,128.0
702,1e-05,0.339070999998512,0.038101820508018136,0.015865570732525418,0.19375555618262297,1,2.523301839828491,128.0
703,1e-05,0.34109349999926053,0.03644986328436062,0.018716114639703716,0.1605861050193198,1,1.574711561203003,128.0
704,1e-05,0.3439873000024818,0.06341669405810535,0.01786679428602968,0.3822660013101995,1,5.938783645629883,128.0
705,1e-05,0.34054639999885694,0.043943058350123465,0.02173841425350734,0.19937557028606534,1,2.94057297706604,128.0
706,1e-05,0.33928279999963706,0.0196966816438362,0.014732063814465488,0.054449005401693285,1,0.8516917824745178,128.0
707,1e-05,0.34023700000034296,0.0490542184561491,0.01959293761423656,0.2552831846041954,1,3.3855042457580566,128.0
708,1e-05,0.3393300999996427,0.041822508559562266,0.0247199992383165,0.16154007014119998,1,1.9852195978164673,128.0
709,1e-05,0.34128830000190646,0.02463616826571524,0.013397281191178731,0.10330837470246479,1,1.036478877067566,128.0
710,1e-05,0.3362644000008004,0.0646759809460491,0.012784796700413738,0.42791431170189753,1,6.115354537963867,128.0
711,1e-05,0.34065149999878486,0.024807893787510693,0.009047108835407667,0.135133383795619,1,2.7576231956481934,128.0
712,1e-05,0.3395970000019588,0.06716206471901387,0.015209633058735303,0.4308291014749557,1,5.991739749908447,128.0
713,1e-05,0.3368373999983305,0.03273179696407169,0.012389462640775102,0.175128131872043,1,1.6659843921661377,128.0
714,1e-05,0.33781509999971604,0.03897661459632218,0.011912453287680234,0.22842575679533184,1,1.750739336013794,128.0
715,1e-05,0.3391574999986915,0.01982662145746872,0.01687161484733224,0.04051167075522244,1,1.0911341905593872,128.0
716,1e-05,0.33913640000173473,0.07345825916854665,0.011996620201638766,0.5036897265235893,1,2.056197166442871,128.0
717,1e-05,0.3393842000004952,0.022480887244455516,0.015875086188316345,0.06872149155242369,1,0.8156805038452148,128.0
718,1e-05,0.34017689999745926,0.060074219189118594,0.012909098428540997,0.39023004355840385,1,4.667733192443848,128.0
719,1e-05,0.3408914999999979,0.032827094837557524,0.010656411327155573,0.18802187067922205,1,1.857897162437439,128.0
720,1e-05,0.34142160000192234,0.02077566203661263,0.015801344299688935,0.05559588754840661,1,0.7451992630958557,128.0
721,1e-05,0.3383078000006208,0.03675379726337269,0.013460922054946423,0.19980391400167719,1,3.2976455688476562,128.0
722,1e-05,0.3395149999996647,0.09464040352031589,0.02174824901989528,0.6048854711698368,1,5.224872589111328,128.0
723,1e-05,0.3375350999995135,0.02066337037831545,0.013127123105472751,0.07341710050604888,1,1.1238428354263306,128.0
724,1e-05,0.33793990000049234,0.030365203856490552,0.013278597300606114,0.14997145129018463,1,1.4045634269714355,128.0
725,1e-05,0.33836580000206595,0.0468950419453904,0.02582571908299412,0.19438029150478542,1,2.3776135444641113,128.0
726,1e-05,0.34182940000027884,0.037865333491936326,0.01661446351291878,0.18662141385721043,1,3.4013571739196777,128.0
727,1e-05,0.33852789999946253,0.02718528255354613,0.01535619153375072,0.10998893156647682,1,1.7476632595062256,128.0
728,1e-05,0.3557027000024391,0.02345025958493352,0.012760242713349206,0.0982803784427233,1,1.1084192991256714,128.0
729,1e-05,0.36577219999890076,0.01847090059891343,0.015875521448573897,0.03663855080958456,1,2.3061420917510986,128.0
730,1e-05,0.3394315999976243,0.04402989707887173,0.023809753458148668,0.18557089910609648,1,3.1749448776245117,128.0
731,1e-05,0.3379176999987976,0.03258567536249757,0.015691826519157206,0.1508426119107753,1,1.468366265296936,128.0
732,1e-05,0.33946040000228095,0.06999990064650774,0.023325631128890172,0.39671978168189526,1,2.732257843017578,128.0
733,1e-05,0.3392749999984517,0.02093672996852547,0.011659740004688501,0.08587566437199712,1,0.6835451722145081,128.0
734,1e-05,0.33992469999793684,0.047088527120649815,0.01639631576836109,0.2619339933153242,1,2.1718978881835938,128.0
735,1e-05,0.3393794000003254,0.025190846994519234,0.016276777123234103,0.08758933946955949,1,1.8127096891403198,128.0
736,1e-05,0.3399959000016679,0.05679959268309176,0.017504774699253694,0.33186331909382716,1,3.743715524673462,128.0
737,1e-05,0.33873789999779547,0.01988126803189516,0.017311809651021446,0.03786747436970472,1,1.6156044006347656,128.0
738,1e-05,0.3399586999985331,0.033123232307843864,0.017046091545905386,0.14566320866288152,1,1.9263594150543213,128.0
739,1e-05,0.33843229999911273,0.045266731176525354,0.01564129282321249,0.25264479519682936,1,1.9570274353027344,128.0
740,1e-05,0.33639689999836264,0.02378608685103245,0.020719279335545644,0.04525374446529895,1,1.1550841331481934,128.0
741,1e-05,0.34235980000084965,0.0426972359418869,0.01493525757853474,0.2370310885598883,1,2.1372225284576416,128.0
742,1e-05,0.33956620000026305,0.05051001091487706,0.015387472497033221,0.2963677772786468,1,1.6867464780807495,128.0
743,1e-05,0.3392913000025146,0.022380752488970757,0.01725129211055381,0.05828697531251237,1,1.6101990938186646,128.0
744,1e-05,0.3410885999983293,0.028923511155880988,0.011920762514429433,0.14794274646556005,1,1.1259071826934814,128.0
745,1e-05,0.3403532999982417,0.07582606701180339,0.021181391685136726,0.4583387856837362,1,4.5232696533203125,128.0
746,1e-05,0.33821249999891734,0.026092714397236705,0.013352899778900402,0.11527142356499098,1,2.3804547786712646,128.0
747,1e-05,0.3407431000014185,0.0369807300157845,0.014182387718132563,0.19656912132631987,1,2.8524892330169678,128.0
748,1e-05,0.34002740000141785,0.05366055539343506,0.03402285437498774,0.1911244741640985,1,3.3676817417144775,128.0
749,1e-05,0.3390905999985989,0.0273704978171736,0.013723755721002817,0.12289768224582076,1,2.2283437252044678,128.0
750,1e-05,0.33869729999787523,0.1992503782385029,0.012644420644002301,1.5054921944392845,1,9.707393646240234,128.0
751,1e-05,0.3391492000009748,0.016741965606343,0.010008142529321569,0.06387872868799604,1,0.9936268329620361,128.0
752,1e-05,0.3390423999990162,0.04386823100503534,0.012177740090659686,0.2657016742741689,1,4.95827579498291,128.0
753,1e-05,0.3437475999999151,0.03384785703383386,0.016592950294060365,0.15463221358368173,1,1.9335718154907227,128.0
754,1e-05,0.34009039999727975,0.147889937274158,0.0211271322997553,1.0352296442724764,1,5.229225158691406,128.0
755,1e-05,0.33926470000005793,0.03774296847404912,0.011308976182980197,0.22278092778287828,1,3.5259933471679688,128.0
756,1e-05,0.3394503999988956,0.07771136332303286,0.01137671253776976,0.542053930752445,1,2.8473925590515137,128.0
757,1e-05,0.3392466000004788,0.02468820509966463,0.009986372664570808,0.12760103080654517,1,1.5853427648544312,128.0
758,1e-05,0.3391885999990336,0.014566708647180349,0.010155004183096545,0.04544863582123071,1,0.6421440243721008,128.0
759,1e-05,0.3376148999996076,0.024319686111994088,0.015195462786193405,0.08818924592924304,1,1.961010217666626,128.0
760,1e-05,0.3400475999987975,0.036714898655191064,0.021935563601021255,0.14017024356871843,1,1.5399194955825806,128.0
761,1e-05,0.3398127000000386,0.019286768219899386,0.01062687991985253,0.07990599070035387,1,1.210152506828308,128.0
762,1e-05,0.33983399999851827,0.02562005748040974,0.012300686045948948,0.11885565961711109,1,1.3078902959823608,128.0
763,1e-05,0.3416472999997495,0.0519414174486883,0.010997833318210073,0.3385464997263625,1,1.47533118724823,128.0
764,1e-05,0.33999199999743723,0.02746360027231276,0.015543570342872823,0.11090380616951734,1,1.527184009552002,128.0
765,1e-05,0.34137360000022454,0.03401480126194656,0.02073989449334996,0.12693915469571948,1,1.693777084350586,128.0
766,1e-05,0.3419087000002037,0.07445615867618471,0.024384686324213232,0.4249564772180747,1,7.960186958312988,128.0
767,1e-05,0.33895899999697576,0.04605962929781526,0.020237889706290195,0.2268118025313015,1,1.756152629852295,128.0
768,1e-05,0.3392327999972622,0.0358329460141249,0.0172676360733541,0.16579012322472408,1,1.3569631576538086,128.0
769,1e-05,0.3413042000029236,0.025402877712622285,0.014662734365889005,0.10058388047036715,1,1.393654465675354,128.0
770,1e-05,0.3413786999990407,0.023568422067910433,0.011570314943258251,0.10755517348297872,1,1.2674086093902588,128.0
771,1e-05,0.33866300000227056,0.08782401098869741,0.0093537804870201,0.6371156341629103,1,4.668453216552734,128.0
772,1e-05,0.338752999999997,0.020852337183896452,0.009483306336083583,0.10043555358424783,1,0.9447996020317078,128.0
773,1e-05,0.3401217999999062,0.026547215995378792,0.011684843139456851,0.13058382947929204,1,1.3275281190872192,128.0
774,1e-05,0.33913359999860404,0.045897401112597436,0.014560568379238248,0.2652552288491279,1,3.6064984798431396,128.0
775,1e-05,0.3388522999994166,0.038631372386589646,0.02480167044060571,0.13543929113075137,1,2.5106470584869385,128.0
776,1e-05,0.3401641999989806,0.04738616093527526,0.009157820604741573,0.31498454115353525,1,4.053843021392822,128.0
777,1e-05,0.3406881999981124,0.0260076557751745,0.014951407377208983,0.10340139031177387,1,1.616117000579834,128.0
778,1e-05,0.34006460000091465,0.03387322719208896,0.021917868006442274,0.11756073706783354,1,3.511597156524658,128.0
779,1e-05,0.34136560000115423,0.03111631888896227,0.01654750168589609,0.13309803511947393,1,1.995209813117981,128.0
780,1e-05,0.34033659999840893,0.03552149003371596,0.014771213488919395,0.18077342282049358,1,1.409885048866272,128.0
781,1e-05,0.33931610000217916,0.03334357077255845,0.016410479987306253,0.1518751961993985,1,3.251559257507324,128.0
782,1e-05,0.3401847999994061,0.07326903101056814,0.02620633558503219,0.4027078840881586,1,3.4322028160095215,128.0
783,1e-05,0.3397958999994444,0.09357003367040306,0.014294285127626998,0.6485002724803053,1,4.687042236328125,128.0
784,1e-05,0.33867169999939506,0.08999200054677203,0.015438554608928306,0.6118661146319937,1,6.133859634399414,128.0
785,1e-05,0.33921530000225175,0.03719727182760835,0.02793391514569521,0.10204077255912125,1,1.579734206199646,128.0
786,1e-05,0.3400084999993851,0.03689993522129953,0.016253314313611815,0.1814262974075973,1,1.8807027339935303,128.0
787,1e-05,0.340019499999471,0.09170018346048892,0.011841024405189924,0.6507142526097596,1,5.135133266448975,128.0
788,1e-05,0.3399299999982759,0.03602954262169078,0.01364924173269953,0.1926916677330155,1,2.672262668609619,128.0
789,1e-05,0.3375747999998566,0.09761685924604535,0.017158254448856627,0.6608271524310112,1,6.029805660247803,128.0
790,1e-05,0.3383809000006295,0.03517089248634875,0.021101621112653186,0.13365579373203218,1,3.91727614402771,128.0
791,1e-05,0.34068630000183475,0.04843577649444342,0.017131153427596604,0.26756813703104854,1,1.6062946319580078,128.0
792,1e-05,0.3399561000005633,0.03816713986452669,0.014185542041169745,0.20603831543849083,1,1.7154361009597778,128.0
793,1e-05,0.3395743000000948,0.035074134124442935,0.012339492095634341,0.1942166283752158,1,4.245321273803711,128.0
794,1e-05,0.33922809999785386,0.02925001853145659,0.01668303253661309,0.11721891618799418,1,1.1271991729736328,128.0
795,1e-05,0.34010510000007343,0.03459926717914641,0.01852233801037073,0.1471377731359098,1,2.1179709434509277,128.0
796,1e-05,0.34104609999849345,0.06068502529524267,0.012947620491364173,0.394846890354529,1,4.89628267288208,128.0
797,1e-05,0.33913269999902695,0.029538720031268895,0.014223716953503234,0.1367437404114753,1,2.429471731185913,128.0
798,1e-05,0.3403381999996782,0.07134556211531162,0.024622394969420775,0.3984077242203057,1,3.6059775352478027,128.0
799,1e-05,0.34018769999966025,0.031156145152635872,0.01824204038296427,0.12155487127893139,1,1.702219843864441,128.0
800,1e-05,0.3418248999987554,0.0291386554017663,0.013138960115611553,0.14113652729429305,1,1.6049903631210327,128.0
801,1e-05,0.3414068000020052,0.03143136401195079,0.016966153202312335,0.1326878426480107,1,2.587923765182495,128.0
802,1e-05,0.3395861999997578,0.026300361612811685,0.02501001668029598,0.03533277689712122,1,1.1313672065734863,128.0
803,1e-05,0.34336400000029244,0.03834207766340114,0.012625425255724363,0.21835864301829133,1,2.252875328063965,128.0
804,1e-05,0.34411760000148206,0.06991836347151548,0.022633217740803957,0.40091437462251633,1,3.821688652038574,128.0
805,1e-05,0.3398029999989376,0.07279726560227573,0.0360697369490351,0.32988998480141163,1,4.996147632598877,128.0
806,1e-05,0.3390323999992688,0.016419122490333393,0.011827768425324134,0.048558600309348776,1,0.9883909225463867,128.0
807,1e-05,0.3381537000022945,0.04606117901857942,0.020626452485365526,0.22410426021087915,1,3.5825438499450684,128.0
808,1e-05,0.34036229999765055,0.04562444146722555,0.02027074061334133,0.2231003399938345,1,1.8322356939315796,128.0
809,1e-05,0.3375543000001926,0.05186676001176238,0.02928282047754952,0.20995432377094403,1,1.5998615026474,128.0
810,1e-05,0.3407050000023446,0.055945685133337975,0.014949949192149299,0.3429158146318514,1,2.5537972450256348,128.0
811,1e-05,0.34062700000140467,0.0633072602795437,0.01475492212921381,0.403173636412248,1,7.758648872375488,128.0
812,1e-05,0.3411493000021437,0.0361414555227384,0.013689878396689892,0.19330250332131982,1,3.0484259128570557,128.0
813,1e-05,0.34157349999804865,0.048373851692304015,0.019780474515365704,0.2485274903010577,1,5.270839214324951,128.0
814,1e-05,0.34010159999888856,0.026793552562594414,0.012582677183672786,0.1262696764242719,1,1.7452330589294434,128.0
815,1e-05,0.34251840000069933,0.12070364970713854,0.021638381627521346,0.8141605212003924,1,6.514738082885742,128.0
816,1e-05,0.3395559999989928,0.041812422685325146,0.015874090172084316,0.22338073819992132,1,2.284083604812622,128.0
817,1e-05,0.33860490000006394,0.04723084601573646,0.017452111334672997,0.2556819797027856,1,2.592789649963379,128.0
818,1e-05,0.33767149999766843,0.036016862257383764,0.015786180272698402,0.17763163190102205,1,2.2985098361968994,128.0
819,1e-05,0.33732620000228053,0.0314280295278877,0.017210605088621378,0.13095000304747373,1,1.9527254104614258,128.0
820,1e-05,0.3402048999996623,0.04402216157177463,0.013816003754202808,0.25546526848120266,1,3.075030565261841,128.0
821,1e-05,0.3381821000002674,0.042955578479450196,0.013016800196575267,0.2525270145852119,1,2.2421023845672607,128.0
822,1e-05,0.34077220000108355,0.056357569934334606,0.012944022958566035,0.3602523998270044,1,3.8155364990234375,128.0
823,1e-05,0.34050940000088303,0.02120891201775521,0.017463414929807186,0.047427394562362224,1,0.7770724296569824,128.0
824,1e-05,0.3398960000013176,0.03803784376941621,0.011844279178019081,0.22139279986731708,1,2.047642707824707,128.0
825,1e-05,0.3407918000011705,0.029641586705110967,0.015862102287688425,0.126097968313843,1,1.8747622966766357,128.0
826,1e-05,0.3388118000002578,0.057094759307801723,0.01874004041643015,0.325577792013064,1,2.5956482887268066,128.0
827,1e-05,0.3385374000026786,0.04000197653658688,0.0172004760908229,0.19961248338222504,1,1.8443341255187988,128.0
828,1e-05,0.33793320000040694,0.040101386490277946,0.015131895297339984,0.21488781366497278,1,2.3395161628723145,128.0
829,1e-05,0.3394789999983914,0.03829689440317452,0.021232940522687777,0.15774457738734782,1,1.440765142440796,128.0
830,1e-05,0.33931959999972605,0.03329717996530235,0.018952754459210804,0.13370816153474152,1,1.8381760120391846,128.0
831,1e-05,0.34044059999723686,0.036738399998284876,0.012276917629476105,0.20796876878011972,1,2.8280162811279297,128.0
832,1e-05,0.33866829999897163,0.018950661760754883,0.01467540008681161,0.04887749803629049,1,0.9993014335632324,128.0
833,1e-05,0.33887729999696603,0.034572954289615154,0.012348804822457688,0.19014200149104,1,2.751391649246216,128.0
834,1e-05,0.3418773000012152,0.04064275918062776,0.012298181386930602,0.23905480169923976,1,3.056165933609009,128.0
835,1e-05,0.33793189999778406,0.04170574538875371,0.03136606900287526,0.11408347226097248,1,2.1998579502105713,128.0
836,1e-05,0.3418205999987549,0.03184582194080576,0.013568694304142679,0.1597857141168788,1,1.308578372001648,128.0
837,1e-05,0.34175019999747747,0.04124109202530235,0.014132956841162272,0.23099803208606318,1,1.6176525354385376,128.0
838,1e-05,0.34021800000118674,0.020213991636410356,0.016957859375647137,0.0430069153662771,1,1.4896578788757324,128.0
839,1e-05,0.33939029999964987,0.026923469093162566,0.008624908780413014,0.1550133923010435,1,1.4558775424957275,128.0
840,1e-05,0.33918289999928675,0.02141984086483717,0.016657085989468863,0.054759127204306424,1,1.4769043922424316,128.0
841,1e-05,0.3396362000021327,0.029965692083351314,0.022034610754677227,0.08548326476011425,1,1.5079323053359985,128.0
842,1e-05,0.3401192999990599,0.06932873488403857,0.013072109382067407,0.46312511479482055,1,5.175296306610107,128.0
843,1e-05,0.3399360000003071,0.03214423905592412,0.02022080183295267,0.1156082952657016,1,1.3667484521865845,128.0
844,1e-05,0.3411874000012176,0.019910213944967836,0.01366038088287626,0.06365904287667945,1,1.2388978004455566,128.0
845,1e-05,0.33959150000009686,0.03263000771403313,0.02414221815498812,0.09204452997073531,1,1.4672505855560303,128.0
846,1e-05,0.33973669999977574,0.02606183651369065,0.01737737442765917,0.08685306931147352,1,1.2487741708755493,128.0
847,1e-05,0.33928080000259797,0.030456979584414512,0.01488850558442729,0.1394363035215065,1,1.4666107892990112,128.0
848,1e-05,0.34054380000088713,0.02971900353441015,0.010933250721011843,0.16121928510256112,1,2.0332319736480713,128.0
849,1e-05,0.3409027999987302,0.05350247165188193,0.018279729277959893,0.3000616600038484,1,4.308597087860107,128.0
850,1e-05,0.33835089999774937,0.014054878964088857,0.010581003967672586,0.03837200399721041,1,1.1492036581039429,128.0
851,1e-05,0.3404182000012952,0.016425714537035674,0.009825194287779076,0.06262935424456373,1,0.8315516710281372,128.0
852,1e-05,0.33830509999825153,0.02377866377355531,0.014793830125459604,0.08667249738937244,1,0.8086199760437012,128.0
853,1e-05,0.33968910000112373,0.025832926738075912,0.012753933501828994,0.11738587892614305,1,2.1529695987701416,128.0
854,1e-05,0.34103370000229916,0.0402628913288936,0.010896960606000252,0.24582442257087678,1,3.3959128856658936,128.0
855,1e-05,0.3403453000028094,0.023668746114708483,0.010804128034838609,0.11372107081115246,1,1.3730056285858154,128.0
856,1e-05,0.3400910999989719,0.0390383776393719,0.016250681531216418,0.19855224946513772,1,2.2457785606384277,128.0
857,1e-05,0.34097900000051595,0.027804835001006722,0.013666123284825258,0.1267758171306923,1,2.187450885772705,128.0
858,1e-05,0.3437655000016093,0.050636070780456066,0.021492154071373597,0.25464348509558477,1,3.2834343910217285,128.0
859,1e-05,0.33955889999924693,0.027514937450177968,0.012381730401622397,0.1334473837632686,1,1.3834800720214844,128.0
860,1e-05,0.339010399999097,0.032072403584606946,0.01716164462933583,0.13644771254621446,1,1.6339807510375977,128.0
861,1e-05,0.3406098000014026,0.022111220750957727,0.01709121758384364,0.05725123570300639,1,1.551192045211792,128.0
862,1e-05,0.33933840000099735,0.02304145781090483,0.010202259157917328,0.11291584954597056,1,0.9205326437950134,128.0
863,1e-05,0.3390637999982573,0.030907746171578765,0.012953188469899552,0.15658965095644817,1,2.266207695007324,128.0
864,1e-05,0.3411961000019801,0.05027089157374576,0.03436086859021868,0.16164106942596845,1,2.3094494342803955,128.0
865,1e-05,0.3408715999976266,0.054296464135404676,0.009718482582164662,0.3663423565449193,1,3.334442138671875,128.0
866,1e-05,0.3388666999999259,0.017187163815833628,0.00963371283640819,0.07006132080277894,1,1.2173923254013062,128.0
867,1e-05,0.33943539999745553,0.08737393573392183,0.0106399767100811,0.624511572663323,1,4.58154296875,128.0
868,1e-05,0.33877559999746154,0.035019943956285715,0.021336140410442437,0.13080656377132982,1,1.3522841930389404,128.0
869,1e-05,0.34009290000176406,0.024389183905441314,0.014565445050331098,0.09315535312634893,1,2.2208139896392822,128.0
870,1e-05,0.3398242000002938,0.03162543923826888,0.021562429344547645,0.10206650968757458,1,1.4742279052734375,128.0
871,1e-05,0.3384972000021662,0.03603200439829379,0.015831112262925932,0.17743824725039303,1,1.6701021194458008,128.0
872,1e-05,0.3395796999975573,0.022755186597350985,0.01616321550682187,0.06889899377711117,1,1.5925110578536987,128.0
873,1e-05,0.3391035999993619,0.11221821221988648,0.01647687517106533,0.7824075313401408,1,4.899425029754639,128.0
874,1e-05,0.3389241000004404,0.05968122370541096,0.030596017371863127,0.263277648948133,1,2.370448589324951,128.0
875,1e-05,0.3383309000018926,0.0154945197282359,0.0091371165388929,0.059996342402882874,1,0.88978511095047,128.0
876,1e-05,0.3399839999983669,0.04008001077454537,0.014086030556687288,0.22203787369653583,1,2.2033791542053223,128.0
877,1e-05,0.33968019999883836,0.047229978954419494,0.021411639106060778,0.22795835498254746,1,2.562471628189087,128.0
878,1e-05,0.33934320000116713,0.02340619929600507,0.01553500909358263,0.07850453030550852,1,1.867833137512207,128.0
879,1e-05,0.33829360000163433,0.030449008103460073,0.01466453740639346,0.14094029879197478,1,2.3617560863494873,128.0
880,1e-05,0.341580200001772,0.030780755798332393,0.010979070727314268,0.16939254435055773,1,2.250324010848999,128.0
881,1e-05,0.33736489999864716,0.07083207159303129,0.013450262668941702,0.4725047529209405,1,2.905059337615967,128.0
882,1e-05,0.33953929999916,0.031345334311481565,0.013652581588498183,0.1551946133840829,1,1.118099570274353,128.0
883,1e-05,0.3395672000006016,0.05200516257900745,0.03894939978740045,0.14339549624128267,1,1.9896419048309326,128.0
884,1e-05,0.3395091999991564,0.01666132966056466,0.009762736802388514,0.06495147373061627,1,0.817292332649231,128.0
885,1e-05,0.3389065000010305,0.0243829230312258,0.013189548892634255,0.10273654194315895,1,1.0498552322387695,128.0
886,1e-05,0.3398477999980969,0.02173182915430516,0.013590589830917972,0.07872050467994995,1,2.607590675354004,128.0
887,1e-05,0.3422414000015124,0.04864730912959203,0.010097598523965903,0.31849528185557574,1,2.7663750648498535,128.0
888,1e-05,0.3397471999996924,0.03707500523887575,0.012577448106770004,0.20855789654888213,1,2.740614652633667,128.0
889,1e-05,0.34321339999951306,0.02128918847301975,0.01363478581021939,0.07487000827677548,1,1.2085978984832764,128.0
890,1e-05,0.34562999999980093,0.01733606040943414,0.013499655228640352,0.044190895845531486,1,1.4298120737075806,128.0
891,1e-05,0.34620600000198465,0.022288084495812654,0.019954504811071923,0.03862314243451692,1,0.8158696293830872,128.0
892,1e-05,0.34696680000342894,0.03681588429026306,0.02718628171299185,0.10422311361946868,1,1.9364293813705444,128.0
893,1e-05,0.3431285000006028,0.030517531908117235,0.02767470771712916,0.05041730136144906,1,1.4356210231781006,128.0
894,1e-05,0.33992550000039046,0.03423969476716593,0.009497028842036213,0.20743834075983614,1,2.3249123096466064,128.0
895,1e-05,0.34000580000065384,0.01599996630102396,0.010443353626344885,0.054896254441700876,1,1.040104627609253,128.0
896,1e-05,0.33809800000017276,0.026638964656740427,0.019837215476270233,0.07425121607957408,1,1.2752646207809448,128.0
897,1e-05,0.34059280000292347,0.02559970854781568,0.013340901117771864,0.11141135799698532,1,1.2075797319412231,128.0
898,1e-05,0.3402396999990742,0.01721164066111669,0.012681919615715742,0.04891968611627817,1,0.8227241635322571,128.0
899,1e-05,0.34043279999968945,0.02167550311423838,0.011788287998310156,0.09088601260373252,1,1.2389953136444092,128.0
900,1e-05,0.3409871000003477,0.0340994109865278,0.014087534908737456,0.1741825295612216,1,1.8734816312789917,128.0
901,1e-05,0.34059609999894747,0.035374298924580216,0.011862508586740919,0.19995684968307614,1,3.622868299484253,128.0
902,1e-05,0.3407993000000715,0.02980764675885439,0.012754359249291676,0.14918066454993095,1,1.3604884147644043,128.0
903,1e-05,0.3433489999988524,0.02143163385335356,0.011620578422610248,0.09010901866713539,1,1.5455299615859985,128.0
904,1e-05,0.34191479999935837,0.04230644425842911,0.010913264638345157,0.2620587022975087,1,2.2473785877227783,128.0
905,1e-05,0.3390559999970719,0.02434836036991328,0.016305549735469476,0.08064803492743522,1,1.8620487451553345,128.0
906,1e-05,0.3394598999984737,0.042086642351932824,0.013116450581167425,0.24487798614427447,1,3.745373010635376,128.0
907,1e-05,0.3396944000014628,0.03447358787525445,0.010135630910683955,0.20483929231704678,1,2.367262840270996,128.0
908,1e-05,0.339385700001003,0.027933960547670722,0.012800206895917654,0.13387023515679175,1,2.435753583908081,128.0
909,1e-05,0.33654269999897224,0.035043513984419405,0.015883140997695073,0.16916613187640905,1,2.048581600189209,128.0
910,1e-05,0.33808180000050925,0.04043403337709606,0.027852913032152822,0.12850187998265028,1,2.2318224906921387,128.0
911,1e-05,0.3400873999999021,0.07924347557127476,0.013768932416236826,0.5375652821967378,1,7.407716274261475,128.0
912,1e-05,0.34036270000069635,0.04148987302323803,0.011544012098706194,0.25111090957943816,1,5.081927299499512,128.0
913,1e-05,0.33842899999945075,0.14916284254286438,0.013996649400464125,1.095326210022904,1,6.921351909637451,128.0
914,1e-05,0.33971159999782685,0.039227641304023564,0.012816306070557662,0.22410699218744412,1,1.8072285652160645,128.0
915,1e-05,0.33847960000275634,0.02917894534766674,0.015825898785676275,0.12265026656677946,1,2.443406105041504,128.0
916,1e-05,0.33721460000015213,0.09905713889747858,0.012423208515558923,0.7054946112912148,1,7.330923080444336,128.0
917,1e-05,0.3413896999991266,0.048264888930134475,0.013998540317905801,0.288129317574203,1,1.9102880954742432,128.0
918,1e-05,0.3376876000002085,0.04966314975172281,0.01287754691605057,0.30716235702857375,1,2.6243820190429688,128.0
919,1e-05,0.3400705999993079,0.03670926095219329,0.02494183455460838,0.11908123947796412,1,1.5429927110671997,128.0
920,1e-05,0.3392609000002267,0.050523061596322805,0.029433184137035693,0.19815220814780332,1,2.471186399459839,128.0
921,1e-05,0.341692800000601,0.027941896521952003,0.020603135959910496,0.0793132150429301,1,1.4244426488876343,128.0
922,1e-05,0.3373364999970363,0.059813641710206866,0.017164169744189297,0.35835995403613197,1,2.595621109008789,128.0
923,1e-05,0.33795500000269385,0.03563412488438189,0.02294276947421687,0.12447360972873867,1,1.5794618129730225,128.0
924,1e-05,0.33892180000111694,0.06698010384570807,0.01901357700782163,0.40274578030221164,1,4.639246940612793,128.0
925,1e-05,0.3389108999981545,0.018576369795482606,0.01203819051651018,0.0643436256214045,1,1.1246628761291504,128.0
926,1e-05,0.33995819999836385,0.0396898896433413,0.018238828717065707,0.18984732608078048,1,3.1100914478302,128.0
927,1e-05,0.33980030000020633,0.01294998824596405,0.008945482184312173,0.04098153277300298,1,1.1983530521392822,128.0
928,1e-05,0.3415248999990581,0.05990438209846616,0.01554983641420092,0.3703861687099561,1,3.158116102218628,128.0
929,1e-05,0.339621499999339,0.03695022244937718,0.024070088219429766,0.12711116997525096,1,3.4515814781188965,128.0
930,1e-05,0.3397164000016346,0.02712548599811271,0.015783804335764477,0.10651725629941211,1,1.631544828414917,128.0
931,1e-05,0.3409529000018665,0.05522958480287343,0.011510400035019432,0.36126388527918607,1,4.750243663787842,128.0
932,1e-05,0.33822739999959595,0.021676692296750844,0.016705929467986737,0.056472029828000814,1,1.5619701147079468,128.0
933,1e-05,0.3399677999987034,0.039734010584652424,0.018467645959130356,0.18859857274219394,1,2.271613359451294,128.0
934,1e-05,0.3405444999989413,0.04482563678175211,0.01845342785652195,0.22943109885090962,1,3.680901050567627,128.0
935,1e-05,0.3389709999974002,0.17312032653717324,0.01752852974459529,1.262262903401279,1,4.503935813903809,128.0
936,1e-05,0.33979270000054385,0.06333040550816804,0.012172009330242872,0.42143919167574495,1,7.002720355987549,128.0
937,1e-05,0.3436550000005809,0.030577390105463564,0.013560559334499496,0.1496952080342453,1,1.1588534116744995,128.0
938,1e-05,0.33806389999881503,0.04758466500788927,0.016183340522859777,0.2673939330416033,1,3.400371551513672,128.0
939,1e-05,0.33952230000068084,0.016021365183405578,0.012017965782433748,0.0440451629110612,1,1.317535638809204,128.0
940,1e-05,0.3398644000008062,0.027157614240422845,0.013354726102469223,0.12377782507246593,1,1.5907098054885864,128.0
941,1e-05,0.33967049999773735,0.04287999006919563,0.013577025051095657,0.24800073643564247,1,2.7598302364349365,128.0
942,1e-05,0.33870889999889187,0.31877635495038703,0.01655946864879557,2.434294632257661,1,11.229981422424316,128.0
943,1e-05,0.3405388999999559,0.01790687965694815,0.016434264236262867,0.02821518643759191,1,1.0567116737365723,128.0
944,1e-05,0.3387810999993235,0.02319982519838959,0.01573242519849113,0.0754716272931546,1,1.526249885559082,128.0
945,1e-05,0.34210969999912777,0.02184990799287334,0.011939308606088161,0.0912241010228172,1,1.6572645902633667,128.0
946,1e-05,0.3398834999970859,0.040734990616329014,0.0167532494025571,0.2086071742232889,1,2.290983200073242,128.0
947,1e-05,0.33833120000053896,0.06299428979400545,0.018007693280066763,0.3779004499083385,1,3.09987473487854,128.0
948,1e-05,0.33691019999969285,0.014180416241288185,0.010389517726642745,0.04071670403936878,1,1.5199952125549316,128.0
949,1e-05,0.33977930000037304,0.028812961652874947,0.011670018779113889,0.1488135582767427,1,1.5264548063278198,128.0
950,1e-05,0.3393711999997322,0.06697851652279496,0.013205733682428087,0.4433879912830889,1,3.4524693489074707,128.0
951,1e-05,0.3420565999986138,0.03401182370726019,0.023923581865217005,0.10462952574016526,1,1.4507640600204468,128.0
952,1e-05,0.34065470000132336,0.025018285610713065,0.013715622580743261,0.10413693636655807,1,1.0905706882476807,128.0
953,1e-05,0.3397102000017185,0.03947203798452392,0.024936985623623644,0.14121740535483696,1,1.7599765062332153,128.0
954,1e-05,0.34070879999853787,0.026404762640595436,0.02013755955600313,0.07027518120594323,1,0.863675594329834,128.0
955,1e-05,0.3388204000002588,0.04446993151213974,0.012728795608771699,0.2666578807402402,1,4.201694011688232,128.0
956,1e-05,0.3411630000009609,0.030383561388589442,0.013687519755746638,0.14725586079293862,1,1.3091472387313843,128.0
957,1e-05,0.33815820000017993,0.021441027987748384,0.011344539899645107,0.09211645374307409,1,1.6012940406799316,128.0
958,1e-05,0.34006270000099903,0.029258295660838485,0.01646204073248165,0.11883208109429688,1,1.1628236770629883,128.0
959,1e-05,0.3388420999981463,0.06225885805906728,0.013410823486213173,0.40419512742664665,1,4.5301513671875,128.0
960,1e-05,0.3379793999993126,0.047657258226536214,0.01186175737529993,0.29822577541926876,1,2.015843152999878,128.0
961,1e-05,0.3411303000029875,0.03331888030515984,0.012980912047039186,0.17568465159274638,1,2.5487139225006104,128.0
962,1e-05,0.3386547000009159,0.032220372930169106,0.011354056453066213,0.1782846007263288,1,2.0765910148620605,128.0
963,1e-05,0.3392426999998861,0.034967623418197036,0.017807749765259877,0.1550867564510554,1,3.088129758834839,128.0
964,1e-05,0.340042200001335,0.02148459362797439,0.017914882195847377,0.04647257098258706,1,1.38542902469635,128.0
965,1e-05,0.33967280000069877,0.09207610657904297,0.015621381412659372,0.6272592039313167,1,5.986781597137451,128.0
966,1e-05,0.33936699999685516,0.025558406370691955,0.018591740434723242,0.07432506972691044,1,1.439199686050415,128.0
967,1e-05,0.3401034000016807,0.026761084096506238,0.014441805226462228,0.11299603600127739,1,1.479762315750122,128.0
968,1e-05,0.33936910000193166,0.03540363674983382,0.014673852228692599,0.18051213206490502,1,1.8658233880996704,128.0
969,1e-05,0.3381313999998383,0.04138921026606113,0.01278280230638172,0.24163407023297623,1,3.4125730991363525,128.0
970,1e-05,0.337522000001627,0.016101243789307773,0.014701437670737505,0.025899885229591746,1,0.7068451642990112,128.0
971,1e-05,0.3408856999994896,0.023569954733829945,0.016959844024053643,0.06984072536579333,1,1.5696316957473755,128.0
972,1e-05,0.33937090000108583,0.05045750760473311,0.01815512470368828,0.27657418325543404,1,3.16379976272583,128.0
973,1e-05,0.3398221999996167,0.06864927965216339,0.010923077086252826,0.4727326934225857,1,4.363367080688477,128.0
974,1e-05,0.3412328999984311,0.030488887219689786,0.01553618029824325,0.13515783561160788,1,1.4078900814056396,128.0
975,1e-05,0.34050740000020596,0.032619304314721376,0.013897542509117298,0.16367164277471602,1,2.5210676193237305,128.0
976,1e-05,0.340455399997154,0.03652703098487109,0.012052590626158885,0.20784810185432434,1,3.014633893966675,128.0
977,1e-05,0.3386927999999898,0.037700736604165286,0.014199405143569623,0.20221006892825244,1,3.1284658908843994,128.0
978,1e-05,0.3389824000005319,0.029760878067463636,0.015578199909733874,0.12903962295968086,1,1.646953821182251,128.0
979,1e-05,0.33936399999947753,0.023972494527697563,0.02098512809191431,0.044884057191666216,1,2.4974632263183594,128.0
980,1e-05,0.3404379000021436,0.03990723378956318,0.03262268139847687,0.09089910105103627,1,3.3530044555664062,128.0
981,1e-05,0.33862890000091284,0.03727215121034533,0.02381290522004877,0.13148686795466347,1,2.001481533050537,128.0
982,1e-05,0.3390548999996099,0.028272305382415652,0.011435370759240218,0.14613085126620717,1,1.643070101737976,128.0
983,1e-05,0.3389002000003529,0.04097260092385113,0.0263129502002682,0.14359015179798007,1,2.886593818664551,128.0
984,1e-05,0.33887719999984256,0.026559706195257604,0.018902886525860856,0.08015743792475405,1,1.3787888288497925,128.0
985,1e-05,0.3396108000015374,0.022629665327258408,0.014015128636466605,0.08293141843751073,1,1.1084320545196533,128.0
986,1e-05,0.3408034000021871,0.07361046271398664,0.0135739462982331,0.49386607203632593,1,4.180502414703369,128.0
987,1e-05,0.3391665999988618,0.03471876023104414,0.00963142906714763,0.21033006720244884,1,2.685147762298584,128.0
988,1e-05,0.3395409999975527,0.024375871871598065,0.014800536313227244,0.09140321916493122,1,2.209247589111328,128.0
989,1e-05,0.3402549000020372,0.017099979682825506,0.012874984781124763,0.04667493840679526,1,1.0982226133346558,128.0
990,1e-05,0.33961249999993015,0.030272132600657642,0.02258878274421607,0.08405558217782527,1,1.1960954666137695,128.0
991,1e-05,0.3401931999978842,0.036350180860608816,0.010772805993578263,0.21539180527906865,1,2.6118009090423584,128.0
992,1e-05,0.337693000001309,0.024222230626037344,0.02031590117673789,0.051566535141319036,1,1.4052461385726929,128.0
993,1e-05,0.33895399999892106,0.04096712067257613,0.029064811899193695,0.12428329582326114,1,1.9802696704864502,128.0
994,1e-05,0.3389978000013798,0.05696671409532428,0.026270897393780097,0.27183743059867993,1,2.793240547180176,128.0
995,1e-05,0.3382342000004428,0.03034733096137643,0.017915663176349232,0.11736901133554056,1,2.2808728218078613,128.0
996,1e-05,0.3386608000000706,0.019023460219614208,0.014345316349395685,0.05177046882454306,1,1.0573211908340454,128.0
997,1e-05,0.33853300000191666,0.05688790581189096,0.017745112335043296,0.3308874448412098,1,5.472753524780273,128.0
998,1e-05,0.33851399999912246,0.027521022246219218,0.015139942656138114,0.11418857588432729,1,1.9584428071975708,128.0
999,1e-05,0.3416477999999188,0.020464532426558435,0.010095718383256878,0.09304622642230242,1,1.252576470375061,128.0
1000,1e-05,0.34025689999907627,0.0325335962115787,0.017504028310733184,0.13774056096735876,1,3.061216354370117,128.0
1001,1e-05,0.3565067999988969,0.03553466661833227,0.023594426257269725,0.1191163535695523,1,1.2094818353652954,128.0
1002,1e-05,0.35339050000038696,0.034415793837979436,0.014732579900217908,0.17219828721135855,1,1.243101716041565,128.0
1003,1e-05,0.3408402999993996,0.03473064419813454,0.023403472932321683,0.11402084208384622,1,2.0344173908233643,128.0
1004,1e-05,0.34693789999801083,0.026685146964155138,0.018008561804890633,0.08742123856791295,1,0.9683290719985962,128.0
1005,1e-05,0.34030949999942095,0.04398123372811824,0.028732148664338247,0.15072482882533222,1,2.2060234546661377,128.0
1006,1e-05,0.34214330000031623,0.05598458007443696,0.01666556129099003,0.3312177078332752,1,4.785099029541016,128.0
1007,1e-05,0.3389031000006071,0.013272084877826273,0.009972671046853065,0.03636798401930719,1,1.2545554637908936,128.0
1008,1e-05,0.3395218000005116,0.02166595426388085,0.012599482067993708,0.08513125954777934,1,2.037365674972534,128.0
1009,1e-05,0.33811659999992116,0.018067111494019628,0.01296333862202508,0.053793526196386665,1,1.578258991241455,128.0
1010,1e-05,0.3380734000020311,0.02269110397901386,0.015446201798373036,0.07340541927260347,1,1.836830735206604,128.0
1011,1e-05,0.3397378000008757,0.07039902120595798,0.02113952614100916,0.4152154949551914,1,2.9379923343658447,128.0
1012,1e-05,0.34008969999922556,0.03168373426888138,0.014522994735411235,0.15180891468480695,1,1.416715383529663,128.0
1013,1e-05,0.34142699999938486,0.028406442375853658,0.011462960126144546,0.14701081602834165,1,2.2611570358276367,128.0
1014,1e-05,0.34088400000109687,0.029380836989730597,0.017113479852144207,0.11525234283180907,1,1.93329656124115,128.0
1015,1e-05,0.3412516999997024,0.05484359781257808,0.018822624747242247,0.3069904036819935,1,2.8230111598968506,128.0
1016,1e-05,0.33999540000149864,0.01825547870248556,0.012582254862146718,0.057968041161075234,1,0.9020008444786072,128.0
1017,1e-05,0.34067729999878793,0.0377862483728677,0.02346562234950917,0.1380306314677,1,1.4605334997177124,128.0
1018,1e-05,0.3398438999975042,0.03898715996183455,0.03625439599688564,0.058116517844609916,1,1.2210273742675781,128.0
1019,1e-05,0.3405480000001262,0.045405527111142874,0.019741316924669912,0.22505498371901922,1,1.646466851234436,128.0
1020,1e-05,0.33805650000067544,0.050125504028983414,0.012185676422502314,0.3157043003157014,1,3.902351140975952,128.0
1021,1e-05,0.3381398000019544,0.02408845245372504,0.013997629617473908,0.09472420997917652,1,1.555637240409851,128.0
1022,1e-05,0.34040250000180095,0.017532887402921915,0.011360480583139829,0.06073973805177957,1,1.1743370294570923,128.0
1023,1e-05,0.3377983000027598,0.02408411557553336,0.009807225283501404,0.12402234505861998,1,1.5287178754806519,128.0
1024,1e-05,0.34026300000186893,0.03409932821523398,0.02944136710305299,0.06670506004593335,1,2.068596839904785,128.0
1025,1e-05,0.3639270000021497,0.02358658390585333,0.011596303965364183,0.10751855006674305,1,1.3719807863235474,128.0
1026,1e-05,0.33933189999879687,0.023250218597240746,0.012787433474191598,0.09648970991838723,1,1.4095672369003296,128.0
1027,1e-05,0.33897409999917727,0.030590739101171494,0.022676821864609207,0.0859881475334987,1,1.1525087356567383,128.0
1028,1e-05,0.3405105999991065,0.05252305429894477,0.014760839220668589,0.31685855705291033,1,3.662368059158325,128.0
1029,1e-05,0.3396315999998478,0.054994618287310004,0.01816001926947917,0.3128368010511622,1,3.897489547729492,128.0
1030,1e-05,0.33830070000112755,0.03129947034176439,0.029106277639844587,0.04665182011376601,1,1.8130605220794678,128.0
1031,1e-05,0.33893650000027264,0.026190157746896148,0.014910597853096468,0.10514707781840116,1,2.2870285511016846,128.0
1032,1e-05,0.33975049999935436,0.025715179042890668,0.012591968955738204,0.1175776514573954,1,1.2960834503173828,128.0
1033,1e-05,0.3402807999991637,0.03705784119665623,0.014612747821956873,0.19417348146089353,1,1.287660837173462,128.0
1034,1e-05,0.3405529000010574,0.02087869355455041,0.012750425908182348,0.0777765709644882,1,1.360026240348816,128.0
1035,1e-05,0.3383821000024909,0.05548347462899983,0.02014324431573706,0.302865071920678,1,2.4362125396728516,128.0
1036,1e-05,0.3379477999988012,0.02080534811830148,0.013675590744242072,0.07071365024603438,1,1.235168695449829,128.0
1037,1e-05,0.34164400000008754,0.04208874318283051,0.016758532196815525,0.21940022194758058,1,1.9604554176330566,128.0
1038,1e-05,0.33943660000295495,0.023389026435324922,0.014388497020783169,0.08639272958316724,1,1.6165261268615723,128.0
1039,1e-05,0.33883249999780674,0.05942395573947579,0.014983708704156535,0.3705056899925694,1,2.14174747467041,128.0
1040,1e-05,0.34114689999842085,0.03006321331486106,0.021710440649517944,0.08853262406773865,1,1.5582596063613892,128.0
1041,1e-05,0.3408065000003262,0.02157433843240142,0.019412683456071785,0.03670591884292662,1,1.0346038341522217,128.0
1042,1e-05,0.34398529999816674,0.039576243376359344,0.019159497959273204,0.18249346897937357,1,2.0766310691833496,128.0
1043,1e-05,0.33943509999880916,0.03988454648060724,0.01948602557448404,0.18267419253243133,1,2.857003688812256,128.0
1044,1e-05,0.3395380000001751,0.031868696794845164,0.012597849725612573,0.16676462594477925,1,2.773888111114502,128.0
1045,1e-05,0.34730710000076215,0.030223007837776095,0.018205855174788406,0.11434306556475349,1,2.13972544670105,128.0
1046,1e-05,0.33904229999825475,0.028223099885508418,0.009315991242017065,0.16057285422061796,1,2.0198991298675537,128.0
1047,1e-05,0.342611100000795,0.05762689624680206,0.016085611789354255,0.34841589027200826,1,2.882749319076538,128.0
1048,1e-05,0.3379242000009981,0.09180637437384576,0.023767356228615557,0.5680794600048102,1,5.770937919616699,128.0
1049,1e-05,0.34395020000010845,0.030654898670036346,0.01451300603470632,0.14364815348380944,1,2.189044237136841,128.0
1050,1e-05,0.343983599999774,0.08085843164008111,0.01110155348266874,0.5691565966990311,1,2.9507200717926025,128.0
1051,1e-05,0.3417049000017869,0.024645821773447096,0.012114748425249542,0.11236332630505785,1,1.5417563915252686,128.0
1052,1e-05,0.3409883999993326,0.05133553815539926,0.026218286848493984,0.22715631179744378,1,3.00734806060791,128.0
1053,1e-05,0.3406236999981047,0.0169607347343117,0.013977493558611189,0.03784342191647738,1,0.7889642119407654,128.0
1054,1e-05,0.34095829999932903,0.01734652800951153,0.014693878857152802,0.03591507091186941,1,0.727034866809845,128.0
1055,1e-05,0.34662240000034217,0.04781710833776742,0.021071361377835274,0.2350373430547279,1,3.6967673301696777,128.0
1056,1e-05,0.34244179999950575,0.04037327482365072,0.013033514310206686,0.23175160604296252,1,2.0413448810577393,128.0
1057,1e-05,0.339528499996959,0.024100861744955182,0.01815185310052974,0.06574392202310264,1,1.0106983184814453,128.0
1058,1e-05,0.3384892000030959,0.023869870346970856,0.01374224673158356,0.09476323839044198,1,1.4051215648651123,128.0
1059,1e-05,0.338812499998312,0.022455750382505357,0.010865920855264579,0.10358454834204167,1,1.3394486904144287,128.0
1060,1e-05,0.3391568000006373,0.022062806063331664,0.010135567148349114,0.10555348423076794,1,2.0376102924346924,128.0
1061,1e-05,0.3412404000009701,0.06560204969719052,0.02276349367041673,0.36547193641308695,1,1.6567392349243164,128.0
1062,1e-05,0.33617129999765893,0.027733812225051224,0.018634951606925045,0.09142583940410987,1,1.0838751792907715,128.0
1063,1e-05,0.33756650000213995,0.05888112529646605,0.014496573380061559,0.36957299342611805,1,2.807559013366699,128.0
1064,1e-05,0.3383904000002076,0.025002247421070933,0.01649425458163023,0.08455819718074054,1,1.445088267326355,128.0
1065,1e-05,0.3387644000031287,0.022986584343016148,0.017160995730331967,0.06376570707652718,1,1.6071871519088745,128.0
1066,1e-05,0.33944200000041747,0.02501979295630008,0.017127685115805695,0.08026455389335752,1,0.9138194918632507,128.0
1067,1e-05,0.3393421999971906,0.02942879922920838,0.020801647566258907,0.08981885996763594,1,1.9306448698043823,128.0
1068,1e-05,0.33967889999985346,0.0409996616654098,0.0156873324220734,0.21818597003584728,1,1.503061294555664,128.0
1069,1e-05,0.3392812000020058,0.04337450832827017,0.01986265491827258,0.20795748585442198,1,2.5625383853912354,128.0
1070,1e-05,0.33765150000181166,0.05012581776827574,0.014319866263706769,0.3007675010303501,1,2.4760539531707764,128.0
1071,1e-05,0.3388932999987446,0.03412315051537007,0.022295367904007435,0.1169176297262311,1,2.619840621948242,128.0
1072,1e-05,0.3377108999993652,0.02398799662478268,0.0190011097916535,0.05889620873495005,1,1.604960322380066,128.0
1073,1e-05,0.33891589999984717,0.017907637753523886,0.013428100451294864,0.04926440111012198,1,0.9976376891136169,128.0
1074,1e-05,0.339942799997516,0.12974770995788276,0.015819986616926535,0.9272417681640945,1,7.388308525085449,128.0
1075,1e-05,0.33964920000289567,0.024594206362962723,0.017819206496434554,0.07201920775696635,1,1.4099284410476685,128.0
1076,1e-05,0.33953680000195163,0.03138305322499946,0.014429781852023942,0.15005595647380687,1,1.6338189840316772,128.0
1077,1e-05,0.3398177000017313,0.04873715329449624,0.024672916225556816,0.21718681271886453,1,1.7720814943313599,128.0
1078,1e-05,0.33871519999956945,0.5923641646513715,0.018933088019756333,4.60638139618095,1,12.954610824584961,128.0
1079,1e-05,0.33863040000142064,0.062158813467249274,0.013195933208667807,0.40489898627856746,1,4.19691801071167,128.0
1080,1e-05,0.33970989999943413,0.04140286851907149,0.013792023794459445,0.23467877751681954,1,2.7485663890838623,128.0
1081,1e-05,0.34008949999770266,0.031844133278355,0.012057917059532233,0.17034765728749335,1,2.0776796340942383,128.0
1082,1e-05,0.33840410000266274,0.037616351153701544,0.016816944416080202,0.18321218993514776,1,2.355771064758301,128.0
1083,1e-05,0.3380615999994916,0.028081168769858778,0.020470516490084783,0.08135573894833215,1,2.174111843109131,128.0
1084,1e-05,0.33909289999792236,0.03640250163152814,0.016985798587224314,0.17231941950740293,1,2.358215808868408,128.0
1085,1e-05,0.3377953000017442,0.04512793989852071,0.014413285002644573,0.26013053010683507,1,2.184617042541504,128.0
1086,1e-05,0.34063850000165985,0.04754291957942769,0.012181025031687958,0.29507619014475495,1,4.416019439697266,128.0
1087,1e-05,0.33881860000110464,0.03928833128884435,0.018633523556802953,0.1838719882798614,1,2.7299249172210693,128.0
1088,1e-05,0.33983620000071824,0.02114703564438969,0.010669374805209892,0.09449066707747988,1,1.2621612548828125,128.0
1089,1e-05,0.338797299998987,0.04412743845023215,0.015354609981711422,0.24553724393626908,1,2.3830056190490723,128.0
1090,1e-05,0.3383088000009593,0.022514802520163357,0.015316601443503584,0.07290220764116384,1,1.1033046245574951,128.0
1091,1e-05,0.3401347999970312,0.07316729694139212,0.020699898778860058,0.4404390796262305,1,2.6359105110168457,128.0
1092,1e-05,0.3396811999991769,0.03423084085807204,0.01987953723541328,0.13468996158917435,1,1.88834547996521,128.0
1093,1e-05,0.33850929999971413,0.023215794120915234,0.017030891762780293,0.06651010637870058,1,1.1480656862258911,128.0
1094,1e-05,0.3376109999990149,0.03278320643585175,0.019095355910914286,0.12859816220588982,1,1.62990140914917,128.0
1095,1e-05,0.33871450000151526,0.06384682218777016,0.013231888080814056,0.4181513605872169,1,3.2272284030914307,128.0
1096,1e-05,0.3393757000012556,0.020486325433012098,0.011038217660305756,0.08662307873601094,1,1.375707745552063,128.0
1097,1e-05,0.33968319999985397,0.017636281554587185,0.01270815563787307,0.052133165270788595,1,1.0074033737182617,128.0
1098,1e-05,0.3387320000001637,0.06466407154221088,0.013471464959106274,0.4230122691078577,1,6.22471284866333,128.0
1099,1e-05,0.3402602000023762,0.03847564535681158,0.015186711946236236,0.20149818359641358,1,2.7283174991607666,128.0
1100,1e-05,0.3384089000028325,0.025444771046750247,0.011374080952789103,0.12393960100598633,1,1.2881237268447876,128.0
1101,1e-05,0.34096540000246023,0.03078282653586939,0.018151941310082163,0.11919902150839334,1,1.6867318153381348,128.0
1102,1e-05,0.3389696999984153,0.13765192101709545,0.011040040424891881,1.0239350777119398,1,8.452601432800293,128.0
1103,1e-05,0.3398254999992787,0.028508859686553478,0.012244594815586294,0.14235871236087405,1,1.1936062574386597,128.0
1104,1e-05,0.3414999999986321,0.02812419063411653,0.014870724840355771,0.12089844781439751,1,2.042023181915283,128.0
1105,1e-05,0.33974839999791584,0.029162311111576855,0.012541664764285088,0.14550683461129665,1,1.2365714311599731,128.0
1106,1e-05,0.3401305000006687,0.031200684723444283,0.015150405067418302,0.1435526443492563,1,1.1677474975585938,128.0
1107,1e-05,0.33808979999957955,0.023809981357771903,0.01405057533910232,0.0921258251182735,1,1.0999219417572021,128.0
1108,1e-05,0.33878249999906984,0.03153409750666469,0.011918771147195781,0.16884138504974544,1,1.8716354370117188,128.0
1109,1e-05,0.34033590000035474,0.027206460130400956,0.014555636560544372,0.115762228902895,1,1.8883001804351807,128.0
1110,1e-05,0.3382043999990856,0.09283520258031785,0.01784338299850268,0.6177779412246309,1,5.339169502258301,128.0
1111,1e-05,0.3447325000015553,0.026728350203484297,0.018089379583086287,0.08720114336756524,1,1.2762984037399292,128.0
1112,1e-05,0.3456095999972604,0.06537252489943057,0.013961060903966427,0.4252528094802983,1,4.385025978088379,128.0
1113,1e-05,0.3466915999997582,0.014640592446085066,0.00754982588945755,0.06427595973946154,1,2.129023551940918,128.0
1114,1e-05,0.34398570000121254,0.03332669660449028,0.02063457727698343,0.12217152399534825,1,1.5185445547103882,128.0
1115,1e-05,0.34396600000036415,0.031203530612401664,0.01482065680569836,0.14588364562951028,1,1.3693959712982178,128.0
1116,1e-05,0.3445786999982374,0.04693538264837116,0.012359333573840559,0.28896773513406515,1,2.618751049041748,128.0
1117,1e-05,0.34596679999958724,0.031613655388355255,0.01763880785022463,0.12943758635083213,1,1.5357658863067627,128.0
1118,1e-05,0.3448180000013963,0.02686329450807534,0.01165436244835811,0.13332582492148504,1,1.5127286911010742,128.0
1119,1e-05,0.345252300001448,0.017045265820343047,0.011044422164559364,0.05905117098882329,1,1.7471280097961426,128.0
1120,1e-05,0.3465321000003314,0.03024389804340899,0.013099490265761102,0.15025475062429905,1,1.919442057609558,128.0
1121,1e-05,0.3453116999990016,0.03740475163795054,0.01425883233813303,0.19942618068307638,1,2.4579920768737793,128.0
1122,1e-05,0.34467270000095596,0.028555636759847403,0.014669632871768304,0.12575766362715513,1,1.4867284297943115,128.0
1123,1e-05,0.34839849999843864,0.017110522952862084,0.008387750147708825,0.07816993747837842,1,0.9787777662277222,128.0
1124,1e-05,0.3432074000011198,0.07248314190655947,0.011904175060668163,0.4965359210036695,1,3.4487898349761963,128.0
1125,1e-05,0.3451526999997441,0.06321112520527095,0.023279480370027677,0.3427326016826555,1,2.810908555984497,128.0
1126,1e-05,0.34547139999995125,0.03766545472899452,0.009926758706569672,0.23183632676955312,1,2.8250818252563477,128.0
1127,1e-05,0.34368520000134595,0.058898669318296015,0.011831740250012704,0.3883671796647832,1,2.285463809967041,128.0
1128,1e-05,0.36480440000013914,0.03538199118338525,0.02252070452751858,0.12541099730879068,1,2.354379892349243,128.0
1129,1e-05,0.33846300000004703,0.035168042057193816,0.016962913663259575,0.16260394174605608,1,1.3696906566619873,128.0
1130,1e-05,0.354523900001368,0.08198532823007554,0.0234218638922487,0.4919295873842202,1,4.8986992835998535,128.0
1131,1e-05,0.3381149999986519,0.06620959553401917,0.01216477807611227,0.4445233315054793,1,4.409416675567627,128.0
1132,1e-05,0.3405434999986028,0.019006422255188227,0.012528908172888415,0.06434902027831413,1,1.0724564790725708,128.0
1133,1e-05,0.3417001999987406,0.020439790096133947,0.01630331010424665,0.04939515341538936,1,1.1193833351135254,128.0
1134,1e-05,0.33864720000201487,0.021760164643637836,0.011874046575810229,0.09096299216616899,1,0.8960993885993958,128.0
1135,1e-05,0.33960099999967497,0.03284009697381407,0.012349047897649663,0.17627745680510998,1,1.2661497592926025,128.0
1136,1e-05,0.339701500000956,0.028753483085893095,0.016300335260374204,0.11592551649664529,1,2.917086124420166,128.0
1137,1e-05,0.3392792999984522,0.02537704911082983,0.016831261771065847,0.08519755862653255,1,1.4614065885543823,128.0
1138,1e-05,0.34228060000168625,0.04370277846464887,0.017496322514489293,0.2271479556511622,1,2.6006155014038086,128.0
1139,1e-05,0.3391312999992806,0.06619046174455434,0.01415649741621954,0.4304282069206238,1,5.876332759857178,128.0
1140,1e-05,0.33789120000074035,0.04045892006251961,0.01313276678722884,0.23174198903143406,1,2.8728220462799072,128.0
1141,1e-05,0.3393671000012546,0.02471821365179494,0.013241067728293794,0.10505823566927575,1,1.4052693843841553,128.0
1142,1e-05,0.3388922999984061,0.015259400883223861,0.012239894829690456,0.03639593941625208,1,0.7108269929885864,128.0
1143,1e-05,0.3388857999998436,0.0422867345623672,0.017350628240300075,0.21683948086865712,1,2.340167760848999,128.0
1144,1e-05,0.3393687999996473,0.024250538903288543,0.013794324493833951,0.09744403936201707,1,1.9590529203414917,128.0
1145,1e-05,0.33912270000291755,0.03364220215007663,0.015156405445720469,0.16304276874870993,1,2.281437873840332,128.0
1146,1e-05,0.3414706000003207,0.024323452322278172,0.010782375632386123,0.11911098449490964,1,2.32944393157959,128.0
1147,1e-05,0.34055369999987306,0.022657124209217727,0.010063062089362316,0.110815558466129,1,1.078967809677124,128.0
1148,1e-05,0.33901870000045164,0.033687350689433515,0.01457336631470493,0.16748524643480778,1,1.135554552078247,128.0
1149,1e-05,0.3386644999991404,0.04345903405919671,0.011009409824120147,0.27060641115531325,1,2.472428560256958,128.0
1150,1e-05,0.33967289999782224,0.021329331560991704,0.012787885764347655,0.08111944899428636,1,1.0753192901611328,128.0
1151,1e-05,0.34044880000146804,0.035948121221736073,0.012528320707912956,0.19988673098850995,1,3.8901708126068115,128.0
1152,1e-05,0.3387198000018543,0.02577480033505708,0.012259164958127908,0.12038425452192314,1,1.58902108669281,128.0
1153,1e-05,0.339738300001045,0.024224488181062043,0.015448048976915223,0.08565955236554146,1,1.2950172424316406,128.0
1154,1e-05,0.3410408000017924,0.05335028900299221,0.010766047851315566,0.3514399698469788,1,3.1872751712799072,128.0
1155,1e-05,0.3388684999990801,0.04299239441752434,0.012500527314841747,0.2564354653004557,1,2.734966993331909,128.0
1156,1e-05,0.33779999999751453,0.03244696941692382,0.023648352894399847,0.09403728874167427,1,2.1545844078063965,128.0
1157,1e-05,0.3392650000023423,0.033879535854794085,0.018556050024926662,0.1411439358635107,1,1.5621001720428467,128.0
1158,1e-05,0.33952940000017406,0.026118491136003286,0.011309838421376688,0.12977905722800642,1,3.1210415363311768,128.0
1159,1e-05,0.33792520000133663,0.0485581437824294,0.026894396437065943,0.2002043581160251,1,1.9232333898544312,128.0
1160,1e-05,0.3391684999987774,0.04157350375317037,0.016417623896683966,0.21766467500128783,1,3.6505415439605713,128.0
1161,1e-05,0.33950349999940954,0.023229609825648367,0.018253257498145103,0.05806407942873193,1,1.0952147245407104,128.0
1162,1e-05,0.33834289999867906,0.045788448536768556,0.015395203405725104,0.2585411611944437,1,2.2255098819732666,128.0
1163,1e-05,0.33939490000193473,0.03771550883539021,0.013814915237682206,0.205019659595564,1,5.135313510894775,128.0
1164,1e-05,0.33946750000177417,0.02887472347356379,0.011289059650152922,0.15197435521986336,1,1.7415223121643066,128.0
1165,1e-05,0.3393525999999838,0.03141034848522395,0.01135371286155922,0.17180679936427623,1,3.1817378997802734,128.0
1166,1e-05,0.3402725999985705,0.020972148864530027,0.01339771066393171,0.07399321559933014,1,1.6765824556350708,128.0
1167,1e-05,0.34424809999836725,0.03005054942332208,0.014396559779665299,0.1396284783477313,1,2.42327880859375,128.0
1168,1e-05,0.3393260000011651,0.024132715130690485,0.010885314882865973,0.11686451989226043,1,1.144044041633606,128.0
1169,1e-05,0.3388441999995848,0.02949274645652622,0.011405479429023606,0.15610362449660897,1,2.049992084503174,128.0
1170,1e-05,0.33911129999978584,0.039605868980288506,0.016454676033130715,0.20166421844623983,1,1.8036420345306396,128.0
1171,1e-05,0.33777589999954216,0.03929298953153193,0.019348007227693285,0.17890787447686307,1,2.153616428375244,128.0
1172,1e-05,0.33846860000267043,0.03061169129796326,0.015670709977192537,0.1351985635701567,1,1.7854119539260864,128.0
1173,1e-05,0.3390183000010438,0.023815442400518805,0.01626992997314249,0.0766340337577276,1,1.6188855171203613,128.0
1174,1e-05,0.3392009000017424,0.030427714227698743,0.017006274911441972,0.12437778699677438,1,2.221345901489258,128.0
1175,1e-05,0.33928020000166725,0.03265483712311834,0.013365716340818576,0.16767868062015623,1,3.081652879714966,128.0
1176,1e-05,0.339183399999456,0.033131109667010605,0.014410622883588076,0.1641745053930208,1,2.036672592163086,128.0
1177,1e-05,0.3385928999996395,0.05776131397578865,0.020022282909069742,0.3219345492179855,1,2.0297584533691406,128.0
1178,1e-05,0.340478100002656,0.020411668927408755,0.015458491630852222,0.0550839125062339,1,1.5947402715682983,128.0
1179,1e-05,0.3405356000002939,0.055614256649278104,0.021625732869974205,0.29353392746997997,1,4.215133190155029,128.0
1180,1e-05,0.33724380000057863,0.03906407952308655,0.013765114359557629,0.2161568371229805,1,2.3539657592773438,128.0
1181,1e-05,0.3386294999982056,0.028036707895807922,0.01711190358868667,0.10451034086872824,1,1.9921869039535522,128.0
1182,1e-05,0.3400246999990486,0.03254412818932906,0.013613626227847167,0.16505764075554907,1,1.2837762832641602,128.0
1183,1e-05,0.34105600000111735,0.04653742490336299,0.012992196982460362,0.28135400969767943,1,4.408252239227295,128.0
1184,1e-05,0.3386099000017566,0.03125711146276444,0.013339533271001918,0.15668015647679567,1,1.9556019306182861,128.0
1185,1e-05,0.3390585999986797,0.028288663714192808,0.011437520052173309,0.14624667377211154,1,1.9267293214797974,128.0
1186,1e-05,0.3386361000011675,0.02950790902832523,0.010042074336005109,0.1657687613987946,1,1.5998799800872803,128.0
1187,1e-05,0.33957059999738703,0.031302625429816544,0.021013259488557066,0.10332819074392319,1,2.6614646911621094,128.0
1188,1e-05,0.3386376999987988,0.02742060285527259,0.022759984446955577,0.06004493503132835,1,1.4589534997940063,128.0
1189,1e-05,0.33978729999944335,0.034246410126797855,0.007224648093272533,0.22339873830787838,1,1.2107702493667603,128.0
1190,1e-05,0.33832429999893066,0.29537596041336656,0.013248712223555361,2.2702668409328908,1,10.650681495666504,128.0
1191,1e-05,0.3388837999991665,0.15625117160379887,0.01866689696907997,1.1193410746054724,1,10.905783653259277,128.0
1192,1e-05,0.34131340000021737,0.01734792219940573,0.01058367290534079,0.06469766853842884,1,0.8388344049453735,128.0
1193,1e-05,0.3380176999999094,0.0417644374538213,0.020818453415163925,0.18838632781989872,1,3.138683319091797,128.0
1194,1e-05,0.3400392000003194,0.08375253481790423,0.016416728430028473,0.5551031790673733,1,6.689114093780518,128.0
1195,1e-05,0.34014200000092387,0.016069060657173395,0.012470719204949481,0.04125745302007999,1,0.6706756949424744,128.0
1196,1e-05,0.33844590000080643,0.02532936236821115,0.014969647196786744,0.09784736626897939,1,1.3225531578063965,128.0
1197,1e-05,0.3405751999998756,0.04184952797368169,0.017541040799447467,0.21200894773937762,1,1.8637471199035645,128.0
1198,1e-05,0.3406347000018286,0.06988827814348042,0.02074191619509033,0.41391279466915876,1,3.4525856971740723,128.0
1199,1e-05,0.3392705999976897,0.02552908007055521,0.01900384741436158,0.07120571151608601,1,1.6083930730819702,128.0
1200,1e-05,0.34027099999730126,0.015972041175700724,0.01310816393899066,0.036019178362039384,1,0.879443883895874,128.0
1201,1e-05,0.33893759999773465,0.026720294496044517,0.019260078269456114,0.07894180540461093,1,1.7571688890457153,128.0
1202,1e-05,0.33941630000117584,0.054412686033174396,0.020310420276863233,0.29312853375449777,1,3.715679407119751,128.0
1203,1e-05,0.34316150000086054,0.02397112420294434,0.015129913842039449,0.08585959882475436,1,1.1011348962783813,128.0
1204,1e-05,0.34159899999940535,0.025968536618165672,0.01255770746086325,0.11984434234909713,1,2.0094950199127197,128.0
1205,1e-05,0.3395970999990823,0.04377137392293662,0.013607288477942348,0.2549199773930013,1,2.5425004959106445,128.0
1206,1e-05,0.33883699999933015,0.0797809389187023,0.016716240173471824,0.5212338636629283,1,4.593575477600098,128.0
1207,1e-05,0.33890750000136904,0.0492091408232227,0.014030561848942722,0.2954591801390052,1,2.4346585273742676,128.0
1208,1e-05,0.34033309999722405,0.03677350573707372,0.012134871744949902,0.20924393739551306,1,2.398089647293091,128.0
1209,1e-05,0.3396069999980682,0.06829827395267785,0.012448906166745084,0.4592438628897071,1,2.1171488761901855,128.0
1210,1e-05,0.33957090000330936,0.04214310215320438,0.019125055455203568,0.20326941995881498,1,3.919440507888794,128.0
1211,1e-05,0.33921299999929033,0.11623104813043028,0.012410689245111175,0.8429735273020924,1,9.004348754882812,128.0
1212,1e-05,0.34137350000310107,0.040401357517112046,0.011442279276837195,0.24311491815024056,1,2.550502061843872,128.0
1213,1e-05,0.3387793000001693,0.08912261039949954,0.014614006038755178,0.6106828350457363,1,5.359738349914551,128.0
1214,1e-05,0.3383709000008821,0.017236849176697433,0.010343578777142934,0.06548974323959555,1,2.1959407329559326,128.0
1215,1e-05,0.3385987000001478,0.023832355334889144,0.011699323409370013,0.10876358102541417,1,2.1352570056915283,128.0
1216,1e-05,0.33818190000238246,0.032842689426615834,0.020444750918873718,0.11962826157105155,1,2.151782274246216,128.0
1217,1e-05,0.34045139999943785,0.02102549164555967,0.01431161311588117,0.06802263969439082,1,2.034546375274658,128.0
1218,1e-05,0.33938010000201757,0.049476046522613615,0.013715706200205855,0.2997984562534839,1,2.7453830242156982,128.0
1219,1e-05,0.33979110000291257,0.08045513764955103,0.01888855254011495,0.5114212359767407,1,3.9545416831970215,128.0
1220,1e-05,0.3398458000010578,0.042030725395306945,0.011819385125168733,0.25351009180303663,1,3.7309165000915527,128.0
1221,1e-05,0.33752040000035777,0.03571942524285987,0.013105173196111406,0.19401919344090857,1,1.8240389823913574,128.0
1222,1e-05,0.3397168999981659,0.0462519743014127,0.02027861707444702,0.228065483039245,1,1.9445024728775024,128.0
1223,1e-05,0.33715469999879133,0.026448768214322627,0.011536942329257727,0.13083154673222452,1,1.092173457145691,128.0
1224,1e-05,0.33948249999957625,0.027160725614521652,0.020391597412526608,0.07454461994348094,1,1.5356980562210083,128.0
1225,1e-05,0.3392296999991231,0.042998452205210924,0.01869012781285814,0.2131567201577127,1,1.670345664024353,128.0
1226,1e-05,0.338299700000789,0.03283108223695308,0.02302906888404063,0.10144516724039931,1,1.337172269821167,128.0
1227,1e-05,0.34029110000119545,0.03208844247274101,0.00873095149706517,0.19559087572270073,1,2.7958192825317383,128.0
1228,1e-05,0.33937719999812543,0.05118523212149739,0.01691508725551622,0.29107622857554816,1,2.507659912109375,128.0
1229,1e-05,0.33835280000130297,0.05194799485616386,0.017469053755381277,0.2933005941740703,1,2.982776403427124,128.0
1230,1e-05,0.33927350000158185,0.022378533147275448,0.01780858642554709,0.05436815583379939,1,1.3125859498977661,128.0
1231,1e-05,0.3409576999983983,0.09359183581545949,0.024992449275617088,0.5737875550985336,1,3.417884111404419,128.0
1232,1e-05,0.33971979999842006,0.034568364382721484,0.021152087819895575,0.12848230081726797,1,2.0741231441497803,128.0
1233,1e-05,0.33978660000138916,0.037322755611967295,0.012909760864983712,0.2082137194738607,1,2.351316213607788,128.0
1234,1e-05,0.3404082999986713,0.018709191121160984,0.012691334788022297,0.060834185394924134,1,1.3948544263839722,128.0
1235,1e-05,0.34047890000147163,0.027433808310888708,0.020858248629208122,0.07346271839924157,1,0.9850318431854248,128.0
1236,1e-05,0.34174960000018473,0.02200350514613092,0.017023976759186814,0.05686020110442769,1,1.214231252670288,128.0
1237,1e-05,0.3412735000019893,0.03195909061469138,0.014249764981546573,0.15592436943552457,1,1.4510020017623901,128.0
1238,1e-05,0.3378286000006483,0.03808785940054804,0.016892020324511186,0.18645872216438875,1,2.9305243492126465,128.0
1239,1e-05,0.3394982000027085,0.036278333398513496,0.019838461353044425,0.15135743492282927,1,2.089475154876709,128.0
1240,1e-05,0.3398899000021629,0.020048827049322426,0.010861019437600459,0.08436348370742053,1,1.242465615272522,128.0
1241,1e-05,0.3387495000024501,0.01139526697807014,0.0074669294990599155,0.038893628952791914,1,2.137153387069702,128.0
1242,1e-05,0.339580300002126,0.035969791235402226,0.01140653036002602,0.20791261200793087,1,2.625249147415161,128.0
1243,1e-05,0.33981839999978547,0.02201162138953805,0.009345992900697249,0.11067102412926033,1,1.8492481708526611,128.0
1244,1e-05,0.34100089999992633,0.022679633810184896,0.01171747681551746,0.09941472962964326,1,3.0868961811065674,128.0
1245,1e-05,0.3378841999983706,0.09857569285668433,0.01304830318050725,0.6972674481803551,1,3.0885488986968994,128.0
1246,1e-05,0.33903769999960787,0.02816240955144167,0.015598384929554803,0.1161105822538957,1,1.2599610090255737,128.0
1247,1e-05,0.336478299999726,0.021047664806246758,0.015377710307283061,0.06073734117671847,1,0.7592483162879944,128.0
1248,1e-05,0.33837140000105137,0.024101334041915834,0.014114969210433108,0.09400588681455702,1,2.0196938514709473,128.0
1249,1e-05,0.3393939000015962,0.03259946795878932,0.020288578234612942,0.11877569614443928,1,1.373518705368042,128.0
1250,1e-05,0.33849840000038967,0.060511386196594685,0.023862005011843785,0.31705704919295385,1,2.2000951766967773,128.0
1251,1e-05,0.33893719999832683,0.03303018509177491,0.009463756611304623,0.19799517252249643,1,1.882792592048645,128.0
1252,1e-05,0.33889949999866076,0.04294037725776434,0.016993177589029074,0.224570760898132,1,1.5744106769561768,128.0
1253,1e-05,0.34152240000184975,0.03235371632035822,0.015357000819806541,0.15133072575554252,1,1.239203691482544,128.0
1254,1e-05,0.3440800999997009,0.026504515786655247,0.009985163575038314,0.14213998743798584,1,1.4696106910705566,128.0
1255,1e-05,0.34521400000085123,0.02092349628219381,0.013818308311913694,0.07065981268533505,1,0.9758385419845581,128.0
1256,1e-05,0.33855750000293483,0.01737340269028209,0.009710951791411,0.07101055607199669,1,1.387673258781433,128.0
1257,1e-05,0.33769609999944805,0.05355381919071078,0.009163824375718832,0.3642837820225395,1,2.079317331314087,128.0
1258,1e-05,0.3402559999994992,0.023595783626660705,0.011716341034376196,0.1067518848067266,1,1.7067341804504395,128.0
1259,1e-05,0.33900090000315686,0.037465873872861266,0.013925205783120223,0.2022505508211907,1,2.0933644771575928,128.0
1260,1e-05,0.33792519999769866,0.020832065783906728,0.01244661577844194,0.07953021401772276,1,1.5014797449111938,128.0
1261,1e-05,0.3410269000014523,0.034419938223436475,0.02763870045808809,0.08188859920483083,1,1.543178915977478,128.0
1262,1e-05,0.33842770000046585,0.027566558797843754,0.016446940268256834,0.10540388833032921,1,1.5425493717193604,128.0
1263,1e-05,0.3390151000021433,0.024912269203923643,0.011404325986014945,0.11946787225315347,1,1.4050952196121216,128.0
1264,1e-05,0.33807330000126967,0.0350634929491207,0.01615600993058511,0.16741587640717626,1,2.4170103073120117,128.0
1265,1e-05,0.33938060000218684,0.0543854899588041,0.012490744369902782,0.34764871397055686,1,5.023499011993408,128.0
1266,1e-05,0.33835720000206493,0.07843473204411566,0.011206567686583315,0.5490318583324552,1,3.2739627361297607,128.0
1267,1e-05,0.3378351000028488,0.021820694324560463,0.012472240387329034,0.08725987165234983,1,1.5444591045379639,128.0
1268,1e-05,0.3401363999983005,0.10418950312305242,0.015570663980075292,0.7245213539572433,1,6.821869850158691,128.0
1269,1e-05,0.33850359999996726,0.024968368699774146,0.011482777606163706,0.11936750740278512,1,1.2493212223052979,128.0
1270,1e-05,0.3394196000008378,0.01943681458942592,0.01226890625964318,0.06961218002015812,1,1.5575690269470215,128.0
1271,1e-05,0.34027489999789395,0.037296896043699235,0.009266772507024663,0.23350776275037788,1,1.0836213827133179,128.0
1272,1e-05,0.33672630000000936,0.05578039196552709,0.015225760372621673,0.33966280706226826,1,2.0613722801208496,128.0
1273,1e-05,0.3389631999998528,0.08236148930154741,0.016012819151261022,0.5468021598644555,1,2.888864040374756,128.0
1274,1e-05,0.3401094999971974,0.03375005361158401,0.012303235142358713,0.1838777827215381,1,2.1317965984344482,128.0
1275,1e-05,0.3403009000030579,0.028083623736165464,0.019081967749765942,0.09109521540813148,1,2.4049675464630127,128.0
1276,1e-05,0.33537689999866416,0.027326740324497223,0.013304662491594042,0.12548129027709365,1,1.1325393915176392,128.0
1277,1e-05,0.3370533000015712,0.03062443426460959,0.01866523010124053,0.11433885828591883,1,2.6423425674438477,128.0
1278,1e-05,0.34053080000012415,0.0324491971405223,0.020468222110399177,0.1163160220021382,1,2.8236896991729736,128.0
1279,1e-05,0.33881700000347337,0.03118495550006628,0.00970150310812252,0.18156912410631776,1,3.499545097351074,128.0
1280,1e-05,0.33843350000097416,0.09307473571971059,0.016906220665467635,0.626254330156371,1,6.36056661605835,128.0
1281,1e-05,0.33832470000197645,0.03971165034454316,0.013994630492691482,0.21973078220617026,1,1.387763261795044,128.0
1282,1e-05,0.33801750000202446,0.036485268850810826,0.007141744651432548,0.2418899462936679,1,2.3065783977508545,128.0
1283,1e-05,0.3400535000000673,0.030530036165146157,0.016249602727059807,0.13049307116307318,1,1.7552659511566162,128.0
1284,1e-05,0.33839889999944717,0.027440076577477157,0.01793652999081782,0.09396489919163287,1,1.842497706413269,128.0
1285,1e-05,0.33885670000017853,0.10558586777187884,0.01612548184181963,0.7318086172454059,1,5.3656907081604,128.0
1286,1e-05,0.337091600002168,0.03505919300368987,0.009469552564301662,0.21418665649252944,1,2.6850242614746094,128.0
1287,1e-05,0.3394635999975435,0.017623113526497036,0.01172821702701705,0.0588873922242783,1,1.5602539777755737,128.0
1288,1e-05,0.33830379999926663,0.030584200634621084,0.012691313800002848,0.15583441714989021,1,2.691179037094116,128.0
1289,1e-05,0.3390913000002911,0.06702621391741559,0.01648085903642433,0.42084368830546737,1,3.331915855407715,128.0
1290,1e-05,0.3396458999995957,0.058211849187500775,0.02140813853059496,0.3158378090010956,1,4.0660200119018555,128.0
1291,1e-05,0.3400490999993053,0.031082672299817204,0.013504705258778163,0.1541284353006631,1,2.2686870098114014,128.0
1292,1e-05,0.3374578000002657,0.04903974256012589,0.01208381008888994,0.3077312692475971,1,2.071385145187378,128.0
1293,1e-05,0.33810170000288053,0.03324652591254562,0.016752177317227637,0.14870696002617478,1,2.143765687942505,128.0
1294,1e-05,0.3388145999997505,0.02342173154465854,0.01486140482925943,0.08334402288892306,1,1.55453622341156,128.0
1295,1e-05,0.33713429999988875,0.033831931999884546,0.011809548762227808,0.1879886030801572,1,2.4562768936157227,128.0
1296,1e-05,0.3388555000019551,0.022635517874732614,0.012299063914854611,0.09499070458696224,1,1.9535163640975952,128.0
1297,1e-05,0.337771899998188,0.046684002852998674,0.007810407783836126,0.31879917008336633,1,2.4823813438415527,128.0
1298,1e-05,0.3397100000001956,0.03270138369407505,0.015145997583333935,0.15558909252285957,1,2.6087863445281982,128.0
1299,1e-05,0.33988940000199364,0.05661771656014025,0.019179040832178935,0.3186884464812465,1,3.806262493133545,128.0
1300,1e-05,0.33744909999950323,0.023027413175441325,0.015432169860494989,0.07619411940686405,1,0.7903430461883545,128.0
1301,1e-05,0.3400245000011637,0.020579754607751966,0.00943778402038983,0.0985735529102385,1,1.4210108518600464,128.0
1302,1e-05,0.3383252999992692,0.050777780008502305,0.013383909261652402,0.31253486158675514,1,3.665086507797241,128.0
1303,1e-05,0.3400517999980366,0.06107673008227721,0.010606989996241671,0.41436492884531617,1,4.396146297454834,128.0
1304,1e-05,0.35000289999879897,0.03853672789409757,0.017364047467708588,0.18674549367278814,1,3.278301954269409,128.0
1305,1e-05,0.3391276999973343,0.03134525008499622,0.016323739596243416,0.1364958283957094,1,2.5282835960388184,128.0
1306,1e-05,0.33990909999920405,0.052401221939362586,0.021569712586434826,0.2682217707624659,1,2.8071975708007812,128.0
1307,1e-05,0.34062489999996615,0.06373504991643131,0.015851191444588558,0.39892206143122166,1,2.8750855922698975,128.0
1308,1e-05,0.33902189999935217,0.04190876486245543,0.017163508305592195,0.21512556122615933,1,3.869170904159546,128.0
1309,1e-05,0.3390594999982568,0.022132741287350655,0.014600320186998163,0.07485969223853317,1,0.9386554956436157,128.0
1310,1e-05,0.34076659999846015,0.027932943543419242,0.013455291012568133,0.12927651102654636,1,1.661242961883545,128.0
1311,1e-05,0.33864720000201487,0.03843983984552324,0.01905083017689841,0.17416290869005024,1,1.2997808456420898,128.0
1312,1e-05,0.33747370000128285,0.02852815727237612,0.012311226621802365,0.14204667089506984,1,2.0504443645477295,128.0
1313,1e-05,0.33930079999845475,0.03767949971370399,0.01929646687182997,0.16636073176778154,1,1.832053780555725,128.0
1314,1e-05,0.3441725000011502,0.0819901317008771,0.017181722979460443,0.5356490225385642,1,7.001744747161865,128.0
1315,1e-05,0.3442160000013246,0.04143306496553123,0.013961067223655326,0.23373705660924315,1,2.172649383544922,128.0
1316,1e-05,0.34371660000033444,0.02652519114781171,0.010467291443741747,0.13893048308091238,1,1.4511268138885498,128.0
1317,1e-05,0.34061450000081095,0.04814540408551693,0.015619959948318345,0.2758234969805926,1,2.5161681175231934,128.0
1318,1e-05,0.3389529999985825,0.015310064190998673,0.011647421400994062,0.04094856360461563,1,0.8724887371063232,128.0
1319,1e-05,0.3389327000004414,0.01754180999705568,0.013286380429885216,0.04732982243876904,1,1.153618335723877,128.0
1320,1e-05,0.34101750000263564,0.02950204408261925,0.01442676835826465,0.13502897263970226,1,3.031649112701416,128.0
1321,1e-05,0.3399595999981102,0.0530041343299672,0.025933197300348963,0.24250070727430284,1,3.4069671630859375,128.0
1322,1e-05,0.33904270000130055,0.03475547570269555,0.016751078090497425,0.16078626126545714,1,2.188011884689331,128.0
1323,1e-05,0.34178370000154246,0.027731796028092504,0.012976400920056872,0.1310195615515113,1,2.266324996948242,128.0
1324,1e-05,0.3458728000005067,0.04644536040723324,0.014697544941944736,0.2686800586525351,1,3.3816819190979004,128.0
1325,1e-05,0.34590550000211806,0.024053309811279178,0.017495613412133286,0.06995718833059072,1,1.4614460468292236,128.0
1326,1e-05,0.3450972999999067,0.02736132894642651,0.01631949975022248,0.10465413791825995,1,0.8983302116394043,128.0
1327,1e-05,0.34527969999908237,0.02681413374375552,0.011818776106727975,0.13178162858821452,1,1.2602847814559937,128.0
1328,1e-05,0.3441421999996237,0.023347095411736518,0.00827902861471687,0.12882355298643233,1,1.3763422966003418,128.0
1329,1e-05,0.34572900000057416,0.025426955544389784,0.011862275922404868,0.12037971604149789,1,1.366852045059204,128.0
1330,1e-05,0.3458664999998291,0.03489315812475979,0.012629982749266284,0.19073536875657737,1,1.9011155366897583,128.0
1331,1e-05,0.34503960000074585,0.027714277617633343,0.01149048622963684,0.1412808199529536,1,1.8618613481521606,128.0
1332,1e-05,0.34493099999963306,0.02953321411041543,0.018565969242315208,0.10630393517203629,1,1.1823707818984985,128.0
1333,1e-05,0.3450881999997364,0.045505224843509495,0.02151687822437712,0.21342365340387914,1,4.030762672424316,128.0
1334,1e-05,0.3429735999998229,0.02509862231090665,0.01249220282105463,0.11334356269799173,1,1.213504672050476,128.0
1335,1e-05,0.34051800000088406,0.02775097277481109,0.011726138747430273,0.13992482016328722,1,1.5794730186462402,128.0
1336,1e-05,0.33968280000044615,0.045288531575351954,0.0280497885708298,0.16595972725190222,1,2.558988332748413,128.0
1337,1e-05,0.3395487999987381,0.021278172673191875,0.012810088960187776,0.08055475786386523,1,1.210281252861023,128.0
1338,1e-05,0.3386287999965134,0.05362663679989055,0.03263833886012435,0.20054472424089909,1,1.595114827156067,128.0
1339,1e-05,0.33921550000013667,0.05126391991507262,0.018094914133793542,0.2834469673107378,1,2.1563727855682373,128.0
1340,1e-05,0.3371875999982876,0.029666528047528118,0.017000442038157156,0.11832912886166014,1,1.057437539100647,128.0
1341,1e-05,0.3438623000001826,0.07735326478723437,0.011802685979221548,0.5362072850111872,1,4.2782745361328125,128.0
1342,1e-05,0.34715219999998226,0.04863175697391853,0.009706907506499971,0.32110570711665787,1,3.9809229373931885,128.0
1343,1e-05,0.3415774999994028,0.04058116162195802,0.01894059218466282,0.19206514638790395,1,2.6629552841186523,128.0
1344,1e-05,0.3398196999987704,0.04429070802871138,0.02153541799634695,0.20357773537398316,1,1.5478019714355469,128.0
1345,1e-05,0.33922339999844553,0.02882131515070796,0.00965341945577945,0.16299657511990517,1,3.225903272628784,128.0
1346,1e-05,0.3375455999994301,0.06393175455741584,0.012796730667884861,0.4218769274884835,1,2.1085729598999023,128.0
1347,1e-05,0.33815929999764194,0.027980559039860964,0.015148704738489218,0.11780353187350556,1,1.2484817504882812,128.0
1348,1e-05,0.33923499999946216,0.04797693225555122,0.014090297411062888,0.2851833832100965,1,2.8768696784973145,128.0
1349,1e-05,0.337923300001421,0.0377723581623286,0.02406377305409738,0.13373244553804398,1,1.3171969652175903,128.0
1350,1e-05,0.3386821999993117,0.03479941363912076,0.018699530445571457,0.14749859704170376,1,1.8967394828796387,128.0
1351,1e-05,0.3401856000018597,0.03103995439596474,0.014863815225128616,0.1442729263799265,1,1.526912808418274,128.0
1352,1e-05,0.3384519999999611,0.023052936419844627,0.01167502606819783,0.10269831102777971,1,1.0992730855941772,128.0
1353,1e-05,0.3391561000025831,0.028133589774370193,0.013949308411351271,0.12742356018861756,1,1.1517231464385986,128.0
1354,1e-05,0.34060719999979483,0.02083259215578437,0.016430470560278212,0.051647436106577516,1,1.044765830039978,128.0
1355,1e-05,0.33972459999858984,0.06258369889110327,0.01840037400169032,0.3718669838854112,1,2.0157558917999268,128.0
1356,1e-05,0.34026359999916167,0.042109813541173935,0.021852248281772648,0.18391277486807667,1,2.334580898284912,128.0
1357,1e-05,0.33825789999900735,0.017556138715008274,0.015369047676878316,0.03286577499238774,1,1.0704631805419922,128.0
1358,1e-05,0.3376088000004529,0.024005820450838655,0.009729663508811168,0.12393891985993832,1,0.954240620136261,128.0
1359,1e-05,0.3389680000000226,0.025771209271624684,0.01474229505817805,0.10297360830008984,1,1.1247676610946655,128.0
1360,1e-05,0.33838140000079875,0.02937699540052563,0.015237719286233187,0.12835192889906466,1,1.7709894180297852,128.0
1361,1e-05,0.339571700002125,0.05550169397611171,0.011539811135402747,0.3632348688552156,1,3.739342451095581,128.0
1362,1e-05,0.3384972999992897,0.05844823631923646,0.015631886598254954,0.3581626806408167,1,2.320615530014038,128.0
1363,1e-05,0.33748080000077607,0.05325663252733648,0.021590993872710636,0.27491610567085445,1,3.2282352447509766,128.0
1364,1e-05,0.3405814999969152,0.027823987882584333,0.01554426657302039,0.11378204042557627,1,1.0425893068313599,128.0
1365,1e-05,0.3390966999977536,0.026570334564894438,0.016818217001855373,0.09483515517786145,1,1.8834805488586426,128.0
1366,1e-05,0.33845389999987674,0.02340872201602906,0.00819649560643094,0.12989430699963123,1,1.807608962059021,128.0
1367,1e-05,0.33882059999814373,0.01730899920221418,0.013867178200078862,0.04140174940766883,1,1.1665338277816772,128.0
1368,1e-05,0.3388707999984035,0.055802264250814915,0.018948848326025263,0.3137761808466166,1,2.439540147781372,128.0
1369,1e-05,0.3389122000007774,0.029635887825861573,0.021037794716124023,0.08982253819704056,1,1.1412898302078247,128.0
1370,1e-05,0.33793949999744655,0.037009748397395015,0.019221053059612,0.16153061273507774,1,1.2737561464309692,128.0
1371,1e-05,0.339137999999366,0.07283507054671645,0.017542542224483832,0.4598827629815787,1,5.372907638549805,128.0
1372,1e-05,0.3416868999993312,0.03681166050955653,0.016106686355280026,0.18174646887928247,1,1.8878021240234375,128.0
1373,1e-05,0.33823499999925843,0.050046148942783475,0.03614811705691474,0.14733237959444523,1,1.9030120372772217,128.0
1374,1e-05,0.3384504999994533,0.04235038347542286,0.015289848603840386,0.23177412385120988,1,1.6492949724197388,128.0
1375,1e-05,0.33895470000061323,0.039633708307519555,0.012455260647194726,0.2298828454950126,1,3.117666244506836,128.0
1376,1e-05,0.3392307999965851,0.03986494860146195,0.012793249251054866,0.22936684679007158,1,1.6166707277297974,128.0
1377,1e-05,0.3401954000000842,0.016898751084227115,0.013547183014452457,0.04035972832934931,1,1.6794474124908447,128.0
1378,1e-05,0.3378405000003113,0.037429456948302686,0.017121960542031696,0.17958193088998087,1,3.362358570098877,128.0
1379,1e-05,0.34055070000249543,0.03514388296753168,0.017390220492546047,0.15941952785942703,1,2.3959312438964844,128.0
1380,1e-05,0.33882400000220514,0.03978381119668484,0.010941295485411371,0.24168141919653863,1,2.31331729888916,128.0
1381,1e-05,0.3386417999972764,0.31298801413504407,0.012820931018463202,2.4141579410643317,1,11.336913108825684,128.0
1382,1e-05,0.3396503000003577,0.029510009568184614,0.019336508187864507,0.10072452062740922,1,1.8039360046386719,128.0
1383,1e-05,0.3374197999983153,0.03699967951979488,0.012692456931940146,0.20715024322271347,1,1.5922943353652954,128.0
1384,1e-05,0.3367662999989989,0.0434135920368135,0.01958083374691861,0.2102429117076099,1,2.442458391189575,128.0
1385,1e-05,0.33765040000071167,0.02865306765306741,0.019040529017469714,0.09594083914998919,1,2.2920784950256348,128.0
1386,1e-05,0.3367158000000927,0.02049838751554489,0.012563912597085749,0.0760397098492831,1,1.1537410020828247,128.0
1387,1e-05,0.33707200000208104,0.026797678787261248,0.01544282678514719,0.10628164384979755,1,1.8787990808486938,128.0
1388,1e-05,0.33868120000261115,0.0324272639118135,0.015376512626452106,0.15178253379417583,1,2.361387252807617,128.0
1389,1e-05,0.3407856999983778,0.027333767444361,0.014896950950579984,0.11439148080535233,1,1.9856457710266113,128.0
1390,1e-05,0.3409443000018655,0.045617072843015194,0.011453147977590561,0.2847645463771187,1,3.7967703342437744,128.0
1391,1e-05,0.3399656000001414,0.02097406581742689,0.010820751277995961,0.09204727072574315,1,1.2408711910247803,128.0
1392,1e-05,0.33949279999797,0.025539812282659113,0.011525830453527825,0.12363768951036036,1,1.9246453046798706,128.0
1393,1e-05,0.3390423999990162,0.03809193230699748,0.021684454354856695,0.1529442840255797,1,2.249955177307129,128.0
1394,1e-05,0.34039479999773903,0.04786357772536576,0.01307744872091072,0.291366477496922,1,3.106773853302002,128.0
1395,1e-05,0.3378914999993867,0.051788674551062286,0.02314459442693208,0.2522972415317781,1,2.143799066543579,128.0
1396,1e-05,0.3394010999982129,0.03335974714718759,0.014590237688805376,0.16474630439915927,1,1.5263330936431885,128.0
1397,1e-05,0.3380805999986478,0.02899555815383792,0.01375873074201601,0.13565334914892446,1,2.5342280864715576,128.0
1398,1e-05,0.33983319999970263,0.020307454047724605,0.012161289740886008,0.07733060186728835,1,1.4082213640213013,128.0
1399,1e-05,0.3390590000017255,0.025294710299931467,0.01664542393492801,0.08583971683401614,1,2.173583745956421,128.0
1400,1e-05,0.34033780000027036,0.026974702952429652,0.01836718386039138,0.08722733781905845,1,1.2433582544326782,128.0
1401,1e-05,0.3417794999986654,0.03343352535739541,0.023902977550668374,0.10014736058656126,1,0.9612470269203186,128.0
1402,1e-05,0.3398047000009683,0.03905799402855337,0.025620230739670142,0.13312233588658273,1,2.4815289974212646,128.0
1403,1e-05,0.340925900000002,0.03295092948246747,0.012505858072212763,0.17606642213650048,1,2.612680196762085,128.0
1404,1e-05,0.34412849999716855,0.02684716449584812,0.01078966083670301,0.13924968638457358,1,0.9339258074760437,128.0
1405,1e-05,0.33841340000071796,0.029443694627843797,0.016214465855487754,0.12204829603433609,1,1.3773980140686035,128.0
1406,1e-05,0.3376600999981747,0.032659280695952475,0.016428219686661447,0.1462767026387155,1,2.0642054080963135,128.0
1407,1e-05,0.33733099999881233,0.04063311999198049,0.012500758349363292,0.2375596434576437,1,2.0671372413635254,128.0
1408,1e-05,0.3389223000012862,0.03753812797367573,0.015219279764486211,0.1937700693961233,1,3.0438966751098633,128.0
1409,1e-05,0.34028099999704864,0.035152691474650055,0.02519894371341382,0.10482892335858196,1,1.3720906972885132,128.0
1410,1e-05,0.3388926999978139,0.01964773950749077,0.016917104333905236,0.03876218944787979,1,0.9642357230186462,128.0
1411,1e-05,0.34157799999957206,0.0471764518879354,0.010840925720653363,0.3015251522883773,1,3.362020969390869,128.0
1412,1e-05,0.338834099999076,0.1101915284525603,0.018628856699381555,0.7511302356142551,1,5.035440921783447,128.0
1413,1e-05,0.3393991000011738,0.015817719395272434,0.007275778733726058,0.07561130850808695,1,1.2130682468414307,128.0
1414,1e-05,0.3400677999998152,0.03449205996003002,0.017077633312770298,0.15639305370859802,1,1.9524565935134888,128.0
1415,1e-05,0.3389201999998477,0.04047113168053329,0.016273480507412126,0.20985468004073482,1,2.500553607940674,128.0
1416,1e-05,0.34078600000066217,0.054454848635941744,0.01156696178285139,0.3546700722145033,1,4.9063496589660645,128.0
1417,1e-05,0.33999169999879086,0.03193752479273826,0.012162398613457168,0.1703634028963279,1,2.5634806156158447,128.0
1418,1e-05,0.33837320000020554,0.021931259223492816,0.012015905364283494,0.0913387400796637,1,0.9849715232849121,128.0
1419,1e-05,0.3380730000026233,0.023444210062734783,0.012233239199434007,0.10192099929554388,1,1.0094598531723022,128.0
1420,1e-05,0.33812359999865294,0.025447652908042073,0.015511550142296724,0.0950003729085438,1,1.3799502849578857,128.0
1421,1e-05,0.3373790999976336,0.03647505337721668,0.01593734972578074,0.1802389872027561,1,2.0440831184387207,128.0
1422,1e-05,0.34029519999967306,0.09215158864390105,0.013476801570504904,0.6428750801132992,1,6.791064739227295,128.0
1423,1e-05,0.33839760000046226,0.02058050874620676,0.0140098826627114,0.06657489509962033,1,1.069887638092041,128.0
1424,1e-05,0.3393761000006634,0.028822460561059415,0.009448520905737365,0.16444003395736217,1,3.833980083465576,128.0
1425,1e-05,0.3395429999982298,0.03036328183952719,0.015261549236518996,0.13607540960947517,1,1.9204140901565552,128.0
1426,1e-05,0.34012340000117547,0.018826143466867507,0.00900867727718183,0.08754840579422307,1,1.7457756996154785,128.0
1427,1e-05,0.3388734000000113,0.02911515743471682,0.012575853682522262,0.14489028230309486,1,2.498919725418091,128.0
1428,1e-05,0.33837380000113626,0.09214913914911449,0.020704851618834903,0.592259140801616,1,4.532016754150391,128.0
1429,1e-05,0.3380293999980495,0.021659099496901035,0.014173156515296017,0.07406069535500137,1,1.5376161336898804,128.0
1430,1e-05,0.33655690000159666,0.01692756451666355,0.011076319563601698,0.0578862827969715,1,0.8955300450325012,128.0
1431,1e-05,0.33912039999995613,0.05350594560150057,0.013013290707021952,0.3369545185422851,1,2.12155818939209,128.0
1432,1e-05,0.3382311999994272,0.028352057794108987,0.01720561339919056,0.10637717204372166,1,1.3442264795303345,128.0
1433,1e-05,0.3389902999988408,0.018259566510096192,0.011682050901332073,0.06430217833258212,1,1.580243468284607,128.0
1434,1e-05,0.3389860999996017,0.027381210937164724,0.018908841269356862,0.08668779581785202,1,1.176601767539978,128.0
1435,1e-05,0.33870939999906113,0.04362062399741262,0.012762498609455568,0.25962751009501517,1,3.3779571056365967,128.0
1436,1e-05,0.3399609000007331,0.01669269590638578,0.012698063194485647,0.044655128731392324,1,0.8329117298126221,128.0
1437,1e-05,0.3401512000018556,0.07162016769871116,0.012595506384968758,0.484792772680521,1,2.126991033554077,128.0
1438,1e-05,0.33944100000007893,0.031420193845406175,0.010075613290869765,0.1808322613069322,1,2.7617597579956055,128.0
1439,1e-05,0.33836390000215033,0.02372606477001682,0.012671405116894416,0.10110868386982474,1,0.891358494758606,128.0
1440,1e-05,0.33930830000099377,0.023307585041038692,0.012603134049900941,0.09823873732239008,1,1.3887087106704712,128.0
1441,1e-05,0.33744469999874127,0.0830452594673261,0.01363522226789168,0.5689155476284213,1,4.85269832611084,128.0
1442,1e-05,0.338962800000445,0.0355623799841851,0.014925547476325716,0.18002021219581366,1,2.3344979286193848,128.0
1443,1e-05,0.33805949999805307,0.036886848509311676,0.016896578749375685,0.1768187403195043,1,1.5207138061523438,128.0
1444,1e-05,0.3383633999983431,0.02356213633902371,0.01800479194415467,0.06246354803442955,1,1.2840478420257568,128.0
1445,1e-05,0.3380360000010114,0.0486801634542644,0.020087229819702252,0.24883069447241724,1,3.503006935119629,128.0
1446,1e-05,0.33803479999915,0.058764572720974684,0.017640560466263975,0.3466326394700445,1,4.7634968757629395,128.0
1447,1e-05,0.3405650999993668,0.06530287011992186,0.01652396284043789,0.40675525227561593,1,5.788458824157715,128.0
1448,1e-05,0.33958459999848856,0.022739232517778873,0.01380703185818025,0.0852646358544007,1,2.6270852088928223,128.0
1449,1e-05,0.3405891000002157,0.03146759106311947,0.021969748394829885,0.09795248793670908,1,1.4328820705413818,128.0
1450,1e-05,0.3373582999993232,0.02912710141390562,0.01997117738106421,0.09321857255417854,1,0.9285143613815308,128.0
1451,1e-05,0.3396736000031524,0.04738049360457808,0.02057867051501359,0.23499324987642467,1,3.7606184482574463,128.0
1452,1e-05,0.3379334999990533,0.02664420660585165,0.015905005258641074,0.10181861137971282,1,1.9812430143356323,128.0
1453,1e-05,0.33934399999998277,0.02049107465427369,0.017313380925250903,0.04273493471555412,1,1.5022300481796265,128.0
1454,1e-05,0.33913920000122744,0.034723524702712893,0.02358351242063301,0.11270361405331641,1,2.489191770553589,128.0
1455,1e-05,0.3410262999968836,0.025127636501565576,0.014102164655923843,0.1023059367435053,1,1.3208425045013428,128.0
1456,1e-05,0.33718230000158655,0.034199394285678864,0.012309835658275656,0.18742630816996098,1,1.684362530708313,128.0
1457,1e-05,0.33901479999985895,0.02246104134246707,0.011189247780878629,0.10136360005708411,1,1.4142818450927734,128.0
1458,1e-05,0.33898079999926267,0.03449393808841705,0.015840604302606413,0.16506727179512382,1,2.57094407081604,128.0
1459,1e-05,0.33963260000018636,0.026962188305333257,0.01567921707672732,0.10594297808711417,1,2.289196252822876,128.0
1460,1e-05,0.34253419999731705,0.04772290354594588,0.01959004226539816,0.2446529330627527,1,2.3817834854125977,128.0
1461,1e-05,0.33792190000167466,0.02803339244564995,0.010203254342611347,0.1528443506831536,1,2.125598669052124,128.0
1462,1e-05,0.33954369999992196,0.04448545863851905,0.02871094344715987,0.15490706032142043,1,3.4907636642456055,128.0
1463,1e-05,0.33918979999725707,0.0244873461779207,0.017605646779494628,0.07265924126841128,1,1.4903589487075806,128.0
1464,1e-05,0.3388364999991609,0.1382586871040985,0.017772692255675793,0.9816606605891138,1,5.370450496673584,128.0
1465,1e-05,0.3363781000007293,0.02239901974098757,0.013199497612991504,0.08679567882791162,1,1.127894639968872,128.0
1466,1e-05,0.3382521999992605,0.027970826777163893,0.01862810691818595,0.0933698553708382,1,1.0427141189575195,128.0
1467,1e-05,0.3369277999991027,0.027362066321074963,0.014291165063955955,0.11885837884619832,1,1.8925111293792725,128.0
1468,1e-05,0.3388859999977285,0.03220760897966102,0.01193742297722825,0.17409889749251306,1,2.1295719146728516,128.0
1469,1e-05,0.33890170000086073,0.024116049869917333,0.015437748017055648,0.08486415771767497,1,1.0733155012130737,128.0
1470,1e-05,0.3375960999983363,0.06679900840390474,0.015631645784846375,0.4249705304391682,1,2.4061741828918457,128.0
1471,1e-05,0.33824900000035996,0.018941908376291394,0.009983427423451628,0.08165127445317921,1,1.4213194847106934,128.0
1472,1e-05,0.3407627999986289,0.1557226125150919,0.018303314356931617,1.117657698749099,1,8.00991439819336,128.0
1473,1e-05,0.33852889999980107,0.025670332252047956,0.011604981862806849,0.1241277881199494,1,3.074338912963867,128.0
1474,1e-05,0.33801260000109323,0.02920261793769896,0.012609112542122602,0.14535716245882213,1,2.3927001953125,128.0
1475,1e-05,0.3375592000011238,0.16373208141885698,0.014668963982590608,1.2071738447993994,1,8.481220245361328,128.0
1476,1e-05,0.33833969999977853,0.034749439102597535,0.015736577666497657,0.16783946740906686,1,1.1917935609817505,128.0
1477,1e-05,0.33862740000040503,0.04644421488046646,0.02275153449071305,0.21229297554236837,1,3.552799701690674,128.0
1478,1e-05,0.3364666000015859,0.024026128463447094,0.021600072538214072,0.0410085175462882,1,2.2157328128814697,128.0
1479,1e-05,0.3395624999975553,0.025381666026078165,0.013531403616070747,0.10833350801840425,1,1.5121831893920898,128.0
1480,1e-05,0.3373713000000862,0.0500647178851068,0.016560776691351618,0.28459231555461884,1,3.0520219802856445,128.0
1481,1e-05,0.3406275999986974,0.02553539798827842,0.012146814177477998,0.11925548024009913,1,1.8537324666976929,128.0
1482,1e-05,0.33953569999721367,0.06846485624555498,0.00988677776019488,0.4785113795660436,1,8.459582328796387,128.0
1483,1e-05,0.3400341999986267,0.043387060752138495,0.013402028741048915,0.25328229006845504,1,3.0740463733673096,128.0
1484,1e-05,0.3381945999972231,0.03627819602843374,0.012854185354496752,0.20024626783560961,1,1.954468846321106,128.0
1485,1e-05,0.3384931000000506,0.024124254938215017,0.015739209484308958,0.08281956589780748,1,1.5377751588821411,128.0
1486,1e-05,0.33757319999858737,0.023015435435809195,0.020727555799697126,0.03903059255389962,1,2.000717878341675,128.0
1487,1e-05,0.3375850000011269,0.15868096228223294,0.012187010708398052,1.1841386900632642,1,5.72405481338501,128.0
1488,1e-05,0.3397127999996883,0.0336341040674597,0.010990146148417677,0.1921418064739555,1,2.0410354137420654,128.0
1489,1e-05,0.33875930000067456,0.025341023690998554,0.022781267096953734,0.04325931624043733,1,1.2224493026733398,128.0
1490,1e-05,0.33849860000191256,0.025267349323257804,0.011276592833123036,0.12320264882873744,1,1.8759636878967285,128.0
1491,1e-05,0.34203419999903417,0.025183357996866107,0.017207234598962323,0.08101621642708778,1,2.651688814163208,128.0
1492,1e-05,0.3440740000005462,0.015353295661043376,0.008778326313144394,0.06137808389030397,1,1.2721284627914429,128.0
1493,1e-05,0.34542570000121486,0.033499721204862,0.018883944489061832,0.13581014913506806,1,1.9446462392807007,128.0
1494,1e-05,0.3415547000004153,0.02359789633192122,0.014169442467391491,0.0895970627607312,1,1.174289345741272,128.0
1495,1e-05,0.34039599999960046,0.014823689591139555,0.011269010270812682,0.039706444018520415,1,2.259573221206665,128.0
1496,1e-05,0.3400542999988829,0.022634661057963967,0.0172038661049945,0.06065022718394175,1,1.2538751363754272,128.0
1497,1e-05,0.3385797000009916,0.05260083021130413,0.019499130014862334,0.28431274299509823,1,2.189824104309082,128.0
1498,1e-05,0.3399922999997216,0.049087346240412444,0.012590888288936444,0.3045625523664057,1,3.41684627532959,128.0
1499,1e-05,0.33994589999929303,0.02794082765467465,0.009970213452886258,0.1537351257284172,1,1.902724027633667,128.0
1500,1e-05,0.33951130000059493,0.0419806654099375,0.012609784557883228,0.24757684022188187,1,4.470921993255615,128.0
1501,1e-05,0.340886900001351,0.0417014739359729,0.013235999869980983,0.2409597928635776,1,4.1063232421875,128.0
1502,1e-05,0.3559642000000167,0.02830857620574534,0.01318177514310394,0.1341961864673067,1,2.1309125423431396,128.0
1503,1e-05,0.34069730000192067,0.05364040215499699,0.023056910473055074,0.2677248392456022,1,3.7850565910339355,128.0
1504,1e-05,0.35035379999681027,0.02223900065291673,0.015603165474853345,0.06868984858738258,1,1.4089038372039795,128.0
1505,1e-05,0.33884739999848534,0.04681496846023947,0.0131548744227205,0.2824356253258884,1,3.2742552757263184,128.0
1506,1e-05,0.3409167999998317,0.035925077565480024,0.016474014148116112,0.1720825312222587,1,2.5653858184814453,128.0
1507,1e-05,0.33953810000093654,0.03698455169796944,0.026251257929418768,0.11211760339210741,1,1.453809142112732,128.0
1508,1e-05,0.3382473999990907,0.023690644942689687,0.01616291136347822,0.0763847769703716,1,0.9983710646629333,128.0
1509,1e-05,0.33928630000082194,0.0441768707241863,0.013541672046163253,0.2586232682224363,1,2.9947941303253174,128.0
1510,1e-05,0.3399664999997185,0.05473004741361365,0.0124726996624044,0.35053144861012697,1,2.464350461959839,128.0
1511,1e-05,0.33867839999948046,0.02880609838757664,0.0248941364698112,0.05618982878513634,1,2.1530351638793945,128.0
1512,1e-05,0.33895099999790546,0.025931143085472286,0.011356574416692768,0.12795312842354178,1,2.464416980743408,128.0
1513,1e-05,0.3392329000016616,0.059731328627094626,0.013789692228393895,0.3813227635109797,1,2.1890575885772705,128.0
1514,1e-05,0.34090680000008433,0.11432377505116165,0.02088499508265938,0.7683952264487743,1,4.753664970397949,128.0
1515,1e-05,0.33791719999862835,0.03488289879169315,0.01518402827371444,0.17277498880866915,1,1.6282252073287964,128.0
1516,1e-05,0.3398462000004656,0.03264376288279891,0.0155448852373021,0.15233591047581285,1,1.3427971601486206,128.0
1517,1e-05,0.33951410000008764,0.0518704685382545,0.013808205258101225,0.3183063145552296,1,2.4482369422912598,128.0
1518,1e-05,0.33938369999668794,0.021917321486398578,0.01154819829389453,0.09450118837412447,1,2.1434595584869385,128.0
1519,1e-05,0.3392063999999664,0.016139890358317643,0.01515427018914904,0.023039232508381247,1,0.7940987944602966,128.0
1520,1e-05,0.3385240000025078,0.04664641129784286,0.01754984282888472,0.25032238010317087,1,4.265279769897461,128.0
1521,1e-05,0.34050000000206637,0.05489000794477761,0.01561518372701747,0.32981377840042114,1,5.137833595275879,128.0
1522,1e-05,0.34098630000153207,0.022940134804230183,0.01811927483816232,0.056686158233787864,1,0.9001145958900452,128.0
1523,1e-05,0.3384896999996272,0.029826514481101185,0.023744810073237334,0.07239843905699672,1,2.120695114135742,128.0
1524,1e-05,0.33893019999959506,0.050394288497045636,0.02986951232222574,0.19406773283844814,1,2.0641565322875977,128.0
1525,1e-05,0.33830899999884423,0.026683394447900355,0.019852017983794212,0.07450303272344172,1,1.231115460395813,128.0
1526,1e-05,0.3383881999980076,0.03604836855083704,0.01461423747241497,0.18608729599509388,1,2.640897512435913,128.0
1527,1e-05,0.3386958999981289,0.034047033987008035,0.019568320829421282,0.13539802841842175,1,2.6925208568573,128.0
1528,1e-05,0.3375986000028206,0.022754295961931348,0.018557561228850057,0.05213143734727055,1,1.0094891786575317,128.0
1529,1e-05,0.3384790000018256,0.030945934588089585,0.00934634477432285,0.182143054655171,1,2.472858190536499,128.0
1530,1e-05,0.3376867000006314,0.033023428870365024,0.020010466654119746,0.12411416454415303,1,1.8028550148010254,128.0
1531,1e-05,0.33836300000257324,0.02272032416658476,0.015473946729408843,0.07344496896257624,1,1.312667965888977,128.0
1532,1e-05,0.3394765999983065,0.03538373566698283,0.01669377022023712,0.16621349076740444,1,3.6970911026000977,128.0
1533,1e-05,0.34014899999965564,0.041871766326949,0.015099034844232457,0.2292808861238882,1,1.771676778793335,128.0
1534,1e-05,0.3396753000015451,0.02225434361025691,0.016990571016711847,0.05910075727297226,1,0.8904680013656616,128.0
1535,1e-05,0.34252510000078473,0.03641797392629087,0.012570293686751808,0.20335172908380628,1,1.3591388463974,128.0
1536,1e-05,0.3413609999988694,0.01786060875747353,0.012277528244469847,0.05694217243581079,1,0.9001343250274658,128.0
1537,1e-05,0.34527820000221254,0.04809803934767842,0.009931873796241624,0.31526120379567146,1,2.3993661403656006,128.0
1538,1e-05,0.34397270000044955,0.02590564390993677,0.014643322377066528,0.1047418954258319,1,1.9886462688446045,128.0
1539,1e-05,0.3376226000000315,0.05074261699337512,0.01176181685046426,0.32360821892507374,1,1.9679535627365112,128.0
1540,1e-05,0.3377896999991208,0.016597045585513115,0.012933285108634405,0.042243365838658065,1,1.1603522300720215,128.0
1541,1e-05,0.341164999998,0.03595498844515532,0.012990922134901797,0.19670344522455707,1,2.525958299636841,128.0
1542,1e-05,0.3387169999987236,0.02129390905611217,0.01936851381989462,0.03477167757228017,1,1.032816767692566,128.0
1543,1e-05,0.3398315000013099,0.029228938627056777,0.013240896764078311,0.14114522497402504,1,1.1575806140899658,128.0
1544,1e-05,0.3421306000018376,0.020293372042942792,0.016362790849858096,0.047807441384065896,1,0.966294527053833,128.0
1545,1e-05,0.33970879999833414,0.041451265453360975,0.009780175784336669,0.26314888964407146,1,1.361153244972229,128.0
1546,1e-05,0.3402280000009341,0.0815386933973059,0.020302468644721166,0.5101922579342499,1,3.6532440185546875,128.0
1547,1e-05,0.3375463000011223,0.037529000896029174,0.01274994817296309,0.21098235045792535,1,2.106314182281494,128.0
1548,1e-05,0.33855709999988903,0.016608976060524583,0.008553615837757076,0.07299649751075776,1,1.5601760149002075,128.0
1549,1e-05,0.339713400000619,0.05077349487692118,0.033917776708092005,0.1687635243870318,1,3.538601875305176,128.0
1550,1e-05,0.3385069999967527,0.04106087927357294,0.011483659901257073,0.2481014101067558,1,4.235705375671387,128.0
1551,1e-05,0.3387896999993245,0.049848541617393494,0.013947885716333985,0.30115312279667705,1,1.91715407371521,128.0
1552,1e-05,0.34209629999895697,0.043352647218853235,0.02115692916725363,0.19872267288155854,1,2.0972373485565186,128.0
1553,1e-05,0.3427515000003041,0.058319039177149534,0.016534532819475447,0.35081059020012617,1,2.3893606662750244,128.0
1554,1e-05,0.33956190000026254,0.05316191562451422,0.014025557187518902,0.327116422355175,1,4.841007232666016,128.0
1555,1e-05,0.3379056000012497,0.05113176838494837,0.03917638771235943,0.13481942951329984,1,1.7184704542160034,128.0
1556,1e-05,0.33951130000059493,0.023500759270973504,0.017579343569065844,0.06495066720526665,1,1.2764323949813843,128.0
1557,1e-05,0.339937299999292,0.024895562208257616,0.01956957545397537,0.062177466053981334,1,1.960424780845642,128.0
1558,1e-05,0.3389802999990934,0.024931670748628676,0.014312158205679484,0.09926825427100994,1,1.469377040863037,128.0
1559,1e-05,0.34027590000187047,0.03483946493361145,0.0111469041689166,0.20068738418922294,1,2.0759146213531494,128.0
1560,1e-05,0.34009919999880367,0.02513034059666097,0.021294457438801016,0.0519815202569589,1,0.9650726318359375,128.0
1561,1e-05,0.3432539000023098,0.028241241874638945,0.012613989279738494,0.137632014346309,1,1.6185212135314941,128.0
1562,1e-05,0.3732401999986905,0.018811150104738772,0.0133820471486875,0.056814870087691816,1,1.9268592596054077,128.0
1563,1e-05,0.34379030000127386,0.0313443694030866,0.0138879462278315,0.1535393334852415,1,2.1685192584991455,128.0
1564,1e-05,0.3428548000010778,0.024864140897989273,0.013412759971937962,0.10502380435355008,1,0.9525169134140015,128.0
1565,1e-05,0.34266700000080164,0.03661651583388448,0.0191287928526955,0.15903057740069926,1,1.3591221570968628,128.0
1566,1e-05,0.3516094000005978,0.023085060820449144,0.02016104937398008,0.04355314536951482,1,1.0928637981414795,128.0
1567,1e-05,0.339282999997522,0.034575346391648054,0.015576910693198442,0.16756439628079534,1,1.627808928489685,128.0
1568,1e-05,0.3400853000021016,0.04333197639789432,0.012904509236770017,0.2563242587420973,1,4.321710586547852,128.0
1569,1e-05,0.33893520000128774,0.028943663695827127,0.013871609166796719,0.13444804332539206,1,2.006620168685913,128.0
1570,1e-05,0.339219099998445,0.024421356210950762,0.018794344970956445,0.06381043465808034,1,1.2474504709243774,128.0
1571,1e-05,0.3383317000007082,0.028617406031116843,0.014440733008086681,0.1278541064239107,1,1.8995534181594849,128.0
1572,1e-05,0.3398538999972516,0.058711270801723,0.013244185197566236,0.37698086351156235,1,2.2287378311157227,128.0
1573,1e-05,0.33910239999750047,0.2762079930398613,0.012834914228213685,2.1198194342432544,1,11.618328094482422,128.0
1574,1e-05,0.33934810000209836,0.04131194134242833,0.013805411889084749,0.23385764751583338,1,2.379384994506836,128.0
1575,1e-05,0.3412239999997837,0.08560414030216634,0.012216856104454823,0.5993151263101026,1,3.408311605453491,128.0
1576,1e-05,0.3399195000019972,0.03573293180670589,0.021245977907840694,0.137141615152359,1,2.0540685653686523,128.0
1577,1e-05,0.34060479999970994,0.06681755842873827,0.014721944395984923,0.431486901063181,1,6.383685111999512,128.0
1578,1e-05,0.339128299998265,0.029512810055166483,0.01677826319688133,0.11865463631693274,1,3.314466714859009,128.0
1579,1e-05,0.3410418999992544,0.062419741647318006,0.018448328532810723,0.37021963647566736,1,6.21476411819458,128.0
1580,1e-05,0.3378618999995524,0.02385024365503341,0.022832737703408514,0.030972783191828057,1,1.724579095840454,128.0
1581,1e-05,0.3405817999991996,0.02434661122970283,0.016668553464114666,0.07809301605448127,1,2.062068223953247,128.0
1582,1e-05,0.3413232999992033,0.03908202133607119,0.011214900695319687,0.23415187327191234,1,1.5881153345108032,128.0
1583,1e-05,0.33922530000199913,0.03240218851715326,0.014519649225154094,0.15757996262982488,1,1.7113523483276367,128.0
1584,1e-05,0.33841790000224137,0.07145282509736717,0.019164462174688066,0.4374713907018304,1,5.0504045486450195,128.0
1585,1e-05,0.34017320000202744,0.032839077175594866,0.011745740792581014,0.18049244116991758,1,2.243642807006836,128.0
1586,1e-05,0.3402808000028017,0.030697290552780032,0.015476644105677093,0.13724180846475065,1,2.0824992656707764,128.0
1587,1e-05,0.3389003000011144,0.038703422294929624,0.023667645640671253,0.1439538584672846,1,2.869006872177124,128.0
1588,1e-05,0.3417085000000952,0.03558960778173059,0.012833976186811924,0.1948790312599158,1,2.2697832584381104,128.0
1589,1e-05,0.33983900000021094,0.02906119223916903,0.021773850744856254,0.08007258421275765,1,1.3153882026672363,128.0
1590,1e-05,0.3390055999989272,0.025449923239648342,0.011852944070207221,0.12062878091819584,1,0.8921283483505249,128.0
1591,1e-05,0.34033719999933965,0.025838378118351102,0.013698125224826592,0.11082015579449944,1,1.3291771411895752,128.0
1592,1e-05,0.34120640000037383,0.0285225115949288,0.018994057617549385,0.09522169351112098,1,2.5919947624206543,128.0
1593,1e-05,0.339692900000955,0.033874383312650025,0.016708181439233676,0.15403779869666323,1,1.8813515901565552,128.0
1594,1e-05,0.3372885999997379,0.028243823093362153,0.012707240081259183,0.13699990522582084,1,2.089951753616333,128.0
1595,1e-05,0.34093729999949574,0.0480923997820355,0.012774568450238024,0.29531720918021165,1,2.569000482559204,128.0
1596,1e-05,0.34003950000260375,0.06420209555653855,0.012045538817931498,0.429297954775393,1,6.300846099853516,128.0
1597,1e-05,0.33975809999901685,0.07771092385519296,0.010797362109380109,0.5461058556102216,1,4.6176371574401855,128.0
1598,1e-05,0.34119339999961085,0.03163912991294637,0.022153646685183048,0.09803751658182591,1,1.8232769966125488,128.0
1599,1e-05,0.3407541000015044,0.07281755050644279,0.016750954490687166,0.4652837086468935,1,5.537410259246826,128.0
1600,1e-05,0.33928159999777563,0.10407148726517335,0.020412002623613392,0.6896878258266952,1,4.74922513961792,128.0
1601,1e-05,0.3401212000026135,0.037070584716275334,0.016405541017385467,0.1817258979426697,1,2.1001274585723877,128.0
1602,1e-05,0.3395981000030588,0.04391546151600778,0.01903070792156671,0.2181087173812557,1,2.626732587814331,128.0
1603,1e-05,0.34395170000061626,0.03278502484317869,0.015159784284021174,0.15616171224974096,1,2.4136791229248047,128.0
1604,1e-05,0.3423810999993293,0.03109393041813746,0.01836082831557308,0.12022564600920305,1,1.5092259645462036,128.0
1605,1e-05,0.33742509999865433,0.027536928071640432,0.011153795357261385,0.1422188601572998,1,1.640999436378479,128.0
1606,1e-05,0.3382229000017105,0.11349704687017947,0.00863711308089218,0.84751663566567,1,8.991726875305176,128.0
1607,1e-05,0.3399336000002222,0.0269897289108485,0.010513507761061192,0.14232327791978605,1,1.6023145914077759,128.0
1608,1e-05,0.34052169999995385,0.029243092867545784,0.015337781381926366,0.12658028025180101,1,1.2136526107788086,128.0
1609,1e-05,0.3391348000004655,0.02368788339663297,0.014138881117105484,0.0905309016816318,1,0.8713151216506958,128.0
1610,1e-05,0.3394131999993988,0.025126079097390175,0.02023128280416131,0.059389643371105194,1,1.9011256694793701,128.0
1611,1e-05,0.3387412000010954,0.047776100458577275,0.013847023182149445,0.28527965898769025,1,3.6854686737060547,128.0
1612,1e-05,0.33931959999972605,0.055554884718731046,0.013717277707265956,0.3484181446256116,1,3.637180805206299,128.0
1613,1e-05,0.34170409999933327,0.032327404187526554,0.013652067032775708,0.16305474736145698,1,3.360507011413574,128.0
1614,1e-05,0.3402060000007623,0.019190655671991408,0.012986744122047509,0.06261803803499788,1,0.7589853405952454,128.0
1615,1e-05,0.339568400002463,0.05671429820358753,0.013500945376498359,0.35920773865655065,1,4.649425506591797,128.0
1616,1e-05,0.33942519999982323,0.04221088159829378,0.018041392788290977,0.21139730949653313,1,1.9161431789398193,128.0
1617,1e-05,0.3381437999996706,0.015168553625699133,0.00988650441701923,0.05214290160802193,1,0.7512309551239014,128.0
1618,1e-05,0.33896439999807626,0.03896844538394362,0.011434386617371015,0.2317068639677018,1,2.904578924179077,128.0
1619,1e-05,0.3375086000014562,0.03424980101408437,0.010447996601994549,0.20086243143305182,1,2.0700647830963135,128.0
1620,1e-05,0.3379545000025246,0.017028976697474718,0.013205911731347442,0.04379042953951284,1,0.8699569702148438,128.0
1621,1e-05,0.3375591000003624,0.016333335312083364,0.01511569946472134,0.02485678979428485,1,0.7422325611114502,128.0
1622,1e-05,0.33787609999853885,0.0502667537657544,0.016960854675354704,0.28340805068728514,1,2.2425572872161865,128.0
1623,1e-05,0.3388167999983125,0.017882340704090893,0.011704092313136374,0.06113008176907897,1,1.5518988370895386,128.0
1624,1e-05,0.341217900000629,0.03232921636663377,0.011455842825983251,0.1784428369719535,1,2.3839163780212402,128.0
1625,1e-05,0.3400234000000637,0.06847814307548106,0.03506110814799156,0.30239737962256186,1,3.1728427410125732,128.0
1626,1e-05,0.34021410000059404,0.07424299488775432,0.01831910406638469,0.4657101961201988,1,2.6874263286590576,128.0
1627,1e-05,0.3398821000009775,0.07593662128783762,0.01697105448693037,0.4886955888941884,1,3.509368896484375,128.0
1628,1e-05,0.3432033999997657,0.029036697233095765,0.01841873981590782,0.10336240188917145,1,1.8535356521606445,128.0
1629,1e-05,0.3384038000003784,0.019939446123316884,0.012595266902020999,0.07134869927540421,1,1.4599908590316772,128.0
1630,1e-05,0.34137850000115577,0.02038422110490501,0.012291821684422237,0.07703101972583681,1,1.4085174798965454,128.0
1631,1e-05,0.33962139999857754,0.034595022443681955,0.0096967010426202,0.20888327294960618,1,1.117934226989746,128.0
1632,1e-05,0.34178329999849666,0.03410302533302456,0.01999576615967921,0.13285383430775255,1,1.977525234222412,128.0
1633,1e-05,0.340927000001102,0.01542880613123998,0.01096610611836825,0.046667707385495305,1,1.351449966430664,128.0
1634,1e-05,0.34114820000104373,0.03164395387284458,0.01273036069635834,0.16403909830842167,1,2.4053409099578857,128.0
1635,1e-05,0.33902060000036727,0.0245992949930951,0.017870405156697546,0.07170152459002566,1,1.3025263547897339,128.0
1636,1e-05,0.3384160999994492,0.03585022932384163,0.02168802624302251,0.13498565118061379,1,1.7212164402008057,128.0
1637,1e-05,0.3400995999982115,0.042829437647014856,0.014873844704457692,0.2385185887105763,1,3.8891618251800537,128.0
1638,1e-05,0.34051389999876847,0.031192341790301725,0.018940600799396634,0.11695452743151691,1,1.5227082967758179,128.0
1639,1e-05,0.3422683999997389,0.03746719635091722,0.017713461171037385,0.1757433293187205,1,3.257800579071045,128.0
1640,1e-05,0.3394704999991518,0.0460086579550989,0.010427906344245588,0.29507391413790174,1,4.785530090332031,128.0
1641,1e-05,0.3410745999972278,0.020246625528670847,0.012738024948963098,0.07280682225245982,1,1.410127878189087,128.0
1642,1e-05,0.33893970000281115,0.02891746675595641,0.013425065137978111,0.13736427694675513,1,1.6718255281448364,128.0
1643,1e-05,0.3395959000008588,0.015366506529971957,0.011749604317758764,0.04068482562433928,1,1.3092178106307983,128.0
1644,1e-05,0.3402334999991581,0.06050453963689506,0.01695980484198247,0.3653176747029647,1,2.3460795879364014,128.0
1645,1e-05,0.3404030000019702,0.02417344693094492,0.018610660385872637,0.06311295577324927,1,0.8905695080757141,128.0
1646,1e-05,0.34059960000013234,0.02272064716089517,0.017445063218474388,0.05964973382651806,1,1.15296471118927,128.0
1647,1e-05,0.3390339999969001,0.07933503715321422,0.010139313792543752,0.563705115346238,1,4.584547519683838,128.0
1648,1e-05,0.3401430999983859,0.033291711180936545,0.01868188224865922,0.13556051172781736,1,1.8880629539489746,128.0
1649,1e-05,0.3391440000013972,0.027760566968936473,0.013842201492350017,0.12518912099767476,1,1.5361131429672241,128.0
1650,1e-05,0.33964280000145664,0.05071239307289943,0.012304774485528469,0.3195657463511452,1,1.7108418941497803,128.0
1651,1e-05,0.3381654000004346,0.04368320613866672,0.014072806374835116,0.2509559973841533,1,3.1785638332366943,128.0
1652,1e-05,0.33891360000052373,0.05059616162907332,0.019258965239194886,0.26995654427446425,1,2.5705506801605225,128.0
1653,1e-05,0.33964560000094934,0.03366209485102445,0.011452499677294068,0.18912926595658064,1,1.7937020063400269,128.0
1654,1e-05,0.3407091999979457,0.031203852267935872,0.01603609323501587,0.13737815938293352,1,2.3500277996063232,128.0
1655,1e-05,0.33847139999852516,0.2988502978114411,0.015901673319084302,2.279490860826627,1,10.8286771774292,128.0
1656,1e-05,0.3412845000020752,0.025444133556447923,0.01080368465877005,0.12792727931810077,1,1.5227712392807007,128.0
1657,1e-05,0.33829850000256556,0.033822677738498896,0.012096877808549575,0.1859032644088643,1,3.2725636959075928,128.0
1658,1e-05,0.3383109999995213,0.05724776891293004,0.020036328051771437,0.31772785990324337,1,4.247623443603516,128.0
1659,1e-05,0.33788129999811645,0.04017773305531591,0.016606027459991828,0.2051796864834614,1,3.1106762886047363,128.0
1660,1e-05,0.33905209999647923,0.036957441247068346,0.013958208395966462,0.19795207725837827,1,2.75333833694458,128.0
1661,1e-05,0.33908819999851403,0.20495710067916662,0.01746647522252585,1.5173914111510385,1,9.23896598815918,128.0
1662,1e-05,0.33940290000100504,0.02530512702651322,0.011812310931938035,0.1197548390191514,1,2.2703304290771484,128.0
1663,1e-05,0.33915519999936805,0.03739531571045518,0.019581336927201067,0.1620931671350263,1,2.325772285461426,128.0
1664,1e-05,0.34006399999998393,0.06118256109766662,0.02389535720327071,0.3221929940627888,1,4.531049728393555,128.0
1665,1e-05,0.3398049000024912,0.024369247490540147,0.013982512888365559,0.0970763850491494,1,1.418836236000061,128.0
1666,1e-05,0.34018449999712175,0.044220385199878365,0.008323178427027804,0.29550083915819414,1,4.645560264587402,128.0
1667,1e-05,0.3412080000016431,0.03194069070741534,0.011006321891077928,0.1784812711412087,1,2.048189401626587,128.0
1668,1e-05,0.3425403000001097,0.03909164178185165,0.013370584496962172,0.21913903462700546,1,2.3405656814575195,128.0
1669,1e-05,0.3398001000023214,0.04794660897459835,0.011700245285672801,0.3016711389645934,1,5.005212306976318,128.0
1670,1e-05,0.3403308000015386,0.044834712403826416,0.02143480089892234,0.20863408915465698,1,2.9429779052734375,128.0
1671,1e-05,0.34082409999973606,0.02697529725264758,0.019278225655268346,0.08085479901637882,1,1.666550636291504,128.0
1672,1e-05,0.34059630000047036,0.036227370146662,0.018120872122900828,0.16297284699976444,1,1.9763942956924438,128.0
1673,1e-05,0.3407511000004888,0.03458336542826146,0.028347548230418136,0.07823407205432886,1,1.8086456060409546,128.0
1674,1e-05,0.3388807999981509,0.03106475406093523,0.019514442421495914,0.11191693344153464,1,1.728095293045044,128.0
1675,1e-05,0.33967760000086855,0.037355398992076516,0.020315001452607766,0.15663817909080535,1,2.9626762866973877,128.0
1676,1e-05,0.3392003000008117,0.05285059113521129,0.00991323557017105,0.3534120609983802,1,5.296975135803223,128.0
1677,1e-05,0.3399071999992884,0.07474362471839413,0.014500302861311607,0.4964468693942763,1,3.1351311206817627,128.0
1678,1e-05,0.33905159999994794,0.031639462104067206,0.015617356269753404,0.14379420480690897,1,1.9442775249481201,128.0
1679,1e-05,0.3392561000000569,0.042132079252041876,0.017679827620408366,0.21329784918634687,1,1.599348545074463,128.0
1680,1e-05,0.33986640000148327,0.09188545891083777,0.016603841113724878,0.618856752756983,1,3.946566581726074,128.0
1681,1e-05,0.3396792000021378,0.02317128051072359,0.021719602468822683,0.033333030878566206,1,1.5863088369369507,128.0
1682,1e-05,0.3421228999977757,0.031501076417043805,0.01030362630262971,0.17988322500605136,1,1.1559263467788696,128.0
1683,1e-05,0.34004320000167354,0.024709583434741944,0.015328849865389722,0.0903747137854225,1,1.6658908128738403,128.0
1684,1e-05,0.33836779999910505,0.032596873526927084,0.01502925533402179,0.15557020201231353,1,1.8221404552459717,128.0
1685,1e-05,0.33833429999867803,0.0335489958524704,0.012311991836343492,0.1822080233887391,1,1.675605058670044,128.0
1686,1e-05,0.33877989999746205,0.04735530726611614,0.00998504918866924,0.3089471007697284,1,2.2268307209014893,128.0
1687,1e-05,0.34056820000114385,0.0408514819573611,0.015327595340620195,0.21951869316399097,1,1.7541440725326538,128.0
1688,1e-05,0.3395634999978938,0.030005091393832117,0.012610476929694414,0.15176739025628194,1,1.661030650138855,128.0
1689,1e-05,0.3387540000003355,0.11617197818122804,0.024773065666002885,0.7559643820859492,1,2.950106143951416,128.0
1690,1e-05,0.3388803999987431,0.027191600296646357,0.014180871059319802,0.11826671124435961,1,1.4029985666275024,128.0
1691,1e-05,0.340655500000139,0.033378337626345456,0.014684524121029037,0.16423502354882658,1,1.686671495437622,128.0
1692,1e-05,0.3400646999980381,0.044554902182426304,0.012571105800036873,0.2684414820105303,1,1.8761094808578491,128.0
1693,1e-05,0.33930599999803235,0.03358412883244455,0.014910423063806124,0.16430006618611515,1,2.210545539855957,128.0
1694,1e-05,0.34012589999838383,0.03216927277389914,0.01317221179072346,0.16514869348611683,1,2.344989538192749,128.0
1695,1e-05,0.33890599999722326,0.02480463613756001,0.016034919070079923,0.0861926559737185,1,1.6296087503433228,128.0
1696,1e-05,0.3389155999975628,0.04075066576479003,0.021581211925617287,0.17493683521752246,1,2.9846279621124268,128.0
1697,1e-05,0.34124850000080187,0.03906314936466515,0.018025614354493364,0.18632590165361762,1,3.35075306892395,128.0
1698,1e-05,0.3387235999980476,0.04968726052902639,0.02648205709244524,0.21212368868873455,1,2.510443687438965,128.0
1699,1e-05,0.33967870000196854,0.02600711106788367,0.015387840768588441,0.10034200936206616,1,2.0465681552886963,128.0
1700,1e-05,0.3381372999974701,0.015465585049241781,0.012420001905411482,0.03678466354176635,1,1.1031581163406372,128.0
1701,1e-05,0.3405028000015591,0.07546785986050963,0.010574317071586847,0.5297226547263563,1,2.765721321105957,128.0
1702,1e-05,0.340277999999671,0.043959328555502,0.015828545072249005,0.24087480147136375,1,2.536741256713867,128.0
1703,1e-05,0.34275329999945825,0.03790349839255214,0.018868209328502417,0.17115052498411387,1,2.247230052947998,128.0
1704,1e-05,0.3407863000029465,0.03790301375556737,0.020977362724287168,0.1563825705088675,1,2.583360433578491,128.0
1705,1e-05,0.34205370000199764,0.07664902124088258,0.020526521307017122,0.46950651513179764,1,3.4861559867858887,128.0
1706,1e-05,0.34060780000072555,0.02891808020649478,0.01779644444052662,0.10676953430811409,1,1.382765293121338,128.0
1707,1e-05,0.3386525999994774,0.06193271902156994,0.009229231193395597,0.4308570794382831,1,2.7878875732421875,128.0
1708,1e-05,0.33958310000161873,0.022111459693405777,0.017760488470750197,0.05256825656397268,1,1.4053618907928467,128.0
1709,1e-05,0.3390833000012208,0.025781041011214256,0.012396950075136763,0.11946966705727391,1,1.665122628211975,128.0
1710,1e-05,0.34097689999907743,0.044081677217036486,0.013636960115815912,0.2571947099058889,1,1.6063858270645142,128.0
1711,1e-05,0.3413503000010678,0.050079671549610794,0.012504837242886424,0.31310350343119353,1,2.32871675491333,128.0
1712,1e-05,0.34033659999840893,0.02816253248602152,0.012522104129727398,0.13764553423970938,1,1.951604962348938,128.0
1713,1e-05,0.33872880000126315,0.02586904604686424,0.016394141662333692,0.09219337221293245,1,2.5009713172912598,128.0
1714,1e-05,0.3417864000002737,0.0712478852365166,0.01774256197469575,0.4457851436454803,1,3.095334053039551,128.0
1715,1e-05,0.341994499998691,0.020051823114044964,0.012853970218982016,0.0704367917496711,1,0.76155024766922,128.0
1716,1e-05,0.34185989999969024,0.030325363855808973,0.012202801914619548,0.15718329712399282,1,1.733168601989746,128.0
1717,1e-05,0.3433644999968237,0.03935135458596051,0.02403423815433468,0.14657117098977324,1,3.37165904045105,128.0
1718,1e-05,0.34106009999959497,0.023655065742786974,0.012235082885516542,0.10359494900330901,1,2.7450311183929443,128.0
1719,1e-05,0.3429902999996557,0.027611847821390256,0.011799581348896027,0.1382977042812854,1,2.168579339981079,128.0
1720,1e-05,0.33818969999992987,0.022287055966444314,0.01353162999397942,0.08357504139712546,1,1.3793699741363525,128.0
1721,1e-05,0.3411109000007855,0.018580959062092006,0.011181051460360842,0.07038030990224797,1,1.1660194396972656,128.0
1722,1e-05,0.3390175000022282,0.02939039294142276,0.020655975943165168,0.09053130907705054,1,2.7131950855255127,128.0
1723,1e-05,0.33976950000214856,0.03219412814360112,0.027032732298331603,0.06832390214549378,1,1.7356956005096436,128.0
1724,1e-05,0.34024529999805964,0.04987647832604125,0.019883344615144388,0.25982840670621954,1,1.4227806329727173,128.0
1725,1e-05,0.3387027999997372,0.03241133634583093,0.016747063558016504,0.14206124252086738,1,2.3299009799957275,128.0
1726,1e-05,0.3402641000029689,0.059635503217577934,0.013551155371325356,0.3822259365551872,1,2.764557123184204,128.0
1727,1e-05,0.3417827999983274,0.05070896656252444,0.013717181847563811,0.30965146608650684,1,2.2347536087036133,128.0
1728,1e-05,0.34223500000007334,0.015992427652236074,0.011911331675946712,0.044560097841895185,1,1.759409785270691,128.0
1729,1e-05,0.34241409999958705,0.034904669562820345,0.019290197740441987,0.14420597988646477,1,2.4707627296447754,128.0
1730,1e-05,0.3397414999999455,0.036172674503177404,0.012069742461400372,0.20489319344051182,1,1.1996448040008545,128.0
1731,1e-05,0.3399193000004743,0.06621577369514853,0.015657765591251,0.42012184695340693,1,7.205801486968994,128.0
1732,1e-05,0.3391105000009702,0.03668209630995989,0.01733248627611569,0.17212936878786422,1,1.8819347620010376,128.0
1733,1e-05,0.33874240000295686,0.016701902262866497,0.012113886286637612,0.04881802015006542,1,1.3827835321426392,128.0
1734,1e-05,0.339714499998081,0.02587044460233301,0.011176872033891934,0.12872546026483178,1,1.1734955310821533,128.0
1735,1e-05,0.33929300000090734,0.027117693214677274,0.009079550891848547,0.1533846976235509,1,1.6918538808822632,128.0
1736,1e-05,0.3377818999979354,0.13631218997761607,0.011291688507688897,1.0114557268097997,1,5.254462718963623,128.0
1737,1e-05,0.33987270000216085,0.0667462581768632,0.010431538535548108,0.46094926726073027,1,4.414154529571533,128.0
1738,1e-05,0.33898670000053244,0.02876154740806669,0.015521477907896042,0.12144203833304346,1,2.1508948802948,128.0
1739,1e-05,0.3397922000003746,0.050348055781796575,0.01540850116206067,0.294924935355084,1,2.736602783203125,128.0
1740,1e-05,0.3391535999980988,0.02287066023563966,0.010924262294013585,0.10649544862098992,1,2.227217197418213,128.0
1741,1e-05,0.3388728000027186,0.021112978865858167,0.010117670255047935,0.09808014298323542,1,1.2802543640136719,128.0
1742,1e-05,0.33932800000184216,0.03144000773318112,0.029249475337564945,0.04677372926380485,1,1.6239415407180786,128.0
1743,1e-05,0.34184109999841894,0.06865686003584415,0.021728614212146828,0.3971545744279865,1,3.669914960861206,128.0
1744,1e-05,0.3399277999997139,0.021686794701963663,0.015136201034433075,0.06754095724318177,1,1.5853811502456665,128.0
1745,1e-05,0.3418429000012111,0.023132615722715855,0.011714593207995807,0.10305877451901324,1,1.1687999963760376,128.0
1746,1e-05,0.33872300000075484,0.045356353744864464,0.01975850112337087,0.22454132605344057,1,1.9679967164993286,128.0
1747,1e-05,0.36377340000035474,0.02113296778406948,0.014665008655616216,0.0664086762117222,1,2.4646506309509277,128.0
1748,1e-05,0.34058010000080685,0.034748056321404874,0.011664731028888906,0.1963313315063715,1,2.687852382659912,128.0
1749,1e-05,0.34043340000062017,0.03244900214485824,0.013421269665871347,0.1656431381125003,1,1.3651046752929688,128.0
1750,1e-05,0.3391090000004624,0.04430306830909103,0.01711138111672231,0.234644869400654,1,1.7791740894317627,128.0
1751,1e-05,0.3418094000007841,0.12440562539268285,0.011774974476013864,0.9128201510757208,1,6.870355129241943,128.0
1752,1e-05,0.3392505000010715,0.04113848658744246,0.009988662055028337,0.2591872541233897,1,1.682029128074646,128.0
1753,1e-05,0.3389513999973133,0.04827568249311298,0.01933893548058612,0.25083291791088413,1,3.2508792877197266,128.0
1754,1e-05,0.3407341999991331,0.04694693489000201,0.011947407753073744,0.29194362345151603,1,3.3865389823913574,128.0
1755,1e-05,0.3393212999981188,0.043740937719121575,0.01787212923435228,0.2248225847943104,1,4.181878566741943,128.0
1756,1e-05,0.33889260000069044,0.02381623984547332,0.022444795351475477,0.03341635625110939,1,1.1122723817825317,128.0
1757,1e-05,0.33934940000108327,0.023896154714748263,0.015510843867169959,0.08259333565365523,1,1.8951579332351685,128.0
1758,1e-05,0.3384936000002199,0.013399105169810355,0.010461789023663317,0.033960320837650215,1,1.305350422859192,128.0
1759,1e-05,0.33920759999818983,0.07088342774659395,0.015901011281779835,0.4557603595312685,1,3.3286473751068115,128.0
1760,1e-05,0.3391059000023233,0.02290161169366911,0.010144801078630345,0.11219928623177111,1,1.8577337265014648,128.0
1761,1e-05,0.34080639999956475,0.02665760286618024,0.016138047711657628,0.10029448337445501,1,1.0661824941635132,128.0
1762,1e-05,0.34137830000327085,0.036171518033370376,0.016992683721972362,0.1704233498312533,1,1.9850651025772095,128.0
1763,1e-05,0.338156900001195,0.10883511515567079,0.01673332541914923,0.7535476304183248,1,7.11580753326416,128.0
1764,1e-05,0.3386074000009103,0.022441205626819283,0.009645788830571942,0.11200912127969787,1,1.1212681531906128,128.0
1765,1e-05,0.34020199999940814,0.023464777041226625,0.010984022902058703,0.11083005665568635,1,2.019620180130005,128.0
1766,1e-05,0.3394241999994847,0.05269180942559615,0.01913409893001829,0.28759579319739714,1,2.984321355819702,128.0
1767,1e-05,0.34021759999814094,0.023162765661254525,0.015189793493066515,0.07897356749163009,1,1.3100674152374268,128.0
1768,1e-05,0.34044420000282116,0.029832395142875612,0.01596585155597755,0.12689820455852896,1,2.2624309062957764,128.0
1769,1e-05,0.3401388999991468,0.028928427956998348,0.010010691426162208,0.1613525829743594,1,3.046077013015747,128.0
1770,1e-05,0.34325879999960307,0.02802627271739766,0.015445107261517219,0.11609443643828854,1,1.3993808031082153,128.0
1771,1e-05,0.3412295999987691,0.014666552189737558,0.011934595515153237,0.03379024922469398,1,0.7869879603385925,128.0
1772,1e-05,0.3385903000016697,0.05155147158075124,0.01782891240769199,0.2876093634404242,1,4.086688995361328,128.0
1773,1e-05,0.3391303999997035,0.029533949680626392,0.012240320377584015,0.15058934789340128,1,2.329468011856079,128.0
1774,1e-05,0.3405405999983486,0.057373968011233956,0.014648741111159325,0.3564505530812312,1,2.0864439010620117,128.0
1775,1e-05,0.3413987999992969,0.041462124267127365,0.01740687752940825,0.2098488554765936,1,3.196401357650757,128.0
1776,1e-05,0.3400891999990563,0.03663002606481314,0.02624193176494113,0.10934668304980733,1,1.5793852806091309,128.0
1777,1e-05,0.33948180000152206,0.03722814761567861,0.019207886021052088,0.16336997575126588,1,1.6651239395141602,128.0
1778,1e-05,0.3404541000018071,0.026967172336298972,0.013744435905079757,0.11952632560860366,1,2.2225725650787354,128.0
1779,1e-05,0.34050289999868255,0.017119955038651824,0.011598074276532446,0.055773121071979403,1,1.8594926595687866,128.0
1780,1e-05,0.34003149999989546,0.01617729727877304,0.01269401257325496,0.040560289402492344,1,1.1084765195846558,128.0
1781,1e-05,0.3386169000004884,0.0316782530862838,0.012114268062370164,0.16862614382989705,1,3.1253116130828857,128.0
1782,1e-05,0.3388555000019551,0.11508991732262075,0.015541787924511092,0.8119268103619106,1,6.569742202758789,128.0
1783,1e-05,0.3380652000014379,0.021886296570301056,0.013044374329703195,0.0837797499698354,1,1.5493401288986206,128.0
1784,1e-05,0.3397618999988481,0.015391922526760027,0.008084341351475035,0.06654499317664886,1,0.6565209031105042,128.0
1785,1e-05,0.34008580000227084,0.034478713176213205,0.017970394077045575,0.15003694558981806,1,1.1404870748519897,128.0
1786,1e-05,0.3397055999994336,0.03447816101834178,0.019108963265482868,0.14206253795418888,1,0.9223905801773071,128.0
1787,1e-05,0.33925839999938034,0.04121726437006146,0.01322971157995718,0.23713014117674902,1,2.817129611968994,128.0
1788,1e-05,0.3402194000009331,0.020751104864757508,0.017436015220092877,0.04395673191174865,1,1.0280821323394775,128.0
1789,1e-05,0.3405821999986074,0.03738986002281308,0.02476137863206012,0.125789228011854,1,1.985927700996399,128.0
1790,1e-05,0.33949500000016997,0.05288455687696114,0.025564600580504963,0.2441242619534023,1,2.466444969177246,128.0
1791,1e-05,0.33911430000080145,0.05788164783734828,0.01989777199923992,0.3237687658984214,1,6.142833232879639,128.0
1792,1e-05,0.34002809999947203,0.020861281896941364,0.01478716085797974,0.06338012692867778,1,1.9335033893585205,128.0
1793,1e-05,0.3401212000026135,0.027686087298206985,0.015519314977739538,0.11285350315301912,1,2.540443181991577,128.0
1794,1e-05,0.33962160000010044,0.02994049829430878,0.012249888785715615,0.1537747693946585,1,2.2659568786621094,128.0
1795,1e-05,0.3403342999990855,0.10603970987722278,0.021011510464761938,0.7012371113523841,1,6.805316925048828,128.0
1796,1e-05,0.34155920000193873,0.024759397143498063,0.014553019577371222,0.09620404607267119,1,1.2566711902618408,128.0
1797,1e-05,0.34004790000108187,0.028906505438499153,0.022433573845773935,0.07421702447027201,1,1.3403140306472778,128.0
1798,1e-05,0.33821249999891734,0.03094885963946581,0.018633117101022174,0.11715905496384948,1,2.897749662399292,128.0
1799,1e-05,0.34020349999991595,0.038979136385023594,0.016781327846859182,0.19436379581748042,1,2.77756404876709,128.0
1800,1e-05,0.3396872000012081,0.021623689448460937,0.015112134228859628,0.06720458052586764,1,2.906517505645752,128.0
1801,1e-05,0.3386370000007446,0.04526528250426054,0.016168280288444033,0.24894429370760918,1,4.2906413078308105,128.0
1802,1e-05,0.3404053999984171,0.05339176609413698,0.014632201287895441,0.3247087273339275,1,2.139730215072632,128.0
1803,1e-05,0.34068939999997383,0.029172519745770842,0.019611858496708528,0.09609714278485626,1,1.6550379991531372,128.0
1804,1e-05,0.345914300000004,0.03574012784520164,0.02182224193321807,0.13316532141470816,1,1.7788023948669434,128.0
1805,1e-05,0.3400556000015058,0.025809310376644135,0.018311518976198777,0.0782938445918262,1,1.872495412826538,128.0
1806,1e-05,0.3412811000016518,0.030702618998475373,0.016991754661181142,0.12667866695846897,1,1.519370675086975,128.0
1807,1e-05,0.34094980000008945,0.023603414883837104,0.013390675918864352,0.09509258938487619,1,3.3831851482391357,128.0
1808,1e-05,0.34153470000092057,0.060207649192307144,0.015487570648214646,0.3732481922779698,1,5.56606912612915,128.0
1809,1e-05,0.3403111000006902,0.034258291008882225,0.013572536541947297,0.1790585597336758,1,1.5860514640808105,128.0
1810,1e-05,0.34065560000090045,0.03296478069387376,0.020126258754836663,0.12283443310298026,1,1.8408125638961792,128.0
1811,1e-05,0.33993220000047586,0.020850611152127385,0.013114098392959152,0.07500620459904894,1,1.5679559707641602,128.0
1812,1e-05,0.3523767000006046,0.030853963224217296,0.018337538399334465,0.11846893571782857,1,1.1089375019073486,128.0
1813,1e-05,0.3487362999985635,0.11325866490369663,0.012514842308259435,0.8184654243232217,1,6.766050815582275,128.0
1814,1e-05,0.3385013000006438,0.02965319319628179,0.013509024034387298,0.14266237572883256,1,1.7420645952224731,128.0
1815,1e-05,0.3396090999995067,0.02558902057353407,0.015046111241515194,0.09938938398408936,1,1.985134482383728,128.0
1816,1e-05,0.33939269999973476,0.047936116927303374,0.018264666997960637,0.2556362659379374,1,1.5164897441864014,128.0
1817,1e-05,0.340594900000724,0.12928396766074002,0.011054845061153173,0.9568878524005413,1,5.263974189758301,128.0
1818,1e-05,0.338383000002068,0.03800097806379199,0.012652602312820298,0.21543960691269604,1,3.3081395626068115,128.0
1819,1e-05,0.341751199997816,0.037838259304407984,0.023680980317294598,0.13693920196965337,1,1.7684440612792969,128.0
1820,1e-05,0.3403389999984938,0.1469377683242783,0.009622100940240281,1.1081474724342115,1,6.854577541351318,128.0
1821,1e-05,0.34093249999932596,0.016384907881729305,0.013961948254810912,0.033345625386573374,1,1.6870191097259521,128.0
1822,1e-05,0.3396739999989222,0.03560694574844092,0.014792336816234248,0.1813092016382143,1,1.8173644542694092,128.0
1823,1e-05,0.34124900000097114,0.030972888926044106,0.013788284733891487,0.15126513206632808,1,3.1421425342559814,128.0
1824,1e-05,0.33894770000188146,0.09752456861315295,0.015172150385166918,0.6739914995850995,1,2.8595597743988037,128.0
1825,1e-05,0.3394858999999997,0.024021406657993793,0.019172456115484238,0.05796406650915742,1,1.2849940061569214,128.0
1826,1e-05,0.33837320000020554,0.13071731571108103,0.07199401993836675,0.5417804251483176,1,5.131971836090088,128.0
1827,1e-05,0.33932029999778024,0.019756998284719884,0.01293776127775865,0.06749165552901104,1,1.81859290599823,128.0
1828,1e-05,0.33934749999752967,0.030275404220446944,0.021525508358276317,0.09152466984232888,1,1.3626863956451416,128.0
1829,1e-05,0.3392137000009825,0.06493101239902899,0.016379104794136116,0.4047943668847438,1,2.7570459842681885,128.0
1830,1e-05,0.3412768000016513,0.027623638277873397,0.01672066156087177,0.10394447397266049,1,1.3213715553283691,128.0
1831,1e-05,0.33975869999994757,0.02196798793738708,0.009342413295858673,0.11034700927848462,1,1.8742456436157227,128.0
1832,1e-05,0.3403867999986687,0.01972718397155404,0.011045195761003665,0.08050110252088416,1,2.114154100418091,128.0
1833,1e-05,0.34112070000264794,0.028721405426040292,0.01541675507490124,0.1218539624242112,1,2.009799003601074,128.0
1834,1e-05,0.34009420000074897,0.019146912964060903,0.009160007017531566,0.08905525773297995,1,1.2673048973083496,128.0
1835,1e-05,0.3395806000007724,0.07247549714520574,0.02359841564404113,0.4146150756860152,1,4.256988525390625,128.0
1836,1e-05,0.3423473000002559,0.017887787020299584,0.012992988506864225,0.05215137609047815,1,0.8729333877563477,128.0
1837,1e-05,0.3385483000020031,0.018121145549230278,0.016256209862019335,0.03117569483583793,1,1.6386514902114868,128.0
1838,1e-05,0.3402652999975544,0.015147875528782606,0.014407264467860972,0.020332150219473988,1,1.0354509353637695,128.0
1839,1e-05,0.3447417999996105,0.03820371872279793,0.015144249091723136,0.1996200155117549,1,3.952681541442871,128.0
1840,1e-05,0.34052840000003926,0.030174301762599498,0.013241492344864778,0.1487039825078682,1,1.310219407081604,128.0
1841,1e-05,0.33886139999958687,0.04325486090965569,0.020182670759303228,0.20476019085617736,1,2.397441864013672,128.0
1842,1e-05,0.339433299999655,0.09529903368093073,0.015500031212078673,0.6538920279126614,1,4.078671455383301,128.0
1843,1e-05,0.34190659999876516,0.024801163701340556,0.013906212989240885,0.10106582252774388,1,3.7971832752227783,128.0
1844,1e-05,0.3419007000011334,0.08597148698754609,0.015918982015656575,0.5763390484789852,1,4.217466831207275,128.0
1845,1e-05,0.3401768000003358,0.054944791132584214,0.015526566188782454,0.3308723614900373,1,4.464599132537842,128.0
1846,1e-05,0.3388008000001719,0.0712000917410478,0.010108605293290955,0.4988405045005493,1,2.424440860748291,128.0
1847,1e-05,0.33804740000050515,0.01387436903314665,0.009639812367303031,0.043516265228390694,1,1.0948481559753418,128.0
1848,1e-05,0.34004080000158865,0.03267682250589132,0.01922203680234296,0.12686031381599605,1,1.772508978843689,128.0
1849,1e-05,0.33919590000004973,0.0363967411685735,0.015167912135698966,0.18499854538822547,1,2.243515729904175,128.0
1850,1e-05,0.3394436999988102,0.030848367139697075,0.012758484176759208,0.1574775517510716,1,2.0262489318847656,128.0
1851,1e-05,0.34091910000279313,0.03472688450710848,0.006793224784944739,0.23026250101975165,1,3.5278055667877197,128.0
1852,1e-05,0.33898319999934756,0.042921348358504474,0.013530072756111622,0.24866028712131083,1,2.9050962924957275,128.0
1853,1e-05,0.339681000001292,0.07405843585729599,0.013134073199970382,0.5005289958207868,1,3.251263380050659,128.0
1854,1e-05,0.3420114000000467,0.046954267541877925,0.016175129983041967,0.2624082318507135,1,1.7704044580459595,128.0
1855,1e-05,0.3417855999978201,0.024938564049080014,0.015072032676211424,0.09400428389199078,1,1.37203848361969,128.0
1856,1e-05,0.33978490000299644,0.03380734892562032,0.016588960641196797,0.15433606930309907,1,1.9240103960037231,128.0
1857,1e-05,0.3414368999983708,0.05481667700223625,0.014469290152192116,0.3372483835555613,1,4.4896016120910645,128.0
1858,1e-05,0.33953760000076727,0.03307149198371917,0.024784564240170375,0.09107997850514948,1,2.1925692558288574,128.0
1859,1e-05,0.3388066000006802,0.018289881758391857,0.01284698543271848,0.056390159006696194,1,1.1425291299819946,128.0
1860,1e-05,0.3396159000003536,0.02165529871126637,0.00980018634748246,0.10464108176529408,1,0.9564749598503113,128.0
1861,1e-05,0.33885770000051707,0.04809475154615939,0.010587966003056084,0.310642245109193,1,1.3855512142181396,128.0
1862,1e-05,0.3408616000015172,0.04310273425653577,0.026231054748807634,0.1612044830690138,1,1.5592235326766968,128.0
1863,1e-05,0.3407289999995555,0.037844314239919186,0.010999791789799929,0.2257559767458588,1,2.020099639892578,128.0
1864,1e-05,0.3398489999999583,0.033426056150346994,0.01720527167032872,0.1469715496059507,1,1.738097071647644,128.0
1865,1e-05,0.341528400000243,0.026528715388849378,0.016500195554856743,0.09672835003584623,1,1.689971923828125,128.0
1866,1e-05,0.3408699000028719,0.08390043268445879,0.013373067303161536,0.577591952867806,1,4.272649765014648,128.0
1867,1e-05,0.3409369000000879,0.02202204440254718,0.016732064075767994,0.05905190731573384,1,2.007582664489746,128.0
1868,1e-05,0.3408352000005834,0.021512132021598518,0.010933408713234323,0.09556319890543818,1,1.3404512405395508,128.0
1869,1e-05,0.3396169999978156,0.03768175141885877,0.014433313344073082,0.20042081690917257,1,4.164165019989014,128.0
1870,1e-05,0.3402717999997549,0.01697364018764347,0.009445444082043,0.0696710217744112,1,1.335221529006958,128.0
1871,1e-05,0.34037220000027446,0.021110293280798942,0.010775693359651737,0.09345249229227193,1,1.509947657585144,128.0
1872,1e-05,0.3417465999991691,0.039602059056051075,0.02078400964715651,0.1713284164434299,1,2.4078259468078613,128.0
1873,1e-05,0.3400712000002386,0.031779066543094814,0.019003153312951326,0.12121046107495204,1,1.4926220178604126,128.0
1874,1e-05,0.3393318000016734,0.06615275028161705,0.015895997373653308,0.4179500611498952,1,4.613829612731934,128.0
1875,1e-05,0.33966589999909047,0.046370603260584176,0.018361403340739862,0.242435006366577,1,3.5678658485412598,128.0
1876,1e-05,0.3418438000007882,0.032034190371632576,0.01342431070016963,0.16230334041756578,1,2.4838578701019287,128.0
1877,1e-05,0.3395215999989887,0.045948768965899944,0.013887744729540177,0.27037593119894154,1,2.735933303833008,128.0
1878,1e-05,0.3387070999997377,0.05656282196287066,0.01213307392650417,0.3675710440729745,1,2.8761351108551025,128.0
1879,1e-05,0.34032959999967716,0.031300441711209714,0.014698387722351722,0.14751482149586082,1,1.930904507637024,128.0
1880,1e-05,0.3408655999992334,0.04044642788358033,0.015290893215153898,0.21653515595244244,1,3.921459913253784,128.0
1881,1e-05,0.3402390999981435,0.07198439631611109,0.02569543889590672,0.3960070891189389,1,5.424001693725586,128.0
1882,1e-05,0.3406432000010682,0.030027391272597015,0.01980595729712929,0.1015774306433741,1,2.8808364868164062,128.0
1883,1e-05,0.3425396000020555,0.03008692362345755,0.01631506539082953,0.1264899291563779,1,2.266855478286743,128.0
1884,1e-05,0.3385080000007292,0.017052261508069932,0.013753676454403571,0.04014235353679396,1,1.3944642543792725,128.0
1885,1e-05,0.3374870000006922,0.023573857615701854,0.015222718673092979,0.08203182864235714,1,1.5481650829315186,128.0
1886,1e-05,0.3375307000023895,0.053555671009235084,0.01981379756970065,0.2897487911977805,1,4.281202793121338,128.0
1887,1e-05,0.337466900000436,0.02259149681776762,0.015853474515357187,0.06975764952949248,1,1.227575659751892,128.0
1888,1e-05,0.33896719999756897,0.03172182431444526,0.011037562840751238,0.17651165567804128,1,3.807634115219116,128.0
1889,1e-05,0.33912400000190246,0.02404296863824129,0.014747970537947757,0.08910795487463474,1,2.069514036178589,128.0
1890,1e-05,0.3397474000012153,0.061313738813623786,0.022994197705494508,0.32955054385820404,1,4.677121162414551,128.0
1891,1e-05,0.3395711000011943,0.03770476172212511,0.016284409710871323,0.18764722533524036,1,1.7404437065124512,128.0
1892,1e-05,0.3425243000019691,0.02853830240201205,0.01203532051295042,0.14405918132979423,1,1.05596923828125,128.0
1893,1e-05,0.34049899999808986,0.017386128194630146,0.012167275218026978,0.05391810100991279,1,1.8718419075012207,128.0
1894,1e-05,0.3424697999980708,0.022948974859900773,0.0093255096248218,0.11831323057413101,1,1.5884219408035278,128.0
1895,1e-05,0.3373140000003332,0.22476391022792086,0.015484555325071727,1.689719300804427,1,8.247041702270508,128.0
1896,1e-05,0.33603190000212635,0.04037506348686293,0.0192101335685168,0.18852957969647832,1,3.137707233428955,128.0
1897,1e-05,0.33880329999738024,0.030045295774471015,0.02017263589160783,0.09915392159018666,1,1.2686502933502197,128.0
1898,1e-05,0.33900769999672775,0.026939664036035538,0.012704907118209771,0.1265829587355256,1,1.4387645721435547,128.0
1899,1e-05,0.3380719999986468,0.0303700651274994,0.010853034277845706,0.16698927083052695,1,1.5747125148773193,128.0
1900,1e-05,0.34207779999997,0.10770884319208562,0.016050655394792557,0.7493161700549535,1,3.0154449939727783,128.0
1901,1e-05,0.33952290000161156,0.03651518386323005,0.01583624172157475,0.18126778258010745,1,2.824517011642456,128.0
1902,1e-05,0.34102939999866067,0.03163331234827638,0.013374500176204103,0.15944499953184277,1,1.7043335437774658,128.0
1903,1e-05,0.33993069999996806,0.028397238405887038,0.012113504244812898,0.14238338120048866,1,1.1248722076416016,128.0
1904,1e-05,0.3409313000011025,0.030104940058663487,0.012976124283990689,0.15000665001571178,1,2.2641336917877197,128.0
1905,1e-05,0.3397412999984226,0.023827948258258402,0.013000859878957272,0.09961756155826151,1,2.209059476852417,128.0
1906,1e-05,0.3382410999984131,0.027315984130837023,0.018194875280771936,0.0911637386016082,1,1.3749489784240723,128.0
1907,1e-05,0.3405477000014798,0.03220380312995985,0.012292921742690461,0.171579968649894,1,1.3885393142700195,128.0
1908,1e-05,0.3391688999981852,0.09544880205066875,0.013134289599422897,0.6716503723582719,1,5.319950580596924,128.0
1909,1e-05,0.33775369999784743,0.0672544923145324,0.010884522793016263,0.4618442753562704,1,3.315260887145996,128.0
1910,1e-05,0.3385318999971787,0.0524526807712391,0.013539403743509735,0.3248456276487559,1,3.8126773834228516,128.0
1911,1e-05,0.3416825999993307,0.07919035106897354,0.021171613529856716,0.4853215393377468,1,5.765473365783691,128.0
1912,1e-05,0.33938189999753376,0.036530652665533125,0.021697403863072395,0.14036339064477943,1,1.6271363496780396,128.0
1913,1e-05,0.33836710000105086,0.0469232345931232,0.021262701334697858,0.22654695389792323,1,1.474380612373352,128.0
1914,1e-05,0.3414727999988827,0.03663902310654521,0.017364442148911103,0.17156109341885895,1,4.277366638183594,128.0
1915,1e-05,0.3401659000010113,0.0410490445792675,0.015174537364925657,0.22217060066759586,1,1.5846679210662842,128.0
1916,1e-05,0.33886139999958687,0.04950134514365345,0.012411190396440881,0.30913243046961725,1,3.382915496826172,128.0
1917,1e-05,0.33822370000052615,0.044736767653375864,0.011855633164356862,0.27490470197517425,1,2.280168294906616,128.0
1918,1e-05,0.3395557000003464,0.04541616974165663,0.015538465830364398,0.2545600822195411,1,2.091482162475586,128.0
1919,1e-05,0.3396756000001915,0.04573066986631602,0.017984208916979178,0.23995589051628485,1,3.2141222953796387,128.0
1920,1e-05,0.33930270000200835,0.019586373236961663,0.01400113697828991,0.05868302443650464,1,1.244640827178955,128.0
1921,1e-05,0.3413244000003033,0.01867600216064602,0.011260927255664552,0.07058152870740741,1,1.2059297561645508,128.0
1922,1e-05,0.3370143000029202,0.06144143408164382,0.009916929361809577,0.4221129587458563,1,2.073615074157715,128.0
1923,1e-05,0.3383576999985962,0.05260665691457689,0.018535593724144355,0.2911040827166289,1,4.369526386260986,128.0
1924,1e-05,0.34094540000296547,0.02094720466993749,0.01320260769820639,0.07515938126016408,1,1.5606175661087036,128.0
1925,1e-05,0.3388948000028904,0.0416604577912949,0.014361899811774492,0.23275035712867975,1,2.9897046089172363,128.0
1926,1e-05,0.33899580000070273,0.045086951344273984,0.01810953047658716,0.2339288773946464,1,2.5745980739593506,128.0
1927,1e-05,0.3404416000012134,0.03209866164252162,0.012243512153093303,0.17108470294624567,1,1.7941703796386719,128.0
1928,1e-05,0.36552560000200174,0.02478844247525558,0.011978457133019609,0.11445834435289726,1,1.2793086767196655,128.0
1929,1e-05,0.3434629000003042,0.032141616102308035,0.014592902867921762,0.15498260364984162,1,1.666832447052002,128.0
1930,1e-05,0.34235630000330275,0.04811918397899717,0.010924121697566338,0.3084846236743033,1,2.4289181232452393,128.0
1931,1e-05,0.33919410000089556,0.06278308422770351,0.014378834116671766,0.40161280846223235,1,3.126645803451538,128.0
1932,1e-05,0.34113589999833493,0.027933350414969027,0.014937012456357479,0.11890772054903209,1,2.695455551147461,128.0
1933,1e-05,0.339443000000756,0.027393077267333865,0.012721935819302286,0.1300910604186356,1,2.148284435272217,128.0
1934,1e-05,0.3404919000022346,0.030134130036458373,0.012494764091180903,0.15360969421453774,1,1.2678180932998657,128.0
1935,1e-05,0.3386696000015945,0.031211352034006268,0.011602680597986494,0.1684720546763856,1,3.717538356781006,128.0
1936,1e-05,0.34000039999955334,0.08225731190759689,0.01351360950086798,0.5634632198489271,1,3.300302505493164,128.0
1937,1e-05,0.3387704000015219,0.02938917081337422,0.012848753082965101,0.14517210115445778,1,1.894546627998352,128.0
1938,1e-05,0.3389062999995076,0.062311285408213735,0.015569615909563643,0.3895029671257362,1,4.381378173828125,128.0
1939,1e-05,0.3393584000004921,0.03769997856579721,0.01638873280691249,0.1868787077255547,1,1.1450923681259155,128.0
1940,1e-05,0.3395000999989861,0.026544853870291263,0.018329280129234706,0.08405386377125978,1,1.5039587020874023,128.0
1941,1e-05,0.3397528000023158,0.025568854762241244,0.011819882185331412,0.12181165494257584,1,1.5421147346496582,128.0
1942,1e-05,0.35173740000027465,0.05149822565726936,0.012152337535683597,0.3269194384338334,1,4.439208507537842,128.0
1943,1e-05,0.3387990999981412,0.02035960357170552,0.014422433517341102,0.0619197953492403,1,0.9202088713645935,128.0
1944,1e-05,0.3419398000005458,0.025601988192647696,0.019597055789615427,0.06763651187065989,1,1.0020241737365723,128.0
1945,1e-05,0.3388429000005999,0.04942844185279682,0.012997341408793415,0.3044461471727118,1,3.8915693759918213,128.0
1946,1e-05,0.34024529999805964,0.027812442160211504,0.018537309220326797,0.09273837355431169,1,1.0391024351119995,128.0
1947,1e-05,0.33811860000059824,0.03176672221161425,0.00929560705221125,0.18906452460214496,1,1.2913204431533813,128.0
1948,1e-05,0.3391327999997884,0.04451527027413249,0.025392818863370588,0.17837242549285293,1,2.5750677585601807,128.0
1949,1e-05,0.3394985999984783,0.042356227699201554,0.01420288413230862,0.23942963022273034,1,3.507417678833008,128.0
1950,1e-05,0.340337499997986,0.027210026048123837,0.015034852749002832,0.11243624883354641,1,1.7328399419784546,128.0
1951,1e-05,0.33849669999835896,0.021241476642899215,0.014218674839607306,0.07040109415538609,1,1.2035077810287476,128.0
1952,1e-05,0.33892500000001746,0.07038879685569555,0.009308139976513172,0.49795337254181504,1,6.259176731109619,128.0
1953,1e-05,0.33915560000241385,0.018270603846758604,0.010864007685865675,0.07011678160051815,1,1.615007758140564,128.0
1954,1e-05,0.340687899999466,0.04872399498708546,0.018569551973736713,0.25980510422959924,1,3.521620273590088,128.0
1955,1e-05,0.3384916000031808,0.038893306045793,0.01377686918047922,0.21470834757201374,1,2.8945207595825195,128.0
1956,1e-05,0.3414999999986321,0.03910505189560354,0.01357838704383799,0.2177917145891115,1,4.69136905670166,128.0
1957,1e-05,0.33902089999901364,0.02913891978096217,0.022502012284738675,0.07559727506304625,1,1.2776434421539307,128.0
1958,1e-05,0.3401696000000811,0.08481144020333886,0.01515257085806557,0.5724235351663083,1,6.719533443450928,128.0
1959,1e-05,0.3401760999986436,0.031126895686611533,0.012386066040822439,0.16231270000571385,1,2.108008861541748,128.0
1960,1e-05,0.3404201999983343,0.0451496047899127,0.018817185490791286,0.2294765512488084,1,2.705763578414917,128.0
1961,1e-05,0.33859690000099363,0.08848119445610791,0.015592865379793304,0.5986995004932396,1,4.903050422668457,128.0
1962,1e-05,0.33971889999884297,0.028090282110497355,0.013392192843769277,0.13097691501752706,1,2.059063673019409,128.0
1963,1e-05,0.3397311000007903,0.05795553815551102,0.020861398628247634,0.3176145071920473,1,3.294762134552002,128.0
1964,1e-05,0.33708090000072843,0.013685114798136055,0.01048516109585762,0.03608479187823832,1,1.3692572116851807,128.0
1965,1e-05,0.33856379999997444,0.01671899203211069,0.012227371933736972,0.048160330625250936,1,0.795086681842804,128.0
1966,1e-05,0.3397506000001158,0.017009813687764108,0.013296806985246283,0.04300086027069483,1,1.034364938735962,128.0
1967,1e-05,0.33995950000098674,0.04299055109731853,0.017445795770202364,0.22180384444072843,1,2.4618980884552,128.0
1968,1e-05,0.3391449000009743,0.029869641992263496,0.01733244157263211,0.11763003759551793,1,1.4026676416397095,128.0
1969,1e-05,0.33889389999967534,0.01765259262174368,0.012214029008256537,0.055722538963891566,1,1.4614861011505127,128.0
1970,1e-05,0.3373677999989013,0.06736491923220456,0.029563916913632835,0.3319719322025776,1,4.603682994842529,128.0
1971,1e-05,0.3426221000008809,0.021539261448197067,0.017081578927380697,0.0527430365618784,1,1.73190176486969,128.0
1972,1e-05,0.3403407000005245,0.05710027611348778,0.009186939502667104,0.3924936422263272,1,3.401686191558838,128.0
1973,1e-05,0.3384987999997975,0.020800194644834846,0.010740838246420026,0.09121568565024063,1,1.3983546495437622,128.0
1974,1e-05,0.3410277999973914,0.034289267379790545,0.014915299468806811,0.16990703708142973,1,2.200260877609253,128.0
1975,1e-05,0.3385323000002245,0.03490111860446632,0.013765575630324227,0.1828499180264771,1,1.478781819343567,128.0
1976,1e-05,0.3394030000017665,0.07970435044262558,0.009259008137243134,0.5728217359865084,1,4.876229763031006,128.0
1977,1e-05,0.34053140000105486,0.020723711815662682,0.013703412043729,0.0698658101609908,1,1.4328635931015015,128.0
1978,1e-05,0.34146120000150404,0.03584905748721212,0.010379223485610314,0.21413790667429566,1,3.1036717891693115,128.0
1979,1e-05,0.33936109999922337,0.01608184550423175,0.010539249184408359,0.05488002184574725,1,1.2287046909332275,128.0
1980,1e-05,0.33856290000039735,0.026081039221026003,0.024935461713799408,0.0341000864864327,1,1.3256224393844604,128.0
1981,1e-05,0.3390556000013021,0.041064619086682796,0.008977858083588737,0.26567194890230894,1,1.64691162109375,128.0
1982,1e-05,0.33870789999855333,0.0674180299974978,0.021011495297508582,0.3922637812793255,1,5.851874828338623,128.0
1983,1e-05,0.33878009999898495,0.07287259376607835,0.010243465325662069,0.5112764489749679,1,7.245229721069336,128.0
1984,1e-05,0.3414918000016769,0.023775808338541538,0.016594439013195888,0.07404539271374233,1,1.0654759407043457,128.0
1985,1e-05,0.34034059999976307,0.02318568542250432,0.011824206382568394,0.10271603972068988,1,1.8288604021072388,128.0
1986,1e-05,0.3394686999999976,0.020568150328472257,0.013878717486347471,0.06739417827338912,1,1.0061947107315063,128.0
1987,1e-05,0.3403811999996833,0.0871101237135008,0.015105141659400292,0.591144986479776,1,4.311057090759277,128.0
1988,1e-05,0.34045989999867743,0.018500632839277387,0.010949785954185895,0.07135655998717993,1,1.1520740985870361,128.0
1989,1e-05,0.34022769999864977,0.05969029804691672,0.031166614698512212,0.259356078269775,1,2.7101523876190186,128.0
1990,1e-05,0.33949899999788613,0.03363289556000382,0.013024264347872563,0.17789332372194622,1,2.87585711479187,128.0
1991,1e-05,0.33979810000164434,0.025358847342431545,0.016941051930189133,0.08428341191029176,1,1.0908218622207642,128.0
1992,1e-05,0.33901519999926677,0.017392875161021948,0.011297622063596333,0.060059654468204826,1,2.0879416465759277,128.0
1993,1e-05,0.33945870000025025,0.02748443023301661,0.019779725399400507,0.08141734980745241,1,1.685904860496521,128.0
1994,1e-05,0.3381546000018716,0.031827887520194054,0.014968547437872206,0.14984327000274789,1,1.5930838584899902,128.0
1995,1e-05,0.33907750000071246,0.03377623937558383,0.0182603406054633,0.14238753082463518,1,2.5161097049713135,128.0
1996,1e-05,0.3395903000018734,0.0595650807954371,0.020652076495545253,0.33195608225651085,1,3.0416834354400635,128.0
1997,1e-05,0.3404974000004586,0.05661642755148932,0.015861334412225654,0.3419020746368915,1,5.703412055969238,128.0
1998,1e-05,0.3381263000010222,0.02464448899263516,0.01060763793066144,0.12290244223549962,1,1.3245517015457153,128.0
1999,1e-05,0.3400234999971872,0.040801403229124844,0.012330362772835153,0.2400986843276769,1,2.0381171703338623,128.0
2000,1e-05,0.3388320999983989,0.021362385363318026,0.014842893861766373,0.06699883262626827,1,2.0849883556365967,256.0
2001,1e-05,0.34253000000171596,0.0552014434360899,0.013829608913511038,0.34480429033283144,1,3.692596435546875,256.0
2002,1e-05,0.3568137000002025,0.019203802337870002,0.01446176360228232,0.05239807395855678,1,1.4995386600494385,256.0
2003,1e-05,0.33913420000317274,0.03656487283296883,0.015000431864921535,0.18751594610512257,1,3.6253602504730225,256.0
2004,1e-05,0.34342649999962305,0.0500299169216305,0.01197807164862752,0.3163928355788812,1,3.9420151710510254,256.0
2005,1e-05,0.34158929999830434,0.11697772529441863,0.014782719912805728,0.8323427671566606,1,8.633663177490234,256.0
2006,1e-05,0.340160100000503,0.029063229856546968,0.017406402687941278,0.11066101875621825,1,1.629124641418457,256.0
2007,1e-05,0.33947059999991325,0.02500472974497825,0.012554979084857873,0.11215298780007288,1,1.622814655303955,256.0
2008,1e-05,0.33863559999736026,0.018627968383952975,0.012381972212876593,0.062349945917958394,1,1.0226974487304688,256.0
2009,1e-05,0.34000659999946947,0.03206980205141008,0.011203322160456861,0.17813516088062897,1,1.6121861934661865,256.0
2010,1e-05,0.33922140000140644,0.020184538792818785,0.013657182455062866,0.06587603269144893,1,1.348537802696228,256.0
2011,1e-05,0.3399959000016679,0.09050467796623707,0.017400231611515795,0.6022358193877153,1,4.266808032989502,256.0
2012,1e-05,0.33833320000121603,0.028223536093719304,0.01155992184898683,0.14486883964855224,1,1.0488083362579346,256.0
2013,1e-05,0.3381076000005123,0.025404122774489224,0.012543137185275555,0.11543102527502924,1,2.061556577682495,256.0
2014,1e-05,0.3377176000030886,0.031910704798065126,0.022516330504523858,0.09767132112756371,1,1.2582573890686035,256.0
2015,1e-05,0.3389318000008643,0.02371488814242184,0.014613967588437455,0.08742133068153635,1,1.7758102416992188,256.0
2016,1e-05,0.34115290000045206,0.07317517342744395,0.01753199180322034,0.4626774791540811,1,5.102349758148193,256.0
2017,1e-05,0.3400610999997298,0.031228553969413042,0.01349697947236044,0.15534957172349095,1,2.020233392715454,256.0
2018,1e-05,0.34015930000168737,0.03478250722400844,0.01212494181735175,0.19338546716608107,1,3.20475172996521,256.0
2019,1e-05,0.339197500001319,0.023941918276250362,0.01106556418484875,0.11407639841490891,1,1.647118330001831,256.0
2020,1e-05,0.3409646000000066,0.07197696575894952,0.012770073421831642,0.48642520484281704,1,6.558221340179443,256.0
2021,1e-05,0.33805840000059106,0.020779696758836508,0.009764495904424362,0.09788610436953604,1,1.1491926908493042,256.0
2022,1e-05,0.34221790000083274,0.03152161918114871,0.02118997774752123,0.10384311206871644,1,1.9995313882827759,256.0
2023,1e-05,0.3407942000012554,0.039091368438676,0.01788034463035209,0.18756853439845145,1,3.4263076782226562,256.0
2024,1e-05,0.3382836999990104,0.02407859411323443,0.011802058933036668,0.11001433752244338,1,2.1088733673095703,256.0
2025,1e-05,0.3383420999998634,0.02660249569453299,0.019823656683521613,0.07405436630142503,1,2.5379021167755127,256.0
2026,1e-05,0.3392074999974284,0.030173699837177992,0.023561671575797454,0.0764578947564587,1,1.651803970336914,256.0
2027,1e-05,0.34040140000070096,0.02091130125336349,0.011680317310882466,0.0855281917611137,1,1.461012601852417,256.0
2028,1e-05,0.3383508000006259,0.022701203415635973,0.01339944132736751,0.08781353360973299,1,1.8555692434310913,256.0
2029,1e-05,0.33956469999975525,0.036657161195762455,0.015781132970005274,0.18278935918351635,1,3.0084338188171387,256.0
2030,1e-05,0.3380403999981354,0.028891050489619374,0.017984887418736304,0.10523419281526003,1,2.5307984352111816,256.0
2031,1e-05,0.340066000000661,0.02229495462961495,0.01717839330168707,0.058110879093874246,1,1.5741838216781616,256.0
2032,1e-05,0.34062270000140416,0.016420337837189436,0.013718846686450499,0.03533077042084187,1,0.8311150074005127,256.0
2033,1e-05,0.33807050000177696,0.020466879417654127,0.019527544866182973,0.027042215784604196,1,1.5863312482833862,256.0
2034,1e-05,0.3404072000012093,0.047896338161081076,0.017035819989229952,0.26391996582970023,1,3.447991132736206,256.0
2035,1e-05,0.3399388999969233,0.052871131571009755,0.016164219605603387,0.3098195190541446,1,3.2623019218444824,256.0
2036,1e-05,0.3419365000008838,0.116502002812922,0.018643733779234544,0.8015098439063877,1,5.288043022155762,256.0
2037,1e-05,0.3399234999997134,0.0314050808083266,0.01707332055749638,0.13172740385198267,1,1.7064945697784424,256.0
2038,1e-05,0.33585309999762103,0.10029880446381867,0.012646731987063373,0.7138633038848639,1,3.259061336517334,256.0
2039,1e-05,0.34154380000109086,0.033076811814680696,0.029368322076542035,0.059036231716163456,1,2.2607624530792236,256.0
2040,1e-05,0.34197889999995823,0.01944949256721884,0.013283190982682365,0.06261359842028469,1,1.7460273504257202,256.0
2041,1e-05,0.33913050000046496,0.034012733260169625,0.017039071103291854,0.1528283697552979,1,2.7115626335144043,256.0
2042,1e-05,0.34145429999989574,0.01754583092406392,0.013925650489649602,0.04288709454704076,1,0.8543205857276917,256.0
2043,1e-05,0.3407459999980347,0.035242595709860325,0.023610897894416536,0.11666448705364019,1,1.0241243839263916,256.0
2044,1e-05,0.3391527000021597,0.027239954099059105,0.017099567289863313,0.09822266025003046,1,1.9138598442077637,256.0
2045,1e-05,0.3399886000006518,0.03320142370648682,0.025042107195726464,0.09031663672067225,1,2.7118682861328125,256.0
2046,1e-05,0.3396510999991733,0.017868430935777724,0.009988999260323388,0.07302445225650445,1,0.8769103288650513,256.0
2047,1e-05,0.3419453999995312,0.029037266736850142,0.012464234538908516,0.14504849034710787,1,2.085543394088745,256.0
2048,1e-05,0.3412376000014774,0.018864094628952444,0.01245815000895943,0.06370571203297004,1,1.476125955581665,256.0
2049,1e-05,0.34136209999996936,0.03408845386002213,0.018819075277341262,0.14097410430804302,1,1.4602408409118652,256.0
2050,1e-05,0.3394619999999122,0.03885260201059282,0.014208828232118062,0.21135901313391514,1,3.4397993087768555,256.0
2051,1e-05,0.3397666999990179,0.02981795952655375,0.024375732988119125,0.06791354117012816,1,1.515964150428772,256.0
2052,1e-05,0.3412243999991915,0.04309032403398305,0.014470860827714205,0.24342656321823597,1,4.028026580810547,256.0
2053,1e-05,0.33989040000233217,0.044873631733935326,0.011091832404157944,0.2813462285557762,1,3.385134220123291,256.0
2054,1e-05,0.3405251000003773,0.0300634351442568,0.020130159399871315,0.09959635975246783,1,1.3576070070266724,256.0
2055,1e-05,0.3399043999997957,0.037932821724098176,0.014701743477157183,0.20055037958081812,1,2.1131811141967773,256.0
2056,1e-05,0.34195309999995516,0.025760743534192443,0.013331827973680837,0.1127631498966366,1,1.6677334308624268,256.0
2057,1e-05,0.3411604000029911,0.026173741091042757,0.012526066641190223,0.12170746264746413,1,1.2675315141677856,256.0
2058,1e-05,0.33994239999810816,0.01677223516162485,0.01283509364085538,0.04433222143597959,1,0.7036463022232056,256.0
2059,1e-05,0.3424998999980744,0.0247760156635195,0.020177707807826146,0.05696417008039134,1,1.5368300676345825,256.0
2060,1e-05,0.3398165999969933,0.02561947947833687,0.013310063098158156,0.1117853932082653,1,1.408389925956726,256.0
2061,1e-05,0.34029450000161887,0.04042884788941592,0.01920563032451485,0.18899136479012668,1,2.5796072483062744,256.0
2062,1e-05,0.34049919999961276,0.025726186111569405,0.01906770800373384,0.07233553472906351,1,0.7775708436965942,256.0
2063,1e-05,0.3388529000003473,0.034627089160494506,0.013746056439621108,0.18079431750811636,1,2.831054925918579,256.0
2064,1e-05,0.33955000000059954,0.027467314852401614,0.017507254212562526,0.09718774699649657,1,1.4350422620773315,256.0
2065,1e-05,0.3419916999991983,0.10608059444348328,0.008432989274816853,0.7896138803916983,1,5.590761661529541,256.0
2066,1e-05,0.340997300001618,0.040678094141185284,0.011669813389224666,0.24373606243170798,1,3.3297832012176514,256.0
2067,1e-05,0.3416862999984005,0.02345593215432018,0.014144752374184983,0.08863418034161441,1,1.9547879695892334,256.0
2068,1e-05,0.34117479999986244,0.03966339153703302,0.012602200199450766,0.22909172694198787,1,4.279708385467529,256.0
2069,1e-05,0.3443047000000661,0.04422427632380277,0.014663303869643382,0.25115105975419283,1,1.768739104270935,256.0
2070,1e-05,0.34222269999736454,0.02273619652260095,0.010596627103430884,0.10771318466868252,1,1.7894783020019531,256.0
2071,1e-05,0.3455091000032553,0.027166474726982415,0.014959427128945078,0.11261580721475184,1,1.376699447631836,256.0
2072,1e-05,0.35462120000011055,0.10655367939034477,0.02054813883400389,0.7085925207356922,1,6.804879665374756,256.0
2073,1e-05,0.343221099999937,0.01690581248840317,0.011248834830309664,0.05650465306825936,1,1.2615342140197754,256.0
2074,1e-05,0.3462221000008867,0.19030608504544944,0.01763201441748866,1.3990246087196283,1,6.8832783699035645,256.0
2075,1e-05,0.34434849999888684,0.01811453976552002,0.012886793119832873,0.05470876541448888,1,1.0493184328079224,256.0
2076,1e-05,0.3435256999982812,0.01869659184012562,0.010799457718219076,0.07397653150837868,1,1.194830298423767,256.0
2077,1e-05,0.3464254999998957,0.03728916100226343,0.017954950353928974,0.1726286238990724,1,3.753577709197998,256.0
2078,1e-05,0.34676129999934346,0.03248081501806155,0.02115737147895353,0.11174491189740365,1,2.8970866203308105,256.0
2079,1e-05,0.33945460000177263,0.05882173799909651,0.023242336298738207,0.30787754684570245,1,3.439364433288574,256.0
2080,1e-05,0.3405994999993709,0.03197946399450302,0.01545461140839117,0.14765342854661867,1,1.2529855966567993,256.0
2081,1e-05,0.34079879999990226,0.01772712147794664,0.014492652378976345,0.04036840665503405,1,1.1452343463897705,256.0
2082,1e-05,0.33911259999877075,0.02088294894201681,0.0077874599290745595,0.11255137104308233,1,2.055049180984497,256.0
2083,1e-05,0.339862600001652,0.058215411903802305,0.01615756344316261,0.35262037464417517,1,4.448267936706543,256.0
2084,1e-05,0.34188600000197766,0.026775330887176096,0.009236878183271204,0.14954449399374425,1,2.105095386505127,256.0
2085,1e-05,0.34045960000003106,0.03074908652342856,0.019130026722060784,0.11208250734489411,1,1.8440300226211548,256.0
2086,1e-05,0.3405877999975928,0.025411833776161075,0.010433410227830921,0.1302608009573305,1,1.4747753143310547,256.0
2087,1e-05,0.3380708999975468,0.031775570765603334,0.014883322774299554,0.15002131124492735,1,2.121652364730835,256.0
2088,1e-05,0.3388131000028807,0.027622951951343566,0.020604295123900686,0.07675354916136712,1,1.1706464290618896,256.0
2089,1e-05,0.3399351999978535,0.04130413010716438,0.015029814626489366,0.22522433241829276,1,2.2672460079193115,256.0
2090,1e-05,0.3399020999968343,0.060121888760477304,0.021602942209158624,0.3297545223031193,1,2.9073519706726074,256.0
2091,1e-05,0.34056520000012824,0.0414735556114465,0.020700692930924042,0.18688358482904732,1,1.9108171463012695,256.0
2092,1e-05,0.3411250999997719,0.08834025461692363,0.014686963986605406,0.6039133206941187,1,4.1483964920043945,256.0
2093,1e-05,0.34051670000189915,0.017471938917879015,0.009539893296148096,0.07299625675659627,1,1.1910735368728638,256.0
2094,1e-05,0.3401086999983818,0.0406197642441839,0.018709635761167322,0.19399067340418696,1,2.0246598720550537,256.0
2095,1e-05,0.34022989999721176,0.02904372912598774,0.01651701214723289,0.11673074180725962,1,1.5048435926437378,256.0
2096,1e-05,0.338758300000336,0.03458877420052886,0.017822089871125563,0.1519555682898499,1,1.3751355409622192,256.0
2097,1e-05,0.3408073999999033,0.048694035271182656,0.017131212100918804,0.26963379845255986,1,1.807754397392273,256.0
2098,1e-05,0.34094399999958114,0.03652621654327959,0.017652695399842093,0.16864086479472462,1,2.1409409046173096,256.0
2099,1e-05,0.33985930000199005,0.0510422654915601,0.02098362979346088,0.261452705366537,1,1.9995901584625244,256.0
2100,1e-05,0.33855709999988903,0.030273747630417347,0.01940644838448082,0.10634484088222962,1,1.5603529214859009,256.0
2101,1e-05,0.3439333999995142,0.03272427665069699,0.01960502365337951,0.1245590495527722,1,1.15207040309906,256.0
2102,1e-05,0.34101190000001225,0.02712914044968784,0.01785902994950967,0.09201991406371235,1,1.7856850624084473,256.0
2103,1e-05,0.34422819999963394,0.11530323850456625,0.010397440088646752,0.8496437928406522,1,4.873379707336426,256.0
2104,1e-05,0.363245000000461,0.04752398480195552,0.011249653063714504,0.30144429858773947,1,2.587157964706421,256.0
2105,1e-05,0.3737452999994275,0.022472291544545442,0.007977980388594525,0.1239324671914801,1,1.5318572521209717,256.0
2106,1e-05,0.3613370999992185,0.08020030823536217,0.011740582595978464,0.5594184068613686,1,4.490805625915527,256.0
2107,1e-05,0.36660009999832255,0.02786976401694119,0.008433144007410322,0.16392610374896321,1,2.121088981628418,256.0
2108,1e-05,0.3569398999970872,0.02314491616562009,0.01694006339779922,0.06657888798508793,1,1.165916085243225,256.0
2109,1e-05,0.3738861000019824,0.030902705038897693,0.01670922458704029,0.13025705696782097,1,2.181732177734375,256.0
2110,1e-05,0.3733734999987064,0.06545452889986336,0.017500087452520217,0.4011355759575963,1,4.029843807220459,256.0
2111,1e-05,0.37217649999729474,0.025704144034534693,0.015673431301755563,0.09591913541953545,1,1.1315882205963135,256.0
2112,1e-05,0.37466549999953713,0.021528811426833272,0.018610064538994005,0.04196004060213454,1,1.1320998668670654,256.0
2113,1e-05,0.34576319999905536,0.02058196975849569,0.01725446472742728,0.04387450574722607,1,1.694628357887268,256.0
2114,1e-05,0.35038390000045183,0.05234566819854081,0.01660764523382698,0.30251183279324323,1,3.266423225402832,256.0
2115,1e-05,0.37653920000229846,0.16507182421628386,0.013448644296399184,1.2264340156234539,1,6.519522190093994,256.0
2116,1e-05,0.37775840000176686,0.023490454768761992,0.012375807389616966,0.10129299573600292,1,2.358137369155884,256.0
2117,1e-05,0.35576940000100876,0.04515984305180609,0.013912723599267858,0.2638896650169045,1,1.780491590499878,256.0
2118,1e-05,0.3406887999990431,0.054185747052542865,0.011881721438840032,0.35031392436940223,1,3.8619613647460938,256.0
2119,1e-05,0.342163299999811,0.02289587282575667,0.015885260554828813,0.07197015604469925,1,2.3602654933929443,256.0
2120,1e-05,0.3398209999977553,0.06387592433020473,0.0177971376106143,0.3864274243678665,1,5.898640155792236,256.0
2121,1e-05,0.3404010999984166,0.016362904920242727,0.01207209744357637,0.04639855760615319,1,0.8111492395401001,256.0
2122,1e-05,0.3410282000004372,0.03090299223549664,0.013242494714047228,0.1545264795422554,1,1.1510511636734009,256.0
2123,1e-05,0.3404298999994353,0.01716802071314305,0.011048007091241223,0.060008115353411995,1,0.8450042605400085,256.0
2124,1e-05,0.34295660000134376,0.012865421711467206,0.011941753394369568,0.019331099232658744,1,1.2083836793899536,256.0
2125,1e-05,0.340079000001424,0.02708781440742314,0.010413850458072764,0.1438055682920094,1,1.8497933149337769,256.0
2126,1e-05,0.34151379999821074,0.024922665674239397,0.015845809797091142,0.08846065357647603,1,1.5537158250808716,256.0
2127,1e-05,0.3658937000000151,0.021936662727966905,0.016540145434971367,0.05971228319685906,1,1.7158757448196411,256.0
2128,1e-05,0.35148109999863664,0.058457340812310576,0.017435882639672075,0.345607535680756,1,5.086774826049805,256.0
2129,1e-05,0.3413548999997147,0.033596059191040695,0.013075358467176557,0.17724097124300897,1,2.514543056488037,256.0
2130,1e-05,0.3419045999980881,0.03801930835470557,0.017634905076452663,0.1807101207668893,1,1.7638169527053833,256.0
2131,1e-05,0.34015240000007907,0.021078925114125013,0.011064672476745077,0.09117869276087731,1,1.8523786067962646,256.0
2132,1e-05,0.34045899999910034,0.024829326197504997,0.010874851739832334,0.12251065159216523,1,1.4069267511367798,256.0
2133,1e-05,0.3410872000022209,0.02023564139381051,0.012575719572071518,0.07385509327286854,1,1.057918667793274,256.0
2134,1e-05,0.34143419999963953,0.020577918621711433,0.013585901320246714,0.0695220468332991,1,1.6372991800308228,256.0
2135,1e-05,0.34179629999925965,0.05213334353175014,0.012043123000434466,0.33276490471325815,1,2.417215347290039,256.0
2136,1e-05,0.34112289999757195,0.02495094307232648,0.018666487553023865,0.06894213613122702,1,1.5192070007324219,256.0
2137,1e-05,0.3413645999971777,0.03240572311915457,0.014612946293449827,0.15695515181869268,1,1.8012213706970215,256.0
2138,1e-05,0.3401574999988952,0.015068911423441023,0.008602467498608999,0.06033401837339625,1,0.7729702591896057,256.0
2139,1e-05,0.3409687999992457,0.016526169318240136,0.010241524915077857,0.060518678394146264,1,1.250898838043213,256.0
2140,1e-05,0.34195270000054734,0.02664847858250141,0.01643074576609901,0.09817260992713273,1,1.472588300704956,256.0
2141,1e-05,0.34007589999964694,0.05654168501496315,0.010682700268392051,0.37755459312029416,1,3.498076915740967,256.0
2142,1e-05,0.3410492000002705,0.028926980099640787,0.010796439900462116,0.15584075613878667,1,1.8402718305587769,256.0
2143,1e-05,0.34089139999923646,0.036191054969094694,0.010015233818973814,0.21942179999314249,1,2.088806390762329,256.0
2144,1e-05,0.34112460000324063,0.028019902296364307,0.01597705257258245,0.11231984302867204,1,1.7314329147338867,256.0
2145,1e-05,0.343971700000111,0.03171638946514577,0.015220096800476313,0.14719042769866064,1,1.4669404029846191,256.0
2146,1e-05,0.3409881999978097,0.023992108704987913,0.014450188460094588,0.09078555906307884,1,0.9945369958877563,256.0
2147,1e-05,0.34046849999867845,0.03020938963163644,0.010999594016798906,0.16467796242795885,1,2.890885353088379,256.0
2148,1e-05,0.3417310999975598,0.021555151615757495,0.012458847569567817,0.08522928670572583,1,1.6878077983856201,256.0
2149,1e-05,0.3398914000026707,0.0316779853310436,0.01582163791837437,0.14267242432106286,1,1.3731963634490967,256.0
2150,1e-05,0.34042480000061914,0.020780683029443026,0.015699582174420357,0.05634839151753113,1,1.516655445098877,256.0
2151,1e-05,0.3425143999993452,0.0194993190234527,0.010693206518356289,0.0811421032412909,1,1.0960994958877563,256.0
2152,1e-05,0.3415461000004143,0.042543101706542075,0.029773772694170475,0.1319284035707824,1,2.036226511001587,256.0
2153,1e-05,0.3408598999994865,0.022316937160212547,0.012726858657385622,0.08944748577778228,1,1.2472084760665894,256.0
2154,1e-05,0.3410818000011204,0.016174763906747103,0.010721994430891104,0.05434415035415441,1,1.1088056564331055,256.0
2155,1e-05,0.3410547999992559,0.025907245522830635,0.009133291630340474,0.14332492125686258,1,1.6816335916519165,256.0
2156,1e-05,0.3409527000003436,0.016956519044470042,0.01167027818571244,0.0539602066273801,1,1.2366619110107422,256.0
2157,1e-05,0.3403309999994235,0.02488415956031531,0.01312760852410325,0.10718001640634611,1,1.312511920928955,256.0
2158,1e-05,0.3407800999993924,0.05028731585480273,0.027346893579566052,0.2108702797195292,1,3.3341317176818848,256.0
2159,1e-05,0.340017300000909,0.04853759071556851,0.010629532126975911,0.3138939926502644,1,2.815295457839966,256.0
2160,1e-05,0.3400614999991376,0.06578644539695233,0.015312246579144682,0.4191058373544365,1,2.2350690364837646,256.0
2161,1e-05,0.34069910000107484,0.036183419288136065,0.01271596404590777,0.20045561948791146,1,2.081019401550293,256.0
2162,1e-05,0.34100519999992684,0.03166025131940842,0.02477646033678736,0.07984678875072859,1,1.453999400138855,256.0
2163,1e-05,0.3426313999989361,0.02325660258065909,0.015463812542813165,0.07780613552313298,1,0.9716333746910095,256.0
2164,1e-05,0.34127950000038254,0.029499174910597503,0.01001409477820354,0.1658947309188079,1,1.3408660888671875,256.0
2165,1e-05,0.34213269999963813,0.025611586344894022,0.017038600785391673,0.08562248526141047,1,1.5930601358413696,256.0
2166,1e-05,0.3397194999997737,0.022845611907541752,0.013921848165669612,0.08531195053365082,1,1.0682778358459473,256.0
2167,1e-05,0.3394564000009268,0.04001334204804152,0.011967157346329518,0.23633663123473525,1,2.886960506439209,256.0
2168,1e-05,0.3406491999994614,0.04844434396363795,0.022260367138577358,0.2317321663722396,1,2.110382080078125,256.0
2169,1e-05,0.34180799999739975,0.03165504313074052,0.014007906296423503,0.15518499852259993,1,1.2627410888671875,256.0
2170,1e-05,0.34197929999936605,0.051421565003693104,0.011508946307003498,0.3308099014975596,1,4.358048439025879,256.0
2171,1e-05,0.3408099000007496,0.04797262919601053,0.019532639865896533,0.24705257022287697,1,1.947121024131775,256.0
2172,1e-05,0.3403131000013673,0.034785678843036294,0.01257477461227349,0.1902620136970654,1,2.154421091079712,256.0
2173,1e-05,0.3416010000000824,0.01243854669155553,0.010151008077497994,0.028451321515603922,1,0.7863559126853943,256.0
2174,1e-05,0.3408603999996558,0.035328171448782086,0.01655323983037046,0.16675269836559892,1,2.434324026107788,256.0
2175,1e-05,0.3426572999997006,0.020543583610560745,0.010728298453614116,0.08925057567830663,1,2.080794095993042,256.0
2176,1e-05,0.3410278000010294,0.0569254772271961,0.010731251477929098,0.3802850383799523,1,3.411677837371826,256.0
2177,1e-05,0.3412209999987681,0.026529592112638056,0.018325295432337692,0.083959664858412,1,1.9474183320999146,256.0
2178,1e-05,0.3388357999974687,0.020549018983729184,0.01295283090855394,0.07372234339709394,1,1.8963884115219116,256.0
2179,1e-05,0.3415829000005033,0.051953106420114636,0.011742897065622466,0.3334245731239207,1,4.3623456954956055,256.0
2180,1e-05,0.34042549999867333,0.03831915091723204,0.018742964270391634,0.17535246862098575,1,1.6496788263320923,256.0
2181,1e-05,0.33943920000092476,0.032102834491524845,0.010834186204842158,0.18098336911933188,1,1.723353385925293,256.0
2182,1e-05,0.34122690000003786,0.031082910019904375,0.020441865415445397,0.10557021503336728,1,0.9898930788040161,256.0
2183,1e-05,0.3400512999978673,0.027340569882653654,0.019372076328311647,0.08312001393642277,1,1.173476219177246,256.0
2184,1e-05,0.3408987000002526,0.050883157877251506,0.0168073273796056,0.2894139577401802,1,3.4005286693573,256.0
2185,1e-05,0.3412907999991148,0.049939693708438426,0.012978171397532736,0.30867035588016734,1,2.010129928588867,256.0
2186,1e-05,0.34182589999909396,0.019601804320700467,0.013060063256749086,0.06539399223402143,1,0.975605309009552,256.0
2187,1e-05,0.34187459999884595,0.0671964226057753,0.010529247212356754,0.4638666707032826,1,4.626016139984131,256.0
2188,1e-05,0.34149190000243834,0.027326771756634116,0.011953164291168963,0.13494202919537202,1,2.1778652667999268,256.0
2189,1e-05,0.3396924999979092,0.02969789959024638,0.01459142891690135,0.13544320251094177,1,2.890458822250366,256.0
2190,1e-05,0.33994519999760087,0.026547446846961975,0.0221144598243492,0.057578350038966164,1,1.146777629852295,256.0
2191,1e-05,0.3400227000020095,0.0218014947604388,0.010646638260888202,0.09988548862747848,1,1.400856614112854,256.0
2192,1e-05,0.3418227999973169,0.018029330763965845,0.011419933422335557,0.06429511226087925,1,1.8995051383972168,256.0
2193,1e-05,0.340705299997353,0.036803624709136784,0.01793158965717469,0.16890786825388204,1,3.8995001316070557,256.0
2194,1e-05,0.3443602000006649,0.023698051809333265,0.01301419794825571,0.09848502589738928,1,1.3264832496643066,256.0
2195,1e-05,0.3443455000015092,0.019724312878679484,0.009597438553880368,0.09061243546602782,1,1.7957091331481934,256.0
2196,1e-05,0.34676020000188146,0.023706754436716437,0.013396148270528232,0.0958809974254109,1,1.0629416704177856,256.0
2197,1e-05,0.34303450000152225,0.014565395307727158,0.009946951975247689,0.04689449904253706,1,1.211777687072754,256.0
2198,1e-05,0.3414402999987942,0.03093832917511463,0.014687694808734315,0.14469276391901076,1,2.2253429889678955,256.0
2199,1e-05,0.3421913999991375,0.05112464423291385,0.013710889433111464,0.31302092177793384,1,2.4624664783477783,256.0
2200,1e-05,0.34453990000110934,0.050072972662746906,0.008238470298238099,0.3429144964902662,1,2.671792984008789,256.0
2201,1e-05,0.3401401999981317,0.026722199749201536,0.013810863917959588,0.11710155033506453,1,1.9460277557373047,256.0
2202,1e-05,0.3383758999989368,0.030821383465081453,0.011365638413865651,0.1670116038294509,1,1.1958171129226685,256.0
2203,1e-05,0.3403641999975662,0.03034352231770754,0.026054696312972477,0.06036531020072289,1,1.0905234813690186,256.0
2204,1e-05,0.3395189000002574,0.027514018584042788,0.010972222379807915,0.14330658875405788,1,2.0275423526763916,256.0
2205,1e-05,0.33999779999794555,0.021407340187579393,0.01444099158314722,0.07017177900706884,1,1.2078723907470703,256.0
2206,1e-05,0.3395439999985683,0.030071801505982876,0.021147020626813173,0.09254526608856395,1,1.088984489440918,256.0
2207,1e-05,0.34098250000170083,0.01936764654237777,0.013466941259269203,0.06067258771508932,1,1.7688624858856201,256.0
2208,1e-05,0.3392208999975992,0.031132907141000032,0.01298095831381423,0.15819655277300626,1,2.1265246868133545,256.0
2209,1e-05,0.3408735000011802,0.02803991106338799,0.017552826553583145,0.10144949547247961,1,1.1697577238082886,256.0
2210,1e-05,0.33856309999828227,0.02710967103485018,0.012410151838724102,0.13000630649912637,1,1.0749801397323608,256.0
2211,1e-05,0.3405051000008825,0.1091671766480431,0.012866308546758123,0.7832732649694663,1,8.153733253479004,256.0
2212,1e-05,0.33960669999942183,0.016081881301943213,0.007723246035831315,0.07459232854307629,1,0.9015724062919617,256.0
2213,1e-05,0.3428191000020888,0.06270394113380462,0.011029978415795736,0.42442165105603635,1,5.081679344177246,256.0
2214,1e-05,0.34106030000111787,0.06342084857169539,0.01442325727215835,0.4064039414515719,1,3.02168345451355,256.0
2215,1e-05,0.3397526000007929,0.029598413733765483,0.011420258187821932,0.1568455066299066,1,1.6712669134140015,256.0
2216,1e-05,0.34018099999957485,0.032104813086334616,0.02043481663401638,0.1137947867391631,1,1.1776313781738281,256.0
2217,1e-05,0.34003110000048764,0.056984379421919584,0.02559603378176689,0.27670280158054084,1,3.7709226608276367,256.0
2218,1e-05,0.3406500999990385,0.026813153992407024,0.011242374910839967,0.13580861286027357,1,1.4670411348342896,256.0
2219,1e-05,0.3419257000023208,0.03552943153772503,0.011718526249751449,0.20220577737200074,1,2.780433177947998,256.0
2220,1e-05,0.34159960000033607,0.04956324747763574,0.013946524887744869,0.2988803127082065,1,4.533570766448975,256.0
2221,1e-05,0.3416250000009313,0.049564024433493614,0.010494487892304147,0.3230507791013224,1,4.887590408325195,256.0
2222,1e-05,0.34181180000086897,0.04204601363744587,0.014698866455416595,0.23347603397814964,1,2.3381574153900146,256.0
2223,1e-05,0.3416188000010152,0.020552655041683465,0.012116505232240473,0.07960570161230862,1,1.2412749528884888,256.0
2224,1e-05,0.3387938999985636,0.020697293570265174,0.010855857881584339,0.08958734810585156,1,0.8485079407691956,256.0
2225,1e-05,0.34055399999851943,0.022718535852618515,0.010426270043743508,0.10876439930871129,1,1.722474217414856,256.0
2226,1e-05,0.3398218000002089,0.023815787048079073,0.012668777323727096,0.10184485258287168,1,1.2653388977050781,256.0
2227,1e-05,0.34039320000010775,0.02775683405343443,0.022496182737605914,0.06458139762980863,1,1.3522095680236816,256.0
2228,1e-05,0.3399460000000545,0.02895225479733199,0.008862360713205166,0.16958152418374084,1,3.3803064823150635,256.0
2229,1e-05,0.3396001000000979,0.04281057696789503,0.013014144064592463,0.25138561031781137,1,3.3235385417938232,256.0
2230,1e-05,0.3364012999991246,0.032544781104661524,0.011447502599496926,0.18022573844064027,1,3.5397260189056396,256.0
2231,1e-05,0.3381258000008529,0.01692696288228035,0.011530967529064842,0.05469893151894212,1,0.9577725529670715,256.0
2232,1e-05,0.3378125999988697,0.03628654684871435,0.018304565655333654,0.16216041333973408,1,2.580284595489502,256.0
2233,1e-05,0.33977600000071106,0.024024653917877004,0.014698991585256798,0.08930429782776628,1,1.6382184028625488,256.0
2234,1e-05,0.3406504999984463,0.01899771549506113,0.01311276460598622,0.06019237078726292,1,1.0736658573150635,256.0
2235,1e-05,0.34034089999840944,0.037983354181051254,0.02557533181139401,0.12483951752074063,1,1.8384861946105957,256.0
2236,1e-05,0.34010090000083437,0.026111306506209075,0.014126101242644446,0.11000774569401983,1,1.8414057493209839,256.0
2237,1e-05,0.34252379999816185,0.04863329278305173,0.016797026885407313,0.2714871605858207,1,1.7303963899612427,256.0
2238,1e-05,0.3400121000013314,0.0430590360192582,0.013756671488018972,0.2481755691114813,1,4.0292134284973145,256.0
2239,1e-05,0.3412448000017321,0.018859501171391457,0.010192716095064367,0.07952699274756014,1,0.7622328996658325,256.0
2240,1e-05,0.3399738999978581,0.022883603116497397,0.0120973140001297,0.09838763176230714,1,1.21556556224823,256.0
2241,1e-05,0.34043739999833633,0.036544591712299734,0.010638507548719645,0.21788717340677977,1,2.9613542556762695,256.0
2242,1e-05,0.3416591999994125,0.019423211459070444,0.01357146937932287,0.060385405202396214,1,1.2962599992752075,256.0
2243,1e-05,0.3408770000023651,0.018873913446441293,0.013675620779395103,0.05526196048595011,1,0.8469753265380859,256.0
2244,1e-05,0.34183309999934863,0.07134194858372211,0.01385215184252177,0.47377051087096334,1,2.5913751125335693,256.0
2245,1e-05,0.3427750000009837,0.05132901866454631,0.01760458653526647,0.28740003681741655,1,2.2138373851776123,256.0
2246,1e-05,0.34045270000206074,0.017609163536690176,0.013501672938998257,0.04636159972869791,1,1.0490983724594116,256.0
2247,1e-05,0.34111359999951674,0.020923221833072603,0.014520205823438508,0.06574433236528421,1,1.0751886367797852,256.0
2248,1e-05,0.3399754000020039,0.02616410283371806,0.015061204454728536,0.10388439346570522,1,2.8905680179595947,256.0
2249,1e-05,0.339989299998706,0.026954118395224214,0.010991999180987477,0.13868895766790956,1,2.3120367527008057,256.0
2250,1e-05,0.33964669999841135,0.02254351112060249,0.016067017002829483,0.06787897157482803,1,1.4275239706039429,256.0
2251,1e-05,0.34264270000130637,0.038163064629770815,0.017941776729587997,0.17971208365634084,1,1.8391250371932983,256.0
2252,1e-05,0.34170459999950253,0.040729891043156385,0.01581146627930658,0.2151588684937451,1,3.195795774459839,256.0
2253,1e-05,0.3374471999995876,0.026672660023905337,0.014368258948837007,0.1128034594876226,1,1.1308010816574097,256.0
2254,1e-05,0.33966139999756706,0.07324839569628239,0.017654863984457085,0.4624031397688668,1,2.635923385620117,256.0
2255,1e-05,0.34244199999739067,0.0451126218540594,0.020018957621817077,0.2207682658918202,1,2.8950321674346924,256.0
2256,1e-05,0.34031120000145165,0.02670907322317362,0.01622623990156821,0.10008890874451026,1,2.690239429473877,256.0
2257,1e-05,0.3407943999991403,0.02507700538262725,0.01111155389142888,0.12283515921444632,1,2.9021759033203125,256.0
2258,1e-05,0.3440145000022312,0.024654498090967536,0.012016387390238898,0.1131212767213583,1,1.7631336450576782,256.0
2259,1e-05,0.34222150000277907,0.04290153761394322,0.012172406506059425,0.2580054558929987,1,4.119340419769287,256.0
2260,1e-05,0.34119339999961085,0.03316298546269536,0.018016722651996782,0.13918681733775884,1,2.553541660308838,256.0
2261,1e-05,0.3400545000004058,0.0604160176590085,0.018822788992630585,0.35156860714778304,1,3.075279474258423,256.0
2262,1e-05,0.3396437000010337,0.053836967796087265,0.014924810534077031,0.32622206932865083,1,2.5642919540405273,256.0
2263,1e-05,0.3407814000020153,0.10867128986865282,0.01755880654257323,0.7464586696587503,1,5.662464618682861,256.0
2264,1e-05,0.34094370000093477,0.02194461226463318,0.012267700196909053,0.08968299650587142,1,0.8820929527282715,256.0
2265,1e-05,0.34136880000005476,0.01905113470274955,0.01367627882531711,0.05667512665968388,1,1.692637324333191,256.0
2266,1e-05,0.33936419999736245,0.03612647234695032,0.011437759202505862,0.2089474570530001,1,2.1965863704681396,256.0
2267,1e-05,0.3380858000018634,0.03593332157470286,0.030274603083463653,0.07554434600751847,1,1.2903621196746826,256.0
2268,1e-05,0.3406713000003947,0.034101808560080826,0.013303154547299658,0.17969239281956106,1,1.722489833831787,256.0
2269,1e-05,0.3408029999991413,0.03425677691120654,0.01922095992735454,0.13950748462229967,1,1.376273274421692,256.0
2270,1e-05,0.3408982000000833,0.08515659929253161,0.029197792505978475,0.4768682490102947,1,5.2369704246521,256.0
2271,1e-05,0.34206040000208304,0.036897849291563034,0.01454812427982688,0.19334591319784522,1,1.7462817430496216,256.0
2272,1e-05,0.341443999997864,0.03155215713195503,0.01921104526679431,0.11793992369712214,1,2.189387083053589,256.0
2273,1e-05,0.3393485000015062,0.07014012755826116,0.010666187386959791,0.48645765997935086,1,4.3511505126953125,256.0
2274,1e-05,0.340819899996859,0.01507228473201394,0.011112591185207878,0.042790137929841876,1,1.4748269319534302,256.0
2275,1e-05,0.3419154000002891,0.03028353734407574,0.014267161288963897,0.14239817471752758,1,2.396515369415283,256.0
2276,1e-05,0.3401954000000842,0.025872331927530468,0.011565640701779298,0.12601917271967977,1,1.5159621238708496,256.0
2277,1e-05,0.3395654000014474,0.020421520923264325,0.014901876715677125,0.059059033810626715,1,1.0416843891143799,256.0
2278,1e-05,0.3425309999984165,0.030637949239462614,0.013774072285741568,0.1486850829096511,1,1.1518266201019287,256.0
2279,1e-05,0.3438654999990831,0.025394527474418283,0.011375946059290851,0.1235245960415341,1,1.0551984310150146,256.0
2280,1e-05,0.34096770000178367,0.08412823581602424,0.008984656904691033,0.6101332458201796,1,5.160893440246582,256.0
2281,1e-05,0.34171970000170404,0.019899178994819522,0.010428586708647864,0.08619332732632756,1,1.0903416872024536,256.0
2282,1e-05,0.3412484999971639,0.01883256167639047,0.010172281281224318,0.07945452237618156,1,1.3886951208114624,256.0
2283,1e-05,0.3393450000003213,0.07947159768082201,0.01593025481062276,0.5242610014975071,1,6.596213340759277,256.0
2284,1e-05,0.33840110000164714,0.017457897891290486,0.013617409193622214,0.04434131842572242,1,1.095794916152954,256.0
2285,1e-05,0.3421500999975251,0.028964278870262206,0.013258333384458507,0.1389059002394788,1,1.7499803304672241,256.0
2286,1e-05,0.34205710000242107,0.03243023331742734,0.015782000829598734,0.14896784847951494,1,1.9902739524841309,256.0
2287,1e-05,0.3397817999975814,0.03713711485033855,0.02078966809702771,0.1515692453176598,1,2.294910192489624,256.0
2288,1e-05,0.3394483999982185,0.019186156045179814,0.011446393061695355,0.0733644999563694,1,1.2284795045852661,256.0
2289,1e-05,0.3389927999996871,0.02103559044189751,0.015023062704131007,0.06312329438515007,1,1.6136025190353394,256.0
2290,1e-05,0.3400732000009157,0.04012724419590086,0.030655884450035437,0.10642675882263575,1,2.0034122467041016,256.0
2291,1e-05,0.3389501999990898,0.030736570071894675,0.01178154316065567,0.16342176659964025,1,1.9305107593536377,256.0
2292,1e-05,0.3411859999978333,0.03455182031029835,0.015406793981258358,0.16856701407232322,1,1.0588124990463257,256.0
2293,1e-05,0.3395159000028798,0.023354503326117992,0.016467029095760415,0.07156682637287304,1,1.0395090579986572,256.0
2294,1e-05,0.338910800001031,0.034392553148791194,0.02184466372377106,0.1222277785273036,1,1.1491670608520508,256.0
2295,1e-05,0.34150969999973313,0.02224510529777035,0.015516101249626704,0.0693481316557154,1,2.4008657932281494,256.0
2296,1e-05,0.33994110000276123,0.029889192432165146,0.02381959730493171,0.0723763607093133,1,1.6915369033813477,256.0
2297,1e-05,0.33936330000142334,0.048342715948820114,0.00843530407707606,0.32769461907446384,1,1.7549835443496704,256.0
2298,1e-05,0.3420287000008102,0.028543432359583676,0.00897717522457242,0.1655072313733399,1,2.4827721118927,256.0
2299,1e-05,0.3388035999996646,0.035584737663157284,0.013322513750089067,0.19142030039802194,1,1.5477994680404663,256.0
2300,1e-05,0.342126499999722,0.05506733001675457,0.014168394130787678,0.3413598828483373,1,3.138162612915039,256.0
2301,1e-05,0.3399481999986165,0.013622422353364527,0.011152013138468777,0.030915287090465426,1,1.5239301919937134,256.0
2302,1e-05,0.3403369000006933,0.04767413157969713,0.030926337964566692,0.1649086861871183,1,1.8709336519241333,256.0
2303,1e-05,0.3424562000000151,0.0302398472558707,0.009142211505344935,0.1779233015840873,1,1.6487619876861572,256.0
2304,1e-05,0.3381805999997596,0.027395942946895957,0.010729170936558927,0.14406334480736405,1,2.673868179321289,256.0
2305,1e-05,0.33915329999945243,0.01548334927065298,0.008697400601314647,0.0629849887045566,1,0.682050347328186,256.0
2306,1e-05,0.34481550000054995,0.06016740470658988,0.017374894648258175,0.35971495672129095,1,3.2698581218719482,256.0
2307,1e-05,0.3476459000012255,0.01894015254219994,0.014967901366097587,0.046745911124162376,1,1.4080177545547485,256.0
2308,1e-05,0.3462070000023232,0.02276661468204111,0.014070090671469058,0.08364228194113821,1,1.0529688596725464,256.0
2309,1e-05,0.3445047999994131,0.02916786284185946,0.012854671238788537,0.14336020464543253,1,1.3838013410568237,256.0
2310,1e-05,0.3414670999991358,0.03833439014852047,0.014271984142916543,0.20677124080248177,1,2.772446393966675,256.0
2311,1e-05,0.34006550000049174,0.024080743198283017,0.008302556400719498,0.1345280468231067,1,2.3442115783691406,256.0
2312,1e-05,0.3400736000003235,0.03131217428017408,0.0248454491873937,0.07657924888189882,1,1.4146724939346313,256.0
2313,1e-05,0.33977969999978086,0.030829846626147628,0.021106006677395532,0.09889671974815428,1,1.2854759693145752,256.0
2314,1e-05,0.34125739999944926,0.02268082764931023,0.010826173770640577,0.10566340305376798,1,1.817919135093689,256.0
2315,1e-05,0.3415612999997393,0.036167010315693915,0.01873510836490563,0.15819032303988934,1,3.428475856781006,256.0
2316,1e-05,0.3423358999971242,0.03496381314471364,0.011552873333649976,0.19884039481985383,1,1.6889739036560059,256.0
2317,1e-05,0.3405069000000367,0.04947940935380757,0.01089783398700612,0.31955045089125633,1,3.665198802947998,256.0
2318,1e-05,0.3394643999999971,0.02912009129067883,0.012937139553417052,0.14240075452107703,1,3.273998975753784,256.0
2319,1e-05,0.33995880000293255,0.020539232820738107,0.01272516860626638,0.07523767958628014,1,1.1043870449066162,256.0
2320,1e-05,0.3409049999972922,0.03918778634397313,0.0113590361018266,0.2339890314178774,1,2.664292097091675,256.0
2321,1e-05,0.34337179999783984,0.02449233620427549,0.014126809313893318,0.0970510232145898,1,1.0131397247314453,256.0
2322,1e-05,0.34267240000190213,0.034336001495830715,0.01913488489974822,0.1407438086462207,1,2.0814924240112305,256.0
2323,1e-05,0.340469499999017,0.02253488777205348,0.014630911273083516,0.07786272396333516,1,2.147662401199341,256.0
2324,1e-05,0.3394122999998217,0.04380002443213016,0.014947739230202777,0.2457660135551123,1,2.5928707122802734,256.0
2325,1e-05,0.34098979999907897,0.035924398922361434,0.011096601540754949,0.2097189691849053,1,2.215637683868408,256.0
2326,1e-05,0.34127599999919767,0.05196357530076057,0.016411734678383385,0.30082647383460426,1,1.5768917798995972,256.0
2327,1e-05,0.3411322000029031,0.03480281971860677,0.01016934951102095,0.20723711291793734,1,3.959855556488037,256.0
2328,1e-05,0.3401608000021952,0.043823335552588105,0.011146054969036154,0.2725642953591887,1,2.201303005218506,256.0
2329,1e-05,0.3393988999996509,0.021849208162166178,0.01042533339932561,0.10181633150205016,1,1.6098066568374634,256.0
2330,1e-05,0.3395276000010199,0.03712516895029694,0.020339452495266284,0.15462517151900101,1,3.677706480026245,256.0
2331,1e-05,0.33951279999746475,0.03775204508565366,0.024585336579808166,0.1299190034624189,1,2.5479214191436768,256.0
2332,1e-05,0.3391150999996171,0.027722738799639046,0.013764784471797091,0.12542842293623835,1,2.16218900680542,256.0
2333,1e-05,0.340241199999582,0.04653831257019192,0.01208091653617365,0.28774008445907384,1,3.292797565460205,256.0
2334,1e-05,0.33909720000156085,0.04524377326015383,0.011696577271712678,0.28007414314197376,1,2.954167604446411,256.0
2335,1e-05,0.34134869999979855,0.026147735072299838,0.018066839381520237,0.08271399885416031,1,1.5981261730194092,256.0
2336,1e-05,0.33894950000103563,0.022753118653781712,0.016010330856910775,0.0699526278040139,1,2.1222705841064453,256.0
2337,1e-05,0.34368589999940014,0.05557085596956313,0.012245293107948132,0.3588498216122389,1,4.661100387573242,256.0
2338,1e-05,0.340738800001418,0.046315771411173046,0.014640444490526403,0.2680430670734495,1,3.6776413917541504,256.0
2339,1e-05,0.3412127000010514,0.1486044090706855,0.010168846031384808,1.1176532891549869,1,7.054059028625488,256.0
2340,1e-05,0.3434433000002173,0.028719473746605217,0.014153421590370792,0.13068184020812623,1,2.405447006225586,256.0
2341,1e-05,0.33973790000163717,0.028981393203139305,0.010931571745978934,0.15533012995729223,1,2.692322015762329,256.0
2342,1e-05,0.34016870000050403,0.046000177098903805,0.01516011284132089,0.2618806333048269,1,3.2991440296173096,256.0
2343,1e-05,0.340902100000676,0.04333856329321861,0.009897651017776557,0.27742493129335344,1,2.2854881286621094,256.0
2344,1e-05,0.34127300000182004,0.03334970329888165,0.02171315119734832,0.11480557289905846,1,1.4322580099105835,256.0
2345,1e-05,0.34008779999930994,0.10011460894020274,0.015976474886494025,0.6890814861981198,1,2.8103060722351074,256.0
2346,1e-05,0.3408111999997345,0.017796938656829298,0.011633868861411299,0.060938426191569306,1,1.016446828842163,256.0
2347,1e-05,0.34104860000297776,0.0249487420078367,0.012239886813664011,0.11391073232516646,1,1.676724910736084,256.0
2348,1e-05,0.34120049999910407,0.02773564588278532,0.015136556666610497,0.1159292709780857,1,1.7495906352996826,256.0
2349,1e-05,0.3414484999993874,0.050932727579493076,0.012014224460082394,0.32336224522441626,1,4.567397117614746,256.0
2350,1e-05,0.3595872000005329,0.018955756211653352,0.014568109664001636,0.049669282147078775,1,1.2125366926193237,256.0
2351,1e-05,0.34188470000299276,0.03590497741242871,0.026852754410356283,0.09927053202409297,1,2.3017094135284424,256.0
2352,1e-05,0.34064850000140723,0.042212488246150315,0.013927339177046503,0.2402085387147963,1,2.470668077468872,256.0
2353,1e-05,0.3411954000002879,0.04074979550205171,0.015474450308829546,0.21767720545176417,1,2.0361275672912598,256.0
2354,1e-05,0.33951380000144127,0.07320255972445011,0.010636777051591448,0.5111630035098642,1,7.352494716644287,256.0
2355,1e-05,0.34288809999998193,0.030052838032133877,0.01577015400731138,0.1300316213610131,1,1.4271960258483887,256.0
2356,1e-05,0.3415611999989778,0.029744766070507467,0.0172927029031728,0.11690921155968681,1,1.624862790107727,256.0
2357,1e-05,0.3398613999997906,0.02618749812245369,0.01919264918459313,0.0751514391740784,1,1.1582281589508057,256.0
2358,1e-05,0.3388918000018748,0.03160523599945009,0.013443402679903167,0.15873807575553656,1,1.218753457069397,256.0
2359,1e-05,0.33984140000029583,0.062330993823707104,0.017321226187050343,0.37739936806610785,1,4.76287841796875,256.0
2360,1e-05,0.339185600001656,0.030227834591642022,0.021287175294544016,0.09281245330203092,1,1.4916976690292358,256.0
2361,1e-05,0.34109000000171363,0.021261269692331553,0.0158239313667374,0.05932263657450676,1,1.4999492168426514,256.0
2362,1e-05,0.3394053000010899,0.0619167237309739,0.01696876050638301,0.3765524768678006,1,3.5543360710144043,256.0
2363,1e-05,0.341465599998628,0.09711098065599799,0.02222982474735805,0.6212790831923485,1,6.106614112854004,256.0
2364,1e-05,0.33883240000068326,0.0419367840513587,0.01768409207995449,0.21170560317113996,1,2.4381234645843506,256.0
2365,1e-05,0.34056630000122823,0.018316488072741777,0.015791338801916157,0.035992532493764884,1,1.2415879964828491,256.0
2366,1e-05,0.33900119999816525,0.04628309386316687,0.018495277035981417,0.24079780571628362,1,2.1370534896850586,256.0
2367,1e-05,0.33991600000081235,0.023540102527476847,0.019289012466158186,0.053297735401429236,1,1.829002022743225,256.0
2368,1e-05,0.34204489999683574,0.06803637114353478,0.012628972862980195,0.45588814467191696,1,4.6493821144104,256.0
2369,1e-05,0.34183629999824916,0.040002283873036504,0.012688051277239407,0.23120191786438227,1,2.889392375946045,256.0
2370,1e-05,0.34198119999928167,0.05716269795084372,0.010680920910090208,0.3825351097912062,1,5.302038192749023,256.0
2371,1e-05,0.34056540000165114,0.0911542212124914,0.01397972706971424,0.6313756739837117,1,4.476484298706055,256.0
2372,1e-05,0.34178130000145757,0.021268552751280367,0.012918702260191952,0.07971750236174557,1,1.7585170269012451,256.0
2373,1e-05,0.34071899999980815,0.034260238986462355,0.012417485305507268,0.18715951486956328,1,3.8461129665374756,256.0
2374,1e-05,0.34225879999939934,0.03220562823116779,0.014989494711958937,0.15271855576429516,1,1.4996353387832642,256.0
2375,1e-05,0.3446890999985044,0.02830142097081989,0.011526606577847685,0.14572512585436925,1,2.1488966941833496,256.0
2376,1e-05,0.3419885000002978,0.041649820283055305,0.016675475519150496,0.21647023234982044,1,2.220442533493042,256.0
2377,1e-05,0.34004619999905117,0.024003935046494007,0.01632068758564336,0.0777866662829183,1,1.798255443572998,256.0
2378,1e-05,0.3385414000003948,0.04625839670188725,0.019280796205358847,0.23510159607394598,1,2.5414938926696777,256.0
2379,1e-05,0.34172739999849,0.0159122763434425,0.009125354001298547,0.06342073368432466,1,1.3247417211532593,256.0
2380,1e-05,0.33993760000157636,0.20192181499442086,0.012481586009796177,1.5280035237083212,1,5.965795040130615,256.0
2381,1e-05,0.33955129999958444,0.02907252381555736,0.019652055709489753,0.0950157972984016,1,1.5208187103271484,256.0
2382,1e-05,0.34033049999925424,0.04363268020097166,0.02211731073579618,0.19424026052001864,1,2.1027092933654785,256.0
2383,1e-05,0.3400530999970215,0.037067004945129156,0.011078225249158484,0.21898846910335124,1,3.141625165939331,256.0
2384,1e-05,0.34090629999991506,0.04060584690887481,0.01369029436526554,0.22901471436489373,1,1.8810898065567017,256.0
2385,1e-05,0.3417851999984123,0.03542663808912039,0.024493311066180468,0.11195992329157889,1,3.919562816619873,256.0
2386,1e-05,0.34182460000010906,0.020448991213925183,0.011433929204940796,0.08355442667379975,1,1.6639583110809326,256.0
2387,1e-05,0.34176080000179354,0.04980060667730868,0.018506367092153857,0.26886027833097614,1,2.4869236946105957,256.0
2388,1e-05,0.3420030000015686,0.04666138964239508,0.020751171545790776,0.22803291119635105,1,2.2086567878723145,256.0
2389,1e-05,0.34052520000113873,0.01352460915222764,0.01118547675598945,0.02989853627514094,1,1.3077569007873535,256.0
2390,1e-05,0.3398764999983541,0.031449940404854715,0.010636335371860437,0.17714518352295272,1,3.1546530723571777,256.0
2391,1e-05,0.33998649999921327,0.01859338756185025,0.015335247053631715,0.04140037193428725,1,1.1850591897964478,256.0
2392,1e-05,0.34032810000280733,0.023792761901859194,0.013066670757585339,0.09887540014460683,1,1.8791781663894653,256.0
2393,1e-05,0.33889149999959045,0.04561609390657395,0.01458228552447898,0.2628527730703354,1,4.576435089111328,256.0
2394,1e-05,0.3414922999982082,0.029844719683751464,0.01201518957636186,0.15465142818720778,1,3.1872713565826416,256.0
2395,1e-05,0.34308039999814355,0.01593936246354133,0.012834313192537852,0.03767470526508987,1,1.6312520503997803,256.0
2396,1e-05,0.3424740999980713,0.020331443869508803,0.014521912072918244,0.06099817156791687,1,1.2557226419448853,256.0
2397,1e-05,0.34146880000116653,0.029237736656796187,0.00815782290218132,0.17679713174584322,1,2.98903751373291,256.0
2398,1e-05,0.34098529999755556,0.026433300110511482,0.010803369539124625,0.13584281638031825,1,1.5670623779296875,256.0
2399,1e-05,0.34294170000066515,0.01717064471449703,0.011887399080608572,0.05415336001897231,1,0.8317117094993591,256.0
2400,1e-05,0.3418853000002855,0.029575094347819686,0.01213314024997609,0.1516687807161361,1,2.339168071746826,256.0
2401,1e-05,0.34807099999670754,0.07781072100624442,0.010059915482997894,0.5520663522183895,1,2.627795934677124,256.0
2402,1e-05,0.34577449999778764,0.046853450941853225,0.008795464810516154,0.313259347632993,1,2.688520669937134,256.0
2403,1e-05,0.3471532000003208,0.025858607958070934,0.021979312811579024,0.05301367217907682,1,1.0196665525436401,256.0
2404,1e-05,0.3410109000033117,0.03992715245112777,0.014472420127796275,0.2181102765534888,1,1.2264467477798462,256.0
2405,1e-05,0.3402523000004294,0.04797630198299885,0.02627286035567522,0.19990037917159498,1,2.6939010620117188,256.0
2406,1e-05,0.34192220000113593,0.02764998027123511,0.01682682934084109,0.10341203038115054,1,2.244150161743164,256.0
2407,1e-05,0.3416406999967876,0.02084144263062626,0.013494535748447691,0.0722697910387069,1,1.0552051067352295,256.0
2408,1e-05,0.3419982000013988,0.0330563037423417,0.01923707140875714,0.12979093040485168,1,1.6291974782943726,256.0
2409,1e-05,0.3411137000002782,0.025199501891620457,0.018188061990908215,0.0742795739788562,1,1.3038636445999146,256.0
2410,1e-05,0.34142059999794583,0.03794731851667166,0.01162889220618776,0.22217631130479276,1,2.4596500396728516,256.0
2411,1e-05,0.34047410000130185,0.035293895401991904,0.012508562499923366,0.19479123008204624,1,2.9872918128967285,256.0
2412,1e-05,0.341093600000022,0.04168439737986773,0.026602809516979114,0.14725550974253565,1,2.113199234008789,256.0
2413,1e-05,0.34152779999931226,0.025953963864594698,0.010301672886790974,0.13552000164054334,1,2.1188812255859375,256.0
2414,1e-05,0.34019760000228416,0.031773238093592227,0.01156813298751201,0.1732089810539037,1,2.055659770965576,256.0
2415,1e-05,0.3404819999996107,0.039405206334777176,0.01367958149473582,0.21948459568375256,1,2.199721097946167,256.0
2416,1e-05,0.35312599999815575,0.01465571456355974,0.010242103998150145,0.045550986571470276,1,0.7739214897155762,256.0
2417,1e-05,0.3413966000007349,0.1845185006968677,0.010484624521008559,1.402755507006077,1,8.63849925994873,256.0
2418,1e-05,0.3409295000019483,0.04904729430563748,0.015078999734084522,0.2868253595661372,1,1.7578349113464355,256.0
2419,1e-05,0.33905439999944065,0.055667781038209796,0.019870088635278598,0.3062516677600797,1,5.305644989013672,256.0
2420,1e-05,0.34078669999871636,0.039089113124646246,0.01337934990546533,0.2190574307460338,1,1.498150110244751,256.0
2421,1e-05,0.3405672000008053,0.028368690283969045,0.014482719291533743,0.12557049002498388,1,1.8475531339645386,256.0
2422,1e-05,0.341421299999638,0.07310144242364913,0.017552760396418825,0.4619422277087324,1,5.947652816772461,256.0
2423,1e-05,0.34200219999911496,0.032492576632648706,0.014827538880386524,0.1561478324001655,1,2.082338809967041,256.0
2424,1e-05,0.3402547000005143,0.035461078747175634,0.020535665564239025,0.13993896183092147,1,3.4434616565704346,256.0
2425,1e-05,0.34167619999789167,0.01742833957541734,0.009675599967262574,0.07169751648325473,1,1.648105502128601,256.0
2426,1e-05,0.34336329999860027,0.04973365552723408,0.008942239684984088,0.33527357105049305,1,2.600925922393799,256.0
2427,1e-05,0.34159689999796683,0.036326323985122144,0.013487467542290688,0.19619833258911967,1,2.2817018032073975,256.0
2428,1e-05,0.34194600000046194,0.04102702904492617,0.010969925073108502,0.25142676616087556,1,3.0490405559539795,256.0
2429,1e-05,0.3414608000020962,0.04165855364408344,0.01655208825000695,0.21740380773553625,1,1.4017523527145386,256.0
2430,1e-05,0.34161590000076103,0.02060652000363916,0.012399724085948296,0.07805409564753063,1,1.026635766029358,256.0
2431,1e-05,0.34084509999956936,0.0217858956893906,0.016755346408379928,0.05699974519666284,1,2.016028642654419,256.0
2432,1e-05,0.34138050000183284,0.02059652638854459,0.012513393669256143,0.07717846008836204,1,0.9828721284866333,256.0
2433,1e-05,0.34213219999946887,0.021552190650254488,0.010679511087281364,0.0976609543140512,1,0.7917089462280273,256.0
2434,1e-05,0.3406862999981968,0.04619321832433343,0.02064468984359077,0.2250329222297296,1,2.635286331176758,256.0
2435,1e-05,0.3407848999995622,0.03634785523172468,0.031644408724137714,0.06927199018537067,1,1.8478175401687622,256.0
2436,1e-05,0.3405354999995325,0.019593027303926647,0.010434691528124469,0.08370137796737254,1,1.9612884521484375,256.0
2437,1e-05,0.3395368999990751,0.024030384956859052,0.011009812554610627,0.1151743897353299,1,0.8582325577735901,256.0
2438,1e-05,0.33946990000185906,0.02355267305392772,0.009464188312579478,0.12217206266359426,1,1.77073335647583,256.0
2439,1e-05,0.3382255000033183,0.018592222942970693,0.015464496333152056,0.04048630269244313,1,1.173734188079834,256.0
2440,1e-05,0.3426977999988594,0.016690049378667027,0.009587564904774939,0.06640743906609714,1,0.8780554533004761,256.0
2441,1e-05,0.3409527999974671,0.04526605480350554,0.01767968838768346,0.23837060667574406,1,2.5058155059814453,256.0
2442,1e-05,0.3414087999990443,0.021552914520725608,0.01207402122340032,0.08790517586749047,1,1.3206403255462646,256.0
2443,1e-05,0.3423012000021117,0.024354064255021513,0.010913997489426817,0.11843453225446865,1,1.5091835260391235,256.0
2444,1e-05,0.34264599999733036,0.05636230960953981,0.010564615717157722,0.3769461704068817,1,2.1507151126861572,256.0
2445,1e-05,0.3397335000008752,0.07394522620597854,0.01341543732477086,0.49765374843264,1,4.46813440322876,256.0
2446,1e-05,0.34205149999979767,0.02996090438682586,0.014209815367524112,0.14021853916347027,1,2.1553192138671875,256.0
2447,1e-05,0.34120270000130404,0.03174585069064051,0.016413600982299874,0.13907160819508135,1,1.2934784889221191,256.0
2448,1e-05,0.34172550000221236,0.03155919711571187,0.01196105478863631,0.1687461961992085,1,1.2913267612457275,256.0
2449,1e-05,0.34100630000102683,0.04797122394666076,0.025266435130366256,0.20690472389105707,1,2.405090093612671,256.0
2450,1e-05,0.34024110000245855,0.018061797600239515,0.011222935148647853,0.06593383241124684,1,1.1045385599136353,256.0
2451,1e-05,0.3405310999987705,0.027114410419017076,0.020407966870282377,0.07405951913096942,1,1.3379408121109009,256.0
2452,1e-05,0.3417766999991727,0.04440127604175359,0.008813015650957823,0.293519102036953,1,2.0465409755706787,256.0
2453,1e-05,0.3414970000012545,0.04336255008820444,0.019415994939793433,0.2109884498640895,1,4.562576770782471,256.0
2454,1e-05,0.3430527999989863,0.04276105179451406,0.024061280768364668,0.17365945084020495,1,3.897212505340576,256.0
2455,1e-05,0.3418615000009595,0.03718332014977932,0.018611186749434898,0.16718825505813584,1,1.7343469858169556,256.0
2456,1e-05,0.3417300000000978,0.017262822890188545,0.012223996687680483,0.05253460077801719,1,0.947849452495575,256.0
2457,1e-05,0.3427497999982734,0.04424387670587748,0.014681874707873379,0.25117788987699896,1,2.795534610748291,256.0
2458,1e-05,0.3404776999996102,0.07512231648433954,0.01746600028127432,0.4787165049347095,1,6.354597568511963,256.0
2459,1e-05,0.34117740000147023,0.09420636971481144,0.023046212004763738,0.5923274679807946,1,4.509458541870117,256.0
2460,1e-05,0.34128639999835286,0.04358196025714278,0.02163858192839793,0.19718560809269547,1,1.8865371942520142,256.0
2461,1e-05,0.34048540000003413,0.031536101712845266,0.01400676609150001,0.15424146002624184,1,1.7140001058578491,256.0
2462,1e-05,0.34121220000088215,0.06302849086932838,0.04767688962497881,0.17048970388714224,1,3.010307788848877,256.0
2463,1e-05,0.3403257999998459,0.02352041134145111,0.01659960239859564,0.07196607868536375,1,1.4733229875564575,256.0
2464,1e-05,0.34023940000042785,0.017827504372689873,0.015216050104105048,0.03610768588259816,1,1.664161205291748,256.0
2465,1e-05,0.34159229999931995,0.040448109910357744,0.010043057346982616,0.253283498394012,1,2.8814098834991455,256.0
2466,1e-05,0.34024549999958253,0.027431116555817425,0.01671311176115913,0.10245715046767145,1,1.793045997619629,256.0
2467,1e-05,0.34200719999716966,0.03408397163730115,0.013950158642338855,0.17502065090229735,1,2.435685396194458,256.0
2468,1e-05,0.3432868999989296,0.08247441804269329,0.01627632583092366,0.5458610735367984,1,7.514925479888916,256.0
2469,1e-05,0.34149950000210083,0.049055129871703684,0.01891590535108532,0.26002967392560095,1,4.446993827819824,256.0
2470,1e-05,0.3401193999998213,0.04408764303661883,0.015794382563659122,0.24214045354165137,1,2.297518253326416,256.0
2471,1e-05,0.34136600000056205,0.03574037874932401,0.02061309851706028,0.14163133490364999,1,3.439021348953247,256.0
2472,1e-05,0.3406838000009884,0.021628144226269796,0.008937933814844914,0.11045962030766532,1,1.7746332883834839,256.0
2473,1e-05,0.34126999999716645,0.019008897594176233,0.009549525499876057,0.08522449980955571,1,1.0626391172409058,256.0
2474,1e-05,0.3401419000001624,0.037317924201488495,0.01732561005545514,0.17726413789205253,1,2.59684419631958,256.0
2475,1e-05,0.34260920000087935,0.01730574097018689,0.012150074820965528,0.05339540808927268,1,1.305769443511963,256.0
2476,1e-05,0.34114409999892814,0.04179684235714376,0.006549579789862037,0.2885276800952852,1,3.1876540184020996,256.0
2477,1e-05,0.34020410000084667,0.022512876079417765,0.01158315987725343,0.0990208953153342,1,2.1019468307495117,256.0
2478,1e-05,0.34193819999927655,0.021565093658864498,0.016463103803939054,0.05727902016224107,1,2.214144468307495,256.0
2479,1e-05,0.34121070000037435,0.21160662261536345,0.011031697204868709,1.6156310380611103,1,9.33681869506836,256.0
2480,1e-05,0.34078650000083144,0.07154110609553754,0.015339533864919628,0.46495209833665285,1,6.7678375244140625,256.0
2481,1e-05,0.34246189999976195,0.03477194672450423,0.028598252750400985,0.07798779831500724,1,2.2081525325775146,256.0
2482,1e-05,0.3402913999998418,0.02440277941059321,0.012004188594541379,0.11119291326031089,1,1.4814152717590332,256.0
2483,1e-05,0.34099979999882635,0.05003914702683687,0.014549035312873977,0.2984699367079884,1,2.5610527992248535,256.0
2484,1e-05,0.34105909999925643,0.02596779481973499,0.008478093992120453,0.14839570043841377,1,2.5119614601135254,256.0
2485,1e-05,0.3400165000020934,0.025288646342232823,0.013955316705895322,0.10462195705622435,1,3.0835859775543213,256.0
2486,1e-05,0.3414623999997275,0.029471114743500948,0.015346758333700044,0.12834160251077265,1,2.6935694217681885,256.0
2487,1e-05,0.3406479000004765,0.01999006181722507,0.008940942651991333,0.0973338974872604,1,2.0307207107543945,256.0
2488,1e-05,0.3395526000022073,0.02991222287528217,0.014985382091253996,0.13440011284546927,1,2.889610767364502,256.0
2489,1e-05,0.3428410000014992,0.05165254895109683,0.012789308426103421,0.3236952234292403,1,4.444850921630859,256.0
2490,1e-05,0.3422114999993937,0.028693205153103918,0.015593377208071095,0.12039199663377076,1,2.1191091537475586,256.0
2491,1e-05,0.3411428999970667,0.039986457442864776,0.011408302267747266,0.24003354087471962,1,1.8066253662109375,256.0
2492,1e-05,0.3421115000019199,0.07470106286928058,0.01782406068273953,0.4728401192696765,1,4.614814758300781,256.0
2493,1e-05,0.34132250000038766,0.024677609326317906,0.016342045606247017,0.08302655851002783,1,2.0530054569244385,256.0
2494,1e-05,0.3406126999980188,0.061024845810607076,0.026157123635389974,0.3050989008916076,1,3.9740512371063232,256.0
2495,1e-05,0.34226979999948526,0.0544940271647647,0.009842562722042203,0.3670542691834271,1,4.876219749450684,256.0
2496,1e-05,0.3404754999974102,0.04940844071097672,0.016551913959639415,0.27940413425676525,1,2.376145839691162,256.0
2497,1e-05,0.33928519999972195,0.03442647960036993,0.014269608937736069,0.17552457281271927,1,2.165466547012329,256.0
2498,1e-05,0.34067250000225613,0.022094276500865817,0.011949753388762474,0.09310593293048441,1,1.331936240196228,256.0
2499,1e-05,0.34000379999997676,0.026416435837745667,0.016166478794600283,0.09816613943257835,1,1.7318123579025269,256.0
2500,1e-05,0.34058790000199224,0.041959020658396184,0.014903477393090725,0.23134782956913114,1,2.45914888381958,256.0
2501,1e-05,0.3433373000007123,0.024884865968488157,0.012382333798866187,0.11240259162150323,1,1.8014378547668457,256.0
2502,1e-05,0.362425200000871,0.02532710286322981,0.02181069938732045,0.04994193522725254,1,1.6278549432754517,256.0
2503,1e-05,0.3417675999990024,0.03498986584600061,0.016471382030951127,0.16461925290059298,1,2.1380515098571777,256.0
2504,1e-05,0.34114190000036615,0.036402162339072675,0.011043015634641051,0.21391618573397864,1,1.6476662158966064,256.0
2505,1e-05,0.34228109999821754,0.03654175600968301,0.017415167231644903,0.17042787047103047,1,3.4901251792907715,256.0
2506,1e-05,0.3463573999979417,0.040006201481446624,0.015708982212735072,0.21008673589676619,1,4.298740863800049,256.0
2507,1e-05,0.3408172999988892,0.0463702583219856,0.016179897423301424,0.25770278670825064,1,2.212669849395752,256.0
2508,1e-05,0.34170930000254884,0.03428005974274129,0.01057193148881197,0.20023696776479483,1,2.0335843563079834,256.0
2509,1e-05,0.3412717999999586,0.03174146666424349,0.013126724399626255,0.1620446684100898,1,2.3925297260284424,256.0
2510,1e-05,0.3410586999998486,0.026129354955628514,0.017501939088106155,0.08652126137167215,1,1.2338076829910278,256.0
2511,1e-05,0.3411457000001974,0.03239270200720057,0.020978516566434076,0.11229200290836161,1,1.6633796691894531,256.0
2512,1e-05,0.34068439999828115,0.022668590070679784,0.013146100432745047,0.0893260114826262,1,1.0538097620010376,256.0
2513,1e-05,0.34089419999872916,0.014405094610992819,0.01043887376519186,0.04216863997862674,1,0.7858419418334961,256.0
2514,1e-05,0.34041119999892544,0.03865396312903613,0.011917270753266556,0.2258108115347568,1,1.793215036392212,256.0
2515,1e-05,0.34182940000027884,0.022511487477459013,0.018681775013517057,0.0493194694572594,1,1.1582496166229248,256.0
2516,1e-05,0.34240179999687825,0.024007914471440017,0.014425640260534627,0.09108383266720921,1,1.096830129623413,256.0
2517,1e-05,0.34096470000076806,0.028614926210138947,0.014603921877486365,0.1266919537447393,1,1.7733134031295776,256.0
2518,1e-05,0.34208570000191685,0.02854655252303928,0.016693171180252517,0.11152022669557482,1,1.9328835010528564,256.0
2519,1e-05,0.33920600000055856,0.028184426249936223,0.01644960032509906,0.11032821168191731,1,1.7378565073013306,256.0
2520,1e-05,0.3412282999997842,0.022088171041104943,0.011390104490731443,0.09697463813063223,1,2.3999972343444824,256.0
2521,1e-05,0.34084660000007716,0.030789829965215176,0.009225637785026006,0.18173915579609456,1,1.3212023973464966,256.0
2522,1e-05,0.3413148999970872,0.033708981587551534,0.01564804371446371,0.16013554390519857,1,1.8431651592254639,256.0
2523,1e-05,0.3419343999994453,0.04090110270772129,0.016134959246431078,0.214264121837914,1,2.1165013313293457,256.0
2524,1e-05,0.3414109000004828,0.051070157322101295,0.020314956616078104,0.26635655415520887,1,3.6576600074768066,256.0
2525,1e-05,0.3395773000011104,0.025336717604659498,0.009997478453442454,0.13271139899734408,1,2.7333662509918213,256.0
2526,1e-05,0.3376332999978331,0.032198230968788266,0.012562732677906752,0.16964672188623808,1,2.0217432975769043,256.0
2527,1e-05,0.33998480000082054,0.0271379774203524,0.011993243924475141,0.13315111631527543,1,1.2807469367980957,256.0
2528,1e-05,0.33968149999782327,0.02244665357284248,0.016563287670058862,0.06363021209836006,1,1.7617871761322021,256.0
2529,1e-05,0.3411385999970662,0.0228830196429044,0.016095531306096485,0.07039544195868075,1,1.5084792375564575,256.0
2530,1e-05,0.339669099997991,0.024351579078938812,0.017262295819818974,0.07397657161345705,1,1.7806748151779175,256.0
2531,1e-05,0.3412977000007231,0.019158004608470947,0.007148397886859519,0.1032252535042062,1,1.192266821861267,256.0
2532,1e-05,0.33929019999777665,0.04220540897222236,0.010503387278211969,0.264119544706773,1,2.553774118423462,256.0
2533,1e-05,0.33811359999890556,0.02816867153160274,0.014893378796322005,0.12109570633037947,1,0.9184920191764832,256.0
2534,1e-05,0.33683419999943,0.022813948220573366,0.013566284673288465,0.08754759113071486,1,1.6941492557525635,256.0
2535,1e-05,0.33812590000161435,0.045626767445355654,0.014993959771735328,0.260056420462206,1,2.4844298362731934,256.0
2536,1e-05,0.3375021000028937,0.04216858837753534,0.014509533665009908,0.2357819911558181,1,3.4173028469085693,256.0
2537,1e-05,0.33873210000092513,0.04238908225670457,0.02044303688619818,0.19601139572478132,1,3.4705047607421875,256.0
2538,1e-05,0.34007719999863184,0.02459137246478349,0.011721179621028048,0.11468272306956351,1,2.333784580230713,256.0
2539,1e-05,0.33970469999985653,0.028621572884730995,0.013575932676238673,0.13394105843326543,1,1.641764521598816,256.0
2540,1e-05,0.342388299999584,0.015745960641652346,0.010176611265965871,0.054731410345993936,1,1.5764466524124146,256.0
2541,1e-05,0.3404718999991019,0.031392134027555585,0.01684030325018934,0.1332549528888194,1,1.3226318359375,256.0
2542,1e-05,0.3418770999996923,0.04067971766926348,0.010847283460732018,0.24950675619766116,1,1.883636713027954,256.0
2543,1e-05,0.34079730000303243,0.038525345909874886,0.02115155237593821,0.16014189715497196,1,2.0951976776123047,256.0
2544,1e-05,0.341384499999549,0.05060853180475533,0.019416043468351876,0.2689559562713839,1,3.0539116859436035,256.0
2545,1e-05,0.340892399999575,0.01649088109843433,0.013116672502032347,0.04011034162249416,1,1.0610862970352173,256.0
2546,1e-05,0.3412674999999581,0.027793794928584248,0.015158243377559952,0.11624265651335008,1,1.3020634651184082,256.0
2547,1e-05,0.3398509999969974,0.06518888485152274,0.012591771914490632,0.4333686970639974,1,2.2087514400482178,256.0
2548,1e-05,0.3397016999988409,0.02618326642550528,0.01637200206252081,0.09486212092451751,1,2.209622621536255,256.0
2549,1e-05,0.3405620000012277,0.02479256351944059,0.011313610444111484,0.11914523621089756,1,1.2028772830963135,256.0
2550,1e-05,0.34090239999932237,0.03392094490118325,0.017014760790126666,0.15226422710111365,1,2.7993764877319336,256.0
2551,1e-05,0.3412441999971634,0.01936800975818187,0.012370695493050985,0.06834921046902309,1,0.908992350101471,256.0
2552,1e-05,0.3408237999974517,0.01957952365046367,0.012417611865592855,0.06971290936053265,1,1.3234577178955078,256.0
2553,1e-05,0.3397780999985116,0.017836104263551533,0.011808535815881831,0.060029087937437,1,1.7364447116851807,256.0
2554,1e-05,0.33852219999971567,0.01749468082562089,0.011582806905997651,0.05887780315242708,1,1.044244647026062,256.0
2555,1e-05,0.34070629999769153,0.021258941502310336,0.010887342372110911,0.09386013587936759,1,1.3428114652633667,256.0
2556,1e-05,0.3377526999975089,0.01419286907184869,0.009457640183557357,0.04733946993655991,1,1.4547523260116577,256.0
2557,1e-05,0.3416456000013568,0.01837765402160585,0.009789474541321397,0.07849490642547607,1,0.6648473143577576,256.0
2558,1e-05,0.33922069999971427,0.04313591474783607,0.010983285826763936,0.2682043251770665,1,1.4606584310531616,256.0
2559,1e-05,0.34079469999778667,0.017828376381658018,0.015120073487716061,0.036786491982638836,1,0.9868084192276001,256.0
2560,1e-05,0.3396281000023009,0.030680830357596278,0.01569585159554013,0.1355756734847091,1,1.6274521350860596,256.0
2561,1e-05,0.33852029999980005,0.09963764098938555,0.016430677180843695,0.6820863769389689,1,7.757432460784912,256.0
2562,1e-05,0.3382471999975678,0.018188454676419497,0.012043775791036231,0.06120120681589469,1,1.177804946899414,256.0
2563,1e-05,0.3404886999996961,0.03758863243274391,0.010356726390974862,0.22821197420125827,1,2.086620330810547,256.0
2564,1e-05,0.3417578999979014,0.032934755261521786,0.013313503071133579,0.17028351689805277,1,1.357197880744934,256.0
2565,1e-05,0.34028179999950225,0.027272660692688078,0.010872379876673222,0.14207463501952589,1,1.0179102420806885,256.0
2566,1e-05,0.3397588999978325,0.026042474783025682,0.007866194338670798,0.15327643364435062,1,2.8041186332702637,256.0
2567,1e-05,0.34127929999885964,0.0383603167720139,0.009674293122121267,0.2391624833107926,1,2.190652847290039,256.0
2568,1e-05,0.3393106999974407,0.029836885107215494,0.011799848039767571,0.15609613303240621,1,2.9988560676574707,256.0
2569,1e-05,0.34103309999773046,0.03035065403673798,0.013389889017811843,0.14907599822618067,1,1.1124939918518066,256.0
2570,1e-05,0.34154470000066794,0.028968327795155346,0.009953898444239582,0.1620693332515657,1,1.8442827463150024,256.0
2571,1e-05,0.3415935000011814,0.022993905295152217,0.016768617622022117,0.06657092028763145,1,0.7568721771240234,256.0
2572,1e-05,0.3394817000007606,0.05233764857985079,0.011215701433164733,0.34019127604551613,1,1.488578200340271,256.0
2573,1e-05,0.33899860000019544,0.02773290651384741,0.018070427501308068,0.09537025797180831,1,1.0131436586380005,256.0
2574,1e-05,0.34150379999846336,0.03819507570005953,0.01914627637181963,0.17153667597631284,1,3.88906192779541,256.0
2575,1e-05,0.3406630999998015,0.03244629153050482,0.01198376262826579,0.17568399583979044,1,2.5245003700256348,256.0
2576,1e-05,0.33979700000054436,0.03479135478846729,0.011202319392136164,0.19991459924494848,1,2.6562747955322266,256.0
2577,1e-05,0.3429608000005828,0.025214847410097718,0.011719944288155862,0.11967917438596487,1,1.4977425336837769,256.0
2578,1e-05,0.34026860000085435,0.053275716258212924,0.013778971109007086,0.3297529381234199,1,2.760185480117798,256.0
2579,1e-05,0.3421761999998125,0.043744553811848164,0.01971297857484647,0.21196559013333172,1,1.6645433902740479,256.0
2580,1e-05,0.34044319999884465,0.02640055352821946,0.014413962672863687,0.11030668579041958,1,1.4512979984283447,256.0
2581,1e-05,0.34235760000228765,0.02005682105664164,0.01238874958029815,0.07373332229326479,1,1.3210872411727905,256.0
2582,1e-05,0.3417678999976488,0.022288754931651056,0.01393667608499527,0.08075330713472795,1,2.3119020462036133,256.0
2583,1e-05,0.3398254999992787,0.04309407318942249,0.015256885838295733,0.2379543868592009,1,2.0765368938446045,256.0
2584,1e-05,0.34159640000143554,0.04931400204077363,0.009690581455028482,0.32667794660665095,1,4.601727485656738,256.0
2585,1e-05,0.3417544000003545,0.014692631317302585,0.008517750705193197,0.05791679420508444,1,1.4535290002822876,256.0
2586,1e-05,0.34186699999918346,0.026062094257213175,0.009625312306785158,0.1411195719265379,1,2.7198948860168457,256.0
2587,1e-05,0.36880960000053165,0.037713324185460806,0.012803519909669245,0.21208195690996945,1,1.6368144750595093,256.0
2588,1e-05,0.344288600001164,0.03626077203080058,0.01288408147437232,0.19989760522730649,1,2.310239553451538,256.0
2589,1e-05,0.3412803999999596,0.012683818815276027,0.008626867451571993,0.04108247975818813,1,0.7960869669914246,256.0
2590,1e-05,0.3458230999967782,0.03314026875887066,0.016899322026542256,0.14682689518667758,1,2.482795238494873,256.0
2591,1e-05,0.34306870000000345,0.027841019560582936,0.012784777408731835,0.13323471520561725,1,1.6983773708343506,256.0
2592,1e-05,0.34180410000044503,0.03260992135619745,0.01457793584891728,0.1588338064320851,1,2.260511636734009,256.0
2593,1e-05,0.34018099999957485,0.018330465885810554,0.011076357514996613,0.06910922620954807,1,0.9361015558242798,256.0
2594,1e-05,0.3392165000004752,0.057114128256216645,0.012692800856062345,0.3680634069987718,1,2.633925676345825,256.0
2595,1e-05,0.3404250999992655,0.07611386734060943,0.017235950699874332,0.4882592942449264,1,6.280881404876709,256.0
2596,1e-05,0.33892569999807165,0.03824050282128155,0.018879675905087163,0.17376628280908335,1,2.5675275325775146,256.0
2597,1e-05,0.33956340000077034,0.022936229244805872,0.018972950322287425,0.050679179141297936,1,1.4360949993133545,256.0
2598,1e-05,0.33906349999961094,0.048092102573718876,0.014646402626697506,0.2822119968768675,1,2.040868043899536,256.0
2599,1e-05,0.3398607999988599,0.02521364064887166,0.016852038047675575,0.08374485559761524,1,1.542672872543335,256.0
2600,1e-05,0.34182589999909396,0.06537576648406684,0.010814219846257142,0.4473066357895732,1,3.7593367099761963,256.0
2601,1e-05,0.3413201000003028,0.05048811458982527,0.0167852681396263,0.28640804055612534,1,1.9624348878860474,256.0
2602,1e-05,0.3417196000009426,0.022148990421555936,0.014126543487821306,0.07830611710960511,1,1.5643517971038818,256.0
2603,1e-05,0.3420516999976826,0.019806324038654566,0.011024272801088435,0.08128068296355195,1,2.917280435562134,256.0
2604,1e-05,0.3406329999997979,0.043446573661640286,0.01819097071087786,0.22023579757660627,1,2.6791815757751465,256.0
2605,1e-05,0.3406863999989582,0.10119282873347402,0.013554919378033705,0.7146582055720501,1,6.8411993980407715,256.0
2606,1e-05,0.34051499999986845,0.03624727763235569,0.019181134046188424,0.15571027918485925,1,2.0505454540252686,256.0
2607,1e-05,0.34041179999985616,0.018693195132073015,0.012801989114710264,0.059931637386398506,1,1.7170249223709106,256.0
2608,1e-05,0.3410046999997576,0.025314376514870673,0.0165799736111824,0.08645519989659078,1,1.4779267311096191,256.0
2609,1e-05,0.34055070000249543,0.08030498889274895,0.013678376695939473,0.5466912747360766,1,8.54493522644043,256.0
2610,1e-05,0.34104970000043977,0.04058595676906407,0.015362738631665707,0.21714849025011063,1,4.030368328094482,256.0
2611,1e-05,0.34164660000169533,0.04011291963979602,0.014944234796400582,0.21629370559821837,1,2.6176979541778564,256.0
2612,1e-05,0.341361799997685,0.021454490604810417,0.012915934169931071,0.08122439234284684,1,0.9752172827720642,256.0
2613,1e-05,0.33918959999937215,0.036100104451179504,0.015134431820894991,0.18285981751978397,1,2.8276827335357666,256.0
2614,1e-05,0.34279629999946337,0.025748285639565438,0.010672326465802533,0.13128000163123943,1,1.4641193151474,256.0
2615,1e-05,0.33988659999886295,0.021935719647444785,0.0166906161632921,0.05865144298877567,1,2.4316046237945557,256.0
2616,1e-05,0.34221700000125566,0.051045038155280054,0.039915717406464477,0.1289502723957412,1,2.5267601013183594,256.0
2617,1e-05,0.3643569000014395,0.03682284208480269,0.024475228374025652,0.12325614359724568,1,1.59303879737854,256.0
2618,1e-05,0.35470319999876665,0.022789660026319325,0.01701040393007653,0.06324444856727496,1,1.4864182472229004,256.0
2619,1e-05,0.34882029999789665,0.025726119289174676,0.014080689820860113,0.1072441196301952,1,2.0561063289642334,256.0
2620,1e-05,0.34076980000099866,0.16057406342588365,0.01692111337823527,1.1661447151564062,1,5.683528423309326,256.0
2621,1e-05,0.3401914999994915,0.025138983502984047,0.01426960135410939,0.10122465679887682,1,1.4856772422790527,256.0
2622,1e-05,0.3404179999997723,0.09207858983427286,0.01351318837675665,0.6420364337973297,1,8.238152503967285,256.0
2623,1e-05,0.3415802999988955,0.054064889322035015,0.016103669003184353,0.31979341202168143,1,1.627295970916748,256.0
2624,1e-05,0.341726300001028,0.038023313507437706,0.017160177563450167,0.1840652668615803,1,2.0071396827697754,256.0
2625,1e-05,0.3399716999992961,0.04574212315492332,0.008932546080489243,0.3034091807421646,1,2.028155565261841,256.0
2626,1e-05,0.34228479999728734,0.02896978723583743,0.017170841739113842,0.11156240692071151,1,2.1692774295806885,256.0
2627,1e-05,0.34130280000317725,0.017386328778229654,0.010771423245647125,0.06369067120249383,1,0.9835336804389954,256.0
2628,1e-05,0.3406957000006514,0.02401719195768237,0.01933946367353201,0.0567612947197631,1,2.2753641605377197,256.0
2629,1e-05,0.34147849999862956,0.03762197180185467,0.008747418876737356,0.23974384344182909,1,2.3164494037628174,256.0
2630,1e-05,0.34052239999800804,0.027548712329007685,0.01362637137728078,0.12500510046083946,1,1.656738519668579,256.0
2631,1e-05,0.33850579999852926,0.028900420875288546,0.012299635247992617,0.14510591514408588,1,1.5882513523101807,256.0
2632,1e-05,0.3405577000012272,0.0266333069303073,0.011255092453211546,0.13428080854646396,1,2.7897720336914062,256.0
2633,1e-05,0.34077029999752995,0.017309637391008437,0.012868148274719715,0.0484000641554303,1,1.1602447032928467,256.0
2634,1e-05,0.3420886999992945,0.016400399734266102,0.011509281317038196,0.050638234126381576,1,2.175755500793457,256.0
2635,1e-05,0.3413093999988632,0.033961872453801334,0.0172174298869712,0.15117296305834316,1,1.4221771955490112,256.0
2636,1e-05,0.34140750000005937,0.02338209329172969,0.014963455032557249,0.08231255831196904,1,1.1625468730926514,256.0
2637,1e-05,0.34132279999903403,0.020059251226484776,0.011375239085672157,0.08084733778377995,1,0.9862773418426514,256.0
2638,1e-05,0.3413892999997188,0.01961185215623118,0.013759992850412215,0.06057486323697958,1,1.0165704488754272,256.0
2639,1e-05,0.3405612000024121,0.02890819648746401,0.01872970163822174,0.10015766439028084,1,2.480809450149536,256.0
2640,1e-05,0.3419270000013057,0.03550521843135357,0.020689651370048523,0.13921417912933975,1,2.299870729446411,256.0
2641,1e-05,0.3404823999990185,0.043613763875328004,0.013319998696845557,0.2556701065041125,1,1.7039036750793457,256.0
2642,1e-05,0.34151469999778783,0.02630126429721713,0.010742942137377602,0.13520951359532773,1,1.627853274345398,256.0
2643,1e-05,0.33970509999926435,0.02883748186286539,0.011180944740772247,0.15243323717731982,1,1.3873754739761353,256.0
2644,1e-05,0.3411465999997745,0.01690643694018945,0.008848775677116854,0.07331006875028834,1,1.169543743133545,256.0
2645,1e-05,0.34198699999979,0.057263680500909686,0.00872143720542746,0.39705937274266034,1,3.3271045684814453,256.0
2646,1e-05,0.34000160000141477,0.02310176973696798,0.012512641958892345,0.09722565516130999,1,1.6745303869247437,256.0
2647,1e-05,0.34070280000014463,0.03695633838651702,0.01256430265493691,0.20770059192727786,1,1.455251932144165,256.0
2648,1e-05,0.343080499998905,0.029668568109627813,0.017968923385654176,0.1115660887589911,1,1.745679259300232,256.0
2649,1e-05,0.3394035999990592,0.032704786863178015,0.014915371047598975,0.1572306997695705,1,1.6017534732818604,256.0
2650,1e-05,0.3399996000007377,0.04481238592416048,0.016822377618934427,0.2407424538396299,1,1.7087373733520508,256.0
2651,1e-05,0.3412410999990243,0.023066949797794223,0.009217912996453899,0.1200102100146978,1,1.692432165145874,256.0
2652,1e-05,0.3378502999985358,0.01907771499827504,0.013220750227836626,0.06007647165097296,1,0.9707879424095154,256.0
2653,1e-05,0.34186509999926784,0.04419210413470864,0.018308453062283143,0.22537765285233036,1,1.3902467489242554,256.0
2654,1e-05,0.3404705000029935,0.027198109368328005,0.01655924885666796,0.10167013428872451,1,1.9761728048324585,256.0
2655,1e-05,0.3394493000014336,0.07156010682228953,0.013305309694260359,0.4793436737236334,1,4.337218761444092,256.0
2656,1e-05,0.3399676000008185,0.021529957186430693,0.015919627023062537,0.060802261519711465,1,1.122239589691162,256.0
2657,1e-05,0.34096800000043004,0.02111497789155692,0.012991612111883504,0.07797854006639682,1,1.5794302225112915,256.0
2658,1e-05,0.3420775999984471,0.03633956436533481,0.018965631856450012,0.15795709469239227,1,2.280979871749878,256.0
2659,1e-05,0.3427360999994562,0.019792064907960594,0.01294784979628665,0.06770157295977697,1,1.9402744770050049,256.0
2660,1e-05,0.34335550000105286,0.01914160995511338,0.007735061392720256,0.09898745056125335,1,1.7987502813339233,256.0
2661,1e-05,0.34076379999896744,0.02010319975670427,0.006936829969553011,0.1122677861712873,1,2.228703737258911,256.0
2662,1e-05,0.34260920000087935,0.01739968522451818,0.010192731129271644,0.06784836272709072,1,1.3822617530822754,256.0
2663,1e-05,0.34004149999964284,0.04671459534438327,0.020342812407761812,0.23131707950960845,1,2.2437493801116943,256.0
2664,1e-05,0.33819429999857675,0.026618019212037325,0.01992086667035307,0.07349808255094104,1,1.3955007791519165,256.0
2665,1e-05,0.34098350000203936,0.040539616835303605,0.014616000931710005,0.22200493223499507,1,1.7302876710891724,256.0
2666,1e-05,0.3391100999979244,0.029762529709842056,0.010147708202047008,0.1670662860851735,1,2.2113053798675537,256.0
2667,1e-05,0.34086029999889433,0.0517545728944242,0.012548151026879038,0.32619954040274024,1,2.5131473541259766,256.0
2668,1e-05,0.3402075000012701,0.038817635155282915,0.00979535757297916,0.24197357687080512,1,2.0526108741760254,256.0
2669,1e-05,0.3420110000006389,0.10520856699440628,0.008852609167141574,0.77970025036484,1,5.570872783660889,256.0
2670,1e-05,0.3424278999991657,0.024547611130401492,0.01265210412176592,0.10781616723397747,1,1.9474825859069824,256.0
2671,1e-05,0.3469556999989436,0.02194346149917692,0.00928202850211944,0.11057349352631718,1,2.0790529251098633,256.0
2672,1e-05,0.34865519999948447,0.01946753222728148,0.013137909583747387,0.06377488671569154,1,1.7271207571029663,256.0
2673,1e-05,0.34644919999846024,0.03165883058682084,0.013152290202145065,0.161204615898896,1,1.248582363128662,256.0
2674,1e-05,0.34480570000232547,0.027824190095998347,0.014551427414906877,0.12073351757135242,1,2.7419989109039307,256.0
2675,1e-05,0.34009010000227136,0.021136535331606865,0.013689691333898477,0.07326444755017292,1,1.5149385929107666,256.0
2676,1e-05,0.3421745000014198,0.041389213234651834,0.016793881875595877,0.21355652436614037,1,2.467791795730591,256.0
2677,1e-05,0.3407299000027706,0.08948498649988323,0.015944551011281356,0.6042679794918513,1,5.773329734802246,256.0
2678,1e-05,0.3409935999989102,0.04182767798192799,0.013394113630056381,0.24086261237971485,1,3.7282025814056396,256.0
2679,1e-05,0.3397320000003674,0.04313316766638309,0.01682330055960587,0.22730221983511,1,2.8990743160247803,256.0
2680,1e-05,0.3425150000002759,0.018243442580569535,0.010693774891218968,0.07109111442696303,1,2.0182178020477295,256.0
2681,1e-05,0.34399199999825214,0.02169052849058062,0.016822721609579667,0.055765174503903836,1,1.4089939594268799,256.0
2682,1e-05,0.3470818000023428,0.021824394119903445,0.012661404109426908,0.08596531958028208,1,1.5367894172668457,256.0
2683,1e-05,0.3423088000017742,0.028771601151674986,0.023270924209750125,0.06727632734691724,1,1.6222707033157349,256.0
2684,1e-05,0.3410900999988371,0.026042490790132433,0.01261307332398636,0.12004841107409447,1,2.601973056793213,256.0
2685,1e-05,0.33990020000055665,0.02366203465498984,0.012260331905313901,0.10347395681310445,1,1.156701922416687,256.0
2686,1e-05,0.3418922000018938,0.025634853343944997,0.0128396803047508,0.11520106814714381,1,1.6087286472320557,256.0
2687,1e-05,0.3384976999986975,0.028605510073248297,0.013698845303484372,0.13295216446567792,1,2.218799591064453,256.0
2688,1e-05,0.34139739999955054,0.031213460490107536,0.01643743472439902,0.13464564410969615,1,1.4420377016067505,256.0
2689,1e-05,0.3415322000000742,0.041057122056372464,0.00932654392506395,0.2631711709254887,1,3.4589641094207764,256.0
2690,1e-05,0.34157130000312463,0.029994283337146044,0.02012917253055743,0.0990500501357019,1,1.0076242685317993,256.0
2691,1e-05,0.3393161999993026,0.013028354849666357,0.006612224371305534,0.057941270410083234,1,1.08262038230896,256.0
2692,1e-05,0.33908660000088275,0.026274434523656964,0.02254573508564915,0.052375325991306454,1,1.7174049615859985,256.0
2693,1e-05,0.34182570000120904,0.031047135940752923,0.009511785448661872,0.18179459124803543,1,2.3873608112335205,256.0
2694,1e-05,0.3404609999997774,0.02470361953601241,0.013173814829705017,0.10541225923020647,1,1.3037654161453247,256.0
2695,1e-05,0.34093100000245613,0.11663906380999833,0.011145406485801297,0.8550946902250871,1,5.011336326599121,256.0
2696,1e-05,0.3423917000000074,0.048184838495217264,0.010726997828377145,0.31038972386159003,1,1.8725430965423584,256.0
2697,1e-05,0.3402970999995887,0.05478033656254411,0.021979250679058687,0.28438792382439715,1,4.0888471603393555,256.0
2698,1e-05,0.3405657000002975,0.020283743040636182,0.015053890312888793,0.0568927192944102,1,0.789986252784729,256.0
2699,1e-05,0.3387560000010126,0.02838423929642886,0.016243372910789082,0.11337030461982067,1,2.275517463684082,256.0
2700,1e-05,0.34094719999848166,0.13112738454947248,0.014387142245790787,0.9483090731664561,1,3.8698253631591797,256.0
2701,1e-05,0.3426404999991064,0.023478419287130237,0.015648618872676576,0.07828701995549636,1,0.842292308807373,256.0
2702,1e-05,0.3418596000010439,0.02562859858153388,0.012343884113111667,0.11862160393502563,1,1.725787878036499,256.0
2703,1e-05,0.34054050000122515,0.03855846170336008,0.010527415600206171,0.23477579979225993,1,3.516862154006958,256.0
2704,1e-05,0.3390499999986787,0.02148111630231142,0.013187018489199025,0.07953980134334415,1,1.4957842826843262,256.0
2705,1e-05,0.34244760000001406,0.020818453282117844,0.015436323559177774,0.05849335910170339,1,1.527345895767212,256.0
2706,1e-05,0.34179860000222106,0.032819492975249887,0.01415487299008029,0.16347183065954596,1,1.699199914932251,256.0
2707,1e-05,0.3401677000001655,0.1661863942281343,0.022032507928088307,1.1752635595330503,1,8.428064346313477,256.0
2708,1e-05,0.34177319999798783,0.020634594082366675,0.015126837583790933,0.059188887007621815,1,1.987591028213501,256.0
2709,1e-05,0.3412489000002097,0.09856143151409924,0.014961958646641247,0.6837577905680519,1,7.533492565155029,256.0
2710,1e-05,0.34144459999879473,0.0496615789597854,0.016765222685145482,0.27993607259122655,1,3.3317525386810303,256.0
2711,1e-05,0.34058700000241515,0.041080444818362594,0.012862951062353594,0.2386029022745788,1,3.3035714626312256,256.0
2712,1e-05,0.33956600000237813,0.054627321660518646,0.01607304106333426,0.32450728002004325,1,3.720625162124634,256.0
2713,1e-05,0.3419595000013942,0.044371186406351626,0.012655467127582856,0.26638122217264026,1,3.0168004035949707,256.0
2714,1e-05,0.34155250000185333,0.0220841831760481,0.008065771178475447,0.12021306459791958,1,1.2303210496902466,256.0
2715,1e-05,0.3422121000003244,0.05944956396706402,0.017726330818342313,0.3515122067037737,1,2.3220279216766357,256.0
2716,1e-05,0.34179759999824455,0.042715995106846094,0.016167136707476208,0.2285580067546107,1,2.782499074935913,256.0
2717,1e-05,0.3422896000010951,0.03641823655925691,0.01599520644439118,0.17937944055302069,1,2.8929152488708496,256.0
2718,1e-05,0.34034579999934067,0.0801424824167043,0.013573098861213242,0.5461281885509379,1,7.641887664794922,256.0
2719,1e-05,0.34075710000252,0.037670077523216605,0.021186343527265956,0.15305621991865337,1,2.2370944023132324,256.0
2720,1e-05,0.3403929000014614,0.021745890495367348,0.010724595348749841,0.09889495905372314,1,1.5644053220748901,256.0
2721,1e-05,0.342223899999226,0.06001817504875362,0.024097538952316557,0.3114626432652585,1,3.5750620365142822,256.0
2722,1e-05,0.34156269999948563,0.028853238211013377,0.012117663597954171,0.14600225491449237,1,1.9023606777191162,256.0
2723,1e-05,0.3412088000004587,0.019416224968153983,0.010952359198459558,0.07866328512318432,1,1.251567006111145,256.0
2724,1e-05,0.34120229999825824,0.03010895918123424,0.010286813601851463,0.1688639922067523,1,1.6851335763931274,256.0
2725,1e-05,0.3389429000017117,0.026211454533040524,0.023777218801634654,0.043251097900792956,1,0.9392709136009216,256.0
2726,1e-05,0.3426897999997891,0.052390844910405576,0.014121689534346973,0.3202749389456585,1,1.5881940126419067,256.0
2727,1e-05,0.3408049999998184,0.028330727363936603,0.0163696679685797,0.11205813902779482,1,2.3175902366638184,256.0
2728,1e-05,0.3402529000013601,0.028445743024349213,0.020327161864510605,0.08527581044472754,1,1.4503196477890015,256.0
2729,1e-05,0.3432398999975703,0.025991201284341514,0.016204339052949632,0.0944992428412661,1,0.9391139149665833,256.0
2730,1e-05,0.34004779999668244,0.032959672156721354,0.019518200973314897,0.12704997479886515,1,2.247013568878174,256.0
2731,1e-05,0.3421405000008235,0.03838718181941658,0.03452310897409916,0.06543568895722274,1,1.4910438060760498,256.0
2732,1e-05,0.34275699999852804,0.11559267120901495,0.017035229597240686,0.805494689673651,1,5.0444183349609375,256.0
2733,1e-05,0.34227389999796287,0.03508475818671286,0.010067495650478772,0.21020560036413372,1,1.3262158632278442,256.0
2734,1e-05,0.34046089999901596,0.07214456796646118,0.011609635981065887,0.49588910344755277,1,2.9320950508117676,256.0
2735,1e-05,0.3417939999999362,0.041944615193642676,0.016924198849924972,0.21708753490565869,1,1.8728090524673462,256.0
2736,1e-05,0.3405553999982658,0.019062631472479552,0.01259321573057345,0.06434854661347345,1,0.83440101146698,256.0
2737,1e-05,0.34141579999777605,0.0487227636622265,0.02012382135061281,0.24891536389259272,1,2.4827566146850586,256.0
2738,1e-05,0.34091300000000047,0.046988846152089536,0.014639187338096755,0.27343643552740104,1,3.1544649600982666,256.0
2739,1e-05,0.3420851999981096,0.025146531406790018,0.013416858223666037,0.10725424531847239,1,2.1625072956085205,256.0
2740,1e-05,0.34075730000040494,0.03151829377748072,0.02160231469731246,0.10093013988807797,1,1.5054947137832642,256.0
2741,1e-05,0.34208639999997104,0.023605764843523502,0.010608172143942543,0.11458890908397734,1,1.2326260805130005,256.0
2742,1e-05,0.3413375999989512,0.06312402593903244,0.03201889153569937,0.28085996164008975,1,2.89286470413208,256.0
2743,1e-05,0.3414665000018431,0.03346381027949974,0.008823830700878586,0.2059436634008307,1,1.9079254865646362,256.0
2744,1e-05,0.33880800000042655,0.04568437032867223,0.018399234528520277,0.23668031895067543,1,2.168959379196167,256.0
2745,1e-05,0.3418149999997695,0.03416160820052028,0.014622039560760771,0.17093858402222395,1,3.434948444366455,256.0
2746,1e-05,0.3401088999999047,0.024952960200607777,0.012219503588442291,0.11408715130528435,1,1.8133984804153442,256.0
2747,1e-05,0.3394938000019465,0.0460818161664065,0.012179454921611719,0.28339835989754647,1,4.040649890899658,256.0
2748,1e-05,0.33983720000105677,0.036088902852497995,0.013414980244955845,0.19480635406216606,1,2.63669490814209,256.0
2749,1e-05,0.34106880000035744,0.05508685554377735,0.016377157731247798,0.32605474768206477,1,1.5831297636032104,256.0
2750,1e-05,0.3422419999988051,0.10427562240511179,0.027145322678344592,0.6441877626348287,1,6.493836879730225,256.0
2751,1e-05,0.3411023999979079,0.0443463628180325,0.026177832058497837,0.1715260588680394,1,2.0133066177368164,256.0
2752,1e-05,0.3411285999973188,0.03858291730284691,0.017276452987321785,0.18772817542776465,1,1.9760366678237915,256.0
2753,1e-05,0.34106429999883403,0.0319703072309494,0.028442869761160443,0.05666237196419388,1,1.3615704774856567,256.0
2754,1e-05,0.33903170000121463,0.02524070953950286,0.01744716361697231,0.07979552401229739,1,1.277011513710022,256.0
2755,1e-05,0.33999559999938356,0.08733224141178653,0.016927447602418915,0.5801657529082149,1,5.575241565704346,256.0
2756,1e-05,0.34097100000144565,0.03277182311285287,0.014740494113149387,0.15899113078194205,1,2.458639621734619,256.0
2757,1e-05,0.33993069999996806,0.021303609013557434,0.013941577103521143,0.07283783692400903,1,1.157861590385437,256.0
2758,1e-05,0.34080829999948037,0.05003297433722764,0.01817594688119633,0.27303217045846395,1,3.65181040763855,256.0
2759,1e-05,0.34238510000068345,0.030060652643442154,0.01640786643006972,0.12563016165222507,1,1.5799015760421753,256.0
2760,1e-05,0.3407374999987951,0.02899015531875193,0.009154383126380188,0.16784055274911225,1,1.7577773332595825,256.0
2761,1e-05,0.3405917000018235,0.020752429496496916,0.012864192382299475,0.0759700895723654,1,1.9565789699554443,256.0
2762,1e-05,0.34258950000003097,0.02282959659351036,0.011566019816590207,0.10167463521065656,1,2.2728354930877686,256.0
2763,1e-05,0.34198230000038166,0.05753498442936689,0.011931147426366806,0.3767618548881728,1,5.403248310089111,256.0
2764,1e-05,0.34301439999762806,0.027014565304853022,0.011243271109248911,0.1374136212943995,1,1.5808831453323364,256.0
2765,1e-05,0.34231789999830653,0.04365370247978717,0.012455764559230633,0.2620392647222616,1,3.7662441730499268,256.0
2766,1e-05,0.3398452000001271,0.030810282449238002,0.017780446181339876,0.12201913306489587,1,1.3460936546325684,256.0
2767,1e-05,0.341017800001282,0.03315156325697899,0.013184205096747195,0.17292306589661166,1,3.1575562953948975,256.0
2768,1e-05,0.34014569999999367,0.05745876091532409,0.02109328657388687,0.3120170822367072,1,5.863752365112305,256.0
2769,1e-05,0.3474958000006154,0.02673272177344188,0.014558898151985236,0.11194948908814695,1,2.322441577911377,256.0
2770,1e-05,0.3397667999997793,0.12188688653986901,0.015672002054218735,0.8653910244465806,1,4.965579032897949,256.0
2771,1e-05,0.34110560000044643,0.03718411037698388,0.01388204556756786,0.20029856568726245,1,1.9467780590057373,256.0
2772,1e-05,0.34179020000010496,0.02220179617870599,0.01347463857382536,0.08329189554933691,1,1.2210733890533447,256.0
2773,1e-05,0.3406647999981942,0.04792847437784076,0.012351903864847762,0.2969644640106708,1,1.9745196104049683,256.0
2774,1e-05,0.3425752000002831,0.0193975453148596,0.011015140784106084,0.07807437441078946,1,1.2518041133880615,256.0
2775,1e-05,0.34277559999827645,0.028742719965521246,0.015963164025119374,0.11819960759021342,1,0.999308705329895,256.0
2776,1e-05,0.34320589999697404,0.024966287659481168,0.013447679047073637,0.10559654235839844,1,2.5738000869750977,256.0
2777,1e-05,0.34026879999873927,0.018589663843158633,0.013092835500304188,0.05706746329087764,1,1.423034906387329,256.0
2778,1e-05,0.3421974999982922,0.018676678300835192,0.01579614702079977,0.03884040331467986,1,1.6372127532958984,256.0
2779,1e-05,0.3411768000005395,0.027942438842728734,0.015558891597070865,0.11462726769968867,1,1.9881844520568848,256.0
2780,1e-05,0.34005400000023656,0.03541782347019762,0.01628417960767235,0.16935333027504385,1,2.566025495529175,256.0
2781,1e-05,0.34008689999973285,0.024047176470048726,0.014702931312578065,0.08945689335814677,1,1.6314482688903809,256.0
2782,1e-05,0.34040780000214,0.03498654515715316,0.011674847121217422,0.19816841057036072,1,2.461467742919922,256.0
2783,1e-05,0.33995109999887063,0.015815890044905245,0.011243979380066906,0.04781926691066474,1,0.8843160271644592,256.0
2784,1e-05,0.3416806999994151,0.02058584149926901,0.019038934792791094,0.03141418579616584,1,1.6030523777008057,256.0
2785,1e-05,0.3416101000002527,0.01818967633880675,0.007813125582677978,0.09082553209736943,1,0.9979287385940552,256.0
2786,1e-05,0.33996129999650293,0.04887997906189412,0.011432854791304894,0.3110098699107766,1,3.9888107776641846,256.0
2787,1e-05,0.3418652000000293,0.0312574605923146,0.02002826426178217,0.10986183793283999,1,1.8047128915786743,256.0
2788,1e-05,0.3400000000001455,0.020595132722519338,0.015515888575464487,0.05614984146086499,1,1.0839163064956665,256.0
2789,1e-05,0.3393173000004026,0.03330159676261246,0.017476611770689487,0.14407648739870638,1,1.6225284337997437,256.0
2790,1e-05,0.3413579000007303,0.015686854487285018,0.009060544760099478,0.06207102279586252,1,1.0303579568862915,256.0
2791,1e-05,0.34140649999972084,0.038472613552585244,0.019098478835076094,0.1740915556147229,1,1.1733787059783936,256.0
2792,1e-05,0.3405332999973325,0.018301204254385084,0.012891391491783517,0.05616989504778758,1,1.056382417678833,256.0
2793,1e-05,0.34118900000248686,0.053148002829402685,0.015377129694180829,0.31754412967711687,1,1.937880039215088,256.0
2794,1e-05,0.34179170000061276,0.05326207494363189,0.014469226689210959,0.32481199194444343,1,3.4529991149902344,256.0
2795,1e-05,0.34020740000050864,0.017502863192930818,0.009399864506641669,0.07422384910751134,1,0.769173264503479,256.0
2796,1e-05,0.34073239999997895,0.024732302175834775,0.016063411886404668,0.08541454101214185,1,1.9593623876571655,256.0
2797,1e-05,0.34062160000030417,0.046490838285535574,0.015247735427692533,0.26519256504252553,1,3.6585586071014404,256.0
2798,1e-05,0.34101880000162055,0.03578217246104032,0.008962559014824885,0.22351946716662496,1,1.4892774820327759,256.0
2799,1e-05,0.3416002000012668,0.023283308371901512,0.014085568886782442,0.0876674861065112,1,1.9429023265838623,256.0
2800,1e-05,0.34301090000008116,0.03679231560090557,0.011941517038004739,0.21074789498379687,1,3.401272773742676,256.0
2801,1e-05,0.3418557000004512,0.03085857001133263,0.011580768373927899,0.16580317728221416,1,1.6421198844909668,256.0
2802,1e-05,0.3419071999996959,0.030933527275919914,0.012738024283732687,0.1583020421967376,1,1.8517699241638184,256.0
2803,1e-05,0.3439369000006991,0.02107980626169592,0.012546018298183168,0.08081632538232952,1,2.365933895111084,256.0
2804,1e-05,0.3437484999994922,0.01764027145691216,0.012263894280684846,0.05527492047986016,1,1.2099722623825073,256.0
2805,1e-05,0.3395139000022027,0.028513620025478303,0.01426757067175848,0.12823596457019448,1,2.085257053375244,256.0
2806,1e-05,0.3395650000020396,0.016835565445944667,0.010591043990903668,0.060547213433892466,1,0.8412436842918396,256.0
2807,1e-05,0.3413129000000481,0.03163627308094874,0.008761442499235272,0.19176009245347814,1,1.7441116571426392,256.0
2808,1e-05,0.34137360000022454,0.030686701589729637,0.011012910998293332,0.16840323735959828,1,1.4779525995254517,256.0
2809,1e-05,0.34156540000185487,0.026993961539119482,0.016033267635586008,0.10371883076732047,1,1.156166434288025,256.0
2810,1e-05,0.34123900000122376,0.027429164038039744,0.015249453884150301,0.11268712650053203,1,1.6170083284378052,256.0
2811,1e-05,0.3398368999987724,0.028045162791386247,0.01476767020566123,0.12098760553635657,1,1.7164586782455444,256.0
2812,1e-05,0.3395342999974673,0.1074935260694474,0.01756830752960273,0.7369700426643249,1,4.531549453735352,256.0
2813,1e-05,0.34119080000164104,0.02446829923428595,0.01391702298341053,0.09832723467843607,1,2.23431134223938,256.0
2814,1e-05,0.34258090000002994,0.030206622439436615,0.008808249208543981,0.17999523179605603,1,1.3804374933242798,256.0
2815,1e-05,0.34123710000130814,0.033518602373078465,0.020830057295305387,0.12233841232955456,1,2.4879603385925293,256.0
2816,1e-05,0.3416079999988142,0.025349361123517156,0.0263062682268875,0.018651007092557847,1,1.8196194171905518,256.0
2817,1e-05,0.34086870000101044,0.024109707213938236,0.010820329788007907,0.1171353452373296,1,1.6904757022857666,256.0
2818,1e-05,0.3387357999999949,0.060498003382235765,0.01996773441455194,0.3442098717787303,1,2.288907051086426,256.0
2819,1e-05,0.3405775999999605,0.054424153408035636,0.021879990385579213,0.28223329968750477,1,2.9341204166412354,256.0
2820,1e-05,0.34267560000080266,0.046521250391379,0.009956106809633119,0.3024772616336122,1,2.8506178855895996,256.0
2821,1e-05,0.34422049999921,0.050899179303087294,0.03068211435207299,0.1924186109972652,1,1.390705943107605,256.0
2822,1e-05,0.34247039999900153,0.03577935742214322,0.019599429996950284,0.14903885166859254,1,1.6640307903289795,256.0
2823,1e-05,0.34288999999989755,0.031115050427615643,0.018337164839197482,0.12056024104822427,1,1.6725891828536987,256.0
2824,1e-05,0.33861780000006547,0.02809387113666162,0.013773225646998202,0.12833839488303056,1,2.828457832336426,256.0
2825,1e-05,0.3395810000001802,0.052002154872752726,0.021254692359694412,0.26723439956549555,1,2.1389758586883545,256.0
2826,1e-05,0.3399630999992951,0.0518515839939937,0.014370482747576066,0.3142192967934534,1,4.712562561035156,256.0
2827,1e-05,0.3402096999998321,0.05526735202874988,0.016848890210634897,0.32419658603612334,1,2.708077907562256,256.0
2828,1e-05,0.33935289999863016,0.03614189941436052,0.017544345264988288,0.1663247789547313,1,2.0517005920410156,256.0
2829,1e-05,0.3394482000003336,0.02426327276043594,0.019340905360877514,0.058719844091683626,1,1.603738784790039,256.0
2830,1e-05,0.3409715000016149,0.032954334281384945,0.02369516489229032,0.09776851930655539,1,1.7228354215621948,256.0
2831,1e-05,0.340833999998722,0.04170835291733965,0.01903277968189546,0.20043737113883253,1,3.021886110305786,256.0
2832,1e-05,0.34090760000253795,0.022876531933434308,0.020426597047064985,0.04002606928406749,1,1.3237409591674805,256.0
2833,1e-05,0.3409739999988233,0.03560156770981848,0.011364260987777795,0.20526270708069205,1,2.087131977081299,256.0
2834,1e-05,0.34169050000127754,0.049997691879980266,0.011271953516240631,0.3210778587963432,1,3.7075815200805664,256.0
2835,1e-05,0.34218909999981406,0.03661113022826612,0.013552626994039332,0.1980206569423899,1,2.054753065109253,256.0
2836,1e-05,0.3412529999986873,0.04643528361339122,0.01682067210120814,0.2537375628016889,1,1.7924002408981323,256.0
2837,1e-05,0.3420280999998795,0.030962110788095742,0.023638983855822256,0.0822240089182742,1,2.903120994567871,256.0
2838,1e-05,0.3390151000021433,0.01879809598904103,0.010507355377610241,0.0768332779443881,1,1.2450188398361206,256.0
2839,1e-05,0.3401019999982964,0.048273558961227536,0.024828772193619182,0.2123870742834697,1,1.8538298606872559,256.0
2840,1e-05,0.3395032000007632,0.021302059409208596,0.01205808243581227,0.0860098993871361,1,1.0148271322250366,256.0
2841,1e-05,0.3378058000016608,0.02794521360192448,0.011920445498877339,0.1401185920694843,1,2.6044301986694336,256.0
2842,1e-05,0.34053969999877154,0.026919553987681866,0.014628686143883638,0.11295563001476694,1,2.6288318634033203,256.0
2843,1e-05,0.3419094999990193,0.02573183609638363,0.014379633590579033,0.1051972575369291,1,1.2083474397659302,256.0
2844,1e-05,0.3410803000006126,0.031239223608281463,0.01266680920629629,0.16124612823477946,1,1.4862507581710815,256.0
2845,1e-05,0.3382681000002776,0.022136919433251023,0.015025915644530739,0.07191394350957125,1,0.7859454154968262,256.0
2846,1e-05,0.3391924999996263,0.03096157289110124,0.015392477557595288,0.13994524435838684,1,1.7187340259552002,256.0
2847,1e-05,0.3405217999970773,0.03418734308797866,0.02090184423806412,0.12718583014793694,1,2.39035964012146,256.0
2848,1e-05,0.33987079999860725,0.02794830536004156,0.013942195368664605,0.1259910783264786,1,1.7959086894989014,256.0
2849,1e-05,0.34282620000158204,0.05657718610018492,0.015344412032780903,0.3452066001482308,1,4.620629787445068,256.0
2850,1e-05,0.3413457999995444,0.019692236790433526,0.016559884883463383,0.04161870008101687,1,1.2132842540740967,256.0
2851,1e-05,0.3401656999994884,0.03380408708471805,0.01380821064646755,0.173775227740407,1,1.8457794189453125,256.0
2852,1e-05,0.3397958999994444,0.024668700760230422,0.02199808049148747,0.04336305033575627,1,1.4815576076507568,256.0
2853,1e-05,0.3408277000016824,0.04319985746406019,0.010620961431413889,0.27125214622356,1,3.6756789684295654,256.0
2854,1e-05,0.3403935999995156,0.09727776376530528,0.022237857803702354,0.6225571510149166,1,4.495462417602539,256.0
2855,1e-05,0.34410099999877275,0.035250463522970676,0.01852849218994379,0.1523042598273605,1,1.7473740577697754,256.0
2856,1e-05,0.33909630000198376,0.02715032792184502,0.014882300315158708,0.11302652249287348,1,2.001221179962158,256.0
2857,1e-05,0.33908660000088275,0.03537263651378453,0.017572520965976373,0.15997345736832358,1,1.919653296470642,256.0
2858,1e-05,0.34133510000174283,0.022518259822390974,0.012599017204982894,0.09195295860990882,1,0.986849308013916,256.0
2859,1e-05,0.33883850000347593,0.04296866909135133,0.022125197474711707,0.1888729757629335,1,2.234455108642578,256.0
2860,1e-05,0.34082390000185114,0.023175306501798332,0.009080474264919758,0.12183912750333548,1,2.6695871353149414,256.0
2861,1e-05,0.3412647000004654,0.022530222428031266,0.011553583067974873,0.09936669305898249,1,2.253117561340332,256.0
2862,1e-05,0.3419045000009646,0.04578016552841291,0.01936378512930657,0.2306948258774355,1,2.468200922012329,256.0
2863,1e-05,0.3429918000001635,0.024927374091930687,0.012252686944391047,0.11365018799551763,1,2.1690125465393066,256.0
2864,1e-05,0.34003670000311104,0.027713958523236215,0.016414468908416375,0.10681039176415652,1,1.8403221368789673,256.0
2865,1e-05,0.33864420000099926,0.027154127252288163,0.008501764786030565,0.15772066439967602,1,2.2986998558044434,256.0
2866,1e-05,0.338290000003326,0.02789075649343431,0.01704819101308073,0.10378871683496982,1,1.871187448501587,256.0
2867,1e-05,0.34113430000070366,0.04547688318416476,0.02265429510069745,0.2052349952609802,1,3.3921377658843994,256.0
2868,1e-05,0.3400666999987152,0.03427238704171032,0.012105479703417845,0.18944073689635843,1,2.640739917755127,256.0
2869,1e-05,0.337598900001467,0.022126371623016894,0.012922460845272456,0.08655374683439732,1,0.8583691120147705,256.0
2870,1e-05,0.33807270000033895,0.029755192226730287,0.012119194659005319,0.15320716798305511,1,2.1037662029266357,256.0
2871,1e-05,0.34169050000127754,0.059219519258476794,0.010674058359914593,0.39903774461708963,1,2.9512312412261963,256.0
2872,1e-05,0.34030149999671266,0.023077940772054717,0.012389715993776917,0.09789551736957947,1,1.5085314512252808,256.0
2873,1e-05,0.34022710000135703,0.02290648245252669,0.019678211039198295,0.04550437687430531,1,0.7988378405570984,256.0
2874,1e-05,0.34007109999947716,0.0187682481482625,0.010855257577661957,0.07415918412152678,1,1.5322109460830688,256.0
2875,1e-05,0.3417810000028112,0.028867207467556,0.014501652214676142,0.129426094688597,1,1.5476088523864746,256.0
2876,1e-05,0.3385438000004797,0.06696957675740123,0.02686814664463912,0.3476795480819419,1,2.9945316314697266,256.0
2877,1e-05,0.3410935000028985,0.03475880343466997,0.016955568521682705,0.1593814450316131,1,2.879324197769165,256.0
2878,1e-05,0.3407638999997289,0.016126320348121226,0.010067211197955268,0.058540082100080326,1,1.4404066801071167,256.0
2879,1e-05,0.3394722000011825,0.0318670817068778,0.014917008246162109,0.15051760675851256,1,1.4223679304122925,256.0
2880,1e-05,0.3420820999999705,0.023770138388499618,0.01562894754377859,0.08075847092550248,1,1.4354703426361084,256.0
2881,1e-05,0.34122299999944516,0.016576200141571462,0.008585094341209956,0.07251394142804202,1,1.7282503843307495,256.0
2882,1e-05,0.3409299999984796,0.019902140484191477,0.013164807643209184,0.06706347153522074,1,1.213868260383606,256.0
2883,1e-05,0.339305699999386,0.0420474432175979,0.012176301130758864,0.25114543037489057,1,2.3266983032226562,256.0
2884,1e-05,0.34324199999900884,0.027656966354697943,0.017069289992962564,0.10177069436758757,1,1.19817054271698,256.0
2885,1e-05,0.3472500999996555,0.025220472016371787,0.014287762343883514,0.10174943890888244,1,1.7152096033096313,256.0
2886,1e-05,0.3472817000001669,0.015538168896455318,0.00792419132111328,0.0688360130880028,1,1.1060428619384766,256.0
2887,1e-05,0.3397345999983372,0.033444552682340145,0.018297123356855342,0.1394765558943618,1,1.7177826166152954,256.0
2888,1e-05,0.3394828000018606,0.03645137039711699,0.00997703306243888,0.22177173606178258,1,2.3383378982543945,256.0
2889,1e-05,0.33989870000004885,0.023746749851852655,0.015245913927044188,0.08325260499259457,1,1.5795782804489136,256.0
2890,1e-05,0.3418145999967237,0.021820386522449553,0.013940020397837673,0.07698295160662383,1,1.619065284729004,256.0
2891,1e-05,0.3414640999981202,0.018076176173053682,0.012198002277208226,0.05922339472454041,1,1.2831710577011108,256.0
2892,1e-05,0.3415067000023555,0.02474885364063084,0.013128079008311033,0.10609428174211644,1,1.1450380086898804,256.0
2893,1e-05,0.3426470000013069,0.026095658482518047,0.010570134435381209,0.13477432209765539,1,2.0998077392578125,256.0
2894,1e-05,0.34025739999924554,0.02481886965688318,0.01495851915595787,0.09384132974082604,1,2.060116767883301,256.0
2895,1e-05,0.3407237999999779,0.025543393974658102,0.014691997153152312,0.10150317230727524,1,1.2793102264404297,256.0
2896,1e-05,0.3412283999969077,0.033725676708854735,0.015472060169226356,0.16150099111837335,1,2.832428455352783,256.0
2897,1e-05,0.34020500000042375,0.019853651989251375,0.014056923466601543,0.060430755955167115,1,1.2349036931991577,256.0
2898,1e-05,0.34136519999810844,0.030055156559683383,0.013478104291217667,0.14609452453441918,1,2.7465031147003174,256.0
2899,1e-05,0.3419770999971661,0.0316909946850501,0.013026082422584295,0.16234539006836712,1,1.6434738636016846,256.0
2900,1e-05,0.34023829999932786,0.044794326764531434,0.02145442000723311,0.2081736772088334,1,2.4902260303497314,256.0
2901,1e-05,0.34314810000068974,0.01975011359900236,0.014832460853670324,0.054173683805856854,1,2.5438289642333984,256.0
2902,1e-05,0.3385515000009036,0.0496332534821704,0.012505150732717343,0.30952997322310694,1,2.4279699325561523,256.0
2903,1e-05,0.3411900000028254,0.01728850312065333,0.012719434153820788,0.04927198402583599,1,1.1936405897140503,256.0
2904,1e-05,0.33926179999980377,0.08502813195809722,0.01584906629951937,0.5692815519869328,1,8.182063102722168,256.0
2905,1e-05,0.3386699000002409,0.07099937892053276,0.013677840054567372,0.4722501457799808,1,6.160473823547363,256.0
2906,1e-05,0.33812070000203676,0.02574882097542286,0.01747363113931247,0.08367514667042997,1,1.469349980354309,256.0
2907,1e-05,0.33711119999861694,0.03142377466429025,0.01453346260158079,0.14965595887042582,1,2.64752197265625,256.0
2908,1e-05,0.340206600001693,0.025512323307339102,0.01065633339541299,0.12950425410235766,1,1.6718515157699585,256.0
2909,1e-05,0.3408334999985527,0.025993749499320984,0.014096217429531472,0.10927647995413281,1,1.0484648942947388,256.0
2910,1e-05,0.34314090000043507,0.02411298151127994,0.01704837561451963,0.07356521720066667,1,1.4786906242370605,256.0
2911,1e-05,0.3384315000002971,0.018360706162638962,0.008092209098062344,0.09024018212221563,1,1.006060004234314,256.0
2912,1e-05,0.3375935000003665,0.018156306818127632,0.013142753725073167,0.05325118073960766,1,1.281374216079712,256.0
2913,1e-05,0.3378429000003962,0.020101208006963134,0.017069318930485418,0.04132443229900673,1,0.8544415235519409,256.0
2914,1e-05,0.3390230999975756,0.02559955429751426,0.018781129137745926,0.07332852456602268,1,1.5421912670135498,256.0
2915,1e-05,0.34080809999795747,0.04489195276983082,0.010870434011199645,0.28304258780553937,1,3.0371110439300537,256.0
2916,1e-05,0.3401716000007582,0.0413192727137357,0.029095907163407122,0.1268828371539712,1,2.8883790969848633,256.0
2917,1e-05,0.33906150000257185,0.02566965762525797,0.015394310101068445,0.09759708633646369,1,1.1656882762908936,256.0
2918,1e-05,0.3419800000010582,0.0352948916843161,0.019028314256242344,0.14916092494968325,1,2.1373257637023926,256.0
2919,1e-05,0.3414187000016682,0.018821149482391775,0.009298606576131923,0.08547895029187202,1,0.7880106568336487,256.0
2920,1e-05,0.3406672000019171,0.026865390595048666,0.01388337669361915,0.11773949128109962,1,2.1095826625823975,256.0
2921,1e-05,0.3406756999975187,0.02921144012361765,0.010958226464156593,0.15698392665944993,1,2.4770314693450928,256.0
2922,1e-05,0.3403302000006079,0.0214756743516773,0.010005037100719554,0.10177013532154433,1,1.5919830799102783,256.0
2923,1e-05,0.3405977999973402,0.019006940769031644,0.011744208168238401,0.06984607194317505,1,1.4224646091461182,256.0
2924,1e-05,0.34011350000218954,0.06639572139829397,0.015297763648309879,0.42408140312181786,1,1.7956258058547974,256.0
2925,1e-05,0.3420905999992101,0.040963167673908174,0.024712577861334597,0.15471728606098623,1,1.338517427444458,256.0
2926,1e-05,0.342183799999475,0.03193129098508507,0.013966392326567854,0.15768558613490313,1,1.7913199663162231,256.0
2927,1e-05,0.34080289999837987,0.034386736690066755,0.021301043619002615,0.1259865869069472,1,1.350345253944397,256.0
2928,1e-05,0.34033070000077714,0.02891373774036765,0.01735146769455501,0.1098496278282255,1,2.092045307159424,256.0
2929,1e-05,0.34190529999978025,0.029544479912146926,0.008578032388218812,0.17630962433759123,1,1.8410022258758545,256.0
2930,1e-05,0.34465650000129244,0.023179652343969792,0.012849828760538782,0.09548841445939615,1,1.1183055639266968,256.0
2931,1e-05,0.3411465999997745,0.017733017913997173,0.013212627132556267,0.04937575204530731,1,1.0204918384552002,256.0
2932,1e-05,0.34003170000141836,0.04236111149657518,0.015131175118897642,0.23297068942338228,1,2.5922632217407227,256.0
2933,1e-05,0.3390118999996048,0.024984035291709006,0.014443990175745316,0.09876435110345483,1,1.5468809604644775,256.0
2934,1e-05,0.3413610999996308,0.0599531305488199,0.012411510438791342,0.39274448237847537,1,2.46916127204895,256.0
2935,1e-05,0.3403510999996797,0.0743055579951033,0.01683725237048098,0.4765837087761611,1,5.664614200592041,256.0
2936,1e-05,0.34282469999743626,0.0526364678516984,0.011942787495042597,0.33749222243204713,1,4.891170978546143,256.0
2937,1e-05,0.3407058999982837,0.03787348693003878,0.011170086650443929,0.2247972725162981,1,1.8567715883255005,256.0
2938,1e-05,0.34010399999897345,0.01942543312907219,0.013606552766369922,0.06015758949070005,1,1.082295298576355,256.0
2939,1e-05,0.34108390000255895,0.030756572959944606,0.011884796233581645,0.1628590029431507,1,2.634758949279785,256.0
2940,1e-05,0.3382994999992661,0.018288509629201144,0.013795832338343774,0.049737250912585296,1,1.8489248752593994,256.0
2941,1e-05,0.3394579999985581,0.019090036454144865,0.011657768328275,0.07111591730790678,1,1.123486042022705,256.0
2942,1e-05,0.3419300000023213,0.03439140389673412,0.016246702023116604,0.16140432050451636,1,1.2848423719406128,256.0
2943,1e-05,0.34188820000053965,0.0287023123819381,0.015521862544119358,0.12096546310931444,1,3.443007707595825,256.0
2944,1e-05,0.3410890000013751,0.024216657446231693,0.016722225650612797,0.07667767669772729,1,1.7818717956542969,256.0
2945,1e-05,0.33948899999813875,0.026926109567284584,0.015144521636622292,0.10939723020419478,1,2.162046432495117,256.0
2946,1e-05,0.34118839999791817,0.04207578964997083,0.016446192349706377,0.22148296190425754,1,1.2182691097259521,256.0
2947,1e-05,0.34061210000072606,0.019152934313751757,0.011660257820039988,0.07160166720859706,1,1.1362448930740356,256.0
2948,1e-05,0.34318400000120164,0.03945576387923211,0.011608035736052054,0.23438985622487962,1,1.6950119733810425,256.0
2949,1e-05,0.34100369999941904,0.03485871682642028,0.010221653152257204,0.20731817519845208,1,3.4111523628234863,256.0
2950,1e-05,0.3407117999995535,0.04573074355721474,0.017329887753086432,0.24453674477990717,1,3.3253581523895264,256.0
2951,1e-05,0.33892959999866434,0.015636756201274693,0.011657678655215673,0.043490300071425736,1,0.7932038307189941,256.0
2952,1e-05,0.3407879000005778,0.038762009353376925,0.01724996091797948,0.18934634419565555,1,3.196394443511963,256.0
2953,1e-05,0.34018600000126753,0.038267683470621705,0.02164924903107541,0.15459672077122377,1,1.9653834104537964,256.0
2954,1e-05,0.34213219999946887,0.017678709875326604,0.010448326356709003,0.06829139380715787,1,1.1204447746276855,256.0
2955,1e-05,0.33875759999864385,0.0454012518748641,0.012497760155903441,0.27572568226605654,1,2.370105266571045,256.0
2956,1e-05,0.3418711999984225,0.03827492834534496,0.011682326140414392,0.22442314482759684,1,2.711326837539673,256.0
2957,1e-05,0.34036750000086613,0.047025191597640514,0.0115519688198609,0.29533774533774704,1,2.365220546722412,256.0
2958,1e-05,0.3401207999995677,0.049640159704722464,0.012090351931484682,0.3124888070160523,1,4.145894527435303,256.0
2959,1e-05,0.3380325000034645,0.04022270569112152,0.010491526086947747,0.24834096622362267,1,2.0681827068328857,256.0
2960,1e-05,0.3425260999974853,0.017273574776481837,0.0099047816890691,0.06885512494045543,1,1.467573642730713,256.0
2961,1e-05,0.33932289999938803,0.019625884015113115,0.013683545270136424,0.06122224718274083,1,1.0073350667953491,256.0
2962,1e-05,0.33963539999967907,0.012748853798257187,0.01000950179461922,0.031924318871460855,1,0.5561429858207703,256.0
2963,1e-05,0.34091259999695467,0.054977086547296494,0.01255381659471563,0.35193998098839074,1,3.2527246475219727,256.0
2964,1e-05,0.3398321999993641,0.028484941052738577,0.01389949575864843,0.1305830602068454,1,1.7607831954956055,256.0
2965,1e-05,0.34041660000002594,0.019774925312958658,0.0127959226125053,0.06862794631160796,1,0.878258228302002,256.0
2966,1e-05,0.3408457000005001,0.09073919686488807,0.01895516212763531,0.5932274503866211,1,8.94393539428711,256.0
2967,1e-05,0.33859060000031604,0.019880567328073084,0.012302202438669545,0.07292912300908938,1,1.0886564254760742,256.0
2968,1e-05,0.340821000001597,0.019336050027050078,0.010554550016032798,0.08080655103549361,1,0.9156410098075867,256.0
2969,1e-05,0.34041810000053374,0.03008247824618593,0.01759565275694643,0.11749025882454589,1,1.6997957229614258,256.0
2970,1e-05,0.3399031000008108,0.02545600209850818,0.016180495931101695,0.09038454553956399,1,1.9531854391098022,256.0
2971,1e-05,0.34007459999702405,0.04600624641170725,0.019858174491673708,0.22904274496249855,1,2.6708078384399414,256.0
2972,1e-05,0.34277409999776864,0.025013208272866905,0.015335099705095803,0.09275996751966886,1,1.7296861410140991,256.0
2973,1e-05,0.3395498999998381,0.04917045764159411,0.014910033604662334,0.28899343927332666,1,4.756914138793945,256.0
2974,1e-05,0.3405983999982709,0.09935346338897943,0.025274344320808138,0.6179073302191682,1,2.768460273742676,256.0
2975,1e-05,0.34162219999780064,0.049437064211815596,0.015715937994952713,0.2854849509894848,1,4.039208889007568,256.0
2976,1e-05,0.34331050000037067,0.033681834931485355,0.015382227920261877,0.16177908994723111,1,2.7469942569732666,256.0
2977,1e-05,0.34081030000015744,0.08590510883368552,0.012706780673137732,0.5982933938503265,1,4.621707439422607,256.0
2978,1e-05,0.3395377999986522,0.027199988369829953,0.01145885159660663,0.13738794630626217,1,1.774100422859192,256.0
2979,1e-05,0.3482339000001957,0.022516820929013193,0.013562462558703763,0.08519732410786673,1,1.5952986478805542,256.0
2980,1e-05,0.33772940000199014,0.04727207263931632,0.008390066546521016,0.3194461156381294,1,2.2978177070617676,256.0
2981,1e-05,0.3390810999990208,0.02095889369957149,0.015382705522435052,0.0599922084948048,1,1.1998751163482666,256.0
2982,1e-05,0.343777099998988,0.09385164949344471,0.014446113059031112,0.6496904365485534,1,7.745448112487793,256.0
2983,1e-05,0.33993439999903785,0.03456742572598159,0.015712079592049122,0.16655485098635836,1,1.6858508586883545,256.0
2984,1e-05,0.341929700000037,0.025596039835363626,0.01709532438378249,0.08510104683227837,1,1.6713277101516724,256.0
2985,1e-05,0.3403801000022213,0.036105339881032705,0.01776954664715699,0.16445589542854577,1,1.4280507564544678,256.0
2986,1e-05,0.34037379999790573,0.02601721213432029,0.01318899788228529,0.11581471742829308,1,1.096535086631775,256.0
2987,1e-05,0.33779100000174367,0.045584205305203795,0.012519656880093473,0.27703605429269373,1,3.1440606117248535,256.0
2988,1e-05,0.34058079999886104,0.026500522682908922,0.023992385316107954,0.04405749236320844,1,1.427526593208313,256.0
2989,1e-05,0.34102250000069034,0.03193578543141484,0.0190573685270335,0.12208469677716494,1,1.9346357583999634,256.0
2990,1e-05,0.33905809999851044,0.032497580512426794,0.011870465873341476,0.17688737902790308,1,2.481329917907715,256.0
2991,1e-05,0.34097819999806234,0.014361517212819308,0.010559084093464273,0.040978548233397305,1,1.408562421798706,256.0
2992,1e-05,0.341570500000671,0.03864169598091394,0.02201670142156737,0.15501666034106165,1,3.1169869899749756,256.0
2993,1e-05,0.34055609999995795,0.035425427195150405,0.019753480197063515,0.1451290561526548,1,1.9624097347259521,256.0
2994,1e-05,0.3409399000011035,0.05535702395718545,0.015841901136030043,0.3319628769531846,1,3.8627257347106934,256.0
2995,1e-05,0.3404749000001175,0.052969430573284626,0.02040215182517256,0.2809403889114037,1,2.929837465286255,256.0
2996,1e-05,0.3413903000000573,0.02984498004661873,0.01243732956105045,0.15169854223859147,1,1.4276121854782104,256.0
2997,1e-05,0.3423159999983909,0.020074324565939605,0.012150925284783756,0.07553811551770195,1,1.27042818069458,256.0
2998,1e-05,0.3413825999996334,0.030722755938768387,0.009867144815091575,0.17671203401550883,1,1.6801091432571411,256.0
2999,1e-05,0.342312500000844,0.027203302248381078,0.016455852360065495,0.1024354558903724,1,1.3578153848648071,256.0
3000,1e-05,0.3452154000005976,0.11557198979426175,0.028947615463818823,0.7219426238443702,1,6.602935314178467,256.0
3001,1e-05,0.3391659000008076,0.03349299996625632,0.015381371303062354,0.16027440782636404,1,1.7151870727539062,256.0
3002,1e-05,0.3576399000012316,0.028583634877577424,0.020841563253530433,0.08277813150198199,1,1.7735706567764282,256.0
3003,1e-05,0.34685049999825424,0.0387186745647341,0.026132187939115932,0.1268240719946334,1,1.823747992515564,256.0
3004,1e-05,0.34730409999974654,0.017798524699173868,0.013356272530342852,0.04889429623290198,1,1.5889633893966675,256.0
3005,1e-05,0.3421489999964251,0.012683353095781058,0.007609705607007656,0.048198887292528525,1,1.294734239578247,256.0
3006,1e-05,0.3402614000005997,0.033511053305119276,0.016673309795026268,0.15137525007594377,1,2.0553746223449707,256.0
3007,1e-05,0.3411073999996006,0.03256245283409953,0.014595533122441598,0.15833088892395608,1,1.6162610054016113,256.0
3008,1e-05,0.34339639999961946,0.020968747092410922,0.012502150543566262,0.08023492805659771,1,1.4083176851272583,256.0
3009,1e-05,0.3425526000028185,0.05851948005147278,0.01264261653912919,0.3796575245796703,1,5.110911846160889,256.0
3010,1e-05,0.34245409999857657,0.03384651825763285,0.01246630766295961,0.18350799032486975,1,2.2691409587860107,256.0
3011,1e-05,0.3404974000004586,0.02087638678494841,0.013472375742691969,0.07270446541951969,1,1.8254526853561401,256.0
3012,1e-05,0.34266610000122455,0.04181212489493191,0.014198661116617066,0.23510637995786965,1,2.968371629714966,256.0
3013,1e-05,0.34252399999968475,0.04340287297964096,0.013754131272435188,0.25094406912103295,1,2.689063310623169,256.0
3014,1e-05,0.34202170000207843,0.04991413000971079,0.018541945277580192,0.26951941318111494,1,1.6817646026611328,256.0
3015,1e-05,0.34188709999943967,0.032900476042414084,0.008877034531906247,0.20106456280336715,1,1.4090543985366821,256.0
3016,1e-05,0.34035170000061044,0.03391487372573465,0.013159073955778564,0.17920547767425887,1,1.5258580446243286,256.0
3017,1e-05,0.3393961000001582,0.06657549121882766,0.01697411052217441,0.4137851628038334,1,5.680200576782227,256.0
3018,1e-05,0.3418597999989288,0.022214496799279004,0.010606327094137669,0.1034716901340289,1,1.566136121749878,256.0
3019,1e-05,0.34146790000158944,0.027843184710945934,0.01353194348381034,0.12802187576016877,1,2.9812471866607666,256.0
3020,1e-05,0.341410500001075,0.03072066477034241,0.013600287825933524,0.15056331094820052,1,1.8809528350830078,256.0
3021,1e-05,0.3409709000006842,0.032030150294303894,0.0132702386139759,0.16334953589830548,1,1.70871901512146,256.0
3022,1e-05,0.3408836999988125,0.03222894435748458,0.014397090899624996,0.15705192770110443,1,1.634325623512268,256.0
3023,1e-05,0.34181200000239187,0.03261626628227532,0.02213381397138749,0.10599342902423814,1,2.1171622276306152,256.0
3024,1e-05,0.34028720000060275,0.0457865868229419,0.01220221132306116,0.2808772175121703,1,3.2480645179748535,256.0
3025,1e-05,0.3423442999992403,0.03801339166238904,0.015200720700834478,0.19770208839327097,1,2.427138328552246,256.0
3026,1e-05,0.3414852999994764,0.027045505354180932,0.019655632520360605,0.07877461309544742,1,1.6862142086029053,256.0
3027,1e-05,0.33965339999849675,0.04520906158722937,0.014176454927240099,0.2624372917925939,1,2.377483367919922,256.0
3028,1e-05,0.3402763000012783,0.02436420100275427,0.018342716619372368,0.06651458810665645,1,1.7766320705413818,256.0
3029,1e-05,0.34082779999880586,0.013154460059013218,0.009299044131434389,0.04014237461160519,1,1.191266655921936,256.0
3030,1e-05,0.34167519999755314,0.025583548936992884,0.021611591601478203,0.053387252846732736,1,1.0644060373306274,256.0
3031,1e-05,0.34107550000044284,0.03744645195547491,0.02060467889532447,0.15533885842887685,1,3.010877847671509,256.0
3032,1e-05,0.33864639999956125,0.037590956781059504,0.01809452460812671,0.17406597640365362,1,2.197836399078369,256.0
3033,1e-05,0.34118390000003274,0.017293761600740254,0.012786097758050476,0.04884740864508785,1,1.304341435432434,256.0
3034,1e-05,0.342281199998979,0.030490620236378163,0.010930028477949756,0.16741476318566129,1,2.1780009269714355,256.0
3035,1e-05,0.3416923000004317,0.030111713334918022,0.012102280277758837,0.15617774502607062,1,1.6646840572357178,256.0
3036,1e-05,0.3427805999999691,0.04679438623134047,0.011065484789599265,0.2968967028427869,1,4.938704490661621,256.0
3037,1e-05,0.3402825000011944,0.0236674128100276,0.012636943520712,0.10088069911580533,1,1.168994665145874,256.0
3038,1e-05,0.34020439999949303,0.015845213434658945,0.009966291354170867,0.0569976646656869,1,1.3624234199523926,256.0
3039,1e-05,0.3436656999983825,0.026845699409022927,0.021153238668505634,0.06669292156584561,1,1.033290982246399,256.0
3040,1e-05,0.35988150000048336,0.02043866948224604,0.0119759612051504,0.07967763091437519,1,1.5472389459609985,256.0
3041,1e-05,0.3603556000016397,0.03718267718795687,0.01109816406720451,0.21977426228113472,1,1.7842673063278198,256.0
3042,1e-05,0.3714187999976275,0.03468557039741427,0.025152080126905015,0.1014199978671968,1,1.5775831937789917,256.0
3043,1e-05,0.35747710000214283,0.026519905542954803,0.017466731668849076,0.08989211753942072,1,1.2495497465133667,256.0
3044,1e-05,0.34405450000122073,0.03219963505398482,0.015325997856312565,0.15031509100663243,1,2.258721113204956,256.0
3045,1e-05,0.3473727000018698,0.025387971196323633,0.021222324642751898,0.054547495652514044,1,1.5446385145187378,256.0
3046,1e-05,0.3409590000010212,0.01834156474797055,0.013315499693687474,0.05352401814889163,1,1.0824757814407349,256.0
3047,1e-05,0.3383127999986755,0.041907627193722874,0.0189777064536299,0.20241706406704907,1,2.8731887340545654,256.0
3048,1e-05,0.346853099999862,0.030857306672260165,0.010043974267318845,0.1765506384181208,1,1.4404025077819824,256.0
3049,1e-05,0.3472073000011733,0.043533793184906244,0.012108529552019067,0.2635106353845913,1,1.7283700704574585,256.0
3050,1e-05,0.35918650000166963,0.03341043239925057,0.010337657760828733,0.19491985766217113,1,1.3492745161056519,256.0
3051,1e-05,0.3425786000007065,0.02946878713555634,0.009597105107137136,0.16857056389562786,1,1.6169415712356567,256.0
3052,1e-05,0.34032200000001467,0.02181155886501074,0.013748431312186378,0.07825345062519773,1,1.8620356321334839,256.0
3053,1e-05,0.34086320000278647,0.024954344145953655,0.01546864224863904,0.09135425765998662,1,1.215077519416809,256.0
3054,1e-05,0.3379189999977825,0.027986578701529652,0.01578232053933399,0.11341638828162104,1,1.9862086772918701,256.0
3055,1e-05,0.33943809999982477,0.03657740500057116,0.013400415091642312,0.1988163319292653,1,1.9703482389450073,256.0
3056,1e-05,0.3387542999989819,0.07809442759025842,0.014574728440493345,0.5227323367143981,1,3.9277918338775635,256.0
3057,1e-05,0.3424924999999348,0.028724592862999998,0.013455221695559365,0.13561018463224173,1,2.57940673828125,256.0
3058,1e-05,0.3470004999981029,0.022366294055245817,0.01599415797474129,0.06697124442871427,1,1.897482991218567,256.0
3059,1e-05,0.34711779999997816,0.03964079573052004,0.009715103610817875,0.24912062764633447,1,1.9062994718551636,256.0
3060,1e-05,0.3454390000006242,0.041554495168384165,0.014427522496719445,0.23144331917865202,1,3.2545461654663086,256.0
3061,1e-05,0.3461530999993556,0.051631198497489095,0.023734531431858028,0.24690786318387836,1,2.271216630935669,256.0
3062,1e-05,0.34363870000015595,0.03186024713795632,0.011336041015705891,0.17552969051757827,1,2.5688536167144775,256.0
3063,1e-05,0.34581640000033076,0.05639910086756572,0.01683546250153865,0.3333445501048118,1,3.628364324569702,256.0
3064,1e-05,0.3469377999972494,0.017440343042835593,0.01108985859900713,0.06189373676897958,1,1.6604843139648438,256.0
3065,1e-05,0.3481218999986595,0.03147368325153366,0.010915708462042468,0.17537951782287564,1,0.929365336894989,256.0
3066,1e-05,0.34390630000052624,0.022805857472121716,0.010375782115651029,0.10981638636440039,1,1.2267885208129883,256.0
3067,1e-05,0.3452971999977308,0.0393028404796496,0.015967927207904204,0.20264722825959325,1,2.9370954036712646,256.0
3068,1e-05,0.3476444000007177,0.02186849305871874,0.012473138182290964,0.08763597439974546,1,1.481249213218689,256.0
3069,1e-05,0.3462926000029256,0.035319589311257005,0.00949860390807901,0.2160664927214384,1,2.2292978763580322,256.0
3070,1e-05,0.3455671000010625,0.017437780275940895,0.01411598375333207,0.04069035584689118,1,0.7639894485473633,256.0
3071,1e-05,0.3408430000017688,0.044512982247397304,0.011887734024120229,0.27288972787209786,1,2.8762848377227783,256.0
3072,1e-05,0.3410531000008632,0.15227896033320576,0.011643179226666689,1.1367294047959149,1,3.340768337249756,256.0
3073,1e-05,0.3397741999979189,0.029119335231371224,0.011438388510474138,0.15288597729522735,1,1.3989384174346924,256.0
3074,1e-05,0.34534350000103586,0.04515018197707832,0.01697157303403531,0.2424004441127181,1,2.6314566135406494,256.0
3075,1e-05,0.36280279999846243,0.02386326593114063,0.014492666880999292,0.08945745334494859,1,1.332558035850525,256.0
3076,1e-05,0.3390042999999423,0.038769151316955686,0.01232951832935214,0.22384659317322075,1,1.3229178190231323,256.0
3077,1e-05,0.3344558999997389,0.0827972472179681,0.008157213085464068,0.6052774996496737,1,4.449313640594482,256.0
3078,1e-05,0.3304011000000173,0.02197537024039775,0.017216526038412536,0.05528728064382449,1,1.5182169675827026,256.0
3079,1e-05,0.3302350000012666,0.030644758604466915,0.01400550441550357,0.1471195265185088,1,1.5902248620986938,256.0
3080,1e-05,0.33053450000079465,0.03093179117422551,0.017912242827670916,0.12206863448955119,1,1.8905776739120483,256.0
3081,1e-05,0.3291042999990168,0.02763113658875227,0.014580513616757733,0.11898549739271402,1,2.0721118450164795,256.0
3082,1e-05,0.3288904000000912,0.054171791300177574,0.015753685363701413,0.32309851245372556,1,4.757739067077637,256.0
3083,1e-05,0.33098579999932554,0.049702923744916916,0.015282181091606617,0.29064811568241566,1,2.7809181213378906,256.0
3084,1e-05,0.3293360000025132,0.025164364487864077,0.010337268534515585,0.128954034706112,1,1.261113166809082,256.0
3085,1e-05,0.33135890000266954,0.0814308057888411,0.018712759683174745,0.5204571087379009,1,3.0383572578430176,256.0
3086,1e-05,0.3305362999999488,0.033001716365106404,0.018606456129678657,0.13376853539375588,1,2.4221229553222656,256.0
3087,1e-05,0.3312977999994473,0.14269689039792866,0.011969827248581819,1.0577864336082712,1,7.311690807342529,256.0
3088,1e-05,0.3311235000001034,0.025286833755671978,0.017288143347416605,0.08127766607503872,1,1.5091400146484375,256.0
3089,1e-05,0.3315657999992254,0.028977472335100174,0.01550243834831885,0.12330271606333554,1,2.3941075801849365,256.0
3090,1e-05,0.3431296000017028,0.028320277051534504,0.011894384365794914,0.143301522010006,1,1.675743579864502,256.0
3091,1e-05,0.3444975999991584,0.045304031402338296,0.016305421578830907,0.24829430905083427,1,2.7901134490966797,256.0
3092,1e-05,0.34350349999658647,0.030077595729380846,0.01925569140751447,0.10583092295564711,1,3.568018913269043,256.0
3093,1e-05,0.34369479999804753,0.025476733106188476,0.011810167226940393,0.12114268366713077,1,2.1887292861938477,256.0
3094,1e-05,0.34373860000050627,0.05770681245485321,0.01728622435725161,0.34065092692617327,1,3.911609172821045,256.0
3095,1e-05,0.3431577000010293,0.03298282285686582,0.0127443578094244,0.17465207577333786,1,2.0808544158935547,256.0
3096,1e-05,0.34343749999970896,0.027157506556250155,0.013791391892092568,0.12072030501440167,1,2.090566873550415,256.0
3097,1e-05,0.3438330999997561,0.020359050715342164,0.01531517758433308,0.055666164181275235,1,0.959607720375061,256.0
3098,1e-05,0.34416889999920386,0.031702557345852256,0.0165876520331949,0.13750689948210493,1,2.3811423778533936,256.0
3099,1e-05,0.3440647999996145,0.0680987392552197,0.012004281793321882,0.4607599516166374,1,5.605227947235107,256.0
3100,1e-05,0.3460042999977304,0.025961954495869577,0.013377333957968014,0.11405429054866545,1,2.5653204917907715,256.0
3101,1e-05,0.3436900000015157,0.026134758605621755,0.012570605812860387,0.12108382233418524,1,2.217933177947998,256.0
3102,1e-05,0.34364300000015646,0.021798408241011202,0.01563159838717963,0.06496608095767442,1,1.4963138103485107,256.0
3103,1e-05,0.3462844999994559,0.024470030795782804,0.01622569201780217,0.08218040416250005,1,1.7886292934417725,256.0
3104,1e-05,0.3457440000020142,0.025531506282277405,0.011930090375244617,0.12074141763150692,1,1.2173125743865967,256.0
3105,1e-05,0.3453293999991729,0.04097057232866064,0.01323582192084619,0.23511382518336177,1,2.057912826538086,256.0
3106,1e-05,0.3441067000021576,0.04789363988675177,0.014278904867491551,0.2831967941019684,1,4.016144275665283,256.0
3107,1e-05,0.34550279999893974,0.01937390328384936,0.01570115697437099,0.0450831240741536,1,1.3911024332046509,256.0
3108,1e-05,0.34402769999724114,0.0236538618337363,0.014627148264220782,0.08684085925051477,1,1.5145732164382935,256.0
3109,1e-05,0.3418407000026491,0.15053621237166226,0.013989062580679144,1.1063663018867373,1,6.212162971496582,256.0
3110,1e-05,0.34370449999914854,0.04253403551410884,0.015563014894723892,0.23133118310943246,1,0.9970924854278564,256.0
3111,1e-05,0.34316690000196104,0.03921387530863285,0.008207702676632575,0.2562570790760219,1,2.819211483001709,256.0
3112,1e-05,0.3437720999972953,0.01829606667160988,0.013914219569414854,0.04896899409141042,1,1.9131232500076294,256.0
3113,1e-05,0.3448494000003848,0.0312631472479552,0.01616047282836267,0.13698186993133277,1,2.8633291721343994,256.0
3114,1e-05,0.3421950000010838,0.02467732736840844,0.021346232122076408,0.04799499720684253,1,1.6229631900787354,256.0
3115,1e-05,0.34318740000162506,0.04359760077204555,0.015539324908916439,0.24000551970675588,1,2.447944402694702,256.0
3116,1e-05,0.3459229999971285,0.018397180014289916,0.013487430355910743,0.052765433909371495,1,1.0800505876541138,256.0
3117,1e-05,0.3426431000007142,0.05073267070110887,0.010907219456774848,0.32951082477666205,1,4.900296688079834,256.0
3118,1e-05,0.3418892000008782,0.03339992871042341,0.01430129080212542,0.16709039616398513,1,1.8916083574295044,256.0
3119,1e-05,0.34503899999981513,0.025206347345374525,0.014047663692118866,0.10331712960032746,1,1.2710366249084473,256.0
3120,1e-05,0.34661590000177966,0.06760193430818617,0.015369556844234467,0.43322858260944486,1,4.72552490234375,256.0
3121,1e-05,0.34632259999852977,0.024157131323590875,0.018703459961605922,0.0623328338842839,1,2.0031895637512207,256.0
3122,1e-05,0.3488739999993413,0.03414541366510093,0.01605409463601453,0.16078464518068358,1,2.0904009342193604,256.0
3123,1e-05,0.34460699999908684,0.09153665672056377,0.013966808228620462,0.6345256264321506,1,7.316178321838379,256.0
3124,1e-05,0.3453754999973171,0.018529188993852586,0.012485632805952005,0.06083408399717882,1,1.0840033292770386,256.0
3125,1e-05,0.34380289999899105,0.04329640290234238,0.018361165055206845,0.21784306454355828,1,4.021714687347412,256.0
3126,1e-05,0.34325969999918016,0.07513400272000581,0.0183895526986037,0.4723451324389316,1,4.279020309448242,256.0
3127,1e-05,0.34558100000140257,0.019320562947541475,0.017610313038208654,0.031292308354750276,1,0.8577341437339783,256.0
3128,1e-05,0.34421500000098604,0.07974356831982732,0.015399391696389233,0.5301527844276279,1,6.754908084869385,256.0
3129,1e-05,0.3431316999995033,0.031772766582435,0.017776387011898414,0.1297474179591518,1,1.989436388015747,256.0
3130,1e-05,0.34558580000157235,0.06572200020309538,0.0092862265716706,0.4607723690569401,1,2.8020646572113037,256.0
3131,1e-05,0.34387770000103046,0.07448501186445355,0.011769712569990329,0.5134920924901962,1,3.1589889526367188,256.0
3132,1e-05,0.3418491000011272,0.033386907540261745,0.023350162963782038,0.10364412097260356,1,1.932839274406433,256.0
3133,1e-05,0.34406289999969886,0.03959035372827202,0.015656424686312675,0.2071278553630691,1,2.6919467449188232,256.0
3134,1e-05,0.3450942999988911,0.03471835737582296,0.01695134045024003,0.15908747853245586,1,1.5378024578094482,256.0
3135,1e-05,0.34316930000204593,0.04263138282112777,0.014306545390614442,0.2409052448347211,1,2.8901240825653076,256.0
3136,1e-05,0.34436249999998836,0.03368995222263038,0.018420951906591654,0.14057294989470392,1,1.8367552757263184,256.0
3137,1e-05,0.34338129999741795,0.027013702085241675,0.01802259331036891,0.08995146257802844,1,1.0618157386779785,256.0
3138,1e-05,0.343057800000679,0.02789381321053952,0.014950117029781853,0.11849968117894605,1,1.4508085250854492,256.0
3139,1e-05,0.34434909999981755,0.0325251238537021,0.015738725529185364,0.1500299124600133,1,2.1255593299865723,256.0
3140,1e-05,0.34275159999742755,0.034178816829808056,0.014716917482603873,0.17041211400646716,1,2.059420347213745,256.0
3141,1e-05,0.3431555000024673,0.12694616301450878,0.008430739831445473,0.9565541562624276,1,5.450872421264648,256.0
3142,1e-05,0.3442891000013333,0.031465132953599095,0.019760321293558394,0.11339880945160985,1,1.3213865756988525,256.0
3143,1e-05,0.34308409999721334,0.03301324462518096,0.011344723935638155,0.18469286942854524,1,1.534820318222046,256.0
3144,1e-05,0.3427909999991243,0.016401307191699743,0.012283975125423499,0.04522263165563345,1,1.2489033937454224,256.0
3145,1e-05,0.34432050000032177,0.03135248692706227,0.01547233055212668,0.14251358737237751,1,2.6394989490509033,256.0
3146,1e-05,0.3432682999991812,0.018379458459094167,0.01142814289778471,0.06703867072792491,1,1.830399513244629,256.0
3147,1e-05,0.34290450000116834,0.019548564916476607,0.013001991801762156,0.06537457354716025,1,1.3529903888702393,256.0
3148,1e-05,0.3434631999989506,0.02366081834770739,0.0120810190481799,0.1047194073908031,1,1.9658902883529663,256.0
3149,1e-05,0.3430045999994036,0.02425221132580191,0.00963186622331185,0.1265946218627505,1,0.7563556432723999,256.0
3150,1e-05,0.3430583999979717,0.02349397720536217,0.0169494050288839,0.06930599012412131,1,1.2567256689071655,256.0
3151,1e-05,0.3441671000000497,0.12314940639771521,0.011390086995171649,0.9054646738150041,1,4.401416301727295,256.0
3152,1e-05,0.34249540000018897,0.018635595683008432,0.013495194991784436,0.05461840011412278,1,1.1065776348114014,256.0
3153,1e-05,0.3433611000000383,0.026811844727490097,0.014399121715021985,0.11370089682168327,1,1.2011522054672241,256.0
3154,1e-05,0.34398760000112816,0.04902457166463137,0.01479475452963795,0.28863329213345423,1,1.688148021697998,256.0
3155,1e-05,0.3432360999977391,0.01865255378652364,0.010585793094443423,0.07511988136684522,1,1.2849786281585693,256.0
3156,1e-05,0.34262419999868143,0.05082589329686016,0.025187461636960506,0.2302949253935367,1,3.202810764312744,256.0
3157,1e-05,0.3441385000005539,0.056683368515223265,0.008089606849742787,0.39683967345627025,1,5.248622417449951,256.0
3158,1e-05,0.3440840000002936,0.02579382574185729,0.013702840743852513,0.11043071851599962,1,1.5152521133422852,256.0
3159,1e-05,0.344069099999615,0.03253782441606745,0.01744512315573437,0.13818673271453008,1,2.2710371017456055,256.0
3160,1e-05,0.3487569999997504,0.02898982970509678,0.010842554903190051,0.15602075587958097,1,2.1247971057891846,256.0
3161,1e-05,0.34302430000025197,0.018135474936570972,0.010941706897158707,0.06849185119790491,1,1.5296339988708496,256.0
3162,1e-05,0.3435148999997182,0.019700858858413994,0.011862813727930188,0.07456717408786062,1,1.237134575843811,256.0
3163,1e-05,0.3447736999987683,0.02229475264903158,0.011967998297352875,0.09458203316899016,1,1.8498963117599487,256.0
3164,1e-05,0.3434388999994553,0.024647233891300857,0.012908346219254392,0.1068194427061826,1,1.1210492849349976,256.0
3165,1e-05,0.34437659999821335,0.05351271037943661,0.02152453309723309,0.27742993738502264,1,4.257134437561035,256.0
3166,1e-05,0.3442943000009109,0.023961108818184584,0.015148317042206014,0.08565065883885836,1,1.0841161012649536,256.0
3167,1e-05,0.342857700001332,0.02646580897271633,0.013790829672611185,0.11519066640175879,1,1.5095393657684326,256.0
3168,1e-05,0.34342839999953867,0.026385273959022015,0.009095271317554372,0.1474152926239185,1,1.8490028381347656,256.0
3169,1e-05,0.34521020000102,0.03400171501561999,0.009646649805030652,0.2044871726538986,1,2.2826597690582275,256.0
3170,1e-05,0.3418731000019761,0.039738102816045284,0.01902552301596318,0.18472615513019264,1,3.6409342288970947,256.0
3171,1e-05,0.34438090000185184,0.03187355550471693,0.012489022088370152,0.1675652981903113,1,1.2643203735351562,256.0
3172,1e-05,0.34367349999956787,0.02452276647090912,0.012159438271607672,0.11106606111570727,1,2.09816837310791,256.0
3173,1e-05,0.34280840000064927,0.014668265299405903,0.012902055135262864,0.02703173710324336,1,1.2641735076904297,256.0
3174,1e-05,0.34376979999797186,0.05536841612774879,0.024285972584038973,0.27294553050523973,1,2.827995538711548,256.0
3175,1e-05,0.3447846999988542,0.031218602089211345,0.02087706540312086,0.10360936021606904,1,1.6404645442962646,256.0
3176,1e-05,0.3425323000010394,0.024456906714476645,0.010812331789306231,0.1199689271452371,1,1.27358877658844,256.0
3177,1e-05,0.3429546000006667,0.030516213679220527,0.02113510382228664,0.09618398087332025,1,1.417437195777893,256.0
3178,1e-05,0.34458269999959157,0.029501953336875886,0.016672988488738025,0.11930470245715696,1,2.0770089626312256,256.0
3179,1e-05,0.34379270000135875,0.034678317373618484,0.02286126760632864,0.11739766038954258,1,1.8130483627319336,256.0
3180,1e-05,0.34343300000182353,0.03774061659350991,0.017615632752754858,0.178615509881638,1,2.4740653038024902,256.0
3181,1e-05,0.34393830000044545,0.03395701106637716,0.014401778046573912,0.17084363638423383,1,1.1807602643966675,256.0
3182,1e-05,0.343342299998767,0.03637862409232184,0.011894340011557298,0.20776860415935516,1,2.014669418334961,256.0
3183,1e-05,0.34381519999806187,0.028818995342589915,0.01631080884752529,0.1163763040676713,1,3.8184256553649902,256.0
3184,1e-05,0.34359369999947376,0.036494510946795344,0.015703580475279262,0.18203103306586854,1,3.05635929107666,256.0
3185,1e-05,0.34365640000032727,0.029463299550116062,0.016274390941751853,0.12178565643262118,1,1.818199634552002,256.0
3186,1e-05,0.34458980000272277,0.013901967438869178,0.01126558958951916,0.03235660727659706,1,0.8094556927680969,256.0
3187,1e-05,0.34492780000073253,0.1624768127221614,0.027754663057359203,1.105531894019805,1,8.240914344787598,256.0
3188,1e-05,0.34398220000002766,0.017855754238553345,0.008197280811145902,0.08546506648417562,1,2.0651309490203857,256.0
3189,1e-05,0.34202430000004824,0.04014415794517845,0.008773578929581813,0.2597382211824879,1,2.923173666000366,256.0
3190,1e-05,0.3434220000017376,0.02498817048035562,0.016522846849901334,0.08424543659202754,1,1.4732335805892944,256.0
3191,1e-05,0.34412240000165184,0.028949513798579574,0.01849113983501281,0.102158137364313,1,1.2377455234527588,256.0
3192,1e-05,0.3420942000011564,0.05678794061532244,0.010650206224194594,0.3797520784428343,1,2.4294304847717285,256.0
3193,1e-05,0.3429347000019334,0.030361177341546863,0.010677865207461374,0.16814436402637511,1,2.0310049057006836,256.0
3194,1e-05,0.34356189999743947,0.02929712226614356,0.009592488474611725,0.16722956034936942,1,1.7202558517456055,256.0
3195,1e-05,0.34400579999783076,0.01662787061650306,0.011415929200925998,0.053111463552340865,1,1.113550066947937,256.0
3196,1e-05,0.34351260000039474,0.10519004007801414,0.016586455516517162,0.7254151261804509,1,7.610122203826904,256.0
3197,1e-05,0.34382669999831705,0.0226903717557434,0.01449254750540214,0.08007513801567256,1,1.2333661317825317,256.0
3198,1e-05,0.3441493000027549,0.04836883023381233,0.013332103279286198,0.2936259212438017,1,1.8398621082305908,256.0
3199,1e-05,0.3440965000008873,0.020406934607308358,0.010528584742652518,0.08955537783913314,1,1.4118108749389648,256.0
3200,1e-05,0.3438702999992529,0.01998660573735833,0.010789989294218165,0.08436291746329516,1,0.896051287651062,256.0
3201,1e-05,0.34513589999914984,0.015912054921500385,0.011893688368477992,0.04404061906825518,1,1.1013516187667847,256.0
3202,1e-05,0.3437501999978849,0.018232418224215508,0.010778994765132666,0.07040637711907038,1,1.4650824069976807,256.0
3203,1e-05,0.3472959999999148,0.02551405329722911,0.01106410363822111,0.12666369997896254,1,1.0648201704025269,256.0
3204,1e-05,0.3437539000005927,0.028044893871992826,0.01804212394303509,0.09806429220770951,1,1.410996675491333,256.0
3205,1e-05,0.34427209999921615,0.04981480014976114,0.011787152350214975,0.3160083278999082,1,3.2022950649261475,256.0
3206,1e-05,0.34293889999753446,0.017130765656474978,0.014474580197462015,0.03572406611056067,1,1.0029776096343994,256.0
3207,1e-05,0.34439500000007683,0.058636138564907014,0.013542077637144498,0.37429456575773656,1,1.9560447931289673,256.0
3208,1e-05,0.34394460000112304,0.0364881755085662,0.0180799904545503,0.16534547344781458,1,1.6522361040115356,256.0
3209,1e-05,0.34294239999871934,0.040581032051704824,0.012929483616192426,0.234141867083963,1,3.330712080001831,256.0
3210,1e-05,0.34443930000270484,0.060373421205440536,0.01218411565891334,0.39769854965925333,1,3.7024295330047607,256.0
3211,1e-05,0.3436519999995653,0.030895402829628438,0.015263319980087025,0.1403199818887515,1,1.5381972789764404,256.0
3212,1e-05,0.3433517000012216,0.03627184289507568,0.01846883529131966,0.1608928944915533,1,2.4604835510253906,256.0
3213,1e-05,0.34313939999992726,0.04778558318503201,0.01311264672715749,0.29049612395465374,1,4.791751861572266,256.0
3214,1e-05,0.3460268000017095,0.024704631068743765,0.02379808435216546,0.031050461419624753,1,1.8184340000152588,256.0
3215,1e-05,0.34396250000281725,0.03293786200811155,0.00789112611008542,0.2082650157099124,1,1.8958019018173218,256.0
3216,1e-05,0.3438959999984945,0.01586637634318322,0.012276023227189268,0.04099884838797152,1,1.0812960863113403,256.0
3217,1e-05,0.3432968000015535,0.03546184324659407,0.015452245915574687,0.1755290247965604,1,1.5872410535812378,256.0
3218,1e-05,0.3429799000005005,0.02629246166907251,0.00900968596605318,0.14727189132827334,1,1.6024426221847534,256.0
3219,1e-05,0.343553200000315,0.019024368608370423,0.010535648026104485,0.07844541873782873,1,1.2144105434417725,256.0
3220,1e-05,0.3439499000014621,0.022895161295309663,0.009986518150461572,0.11325566463347059,1,1.658321499824524,256.0
3221,1e-05,0.34217680000074324,0.045690101047512144,0.02032246720045805,0.22326352589880116,1,2.722368001937866,256.0
3222,1e-05,0.3439405999997689,0.01981536392122507,0.010539323690214328,0.08474764454877004,1,1.2110658884048462,256.0
3223,1e-05,0.3431901000003563,0.026106522185727954,0.014245804133159774,0.10913154855370522,1,1.2199814319610596,256.0
3224,1e-05,0.34269549999953597,0.04313132876995951,0.013032645120152406,0.2538221121649258,1,2.158862590789795,256.0
3225,1e-05,0.34452349999992293,0.07998921431135386,0.010613672501806701,0.5656179857905954,1,5.028854846954346,256.0
3226,1e-05,0.3431598999995913,0.03679643786745146,0.012134743189173085,0.20942830510603017,1,2.2207393646240234,256.0
3227,1e-05,0.3431038999988232,0.03276896648458205,0.014370662260002323,0.16155710414750502,1,1.4677460193634033,256.0
3228,1e-05,0.3436963999993168,0.024967934004962444,0.015064737693007504,0.09429030725732446,1,1.9767602682113647,256.0
3229,1e-05,0.343165999998746,0.05110965028870851,0.010308538064626711,0.33671743981540203,1,4.264008522033691,256.0
3230,1e-05,0.343224399999599,0.032553799363086,0.010006653776924525,0.1903838146263297,1,3.016085386276245,256.0
3231,1e-05,0.34439539999948465,0.0324190619867295,0.020360033493489027,0.11683225282467902,1,2.215736150741577,256.0
3232,1e-05,0.3443666999992274,0.0859213201329112,0.017903029918670654,0.5620493440655991,1,2.7238707542419434,256.0
3233,1e-05,0.34318290000010165,0.03731570189120248,0.016219565644860268,0.18498865305446088,1,3.782799482345581,256.0
3234,1e-05,0.34467189999850234,0.015210705576464534,0.011943899494196688,0.038078346246038564,1,0.7670092582702637,256.0
3235,1e-05,0.3444792000009329,0.022328587132506073,0.015831762392606055,0.06780636199982837,1,1.5616872310638428,256.0
3236,1e-05,0.3437615000002552,0.022872480330988765,0.012793917142386948,0.09342241857666522,1,1.7190970182418823,256.0
3237,1e-05,0.3440034999985073,0.03616037551546469,0.010169811114402754,0.21809431840665638,1,1.8572711944580078,256.0
3238,1e-05,0.34396920000290265,0.0256509140599519,0.017077600051249777,0.08566411133506335,1,2.023261308670044,256.0
3239,1e-05,0.343338999999105,0.027227606100495905,0.019146863404395326,0.0837927982211113,1,2.0043725967407227,256.0
3240,1e-05,0.34293560000151047,0.015272492251824588,0.010736695191423808,0.04702307045226917,1,1.4829219579696655,256.0
3241,1e-05,0.34414839999953983,0.015487491502426565,0.013283560584698404,0.03091500513255596,1,1.1569616794586182,256.0
3242,1e-05,0.3436602000001585,0.05707723437808454,0.022803342834647213,0.29699450827320106,1,3.260321617126465,256.0
3243,1e-05,0.344699600002059,0.13522393384482712,0.015221823206437486,0.975238709943369,1,5.054497718811035,256.0
3244,1e-05,0.34333280000282684,0.02329820964951068,0.014803451818547078,0.08276151354220929,1,2.6716995239257812,256.0
3245,1e-05,0.3436560999980429,0.021495054534170777,0.012721529363521509,0.08290973142720759,1,1.1367533206939697,256.0
3246,1e-05,0.34411790000012843,0.030604180647060275,0.013421676520790373,0.15088170488888863,1,1.602627158164978,256.0
3247,1e-05,0.3446248000000196,0.06861987453885376,0.011466916384441512,0.4686905953567475,1,5.86624813079834,256.0
3248,1e-05,0.3440377000006265,0.06325095368083566,0.014316982988800322,0.4057887110975571,1,3.721911668777466,256.0
3249,1e-05,0.34356560000014724,0.031240403302945197,0.016479011358959333,0.1345701451646164,1,2.3771564960479736,256.0
3250,1e-05,0.3727777000021888,0.02335943328216672,0.011543187046689647,0.10607315858942457,1,1.0530600547790527,256.0
3251,1e-05,0.34309639999992214,0.037902136566117406,0.020265046507120132,0.16136176337022334,1,1.6452960968017578,256.0
3252,1e-05,0.34181180000086897,0.019993280351627618,0.014714676554181747,0.05694350504199974,1,0.9540919661521912,256.0
3253,1e-05,0.3432801999988442,0.03694362810347229,0.021720278276396648,0.14350706385448575,1,1.5075106620788574,256.0
3254,1e-05,0.34323829999993904,0.05260610528057441,0.011831635010561772,0.3380274011869915,1,3.443575382232666,256.0
3255,1e-05,0.34246499999790103,0.021466718171723187,0.006980371927576405,0.1228711394360289,1,1.5500766038894653,256.0
3256,1e-05,0.3456650999978592,0.04953288607066497,0.01078473896320377,0.32076990357018076,1,1.8361358642578125,256.0
3257,1e-05,0.34307110000008834,0.031145139480940998,0.01573882538026997,0.13898933563905302,1,1.7173254489898682,256.0
3258,1e-05,0.3424775999992562,0.03285146318376064,0.013805025124124118,0.16617653335561045,1,2.733719825744629,256.0
3259,1e-05,0.34465320000163047,0.13820533896796405,0.014511728991887398,1.004060594676048,1,9.454099655151367,256.0
3260,1e-05,0.344547100001364,0.0446052917977795,0.014126840912337815,0.25795444706454873,1,2.725557327270508,256.0
3261,1e-05,0.34259300000121584,0.0352945706108585,0.02211069578437933,0.1275816955821938,1,1.3142958879470825,256.0
3262,1e-05,0.3444267000013497,0.057494098669849336,0.02914916371394481,0.25590863556135446,1,2.829019546508789,256.0
3263,1e-05,0.3435374000000593,0.03903722076211125,0.012333586146788937,0.225962668118882,1,2.283841133117676,256.0
3264,1e-05,0.3430757000023732,0.05622130318079144,0.013525914666908128,0.3550890311598778,1,3.2361528873443604,256.0
3265,1e-05,0.3458141000010073,0.03591484023490921,0.013727380894124508,0.1912270615430316,1,2.1729328632354736,256.0
3266,1e-05,0.3432064000007813,0.054937895154580474,0.011163729109934397,0.3613570634042844,1,4.2046709060668945,256.0
3267,1e-05,0.3424150999999256,0.025116570410318673,0.016362276460443224,0.08639663027133793,1,1.15413236618042,256.0
3268,1e-05,0.34441579999838723,0.01740218501072377,0.007797042573136943,0.08463817871233914,1,1.4851089715957642,256.0
3269,1e-05,0.34207510000123875,0.016773625451605767,0.013663912591125284,0.03854161419440061,1,1.391522765159607,256.0
3270,1e-05,0.34216709999964223,0.014584246440790594,0.009025436759527241,0.053495912812650204,1,1.7988202571868896,256.0
3271,1e-05,0.34579780000058236,0.027007490396499634,0.021251275270645107,0.06730099546257406,1,2.2014992237091064,256.0
3272,1e-05,0.3435230999966734,0.022280392702668905,0.016909172093229636,0.05987893685232848,1,0.9469885230064392,256.0
3273,1e-05,0.34284869999828516,0.042640059255063534,0.024093117398609008,0.17246865040215198,1,3.259871006011963,256.0
3274,1e-05,0.34350719999929424,0.026682187570258975,0.007740507467782923,0.1592739461848396,1,3.390822649002075,256.0
3275,1e-05,0.3423474000010174,0.0672187595628202,0.02136774647182652,0.38817585771903396,1,2.958183765411377,256.0
3276,1e-05,0.342487699999765,0.03064243821427226,0.01915639452636242,0.11104474659077823,1,1.4865387678146362,256.0
3277,1e-05,0.343397399999958,0.023733776004519314,0.019127164967358112,0.05598005326464772,1,1.476001262664795,256.0
3278,1e-05,0.34358530000099563,0.022409265162423253,0.015027211313801152,0.07408364302500559,1,1.0252223014831543,256.0
3279,1e-05,0.34337040000173147,0.0474168558139354,0.01410935283638537,0.28056938550435007,1,1.8240617513656616,256.0
3280,1e-05,0.34415810000064084,0.022145491209812462,0.011643526144325733,0.09565925050992519,1,2.039130210876465,256.0
3281,1e-05,0.34345910000047297,0.07143818878103048,0.010398131529135364,0.4987186314538121,1,6.2425947189331055,256.0
3282,1e-05,0.3434586000003037,0.046356387552805245,0.01124369419578995,0.2921452395385131,1,2.6379246711730957,256.0
3283,1e-05,0.3448591000014858,0.030935944407247007,0.010562855683799301,0.17354756279382855,1,1.684192419052124,256.0
3284,1e-05,0.34333690000130446,0.04354236531071365,0.009899054188281298,0.279045544215478,1,2.2336854934692383,256.0
3285,1e-05,0.34505300000091665,0.034437474387232214,0.015318673702755145,0.16826907451832085,1,3.310229778289795,256.0
3286,1e-05,0.34454360000017914,0.02348903741221875,0.011878715695015021,0.10476128775917459,1,1.5221798419952393,256.0
3287,1e-05,0.34329280000019935,0.026010402478277683,0.01724760899586337,0.08734995761187747,1,2.8863778114318848,256.0
3288,1e-05,0.3429047999998147,0.027282359078526497,0.020452034260545458,0.07509463711176068,1,2.82279109954834,256.0
3289,1e-05,0.3435630999993009,0.02634232339914888,0.018523784753467356,0.0810720925219357,1,2.510619878768921,256.0
3290,1e-05,0.3438386999987415,0.02502847695723176,0.016533749610451714,0.08449156353162834,1,1.9372535943984985,256.0
3291,1e-05,0.34509109999999055,0.031461221864447,0.015623468373503004,0.14232549541338813,1,1.9348360300064087,256.0
3292,1e-05,0.3444898999987345,0.024581318721175194,0.010249920921134097,0.12490110337967053,1,1.584158182144165,256.0
3293,1e-05,0.34262200000011944,0.029532844899222255,0.020624730070786818,0.0918896458169911,1,2.1631128787994385,256.0
3294,1e-05,0.3446605000026466,0.02432304620742798,0.016774272745741264,0.07716445824553375,1,1.3036326169967651,256.0
3295,1e-05,0.3432143000027281,0.026584497652947903,0.018002695936177458,0.08665711409412324,1,2.8156580924987793,256.0
3296,1e-05,0.3428050999973493,0.03897943045012653,0.011902525954480683,0.22851775540038943,1,1.5190386772155762,256.0
3297,1e-05,0.3447414000002027,0.027098094462417066,0.022643898746797016,0.05827746324939653,1,1.6104544401168823,256.0
3298,1e-05,0.342764699998952,0.032115145470015705,0.016399012878537178,0.14212807698640972,1,2.4411733150482178,256.0
3299,1e-05,0.3441309000008914,0.05811743228696287,0.010657654010823794,0.3903358841780573,1,4.5236897468566895,256.0
3300,1e-05,0.34352840000065044,0.035900237620808184,0.012674496076735002,0.19848043304227758,1,1.618819236755371,256.0
3301,1e-05,0.3443310000002384,0.028225597459822893,0.021779722268027917,0.07334672252181917,1,1.5277655124664307,256.0
3302,1e-05,0.34375269999873126,0.04068896302487701,0.024075131065079143,0.15698578534647822,1,2.2091145515441895,256.0
3303,1e-05,0.34807200000068406,0.01862835476640612,0.012736073761646236,0.059874317681533284,1,1.2935363054275513,256.0
3304,1e-05,0.34265159999995376,0.02417792979395017,0.013271717886839594,0.10052141069900244,1,1.8017997741699219,256.0
3305,1e-05,0.34429309999904945,0.03257239062804729,0.01712652013104941,0.14069347910117358,1,1.5042322874069214,256.0
3306,1e-05,0.34470819999842206,0.024024147423915565,0.011535524922822202,0.11144450376741588,1,2.0339808464050293,256.0
3307,1e-05,0.3439959999996063,0.02394736820133403,0.013269835617393255,0.09869009419344366,1,1.1413843631744385,256.0
3308,1e-05,0.34426800000073854,0.030080848839133978,0.013280161856008428,0.14768564581754617,1,1.9276756048202515,256.0
3309,1e-05,0.3435874999995576,0.025051387783605605,0.0075420791815434185,0.1476165554486215,1,1.1076527833938599,256.0
3310,1e-05,0.3431462999978976,0.02456056996015832,0.010546847313110317,0.12265662930440158,1,1.3762166500091553,256.0
3311,1e-05,0.34530760000052396,0.038102887687273324,0.015620784301842962,0.1954776138300076,1,1.798978567123413,256.0
3312,1e-05,0.34499710000091,0.04829106980469078,0.013508082434002842,0.2917719957185909,1,3.8979740142822266,256.0
3313,1e-05,0.34333500000138883,0.02811289648525417,0.011749667514647757,0.14265549824631307,1,1.6862156391143799,256.0
3314,1e-05,0.34503460000269115,0.02649659663438797,0.016717146084244763,0.09495274111395702,1,1.2828643321990967,256.0
3315,1e-05,0.3434778999981063,0.031887256423942745,0.012991200999489852,0.16415964090265334,1,1.0839380025863647,256.0
3316,1e-05,0.34400019999884535,0.04778748529497534,0.0133258548698255,0.2890188821220363,1,2.84617280960083,256.0
3317,1e-05,0.34421929999734857,0.025383960222825408,0.018539242712514743,0.07329698011744767,1,1.0278366804122925,256.0
3318,1e-05,0.34289870000066003,0.04653315513860434,0.017080021423420737,0.25270510790869594,1,3.598388671875,256.0
3319,1e-05,0.3437218999970355,0.035949240205809474,0.017687334612544094,0.16378257446922362,1,1.1253087520599365,256.0
3320,1e-05,0.3437188999996579,0.01763081137323752,0.0159101558050939,0.02967539831297472,1,1.015491008758545,256.0
3321,1e-05,0.3432122000012896,0.028982423595152795,0.017635074577161243,0.10841386602260172,1,1.3191380500793457,256.0
3322,1e-05,0.3428007999973488,0.022198361344635487,0.014089238197941865,0.07896222634008154,1,0.9911757707595825,256.0
3323,1e-05,0.34340610000072047,0.029238649818580598,0.0068881267881287,0.18569229960849043,1,3.5202090740203857,256.0
3324,1e-05,0.34162609999839333,0.015389673004392534,0.008004784717091493,0.06708388863989967,1,0.9412660002708435,256.0
3325,1e-05,0.34477999999944586,0.04921909770928323,0.02099567512050271,0.24678305358975194,1,3.1941189765930176,256.0
3326,1e-05,0.3440003000032448,0.039607842976693064,0.015774955956398377,0.20643804292194545,1,2.537264108657837,256.0
3327,1e-05,0.3421736999989662,0.0271101234247908,0.00941509663659547,0.15097531687933952,1,1.3713314533233643,256.0
3328,1e-05,0.3437181999979657,0.024626955157145858,0.015595174194978816,0.08784941874910146,1,1.2788004875183105,256.0
3329,1e-05,0.3471117000008235,0.0321738530183211,0.01622820266389421,0.14379340584855527,1,2.6011860370635986,256.0
3330,1e-05,0.3435399000009056,0.04544934770092368,0.017906872356044396,0.238246671286106,1,1.8465853929519653,256.0
3331,1e-05,0.34463680000044405,0.023366634268313646,0.013508932398898261,0.09237055392441107,1,1.330403447151184,256.0
3332,1e-05,0.34839110000029905,0.03587480098940432,0.016189780285848037,0.17366994265466928,1,2.4246270656585693,256.0
3333,1e-05,0.34271850000004633,0.019701776676811278,0.015075333017323698,0.052086883119045524,1,1.0212812423706055,256.0
3334,1e-05,0.343527199998789,0.09220879140775651,0.017744556601558412,0.6134584373794496,1,6.386897563934326,256.0
3335,1e-05,0.3446901000024809,0.036627153342124075,0.015184980118647218,0.18672235825215466,1,3.127779722213745,256.0
3336,1e-05,0.34344229999987874,0.036282251589000225,0.021259638547365154,0.14144054788630456,1,1.6073894500732422,256.0
3337,1e-05,0.34300550000261865,0.017220056848600507,0.011688729947698968,0.0559393456496764,1,1.057687759399414,256.0
3338,1e-05,0.3428937999997288,0.03155196562875062,0.016487296471106156,0.13700466055888683,1,2.2581143379211426,256.0
3339,1e-05,0.3420917000003101,0.039524418534711,0.01643528469971248,0.20114834792912006,1,2.6947104930877686,256.0
3340,1e-05,0.34296590000303695,0.0628545013605617,0.014555978123098612,0.4009441559028346,1,4.046176433563232,256.0
3341,1e-05,0.34490379999988363,0.01920814160257578,0.012466630831893002,0.06639871024526656,1,1.6055041551589966,256.0
3342,1e-05,0.3429654000028677,0.03603129961993545,0.013383521565369197,0.1945657479809597,1,1.9349982738494873,256.0
3343,1e-05,0.3430385000028764,0.023647341993637383,0.016683811388377632,0.07239206176018342,1,1.6225416660308838,256.0
3344,1e-05,0.3428203000003123,0.04407391487620771,0.015105935079710824,0.2468497675145045,1,2.424302339553833,256.0
3345,1e-05,0.3438544999989972,0.062206644332036376,0.011403869737737946,0.41782606742344797,1,4.997344970703125,256.0
3346,1e-05,0.343807300003391,0.0429585047531873,0.012472635002008505,0.25635958921338897,1,2.315211534500122,256.0
3347,1e-05,0.34277149999979883,0.044457283802330494,0.010993895320487874,0.27870100643485785,1,3.4123916625976562,256.0
3348,1e-05,0.34473369999977876,0.05856830289121717,0.01681181721921478,0.3508637124905363,1,1.7435203790664673,256.0
3349,1e-05,0.3430681999998342,0.0819683677982539,0.0159708595102919,0.5439509279094636,1,5.785330772399902,256.0
3350,1e-05,0.34489229999962845,0.07336995896184817,0.023222005859549557,0.4244056341703981,1,4.303934574127197,256.0
3351,1e-05,0.3448547000007238,0.04409618373028934,0.01462937771741833,0.2503638196940301,1,3.9060730934143066,256.0
3352,1e-05,0.3436870999976236,0.027605325682088733,0.012419932787971837,0.1339030753588304,1,1.578999638557434,256.0
3353,1e-05,0.34249150000323425,0.028947351675014943,0.012627953098022513,0.14318314760748763,1,1.5631510019302368,256.0
3354,1e-05,0.34330779999800143,0.036739359609782696,0.013357787592602628,0.2004103604122065,1,4.81346321105957,256.0
3355,1e-05,0.34264510000139126,0.03962401952594519,0.017646358281906162,0.19346764823421836,1,1.0798143148422241,256.0
3356,1e-05,0.343134500002634,0.020471859956160188,0.017418775840529373,0.04184344967507059,1,0.7220892906188965,256.0
3357,1e-05,0.34312339999814867,0.031139756087213755,0.018300103954970837,0.12101732073642779,1,2.3323769569396973,256.0
3358,1e-05,0.3442131999981939,0.03510081209242344,0.01850359614140221,0.1512813305016607,1,1.9761654138565063,256.0
3359,1e-05,0.34411509999699774,0.03930374432820827,0.012746514552938086,0.22520434636317077,1,2.64347243309021,256.0
3360,1e-05,0.34437460000117426,0.029706972651183605,0.010726854803838901,0.16256779379909858,1,1.6008951663970947,256.0
3361,1e-05,0.34185830000205897,0.036601680563762784,0.014457537925669126,0.19161068345420063,1,1.6055450439453125,256.0
3362,1e-05,0.342698600001313,0.020083688490558416,0.011925858877865332,0.07718849703087471,1,1.3226444721221924,256.0
3363,1e-05,0.34400790000290726,0.034374377224594355,0.017007298035813228,0.15594393154606223,1,2.1239092350006104,256.0
3364,1e-05,0.34389130000272417,0.039257631404325366,0.014902236538806133,0.20974539121380076,1,3.281985282897949,256.0
3365,1e-05,0.3430655000011029,0.02707748592365533,0.015514447187472667,0.10801875259494409,1,1.639489769935608,256.0
3366,1e-05,0.34324779999951716,0.0522966671269387,0.0166707948914596,0.301677776616998,1,4.368129253387451,256.0
3367,1e-05,0.34261070000138716,0.021232685772702098,0.01250783194388662,0.08230666408780962,1,1.3625589609146118,256.0
3368,1e-05,0.3447833999998693,0.01732976402854547,0.014860026405325957,0.034617927856743336,1,1.8319967985153198,256.0
3369,1e-05,0.3432764999997744,0.024698268971405923,0.021228655574045012,0.04898555774707347,1,1.4495609998703003,256.0
3370,1e-05,0.34288739999828977,0.03737317747436464,0.011618032253214292,0.21765919029712677,1,3.654531717300415,256.0
3371,1e-05,0.3441915999974299,0.031096745398826897,0.015108805083270584,0.14301233238074929,1,1.4077959060668945,256.0
3372,1e-05,0.34377630000017234,0.022727750008925796,0.013798339225883995,0.08523362764390185,1,2.0800211429595947,256.0
3373,1e-05,0.34305010000025504,0.021436788549181074,0.01102084037847817,0.09434843098279089,1,2.2078723907470703,256.0
3374,1e-05,0.3442281000025105,0.034270126605406404,0.015851283046816076,0.16320202802307904,1,2.2375025749206543,256.0
3375,1e-05,0.3437345999991521,0.026718018460087478,0.01767429124031748,0.09002410304674413,1,1.055933952331543,256.0
3376,1e-05,0.34342090000063763,0.031205691630020738,0.0095317703006523,0.18292313814163208,1,2.516136646270752,256.0
3377,1e-05,0.34484369999699993,0.03385259839706123,0.015050473024270363,0.1654674698324925,1,2.177767276763916,256.0
3378,1e-05,0.3429656000007526,0.050357464351691306,0.02309312448570771,0.24120783992111683,1,1.4414067268371582,256.0
3379,1e-05,0.3428989999993064,0.029983144951984286,0.013783584481903486,0.1433800697850529,1,1.5164557695388794,256.0
3380,1e-05,0.3446588000006159,0.03416427853517234,0.01795927421855075,0.14759930782020092,1,2.6066172122955322,256.0
3381,1e-05,0.34581360000083805,0.02305029140552506,0.015898624435067177,0.0731119584525004,1,1.4806711673736572,256.0
3382,1e-05,0.34458230000018375,0.03900400805287063,0.018842138083917753,0.18013708922080696,1,2.7397072315216064,256.0
3383,1e-05,0.3439507000002777,0.018873554305173457,0.016249783736254488,0.03723995084874332,1,1.0667723417282104,256.0
3384,1e-05,0.34351219999734894,0.05026059498777613,0.025484345986374786,0.2236943292664364,1,2.124483108520508,256.0
3385,1e-05,0.34290629999668454,0.02773643797263503,0.015407683527363198,0.11403771681943908,1,0.9944851994514465,256.0
3386,1e-05,0.3430115000010119,0.026892803027294576,0.018849768143679415,0.0831940493080765,1,1.3687552213668823,256.0
3387,1e-05,0.34419550000166055,0.04355215060058981,0.014560092939063907,0.2464965586841572,1,3.051788330078125,256.0
3388,1e-05,0.3423588000005111,0.04298620251938701,0.018835845469896282,0.21203870442695916,1,1.8898121118545532,256.0
3389,1e-05,0.34451930000068387,0.04595059307757765,0.015828372444957495,0.2568061405327171,1,2.168879508972168,256.0
3390,1e-05,0.34320630000001984,0.015274752164259553,0.008260142989456654,0.06437701264076168,1,1.0875900983810425,256.0
3391,1e-05,0.3423084000023664,0.05697161867283285,0.015376654021175844,0.34813637868501246,1,6.056457042694092,256.0
3392,1e-05,0.34248719999959576,0.03275050030788407,0.010373706397201334,0.18938807069207542,1,1.5975394248962402,256.0
3393,1e-05,0.34498359999997774,0.021360530925448984,0.012596305692568421,0.08271010813768953,1,1.687630534172058,256.0
3394,1e-05,0.3430186999976286,0.023760149837471545,0.015370670107326337,0.0824865170288831,1,1.942749261856079,256.0
3395,1e-05,0.3456512999982806,0.019960592791903764,0.014765572068946702,0.05632573724142276,1,1.0267854928970337,256.0
3396,1e-05,0.34313050000127987,0.03149937005946413,0.022200838263545717,0.09658909222343937,1,1.3666565418243408,256.0
3397,1e-05,0.3424019000012777,0.027225388505030423,0.01693851999672396,0.09923346966388635,1,1.3777589797973633,256.0
3398,1e-05,0.34476899999935995,0.04853367758914828,0.022980190747018372,0.22740809270180762,1,1.824015736579895,256.0
3399,1e-05,0.3445087000000058,0.03297170239966363,0.016010696001883064,0.151698740588472,1,2.9617083072662354,256.0
3400,1e-05,0.3427058000015677,0.049149757251143456,0.010114400048873253,0.32239724474493414,1,1.5599901676177979,256.0
3401,1e-05,0.3446269999985816,0.025971174705773592,0.012528616935014725,0.12006907895556651,1,1.2550777196884155,256.0
3402,1e-05,0.34470499999952153,0.02659255056641996,0.018321787672383443,0.08448788881651126,1,1.072746753692627,256.0
3403,1e-05,0.3485564999973576,0.05221843591425568,0.026915204112551043,0.22934104643354658,1,1.6610989570617676,256.0
3404,1e-05,0.34407459999783896,0.03421374718891457,0.01592436499361481,0.16223942121723667,1,1.7266684770584106,256.0
3405,1e-05,0.343600799998967,0.016319171525537968,0.011051144450902939,0.05319536224124022,1,1.03483247756958,256.0
3406,1e-05,0.3517407000035746,0.06057395332027227,0.01486436344150986,0.3805410753848264,1,4.187612533569336,256.0
3407,1e-05,0.3465780000005907,0.0283530717715621,0.022726763472227112,0.06773722512298264,1,1.5271743535995483,256.0
3408,1e-05,0.3481398000003537,0.23368714307434857,0.014065731383327926,1.7710369160631672,1,8.634522438049316,256.0
3409,1e-05,0.3465095999999903,0.036790739628486335,0.014064392207988672,0.19587518379557878,1,2.6603782176971436,256.0
3410,1e-05,0.3462282000000414,0.14261316589545459,0.016789797959583148,1.0233767342288047,1,6.518404483795166,256.0
3411,1e-05,0.34658029999991413,0.024343402474187315,0.014444391043590648,0.09363647532882169,1,2.22619366645813,256.0
3412,1e-05,0.34980559999894467,0.030068809632211924,0.018977443554571698,0.10770837648306042,1,2.5234222412109375,256.0
3413,1e-05,0.34421309999743244,0.040067283262033015,0.010241899572845017,0.24884497266612016,1,1.2521672248840332,256.0
3414,1e-05,0.3444822000019485,0.0518177947960794,0.017395516990550926,0.29277373768854886,1,1.8499726057052612,256.0
3415,1e-05,0.345490300001984,0.020721846260130405,0.011395854343261038,0.0860037924721837,1,1.4781242609024048,256.0
3416,1e-05,0.3442451000009896,0.05158791382564232,0.01847667739327465,0.28336657548788935,1,5.43062686920166,256.0
3417,1e-05,0.3457875999993121,0.02160963148344308,0.015025087698761905,0.06770143879111856,1,1.2697408199310303,256.0
3418,1e-05,0.34488580000106595,0.038801224320195615,0.018826670944690704,0.17862310726195574,1,1.8221906423568726,256.0
3419,1e-05,0.3443364000013389,0.04162750160321593,0.015528609044849873,0.2243197561474517,1,1.8089512586593628,256.0
3420,1e-05,0.34529680000196095,0.017790485406294465,0.013359014210956437,0.04881078341713874,1,1.0911036729812622,256.0
3421,1e-05,0.34435259999736445,0.03940458508441225,0.009969682632280248,0.245448891306296,1,3.476130247116089,256.0
3422,1e-05,0.34562430000005406,0.05724461330100894,0.02611510641872883,0.27515116799622774,1,2.5159173011779785,256.0
3423,1e-05,0.34334839999792166,0.023346050875261426,0.009806108860565084,0.1181256421841681,1,1.397081732749939,256.0
3424,1e-05,0.36322110000037355,0.02412377018481493,0.017220005060413053,0.07245013065403327,1,1.7622148990631104,256.0
3425,1e-05,0.3442399999985355,0.03131527896039188,0.01593991249267544,0.1389428442089411,1,2.4970130920410156,256.0
3426,1e-05,0.34363000000303145,0.03949233831372112,0.009282508798475777,0.2509611470159143,1,2.429666042327881,256.0
3427,1e-05,0.3439832000003662,0.024386875506024808,0.012728218854005848,0.10599747902597301,1,1.4614245891571045,256.0
3428,1e-05,0.3440738000026613,0.0183794426266104,0.010609752432044064,0.07276727422140539,1,3.227933406829834,256.0
3429,1e-05,0.34381930000017746,0.02990158530883491,0.015170977983091558,0.13301584008149803,1,2.537644863128662,256.0
3430,1e-05,0.34407889999783947,0.027686553774401546,0.011274151637085847,0.14257336989976466,1,1.6350817680358887,256.0
3431,1e-05,0.34332830000130343,0.0557639233302325,0.013176428287156991,0.35387637407984585,1,5.443591117858887,256.0
3432,1e-05,0.34443929999906686,0.045766230672597885,0.017557885763900622,0.2432246520766057,1,2.2923405170440674,256.0
3433,1e-05,0.3437570999994932,0.05595478822942823,0.01347804521875722,0.3532919817662332,1,2.2623167037963867,256.0
3434,1e-05,0.3440477000003739,0.019540111534297466,0.009123497243438448,0.09245641157031059,1,2.146389961242676,256.0
3435,1e-05,0.3449228999998013,0.020210326765663922,0.012083016535533326,0.07710149401100352,1,1.2099252939224243,256.0
3436,1e-05,0.3431004000012763,0.02029844163917005,0.009642123643841063,0.09489267342723906,1,2.082256555557251,256.0
3437,1e-05,0.3443669999978738,0.042283871909603477,0.014412805770656891,0.23738133173901588,1,2.8594744205474854,256.0
3438,1e-05,0.34390820000044187,0.01814207900315523,0.013583602250686713,0.05005141571746208,1,1.0275001525878906,256.0
3439,1e-05,0.3431168000024627,0.07857969799079001,0.017824104421639016,0.5038688562926836,1,8.514558792114258,256.0
3440,1e-05,0.34349699999802397,0.027179547119885683,0.01136395740987999,0.13788867939729244,1,1.3355311155319214,256.0
3441,1e-05,0.34400710000045365,0.02753020287491381,0.018112973842237676,0.0934508026111871,1,2.2023351192474365,256.0
3442,1e-05,0.3437516999983927,0.02122571412473917,0.01638846884348563,0.05508643708890304,1,1.29527747631073,256.0
3443,1e-05,0.34362480000345386,0.031554222223348916,0.011567315785214305,0.17146256018895656,1,2.260225534439087,256.0
3444,1e-05,0.3442278999973496,0.11902998900040984,0.019347126595675945,0.8168100453913212,1,6.127197265625,256.0
3445,1e-05,0.34456109999882756,0.03265903645660728,0.012161256612411566,0.1761434928048402,1,1.9414857625961304,256.0
3446,1e-05,0.34352539999963483,0.04964593629119918,0.014424387631671769,0.29619678389281034,1,3.4027984142303467,256.0
3447,1e-05,0.34328459999960614,0.019379658857360482,0.009432735919420208,0.08900812017964199,1,1.7206370830535889,256.0
3448,1e-05,0.3437804999994114,0.014831459673587233,0.00940813310444355,0.052794745221035555,1,0.9332080483436584,256.0
3449,1e-05,0.34346820000064326,0.022986073628999293,0.012170878704637289,0.09869243229695712,1,1.418114185333252,256.0
3450,1e-05,0.344692100003158,0.02926486622891389,0.010143867461010814,0.1631118720442828,1,2.6448357105255127,256.0
3451,1e-05,0.3435081999996328,0.026315674476791173,0.019540266233629415,0.07374353808700107,1,1.4523428678512573,256.0
3452,1e-05,0.34342589999869233,0.04275018279440701,0.017643811447279795,0.21849477081559598,1,1.9580217599868774,256.0
3453,1e-05,0.34293519999846467,0.046361449640244246,0.013939483290804284,0.27331521559972316,1,2.443498134613037,256.0
3454,1e-05,0.3439519999992626,0.028629812877625227,0.01766187245292323,0.10540539934299886,1,1.749639630317688,256.0
3455,1e-05,0.3433937000008882,0.018687199102714658,0.010869368811004929,0.07341200765222311,1,1.3019379377365112,256.0
3456,1e-05,0.3429608000005828,0.0354479500092566,0.015937284100800753,0.17202261369675398,1,1.8281532526016235,256.0
3457,1e-05,0.3442034999970929,0.025099878199398518,0.017128806561231613,0.08089738275157288,1,0.831445038318634,256.0
3458,1e-05,0.3430189999999129,0.05402476154267788,0.014156411534973554,0.33310320688178763,1,3.7504022121429443,256.0
3459,1e-05,0.34413710000080755,0.033042820112314075,0.012756499594875745,0.175047067576088,1,1.8087592124938965,256.0
3460,1e-05,0.3437893000009353,0.041738130850717425,0.012761937653911965,0.24457149172667414,1,3.7030680179595947,256.0
3461,1e-05,0.34352209999997285,0.03318317444063723,0.018101119436323643,0.13875755248591304,1,1.24187171459198,256.0
3462,1e-05,0.34366449999652104,0.033859046758152544,0.012531782566968883,0.1831498823594302,1,2.0135488510131836,256.0
3463,1e-05,0.3431230999995023,0.032994174282066524,0.013580288272351027,0.16889136857935227,1,1.9317612648010254,256.0
3464,1e-05,0.34288199999718927,0.022231830866076052,0.016750546172261238,0.06060082228214014,1,1.4019285440444946,256.0
3465,1e-05,0.34392730000035954,0.06793129874859005,0.01873685040378145,0.4122924115508795,1,1.9497483968734741,256.0
3466,1e-05,0.3432680000005348,0.030569287831895053,0.017477019423885003,0.12221517000580207,1,1.6655510663986206,256.0
3467,1e-05,0.34482240000215825,0.038623770873527974,0.01031446922570467,0.2367888855515048,1,2.0425500869750977,256.0
3468,1e-05,0.34482850000131293,0.024107787990942597,0.01783553883433342,0.06801353360060602,1,1.7039498090744019,256.0
3469,1e-05,0.3435205000023416,0.030455853324383497,0.01581010634877852,0.13297608809079975,1,1.4603756666183472,256.0
3470,1e-05,0.3426486999996996,0.05573555070441216,0.015879560228703276,0.33472747378982604,1,1.847691297531128,256.0
3471,1e-05,0.3434488000020792,0.033885731478221714,0.011659278334783656,0.18947089597349986,1,1.1152652502059937,256.0
3472,1e-05,0.3436211000007461,0.04237083939369768,0.018076791361506497,0.2124291734653525,1,2.9796385765075684,256.0
3473,1e-05,0.3438395000011951,0.13875710335560143,0.02489311494199293,0.9358050481459941,1,7.814959526062012,256.0
3474,1e-05,0.34455440000238013,0.03133146767504513,0.020344582120222703,0.108239671215415,1,2.285426139831543,256.0
3475,1e-05,0.34352279999802704,0.030042710481211543,0.02018152004373925,0.09907104389276356,1,1.5325506925582886,256.0
3476,1e-05,0.3425262999990082,0.030615535797551274,0.018071090004273822,0.11842666610027663,1,1.511423945426941,256.0
3477,1e-05,0.344338400002016,0.03055830195080489,0.017582335775452002,0.12139006715733558,1,1.4608832597732544,256.0
3478,1e-05,0.3432576000013796,0.024816204502712935,0.0167934373353741,0.08097557721703197,1,1.3156907558441162,256.0
3479,1e-05,0.34303429999999935,0.04428054904565215,0.016328340263238976,0.23994601789308945,1,2.9069764614105225,256.0
3480,1e-05,0.3437539000005927,0.03132437833119184,0.014151911650385176,0.15153165045194328,1,2.242783308029175,256.0
3481,1e-05,0.3433313999994425,0.016928212251514196,0.014391966430204255,0.03468193524167873,1,1.0218701362609863,256.0
3482,1e-05,0.34289780000108294,0.026321480341721326,0.01640846354088613,0.09571260048051045,1,1.2504545450210571,256.0
3483,1e-05,0.34423529999912716,0.0480893260682933,0.013915302664307612,0.2873075064853765,1,1.52225923538208,256.0
3484,1e-05,0.34497639999972307,0.05298014893196523,0.012560082765828286,0.33592064038384706,1,2.4965784549713135,256.0
3485,1e-05,0.343253499999264,0.02389943931484595,0.0119548668153584,0.10751144593814388,1,2.5355868339538574,256.0
3486,1e-05,0.3449123000027612,0.018030148930847645,0.008511830387370927,0.08465838176198304,1,1.3008602857589722,256.0
3487,1e-05,0.3430769999977201,0.0319220075616613,0.01067762026962425,0.1806327289086056,1,1.655206561088562,256.0
3488,1e-05,0.3432519999987562,0.02598819590639323,0.011038884886407427,0.13063337140192743,1,1.0431571006774902,256.0
3489,1e-05,0.3446875999979966,0.04472063668072224,0.01609575834923557,0.245094787562266,1,2.4364681243896484,256.0
3490,1e-05,0.3431676999971387,0.022073249565437436,0.013349292001553945,0.08314095821697265,1,1.270609974861145,256.0
3491,1e-05,0.3429025000004913,0.018953282909933478,0.011414634479608918,0.07172381842974573,1,0.7993014454841614,256.0
3492,1e-05,0.3448379000001296,0.022037759656086564,0.014423383932028497,0.0753383934206795,1,1.6741381883621216,256.0
3493,1e-05,0.34310439999899245,0.01479696825845167,0.009402009658515453,0.05256167892366648,1,1.1595454216003418,256.0
3494,1e-05,0.3437037000003329,0.020502892788499594,0.009978739943887507,0.09417196875438094,1,1.1790987253189087,256.0
3495,1e-05,0.34347989999878337,0.041163400863297284,0.014225264079868793,0.22973036018083803,1,2.6414332389831543,256.0
3496,1e-05,0.34380009999949834,0.04012518469244242,0.01114598152759884,0.24297961045522243,1,3.6579957008361816,256.0
3497,1e-05,0.3441410999985237,0.0230023548938334,0.016734965278634002,0.0668740814726334,1,1.8157063722610474,256.0
3498,1e-05,0.3434183999997913,0.021951913135126233,0.010139241548521178,0.10464061994571239,1,2.453227996826172,256.0
3499,1e-05,0.34450569999899017,0.02526859927456826,0.02209897492347019,0.0474559712165501,1,1.2025822401046753,256.0
3500,1e-05,0.34396080000078655,0.03161913913208991,0.012445590359025769,0.16583397769136354,1,1.5126280784606934,256.0
3501,1e-05,0.3621516999992309,0.032721544965170324,0.018745482633156434,0.13055398568394594,1,1.5973082780838013,256.0
3502,1e-05,0.34649979999812786,0.020558237796649337,0.012363821334604706,0.07791915338020772,1,1.7892647981643677,256.0
3503,1e-05,0.343409299999621,0.04004794196225703,0.012237248809209891,0.23472278361441568,1,3.125202178955078,256.0
3504,1e-05,0.34387900000001537,0.019928941619582474,0.014396807444947106,0.05865387958328938,1,1.1298127174377441,256.0
3505,1e-05,0.34386799999992945,0.022392349550500512,0.00820302457681724,0.12171762448269874,1,2.365535259246826,256.0
3506,1e-05,0.34322230000179843,0.03232102293986827,0.021235095004418066,0.10992251511197537,1,2.213561534881592,256.0
3507,1e-05,0.34366180000142776,0.06147751916432753,0.01036161630015288,0.41928888368420303,1,2.402324676513672,256.0
3508,1e-05,0.34326339999824995,0.018130046199075878,0.013177674563069428,0.05279665055786609,1,0.963680624961853,256.0
3509,1e-05,0.3432753999986744,0.04113884293474257,0.010169338235365493,0.2579253731673816,1,2.523932456970215,256.0
3510,1e-05,0.34380719999899156,0.03386540414066985,0.014128797953682286,0.17202164549962617,1,1.346686601638794,256.0
3511,1e-05,0.3436229999970237,0.02202707959804684,0.013698124260242497,0.08032976071990561,1,1.3805116415023804,256.0
3512,1e-05,0.3443169000020134,0.022879175725392997,0.010101812426000834,0.11232072080019861,1,1.339350700378418,256.0
3513,1e-05,0.34340789999987464,0.026614889036864042,0.009056981320359878,0.1495202461082954,1,1.8192983865737915,256.0
3514,1e-05,0.34342060000199126,0.020476520294323564,0.013773922276284014,0.06739470828688354,1,1.05099618434906,256.0
3515,1e-05,0.34356860000116285,0.05280812212731689,0.012950417253055744,0.3318120582262054,1,1.8341466188430786,256.0
3516,1e-05,0.3434894999991229,0.021864673704840243,0.012305872913982187,0.0887762806378305,1,1.6498723030090332,256.0
3517,1e-05,0.345199399998819,0.02923335589002818,0.010764151612030608,0.1585177739179926,1,1.7211260795593262,256.0
3518,1e-05,0.34524680000322405,0.038923346903175116,0.015936310536095073,0.19983261257584672,1,1.8038944005966187,256.0
3519,1e-05,0.3441812999990361,0.019372113049030304,0.012117160850071482,0.07015678100287914,1,1.7089152336120605,256.0
3520,1e-05,0.3432482999996864,0.029887208889704198,0.01820151338220707,0.11168707528850064,1,2.325888156890869,256.0
3521,1e-05,0.34365600000091945,0.014808731386438012,0.011146135029516049,0.04044690681621432,1,0.8649275302886963,256.0
3522,1e-05,0.3442568999998912,0.02752688410691917,0.021063511525946006,0.07277049036929384,1,2.413106679916382,256.0
3523,1e-05,0.34353510000073584,0.03365275065880269,0.012702343453254019,0.18030559248290956,1,3.2983994483947754,256.0
3524,1e-05,0.34369860000151675,0.03365090361330658,0.01621791846784098,0.15568179020192474,1,1.9939348697662354,256.0
3525,1e-05,0.35228660000211676,0.03852024883963168,0.01404787799609559,0.20982685592025518,1,1.854759931564331,256.0
3526,1e-05,0.3476176000003761,0.02768639230635017,0.012932497542351484,0.13096366391982883,1,2.8183867931365967,256.0
3527,1e-05,0.3435988000019279,0.03997011377941817,0.010893150299255337,0.24350885290186852,1,3.4274418354034424,256.0
3528,1e-05,0.34420870000030845,0.01723089994629845,0.01491244902302112,0.03346005326602608,1,0.926491916179657,256.0
3529,1e-05,0.34512739999991027,0.02370492764748633,0.008165212447888084,0.13248294001095928,1,1.5347086191177368,256.0
3530,1e-05,0.3432379999976547,0.03344296384602785,0.01150547806173563,0.1870053536258638,1,1.9024020433425903,256.0
3531,1e-05,0.34439170000041486,0.03236825158819556,0.015419047325849533,0.15101267985301092,1,1.8730484247207642,256.0
3532,1e-05,0.34380590000000666,0.028333463589660823,0.012405084379549538,0.13983211637241766,1,1.9390627145767212,256.0
3533,1e-05,0.3427626999982749,0.0156868253252469,0.01116860771019544,0.047314350900705904,1,0.925906777381897,256.0
3534,1e-05,0.34380599999713013,0.04771067114779726,0.02527396134766085,0.20476765600324143,1,2.1075081825256348,256.0
3535,1e-05,0.3440775000017311,0.037584531120955944,0.01089907846679645,0.22438270051497966,1,1.6549252271652222,256.0
3536,1e-05,0.34425539999938337,0.02902731962967664,0.01170061295852065,0.15031426562927663,1,1.3192492723464966,256.0
3537,1e-05,0.34405270000206656,0.03613117053464521,0.012075417475508792,0.20452144258888438,1,2.0955350399017334,256.0
3538,1e-05,0.3455028999997012,0.017845900496467948,0.014154622796922922,0.04368484648875892,1,1.0440096855163574,256.0
3539,1e-05,0.34387599999899976,0.03218773182015866,0.013887515158525534,0.16028925206046551,1,3.1737637519836426,256.0
3540,1e-05,0.3435289999979432,0.06645279214717448,0.014070621359028987,0.4331279986654408,1,3.3251349925994873,256.0
3541,1e-05,0.3432412000001932,0.03117908607237041,0.009854362412754978,0.18045215916936286,1,2.1399986743927,256.0
3542,1e-05,0.3423248999970383,0.02866097673540935,0.012713910013969456,0.14029044839116978,1,1.5026049613952637,256.0
3543,1e-05,0.34526199999891105,0.10278229578398168,0.009681188834032841,0.7544900625944138,1,4.035693168640137,256.0
3544,1e-05,0.3445518999978958,0.05039644613862038,0.016102635634264777,0.2904531074455008,1,1.7156941890716553,256.0
3545,1e-05,0.3427153000011458,0.023750509601086378,0.011993165926209517,0.10605191509239376,1,2.1055996417999268,256.0
3546,1e-05,0.3449153000001388,0.03622446767985821,0.011434706526675395,0.20975279505364597,1,1.6352331638336182,256.0
3547,1e-05,0.3442247999992105,0.03631900646723807,0.013001334853470325,0.19954270822927356,1,2.6723544597625732,256.0
3548,1e-05,0.3445771999977296,0.033704119734466076,0.012306415475904942,0.18348805524874479,1,2.8651089668273926,256.0
3549,1e-05,0.34460369999942486,0.03662921825889498,0.012108731549233198,0.20827262056991458,1,1.5210976600646973,256.0
3550,1e-05,0.34376440000050934,0.03756309550954029,0.0095993548498622,0.23330925882328302,1,3.0645694732666016,256.0
3551,1e-05,0.3429943999981333,0.026814363664016128,0.020170587580651045,0.07332079912885092,1,1.5365872383117676,256.0
3552,1e-05,0.34630770000148914,0.01927704003173858,0.014606695422636611,0.05196945217176108,1,1.2119072675704956,256.0
3553,1e-05,0.36522100000001956,0.019950901507399976,0.009352457643087422,0.09414000832475722,1,1.3353559970855713,256.0
3554,1e-05,0.34492450000107056,0.022076777298934758,0.009532613945858819,0.10988591919158353,1,1.9540103673934937,256.0
3555,1e-05,0.34379809999882127,0.0255603643017821,0.015879363752901554,0.09332736839132849,1,1.2490555047988892,256.0
3556,1e-05,0.34316369999942253,0.025148758140858263,0.012178505105631692,0.11594053090084344,1,1.495831847190857,256.0
3557,1e-05,0.34308489999966696,0.02848378475755453,0.013868685213050671,0.1307894792407751,1,1.7597002983093262,256.0
3558,1e-05,0.34526150000237976,0.027310973731800914,0.008429887904120343,0.159478574852983,1,1.5719164609909058,256.0
3559,1e-05,0.342969000001176,0.037675108294934034,0.014602864094610726,0.19918081947798782,1,1.5041067600250244,256.0
3560,1e-05,0.3431826000014553,0.03072568739298731,0.014843624018664871,0.1419001313188346,1,1.504954218864441,256.0
3561,1e-05,0.34484360000351444,0.01957391493488103,0.01683497448850955,0.03874649744830094,1,0.9114962816238403,256.0
3562,1e-05,0.34387989999959245,0.03887439507525414,0.011144740373960562,0.2329819775186479,1,2.6868369579315186,256.0
3563,1e-05,0.34332119999817223,0.02235095831565559,0.010671063991529601,0.10411021241452545,1,1.8922611474990845,256.0
3564,1e-05,0.34471250000206055,0.03419770672917366,0.017920916467638954,0.14813523129805617,1,2.233304977416992,256.0
3565,1e-05,0.34337539999978617,0.05457297118846327,0.013213056538786207,0.3440924051683396,1,1.4934452772140503,256.0
3566,1e-05,0.34387080000306014,0.0690779397264123,0.013472334614821843,0.4583171821432188,1,2.849234104156494,256.0
3567,1e-05,0.3444744000007631,0.023211466323118657,0.019786770255970105,0.04718433358357288,1,1.6966552734375,256.0
3568,1e-05,0.3426668000029167,0.024164258036762476,0.010101567122286983,0.12260308780241758,1,0.7807950973510742,256.0
3569,1e-05,0.3432400999990932,0.03949502622708678,0.01427815984269338,0.21601308387471363,1,2.049609661102295,256.0
3570,1e-05,0.3437137000000803,0.01762403780594468,0.01548086918358292,0.03262621897738427,1,1.6205495595932007,256.0
3571,1e-05,0.3421658000006573,0.021254623599816114,0.014189575665763446,0.07070995880349074,1,0.7445012331008911,256.0
3572,1e-05,0.3426319999998668,0.034927425906062126,0.014457254404468196,0.17821863759309053,1,2.266038656234741,256.0
3573,1e-05,0.34374749999915366,0.030062630656175315,0.016625065489539077,0.12412558571668342,1,1.724714756011963,256.0
3574,1e-05,0.34230400000160444,0.016036794404499233,0.010257936614964689,0.05648879747604951,1,1.1786242723464966,256.0
3575,1e-05,0.3451195000016014,0.06216039339778945,0.015886981140023897,0.38607428027899005,1,2.381243944168091,256.0
3576,1e-05,0.34581839999736985,0.019187013152986765,0.012098193035594054,0.06880875153001398,1,1.6558114290237427,256.0
3577,1e-05,0.34296879999965313,0.02426289743743837,0.012001596590770143,0.11009200103580952,1,1.8560922145843506,256.0
3578,1e-05,0.3433774999975867,0.03206716210115701,0.011662943621299096,0.17489669751375914,1,1.8060715198516846,256.0
3579,1e-05,0.34396230000129435,0.028594569652341306,0.01584445628603654,0.11784536624327302,1,1.320164680480957,256.0
3580,1e-05,0.34403329999986454,0.019706179620698094,0.013305655813642911,0.06450984717230313,1,1.3071210384368896,256.0
3581,1e-05,0.34484060000249883,0.026363508542999625,0.015213656405519162,0.10441248526331037,1,1.2223008871078491,256.0
3582,1e-05,0.3440446000022348,0.025162586709484458,0.016659128413136517,0.08468679990619421,1,1.789131760597229,256.0
3583,1e-05,0.3422957000002498,0.03735553484875709,0.02128159860149026,0.14987308881245553,1,1.8456729650497437,256.0
3584,1e-05,0.3443477000000712,0.021522197173908353,0.009208314985569035,0.10771937400568277,1,3.1069984436035156,256.0
3585,1e-05,0.34339209999961895,0.03250601561740041,0.032439020462334156,0.03297498536994681,1,1.4500471353530884,256.0
3586,1e-05,0.3433334000001196,0.028397927875630558,0.015215206093021802,0.12067698466125876,1,2.722064733505249,256.0
3587,1e-05,0.3439174999984971,0.04596061637857929,0.009254721459001303,0.30290188785875216,1,1.7853705883026123,256.0
3588,1e-05,0.34309050000229036,0.022797802230343223,0.011456231719681196,0.10218879010062665,1,2.053617000579834,256.0
3589,1e-05,0.34378880000076606,0.021781743853352964,0.012885926091777427,0.08405246603069827,1,1.510001301765442,256.0
3590,1e-05,0.3482053999978234,0.019161621923558414,0.011292697063514165,0.07424409594386816,1,1.7229633331298828,256.0
3591,1e-05,0.34334579999995185,0.04842539184028283,0.009293037666273969,0.32235186819161754,1,3.3151614665985107,256.0
3592,1e-05,0.34359050000057323,0.013962538912892342,0.009628735349646636,0.04429916015942581,1,1.0488460063934326,256.0
3593,1e-05,0.343363899999531,0.047553151031024754,0.00864055599751217,0.3199413315014681,1,2.3358447551727295,256.0
3594,1e-05,0.3439037999996799,0.015724069671705365,0.00717404527988817,0.07557424460537732,1,1.0808229446411133,256.0
3595,1e-05,0.3437783999979729,0.03602817637147382,0.009481710880728704,0.2218534531421028,1,3.161574363708496,256.0
3596,1e-05,0.343136700001196,0.02822033315896988,0.015869326357330595,0.11467738461215049,1,1.0383827686309814,256.0
3597,1e-05,0.34343599999920116,0.022195370867848396,0.012745923894856657,0.08834150472830515,1,1.2940846681594849,256.0
3598,1e-05,0.34291830000074697,0.02916357957292348,0.01062506390735507,0.158933186205104,1,1.9845207929611206,256.0
3599,1e-05,0.3435775000034482,0.026488935516681522,0.011521854371364628,0.1312584959960077,1,1.4497710466384888,256.0
3600,1e-05,0.34470130000045174,0.03837362339254469,0.01360051496885717,0.21178537188097835,1,2.801124095916748,256.0
3601,1e-05,0.3448502000028384,0.04749885969795287,0.01628902561164328,0.2659676941111684,1,3.4786996841430664,256.0
3602,1e-05,0.34422360000098706,0.015655276947654784,0.010542198816048247,0.051446827506879345,1,1.5473040342330933,256.0
3603,1e-05,0.3472373000004154,0.016963598085567355,0.00954813982493111,0.06887180614285171,1,1.7074488401412964,256.0
3604,1e-05,0.3452088999983971,0.07955500890966505,0.011054738624287503,0.5590569179039448,1,6.618797302246094,256.0
3605,1e-05,0.34356800000023213,0.0323925050906837,0.009601572096081716,0.1919290309306234,1,2.784677028656006,256.0
3606,1e-05,0.34526679999908083,0.042624223860912025,0.014483093949300902,0.23961212441372481,1,1.3257066011428833,256.0
3607,1e-05,0.3434313999969163,0.03468876890838146,0.009504620118864946,0.21097780636046082,1,2.8982038497924805,256.0
3608,1e-05,0.34367439999914495,0.02829067944549024,0.01168225406269942,0.14454965596087277,1,2.4835686683654785,256.0
3609,1e-05,0.34264690000054543,0.08729259064421058,0.01630652922072581,0.5841950364992954,1,6.311851501464844,256.0
3610,1e-05,0.3430439000003389,0.07782440027222037,0.01504840179612594,0.5172564013628289,1,4.6144843101501465,256.0
3611,1e-05,0.34377329999915673,0.05121362674981356,0.013010317892102259,0.3186367879388854,1,1.4677685499191284,256.0
3612,1e-05,0.34393359999739914,0.0661720559000969,0.011231798678636551,0.4507538467296399,1,4.365102291107178,256.0
3613,1e-05,0.3462877000019944,0.02503520983736962,0.011074518784880638,0.12276005081366748,1,1.914952039718628,256.0
3614,1e-05,0.34549580000020796,0.030938215786591172,0.010408028960227966,0.1746495293918997,1,1.6209338903427124,256.0
3615,1e-05,0.3435475000005681,0.02607756550423801,0.019852325586336,0.06965423868678045,1,1.038756012916565,256.0
3616,1e-05,0.3428558999985398,0.21088919916655868,0.015356540247531874,1.57961780205369,1,6.059377193450928,256.0
3617,1e-05,0.3458866000000853,0.029050151933915913,0.0203915982108031,0.08966002997476608,1,1.4225773811340332,256.0
3618,1e-05,0.34422039999844856,0.0165710843866691,0.011562990989269955,0.05162773746997118,1,1.73636794090271,256.0
3619,1e-05,0.343515299999126,0.044055360835045576,0.011228071924831187,0.27384639318916015,1,2.1483471393585205,256.0
3620,1e-05,0.3443793000005826,0.027841023169457912,0.010721298699666346,0.1476790925298701,1,2.355161666870117,256.0
3621,1e-05,0.3441854999982752,0.015787147218361497,0.010053552820214204,0.05592231088667177,1,0.6727416515350342,256.0
3622,1e-05,0.3433309999963967,0.05360273510450497,0.022570468817970583,0.2708286033011973,1,1.7021087408065796,256.0
3623,1e-05,0.34482479999860516,0.026729278033599257,0.011214413746659244,0.13533332955557853,1,1.6376569271087646,256.0
3624,1e-05,0.34414210000250023,0.028942266129888594,0.014235910893018757,0.13188676250865683,1,2.077301263809204,256.0
3625,1e-05,0.34244719999696827,0.037932869512587786,0.014450801203825645,0.2023073504678905,1,1.677991271018982,256.0
3626,1e-05,0.34525959999882616,0.09775510453619063,0.008837247799549783,0.7201801991905086,1,5.163410186767578,256.0
3627,1e-05,0.3435360000003129,0.028024521889165044,0.018471403113965477,0.0948963484261185,1,1.7131582498550415,256.0
3628,1e-05,0.35090000000127475,0.03229215822648257,0.02940100191959313,0.05253024741250556,1,0.95148766040802,256.0
3629,1e-05,0.3437928000021202,0.030325442785397172,0.01430544736129897,0.14246540807653219,1,1.2079272270202637,256.0
3630,1e-05,0.3436870000005001,0.030994305619969964,0.014721638523042202,0.14490297192241997,1,2.033301830291748,256.0
3631,1e-05,0.34654109999974025,0.02959626668598503,0.020643931680491993,0.09226261283038184,1,1.4742586612701416,256.0
3632,1e-05,0.34721709999939776,0.07852439535781741,0.017304955050349236,0.5070604936918244,1,3.27567982673645,256.0
3633,1e-05,0.3496665999991819,0.01703243562951684,0.013885564769485168,0.039060537645127624,1,0.955427348613739,256.0
3634,1e-05,0.3482733000018925,0.09086077171377838,0.01584987635059016,0.6159370197274256,1,7.633765697479248,256.0
3635,1e-05,0.34843220000038855,0.029405911569483578,0.012953447876498103,0.14457315811887383,1,2.7605574131011963,256.0
3636,1e-05,0.3464851999997336,0.05376105755567551,0.01920881388442857,0.2956267645349726,1,4.358593463897705,256.0
3637,1e-05,0.343640700000833,0.04503705503884703,0.010776493665097015,0.28486098535358906,1,3.2938833236694336,256.0
3638,1e-05,0.3459161999999196,0.030685234698466957,0.01312681274222476,0.15359420632012188,1,1.8737410306930542,256.0
3639,1e-05,0.344939800001157,0.02724082220811397,0.0132981486884611,0.12483953323680907,1,1.1734247207641602,256.0
3640,1e-05,0.3441367999985232,0.039057308342307806,0.017938653007149696,0.18688789382576942,1,4.563302516937256,256.0
3641,1e-05,0.34413209999911487,0.027240585652180016,0.017646622378379107,0.0943983223696705,1,1.5873785018920898,256.0
3642,1e-05,0.34259640000163927,0.04987545689800754,0.009454071421974472,0.33282515313476324,1,3.434699773788452,256.0
3643,1e-05,0.34555189999809954,0.032303105341270566,0.012165297621062823,0.173267765523633,1,1.8813458681106567,256.0
3644,1e-05,0.34365469999829656,0.023934662342071533,0.012940449374062675,0.1008941563195549,1,1.6714425086975098,256.0
3645,1e-05,0.34328699999969103,0.0486453560879454,0.023061073119086877,0.22773534117732197,1,2.7748680114746094,256.0
3646,1e-05,0.34575690000201575,0.019289452582597733,0.014055143077192562,0.05592961423099041,1,1.0960099697113037,256.0
3647,1e-05,0.34375,0.057936864090152085,0.022861595199044262,0.3034637507807929,1,3.5310795307159424,256.0
3648,1e-05,0.3442839000017557,0.048181245918385684,0.02311159943097404,0.22366876062005758,1,3.6798880100250244,256.0
3649,1e-05,0.34395320000112406,0.019236489315517247,0.015060094052127429,0.04847125755622983,1,1.2789994478225708,256.0
3650,1e-05,0.3430941000005987,0.03974315000232309,0.015624584297516517,0.20857310414430685,1,2.436917781829834,256.0
3651,1e-05,0.34321189999900525,0.030976910144090652,0.012900325735764844,0.15751300298143178,1,1.1994810104370117,256.0
3652,1e-05,0.34343259999877773,0.03003567678388208,0.018620723326291357,0.10994034474424552,1,0.9961478114128113,256.0
3653,1e-05,0.3428429000014148,0.01648958562873304,0.010812508873641491,0.05622912192484364,1,1.0973737239837646,256.0
3654,1e-05,0.3434918999992078,0.043342547869542614,0.013974544492417149,0.24891856861540873,1,2.258265972137451,256.0
3655,1e-05,0.3439637000010407,0.05145861580967903,0.04127776373310813,0.12272458779625595,1,4.833435535430908,256.0
3656,1e-05,0.3452565000006871,0.0755506832501851,0.01144675025716424,0.5242782131826971,1,5.584792137145996,256.0
3657,1e-05,0.34274920000098064,0.08536394825205207,0.013968448886381728,0.5851324236718938,1,8.847719192504883,256.0
3658,1e-05,0.34475799999927403,0.019091461086645722,0.013278285241020578,0.05978369276272133,1,1.8320409059524536,256.0
3659,1e-05,0.3438661999971373,0.03860473621170968,0.016278710881514207,0.19488690688740462,1,3.0498812198638916,256.0
3660,1e-05,0.34280560000115656,0.027400120510719717,0.011875301765810167,0.13607385402428918,1,1.5966119766235352,256.0
3661,1e-05,0.34378600000127335,0.017532863654196262,0.010674406375203813,0.0655420659459196,1,1.3128913640975952,256.0
3662,1e-05,0.3469342999997025,0.055032995413057506,0.020313192225460495,0.2980716307647526,1,2.8373045921325684,256.0
3663,1e-05,0.34347889999844483,0.06072053941898048,0.019683678368372575,0.3479785677045584,1,3.029618978500366,256.0
3664,1e-05,0.34321339999951306,0.020969483884982765,0.01725279659565006,0.04698629613267258,1,2.300662040710449,256.0
3665,1e-05,0.34309550000034506,0.04044445825275034,0.01638207325179662,0.20888113945693476,1,1.4951744079589844,256.0
3666,1e-05,0.3436062000000675,0.0609394476050511,0.012264935931723033,0.40166103513911366,1,2.7527923583984375,256.0
3667,1e-05,0.3440401000007114,0.03446867479942739,0.020868980724896704,0.12966653182957089,1,1.9382712841033936,256.0
3668,1e-05,0.34491390000039246,0.026633426430635154,0.011676087842455931,0.13133480230317218,1,1.9543856382369995,256.0
3669,1e-05,0.3440425000007963,0.013890549715142697,0.01048620171578867,0.03772098626359366,1,0.955512523651123,256.0
3670,1e-05,0.343664500000159,0.025716627365909517,0.00782213160502059,0.15097809908911586,1,1.499550223350525,256.0
3671,1e-05,0.34401839999918593,0.04641519545111805,0.01819055966500725,0.2439876575622293,1,1.3593127727508545,256.0
3672,1e-05,0.3436053000004904,0.033159008249640465,0.011516432078289134,0.18465703693800606,1,1.1795144081115723,256.0
3673,1e-05,0.34373490000143647,0.020525363623164594,0.01002718461677432,0.09401261957827955,1,1.9981285333633423,256.0
3674,1e-05,0.34372070000245003,0.030250024050474167,0.015533643175980874,0.13326469174353406,1,1.5181080102920532,256.0
3675,1e-05,0.3430311000010988,0.01925029989797622,0.010096780423607146,0.08332493680063635,1,1.268294334411621,256.0
3676,1e-05,0.3445906000015384,0.01656700565945357,0.013988421365086521,0.03461709606926888,1,0.9997549653053284,256.0
3677,1e-05,0.3438252999985707,0.02073849260341376,0.009841575686420714,0.09701690886868164,1,1.637141227722168,256.0
3678,1e-05,0.34450120000110473,0.027839407208375633,0.009543068840035371,0.15591377089731395,1,2.9064435958862305,256.0
3679,1e-05,0.3436340000007476,0.024968227837234735,0.011327451560646296,0.12045366410166025,1,2.1552977561950684,256.0
3680,1e-05,0.3420909999986179,0.023353200987912714,0.01241482887417078,0.0999218025826849,1,1.1944571733474731,256.0
3681,1e-05,0.3436206999977003,0.04325276403687894,0.016580877027341297,0.22995597450062633,1,1.6474640369415283,256.0
3682,1e-05,0.34318370000255527,0.03168292884947732,0.012849230518830674,0.16351880645379424,1,1.3378286361694336,256.0
3683,1e-05,0.34485249999852385,0.016955980332568288,0.014225533165569817,0.0360691177775152,1,0.8485241532325745,256.0
3684,1e-05,0.34435579999990296,0.045216815546154976,0.01119961669402463,0.28333720145747066,1,1.6055132150650024,256.0
3685,1e-05,0.3424479999994219,0.02337643480859697,0.014462189549314124,0.08577615825925022,1,0.9774515628814697,256.0
3686,1e-05,0.34352080000098795,0.03896610450465232,0.012168493720569782,0.22654938377672806,1,3.644313097000122,256.0
3687,1e-05,0.3445895000004384,0.031726462417282164,0.018066083746297017,0.1273491018655477,1,1.5302987098693848,256.0
3688,1e-05,0.3437177999985579,0.02286277513485402,0.01097357549172427,0.10608717205468565,1,1.1896709203720093,256.0
3689,1e-05,0.34329000000070664,0.019816704676486552,0.017257043426590308,0.037734334928245516,1,1.2859227657318115,256.0
3690,1e-05,0.3439795000012964,0.12547727074706927,0.015614876922752177,0.8945139722782187,1,4.87760591506958,256.0
3691,1e-05,0.3459316000007675,0.01301720761694014,0.009937747581196683,0.03457342709589284,1,0.657458484172821,256.0
3692,1e-05,0.34383469999738736,0.06159431429114193,0.014109711229268993,0.39398653293028474,1,5.9846415519714355,256.0
3693,1e-05,0.34292590000040946,0.03439837123733014,0.013206353577386056,0.18274249153910205,1,1.4020962715148926,256.0
3694,1e-05,0.34340140000131214,0.019530685618519783,0.011821026182068246,0.07349830423481762,1,1.2639319896697998,256.0
3695,1e-05,0.3442581000017526,0.03746762406080961,0.01197162177413702,0.21593964339990634,1,1.1851519346237183,256.0
3696,1e-05,0.3441454999992857,0.018658064305782318,0.014354615472257137,0.04878220160026103,1,1.3289238214492798,256.0
3697,1e-05,0.34330229999977746,0.03278927621431649,0.012351354184959615,0.17585473525105044,1,1.9744219779968262,256.0
3698,1e-05,0.3440649999974994,0.04656285943929106,0.022832180439893688,0.2126776131335646,1,3.3520524501800537,256.0
3699,1e-05,0.34352710000166553,0.025419483485165983,0.010814911619360958,0.12765148071048316,1,1.0474740266799927,256.0
3700,1e-05,0.3439044000006106,0.02397843002108857,0.015159889257379941,0.08570821551256813,1,1.6494004726409912,256.0
3701,1e-05,0.34472189999723923,0.020500214071944356,0.015469393959002835,0.05571596045047045,1,1.5148885250091553,256.0
3702,1e-05,0.3441712000021653,0.03380982391536236,0.012308354123628564,0.184320108150132,1,2.8172659873962402,256.0
3703,1e-05,0.34786519999761367,0.021938446268904954,0.007801219654668655,0.12089903399282775,1,1.1637518405914307,256.0
3704,1e-05,0.342938800000411,0.04870941233821213,0.014155444423002856,0.29058716929284856,1,1.8771649599075317,256.0
3705,1e-05,0.3440216999988479,0.016761471226345748,0.010719815102804984,0.05905306420754641,1,0.9669276475906372,256.0
3706,1e-05,0.3447429000007105,0.02127734967507422,0.014970762921231133,0.06542345142224804,1,1.1056617498397827,256.0
3707,1e-05,0.3428411999993841,0.04071264888625592,0.012042729516646691,0.24140207818709314,1,2.7283170223236084,256.0
3708,1e-05,0.34377500000118744,0.025025086710229516,0.012183022918179631,0.11491953860968351,1,1.138637900352478,256.0
3709,1e-05,0.3441731000020809,0.022167677816469222,0.011739178161535944,0.09516717959195375,1,1.0691781044006348,256.0
3710,1e-05,0.34321649999765214,0.021813672792632133,0.007401211020935859,0.12270090889069252,1,1.0238465070724487,256.0
3711,1e-05,0.34378510000169626,0.01487372547853738,0.015467903343960643,0.010714479569287505,1,0.5212228894233704,256.0
3712,1e-05,0.3446610999999393,0.0183527713525109,0.008217504514115197,0.0892996359616518,1,1.3854682445526123,256.0
3713,1e-05,0.3441899999997986,0.026476126513443887,0.012299760444355863,0.12571070084231906,1,1.9642940759658813,256.0
3714,1e-05,0.3440292999985104,0.09867638238938525,0.017966817332697765,0.6636433673556894,1,4.208204746246338,256.0
3715,1e-05,0.3449502000003122,0.04651415138505399,0.02407252588974578,0.20360553247155622,1,4.1546831130981445,256.0
3716,1e-05,0.34367869999914546,0.03032483096467331,0.013567260732608182,0.14762782148318365,1,3.485013961791992,256.0
3717,1e-05,0.34319569999934174,0.02449580020038411,0.009755214011030537,0.12767989590065554,1,1.0675231218338013,256.0
3718,1e-05,0.34516269999949145,0.024496615049429238,0.015213000188980783,0.08948192012030631,1,1.2613946199417114,256.0
3719,1e-05,0.34475920000113547,0.021391952293924987,0.018007978198251555,0.045079769333824515,1,1.5388652086257935,256.0
3720,1e-05,0.34411220000038156,0.01850427221506834,0.012438513870750154,0.0609645749500487,1,0.9703025221824646,256.0
3721,1e-05,0.34423830000014277,0.05467237101402134,0.014608073580477918,0.335122438846156,1,4.353070259094238,256.0
3722,1e-05,0.3485624999993888,0.026420715439599007,0.009458585775324277,0.14515562291489914,1,2.7779510021209717,256.0
3723,1e-05,0.3438783000019612,0.02836720016784966,0.01320323338066893,0.1345149662811309,1,1.123037338256836,256.0
3724,1e-05,0.3452806999994209,0.02257577155251056,0.01569660466962627,0.0707299406058155,1,0.8403533697128296,256.0
3725,1e-05,0.3450576000032015,0.042615910817403346,0.009946666159001845,0.2713006144622341,1,3.473059892654419,256.0
3726,1e-05,0.34327720000146655,0.03273747302591801,0.015667043094124113,0.15223048406187445,1,1.6086475849151611,256.0
3727,1e-05,0.34484410000004573,0.019259097171016037,0.016057652620864764,0.041669213911518455,1,1.1235918998718262,256.0
3728,1e-05,0.3429915000015171,0.02252732153283432,0.013210782980812448,0.08774309264845215,1,1.1542199850082397,256.0
3729,1e-05,0.3442389000010735,0.03036641061771661,0.013996758897389685,0.14495397498831153,1,1.5100301504135132,256.0
3730,1e-05,0.34343900000021677,0.022498298319987953,0.01653987541794777,0.06420725652060355,1,1.500754952430725,256.0
3731,1e-05,0.34272469999996247,0.014081732486374676,0.010506066028028727,0.03911139606498182,1,0.7484242916107178,256.0
3732,1e-05,0.34414340000148513,0.027379674487747252,0.015250051061489753,0.11228703078813851,1,1.2736493349075317,256.0
3733,1e-05,0.3437789999989036,0.04563580313697457,0.014003880654594727,0.2670592669164762,1,1.7883542776107788,256.0
3734,1e-05,0.3443101000011666,0.029952552111353725,0.01792270563808935,0.11416147561976686,1,0.9613226056098938,256.0
3735,1e-05,0.34496860000217566,0.0680193800944835,0.02160871068813971,0.39289405741146766,1,3.914430856704712,256.0
3736,1e-05,0.34535020000112127,0.032817206578329206,0.017810181847640445,0.13786638365127146,1,1.3989938497543335,256.0
3737,1e-05,0.34332830000130343,0.03653182042762637,0.021302149032375643,0.14313952904194593,1,2.6446237564086914,256.0
3738,1e-05,0.3438583999995899,0.12110374332405627,0.008020798276577677,0.9126843675039709,1,4.373537540435791,256.0
3739,1e-05,0.34346720000030473,0.05383273825282231,0.020721574646553824,0.285610890830867,1,2.3244118690490723,256.0
3740,1e-05,0.3439797000028193,0.020843701786361635,0.015314984268375806,0.05954472051234916,1,2.514406204223633,256.0
3741,1e-05,0.34348229999886826,0.02902683720458299,0.01197182438668928,0.148411932244926,1,1.1418845653533936,256.0
3742,1e-05,0.34357160000217846,0.023589105578139424,0.011985029626105512,0.10481764510041103,1,1.8479284048080444,256.0
3743,1e-05,0.3435122000009869,0.04832219815580174,0.013186404415007149,0.2942727494519204,1,1.5014663934707642,256.0
3744,1e-05,0.3428935999982059,0.07285584846977144,0.012439785990864038,0.49576830747537315,1,5.525781154632568,256.0
3745,1e-05,0.34422840000115684,0.05866419698577374,0.02393160673922726,0.3017923114239238,1,2.61222767829895,256.0
3746,1e-05,0.34379440000338946,0.07782898982986808,0.0178191675139325,0.4978977678983938,1,1.8061026334762573,256.0
3747,1e-05,0.34429889999955776,0.03316119941882789,0.014112177571015698,0.16650435025803745,1,1.4590234756469727,256.0
3748,1e-05,0.34668479999891133,0.029344010399654508,0.01920374283300979,0.1003258851596911,1,1.6737431287765503,256.0
3749,1e-05,0.3435552999981155,0.02843347773887217,0.01691627868318132,0.10905387415550649,1,1.8078705072402954,256.0
3750,1e-05,0.3436251999992237,0.029848049336578697,0.01545529326956187,0.1305973383714445,1,1.6978305578231812,256.0
3751,1e-05,0.34513910000168835,0.04627121868543327,0.02066678773345692,0.22550224320730194,1,3.250016212463379,256.0
3752,1e-05,0.3434190999978455,0.026055712951347232,0.016567320097237825,0.092474467062857,1,1.3885067701339722,256.0
3753,1e-05,0.3429988999996567,0.0242815317469649,0.017670428047754934,0.07055925123859197,1,1.7883614301681519,256.0
3754,1e-05,0.34488360000250395,0.05484144913498312,0.01324409552450691,0.34602294019350666,1,4.50797700881958,256.0
3755,1e-05,0.34408890000122483,0.09317968913819641,0.01157537691428193,0.6644098381511867,1,6.452863693237305,256.0
3756,1e-05,0.34282339999845135,0.05763001984450966,0.013994866849056311,0.36307606822811067,1,2.3313398361206055,256.0
3757,1e-05,0.3444512999994913,0.02719937509391457,0.020622434227594306,0.07323796185664833,1,2.641296148300171,256.0
3758,1e-05,0.3442051000020001,0.01862764375982806,0.013188045072768415,0.05670483340509236,1,1.0002890825271606,256.0
3759,1e-05,0.3425222000005306,0.032259869447443634,0.02155926271474787,0.10716411252360558,1,2.604165554046631,256.0
3760,1e-05,0.3424482000009448,0.026211102376691997,0.015775951955999647,0.09925715654389933,1,1.7369801998138428,256.0
3761,1e-05,0.34385670000119717,0.0208455411484465,0.016479965166321824,0.05140457031393453,1,1.3231536149978638,256.0
3762,1e-05,0.3436348999966867,0.04086992878001183,0.01615202865962471,0.21389523599646054,1,4.683981418609619,256.0
3763,1e-05,0.3439878999997745,0.03170556202530861,0.016582915160272802,0.1375640870537609,1,1.8953529596328735,256.0
3764,1e-05,0.3439677999995183,0.033005833509378135,0.016423771556999003,0.14908027497585863,1,2.4027931690216064,256.0
3765,1e-05,0.34330640000189305,0.021287435432896018,0.011108669452369213,0.09253880055621266,1,2.0812911987304688,256.0
3766,1e-05,0.34428250000200933,0.030968982027843595,0.012578588777354785,0.15970174156245776,1,2.264857292175293,256.0
3767,1e-05,0.34345459999894956,0.030437891255132854,0.013347554153629712,0.1500702529156115,1,2.5226776599884033,256.0
3768,1e-05,0.34355739999955404,0.03657705383375287,0.01580537256917783,0.18197882187814685,1,2.5681068897247314,256.0
3769,1e-05,0.34545540000181063,0.043366021825931966,0.010966371279209852,0.27016358240507543,1,2.7848973274230957,256.0
3770,1e-05,0.34442090000084136,0.030587154789827764,0.016706054464780858,0.12775485927704722,1,1.583024024963379,256.0
3771,1e-05,0.3433349000006274,0.019699447671882808,0.018076379783451557,0.031060920569871087,1,1.3051975965499878,256.0
3772,1e-05,0.34378990000186604,0.06862162868492305,0.012999914919159241,0.4579736217856407,1,2.650709867477417,256.0
3773,1e-05,0.3438716000018758,0.0280578073579818,0.01749630964228085,0.10198828560533002,1,1.131187915802002,256.0
3774,1e-05,0.34292879999702564,0.04442161650513299,0.010504666649337326,0.2818402656703256,1,2.663816452026367,256.0
3775,1e-05,0.3431362999981502,0.030915479990653694,0.01593506256384509,0.1357783994608326,1,2.499894380569458,256.0
3776,1e-05,0.34436859999914304,0.04133531136903912,0.011467835466776575,0.25040762731805444,1,1.6308177709579468,256.0
3777,1e-05,0.34425460000056773,0.039727058028802276,0.011903603661007114,0.2344912457629107,1,2.911620616912842,256.0
3778,1e-05,0.3443544999972801,0.018460468505509198,0.00966098698388253,0.08005683950614184,1,1.0306649208068848,256.0
3779,1e-05,0.34394220000103815,0.05405876782606356,0.01113388015489493,0.3545329952612519,1,1.8130894899368286,256.0
3780,1e-05,0.34220510000159265,0.09289832436479628,0.018232306332460473,0.6155604888917878,1,4.812177658081055,256.0
3781,1e-05,0.34372719999737456,0.03790259035304189,0.01664210549954857,0.18672598921693861,1,2.7334651947021484,256.0
3782,1e-05,0.3433986999989429,0.03986546990927309,0.0136574930511415,0.22332131408620626,1,2.676023244857788,256.0
3783,1e-05,0.3422838000005868,0.035286690457724035,0.010750712061833059,0.2070385372499004,1,1.3605108261108398,256.0
3784,1e-05,0.3452233999996679,0.027787508442997932,0.011266593688300677,0.14343390543945134,1,2.504547119140625,256.0
3785,1e-05,0.34234099999957834,0.03738339722622186,0.017089176390852247,0.1794429458095692,1,3.841026544570923,256.0
3786,1e-05,0.3426991000014823,0.053024994558654726,0.021851710176893642,0.2712379989679903,1,2.1802124977111816,256.0
3787,1e-05,0.3447004999979981,0.023430814151652157,0.00852484698407352,0.1277725885156542,1,1.7303835153579712,256.0
3788,1e-05,0.34263410000130534,0.03504106239415705,0.02096347637208445,0.13358416967093945,1,2.472827672958374,256.0
3789,1e-05,0.34342649999962305,0.030771231511607766,0.015248364037168878,0.1394312991760671,1,2.6794049739837646,256.0
3790,1e-05,0.3449153999972623,0.05035533488262445,0.014274001919797488,0.30292465881211683,1,4.255621433258057,256.0
3791,1e-05,0.3437831000010192,0.04991936433361843,0.017160125209816864,0.2792340279556811,1,1.7216273546218872,256.0
3792,1e-05,0.34255400000256486,0.029577155713923275,0.013761285027222974,0.14028824999695644,1,1.5329176187515259,256.0
3793,1e-05,0.3455462999991141,0.045494350721128285,0.0169156578901623,0.24554520146921277,1,3.1926848888397217,256.0
3794,1e-05,0.3425491999987571,0.04133361278218217,0.01128958208885576,0.25164181283616927,1,2.5195956230163574,256.0
3795,1e-05,0.34363849999863305,0.03421638545114547,0.01087522363689329,0.19760451302863657,1,1.2443329095840454,256.0
3796,1e-05,0.3438356999977259,0.018408601579722017,0.010621785119708096,0.07291631837142631,1,1.0723289251327515,256.0
3797,1e-05,0.34257679999791435,0.03968430636450648,0.015589610008256776,0.2083471892401576,1,1.3408308029174805,256.0
3798,1e-05,0.3430919000020367,0.020726945833303034,0.011872021115518041,0.08271142421290278,1,2.838534355163574,256.0
3799,1e-05,0.34442200000194134,0.014234166010282934,0.0114461448309677,0.03375031384348404,1,1.2181499004364014,256.0
3800,1e-05,0.3429065000018454,0.027721467020455748,0.012544820883444377,0.1339579924242571,1,1.7385660409927368,256.0
3801,1e-05,0.3443377000003238,0.038180224830284715,0.01189789189291852,0.2221565559739247,1,2.3548777103424072,256.0
3802,1e-05,0.3452443000023777,0.019119203556329012,0.008339142194017768,0.09457962936721742,1,1.6105996370315552,256.0
3803,1e-05,0.348170500001288,0.015788650081958622,0.009464496330890273,0.06005772579010227,1,0.9752739667892456,256.0
3804,1e-05,0.3485731000000669,0.03472620341926813,0.01669246164549674,0.1609624115662882,1,1.8598084449768066,256.0
3805,1e-05,0.34487069999886444,0.02471111051272601,0.016787726299038956,0.08017480457783677,1,1.1996713876724243,256.0
3806,1e-05,0.34357660000023316,0.03737022855784744,0.011602097190916538,0.21774714381263038,1,2.440863609313965,256.0
3807,1e-05,0.34411079999699723,0.039885733160190284,0.012395339153174843,0.23231849525836878,1,1.6667996644973755,256.0
3808,1e-05,0.3430311000010988,0.043391802872065455,0.016572843305766582,0.23112451250199229,1,3.0539462566375732,256.0
3809,1e-05,0.3440688000009686,0.0248944906052202,0.013109542296401091,0.10738912472152151,1,1.7531794309616089,256.0
3810,1e-05,0.34601069999916945,0.02638886438217014,0.013124613357441766,0.1192386195762083,1,1.1941919326782227,256.0
3811,1e-05,0.3448093000006338,0.039506195578724146,0.012781033092843634,0.22658233880065382,1,2.4023654460906982,256.0
3812,1e-05,0.34546880000198144,0.05029314593411982,0.013968358015907663,0.30456666310783476,1,4.043311595916748,256.0
3813,1e-05,0.3446572000029846,0.03241020644782111,0.011232957975672824,0.18065094854682684,1,2.3967292308807373,256.0
3814,1e-05,0.342764699998952,0.0385895922081545,0.01975702228290694,0.17041756148682907,1,2.292414903640747,256.0
3815,1e-05,0.3432915999983379,0.026057406677864492,0.014850185319249119,0.10450795362703502,1,1.414963722229004,256.0
3816,1e-05,0.344149099997594,0.026209008414298296,0.014308141877076455,0.10951507464051247,1,1.2324471473693848,256.0
3817,1e-05,0.3434999999990396,0.01871565164765343,0.009287249163857527,0.08471446915064007,1,2.1633362770080566,256.0
3818,1e-05,0.34378540000034263,0.25777954887598753,0.015260086062231235,1.9554158351384103,1,12.251363754272461,256.0
3819,1e-05,0.3448237999982666,0.031932477082591504,0.025517903667475497,0.07683448656462133,1,1.5575202703475952,256.0
3820,1e-05,0.3450970999983838,0.040552580030635,0.018437689170241356,0.1953568062162958,1,1.934069037437439,256.0
3821,1e-05,0.34380659999806085,0.027924092137254775,0.010636635241098702,0.14893628782738233,1,2.104820966720581,256.0
3822,1e-05,0.34323330000188434,0.03735571715515107,0.021484671759286096,0.14845303999027237,1,1.712517261505127,256.0
3823,1e-05,0.3482082000009541,0.03098818415310234,0.015823743971330777,0.13713926979107782,1,2.4572641849517822,256.0
3824,1e-05,0.34299989999999525,0.07346649118699133,0.014337972405233554,0.4873661128222011,1,3.5416152477264404,256.0
3825,1e-05,0.343914400000358,0.024249456240795553,0.011862262351704496,0.11095981564722024,1,2.867447853088379,256.0
3826,1e-05,0.3444253000016033,0.018008842482231557,0.016047257663948194,0.03173993882955983,1,1.494985580444336,256.0
3827,1e-05,0.3443468999976176,0.027286405325867236,0.025991738441267183,0.036349065383546986,1,1.0218729972839355,256.0
3828,1e-05,0.3435014999995474,0.02390286757145077,0.01394176749246461,0.0936305705254199,1,1.5033618211746216,256.0
3829,1e-05,0.343809500001953,0.06636521604377776,0.014902518396931035,0.4266041184164351,1,2.390110731124878,256.0
3830,1e-05,0.3434756999995443,0.030118973809294403,0.011933665456516402,0.15741614247963298,1,2.0030605792999268,256.0
3831,1e-05,0.34462969999731285,0.04519796837121248,0.02037591819784471,0.2189523297274718,1,2.08353590965271,256.0
3832,1e-05,0.34348730000056094,0.0362573959864676,0.01866711656163846,0.15938934675068595,1,2.160529613494873,256.0
3833,1e-05,0.34439190000193776,0.044781548087485135,0.012719348871282168,0.26921694417251274,1,2.406977891921997,256.0
3834,1e-05,0.3450297999988834,0.03241895162500441,0.015807738926793848,0.14869743632152677,1,1.5083361864089966,256.0
3835,1e-05,0.3439420999966387,0.0222813100554049,0.01910649479499885,0.04450501350220293,1,0.8036273717880249,256.0
3836,1e-05,0.3434839000001375,0.033586778212338686,0.013612293039581605,0.1734081644390244,1,2.3049468994140625,256.0
3837,1e-05,0.34323399999993853,0.03093103622086346,0.017031019403865293,0.12823116063373163,1,1.6497795581817627,256.0
3838,1e-05,0.3436772999993991,0.03015531355049461,0.015503685888169067,0.13271670369431376,1,1.7552276849746704,256.0
3839,1e-05,0.3422835999990639,0.05371146695688367,0.013625376857817173,0.3343140957222204,1,1.7498928308486938,256.0
3840,1e-05,0.34336830000029295,0.08114688016939908,0.01903529920881348,0.5159279269719264,1,6.0927839279174805,256.0
3841,1e-05,0.3448573000023316,0.040915470803156495,0.014736292650923133,0.2241697165882215,1,2.283986806869507,256.0
3842,1e-05,0.34269549999953597,0.029600245878100395,0.010573789676917451,0.16278544398392114,1,3.908287763595581,256.0
3843,1e-05,0.3427665999988676,0.03144373849499971,0.01657462479280574,0.13552752981195226,1,1.5109519958496094,256.0
3844,1e-05,0.34447889999864856,0.040458350675180554,0.019860128606004373,0.18464591819792986,1,1.8260202407836914,256.0
3845,1e-05,0.3427897000001394,0.02370565920136869,0.013541258671986205,0.0948564550926676,1,1.8324506282806396,256.0
3846,1e-05,0.3437852999995812,0.022266618558205664,0.014444975681336862,0.07701812572486233,1,0.8842332363128662,256.0
3847,1e-05,0.34501730000192765,0.024734340433496982,0.012161002228302615,0.11274771188618615,1,1.095210075378418,256.0
3848,1e-05,0.34359159999803524,0.038741558557376266,0.019196281409157172,0.17555851698853076,1,2.5190842151641846,256.0
3849,1e-05,0.3432974999996077,0.0555382085731253,0.013657459390482731,0.34870346734533086,1,3.374274730682373,256.0
3850,1e-05,0.3458695000008447,0.021046777488663793,0.019773834784116064,0.02995737420860678,1,1.2949347496032715,256.0
3851,1e-05,0.34311109999907785,0.039176549995318055,0.00980681719790612,0.24476468982174993,1,1.8463528156280518,256.0
3852,1e-05,0.34373860000050627,0.018653302860911936,0.009366428812167473,0.08366142375052732,1,1.0187658071517944,256.0
3853,1e-05,0.3437491999975464,0.03960592916700989,0.011325235811195202,0.23757077963091433,1,1.6308621168136597,256.0
3854,1e-05,0.3438672999982373,0.044189595559146255,0.01069695585673409,0.2786380724282935,1,4.331320762634277,256.0
3855,1e-05,0.3434531999992032,0.032487185089848936,0.019229200735156025,0.12529308040393516,1,2.169772148132324,256.0
3856,1e-05,0.34396769999875687,0.033666746225208044,0.021212105373186723,0.1208492221776396,1,1.3131970167160034,256.0
3857,1e-05,0.3427618999994593,0.021229273756034672,0.01222391682676971,0.08426677522948012,1,1.1859049797058105,256.0
3858,1e-05,0.3439390999992611,0.02673026896081865,0.009537627488108618,0.14707876136526465,1,1.7213294506072998,256.0
3859,1e-05,0.34458530000119936,0.06111907941522077,0.01581133363236274,0.3782733125553932,1,5.817134380340576,256.0
3860,1e-05,0.34391340000001946,0.031118930433876812,0.010313768505251833,0.1767550625372678,1,2.3593766689300537,256.0
3861,1e-05,0.3459671000018716,0.046598180080763996,0.019842026056721807,0.2338912367267767,1,1.5517890453338623,256.0
3862,1e-05,0.3439838999984204,0.020910635881591588,0.014498720710564936,0.06579404041985981,1,1.2375845909118652,256.0
3863,1e-05,0.34425809999811463,0.06636165094096214,0.011026944233370679,0.45370460773119703,1,3.9060027599334717,256.0
3864,1e-05,0.34370469999703346,0.02252497203880921,0.014912671875208616,0.07581107901933137,1,1.028519630432129,256.0
3865,1e-05,0.3437702999981411,0.030093524197582155,0.018608557459499155,0.11048829776700586,1,1.188271164894104,256.0
3866,1e-05,0.34344119999877876,0.016757798090111464,0.008995232970586844,0.07109575741924345,1,2.3002517223358154,256.0
3867,1e-05,0.34463010000035865,0.028259168146178126,0.012090868715729033,0.14143725513713434,1,1.3185317516326904,256.0
3868,1e-05,0.34382479999840143,0.043149141944013536,0.014860293827950954,0.24117107174970442,1,2.4313390254974365,256.0
3869,1e-05,0.34325130000070203,0.045163651811890304,0.013886778548892056,0.26410176570061594,1,2.589808702468872,256.0
3870,1e-05,0.3436355999983789,0.02334751287708059,0.011025729655687298,0.1096000008401461,1,1.7648234367370605,256.0
3871,1e-05,0.3431079000001773,0.05749372311402112,0.01054923509114555,0.3861051322892308,1,5.250817775726318,256.0
3872,1e-05,0.3429156000020157,0.020788887748494744,0.013403823532696282,0.07248433987842873,1,0.8888781070709229,256.0
3873,1e-05,0.34469580000222777,0.040932741190772504,0.014110505098610051,0.22868840576848015,1,1.9480571746826172,256.0
3874,1e-05,0.3426313999989361,0.0282529458636418,0.011146645992994308,0.14799704565666616,1,1.6903852224349976,256.0
3875,1e-05,0.3431214000011096,0.02047352711088024,0.009452209874455417,0.0976227467181161,1,0.9691528081893921,256.0
3876,1e-05,0.34380180000152905,0.03411745256744325,0.01685227014656578,0.15497372939717025,1,2.1102774143218994,256.0
3877,1e-05,0.34387210000204504,0.021740165073424578,0.014443500765732356,0.07281681828317232,1,1.063614845275879,256.0
3878,1e-05,0.34242160000212607,0.024650911276694387,0.013081547039161836,0.1056364644318819,1,0.7372151017189026,256.0
3879,1e-05,0.34525810000195634,0.05935128533747047,0.022809660993516445,0.3151426531840116,1,3.616006851196289,256.0
3880,1e-05,0.34522369999831426,0.03166341519681737,0.015762156806886196,0.14297222887398675,1,3.3065900802612305,256.0
3881,1e-05,0.3439312999980757,0.04665283253416419,0.01907017081975937,0.23973147058859468,1,1.3880888223648071,256.0
3882,1e-05,0.34471190000112983,0.03631824592594057,0.011961814880903279,0.20681326757767238,1,2.333890438079834,256.0
3883,1e-05,0.3432194000015443,0.030364580801688135,0.019377287743347033,0.10727562400279567,1,1.7871500253677368,256.0
3884,1e-05,0.3442152999996324,0.02728238166309893,0.018981411587446928,0.08538917341502383,1,2.465528964996338,256.0
3885,1e-05,0.343678599998384,0.026017189724370837,0.01370078225487045,0.11223205155692995,1,1.2493534088134766,256.0
3886,1e-05,0.343319599996903,0.05092651641461998,0.015973447722249796,0.29559801216237247,1,3.183000087738037,256.0
3887,1e-05,0.34438430000227527,0.04466465360019356,0.010691579531079956,0.28247618512250483,1,2.349724769592285,256.0
3888,1e-05,0.34467550000044866,0.021910096984356642,0.016385991791529313,0.06057883787434548,1,1.1979155540466309,256.0
3889,1e-05,0.34405450000122073,0.038548268377780914,0.019458529140268053,0.17217643820913509,1,2.0784480571746826,256.0
3890,1e-05,0.34506770000007236,0.014370933931786567,0.010438679517912013,0.04189671337371692,1,0.9302624464035034,256.0
3891,1e-05,0.34473440000147093,0.018746987159829587,0.01116143459720271,0.07184585419599898,1,1.6003082990646362,256.0
3892,1e-05,0.3441683999990346,0.020893746986985207,0.01654430651771171,0.05133982723054942,1,1.1202882528305054,256.0
3893,1e-05,0.34414579999793204,0.06013779842760414,0.02140389582408326,0.33127510578924557,1,2.360685348510742,256.0
3894,1e-05,0.343147499999759,0.03747698513325304,0.018220260672803437,0.17227406473830342,1,2.7432079315185547,256.0
3895,1e-05,0.34472399999867775,0.026069518586155027,0.01796290690877608,0.0828157974028727,1,1.7450402975082397,256.0
3896,1e-05,0.3461561000003712,0.020260228076949716,0.01719199227435248,0.04173787581385113,1,0.8571062684059143,256.0
3897,1e-05,0.3439819000013813,0.021192470099776983,0.014968170052660363,0.06476256914902478,1,1.3315203189849854,256.0
3898,1e-05,0.3704089999991993,0.018471029994543642,0.012414316946108426,0.06086801755009219,1,0.9627160429954529,256.0
3899,1e-05,0.3453482000004442,0.02838882594369352,0.015650983434170485,0.11755371070466936,1,2.3582546710968018,256.0
3900,1e-05,0.3428509000004851,0.043576589901931584,0.016459689608642032,0.23339488659985363,1,2.8400559425354004,256.0
3901,1e-05,0.3455704000007245,0.02890854445286095,0.026727870306266204,0.04417326579277869,1,1.486765742301941,256.0
3902,1e-05,0.34580860000278335,0.03992896934505552,0.01375881050314222,0.22312008624430746,1,1.334562063217163,256.0
3903,1e-05,0.347388599999249,0.0302109532058239,0.0119335863606206,0.15815251490857918,1,1.7406967878341675,256.0
3904,1e-05,0.34422320000157924,0.0729494706611149,0.01308897031205041,0.4919729713583365,1,5.767763614654541,256.0
3905,1e-05,0.34474240000054124,0.01968940725782886,0.01265724582065429,0.0689145385986194,1,1.4403589963912964,256.0
3906,1e-05,0.3434045000030892,0.02396716712974012,0.013599703687110118,0.0965394121594727,1,2.608853816986084,256.0
3907,1e-05,0.34567860000242945,0.020513906609266996,0.011799969710409641,0.08151147194439545,1,1.1947176456451416,256.0
3908,1e-05,0.343335699999443,0.02821124903857708,0.02198508960594024,0.07179436506703496,1,1.2371724843978882,256.0
3909,1e-05,0.3428299999977753,0.04398225957993418,0.01013764481259776,0.28089456888847053,1,1.6629149913787842,256.0
3910,1e-05,0.3446905000018887,0.044612867408432066,0.027141415181436708,0.1669130242880783,1,2.235694408416748,256.0
3911,1e-05,0.34286689999862574,0.041669852449558675,0.012960372692240136,0.24263620737474412,1,3.3152427673339844,256.0
3912,1e-05,0.34434849999888684,0.027933094184845686,0.016370316900845085,0.1088725364243146,1,2.259161949157715,256.0
3913,1e-05,0.34428009999828646,0.019804673618637025,0.013158711870866162,0.06632640305906534,1,2.0482866764068604,256.0
3914,1e-05,0.3434990999994625,0.047600508434697986,0.01837090083530971,0.2522077686153352,1,2.1476500034332275,256.0
3915,1e-05,0.3438943000001018,0.020079710171557963,0.015373922086187772,0.053020230086985976,1,0.8963462114334106,256.0
3916,1e-05,0.34393719999934547,0.019561383116524667,0.013304097977067744,0.06336237606592476,1,1.5914267301559448,256.0
3917,1e-05,0.3437904000020353,0.032762053539045155,0.017819719522127082,0.13735839415312512,1,2.3100783824920654,256.0
3918,1e-05,0.342866300001333,0.021738522686064243,0.014476437055106674,0.07257311837747693,1,1.688190221786499,256.0
3919,1e-05,0.3482827999978326,0.5720265945419669,0.0201858856848308,4.434911636617471,1,8.793312072753906,256.0
3920,1e-05,0.3526050000000396,0.02151063538622111,0.0108108093429889,0.09640942024998367,1,0.9046679139137268,256.0
3921,1e-05,0.3606705000020156,0.03464206587523222,0.0132755798819874,0.18420746875926852,1,2.299229621887207,256.0
3922,1e-05,0.39905220000218833,0.03918479906860739,0.025202823669782708,0.13705861783819273,1,2.7097623348236084,256.0
3923,1e-05,0.3618649000018195,0.08560849097557366,0.011805159039795399,0.6022318052127957,1,4.541227340698242,256.0
3924,1e-05,0.3626497000004747,0.03363678616005927,0.01388746905805809,0.17188200051896274,1,2.8107478618621826,256.0
3925,1e-05,0.36495040000227164,0.031703297747299075,0.013367122138983436,0.16005653148749843,1,1.146108865737915,256.0
3926,1e-05,0.3682429000000411,0.04179256345378235,0.012461082145039524,0.24711293471045792,1,4.161670684814453,256.0
3927,1e-05,0.35814639999807696,0.03554845345206559,0.017670585973454372,0.1606935235322453,1,1.9792523384094238,256.0
3928,1e-05,0.3569348999990325,0.018279029754921794,0.01030007510312966,0.07413171182270162,1,1.7624531984329224,256.0
3929,1e-05,0.3563189999986207,0.023078802798409015,0.012479707332594054,0.097272468439769,1,1.6459108591079712,256.0
3930,1e-05,0.35903849999886006,0.02422914549242705,0.01267169149858611,0.10513132056439645,1,1.564180612564087,256.0
3931,1e-05,0.37003049999839277,0.033687397139146924,0.01242267746212227,0.18254043138585985,1,1.859913945198059,256.0
3932,1e-05,0.3364801999996416,0.025916556944139302,0.012641748213874442,0.11884020501747727,1,1.0917668342590332,256.0
3933,1e-05,0.32993749999877764,0.027467011124826968,0.016749657890094177,0.10248848964693025,1,1.6201908588409424,256.0
3934,1e-05,0.3291925999983505,0.03188394848257303,0.009694081398525409,0.18721301248297095,1,2.3152055740356445,256.0
3935,1e-05,0.3312708000012208,0.022304324433207512,0.012901436604027237,0.08812455332372338,1,1.7062183618545532,256.0
3936,1e-05,0.32917620000080206,0.029384810477495193,0.017795244231820107,0.11051178257912397,1,1.1529340744018555,256.0
3937,1e-05,0.33075820000158274,0.03331393425469287,0.012888577367578233,0.1762914257706143,1,2.410004138946533,256.0
3938,1e-05,0.3296364999987418,0.019800401641987264,0.011756646912544966,0.07610667799599469,1,2.532193183898926,256.0
3939,1e-05,0.3298997000019881,0.020788189955055714,0.01529256028256246,0.05925759387901053,1,1.2174290418624878,256.0
3940,1e-05,0.333039799999824,0.02075821184553206,0.014530236167567117,0.06435404065996408,1,0.9771339893341064,256.0
3941,1e-05,0.32849870000063675,0.03197866230038926,0.029804228006729057,0.047199704800732434,1,1.7278530597686768,256.0
3942,1e-05,0.32983799999783514,0.016705514397472143,0.011797185455049788,0.051063815990346484,1,0.744739294052124,256.0
3943,1e-05,0.3300826999984565,0.05332120950333774,0.010950317173930151,0.3499174548778683,1,2.518965005874634,256.0
3944,1e-05,0.33042910000222037,0.039761986292432994,0.016834069109920944,0.2002573994686827,1,2.8257734775543213,256.0
3945,1e-05,0.33071099999870057,0.06523771886713803,0.013646146282553673,0.42637870069302153,1,2.339118242263794,256.0
3946,1e-05,0.33750510000027134,0.01684634172124788,0.014017710029812796,0.036646763008320704,1,1.331852674484253,256.0
3947,1e-05,0.3433882999997877,0.022888381383381784,0.015261731975312744,0.07627492926167179,1,2.1711158752441406,256.0
3948,1e-05,0.34475320000274223,0.017404374375473708,0.012729987768190247,0.05012508580693975,1,1.4308631420135498,256.0
3949,1e-05,0.3447000999985903,0.023498014663346112,0.012395049910992384,0.10121877078927355,1,2.004786968231201,256.0
3950,1e-05,0.34461669999654987,0.033828796935267746,0.01596566110051104,0.15887074373313226,1,2.7868969440460205,256.0
3951,1e-05,0.3437946000012744,0.032312518917024136,0.022684974995042597,0.09970532776787877,1,2.4432127475738525,256.0
3952,1e-05,0.34308859999873675,0.03821985982358456,0.016272058843501976,0.1918544583604671,1,1.6543998718261719,256.0
3953,1e-05,0.34510319999753847,0.036686825507786125,0.015543353610805102,0.18469114048639312,1,1.4622950553894043,256.0
3954,1e-05,0.3435166000017489,0.024520676350221038,0.012930901455027717,0.10564909505774267,1,1.2085503339767456,256.0
3955,1e-05,0.34313859999747365,0.04034919594414532,0.020266413123213818,0.1809286717325449,1,1.797318696975708,256.0
3956,1e-05,0.34726769999906537,0.024586042389273643,0.012168931641748973,0.1115058233262971,1,0.9719558358192444,256.0
3957,1e-05,0.34258480000062264,0.030924748571123928,0.013406328657375914,0.1535536950250389,1,2.137141227722168,256.0
3958,1e-05,0.34837960000004387,0.03532947460189462,0.016665043708469187,0.16598048817832023,1,2.2233333587646484,256.0
3959,1e-05,0.3430855000005977,0.017271121265366673,0.013718470664960998,0.04213967529358342,1,1.3630229234695435,256.0
3960,1e-05,0.343006900002365,0.029978763370309025,0.009402428354535784,0.17401310736022424,1,2.164515495300293,256.0
3961,1e-05,0.34616989999994985,0.04635864228475839,0.016844001532133137,0.25296110566705465,1,3.057687759399414,256.0
3962,1e-05,0.34288979999837466,0.019981960766017437,0.012697994975107057,0.0709697263664566,1,0.995581328868866,256.0
3963,1e-05,0.3440487000007124,0.055759239359758794,0.026542481700224534,0.26027654667268507,1,2.8847217559814453,256.0
3964,1e-05,0.3444616999986465,0.06490825116634369,0.027273090024079596,0.32835437497124076,1,1.7102082967758179,256.0
3965,1e-05,0.34221830000024056,0.044135285541415215,0.01084166459207024,0.2771906128182309,1,3.3605332374572754,256.0
3966,1e-05,0.34435259999736445,0.01569899736205116,0.01227430985974414,0.03967180970357731,1,1.0694580078125,256.0
3967,1e-05,0.34465970000019297,0.02564430783968419,0.012525062176531978,0.1174790351651609,1,1.7309736013412476,256.0
3968,1e-05,0.34387599999899976,0.03987406205851585,0.010429980965065104,0.24598262237850577,1,2.931154251098633,256.0
3969,1e-05,0.3429818000004161,0.023535952321253717,0.01318010687828064,0.09602685843128711,1,1.4231982231140137,256.0
3970,1e-05,0.3462389999986044,0.024084552889689803,0.014252667448350362,0.09290775144472718,1,1.605970025062561,256.0
3971,1e-05,0.3429751999974542,0.027757095405831933,0.015522918963272656,0.11339633679017425,1,1.5880273580551147,256.0
3972,1e-05,0.34310720000212314,0.051858663908205926,0.00958398383642946,0.34778143116272986,1,4.004497051239014,256.0
3973,1e-05,0.34523239999907673,0.19234063621843234,0.01651254715397954,1.4231372288195416,1,8.680986404418945,256.0
3974,1e-05,0.34410310000021127,0.04145184939261526,0.015265801322779484,0.22475419376860373,1,3.689293622970581,256.0
3975,1e-05,0.34340069999962,0.040090330643579364,0.017439518789095537,0.1986460090847686,1,1.3619682788848877,256.0
3976,1e-05,0.3473402999989048,0.02499473630450666,0.013712455185928516,0.10397070832550526,1,2.140021324157715,256.0
3977,1e-05,0.3457940000007511,0.03014734323369339,0.014659031094717128,0.13856553175719455,1,1.443945050239563,256.0
3978,1e-05,0.346398900001077,0.02891338209155947,0.012822832380022322,0.14154722340754233,1,1.519715428352356,256.0
3979,1e-05,0.34333179999885033,0.014799358556047082,0.007020498858764768,0.06925137943471782,1,0.930406391620636,256.0
3980,1e-05,0.34275589999742806,0.01829030382214114,0.014765647373029165,0.042962903768057004,1,1.52277672290802,256.0
3981,1e-05,0.34478799999851617,0.03252704825717956,0.010694530659488269,0.185354660556186,1,3.2043840885162354,256.0
3982,1e-05,0.3431866999999329,0.060782126151025295,0.013263529632240534,0.3934122894424945,1,2.5594310760498047,256.0
3983,1e-05,0.34318119999807095,0.09470697131473571,0.010732586728408933,0.6825276609597495,1,6.862850666046143,256.0
3984,1e-05,0.34384810000119614,0.01634968671714887,0.013369894985641752,0.03720822758623399,1,1.7446703910827637,256.0
3985,1e-05,0.34286879999854136,0.017184730619192123,0.013448749402804034,0.04333659936673939,1,2.080371379852295,256.0
3986,1e-05,0.3431416999992507,0.11252096318639815,0.016995773883536458,0.7811973462812603,1,7.482913494110107,256.0
3987,1e-05,0.34418940000250586,0.032662399811670184,0.011458242511642831,0.1810914984671399,1,1.5228116512298584,256.0
3988,1e-05,0.3436250000013388,0.05019981472287327,0.018228332778172835,0.27400017820764333,1,2.0606844425201416,256.0
3989,1e-05,0.3427401999979338,0.022007702733390033,0.012887513131967612,0.08584903317387216,1,1.63893723487854,256.0
3990,1e-05,0.34397700000045006,0.03571856103371829,0.02038318820164672,0.1430661827325821,1,2.0999724864959717,256.0
3991,1e-05,0.34521630000017467,0.027512760600075126,0.016312363890132735,0.10591554152779281,1,2.9860193729400635,256.0
3992,1e-05,0.3440794000016467,0.03183198475744575,0.0191788182460836,0.12040414581133518,1,1.8714573383331299,256.0
3993,1e-05,0.34519250000084867,0.04708355793263763,0.015092112390058381,0.27102367172483355,1,2.136986017227173,256.0
3994,1e-05,0.34338500000012573,0.02645258978009224,0.015616489507790123,0.10230529709951952,1,1.198255181312561,256.0
3995,1e-05,0.34325929999977234,0.032695221016183496,0.013374992479969348,0.16793681017588824,1,2.2699272632598877,256.0
3996,1e-05,0.3456034999981057,0.0218521113274619,0.010300340729632549,0.10271450414438732,1,1.6215635538101196,256.0
3997,1e-05,0.34317770000052406,0.11099972220836207,0.02715532192295151,0.6979105587524828,1,3.280792474746704,256.0
3998,1e-05,0.34391559999858146,0.056270879111252725,0.016035151002662524,0.33792097901459783,1,3.669649362564087,256.0
3999,1e-05,0.3445619000012812,0.09557496150955558,0.02373865685824837,0.5984291016065981,1,4.046511173248291,256.0
4000,1e-05,0.343713199999911,0.03634943132055923,0.01826465821691922,0.1629428519809153,1,2.615973711013794,512.0
4001,1e-05,0.356477299999824,0.015351836802437901,0.009584961392517601,0.05571996980870608,1,2.417174816131592,512.0
4002,1e-05,0.3446678999971482,0.02604442706797272,0.014738853887787886,0.10518343700096011,1,1.0958815813064575,512.0
4003,1e-05,0.34207210000022314,0.03815351892262697,0.008974131063691207,0.24240924383047968,1,2.9681894779205322,512.0
4004,1e-05,0.34729689999949187,0.043995595653541386,0.0199746993104262,0.2121418765746057,1,2.084803819656372,512.0
4005,1e-05,0.34338909999860334,0.020563223923090845,0.010330564142870051,0.09219183831010014,1,1.3136154413223267,512.0
4006,1e-05,0.34422649999760324,0.07895613717846572,0.017029671597161462,0.5124413699813886,1,8.806973457336426,512.0
4007,1e-05,0.3446618000016315,0.05967285914812237,0.02432799685214247,0.30708689376479015,1,3.1400504112243652,512.0
4008,1e-05,0.3463807000007364,0.03260422719176859,0.02073198796382972,0.11570989817846566,1,1.364060878753662,512.0
4009,1e-05,0.3438600999979826,0.023919526720419526,0.02068161897893463,0.04658488085260615,1,1.7149454355239868,512.0
4010,1e-05,0.3434080000006361,0.030595552292652428,0.02416893540482436,0.07558187008544337,1,2.2327933311462402,512.0
4011,1e-05,0.3437005000014324,0.07213678327389061,0.01272935327142477,0.487988788401708,1,4.621769905090332,512.0
4012,1e-05,0.3432996000010462,0.023261828697286546,0.013025782736284392,0.0949141513556242,1,2.5354652404785156,512.0
4013,1e-05,0.3438586000011128,0.0413356201024726,0.018364966647433385,0.2021302031353116,1,2.290609121322632,512.0
4014,1e-05,0.3438409000009415,0.03423593955812976,0.02392545947805047,0.1064093157183379,1,1.2840898036956787,512.0
4015,1e-05,0.34380720000262954,0.03797705192118883,0.019767966121435165,0.16544065123889595,1,1.9756685495376587,512.0
4016,1e-05,0.3435654999993858,0.038905251887626946,0.015679094474762678,0.20148835075087845,1,2.2366836071014404,512.0
4017,1e-05,0.34393139999883715,0.044197856332175434,0.023130726867488453,0.19166777000646107,1,1.6596659421920776,512.0
4018,1e-05,0.3428206999997201,0.04227250278927386,0.017714586375015124,0.21417792057036422,1,2.3849503993988037,512.0
4019,1e-05,0.3443215000006603,0.028551800292916596,0.025452096347830126,0.050249728781636804,1,2.4401633739471436,512.0
4020,1e-05,0.34333630000037374,0.027066634502261877,0.009230341163596936,0.15192068015312543,1,1.5180752277374268,512.0
4021,1e-05,0.34444209999855957,0.034078869968652725,0.01691573751824243,0.15422080759890378,1,2.5536091327667236,512.0
4022,1e-05,0.34363999999914085,0.015046983258798718,0.008626453578472137,0.05999069497920573,1,1.2194631099700928,512.0
4023,1e-05,0.34352489999946556,0.030176197411492467,0.01614897066195096,0.12836678585154004,1,2.1445741653442383,512.0
4024,1e-05,0.34365080000134185,0.04271554795559496,0.01846930567574288,0.21243923422298394,1,1.8735730648040771,512.0
4025,1e-05,0.34409660000164877,0.03757136961212382,0.02252064665247287,0.14292643291992135,1,2.798434019088745,512.0
4026,1e-05,0.3450670000020182,0.03046138770878315,0.018387523413236653,0.11497843655524775,1,1.4761865139007568,512.0
4027,1e-05,0.3438720000012836,0.029288852820172906,0.02293909201398492,0.07373717078007758,1,1.3861241340637207,512.0
4028,1e-05,0.3439238999999361,0.026003901148214936,0.008777448342048697,0.14658907754346728,1,1.6809369325637817,512.0
4029,1e-05,0.3446371999998519,0.021956726734060794,0.009787804846252714,0.1071391745776964,1,1.724977731704712,512.0
4030,1e-05,0.3437192000019422,0.017339278594590724,0.010446964031351464,0.06558548007160425,1,1.478162407875061,512.0
4031,1e-05,0.34293239999897196,0.03985977091360837,0.014775574406875032,0.21544913371326402,1,3.1859097480773926,512.0
4032,1e-05,0.34296590000303695,0.017894360120408237,0.015338280770395483,0.03578690877839108,1,1.2130024433135986,512.0
4033,1e-05,0.3433651999985159,0.02304622158408165,0.016249780543148518,0.0706213066005148,1,1.3345752954483032,512.0
4034,1e-05,0.3422620999990613,0.05111603299155831,0.010871040834380048,0.33283098760875873,1,3.414422035217285,512.0
4035,1e-05,0.3441908999993757,0.032953632646240294,0.015847316943109035,0.15269785267446423,1,1.782740831375122,512.0
4036,1e-05,0.34344209999835584,0.021270021912641823,0.008735734670023833,0.1090100328437984,1,2.6100046634674072,512.0
4037,1e-05,0.3433307999985118,0.023163493955507874,0.013219905817615134,0.09276861051330343,1,2.005756378173828,512.0
4038,1e-05,0.34436989999812795,0.028265872388146818,0.011901398455458028,0.14281719490827527,1,1.1328887939453125,512.0
4039,1e-05,0.34424090000175056,0.02142912650015205,0.014307180386302727,0.07128274836577475,1,1.0969945192337036,512.0
4040,1e-05,0.34309570000186795,0.0239804123993963,0.01230777773473944,0.10568885784596205,1,1.7256824970245361,512.0
4041,1e-05,0.34409539999978733,0.026029146974906325,0.013340630435517855,0.11484876286704093,1,1.044411301612854,512.0
4042,1e-05,0.3440190999972401,0.06185104069299996,0.010845016621585404,0.41889322618953884,1,6.4603657722473145,512.0
4043,1e-05,0.3440279999995255,0.03203214146196842,0.018372341391763518,0.12765073450282216,1,1.3436459302902222,512.0
4044,1e-05,0.343828900000517,0.05411400552839041,0.011737850195329105,0.3507471010743757,1,4.728424072265625,512.0
4045,1e-05,0.34326969999892754,0.06403383822180331,0.01675337373412081,0.39499709772644565,1,1.823326587677002,512.0
4046,1e-05,0.3433331000014732,0.029360694577917457,0.01569681435025164,0.12500785617157817,1,2.10249400138855,512.0
4047,1e-05,0.3447756000023219,0.019260554341599345,0.012774107711655753,0.06466567644383758,1,0.7269441485404968,512.0
4048,1e-05,0.3433006999985082,0.02385118417441845,0.010903249527992947,0.11448672669939697,1,1.8526197671890259,512.0
4049,1e-05,0.3442208999986178,0.02108795812819153,0.009535675502515264,0.10195393634603533,1,0.9044308066368103,512.0
4050,1e-05,0.34519770000042627,0.01874822156969458,0.009510553574987821,0.08341189636848867,1,1.3731489181518555,512.0
4051,1e-05,0.345044699999562,0.03320588741917163,0.0107501604195152,0.19039597688242793,1,2.5642075538635254,512.0
4052,1e-05,0.3440924999995332,0.06358744931640103,0.013688450097106397,0.41288048709975556,1,3.994711399078369,512.0
4053,1e-05,0.34439650000058464,0.03737434989307076,0.017245507067335502,0.1782762446673587,1,3.830299139022827,512.0
4054,1e-05,0.3433045999991009,0.0299218047875911,0.01715532284496086,0.11928716651163995,1,1.3048250675201416,512.0
4055,1e-05,0.34422499999709544,0.02813237434020266,0.010342000917132412,0.15266498950950336,1,1.6545109748840332,512.0
4056,1e-05,0.3436221999982081,0.031948127783834934,0.021546189008014544,0.10476169903995469,1,1.2087671756744385,512.0
4057,1e-05,0.3437307999993209,0.03466138255316764,0.008928976420845305,0.21478823388497403,1,1.3350744247436523,512.0
4058,1e-05,0.345173400000931,0.03756891458760947,0.024578667312328304,0.12850063998484984,1,2.222691774368286,512.0
4059,1e-05,0.34430090000023483,0.018563339894171804,0.014998311110373055,0.0435185416135937,1,1.0330778360366821,512.0
4060,1e-05,0.3428834000005736,0.04702556738629937,0.009125143023473876,0.31232852966059,1,3.3630781173706055,512.0
4061,1e-05,0.3446948999990127,0.024153804988600314,0.015867742111108134,0.08215624262811616,1,1.9062083959579468,512.0
4062,1e-05,0.34349180000208435,0.058686088072136045,0.020484767388552427,0.32609535176015925,1,6.234158515930176,512.0
4063,1e-05,0.3432596000020567,0.03306644246913493,0.013772649357893638,0.16812298848526552,1,2.5728700160980225,512.0
4064,1e-05,0.34521419999873615,0.03416649287100881,0.02648311933236463,0.08795011509209871,1,1.5819114446640015,512.0
4065,1e-05,0.34369279999737046,0.020073535677511245,0.007072824352820005,0.11107851203996688,1,1.210088849067688,512.0
4066,1e-05,0.3426772000020719,0.042107776389457285,0.015526894280420882,0.22817394831508864,1,1.5127639770507812,512.0
4067,1e-05,0.34478089999902295,0.026352917891927063,0.015265995902674539,0.10396137158386409,1,1.5157420635223389,512.0
4068,1e-05,0.34421199999997043,0.04339589353185147,0.015602165633546454,0.23795198614243418,1,3.7815356254577637,512.0
4069,1e-05,0.3437831000010192,0.03209738017176278,0.008839355049920934,0.19490355023299344,1,1.5922356843948364,512.0
4070,1e-05,0.3439225999973132,0.04143444704823196,0.012640244826408369,0.24299386897473596,1,3.579911231994629,512.0
4071,1e-05,0.3439496999999392,0.0547657833667472,0.012454466761222907,0.35094499588012695,1,3.3983888626098633,512.0
4072,1e-05,0.3425714999975753,0.04087312216870487,0.025412825734487603,0.14909519825596362,1,3.0300960540771484,512.0
4073,1e-05,0.3435237000012421,0.03886921098455787,0.013174153199153287,0.21873460873030126,1,2.4156506061553955,512.0
4074,1e-05,0.34471169999960694,0.07920189574360847,0.013305492832192354,0.5404767041909508,1,7.49804162979126,512.0
4075,1e-05,0.3438270000006014,0.04356995120178908,0.011697092758757728,0.2666799657745287,1,2.419734477996826,512.0
4076,1e-05,0.3440468000007968,0.018410552584100515,0.01383978860186679,0.05040590151838842,1,1.3584764003753662,512.0
4077,1e-05,0.34403609999935725,0.019088504370301962,0.011606710497289896,0.07146106264553964,1,1.2785184383392334,512.0
4078,1e-05,0.34358859999701963,0.028836234123446047,0.013706161241446222,0.13474674755707383,1,1.9218822717666626,512.0
4079,1e-05,0.3463640000009036,0.02797889383509755,0.01666651449964515,0.10716555290855467,1,1.2799047231674194,512.0
4080,1e-05,0.3438907999989169,0.027468340354971588,0.011234983136611325,0.14110183954471722,1,2.060715436935425,512.0
4081,1e-05,0.34375720000025467,0.021856951527297497,0.014579389443887132,0.07279989030212164,1,1.7208212614059448,512.0
4082,1e-05,0.3450979000008374,0.049161866307258606,0.016410018783062696,0.2784248047100846,1,2.8957133293151855,512.0
4083,1e-05,0.34329470000011497,0.016809106746222824,0.007875283215461033,0.07934587117051706,1,1.1193777322769165,512.0
4084,1e-05,0.34302849999949103,0.03839061257895082,0.020673363336494992,0.16241135739255697,1,1.8924202919006348,512.0
4085,1e-05,0.344668300000194,0.03766889253165573,0.01609191863930651,0.1887077132705599,1,3.3758561611175537,512.0
4086,1e-05,0.34223560000100406,0.024281458114273846,0.013767876795360021,0.09787652823433746,1,1.8171073198318481,512.0
4087,1e-05,0.3425418000006175,0.032509997487068176,0.01328052966190236,0.16711627604672685,1,2.018996238708496,512.0
4088,1e-05,0.344514700002037,0.021380321588367224,0.017993206890033826,0.04509012687640279,1,1.2537596225738525,512.0
4089,1e-05,0.343429800002923,0.03400711726862937,0.0149542236634131,0.16737737470248248,1,1.5847846269607544,512.0
4090,1e-05,0.34271240000089165,0.0565303930779919,0.008849202089809946,0.3902987181209028,1,2.419095039367676,512.0
4091,1e-05,0.3447846000017307,0.026156158302910626,0.009949006805462497,0.1396062134881504,1,1.4341497421264648,512.0
4092,1e-05,0.34315179999975953,0.021678209071978927,0.008481629791536502,0.11405426659621298,1,1.2294937372207642,512.0
4093,1e-05,0.34404970000105095,0.05074384494218975,0.017652372497000864,0.28238416998647153,1,2.268735885620117,512.0
4094,1e-05,0.3446343000032357,0.029967492388095707,0.009516782127320766,0.17312247330119135,1,1.5569571256637573,512.0
4095,1e-05,0.3442555000001448,0.03497399762272835,0.014296991218413626,0.17971305386163294,1,2.222921371459961,512.0
4096,1e-05,0.3431784000022162,0.01516389730386436,0.00995449788336243,0.05162969301454723,1,1.1864172220230103,512.0
4097,1e-05,0.3447736999987683,0.024735010985750705,0.011754102306440473,0.11560137096967082,1,2.376537799835205,512.0
4098,1e-05,0.34361420000277576,0.026831131312064826,0.01539095597607749,0.10691236017737538,1,0.9971334338188171,512.0
4099,1e-05,0.34523389999958454,0.026926973718218505,0.0194123810423272,0.07952911709435284,1,1.093043565750122,512.0
4100,1e-05,0.3443609000023571,0.06383920484222472,0.013829259734068598,0.4139088169031311,1,4.643555164337158,512.0
4101,1e-05,0.342900899999222,0.03128194186137989,0.019469286581235274,0.11397053621476516,1,1.30666184425354,512.0
4102,1e-05,0.34443610000016633,0.04113902885001153,0.01437815764386739,0.22846512347496173,1,1.8287070989608765,512.0
4103,1e-05,0.34719639999821084,0.034148027771152556,0.01288773984249149,0.18297004862688482,1,1.6229640245437622,512.0
4104,1e-05,0.3466705000028014,0.0509383954340592,0.019619242155126164,0.2701724572107196,1,4.262971878051758,512.0
4105,1e-05,0.3494228999988991,0.023808641475625336,0.013427313749811478,0.09647793520707637,1,1.2354596853256226,512.0
4106,1e-05,0.3439103000018804,0.040176897891797125,0.019771961262449622,0.18301146826706827,1,2.2638731002807617,512.0
4107,1e-05,0.3454731999991054,0.059053783188574016,0.013573358899780683,0.3774167546071112,1,5.148270130157471,512.0
4108,1e-05,0.34327680000205874,0.021461348806042224,0.009238028466435415,0.10702458687592298,1,3.6463072299957275,512.0
4109,1e-05,0.3423131999988982,0.026619058335199952,0.015520571731030941,0.10430845864902949,1,1.3050236701965332,512.0
4110,1e-05,0.3438700000006065,0.02677657816093415,0.013138225169054099,0.12224505329504609,1,1.263683795928955,512.0
4111,1e-05,0.34342130000004545,0.022223067935556173,0.014501060425703014,0.07627712165412959,1,1.0267977714538574,512.0
4112,1e-05,0.34356689999913215,0.03407666756538674,0.017403814542506422,0.15078663983149454,1,1.5106713771820068,512.0
4113,1e-05,0.34430889999930514,0.040633369178976864,0.015292411736611809,0.21802007855148986,1,2.5661675930023193,512.0
4114,1e-05,0.3435155000006489,0.04468442068900913,0.01724795687810651,0.23673967852664646,1,2.400376081466675,512.0
4115,1e-05,0.3419452000016463,0.028146489697974175,0.01660866563075355,0.10891127050854266,1,1.4638524055480957,512.0
4116,1e-05,0.3435802000021795,0.038258159649558365,0.02264802996069193,0.14752906485227868,1,2.6106534004211426,512.0
4117,1e-05,0.3446187000008649,0.03758478886447847,0.009506880771368742,0.23413015017285943,1,3.650245428085327,512.0
4118,1e-05,0.3433493999982602,0.03335046855499968,0.011476072682333844,0.1864712467067875,1,1.617223858833313,512.0
4119,1e-05,0.3422608000000764,0.03242688067257404,0.014507506774472339,0.15786249842494726,1,1.9909803867340088,512.0
4120,1e-05,0.3460157999979856,0.04625939391553402,0.014338198250957898,0.269707785002538,1,1.6954312324523926,512.0
4121,1e-05,0.34274830000140355,0.027462472091428936,0.013220019705061401,0.12715963814844145,1,1.330763578414917,512.0
4122,1e-05,0.3419579999972484,0.01635894039645791,0.009154309252543109,0.06679136162711075,1,1.2761322259902954,512.0
4123,1e-05,0.3462803000002168,0.020866692531853914,0.015687786475090042,0.05711903757764958,1,0.9714364409446716,512.0
4124,1e-05,0.3497777999982645,0.05920613568741828,0.009292369708418846,0.40860250709920365,1,3.8853399753570557,512.0
4125,1e-05,0.34357420000014827,0.020374230574816465,0.01433147639701409,0.06267351089627482,1,1.492496132850647,512.0
4126,1e-05,0.343455800000811,0.01620623387861997,0.011536602329994951,0.04889365604026352,1,1.4157739877700806,512.0
4127,1e-05,0.3463754999975208,0.045866504427976906,0.013497829171163695,0.272447236269727,1,2.778515100479126,512.0
4128,1e-05,0.3424150000028021,0.04051467636600137,0.01571504964626261,0.21411206107586622,1,1.6276613473892212,512.0
4129,1e-05,0.3432408000007854,0.0570908059598878,0.014826966183526176,0.35293769650161266,1,4.446573257446289,512.0
4130,1e-05,0.3434177000017371,0.017535800812765956,0.016076655193631138,0.027749825734645128,1,1.3086897134780884,512.0
4131,1e-05,0.3424328000000969,0.039843964506872,0.00878394568072898,0.2572640997823328,1,2.148130416870117,512.0
4132,1e-05,0.3434233000007225,0.039632527565117925,0.019455064221152236,0.18087476317305118,1,1.7500337362289429,512.0
4133,1e-05,0.3446911999999429,0.031719864113256335,0.0119159391948155,0.17034734968910925,1,1.839382290840149,512.0
4134,1e-05,0.3426794000006339,0.022368475969415158,0.013759058367993151,0.08263440115842968,1,1.6057302951812744,512.0
4135,1e-05,0.34486050000123214,0.02090467617381364,0.007975272435162748,0.11141049984144047,1,1.678581714630127,512.0
4136,1e-05,0.34948159999839845,0.01874823309481144,0.01440231834671327,0.04916963120922446,1,1.505732536315918,512.0
4137,1e-05,0.3450794999989739,0.014753619499970227,0.009555478713342122,0.05114060454070568,1,0.843228280544281,512.0
4138,1e-05,0.3463407000017469,0.035301586613059044,0.014761692711285182,0.17908084439113736,1,3.2667384147644043,512.0
4139,1e-05,0.3458546000001661,0.025093308184295893,0.013590512996805566,0.10561286937445402,1,1.738112211227417,512.0
4140,1e-05,0.34530159999849275,0.037136994185857475,0.010194213861333472,0.22573646355886012,1,2.6170120239257812,512.0
4141,1e-05,0.3534581999992952,0.018871404114179313,0.011878355173394084,0.06782274763099849,1,0.9813395738601685,512.0
4142,1e-05,0.34796580000329413,0.03450426203198731,0.010039992863312364,0.2057541423710063,1,1.8913631439208984,512.0
4143,1e-05,0.3465400999994017,0.01849109772592783,0.009412801159279687,0.0820391740417108,1,1.0010342597961426,512.0
4144,1e-05,0.34462580000035814,0.035828140506055206,0.013719107356986828,0.19059138727607206,1,1.23954439163208,512.0
4145,1e-05,0.3429697000028682,0.01785094427759759,0.01597294643787401,0.030996926238003653,1,1.595162272453308,512.0
4146,1e-05,0.3447588999988511,0.048664798494428396,0.025776980112173727,0.20887952239718288,1,1.6928297281265259,512.0
4147,1e-05,0.34341899999708403,0.027595545630902052,0.015436913086367505,0.1127059746067971,1,2.097205877304077,512.0
4148,1e-05,0.34284090000073775,0.03104463079944253,0.008724459413705128,0.1872858303540852,1,1.7866276502609253,512.0
4149,1e-05,0.342582900000707,0.030537637649104,0.014095045027456113,0.1456357857969124,1,1.2157217264175415,512.0
4150,1e-05,0.3456288000015775,0.016622239840216935,0.007070699523735259,0.08348301993100904,1,1.3712167739868164,512.0
4151,1e-05,0.3427738999998837,0.030242276494391263,0.02014649150493954,0.10091277852188796,1,2.2860939502716064,512.0
4152,1e-05,0.34299299999838695,0.01989062293432653,0.010449614908014025,0.08597767911851406,1,1.8081035614013672,512.0
4153,1e-05,0.34401340000113123,0.027123632724396884,0.015420944962118353,0.10904245579149574,1,1.3452051877975464,512.0
4154,1e-05,0.3430860999978904,0.018789494701195508,0.007575568011296647,0.09728698028629879,1,1.2035796642303467,512.0
4155,1e-05,0.34311690000322415,0.37099582492373884,0.016567177937499115,2.8519965526647866,1,12.179116249084473,512.0
4156,1e-05,0.34466539999993984,0.017785341129638255,0.014070023915597371,0.043792559939902276,1,0.8615286946296692,512.0
4157,1e-05,0.34207840000090073,0.031527155137155205,0.02511137251609138,0.07643763581290841,1,1.3690242767333984,512.0
4158,1e-05,0.3448123999987729,0.015977727947756648,0.011901599022426776,0.04451063473243266,1,1.69309663772583,512.0
4159,1e-05,0.3445204999989073,0.04107534547802061,0.017476500876780068,0.20626724616158754,1,3.318608283996582,512.0
4160,1e-05,0.3417606999973941,0.014476528915110976,0.00933587534486183,0.05046110283001326,1,1.2540191411972046,512.0
4161,1e-05,0.34265249999953085,0.06076725880848244,0.014722229646784919,0.3830824761535041,1,1.9099041223526,512.0
4162,1e-05,0.34392559999832883,0.024920899013523012,0.011132416581468923,0.12144027168687899,1,1.9741392135620117,512.0
4163,1e-05,0.3430202999988978,0.02734903001692146,0.01306690728025777,0.12732389220036566,1,2.519969940185547,512.0
4164,1e-05,0.3434257999979309,0.049547454225830734,0.011789325824273484,0.3138543416862376,1,3.8700993061065674,512.0
4165,1e-05,0.34616489999825717,0.03233733307570219,0.010893556755036116,0.18244376650545746,1,1.9677258729934692,512.0
4166,1e-05,0.34208740000030957,0.034400792967062443,0.013558618325207914,0.1802960094064474,1,3.527348279953003,512.0
4167,1e-05,0.3430337999998301,0.0439328356878832,0.012994704568492514,0.26049974893248873,1,4.867393970489502,512.0
4168,1e-05,0.343939300000784,0.06190426810644567,0.014207506685384683,0.3957816552137956,1,4.230579376220703,512.0
4169,1e-05,0.34279400000013993,0.02051753964042291,0.01710914567645107,0.04437629705262225,1,2.4133477210998535,512.0
4170,1e-05,0.3436301000001549,0.07511019485536963,0.013064117237393345,0.5094326920807362,1,3.4058563709259033,512.0
4171,1e-05,0.3441456000000471,0.03792211052495986,0.011262297962925263,0.22454079899762291,1,2.680983781814575,512.0
4172,1e-05,0.3427082000016526,0.035779561614617705,0.008896953891962767,0.22395781191698916,1,1.7644025087356567,512.0
4173,1e-05,0.342513699997653,0.051355991105083376,0.01886686815747193,0.27877984824590385,1,2.7727952003479004,512.0
4174,1e-05,0.3438700000006065,0.02244561887346208,0.012906123850760716,0.08922208302828949,1,1.5992577075958252,512.0
4175,1e-05,0.34372910000092816,0.043081206269562244,0.014314685615577869,0.2444468375761062,1,3.155116319656372,512.0
4176,1e-05,0.3437268000016047,0.050632621452677995,0.013260424336684602,0.3122380062704906,1,2.2410833835601807,512.0
4177,1e-05,0.3438870999998471,0.04331744683440775,0.012171914268817221,0.26133617077721283,1,1.3745720386505127,512.0
4178,1e-05,0.34215730000141775,0.036492301733233035,0.02566445672086307,0.11228722892701626,1,2.3490090370178223,512.0
4179,1e-05,0.3438096999998379,0.02934622613247484,0.014914611554039376,0.1303675284725614,1,1.879133939743042,512.0
4180,1e-05,0.3431840999983251,0.025183030986227095,0.020336209663322995,0.05911077675409615,1,0.925080418586731,512.0
4181,1e-05,0.34273659999962547,0.03876657085493207,0.023732158621507033,0.14400745154125616,1,2.257235527038574,512.0
4182,1e-05,0.34413620000123046,0.042783984215930104,0.028886637916522368,0.14006541308481246,1,2.326436996459961,512.0
4183,1e-05,0.34287530000074184,0.06189706758596003,0.017797090612085804,0.3705968940630555,1,2.6792194843292236,512.0
4184,1e-05,0.3435940000017581,0.03831618349067867,0.011183181777596474,0.2282471933576744,1,3.2318990230560303,512.0
4185,1e-05,0.34469209999952,0.029979292419739068,0.015342551283538342,0.13243647455237806,1,1.2389442920684814,512.0
4186,1e-05,0.34288219999871217,0.04841334919910878,0.021003118317042078,0.2402849659702042,1,3.2176756858825684,512.0
4187,1e-05,0.3433564999977534,0.062148929573595524,0.010341814586094447,0.42479874449782073,1,2.629002809524536,512.0
4188,1e-05,0.3433030999985931,0.01371654454851523,0.007215529746775117,0.05922364388243295,1,0.9260138273239136,512.0
4189,1e-05,0.34446480000042357,0.0278846537694335,0.016939607648445026,0.10449997590330895,1,2.1841788291931152,512.0
4190,1e-05,0.3432551000005333,0.027599254390224814,0.015543913668287652,0.11198664127732627,1,1.3316186666488647,512.0
4191,1e-05,0.3441104000012274,0.03209832066204399,0.01201042436462428,0.17271358901052736,1,2.1379292011260986,512.0
4192,1e-05,0.3440394999997807,0.036931399488821626,0.012733584103573645,0.20631611882708967,1,2.735919713973999,512.0
4193,1e-05,0.3476172000009683,0.028738776920363307,0.012955535535833665,0.13922146963886917,1,2.1904079914093018,512.0
4194,1e-05,0.3495492000001832,0.03349320497363806,0.011994656641036272,0.18398304004222155,1,2.393866777420044,512.0
4195,1e-05,0.34272819999750936,0.03608379082288593,0.011792962638927358,0.2061195767892059,1,2.280629873275757,512.0
4196,1e-05,0.34314139999696636,0.013831393618602306,0.01169795389952404,0.028765474940882996,1,0.7105557322502136,512.0
4197,1e-05,0.3471017000010761,0.02662826154846698,0.012079759234828609,0.12846777889717487,1,1.6027394533157349,512.0
4198,1e-05,0.3476163999985147,0.04042701481375843,0.025901895282523974,0.14210285106673837,1,1.835876703262329,512.0
4199,1e-05,0.3638930999986769,0.02633568923920393,0.009610545023211412,0.14341169269755483,1,1.2484451532363892,512.0
4200,1e-05,0.34718489999795565,0.03810877911746502,0.016449936100148728,0.18972067290451378,1,2.235891342163086,512.0
4201,1e-05,0.34437660000185133,0.046391641022637486,0.017084060103765557,0.251544704195112,1,2.7192177772521973,512.0
4202,1e-05,0.3471611999993911,0.04725416284054518,0.012548792042902537,0.2901917612180114,1,6.034387588500977,512.0
4203,1e-05,0.34610719999909634,0.04073887399863452,0.013409557220126902,0.23204410477774218,1,2.639392375946045,512.0
4204,1e-05,0.34456309999950463,0.018298578215762973,0.010870901867747307,0.07029231148771942,1,1.1909759044647217,512.0
4205,1e-05,0.3447164999997767,0.05080951331183314,0.019270753487944603,0.27158082331879996,1,3.9616239070892334,512.0
4206,1e-05,0.3446579000010388,0.019383863487746567,0.010006012261978217,0.08502882410539314,1,1.1241440773010254,512.0
4207,1e-05,0.3443007999994734,0.03989563847426325,0.01804319622793368,0.1928627341403626,1,2.315096139907837,512.0
4208,1e-05,0.3438697999990836,0.021731145679950714,0.010408732574433088,0.1009880310157314,1,1.8329699039459229,512.0
4209,1e-05,0.3430002000022796,0.020221261074766517,0.009667151341480868,0.09410003184166271,1,0.9920749664306641,512.0
4210,1e-05,0.3442168000001402,0.03911632066592574,0.013872877095959016,0.21582044245951693,1,2.9731931686401367,512.0
4211,1e-05,0.34475100000054226,0.04686073411721736,0.018475983691002642,0.24555398407392204,1,2.8353633880615234,512.0
4212,1e-05,0.3430945000000065,0.018382528418442234,0.01348626843121435,0.052656346175353974,1,1.0210591554641724,512.0
4213,1e-05,0.34328129999994417,0.03412307961843908,0.023771177711231366,0.10658639797475189,1,1.4405797719955444,512.0
4214,1e-05,0.3436787999999069,0.02140277303988114,0.01580982276105455,0.060553424977115355,1,1.4307035207748413,512.0
4215,1e-05,0.361956899996585,0.04082682990701869,0.013894518305148398,0.22935301152756438,1,2.4380996227264404,512.0
4216,1e-05,0.3507715999985521,0.026597433839924634,0.014843503412391459,0.10887493449263275,1,1.086807370185852,512.0
4217,1e-05,0.34264190000249073,0.025614677637349814,0.01356014988518187,0.10999637338682078,1,1.100310206413269,512.0
4218,1e-05,0.34365649999745074,0.03828053455799818,0.020348810258188417,0.16380259580910206,1,2.3559391498565674,512.0
4219,1e-05,0.3434069000031741,0.027325340430252254,0.022161082697233984,0.06347514443041291,1,1.5167280435562134,512.0
4220,1e-05,0.34430150000116555,0.01718951971270144,0.01484430315239089,0.033606034266995266,1,0.6691799759864807,512.0
4221,1e-05,0.34321929999714484,0.026489171665161848,0.021558380220085382,0.06100470561068505,1,1.2350127696990967,512.0
4222,1e-05,0.34561849999954575,0.03654437782824971,0.010869907448068261,0.2162656669752323,1,4.476338863372803,512.0
4223,1e-05,0.34562670000013895,0.02003720391076058,0.012272253832114595,0.07439185376279056,1,1.5120514631271362,512.0
4224,1e-05,0.34360469999955967,0.04443481477210298,0.01732333786120372,0.23421513236826286,1,3.5915231704711914,512.0
4225,1e-05,0.34411869999894407,0.02887732454109937,0.010029849263706378,0.16080964118009433,1,1.72725510597229,512.0
4226,1e-05,0.34353859999828273,0.042220169212669134,0.017148915146078383,0.21771895431447774,1,1.812717080116272,512.0
4227,1e-05,0.34430629999769735,0.029042517591733485,0.019912354315498045,0.09295366401784122,1,1.342329978942871,512.0
4228,1e-05,0.34323459999723127,0.05656045791693032,0.017088291867237006,0.3328656272497028,1,3.732330799102783,512.0
4229,1e-05,0.34366120000049705,0.060602474957704544,0.013804929996175426,0.38818530179560184,1,2.903170347213745,512.0
4230,1e-05,0.34352450000005774,0.01801511156372726,0.007718029764613935,0.0900946824986022,1,1.1212133169174194,512.0
4231,1e-05,0.3429378999971959,0.016606656892690808,0.008105726114341192,0.07611317047849298,1,1.1431173086166382,512.0
4232,1e-05,0.3445112000008521,0.018004818237386644,0.011925061765526022,0.06056311051361263,1,1.1646071672439575,512.0
4233,1e-05,0.3442250000007334,0.032969650346785784,0.018221056487943445,0.1362097963283304,1,1.5384089946746826,512.0
4234,1e-05,0.3435911999986274,0.02421386679634452,0.014918470888265542,0.08928163957898505,1,1.4631502628326416,512.0
4235,1e-05,0.3442001999974309,0.0196075402200222,0.01238993798116488,0.07013075635768473,1,1.6967087984085083,512.0
4236,1e-05,0.34500630000184174,0.07842724397778511,0.012246413555528437,0.5416930608625989,1,3.297389268875122,512.0
4237,1e-05,0.34305049999966286,0.060478634433820844,0.011069239982004677,0.406344414477644,1,3.912916421890259,512.0
4238,1e-05,0.3447048999987601,0.019591882009990513,0.017523359241230146,0.03407154406886548,1,0.649308979511261,512.0
4239,1e-05,0.3430501999973785,0.01577763387467712,0.009258783289364405,0.061409588786773384,1,0.6520366072654724,512.0
4240,1e-05,0.3427860000010696,0.02501068776473403,0.013457812834531069,0.1058808058151044,1,1.7729482650756836,512.0
4241,1e-05,0.3424778000007791,0.020988388976547867,0.014676104199939541,0.06517437642469304,1,1.216455101966858,512.0
4242,1e-05,0.3434121000027517,0.03784229949815199,0.011218531489638346,0.2242086594342254,1,4.51305627822876,512.0
4243,1e-05,0.3436471999993955,0.027705617190804332,0.01115254355993654,0.1435771293176913,1,1.8998061418533325,512.0
4244,1e-05,0.3443799000015133,0.020430617849342525,0.009238060164664472,0.09877852333011106,1,2.468198537826538,512.0
4245,1e-05,0.3446373000006133,0.020451665041036904,0.012026329458292042,0.07942901679780334,1,1.2817779779434204,512.0
4246,1e-05,0.34428570000090986,0.09461875737179071,0.024235797114670277,0.5872994632227346,1,5.090439319610596,512.0
4247,1e-05,0.3429046000019298,0.026389302860479802,0.013183570932596922,0.11882942367810756,1,2.3396341800689697,512.0
4248,1e-05,0.3433561000019836,0.026882342877797782,0.02013394046973969,0.07412116427440196,1,2.2221782207489014,512.0
4249,1e-05,0.34378020000076503,0.05574138864176348,0.009975634714854615,0.37610166938975453,1,4.820218086242676,512.0
4250,1e-05,0.34400209999876097,0.07806976424762979,0.01641805057546922,0.5096317423158325,1,5.402064323425293,512.0
4251,1e-05,0.34442420000050333,0.02517103240825236,0.01834256947040558,0.07297026186643052,1,1.2666927576065063,512.0
4252,1e-05,0.34297650000007707,0.024690339108929038,0.01311670962188925,0.10570575334713794,1,1.343029260635376,512.0
4253,1e-05,0.34461519999968004,0.024616337555926293,0.01221903822650867,0.11139743495732546,1,1.3572726249694824,512.0
4254,1e-05,0.3422463000024436,0.06962508644210175,0.009549552408446158,0.49015383340884,1,3.729336977005005,512.0
4255,1e-05,0.34368890000041574,0.0467804818181321,0.017510025096791133,0.2516736655670684,1,2.887268543243408,512.0
4256,1e-05,0.34395969999968656,0.0666177241364494,0.018000278023204634,0.4069398638966959,1,3.188849925994873,512.0
4257,1e-05,0.3433450000011362,0.03801629284862429,0.009477871869291579,0.23778522270731628,1,2.8602044582366943,512.0
4258,1e-05,0.3436701000027824,0.0351737912860699,0.008522192747997386,0.2217349795391783,1,2.100520610809326,512.0
4259,1e-05,0.3445785000003525,0.023207431309856474,0.014694043967340673,0.08280114499211777,1,1.6447960138320923,512.0
4260,1e-05,0.34348880000106874,0.030318985576741397,0.013324990602476256,0.14927694569632877,1,1.9750789403915405,512.0
4261,1e-05,0.34460369999942486,0.038505357690155506,0.017027216032147408,0.18885234370827675,1,1.9155856370925903,512.0
4262,1e-05,0.34544110000206274,0.02256642177235335,0.009929876275626677,0.11102223477791995,1,1.7163715362548828,512.0
4263,1e-05,0.34379989999797544,0.020845359191298485,0.013195888006261416,0.07439165632240474,1,1.6824333667755127,512.0
4264,1e-05,0.3446328000027279,0.0385230710671749,0.008691799826920033,0.24734195857308805,1,3.509509563446045,512.0
4265,1e-05,0.3448305999991135,0.020998443360440433,0.015629810613713095,0.058578873809892684,1,1.1628328561782837,512.0
4266,1e-05,0.34366120000049705,0.016930775251239538,0.01141107504788254,0.05556867562700063,1,1.4438127279281616,512.0
4267,1e-05,0.3456046999999671,0.030760519905015826,0.011072716708960277,0.16857514281582553,1,1.6958950757980347,512.0
4268,1e-05,0.3446996999991825,0.016772952978499234,0.016681156320763484,0.017415525268006604,1,0.8704649806022644,512.0
4269,1e-05,0.34342300000207615,0.06577450560871512,0.024242457900462405,0.3564988384023309,1,3.185638427734375,512.0
4270,1e-05,0.3447185000004538,0.05785094597376883,0.01224792203200715,0.3770721131004393,1,4.277644634246826,512.0
4271,1e-05,0.3432025000001886,0.01757868065033108,0.01203395499448691,0.05639176175463945,1,1.1021678447723389,512.0
4272,1e-05,0.3437086999983876,0.033663074718788266,0.017099226159708842,0.14961001393385231,1,2.392059803009033,512.0
4273,1e-05,0.34444230000008247,0.037633694446412846,0.015538289311474987,0.19230153341777623,1,1.6265501976013184,512.0
4274,1e-05,0.34365859999888926,0.021479429909959435,0.01247779599257878,0.08449086616747081,1,1.208459734916687,512.0
4275,1e-05,0.3433191000003717,0.025520501541905105,0.009908001204686505,0.13480800506658852,1,1.9974923133850098,512.0
4276,1e-05,0.3443010000009963,0.03676316689234227,0.014792915699737412,0.19055491101607913,1,4.052216053009033,512.0
4277,1e-05,0.3476144000014756,0.03635085211135447,0.017039485342268432,0.17153041460551322,1,3.2186954021453857,512.0
4278,1e-05,0.34340660000088974,0.029531765263527632,0.017132874378668412,0.11632400611415505,1,1.8650201559066772,512.0
4279,1e-05,0.3444572000007611,0.029895202722400427,0.014504285529255867,0.13763162132818252,1,1.6690523624420166,512.0
4280,1e-05,0.3446070999998483,0.022169846342876554,0.0186965969125075,0.04648258880479261,1,1.093651294708252,512.0
4281,1e-05,0.34320040000238805,0.03705341013846919,0.013349232929093497,0.20298265203018673,1,2.2720489501953125,512.0
4282,1e-05,0.3438610000011977,0.04021257860586047,0.013040570874831505,0.23041665134951472,1,3.091184616088867,512.0
4283,1e-05,0.34439819999897736,0.02266888495068997,0.011219807068950363,0.10281243099598214,1,2.3366026878356934,512.0
4284,1e-05,0.34267739999995683,0.047441742033697665,0.019831270977322544,0.24071504709718283,1,1.8696972131729126,512.0
4285,1e-05,0.34473460000299383,0.029968876857310534,0.02000208824340786,0.0997363968344871,1,2.6813628673553467,512.0
4286,1e-05,0.34437940000134404,0.025428590888623148,0.012385165518415826,0.116732566319115,1,0.7042049765586853,512.0
4287,1e-05,0.34325209999951767,0.05232802941463888,0.011256634656872069,0.3398277978412807,1,2.3188130855560303,512.0
4288,1e-05,0.3453986000022269,0.02339764009229839,0.012704680939870221,0.09824835468316451,1,0.9876276850700378,512.0
4289,1e-05,0.34362200000032317,0.021956852986477315,0.01533146807923913,0.06833454431034625,1,0.9799153804779053,512.0
4290,1e-05,0.3437817999983963,0.035342886578291655,0.01686376745679549,0.16469672042876482,1,1.8396236896514893,512.0
4291,1e-05,0.3444799000026251,0.02852100634481758,0.01188434021813529,0.14497765791020356,1,2.0994553565979004,512.0
4292,1e-05,0.34401490000163903,0.016304206452332437,0.01359480812347361,0.03527000080794096,1,0.9417703747749329,512.0
4293,1e-05,0.34347039999920526,0.024460988817736506,0.010393445546339666,0.12293378449976444,1,2.4241158962249756,512.0
4294,1e-05,0.3446786000022257,0.03940672462340444,0.012573682104370423,0.22723802541440818,1,1.7758865356445312,512.0
4295,1e-05,0.3442170000016631,0.01855872746091336,0.008955818002245255,0.08577909707673825,1,1.3602122068405151,512.0
4296,1e-05,0.3431196999990789,0.045979118905961514,0.014541495657925094,0.2660424802452326,1,3.800642251968384,512.0
4297,1e-05,0.34557219999987865,0.019981812685728073,0.01319785276427865,0.06746953571564518,1,1.7873495817184448,512.0
4298,1e-05,0.34348139999929117,0.037783424253575504,0.014956089135791575,0.19757477927487344,1,1.9228678941726685,512.0
4299,1e-05,0.3448735000019951,0.028754232451319695,0.017051632116947855,0.11067243370052893,1,1.2171423435211182,512.0
4300,1e-05,0.34264450000046054,0.028046056046150625,0.013222107430920005,0.13181370016536675,1,1.6894996166229248,512.0
4301,1e-05,0.3445176999994146,0.02695235062856227,0.012838211974927358,0.12575132271740586,1,1.4262933731079102,512.0
4302,1e-05,0.3439784000001964,0.09915584255941212,0.024762765238327638,0.6199073930620216,1,4.953588962554932,512.0
4303,1e-05,0.3479035999989719,0.03410054952837527,0.013179258975599493,0.1805495825392427,1,2.1982579231262207,512.0
4304,1e-05,0.3439357999995991,0.026009779190644622,0.011397843448711293,0.12829332367982715,1,1.980980396270752,512.0
4305,1e-05,0.345586600000388,0.02811706025386229,0.00948315707501024,0.15855438692960888,1,2.2225289344787598,512.0
4306,1e-05,0.34923909999997704,0.015444550605025142,0.009565356619922178,0.056598907453007996,1,1.3219630718231201,512.0
4307,1e-05,0.3441575999968336,0.01695842045592144,0.012169714085757732,0.050479366385843605,1,1.5640546083450317,512.0
4308,1e-05,0.3460529999974824,0.024790093884803355,0.012088611123285123,0.11370047196396627,1,0.877211332321167,512.0
4309,1e-05,0.3430179999995744,0.06278179486980662,0.010974049152407264,0.4254360478844319,1,5.808165550231934,512.0
4310,1e-05,0.3439101000003575,0.028096761496271938,0.012144195381551981,0.13976472802460194,1,1.793323278427124,512.0
4311,1e-05,0.3443421000010858,0.042785927769728005,0.02335168215047036,0.17882565828040242,1,3.0001800060272217,512.0
4312,1e-05,0.34677389999706065,0.03032882313709706,0.016452431013541564,0.1274635599256726,1,2.268079996109009,512.0
4313,1e-05,0.3452557999989949,0.029352412675507367,0.016909039180193628,0.11645601969212294,1,2.5373218059539795,512.0
4314,1e-05,0.3439464000002772,0.0323075235937722,0.01960262536470379,0.12124181678518653,1,1.7078585624694824,512.0
4315,1e-05,0.34316640000179177,0.02034662658115849,0.014374770490186555,0.062149614466761705,1,1.8694350719451904,512.0
4316,1e-05,0.34405680000054417,0.021300338441506028,0.011897271499037743,0.08712180915608769,1,1.326837420463562,512.0
4317,1e-05,0.3437606000006781,0.036249083816073835,0.01357773644849658,0.19494851541821845,1,2.943979501724243,512.0
4318,1e-05,0.3438239999995858,0.04174673359375447,0.01120403761576329,0.2555456047412008,1,2.1154885292053223,512.0
4319,1e-05,0.3432068000001891,0.24265322607243434,0.016553780063986778,1.8253492340445518,1,7.5458831787109375,512.0
4320,1e-05,0.34316799999942305,0.024284700048156083,0.010320114570536785,0.12203679390950128,1,1.5028985738754272,512.0
4321,1e-05,0.3428146000005654,0.025150705710984766,0.013262772466987371,0.10836624389048666,1,1.919502854347229,512.0
4322,1e-05,0.34330469999986235,0.03972886165138334,0.010024358019498842,0.24766039696987718,1,1.662614345550537,512.0
4323,1e-05,0.344984100000147,0.051637372584082186,0.011481366785509246,0.332729441288393,1,4.046024322509766,512.0
4324,1e-05,0.3424881000028108,0.023381130187772214,0.012034193479589053,0.1028096882509999,1,1.6118590831756592,512.0
4325,1e-05,0.3427414999969187,0.057880842592567205,0.015911680413410068,0.3516649925149977,1,5.61430549621582,512.0
4326,1e-05,0.3455054000005475,0.05527561530470848,0.031866963154503276,0.21913617395046003,1,3.564580202102661,512.0
4327,1e-05,0.3445062999999209,0.023145529092289507,0.011106522953403848,0.10741857427638024,1,2.170645236968994,512.0
4328,1e-05,0.3442739999991318,0.03525617765262723,0.013506075899515833,0.187506889924407,1,1.6854525804519653,512.0
4329,1e-05,0.34364080000159447,0.020794079347979277,0.012987939773925714,0.07543705101124942,1,1.0728808641433716,512.0
4330,1e-05,0.34291289999964647,0.060416697757318616,0.012653350131586194,0.394760099821724,1,2.3272907733917236,512.0
4331,1e-05,0.34309660000144504,0.023447307059541345,0.013834145651864154,0.0907394306450442,1,1.055616021156311,512.0
4332,1e-05,0.34334369999851333,0.022503022104501724,0.013423210492224566,0.08606170571874827,1,1.128641128540039,512.0
4333,1e-05,0.3430949000030523,0.021090503607410938,0.010818471699686987,0.0929947238182649,1,1.3413424491882324,512.0
4334,1e-05,0.3441663999983575,0.016474821604788303,0.014800280132996184,0.028196612824103795,1,0.7346162796020508,512.0
4335,1e-05,0.3433538999997836,0.033845644793473184,0.012167864279555423,0.1855901030357927,1,1.969157099723816,512.0
4336,1e-05,0.343411499998183,0.02771804394433275,0.012932248047686048,0.13121861149556935,1,2.278414487838745,512.0
4337,1e-05,0.3433618999988539,0.023942080151755363,0.015966564816023623,0.07977068296168,1,1.0327194929122925,512.0
4338,1e-05,0.3448865000027581,0.029073529643937945,0.02126905880868435,0.0837048259563744,1,2.413489818572998,512.0
4339,1e-05,0.34363049999956274,0.02292150491848588,0.01874943702880825,0.05212597269928665,1,1.3211686611175537,512.0
4340,1e-05,0.34360889999879873,0.023136208532378078,0.017220765418772186,0.06454431073507294,1,0.9856846332550049,512.0
4341,1e-05,0.34490179999920656,0.027078005368821323,0.010548965340214116,0.14278128069418017,1,2.657756805419922,512.0
4342,1e-05,0.34459740000238526,0.01521271385718137,0.01283911575696298,0.03182790244318312,1,1.7116823196411133,512.0
4343,1e-05,0.34223909999855096,0.017907471570651978,0.014572812709957361,0.041250084916100604,1,1.2013823986053467,512.0
4344,1e-05,0.3442881999981182,0.018110389180947095,0.008972227041210448,0.08207752055022866,1,0.8100980520248413,512.0
4345,1e-05,0.3440389999996114,0.017850799835287035,0.010235419696463006,0.07115845859516412,1,1.1260278224945068,512.0
4346,1e-05,0.3425222000005306,0.03089656902011484,0.017232893567000116,0.1265422897413373,1,1.9489994049072266,512.0
4347,1e-05,0.3436492000000726,0.017953804112039506,0.012824212932693107,0.05386094067944214,1,0.8423203825950623,512.0
4348,1e-05,0.3431677000007767,0.025808159145526588,0.016540888996262635,0.0906790504232049,1,1.699191689491272,512.0
4349,1e-05,0.3425310000020545,0.018328089849092066,0.013121001755020447,0.054777706041932106,1,1.0058226585388184,512.0
4350,1e-05,0.34367029999702936,0.03265984472818673,0.023628164881042073,0.09588160482235253,1,1.2613295316696167,512.0
4351,1e-05,0.34268149999843445,0.04125171294435859,0.011155395768582821,0.2519259277032688,1,2.3784191608428955,512.0
4352,1e-05,0.34242470000026515,0.06655511201824993,0.013708825755332197,0.436479123076424,1,4.387715816497803,512.0
4353,1e-05,0.3431388000026345,0.016161765553988516,0.009381415788084269,0.06362421420635656,1,0.991451621055603,512.0
4354,1e-05,0.34287220000260277,0.020979486987926066,0.015420399672750915,0.05989309796132147,1,1.2099214792251587,512.0
4355,1e-05,0.34321360000103596,0.02734917774796486,0.016841787711850235,0.10090091443271376,1,1.8448683023452759,512.0
4356,1e-05,0.3446761000013794,0.04959042742848396,0.025206687693883265,0.22027662041364238,1,2.8178205490112305,512.0
4357,1e-05,0.34335400000054506,0.034346614906098694,0.011233836944614137,0.19613607475184835,1,2.55545973777771,512.0
4358,1e-05,0.34410289999868837,0.019492300518322736,0.009864595186497484,0.08688623413036112,1,1.336983561515808,512.0
4359,1e-05,0.3440353000005416,0.028880709316581488,0.012054777504610164,0.14666223037056625,1,1.660543441772461,512.0
4360,1e-05,0.3431040000032226,0.06683749257354066,0.015662664314731956,0.4250612866599113,1,5.0017194747924805,512.0
4361,1e-05,0.34294129999761935,0.10907802591100335,0.008757310453802347,0.8113230617018417,1,5.167335033416748,512.0
4362,1e-05,0.34310310000000754,0.034463661490008235,0.010180747934750147,0.20444405218586326,1,1.4706522226333618,512.0
4363,1e-05,0.34315830000196,0.02648299455177039,0.007430870584877474,0.1598478628147859,1,1.5384206771850586,512.0
4364,1e-05,0.3432504999982484,0.1579888395499438,0.010543941287323833,1.1901031189772766,1,7.009079933166504,512.0
4365,1e-05,0.3439877000018896,0.02751165337394923,0.012346117557691676,0.1336703976849094,1,1.2880871295928955,512.0
4366,1e-05,0.3444863999975496,0.027127073670271784,0.012008359123553549,0.13295807837857865,1,1.3130244016647339,512.0
4367,1e-05,0.34221270000125514,0.08032500254921615,0.012725544893848044,0.5535211957467254,1,2.6990160942077637,512.0
4368,1e-05,0.34485270000004675,0.028932981891557574,0.019665180372872522,0.09380758953921031,1,2.1156046390533447,512.0
4369,1e-05,0.3441406000019924,0.017343052953947335,0.014232606826616185,0.03911617572885007,1,1.6332323551177979,512.0
4370,1e-05,0.3435816999990493,0.027297829859890044,0.0180784688730325,0.0918333557783626,1,2.2872865200042725,512.0
4371,1e-05,0.3438781000004383,0.0157071182038635,0.013722334788846118,0.029600599315017462,1,1.245162844657898,512.0
4372,1e-05,0.3437701000002562,0.029728674795478582,0.011279828048178129,0.1588705973699689,1,1.5369975566864014,512.0
4373,1e-05,0.3462624000021606,0.01721523201558739,0.010597654285707645,0.06353827493148856,1,0.7542786002159119,512.0
4374,1e-05,0.3448238000019046,0.026877195399720222,0.01897129988563912,0.08221845582011156,1,1.1135412454605103,512.0
4375,1e-05,0.3427418999999645,0.06377580610569566,0.009120490734598466,0.44636300462298095,1,2.639035701751709,512.0
4376,1e-05,0.3434707000014896,0.044764394289813936,0.010262817343963044,0.2862754354136996,1,2.01595139503479,512.0
4377,1e-05,0.34344339999734075,0.021631114999763668,0.015660160686820745,0.06342779605620308,1,2.064614772796631,512.0
4378,1e-05,0.34278880000056233,0.02927412185817957,0.017393881920725107,0.11243579771689838,1,1.052232027053833,512.0
4379,1e-05,0.3435418999979447,0.026220126368571073,0.019876100588589907,0.0706283023027936,1,1.7151309251785278,512.0
4380,1e-05,0.3435649999992165,0.02444797393400222,0.011429332529327698,0.1155784593718181,1,1.2656723260879517,512.0
4381,1e-05,0.3443458000001556,0.015398925170302391,0.010742157298539366,0.04799630050547421,1,0.9424182176589966,512.0
4382,1e-05,0.34287960000074236,0.036715420661494136,0.013110778161457606,0.20194791970425285,1,2.620312452316284,512.0
4383,1e-05,0.3432302000001073,0.018197052064351737,0.010822986219344395,0.06981550843920559,1,0.7236137390136719,512.0
4384,1e-05,0.3429738000013458,0.016590692335739732,0.013851178676954337,0.03576729052292649,1,1.4977784156799316,512.0
4385,1e-05,0.34394560000146157,0.03386670025065541,0.024900008724736317,0.09663354622898623,1,2.272925615310669,512.0
4386,1e-05,0.3436189000021841,0.020336327492259443,0.011817754079986895,0.07996634405571967,1,0.9898684620857239,512.0
4387,1e-05,0.34322160000010626,0.052918386878445745,0.019373843013974174,0.2877301919506863,1,2.7061238288879395,512.0
4388,1e-05,0.34289239999998244,0.034705845289863646,0.011554930059771453,0.1967622473530355,1,2.083322763442993,512.0
4389,1e-05,0.3434006000024965,0.0560303411912173,0.010326826013624668,0.37595495907589793,1,5.330963134765625,512.0
4390,1e-05,0.3435490000010759,0.038918334525078535,0.021359304631394998,0.16183153341989964,1,1.4435524940490723,512.0
4391,1e-05,0.3431324000011955,0.050178650533780456,0.011749417587582554,0.31918327882885933,1,4.619060039520264,512.0
4392,1e-05,0.3441056999981811,0.02368589083198458,0.018105896721993173,0.06274585420032963,1,0.6783086657524109,512.0
4393,1e-05,0.3437813999989885,0.020585215534083545,0.011174680066428013,0.08645896567031741,1,1.0895917415618896,512.0
4394,1e-05,0.34329049999723793,0.02221711678430438,0.017003517331821576,0.05871230940101668,1,1.4112309217453003,512.0
4395,1e-05,0.3451535000021977,0.02108762226998806,0.011630790374640907,0.08728544629411772,1,2.3657917976379395,512.0
4396,1e-05,0.3422256000012567,0.10495514760259539,0.023160643875598907,0.6775166750885546,1,6.219967842102051,512.0
4397,1e-05,0.343985800001974,0.027345424401573837,0.012635395329977785,0.13031562278047204,1,1.0877039432525635,512.0
4398,1e-05,0.34348600000157603,0.017697391915135086,0.01345965705279793,0.047361536882817745,1,1.297622561454773,512.0
4399,1e-05,0.34286339999744087,0.027652493678033352,0.025600208634776727,0.04201849519085954,1,1.2651877403259277,512.0
4400,1e-05,0.3436149999979534,0.01680524309631437,0.011549980213333453,0.053592086653225124,1,1.7520109415054321,512.0
4401,1e-05,0.344819699999789,0.015108901308849454,0.009600677993148565,0.05366646242327988,1,0.8898032307624817,512.0
4402,1e-05,0.34379210000042804,0.023877236293628812,0.021332896846745695,0.041687609162181616,1,1.0823020935058594,512.0
4403,1e-05,0.3475858999991033,0.06059846933931112,0.013175540803266423,0.39255898901319597,1,3.8498637676239014,512.0
4404,1e-05,0.34459810000043944,0.06333009735681117,0.01214087036039148,0.4216547219984932,1,3.9609484672546387,512.0
4405,1e-05,0.3432202000003599,0.030497137224301696,0.016510410433901206,0.1284042273182422,1,1.3571192026138306,512.0
4406,1e-05,0.343500100003439,0.05410567868966609,0.007784636657951134,0.3783529754000483,1,4.703341960906982,512.0
4407,1e-05,0.34605219999866677,0.0324669947149232,0.02023947218965207,0.11805965192615986,1,1.130982756614685,512.0
4408,1e-05,0.3425921999987622,0.023177948663942516,0.012123889888503723,0.10055635665776208,1,1.546759843826294,512.0
4409,1e-05,0.34306999999898835,0.019138490897603333,0.011424509542328971,0.07313636141770985,1,2.1476097106933594,512.0
4410,1e-05,0.34407609999834676,0.03414176148362458,0.011808915662446193,0.19047168386168778,1,1.5731180906295776,512.0
4411,1e-05,0.3425939999979164,0.020145177957601845,0.015061273971306426,0.05573250857560197,1,0.8060592412948608,512.0
4412,1e-05,0.3447670999994443,0.04434481530915946,0.016187968963224973,0.24144273513229564,1,2.1043784618377686,512.0
4413,1e-05,0.3460496999978204,0.028259941143915057,0.011467507840799434,0.14580697580822743,1,1.44061279296875,512.0
4414,1e-05,0.3428304000008211,0.05307603738037869,0.012475233192422561,0.3372816569171846,1,3.30322527885437,512.0
4415,1e-05,0.34352339999895776,0.027123544714413583,0.013218250923923083,0.12446059519425035,1,1.8115381002426147,512.0
4416,1e-05,0.3438286999989941,0.033149464055895805,0.014587061612733774,0.16308627265971154,1,1.5657716989517212,512.0
4417,1e-05,0.34237770000254386,0.026794368401169777,0.015152071136981249,0.10829044878482819,1,1.720552921295166,512.0
4418,1e-05,0.34486029999970924,0.01793912914581597,0.011783808070634092,0.061026375376968645,1,0.8024072647094727,512.0
4419,1e-05,0.3437397999987297,0.018767324392683804,0.013157388528010674,0.058036871094373055,1,1.9953216314315796,512.0
4420,1e-05,0.34305599999788683,0.1513957317220047,0.02900753469605531,1.0081130748731084,1,5.444983005523682,512.0
4421,1e-05,0.3445721999996749,0.024349464802071452,0.01702373887279204,0.07562954610330053,1,1.4734386205673218,512.0
4422,1e-05,0.3444165000000794,0.03182046127039939,0.012407017106722509,0.16771456506103277,1,2.1658713817596436,512.0
4423,1e-05,0.34363979999761796,0.020181070896796882,0.008979702002501913,0.09859065245836973,1,0.8667632937431335,512.0
4424,1e-05,0.34328779999850667,0.03264311229577288,0.009246266114392452,0.19642103168735048,1,3.6567513942718506,512.0
4425,1e-05,0.34329299999808427,0.07598265388514847,0.011604293548901166,0.5266311725135893,1,8.044057846069336,512.0
4426,1e-05,0.3418898999989324,0.02520058141089976,0.013598348213625806,0.10641621361719444,1,1.9158211946487427,512.0
4427,1e-05,0.3434534000007261,0.026525210530962795,0.010150083473750524,0.1411511008045636,1,1.1934657096862793,512.0
4428,1e-05,0.3434299000000465,0.02416453487239778,0.017238985481006757,0.07264337736705784,1,0.9032049179077148,512.0
4429,1e-05,0.3426307000008819,0.019905383000150323,0.01546860153653792,0.050962853303644806,1,1.557145118713379,512.0
4430,1e-05,0.34421219999785535,0.024951419793069363,0.014854402880051307,0.09563054237514734,1,1.2325809001922607,512.0
4431,1e-05,0.342748399998527,0.02297890995396301,0.018087055600647415,0.05722188705112785,1,1.4724197387695312,512.0
4432,1e-05,0.3433093999992707,0.025396453507710248,0.011498220098604049,0.1226840855088085,1,1.4997624158859253,512.0
4433,1e-05,0.3441448000012315,0.03310522250831127,0.01763100822323135,0.14142471637387644,1,2.184260845184326,512.0
4434,1e-05,0.34391340000001946,0.02512631518766284,0.011312787421047688,0.12182100911741145,1,1.9656463861465454,512.0
4435,1e-05,0.34298149999813177,0.0255549568682909,0.014319113987897123,0.10420586161490064,1,1.0053515434265137,512.0
4436,1e-05,0.3440244999983406,0.029769886750727892,0.011051534891261585,0.1607983447611332,1,1.978264570236206,512.0
4437,1e-05,0.34268100000190316,0.04452058835886419,0.01461415524993624,0.2538656096730847,1,3.532761812210083,512.0
4438,1e-05,0.3425156000012066,0.014217775780707598,0.0121271777565458,0.028851961251348257,1,1.0118426084518433,512.0
4439,1e-05,0.3460449999984121,0.06876749393995851,0.012967560573347978,0.4593670372851193,1,2.217877149581909,512.0
4440,1e-05,0.3427859000003082,0.030828177696093917,0.01182107427822692,0.16387790185399354,1,1.4412262439727783,512.0
4441,1e-05,0.34344550000241725,0.046506466111168265,0.01584095467946359,0.2611650401959196,1,3.683046817779541,512.0
4442,1e-05,0.3436562999995658,0.04519817733671516,0.016197774093598127,0.24820098614509334,1,3.015378713607788,512.0
4443,1e-05,0.34350740000081714,0.024476452847011387,0.011228206168328012,0.11721417843364179,1,0.9015548229217529,512.0
4444,1e-05,0.3429043000032834,0.04390491545200348,0.021157973845090185,0.20313350996002555,1,2.615220785140991,512.0
4445,1e-05,0.3427088000025833,0.05477722024079412,0.017422557741935765,0.31625987589359283,1,2.9454352855682373,512.0
4446,1e-05,0.34293629999956465,0.04777306644245982,0.014081977540627122,0.2836106817703694,1,2.699793815612793,512.0
4447,1e-05,0.3429372999999032,0.030891820671968162,0.020620858496321098,0.10278855625074357,1,2.3377509117126465,512.0
4448,1e-05,0.3502842999987479,0.02893752232193947,0.01110789755226246,0.15374489105306566,1,1.5330407619476318,512.0
4449,1e-05,0.34604209999815794,0.03483081376180053,0.016041624692401717,0.16635513975052163,1,1.4821983575820923,512.0
4450,1e-05,0.3434603999994579,0.03756580641493201,0.012957156702343906,0.20982635603286326,1,2.9209275245666504,512.0
4451,1e-05,0.3441506000017398,0.0333650084794499,0.01562740414270333,0.15752822718059178,1,1.665358304977417,512.0
4452,1e-05,0.34423489999971935,0.020067685516551137,0.01421986600118024,0.06100242288084701,1,1.6916123628616333,512.0
4453,1e-05,0.34474129999944125,0.025214269291609526,0.01768416232828583,0.0779250169871375,1,1.8434383869171143,512.0
4454,1e-05,0.3432796999986749,0.030004502390511334,0.014113348709153277,0.14124256614013575,1,1.2785861492156982,512.0
4455,1e-05,0.3435787000016717,0.01893070398364216,0.013799828177850162,0.054846833139890805,1,0.6552848815917969,512.0
4456,1e-05,0.3446853000023111,0.040076970122754574,0.010400637851229735,0.24781128759059357,1,2.6874725818634033,512.0
4457,1e-05,0.3429281000026094,0.053935081348754466,0.02314424787514976,0.26947091639158316,1,2.0553677082061768,512.0
4458,1e-05,0.3458859999991546,0.031139146420173347,0.01290750437016998,0.15876064309850335,1,1.9205212593078613,512.0
4459,1e-05,0.34416020000207936,0.04106039192993194,0.024616905687642947,0.15616479428717867,1,2.4650847911834717,512.0
4460,1e-05,0.3428270000003977,0.10867987503297627,0.00939448264294437,0.8036776392837055,1,3.010131597518921,512.0
4461,1e-05,0.3438410999988264,0.06126556813251227,0.018182852105902775,0.36284459417220205,1,2.181994915008545,512.0
4462,1e-05,0.3445444999997562,0.02726062134024687,0.010865579758371626,0.1420259103178978,1,1.4891071319580078,512.0
4463,1e-05,0.34351060000335565,0.06358486466342583,0.0238772317368005,0.34153829800197855,1,2.7816643714904785,512.0
4464,1e-05,0.3441160999973363,0.0636739085894078,0.045199455227702856,0.19299509888514876,1,3.80233097076416,512.0
4465,1e-05,0.3439193999984127,0.05597942927852273,0.01484339900447854,0.3439316387521103,1,6.443175315856934,512.0
4466,1e-05,0.34289560000252095,0.07825837540440261,0.012823053103472506,0.5363056210335344,1,6.902108669281006,512.0
4467,1e-05,0.34621059999699355,0.0173432087758556,0.009428884800789612,0.07274346862686798,1,1.889835238456726,512.0
4468,1e-05,0.3448663999988639,0.02285357960499823,0.012719422778380769,0.09379267541226,1,1.447238802909851,512.0
4469,1e-05,0.34292400000049383,0.026542578998487443,0.009159117438165205,0.14822681189980358,1,2.0887062549591064,512.0
4470,1e-05,0.34514259999923524,0.022711067460477352,0.015122536436787673,0.07583078887546435,1,1.552931547164917,512.0
4471,1e-05,0.3453880000015488,0.029390304465778172,0.022143494271274124,0.08011798659572378,1,2.873772621154785,512.0
4472,1e-05,0.3439930999993521,0.030931652523577213,0.0137693067746503,0.15106806834228337,1,1.410257339477539,512.0
4473,1e-05,0.34408040000198525,0.03328362852334976,0.016690190083214214,0.14943769329693168,1,1.9338916540145874,512.0
4474,1e-05,0.34365559999787365,0.03672198753338307,0.012149283396346229,0.208730900696537,1,4.200327396392822,512.0
4475,1e-05,0.3429555000002438,0.029617823660373688,0.01076932783637728,0.1615572842711117,1,1.2104038000106812,512.0
4476,1e-05,0.34530809999705525,0.016313292493578047,0.010699316493368574,0.055611126706935465,1,0.7470036149024963,512.0
4477,1e-05,0.34315170000263606,0.042053721321281046,0.01206538753051843,0.25197205622680485,1,2.659223794937134,512.0
4478,1e-05,0.34314029999950435,0.03150759055279195,0.009108843082295997,0.1882988098950591,1,3.379730701446533,512.0
4479,1e-05,0.34508890000142856,0.1151214730925858,0.016293807620448724,0.8069151277595665,1,10.432557106018066,512.0
4480,1e-05,0.34412419999716803,0.010291914833942428,0.007267485489137471,0.031462921331694815,1,0.827329695224762,512.0
4481,1e-05,0.34404869999707444,0.06630503147607669,0.015611709228583745,0.4211582636926323,1,2.402406930923462,512.0
4482,1e-05,0.3456030000015744,0.014590085425879806,0.00988258098784302,0.047542619169689715,1,1.3993430137634277,512.0
4483,1e-05,0.34262959999978193,0.012873914383817464,0.009814098477363586,0.03429262627469143,1,1.3422657251358032,512.0
4484,1e-05,0.34326619999774266,0.03525350312702358,0.011763073836586304,0.19968649121074122,1,3.024609088897705,512.0
4485,1e-05,0.34367180000117514,0.036675171460956335,0.010331622857068266,0.22108001442393288,1,2.0154428482055664,512.0
4486,1e-05,0.34271649999936926,0.024809579364955425,0.013671971990593843,0.10277282033348456,1,1.3520549535751343,512.0
4487,1e-05,0.3435938999973587,0.01817712458432652,0.011233070166781545,0.0667855087958742,1,1.0250147581100464,512.0
4488,1e-05,0.3448764000022493,0.04071726114489138,0.013745293619909458,0.22952103306306526,1,2.4243290424346924,512.0
4489,1e-05,0.34307499999704305,0.013436005043331534,0.011613150160493595,0.02619598959790892,1,0.9942994713783264,512.0
4490,1e-05,0.3431127000003471,0.025167007348500192,0.013055929049317325,0.10994455378386192,1,0.7473671436309814,512.0
4491,1e-05,0.3443340999983775,0.024350169056560844,0.014061602830354656,0.09637013361498248,1,1.4054371118545532,512.0
4492,1e-05,0.34340419999716687,0.03606526635121554,0.013830464067203658,0.19170887937070802,1,1.9536362886428833,512.0
4493,1e-05,0.34282570000141277,0.028702084557153285,0.013995349008057798,0.1316492345649749,1,1.7383630275726318,512.0
4494,1e-05,0.3445333000017854,0.03529024496674538,0.01590137163709317,0.17101236517191865,1,1.4267656803131104,512.0
4495,1e-05,0.34379059999992023,0.01750903925858438,0.013040415410484587,0.04878940567141399,1,1.0644574165344238,512.0
4496,1e-05,0.3432963000013842,0.02995635336264968,0.007095428516290018,0.1899828229798004,1,2.0108022689819336,512.0
4497,1e-05,0.3447054999996908,0.033591796178370714,0.021229288008596216,0.12012934515951201,1,1.7602838277816772,512.0
4498,1e-05,0.3441749000012351,0.09091010643169284,0.019713017224733318,0.5892897482845001,1,3.280829429626465,512.0
4499,1e-05,0.3453149000015401,0.0226856074295938,0.016914121540529386,0.0630860070232302,1,1.2226465940475464,512.0
4500,1e-05,0.345066300000326,0.017422091244952753,0.014031880402139254,0.04115356708643958,1,1.2519961595535278,512.0
4501,1e-05,0.36079550000067684,0.025243433425202966,0.014956065719681126,0.0972550108563155,1,0.9860348105430603,512.0
4502,1e-05,0.36003830000117887,0.03786134801339358,0.016430144996515343,0.18787977105239406,1,1.4668357372283936,512.0
4503,1e-05,0.34374970000135363,0.029419591883197427,0.02362850823971842,0.06995717319659889,1,1.0009095668792725,512.0
4504,1e-05,0.34532559999934165,0.037201576051302254,0.01211831858381629,0.21278437320142984,1,3.8408331871032715,512.0
4505,1e-05,0.3436815999993996,0.01879099296638742,0.008622636353330953,0.08996948727872223,1,1.1614238023757935,512.0
4506,1e-05,0.3445458999995026,0.037180200451985,0.01096776280818241,0.22066726659613778,1,1.817758321762085,512.0
4507,1e-05,0.3457602999988012,0.01996414188761264,0.009778367555035012,0.09126456454396248,1,2.1342592239379883,512.0
4508,1e-05,0.34587919999830774,0.02060244051972404,0.011513047984668187,0.08422819199040532,1,2.2733206748962402,512.0
4509,1e-05,0.34775960000115447,0.01972531690262258,0.010769621768434132,0.0824151854030788,1,1.027441143989563,512.0
4510,1e-05,0.3462284000015643,0.020572730514686555,0.015451667630778891,0.05642016918864101,1,0.7766809463500977,512.0
4511,1e-05,0.3459865000004356,0.1309118134668097,0.015453261522842305,0.9391216813819483,1,4.155856132507324,512.0
4512,1e-05,0.3473283999992418,0.08115080662537366,0.015404042255665575,0.541378204303328,1,6.740242958068848,512.0
4513,1e-05,0.34452690000034636,0.0367093977984041,0.02345999057537743,0.1294552463805303,1,2.0447113513946533,512.0
4514,1e-05,0.344017100000201,0.042571501107886434,0.011954809605543102,0.2568883425556123,1,3.9808459281921387,512.0
4515,1e-05,0.343974999999773,0.0494738919660449,0.017839789257517884,0.2709126208210364,1,2.2415997982025146,512.0
4516,1e-05,0.34431689999837545,0.03813165903557092,0.023102331374372755,0.1433369621518068,1,3.860304355621338,512.0
4517,1e-05,0.3430883000000904,0.021810905949678272,0.012383592680894904,0.08780209888936952,1,1.124945044517517,512.0
4518,1e-05,0.3451715000010154,0.04328551172511652,0.012312133463897876,0.2600991589279147,1,3.011352777481079,512.0
4519,1e-05,0.34460219999891706,0.02704307733802125,0.009633915764944894,0.14890721160918474,1,2.5715811252593994,512.0
4520,1e-05,0.34388079999916954,0.025858970591798425,0.012257928627410106,0.12106626597233117,1,1.6526845693588257,512.0
4521,1e-05,0.34370160000253236,0.03221564250998199,0.01596764102578163,0.14595164777711034,1,1.4109036922454834,512.0
4522,1e-05,0.3431587999984913,0.035019235452637076,0.0157034387146788,0.1702298119198531,1,1.1928989887237549,512.0
4523,1e-05,0.343622399999731,0.02510403050109744,0.015419548776532923,0.09289540731697343,1,1.7065141201019287,512.0
4524,1e-05,0.35089390000212006,0.026103246142156422,0.014949074414159571,0.10418245679466054,1,1.5442581176757812,512.0
4525,1e-05,0.34286449999854085,0.02655345480889082,0.013881959220660585,0.11525392153998837,1,1.8976185321807861,512.0
4526,1e-05,0.34335379999902216,0.033194395364262164,0.012648390206907476,0.17701642832253128,1,1.9797769784927368,512.0
4527,1e-05,0.34251660000154516,0.030118195922113955,0.026181439336921488,0.05767549646043335,1,2.99898362159729,512.0
4528,1e-05,0.34374749999915366,0.037550469394773245,0.018874401692301035,0.16828294505830854,1,2.326488733291626,512.0
4529,1e-05,0.34261440000045695,0.015693291497882456,0.011273334634357266,0.046632987388875335,1,0.7566888332366943,512.0
4530,1e-05,0.34425520000149845,0.018448860617354512,0.010820990627897637,0.0718439499323722,1,1.2096741199493408,512.0
4531,1e-05,0.34525220000068657,0.039038439048454165,0.011393788104344691,0.23255099475500174,1,1.923876166343689,512.0
4532,1e-05,0.3436508999984653,0.03562036948278546,0.022939306085131,0.1243878222303465,1,1.3179715871810913,512.0
4533,1e-05,0.34489310000208206,0.042238383553922176,0.01781986267971141,0.21316802356159315,1,3.5784695148468018,512.0
4534,1e-05,0.34511790000033216,0.023798341513611376,0.01816443566765104,0.06323568359948695,1,1.443230152130127,512.0
4535,1e-05,0.3432470000007015,0.025955436110962182,0.01210710100297417,0.1228937873383984,1,1.2390767335891724,512.0
4536,1e-05,0.34382990000085556,0.017628660250920802,0.011362750681915454,0.06149003148857446,1,0.7682052850723267,512.0
4537,1e-05,0.35116070000003674,0.01753263338468969,0.013850216753780842,0.04330954805482179,1,1.407926321029663,512.0
4538,1e-05,0.34412999999767635,0.019751710176933557,0.011804346427587526,0.07538326250505634,1,1.2605512142181396,512.0
4539,1e-05,0.3446045000018785,0.06722781457938254,0.019880053786826984,0.39866214281937573,1,5.547111511230469,512.0
4540,1e-05,0.34283789999972214,0.02563707751687616,0.014012517141444343,0.10700899616540482,1,1.3596577644348145,512.0
4541,1e-05,0.3429541999976209,0.03128772368654609,0.025092266599780748,0.07465591840445995,1,1.3517961502075195,512.0
4542,1e-05,0.34415570000055595,0.03116862359456718,0.02307615628732102,0.08781589241698384,1,1.2662280797958374,512.0
4543,1e-05,0.3444022000003315,0.04532529506832361,0.029419098182448318,0.15666867897380143,1,2.113445520401001,512.0
4544,1e-05,0.3428321999999753,0.02382098970701918,0.01172003775302853,0.10852764480659971,1,0.8991377353668213,512.0
4545,1e-05,0.3438399999977264,0.030511181335896254,0.016505140545112745,0.1285534668713808,1,1.0022321939468384,512.0
4546,1e-05,0.3430482000003394,0.039953877800144255,0.019635970704257488,0.18217923294287175,1,2.206493377685547,512.0
4547,1e-05,0.34281710000141175,0.021945904940366745,0.015246270091405936,0.06884334818460047,1,1.8983265161514282,512.0
4548,1e-05,0.34313489999840385,0.032096059643663466,0.009561966505966015,0.18983471021056175,1,2.1491787433624268,512.0
4549,1e-05,0.3431971000027261,0.07175736769568175,0.012873659010178276,0.4839433478846331,1,4.776497840881348,512.0
4550,1e-05,0.34283789999972214,0.030587637796998024,0.01893661596945354,0.11214479437330738,1,3.5356967449188232,512.0
4551,1e-05,0.3461740999991889,0.0200802834588103,0.01729617134800979,0.03956906485836953,1,1.3559868335723877,512.0
4552,1e-05,0.3437941000011051,0.06906681507825851,0.009690372672464167,0.48470191861269996,1,5.946301460266113,512.0
4553,1e-05,0.3449127999992925,0.01950172509532422,0.011246335892272847,0.07728945469716564,1,1.063315987586975,512.0
4554,1e-05,0.34374599999864586,0.030142624396830797,0.015309113111080868,0.13397719839122146,1,1.1472280025482178,512.0
4555,1e-05,0.342739799998526,0.021094301890116185,0.01334515493363142,0.07533832776971394,1,1.3588471412658691,512.0
4556,1e-05,0.3426988999999594,0.044739457545802,0.01150440817166652,0.27738478942774236,1,3.169555902481079,512.0
4557,1e-05,0.3448269000000437,0.02931716974126175,0.016125236504844258,0.12166069539671298,1,1.8110390901565552,512.0
4558,1e-05,0.3429364000003261,0.03054421825800091,0.010889916913583875,0.16812432415463263,1,2.2403221130371094,512.0
4559,1e-05,0.3418031000001065,0.024181902001146227,0.016826259637517587,0.07567139582533855,1,1.2554562091827393,512.0
4560,1e-05,0.3435246000008192,0.01713746110908687,0.010337361799819129,0.06473815863137133,1,0.5872622132301331,512.0
4561,1e-05,0.3427311000014015,0.11841981124598533,0.01540134142019919,0.8395491084083915,1,2.9905812740325928,512.0
4562,1e-05,0.34299280000050203,0.030574322503525764,0.009762870480439492,0.17625449257320724,1,1.999983787536621,512.0
4563,1e-05,0.3433463000001211,0.05895250951289199,0.01287736660534782,0.38147849799133837,1,5.123066425323486,512.0
4564,1e-05,0.3422251000010874,0.029127192916348577,0.00943805989144104,0.1669511339860037,1,3.484408378601074,512.0
4565,1e-05,0.34308259999670554,0.0339182143798098,0.0156986712078963,0.1614550166996196,1,3.1324667930603027,512.0
4566,1e-05,0.3450864999977057,0.03737785300472751,0.021412728520642434,0.1491337253828533,1,1.4820750951766968,512.0
4567,1e-05,0.3435231000003114,0.054094486753456295,0.019075787626206875,0.29922537389211357,1,2.436278820037842,512.0
4568,1e-05,0.3439498999978241,0.02326116373296827,0.007959115119384868,0.13037551031447947,1,1.453059196472168,512.0
4569,1e-05,0.34484169999996084,0.0196341973496601,0.014889102894812822,0.05284985635080375,1,1.6524409055709839,512.0
4570,1e-05,0.34355779999896185,0.07265474507585168,0.0122860027976068,0.49523594975471497,1,2.821174383163452,512.0
4571,1e-05,0.34277799999836134,0.027472478919662535,0.007259857774313007,0.16896082471794216,1,1.066257119178772,512.0
4572,1e-05,0.3431646000026376,0.019058281264733523,0.01532998850702175,0.04515633167466149,1,0.9887751340866089,512.0
4573,1e-05,0.34392600000137463,0.03599912871140987,0.007886746332847647,0.2327858125208877,1,1.7495702505111694,512.0
4574,1e-05,0.3435882000012498,0.03096290142275393,0.013909801109028714,0.15033460198901594,1,1.2234961986541748,512.0
4575,1e-05,0.344339499999478,0.024073057575151324,0.017451373594147817,0.07042485050624236,1,1.9030439853668213,512.0
4576,1e-05,0.343206999998074,0.022188255476066843,0.011746520708714212,0.09528040094301105,1,1.23002290725708,512.0
4577,1e-05,0.34371979999923497,0.026403131138067693,0.008939087124807494,0.14865143835777417,1,2.928380012512207,512.0
4578,1e-05,0.3490276000011363,0.02042323345085606,0.016443761631048152,0.04827953735366464,1,0.930351972579956,512.0
4579,1e-05,0.3426618999983475,0.032985254598315805,0.011226826247626118,0.18529425849555992,1,2.553114891052246,512.0
4580,1e-05,0.3445181999995839,0.05859218421392143,0.014275897626898118,0.36880616413691314,1,3.6256062984466553,512.0
4581,1e-05,0.34325579999858746,0.04169157048454508,0.007628919024552617,0.2801301411818713,1,2.6797397136688232,512.0
4582,1e-05,0.3438912000019627,0.028109541453886777,0.009627182269468904,0.15748606307897717,1,2.9274396896362305,512.0
4583,1e-05,0.3428292999997211,0.02242503280285746,0.01909313364220517,0.045748324831947684,1,1.5839592218399048,512.0
4584,1e-05,0.34410099999877275,0.012781888362951577,0.009348370267876558,0.03681651696319932,1,0.8341794013977051,512.0
4585,1e-05,0.3433039999981702,0.025517862348351628,0.011912376486829348,0.12075626097794157,1,1.939834713935852,512.0
4586,1e-05,0.3444006999998237,0.02509475126862526,0.011831318560455526,0.1179387747833971,1,1.7373298406600952,512.0
4587,1e-05,0.34393939999790746,0.02637692168354988,0.016991058763648783,0.09207795932888985,1,1.2940242290496826,512.0
4588,1e-05,0.3433794999982638,0.01408332894789055,0.008921749756804534,0.05021438334370032,1,0.9348079562187195,512.0
4589,1e-05,0.3437622999990708,0.03017170651583001,0.013776603820068496,0.1449374261428602,1,2.2613513469696045,512.0
4590,1e-05,0.34370510000007926,0.02713196654804051,0.011716390893395458,0.13504100195132196,1,1.7777546644210815,512.0
4591,1e-05,0.34398719999808236,0.027766891929786652,0.013236458712656583,0.12947991584223928,1,2.0577495098114014,512.0
4592,1e-05,0.3445821999994223,0.026831703260540962,0.019884352372693165,0.0754631623858586,1,1.3708548545837402,512.0
4593,1e-05,0.34386739999899874,0.02427200973033905,0.013343315172408308,0.10077287619060371,1,1.3399090766906738,512.0
4594,1e-05,0.3433731000004627,0.02510312749654986,0.009913948530863439,0.1314273790922016,1,1.6497931480407715,512.0
4595,1e-05,0.344247599998198,0.01817192047019489,0.010090334074837821,0.07474302127957344,1,1.6741952896118164,512.0
4596,1e-05,0.34316169999874546,0.08806036633905023,0.02047990176028439,0.5611236242111772,1,5.735316276550293,512.0
4597,1e-05,0.3425716999990982,0.04257451987359673,0.017424298716442927,0.2186260632588528,1,2.1134958267211914,512.0
4598,1e-05,0.3428727999998955,0.0757216836209409,0.01635147025808692,0.4913131613720907,1,5.882130146026611,512.0
4599,1e-05,0.3454134999992675,0.028354770794976503,0.0115052212827972,0.14630162483081222,1,1.7749844789505005,512.0
4600,1e-05,0.3433285999999498,0.02916065277531743,0.015208602949444736,0.12682499561924487,1,1.3043149709701538,512.0
4601,1e-05,0.3433794000011403,0.02937526913592592,0.010994251883987869,0.1580423908890225,1,2.226076364517212,512.0
4602,1e-05,0.3437893000009353,0.07316179946064949,0.026168739356632744,0.40211324163828976,1,5.979452610015869,512.0
4603,1e-05,0.34839170000122976,0.01936612813733518,0.00991557671555451,0.08551999551127665,1,1.9083181619644165,512.0
4604,1e-05,0.3454098000001977,0.02349520882125944,0.011247354060677546,0.10923019866459072,1,2.021303176879883,512.0
4605,1e-05,0.3457608999997319,0.03221286472398788,0.01348062398444329,0.1633385627064854,1,1.7370768785476685,512.0
4606,1e-05,0.3425774999996065,0.03202439262531698,0.014041086791881494,0.1579075240297243,1,1.314024806022644,512.0
4607,1e-05,0.343252400001802,0.02236676320899278,0.016807751996176585,0.06127984645900142,1,1.7173795700073242,512.0
4608,1e-05,0.3444290999977966,0.029691500822082162,0.014876565363790308,0.13339606195222586,1,1.5876771211624146,512.0
4609,1e-05,0.34299059999830206,0.06177576072514057,0.02059111145458051,0.3500682970043272,1,3.7240047454833984,512.0
4610,1e-05,0.3452173999976367,0.02143501682439819,0.01867384310545666,0.04076323306071572,1,2.3557212352752686,512.0
4611,1e-05,0.3430087000015192,0.029067457653582096,0.018889599346688817,0.1003124623093754,1,2.1642682552337646,512.0
4612,1e-05,0.34290660000260687,0.0413810727186501,0.01803954191772001,0.20477177712018602,1,2.419984817504883,512.0
4613,1e-05,0.34339299999919604,0.029729841742664576,0.012565708020702004,0.1498787731397897,1,2.147390365600586,512.0
4614,1e-05,0.3436431999980414,0.03242744551971555,0.01703838531726173,0.14015086273138877,1,2.1222167015075684,512.0
4615,1e-05,0.34200419999979204,0.034089412656612694,0.023049081276570047,0.11137172363669379,1,1.832995891571045,512.0
4616,1e-05,0.34301810000033583,0.027245642966590822,0.016177473789347068,0.10472281936381478,1,2.011221408843994,512.0
4617,1e-05,0.3442116999976861,0.031286384793929756,0.010496412869542837,0.17681619134964421,1,2.4245567321777344,512.0
4618,1e-05,0.3432059999977355,0.02665515779517591,0.0196700676211289,0.07555078796576709,1,1.6576930284500122,512.0
4619,1e-05,0.344845700001315,0.026327876141294837,0.012665007063852889,0.12196795572526753,1,2.6971383094787598,512.0
4620,1e-05,0.3441540999992867,0.02621958765666932,0.019869818751301085,0.07066796952858567,1,1.629698395729065,512.0
4621,1e-05,0.34276069999759784,0.02745232719462365,0.013412994532180684,0.12572765125514707,1,2.082108974456787,512.0
4622,1e-05,0.34441230000084033,0.031788686697836965,0.012490220567477601,0.16687794015160762,1,3.444377899169922,512.0
4623,1e-05,0.3445142999989912,0.027893289865460247,0.012251988219629441,0.13738240505335853,1,1.5709203481674194,512.0
4624,1e-05,0.3429255999981251,0.051067403983324766,0.009171292618183153,0.34434018714819103,1,2.4683215618133545,512.0
4625,1e-05,0.3443224000002374,0.021789566846564412,0.013323468954435416,0.08105225393592264,1,0.8310422897338867,512.0
4626,1e-05,0.3424755999985791,0.02392096701078117,0.011001717099653823,0.11435571289621294,1,1.5369102954864502,512.0
4627,1e-05,0.34370839999974123,0.017908105510286987,0.015970417015653635,0.031471925423829816,1,1.0828132629394531,512.0
4628,1e-05,0.34450079999805894,0.04464643233222887,0.00778708141297102,0.30266190005932003,1,3.7578320503234863,512.0
4629,1e-05,0.3423131999988982,0.0257728568976745,0.014956548743482147,0.10148701426805928,1,2.152266263961792,512.0
4630,1e-05,0.34218609999879845,0.03924953786190599,0.012256685311772994,0.22819949872791767,1,4.14195442199707,512.0
4631,1e-05,0.34329929999876185,0.01967478822916746,0.00918987626209855,0.09306916410059785,1,2.146493673324585,512.0
4632,1e-05,0.343185400000948,0.03773525625001639,0.012144885624625854,0.21686785604106262,1,2.499864101409912,512.0
4633,1e-05,0.34302100000059,0.10655184928327799,0.011446164521787847,0.7722916926722974,1,8.011064529418945,512.0
4634,1e-05,0.3443136999994749,0.05715305090416223,0.01611992939641433,0.3443848847527988,1,2.5171632766723633,512.0
4635,1e-05,0.3428277999992133,0.05563210276886821,0.010605248955211468,0.370820073178038,1,2.1599674224853516,512.0
4636,1e-05,0.34366120000049705,0.05020535702351481,0.016568798372255906,0.28566126723308116,1,2.046762466430664,512.0
4637,1e-05,0.34492990000217105,0.02416982303839177,0.010713859877016927,0.11836156552453758,1,2.0125532150268555,512.0
4638,1e-05,0.3433123999966483,0.05376100086141378,0.01620192187173026,0.3166745788184926,1,1.795589566230774,512.0
4639,1e-05,0.3446868999999424,0.0321837009396404,0.015872408968529532,0.14636274718213826,1,1.2300053834915161,512.0
4640,1e-05,0.3487992000009399,0.03953853156417608,0.017294660144086395,0.19524563163577113,1,1.6684788465499878,512.0
4641,1e-05,0.34430110000175773,0.021287422510795295,0.01517269161662885,0.06409054272808135,1,1.7566276788711548,512.0
4642,1e-05,0.3435834999982035,0.08868887997232378,0.013954750395246915,0.6118278419598937,1,5.938799858093262,512.0
4643,1e-05,0.3482352000028186,0.035873820655979216,0.012286467012017965,0.2009852979099378,1,3.161569833755493,512.0
4644,1e-05,0.3432171999993443,0.03233089193236083,0.011093457894665855,0.18099293333943933,1,1.9881443977355957,512.0
4645,1e-05,0.34298990000024787,0.026956076559145004,0.018320209745849882,0.08740714227315038,1,1.941590428352356,512.0
4646,1e-05,0.34298049999779323,0.015370236127637327,0.01297465871487345,0.03213927848264575,1,0.7943055033683777,512.0
4647,1e-05,0.342407699998148,0.043906355975195765,0.012467645042176758,0.26397733169142157,1,2.6406450271606445,512.0
4648,1e-05,0.34311410000009346,0.02061469224281609,0.013298528368717857,0.07182783856114838,1,0.920467734336853,512.0
4649,1e-05,0.34312169999975595,0.02513604424893856,0.01994465371327741,0.06147577869705856,1,1.4148013591766357,512.0
4650,1e-05,0.34330989999943995,0.028950722771696746,0.02167764339329941,0.07986227271612734,1,1.0036967992782593,512.0
4651,1e-05,0.34348989999853075,0.04665234195999801,0.012032419675961137,0.28899180539883673,1,2.9598309993743896,512.0
4652,1e-05,0.34271679999801563,0.022547240543644875,0.019158553598182543,0.04626804616418667,1,1.8698502779006958,512.0
4653,1e-05,0.3427037000001292,0.026278180652298033,0.014276592426800303,0.11028930084285093,1,1.9413704872131348,512.0
4654,1e-05,0.3447450999992725,0.07087255548685789,0.01572730072907039,0.4568893234245479,1,3.6541104316711426,512.0
4655,1e-05,0.34334579999995185,0.1080878630746156,0.014820085040160589,0.7609623522148468,1,7.340814590454102,512.0
4656,1e-05,0.3470276999978523,0.04276388604193926,0.020908379794231484,0.19575242594873998,1,1.4299564361572266,512.0
4657,1e-05,0.3567431999981636,0.051857111626304686,0.027645306162802235,0.22133975342148915,1,2.660865545272827,512.0
4658,1e-05,0.35726050000084797,0.03341268951771781,0.01684682017990521,0.14937376548186876,1,2.4632372856140137,512.0
4659,1e-05,0.4168078000002424,0.048115387791767716,0.016604776427681957,0.2686896644590888,1,4.54709529876709,512.0
4660,1e-05,0.3653699999995297,0.026481190987396985,0.01324465498328209,0.11913693355745636,1,3.405827760696411,512.0
4661,1e-05,0.3606441999982053,0.026977491565048695,0.014114892708935909,0.11701569450087845,1,2.3034143447875977,512.0
4662,1e-05,0.36737409999841475,0.027801399468444288,0.014591402906392301,0.12027137030781887,1,2.6292619705200195,512.0
4663,1e-05,0.3640938999997161,0.050204784027300775,0.011092563359332936,0.32399032497778535,1,4.299960136413574,512.0
4664,1e-05,0.3606586999994761,0.05736300768330693,0.01994780850197588,0.3192694098688662,1,2.4694738388061523,512.0
4665,1e-05,0.3724356999991869,0.09759536676574498,0.018035933641450747,0.6545114313921658,1,4.038385391235352,512.0
4666,1e-05,0.3414956999986316,0.04933039681054652,0.01717265835031867,0.27443456661421806,1,2.602064609527588,512.0
4667,1e-05,0.3308556000010867,0.059682167891878635,0.017661133514983312,0.35382941317220684,1,3.7840840816497803,512.0
4668,1e-05,0.33269470000232104,0.03141559049254283,0.013824125485760825,0.1545558418147266,1,2.0042805671691895,512.0
4669,1e-05,0.32972479999807547,0.03239005012437701,0.025316871835717132,0.08190230798209086,1,1.5575282573699951,512.0
4670,1e-05,0.32919680000122753,0.03965895436704159,0.012495175403143679,0.2298053996200906,1,3.5220842361450195,512.0
4671,1e-05,0.33247929999924963,0.04162272810935974,0.011324203174029077,0.25371241636457853,1,2.1784987449645996,512.0
4672,1e-05,0.32988800000021,0.03479487239383161,0.019035366363823414,0.14511140197282657,1,1.365626335144043,512.0
4673,1e-05,0.3310060000003432,0.04153595375828445,0.017299973405897617,0.21118782029952854,1,2.3011765480041504,512.0
4674,1e-05,0.3322779000009177,0.02299928676802665,0.012303821742534637,0.09786754311062396,1,1.5429723262786865,512.0
4675,1e-05,0.33045270000002347,0.03176375152543187,0.011700443125196866,0.1722069070674479,1,2.8376455307006836,512.0
4676,1e-05,0.3301651000001584,0.053284419467672706,0.014554924132036311,0.32439087895909324,1,3.097301483154297,512.0
4677,1e-05,0.32989050000105635,0.015773559920489788,0.013307431978838784,0.03303645177766157,1,1.0899823904037476,512.0
4678,1e-05,0.3303379000026325,0.03496301523409784,0.01645153681082385,0.16454335395246744,1,2.084268093109131,512.0
4679,1e-05,0.32916800000020885,0.0524523762287572,0.017730851657688618,0.29550306708551943,1,2.706880807876587,512.0
4680,1e-05,0.33203069999945,0.03157731506507844,0.01671580843893545,0.13560785230947658,1,1.6244573593139648,512.0
4681,1e-05,0.32885040000110166,0.0300968011142686,0.015357914846390486,0.13326899809908355,1,1.7443956136703491,512.0
4682,1e-05,0.3295307000007597,0.029886000673286617,0.02337978926620313,0.07542947516776621,1,1.0418790578842163,512.0
4683,1e-05,0.33024659999864525,0.045780276763252914,0.013020839874765702,0.2750963155704085,1,2.95756196975708,512.0
4684,1e-05,0.3333576999975776,0.017444445518776774,0.011491334464933192,0.05911622257553972,1,1.3351246118545532,512.0
4685,1e-05,0.33494659999996657,0.029152687988243997,0.018038821406662464,0.10694975819205865,1,2.1408917903900146,512.0
4686,1e-05,0.33515970000007655,0.021312654542271048,0.0130150869289147,0.07939562798128463,1,1.2438024282455444,512.0
4687,1e-05,0.33364570000048843,0.02538607659516856,0.01291131810285151,0.11270938819507137,1,2.2907114028930664,512.0
4688,1e-05,0.3366791000007652,0.012960001651663333,0.008951912966689892,0.041016625677002594,1,0.7712786197662354,512.0
4689,1e-05,0.33387629999924684,0.026904610742349178,0.013626126838581902,0.11985399969853461,1,1.2831262350082397,512.0
4690,1e-05,0.332748900000297,0.02514874830376357,0.0134272398759744,0.10719930924824439,1,1.154638648033142,512.0
4691,1e-05,0.33314900000186753,0.0370173598639667,0.009689231270125933,0.22831424174364656,1,1.7932696342468262,512.0
4692,1e-05,0.3317109999989043,0.03774716262705624,0.018016316794923375,0.17586308716636267,1,2.476515054702759,512.0
4693,1e-05,0.3313529999977618,0.034524204093031585,0.019283206867320195,0.14121119171613827,1,2.249469518661499,512.0
4694,1e-05,0.3350685000004887,0.05583985632983968,0.01388609063412462,0.3495162164326757,1,2.71716046333313,512.0
4695,1e-05,0.3295741000001726,0.03585088450927287,0.011246342278484787,0.20808268533437513,1,2.072392702102661,512.0
4696,1e-05,0.3334876999979315,0.024528462265152484,0.01043482603771346,0.12318390957079828,1,1.4082938432693481,512.0
4697,1e-05,0.3307514000007359,0.021494235610589385,0.015246929999973093,0.06522537125420058,1,1.0887248516082764,512.0
4698,1e-05,0.332597500000702,0.14051262359134853,0.01544356725311705,1.0159960521850735,1,8.351666450500488,512.0
4699,1e-05,0.3306013000001258,0.04329850571230054,0.015985979565552304,0.23448618466500193,1,3.2264156341552734,512.0
4700,1e-05,0.33010510000167415,0.04863350559026003,0.010386152059904166,0.31636498228181154,1,2.6652138233184814,512.0
4701,1e-05,0.33106970000153524,0.03133715834701434,0.016699213534593582,0.1338027717138175,1,1.4254075288772583,512.0
4702,1e-05,0.33084189999863156,0.03288887767121196,0.010112439215715443,0.19232394789287355,1,1.4386110305786133,512.0
4703,1e-05,0.33151019999786513,0.03143475775141269,0.01764882874808141,0.1279362530913204,1,1.5195680856704712,512.0
4704,1e-05,0.32879999999931897,0.035369492368772626,0.012614787489707981,0.1946524230297655,1,3.568010091781616,512.0
4705,1e-05,0.32830810000086785,0.04332326340954751,0.03524626472166607,0.09986226091859862,1,3.368040084838867,512.0
4706,1e-05,0.33022889999847393,0.04964042000938207,0.016197026973324164,0.2837441883748397,1,5.713111877441406,512.0
4707,1e-05,0.32952039999872795,0.04243729717563838,0.012960714687194144,0.24877337296493351,1,3.5158886909484863,512.0
4708,1e-05,0.3288352000017767,0.020801876089535654,0.012461422410394465,0.0791850522509776,1,1.3665764331817627,512.0
4709,1e-05,0.32773699999961536,0.015790458070114255,0.011274731451911586,0.047400544164702296,1,1.1539887189865112,512.0
4710,1e-05,0.3294433000010031,0.03625239129178226,0.025643937356237854,0.11051156476605684,1,2.047516107559204,512.0
4711,1e-05,0.3295761000008497,0.025164757680613548,0.018262168192969903,0.07348288223147392,1,2.357473611831665,512.0
4712,1e-05,0.33068920000005164,0.02331361547112465,0.011528260141078914,0.10581110481871292,1,1.3626692295074463,512.0
4713,1e-05,0.332689399998344,0.020707920310087502,0.011035250799198235,0.0884166071045911,1,1.3372310400009155,512.0
4714,1e-05,0.32938260000082664,0.06170284585095942,0.01596006178962333,0.3819023300893605,1,3.9859206676483154,512.0
4715,1e-05,0.3291367999991053,0.14407332404516637,0.011941678555948394,1.0689948424696922,1,9.101994514465332,512.0
4716,1e-05,0.33000609999726294,0.01955653919139877,0.01579620223492384,0.045878896926296875,1,1.216477394104004,512.0
4717,1e-05,0.3283794000017224,0.031460037687793374,0.01848076077710305,0.12231497414177284,1,2.7841014862060547,512.0
4718,1e-05,0.32912450000003446,0.02831815415993333,0.020204081732247556,0.08511666339472868,1,2.641493082046509,512.0
4719,1e-05,0.3312232000025688,0.02554518880788237,0.016142086325479404,0.0913669090368785,1,1.757786512374878,512.0
4720,1e-05,0.3298661999979231,0.03365652711363509,0.018672545307448933,0.13854439742863178,1,2.0112874507904053,512.0
4721,1e-05,0.33013710000159335,0.03535115049453452,0.014082488803459066,0.18423177870135987,1,1.470205545425415,512.0
4722,1e-05,0.3313659999985248,0.045343464822508395,0.015028242953121662,0.25755001416109735,1,3.220853805541992,512.0
4723,1e-05,0.329909600000974,0.024515722645446658,0.019944729283452034,0.05651267719804309,1,1.305817723274231,512.0
4724,1e-05,0.32957119999991846,0.02532161946874112,0.015163287686716233,0.09642993845045567,1,1.1452056169509888,512.0
4725,1e-05,0.32909139999901527,0.041217203601263463,0.014225370516734464,0.2301600412465632,1,2.751960515975952,512.0
4726,1e-05,0.32835180000256514,0.02948599844239652,0.012185119624648775,0.15059215822839178,1,1.4044641256332397,512.0
4727,1e-05,0.329476999999315,0.03314897301606834,0.017857795315129415,0.14018722209220869,1,1.8747047185897827,512.0
4728,1e-05,0.3332485999999335,0.019058645062614232,0.010574993344822101,0.07844420726178214,1,0.9454158544540405,512.0
4729,1e-05,0.3348015999981726,0.02392371674068272,0.009660212356331093,0.12376824178500101,1,2.5826573371887207,512.0
4730,1e-05,0.3348628000021563,0.019544471229892224,0.007674492030803647,0.10263432000647299,1,1.164381504058838,512.0
4731,1e-05,0.3348171999969054,0.04721582928323187,0.010182453385953392,0.3064494328282308,1,4.371884346008301,512.0
4732,1e-05,0.33433960000184015,0.036218246386852115,0.011629858453358923,0.20833697109628702,1,2.1432909965515137,512.0
4733,1e-05,0.335737400000653,0.04396272759186104,0.013427327054419689,0.25771053647622466,1,2.9135890007019043,512.0
4734,1e-05,0.3330339999993157,0.05233999586198479,0.024298834947070906,0.24862811638740823,1,2.8786725997924805,512.0
4735,1e-05,0.329218500002753,0.017976703820750117,0.012203678289162261,0.05838787974789739,1,1.3513351678848267,512.0
4736,1e-05,0.3289256000025489,0.019273266283562407,0.01044496860621231,0.0810713549144566,1,1.8702497482299805,512.0
4737,1e-05,0.3310977000001003,0.025707415770739317,0.013040890651089805,0.11437309358734637,1,1.3098349571228027,512.0
4738,1e-05,0.3278537999976834,0.04040798108326271,0.00753456839759435,0.27052186673972756,1,3.357424259185791,512.0
4739,1e-05,0.3285190999995393,0.015858129132539034,0.011120137359414781,0.04902407096233219,1,1.9126482009887695,512.0
4740,1e-05,0.3305307000009634,0.020695569459348917,0.016998545532780036,0.0465747332200408,1,1.0629510879516602,512.0
4741,1e-05,0.3301081999998132,0.024585214094258845,0.01159538042598537,0.11551404697820544,1,0.9555009603500366,512.0
4742,1e-05,0.3300465000029362,0.034142622782383114,0.011747491745544332,0.19090852918452583,1,1.484127163887024,512.0
4743,1e-05,0.3304712999997719,0.019232324324548244,0.015391596326870578,0.04611742339329794,1,0.7663613557815552,512.0
4744,1e-05,0.3297230000025593,0.027011880418285728,0.017092294724924222,0.09644898527767509,1,1.7845264673233032,512.0
4745,1e-05,0.3295227000016894,0.020741424639709294,0.008553513924458198,0.1060567990061827,1,1.233954668045044,512.0
4746,1e-05,0.3302517000010994,0.043794889003038406,0.021262965264863203,0.20151835400611162,1,1.947691798210144,512.0
4747,1e-05,0.3287369999998191,0.024420399451628327,0.013445446267724037,0.10124507267028093,1,1.113939881324768,512.0
4748,1e-05,0.3314181000023382,0.0318484507733956,0.016696680935897996,0.13791084420518018,1,2.582249641418457,512.0
4749,1e-05,0.33151899999938905,0.030698689457494766,0.01805770630016923,0.11918555898591876,1,1.6800546646118164,512.0
4750,1e-05,0.32890869999755523,0.22253950114827603,0.010153383715078235,1.7092423458816484,1,7.192226886749268,512.0
4751,1e-05,0.3322733999993943,0.017251398297958076,0.008369442674198322,0.07942509022541344,1,1.2958492040634155,512.0
4752,1e-05,0.32982000000265543,0.012472075002733618,0.006503170422677483,0.054254408343695104,1,1.1347862482070923,512.0
4753,1e-05,0.3334002000010514,0.04151422856375575,0.01367898701157953,0.23636090895161033,1,1.4276992082595825,512.0
4754,1e-05,0.3308619000017643,0.04648873838596046,0.015017107993896519,0.2667901625391096,1,1.5825754404067993,512.0
4755,1e-05,0.3310782000007748,0.0384071801090613,0.01942745955394847,0.17126523063052446,1,4.460757732391357,512.0
4756,1e-05,0.3304384000002756,0.07159558648709208,0.013524927598025118,0.4780901975464076,1,7.821113586425781,512.0
4757,1e-05,0.32972090000112075,0.019420046301092952,0.01523354449974639,0.04872556065674871,1,0.987355649471283,512.0
4758,1e-05,0.3311892000019725,0.02110874722711742,0.013121028497282947,0.07702277891803533,1,1.3882997035980225,512.0
4759,1e-05,0.3356105999991996,0.02416222996544093,0.018604836958859648,0.06306397909065709,1,1.357581377029419,512.0
4760,1e-05,0.3349874000014097,0.0215518856421113,0.01470984538484897,0.06944615987595171,1,2.178464889526367,512.0
4761,1e-05,0.3343185999983689,0.03330455091781914,0.015419128750051771,0.15850250504445285,1,1.3763607740402222,512.0
4762,1e-05,0.33524169999873266,0.027253645355813205,0.015137025554265295,0.11206998099805787,1,1.8334951400756836,512.0
4763,1e-05,0.33103740000296966,0.026971090235747397,0.012297493339117085,0.12968626979272813,1,2.619502544403076,512.0
4764,1e-05,0.32984790000045905,0.03533547779079527,0.018821911121319448,0.15093044785317034,1,3.3311169147491455,512.0
4765,1e-05,0.33021050000024843,0.026761649060063064,0.014964711353448885,0.10934020229615271,1,1.1803468465805054,512.0
4766,1e-05,0.3371289999995497,0.03636601846665144,0.01616934666942273,0.17774271575035527,1,1.6729803085327148,512.0
4767,1e-05,0.3355650000012247,0.022360518691129982,0.01302297699398228,0.08772330899955705,1,1.1501141786575317,512.0
4768,1e-05,0.33450770000126795,0.02089651266578585,0.011818701733968087,0.08444118571333092,1,2.3579554557800293,512.0
4769,1e-05,0.3341175999994448,0.02204246842302382,0.018390511428671225,0.04760616397834383,1,1.4193682670593262,512.0
4770,1e-05,0.3344281999998202,0.025245027849450707,0.017640463209577968,0.07847697881516069,1,1.4970680475234985,512.0
4771,1e-05,0.33548220000011497,0.027064064983278513,0.015524408547207713,0.10784165325458162,1,1.936465859413147,512.0
4772,1e-05,0.3343048999995517,0.03764877957291901,0.020432364461677417,0.1581636818445986,1,1.7700074911117554,512.0
4773,1e-05,0.33498619999954826,0.034372038091532886,0.014008067880890198,0.17691982118412852,1,2.991577386856079,512.0
4774,1e-05,0.33551989999978105,0.021591865574009717,0.01199563339884792,0.08876548963598907,1,1.2506463527679443,512.0
4775,1e-05,0.3358044999986305,0.031054460909217596,0.009916423021682672,0.1790207323501818,1,1.4384304285049438,512.0
4776,1e-05,0.33614350000061677,0.06954385343124159,0.015670307196809778,0.44665871095639886,1,3.234381675720215,512.0
4777,1e-05,0.3340191999996023,0.03504291572608054,0.016041756541069065,0.16805102210491896,1,1.7393571138381958,512.0
4778,1e-05,0.3353758999983256,0.03728874051012099,0.016755218684141125,0.18102338601602241,1,2.6429646015167236,512.0
4779,1e-05,0.33583359999829554,0.07169254124164581,0.013101720716804266,0.4818283054046333,1,2.5415446758270264,512.0
4780,1e-05,0.335983999997552,0.06870618520770222,0.011023920827678271,0.4724820405244827,1,2.813253402709961,512.0
4781,1e-05,0.3354275999990932,0.017600331688299775,0.014339214456932885,0.040428152671665885,1,0.814684271812439,512.0
4782,1e-05,0.334078200001386,0.02366051048738882,0.010433112470699208,0.1162522925878875,1,1.6246657371520996,512.0
4783,1e-05,0.3345184000027075,0.02283154334872961,0.01297505752050451,0.09182694142509717,1,1.177368402481079,512.0
4784,1e-05,0.32974389999799314,0.02684244140982628,0.012468814982899598,0.12745783105492592,1,1.5098111629486084,512.0
4785,1e-05,0.33078069999828585,0.030317552387714386,0.0185980525566265,0.11235405504703522,1,2.4791436195373535,512.0
4786,1e-05,0.3292513999986113,0.026533837197348475,0.016469803572233235,0.09698207571636885,1,1.6094621419906616,512.0
4787,1e-05,0.3306988000003912,0.01622420165222138,0.00950942121978317,0.0632276636606548,1,2.01185941696167,512.0
4788,1e-05,0.3301826000024448,0.017004210501909256,0.009671856516173907,0.06833068834384903,1,1.1792676448822021,512.0
4789,1e-05,0.32903450000230805,0.04198230872862041,0.009839532098599843,0.26698175628189347,1,2.834416151046753,512.0
4790,1e-05,0.33000750000064727,0.046417218749411404,0.013790517613025648,0.2748041252489202,1,1.9684182405471802,512.0
4791,1e-05,0.3315428999994765,0.0264499542536214,0.009591036343148776,0.14446237427182496,1,2.0312108993530273,512.0
4792,1e-05,0.3297848999973212,0.04963919287547469,0.01724486518651247,0.27639947400894016,1,3.4745349884033203,512.0
4793,1e-05,0.33133710000038263,0.01532310206675902,0.01094471403796758,0.045971821491548326,1,1.1881791353225708,512.0
4794,1e-05,0.3293298999997205,0.031094120466150343,0.015803712154073373,0.13812697411049157,1,1.337056279182434,512.0
4795,1e-05,0.32751680000001215,0.030744113842956722,0.012423718547714608,0.1589868851006031,1,1.2603397369384766,512.0
4796,1e-05,0.3294387000023562,0.05089687826693989,0.012927208860803927,0.31668456457555294,1,3.3096721172332764,512.0
4797,1e-05,0.3353001999967091,0.056254154653288424,0.013789985528481858,0.35350333189126104,1,2.5238869190216064,512.0
4798,1e-05,0.3325662999995984,0.02291502885054797,0.014611214000199522,0.08104173785977764,1,1.722624659538269,512.0
4799,1e-05,0.3299187000011443,0.024775821075309068,0.013145212084054947,0.10619008512003347,1,1.9261879920959473,512.0
4800,1e-05,0.33476230000087526,0.026863951119594276,0.0154358702711761,0.10686052130768076,1,1.4786657094955444,512.0
4801,1e-05,0.33097409999754746,0.01968114252667874,0.013437951914966106,0.06338347506243736,1,1.4383494853973389,512.0
4802,1e-05,0.3432074000011198,0.020569029438775033,0.017655768232153996,0.04096186353126541,1,1.0437703132629395,512.0
4803,1e-05,0.332586699998501,0.030980346142314374,0.013766713773033448,0.15147577441530302,1,1.5079165697097778,512.0
4804,1e-05,0.3352357000003394,0.02866932621691376,0.009582894388586283,0.16227434948086739,1,1.854238510131836,512.0
4805,1e-05,0.33467599999858066,0.04286130878608674,0.011452351131343417,0.2627240040455945,1,3.574740409851074,512.0
4806,1e-05,0.3284998999988602,0.030106402817182243,0.022078775135534152,0.08629979280522093,1,1.161128044128418,512.0
4807,1e-05,0.3295289000016055,0.026148788281716406,0.01788862415456346,0.08396994019858539,1,1.4192007780075073,512.0
4808,1e-05,0.3288408000007621,0.03710042010061443,0.01979807478242687,0.15821683482499793,1,2.057986259460449,512.0
4809,1e-05,0.3288491999992402,0.0262638081330806,0.015176039654761553,0.10387818592334952,1,1.9028080701828003,512.0
4810,1e-05,0.32867479999913485,0.03942078797263093,0.01012985993708883,0.24445728548016632,1,2.2318661212921143,512.0
4811,1e-05,0.32870069999989937,0.031054025515913963,0.01625901460647583,0.13461909512989223,1,2.8809962272644043,512.0
4812,1e-05,0.32920910000029835,0.03607588057639077,0.014550098018454654,0.18675634753890336,1,3.7521731853485107,512.0
4813,1e-05,0.32912109999961103,0.04414451896445826,0.011565593603466238,0.27219699515990214,1,2.0064008235931396,512.0
4814,1e-05,0.3294501999989734,0.01298840407980606,0.009891406566436802,0.03466738373390399,1,0.9574920535087585,512.0
4815,1e-05,0.3299557999998797,0.027720382437109947,0.012875668904078858,0.1316333730937913,1,2.0542306900024414,512.0
4816,1e-05,0.3296163000013621,0.040155250404495746,0.014720350437398468,0.21819955282262526,1,1.563658356666565,512.0
4817,1e-05,0.33083780000015395,0.025525870267301798,0.020813724558268274,0.058510890368779656,1,2.2438883781433105,512.0
4818,1e-05,0.3327277000025788,0.10995420068502426,0.013245767448097467,0.7869131970073795,1,5.090782165527344,512.0
4819,1e-05,0.3389299000009487,0.04122296196874231,0.0236200194007584,0.16444356995634735,1,2.1027231216430664,512.0
4820,1e-05,0.3325771000017994,0.01797682698816061,0.01199971791356802,0.059816584223881364,1,1.6083625555038452,512.0
4821,1e-05,0.3286713999987114,0.04907842888496816,0.014367453338179206,0.29205526574514806,1,4.252987384796143,512.0
4822,1e-05,0.32925669999895035,0.025390535010956228,0.015481464232185058,0.09475403279066086,1,1.1679385900497437,512.0
4823,1e-05,0.33010189999913564,0.07348028011620045,0.022153465044019476,0.43276798294391483,1,4.871924877166748,512.0
4824,1e-05,0.32942909999837866,0.02583816385595128,0.01735563130517091,0.08521589240990579,1,2.0048792362213135,512.0
4825,1e-05,0.33102900000085356,0.019908011774532497,0.013925086174692427,0.061788489343598485,1,0.9775395393371582,512.0
4826,1e-05,0.3294876999971166,0.03001364937517792,0.014196703543088265,0.14073227415792644,1,2.548154354095459,512.0
4827,1e-05,0.332148599998618,0.0313518630573526,0.012756393091487033,0.16152013605460525,1,1.8067576885223389,512.0
4828,1e-05,0.32829129999663564,0.022414513397961855,0.014575513478900706,0.07728751025570091,1,1.1037677526474,512.0
4829,1e-05,0.3365661000025284,0.031325127463787794,0.014101095630654268,0.15189334889873862,1,1.487980604171753,512.0
4830,1e-05,0.3292226000012306,0.04494422231800854,0.011533296866608518,0.2788207162520848,1,2.284205198287964,512.0
4831,1e-05,0.3281626999996661,0.03550923685543239,0.02924311094518219,0.07937211380340159,1,1.2008154392242432,512.0
4832,1e-05,0.3273186000005808,0.024534839147236198,0.020490528217383792,0.05284502339782193,1,1.006964921951294,512.0
4833,1e-05,0.32860010000149487,0.04296277038520202,0.011144132153796298,0.26569322805153206,1,2.7452011108398438,512.0
4834,1e-05,0.3314031000008981,0.01841838366817683,0.011818010892186846,0.06462099224154372,1,1.4442805051803589,512.0
4835,1e-05,0.3358714999994845,0.07417095685377717,0.0145380868509944,0.4916010273154825,1,4.072155952453613,512.0
4836,1e-05,0.32971709999765153,0.023538136563729495,0.012775057061974491,0.09887969680130482,1,1.6667323112487793,512.0
4837,1e-05,0.3291332999979204,0.02042551472550258,0.011867258032517774,0.0803333114599809,1,0.8771896958351135,512.0
4838,1e-05,0.33058620000156225,0.022535175667144358,0.007311704701610974,0.12909946800209582,1,1.2919265031814575,512.0
4839,1e-05,0.3288959000019531,0.012139973463490605,0.010349306677068983,0.024674640386365354,1,0.5554341077804565,512.0
4840,1e-05,0.3305854999998701,0.03591654554475099,0.015310866359089102,0.18015629198634997,1,1.7342534065246582,512.0
4841,1e-05,0.33221559999947203,0.034108685911633074,0.016601915737347945,0.15665609203279018,1,2.4221174716949463,512.0
4842,1e-05,0.33499160000064876,0.025400194223038852,0.012404992444706815,0.11636660201475024,1,1.7313481569290161,512.0
4843,1e-05,0.33148200000141514,0.02513632131740451,0.01106860498631639,0.12361034681089222,1,1.5884917974472046,512.0
4844,1e-05,0.33065020000140066,0.028963430901058018,0.010586860988821303,0.1575994172890205,1,1.7363101243972778,512.0
4845,1e-05,0.33082659999854513,0.09460173384286463,0.02176394872367382,0.604466192475229,1,7.1955742835998535,512.0
4846,1e-05,0.33395630000086385,0.04404957068618387,0.016385498456656933,0.23769808106590062,1,2.4527361392974854,512.0
4847,1e-05,0.382894700000179,0.03168066730722785,0.01277066148551447,0.16405070152450207,1,1.8750249147415161,512.0
4848,1e-05,0.34202670000013313,0.029038604348897934,0.016173429587589844,0.11909482767805457,1,2.0351710319519043,512.0
4849,1e-05,0.33499509999819566,0.03450517531018704,0.012919438204595022,0.18560532841365784,1,2.825509548187256,512.0
4850,1e-05,0.33658199999990757,0.050347492448054254,0.0110524813644588,0.3254125850799028,1,3.6323866844177246,512.0
4851,1e-05,0.3363978000015777,0.02701407333370298,0.015402328322774597,0.10829628328792751,1,1.745373010635376,512.0
4852,1e-05,0.33545239999875776,0.03000423457706347,0.01110697038737791,0.16228507895721123,1,2.6763153076171875,512.0
4853,1e-05,0.3327017999981763,0.028758971369825304,0.019806002665843283,0.09142975071154069,1,2.0162084102630615,512.0
4854,1e-05,0.33118350000222563,0.018276041257195175,0.013585765746289067,0.05110797229281161,1,1.8838566541671753,512.0
4855,1e-05,0.3312499999992724,0.03260956588201225,0.022021477775914327,0.10672617951058783,1,2.7316648960113525,512.0
4856,1e-05,0.3302956000006816,0.020014339650515467,0.013330520928970404,0.0668010680237785,1,1.138452410697937,512.0
4857,1e-05,0.32891039999958593,0.034455731394700706,0.01518707156979612,0.16933634539600462,1,2.566493034362793,512.0
4858,1e-05,0.3343765000026906,0.0243910615099594,0.013979841622390918,0.0972695997916162,1,2.8424148559570312,512.0
4859,1e-05,0.33632719999877736,0.03573744837194681,0.019106762683285133,0.15215225768042728,1,2.5130441188812256,512.0
4860,1e-05,0.3341550000004645,0.030840668128803372,0.016774854556258236,0.1293013584217988,1,1.9016276597976685,512.0
4861,1e-05,0.3369419000009657,0.049569182796403766,0.020385642469461476,0.2538539530651178,1,2.8159537315368652,512.0
4862,1e-05,0.33535219999976107,0.02834808814805001,0.019201149166162525,0.09237666637636721,1,1.6895370483398438,512.0
4863,1e-05,0.335833699999057,0.15445971075678244,0.013448415390614952,1.1415387811430264,1,5.879039764404297,512.0
4864,1e-05,0.3348244999979215,0.03694453556090593,0.013865715790806072,0.19849627124494873,1,1.7613645792007446,512.0
4865,1e-05,0.33542210000086925,0.026772382901981473,0.009058754026357616,0.15076778357979492,1,1.9793846607208252,512.0
4866,1e-05,0.33582559999922523,0.02311670663766563,0.015956672440682138,0.07323694473598152,1,0.951652467250824,512.0
4867,1e-05,0.3354735000029905,0.014248859835788608,0.010855479897665126,0.03800251806387678,1,1.0729397535324097,512.0
4868,1e-05,0.33593450000262237,0.07944236893672496,0.01620246483279126,0.5221216886420734,1,6.767314434051514,512.0
4869,1e-05,0.33640720000039437,0.0276360489660874,0.015931500121951103,0.10956789558986202,1,1.695797324180603,512.0
4870,1e-05,0.3346053999994183,0.015733533538877964,0.010069943399035506,0.05537866514532652,1,1.1471233367919922,512.0
4871,1e-05,0.3350938000003225,0.025466638966463506,0.012885828136599489,0.11353230962413363,1,1.6585026979446411,512.0
4872,1e-05,0.3360775000001013,0.02774907258572057,0.012203842767381243,0.13656568349688314,1,1.3184150457382202,512.0
4873,1e-05,0.33531460000085644,0.03880648175254464,0.011518389917910099,0.22982312215026468,1,1.7917488813400269,512.0
4874,1e-05,0.33555129999876954,0.060758092789910734,0.012538407663149493,0.39829588984139264,1,2.3932607173919678,512.0
4875,1e-05,0.3308987000018533,0.01532551902346313,0.011843852299664701,0.03969718882581219,1,1.0846461057662964,512.0
4876,1e-05,0.3309816000000865,0.01796993613243103,0.013095886912196875,0.052088282245676965,1,1.7707699537277222,512.0
4877,1e-05,0.3332256000030611,0.024317192612215877,0.009464995336851903,0.12828257895307615,1,1.6111071109771729,512.0
4878,1e-05,0.33250090000001364,0.159911209018901,0.014395793001832706,1.178519168159255,1,8.904088973999023,512.0
4879,1e-05,0.3348466000024928,0.015606386587023735,0.014913231200937713,0.02045847021508962,1,0.8012990951538086,512.0
4880,1e-05,0.3361411000005319,0.01672799402149394,0.008834239394803132,0.07198428350966424,1,0.8763432502746582,512.0
4881,1e-05,0.33111470000221743,0.01462419459130615,0.01212242478504777,0.032136584970430704,1,0.6544071435928345,512.0
4882,1e-05,0.33106520000001183,0.09556669148150831,0.0093159959984145,0.699321593856439,1,6.35698938369751,512.0
4883,1e-05,0.33112379999874975,0.025078354170545936,0.012822250569505351,0.11087108124047518,1,1.2205545902252197,512.0
4884,1e-05,0.3296303999995871,0.018698661704547703,0.015853494073131254,0.03861483186483383,1,1.3800394535064697,512.0
4885,1e-05,0.33079450000150246,0.042272496153600514,0.027036651769386872,0.14892340846563457,1,3.1474545001983643,512.0
4886,1e-05,0.33045769999807817,0.03960124938748777,0.012320869003555604,0.2305639156838879,1,2.7146780490875244,512.0
4887,1e-05,0.33306609999999637,0.02542532898951322,0.01268985035962292,0.11457367963157594,1,2.76987624168396,512.0
4888,1e-05,0.32979120000163675,0.042878730804659426,0.017762832609670504,0.2186900224769488,1,3.632152795791626,512.0
4889,1e-05,0.3328413000017463,0.056891048327088356,0.021211360514696156,0.3066488768963609,1,4.344842910766602,512.0
4890,1e-05,0.3345435000010184,0.024506368790753186,0.01036403953496899,0.12350267116562463,1,1.3120923042297363,512.0
4891,1e-05,0.3349452000002202,0.017615900840610266,0.009015344582231981,0.07781979406718165,1,0.5766569375991821,512.0
4892,1e-05,0.3352737999994133,0.02407367469277233,0.017847920701439892,0.06765395286493003,1,1.2644054889678955,512.0
4893,1e-05,0.32880719999957364,0.03574769967235625,0.01798366755247116,0.1600959284696728,1,2.814732551574707,512.0
4894,1e-05,0.3306303999997908,0.018313111329916865,0.015444472166044372,0.038393583163269795,1,1.132690191268921,512.0
4895,1e-05,0.32932699999946635,0.01784243597649038,0.013562764972448349,0.047800134401768446,1,1.6845821142196655,512.0
4896,1e-05,0.3315641000008327,0.030651696724817157,0.013258507608303003,0.152404019725509,1,1.73149836063385,512.0
4897,1e-05,0.3290686000000278,0.04648408736102283,0.013772155557359968,0.2754676224431023,1,2.1303703784942627,512.0
4898,1e-05,0.3307853000005707,0.03655944229103625,0.013994549534150533,0.19451369741000235,1,1.8891706466674805,512.0
4899,1e-05,0.32868779999989783,0.08041605589096434,0.013437780202366412,0.5492639881558716,1,5.852335453033447,512.0
4900,1e-05,0.3311818000001949,0.05252111703157425,0.026435238575296744,0.2351222661382053,1,3.096649169921875,512.0
4901,1e-05,0.32856360000005225,0.032179781468585134,0.0089093741096024,0.19507263251580298,1,2.1287577152252197,512.0
4902,1e-05,0.33074809999743593,0.03367999487090856,0.010421082177864653,0.1964923936757259,1,1.726183533668518,512.0
4903,1e-05,0.3305053999974916,0.028935646056197584,0.010663178250459688,0.15684291889192536,1,1.6710150241851807,512.0
4904,1e-05,0.33227919999990263,0.046609895303845406,0.012202094375555004,0.2874645125120878,1,2.102266550064087,512.0
4905,1e-05,0.3313802999982727,0.024740930879488587,0.01875888922118715,0.06661521946080029,1,1.463565707206726,512.0
4906,1e-05,0.3299327999993693,0.022217224934138358,0.012909514896039451,0.0873711940839712,1,0.8779615759849548,512.0
4907,1e-05,0.33295930000167573,0.03052634187042713,0.015781169225062643,0.13374254619702697,1,1.7797812223434448,512.0
4908,1e-05,0.3351105000001553,0.025472396111581475,0.013158543035387993,0.11166936991503462,1,2.7532460689544678,512.0
4909,1e-05,0.3357211999973515,0.060845885425806046,0.01879692011113678,0.3551886493805796,1,2.933849334716797,512.0
4910,1e-05,0.3364361000021745,0.07188905111979693,0.018531523112739836,0.44539174856618047,1,6.007664203643799,512.0
4911,1e-05,0.33692230000087875,0.03973258368205279,0.018356366881302426,0.18936609631055035,1,1.95975661277771,512.0
4912,1e-05,0.3358332000025257,0.016903443611226976,0.012535915443939822,0.047476143095991574,1,1.1568059921264648,512.0
4913,1e-05,0.334669899999426,0.018842200050130486,0.01613451141331877,0.03779601710266434,1,0.7919847965240479,512.0
4914,1e-05,0.33596870000110357,0.05161475541535765,0.011767387523182802,0.3305463690776378,1,3.294114828109741,512.0
4915,1e-05,0.3291272000024037,0.041155241953674704,0.015360286060188497,0.22171992907533422,1,2.013256549835205,512.0
4916,1e-05,0.32829359999959706,0.017491844133473933,0.012361540725188596,0.05340397031977773,1,0.9815223813056946,512.0
4917,1e-05,0.3296461999998428,0.03805720782838762,0.014711637981235981,0.20147620173520409,1,2.740037441253662,512.0
4918,1e-05,0.33018989999982296,0.03070166672114283,0.014023299495290433,0.14745023782597855,1,1.9024577140808105,512.0
4919,1e-05,0.3303089999972144,0.09702108596684411,0.012868057670337813,0.6860922969062813,1,5.481220722198486,512.0
4920,1e-05,0.3293642999997246,0.02278251643292606,0.018012561669041003,0.05617220501881093,1,1.4610875844955444,512.0
4921,1e-05,0.33038809999925434,0.03629344596993178,0.011254286393523216,0.21156757041626406,1,3.3631725311279297,512.0
4922,1e-05,0.3306583000012324,0.01664188178256154,0.007924711597817284,0.07766207354143262,1,0.8399130702018738,512.0
4923,1e-05,0.33055550000062794,0.02054799848701805,0.014287636083151613,0.06437052955152467,1,1.2505509853363037,512.0
4924,1e-05,0.3311760999968101,0.030506056733429432,0.02142957810844694,0.09404140872356948,1,1.1928895711898804,512.0
4925,1e-05,0.3290655999990122,0.042199950432404876,0.02425474420722042,0.16781639668624848,1,3.301959753036499,512.0
4926,1e-05,0.33012109999981476,0.03454942139796913,0.020254895390410508,0.13461110123898834,1,1.3394414186477661,512.0
4927,1e-05,0.3315875000007509,0.026321960147470236,0.012658032987798964,0.12196944846073166,1,1.5794634819030762,512.0
4928,1e-05,0.3286243000002287,0.02863190567586571,0.016330332229179994,0.11474292213097215,1,1.8872077465057373,512.0
4929,1e-05,0.3319387000010465,0.01847977621946484,0.009463532511810107,0.081593481823802,1,3.1093854904174805,512.0
4930,1e-05,0.3302371000027051,0.01728235965128988,0.013177599624863692,0.04601568157522706,1,1.0661042928695679,512.0
4931,1e-05,0.3301684000034584,0.030003784922882915,0.014508640792753016,0.1384697878966108,1,1.8886961936950684,512.0
4932,1e-05,0.3310003999977198,0.01835597859462723,0.011201124372226852,0.0684399567253422,1,1.738987684249878,512.0
4933,1e-05,0.33035539999764296,0.031019788526464254,0.011979200012449707,0.1643039071932435,1,1.7105906009674072,512.0
4934,1e-05,0.33103659999687807,0.03606987069360912,0.012544249783137016,0.20074921526020262,1,2.3653106689453125,512.0
4935,1e-05,0.33078580000074,0.022201433312147856,0.017885850609413216,0.05241051106713712,1,0.8765571713447571,512.0
4936,1e-05,0.3310181000015291,0.030746779520995915,0.010995242345545973,0.16900753020308912,1,2.3025097846984863,512.0
4937,1e-05,0.3316205000010086,0.02182392159011215,0.013284490310720034,0.08159994095331058,1,1.4552552700042725,512.0
4938,1e-05,0.33445490000303835,0.030285959132015705,0.014562295084553105,0.14035160467028618,1,1.6442855596542358,512.0
4939,1e-05,0.3356607999994594,0.029109337483532727,0.014612381080431598,0.1305880401050672,1,1.589881181716919,512.0
4940,1e-05,0.33441490000041085,0.023407687549479306,0.017038061416574886,0.06799507098185131,1,1.525450348854065,512.0
4941,1e-05,0.33441619999939576,0.041095746448263526,0.028556093240955045,0.12887331884121522,1,1.8693913221359253,512.0
4942,1e-05,0.33531550000043353,0.027005348121747375,0.011971418812338794,0.13224285276373848,1,1.8487681150436401,512.0
4943,1e-05,0.3316741999988153,0.05623492243466899,0.01269925498802747,0.3609845936516649,1,3.3512768745422363,512.0
4944,1e-05,0.33203019999928074,0.03266576782334596,0.015249786100217275,0.15457763604354113,1,2.6019153594970703,512.0
4945,1e-05,0.33497279999937746,0.033686975366435945,0.01982768319014992,0.13070202691596933,1,1.782470941543579,512.0
4946,1e-05,0.3347111999974004,0.04768781864549965,0.016309051774442196,0.2673391913995147,1,1.6889564990997314,512.0
4947,1e-05,0.3361938999987615,0.018218868295662105,0.011604742745735816,0.06451775012828875,1,1.3111099004745483,512.0
4948,1e-05,0.33237959999678424,0.016172977164387703,0.00912398618779012,0.06551591568859294,1,1.2155526876449585,512.0
4949,1e-05,0.3306478000013158,0.045963800977915525,0.024202925818307058,0.1982899306458421,1,2.2525410652160645,512.0
4950,1e-05,0.33256279999841354,0.028826947091147304,0.022806711860799363,0.07096859929151833,1,1.0638881921768188,512.0
4951,1e-05,0.33047499999884167,0.02788752067135647,0.014223682161952769,0.12353438860736787,1,2.089463949203491,512.0
4952,1e-05,0.3291815000011411,0.19136240216903389,0.014038362340735537,1.4326307032024488,1,10.125289916992188,512.0
4953,1e-05,0.3301848999981303,0.026957733498420566,0.010634398553520441,0.1412210795097053,1,1.7528854608535767,512.0
4954,1e-05,0.3306851999986975,0.03804203716572374,0.031634210741945674,0.08289684915507678,1,2.489849090576172,512.0
4955,1e-05,0.3296864000003552,0.04283468774519861,0.014218301711870092,0.24314938941097353,1,2.098252296447754,512.0
4956,1e-05,0.33239120000143885,0.03902112226933241,0.0165122324999954,0.19658334332052618,1,2.4391140937805176,512.0
4957,1e-05,0.33483390000037616,0.0332238394767046,0.028335995439972197,0.0674387390317861,1,1.4218345880508423,512.0
4958,1e-05,0.33463169999959064,0.06408362765796483,0.016508232403014387,0.39711138227721676,1,3.5026321411132812,512.0
4959,1e-05,0.3354628999986744,0.027086024725576863,0.015229412288005863,0.11008231341838837,1,2.567301034927368,512.0
4960,1e-05,0.3364250999984506,0.045578599674627185,0.015561798454395362,0.2556962100788951,1,4.317698001861572,512.0
4961,1e-05,0.3334566999983508,0.03420820098835975,0.014951434385563647,0.16900556965265423,1,1.9733729362487793,512.0
4962,1e-05,0.3330244999997376,0.08878825162537396,0.017695685449455465,0.5864362136926502,1,4.4672160148620605,512.0
4963,1e-05,0.3355583000011393,0.02392846276052296,0.01472940927903567,0.08832184322818648,1,1.9875178337097168,512.0
4964,1e-05,0.3373165000011795,0.012427051435224712,0.009221204090863466,0.034867982496507466,1,0.8182064294815063,512.0
4965,1e-05,0.3334428000016487,0.0417938141617924,0.013568338838272862,0.23937214678153396,1,3.2409276962280273,512.0
4966,1e-05,0.32986999999775435,0.0743248884100467,0.015267396212688513,0.48772734464728273,1,4.396697521209717,512.0
4967,1e-05,0.3315413999989687,0.029086473863571882,0.009971276923481907,0.16289284103550017,1,1.2389945983886719,512.0
4968,1e-05,0.3300603999996383,0.04117214831057936,0.018710161559283733,0.1984060503305045,1,3.9011030197143555,512.0
4969,1e-05,0.33333850000053644,0.026223550317808986,0.01252547132649592,0.12211011030012742,1,1.1335744857788086,512.0
4970,1e-05,0.3363107000004675,0.03696324798511341,0.013183621024446828,0.20342063538191724,1,3.101348638534546,512.0
4971,1e-05,0.3321122000015748,0.035496857861289755,0.008023526353229369,0.22781018548994325,1,4.757088661193848,512.0
4972,1e-05,0.33519410000008065,0.02461796917486936,0.01097113873610007,0.12014578306116164,1,2.131648063659668,512.0
4973,1e-05,0.3341435000002093,0.025365305715240538,0.02439337390075837,0.03216883639106527,1,1.6748112440109253,512.0
4974,1e-05,0.3357300999996369,0.04120374011108652,0.013765426818281412,0.23327194910962135,1,2.4568369388580322,512.0
4975,1e-05,0.3354098999989219,0.03318425116594881,0.015603047862116779,0.15625266660936177,1,1.2355310916900635,512.0
4976,1e-05,0.3358215000007476,0.021186350262723863,0.0122078520112804,0.08403583778999746,1,1.4658114910125732,512.0
4977,1e-05,0.3345097999990685,0.029668609728105366,0.009360148904046841,0.1718278374755755,1,2.408047676086426,512.0
4978,1e-05,0.33535269999993034,0.025997752731200308,0.01566861363660012,0.09830172746751487,1,2.2417666912078857,512.0
4979,1e-05,0.32930230000056326,0.026848007924854755,0.013930711562612228,0.11726908666605595,1,2.224217653274536,512.0
4980,1e-05,0.32992899999953806,0.038935878954362124,0.013233885934044207,0.21884984424104914,1,2.71138334274292,512.0
4981,1e-05,0.33010579999972833,0.03677788429195061,0.015570543772940124,0.18522926294826902,1,2.8294973373413086,512.0
4982,1e-05,0.33123539999724017,0.03111913613975048,0.016622509873871292,0.1325955242064083,1,1.07521653175354,512.0
4983,1e-05,0.33450470000025234,0.02119823405519128,0.01171548358563866,0.08757748850621283,1,1.3204222917556763,512.0
4984,1e-05,0.3357668000026024,0.02431587566388771,0.012070292008242436,0.110034957411699,1,1.327632188796997,512.0
4985,1e-05,0.3337883000021975,0.027311468205880374,0.02104169363155961,0.07119989022612572,1,1.9182432889938354,512.0
4986,1e-05,0.3291712999998708,0.026901160250417888,0.01635916850396565,0.10069509973982349,1,1.644860863685608,512.0
4987,1e-05,0.32895170000119833,0.04140773101244122,0.016847341986639158,0.21333046618383378,1,3.048664093017578,512.0
4988,1e-05,0.3334857000008924,0.06022226670756936,0.014418984896370344,0.38084523752331734,1,5.4673285484313965,512.0
4989,1e-05,0.3345850000005157,0.02226680633611977,0.013814554350184543,0.08143257233314216,1,1.5529297590255737,512.0
4990,1e-05,0.33060889999978826,0.016786366526503116,0.010571363714656659,0.060291385831078514,1,1.4993253946304321,512.0
4991,1e-05,0.32873040000049514,0.03168163518421352,0.012455152081591743,0.16626702336361632,1,0.9191820025444031,512.0
4992,1e-05,0.3285643000017444,0.03866515448316932,0.022460605084363903,0.1520969970151782,1,2.049055814743042,512.0
4993,1e-05,0.3272771999982069,0.05559436802286655,0.0083797005271273,0.38609702794929035,1,4.309770584106445,512.0
4994,1e-05,0.3291184000008798,0.05032834899611771,0.013589658441820316,0.3074991823086748,1,4.163917064666748,512.0
4995,1e-05,0.3317848000006052,0.09404535696376115,0.010659714628543173,0.6777448611537693,1,7.322874069213867,512.0
4996,1e-05,0.33422459999928833,0.035310396109707654,0.01362220976235611,0.18712770228739828,1,2.207732677459717,512.0
4997,1e-05,0.33288769999853685,0.031646003015339375,0.010031810695571559,0.18294535081076901,1,1.344115138053894,512.0
4998,1e-05,0.33010140000260435,0.04979474382707849,0.015783502454204217,0.2878734403057024,1,3.6138312816619873,512.0
4999,1e-05,0.32864079999853857,0.02961434773169458,0.01720217615365982,0.11649955715984106,1,1.7492238283157349,512.0
5000,1e-05,0.3290793999985908,0.03715879173250869,0.016213461490614072,0.18377610528841615,1,1.7837953567504883,512.0
