sample_key,run_id,sample_id,split,group,generation,fitness_band,actual_torque_ripple,predicted_torque_ripple,residual_torque_ripple
improved_dataset_1000_20260807_001:S000002,improved_dataset_1000_20260807_001,S000002,train,TOPO-0000,0,B6,0.08764619765435852,0.09162630783951085,0.003980110185152333
improved_dataset_1000_20260807_001:S000003,improved_dataset_1000_20260807_001,S000003,train,TOPO-0001,0,B1,0.11846627613231688,0.12900736395032236,0.010541087818005487
improved_dataset_1000_20260807_001:S000004,improved_dataset_1000_20260807_001,S000004,train,TOPO-0002,0,B3,0.0757270426203179,0.0694764777212887,-0.006250564899029198
improved_dataset_1000_20260807_001:S000005,improved_dataset_1000_20260807_001,S000005,train,TOPO-0003,0,B1,0.05579162096844534,0.020934110423987046,-0.03485751054445829
improved_dataset_1000_20260807_001:S000008,improved_dataset_1000_20260807_001,S000008,train,TOPO-0006,0,B1,0.045685304874134025,0.03822541870335,-0.007459886170784025
improved_dataset_1000_20260807_001:S000009,improved_dataset_1000_20260807_001,S000009,train,TOPO-0007,0,B1,0.2719908882359222,0.312504283602542,0.0405133953666198
improved_dataset_1000_20260807_001:S000010,improved_dataset_1000_20260807_001,S000010,train,TOPO-0008,0,B1,0.11639548362398833,0.07426015557264518,-0.04213532805134315
improved_dataset_1000_20260807_001:S000011,improved_dataset_1000_20260807_001,S000011,train,TOPO-0009,0,B1,0.17111503881170975,0.14881927363318134,-0.02229576517852841
improved_dataset_1000_20260807_001:S000012,improved_dataset_1000_20260807_001,S000012,train,TOPO-0010,0,B1,0.19179928558002346,0.18156506933635685,-0.010234216243666605
improved_dataset_1000_20260807_001:S000013,improved_dataset_1000_20260807_001,S000013,train,TOPO-0011,0,B1,0.49148513807129146,0.4849131746799782,-0.0065719633913132736
improved_dataset_1000_20260807_001:S000015,improved_dataset_1000_20260807_001,S000015,train,TOPO-0013,0,B1,0.22309267650628778,0.21713954731822893,-0.005953129188058848
improved_dataset_1000_20260807_001:S000016,improved_dataset_1000_20260807_001,S000016,train,TOPO-0014,0,B1,0.026333633668557066,-0.0046013232887193445,-0.03093495695727641
improved_dataset_1000_20260807_001:S000017,improved_dataset_1000_20260807_001,S000017,train,TOPO-0015,0,B1,0.32018703830933265,0.37698894069652655,0.0568019023871939
improved_dataset_1000_20260807_001:S000019,improved_dataset_1000_20260807_001,S000019,train,TOPO-0017,0,B1,0.05584765701090205,0.022599353428176122,-0.03324830358272593
improved_dataset_1000_20260807_001:S000020,improved_dataset_1000_20260807_001,S000020,train,TOPO-0018,0,B1,0.1721200469170076,0.15590947091778126,-0.016210575999226345
improved_dataset_1000_20260807_001:S000021,improved_dataset_1000_20260807_001,S000021,train,TOPO-0019,0,B1,0.04015446278157042,0.03690753589095508,-0.0032469268906153426
improved_dataset_1000_20260807_001:S000022,improved_dataset_1000_20260807_001,S000022,train,TOPO-0020,0,B1,0.018635091717606772,0.005496920594777299,-0.013138171122829473
improved_dataset_1000_20260807_001:S000023,improved_dataset_1000_20260807_001,S000023,train,TOPO-0021,0,B1,0.06656714476993958,0.06372446113443181,-0.00284268363550777
improved_dataset_1000_20260807_001:S000024,improved_dataset_1000_20260807_001,S000024,train,TOPO-0022,0,B1,0.09816617628390618,0.07013391898211352,-0.028032257301792665
improved_dataset_1000_20260807_001:S000025,improved_dataset_1000_20260807_001,S000025,train,TOPO-0023,0,B1,0.27318266188884543,0.2629864289178111,-0.010196232971034336
improved_dataset_1000_20260807_001:S000027,improved_dataset_1000_20260807_001,S000027,train,TOPO-0025,0,B1,0.09444658114006418,0.05689477889114222,-0.03755180224892196
improved_dataset_1000_20260807_001:S000028,improved_dataset_1000_20260807_001,S000028,train,TOPO-0026,0,B1,0.11569451773721598,0.06840485346662883,-0.047289664270587145
improved_dataset_1000_20260807_001:S000029,improved_dataset_1000_20260807_001,S000029,train,TOPO-0027,0,B3,0.15874285263147164,0.1342584289308896,-0.024484423700582042
improved_dataset_1000_20260807_001:S000030,improved_dataset_1000_20260807_001,S000030,train,TOPO-0028,0,B1,0.16816107653552473,0.18803744654658947,0.019876370011064737
improved_dataset_1000_20260807_001:S000031,improved_dataset_1000_20260807_001,S000031,train,TOPO-0029,0,B1,0.07775810678894804,0.08170495864913838,0.003946851860190337
improved_dataset_1000_20260807_001:S000032,improved_dataset_1000_20260807_001,S000032,train,TOPO-0030,0,B1,0.2047534497133639,0.22061329210715838,0.015859842393794482
improved_dataset_1000_20260807_001:S000034,improved_dataset_1000_20260807_001,S000034,train,TOPO-0032,0,B1,0.32315251955891466,0.27704552601830934,-0.04610699354060532
improved_dataset_1000_20260807_001:S000035,improved_dataset_1000_20260807_001,S000035,train,TOPO-0033,0,B1,0.12197960638995689,0.09353168635909767,-0.02844792003085922
improved_dataset_1000_20260807_001:S000036,improved_dataset_1000_20260807_001,S000036,train,TOPO-0034,0,B1,0.11157265912195549,0.08111690166306557,-0.030455757458889926
improved_dataset_1000_20260807_001:S000038,improved_dataset_1000_20260807_001,S000038,train,TOPO-0036,0,B1,0.04749363317267488,0.051518533412524464,0.0040249002398495826
improved_dataset_1000_20260807_001:S000040,improved_dataset_1000_20260807_001,S000040,train,TOPO-0038,0,B1,0.02882675281702926,0.00015791341864079822,-0.028668839398388463
improved_dataset_1000_20260807_001:S000041,improved_dataset_1000_20260807_001,S000041,train,TOPO-0039,0,B1,0.1216249495727108,0.11022697769734931,-0.011397971875361498
improved_dataset_1000_20260807_001:S000042,improved_dataset_1000_20260807_001,S000042,train,TOPO-0040,0,B1,0.061568905310014105,0.02443785812036922,-0.037131047189644883
improved_dataset_1000_20260807_001:S000043,improved_dataset_1000_20260807_001,S000043,train,TOPO-0041,0,B1,0.12335780116937406,0.12396646219291184,0.0006086610235377793
improved_dataset_1000_20260807_001:S000045,improved_dataset_1000_20260807_001,S000045,train,TOPO-0043,0,B1,0.12105355746686595,0.10330525592265978,-0.017748301544206174
improved_dataset_1000_20260807_001:S000046,improved_dataset_1000_20260807_001,S000046,train,TOPO-0044,0,B1,0.08972117424161755,0.06860534228289267,-0.02111583195872488
improved_dataset_1000_20260807_001:S000047,improved_dataset_1000_20260807_001,S000047,train,TOPO-0045,0,B1,0.680048635438456,0.6197911226727215,-0.06025751276573443
improved_dataset_1000_20260807_001:S000049,improved_dataset_1000_20260807_001,S000049,train,TOPO-0047,0,B1,0.04478965685624772,-0.023322892617507474,-0.0681125494737552
improved_dataset_1000_20260807_001:S000050,improved_dataset_1000_20260807_001,S000050,train,TOPO-0048,0,B1,0.09260434139204533,0.12846451542683981,0.03586017403479448
improved_dataset_1000_20260807_001:S000051,improved_dataset_1000_20260807_001,S000051,train,TOPO-0049,0,B1,0.024425652855976893,-0.021245140251055533,-0.045670793107032426
improved_dataset_1000_20260807_001:S000052,improved_dataset_1000_20260807_001,S000052,train,TOPO-0050,0,B1,0.3035373024060704,0.313003607500077,0.009466305094006588
improved_dataset_1000_20260807_001:S000053,improved_dataset_1000_20260807_001,S000053,train,TOPO-0051,0,B1,0.2296548634400025,0.24504967033553388,0.015394806895531382
improved_dataset_1000_20260807_001:S000054,improved_dataset_1000_20260807_001,S000054,train,TOPO-0052,0,B1,0.3319234205296053,0.3683620536816089,0.03643863315200363
improved_dataset_1000_20260807_001:S000055,improved_dataset_1000_20260807_001,S000055,train,TOPO-0053,0,B1,0.4107828073515046,0.4125075050967887,0.0017246977452841095
improved_dataset_1000_20260807_001:S000056,improved_dataset_1000_20260807_001,S000056,train,TOPO-0054,0,B1,0.09996870810236774,0.07875804042290888,-0.021210667679458867
improved_dataset_1000_20260807_001:S000057,improved_dataset_1000_20260807_001,S000057,train,TOPO-0055,0,B1,0.022491506242475423,0.010164148385949173,-0.01232735785652625
improved_dataset_1000_20260807_001:S000060,improved_dataset_1000_20260807_001,S000060,train,TOPO-0058,0,B1,0.05803191969881105,0.026415029311360694,-0.03161689038745036
improved_dataset_1000_20260807_001:S000061,improved_dataset_1000_20260807_001,S000061,train,TOPO-0059,0,B1,0.569897144804817,0.554269242616942,-0.01562790218787502
improved_dataset_1000_20260807_001:S000062,improved_dataset_1000_20260807_001,S000062,train,TOPO-0060,1,B1,0.26835859236820403,0.26806724780872543,-0.00029134455947860127
improved_dataset_1000_20260807_001:S000063,improved_dataset_1000_20260807_001,S000063,train,TOPO-0000,1,B5,0.19415310679095626,0.16991147575101959,-0.02424163103993668
improved_dataset_1000_20260807_001:S000065,improved_dataset_1000_20260807_001,S000065,train,TOPO-0000,1,B6,0.47443205695913115,0.46380125126327865,-0.010630805695852508
improved_dataset_1000_20260807_001:S000066,improved_dataset_1000_20260807_001,S000066,train,TOPO-0061,1,B1,0.8040792261380181,0.7445130456724453,-0.05956618046557283
improved_dataset_1000_20260807_001:S000067,improved_dataset_1000_20260807_001,S000067,train,TOPO-0062,1,B1,0.07856694027156222,0.04961166495263558,-0.028955275318926638
improved_dataset_1000_20260807_001:S000068,improved_dataset_1000_20260807_001,S000068,train,TOPO-0011,1,B1,0.06986534193505911,0.06327800970747924,-0.006587332227579873
improved_dataset_1000_20260807_001:S000069,improved_dataset_1000_20260807_001,S000069,train,TOPO-0018,1,B1,0.1700863804553841,0.17953456134407236,0.009448180888688262
improved_dataset_1000_20260807_001:S000070,improved_dataset_1000_20260807_001,S000070,train,TOPO-0063,1,B1,0.1661078520561689,0.14213153371634057,-0.02397631833982833
improved_dataset_1000_20260807_001:S000071,improved_dataset_1000_20260807_001,S000071,train,TOPO-0064,1,B1,0.289969084507217,0.20794541145611461,-0.08202367305110236
improved_dataset_1000_20260807_001:S000073,improved_dataset_1000_20260807_001,S000073,train,TOPO-0029,1,B1,0.07223599003171505,0.06621083473126244,-0.0060251553004526115
improved_dataset_1000_20260807_001:S000074,improved_dataset_1000_20260807_001,S000074,train,TOPO-0027,1,B3,1.3532390142792863,1.5067343786506604,0.15349536437137412
improved_dataset_1000_20260807_001:S000075,improved_dataset_1000_20260807_001,S000075,train,TOPO-0028,1,B1,0.12403486678088987,0.11542378742027294,-0.008611079360616933
improved_dataset_1000_20260807_001:S000077,improved_dataset_1000_20260807_001,S000077,train,TOPO-0036,1,B1,0.19614352799043885,0.18083749883062902,-0.01530602915980983
improved_dataset_1000_20260807_001:S000078,improved_dataset_1000_20260807_001,S000078,train,TOPO-0036,1,B1,0.12534291190526287,0.11681183009278256,-0.008531081812480301
improved_dataset_1000_20260807_001:S000079,improved_dataset_1000_20260807_001,S000079,train,TOPO-0032,1,B1,0.3777540658619231,0.293702476906459,-0.08405158895546411
improved_dataset_1000_20260807_001:S000080,improved_dataset_1000_20260807_001,S000080,train,TOPO-0034,1,B1,0.03927401011375112,0.02946340634911898,-0.009810603764632136
improved_dataset_1000_20260807_001:S000081,improved_dataset_1000_20260807_001,S000081,train,TOPO-0066,1,B1,0.2690513737883855,0.22530481306880343,-0.04374656071958208
improved_dataset_1000_20260807_001:S000082,improved_dataset_1000_20260807_001,S000082,train,TOPO-0044,1,B1,0.20846751689804577,0.1959812469583597,-0.012486269939686073
improved_dataset_1000_20260807_001:S000083,improved_dataset_1000_20260807_001,S000083,train,TOPO-0067,1,B1,0.0747234657761664,0.04007882279856381,-0.034644642977602585
improved_dataset_1000_20260807_001:S000084,improved_dataset_1000_20260807_001,S000084,train,TOPO-0040,1,B1,0.1052967040073677,0.0653162684508557,-0.039980435556512
improved_dataset_1000_20260807_001:S000085,improved_dataset_1000_20260807_001,S000085,train,TOPO-0048,1,B1,0.18347389461852603,0.17119383471278768,-0.012280059905738355
improved_dataset_1000_20260807_001:S000086,improved_dataset_1000_20260807_001,S000086,train,TOPO-0045,1,B1,0.03409328358203342,-0.001619789463143062,-0.035713073045176486
improved_dataset_1000_20260807_001:S000087,improved_dataset_1000_20260807_001,S000087,train,TOPO-0053,1,B1,0.06297497013713646,0.03726367244343268,-0.025711297693703783
improved_dataset_1000_20260807_001:S000091,improved_dataset_1000_20260807_001,S000091,train,TOPO-0068,1,B1,0.1047156476997005,0.11481013611723026,0.01009448841752976
improved_dataset_1000_20260807_001:S000092,improved_dataset_1000_20260807_001,S000092,train,TOPO-0002,2,B3,0.09804137847600176,0.06550434790131596,-0.03253703057468581
improved_dataset_1000_20260807_001:S000093,improved_dataset_1000_20260807_001,S000093,train,TOPO-0000,2,B3,0.8408175209820083,0.8112308171271199,-0.029586703854888485
improved_dataset_1000_20260807_001:S000094,improved_dataset_1000_20260807_001,S000094,train,TOPO-0000,2,B5,0.2060485745805883,0.1949185776531181,-0.011129996927470215
improved_dataset_1000_20260807_001:S000095,improved_dataset_1000_20260807_001,S000095,train,TOPO-0001,2,B1,0.08808609742601017,0.06040932355217912,-0.02767677387383105
improved_dataset_1000_20260807_001:S000096,improved_dataset_1000_20260807_001,S000096,train,TOPO-0000,2,B6,0.17978670057371882,0.177608178238001,-0.002178522335717803
improved_dataset_1000_20260807_001:S000097,improved_dataset_1000_20260807_001,S000097,train,TOPO-0015,2,B1,0.05966238382252434,0.04874235622187015,-0.010920027600654192
improved_dataset_1000_20260807_001:S000100,improved_dataset_1000_20260807_001,S000100,train,TOPO-0070,2,B1,0.026394496709389675,-0.001760701077465121,-0.028155197786854796
improved_dataset_1000_20260807_001:S000101,improved_dataset_1000_20260807_001,S000101,train,TOPO-0015,2,B1,0.06673025241273428,0.05281948601285677,-0.013910766399877511
improved_dataset_1000_20260807_001:S000102,improved_dataset_1000_20260807_001,S000102,train,TOPO-0025,2,B1,0.02326625478941205,0.007999448818307803,-0.015266805971104247
improved_dataset_1000_20260807_001:S000108,improved_dataset_1000_20260807_001,S000108,train,TOPO-0039,2,B1,0.29788534143354,0.3173722655418123,0.019486924108272297
improved_dataset_1000_20260807_001:S000109,improved_dataset_1000_20260807_001,S000109,train,TOPO-0030,2,B1,0.20317463664085017,0.17300497450826838,-0.030169662132581793
improved_dataset_1000_20260807_001:S000110,improved_dataset_1000_20260807_001,S000110,train,TOPO-0072,2,B1,0.12116677251968236,0.09390311010727735,-0.027263662412405007
improved_dataset_1000_20260807_001:S000111,improved_dataset_1000_20260807_001,S000111,train,TOPO-0066,2,B1,0.24000301291832632,0.23323014102722237,-0.006772871891103954
improved_dataset_1000_20260807_001:S000112,improved_dataset_1000_20260807_001,S000112,train,TOPO-0073,2,B1,0.4996185384890357,0.5647809755494755,0.06516243706043978
improved_dataset_1000_20260807_001:S000114,improved_dataset_1000_20260807_001,S000114,train,TOPO-0049,2,B1,0.11017426850789586,0.09816137990074199,-0.012012888607153868
improved_dataset_1000_20260807_001:S000116,improved_dataset_1000_20260807_001,S000116,train,TOPO-0040,2,B1,0.16142089786360042,0.13989843466325647,-0.021522463200343955
improved_dataset_1000_20260807_001:S000117,improved_dataset_1000_20260807_001,S000117,train,TOPO-0074,2,B1,0.09597248411079777,0.094864009346338,-0.0011084747644597714
improved_dataset_1000_20260807_001:S000118,improved_dataset_1000_20260807_001,S000118,train,TOPO-0052,2,B1,0.1456481244940252,0.15842755166884845,0.012779427174823249
improved_dataset_1000_20260807_001:S000120,improved_dataset_1000_20260807_001,S000120,train,TOPO-0053,2,B1,0.029108963838354707,0.009987294513107259,-0.019121669325247448
improved_dataset_1000_20260807_001:S000122,improved_dataset_1000_20260807_001,S000122,train,TOPO-0076,3,B3,0.0196182890358457,0.00421675572318006,-0.015401533312665638
improved_dataset_1000_20260807_001:S000124,improved_dataset_1000_20260807_001,S000124,train,TOPO-0008,3,B1,0.10202157030171861,0.09710626745025165,-0.004915302851466963
improved_dataset_1000_20260807_001:S000125,improved_dataset_1000_20260807_001,S000125,train,TOPO-0077,3,B6,0.11767290333160435,0.09853275262356886,-0.019140150708035486
improved_dataset_1000_20260807_001:S000127,improved_dataset_1000_20260807_001,S000127,train,TOPO-0079,3,B1,0.07687342922191603,0.0921654621274499,0.015292032905533867
improved_dataset_1000_20260807_001:S000128,improved_dataset_1000_20260807_001,S000128,train,TOPO-0017,3,B1,0.285436665698171,0.27522713552019423,-0.010209530177976767
improved_dataset_1000_20260807_001:S000130,improved_dataset_1000_20260807_001,S000130,train,TOPO-0070,3,B1,0.1302428867407455,0.10227969735651742,-0.02796318938422808
improved_dataset_1000_20260807_001:S000133,improved_dataset_1000_20260807_001,S000133,train,TOPO-0025,3,B1,0.028100376304557168,-0.030004356415952532,-0.0581047327205097
improved_dataset_1000_20260807_001:S000134,improved_dataset_1000_20260807_001,S000134,train,TOPO-0080,3,B1,0.11753008336908718,0.10368598669519215,-0.013844096673895037
improved_dataset_1000_20260807_001:S000135,improved_dataset_1000_20260807_001,S000135,train,TOPO-0021,3,B1,0.1334986052996501,0.09534921963128556,-0.03814938566836454
improved_dataset_1000_20260807_001:S000136,improved_dataset_1000_20260807_001,S000136,train,TOPO-0021,3,B1,0.23054260763073844,0.2080571773889112,-0.022485430241827253
improved_dataset_1000_20260807_001:S000138,improved_dataset_1000_20260807_001,S000138,train,TOPO-0036,3,B1,0.8015509403163887,0.7845080642747906,-0.017042876041598154
improved_dataset_1000_20260807_001:S000139,improved_dataset_1000_20260807_001,S000139,train,TOPO-0039,3,B1,1.9790241462203424,2.0200339978596693,0.04100985163932691
improved_dataset_1000_20260807_001:S000140,improved_dataset_1000_20260807_001,S000140,train,TOPO-0030,3,B1,0.12570733497503694,0.08991099875914393,-0.03579633621589301
improved_dataset_1000_20260807_001:S000141,improved_dataset_1000_20260807_001,S000141,train,TOPO-0082,3,B1,0.07191762244538794,0.0016659166956083937,-0.07025170574977954
improved_dataset_1000_20260807_001:S000143,improved_dataset_1000_20260807_001,S000143,train,TOPO-0044,3,B1,0.11317734523742881,0.07669600386512265,-0.03648134137230616
improved_dataset_1000_20260807_001:S000144,improved_dataset_1000_20260807_001,S000144,train,TOPO-0083,3,B2,0.08121380901312364,0.06007727096622817,-0.02113653804689547
improved_dataset_1000_20260807_001:S000145,improved_dataset_1000_20260807_001,S000145,train,TOPO-0073,3,B1,0.09457514461900603,0.05488547193295057,-0.03968967268605546
improved_dataset_1000_20260807_001:S000146,improved_dataset_1000_20260807_001,S000146,train,TOPO-0043,3,B1,0.1251269930223091,0.15058215364997368,0.02545516062766459
improved_dataset_1000_20260807_001:S000147,improved_dataset_1000_20260807_001,S000147,train,TOPO-0084,3,B1,0.02409819255177892,0.0049764211758258625,-0.019121771375953056
improved_dataset_1000_20260807_001:S000148,improved_dataset_1000_20260807_001,S000148,train,TOPO-0054,3,B1,0.09446451144904186,0.10905385381087838,0.014589342361836524
improved_dataset_1000_20260807_001:S000149,improved_dataset_1000_20260807_001,S000149,train,TOPO-0085,3,B1,0.08232244705871242,0.04849367906241189,-0.033828767996300524
improved_dataset_1000_20260807_001:S000150,improved_dataset_1000_20260807_001,S000150,train,TOPO-0074,3,B1,0.1262712263540186,0.09174925852964354,-0.03452196782437507
improved_dataset_1000_20260807_001:S000151,improved_dataset_1000_20260807_001,S000151,train,TOPO-0055,3,B1,0.055682794095970656,0.010223786818314318,-0.04545900727765634
improved_dataset_1000_20260807_001:S000152,improved_dataset_1000_20260807_001,S000152,train,TOPO-0061,4,B1,0.2732164253648003,0.2606063360283499,-0.012610089336450359
improved_dataset_1000_20260807_001:S000153,improved_dataset_1000_20260807_001,S000153,train,TOPO-0009,4,B1,0.0741220605577983,0.06087932828198911,-0.013242732275809188
improved_dataset_1000_20260807_001:S000154,improved_dataset_1000_20260807_001,S000154,train,TOPO-0002,4,B3,0.06979725370426851,0.05431100810086653,-0.015486245603401977
improved_dataset_1000_20260807_001:S000158,improved_dataset_1000_20260807_001,S000158,train,TOPO-0087,4,B1,0.8733890855154764,0.6644414087235399,-0.2089476767919366
improved_dataset_1000_20260807_001:S000159,improved_dataset_1000_20260807_001,S000159,train,TOPO-0088,4,B1,0.028419305169765208,-0.017332720298941867,-0.045752025468707075
improved_dataset_1000_20260807_001:S000161,improved_dataset_1000_20260807_001,S000161,train,TOPO-0089,4,B1,0.15539450774960978,0.15219402923765804,-0.0032004785119517376
improved_dataset_1000_20260807_001:S000164,improved_dataset_1000_20260807_001,S000164,train,TOPO-0091,4,B1,0.2308233708076779,0.27564819162905285,0.044824820821374955
improved_dataset_1000_20260807_001:S000165,improved_dataset_1000_20260807_001,S000165,train,TOPO-0022,4,B1,0.33413597167311254,0.3421815676637401,0.008045595990627541
improved_dataset_1000_20260807_001:S000169,improved_dataset_1000_20260807_001,S000169,train,TOPO-0038,4,B1,0.06750248030724207,0.02900850512374098,-0.03849397518350109
improved_dataset_1000_20260807_001:S000170,improved_dataset_1000_20260807_001,S000170,train,TOPO-0092,4,B1,0.1185801341045787,0.0841300610023139,-0.03445007310226479
improved_dataset_1000_20260807_001:S000171,improved_dataset_1000_20260807_001,S000171,train,TOPO-0093,4,B1,0.2363412473580923,0.2314234544694082,-0.004917792888684103
improved_dataset_1000_20260807_001:S000172,improved_dataset_1000_20260807_001,S000172,train,TOPO-0094,4,B1,0.11974880858028453,0.10109931766487679,-0.01864949091540774
improved_dataset_1000_20260807_001:S000174,improved_dataset_1000_20260807_001,S000174,train,TOPO-0095,4,B1,0.1050908677341293,0.08398674099133921,-0.021104126742790094
improved_dataset_1000_20260807_001:S000175,improved_dataset_1000_20260807_001,S000175,train,TOPO-0096,4,B3,1.3684496311318755,1.5449742475771642,0.17652461644528872
improved_dataset_1000_20260807_001:S000177,improved_dataset_1000_20260807_001,S000177,train,TOPO-0059,4,B1,0.1248247086271879,0.11189425151058024,-0.01293045711660766
improved_dataset_1000_20260807_001:S000178,improved_dataset_1000_20260807_001,S000178,train,TOPO-0084,4,B1,0.07114894591543577,0.04422142832227713,-0.026927517593158645
improved_dataset_1000_20260807_001:S000179,improved_dataset_1000_20260807_001,S000179,train,TOPO-0084,4,B1,0.09155978098451625,0.07838174885607105,-0.013178032128445205
improved_dataset_1000_20260807_001:S000183,improved_dataset_1000_20260807_001,S000183,train,TOPO-0099,5,B6,0.1249293514207321,0.11371450953660824,-0.01121484188412386
improved_dataset_1000_20260807_001:S000184,improved_dataset_1000_20260807_001,S000184,train,TOPO-0000,5,B6,0.46870090974157386,0.46750365086322343,-0.0011972588783504268
improved_dataset_1000_20260807_001:S000185,improved_dataset_1000_20260807_001,S000185,train,TOPO-0100,5,B3,0.07933605561954857,0.04721889226300091,-0.03211716335654766
improved_dataset_1000_20260807_001:S000186,improved_dataset_1000_20260807_001,S000186,train,TOPO-0000,5,B6,0.12113060574961013,0.0972849174155125,-0.02384568833409763
improved_dataset_1000_20260807_001:S000188,improved_dataset_1000_20260807_001,S000188,train,TOPO-0101,5,B1,0.026208131710783844,-0.0033654892436440487,-0.029573620954427893
improved_dataset_1000_20260807_001:S000189,improved_dataset_1000_20260807_001,S000189,train,TOPO-0102,5,B1,0.2414898177124687,0.23844206573528232,-0.003047751977186375
improved_dataset_1000_20260807_001:S000190,improved_dataset_1000_20260807_001,S000190,train,TOPO-0103,5,B1,0.10221497679901231,0.07166609807124283,-0.030548878727769485
improved_dataset_1000_20260807_001:S000191,improved_dataset_1000_20260807_001,S000191,train,TOPO-0010,5,B1,0.034260360997276806,0.016395425701615923,-0.017864935295660883
improved_dataset_1000_20260807_001:S000193,improved_dataset_1000_20260807_001,S000193,train,TOPO-0023,5,B1,0.22413544719956702,0.27505967031226947,0.05092422311270245
improved_dataset_1000_20260807_001:S000194,improved_dataset_1000_20260807_001,S000194,train,TOPO-0104,5,B1,0.22422872026887117,0.11866082559751354,-0.10556789467135763
improved_dataset_1000_20260807_001:S000196,improved_dataset_1000_20260807_001,S000196,train,TOPO-0027,5,B3,0.1280876778887269,0.06533032083301976,-0.06275735705570715
improved_dataset_1000_20260807_001:S000197,improved_dataset_1000_20260807_001,S000197,train,TOPO-0105,5,B1,0.0269882889451184,0.012669329927825823,-0.014318959017292576
improved_dataset_1000_20260807_001:S000199,improved_dataset_1000_20260807_001,S000199,train,TOPO-0092,5,B1,0.49500666300059293,0.4953602482854299,0.00035358528483697693
improved_dataset_1000_20260807_001:S000201,improved_dataset_1000_20260807_001,S000201,train,TOPO-0106,5,B1,0.0654628030590575,0.05959311180354851,-0.005869691255508985
improved_dataset_1000_20260807_001:S000202,improved_dataset_1000_20260807_001,S000202,train,TOPO-0107,5,B1,0.13948725706270193,0.06343124904704037,-0.07605600801566156
improved_dataset_1000_20260807_001:S000203,improved_dataset_1000_20260807_001,S000203,train,TOPO-0041,5,B1,0.026144656171887326,-0.01681473132734873,-0.04295938749923606
improved_dataset_1000_20260807_001:S000205,improved_dataset_1000_20260807_001,S000205,train,TOPO-0045,5,B1,0.0996234195398977,0.05882607828995687,-0.04079734124994083
improved_dataset_1000_20260807_001:S000206,improved_dataset_1000_20260807_001,S000206,train,TOPO-0095,5,B1,0.26160685645386805,0.2766359353062272,0.015029078852359157
improved_dataset_1000_20260807_001:S000207,improved_dataset_1000_20260807_001,S000207,train,TOPO-0109,5,B1,0.028518335174500226,-0.017170847469685196,-0.04568918264418542
improved_dataset_1000_20260807_001:S000209,improved_dataset_1000_20260807_001,S000209,train,TOPO-0109,5,B1,0.07162207339683777,0.05217959747339884,-0.019442475923438923
improved_dataset_1000_20260807_001:S000210,improved_dataset_1000_20260807_001,S000210,train,TOPO-0085,5,B1,0.11812328371072332,0.0928355474707012,-0.02528773624002212
improved_dataset_1000_20260807_001:S000211,improved_dataset_1000_20260807_001,S000211,train,TOPO-0085,5,B1,0.02768170307967477,-0.019219515385035024,-0.04690121846470979
improved_dataset_1000_20260807_001:S000212,improved_dataset_1000_20260807_001,S000212,train,TOPO-0111,6,B1,0.09039059625528231,0.07211002884576653,-0.01828056740951578
improved_dataset_1000_20260807_001:S000213,improved_dataset_1000_20260807_001,S000213,train,TOPO-0009,6,B1,0.028010551273469214,-0.02685082633112193,-0.054861377604591144
improved_dataset_1000_20260807_001:S000214,improved_dataset_1000_20260807_001,S000214,train,TOPO-0112,6,B6,0.2644224609346392,0.2468424563116086,-0.017580004623030637
improved_dataset_1000_20260807_001:S000217,improved_dataset_1000_20260807_001,S000217,train,TOPO-0017,6,B1,0.09945210702037104,0.06162857435759095,-0.03782353266278009
improved_dataset_1000_20260807_001:S000222,improved_dataset_1000_20260807_001,S000222,train,TOPO-0113,6,B3,0.1215945180522945,0.059198675621251196,-0.062395842431043305
improved_dataset_1000_20260807_001:S000223,improved_dataset_1000_20260807_001,S000223,train,TOPO-0027,6,B2,0.4096170821411912,0.40275474367210273,-0.006862338469088458
improved_dataset_1000_20260807_001:S000225,improved_dataset_1000_20260807_001,S000225,train,TOPO-0114,6,B1,0.025821726919018934,-0.0045026606665245494,-0.030324387585543483
improved_dataset_1000_20260807_001:S000226,improved_dataset_1000_20260807_001,S000226,train,TOPO-0115,6,B4,0.14674410314958164,0.1705962717034862,0.023852168553904568
improved_dataset_1000_20260807_001:S000227,improved_dataset_1000_20260807_001,S000227,train,TOPO-0092,6,B1,0.36129242981926224,0.35179831590797384,-0.009494113911288404
improved_dataset_1000_20260807_001:S000228,improved_dataset_1000_20260807_001,S000228,train,TOPO-0116,6,B1,0.027330730292901617,0.011226373770621328,-0.01610435652228029
improved_dataset_1000_20260807_001:S000231,improved_dataset_1000_20260807_001,S000231,train,TOPO-0118,6,B1,0.1823780664877604,0.18287937016898445,0.0005013036812240579
improved_dataset_1000_20260807_001:S000233,improved_dataset_1000_20260807_001,S000233,train,TOPO-0040,6,B1,0.08939732653239855,0.047504175010565586,-0.04189315152183297
improved_dataset_1000_20260807_001:S000236,improved_dataset_1000_20260807_001,S000236,train,TOPO-0043,6,B1,0.04191171470194774,0.013445425544076656,-0.028466289157871083
improved_dataset_1000_20260807_001:S000237,improved_dataset_1000_20260807_001,S000237,train,TOPO-0058,6,B1,0.06955429138432503,0.06364695362351233,-0.005907337760812703
improved_dataset_1000_20260807_001:S000238,improved_dataset_1000_20260807_001,S000238,train,TOPO-0058,6,B1,0.0720554011030474,0.07320578809230588,0.001150386989258484
improved_dataset_1000_20260807_001:S000241,improved_dataset_1000_20260807_001,S000241,train,TOPO-0085,6,B1,0.18295456878268923,0.1665115595450719,-0.016443009237617323
improved_dataset_1000_20260807_001:S000243,improved_dataset_1000_20260807_001,S000243,train,TOPO-0119,7,B1,0.17965026643410592,0.1910009505637501,0.011350684129644184
improved_dataset_1000_20260807_001:S000244,improved_dataset_1000_20260807_001,S000244,train,TOPO-0000,7,B6,0.0237913056698342,-0.0277146243237838,-0.051505929993618
improved_dataset_1000_20260807_001:S000245,improved_dataset_1000_20260807_001,S000245,train,TOPO-0120,7,B3,0.04191185757293561,-0.007199717945110595,-0.04911157551804621
improved_dataset_1000_20260807_001:S000246,improved_dataset_1000_20260807_001,S000246,train,TOPO-0121,7,B3,0.3235380467146112,0.3270132100083488,0.003475163293737593
improved_dataset_1000_20260807_001:S000247,improved_dataset_1000_20260807_001,S000247,train,TOPO-0122,7,B1,0.1280208040613332,0.11695186407103626,-0.011068939990296942
improved_dataset_1000_20260807_001:S000252,improved_dataset_1000_20260807_001,S000252,train,TOPO-0124,7,B1,0.2631925611380958,0.27518713164359065,0.01199457050549485
improved_dataset_1000_20260807_001:S000253,improved_dataset_1000_20260807_001,S000253,train,TOPO-0125,7,B1,0.27108101434967224,0.29214481575613604,0.0210638014064638
improved_dataset_1000_20260807_001:S000254,improved_dataset_1000_20260807_001,S000254,train,TOPO-0126,7,B1,0.017815155118220988,-0.0019483927352439978,-0.019763547853464986
improved_dataset_1000_20260807_001:S000255,improved_dataset_1000_20260807_001,S000255,train,TOPO-0113,7,B3,2.892535854383711,3.133703224876133,0.24116737049242198
improved_dataset_1000_20260807_001:S000258,improved_dataset_1000_20260807_001,S000258,train,TOPO-0128,7,B1,0.09942630860198994,0.06608787383605919,-0.03333843476593075
improved_dataset_1000_20260807_001:S000260,improved_dataset_1000_20260807_001,S000260,train,TOPO-0130,7,B1,0.1302581229110948,0.07236243085597999,-0.0578956920551148
improved_dataset_1000_20260807_001:S000261,improved_dataset_1000_20260807_001,S000261,train,TOPO-0131,7,B1,0.18021999001091385,0.1871631322287133,0.006943142217799458
improved_dataset_1000_20260807_001:S000262,improved_dataset_1000_20260807_001,S000262,train,TOPO-0132,7,B1,0.14834107423170995,0.15909091187059932,0.01074983763888937
improved_dataset_1000_20260807_001:S000269,improved_dataset_1000_20260807_001,S000269,train,TOPO-0051,7,B1,0.05701282094233451,0.06134627149063043,0.004333450548295925
improved_dataset_1000_20260807_001:S000270,improved_dataset_1000_20260807_001,S000270,train,TOPO-0074,7,B1,0.04255085827125463,0.031852780750256465,-0.010698077520998162
improved_dataset_1000_20260807_001:S000272,improved_dataset_1000_20260807_001,S000272,train,TOPO-0119,8,B1,0.04309887056044162,0.012035656276340234,-0.031063214284101387
improved_dataset_1000_20260807_001:S000273,improved_dataset_1000_20260807_001,S000273,train,TOPO-0133,8,B1,0.1671252108481146,0.1549549906681042,-0.012170220180010405
improved_dataset_1000_20260807_001:S000274,improved_dataset_1000_20260807_001,S000274,train,TOPO-0134,8,B6,0.02856219656777631,0.0111344873152798,-0.01742770925249651
improved_dataset_1000_20260807_001:S000277,improved_dataset_1000_20260807_001,S000277,train,TOPO-0135,8,B3,0.1304576422456552,0.11819311700858005,-0.01226452523707515
improved_dataset_1000_20260807_001:S000279,improved_dataset_1000_20260807_001,S000279,train,TOPO-0136,8,B3,0.03347261119044401,0.028444532104194814,-0.005028079086249193
improved_dataset_1000_20260807_001:S000282,improved_dataset_1000_20260807_001,S000282,train,TOPO-0124,8,B1,0.04675616374850175,0.014892708651199515,-0.031863455097302235
improved_dataset_1000_20260807_001:S000283,improved_dataset_1000_20260807_001,S000283,train,TOPO-0028,8,B1,0.04606416811875352,0.006688056430790401,-0.03937611168796312
improved_dataset_1000_20260807_001:S000284,improved_dataset_1000_20260807_001,S000284,train,TOPO-0029,8,B1,0.10119185724473428,0.09323056534202057,-0.007961291902713719
improved_dataset_1000_20260807_001:S000286,improved_dataset_1000_20260807_001,S000286,train,TOPO-0137,8,B3,0.03663830571938467,-0.002495956001326266,-0.03913426172071094
improved_dataset_1000_20260807_001:S000288,improved_dataset_1000_20260807_001,S000288,train,TOPO-0105,8,B1,0.47312635900098743,0.4349989703622196,-0.038127388638767856
improved_dataset_1000_20260807_001:S000289,improved_dataset_1000_20260807_001,S000289,train,TOPO-0139,8,B1,0.031144038599715762,-0.01653135692797919,-0.04767539552769495
improved_dataset_1000_20260807_001:S000292,improved_dataset_1000_20260807_001,S000292,train,TOPO-0132,8,B1,0.0939526149045743,0.020673370871124364,-0.07327924403344993
improved_dataset_1000_20260807_001:S000293,improved_dataset_1000_20260807_001,S000293,train,TOPO-0141,8,B1,0.12006552294518058,0.0852832237707653,-0.034782299174415277
improved_dataset_1000_20260807_001:S000295,improved_dataset_1000_20260807_001,S000295,train,TOPO-0095,8,B1,0.12275543667437311,0.1229154215655758,0.00015998489120269688
improved_dataset_1000_20260807_001:S000298,improved_dataset_1000_20260807_001,S000298,train,TOPO-0109,8,B1,0.3115346590281507,0.2691601496355074,-0.04237450939264331
improved_dataset_1000_20260807_001:S000301,improved_dataset_1000_20260807_001,S000301,train,TOPO-0144,8,B1,0.12391906984522126,0.12158467015920203,-0.0023343996860192284
improved_dataset_1000_20260807_001:S000302,improved_dataset_1000_20260807_001,S000302,train,TOPO-0145,9,B6,0.3765854424115701,0.38496386657351134,0.008378424161941234
improved_dataset_1000_20260807_001:S000304,improved_dataset_1000_20260807_001,S000304,train,TOPO-0121,9,B2,0.49461119610616877,0.46322009290490584,-0.031391103201262927
improved_dataset_1000_20260807_001:S000305,improved_dataset_1000_20260807_001,S000305,train,TOPO-0146,9,B4,0.030725242913986622,-0.014799536043442724,-0.045524778957429346
improved_dataset_1000_20260807_001:S000306,improved_dataset_1000_20260807_001,S000306,train,TOPO-0001,9,B1,0.3730859604346829,0.37845954238988394,0.0053735819552010455
improved_dataset_1000_20260807_001:S000308,improved_dataset_1000_20260807_001,S000308,train,TOPO-0079,9,B1,0.051075643555198114,0.006481546622894907,-0.04459409693230321
improved_dataset_1000_20260807_001:S000314,improved_dataset_1000_20260807_001,S000314,train,TOPO-0137,9,B3,0.2932335386065228,0.3039903565136767,0.010756817907153882
improved_dataset_1000_20260807_001:S000315,improved_dataset_1000_20260807_001,S000315,train,TOPO-0104,9,B1,0.5062701626611571,0.5552598284062679,0.048989665745110766
improved_dataset_1000_20260807_001:S000316,improved_dataset_1000_20260807_001,S000316,train,TOPO-0124,9,B1,0.12588732180454143,0.1162173132970439,-0.009670008507497524
improved_dataset_1000_20260807_001:S000317,improved_dataset_1000_20260807_001,S000317,train,TOPO-0148,9,B1,0.5965525441914362,0.5563744058029239,-0.04017813838851236
improved_dataset_1000_20260807_001:S000318,improved_dataset_1000_20260807_001,S000318,train,TOPO-0092,9,B1,1.3838472048771628,1.3260609519987565,-0.05778625287840633
improved_dataset_1000_20260807_001:S000320,improved_dataset_1000_20260807_001,S000320,train,TOPO-0149,9,B1,0.17482785013489557,0.13983439274294374,-0.03499345739195184
improved_dataset_1000_20260807_001:S000323,improved_dataset_1000_20260807_001,S000323,train,TOPO-0047,9,B1,0.07232227390331794,0.06188689530873043,-0.010435378594587513
improved_dataset_1000_20260807_001:S000324,improved_dataset_1000_20260807_001,S000324,train,TOPO-0150,9,B1,0.019504624959924582,-0.01520533046927569,-0.03470995542920027
improved_dataset_1000_20260807_001:S000325,improved_dataset_1000_20260807_001,S000325,train,TOPO-0151,9,B3,0.025583377290969572,-0.012794974443062462,-0.038378351734032035
improved_dataset_1000_20260807_001:S000326,improved_dataset_1000_20260807_001,S000326,train,TOPO-0152,9,B1,0.037488979991303656,-0.0055508234639620735,-0.04303980345526573
improved_dataset_1000_20260807_001:S000327,improved_dataset_1000_20260807_001,S000327,train,TOPO-0153,9,B1,0.41700998222880536,0.4075946208470449,-0.009415361381760468
improved_dataset_1000_20260807_001:S000328,improved_dataset_1000_20260807_001,S000328,train,TOPO-0052,9,B1,0.07566099540363974,0.05795818806399958,-0.017702807339640164
improved_dataset_1000_20260807_001:S000332,improved_dataset_1000_20260807_001,S000332,train,TOPO-0154,10,B6,0.027511176350581396,-0.05847468678176623,-0.08598586313234763
improved_dataset_1000_20260807_001:S000333,improved_dataset_1000_20260807_001,S000333,train,TOPO-0155,10,B1,0.06461418000632152,0.0847124337640836,0.020098253757762086
improved_dataset_1000_20260807_001:S000335,improved_dataset_1000_20260807_001,S000335,train,TOPO-0156,10,B1,0.046727303808952014,0.02422810310003498,-0.022499200708917033
improved_dataset_1000_20260807_001:S000337,improved_dataset_1000_20260807_001,S000337,train,TOPO-0135,10,B1,0.19525636421309114,0.19280217868444732,-0.0024541855286438208
improved_dataset_1000_20260807_001:S000338,improved_dataset_1000_20260807_001,S000338,train,TOPO-0157,10,B1,0.043994630834104126,0.025783682415963266,-0.01821094841814086
improved_dataset_1000_20260807_001:S000339,improved_dataset_1000_20260807_001,S000339,train,TOPO-0158,10,B3,0.02931986182659191,-0.023910174018217573,-0.05323003584480948
improved_dataset_1000_20260807_001:S000340,improved_dataset_1000_20260807_001,S000340,train,TOPO-0010,10,B1,0.11769053769353573,0.11933550322251782,0.0016449655289820925
improved_dataset_1000_20260807_001:S000342,improved_dataset_1000_20260807_001,S000342,train,TOPO-0137,10,B3,0.15182066142353626,0.12850132511635748,-0.02331933630717878
improved_dataset_1000_20260807_001:S000343,improved_dataset_1000_20260807_001,S000343,train,TOPO-0159,10,B4,0.1445773064399397,0.13889637837461868,-0.005680928065321028
improved_dataset_1000_20260807_001:S000344,improved_dataset_1000_20260807_001,S000344,train,TOPO-0160,10,B1,0.030440929648125364,-0.013461610472463748,-0.04390254012058911
improved_dataset_1000_20260807_001:S000345,improved_dataset_1000_20260807_001,S000345,train,TOPO-0161,10,B1,2.706309318175277,2.9916564801453203,0.2853471619700434
improved_dataset_1000_20260807_001:S000349,improved_dataset_1000_20260807_001,S000349,train,TOPO-0163,10,B1,0.04197555762338448,0.013491899435416649,-0.02848365818796783
improved_dataset_1000_20260807_001:S000350,improved_dataset_1000_20260807_001,S000350,train,TOPO-0164,10,B1,0.04756989566498576,0.013375990243971847,-0.034193905421013915
improved_dataset_1000_20260807_001:S000352,improved_dataset_1000_20260807_001,S000352,train,TOPO-0165,10,B1,0.11768756801800213,0.0870254436222046,-0.030662124395797533
improved_dataset_1000_20260807_001:S000353,improved_dataset_1000_20260807_001,S000353,train,TOPO-0165,10,B1,0.45530410131041743,0.42417204362030386,-0.031132057690113568
improved_dataset_1000_20260807_001:S000354,improved_dataset_1000_20260807_001,S000354,train,TOPO-0166,10,B1,0.039726870325016705,0.0032118828350671536,-0.03651498748994955
improved_dataset_1000_20260807_001:S000357,improved_dataset_1000_20260807_001,S000357,train,TOPO-0109,10,B1,0.0626979432916566,0.030840131598375203,-0.03185781169328139
improved_dataset_1000_20260807_001:S000359,improved_dataset_1000_20260807_001,S000359,train,TOPO-0168,10,B1,0.07425259361535863,0.042846784907415614,-0.03140580870794302
improved_dataset_1000_20260807_001:S000362,improved_dataset_1000_20260807_001,S000362,train,TOPO-0169,11,B1,0.13690240963748193,0.06144259715166647,-0.07545981248581546
improved_dataset_1000_20260807_001:S000364,improved_dataset_1000_20260807_001,S000364,train,TOPO-0170,11,B6,0.3107724627180055,0.28083235216701474,-0.029940110550990773
improved_dataset_1000_20260807_001:S000365,improved_dataset_1000_20260807_001,S000365,train,TOPO-0001,11,B1,0.048327856870847674,0.0360533102544805,-0.012274546616367177
improved_dataset_1000_20260807_001:S000366,improved_dataset_1000_20260807_001,S000366,train,TOPO-0003,11,B1,0.11823011038936782,0.10978949652742089,-0.00844061386194693
improved_dataset_1000_20260807_001:S000367,improved_dataset_1000_20260807_001,S000367,train,TOPO-0122,11,B1,0.11136230200245807,0.07250605701907156,-0.03885624498338651
improved_dataset_1000_20260807_001:S000368,improved_dataset_1000_20260807_001,S000368,train,TOPO-0122,11,B1,0.2759603800451546,0.2871489897953985,0.011188609750243883
improved_dataset_1000_20260807_001:S000369,improved_dataset_1000_20260807_001,S000369,train,TOPO-0079,11,B1,0.04991665369145573,0.008827529064002165,-0.041089124627453566
improved_dataset_1000_20260807_001:S000370,improved_dataset_1000_20260807_001,S000370,train,TOPO-0171,11,B1,0.25013626274511874,0.2228746438980938,-0.027261618847024938
improved_dataset_1000_20260807_001:S000371,improved_dataset_1000_20260807_001,S000371,train,TOPO-0018,11,B1,0.4990718120387395,0.4527065434698123,-0.0463652685689272
improved_dataset_1000_20260807_001:S000372,improved_dataset_1000_20260807_001,S000372,train,TOPO-0159,11,B4,0.45338989540479435,0.4737631554040651,0.020373259999270754
improved_dataset_1000_20260807_001:S000373,improved_dataset_1000_20260807_001,S000373,train,TOPO-0159,11,B4,0.13375302281129955,0.11179754826193339,-0.021955474549366166
improved_dataset_1000_20260807_001:S000374,improved_dataset_1000_20260807_001,S000374,train,TOPO-0172,11,B1,0.039029455802799984,-0.00954965995359594,-0.048579115756395924
improved_dataset_1000_20260807_001:S000375,improved_dataset_1000_20260807_001,S000375,train,TOPO-0173,11,B1,0.10189015960808992,0.08218954642478166,-0.019700613183308263
improved_dataset_1000_20260807_001:S000376,improved_dataset_1000_20260807_001,S000376,train,TOPO-0159,11,B3,0.02685917439236621,-0.015530953860772495,-0.042390128253138704
improved_dataset_1000_20260807_001:S000377,improved_dataset_1000_20260807_001,S000377,train,TOPO-0174,11,B1,0.03595356589480614,-0.014300099890131535,-0.05025366578493767
improved_dataset_1000_20260807_001:S000379,improved_dataset_1000_20260807_001,S000379,train,TOPO-0106,11,B1,0.5220785925472764,0.48774548996379485,-0.034333102583481545
improved_dataset_1000_20260807_001:S000381,improved_dataset_1000_20260807_001,S000381,train,TOPO-0033,11,B1,0.23465371520416173,0.1839742109591732,-0.050679504244988516
improved_dataset_1000_20260807_001:S000383,improved_dataset_1000_20260807_001,S000383,train,TOPO-0175,11,B1,0.27167097968394016,0.2990614043803328,0.027390424696392635
improved_dataset_1000_20260807_001:S000384,improved_dataset_1000_20260807_001,S000384,train,TOPO-0176,11,B1,0.27211832405456693,0.2872667001817975,0.015148376127230578
improved_dataset_1000_20260807_001:S000385,improved_dataset_1000_20260807_001,S000385,train,TOPO-0041,11,B1,0.22275890309031326,0.1707295703351689,-0.052029332755144375
improved_dataset_1000_20260807_001:S000387,improved_dataset_1000_20260807_001,S000387,train,TOPO-0177,11,B1,0.08723382095801294,0.0499406254022062,-0.037293195555806735
improved_dataset_1000_20260807_001:S000389,improved_dataset_1000_20260807_001,S000389,train,TOPO-0178,11,B1,0.04573789160274075,0.027953668210155824,-0.017784223392584925
improved_dataset_1000_20260807_001:S000390,improved_dataset_1000_20260807_001,S000390,train,TOPO-0144,11,B1,0.12106340535995842,0.07889971741752308,-0.04216368794243534
improved_dataset_1000_20260807_001:S000392,improved_dataset_1000_20260807_001,S000392,train,TOPO-0179,12,B1,0.11248408417893088,0.08264913177754768,-0.029834952401383202
improved_dataset_1000_20260807_001:S000393,improved_dataset_1000_20260807_001,S000393,train,TOPO-0180,12,B6,0.11675843716360144,0.14960733979720156,0.032848902633600116
improved_dataset_1000_20260807_001:S000394,improved_dataset_1000_20260807_001,S000394,train,TOPO-0181,12,B2,0.03757558022009397,0.0040887433180485655,-0.0334868369020454
improved_dataset_1000_20260807_001:S000396,improved_dataset_1000_20260807_001,S000396,train,TOPO-0182,12,B1,0.849337897675469,0.8194990061168488,-0.029838891558620184
improved_dataset_1000_20260807_001:S000398,improved_dataset_1000_20260807_001,S000398,train,TOPO-0135,12,B2,0.26009187290863595,0.2415673532873322,-0.018524519621303748
improved_dataset_1000_20260807_001:S000399,improved_dataset_1000_20260807_001,S000399,train,TOPO-0171,12,B1,0.15936802545917897,0.1460190583988179,-0.013348967060361067
improved_dataset_1000_20260807_001:S000400,improved_dataset_1000_20260807_001,S000400,train,TOPO-0183,12,B1,1.1752367852571637,1.0991641888993033,-0.07607259635786034
improved_dataset_1000_20260807_001:S000401,improved_dataset_1000_20260807_001,S000401,train,TOPO-0135,12,B4,0.2868657888822285,0.23722973396771166,-0.049636054914516864
improved_dataset_1000_20260807_001:S000402,improved_dataset_1000_20260807_001,S000402,train,TOPO-0184,12,B4,0.11988391350945672,0.10151846032300506,-0.018365453186451663
improved_dataset_1000_20260807_001:S000403,improved_dataset_1000_20260807_001,S000403,train,TOPO-0161,12,B1,0.11699648063953394,0.1307507063595235,0.013754225719989549
improved_dataset_1000_20260807_001:S000404,improved_dataset_1000_20260807_001,S000404,train,TOPO-0104,12,B1,0.04843341812074245,0.009815686046534294,-0.038617732074208155
improved_dataset_1000_20260807_001:S000405,improved_dataset_1000_20260807_001,S000405,train,TOPO-0124,12,B1,0.5841368920644063,0.559201047067508,-0.024935844996898382
improved_dataset_1000_20260807_001:S000406,improved_dataset_1000_20260807_001,S000406,train,TOPO-0028,12,B1,1.352862406355261,1.5803797193854567,0.22751731303019573
improved_dataset_1000_20260807_001:S000411,improved_dataset_1000_20260807_001,S000411,train,TOPO-0082,12,B1,0.13969848671573243,0.1048585390977116,-0.034839947618020825
improved_dataset_1000_20260807_001:S000412,improved_dataset_1000_20260807_001,S000412,train,TOPO-0185,12,B1,0.18901223233541756,0.17186538958619993,-0.017146842749217628
improved_dataset_1000_20260807_001:S000414,improved_dataset_1000_20260807_001,S000414,train,TOPO-0176,12,B1,0.4706161769745354,0.48537703595730974,0.01476085898277435
improved_dataset_1000_20260807_001:S000416,improved_dataset_1000_20260807_001,S000416,train,TOPO-0187,12,B1,0.2615076121426512,0.3114477118269613,0.04994009968431007
improved_dataset_1000_20260807_001:S000417,improved_dataset_1000_20260807_001,S000417,train,TOPO-0188,12,B1,0.1300494853459871,0.0858759750892967,-0.04417351025669039
improved_dataset_1000_20260807_001:S000418,improved_dataset_1000_20260807_001,S000418,train,TOPO-0189,12,B1,0.553322171248493,0.34142939273288697,-0.21189277851560606
improved_dataset_1000_20260807_001:S000419,improved_dataset_1000_20260807_001,S000419,train,TOPO-0190,12,B1,0.07687093918469887,0.05522035132344724,-0.021650587861251624
improved_dataset_1000_20260807_001:S000420,improved_dataset_1000_20260807_001,S000420,train,TOPO-0191,12,B1,0.24456575864581534,0.2633772627102,0.01881150406438467
improved_dataset_1000_20260807_001:S000421,improved_dataset_1000_20260807_001,S000421,train,TOPO-0192,12,B1,0.12725537274381982,0.11652699636832264,-0.010728376375497173
improved_dataset_1000_20260807_001:S000423,improved_dataset_1000_20260807_001,S000423,train,TOPO-0180,13,B6,0.11955143231054216,0.08505837545106965,-0.034493056859472515
improved_dataset_1000_20260807_001:S000424,improved_dataset_1000_20260807_001,S000424,train,TOPO-0119,13,B1,0.16718301236777855,0.15501255747114523,-0.01217045489663332
improved_dataset_1000_20260807_001:S000425,improved_dataset_1000_20260807_001,S000425,train,TOPO-0193,13,B1,0.05515304888308992,0.025249324511188442,-0.029903724371901474
improved_dataset_1000_20260807_001:S000426,improved_dataset_1000_20260807_001,S000426,train,TOPO-0194,13,B1,0.04878206415142744,0.044371544910246224,-0.0044105192411812155
improved_dataset_1000_20260807_001:S000428,improved_dataset_1000_20260807_001,S000428,train,TOPO-0135,13,B3,0.03142065724237317,-0.0009119045385295732,-0.03233256178090274
improved_dataset_1000_20260807_001:S000431,improved_dataset_1000_20260807_001,S000431,train,TOPO-0195,13,B1,1.3509548745657856,1.4417011377835374,0.09074626321775181
improved_dataset_1000_20260807_001:S000432,improved_dataset_1000_20260807_001,S000432,train,TOPO-0196,13,B1,0.5664859979187158,0.5434221710657365,-0.023063826852979252
improved_dataset_1000_20260807_001:S000433,improved_dataset_1000_20260807_001,S000433,train,TOPO-0197,13,B1,0.8676493864487881,0.849132285913783,-0.018517100535005104
improved_dataset_1000_20260807_001:S000435,improved_dataset_1000_20260807_001,S000435,train,TOPO-0184,13,B4,0.32240784535492467,0.3550463653563509,0.03263852000142625
improved_dataset_1000_20260807_001:S000436,improved_dataset_1000_20260807_001,S000436,train,TOPO-0124,13,B1,0.042089936054244964,0.012356993538200939,-0.029732942516044025
improved_dataset_1000_20260807_001:S000438,improved_dataset_1000_20260807_001,S000438,train,TOPO-0199,13,B1,0.15245986112073123,0.11328287587211192,-0.03917698524861932
improved_dataset_1000_20260807_001:S000441,improved_dataset_1000_20260807_001,S000441,train,TOPO-0200,13,B1,0.09729813298189047,0.09515493549792352,-0.0021431974839669493
improved_dataset_1000_20260807_001:S000442,improved_dataset_1000_20260807_001,S000442,train,TOPO-0201,13,B1,0.2274350896578049,0.21588610968588817,-0.011548979971916729
improved_dataset_1000_20260807_001:S000448,improved_dataset_1000_20260807_001,S000448,train,TOPO-0188,13,B1,0.0981008332170968,0.07399549727268662,-0.02410533594441018
improved_dataset_1000_20260807_001:S000449,improved_dataset_1000_20260807_001,S000449,train,TOPO-0204,13,B1,0.08405201262265466,0.05741981956649381,-0.026632193056160852
improved_dataset_1000_20260807_001:S000453,improved_dataset_1000_20260807_001,S000453,train,TOPO-0119,14,B1,0.0335239631055127,0.030378984869813164,-0.003144978235699536
improved_dataset_1000_20260807_001:S000454,improved_dataset_1000_20260807_001,S000454,train,TOPO-0205,14,B1,0.15578694373807692,0.15178139741454844,-0.0040055463235284805
improved_dataset_1000_20260807_001:S000456,improved_dataset_1000_20260807_001,S000456,train,TOPO-0180,14,B6,0.33683496791510537,0.39404808362060084,0.057213115705495476
improved_dataset_1000_20260807_001:S000457,improved_dataset_1000_20260807_001,S000457,train,TOPO-0206,14,B1,0.06106309098760157,0.06240384336312624,0.0013407523755246675
improved_dataset_1000_20260807_001:S000458,improved_dataset_1000_20260807_001,S000458,train,TOPO-0207,14,B1,0.22000156318428285,0.21813832267668096,-0.0018632405076018932
improved_dataset_1000_20260807_001:S000459,improved_dataset_1000_20260807_001,S000459,train,TOPO-0171,14,B1,0.4110823874029268,0.36760880721834666,-0.04347358018458014
improved_dataset_1000_20260807_001:S000460,improved_dataset_1000_20260807_001,S000460,train,TOPO-0208,14,B1,0.1339351476030868,0.10067734820220282,-0.03325779940088398
improved_dataset_1000_20260807_001:S000461,improved_dataset_1000_20260807_001,S000461,train,TOPO-0209,14,B1,0.1977462521810966,0.20886584759039636,0.01111959540929977
improved_dataset_1000_20260807_001:S000463,improved_dataset_1000_20260807_001,S000463,train,TOPO-0210,14,B1,1.3862138832013702,1.4213883938527,0.03517451065132993
improved_dataset_1000_20260807_001:S000464,improved_dataset_1000_20260807_001,S000464,train,TOPO-0211,14,B4,0.05460641427842883,0.051523840049216785,-0.003082574229212043
improved_dataset_1000_20260807_001:S000466,improved_dataset_1000_20260807_001,S000466,train,TOPO-0212,14,B1,0.03993511499490776,0.03753496403925666,-0.0024001509556511036
improved_dataset_1000_20260807_001:S000468,improved_dataset_1000_20260807_001,S000468,train,TOPO-0213,14,B1,0.11977122912030956,0.09317712138748663,-0.026594107732822933
improved_dataset_1000_20260807_001:S000470,improved_dataset_1000_20260807_001,S000470,train,TOPO-0105,14,B1,0.155851046888813,0.12146903650466241,-0.03438201038415058
improved_dataset_1000_20260807_001:S000471,improved_dataset_1000_20260807_001,S000471,train,TOPO-0215,14,B1,0.1273542496724964,0.1487681768448767,0.021413927172380304
improved_dataset_1000_20260807_001:S000472,improved_dataset_1000_20260807_001,S000472,train,TOPO-0187,14,B1,0.018685178203925762,-0.0020339316366958793,-0.02071910984062164
improved_dataset_1000_20260807_001:S000473,improved_dataset_1000_20260807_001,S000473,train,TOPO-0176,14,B1,0.33143785306718804,0.33815135058212764,0.006713497514939604
improved_dataset_1000_20260807_001:S000475,improved_dataset_1000_20260807_001,S000475,train,TOPO-0150,14,B1,0.17295630142422225,0.1482779915880301,-0.024678309836192153
improved_dataset_1000_20260807_001:S000476,improved_dataset_1000_20260807_001,S000476,train,TOPO-0216,14,B3,0.02881150644160943,0.027379796272164386,-0.001431710169445044
improved_dataset_1000_20260807_001:S000477,improved_dataset_1000_20260807_001,S000477,train,TOPO-0217,14,B1,0.3265068139969143,0.24328054991809278,-0.0832262640788215
improved_dataset_1000_20260807_001:S000478,improved_dataset_1000_20260807_001,S000478,train,TOPO-0218,14,B1,0.09905348675914323,0.05478204354280328,-0.044271443216339953
improved_dataset_1000_20260807_001:S000481,improved_dataset_1000_20260807_001,S000481,train,TOPO-0219,14,B1,0.24358167858897278,0.24382855200220918,0.0002468734132363981
improved_dataset_1000_20260807_001:S000482,improved_dataset_1000_20260807_001,S000482,train,TOPO-0181,15,B2,1.4915711949660442,1.44812404591422,-0.04344714905182423
improved_dataset_1000_20260807_001:S000483,improved_dataset_1000_20260807_001,S000483,train,TOPO-0181,15,B2,0.1839878500359795,0.17796971072153836,-0.0060181393144411455
improved_dataset_1000_20260807_001:S000484,improved_dataset_1000_20260807_001,S000484,train,TOPO-0220,15,B1,0.4272747728638761,0.4985576397635366,0.07128286689966051
improved_dataset_1000_20260807_001:S000485,improved_dataset_1000_20260807_001,S000485,train,TOPO-0001,15,B1,0.2252867092736262,0.20140834940612387,-0.023878359867502336
improved_dataset_1000_20260807_001:S000486,improved_dataset_1000_20260807_001,S000486,train,TOPO-0221,15,B2,0.05264268316536769,0.018210070938834727,-0.03443261222653296
improved_dataset_1000_20260807_001:S000487,improved_dataset_1000_20260807_001,S000487,train,TOPO-0222,15,B1,0.028635162822295612,-0.005205708387691577,-0.03384087120998719
improved_dataset_1000_20260807_001:S000488,improved_dataset_1000_20260807_001,S000488,train,TOPO-0135,15,B4,0.32945277294651093,0.3719400024460484,0.04248722949953748
improved_dataset_1000_20260807_001:S000489,improved_dataset_1000_20260807_001,S000489,train,TOPO-0223,15,B1,0.23051159187003245,0.20364544374433308,-0.026866148125699374
improved_dataset_1000_20260807_001:S000490,improved_dataset_1000_20260807_001,S000490,train,TOPO-0135,15,B2,0.05063309046520029,0.0528090768408834,0.0021759863756831144
improved_dataset_1000_20260807_001:S000491,improved_dataset_1000_20260807_001,S000491,train,TOPO-0224,15,B1,0.11628874879097889,0.11824623440085599,0.001957485609877102
improved_dataset_1000_20260807_001:S000492,improved_dataset_1000_20260807_001,S000492,train,TOPO-0225,15,B1,0.02995241292031567,-0.010329919238636132,-0.0402823321589518
improved_dataset_1000_20260807_001:S000495,improved_dataset_1000_20260807_001,S000495,train,TOPO-0212,15,B1,0.06326033452526561,0.044963979871590204,-0.018296354653675406
improved_dataset_1000_20260807_001:S000496,improved_dataset_1000_20260807_001,S000496,train,TOPO-0212,15,B1,0.0969949811557715,0.05459804612056787,-0.04239693503520363
improved_dataset_1000_20260807_001:S000499,improved_dataset_1000_20260807_001,S000499,train,TOPO-0213,15,B1,0.40087841898840637,0.3623992615673615,-0.03847915742104485
improved_dataset_1000_20260807_001:S000500,improved_dataset_1000_20260807_001,S000500,train,TOPO-0227,15,B1,0.07663732470939033,0.04958080481925567,-0.02705651989013466
improved_dataset_1000_20260807_001:S000501,improved_dataset_1000_20260807_001,S000501,train,TOPO-0228,15,B1,0.028898249541387616,-0.01156207945830906,-0.040460328999696676
improved_dataset_1000_20260807_001:S000504,improved_dataset_1000_20260807_001,S000504,train,TOPO-0229,15,B3,0.8127131240364119,0.7259584312980537,-0.08675469273835823
improved_dataset_1000_20260807_001:S000508,improved_dataset_1000_20260807_001,S000508,train,TOPO-0192,15,B1,0.10299460336967764,0.07783323651842652,-0.025161366851251116
improved_dataset_1000_20260807_001:S000509,improved_dataset_1000_20260807_001,S000509,train,TOPO-0219,15,B1,0.7016490143525419,0.6523806073100967,-0.04926840704244517
improved_dataset_1000_20260807_001:S000510,improved_dataset_1000_20260807_001,S000510,train,TOPO-0230,15,B1,0.051316166863277224,0.01842919421394501,-0.03288697264933221
improved_dataset_1000_20260807_001:S000511,improved_dataset_1000_20260807_001,S000511,train,TOPO-0219,15,B1,0.045357058779502774,0.009980559166536257,-0.03537649961296652
improved_dataset_1000_20260807_001:S000512,improved_dataset_1000_20260807_001,S000512,train,TOPO-0231,16,B6,1.2061131651094135,1.2676624765271862,0.061549311417772756
improved_dataset_1000_20260807_001:S000513,improved_dataset_1000_20260807_001,S000513,train,TOPO-0232,16,B1,0.1389934949286233,0.10931512402741031,-0.029678370901213003
improved_dataset_1000_20260807_001:S000515,improved_dataset_1000_20260807_001,S000515,train,TOPO-0233,16,B6,0.03882633407833111,0.04604453356299196,0.007218199484660848
improved_dataset_1000_20260807_001:S000516,improved_dataset_1000_20260807_001,S000516,train,TOPO-0180,16,B6,0.04898228763585666,0.024166893086803254,-0.024815394549053404
improved_dataset_1000_20260807_001:S000517,improved_dataset_1000_20260807_001,S000517,train,TOPO-0234,16,B3,0.12438537013441717,0.11457071495677187,-0.009814655177645293
improved_dataset_1000_20260807_001:S000518,improved_dataset_1000_20260807_001,S000518,train,TOPO-0122,16,B1,0.04970084706427813,0.014872073998522861,-0.03482877306575527
improved_dataset_1000_20260807_001:S000519,improved_dataset_1000_20260807_001,S000519,train,TOPO-0158,16,B3,0.05766563930619467,0.010915547731439629,-0.04675009157475504
improved_dataset_1000_20260807_001:S000521,improved_dataset_1000_20260807_001,S000521,train,TOPO-0135,16,B6,0.49970424067161656,0.5580732234892624,0.0583689828176458
improved_dataset_1000_20260807_001:S000522,improved_dataset_1000_20260807_001,S000522,train,TOPO-0236,16,B1,0.06665157131870017,0.03919261447094749,-0.02745895684775268
improved_dataset_1000_20260807_001:S000524,improved_dataset_1000_20260807_001,S000524,train,TOPO-0104,16,B1,0.11874429286964129,0.10793347993414315,-0.01081081293549814
improved_dataset_1000_20260807_001:S000526,improved_dataset_1000_20260807_001,S000526,train,TOPO-0212,16,B1,0.09223100929567053,0.09193462343133427,-0.00029638586433626546
improved_dataset_1000_20260807_001:S000528,improved_dataset_1000_20260807_001,S000528,train,TOPO-0238,16,B1,0.29070771730943423,0.27674052197188337,-0.013967195337550864
improved_dataset_1000_20260807_001:S000530,improved_dataset_1000_20260807_001,S000530,train,TOPO-0239,16,B1,0.11873680234784868,0.10152681827579545,-0.017209984072053236
improved_dataset_1000_20260807_001:S000534,improved_dataset_1000_20260807_001,S000534,train,TOPO-0176,16,B1,0.40965218758392496,0.3782256421725997,-0.03142654541132528
improved_dataset_1000_20260807_001:S000535,improved_dataset_1000_20260807_001,S000535,train,TOPO-0240,16,B1,0.08588141439190633,0.04877680854008795,-0.03710460585181838
improved_dataset_1000_20260807_001:S000537,improved_dataset_1000_20260807_001,S000537,train,TOPO-0241,16,B1,0.1617106759447477,0.12438819693896289,-0.03732247900578481
improved_dataset_1000_20260807_001:S000539,improved_dataset_1000_20260807_001,S000539,train,TOPO-0242,16,B1,0.0313446090565441,-0.015277459908008911,-0.04662206896455301
improved_dataset_1000_20260807_001:S000540,improved_dataset_1000_20260807_001,S000540,train,TOPO-0243,16,B1,0.2752708183247355,0.27424328507743934,-0.001027533247296153
improved_dataset_1000_20260807_001:S000541,improved_dataset_1000_20260807_001,S000541,train,TOPO-0244,16,B1,0.09627719731271274,0.08284288524724048,-0.013434312065472256
improved_dataset_1000_20260807_001:S000542,improved_dataset_1000_20260807_001,S000542,train,TOPO-0232,17,B1,0.17198561552249253,0.14395419503648593,-0.028031420486006597
improved_dataset_1000_20260807_001:S000544,improved_dataset_1000_20260807_001,S000544,train,TOPO-0246,17,B1,0.23996640222768462,0.18189700966653163,-0.05806939256115298
improved_dataset_1000_20260807_001:S000545,improved_dataset_1000_20260807_001,S000545,train,TOPO-0181,17,B2,0.695162181659858,0.62141242264307,-0.07374975901678804
improved_dataset_1000_20260807_001:S000546,improved_dataset_1000_20260807_001,S000546,train,TOPO-0247,17,B1,0.03232474485361436,-0.019033293257417067,-0.05135803811103143
improved_dataset_1000_20260807_001:S000547,improved_dataset_1000_20260807_001,S000547,train,TOPO-0248,17,B3,0.04290903583784467,0.006986228182475046,-0.03592280765536962
improved_dataset_1000_20260807_001:S000548,improved_dataset_1000_20260807_001,S000548,train,TOPO-0249,17,B1,0.03465446041224557,0.012583505284398222,-0.022070955127847347
improved_dataset_1000_20260807_001:S000549,improved_dataset_1000_20260807_001,S000549,train,TOPO-0019,17,B1,0.03600910188880532,-0.00032011249663102537,-0.03632921438543635
improved_dataset_1000_20260807_001:S000550,improved_dataset_1000_20260807_001,S000550,train,TOPO-0250,17,B1,0.4082859939674889,0.42999744486957314,0.02171145090208426
improved_dataset_1000_20260807_001:S000551,improved_dataset_1000_20260807_001,S000551,train,TOPO-0251,17,B6,0.6474478435828979,0.5943882120063351,-0.053059631576562793
improved_dataset_1000_20260807_001:S000552,improved_dataset_1000_20260807_001,S000552,train,TOPO-0252,17,B1,0.5625170826959701,0.5244848257249826,-0.038032256970987555
improved_dataset_1000_20260807_001:S000554,improved_dataset_1000_20260807_001,S000554,train,TOPO-0253,17,B1,0.014764063531693156,-0.06373656403459407,-0.07850062756628723
improved_dataset_1000_20260807_001:S000556,improved_dataset_1000_20260807_001,S000556,train,TOPO-0254,17,B6,0.13002047233037892,0.10983407227563631,-0.020186400054742606
improved_dataset_1000_20260807_001:S000557,improved_dataset_1000_20260807_001,S000557,train,TOPO-0255,17,B1,0.2115746577617312,0.2225764109159858,0.011001753154254584
improved_dataset_1000_20260807_001:S000561,improved_dataset_1000_20260807_001,S000561,train,TOPO-0238,17,B1,0.11764394134134899,0.1238110185581093,0.006167077216760311
improved_dataset_1000_20260807_001:S000562,improved_dataset_1000_20260807_001,S000562,train,TOPO-0240,17,B1,0.32919064550405175,0.3290342323875458,-0.00015641311650593792
improved_dataset_1000_20260807_001:S000563,improved_dataset_1000_20260807_001,S000563,train,TOPO-0257,17,B1,0.045763587970416214,0.0020280538295765205,-0.043735534140839694
improved_dataset_1000_20260807_001:S000564,improved_dataset_1000_20260807_001,S000564,train,TOPO-0229,17,B3,0.11614000988753569,0.06475054015917284,-0.05138946972836285
improved_dataset_1000_20260807_001:S000567,improved_dataset_1000_20260807_001,S000567,train,TOPO-0244,17,B1,0.06314233329435559,0.05301109641773155,-0.010131236876624039
improved_dataset_1000_20260807_001:S000568,improved_dataset_1000_20260807_001,S000568,train,TOPO-0192,17,B1,0.04096423513067632,-0.003960955110944991,-0.04492519024162131
improved_dataset_1000_20260807_001:S000569,improved_dataset_1000_20260807_001,S000569,train,TOPO-0244,17,B1,0.01887831936938486,-0.03176011839602777,-0.05063843776541263
improved_dataset_1000_20260807_001:S000570,improved_dataset_1000_20260807_001,S000570,train,TOPO-0258,17,B1,0.17389907645796454,0.14657779111463043,-0.027321285343334112
improved_dataset_1000_20260807_001:S000571,improved_dataset_1000_20260807_001,S000571,train,TOPO-0243,17,B1,0.04488210459047015,-0.008764706336097189,-0.05364681092656734
improved_dataset_1000_20260807_001:S000574,improved_dataset_1000_20260807_001,S000574,train,TOPO-0259,18,B6,0.04715201843560721,0.023182185418121115,-0.023969833017486092
improved_dataset_1000_20260807_001:S000575,improved_dataset_1000_20260807_001,S000575,train,TOPO-0260,18,B4,0.196345724880388,0.1675101869300008,-0.028835537950387208
improved_dataset_1000_20260807_001:S000577,improved_dataset_1000_20260807_001,S000577,train,TOPO-0251,18,B6,0.024579749421465236,0.014331205258729385,-0.010248544162735851
improved_dataset_1000_20260807_001:S000578,improved_dataset_1000_20260807_001,S000578,train,TOPO-0250,18,B1,0.03530403356366699,-0.034477708276584834,-0.06978174184025182
improved_dataset_1000_20260807_001:S000579,improved_dataset_1000_20260807_001,S000579,train,TOPO-0019,18,B1,0.05295607067726049,0.019710359182457338,-0.033245711494803154
improved_dataset_1000_20260807_001:S000581,improved_dataset_1000_20260807_001,S000581,train,TOPO-0263,18,B1,0.2590100282758081,0.24188272058291405,-0.017127307692894056
improved_dataset_1000_20260807_001:S000582,improved_dataset_1000_20260807_001,S000582,train,TOPO-0264,18,B1,0.07142837095249777,0.03947251914632588,-0.03195585180617189
improved_dataset_1000_20260807_001:S000583,improved_dataset_1000_20260807_001,S000583,train,TOPO-0254,18,B6,0.07164807591663008,0.06084444735080771,-0.01080362856582237
improved_dataset_1000_20260807_001:S000584,improved_dataset_1000_20260807_001,S000584,train,TOPO-0265,18,B1,1.6302331218928061,1.5625571759529109,-0.06767594593989523
improved_dataset_1000_20260807_001:S000585,improved_dataset_1000_20260807_001,S000585,train,TOPO-0264,18,B1,0.2613411929544591,0.21019415743363815,-0.05114703552082098
improved_dataset_1000_20260807_001:S000586,improved_dataset_1000_20260807_001,S000586,train,TOPO-0266,18,B1,0.09220037367384298,0.08944621902546177,-0.0027541546483812185
improved_dataset_1000_20260807_001:S000590,improved_dataset_1000_20260807_001,S000590,train,TOPO-0238,18,B1,0.06514014934309426,0.07628392311582338,0.011143773772729126
improved_dataset_1000_20260807_001:S000592,improved_dataset_1000_20260807_001,S000592,train,TOPO-0267,18,B5,0.4298823724939144,0.4205751032195482,-0.009307269274366203
improved_dataset_1000_20260807_001:S000594,improved_dataset_1000_20260807_001,S000594,train,TOPO-0047,18,B1,0.07805552336541108,0.033168683778962316,-0.04488683958644876
improved_dataset_1000_20260807_001:S000598,improved_dataset_1000_20260807_001,S000598,train,TOPO-0268,18,B1,0.12065054902529644,0.09493025045935685,-0.02572029856593959
improved_dataset_1000_20260807_001:S000599,improved_dataset_1000_20260807_001,S000599,train,TOPO-0269,18,B1,0.06826715644953388,0.05417822992778251,-0.014088926521751366
improved_dataset_1000_20260807_001:S000600,improved_dataset_1000_20260807_001,S000600,train,TOPO-0230,18,B1,0.015177756682141247,0.030166249968874764,0.014988493286733517
improved_dataset_1000_20260807_001:S000601,improved_dataset_1000_20260807_001,S000601,train,TOPO-0258,18,B1,0.061070183511642256,0.036148054129579416,-0.02492212938206284
improved_dataset_1000_20260807_001:S000602,improved_dataset_1000_20260807_001,S000602,train,TOPO-0270,19,B1,0.08116750860798322,0.09530954231693996,0.014142033708956739
improved_dataset_1000_20260807_001:S000605,improved_dataset_1000_20260807_001,S000605,train,TOPO-0246,19,B1,0.04576608821270395,0.030363616033546592,-0.015402472179157356
improved_dataset_1000_20260807_001:S000606,improved_dataset_1000_20260807_001,S000606,train,TOPO-0181,19,B2,0.03462684549130443,0.021539740541567876,-0.013087104949736555
improved_dataset_1000_20260807_001:S000608,improved_dataset_1000_20260807_001,S000608,train,TOPO-0195,19,B1,0.07073465066582452,0.024796545940487358,-0.04593810472533716
improved_dataset_1000_20260807_001:S000609,improved_dataset_1000_20260807_001,S000609,train,TOPO-0251,19,B6,0.2315513852339752,0.2203827595631596,-0.011168625670815585
improved_dataset_1000_20260807_001:S000610,improved_dataset_1000_20260807_001,S000610,train,TOPO-0251,19,B6,0.05309319621040398,-0.003745077048273454,-0.056838273258677435
improved_dataset_1000_20260807_001:S000612,improved_dataset_1000_20260807_001,S000612,train,TOPO-0253,19,B1,0.602693343351499,0.6455149215778639,0.0428215782263649
improved_dataset_1000_20260807_001:S000614,improved_dataset_1000_20260807_001,S000614,train,TOPO-0254,19,B6,0.05321064636750364,0.027228863278550314,-0.025981783088953325
improved_dataset_1000_20260807_001:S000615,improved_dataset_1000_20260807_001,S000615,train,TOPO-0254,19,B4,0.21646873837169306,0.22287833303110202,0.0064095946594089626
improved_dataset_1000_20260807_001:S000617,improved_dataset_1000_20260807_001,S000617,train,TOPO-0271,19,B1,0.07874295732861802,0.09121902347337581,0.012476066144757783
improved_dataset_1000_20260807_001:S000619,improved_dataset_1000_20260807_001,S000619,train,TOPO-0033,19,B1,0.08904314935346888,0.04510964704879422,-0.04393350230467466
improved_dataset_1000_20260807_001:S000622,improved_dataset_1000_20260807_001,S000622,train,TOPO-0272,19,B1,0.04795041213103632,0.01845307407906044,-0.02949733805197588
improved_dataset_1000_20260807_001:S000623,improved_dataset_1000_20260807_001,S000623,train,TOPO-0273,19,B1,0.05138056085852433,0.02743263812753516,-0.02394792273098917
improved_dataset_1000_20260807_001:S000624,improved_dataset_1000_20260807_001,S000624,train,TOPO-0274,19,B3,0.5361689375738359,0.5064049512331418,-0.029763986340694104
improved_dataset_1000_20260807_001:S000626,improved_dataset_1000_20260807_001,S000626,train,TOPO-0267,19,B5,0.11853791572766312,0.10485338553707771,-0.013684530190585409
improved_dataset_1000_20260807_001:S000627,improved_dataset_1000_20260807_001,S000627,train,TOPO-0192,19,B1,0.0660231226633424,0.0675043580402255,0.0014812353768831055
improved_dataset_1000_20260807_001:S000629,improved_dataset_1000_20260807_001,S000629,train,TOPO-0275,19,B1,0.12065431469633388,0.09857225645171491,-0.022082058244618966
improved_dataset_1000_20260807_001:S000630,improved_dataset_1000_20260807_001,S000630,train,TOPO-0258,19,B1,0.04072733462264677,0.048488515296707446,0.007761180674060675
improved_dataset_1000_20260807_001:S000631,improved_dataset_1000_20260807_001,S000631,train,TOPO-0258,19,B1,0.7484226490250838,0.7115947944818402,-0.036827854543243665
improved_dataset_1000_20260807_001:S000632,improved_dataset_1000_20260807_001,S000632,train,TOPO-0259,20,B6,0.26087210668099975,0.39862534350969686,0.1377532368286971
improved_dataset_1000_20260807_001:S000633,improved_dataset_1000_20260807_001,S000633,train,TOPO-0259,20,B6,0.046698454074472845,-0.028104294738128588,-0.07480274881260143
improved_dataset_1000_20260807_001:S000634,improved_dataset_1000_20260807_001,S000634,train,TOPO-0276,20,B3,0.10688182700257338,0.0728272718200855,-0.034054555182487886
improved_dataset_1000_20260807_001:S000635,improved_dataset_1000_20260807_001,S000635,train,TOPO-0181,20,B1,0.050028889057498166,0.04121789236456888,-0.008810996692929285
improved_dataset_1000_20260807_001:S000637,improved_dataset_1000_20260807_001,S000637,train,TOPO-0207,20,B1,0.08907030504623474,0.06019044519876232,-0.02887985984747242
improved_dataset_1000_20260807_001:S000638,improved_dataset_1000_20260807_001,S000638,train,TOPO-0019,20,B1,0.06646537980629391,0.06163752420447394,-0.004827855601819975
improved_dataset_1000_20260807_001:S000640,improved_dataset_1000_20260807_001,S000640,train,TOPO-0277,20,B6,0.05650400632917671,0.05133164795531997,-0.005172358373856739
improved_dataset_1000_20260807_001:S000641,improved_dataset_1000_20260807_001,S000641,train,TOPO-0278,20,B1,1.3964335674245563,1.5819866506164537,0.18555308319189745
improved_dataset_1000_20260807_001:S000644,improved_dataset_1000_20260807_001,S000644,train,TOPO-0254,20,B6,0.17650759709562108,0.164853072297595,-0.011654524798026089
improved_dataset_1000_20260807_001:S000646,improved_dataset_1000_20260807_001,S000646,train,TOPO-0254,20,B6,0.1194646790056934,0.06310903414911131,-0.05635564485658208
improved_dataset_1000_20260807_001:S000649,improved_dataset_1000_20260807_001,S000649,train,TOPO-0199,20,B1,0.27011748730494184,0.21254122942548212,-0.05757625787945972
improved_dataset_1000_20260807_001:S000652,improved_dataset_1000_20260807_001,S000652,train,TOPO-0267,20,B5,0.3708770933216486,0.33764095418303275,-0.03323613913861584
improved_dataset_1000_20260807_001:S000653,improved_dataset_1000_20260807_001,S000653,train,TOPO-0267,20,B5,0.2641235646229447,0.23728835699555587,-0.026835207627388807
improved_dataset_1000_20260807_001:S000654,improved_dataset_1000_20260807_001,S000654,train,TOPO-0267,20,B5,0.4256468191875211,0.4405527330432658,0.01490591385574469
improved_dataset_1000_20260807_001:S000655,improved_dataset_1000_20260807_001,S000655,train,TOPO-0267,20,B6,0.12182726509660526,0.14493432573102094,0.023107060634415685
improved_dataset_1000_20260807_001:S000656,improved_dataset_1000_20260807_001,S000656,train,TOPO-0280,20,B1,0.04443568377872931,0.018179782289406282,-0.026255901489323025
improved_dataset_1000_20260807_001:S000657,improved_dataset_1000_20260807_001,S000657,train,TOPO-0230,20,B1,0.18987142018745298,0.09152509394967555,-0.09834632623777743
improved_dataset_1000_20260807_001:S000658,improved_dataset_1000_20260807_001,S000658,train,TOPO-0281,20,B1,0.39708194904801974,0.36179940751971884,-0.035282541528300904
improved_dataset_1000_20260807_001:S000659,improved_dataset_1000_20260807_001,S000659,train,TOPO-0282,20,B1,0.06402750070477459,0.056382392503287665,-0.007645108201486922
improved_dataset_1000_20260807_001:S000660,improved_dataset_1000_20260807_001,S000660,train,TOPO-0283,20,B1,0.49662553416414756,0.5348882828588517,0.03826274869470414
improved_dataset_1000_20260807_001:S000662,improved_dataset_1000_20260807_001,S000662,train,TOPO-0284,21,B4,0.11637468569018268,0.06477408325695971,-0.05160060243322297
improved_dataset_1000_20260807_001:S000663,improved_dataset_1000_20260807_001,S000663,train,TOPO-0259,21,B6,0.045686121279779,0.024523805224643563,-0.02116231605513544
improved_dataset_1000_20260807_001:S000664,improved_dataset_1000_20260807_001,S000664,train,TOPO-0259,21,B6,0.1260947194535758,0.10257166442530026,-0.02352305502827555
improved_dataset_1000_20260807_001:S000665,improved_dataset_1000_20260807_001,S000665,train,TOPO-0259,21,B6,0.6010835138804623,0.4621151490948605,-0.13896836478560182
improved_dataset_1000_20260807_001:S000666,improved_dataset_1000_20260807_001,S000666,train,TOPO-0259,21,B6,0.44919089666115464,0.49568123857489155,0.04649034191373691
improved_dataset_1000_20260807_001:S000668,improved_dataset_1000_20260807_001,S000668,train,TOPO-0285,21,B1,0.029613522937088077,-0.024888513722868932,-0.05450203665995701
improved_dataset_1000_20260807_001:S000670,improved_dataset_1000_20260807_001,S000670,train,TOPO-0286,21,B6,0.03194999425243142,0.03328367451405653,0.0013336802616251142
improved_dataset_1000_20260807_001:S000672,improved_dataset_1000_20260807_001,S000672,train,TOPO-0264,21,B1,0.06739672516100659,0.03974566806499216,-0.027651057096014425
improved_dataset_1000_20260807_001:S000673,improved_dataset_1000_20260807_001,S000673,train,TOPO-0264,21,B1,0.0818605349498582,0.06161070527903664,-0.020249829670821562
improved_dataset_1000_20260807_001:S000677,improved_dataset_1000_20260807_001,S000677,train,TOPO-0288,21,B1,0.1216492376406487,0.09762736896836627,-0.024021868672282426
improved_dataset_1000_20260807_001:S000679,improved_dataset_1000_20260807_001,S000679,train,TOPO-0289,21,B1,0.050209018757990526,0.014040564849119613,-0.03616845390887091
improved_dataset_1000_20260807_001:S000683,improved_dataset_1000_20260807_001,S000683,train,TOPO-0290,21,B1,0.06742729955241078,0.057518196446712855,-0.009909103105697925
improved_dataset_1000_20260807_001:S000685,improved_dataset_1000_20260807_001,S000685,train,TOPO-0291,21,B1,0.1990262206050855,0.17040024250305805,-0.028625978102027466
improved_dataset_1000_20260807_001:S000686,improved_dataset_1000_20260807_001,S000686,train,TOPO-0240,21,B1,0.28349729919107697,0.32754204696994954,0.04404474777887257
improved_dataset_1000_20260807_001:S000687,improved_dataset_1000_20260807_001,S000687,train,TOPO-0292,21,B1,0.0900122228540498,0.0909365573252863,0.0009243344712364931
improved_dataset_1000_20260807_001:S000688,improved_dataset_1000_20260807_001,S000688,train,TOPO-0243,21,B1,0.10421489509228679,0.09672464883658038,-0.0074902462557064065
improved_dataset_1000_20260807_001:S000689,improved_dataset_1000_20260807_001,S000689,train,TOPO-0275,21,B1,0.07060951609059155,0.05577605823583806,-0.014833457854753485
improved_dataset_1000_20260807_001:S000691,improved_dataset_1000_20260807_001,S000691,train,TOPO-0281,21,B1,0.050245165117921625,0.017825380598924245,-0.03241978451899738
improved_dataset_1000_20260807_001:S000692,improved_dataset_1000_20260807_001,S000692,train,TOPO-0293,22,B6,0.0633479144408299,0.03499471787492847,-0.028353196565901434
improved_dataset_1000_20260807_001:S000693,improved_dataset_1000_20260807_001,S000693,train,TOPO-0294,22,B1,0.05356243555992177,-0.00047424988240160615,-0.05403668544232337
improved_dataset_1000_20260807_001:S000694,improved_dataset_1000_20260807_001,S000694,train,TOPO-0247,22,B1,0.07886915323118948,0.05730723722805228,-0.0215619160031372
improved_dataset_1000_20260807_001:S000695,improved_dataset_1000_20260807_001,S000695,train,TOPO-0182,22,B1,0.10654712109827628,0.06868745228063564,-0.03785966881764065
improved_dataset_1000_20260807_001:S000696,improved_dataset_1000_20260807_001,S000696,train,TOPO-0295,22,B2,0.05505180437804291,0.028094151211514262,-0.02695765316652865
improved_dataset_1000_20260807_001:S000699,improved_dataset_1000_20260807_001,S000699,train,TOPO-0223,22,B1,0.11397273864211264,0.12101186975361962,0.007039131111506974
improved_dataset_1000_20260807_001:S000700,improved_dataset_1000_20260807_001,S000700,train,TOPO-0296,22,B4,0.11756837279383633,0.09325348593050313,-0.024314886863333204
improved_dataset_1000_20260807_001:S000702,improved_dataset_1000_20260807_001,S000702,train,TOPO-0297,22,B1,0.07615846197833243,0.0489610100637346,-0.027197451914597826
improved_dataset_1000_20260807_001:S000708,improved_dataset_1000_20260807_001,S000708,train,TOPO-0238,22,B1,0.04004628903361171,0.02930963634588865,-0.010736652687723058
improved_dataset_1000_20260807_001:S000710,improved_dataset_1000_20260807_001,S000710,train,TOPO-0298,22,B1,0.4486839291657686,0.49331170283092685,0.044627773665158244
improved_dataset_1000_20260807_001:S000711,improved_dataset_1000_20260807_001,S000711,train,TOPO-0299,22,B1,0.7247169640540282,0.7406653258676955,0.015948361813667322
improved_dataset_1000_20260807_001:S000712,improved_dataset_1000_20260807_001,S000712,train,TOPO-0267,22,B4,0.039452966231128817,0.012888289921807128,-0.02656467630932169
improved_dataset_1000_20260807_001:S000713,improved_dataset_1000_20260807_001,S000713,train,TOPO-0300,22,B1,0.03814906436540405,-0.033623196898134505,-0.07177226126353856
improved_dataset_1000_20260807_001:S000714,improved_dataset_1000_20260807_001,S000714,train,TOPO-0257,22,B1,0.050660266568107265,0.03476010330270485,-0.015900163265402417
improved_dataset_1000_20260807_001:S000715,improved_dataset_1000_20260807_001,S000715,train,TOPO-0301,22,B1,0.10780241621291357,0.10308368343061457,-0.004718732782299007
improved_dataset_1000_20260807_001:S000716,improved_dataset_1000_20260807_001,S000716,train,TOPO-0291,22,B1,0.024870512291921748,-0.005588520994618623,-0.03045903328654037
improved_dataset_1000_20260807_001:S000722,improved_dataset_1000_20260807_001,S000722,train,TOPO-0302,23,B6,0.055728257685324994,0.08517107004528737,0.029442812359962378
improved_dataset_1000_20260807_001:S000723,improved_dataset_1000_20260807_001,S000723,train,TOPO-0182,23,B1,0.04785225976236965,0.025726431970109653,-0.022125827792259994
improved_dataset_1000_20260807_001:S000724,improved_dataset_1000_20260807_001,S000724,train,TOPO-0302,23,B6,0.2290874780999871,0.18243912342493368,-0.04664835467505343
improved_dataset_1000_20260807_001:S000725,improved_dataset_1000_20260807_001,S000725,train,TOPO-0302,23,B6,0.03759074495494932,0.03347195806592804,-0.004118786889021286
improved_dataset_1000_20260807_001:S000726,improved_dataset_1000_20260807_001,S000726,train,TOPO-0247,23,B1,0.03741711588440505,0.015542751235866764,-0.021874364648538286
improved_dataset_1000_20260807_001:S000727,improved_dataset_1000_20260807_001,S000727,train,TOPO-0248,23,B3,0.10086674410676559,0.09034618378819588,-0.01052056031856971
improved_dataset_1000_20260807_001:S000730,improved_dataset_1000_20260807_001,S000730,train,TOPO-0303,23,B1,0.12917696712052984,0.12564021622594973,-0.0035367508945801096
improved_dataset_1000_20260807_001:S000731,improved_dataset_1000_20260807_001,S000731,train,TOPO-0250,23,B1,0.03343440340625936,-0.00631377494932886,-0.03974817835558822
improved_dataset_1000_20260807_001:S000733,improved_dataset_1000_20260807_001,S000733,train,TOPO-0304,23,B5,1.0378068960892282,1.0161277340304025,-0.021679162058825696
improved_dataset_1000_20260807_001:S000734,improved_dataset_1000_20260807_001,S000734,train,TOPO-0305,23,B1,0.116248448967329,0.12358198615948317,0.007333537192154169
improved_dataset_1000_20260807_001:S000738,improved_dataset_1000_20260807_001,S000738,train,TOPO-0299,23,B1,0.02413666566779818,0.017266428474094653,-0.006870237193703527
improved_dataset_1000_20260807_001:S000740,improved_dataset_1000_20260807_001,S000740,train,TOPO-0299,23,B1,0.1578340094573485,0.11239016691454749,-0.045443842542801
improved_dataset_1000_20260807_001:S000741,improved_dataset_1000_20260807_001,S000741,train,TOPO-0308,23,B1,0.12126305736043616,0.12275061988106778,0.001487562520631619
improved_dataset_1000_20260807_001:S000742,improved_dataset_1000_20260807_001,S000742,train,TOPO-0309,23,B1,0.17434673973704634,0.11477212222938629,-0.05957461750766005
improved_dataset_1000_20260807_001:S000744,improved_dataset_1000_20260807_001,S000744,train,TOPO-0310,23,B1,0.09548598798695938,0.08983105223636012,-0.005654935750599263
improved_dataset_1000_20260807_001:S000745,improved_dataset_1000_20260807_001,S000745,train,TOPO-0257,23,B1,0.16937465842423927,0.18959738087638017,0.020222722452140907
improved_dataset_1000_20260807_001:S000747,improved_dataset_1000_20260807_001,S000747,train,TOPO-0275,23,B1,0.5143626203358059,0.4511106541251635,-0.06325196621064244
improved_dataset_1000_20260807_001:S000748,improved_dataset_1000_20260807_001,S000748,train,TOPO-0312,23,B1,0.12530009142918414,0.12703479014361913,0.0017346987144349901
improved_dataset_1000_20260807_001:S000749,improved_dataset_1000_20260807_001,S000749,train,TOPO-0275,23,B1,0.12804125502273972,0.11100517555813595,-0.017036079464603768
improved_dataset_1000_20260807_001:S000750,improved_dataset_1000_20260807_001,S000750,train,TOPO-0230,23,B1,0.03637042261712847,-0.006814252019837402,-0.043184674636965875
improved_dataset_1000_20260807_001:S000751,improved_dataset_1000_20260807_001,S000751,train,TOPO-0313,23,B1,0.058766154115615976,0.06140397095958877,0.0026378168439727956
improved_dataset_1000_20260807_001:S000753,improved_dataset_1000_20260807_001,S000753,train,TOPO-0302,24,B6,0.11081069752843323,0.07373767637000467,-0.03707302115842856
improved_dataset_1000_20260807_001:S000754,improved_dataset_1000_20260807_001,S000754,train,TOPO-0315,24,B1,0.02790796990417857,-0.020213570898352073,-0.048121540802530643
improved_dataset_1000_20260807_001:S000755,improved_dataset_1000_20260807_001,S000755,train,TOPO-0220,24,B1,0.16953769463154003,0.1574120144819981,-0.012125680149541934
improved_dataset_1000_20260807_001:S000756,improved_dataset_1000_20260807_001,S000756,train,TOPO-0246,24,B1,0.05748658113811134,0.03214662555202277,-0.025339955586088564
improved_dataset_1000_20260807_001:S000757,improved_dataset_1000_20260807_001,S000757,train,TOPO-0316,24,B1,0.17142189762971038,0.1625596969952356,-0.008862200634474793
improved_dataset_1000_20260807_001:S000758,improved_dataset_1000_20260807_001,S000758,train,TOPO-0207,24,B1,0.03291445506111826,0.026864256517506152,-0.006050198543612106
improved_dataset_1000_20260807_001:S000759,improved_dataset_1000_20260807_001,S000759,train,TOPO-0317,24,B4,0.1393507642439333,0.03996415862572761,-0.0993866056182057
improved_dataset_1000_20260807_001:S000760,improved_dataset_1000_20260807_001,S000760,train,TOPO-0318,24,B1,0.1842323813855219,0.17700165772801366,-0.007230723657508237
improved_dataset_1000_20260807_001:S000761,improved_dataset_1000_20260807_001,S000761,train,TOPO-0318,24,B1,0.21999778411909032,0.2131709486121249,-0.006826835506965417
improved_dataset_1000_20260807_001:S000763,improved_dataset_1000_20260807_001,S000763,train,TOPO-0319,24,B1,0.22221846742820178,0.16437236244876535,-0.05784610497943643
improved_dataset_1000_20260807_001:S000764,improved_dataset_1000_20260807_001,S000764,train,TOPO-0252,24,B1,0.1296369198558361,0.05068643236902862,-0.0789504874868075
improved_dataset_1000_20260807_001:S000767,improved_dataset_1000_20260807_001,S000767,train,TOPO-0320,24,B1,0.43952889913404847,0.456760201598506,0.017231302464457532
improved_dataset_1000_20260807_001:S000770,improved_dataset_1000_20260807_001,S000770,train,TOPO-0289,24,B1,0.4064990248816346,0.3481136323105249,-0.058385392571109695
improved_dataset_1000_20260807_001:S000771,improved_dataset_1000_20260807_001,S000771,train,TOPO-0289,24,B1,0.0568955952967872,0.032598281564962,-0.0242973137318252
improved_dataset_1000_20260807_001:S000772,improved_dataset_1000_20260807_001,S000772,train,TOPO-0267,24,B5,0.0990812343460017,0.07557920176308416,-0.02350203258291754
improved_dataset_1000_20260807_001:S000773,improved_dataset_1000_20260807_001,S000773,train,TOPO-0321,24,B1,0.048650357510752446,0.045650025945200706,-0.0030003315655517393
improved_dataset_1000_20260807_001:S000774,improved_dataset_1000_20260807_001,S000774,train,TOPO-0267,24,B6,0.8205871523807488,0.662090242106587,-0.1584969102741618
improved_dataset_1000_20260807_001:S000775,improved_dataset_1000_20260807_001,S000775,train,TOPO-0267,24,B5,0.08814516437442382,0.07843618270244951,-0.009708981671974315
improved_dataset_1000_20260807_001:S000776,improved_dataset_1000_20260807_001,S000776,train,TOPO-0322,24,B1,1.3949685274946553,1.595824399736459,0.20085587224180368
improved_dataset_1000_20260807_001:S000777,improved_dataset_1000_20260807_001,S000777,train,TOPO-0281,24,B1,0.12138582435929872,0.09688406224383159,-0.024501762115467132
improved_dataset_1000_20260807_001:S000778,improved_dataset_1000_20260807_001,S000778,train,TOPO-0281,24,B1,0.03564608711876882,-0.01590474518532259,-0.05155083230409141
improved_dataset_1000_20260807_001:S000779,improved_dataset_1000_20260807_001,S000779,train,TOPO-0323,24,B1,0.05885312172694654,0.023243517892199583,-0.035609603834746956
improved_dataset_1000_20260807_001:S000781,improved_dataset_1000_20260807_001,S000781,train,TOPO-0324,24,B1,0.1444996560580324,0.09020620083529499,-0.0542934552227374
improved_dataset_1000_20260807_001:S000782,improved_dataset_1000_20260807_001,S000782,train,TOPO-0325,25,B1,0.08314762906436715,0.07983546115764806,-0.0033121679067190934
improved_dataset_1000_20260807_001:S000783,improved_dataset_1000_20260807_001,S000783,train,TOPO-0326,25,B1,0.11353587998148851,0.10420917004770143,-0.009326709933787078
improved_dataset_1000_20260807_001:S000785,improved_dataset_1000_20260807_001,S000785,train,TOPO-0326,25,B1,0.07378534425460043,0.05208830291214994,-0.021697041342450485
improved_dataset_1000_20260807_001:S000791,improved_dataset_1000_20260807_001,S000791,train,TOPO-0328,25,B6,0.6853264938317841,0.6086328168795119,-0.07669367695227225
improved_dataset_1000_20260807_001:S000794,improved_dataset_1000_20260807_001,S000794,train,TOPO-0329,25,B1,0.3396572720247006,0.36902645480055707,0.029369182775856484
improved_dataset_1000_20260807_001:S000797,improved_dataset_1000_20260807_001,S000797,train,TOPO-0331,25,B1,0.4715906795726553,0.48064539376074966,0.009054714188094337
improved_dataset_1000_20260807_001:S000798,improved_dataset_1000_20260807_001,S000798,train,TOPO-0332,25,B1,0.12034430506279716,0.08815416524665964,-0.03219013981613751
improved_dataset_1000_20260807_001:S000799,improved_dataset_1000_20260807_001,S000799,train,TOPO-0333,25,B1,0.0522530127510229,0.045447506319895026,-0.006805506431127872
improved_dataset_1000_20260807_001:S000801,improved_dataset_1000_20260807_001,S000801,train,TOPO-0298,25,B1,0.1164218535263209,0.12141595993266871,0.004994106406347815
improved_dataset_1000_20260807_001:S000804,improved_dataset_1000_20260807_001,S000804,train,TOPO-0334,25,B1,0.017165684017505206,0.0018728551164674812,-0.015292828901037725
improved_dataset_1000_20260807_001:S000805,improved_dataset_1000_20260807_001,S000805,train,TOPO-0335,25,B1,0.19599801261365946,0.20574830058436788,0.009750287970708427
improved_dataset_1000_20260807_001:S000806,improved_dataset_1000_20260807_001,S000806,train,TOPO-0267,25,B6,0.47151577435472924,0.46145304411678884,-0.01006273023794041
improved_dataset_1000_20260807_001:S000807,improved_dataset_1000_20260807_001,S000807,train,TOPO-0336,25,B1,0.09860572908315873,0.07666885837742735,-0.021936870705731387
improved_dataset_1000_20260807_001:S000809,improved_dataset_1000_20260807_001,S000809,train,TOPO-0338,25,B1,0.20787543592508692,0.18949108231013725,-0.018384353614949667
improved_dataset_1000_20260807_001:S000810,improved_dataset_1000_20260807_001,S000810,train,TOPO-0243,25,B1,0.05082065966213245,0.005085125587453776,-0.045735534074678674
improved_dataset_1000_20260807_001:S000811,improved_dataset_1000_20260807_001,S000811,train,TOPO-0339,25,B1,0.668734763549597,0.5985187347265029,-0.07021602882309419
improved_dataset_1000_20260807_001:S000812,improved_dataset_1000_20260807_001,S000812,train,TOPO-0340,26,B1,0.14627199617523584,0.12994644474852113,-0.016325551426714713
improved_dataset_1000_20260807_001:S000815,improved_dataset_1000_20260807_001,S000815,train,TOPO-0302,26,B6,0.12305541472354725,0.11465371279565377,-0.008401701927893482
improved_dataset_1000_20260807_001:S000817,improved_dataset_1000_20260807_001,S000817,train,TOPO-0342,26,B1,0.07916317151915533,0.06274314154917632,-0.016420029969979016
improved_dataset_1000_20260807_001:S000818,improved_dataset_1000_20260807_001,S000818,train,TOPO-0318,26,B1,0.0408125061415584,0.017504594410873903,-0.0233079117306845
improved_dataset_1000_20260807_001:S000819,improved_dataset_1000_20260807_001,S000819,train,TOPO-0343,26,B1,0.19294763920897245,0.14957213230376218,-0.043375506905210276
improved_dataset_1000_20260807_001:S000820,improved_dataset_1000_20260807_001,S000820,train,TOPO-0195,26,B1,0.43746118855702965,0.43440170840249975,-0.003059480154529892
improved_dataset_1000_20260807_001:S000821,improved_dataset_1000_20260807_001,S000821,train,TOPO-0344,26,B1,0.06540536892193374,0.08977970032129141,0.02437433139935767
improved_dataset_1000_20260807_001:S000823,improved_dataset_1000_20260807_001,S000823,train,TOPO-0254,26,B5,1.354623066769206,1.4357233340104931,0.08110026724128705
improved_dataset_1000_20260807_001:S000824,improved_dataset_1000_20260807_001,S000824,train,TOPO-0345,26,B1,0.09394454269375965,0.09559012052697546,0.001645577833215811
improved_dataset_1000_20260807_001:S000825,improved_dataset_1000_20260807_001,S000825,train,TOPO-0346,26,B6,0.10970627417698663,0.12941816906580134,0.01971189488881471
improved_dataset_1000_20260807_001:S000827,improved_dataset_1000_20260807_001,S000827,train,TOPO-0289,26,B1,0.1433900230180638,0.14938409367358416,0.0059940706555203505
improved_dataset_1000_20260807_001:S000829,improved_dataset_1000_20260807_001,S000829,train,TOPO-0347,26,B1,0.10022028350186564,0.07983468557228532,-0.02038559792958032
improved_dataset_1000_20260807_001:S000830,improved_dataset_1000_20260807_001,S000830,train,TOPO-0347,26,B1,0.1948698305823104,0.19186154671552308,-0.003008283866787309
improved_dataset_1000_20260807_001:S000831,improved_dataset_1000_20260807_001,S000831,train,TOPO-0348,26,B1,0.0956093877001968,0.10339397880612704,0.007784591105930244
improved_dataset_1000_20260807_001:S000833,improved_dataset_1000_20260807_001,S000833,train,TOPO-0349,26,B1,0.06938643838371894,0.05437141191352382,-0.01501502647019512
improved_dataset_1000_20260807_001:S000835,improved_dataset_1000_20260807_001,S000835,train,TOPO-0350,26,B6,0.12507972313546525,0.11674412965467332,-0.008335593480791936
improved_dataset_1000_20260807_001:S000836,improved_dataset_1000_20260807_001,S000836,train,TOPO-0350,26,B5,0.08288284830356182,0.0752230039801832,-0.007659844323378628
improved_dataset_1000_20260807_001:S000838,improved_dataset_1000_20260807_001,S000838,train,TOPO-0351,26,B2,0.12402437596835199,0.11507508015916457,-0.008949295809187421
improved_dataset_1000_20260807_001:S000839,improved_dataset_1000_20260807_001,S000839,train,TOPO-0204,26,B1,0.04653030512682044,-0.0027492662628197106,-0.04927957138964015
improved_dataset_1000_20260807_001:S000840,improved_dataset_1000_20260807_001,S000840,train,TOPO-0352,26,B1,0.23400133055580044,0.17318958423473751,-0.060811746321062926
improved_dataset_1000_20260807_001:S000841,improved_dataset_1000_20260807_001,S000841,train,TOPO-0353,26,B1,0.06510954433647839,0.056216570311723446,-0.008892974024754946
improved_dataset_1000_20260807_001:S000848,improved_dataset_1000_20260807_001,S000848,train,TOPO-0355,27,B1,0.11164210462713085,0.11926237368686951,0.007620269059738657
improved_dataset_1000_20260807_001:S000849,improved_dataset_1000_20260807_001,S000849,train,TOPO-0356,27,B6,0.2756023096318055,0.25454930008746113,-0.02105300954434436
improved_dataset_1000_20260807_001:S000851,improved_dataset_1000_20260807_001,S000851,train,TOPO-0223,27,B1,0.32845569673230746,0.351877997098923,0.023422300366615523
improved_dataset_1000_20260807_001:S000852,improved_dataset_1000_20260807_001,S000852,train,TOPO-0357,27,B1,0.3019921526722566,0.32347142801398154,0.021479275341724946
improved_dataset_1000_20260807_001:S000853,improved_dataset_1000_20260807_001,S000853,train,TOPO-0358,27,B1,0.22221327559855328,0.18743802111191044,-0.03477525448664284
improved_dataset_1000_20260807_001:S000854,improved_dataset_1000_20260807_001,S000854,train,TOPO-0225,27,B1,0.03739341971055976,0.03952774898820821,0.00213432927764845
improved_dataset_1000_20260807_001:S000855,improved_dataset_1000_20260807_001,S000855,train,TOPO-0346,27,B6,0.032055984115289815,0.010527142745844542,-0.021528841369445273
improved_dataset_1000_20260807_001:S000861,improved_dataset_1000_20260807_001,S000861,train,TOPO-0359,27,B1,0.1217456857625315,0.11263486409648651,-0.009110821666044988
improved_dataset_1000_20260807_001:S000862,improved_dataset_1000_20260807_001,S000862,train,TOPO-0350,27,B4,0.07288108315715969,0.06523808740527914,-0.007642995751880544
improved_dataset_1000_20260807_001:S000863,improved_dataset_1000_20260807_001,S000863,train,TOPO-0267,27,B5,0.3261505958038722,0.3424326123995688,0.016282016595696613
improved_dataset_1000_20260807_001:S000864,improved_dataset_1000_20260807_001,S000864,train,TOPO-0360,27,B1,0.11764183909681318,0.11307112065794749,-0.004570718438865695
improved_dataset_1000_20260807_001:S000867,improved_dataset_1000_20260807_001,S000867,train,TOPO-0361,27,B1,0.18137284407598073,0.16077023276962885,-0.02060261130635188
improved_dataset_1000_20260807_001:S000868,improved_dataset_1000_20260807_001,S000868,train,TOPO-0362,27,B1,0.04111520894457263,0.006969002023366144,-0.034146206921206484
improved_dataset_1000_20260807_001:S000869,improved_dataset_1000_20260807_001,S000869,train,TOPO-0204,27,B1,0.07021183469585549,0.05017731160375394,-0.020034523092101547
improved_dataset_1000_20260807_001:S000870,improved_dataset_1000_20260807_001,S000870,train,TOPO-0281,27,B1,0.4710706087666675,0.48182336505573764,0.010752756289070131
improved_dataset_1000_20260807_001:S000871,improved_dataset_1000_20260807_001,S000871,train,TOPO-0363,27,B1,0.2921614908414346,0.2740829634189081,-0.018078527422526525
improved_dataset_1000_20260807_001:S000874,improved_dataset_1000_20260807_001,S000874,train,TOPO-0364,28,B1,0.1354997584064626,0.12092473886116005,-0.014575019545302562
improved_dataset_1000_20260807_001:S000876,improved_dataset_1000_20260807_001,S000876,train,TOPO-0155,28,B1,0.586240238747828,0.5036115580884492,-0.0826286806593789
improved_dataset_1000_20260807_001:S000877,improved_dataset_1000_20260807_001,S000877,train,TOPO-0365,28,B1,0.24931576741811967,0.22736781910829307,-0.021947948309826604
improved_dataset_1000_20260807_001:S000878,improved_dataset_1000_20260807_001,S000878,train,TOPO-0366,28,B4,0.13370431400950644,0.12903359098166706,-0.004670723027839385
improved_dataset_1000_20260807_001:S000879,improved_dataset_1000_20260807_001,S000879,train,TOPO-0355,28,B1,0.04854389821464819,0.04406165773755627,-0.00448224047709192
improved_dataset_1000_20260807_001:S000880,improved_dataset_1000_20260807_001,S000880,train,TOPO-0367,28,B1,0.09865986698249089,0.06702210722574095,-0.03163775975674994
improved_dataset_1000_20260807_001:S000881,improved_dataset_1000_20260807_001,S000881,train,TOPO-0368,28,B1,0.32714124282362145,0.3337752326338114,0.0066339898101899775
improved_dataset_1000_20260807_001:S000883,improved_dataset_1000_20260807_001,S000883,train,TOPO-0346,28,B6,0.024884778980567623,-0.03134773149461165,-0.05623251047517927
improved_dataset_1000_20260807_001:S000884,improved_dataset_1000_20260807_001,S000884,train,TOPO-0161,28,B1,0.3278603737359944,0.34215605498733476,0.014295681251340342
improved_dataset_1000_20260807_001:S000885,improved_dataset_1000_20260807_001,S000885,train,TOPO-0357,28,B1,0.034694627569978154,0.005751782026996222,-0.028942845542981932
improved_dataset_1000_20260807_001:S000886,improved_dataset_1000_20260807_001,S000886,train,TOPO-0346,28,B6,0.10020114899456163,0.04814923752079853,-0.052051911473763104
improved_dataset_1000_20260807_001:S000887,improved_dataset_1000_20260807_001,S000887,train,TOPO-0369,28,B1,0.053105054502397164,0.03750461415940484,-0.015600440342992322
improved_dataset_1000_20260807_001:S000888,improved_dataset_1000_20260807_001,S000888,train,TOPO-0348,28,B1,0.12431890450984594,0.11678134754701344,-0.007537556962832495
improved_dataset_1000_20260807_001:S000889,improved_dataset_1000_20260807_001,S000889,train,TOPO-0370,28,B1,0.1196593509317368,0.09911364565010705,-0.020545705281629745
improved_dataset_1000_20260807_001:S000890,improved_dataset_1000_20260807_001,S000890,train,TOPO-0371,28,B1,1.586070964777116,1.6254584551187559,0.0393874903416398
improved_dataset_1000_20260807_001:S000891,improved_dataset_1000_20260807_001,S000891,train,TOPO-0372,28,B1,0.058105161490235535,0.0448645722792444,-0.013240589210991138
improved_dataset_1000_20260807_001:S000892,improved_dataset_1000_20260807_001,S000892,train,TOPO-0373,28,B6,0.043700796237408385,0.028308498513601482,-0.015392297723806903
improved_dataset_1000_20260807_001:S000894,improved_dataset_1000_20260807_001,S000894,train,TOPO-0375,28,B1,0.47838613400927954,0.44605349058781224,-0.0323326434214673
improved_dataset_1000_20260807_001:S000895,improved_dataset_1000_20260807_001,S000895,train,TOPO-0267,28,B4,0.05500330988273161,0.06023100014917626,0.005227690266444651
improved_dataset_1000_20260807_001:S000896,improved_dataset_1000_20260807_001,S000896,train,TOPO-0350,28,B6,0.32657243260062885,0.3036579977756088,-0.022914434825020036
improved_dataset_1000_20260807_001:S000897,improved_dataset_1000_20260807_001,S000897,train,TOPO-0351,28,B2,0.13733474234931176,0.11380373246853304,-0.02353100988077872
improved_dataset_1000_20260807_001:S000898,improved_dataset_1000_20260807_001,S000898,train,TOPO-0376,28,B1,0.6461632701208179,0.6492504264267123,0.0030871563058944007
improved_dataset_1000_20260807_001:S000899,improved_dataset_1000_20260807_001,S000899,train,TOPO-0351,28,B2,0.09197388233778682,0.06856671609081497,-0.023407166246971853
improved_dataset_1000_20260807_001:S000900,improved_dataset_1000_20260807_001,S000900,train,TOPO-0377,28,B1,0.14335725963902407,0.10273423119935518,-0.04062302843966889
improved_dataset_1000_20260807_001:S000901,improved_dataset_1000_20260807_001,S000901,train,TOPO-0363,28,B1,0.4701571733107913,0.4630568730063349,-0.007100300304456408
improved_dataset_1000_20260807_001:S000902,improved_dataset_1000_20260807_001,S000902,train,TOPO-0378,29,B1,0.12518175343094554,0.08808071935382392,-0.03710103407712162
improved_dataset_1000_20260807_001:S000903,improved_dataset_1000_20260807_001,S000903,train,TOPO-0379,29,B6,0.12136888394216556,0.09476032582942664,-0.02660855811273892
improved_dataset_1000_20260807_001:S000905,improved_dataset_1000_20260807_001,S000905,train,TOPO-0380,29,B4,0.03974232080184778,-0.029497613432118847,-0.06923993423396663
improved_dataset_1000_20260807_001:S000907,improved_dataset_1000_20260807_001,S000907,train,TOPO-0366,29,B6,0.07017800488694198,0.049546168809767754,-0.020631836077174226
improved_dataset_1000_20260807_001:S000908,improved_dataset_1000_20260807_001,S000908,train,TOPO-0286,29,B6,0.025515554392013584,-0.005345803596368659,-0.030861357988382243
improved_dataset_1000_20260807_001:S000909,improved_dataset_1000_20260807_001,S000909,train,TOPO-0366,29,B6,0.06756024100662378,0.03323232259898784,-0.03432791840763594
improved_dataset_1000_20260807_001:S000911,improved_dataset_1000_20260807_001,S000911,train,TOPO-0381,29,B1,0.10313172890282113,0.07593195023213514,-0.027199778670685987
improved_dataset_1000_20260807_001:S000912,improved_dataset_1000_20260807_001,S000912,train,TOPO-0382,29,B1,0.029557252178008447,0.047133710539018714,0.017576458361010266
improved_dataset_1000_20260807_001:S000913,improved_dataset_1000_20260807_001,S000913,train,TOPO-0346,29,B6,0.08168520163253007,0.07639544412692648,-0.005289757505603593
improved_dataset_1000_20260807_001:S000914,improved_dataset_1000_20260807_001,S000914,train,TOPO-0383,29,B1,0.124660580477337,0.10172083707732288,-0.022939743400014118
improved_dataset_1000_20260807_001:S000915,improved_dataset_1000_20260807_001,S000915,train,TOPO-0225,29,B1,0.38680162629555337,0.37524036308612707,-0.011561263209426298
improved_dataset_1000_20260807_001:S000916,improved_dataset_1000_20260807_001,S000916,train,TOPO-0384,29,B6,0.023958505545924325,-0.008590832343859434,-0.03254933788978376
improved_dataset_1000_20260807_001:S000917,improved_dataset_1000_20260807_001,S000917,train,TOPO-0385,29,B1,0.11775603383640354,0.08507831615894806,-0.032677717677455476
improved_dataset_1000_20260807_001:S000918,improved_dataset_1000_20260807_001,S000918,train,TOPO-0139,29,B1,0.02092372166215481,-0.05541214510606765,-0.07633586676822246
improved_dataset_1000_20260807_001:S000919,improved_dataset_1000_20260807_001,S000919,train,TOPO-0386,29,B1,0.3266761263226108,0.3331896248646735,0.0065134985420627345
improved_dataset_1000_20260807_001:S000920,improved_dataset_1000_20260807_001,S000920,train,TOPO-0371,29,B1,0.014074649784797166,-0.042254604759311226,-0.05632925454410839
improved_dataset_1000_20260807_001:S000921,improved_dataset_1000_20260807_001,S000921,train,TOPO-0387,29,B1,0.29159944147768935,0.25978886395350487,-0.03181057752418448
improved_dataset_1000_20260807_001:S000922,improved_dataset_1000_20260807_001,S000922,train,TOPO-0388,29,B1,0.12226403191159434,0.0813147983914066,-0.04094923352018774
improved_dataset_1000_20260807_001:S000923,improved_dataset_1000_20260807_001,S000923,train,TOPO-0360,29,B1,0.04015634051455386,0.00819775374947132,-0.031958586765082536
improved_dataset_1000_20260807_001:S000925,improved_dataset_1000_20260807_001,S000925,train,TOPO-0389,29,B1,0.055274468812638256,0.019404390756863232,-0.03587007805577502
improved_dataset_1000_20260807_001:S000927,improved_dataset_1000_20260807_001,S000927,train,TOPO-0390,29,B1,0.39511879962398067,0.41165509596287414,0.016536296338893475
improved_dataset_1000_20260807_001:S000929,improved_dataset_1000_20260807_001,S000929,train,TOPO-0391,29,B1,0.021352028473647866,0.004899189201811566,-0.0164528392718363
improved_dataset_1000_20260807_001:S000930,improved_dataset_1000_20260807_001,S000930,train,TOPO-0391,29,B1,0.08259180989620013,0.017837014379365107,-0.06475479551683502
improved_dataset_1000_20260807_001:S000931,improved_dataset_1000_20260807_001,S000931,train,TOPO-0363,29,B1,0.10044013133698584,0.0755315644937001,-0.02490856684328574
improved_dataset_1000_20260807_001:S000935,improved_dataset_1000_20260807_001,S000935,train,TOPO-0315,30,B1,0.10009964936275058,0.09860332068650607,-0.00149632867624451
improved_dataset_1000_20260807_001:S000937,improved_dataset_1000_20260807_001,S000937,train,TOPO-0318,30,B1,0.2615766392399336,0.2512002255430541,-0.010376413696879472
improved_dataset_1000_20260807_001:S000938,improved_dataset_1000_20260807_001,S000938,train,TOPO-0366,30,B6,0.6796380650395999,0.66381673594429,-0.015821329095309866
improved_dataset_1000_20260807_001:S000939,improved_dataset_1000_20260807_001,S000939,train,TOPO-0296,30,B4,0.031578570504251724,-0.008920333662169821,-0.040498904166421545
improved_dataset_1000_20260807_001:S000941,improved_dataset_1000_20260807_001,S000941,train,TOPO-0366,30,B6,0.11754060479683674,0.11851532170143853,0.0009747169046017828
improved_dataset_1000_20260807_001:S000942,improved_dataset_1000_20260807_001,S000942,train,TOPO-0346,30,B6,0.04985433132553274,0.009914491539716935,-0.039939839785815806
improved_dataset_1000_20260807_001:S000943,improved_dataset_1000_20260807_001,S000943,train,TOPO-0346,30,B6,0.06990833589733739,0.04317563310121003,-0.026732702796127356
improved_dataset_1000_20260807_001:S000944,improved_dataset_1000_20260807_001,S000944,train,TOPO-0383,30,B1,0.043414094985035595,0.017901796167293565,-0.02551229881774203
improved_dataset_1000_20260807_001:S000945,improved_dataset_1000_20260807_001,S000945,train,TOPO-0357,30,B1,0.35490024915604224,0.3644940257864405,0.009593776630398287
improved_dataset_1000_20260807_001:S000946,improved_dataset_1000_20260807_001,S000946,train,TOPO-0392,30,B1,0.12349645746310187,0.06958979482481073,-0.053906662638291136
improved_dataset_1000_20260807_001:S000947,improved_dataset_1000_20260807_001,S000947,train,TOPO-0371,30,B1,0.083174948038262,0.08696410094305557,0.0037891529047935635
improved_dataset_1000_20260807_001:S000948,improved_dataset_1000_20260807_001,S000948,train,TOPO-0393,30,B6,0.1362512036747706,0.12763887929554507,-0.008612324379225517
improved_dataset_1000_20260807_001:S000949,improved_dataset_1000_20260807_001,S000949,train,TOPO-0394,30,B1,0.9409144862544389,0.8422438632843378,-0.0986706229701011
improved_dataset_1000_20260807_001:S000950,improved_dataset_1000_20260807_001,S000950,train,TOPO-0370,30,B1,0.09907322336561042,0.07854630561888556,-0.020526917746724854
improved_dataset_1000_20260807_001:S000951,improved_dataset_1000_20260807_001,S000951,train,TOPO-0395,30,B1,0.06927832586618363,0.06889133938539665,-0.0003869864807869716
improved_dataset_1000_20260807_001:S000952,improved_dataset_1000_20260807_001,S000952,train,TOPO-0396,30,B1,0.21980593453287425,0.20534234032613827,-0.014463594206735986
improved_dataset_1000_20260807_001:S000953,improved_dataset_1000_20260807_001,S000953,train,TOPO-0360,30,B1,0.40976774980297065,0.3780364503694481,-0.03173129943352254
improved_dataset_1000_20260807_001:S000955,improved_dataset_1000_20260807_001,S000955,train,TOPO-0397,30,B4,0.07041320114818764,0.03835812544094008,-0.032055075707247555
improved_dataset_1000_20260807_001:S000956,improved_dataset_1000_20260807_001,S000956,train,TOPO-0309,30,B1,0.3609569279194613,0.37971817456259505,0.018761246643133722
improved_dataset_1000_20260807_001:S000957,improved_dataset_1000_20260807_001,S000957,train,TOPO-0398,30,B1,0.042634539849864206,0.034626253597211804,-0.008008286252652402
improved_dataset_1000_20260807_001:S000959,improved_dataset_1000_20260807_001,S000959,train,TOPO-0399,30,B2,0.06294937582016663,0.043656883818779496,-0.019292492001387135
improved_dataset_1000_20260807_001:S000960,improved_dataset_1000_20260807_001,S000960,train,TOPO-0390,30,B2,0.08172661380887125,0.05637190169074979,-0.02535471211812146
improved_dataset_1000_20260807_001:S000961,improved_dataset_1000_20260807_001,S000961,train,TOPO-0400,30,B1,0.11727083375652654,0.12774460382656885,0.010473770070042313
improved_dataset_1000_20260807_001:S000964,improved_dataset_1000_20260807_001,S000964,train,TOPO-0401,31,B1,0.04991537805763546,0.01476087954967778,-0.03515449850795768
improved_dataset_1000_20260807_001:S000966,improved_dataset_1000_20260807_001,S000966,train,TOPO-0402,31,B1,0.08290853446616675,0.07501513689790293,-0.007893397568263821
improved_dataset_1000_20260807_001:S000967,improved_dataset_1000_20260807_001,S000967,train,TOPO-0355,31,B1,0.12198190253083338,0.025088472188987965,-0.09689343034184542
improved_dataset_1000_20260807_001:S000968,improved_dataset_1000_20260807_001,S000968,train,TOPO-0403,31,B5,0.05683953884418935,0.040670533199897885,-0.016169005644291468
improved_dataset_1000_20260807_001:S000969,improved_dataset_1000_20260807_001,S000969,train,TOPO-0019,31,B1,0.08633896893563048,-0.005077614341995579,-0.09141658327762606
improved_dataset_1000_20260807_001:S000970,improved_dataset_1000_20260807_001,S000970,train,TOPO-0404,31,B6,0.0287918310655656,-0.0007356017394980208,-0.02952743280506362
improved_dataset_1000_20260807_001:S000971,improved_dataset_1000_20260807_001,S000971,train,TOPO-0223,31,B1,0.11798456618657213,0.11728029385693765,-0.0007042723296344783
improved_dataset_1000_20260807_001:S000972,improved_dataset_1000_20260807_001,S000972,train,TOPO-0405,31,B4,0.1236879964324827,0.06507914343127377,-0.058608853001208924
improved_dataset_1000_20260807_001:S000973,improved_dataset_1000_20260807_001,S000973,train,TOPO-0406,31,B1,0.5802414941699903,0.5052580849932272,-0.07498340917676305
improved_dataset_1000_20260807_001:S000974,improved_dataset_1000_20260807_001,S000974,train,TOPO-0346,31,B6,0.04047671849978171,0.025823931214260354,-0.014652787285521357
improved_dataset_1000_20260807_001:S000975,improved_dataset_1000_20260807_001,S000975,train,TOPO-0407,31,B1,1.3491136349146817,1.506333278557286,0.15721964364260432
improved_dataset_1000_20260807_001:S000976,improved_dataset_1000_20260807_001,S000976,train,TOPO-0383,31,B1,0.03003221657211161,-0.001718594956325703,-0.03175081152843731
improved_dataset_1000_20260807_001:S000978,improved_dataset_1000_20260807_001,S000978,train,TOPO-0371,31,B1,0.18112293210298447,0.14536718400398474,-0.03575574809899973
improved_dataset_1000_20260807_001:S000979,improved_dataset_1000_20260807_001,S000979,train,TOPO-0331,31,B1,0.1141461023808223,0.06510446221133845,-0.049041640169483855
improved_dataset_1000_20260807_001:S000982,improved_dataset_1000_20260807_001,S000982,train,TOPO-0410,31,B1,0.05249031125680437,0.01786905830093022,-0.03462125295587415
improved_dataset_1000_20260807_001:S000983,improved_dataset_1000_20260807_001,S000983,train,TOPO-0350,31,B3,0.08085594780372105,0.058532274308472826,-0.02232367349524822
improved_dataset_1000_20260807_001:S000984,improved_dataset_1000_20260807_001,S000984,train,TOPO-0411,31,B1,0.23405761789811974,0.2190424766208808,-0.015015141277238936
improved_dataset_1000_20260807_001:S000985,improved_dataset_1000_20260807_001,S000985,train,TOPO-0373,31,B5,0.12003950001524712,0.07016461583436445,-0.049874884180882664
improved_dataset_1000_20260807_001:S000986,improved_dataset_1000_20260807_001,S000986,train,TOPO-0240,31,B1,0.032950172808085765,0.014403620439438325,-0.01854655236864744
improved_dataset_1000_20260807_001:S000987,improved_dataset_1000_20260807_001,S000987,train,TOPO-0390,31,B2,0.18082069618194846,0.15480618032916704,-0.026014515852781417
improved_dataset_1000_20260807_001:S000988,improved_dataset_1000_20260807_001,S000988,train,TOPO-0412,31,B2,3.6442333512157057,3.9953129238472256,0.3510795726315199
improved_dataset_1000_20260807_001:S000989,improved_dataset_1000_20260807_001,S000989,train,TOPO-0413,31,B2,0.1170760393696364,0.10891824883324865,-0.008157790536387752
improved_dataset_1000_20260807_001:S000990,improved_dataset_1000_20260807_001,S000990,train,TOPO-0414,31,B1,0.684263452041467,0.6950740914907656,0.010810639449298609
improved_dataset_1000_20260807_001:S000991,improved_dataset_1000_20260807_001,S000991,train,TOPO-0390,31,B1,0.08802288721894827,0.048530958185175416,-0.039491929033772855
improved_dataset_1000_20260807_001:S000996,improved_dataset_1000_20260807_001,S000996,train,TOPO-0415,32,B6,0.056044114824293834,0.01913171127144281,-0.036912403552851025
improved_dataset_1000_20260807_001:S000997,improved_dataset_1000_20260807_001,S000997,train,TOPO-0195,32,B1,0.08105353837994522,0.08350471468840703,0.002451176308461811
improved_dataset_1000_20260807_001:S000998,improved_dataset_1000_20260807_001,S000998,train,TOPO-0355,32,B1,0.02684125428845907,-0.01746048778237988,-0.04430174207083895
improved_dataset_1000_20260807_001:S000999,improved_dataset_1000_20260807_001,S000999,train,TOPO-0416,32,B1,0.15425429011316646,0.09471081082705914,-0.05954347928610733
improved_dataset_1000_20260807_001:S001000,improved_dataset_1000_20260807_001,S001000,train,TOPO-0249,32,B1,0.048415977655151765,0.04895856084679967,0.0005425831916479051
improved_dataset_1000_20260807_001:S001001,improved_dataset_1000_20260807_001,S001001,train,TOPO-0417,32,B1,0.047693009636247424,-0.003158795744478443,-0.05085180538072587
band_supplement_300_20260808_001:S000002,band_supplement_300_20260808_001,S000002,train,TOPO-0418,1,B2,0.31252055048501803,0.31232719501307715,-0.00019335547194088143
band_supplement_300_20260808_001:S000003,band_supplement_300_20260808_001,S000003,train,TOPO-0419,1,B4,0.0736660775949407,0.0345361428241481,-0.0391299347707926
band_supplement_300_20260808_001:S000004,band_supplement_300_20260808_001,S000004,train,TOPO-0391,1,B1,0.4823167189869938,0.4881584687593036,0.005841749772309779
band_supplement_300_20260808_001:S000006,band_supplement_300_20260808_001,S000006,train,TOPO-0096,1,B2,0.12356895428437531,0.10619436242415475,-0.017374591860220556
band_supplement_300_20260808_001:S000007,band_supplement_300_20260808_001,S000007,train,TOPO-0121,1,B3,0.05146230347372707,0.012513825062599904,-0.03894847841112717
band_supplement_300_20260808_001:S000008,band_supplement_300_20260808_001,S000008,train,TOPO-0076,1,B1,0.02387210941854523,-0.013727860763430022,-0.03759997018197525
band_supplement_300_20260808_001:S000009,band_supplement_300_20260808_001,S000009,train,TOPO-0296,1,B2,0.116363980571163,0.13003107539869296,0.013667094827529966
band_supplement_300_20260808_001:S000010,band_supplement_300_20260808_001,S000010,train,TOPO-0420,1,B1,0.29188285159480587,0.23021087522887637,-0.0616719763659295
band_supplement_300_20260808_001:S000012,band_supplement_300_20260808_001,S000012,train,TOPO-0296,1,B2,0.044478698151148716,0.009365826126013999,-0.03511287202513472
band_supplement_300_20260808_001:S000013,band_supplement_300_20260808_001,S000013,train,TOPO-0296,1,B2,0.038445480844952,0.020778360637067672,-0.01766712020788433
band_supplement_300_20260808_001:S000015,band_supplement_300_20260808_001,S000015,train,TOPO-0422,1,B1,0.37150457249530294,0.3848991154007946,0.013394542905491635
band_supplement_300_20260808_001:S000016,band_supplement_300_20260808_001,S000016,train,TOPO-0304,1,B5,0.26348899802778486,0.24137830435516855,-0.02211069367261631
band_supplement_300_20260808_001:S000017,band_supplement_300_20260808_001,S000017,train,TOPO-0423,1,B1,0.5207474023228684,0.5060681022640267,-0.014679300058841771
band_supplement_300_20260808_001:S000019,band_supplement_300_20260808_001,S000019,train,TOPO-0304,1,B2,0.1767347083897139,0.1359937450520936,-0.040740963337620284
band_supplement_300_20260808_001:S000021,band_supplement_300_20260808_001,S000021,train,TOPO-0424,1,B4,0.058721098729084126,0.05021717260936967,-0.008503926119714456
band_supplement_300_20260808_001:S000022,band_supplement_300_20260808_001,S000022,train,TOPO-0425,1,B5,0.06284103879107894,0.07013277601421056,0.007291737223131617
band_supplement_300_20260808_001:S000023,band_supplement_300_20260808_001,S000023,train,TOPO-0350,1,B4,0.1585505380767281,0.15673472435892993,-0.0018158137177981537
band_supplement_300_20260808_001:S000024,band_supplement_300_20260808_001,S000024,train,TOPO-0350,1,B5,0.04393443112285805,-0.0055831123072206945,-0.04951754343007875
band_supplement_300_20260808_001:S000025,band_supplement_300_20260808_001,S000025,train,TOPO-0350,1,B6,0.07109491006680924,0.05156101712127467,-0.019533892945534564
band_supplement_300_20260808_001:S000026,band_supplement_300_20260808_001,S000026,train,TOPO-0233,1,B6,0.17839228483464314,0.1955161253548137,0.017123840520170547
band_supplement_300_20260808_001:S000028,band_supplement_300_20260808_001,S000028,train,TOPO-0426,1,B6,0.060810719592599816,0.05865860287696156,-0.0021521167156382526
band_supplement_300_20260808_001:S000029,band_supplement_300_20260808_001,S000029,train,TOPO-0426,1,B7,0.11997534073662294,0.11175023755480731,-0.00822510318181563
band_supplement_300_20260808_001:S000030,band_supplement_300_20260808_001,S000030,train,TOPO-0366,1,B4,0.052240878922124506,0.02027139314168161,-0.0319694857804429
band_supplement_300_20260808_001:S000031,band_supplement_300_20260808_001,S000031,train,TOPO-0328,1,B6,0.02967865169741568,0.00014748383652629649,-0.029531167860889385
band_supplement_300_20260808_001:S000032,band_supplement_300_20260808_001,S000032,train,TOPO-0427,2,B2,0.2582620170137443,0.22712520886328402,-0.03113680815046027
band_supplement_300_20260808_001:S000033,band_supplement_300_20260808_001,S000033,train,TOPO-0181,2,B2,0.047354548265983454,-0.0015430269223746518,-0.048897575188358106
band_supplement_300_20260808_001:S000034,band_supplement_300_20260808_001,S000034,train,TOPO-0181,2,B2,0.07680897399624553,0.10068111387324025,0.023872139876994714
band_supplement_300_20260808_001:S000035,band_supplement_300_20260808_001,S000035,train,TOPO-0083,2,B1,0.04073823363800713,-0.0029719000822033825,-0.043710133720210514
band_supplement_300_20260808_001:S000036,band_supplement_300_20260808_001,S000036,train,TOPO-0428,2,B3,0.11433241635407532,0.10432887552539535,-0.010003540828679963
band_supplement_300_20260808_001:S000037,band_supplement_300_20260808_001,S000037,train,TOPO-0229,2,B3,0.11028200343782038,0.17228411893897042,0.062002115501150035
band_supplement_300_20260808_001:S000038,band_supplement_300_20260808_001,S000038,train,TOPO-0429,2,B1,0.1941423583003867,0.17679903094946706,-0.017343327350919646
band_supplement_300_20260808_001:S000039,band_supplement_300_20260808_001,S000039,train,TOPO-0430,2,B3,0.2675085457081246,0.22237198294248497,-0.045136562765639626
band_supplement_300_20260808_001:S000040,band_supplement_300_20260808_001,S000040,train,TOPO-0431,2,B1,0.04946802858447344,0.033165989640333904,-0.016302038944139535
band_supplement_300_20260808_001:S000043,band_supplement_300_20260808_001,S000043,train,TOPO-0432,2,B4,0.08812966287223994,0.09642040506791127,0.00829074219567133
band_supplement_300_20260808_001:S000044,band_supplement_300_20260808_001,S000044,train,TOPO-0405,2,B4,0.1393499019154708,0.049483377010598906,-0.0898665249048719
band_supplement_300_20260808_001:S000045,band_supplement_300_20260808_001,S000045,train,TOPO-0425,2,B5,0.893591369762549,0.8501100541344828,-0.04348131562806623
band_supplement_300_20260808_001:S000046,band_supplement_300_20260808_001,S000046,train,TOPO-0403,2,B5,1.1598938290495249,1.1698334044959213,0.009939575446396454
band_supplement_300_20260808_001:S000049,band_supplement_300_20260808_001,S000049,train,TOPO-0425,2,B6,0.13139624340553757,0.15247015293439317,0.0210739095288556
band_supplement_300_20260808_001:S000050,band_supplement_300_20260808_001,S000050,train,TOPO-0433,2,B4,0.09463535453532267,0.09292883202070974,-0.0017065225146129237
band_supplement_300_20260808_001:S000051,band_supplement_300_20260808_001,S000051,train,TOPO-0434,2,B5,0.43894396489956766,0.4239967409181874,-0.014947223981380264
band_supplement_300_20260808_001:S000052,band_supplement_300_20260808_001,S000052,train,TOPO-0435,2,B6,0.09683009783069899,0.06556758872358956,-0.031262509107109426
band_supplement_300_20260808_001:S000053,band_supplement_300_20260808_001,S000053,train,TOPO-0436,2,B6,0.2916931597431968,0.35819507864787625,0.06650191890467944
band_supplement_300_20260808_001:S000057,band_supplement_300_20260808_001,S000057,train,TOPO-0426,2,B6,0.12493755629746406,0.12141834791918026,-0.003519208378283803
band_supplement_300_20260808_001:S000058,band_supplement_300_20260808_001,S000058,train,TOPO-0286,2,B6,0.11967509735561419,0.11500606326695281,-0.004669034088661372
band_supplement_300_20260808_001:S000059,band_supplement_300_20260808_001,S000059,train,TOPO-0426,2,B7,0.07417877013491211,0.06747192632597901,-0.006706843808933105
band_supplement_300_20260808_001:S000060,band_supplement_300_20260808_001,S000060,train,TOPO-0426,2,B7,0.06898308296975031,0.05197807794500825,-0.01700500502474206
band_supplement_300_20260808_001:S000061,band_supplement_300_20260808_001,S000061,train,TOPO-0426,2,B7,0.6296391790463167,0.5883190116213363,-0.04132016742498046
band_supplement_300_20260808_001:S000062,band_supplement_300_20260808_001,S000062,train,TOPO-0418,3,B2,0.024351645684260265,0.013377541414697297,-0.010974104269562968
band_supplement_300_20260808_001:S000063,band_supplement_300_20260808_001,S000063,train,TOPO-0418,3,B1,0.47272242189799674,0.42309728640898137,-0.04962513548901537
band_supplement_300_20260808_001:S000064,band_supplement_300_20260808_001,S000064,train,TOPO-0181,3,B2,0.05124200661550213,0.052747305548770745,0.0015052989332686173
band_supplement_300_20260808_001:S000065,band_supplement_300_20260808_001,S000065,train,TOPO-0181,3,B2,0.0446954538498886,0.03141608537076132,-0.01327936847912728
band_supplement_300_20260808_001:S000070,band_supplement_300_20260808_001,S000070,train,TOPO-0437,3,B4,0.20620115569309816,0.17416819692502641,-0.032032958768071745
band_supplement_300_20260808_001:S000071,band_supplement_300_20260808_001,S000071,train,TOPO-0438,3,B1,0.6405810557030444,0.6798902119230493,0.03930915622000497
band_supplement_300_20260808_001:S000074,band_supplement_300_20260808_001,S000074,train,TOPO-0439,3,B3,0.3226332651585718,0.3348504082530269,0.012217143094455096
band_supplement_300_20260808_001:S000075,band_supplement_300_20260808_001,S000075,train,TOPO-0403,3,B5,0.20284281366898685,0.21079282386619413,0.007950010197207286
band_supplement_300_20260808_001:S000076,band_supplement_300_20260808_001,S000076,train,TOPO-0403,3,B5,0.04473382491520225,0.024079109069827714,-0.02065471584537454
band_supplement_300_20260808_001:S000077,band_supplement_300_20260808_001,S000077,train,TOPO-0440,3,B4,0.017993927544328575,-0.024094885795392346,-0.04208881333972092
band_supplement_300_20260808_001:S000079,band_supplement_300_20260808_001,S000079,train,TOPO-0425,3,B5,0.08985462594935865,0.06495676422509258,-0.02489786172426607
band_supplement_300_20260808_001:S000081,band_supplement_300_20260808_001,S000081,train,TOPO-0304,3,B5,0.40905943626539354,0.4634982831284298,0.05443884686303624
band_supplement_300_20260808_001:S000083,band_supplement_300_20260808_001,S000083,train,TOPO-0436,3,B4,0.024845550689326756,-0.03554934273631527,-0.06039489342564203
band_supplement_300_20260808_001:S000085,band_supplement_300_20260808_001,S000085,train,TOPO-0441,3,B6,0.05262040549633054,0.05560636832253077,0.002985962826200228
band_supplement_300_20260808_001:S000086,band_supplement_300_20260808_001,S000086,train,TOPO-0426,3,B7,0.028463493125299277,-0.01219426316949257,-0.04065775629479185
band_supplement_300_20260808_001:S000087,band_supplement_300_20260808_001,S000087,train,TOPO-0426,3,B6,0.04542121805812696,-0.012864919996695368,-0.05828613805482233
band_supplement_300_20260808_001:S000088,band_supplement_300_20260808_001,S000088,train,TOPO-0233,3,B6,0.2267824460557781,0.19355766771196556,-0.033224778343812544
band_supplement_300_20260808_001:S000089,band_supplement_300_20260808_001,S000089,train,TOPO-0346,3,B6,0.2901248240890658,0.2652801920128519,-0.0248446320762139
band_supplement_300_20260808_001:S000090,band_supplement_300_20260808_001,S000090,train,TOPO-0442,3,B6,0.1798881517314447,0.19836168682022,0.018473535088775306
band_supplement_300_20260808_001:S000091,band_supplement_300_20260808_001,S000091,train,TOPO-0346,3,B6,0.08699671634857217,0.06600525358478809,-0.02099146276378408
band_supplement_300_20260808_001:S000093,band_supplement_300_20260808_001,S000093,train,TOPO-0427,4,B2,0.033340557577369895,0.024840080771505457,-0.008500476805864438
band_supplement_300_20260808_001:S000094,band_supplement_300_20260808_001,S000094,train,TOPO-0443,4,B1,0.7919236400291938,0.6775682318079042,-0.11435540822128964
band_supplement_300_20260808_001:S000096,band_supplement_300_20260808_001,S000096,train,TOPO-0120,4,B3,0.20536632925794532,0.17782898279848644,-0.027537346459458878
band_supplement_300_20260808_001:S000097,band_supplement_300_20260808_001,S000097,train,TOPO-0445,4,B1,0.12595855319706517,0.12756133096434336,0.001602777767278185
band_supplement_300_20260808_001:S000098,band_supplement_300_20260808_001,S000098,train,TOPO-0446,4,B3,0.07242751879602533,0.07150492939185493,-0.000922589404170393
band_supplement_300_20260808_001:S000100,band_supplement_300_20260808_001,S000100,train,TOPO-0380,4,B4,0.12234198844561853,0.09109077635162138,-0.031251212093997144
band_supplement_300_20260808_001:S000101,band_supplement_300_20260808_001,S000101,train,TOPO-0447,4,B4,0.07737011000617544,0.0679107953855039,-0.009459314620671538
band_supplement_300_20260808_001:S000102,band_supplement_300_20260808_001,S000102,train,TOPO-0432,4,B4,0.12307896802640467,0.07152111463376651,-0.05155785339263816
band_supplement_300_20260808_001:S000105,band_supplement_300_20260808_001,S000105,train,TOPO-0449,4,B5,0.11092437180942491,0.047162274531522164,-0.06376209727790275
band_supplement_300_20260808_001:S000107,band_supplement_300_20260808_001,S000107,train,TOPO-0450,4,B5,0.07471616915071447,0.06055562344375798,-0.01416054570695649
band_supplement_300_20260808_001:S000108,band_supplement_300_20260808_001,S000108,train,TOPO-0304,4,B4,0.0663995060758153,0.05314502776378907,-0.013254478312026224
band_supplement_300_20260808_001:S000109,band_supplement_300_20260808_001,S000109,train,TOPO-0425,4,B5,0.33892165992336976,0.2194670713379569,-0.11945458858541286
band_supplement_300_20260808_001:S000110,band_supplement_300_20260808_001,S000110,train,TOPO-0450,4,B4,0.10398339306658462,0.07398289401054237,-0.030000499056042254
band_supplement_300_20260808_001:S000111,band_supplement_300_20260808_001,S000111,train,TOPO-0451,4,B1,0.1778557813137826,0.1718141040040899,-0.006041677309692711
band_supplement_300_20260808_001:S000113,band_supplement_300_20260808_001,S000113,train,TOPO-0384,4,B6,0.24648146979934632,0.2210669228012514,-0.025414546998094922
band_supplement_300_20260808_001:S000114,band_supplement_300_20260808_001,S000114,train,TOPO-0452,4,B2,0.06795467718892109,0.05080342329795298,-0.01715125389096811
band_supplement_300_20260808_001:S000115,band_supplement_300_20260808_001,S000115,train,TOPO-0453,4,B1,0.07180564220610955,0.05900194227095423,-0.012803699935155316
band_supplement_300_20260808_001:S000116,band_supplement_300_20260808_001,S000116,train,TOPO-0454,4,B4,0.0957905277026748,0.07022085597823241,-0.025569671724442383
band_supplement_300_20260808_001:S000117,band_supplement_300_20260808_001,S000117,train,TOPO-0442,4,B3,0.023206269384647787,-0.004844897912896523,-0.02805116729754431
band_supplement_300_20260808_001:S000118,band_supplement_300_20260808_001,S000118,train,TOPO-0442,4,B6,0.04468710610216878,-0.007774324648182507,-0.052461430750351284
band_supplement_300_20260808_001:S000119,band_supplement_300_20260808_001,S000119,train,TOPO-0426,4,B6,1.6129663057827923,1.8374076472644296,0.2244413414816373
band_supplement_300_20260808_001:S000120,band_supplement_300_20260808_001,S000120,train,TOPO-0284,4,B7,0.11936306711810615,0.11119238757759843,-0.008170679540507722
band_supplement_300_20260808_001:S000121,band_supplement_300_20260808_001,S000121,train,TOPO-0170,4,B6,0.08660055550934984,0.0954178385257454,0.00881728301639556
band_supplement_300_20260808_001:S000122,band_supplement_300_20260808_001,S000122,train,TOPO-0418,5,B1,0.06238858678263584,0.032774298622017806,-0.029614288160618035
band_supplement_300_20260808_001:S000123,band_supplement_300_20260808_001,S000123,train,TOPO-0181,5,B1,0.07893103677907828,0.07417176945650647,-0.004759267322571814
band_supplement_300_20260808_001:S000124,band_supplement_300_20260808_001,S000124,train,TOPO-0455,5,B1,0.295474699665351,0.2771726301721608,-0.018302069493190187
band_supplement_300_20260808_001:S000125,band_supplement_300_20260808_001,S000125,train,TOPO-0456,5,B3,0.11783423529212124,0.11054483503014832,-0.007289400261972917
band_supplement_300_20260808_001:S000126,band_supplement_300_20260808_001,S000126,train,TOPO-0137,5,B3,0.11560874411914118,0.1256148566256028,0.010006112506461606
band_supplement_300_20260808_001:S000127,band_supplement_300_20260808_001,S000127,train,TOPO-0457,5,B3,0.026754102985858397,0.010481077057327037,-0.01627302592853136
band_supplement_300_20260808_001:S000128,band_supplement_300_20260808_001,S000128,train,TOPO-0458,5,B6,0.10674446675280697,0.12161290758944748,0.014868440836640517
band_supplement_300_20260808_001:S000130,band_supplement_300_20260808_001,S000130,train,TOPO-0459,5,B3,0.06520400246960159,0.04054684774468473,-0.024657154724916863
band_supplement_300_20260808_001:S000131,band_supplement_300_20260808_001,S000131,train,TOPO-0460,5,B2,0.05951064462833586,0.014150779611190739,-0.04535986501714512
band_supplement_300_20260808_001:S000133,band_supplement_300_20260808_001,S000133,train,TOPO-0461,5,B4,0.050738019000720225,0.03832971452449507,-0.012408304476225152
band_supplement_300_20260808_001:S000134,band_supplement_300_20260808_001,S000134,train,TOPO-0447,5,B4,0.1178530330320967,0.13357834772102267,0.015725314688925976
band_supplement_300_20260808_001:S000136,band_supplement_300_20260808_001,S000136,train,TOPO-0433,5,B5,0.14868168887186256,-0.005313229011134318,-0.15399491788299688
band_supplement_300_20260808_001:S000137,band_supplement_300_20260808_001,S000137,train,TOPO-0449,5,B5,0.07652802840366979,0.10738678409905869,0.0308587556953889
band_supplement_300_20260808_001:S000138,band_supplement_300_20260808_001,S000138,train,TOPO-0304,5,B5,1.7234604418656256,1.934216048958351,0.21075560709272545
band_supplement_300_20260808_001:S000139,band_supplement_300_20260808_001,S000139,train,TOPO-0462,5,B4,0.04266399168350654,0.026962898729559814,-0.015701092953946727
band_supplement_300_20260808_001:S000141,band_supplement_300_20260808_001,S000141,train,TOPO-0464,5,B4,0.880268854245085,0.8699111158273343,-0.010357738417750784
band_supplement_300_20260808_001:S000142,band_supplement_300_20260808_001,S000142,train,TOPO-0465,5,B5,0.04409438539884905,0.006297590020941768,-0.03779679537790728
band_supplement_300_20260808_001:S000143,band_supplement_300_20260808_001,S000143,train,TOPO-0099,5,B6,0.12641030105563944,0.08043687658108672,-0.045973424474552715
band_supplement_300_20260808_001:S000144,band_supplement_300_20260808_001,S000144,train,TOPO-0441,5,B3,0.15158672548850502,0.13004964862711607,-0.02153707686138895
band_supplement_300_20260808_001:S000145,band_supplement_300_20260808_001,S000145,train,TOPO-0466,5,B2,0.024546991144960756,0.0011702768285463128,-0.023376714316414443
band_supplement_300_20260808_001:S000146,band_supplement_300_20260808_001,S000146,train,TOPO-0426,5,B7,0.4699556435773302,0.47149122095495666,0.0015355773776264403
band_supplement_300_20260808_001:S000147,band_supplement_300_20260808_001,S000147,train,TOPO-0426,5,B6,0.028824915904328063,0.005929921738728944,-0.02289499416559912
band_supplement_300_20260808_001:S000148,band_supplement_300_20260808_001,S000148,train,TOPO-0467,5,B6,0.1439395150424823,0.1393042903525933,-0.004635224689889
band_supplement_300_20260808_001:S000149,band_supplement_300_20260808_001,S000149,train,TOPO-0426,5,B7,0.6696447292814821,0.718635395123508,0.04899066584202594
band_supplement_300_20260808_001:S000150,band_supplement_300_20260808_001,S000150,train,TOPO-0426,5,B7,3.6050870271015905,3.8409694772918552,0.23588245019026477
band_supplement_300_20260808_001:S000151,band_supplement_300_20260808_001,S000151,train,TOPO-0468,5,B4,2.8876792204829056,3.1395215846267144,0.2518423641438088
band_supplement_300_20260808_001:S000153,band_supplement_300_20260808_001,S000153,train,TOPO-0181,6,B2,0.15036815332028558,0.1364388289995908,-0.01392932432069477
band_supplement_300_20260808_001:S000154,band_supplement_300_20260808_001,S000154,train,TOPO-0427,6,B2,0.13593823457077084,0.16270646121752502,0.026768226646754184
band_supplement_300_20260808_001:S000156,band_supplement_300_20260808_001,S000156,train,TOPO-0469,6,B4,0.11928625355198492,0.07883843596879742,-0.04044781758318751
band_supplement_300_20260808_001:S000158,band_supplement_300_20260808_001,S000158,train,TOPO-0120,6,B3,0.042882553679735924,0.015818492242455823,-0.0270640614372801
band_supplement_300_20260808_001:S000159,band_supplement_300_20260808_001,S000159,train,TOPO-0470,6,B2,0.12077808179211152,0.12711746142024305,0.006339379628131525
band_supplement_300_20260808_001:S000160,band_supplement_300_20260808_001,S000160,train,TOPO-0471,6,B4,0.11980568143852734,0.10622568178570996,-0.013579999652817379
band_supplement_300_20260808_001:S000161,band_supplement_300_20260808_001,S000161,train,TOPO-0471,6,B3,0.04715527385311652,0.02498893193072485,-0.02216634192239167
band_supplement_300_20260808_001:S000162,band_supplement_300_20260808_001,S000162,train,TOPO-0472,6,B6,0.07646084842415923,0.10094390464528595,0.024483056221126717
band_supplement_300_20260808_001:S000163,band_supplement_300_20260808_001,S000163,train,TOPO-0432,6,B4,0.058407415270145036,0.05353143255555401,-0.004875982714591026
band_supplement_300_20260808_001:S000164,band_supplement_300_20260808_001,S000164,train,TOPO-0317,6,B4,0.11757488362885497,0.1240035065990524,0.006428622970197431
band_supplement_300_20260808_001:S000167,band_supplement_300_20260808_001,S000167,train,TOPO-0473,6,B3,0.07423801056952534,0.05414806373920081,-0.02008994683032453
band_supplement_300_20260808_001:S000168,band_supplement_300_20260808_001,S000168,train,TOPO-0464,6,B4,0.08537823297769884,0.08102468864546605,-0.004353544332232784
band_supplement_300_20260808_001:S000171,band_supplement_300_20260808_001,S000171,train,TOPO-0475,6,B2,0.04777809951459458,-0.008329623357750865,-0.056107722872345445
band_supplement_300_20260808_001:S000172,band_supplement_300_20260808_001,S000172,train,TOPO-0476,6,B4,0.256735593584412,0.22171823400375293,-0.035017359580659074
band_supplement_300_20260808_001:S000174,band_supplement_300_20260808_001,S000174,train,TOPO-0384,6,B4,0.03225465642899358,-0.01160685930793573,-0.04386151573692931
band_supplement_300_20260808_001:S000176,band_supplement_300_20260808_001,S000176,train,TOPO-0426,6,B7,0.07472337393053133,0.019882171750441546,-0.05484120218008978
band_supplement_300_20260808_001:S000177,band_supplement_300_20260808_001,S000177,train,TOPO-0426,6,B7,0.09130851173713522,0.08036078757497539,-0.010947724162159833
band_supplement_300_20260808_001:S000178,band_supplement_300_20260808_001,S000178,train,TOPO-0233,6,B6,0.05756081282138037,0.010524305736228257,-0.04703650708515211
band_supplement_300_20260808_001:S000179,band_supplement_300_20260808_001,S000179,train,TOPO-0426,6,B7,0.11674191515436133,0.09044005002722645,-0.02630186512713488
band_supplement_300_20260808_001:S000180,band_supplement_300_20260808_001,S000180,train,TOPO-0426,6,B7,0.25519704397998433,0.2397079384055573,-0.015489105574427037
band_supplement_300_20260808_001:S000181,band_supplement_300_20260808_001,S000181,train,TOPO-0467,6,B6,0.20124431055064038,0.20230619151418106,0.001061880963540679
band_supplement_300_20260808_001:S000182,band_supplement_300_20260808_001,S000182,train,TOPO-0478,7,B1,1.3768159929004122,1.5270223038498905,0.15020631094947823
band_supplement_300_20260808_001:S000184,band_supplement_300_20260808_001,S000184,train,TOPO-0181,7,B1,1.7181668676636317,1.5351176189442968,-0.18304924871933492
band_supplement_300_20260808_001:S000185,band_supplement_300_20260808_001,S000185,train,TOPO-0181,7,B2,0.04618971089680898,0.019308687605131464,-0.02688102329167752
band_supplement_300_20260808_001:S000187,band_supplement_300_20260808_001,S000187,train,TOPO-0479,7,B2,0.37263921306068404,0.31125232554597854,-0.0613868875147055
band_supplement_300_20260808_001:S000188,band_supplement_300_20260808_001,S000188,train,TOPO-0429,7,B2,0.4328776219343262,0.48295586255630063,0.05007824062197441
band_supplement_300_20260808_001:S000189,band_supplement_300_20260808_001,S000189,train,TOPO-0480,7,B1,0.05205198306601927,0.032645898424204955,-0.019406084641814314
band_supplement_300_20260808_001:S000190,band_supplement_300_20260808_001,S000190,train,TOPO-0481,7,B4,0.06498651200578123,0.05456493066659371,-0.010421581339187524
band_supplement_300_20260808_001:S000192,band_supplement_300_20260808_001,S000192,train,TOPO-0482,7,B2,0.05411836698386499,0.05364169834297794,-0.0004766686408870513
band_supplement_300_20260808_001:S000193,band_supplement_300_20260808_001,S000193,train,TOPO-0430,7,B3,0.046891717700778685,0.0473260148886917,0.00043429718791301863
band_supplement_300_20260808_001:S000197,band_supplement_300_20260808_001,S000197,train,TOPO-0483,7,B4,0.3980480222578554,0.37870098415431364,-0.01934703810354177
band_supplement_300_20260808_001:S000198,band_supplement_300_20260808_001,S000198,train,TOPO-0484,7,B5,0.04745757865837885,0.020786769615210865,-0.026670809043167987
band_supplement_300_20260808_001:S000200,band_supplement_300_20260808_001,S000200,train,TOPO-0483,7,B4,0.05797315890251423,0.014664176301030923,-0.043308982601483303
band_supplement_300_20260808_001:S000201,band_supplement_300_20260808_001,S000201,train,TOPO-0465,7,B5,0.26594659842816554,0.26866584153015366,0.0027192431019881225
band_supplement_300_20260808_001:S000202,band_supplement_300_20260808_001,S000202,train,TOPO-0435,7,B6,0.2731809933598085,0.24306423048611941,-0.030116762873689085
band_supplement_300_20260808_001:S000206,band_supplement_300_20260808_001,S000206,train,TOPO-0346,7,B5,0.0988832151568139,0.09791474375539616,-0.0009684714014177448
band_supplement_300_20260808_001:S000207,band_supplement_300_20260808_001,S000207,train,TOPO-0426,7,B7,0.03306691881531665,0.03330400301461631,0.00023708419929965863
band_supplement_300_20260808_001:S000208,band_supplement_300_20260808_001,S000208,train,TOPO-0485,7,B6,0.089216013043721,0.07753194201514987,-0.011684071028571122
band_supplement_300_20260808_001:S000209,band_supplement_300_20260808_001,S000209,train,TOPO-0426,7,B7,0.11672613811527226,0.1113249616492712,-0.005401176466001051
band_supplement_300_20260808_001:S000210,band_supplement_300_20260808_001,S000210,train,TOPO-0426,7,B7,0.041916756006805445,0.013938391682651458,-0.027978364324153987
band_supplement_300_20260808_001:S000211,band_supplement_300_20260808_001,S000211,train,TOPO-0426,7,B6,0.06715480375826047,0.0448695319435376,-0.022285271814722868
band_supplement_300_20260808_001:S000212,band_supplement_300_20260808_001,S000212,train,TOPO-0486,8,B4,0.12262962856448303,0.1437416693394941,0.021112040775011054
band_supplement_300_20260808_001:S000213,band_supplement_300_20260808_001,S000213,train,TOPO-0478,8,B1,0.04904391605698144,0.01958708193006667,-0.02945683412691477
band_supplement_300_20260808_001:S000214,band_supplement_300_20260808_001,S000214,train,TOPO-0391,8,B1,0.07405096183119184,0.023761384402946006,-0.05028957742824583
band_supplement_300_20260808_001:S000215,band_supplement_300_20260808_001,S000215,train,TOPO-0487,8,B1,0.9508979843245348,0.9037392102889776,-0.04715877403555713
band_supplement_300_20260808_001:S000216,band_supplement_300_20260808_001,S000216,train,TOPO-0229,8,B3,0.020578871917718927,-0.008867246885105567,-0.029446118802824495
band_supplement_300_20260808_001:S000217,band_supplement_300_20260808_001,S000217,train,TOPO-0137,8,B3,0.3261757410977373,0.31510394368768296,-0.011071797410054318
band_supplement_300_20260808_001:S000219,band_supplement_300_20260808_001,S000219,train,TOPO-0489,8,B4,0.08913745441053363,0.0870309645653787,-0.0021064898451549213
band_supplement_300_20260808_001:S000220,band_supplement_300_20260808_001,S000220,train,TOPO-0490,8,B2,0.21764803026659343,0.1766290093713665,-0.04101902089522694
band_supplement_300_20260808_001:S000221,band_supplement_300_20260808_001,S000221,train,TOPO-0491,8,B1,0.10377872017139032,0.06550783803544821,-0.03827088213594211
band_supplement_300_20260808_001:S000222,band_supplement_300_20260808_001,S000222,train,TOPO-0492,8,B4,0.08191335639508787,0.08534898524546772,0.003435628850379846
band_supplement_300_20260808_001:S000224,band_supplement_300_20260808_001,S000224,train,TOPO-0493,8,B4,0.4338842705047169,0.5000042289258613,0.06611995842114438
band_supplement_300_20260808_001:S000225,band_supplement_300_20260808_001,S000225,train,TOPO-0449,8,B5,0.13862060675281795,0.14582773883845418,0.007207132085636225
band_supplement_300_20260808_001:S000227,band_supplement_300_20260808_001,S000227,train,TOPO-0483,8,B4,0.03140683957683202,0.013833626428260498,-0.01757321314857152
band_supplement_300_20260808_001:S000228,band_supplement_300_20260808_001,S000228,train,TOPO-0494,8,B1,0.12891541116202218,0.12207140099966335,-0.006844010162358832
band_supplement_300_20260808_001:S000231,band_supplement_300_20260808_001,S000231,train,TOPO-0495,8,B3,0.2613524338396833,0.24389311948365586,-0.01745931435602746
band_supplement_300_20260808_001:S000232,band_supplement_300_20260808_001,S000232,train,TOPO-0496,8,B6,0.036115112161804824,0.012037676880311543,-0.02407743528149328
band_supplement_300_20260808_001:S000234,band_supplement_300_20260808_001,S000234,train,TOPO-0497,8,B5,0.13276971323728445,0.11043850839996137,-0.02233120483732308
band_supplement_300_20260808_001:S000236,band_supplement_300_20260808_001,S000236,train,TOPO-0426,8,B7,0.1206155456332683,0.07548548860011203,-0.04513005703315627
band_supplement_300_20260808_001:S000237,band_supplement_300_20260808_001,S000237,train,TOPO-0467,8,B6,0.2609263211183611,0.2398347874326447,-0.021091533685716424
band_supplement_300_20260808_001:S000238,band_supplement_300_20260808_001,S000238,train,TOPO-0467,8,B6,0.07774867730374863,0.04171567529644901,-0.036033002007299614
band_supplement_300_20260808_001:S000241,band_supplement_300_20260808_001,S000241,train,TOPO-0499,8,B2,0.06840284306772809,0.07392022467222026,0.005517381604492166
band_supplement_300_20260808_001:S000242,band_supplement_300_20260808_001,S000242,train,TOPO-0181,9,B2,0.12066195829418491,0.08877695008785544,-0.031885008206329474
band_supplement_300_20260808_001:S000243,band_supplement_300_20260808_001,S000243,train,TOPO-0500,9,B2,0.11745256565309715,0.12794042892558577,0.010487863272488615
band_supplement_300_20260808_001:S000244,band_supplement_300_20260808_001,S000244,train,TOPO-0501,9,B2,0.6835199106003094,0.6558651490636809,-0.02765476153662849
band_supplement_300_20260808_001:S000245,band_supplement_300_20260808_001,S000245,train,TOPO-0502,9,B2,0.07130885937114453,0.0598517287017343,-0.011457130669410232
band_supplement_300_20260808_001:S000246,band_supplement_300_20260808_001,S000246,train,TOPO-0429,9,B1,0.042919445009818064,0.021815828520556052,-0.02110361648926201
band_supplement_300_20260808_001:S000247,band_supplement_300_20260808_001,S000247,train,TOPO-0503,9,B2,0.13415809777965793,0.12833024731345372,-0.00582785046620421
band_supplement_300_20260808_001:S000248,band_supplement_300_20260808_001,S000248,train,TOPO-0096,9,B3,0.3085420629060851,0.305034957741488,-0.003507105164597124
band_supplement_300_20260808_001:S000249,band_supplement_300_20260808_001,S000249,train,TOPO-0493,9,B4,0.0966399773661263,0.06452148735040558,-0.032118490015720716
band_supplement_300_20260808_001:S000250,band_supplement_300_20260808_001,S000250,train,TOPO-0504,9,B3,0.021012505776045437,0.0014388130553185108,-0.019573692720726926
band_supplement_300_20260808_001:S000251,band_supplement_300_20260808_001,S000251,train,TOPO-0447,9,B4,0.6858592801556924,0.6100779773319578,-0.07578130282373463
band_supplement_300_20260808_001:S000252,band_supplement_300_20260808_001,S000252,train,TOPO-0505,9,B4,0.10077457190944834,0.05184870826549198,-0.04892586364395636
band_supplement_300_20260808_001:S000254,band_supplement_300_20260808_001,S000254,train,TOPO-0489,9,B4,0.028978930829251903,-0.01044015441084839,-0.03941908524010029
band_supplement_300_20260808_001:S000256,band_supplement_300_20260808_001,S000256,train,TOPO-0506,9,B3,0.25828391199263534,0.21236577364730724,-0.0459181383453281
band_supplement_300_20260808_001:S000257,band_supplement_300_20260808_001,S000257,train,TOPO-0434,9,B5,0.08905208899528132,0.09781051936974501,0.008758430374463694
band_supplement_300_20260808_001:S000259,band_supplement_300_20260808_001,S000259,train,TOPO-0507,9,B4,0.7015466370846625,0.6730161172126733,-0.02853051987198918
band_supplement_300_20260808_001:S000260,band_supplement_300_20260808_001,S000260,train,TOPO-0508,9,B1,0.02197198651029794,-0.00351534049977853,-0.02548732701007647
band_supplement_300_20260808_001:S000262,band_supplement_300_20260808_001,S000262,train,TOPO-0465,9,B1,0.2638893684586141,0.24775309812941831,-0.01613627032919579
band_supplement_300_20260808_001:S000268,band_supplement_300_20260808_001,S000268,train,TOPO-0467,9,B6,0.599075809118349,0.5495411926052197,-0.04953461651312929
band_supplement_300_20260808_001:S000269,band_supplement_300_20260808_001,S000269,train,TOPO-0485,9,B6,0.1336602076945369,0.10975088054041374,-0.023909327154123167
band_supplement_300_20260808_001:S000270,band_supplement_300_20260808_001,S000270,train,TOPO-0467,9,B5,0.18960237115588505,0.21868724831968325,0.029084877163798206
band_supplement_300_20260808_001:S000272,band_supplement_300_20260808_001,S000272,train,TOPO-0510,10,B1,0.0642661871001525,0.036000590859956494,-0.028265596240196006
band_supplement_300_20260808_001:S000273,band_supplement_300_20260808_001,S000273,train,TOPO-0487,10,B1,0.043071725072746314,0.03796527104457989,-0.005106454028166424
band_supplement_300_20260808_001:S000274,band_supplement_300_20260808_001,S000274,train,TOPO-0511,10,B2,0.728084514878688,0.6269703898131878,-0.10111412506550022
band_supplement_300_20260808_001:S000275,band_supplement_300_20260808_001,S000275,train,TOPO-0512,10,B5,0.4081059765227727,0.4304156894814919,0.022309712958719197
band_supplement_300_20260808_001:S000277,band_supplement_300_20260808_001,S000277,train,TOPO-0514,10,B3,0.05356891577972875,0.030366248941751633,-0.023202666837977115
band_supplement_300_20260808_001:S000278,band_supplement_300_20260808_001,S000278,train,TOPO-0515,10,B1,0.06715285458978312,0.05033889869103489,-0.016813955898748234
band_supplement_300_20260808_001:S000280,band_supplement_300_20260808_001,S000280,train,TOPO-0516,10,B4,0.049813235506379006,0.024077374207832153,-0.025735861298546853
band_supplement_300_20260808_001:S000281,band_supplement_300_20260808_001,S000281,train,TOPO-0517,10,B1,0.1339446842415271,0.12009745461096952,-0.013847229630557595
band_supplement_300_20260808_001:S000282,band_supplement_300_20260808_001,S000282,train,TOPO-0518,10,B4,0.12351612263407512,0.10015997153484339,-0.023356151099231726
band_supplement_300_20260808_001:S000283,band_supplement_300_20260808_001,S000283,train,TOPO-0519,10,B4,0.025384235544019945,-0.006086528438051103,-0.03147076398207105
band_supplement_300_20260808_001:S000284,band_supplement_300_20260808_001,S000284,train,TOPO-0505,10,B4,0.04830425254263743,0.008860736363611371,-0.039443516179026056
band_supplement_300_20260808_001:S000285,band_supplement_300_20260808_001,S000285,train,TOPO-0520,10,B2,0.12458828775747478,0.07409097591286601,-0.050497311844608775
band_supplement_300_20260808_001:S000286,band_supplement_300_20260808_001,S000286,train,TOPO-0433,10,B5,0.17008202799278938,0.14673579622214405,-0.02334623177064532
band_supplement_300_20260808_001:S000291,band_supplement_300_20260808_001,S000291,train,TOPO-0435,10,B5,0.20256981272384375,0.2547354533308528,0.05216564060700904
band_supplement_300_20260808_001:S000294,band_supplement_300_20260808_001,S000294,train,TOPO-0251,10,B6,0.09726944652854029,0.057341424214435444,-0.03992802231410485
band_supplement_300_20260808_001:S000300,band_supplement_300_20260808_001,S000300,train,TOPO-0233,10,B6,0.03424493093058684,-0.0032521925502631555,-0.03749712348084999
band_supplement_300_20260808_001:S000301,band_supplement_300_20260808_001,S000301,train,TOPO-0233,10,B6,0.05161712459922532,0.03646383983305432,-0.015153284766171005
improved_dataset_1000_20260807_001:S000006,improved_dataset_1000_20260807_001,S000006,val,TOPO-0004,0,B1,0.1447912098214575,0.13419126936152015,-0.01059994045993734
improved_dataset_1000_20260807_001:S000007,improved_dataset_1000_20260807_001,S000007,val,TOPO-0005,0,B1,0.10564531942284099,0.07584018623764036,-0.02980513318520063
improved_dataset_1000_20260807_001:S000018,improved_dataset_1000_20260807_001,S000018,val,TOPO-0016,0,B1,0.1142866772278158,0.10912773852174829,-0.005158938706067512
improved_dataset_1000_20260807_001:S000026,improved_dataset_1000_20260807_001,S000026,val,TOPO-0024,0,B1,0.041908959332895956,0.0262139894212865,-0.015694969911609458
improved_dataset_1000_20260807_001:S000039,improved_dataset_1000_20260807_001,S000039,val,TOPO-0037,0,B1,0.1062954028277905,-0.008606874714783108,-0.11490227754257361
improved_dataset_1000_20260807_001:S000044,improved_dataset_1000_20260807_001,S000044,val,TOPO-0042,0,B1,0.07789694677394599,0.07164972913806117,-0.006247217635884816
improved_dataset_1000_20260807_001:S000048,improved_dataset_1000_20260807_001,S000048,val,TOPO-0046,0,B3,0.27542078183664614,0.302121052918527,0.026700271081880833
improved_dataset_1000_20260807_001:S000064,improved_dataset_1000_20260807_001,S000064,val,TOPO-0004,1,B1,0.14009711718203077,0.17285968491867518,0.032762567736644405
improved_dataset_1000_20260807_001:S000076,improved_dataset_1000_20260807_001,S000076,val,TOPO-0024,1,B1,0.04460019972126156,-0.0008694514449910651,-0.04546965116625262
improved_dataset_1000_20260807_001:S000099,improved_dataset_1000_20260807_001,S000099,val,TOPO-0016,2,B1,0.12281462608363353,0.108204261276439,-0.01461036480719452
improved_dataset_1000_20260807_001:S000103,improved_dataset_1000_20260807_001,S000103,val,TOPO-0024,2,B1,0.0408301609136309,-0.0016217284265498677,-0.042451889340180765
improved_dataset_1000_20260807_001:S000113,improved_dataset_1000_20260807_001,S000113,val,TOPO-0046,2,B3,0.2723635927204574,0.2872429376749936,0.014879344954536189
improved_dataset_1000_20260807_001:S000115,improved_dataset_1000_20260807_001,S000115,val,TOPO-0046,2,B2,0.32940346204555465,0.38052540584913097,0.05112194380357632
improved_dataset_1000_20260807_001:S000123,improved_dataset_1000_20260807_001,S000123,val,TOPO-0004,3,B1,0.14567552510848453,0.1236933847097395,-0.02198214039874502
improved_dataset_1000_20260807_001:S000137,improved_dataset_1000_20260807_001,S000137,val,TOPO-0081,3,B1,0.09169299797563445,0.0972735693770474,0.005580571401412951
improved_dataset_1000_20260807_001:S000142,improved_dataset_1000_20260807_001,S000142,val,TOPO-0046,3,B3,0.2577496765487073,0.305735137837827,0.047985461289119735
improved_dataset_1000_20260807_001:S000155,improved_dataset_1000_20260807_001,S000155,val,TOPO-0004,4,B1,0.14727023576748338,0.1177127031067967,-0.029557532660686683
improved_dataset_1000_20260807_001:S000156,improved_dataset_1000_20260807_001,S000156,val,TOPO-0004,4,B1,0.14125651524859562,0.14500027089699352,0.003743755648397906
improved_dataset_1000_20260807_001:S000168,improved_dataset_1000_20260807_001,S000168,val,TOPO-0081,4,B1,0.08349471371925613,0.0847196895692533,0.001224975849997173
improved_dataset_1000_20260807_001:S000173,improved_dataset_1000_20260807_001,S000173,val,TOPO-0046,4,B3,0.280832066425039,0.28661063660549857,0.005778570180459575
improved_dataset_1000_20260807_001:S000176,improved_dataset_1000_20260807_001,S000176,val,TOPO-0042,4,B1,0.07571926635654955,0.042640969044318355,-0.03307829731223119
improved_dataset_1000_20260807_001:S000182,improved_dataset_1000_20260807_001,S000182,val,TOPO-0098,5,B7,0.12983027022524174,0.13565942694047786,0.005829156715236122
improved_dataset_1000_20260807_001:S000187,improved_dataset_1000_20260807_001,S000187,val,TOPO-0016,5,B1,0.11908509120106399,0.10597192250111176,-0.01311316869995223
improved_dataset_1000_20260807_001:S000200,improved_dataset_1000_20260807_001,S000200,val,TOPO-0081,5,B1,0.10383622574400798,0.13056563230234378,0.02672940655833579
improved_dataset_1000_20260807_001:S000204,improved_dataset_1000_20260807_001,S000204,val,TOPO-0108,5,B1,0.08746927234602267,0.09743906500635363,0.009969792660330962
improved_dataset_1000_20260807_001:S000208,improved_dataset_1000_20260807_001,S000208,val,TOPO-0110,5,B1,0.03111134155363468,0.0380218479557764,0.0069105064021417195
improved_dataset_1000_20260807_001:S000215,improved_dataset_1000_20260807_001,S000215,val,TOPO-0004,6,B1,0.1046190669119004,0.11832908936875002,0.013710022456849616
improved_dataset_1000_20260807_001:S000218,improved_dataset_1000_20260807_001,S000218,val,TOPO-0016,6,B1,0.11904903668676795,0.09521179815109578,-0.02383723853567217
improved_dataset_1000_20260807_001:S000219,improved_dataset_1000_20260807_001,S000219,val,TOPO-0016,6,B1,0.1177007325590273,0.10223923425173852,-0.015461498307288782
improved_dataset_1000_20260807_001:S000224,improved_dataset_1000_20260807_001,S000224,val,TOPO-0024,6,B1,0.0490112292159709,0.07106161092156496,0.022050381705594063
improved_dataset_1000_20260807_001:S000232,improved_dataset_1000_20260807_001,S000232,val,TOPO-0046,6,B3,0.2753500249799035,0.2815842311508216,0.006234206170918077
improved_dataset_1000_20260807_001:S000234,improved_dataset_1000_20260807_001,S000234,val,TOPO-0046,6,B3,0.46673473961664835,0.4062193243076674,-0.06051541530898097
improved_dataset_1000_20260807_001:S000235,improved_dataset_1000_20260807_001,S000235,val,TOPO-0046,6,B3,0.2741221764025431,0.317574785167118,0.04345260876457491
improved_dataset_1000_20260807_001:S000239,improved_dataset_1000_20260807_001,S000239,val,TOPO-0110,6,B1,0.03349287846058041,0.09622702918582926,0.06273415072524885
improved_dataset_1000_20260807_001:S000240,improved_dataset_1000_20260807_001,S000240,val,TOPO-0110,6,B1,0.03638266870180304,0.03144359824099685,-0.004939070460806189
improved_dataset_1000_20260807_001:S000249,improved_dataset_1000_20260807_001,S000249,val,TOPO-0123,7,B1,0.09536368021627212,0.09921340021485199,0.003849719998579873
improved_dataset_1000_20260807_001:S000256,improved_dataset_1000_20260807_001,S000256,val,TOPO-0024,7,B1,0.048860449298415265,0.054450072597416826,0.0055896232990015615
improved_dataset_1000_20260807_001:S000263,improved_dataset_1000_20260807_001,S000263,val,TOPO-0046,7,B3,0.2596882419577622,0.2631525368513511,0.003464294893588904
improved_dataset_1000_20260807_001:S000264,improved_dataset_1000_20260807_001,S000264,val,TOPO-0046,7,B3,0.26020439401665413,0.2860353767779107,0.02583098276125656
improved_dataset_1000_20260807_001:S000265,improved_dataset_1000_20260807_001,S000265,val,TOPO-0046,7,B3,0.47221106622226905,0.39803177578552046,-0.07417929043674859
improved_dataset_1000_20260807_001:S000266,improved_dataset_1000_20260807_001,S000266,val,TOPO-0042,7,B1,0.08438403459339391,0.06705129372754867,-0.017332740865845242
improved_dataset_1000_20260807_001:S000267,improved_dataset_1000_20260807_001,S000267,val,TOPO-0110,7,B1,0.025374928519667272,-0.00416313796892212,-0.029538066488589393
improved_dataset_1000_20260807_001:S000268,improved_dataset_1000_20260807_001,S000268,val,TOPO-0110,7,B1,0.035052335703322335,0.04589494763869209,0.010842611935369756
improved_dataset_1000_20260807_001:S000285,improved_dataset_1000_20260807_001,S000285,val,TOPO-0024,8,B1,0.0652489864206395,0.04624494073869129,-0.019004045681948217
improved_dataset_1000_20260807_001:S000294,improved_dataset_1000_20260807_001,S000294,val,TOPO-0046,8,B3,0.26343151286530836,0.2504138738308883,-0.013017639034420048
improved_dataset_1000_20260807_001:S000296,improved_dataset_1000_20260807_001,S000296,val,TOPO-0108,8,B1,0.10296983566342333,0.0841675034062064,-0.01880233225721692
improved_dataset_1000_20260807_001:S000297,improved_dataset_1000_20260807_001,S000297,val,TOPO-0142,8,B1,0.08286071350551255,0.05608998661647066,-0.02677072688904189
improved_dataset_1000_20260807_001:S000300,improved_dataset_1000_20260807_001,S000300,val,TOPO-0110,8,B1,0.032591566628532104,-0.01634989036324319,-0.048941456991775295
improved_dataset_1000_20260807_001:S000303,improved_dataset_1000_20260807_001,S000303,val,TOPO-0005,9,B1,0.16467189657737002,0.16922329171512632,0.004551395137756292
improved_dataset_1000_20260807_001:S000312,improved_dataset_1000_20260807_001,S000312,val,TOPO-0024,9,B1,0.06172198136844623,0.03272525305289617,-0.028996728315550058
improved_dataset_1000_20260807_001:S000322,improved_dataset_1000_20260807_001,S000322,val,TOPO-0046,9,B1,0.3610673671930848,0.23664752958960622,-0.12441983760347858
improved_dataset_1000_20260807_001:S000334,improved_dataset_1000_20260807_001,S000334,val,TOPO-0005,10,B1,0.16460210409979553,0.18368007021036062,0.019077966110565087
improved_dataset_1000_20260807_001:S000346,improved_dataset_1000_20260807_001,S000346,val,TOPO-0162,10,B1,0.06095789712024702,0.024313417489934486,-0.03664447963031253
improved_dataset_1000_20260807_001:S000356,improved_dataset_1000_20260807_001,S000356,val,TOPO-0046,10,B3,0.27912954940062173,0.30577322316116495,0.02664367376054322
improved_dataset_1000_20260807_001:S000363,improved_dataset_1000_20260807_001,S000363,val,TOPO-0098,11,B7,0.11931373580700877,0.10962842989873861,-0.009685305908270159
improved_dataset_1000_20260807_001:S000382,improved_dataset_1000_20260807_001,S000382,val,TOPO-0108,11,B1,0.1143245482446719,0.038876032771968744,-0.07544851547270316
improved_dataset_1000_20260807_001:S000386,improved_dataset_1000_20260807_001,S000386,val,TOPO-0046,11,B3,0.46431128027983337,0.4052774167049229,-0.05903386357491047
improved_dataset_1000_20260807_001:S000413,improved_dataset_1000_20260807_001,S000413,val,TOPO-0186,12,B1,0.04737416241160389,0.015858475708918296,-0.03151568670268559
improved_dataset_1000_20260807_001:S000415,improved_dataset_1000_20260807_001,S000415,val,TOPO-0046,12,B3,0.46731238743074777,0.4062713293472521,-0.06104105808349569
improved_dataset_1000_20260807_001:S000445,improved_dataset_1000_20260807_001,S000445,val,TOPO-0046,13,B3,0.4667938882056265,0.45575404287150223,-0.011039845334124276
improved_dataset_1000_20260807_001:S000446,improved_dataset_1000_20260807_001,S000446,val,TOPO-0046,13,B3,0.46691541018588045,0.41554259513267505,-0.0513728150532054
improved_dataset_1000_20260807_001:S000447,improved_dataset_1000_20260807_001,S000447,val,TOPO-0203,13,B1,0.20106853713964423,0.19628490903800677,-0.0047836281016374604
improved_dataset_1000_20260807_001:S000451,improved_dataset_1000_20260807_001,S000451,val,TOPO-0110,13,B1,0.037630116117178064,-0.007045539739057749,-0.04467565585623581
improved_dataset_1000_20260807_001:S000455,improved_dataset_1000_20260807_001,S000455,val,TOPO-0005,14,B1,0.1636279892943569,0.1596282496559783,-0.003999739638378602
improved_dataset_1000_20260807_001:S000469,improved_dataset_1000_20260807_001,S000469,val,TOPO-0214,14,B1,0.03558585679231108,-0.00889537205957483,-0.04448122885188591
improved_dataset_1000_20260807_001:S000474,improved_dataset_1000_20260807_001,S000474,val,TOPO-0046,14,B3,0.44148161897597304,0.3010617257738945,-0.14041989320207854
improved_dataset_1000_20260807_001:S000479,improved_dataset_1000_20260807_001,S000479,val,TOPO-0203,14,B1,0.17514986093141338,0.1574196682849197,-0.01773019264649367
improved_dataset_1000_20260807_001:S000480,improved_dataset_1000_20260807_001,S000480,val,TOPO-0203,14,B1,0.20321066181556835,0.2720988221647227,0.06888816034915435
improved_dataset_1000_20260807_001:S000494,improved_dataset_1000_20260807_001,S000494,val,TOPO-0162,15,B1,0.05076874646818283,0.02735416113491229,-0.023414585333270538
improved_dataset_1000_20260807_001:S000497,improved_dataset_1000_20260807_001,S000497,val,TOPO-0226,15,B1,0.8416905035381762,0.9699235014749458,0.12823299793676957
improved_dataset_1000_20260807_001:S000502,improved_dataset_1000_20260807_001,S000502,val,TOPO-0186,15,B1,0.04079078975140216,-0.030681279156480473,-0.07147206890788263
improved_dataset_1000_20260807_001:S000503,improved_dataset_1000_20260807_001,S000503,val,TOPO-0046,15,B3,0.4665593348638263,0.4071219627988888,-0.05943737206493749
improved_dataset_1000_20260807_001:S000505,improved_dataset_1000_20260807_001,S000505,val,TOPO-0046,15,B3,0.44751855092785436,0.3763360713073136,-0.07118247962054075
improved_dataset_1000_20260807_001:S000506,improved_dataset_1000_20260807_001,S000506,val,TOPO-0046,15,B3,0.46317690504628684,0.4011855099717623,-0.06199139507452456
improved_dataset_1000_20260807_001:S000507,improved_dataset_1000_20260807_001,S000507,val,TOPO-0110,15,B1,0.03391108225221695,0.010268076824554023,-0.023643005427662928
improved_dataset_1000_20260807_001:S000531,improved_dataset_1000_20260807_001,S000531,val,TOPO-0226,16,B1,0.8606436055078782,0.9337349333719969,0.07309132786411865
improved_dataset_1000_20260807_001:S000532,improved_dataset_1000_20260807_001,S000532,val,TOPO-0108,16,B1,0.11319039752267779,0.07322509608580946,-0.03996530143686833
improved_dataset_1000_20260807_001:S000533,improved_dataset_1000_20260807_001,S000533,val,TOPO-0108,16,B1,0.09702283079333558,0.09110150188078218,-0.0059213289125533974
improved_dataset_1000_20260807_001:S000536,improved_dataset_1000_20260807_001,S000536,val,TOPO-0186,16,B1,0.026172658885509847,0.04303884433539509,0.016866185449885246
improved_dataset_1000_20260807_001:S000538,improved_dataset_1000_20260807_001,S000538,val,TOPO-0203,16,B1,0.16045814130169744,0.09295870226224513,-0.06749943903945231
improved_dataset_1000_20260807_001:S000576,improved_dataset_1000_20260807_001,S000576,val,TOPO-0261,18,B1,0.06210442659283302,-0.015997692968002575,-0.0781021195608356
improved_dataset_1000_20260807_001:S000580,improved_dataset_1000_20260807_001,S000580,val,TOPO-0262,18,B1,0.0711440066612837,0.07084793715413487,-0.00029606950714883284
improved_dataset_1000_20260807_001:S000589,improved_dataset_1000_20260807_001,S000589,val,TOPO-0226,18,B1,0.8871441735639285,0.7892768937484791,-0.0978672798154494
improved_dataset_1000_20260807_001:S000591,improved_dataset_1000_20260807_001,S000591,val,TOPO-0226,18,B1,0.8182412107599238,0.9701641778590833,0.15192296709915942
improved_dataset_1000_20260807_001:S000595,improved_dataset_1000_20260807_001,S000595,val,TOPO-0046,18,B3,0.4400681758828342,0.38350611306399174,-0.05656206281884246
improved_dataset_1000_20260807_001:S000596,improved_dataset_1000_20260807_001,S000596,val,TOPO-0108,18,B1,0.10810802746103801,0.07747127287065794,-0.030636754590380066
improved_dataset_1000_20260807_001:S000597,improved_dataset_1000_20260807_001,S000597,val,TOPO-0203,18,B1,0.5950739927481109,0.21376074046019328,-0.3813132522879176
improved_dataset_1000_20260807_001:S000603,improved_dataset_1000_20260807_001,S000603,val,TOPO-0261,19,B1,0.06148393789251372,-0.02495245869501131,-0.08643639658752503
improved_dataset_1000_20260807_001:S000604,improved_dataset_1000_20260807_001,S000604,val,TOPO-0005,19,B1,0.19289588546925038,0.14478167828555244,-0.04811420718369794
improved_dataset_1000_20260807_001:S000613,improved_dataset_1000_20260807_001,S000613,val,TOPO-0162,19,B1,0.04670915919349253,0.07180963238869936,0.025100473195206835
improved_dataset_1000_20260807_001:S000618,improved_dataset_1000_20260807_001,S000618,val,TOPO-0214,19,B1,0.032785789531470794,-0.012388118689891009,-0.0451739082213618
improved_dataset_1000_20260807_001:S000620,improved_dataset_1000_20260807_001,S000620,val,TOPO-0214,19,B1,0.028279026269818014,0.07580318265178204,0.04752415638196403
improved_dataset_1000_20260807_001:S000621,improved_dataset_1000_20260807_001,S000621,val,TOPO-0226,19,B1,0.8132208875273018,0.8767630451244494,0.06354215759714754
improved_dataset_1000_20260807_001:S000628,improved_dataset_1000_20260807_001,S000628,val,TOPO-0142,19,B1,0.0654733346918776,0.05142116683429107,-0.014052167857586534
improved_dataset_1000_20260807_001:S000636,improved_dataset_1000_20260807_001,S000636,val,TOPO-0005,20,B1,0.1986996149755471,0.15797405364067274,-0.04072556133487437
improved_dataset_1000_20260807_001:S000639,improved_dataset_1000_20260807_001,S000639,val,TOPO-0262,20,B1,0.07116198799561418,0.08363687035218675,0.01247488235657257
improved_dataset_1000_20260807_001:S000645,improved_dataset_1000_20260807_001,S000645,val,TOPO-0279,20,B6,0.12519492817704125,0.11014766388894034,-0.015047264288100909
improved_dataset_1000_20260807_001:S000647,improved_dataset_1000_20260807_001,S000647,val,TOPO-0226,20,B1,0.8022234952867161,1.0104738800172828,0.20825038473056667
improved_dataset_1000_20260807_001:S000648,improved_dataset_1000_20260807_001,S000648,val,TOPO-0214,20,B1,0.033791948258474536,-0.007844882506049144,-0.04163683076452368
improved_dataset_1000_20260807_001:S000661,improved_dataset_1000_20260807_001,S000661,val,TOPO-0203,20,B1,0.2048650734129895,0.24716542128222393,0.04230034786923442
improved_dataset_1000_20260807_001:S000674,improved_dataset_1000_20260807_001,S000674,val,TOPO-0287,21,B6,0.12443725271315509,0.09084980402043753,-0.033587448692717556
improved_dataset_1000_20260807_001:S000675,improved_dataset_1000_20260807_001,S000675,val,TOPO-0287,21,B6,0.42425862343895304,0.16546130470816917,-0.2587973187307839
improved_dataset_1000_20260807_001:S000676,improved_dataset_1000_20260807_001,S000676,val,TOPO-0287,21,B6,0.13422919650626436,0.1138693510722476,-0.020359845434016755
improved_dataset_1000_20260807_001:S000681,improved_dataset_1000_20260807_001,S000681,val,TOPO-0226,21,B1,0.7946394542274731,0.8190135305000666,0.02437407627259358
improved_dataset_1000_20260807_001:S000682,improved_dataset_1000_20260807_001,S000682,val,TOPO-0186,21,B1,0.03366346642009718,0.007710073837447706,-0.025953392582649476
improved_dataset_1000_20260807_001:S000690,improved_dataset_1000_20260807_001,S000690,val,TOPO-0142,21,B1,0.05979509056011442,0.060663470629458704,0.0008683800693442822
improved_dataset_1000_20260807_001:S000697,improved_dataset_1000_20260807_001,S000697,val,TOPO-0262,22,B1,0.06622256035733834,0.05784865704165612,-0.008373903315682218
improved_dataset_1000_20260807_001:S000701,improved_dataset_1000_20260807_001,S000701,val,TOPO-0262,22,B1,0.06618711814727601,0.055504623769026235,-0.01068249437824978
improved_dataset_1000_20260807_001:S000703,improved_dataset_1000_20260807_001,S000703,val,TOPO-0287,22,B6,0.12214933712354642,0.11607322790577704,-0.006076109217769382
improved_dataset_1000_20260807_001:S000704,improved_dataset_1000_20260807_001,S000704,val,TOPO-0162,22,B1,0.04124750747934022,0.04785279042603888,0.006605282946698654
improved_dataset_1000_20260807_001:S000705,improved_dataset_1000_20260807_001,S000705,val,TOPO-0287,22,B6,0.12505163878127823,0.10609036255005597,-0.018961276231222263
improved_dataset_1000_20260807_001:S000706,improved_dataset_1000_20260807_001,S000706,val,TOPO-0287,22,B6,0.13424542256845814,0.12239191165080852,-0.01185351091764962
improved_dataset_1000_20260807_001:S000707,improved_dataset_1000_20260807_001,S000707,val,TOPO-0226,22,B1,0.802347793046163,0.7692291142697173,-0.0331186787764457
improved_dataset_1000_20260807_001:S000709,improved_dataset_1000_20260807_001,S000709,val,TOPO-0214,22,B1,0.048541704124477336,-0.0035687946593830344,-0.05211049878386037
improved_dataset_1000_20260807_001:S000717,improved_dataset_1000_20260807_001,S000717,val,TOPO-0203,22,B1,0.2049774637685411,0.24340024008818084,0.03842277631963975
improved_dataset_1000_20260807_001:S000718,improved_dataset_1000_20260807_001,S000718,val,TOPO-0110,22,B1,0.030400537978840403,0.08801769283803212,0.05761715485919172
improved_dataset_1000_20260807_001:S000719,improved_dataset_1000_20260807_001,S000719,val,TOPO-0142,22,B1,0.0756370134878187,0.05519777770736378,-0.020439235780454923
improved_dataset_1000_20260807_001:S000720,improved_dataset_1000_20260807_001,S000720,val,TOPO-0203,22,B1,0.20471703674596436,0.33237655627777607,0.1276595195318117
improved_dataset_1000_20260807_001:S000721,improved_dataset_1000_20260807_001,S000721,val,TOPO-0142,22,B1,0.07309662445250265,0.06716699881758223,-0.005929625634920416
improved_dataset_1000_20260807_001:S000728,improved_dataset_1000_20260807_001,S000728,val,TOPO-0262,23,B1,0.06320770697637665,0.061070928481793296,-0.0021367784945833523
improved_dataset_1000_20260807_001:S000735,improved_dataset_1000_20260807_001,S000735,val,TOPO-0162,23,B1,0.045328453966717086,0.008701129060019491,-0.036627324906697595
improved_dataset_1000_20260807_001:S000736,improved_dataset_1000_20260807_001,S000736,val,TOPO-0306,23,B1,0.029159703449189667,0.020757930085802262,-0.008401773363387405
improved_dataset_1000_20260807_001:S000743,improved_dataset_1000_20260807_001,S000743,val,TOPO-0186,23,B1,0.04308493043405373,0.040084149845397266,-0.0030007805886564654
improved_dataset_1000_20260807_001:S000746,improved_dataset_1000_20260807_001,S000746,val,TOPO-0311,23,B1,0.09458100232950871,-0.003913930145794636,-0.09849493247530335
improved_dataset_1000_20260807_001:S000752,improved_dataset_1000_20260807_001,S000752,val,TOPO-0314,24,B6,0.0687947177773143,0.06476189840270852,-0.004032819374605784
improved_dataset_1000_20260807_001:S000762,improved_dataset_1000_20260807_001,S000762,val,TOPO-0287,24,B6,0.1250896832843339,0.12283429125460678,-0.0022553920297271185
improved_dataset_1000_20260807_001:S000765,improved_dataset_1000_20260807_001,S000765,val,TOPO-0306,24,B1,0.028957581821635908,-0.010067955077305984,-0.03902553689894189
improved_dataset_1000_20260807_001:S000766,improved_dataset_1000_20260807_001,S000766,val,TOPO-0287,24,B6,0.160957638685432,0.14134320732302103,-0.019614431362410978
improved_dataset_1000_20260807_001:S000768,improved_dataset_1000_20260807_001,S000768,val,TOPO-0214,24,B1,0.03863133559002971,-0.05877124613230203,-0.09740258172233174
improved_dataset_1000_20260807_001:S000780,improved_dataset_1000_20260807_001,S000780,val,TOPO-0203,24,B2,1.379289865285804,1.0441217937530811,-0.335168071532723
improved_dataset_1000_20260807_001:S000786,improved_dataset_1000_20260807_001,S000786,val,TOPO-0261,25,B1,0.04322696460613762,-0.018297568900310063,-0.06152453350644768
improved_dataset_1000_20260807_001:S000792,improved_dataset_1000_20260807_001,S000792,val,TOPO-0287,25,B6,0.12325321960625323,0.09065486676255952,-0.03259835284369371
improved_dataset_1000_20260807_001:S000793,improved_dataset_1000_20260807_001,S000793,val,TOPO-0287,25,B6,0.12335389262734875,0.090875663669242,-0.032478228958106745
improved_dataset_1000_20260807_001:S000795,improved_dataset_1000_20260807_001,S000795,val,TOPO-0162,25,B1,0.04417611780898123,-0.02231726455417296,-0.06649338236315419
improved_dataset_1000_20260807_001:S000796,improved_dataset_1000_20260807_001,S000796,val,TOPO-0330,25,B1,0.021749720073454493,0.07113798566965204,0.04938826559619755
improved_dataset_1000_20260807_001:S000802,improved_dataset_1000_20260807_001,S000802,val,TOPO-0186,25,B1,0.043531932934816636,0.04840208855411668,0.004870155619300043
improved_dataset_1000_20260807_001:S000803,improved_dataset_1000_20260807_001,S000803,val,TOPO-0108,25,B1,0.10756550549981346,0.08053984574305872,-0.027025659756754736
improved_dataset_1000_20260807_001:S000808,improved_dataset_1000_20260807_001,S000808,val,TOPO-0337,25,B2,1.3567163308429124,1.3633114189241196,0.006595088081207123
improved_dataset_1000_20260807_001:S000813,improved_dataset_1000_20260807_001,S000813,val,TOPO-0314,26,B3,0.17366029566568392,0.1840846808480084,0.01042438518232447
improved_dataset_1000_20260807_001:S000816,improved_dataset_1000_20260807_001,S000816,val,TOPO-0341,26,B1,0.08375516753014309,0.09181589764041431,0.008060730110271225
improved_dataset_1000_20260807_001:S000822,improved_dataset_1000_20260807_001,S000822,val,TOPO-0287,26,B6,0.1345194950460103,0.09833731531723329,-0.036182179728777006
improved_dataset_1000_20260807_001:S000826,improved_dataset_1000_20260807_001,S000826,val,TOPO-0287,26,B6,0.12194399069369502,0.12258602229797101,0.0006420316042759916
improved_dataset_1000_20260807_001:S000828,improved_dataset_1000_20260807_001,S000828,val,TOPO-0226,26,B1,0.792614074283146,0.7898044142559772,-0.002809660027168759
improved_dataset_1000_20260807_001:S000832,improved_dataset_1000_20260807_001,S000832,val,TOPO-0108,26,B1,0.10839067730039764,0.07486111176790855,-0.03352956553248909
improved_dataset_1000_20260807_001:S000834,improved_dataset_1000_20260807_001,S000834,val,TOPO-0311,26,B1,0.08518788800157376,0.02255818617352845,-0.06262970182804531
improved_dataset_1000_20260807_001:S000837,improved_dataset_1000_20260807_001,S000837,val,TOPO-0337,26,B2,1.6339402566454917,1.3683304359077095,-0.26560982073778217
improved_dataset_1000_20260807_001:S000842,improved_dataset_1000_20260807_001,S000842,val,TOPO-0314,27,B6,0.06746772183690741,0.0773692323701071,0.009901510533199681
improved_dataset_1000_20260807_001:S000843,improved_dataset_1000_20260807_001,S000843,val,TOPO-0314,27,B6,0.06651459886161512,0.16941819325525737,0.10290359439364224
improved_dataset_1000_20260807_001:S000844,improved_dataset_1000_20260807_001,S000844,val,TOPO-0261,27,B1,0.060741467983765146,-0.06504064959158892,-0.12578211757535407
improved_dataset_1000_20260807_001:S000845,improved_dataset_1000_20260807_001,S000845,val,TOPO-0314,27,B6,0.08228066749983101,0.07124361835504076,-0.011037049144790256
improved_dataset_1000_20260807_001:S000859,improved_dataset_1000_20260807_001,S000859,val,TOPO-0226,27,B1,0.7966693244028474,0.8344222481824081,0.03775292377956063
improved_dataset_1000_20260807_001:S000865,improved_dataset_1000_20260807_001,S000865,val,TOPO-0311,27,B1,0.09163388000186797,0.051811031144976566,-0.0398228488568914
improved_dataset_1000_20260807_001:S000866,improved_dataset_1000_20260807_001,S000866,val,TOPO-0311,27,B1,0.11210066947284067,0.02805245329319736,-0.08404821617964331
improved_dataset_1000_20260807_001:S000875,improved_dataset_1000_20260807_001,S000875,val,TOPO-0314,28,B2,0.20866718867084771,0.23967471069580695,0.03100752202495924
improved_dataset_1000_20260807_001:S000893,improved_dataset_1000_20260807_001,S000893,val,TOPO-0374,28,B1,0.1110927656787708,0.06965928115026834,-0.04143348452850246
improved_dataset_1000_20260807_001:S000928,improved_dataset_1000_20260807_001,S000928,val,TOPO-0337,29,B2,1.3572972034593096,1.6094273505929706,0.252130147133661
improved_dataset_1000_20260807_001:S000932,improved_dataset_1000_20260807_001,S000932,val,TOPO-0314,30,B6,0.10156904685778159,0.12813898898351336,0.02656994212573177
improved_dataset_1000_20260807_001:S000934,improved_dataset_1000_20260807_001,S000934,val,TOPO-0314,30,B5,0.17524414047580172,0.13964566016796748,-0.035598480307834246
improved_dataset_1000_20260807_001:S000954,improved_dataset_1000_20260807_001,S000954,val,TOPO-0186,30,B1,0.02423440983364239,0.03271143538735502,0.00847702555371263
improved_dataset_1000_20260807_001:S000958,improved_dataset_1000_20260807_001,S000958,val,TOPO-0337,30,B1,1.990700053192464,1.4006969193431609,-0.590003133849303
improved_dataset_1000_20260807_001:S000962,improved_dataset_1000_20260807_001,S000962,val,TOPO-0314,31,B6,0.07642982500965032,0.18827008643765933,0.11184026142800901
improved_dataset_1000_20260807_001:S000963,improved_dataset_1000_20260807_001,S000963,val,TOPO-0314,31,B6,0.32165065973442547,0.10976326949607618,-0.2118873902383493
improved_dataset_1000_20260807_001:S000965,improved_dataset_1000_20260807_001,S000965,val,TOPO-0314,31,B5,0.274612040199667,0.49019768677931286,0.21558564657964585
improved_dataset_1000_20260807_001:S000977,improved_dataset_1000_20260807_001,S000977,val,TOPO-0408,31,B1,0.017444506955404032,-0.04384108502890169,-0.06128559198430572
improved_dataset_1000_20260807_001:S000992,improved_dataset_1000_20260807_001,S000992,val,TOPO-0314,32,B6,0.06906586650215041,0.08739220365313738,0.01832633715098697
improved_dataset_1000_20260807_001:S000993,improved_dataset_1000_20260807_001,S000993,val,TOPO-0261,32,B1,0.06554837257572105,-0.08617369750435214,-0.15172207008007318
improved_dataset_1000_20260807_001:S000994,improved_dataset_1000_20260807_001,S000994,val,TOPO-0314,32,B6,0.06935359846664998,0.14135288172991395,0.07199928326326396
improved_dataset_1000_20260807_001:S000995,improved_dataset_1000_20260807_001,S000995,val,TOPO-0314,32,B6,0.0670040646609871,0.10841462860100698,0.04141056394001988
band_supplement_300_20260808_001:S000014,band_supplement_300_20260808_001,S000014,val,TOPO-0421,1,B4,0.4704890013851899,0.5116283757800915,0.04113937439490156
band_supplement_300_20260808_001:S000020,band_supplement_300_20260808_001,S000020,val,TOPO-0314,1,B4,0.36907951096240965,0.41291342198346837,0.043833911021058714
band_supplement_300_20260808_001:S000027,band_supplement_300_20260808_001,S000027,val,TOPO-0098,1,B7,0.12149482471797295,0.15095325593843067,0.02945843122045773
band_supplement_300_20260808_001:S000041,band_supplement_300_20260808_001,S000041,val,TOPO-0421,2,B4,0.47175959390059985,0.4540260999137794,-0.017733493986820448
band_supplement_300_20260808_001:S000042,band_supplement_300_20260808_001,S000042,val,TOPO-0421,2,B1,0.23574020186846154,0.5451392762385224,0.30939907437006087
band_supplement_300_20260808_001:S000055,band_supplement_300_20260808_001,S000055,val,TOPO-0279,2,B5,0.1073704968064415,0.15354878296999397,0.04617828616355246
band_supplement_300_20260808_001:S000056,band_supplement_300_20260808_001,S000056,val,TOPO-0287,2,B6,0.12337681321583133,0.08289939072294306,-0.04047742249288827
band_supplement_300_20260808_001:S000069,band_supplement_300_20260808_001,S000069,val,TOPO-0421,3,B4,0.4691928961933747,0.5280034320041032,0.05881053581072848
band_supplement_300_20260808_001:S000072,band_supplement_300_20260808_001,S000072,val,TOPO-0421,3,B4,0.4693063357577434,0.5118307219191977,0.042524386161454264
band_supplement_300_20260808_001:S000073,band_supplement_300_20260808_001,S000073,val,TOPO-0421,3,B3,0.46623822211351795,0.41549048804238475,-0.0507477340711332
band_supplement_300_20260808_001:S000082,band_supplement_300_20260808_001,S000082,val,TOPO-0314,3,B5,0.23765047627065053,0.32254180731619386,0.08489133104554333
band_supplement_300_20260808_001:S000084,band_supplement_300_20260808_001,S000084,val,TOPO-0314,3,B6,0.1040243460147505,0.24957497621039804,0.14555063019564754
band_supplement_300_20260808_001:S000092,band_supplement_300_20260808_001,S000092,val,TOPO-0046,4,B2,0.31936775483446284,0.37275561209551583,0.053387857261052996
band_supplement_300_20260808_001:S000099,band_supplement_300_20260808_001,S000099,val,TOPO-0421,4,B3,0.5214880455239864,0.647531280239814,0.12604323471582757
band_supplement_300_20260808_001:S000103,band_supplement_300_20260808_001,S000103,val,TOPO-0448,4,B2,0.17423195055209573,0.18358123410196628,0.009349283549870552
band_supplement_300_20260808_001:S000129,band_supplement_300_20260808_001,S000129,val,TOPO-0421,5,B4,0.47111030649115426,0.47804093729244446,0.006930630801290194
band_supplement_300_20260808_001:S000132,band_supplement_300_20260808_001,S000132,val,TOPO-0421,5,B4,0.4647057878976246,0.4916661352027816,0.02696034730515695
band_supplement_300_20260808_001:S000140,band_supplement_300_20260808_001,S000140,val,TOPO-0463,5,B4,0.1398123293803884,0.2190374901682774,0.07922516078788899
band_supplement_300_20260808_001:S000152,band_supplement_300_20260808_001,S000152,val,TOPO-0337,6,B2,1.3604508151847046,1.619172621495864,0.2587218063111594
band_supplement_300_20260808_001:S000155,band_supplement_300_20260808_001,S000155,val,TOPO-0337,6,B2,1.6356468710057397,1.8198836633762498,0.18423679237051016
band_supplement_300_20260808_001:S000175,band_supplement_300_20260808_001,S000175,val,TOPO-0279,6,B5,0.12346758731848156,0.11189176147336308,-0.011575825845118487
band_supplement_300_20260808_001:S000183,band_supplement_300_20260808_001,S000183,val,TOPO-0046,7,B2,0.3367175687833585,0.36719783882173873,0.03048027003838022
band_supplement_300_20260808_001:S000191,band_supplement_300_20260808_001,S000191,val,TOPO-0421,7,B4,0.47029581939944864,0.47996487883538386,0.009669059435935212
band_supplement_300_20260808_001:S000194,band_supplement_300_20260808_001,S000194,val,TOPO-0421,7,B4,0.4705153100570991,0.4952912211881476,0.02477591113104849
band_supplement_300_20260808_001:S000203,band_supplement_300_20260808_001,S000203,val,TOPO-0279,7,B6,0.12616551202806536,0.11088627628101644,-0.015279235747048925
band_supplement_300_20260808_001:S000204,band_supplement_300_20260808_001,S000204,val,TOPO-0279,7,B6,0.12638057368509192,0.1103824621524341,-0.01599811153265783
band_supplement_300_20260808_001:S000205,band_supplement_300_20260808_001,S000205,val,TOPO-0279,7,B6,0.12411150686081154,0.11339282530234841,-0.01071868155846313
band_supplement_300_20260808_001:S000223,band_supplement_300_20260808_001,S000223,val,TOPO-0421,8,B4,0.47139229300092733,0.5557774295851797,0.0843851365842524
band_supplement_300_20260808_001:S000233,band_supplement_300_20260808_001,S000233,val,TOPO-0279,8,B4,0.18469361230591608,0.12289672587630596,-0.06179688642961012
band_supplement_300_20260808_001:S000235,band_supplement_300_20260808_001,S000235,val,TOPO-0279,8,B4,0.6905673690493951,0.3245139372023277,-0.3660534318470674
band_supplement_300_20260808_001:S000239,band_supplement_300_20260808_001,S000239,val,TOPO-0498,8,B5,0.10326105776205514,0.13290643567014074,0.029645377908085593
band_supplement_300_20260808_001:S000240,band_supplement_300_20260808_001,S000240,val,TOPO-0498,8,B7,0.1203199251492242,0.1334569635092213,0.013137038359997091
band_supplement_300_20260808_001:S000253,band_supplement_300_20260808_001,S000253,val,TOPO-0421,9,B4,0.46977454439513444,0.5277469581707355,0.05797241377560103
band_supplement_300_20260808_001:S000263,band_supplement_300_20260808_001,S000263,val,TOPO-0279,9,B6,0.12171333568884951,0.17454185303239156,0.05282851734354205
band_supplement_300_20260808_001:S000264,band_supplement_300_20260808_001,S000264,val,TOPO-0279,9,B5,0.12303186142068982,0.10049350385602585,-0.022538357564663977
band_supplement_300_20260808_001:S000265,band_supplement_300_20260808_001,S000265,val,TOPO-0279,9,B5,0.12322103281370024,0.11483983287256609,-0.008381199941134149
band_supplement_300_20260808_001:S000279,band_supplement_300_20260808_001,S000279,val,TOPO-0421,10,B4,0.4711722512694664,0.6291819510648505,0.15800969979538415
band_supplement_300_20260808_001:S000293,band_supplement_300_20260808_001,S000293,val,TOPO-0279,10,B5,0.12384074592865682,0.12675175251157814,0.002911006582921316
band_supplement_300_20260808_001:S000295,band_supplement_300_20260808_001,S000295,val,TOPO-0279,10,B5,0.34234681837135283,0.1773114913240832,-0.16503532704726964
improved_dataset_1000_20260807_001:S000014,improved_dataset_1000_20260807_001,S000014,test,TOPO-0012,0,B2,0.2775869152167015,0.35105274365777434,0.07346582844107286
improved_dataset_1000_20260807_001:S000033,improved_dataset_1000_20260807_001,S000033,test,TOPO-0031,0,B1,0.05910199278274547,0.0894661597333402,0.030364166950594726
improved_dataset_1000_20260807_001:S000037,improved_dataset_1000_20260807_001,S000037,test,TOPO-0035,0,B1,0.3410260271138478,0.2036256765226542,-0.13740035059119357
improved_dataset_1000_20260807_001:S000058,improved_dataset_1000_20260807_001,S000058,test,TOPO-0056,0,B1,0.048892095222228454,-0.06401497876967041,-0.11290707399189887
improved_dataset_1000_20260807_001:S000059,improved_dataset_1000_20260807_001,S000059,test,TOPO-0057,0,B1,0.0968114939870642,0.03136640708726482,-0.06544508689979939
improved_dataset_1000_20260807_001:S000072,improved_dataset_1000_20260807_001,S000072,test,TOPO-0065,1,B1,0.05431968241084434,0.020820854550888418,-0.03349882785995592
improved_dataset_1000_20260807_001:S000088,improved_dataset_1000_20260807_001,S000088,test,TOPO-0056,1,B1,0.05948557076996466,0.032954275246451725,-0.026531295523512938
improved_dataset_1000_20260807_001:S000089,improved_dataset_1000_20260807_001,S000089,test,TOPO-0057,1,B1,0.09350033638233077,0.02728768530527051,-0.06621265107706026
improved_dataset_1000_20260807_001:S000090,improved_dataset_1000_20260807_001,S000090,test,TOPO-0056,1,B1,0.04587026157300228,-0.07942139010606472,-0.125291651679067
improved_dataset_1000_20260807_001:S000098,improved_dataset_1000_20260807_001,S000098,test,TOPO-0069,2,B1,0.11382021365749088,0.10324825039849966,-0.010571963258991221
improved_dataset_1000_20260807_001:S000104,improved_dataset_1000_20260807_001,S000104,test,TOPO-0071,2,B3,0.2887780099016273,0.25908105046438534,-0.029696959437241932
improved_dataset_1000_20260807_001:S000105,improved_dataset_1000_20260807_001,S000105,test,TOPO-0071,2,B3,0.2654785122516213,0.24840445206565281,-0.017074060185968465
improved_dataset_1000_20260807_001:S000106,improved_dataset_1000_20260807_001,S000106,test,TOPO-0065,2,B1,0.05053870376757105,0.03001507205356721,-0.020523631714003843
improved_dataset_1000_20260807_001:S000107,improved_dataset_1000_20260807_001,S000107,test,TOPO-0031,2,B1,0.0648828999243638,0.07206357536456767,0.007180675440203871
improved_dataset_1000_20260807_001:S000119,improved_dataset_1000_20260807_001,S000119,test,TOPO-0056,2,B1,0.046007652437980384,-0.058474094887673606,-0.10448174732565399
improved_dataset_1000_20260807_001:S000121,improved_dataset_1000_20260807_001,S000121,test,TOPO-0075,2,B1,0.33744759871109187,0.03274256085256955,-0.3047050378585223
improved_dataset_1000_20260807_001:S000126,improved_dataset_1000_20260807_001,S000126,test,TOPO-0078,3,B6,0.12564350225867074,0.08656211300854225,-0.039081389250128495
improved_dataset_1000_20260807_001:S000129,improved_dataset_1000_20260807_001,S000129,test,TOPO-0012,3,B2,0.24901516685964123,0.31243467481623766,0.06341950795659643
improved_dataset_1000_20260807_001:S000131,improved_dataset_1000_20260807_001,S000131,test,TOPO-0012,3,B3,0.26077693419293724,0.21864832618055924,-0.042128608012378
improved_dataset_1000_20260807_001:S000132,improved_dataset_1000_20260807_001,S000132,test,TOPO-0071,3,B2,0.24787517883728558,0.2202310611892534,-0.02764411764803218
improved_dataset_1000_20260807_001:S000157,improved_dataset_1000_20260807_001,S000157,test,TOPO-0086,4,B3,0.16113240562134395,0.3313287506578082,0.17019634503646425
improved_dataset_1000_20260807_001:S000160,improved_dataset_1000_20260807_001,S000160,test,TOPO-0012,4,B2,0.27269128263874304,0.3388585925872957,0.06616730994855269
improved_dataset_1000_20260807_001:S000162,improved_dataset_1000_20260807_001,S000162,test,TOPO-0065,4,B1,0.05881735295462623,0.028300763070115392,-0.030516589884510836
improved_dataset_1000_20260807_001:S000163,improved_dataset_1000_20260807_001,S000163,test,TOPO-0090,4,B1,0.03266067536637893,0.0744524803324593,0.04179180496608037
improved_dataset_1000_20260807_001:S000166,improved_dataset_1000_20260807_001,S000166,test,TOPO-0071,4,B3,0.2820986024249005,0.27914956664652935,-0.002949035778371134
improved_dataset_1000_20260807_001:S000167,improved_dataset_1000_20260807_001,S000167,test,TOPO-0035,4,B1,0.33674322433075177,0.04407721026509295,-0.29266601406565884
improved_dataset_1000_20260807_001:S000180,improved_dataset_1000_20260807_001,S000180,test,TOPO-0097,4,B1,0.03143620976990988,0.14406611914787623,0.11262990937796635
improved_dataset_1000_20260807_001:S000181,improved_dataset_1000_20260807_001,S000181,test,TOPO-0056,4,B1,0.043806714664772844,-0.0865696542421632,-0.13037636890693605
improved_dataset_1000_20260807_001:S000192,improved_dataset_1000_20260807_001,S000192,test,TOPO-0065,5,B1,0.046160452959507325,0.027660068330083026,-0.0185003846294243
improved_dataset_1000_20260807_001:S000195,improved_dataset_1000_20260807_001,S000195,test,TOPO-0065,5,B1,0.04657974869369402,0.011078155325776773,-0.03550159336791725
improved_dataset_1000_20260807_001:S000198,improved_dataset_1000_20260807_001,S000198,test,TOPO-0031,5,B1,0.05938472426266961,0.09260657630249845,0.033221852039828845
improved_dataset_1000_20260807_001:S000216,improved_dataset_1000_20260807_001,S000216,test,TOPO-0078,6,B6,0.12301786006387858,0.08248258502597353,-0.04053527503790505
improved_dataset_1000_20260807_001:S000220,improved_dataset_1000_20260807_001,S000220,test,TOPO-0086,6,B3,0.1624414355350262,0.5280345370591766,0.36559310152415037
improved_dataset_1000_20260807_001:S000221,improved_dataset_1000_20260807_001,S000221,test,TOPO-0086,6,B1,0.22648905793091947,0.30500539365206947,0.07851633572115
improved_dataset_1000_20260807_001:S000229,improved_dataset_1000_20260807_001,S000229,test,TOPO-0031,6,B1,0.06097757249629082,0.06949207106910765,0.008514498572816831
improved_dataset_1000_20260807_001:S000230,improved_dataset_1000_20260807_001,S000230,test,TOPO-0117,6,B1,0.3008536239749913,0.011843903000477607,-0.2890097209745137
improved_dataset_1000_20260807_001:S000242,improved_dataset_1000_20260807_001,S000242,test,TOPO-0078,7,B6,0.16546560104287583,0.13483024964969806,-0.030635351393177773
improved_dataset_1000_20260807_001:S000248,improved_dataset_1000_20260807_001,S000248,test,TOPO-0086,7,B2,0.18716464513042416,0.3452364453314465,0.15807180020102232
improved_dataset_1000_20260807_001:S000250,improved_dataset_1000_20260807_001,S000250,test,TOPO-0086,7,B2,0.1646150033089861,0.4823368637962835,0.3177218604872974
improved_dataset_1000_20260807_001:S000251,improved_dataset_1000_20260807_001,S000251,test,TOPO-0086,7,B3,0.17371521425291409,0.5796827869668542,0.4059675727139401
improved_dataset_1000_20260807_001:S000257,improved_dataset_1000_20260807_001,S000257,test,TOPO-0127,7,B1,0.04811079501999094,0.4241285904298503,0.37601779540985936
improved_dataset_1000_20260807_001:S000259,improved_dataset_1000_20260807_001,S000259,test,TOPO-0129,7,B1,0.0281732813286531,-0.02635143099809298,-0.05452471232674608
improved_dataset_1000_20260807_001:S000271,improved_dataset_1000_20260807_001,S000271,test,TOPO-0097,7,B1,0.04965241379939023,0.1807970612385265,0.13114464743913629
improved_dataset_1000_20260807_001:S000275,improved_dataset_1000_20260807_001,S000275,test,TOPO-0078,8,B6,0.11793388780616054,0.0990824181341869,-0.01885146967197364
improved_dataset_1000_20260807_001:S000276,improved_dataset_1000_20260807_001,S000276,test,TOPO-0078,8,B6,0.12368444506792707,0.09890644189741335,-0.02477800317051372
improved_dataset_1000_20260807_001:S000278,improved_dataset_1000_20260807_001,S000278,test,TOPO-0086,8,B3,0.16686222107719295,0.6063615355549195,0.4394993144777265
improved_dataset_1000_20260807_001:S000280,improved_dataset_1000_20260807_001,S000280,test,TOPO-0086,8,B1,1.2362064486670068,0.7891130819558156,-0.44709336671119115
improved_dataset_1000_20260807_001:S000281,improved_dataset_1000_20260807_001,S000281,test,TOPO-0069,8,B1,0.10878387866915694,0.1133358197781883,0.004551941109031357
improved_dataset_1000_20260807_001:S000287,improved_dataset_1000_20260807_001,S000287,test,TOPO-0138,8,B1,0.04267172712699263,0.048277403001988434,0.0056056758749958024
improved_dataset_1000_20260807_001:S000290,improved_dataset_1000_20260807_001,S000290,test,TOPO-0127,8,B1,0.8784303087326097,0.8055031600436947,-0.07292714868891503
improved_dataset_1000_20260807_001:S000291,improved_dataset_1000_20260807_001,S000291,test,TOPO-0140,8,B1,1.3586138208429548,0.9316605282686893,-0.4269532925742655
improved_dataset_1000_20260807_001:S000299,improved_dataset_1000_20260807_001,S000299,test,TOPO-0143,8,B1,0.2322076171939384,0.22633583645023184,-0.005871780743706562
improved_dataset_1000_20260807_001:S000307,improved_dataset_1000_20260807_001,S000307,test,TOPO-0069,9,B1,0.09740552093941587,0.10892436167051536,0.011518840731099489
improved_dataset_1000_20260807_001:S000309,improved_dataset_1000_20260807_001,S000309,test,TOPO-0086,9,B3,0.1510815795982143,0.5825278789990146,0.43144629940080026
improved_dataset_1000_20260807_001:S000310,improved_dataset_1000_20260807_001,S000310,test,TOPO-0086,9,B3,0.1663995639981877,0.5101753574233128,0.3437757934251251
improved_dataset_1000_20260807_001:S000311,improved_dataset_1000_20260807_001,S000311,test,TOPO-0147,9,B1,0.09398684271123972,0.10003948026671619,0.00605263755547647
improved_dataset_1000_20260807_001:S000313,improved_dataset_1000_20260807_001,S000313,test,TOPO-0090,9,B1,0.0395507716273964,0.06574165661216799,0.026190884984771595
improved_dataset_1000_20260807_001:S000319,improved_dataset_1000_20260807_001,S000319,test,TOPO-0127,9,B1,1.1242382921921776,0.8537283231327134,-0.27050996905946423
improved_dataset_1000_20260807_001:S000321,improved_dataset_1000_20260807_001,S000321,test,TOPO-0127,9,B1,1.3313977956999339,0.8163470680230259,-0.515050727676908
improved_dataset_1000_20260807_001:S000329,improved_dataset_1000_20260807_001,S000329,test,TOPO-0097,9,B1,0.040479657560103605,0.15579817441823055,0.11531851685812694
improved_dataset_1000_20260807_001:S000330,improved_dataset_1000_20260807_001,S000330,test,TOPO-0056,9,B1,0.0403919143634103,-0.07008901635811568,-0.11048093072152598
improved_dataset_1000_20260807_001:S000331,improved_dataset_1000_20260807_001,S000331,test,TOPO-0143,9,B1,0.2246987926072736,0.16356229925514842,-0.061136493352125176
improved_dataset_1000_20260807_001:S000336,improved_dataset_1000_20260807_001,S000336,test,TOPO-0078,10,B6,0.25901729938858364,0.33792452247874294,0.0789072230901593
improved_dataset_1000_20260807_001:S000341,improved_dataset_1000_20260807_001,S000341,test,TOPO-0086,10,B2,0.13569311898093878,0.5742327894432838,0.43853967046234504
improved_dataset_1000_20260807_001:S000347,improved_dataset_1000_20260807_001,S000347,test,TOPO-0127,10,B1,0.8806291340562109,0.9293700205911578,0.0487408865349469
improved_dataset_1000_20260807_001:S000348,improved_dataset_1000_20260807_001,S000348,test,TOPO-0127,10,B1,0.8915886042545877,0.6656626291075701,-0.22592597514701762
improved_dataset_1000_20260807_001:S000351,improved_dataset_1000_20260807_001,S000351,test,TOPO-0127,10,B1,0.07003703204219655,0.4358611151334504,0.3658240830912538
improved_dataset_1000_20260807_001:S000355,improved_dataset_1000_20260807_001,S000355,test,TOPO-0167,10,B1,0.0686016378422786,0.06395980026666534,-0.004641837575613261
improved_dataset_1000_20260807_001:S000358,improved_dataset_1000_20260807_001,S000358,test,TOPO-0056,10,B1,0.04638770967585565,-0.06411109012422464,-0.11049879980008029
improved_dataset_1000_20260807_001:S000360,improved_dataset_1000_20260807_001,S000360,test,TOPO-0143,10,B1,0.22409046133507837,0.21469009582614634,-0.00940036550893203
improved_dataset_1000_20260807_001:S000361,improved_dataset_1000_20260807_001,S000361,test,TOPO-0143,10,B1,0.2244159986212923,0.20111290240827934,-0.023303096213012964
improved_dataset_1000_20260807_001:S000378,improved_dataset_1000_20260807_001,S000378,test,TOPO-0127,11,B1,0.03200120329651224,0.20632217252235932,0.17432096922584708
improved_dataset_1000_20260807_001:S000380,improved_dataset_1000_20260807_001,S000380,test,TOPO-0127,11,B1,0.8841160433861655,0.8270210411673563,-0.05709500221880914
improved_dataset_1000_20260807_001:S000388,improved_dataset_1000_20260807_001,S000388,test,TOPO-0143,11,B1,0.20103238695281167,0.2033939959082172,0.0023616089554055197
improved_dataset_1000_20260807_001:S000391,improved_dataset_1000_20260807_001,S000391,test,TOPO-0056,11,B1,0.04601707171810923,-0.02253881663607704,-0.06855588835418627
improved_dataset_1000_20260807_001:S000395,improved_dataset_1000_20260807_001,S000395,test,TOPO-0078,12,B6,0.12029128972122682,0.06896467302245621,-0.051326616698770616
improved_dataset_1000_20260807_001:S000397,improved_dataset_1000_20260807_001,S000397,test,TOPO-0069,12,B1,0.11259536026834047,0.059228698938845026,-0.05336666132949544
improved_dataset_1000_20260807_001:S000407,improved_dataset_1000_20260807_001,S000407,test,TOPO-0129,12,B1,0.011577509838523459,-0.01704085528086463,-0.02861836511938809
improved_dataset_1000_20260807_001:S000408,improved_dataset_1000_20260807_001,S000408,test,TOPO-0127,12,B1,0.9075067590593912,0.6890037889581461,-0.2185029701012451
improved_dataset_1000_20260807_001:S000409,improved_dataset_1000_20260807_001,S000409,test,TOPO-0127,12,B1,0.9020014908736563,0.7914600440836969,-0.11054144678995947
improved_dataset_1000_20260807_001:S000410,improved_dataset_1000_20260807_001,S000410,test,TOPO-0127,12,B1,0.8821995311345954,0.7801828696285794,-0.10201666150601596
improved_dataset_1000_20260807_001:S000422,improved_dataset_1000_20260807_001,S000422,test,TOPO-0078,13,B6,0.12155139142409889,0.10377235220735954,-0.017779039216739345
improved_dataset_1000_20260807_001:S000427,improved_dataset_1000_20260807_001,S000427,test,TOPO-0147,13,B1,0.1122654711573487,0.09351239877573522,-0.018753072381613473
improved_dataset_1000_20260807_001:S000429,improved_dataset_1000_20260807_001,S000429,test,TOPO-0086,13,B4,0.15201644570227094,0.27335938309577,0.12134293739349908
improved_dataset_1000_20260807_001:S000430,improved_dataset_1000_20260807_001,S000430,test,TOPO-0069,13,B1,0.1133131237012581,0.06153169762274455,-0.05178142607851355
improved_dataset_1000_20260807_001:S000434,improved_dataset_1000_20260807_001,S000434,test,TOPO-0198,13,B4,0.19717471465299624,0.17008445169704786,-0.02709026295594838
improved_dataset_1000_20260807_001:S000437,improved_dataset_1000_20260807_001,S000437,test,TOPO-0127,13,B1,0.8841667829970005,0.7874132437624208,-0.09675353923457963
improved_dataset_1000_20260807_001:S000439,improved_dataset_1000_20260807_001,S000439,test,TOPO-0140,13,B1,1.5099707739084556,1.2425871486258444,-0.26738362528261117
improved_dataset_1000_20260807_001:S000440,improved_dataset_1000_20260807_001,S000440,test,TOPO-0127,13,B1,0.8714686953370927,0.9342182455138198,0.06274955017672712
improved_dataset_1000_20260807_001:S000443,improved_dataset_1000_20260807_001,S000443,test,TOPO-0167,13,B1,0.07238458606417039,0.09978053680627241,0.02739595074210202
improved_dataset_1000_20260807_001:S000444,improved_dataset_1000_20260807_001,S000444,test,TOPO-0202,13,B1,0.05833586752043385,0.060020479748549876,0.001684612228116028
improved_dataset_1000_20260807_001:S000450,improved_dataset_1000_20260807_001,S000450,test,TOPO-0143,13,B1,0.20640800035487147,0.2133420570302403,0.006934056675368838
improved_dataset_1000_20260807_001:S000452,improved_dataset_1000_20260807_001,S000452,test,TOPO-0078,14,B6,0.12176013614244749,0.08406636095186501,-0.03769377519058248
improved_dataset_1000_20260807_001:S000462,improved_dataset_1000_20260807_001,S000462,test,TOPO-0198,14,B4,0.21154921285337255,0.2123632785075548,0.0008140656541822389
improved_dataset_1000_20260807_001:S000465,improved_dataset_1000_20260807_001,S000465,test,TOPO-0198,14,B4,0.20413735429592159,0.14051635678832938,-0.0636209975075922
improved_dataset_1000_20260807_001:S000467,improved_dataset_1000_20260807_001,S000467,test,TOPO-0127,14,B1,0.8733421830111728,0.8139146690443985,-0.05942751396677437
improved_dataset_1000_20260807_001:S000493,improved_dataset_1000_20260807_001,S000493,test,TOPO-0198,15,B5,0.14923272186193592,0.18860947646934445,0.039376754607408526
improved_dataset_1000_20260807_001:S000498,improved_dataset_1000_20260807_001,S000498,test,TOPO-0127,15,B1,0.8747804040156365,0.7818882593803599,-0.09289214463527662
improved_dataset_1000_20260807_001:S000514,improved_dataset_1000_20260807_001,S000514,test,TOPO-0078,16,B6,0.07871950607646624,0.07412907144127448,-0.004590434635191765
improved_dataset_1000_20260807_001:S000520,improved_dataset_1000_20260807_001,S000520,test,TOPO-0235,16,B6,0.12063724161328342,0.06747971279481793,-0.053157528818465485
improved_dataset_1000_20260807_001:S000523,improved_dataset_1000_20260807_001,S000523,test,TOPO-0198,16,B4,0.17001924129615578,0.15097619693705436,-0.019043044359101424
improved_dataset_1000_20260807_001:S000525,improved_dataset_1000_20260807_001,S000525,test,TOPO-0237,16,B1,0.028772216919945165,-0.020432939095155866,-0.04920515601510103
improved_dataset_1000_20260807_001:S000527,improved_dataset_1000_20260807_001,S000527,test,TOPO-0129,16,B1,0.011910011447579139,-0.02584813732810931,-0.03775814877568845
improved_dataset_1000_20260807_001:S000529,improved_dataset_1000_20260807_001,S000529,test,TOPO-0140,16,B1,1.506463821819917,1.435376443251945,-0.07108737856797198
improved_dataset_1000_20260807_001:S000543,improved_dataset_1000_20260807_001,S000543,test,TOPO-0245,17,B1,0.054876205728880134,0.04308082799568774,-0.011795377733192391
improved_dataset_1000_20260807_001:S000553,improved_dataset_1000_20260807_001,S000553,test,TOPO-0198,17,B4,0.1998943812654127,0.2329752706655667,0.033080889400153995
improved_dataset_1000_20260807_001:S000555,improved_dataset_1000_20260807_001,S000555,test,TOPO-0198,17,B4,0.1448230955644289,0.18050749746386105,0.035684401899432144
improved_dataset_1000_20260807_001:S000558,improved_dataset_1000_20260807_001,S000558,test,TOPO-0140,17,B1,1.3666938691518,1.4297816153669565,0.06308774621515645
improved_dataset_1000_20260807_001:S000559,improved_dataset_1000_20260807_001,S000559,test,TOPO-0256,17,B1,0.0730094119194786,0.07018225019629584,-0.0028271617231827584
improved_dataset_1000_20260807_001:S000560,improved_dataset_1000_20260807_001,S000560,test,TOPO-0031,17,B1,0.043791274393012336,0.07493547611709486,0.031144201724082526
improved_dataset_1000_20260807_001:S000565,improved_dataset_1000_20260807_001,S000565,test,TOPO-0167,17,B1,0.08335582270890537,0.08363434969975791,0.00027852699085254007
improved_dataset_1000_20260807_001:S000566,improved_dataset_1000_20260807_001,S000566,test,TOPO-0167,17,B1,0.07329586825015791,0.06423927632908014,-0.009056591921077772
improved_dataset_1000_20260807_001:S000572,improved_dataset_1000_20260807_001,S000572,test,TOPO-0078,18,B6,0.08164615703255931,0.07147743693176054,-0.010168720100798778
improved_dataset_1000_20260807_001:S000573,improved_dataset_1000_20260807_001,S000573,test,TOPO-0078,18,B6,0.0789975126087201,0.08373791075582251,0.00474039814710242
improved_dataset_1000_20260807_001:S000587,improved_dataset_1000_20260807_001,S000587,test,TOPO-0256,18,B1,0.07525924218574936,0.06414167503422383,-0.011117567151525537
improved_dataset_1000_20260807_001:S000588,improved_dataset_1000_20260807_001,S000588,test,TOPO-0129,18,B1,0.02086261369962869,0.008515519236635266,-0.012347094462993424
improved_dataset_1000_20260807_001:S000593,improved_dataset_1000_20260807_001,S000593,test,TOPO-0202,18,B1,0.057824909842458,0.06203674656486491,0.004211836722406909
improved_dataset_1000_20260807_001:S000607,improved_dataset_1000_20260807_001,S000607,test,TOPO-0235,19,B6,0.12921205215312248,0.05763936124949717,-0.07157269090362531
improved_dataset_1000_20260807_001:S000611,improved_dataset_1000_20260807_001,S000611,test,TOPO-0235,19,B6,0.11609031119389807,0.09945800555115594,-0.016632305642742123
improved_dataset_1000_20260807_001:S000616,improved_dataset_1000_20260807_001,S000616,test,TOPO-0090,19,B1,0.011987794495403797,0.07480531044207475,0.06281751594667095
improved_dataset_1000_20260807_001:S000625,improved_dataset_1000_20260807_001,S000625,test,TOPO-0202,19,B1,0.06303327170525799,0.072235734904951,0.009202463199693006
improved_dataset_1000_20260807_001:S000642,improved_dataset_1000_20260807_001,S000642,test,TOPO-0090,20,B1,0.010933508655628976,0.03588037512873446,0.024946866473105483
improved_dataset_1000_20260807_001:S000643,improved_dataset_1000_20260807_001,S000643,test,TOPO-0090,20,B1,0.016520621507272265,0.1490407695871973,0.13252014807992504
improved_dataset_1000_20260807_001:S000650,improved_dataset_1000_20260807_001,S000650,test,TOPO-0129,20,B1,0.010356289454493156,-0.04098407347432467,-0.05134036292881783
improved_dataset_1000_20260807_001:S000651,improved_dataset_1000_20260807_001,S000651,test,TOPO-0129,20,B1,0.02349960393288597,-0.007865394697879058,-0.03136499863076503
improved_dataset_1000_20260807_001:S000667,improved_dataset_1000_20260807_001,S000667,test,TOPO-0235,21,B6,0.12062701613258014,0.05169838757611164,-0.0689286285564685
improved_dataset_1000_20260807_001:S000669,improved_dataset_1000_20260807_001,S000669,test,TOPO-0235,21,B6,0.11716311923674315,0.07846222604252409,-0.03870089319421906
improved_dataset_1000_20260807_001:S000671,improved_dataset_1000_20260807_001,S000671,test,TOPO-0235,21,B6,0.1191450664007577,0.1394545191963386,0.020309452795580912
improved_dataset_1000_20260807_001:S000678,improved_dataset_1000_20260807_001,S000678,test,TOPO-0140,21,B1,1.5016966659778006,1.420459977353239,-0.08123668862456168
improved_dataset_1000_20260807_001:S000680,improved_dataset_1000_20260807_001,S000680,test,TOPO-0140,21,B1,1.5113038826861294,1.5911152086951357,0.07981132600900631
improved_dataset_1000_20260807_001:S000684,improved_dataset_1000_20260807_001,S000684,test,TOPO-0167,21,B1,0.07212400979243666,0.08763334947052076,0.0155093396780841
improved_dataset_1000_20260807_001:S000698,improved_dataset_1000_20260807_001,S000698,test,TOPO-0235,22,B6,0.11624170341568742,0.0971254733930496,-0.01911623002263782
improved_dataset_1000_20260807_001:S000729,improved_dataset_1000_20260807_001,S000729,test,TOPO-0235,23,B5,0.12127773225190451,0.12810612865630328,0.006828396404398765
improved_dataset_1000_20260807_001:S000732,improved_dataset_1000_20260807_001,S000732,test,TOPO-0090,23,B1,0.01734425234220155,0.0536145324451415,0.03627028010293995
improved_dataset_1000_20260807_001:S000737,improved_dataset_1000_20260807_001,S000737,test,TOPO-0307,23,B1,0.03584606568150453,0.01776704841559107,-0.01807901726591346
improved_dataset_1000_20260807_001:S000739,improved_dataset_1000_20260807_001,S000739,test,TOPO-0031,23,B1,0.050314294265909554,0.005524106902754844,-0.04479018736315471
improved_dataset_1000_20260807_001:S000769,improved_dataset_1000_20260807_001,S000769,test,TOPO-0129,24,B1,0.029055285167197853,-0.01996228124082991,-0.04901756640802776
improved_dataset_1000_20260807_001:S000784,improved_dataset_1000_20260807_001,S000784,test,TOPO-0327,25,B1,0.07557558916810517,0.15507133867758316,0.07949574950947799
improved_dataset_1000_20260807_001:S000787,improved_dataset_1000_20260807_001,S000787,test,TOPO-0147,25,B1,0.10050539276323074,0.09958434432471526,-0.0009210484385154816
improved_dataset_1000_20260807_001:S000788,improved_dataset_1000_20260807_001,S000788,test,TOPO-0235,25,B6,0.1164432841745014,0.0885199660009596,-0.027923318173541795
improved_dataset_1000_20260807_001:S000789,improved_dataset_1000_20260807_001,S000789,test,TOPO-0235,25,B6,0.12304812830316589,0.10762108231409488,-0.015427045989071006
improved_dataset_1000_20260807_001:S000790,improved_dataset_1000_20260807_001,S000790,test,TOPO-0235,25,B6,0.13111299146701477,0.090020958394451,-0.041092033072563774
improved_dataset_1000_20260807_001:S000800,improved_dataset_1000_20260807_001,S000800,test,TOPO-0140,25,B1,1.4966694032971963,1.3689485366215173,-0.12772086667567906
improved_dataset_1000_20260807_001:S000814,improved_dataset_1000_20260807_001,S000814,test,TOPO-0245,26,B1,0.06189355921980749,0.03838843450050963,-0.02350512471929786
improved_dataset_1000_20260807_001:S000846,improved_dataset_1000_20260807_001,S000846,test,TOPO-0354,27,B1,0.0854963056441028,0.03197101669778943,-0.053525288946313365
improved_dataset_1000_20260807_001:S000847,improved_dataset_1000_20260807_001,S000847,test,TOPO-0235,27,B6,0.11776524901512116,0.09376406602086818,-0.02400118299425298
improved_dataset_1000_20260807_001:S000850,improved_dataset_1000_20260807_001,S000850,test,TOPO-0235,27,B6,0.11613058040233627,0.0865533672630705,-0.02957721313926577
improved_dataset_1000_20260807_001:S000856,improved_dataset_1000_20260807_001,S000856,test,TOPO-0090,27,B1,0.019193941791730756,0.048781982510862965,0.029588040719132208
improved_dataset_1000_20260807_001:S000857,improved_dataset_1000_20260807_001,S000857,test,TOPO-0256,27,B1,0.07980051899604329,0.1315864608182806,0.05178594182223731
improved_dataset_1000_20260807_001:S000858,improved_dataset_1000_20260807_001,S000858,test,TOPO-0140,27,B1,1.3585200158343476,1.2359202168478798,-0.12259979898646778
improved_dataset_1000_20260807_001:S000860,improved_dataset_1000_20260807_001,S000860,test,TOPO-0256,27,B1,0.07699404295088996,0.1245696022732755,0.04757555932238554
improved_dataset_1000_20260807_001:S000872,improved_dataset_1000_20260807_001,S000872,test,TOPO-0245,28,B1,0.05356816060450714,0.036580545020002964,-0.01698761558450418
improved_dataset_1000_20260807_001:S000873,improved_dataset_1000_20260807_001,S000873,test,TOPO-0245,28,B1,0.053777099219196406,0.031271438700613524,-0.022505660518582882
improved_dataset_1000_20260807_001:S000882,improved_dataset_1000_20260807_001,S000882,test,TOPO-0090,28,B1,0.021202401729065762,0.09353779919636439,0.07233539746729863
improved_dataset_1000_20260807_001:S000904,improved_dataset_1000_20260807_001,S000904,test,TOPO-0354,29,B1,0.07641143547249735,0.050918954901786995,-0.025492480570710352
improved_dataset_1000_20260807_001:S000906,improved_dataset_1000_20260807_001,S000906,test,TOPO-0245,29,B1,0.04864841854734564,0.07465007090868347,0.026001652361337835
improved_dataset_1000_20260807_001:S000910,improved_dataset_1000_20260807_001,S000910,test,TOPO-0147,29,B1,0.09320382805714776,0.08041639500446851,-0.01278743305267925
improved_dataset_1000_20260807_001:S000924,improved_dataset_1000_20260807_001,S000924,test,TOPO-0202,29,B1,0.08984615574079208,0.060218784679713394,-0.029627371061078683
improved_dataset_1000_20260807_001:S000926,improved_dataset_1000_20260807_001,S000926,test,TOPO-0202,29,B1,0.10139451974102785,0.07952348194549283,-0.021871037795535023
improved_dataset_1000_20260807_001:S000933,improved_dataset_1000_20260807_001,S000933,test,TOPO-0245,30,B1,0.05057655437428604,0.054891605180358405,0.0043150508060723625
improved_dataset_1000_20260807_001:S000936,improved_dataset_1000_20260807_001,S000936,test,TOPO-0245,30,B1,0.05470009682618929,0.0620634838497377,0.007363387023548412
improved_dataset_1000_20260807_001:S000940,improved_dataset_1000_20260807_001,S000940,test,TOPO-0235,30,B6,0.1201476533530647,0.1727551441758366,0.0526074908227719
improved_dataset_1000_20260807_001:S000980,improved_dataset_1000_20260807_001,S000980,test,TOPO-0140,31,B1,1.4617496928476619,1.3520184061994898,-0.10973128664817211
improved_dataset_1000_20260807_001:S000981,improved_dataset_1000_20260807_001,S000981,test,TOPO-0409,31,B1,0.33887151220662737,1.0204359882594805,0.6815644760528531
band_supplement_300_20260808_001:S000005,band_supplement_300_20260808_001,S000005,test,TOPO-0086,1,B5,0.11231786398961473,0.33041411100360574,0.218096247013991
band_supplement_300_20260808_001:S000011,band_supplement_300_20260808_001,S000011,test,TOPO-0086,1,B4,0.15137583260280307,0.26893287250901793,0.11755703990621486
band_supplement_300_20260808_001:S000018,band_supplement_300_20260808_001,S000018,test,TOPO-0235,1,B5,0.12270035990854923,0.142199019847968,0.01949865993941878
band_supplement_300_20260808_001:S000047,band_supplement_300_20260808_001,S000047,test,TOPO-0198,2,B4,0.16001607295255132,0.18063154009654386,0.02061546714399254
band_supplement_300_20260808_001:S000048,band_supplement_300_20260808_001,S000048,test,TOPO-0198,2,B5,0.1429144820374739,0.17671929873316505,0.03380481669569116
band_supplement_300_20260808_001:S000054,band_supplement_300_20260808_001,S000054,test,TOPO-0235,2,B2,0.16793124303885948,0.1214356148985714,-0.046495628140288084
band_supplement_300_20260808_001:S000066,band_supplement_300_20260808_001,S000066,test,TOPO-0071,3,B3,0.290335176106028,0.3056369344438076,0.01530175833777958
band_supplement_300_20260808_001:S000067,band_supplement_300_20260808_001,S000067,test,TOPO-0071,3,B3,0.28895836921620727,0.26295954876195043,-0.025998820454256832
band_supplement_300_20260808_001:S000068,band_supplement_300_20260808_001,S000068,test,TOPO-0086,3,B3,0.15681631900060952,0.2687635193630392,0.1119472003624297
band_supplement_300_20260808_001:S000078,band_supplement_300_20260808_001,S000078,test,TOPO-0198,3,B5,0.14882288112562506,0.1531023315430414,0.004279450417416342
band_supplement_300_20260808_001:S000080,band_supplement_300_20260808_001,S000080,test,TOPO-0198,3,B4,0.14926785791988137,0.18746849855514428,0.038200640635262906
band_supplement_300_20260808_001:S000095,band_supplement_300_20260808_001,S000095,test,TOPO-0444,4,B2,0.28585225699174366,0.3117081146124954,0.025855857620751765
band_supplement_300_20260808_001:S000104,band_supplement_300_20260808_001,S000104,test,TOPO-0086,4,B2,0.19097121553939966,0.27288842929439777,0.08191721375499811
band_supplement_300_20260808_001:S000106,band_supplement_300_20260808_001,S000106,test,TOPO-0198,4,B4,0.14832318474301454,0.23259799430941963,0.0842748095664051
band_supplement_300_20260808_001:S000112,band_supplement_300_20260808_001,S000112,test,TOPO-0198,4,B4,0.14949818125993364,0.3672674476080431,0.21776926634810945
band_supplement_300_20260808_001:S000135,band_supplement_300_20260808_001,S000135,test,TOPO-0198,5,B5,0.1452850280834242,0.24362779785411076,0.09834276977068657
band_supplement_300_20260808_001:S000157,band_supplement_300_20260808_001,S000157,test,TOPO-0071,6,B3,0.2851034191189643,0.24004855559697752,-0.04505486352198679
band_supplement_300_20260808_001:S000165,band_supplement_300_20260808_001,S000165,test,TOPO-0198,6,B5,0.14921269441095772,0.20758625420275062,0.0583735597917929
band_supplement_300_20260808_001:S000166,band_supplement_300_20260808_001,S000166,test,TOPO-0198,6,B5,0.1386547427138483,0.20009056864443459,0.061435825930586274
band_supplement_300_20260808_001:S000169,band_supplement_300_20260808_001,S000169,test,TOPO-0198,6,B5,0.15136391818292178,0.1728035621331187,0.02143964395019693
band_supplement_300_20260808_001:S000170,band_supplement_300_20260808_001,S000170,test,TOPO-0474,6,B1,0.33197906877938066,0.09672622041744695,-0.23525284836193372
band_supplement_300_20260808_001:S000173,band_supplement_300_20260808_001,S000173,test,TOPO-0477,6,B1,0.47160496667144236,0.23853966192760337,-0.233065304743839
band_supplement_300_20260808_001:S000186,band_supplement_300_20260808_001,S000186,test,TOPO-0071,7,B2,0.29205349568221073,0.22058658543749726,-0.07146691024471347
band_supplement_300_20260808_001:S000195,band_supplement_300_20260808_001,S000195,test,TOPO-0198,7,B4,0.16095064310956167,0.2227128016840488,0.061762158574487136
band_supplement_300_20260808_001:S000196,band_supplement_300_20260808_001,S000196,test,TOPO-0198,7,B4,0.14896052201483193,0.1506851177094104,0.0017245956945784735
band_supplement_300_20260808_001:S000199,band_supplement_300_20260808_001,S000199,test,TOPO-0198,7,B5,0.14895435304967714,0.2810294018744991,0.13207504882482196
band_supplement_300_20260808_001:S000218,band_supplement_300_20260808_001,S000218,test,TOPO-0488,8,B1,0.4114380341120174,0.21893027187005007,-0.19250776224196733
band_supplement_300_20260808_001:S000226,band_supplement_300_20260808_001,S000226,test,TOPO-0198,8,B4,0.16424876883918724,0.2906119682348849,0.12636319939569765
band_supplement_300_20260808_001:S000229,band_supplement_300_20260808_001,S000229,test,TOPO-0198,8,B5,0.14806972140546265,0.2848368167530636,0.13676709534760095
band_supplement_300_20260808_001:S000230,band_supplement_300_20260808_001,S000230,test,TOPO-0198,8,B5,0.13906453752734166,0.21446808961860225,0.0754035520912606
band_supplement_300_20260808_001:S000255,band_supplement_300_20260808_001,S000255,test,TOPO-0198,9,B4,0.1659570619335427,0.18851802372950183,0.022560961795959122
band_supplement_300_20260808_001:S000258,band_supplement_300_20260808_001,S000258,test,TOPO-0198,9,B4,0.5010374310898547,0.4337359704193079,-0.06730146067054676
band_supplement_300_20260808_001:S000261,band_supplement_300_20260808_001,S000261,test,TOPO-0198,9,B5,0.1472823338786348,0.2782723591911488,0.130990025312514
band_supplement_300_20260808_001:S000266,band_supplement_300_20260808_001,S000266,test,TOPO-0509,9,B7,0.12013188651904619,0.10104592473569567,-0.019085961783350522
band_supplement_300_20260808_001:S000267,band_supplement_300_20260808_001,S000267,test,TOPO-0509,9,B7,0.1195726894725231,0.11683305663955182,-0.002739632832971281
band_supplement_300_20260808_001:S000271,band_supplement_300_20260808_001,S000271,test,TOPO-0509,9,B7,0.12015362331934354,0.1128261173238916,-0.007327505995451941
band_supplement_300_20260808_001:S000276,band_supplement_300_20260808_001,S000276,test,TOPO-0513,10,B1,0.3158532714038493,0.24766271947325236,-0.06819055193059692
band_supplement_300_20260808_001:S000287,band_supplement_300_20260808_001,S000287,test,TOPO-0198,10,B5,0.14460506423186875,0.2430070744371685,0.09840201020529976
band_supplement_300_20260808_001:S000288,band_supplement_300_20260808_001,S000288,test,TOPO-0198,10,B6,0.1880868926647307,0.2838131002021577,0.09572620753742703
band_supplement_300_20260808_001:S000289,band_supplement_300_20260808_001,S000289,test,TOPO-0521,10,B1,0.4472877122317387,0.24964303892851225,-0.19764467330322644
band_supplement_300_20260808_001:S000290,band_supplement_300_20260808_001,S000290,test,TOPO-0198,10,B4,0.43092400404619213,0.35324455809789934,-0.07767944594829279
band_supplement_300_20260808_001:S000292,band_supplement_300_20260808_001,S000292,test,TOPO-0198,10,B4,0.15104219823091503,0.2815918288258551,0.13054963059494007
band_supplement_300_20260808_001:S000296,band_supplement_300_20260808_001,S000296,test,TOPO-0509,10,B7,0.11959444668296158,0.13907118613081287,0.01947673944785129
band_supplement_300_20260808_001:S000297,band_supplement_300_20260808_001,S000297,test,TOPO-0509,10,B7,0.12054900857320314,0.1373230065181653,0.016773997944962177
band_supplement_300_20260808_001:S000298,band_supplement_300_20260808_001,S000298,test,TOPO-0509,10,B7,0.11359354883523518,0.11833969243706409,0.004746143601828914
band_supplement_300_20260808_001:S000299,band_supplement_300_20260808_001,S000299,test,TOPO-0509,10,B7,0.1190115534625932,0.15169683309733523,0.03268527963474202
